subtaskID,datapointID,answer
1,0,58.123811
1,1,1.409503
1,2,32.113433
1,3,0.066107
1,4,232.582498
1,5,2.678306
1,6,185.313309
1,7,142.963856
1,8,127.647455
1,9,165.007249
1,10,105.606495
1,11,2.539448
1,12,33.469409
1,13,105.709105
1,14,4.699883
1,15,64.956986
1,16,43.449893
1,17,46.310328
1,18,194.287074
1,19,495.564129
1,20,6.950348
1,21,45.140806
1,22,204.010065
1,23,55.897283
1,24,111.063527
1,25,3.903662
1,26,36.690043
1,27,37.121374
1,28,6.092926
1,29,4.312826
1,30,260.251584
1,31,6.017037
1,32,70.597366
1,33,600.876465
1,34,3.614334
1,35,131.119176
1,36,5.910651
1,37,185.539477
1,38,13.015683
1,39,126.262322
1,40,6.140951
1,41,254.813724
1,42,41.459400
1,43,160.792526
1,44,339.491674
1,45,5.622725
1,46,6.142863
1,47,453.312941
1,48,9.070122
1,49,54.096799
1,50,24.018332
1,51,130.376526
1,52,130.069871
1,53,5.825723
1,54,102.573556
1,55,29.228523
1,56,103.560513
1,57,128.215135
1,58,12.600273
1,59,474.677809
1,60,6.175409
1,61,129.720122
1,62,5.625652
1,63,126.611416
1,64,56.630954
1,65,111.054861
1,66,3.843837
1,67,35.802197
1,68,35.816887
1,69,235.904096
1,70,5.582876
1,71,239.667640
1,72,5.055327
1,73,204.044169
1,74,257.991422
1,75,184.769716
1,76,34.189589
1,77,22.470234
1,78,3.822119
1,79,223.878628
1,80,5.519511
1,81,445.900332
1,82,85.035745
1,83,138.028886
1,84,4.925349
1,85,108.116756
1,86,28.157006
1,87,41.207015
1,88,161.641148
1,89,160.618282
1,90,368.677412
1,91,3.216608
1,92,15.077368
1,93,220.610824
1,94,79.572975
1,95,137.053940
1,96,113.253191
1,97,155.423775
1,98,88.818012
1,99,1.103079
1,100,133.596343
1,101,2.193541
1,102,220.821779
1,103,49.070752
1,104,123.438430
1,105,5.486350
1,106,25.018069
1,107,106.162767
1,108,1.998380
1,109,67.607801
1,110,345.783285
1,111,4.659344
1,112,214.875669
1,113,3.521070
1,114,28.147789
1,115,213.862051
1,116,391.414629
1,117,227.791978
1,118,48.747925
1,119,3.667543
1,120,21.177587
1,121,3.730936
1,122,74.563237
1,123,161.100843
1,124,176.115854
1,125,26.508288
1,126,342.724552
1,127,3.388409
1,128,29.906888
1,129,34.410659
1,130,136.564532
1,131,3.897422
1,132,92.914226
1,133,4.273981
1,134,24.834066
1,135,3.197262
1,136,112.477792
1,137,201.801272
1,138,243.457432
1,139,302.054614
1,140,187.371513
1,141,30.031797
1,142,19.278998
1,143,136.096866
1,144,344.298058
1,145,417.795269
1,146,3.842123
1,147,285.120488
1,148,2.229705
1,149,183.802146
1,150,129.176798
1,151,2.548729
1,152,78.280564
1,153,292.156433
1,154,66.785493
1,155,223.709200
1,156,288.884259
1,157,238.380957
1,158,357.721816
1,159,22.068248
1,160,35.027136
1,161,280.983169
1,162,8.144636
1,163,27.177336
1,164,23.178939
1,165,7.271096
1,166,185.206020
1,167,1.023792
1,168,110.864474
1,169,85.452229
1,170,89.347546
1,171,206.630224
1,172,256.979267
1,173,2.594615
1,174,69.836967
1,175,10.071014
1,176,192.411329
1,177,3.077753
1,178,147.795630
1,179,6.128616
1,180,256.753600
1,181,154.070924
1,182,4.664864
1,183,285.861939
1,184,149.518581
1,185,201.468496
1,186,342.762704
1,187,276.715817
1,188,5.000790
1,189,216.660260
1,190,3.829811
1,191,115.393478
1,192,284.886000
1,193,3.642569
1,194,41.722288
1,195,148.086646
1,196,14.247784
1,197,48.728656
1,198,3.705694
1,199,722.816750
1,200,3.718246
1,201,234.315354
1,202,7.203876
1,203,218.836665
1,204,5.268283
1,205,44.963640
1,206,278.645943
1,207,290.629448
1,208,4.063643
1,209,2.698384
1,210,173.265332
1,211,3.689697
1,212,229.460954
1,213,3.670477
1,214,44.707728
1,215,318.745346
1,216,5.149152
1,217,351.837199
1,218,4.827385
1,219,175.737782
1,220,27.013914
1,221,52.981969
1,222,86.076856
1,223,106.346217
1,224,15.421065
1,225,81.350535
1,226,222.005487
1,227,3.456165
1,228,51.493853
1,229,74.929319
1,230,122.688511
1,231,25.776904
1,232,5.357011
1,233,158.761918
1,234,99.583427
1,235,2.947630
1,236,101.214983
1,237,47.358946
1,238,161.494505
1,239,17.448176
1,240,2.105522
1,241,197.331443
1,242,24.273749
1,243,47.590430
1,244,77.205838
1,245,95.202127
1,246,44.442549
1,247,236.574199
1,248,13.507955
1,249,35.324295
1,250,2.936787
1,251,45.285245
1,252,2.887183
1,253,69.877284
1,254,1.852651
1,255,2.812217
1,256,119.804576
1,257,93.112088
1,258,159.813591
1,259,135.814747
1,260,20.018815
1,261,181.439048
1,262,2.476247
1,263,100.569353
1,264,5.225547
1,265,58.321385
1,266,111.754019
1,267,61.259675
1,268,21.654183
1,269,80.696406
1,270,182.720834
1,271,36.992660
1,272,184.977118
1,273,205.975579
1,274,146.368484
1,275,95.573709
1,276,2.231464
1,277,165.955685
1,278,2.459098
1,279,82.005165
1,280,133.828665
1,281,142.698998
1,282,1.834377
1,283,239.173800
1,284,150.995168
1,285,62.705576
1,286,108.637597
1,287,253.720583
1,288,9.234490
1,289,5.146782
1,290,4.640017
1,291,119.642011
1,292,81.788613
1,293,166.479477
1,294,121.825329
1,295,244.897247
1,296,84.645589
1,297,29.122323
1,298,368.338053
1,299,2.333101
1,300,112.738305
1,301,223.722995
1,302,278.461224
1,303,224.655214
1,304,335.042149
1,305,3.540368
1,306,104.985269
1,307,324.255617
1,308,6.896247
1,309,105.053549
1,310,324.185695
1,311,266.377718
1,312,267.872314
1,313,224.930477
1,314,6.862243
1,315,278.523929
1,316,172.631205
1,317,194.442564
1,318,8.090968
1,319,52.051466
1,320,124.396027
1,321,263.242014
1,322,220.649423
1,323,2.296640
1,324,326.546215
1,325,3.647266
1,326,324.329822
1,327,298.854029
1,328,321.947282
1,329,2.227530
1,330,1.899305
1,331,164.686597
1,332,3.288167
1,333,107.183385
1,334,21.393302
1,335,57.455536
1,336,9.502696
1,337,123.658535
1,338,33.754543
1,339,28.826416
1,340,1.001553
1,341,15.226303
1,342,147.706049
1,343,10.318210
1,344,58.084195
1,345,92.641113
1,346,19.954604
1,347,2.174095
1,348,178.102999
1,349,297.387155
1,350,100.053499
1,351,20.676213
1,352,23.499873
1,353,13.247560
1,354,71.651332
1,355,111.815548
1,356,4.124656
1,357,156.410454
1,358,3.126823
1,359,46.148146
1,360,2.157718
1,361,14.344281
1,362,83.560042
1,363,162.979419
1,364,60.435281
1,365,204.255461
1,366,73.167954
1,367,11.630684
1,368,121.078741
1,369,171.166407
1,370,21.920582
1,371,99.855955
1,372,121.269923
1,373,258.039515
1,374,82.799773
1,375,82.817370
1,376,3.375621
1,377,376.432409
1,378,2.295318
1,379,115.338134
1,380,2.942105
1,381,50.551230
1,382,34.381294
1,383,215.409787
1,384,3.334271
1,385,64.803716
1,386,154.685249
1,387,150.947241
1,388,121.897809
1,389,189.242174
1,390,1.381124
1,391,274.232043
1,392,226.111974
1,393,296.677928
1,394,86.985799
1,395,84.846166
1,396,1.705081
1,397,2.259751
1,398,190.050657
1,399,98.782235
1,400,233.229632
1,401,244.986552
1,402,138.793817
1,403,233.104356
1,404,234.942916
1,405,10.775394
1,406,249.625974
1,407,94.054028
1,408,410.272427
1,409,221.613168
1,410,136.328480
1,411,277.210909
1,412,3.214496
1,413,285.469870
1,414,276.960725
1,415,363.143641
1,416,331.709146
1,417,66.670635
1,418,115.083991
1,419,432.635225
1,420,3.124608
1,421,35.482327
1,422,118.270906
1,423,367.403937
1,424,331.986199
1,425,176.610155
1,426,390.768488
1,427,243.541309
1,428,5.372972
1,429,5.737498
1,430,356.753410
1,431,18.129331
1,432,245.870578
1,433,474.839550
1,434,3.776428
1,435,475.182317
1,436,5.425915
1,437,38.304590
1,438,79.831615
1,439,179.442594
1,440,179.244740
1,441,59.136928
1,442,67.238974
1,443,1.147132
1,444,88.116268
1,445,113.417986
1,446,2.288631
1,447,2.757849
1,448,211.711116
1,449,153.732726
1,450,3.448323
1,451,208.812287
1,452,86.270508
1,453,289.857868
1,454,2.597922
1,455,90.103935
1,456,4.357603
1,457,367.092450
1,458,30.127827
1,459,255.500883
1,460,224.394631
1,461,189.267095
1,462,149.999657
1,463,372.927554
1,464,174.029334
1,465,604.177112
1,466,344.483670
1,467,724.352512
1,468,3.400800
1,469,108.332629
1,470,5.320579
1,471,445.300923
1,472,431.883992
1,473,9.985918
1,474,115.788342
1,475,4.847928
1,476,116.466440
1,477,45.089083
1,478,71.860301
1,479,5.167437
1,480,315.527711
1,481,5.179677
1,482,307.104814
1,483,3.597322
1,484,5.183658
1,485,381.204397
1,486,87.641068
1,487,302.155189
1,488,19.926460
1,489,9.872062
1,490,25.494442
1,491,58.667947
1,492,233.493533
1,493,2.528392
1,494,225.390683
1,495,2.870081
1,496,3.280621
1,497,273.697491
1,498,6.613339
1,499,288.505057
1,500,274.893729
1,501,5.041172
1,502,187.053066
1,503,215.708182
1,504,2.995628
1,505,57.604198
1,506,4.249768
1,507,314.351357
1,508,368.527626
1,509,287.809064
1,510,563.244989
1,511,78.833102
1,512,170.755667
1,513,193.545622
1,514,130.446328
1,515,272.722299
1,516,186.638957
1,517,91.044320
1,518,4.205245
1,519,91.845208
1,520,73.051903
1,521,347.663615
1,522,6.462805
1,523,94.278103
1,524,488.909765
1,525,3.412062
1,526,490.216528
1,527,9.326061
1,528,344.265958
1,529,227.960994
1,530,32.929044
1,531,4.948458
1,532,112.867808
1,533,5.383762
1,534,192.071926
1,535,89.153561
1,536,47.788199
1,537,85.356931
1,538,3.875848
1,539,76.470426
1,540,250.762662
1,541,134.640054
1,542,98.119820
1,543,5.466794
1,544,49.450842
1,545,137.789317
1,546,247.335830
1,547,167.976562
1,548,2.522742
1,549,98.497379
1,550,165.414397
1,551,3.801405
1,552,136.611353
1,553,2.698459
1,554,4.051852
1,555,254.276228
1,556,3.305372
1,557,16.709917
1,558,4.458238
1,559,127.211225
1,560,39.495293
1,561,3.278396
1,562,106.582799
1,563,118.405489
1,564,4.548871
1,565,276.942313
1,566,12.497260
1,567,4.626081
1,568,280.365183
1,569,3.210537
1,570,233.632077
1,571,313.609343
1,572,31.515245
1,573,491.806752
1,574,4.717790
1,575,181.541647
1,576,97.035287
1,577,423.330928
1,578,63.492672
1,579,104.046208
1,580,337.887969
1,581,41.858731
1,582,271.593947
1,583,4.701973
1,584,594.895528
1,585,3.224923
1,586,4.672085
1,587,487.382248
1,588,438.983750
1,589,36.345076
1,590,141.058043
1,591,95.196738
1,592,583.518123
1,593,4.566785
1,594,100.818597
1,595,8.600951
1,596,318.701801
1,597,210.171875
1,598,32.453441
1,599,258.991201
1,600,175.474031
1,601,84.757653
1,602,228.479470
1,603,75.803160
1,604,370.141332
1,605,279.845236
1,606,382.724217
1,607,423.698154
1,608,152.303805
1,609,4.199612
1,610,219.776160
1,611,181.082754
1,612,281.897054
1,613,322.054059
1,614,5.698747
1,615,318.481836
1,616,221.988042
1,617,272.324569
1,618,261.026022
1,619,502.601889
1,620,69.157179
1,621,147.737329
1,622,177.407318
1,623,22.023860
1,624,352.504397
1,625,172.911554
1,626,10.970051
1,627,31.761550
1,628,0.724442
1,629,14.035088
1,630,107.024768
1,631,42.172741
1,632,129.451863
1,633,2.583778
1,634,1.519663
1,635,4.715834
1,636,13.777659
1,637,79.291904
1,638,81.607230
1,639,3.423877
1,640,50.306647
1,641,3.755312
1,642,193.484684
1,643,26.161745
1,644,112.385375
1,645,0.574780
1,646,83.454888
1,647,5.386339
1,648,195.351992
1,649,4.152265
1,650,57.911186
1,651,2.511922
1,652,201.959425
1,653,61.813975
1,654,123.540641
1,655,90.902671
1,656,10.795849
1,657,64.804770
1,658,4.731163
1,659,232.883304
1,660,443.449465
1,661,0.749757
1,662,113.417031
1,663,10.837995
1,664,10.246961
1,665,33.246581
1,666,3.095860
1,667,14.009529
1,668,3.331231
1,669,202.049593
1,670,4.916578
1,671,33.908213
1,672,77.834629
1,673,210.109683
1,674,4.478540
1,675,82.209151
1,676,23.306921
1,677,152.218987
1,678,9.991143
1,679,63.128653
1,680,4.701861
1,681,9.902886
1,682,205.759399
1,683,18.497680
1,684,169.312818
1,685,31.555627
1,686,7.230450
1,687,131.153260
1,688,201.424930
1,689,200.616581
1,690,372.350019
1,691,28.483034
1,692,2.846382
1,693,28.223794
1,694,196.272599
1,695,208.579721
1,696,141.880046
1,697,4.054225
1,698,85.111817
1,699,2.719700
1,700,139.032086
1,701,114.489952
1,702,39.056246
1,703,243.103760
1,704,3.871540
1,705,88.750558
1,706,49.292444
1,707,115.346597
1,708,1.450642
1,709,233.726224
1,710,56.618941
1,711,28.647507
1,712,172.438842
1,713,2.678735
1,714,57.692183
1,715,2.768403
1,716,17.378229
1,717,8.716902
1,718,85.531877
1,719,211.141050
1,720,3.355513
1,721,435.139111
1,722,42.475663
1,723,0.771786
1,724,23.349386
1,725,105.484816
1,726,1.133055
1,727,55.309267
1,728,221.899031
1,729,1.225102
1,730,98.945438
1,731,327.459696
1,732,198.102859
1,733,142.089646
1,734,152.656267
1,735,3.096604
1,736,46.511045
1,737,3.513079
1,738,179.096949
1,739,110.488984
1,740,164.942952
1,741,174.631800
1,742,219.722336
1,743,3.813201
1,744,109.224890
1,745,134.626394
1,746,2.577670
1,747,177.794720
1,748,186.944739
1,749,8.944319
1,750,93.710333
1,751,3.752113
1,752,94.638214
1,753,105.913481
1,754,7.736733
1,755,46.835941
1,756,4.208409
1,757,76.171440
1,758,22.903323
1,759,194.807634
1,760,4.095181
1,761,56.804671
1,762,220.387565
1,763,3.011117
1,764,96.737022
1,765,301.170655
1,766,4.246646
1,767,96.559585
1,768,92.367927
1,769,497.416344
1,770,4.221388
1,771,67.706267
1,772,178.407725
1,773,31.009596
1,774,17.314429
1,775,90.982099
1,776,295.531236
1,777,294.685470
1,778,5.292928
1,779,189.857158
1,780,6.216485
1,781,35.944455
1,782,302.544433
1,783,3.890969
1,784,231.609703
1,785,4.215363
1,786,28.569449
1,787,12.728964
1,788,339.138993
1,789,3.909134
1,790,30.108528
1,791,234.499926
1,792,289.804451
1,793,286.530229
1,794,163.620320
1,795,0.000000
1,796,121.339562
1,797,75.032350
1,798,149.978801
1,799,9.858188
1,800,100.535693
1,801,255.766380
1,802,10.490190
1,803,291.308918
1,804,217.626373
1,805,61.115787
1,806,188.683585
1,807,5.612941
1,808,134.540730
1,809,20.318340
1,810,6.574455
1,811,144.926714
1,812,43.786748
1,813,146.621855
1,814,387.956311
1,815,386.794195
1,816,505.366408
1,817,16.622109
1,818,480.325279
1,819,7.189109
1,820,129.972584
1,821,5.170521
1,822,7.592015
1,823,193.678834
1,824,176.433190
1,825,8.097166
1,826,325.829996
1,827,17.641518
1,828,100.089082
1,829,528.479206
1,830,315.255666
1,831,44.565004
1,832,16.400303
1,833,330.245088
1,834,191.485772
1,835,206.586932
1,836,6.784141
1,837,380.711451
1,838,330.140958
1,839,135.562493
1,840,48.751707
1,841,96.243401
1,842,196.946196
1,843,100.163340
1,844,56.245592
1,845,326.620911
1,846,227.971612
1,847,5.299668
1,848,115.716710
1,849,113.748420
1,850,153.183518
1,851,398.861974
1,852,118.772625
1,853,12.522624
1,854,317.898029
1,855,6.461185
1,856,11.006153
1,857,91.870596
1,858,7.397352
1,859,215.406659
1,860,246.220911
1,861,1.679635
1,862,19.483242
1,863,40.290774
1,864,3.285024
1,865,81.542285
1,866,9.287974
1,867,129.376444
1,868,4.453115
1,869,207.411451
1,870,36.391855
1,871,5.286776
1,872,166.985659
1,873,173.881737
1,874,3.947886
1,875,3.565695
1,876,185.280242
1,877,64.546646
1,878,193.129947
1,879,133.219863
1,880,86.748648
1,881,443.944764
1,882,108.020668
1,883,4.148027
1,884,78.991658
1,885,91.508945
1,886,386.040015
1,887,44.966759
1,888,293.430421
1,889,150.093993
1,890,7.678688
1,891,50.484836
1,892,5.055264
1,893,16.882977
1,894,182.236495
1,895,447.249756
1,896,187.954476
1,897,7.873234
1,898,49.592500
1,899,5.506739
1,900,511.258454
1,901,7.289129
1,902,157.803979
1,903,122.803437
1,904,184.189234
1,905,46.969792
1,906,192.007362
1,907,305.578211
1,908,7.255166
1,909,4.526408
1,910,261.463141
1,911,9.384426
1,912,11.721361
1,913,228.978841
1,914,6.368105
1,915,298.785403
1,916,6.327356
1,917,385.009808
1,918,146.900849
1,919,233.070012
1,920,28.135631
1,921,223.379411
1,922,1.538484
1,923,150.615264
1,924,27.695373
1,925,82.128521
1,926,61.456872
1,927,16.029275
1,928,368.989512
1,929,4.734702
1,930,53.634513
1,931,145.362499
1,932,26.676602
1,933,741.188960
1,934,6.747682
1,935,198.478478
1,936,226.676359
1,937,9.091090
1,938,32.850067
1,939,197.943116
1,940,35.363497
1,941,8.281693
1,942,106.199875
1,943,83.052879
1,944,4.340008
1,945,33.529888
1,946,3.214771
1,947,65.632043
1,948,232.498287
1,949,37.204743
1,950,453.687707
1,951,42.958069
1,952,473.885605
1,953,259.365692
1,954,210.828813
1,955,163.156360
1,956,5.448585
1,957,25.307439
1,958,85.507571
1,959,186.217161
1,960,15.318447
1,961,137.076299
1,962,26.585100
1,963,279.440150
1,964,282.330387
1,965,48.063182
1,966,11.631928
1,967,4.803317
1,968,511.700513
1,969,310.378380
1,970,4.866089
1,971,212.246593
1,972,16.347946
1,973,304.671557
1,974,294.105040
1,975,6.965982
1,976,314.584738
1,977,14.599557
1,978,214.034456
1,979,4.930673
1,980,47.492006
1,981,5.264635
1,982,657.329969
1,983,6.954482
1,984,76.925495
1,985,96.923798
1,986,50.298851
1,987,47.050513
1,988,302.383923
1,989,4.848325
1,990,210.499667
1,991,71.432414
1,992,461.284900
1,993,91.052156
1,994,46.454287
1,995,93.458566
1,996,27.037217
1,997,316.113072
1,998,421.658242
1,999,8.632326
1,1000,271.089349
1,1001,7.669861
1,1002,15.458870
1,1003,209.726859
1,1004,38.239827
1,1005,25.331914
1,1006,25.892259
1,1007,66.425159
1,1008,139.157563
1,1009,3.881768
1,1010,535.768941
1,1011,14.765762
1,1012,423.673251
1,1013,4.300921
1,1014,68.567636
1,1015,9.249316
1,1016,4.213884
1,1017,36.626992
1,1018,9.764478
1,1019,18.461430
1,1020,262.660548
1,1021,4.354414
1,1022,259.510120
1,1023,555.355303
1,1024,39.923505
1,1025,5.722242
1,1026,77.145026
1,1027,183.630284
1,1028,5.520792
1,1029,181.694885
1,1030,3.315432
1,1031,121.469564
1,1032,5.072745
1,1033,37.602506
1,1034,443.861064
1,1035,296.143849
1,1036,5.181094
1,1037,67.010682
1,1038,27.759041
1,1039,222.128284
1,1040,5.185958
1,1041,218.984622
1,1042,4.925219
1,1043,106.954130
1,1044,3.341606
1,1045,53.488260
1,1046,24.039040
1,1047,126.267300
1,1048,58.306038
1,1049,2.530012
1,1050,47.305689
1,1051,66.294105
1,1052,131.886887
1,1053,373.946358
1,1054,32.921094
1,1055,167.134694
1,1056,4.821688
1,1057,177.484754
1,1058,10.569720
1,1059,112.104454
1,1060,3.956492
1,1061,117.128720
1,1062,3.875387
1,1063,13.591367
1,1064,123.290444
1,1065,7.684801
1,1066,9.798044
1,1067,18.863789
1,1068,104.819719
1,1069,5.485798
1,1070,30.299317
1,1071,4.424935
1,1072,233.435344
1,1073,28.838524
1,1074,20.002179
1,1075,356.010117
1,1076,21.357271
1,1077,6.211730
1,1078,211.948227
1,1079,176.104130
1,1080,13.660542
1,1081,53.299623
1,1082,4.683546
1,1083,157.594070
1,1084,19.878871
1,1085,45.942709
1,1086,453.711416
1,1087,5.937055
1,1088,15.794536
1,1089,243.800191
1,1090,251.732716
1,1091,10.412367
1,1092,145.616781
1,1093,7.215929
1,1094,85.520858
1,1095,6.284938
1,1096,313.179812
1,1097,445.624661
1,1098,7.136273
1,1099,375.063696
1,1100,7.094026
1,1101,118.255435
1,1102,412.826718
1,1103,286.143275
1,1104,8.406375
1,1105,86.703711
1,1106,41.113991
1,1107,6.573303
1,1108,150.958720
1,1109,5.596581
1,1110,429.704690
1,1111,7.307676
1,1112,343.153787
1,1113,25.104289
1,1114,5.385843
1,1115,199.500367
1,1116,336.835212
1,1117,197.088369
1,1118,5.330730
1,1119,9.381724
1,1120,330.101304
1,1121,201.472240
1,1122,10.914995
1,1123,250.565573
1,1124,40.527643
1,1125,18.254971
1,1126,685.602531
1,1127,15.386281
1,1128,4.993786
1,1129,389.651119
1,1130,88.145604
1,1131,611.353891
1,1132,3.814308
1,1133,246.625872
1,1134,69.229089
1,1135,177.798751
1,1136,5.787568
1,1137,94.472662
1,1138,61.942920
1,1139,97.692562
1,1140,149.702198
1,1141,129.963894
1,1142,3.222582
1,1143,25.042285
1,1144,5.769806
1,1145,124.166234
1,1146,32.797559
1,1147,192.528673
1,1148,4.850180
1,1149,117.287269
1,1150,11.649064
1,1151,282.165341
1,1152,4.482827
1,1153,188.312792
1,1154,131.716232
1,1155,5.605819
1,1156,314.833664
1,1157,98.781931
1,1158,112.728684
1,1159,277.115008
1,1160,4.377976
1,1161,222.882237
1,1162,154.695037
1,1163,82.084336
1,1164,692.735658
1,1165,42.550901
1,1166,200.386337
1,1167,6.405864
1,1168,193.835607
1,1169,151.772074
1,1170,46.357755
1,1171,5.602331
1,1172,196.470875
1,1173,127.031443
1,1174,156.347784
1,1175,116.009666
1,1176,8.625115
1,1177,298.270919
1,1178,125.976734
1,1179,4.807190
1,1180,238.440900
1,1181,120.120188
1,1182,137.172616
1,1183,103.519002
1,1184,216.137734
1,1185,486.276415
1,1186,46.751424
1,1187,4.763137
1,1188,348.373747
1,1189,6.301985
1,1190,138.536344
1,1191,4.402062
1,1192,345.003547
1,1193,4.372186
1,1194,6.286648
1,1195,192.568219
1,1196,441.583736
1,1197,5.445282
1,1198,51.486797
1,1199,5.770293
1,1200,249.475738
1,1201,19.733381
1,1202,36.749827
1,1203,38.724339
1,1204,81.070707
1,1205,160.065072
1,1206,10.174571
1,1207,5.182076
1,1208,13.896352
1,1209,322.512924
1,1210,5.742333
1,1211,148.900563
1,1212,5.033680
1,1213,254.412653
1,1214,12.356242
1,1215,251.672191
1,1216,87.817778
1,1217,317.980828
1,1218,26.022270
1,1219,7.119494
1,1220,317.103766
1,1221,40.114750
1,1222,176.456405
1,1223,73.184569
1,1224,144.349621
1,1225,59.542329
1,1226,2.767563
1,1227,171.014869
1,1228,96.557141
1,1229,222.554587
1,1230,117.000243
1,1231,176.062387
1,1232,369.451961
1,1233,378.852129
1,1234,4.223293
1,1235,260.120626
1,1236,5.168353
1,1237,518.150613
1,1238,5.171470
1,1239,373.042027
1,1240,91.484766
1,1241,565.641118
1,1242,5.873700
1,1243,101.482357
1,1244,567.526196
1,1245,19.869639
1,1246,531.094897
1,1247,243.868999
1,1248,475.104107
1,1249,3.861009
1,1250,324.511729
1,1251,521.434389
1,1252,506.643980
1,1253,6.666566
1,1254,287.079321
1,1255,276.818801
1,1256,88.359887
1,1257,6.801092
1,1258,362.013350
1,1259,325.926654
1,1260,292.985262
1,1261,9.129899
1,1262,632.836064
1,1263,6.899952
1,1264,115.087430
1,1265,634.418038
1,1266,214.533785
1,1267,634.503137
1,1268,6.684417
1,1269,365.658405
1,1270,720.129496
1,1271,4.698011
1,1272,213.605604
1,1273,541.575202
1,1274,242.368133
1,1275,399.648870
1,1276,377.630959
1,1277,4.635292
1,1278,375.797765
1,1279,83.932335
1,1280,123.416866
1,1281,83.981250
1,1282,323.275474
1,1283,4.854531
1,1284,525.940192
1,1285,164.266696
1,1286,7.454903
1,1287,137.892570
1,1288,363.292708
1,1289,27.820612
1,1290,517.631238
1,1291,159.688390
1,1292,151.157132
1,1293,2.204929
1,1294,99.078890
1,1295,22.182024
1,1296,140.772254
1,1297,3.551702
1,1298,328.757793
1,1299,26.219588
1,1300,7.161444
1,1301,14.387632
1,1302,484.576368
1,1303,4.789657
1,1304,2.981869
1,1305,61.701973
1,1306,244.523488
1,1307,716.339702
1,1308,379.721075
1,1309,3.851584
1,1310,468.802379
1,1311,5.897729
1,1312,106.664598
1,1313,38.063803
1,1314,329.224785
1,1315,5.976683
1,1316,520.024659
1,1317,4.264525
1,1318,421.199541
1,1319,101.853002
1,1320,532.894282
1,1321,6.238445
1,1322,177.991366
1,1323,42.740900
1,1324,541.154295
1,1325,4.453891
1,1326,543.839699
1,1327,115.988148
1,1328,252.756770
1,1329,609.646653
1,1330,636.887716
1,1331,6.612283
1,1332,110.791401
1,1333,610.544652
1,1334,3.958032
1,1335,453.009215
1,1336,259.017288
1,1337,377.104455
1,1338,366.064902
1,1339,6.354631
1,1340,433.915531
1,1341,282.896282
1,1342,103.911037
1,1343,628.435890
1,1344,6.488723
1,1345,108.658424
1,1346,597.210922
1,1347,4.363091
1,1348,47.241425
1,1349,507.835759
1,1350,615.330001
1,1351,269.405627
1,1352,135.022344
1,1353,189.660487
1,1354,4.203401
1,1355,124.585220
1,1356,140.715087
1,1357,7.295501
1,1358,217.270713
1,1359,3.629644
1,1360,286.585595
1,1361,71.587063
1,1362,451.579820
1,1363,4.573361
1,1364,83.191017
1,1365,471.459754
1,1366,5026.187465
1,1367,159.872886
1,1368,223.597464
1,1369,30.178718
1,1370,311.952777
1,1371,11.881149
1,1372,191.222050
1,1373,473.319245
1,1374,51.667168
1,1375,6.020658
1,1376,396.709059
1,1377,189.351690
1,1378,334.540889
1,1379,6.058662
1,1380,264.395907
1,1381,650.629056
1,1382,22.505522
1,1383,43.822014
1,1384,67.852461
1,1385,3.720804
1,1386,522.113280
1,1387,609.555239
1,1388,6.089055
1,1389,419.580036
1,1390,265.077536
1,1391,612.839333
1,1392,6.325300
1,1393,106.576863
1,1394,511.158737
1,1395,547.903228
1,1396,547.568762
1,1397,9.582082
1,1398,337.870075
1,1399,314.766635
1,1400,4.261357
1,1401,401.120407
1,1402,150.482585
1,1403,5.357406
1,1404,433.022991
1,1405,115.675941
1,1406,275.419186
1,1407,24.344140
1,1408,142.551313
1,1409,141.160033
1,1410,5.897292
1,1411,592.094344
1,1412,255.371113
1,1413,587.750842
1,1414,528.591077
1,1415,3.538874
1,1416,580.728038
1,1417,3.990595
1,1418,3.481469
1,1419,601.704658
1,1420,234.108173
1,1421,8.622721
1,1422,189.338474
1,1423,124.061145
1,1424,383.858518
1,1425,5.463801
1,1426,3.311504
1,1427,287.490054
1,1428,489.788837
1,1429,314.341411
1,1430,5.017065
1,1431,287.508575
1,1432,5.563683
1,1433,425.715648
1,1434,439.044151
1,1435,209.311935
1,1436,33.657645
1,1437,300.071127
1,1438,20.856008
1,1439,5.142130
1,1440,227.180811
1,1441,5.065502
1,1442,361.077382
1,1443,288.946175
1,1444,497.813116
1,1445,10.484061
1,1446,260.450900
1,1447,92.793229
1,1448,232.315175
1,1449,221.435021
1,1450,4.720430
1,1451,132.641823
1,1452,28.592164
1,1453,362.702051
1,1454,3.455106
1,1455,109.953311
1,1456,299.999439
1,1457,71.420319
1,1458,433.548791
1,1459,373.334808
1,1460,4.660049
1,1461,325.514012
1,1462,339.252908
1,1463,3.350257
1,1464,283.143221
1,1465,591.807668
1,1466,37.477190
1,1467,371.103571
1,1468,41.115212
1,1469,37.818576
1,1470,219.292971
1,1471,47.443111
1,1472,309.877575
1,1473,32.059824
1,1474,389.965743
1,1475,4.217550
1,1476,411.546323
1,1477,249.916506
1,1478,12.613565
1,1479,335.587389
1,1480,5.775457
1,1481,401.445390
1,1482,6.007847
1,1483,88.061244
1,1484,261.860712
1,1485,53.641971
1,1486,6.220833
1,1487,404.734298
1,1488,191.717058
1,1489,336.284298
1,1490,335.318738
1,1491,251.263504
1,1492,6.348770
1,1493,588.358114
1,1494,182.844268
1,1495,101.748203
1,1496,76.066331
1,1497,5.983456
1,1498,391.909335
1,1499,399.154260
1,1500,379.581936
1,1501,2.050347
1,1502,515.873132
1,1503,514.316005
1,1504,7.834090
1,1505,63.585683
1,1506,407.963940
1,1507,5.590473
1,1508,485.515042
1,1509,5.540462
1,1510,85.720445
1,1511,7.584543
1,1512,556.426201
1,1513,285.528013
1,1514,10.118835
1,1515,29.569443
1,1516,22.091047
1,1517,230.618994
1,1518,234.198521
1,1519,462.245107
1,1520,57.662181
1,1521,307.363183
1,1522,5.155527
1,1523,361.699736
1,1524,524.449871
1,1525,5.387876
1,1526,286.519090
1,1527,84.919301
1,1528,512.731596
1,1529,4.919064
1,1530,279.934042
1,1531,548.710183
1,1532,3.322100
1,1533,5.095179
1,1534,494.541848
1,1535,4.873774
1,1536,84.699746
1,1537,464.870646
1,1538,72.719669
1,1539,1700.875059
1,1540,89.257222
1,1541,67.218867
1,1542,131.484527
1,1543,224.055771
1,1544,2.505694
1,1545,1.546320
1,1546,155.055030
1,1547,329.698667
1,1548,3.298273
1,1549,214.969460
1,1550,4.123164
1,1551,370.572207
1,1552,317.996581
1,1553,4.446665
1,1554,72.396395
1,1555,5.342425
1,1556,250.818462
1,1557,353.106669
1,1558,4.815520
1,1559,348.335834
1,1560,84.692570
1,1561,431.209264
1,1562,5.283338
1,1563,236.136393
1,1564,512.967518
1,1565,443.829864
1,1566,49.412104
1,1567,5.536471
1,1568,313.517533
1,1569,85.854523
1,1570,1.202562
1,1571,157.185330
1,1572,113.196850
1,1573,290.095520
1,1574,2.761281
1,1575,57.981815
1,1576,340.062717
1,1577,214.577657
1,1578,48.946432
1,1579,345.322626
1,1580,2.587359
1,1581,36.226894
1,1582,194.935692
1,1583,4.362495
1,1584,100.877452
1,1585,4.715873
1,1586,474.547411
1,1587,8.717566
1,1588,278.415089
1,1589,35.831233
1,1590,30.367630
1,1591,231.551352
1,1592,1.692308
1,1593,90.024676
1,1594,5.205761
1,1595,298.003914
1,1596,3.803836
1,1597,120.445753
1,1598,5.517260
1,1599,237.813975
1,1600,17.107502
1,1601,5.254716
1,1602,32.042506
1,1603,124.461107
1,1604,57.420750
1,1605,9.969283
1,1606,522.033274
1,1607,5.333979
1,1608,449.033277
1,1609,315.058785
1,1610,8.848541
1,1611,177.446518
1,1612,4.729509
1,1613,16.891084
1,1614,468.170757
1,1615,5.324835
1,1616,3.964872
1,1617,232.941386
1,1618,5.295653
1,1619,175.760174
1,1620,14.397786
1,1621,5.255217
1,1622,164.755569
1,1623,317.996516
1,1624,173.555783
1,1625,149.099600
1,1626,117.117485
1,1627,498.860093
1,1628,5.303828
1,1629,503.536696
1,1630,215.913168
1,1631,5.056607
1,1632,565.932838
1,1633,306.967506
1,1634,561.208336
1,1635,30.367317
1,1636,117.252125
1,1637,27.307953
1,1638,225.031591
1,1639,72.791075
1,1640,13.288726
1,1641,91.175493
1,1642,3.527452
1,1643,153.443542
1,1644,4.700149
1,1645,28.859025
1,1646,111.457504
1,1647,39.685479
1,1648,106.837766
1,1649,0.000000
1,1650,31.248307
1,1651,1.644666
1,1652,143.545258
1,1653,1.551699
1,1654,68.482481
1,1655,2.961862
1,1656,151.743252
1,1657,11.095036
1,1658,3.338058
1,1659,22.686425
1,1660,91.607491
1,1661,13.316098
1,1662,7.509616
1,1663,95.036988
1,1664,4.118318
1,1665,139.545650
1,1666,260.129257
1,1667,4.385295
1,1668,24.763465
1,1669,87.053633
1,1670,3.397398
1,1671,417.905881
1,1672,4.707509
1,1673,407.705874
1,1674,499.675561
1,1675,3.344217
1,1676,164.446421
1,1677,217.042099
1,1678,8.230525
1,1679,167.031579
1,1680,4.418998
1,1681,15.992456
1,1682,446.378671
1,1683,5.053860
1,1684,3.769253
1,1685,224.493736
1,1686,5.088139
1,1687,170.466925
1,1688,13.981199
1,1689,5.103334
1,1690,161.172409
1,1691,216.770608
1,1692,5.102022
1,1693,572.124560
1,1694,524.759528
1,1695,3.524662
1,1696,169.992587
1,1697,222.712410
1,1698,309.567332
1,1699,169.096311
1,1700,145.391762
1,1701,114.295976
1,1702,487.313139
1,1703,5.162999
1,1704,492.635870
1,1705,4.691844
1,1706,3.664422
1,1707,158.410888
1,1708,4.894062
1,1709,29.928683
1,1710,115.683552
1,1711,86.995509
1,1712,84.204979
1,1713,13.197500
1,1714,19.952497
1,1715,113.304050
1,1716,32.573785
1,1717,41.589714
1,1718,400.343803
1,1719,4.626350
1,1720,10.325084
1,1721,276.618369
1,1722,251.379153
1,1723,79.429133
1,1724,1.039619
1,1725,145.482975
1,1726,5.180051
1,1727,292.592816
1,1728,93.880381
1,1729,297.807767
1,1730,33.690532
1,1731,204.361006
1,1732,2.991331
1,1733,71.120677
1,1734,67.532524
1,1735,2.082504
1,1736,172.835607
1,1737,3.965785
1,1738,29.136830
1,1739,329.654431
1,1740,439.367004
1,1741,60.314129
1,1742,4.408399
1,1743,438.971000
1,1744,76.246276
1,1745,2.647620
1,1746,210.314662
1,1747,392.297652
1,1748,4.583620
1,1749,319.637194
1,1750,3.207276
1,1751,389.150349
1,1752,4.264122
1,1753,424.905646
1,1754,31.394027
1,1755,74.616833
1,1756,288.528742
1,1757,42.682242
1,1758,118.945058
1,1759,4.849796
1,1760,504.528951
1,1761,4.865399
1,1762,114.368533
1,1763,10.744402
1,1764,16.067619
1,1765,575.197677
1,1766,4.871976
1,1767,164.086964
1,1768,415.251794
1,1769,2.926974
1,1770,503.714191
1,1771,3.341604
1,1772,4.829909
1,1773,378.483779
1,1774,4.806016
1,1775,2.883750
1,1776,109.670462
1,1777,220.704730
1,1778,4.913738
1,1779,151.197450
1,1780,152.911596
1,1781,234.149948
1,1782,76.396952
1,1783,0.962726
1,1784,139.960563
1,1785,2.597164
1,1786,7.734139
1,1787,134.574334
1,1788,127.210591
1,1789,2.676296
1,1790,272.673958
1,1791,23.579674
1,1792,4.525058
1,1793,40.843407
1,1794,123.457023
1,1795,3.877332
1,1796,129.614516
1,1797,292.055571
1,1798,2.589776
1,1799,29.049280
1,1800,90.740559
1,1801,139.520764
1,1802,3.896561
1,1803,144.738902
1,1804,259.881534
1,1805,2.929108
1,1806,6.072162
1,1807,255.532130
1,1808,369.906131
1,1809,13.489600
1,1810,6.994977
1,1811,40.284345
1,1812,112.625194
1,1813,4.715918
1,1814,35.517691
1,1815,277.613501
1,1816,4.606003
1,1817,3.416429
1,1818,65.602690
1,1819,385.423437
1,1820,131.777989
1,1821,486.435953
1,1822,8.814012
1,1823,206.375815
1,1824,400.287610
1,1825,27.486663
1,1826,458.270394
1,1827,4.807073
1,1828,84.169299
1,1829,464.329113
1,1830,41.140172
1,1831,266.847544
1,1832,8.102016
1,1833,412.993939
1,1834,149.235062
1,1835,3.133399
1,1836,63.653371
1,1837,104.909203
1,1838,4.512671
1,1839,473.171382
1,1840,4.636917
1,1841,259.585985
1,1842,104.164128
1,1843,285.920968
1,1844,588.620180
1,1845,4.375552
1,1846,316.130372
1,1847,75.488215
1,1848,392.278876
1,1849,65.686927
1,1850,38.438979
1,1851,256.120515
1,1852,4.362260
1,1853,253.643550
1,1854,4.158910
1,1855,502.485016
1,1856,301.489076
1,1857,4.227786
1,1858,311.388744
1,1859,10.347300
1,1860,183.209693
1,1861,4.114507
1,1862,349.789695
1,1863,131.414372
1,1864,2.839192
1,1865,177.985602
1,1866,87.575112
1,1867,239.420715
1,1868,3.768323
1,1869,154.525844
1,1870,3.846962
1,1871,91.038611
1,1872,4.335947
1,1873,87.497360
1,1874,500.488774
1,1875,3.560422
1,1876,267.374717
1,1877,167.463132
1,1878,384.722871
1,1879,3.569659
1,1880,413.438395
1,1881,217.245492
1,1882,5.348322
1,1883,31.386125
1,1884,333.186749
1,1885,163.620320
1,1886,0.000000
1,1887,121.339562
1,1888,75.032350
1,1889,149.978801
1,1890,9.858188
1,1891,100.535693
1,1892,255.766380
1,1893,10.490190
1,1894,291.308918
1,1895,217.626373
1,1896,61.115787
1,1897,188.683585
1,1898,5.612941
1,1899,134.540730
1,1900,20.318340
1,1901,6.574455
1,1902,144.926714
1,1903,43.786748
1,1904,146.621855
1,1905,387.956311
1,1906,386.794195
1,1907,505.366408
1,1908,16.622109
1,1909,480.325279
1,1910,7.189109
1,1911,129.972584
1,1912,5.170521
1,1913,7.592015
1,1914,193.678834
1,1915,176.433190
1,1916,8.097166
1,1917,325.829996
1,1918,17.641518
1,1919,100.089082
1,1920,528.479206
1,1921,315.255666
1,1922,44.565004
1,1923,16.400303
1,1924,330.245088
1,1925,191.485772
1,1926,206.586932
1,1927,6.784141
1,1928,380.711451
1,1929,330.140958
1,1930,135.562493
1,1931,48.751707
1,1932,96.243401
1,1933,196.946196
1,1934,100.163340
1,1935,56.245592
1,1936,326.620911
1,1937,227.971612
1,1938,5.299668
1,1939,115.716710
1,1940,113.748420
1,1941,153.183518
1,1942,398.861974
1,1943,118.772625
1,1944,12.522624
1,1945,317.898029
1,1946,6.461185
1,1947,11.006153
1,1948,91.870596
1,1949,7.397352
1,1950,215.406659
1,1951,246.220911
1,1952,1.679635
1,1953,19.483242
1,1954,40.290774
1,1955,3.285024
1,1956,81.542285
1,1957,9.287974
1,1958,129.376444
1,1959,4.453115
1,1960,207.411451
1,1961,36.391855
1,1962,5.286776
1,1963,166.985659
1,1964,173.881737
1,1965,3.947886
1,1966,3.565695
1,1967,185.280242
1,1968,64.546646
1,1969,193.129947
1,1970,133.219863
1,1971,86.748648
1,1972,443.944764
1,1973,108.020668
1,1974,4.148027
1,1975,78.991658
1,1976,91.508945
1,1977,386.040015
1,1978,44.966759
1,1979,293.430421
1,1980,150.093993
1,1981,7.678688
1,1982,50.484836
1,1983,5.055264
1,1984,16.882977
1,1985,182.236495
1,1986,447.249756
1,1987,187.954476
1,1988,7.873234
1,1989,49.592500
1,1990,5.506739
1,1991,511.258454
1,1992,7.289129
1,1993,157.803979
1,1994,122.803437
1,1995,184.189234
1,1996,46.969792
1,1997,192.007362
1,1998,305.578211
1,1999,7.255166
1,2000,4.526408
1,2001,261.463141
1,2002,9.384426
1,2003,11.721361
1,2004,228.978841
1,2005,6.368105
1,2006,298.785403
1,2007,6.327356
1,2008,385.009808
1,2009,146.900849
1,2010,233.070012
1,2011,28.135631
1,2012,223.379411
1,2013,1.538484
1,2014,150.615264
1,2015,27.695373
1,2016,82.128521
1,2017,61.456872
1,2018,16.029275
1,2019,368.989512
1,2020,4.734702
1,2021,53.634513
1,2022,145.362499
1,2023,26.676602
1,2024,741.188960
1,2025,6.747682
1,2026,198.478478
1,2027,226.676359
1,2028,9.091090
1,2029,32.850067
1,2030,197.943116
1,2031,35.363497
1,2032,8.281693
1,2033,106.199875
1,2034,83.052879
1,2035,4.340008
1,2036,33.529888
1,2037,3.214771
1,2038,65.632043
1,2039,232.498287
1,2040,37.204743
1,2041,453.687707
1,2042,42.958069
1,2043,473.885605
1,2044,259.365692
1,2045,210.828813
1,2046,163.156360
1,2047,5.448585
1,2048,25.307439
1,2049,85.507571
1,2050,186.217161
1,2051,15.318447
1,2052,137.076299
1,2053,26.585100
1,2054,279.440150
1,2055,282.330387
1,2056,48.063182
1,2057,11.631928
1,2058,4.803317
1,2059,511.700513
1,2060,310.378380
1,2061,4.866089
1,2062,212.246593
1,2063,16.347946
1,2064,304.671557
1,2065,294.105040
1,2066,6.965982
1,2067,314.584738
1,2068,14.599557
1,2069,214.034456
1,2070,4.930673
1,2071,47.492006
1,2072,5.264635
1,2073,657.329969
1,2074,6.954482
1,2075,76.925495
1,2076,96.923798
1,2077,50.298851
1,2078,47.050513
1,2079,302.383923
1,2080,4.848325
1,2081,210.499667
1,2082,71.432414
1,2083,461.284900
1,2084,91.052156
1,2085,46.454287
1,2086,93.458566
1,2087,27.037217
1,2088,316.113072
1,2089,421.658242
1,2090,8.632326
1,2091,271.089349
1,2092,7.669861
1,2093,15.458870
1,2094,209.726859
1,2095,38.239827
1,2096,25.331914
1,2097,25.892259
1,2098,66.425159
1,2099,139.157563
1,2100,3.881768
1,2101,535.768941
1,2102,14.765762
1,2103,423.673251
1,2104,4.300921
1,2105,68.567636
1,2106,9.249316
1,2107,4.213884
1,2108,36.626992
1,2109,9.764478
1,2110,18.461430
1,2111,262.660548
1,2112,4.354414
1,2113,259.510120
1,2114,555.355303
1,2115,39.923505
1,2116,5.722242
1,2117,77.145026
1,2118,183.630284
1,2119,5.520792
1,2120,181.694885
1,2121,3.315432
1,2122,121.469564
1,2123,5.072745
1,2124,37.602506
1,2125,443.861064
1,2126,296.143849
1,2127,5.181094
1,2128,67.010682
1,2129,27.759041
1,2130,222.128284
1,2131,5.185958
1,2132,218.984622
1,2133,4.925219
1,2134,106.954130
1,2135,3.341606
1,2136,53.488260
1,2137,24.039040
1,2138,126.267300
1,2139,58.306038
1,2140,2.530012
1,2141,47.305689
1,2142,66.294105
1,2143,131.886887
1,2144,373.946358
1,2145,32.921094
1,2146,167.134694
1,2147,4.821688
1,2148,177.484754
1,2149,10.569720
1,2150,112.104454
1,2151,3.956492
1,2152,117.128720
1,2153,3.875387
1,2154,13.591367
1,2155,123.290444
1,2156,7.684801
1,2157,9.798044
1,2158,18.863789
1,2159,104.819719
1,2160,5.485798
1,2161,30.299317
1,2162,4.424935
1,2163,233.435344
1,2164,28.838524
1,2165,20.002179
1,2166,356.010117
1,2167,21.357271
1,2168,6.211730
1,2169,211.948227
1,2170,176.104130
1,2171,13.660542
1,2172,53.299623
1,2173,4.683546
1,2174,157.594070
1,2175,19.878871
1,2176,45.942709
1,2177,453.711416
1,2178,5.937055
1,2179,15.794536
1,2180,243.800191
1,2181,251.732716
1,2182,10.412367
1,2183,145.616781
1,2184,7.215929
1,2185,85.520858
1,2186,6.284938
1,2187,313.179812
1,2188,445.624661
1,2189,7.136273
1,2190,375.063696
1,2191,7.094026
1,2192,118.255435
1,2193,412.826718
1,2194,286.143275
1,2195,8.406375
1,2196,86.703711
1,2197,41.113991
1,2198,6.573303
1,2199,150.958720
1,2200,5.596581
1,2201,429.704690
1,2202,7.307676
1,2203,343.153787
1,2204,25.104289
1,2205,5.385843
1,2206,199.500367
1,2207,336.835212
1,2208,197.088369
1,2209,5.330730
1,2210,9.381724
1,2211,330.101304
1,2212,201.472240
1,2213,10.914995
1,2214,250.565573
1,2215,40.527643
1,2216,18.254971
1,2217,685.602531
1,2218,15.386281
1,2219,4.993786
1,2220,389.651119
1,2221,88.145604
1,2222,611.353891
1,2223,3.814308
1,2224,246.625872
1,2225,69.229089
1,2226,177.798751
1,2227,5.787568
1,2228,94.472662
1,2229,61.942920
1,2230,97.692562
1,2231,149.702198
1,2232,129.963894
1,2233,3.222582
1,2234,25.042285
1,2235,5.769806
1,2236,124.166234
1,2237,32.797559
1,2238,192.528673
1,2239,4.850180
1,2240,117.287269
1,2241,11.649064
1,2242,282.165341
1,2243,4.482827
1,2244,188.312792
1,2245,131.716232
1,2246,5.605819
1,2247,314.833664
1,2248,98.781931
1,2249,112.728684
1,2250,277.115008
1,2251,4.377976
1,2252,222.882237
1,2253,154.695037
1,2254,82.084336
1,2255,692.735658
1,2256,42.550901
1,2257,200.386337
1,2258,6.405864
1,2259,193.835607
1,2260,151.772074
1,2261,46.357755
1,2262,5.602331
1,2263,196.470875
1,2264,127.031443
1,2265,156.347784
1,2266,116.009666
1,2267,8.625115
1,2268,298.270919
1,2269,125.976734
1,2270,4.807190
1,2271,238.440900
1,2272,120.120188
1,2273,137.172616
1,2274,103.519002
1,2275,216.137734
1,2276,486.276415
1,2277,46.751424
1,2278,4.763137
1,2279,348.373747
1,2280,6.301985
1,2281,138.536344
1,2282,4.402062
1,2283,345.003547
1,2284,4.372186
1,2285,6.286648
1,2286,192.568219
1,2287,441.583736
1,2288,5.445282
1,2289,51.486797
1,2290,5.770293
1,2291,249.475738
1,2292,19.733381
1,2293,36.749827
1,2294,38.724339
1,2295,81.070707
1,2296,160.065072
1,2297,10.174571
1,2298,5.182076
1,2299,13.896352
1,2300,322.512924
1,2301,5.742333
1,2302,148.900563
1,2303,5.033680
1,2304,254.412653
1,2305,12.356242
1,2306,251.672191
1,2307,87.817778
1,2308,317.980828
1,2309,26.022270
1,2310,7.119494
1,2311,317.103766
1,2312,40.114750
1,2313,176.456405
1,2314,73.184569
1,2315,144.349621
1,2316,59.542329
1,2317,2.767563
1,2318,171.014869
1,2319,96.557141
1,2320,222.554587
1,2321,117.000243
1,2322,176.062387
1,2323,369.451961
1,2324,378.852129
1,2325,4.223293
1,2326,260.120626
1,2327,5.168353
1,2328,518.150613
1,2329,5.171470
1,2330,373.042027
1,2331,91.484766
1,2332,565.641118
1,2333,5.873700
1,2334,101.482357
1,2335,567.526196
1,2336,19.869639
1,2337,531.094897
1,2338,243.868999
1,2339,475.104107
1,2340,3.861009
1,2341,324.511729
1,2342,521.434389
1,2343,506.643980
1,2344,6.666566
1,2345,287.079321
1,2346,276.818801
1,2347,88.359887
1,2348,6.801092
1,2349,362.013350
1,2350,325.926654
1,2351,292.985262
1,2352,9.129899
1,2353,632.836064
1,2354,6.899952
1,2355,115.087430
1,2356,634.418038
1,2357,214.533785
1,2358,634.503137
1,2359,6.684417
1,2360,365.658405
1,2361,720.129496
1,2362,4.698011
1,2363,213.605604
1,2364,541.575202
1,2365,242.368133
1,2366,399.648870
1,2367,377.630959
1,2368,4.635292
1,2369,375.797765
1,2370,83.932335
1,2371,123.416866
1,2372,83.981250
1,2373,323.275474
1,2374,4.854531
1,2375,525.940192
1,2376,164.266696
1,2377,7.454903
1,2378,137.892570
1,2379,363.292708
1,2380,27.820612
1,2381,517.631238
1,2382,159.688390
1,2383,151.157132
1,2384,2.204929
1,2385,99.078890
1,2386,22.182024
1,2387,140.772254
1,2388,3.551702
1,2389,328.757793
1,2390,26.219588
1,2391,7.161444
1,2392,14.387632
1,2393,484.576368
1,2394,4.789657
1,2395,2.981869
1,2396,61.701973
1,2397,244.523488
1,2398,716.339702
1,2399,379.721075
1,2400,3.851584
1,2401,468.802379
1,2402,5.897729
1,2403,106.664598
1,2404,38.063803
1,2405,329.224785
1,2406,5.976683
1,2407,520.024659
1,2408,4.264525
1,2409,421.199541
1,2410,101.853002
1,2411,532.894282
1,2412,6.238445
1,2413,177.991366
1,2414,42.740900
1,2415,541.154295
1,2416,4.453891
1,2417,543.839699
1,2418,115.988148
1,2419,252.756770
1,2420,609.646653
1,2421,636.887716
1,2422,6.612283
1,2423,110.791401
1,2424,610.544652
1,2425,3.958032
1,2426,453.009215
1,2427,259.017288
1,2428,377.104455
1,2429,366.064902
1,2430,6.354631
1,2431,433.915531
1,2432,282.896282
1,2433,103.911037
1,2434,628.435890
1,2435,6.488723
1,2436,108.658424
1,2437,597.210922
1,2438,4.363091
1,2439,47.241425
1,2440,507.835759
1,2441,615.330001
1,2442,269.405627
1,2443,135.022344
1,2444,189.660487
1,2445,4.203401
1,2446,124.585220
1,2447,140.715087
1,2448,7.295501
1,2449,217.270713
1,2450,3.629644
1,2451,286.585595
1,2452,71.587063
1,2453,451.579820
1,2454,4.573361
1,2455,83.191017
1,2456,471.459754
1,2457,5026.187465
1,2458,159.872886
1,2459,223.597464
1,2460,30.178718
1,2461,311.952777
1,2462,11.881149
1,2463,191.222050
1,2464,473.319245
1,2465,51.667168
1,2466,6.020658
1,2467,396.709059
1,2468,189.351690
1,2469,334.540889
1,2470,6.058662
1,2471,264.395907
1,2472,650.629056
1,2473,22.505522
1,2474,43.822014
1,2475,67.852461
1,2476,3.720804
1,2477,522.113280
1,2478,609.555239
1,2479,6.089055
1,2480,419.580036
1,2481,265.077536
1,2482,612.839333
1,2483,6.325300
1,2484,106.576863
1,2485,511.158737
1,2486,547.903228
1,2487,547.568762
1,2488,9.582082
1,2489,337.870075
1,2490,314.766635
1,2491,4.261357
1,2492,401.120407
1,2493,150.482585
1,2494,5.357406
1,2495,433.022991
1,2496,115.675941
1,2497,275.419186
1,2498,24.344140
1,2499,142.551313
1,2500,141.160033
1,2501,5.897292
1,2502,592.094344
1,2503,255.371113
1,2504,587.750842
1,2505,528.591077
1,2506,3.538874
1,2507,580.728038
1,2508,3.990595
1,2509,3.481469
1,2510,601.704658
1,2511,234.108173
1,2512,8.622721
1,2513,189.338474
1,2514,124.061145
1,2515,383.858518
1,2516,5.463801
1,2517,3.311504
1,2518,287.490054
1,2519,489.788837
1,2520,314.341411
1,2521,5.017065
1,2522,287.508575
1,2523,5.563683
1,2524,425.715648
1,2525,439.044151
1,2526,209.311935
1,2527,33.657645
1,2528,300.071127
1,2529,20.856008
1,2530,5.142130
1,2531,227.180811
1,2532,5.065502
1,2533,361.077382
1,2534,288.946175
1,2535,497.813116
1,2536,10.484061
1,2537,260.450900
1,2538,92.793229
1,2539,232.315175
1,2540,221.435021
1,2541,4.720430
1,2542,132.641823
1,2543,28.592164
1,2544,362.702051
1,2545,3.455106
1,2546,109.953311
1,2547,299.999439
1,2548,71.420319
1,2549,433.548791
1,2550,373.334808
1,2551,4.660049
1,2552,325.514012
1,2553,339.252908
1,2554,3.350257
1,2555,283.143221
1,2556,591.807668
1,2557,37.477190
1,2558,371.103571
1,2559,41.115212
1,2560,37.818576
1,2561,219.292971
1,2562,47.443111
1,2563,309.877575
1,2564,32.059824
1,2565,389.965743
1,2566,4.217550
1,2567,411.546323
1,2568,249.916506
1,2569,12.613565
1,2570,335.587389
1,2571,5.775457
1,2572,401.445390
1,2573,6.007847
1,2574,88.061244
1,2575,261.860712
1,2576,53.641971
1,2577,6.220833
1,2578,404.734298
1,2579,191.717058
1,2580,336.284298
1,2581,335.318738
1,2582,251.263504
1,2583,6.348770
1,2584,588.358114
1,2585,182.844268
1,2586,101.748203
1,2587,76.066331
1,2588,5.983456
1,2589,391.909335
1,2590,399.154260
1,2591,379.581936
1,2592,2.050347
1,2593,515.873132
1,2594,514.316005
1,2595,7.834090
1,2596,63.585683
1,2597,407.963940
1,2598,5.590473
1,2599,485.515042
1,2600,5.540462
1,2601,85.720445
1,2602,7.584543
1,2603,556.426201
1,2604,285.528013
1,2605,10.118835
1,2606,29.569443
1,2607,22.091047
1,2608,230.618994
1,2609,234.198521
1,2610,462.245107
1,2611,57.662181
1,2612,307.363183
1,2613,5.155527
1,2614,361.699736
1,2615,524.449871
1,2616,5.387876
1,2617,286.519090
1,2618,84.919301
1,2619,512.731596
1,2620,4.919064
1,2621,279.934042
1,2622,548.710183
1,2623,3.322100
1,2624,5.095179
1,2625,494.541848
1,2626,4.873774
1,2627,84.699746
1,2628,464.870646
1,2629,72.719669
1,2630,1700.875059
1,2631,89.257222
1,2632,67.218867
1,2633,131.484527
1,2634,224.055771
1,2635,2.505694
1,2636,1.546320
1,2637,155.055030
1,2638,329.698667
1,2639,3.298273
1,2640,214.969460
1,2641,4.123164
1,2642,370.572207
1,2643,317.996581
1,2644,4.446665
1,2645,72.396395
1,2646,5.342425
1,2647,250.818462
1,2648,353.106669
1,2649,4.815520
1,2650,348.335834
1,2651,84.692570
1,2652,431.209264
1,2653,5.283338
1,2654,236.136393
1,2655,512.967518
1,2656,443.829864
1,2657,49.412104
1,2658,5.536471
1,2659,313.517533
1,2660,85.854523
1,2661,1.202562
1,2662,157.185330
1,2663,113.196850
1,2664,290.095520
1,2665,2.761281
1,2666,57.981815
1,2667,340.062717
1,2668,214.577657
1,2669,48.946432
1,2670,345.322626
1,2671,2.587359
1,2672,36.226894
1,2673,194.935692
1,2674,4.362495
1,2675,100.877452
1,2676,4.715873
1,2677,474.547411
1,2678,8.717566
1,2679,278.415089
1,2680,35.831233
1,2681,30.367630
1,2682,231.551352
1,2683,1.692308
1,2684,90.024676
1,2685,5.205761
1,2686,298.003914
1,2687,3.803836
1,2688,120.445753
1,2689,5.517260
1,2690,237.813975
1,2691,17.107502
1,2692,5.254716
1,2693,32.042506
1,2694,124.461107
1,2695,57.420750
1,2696,9.969283
1,2697,522.033274
1,2698,5.333979
1,2699,449.033277
1,2700,315.058785
1,2701,8.848541
1,2702,177.446518
1,2703,4.729509
1,2704,16.891084
1,2705,468.170757
1,2706,5.324835
1,2707,3.964872
1,2708,232.941386
1,2709,5.295653
1,2710,175.760174
1,2711,14.397786
1,2712,5.255217
1,2713,164.755569
1,2714,317.996516
1,2715,173.555783
1,2716,149.099600
1,2717,117.117485
1,2718,498.860093
1,2719,5.303828
1,2720,503.536696
1,2721,215.913168
1,2722,5.056607
1,2723,565.932838
1,2724,306.967506
1,2725,561.208336
1,2726,30.367317
1,2727,117.252125
1,2728,27.307953
1,2729,225.031591
1,2730,72.791075
1,2731,13.288726
1,2732,91.175493
1,2733,3.527452
1,2734,153.443542
1,2735,4.700149
1,2736,28.859025
1,2737,111.457504
1,2738,39.685479
1,2739,106.837766
1,2740,0.000000
1,2741,31.248307
1,2742,1.644666
1,2743,143.545258
1,2744,1.551699
1,2745,68.482481
1,2746,2.961862
1,2747,151.743252
1,2748,11.095036
1,2749,3.338058
1,2750,22.686425
1,2751,91.607491
1,2752,13.316098
1,2753,7.509616
1,2754,95.036988
1,2755,4.118318
1,2756,139.545650
1,2757,260.129257
1,2758,4.385295
1,2759,24.763465
1,2760,87.053633
1,2761,3.397398
1,2762,417.905881
1,2763,4.707509
1,2764,407.705874
1,2765,499.675561
1,2766,3.344217
1,2767,164.446421
1,2768,217.042099
1,2769,8.230525
1,2770,167.031579
1,2771,4.418998
1,2772,15.992456
1,2773,446.378671
1,2774,5.053860
1,2775,3.769253
1,2776,224.493736
1,2777,5.088139
1,2778,170.466925
1,2779,13.981199
1,2780,5.103334
1,2781,161.172409
1,2782,216.770608
1,2783,5.102022
1,2784,572.124560
1,2785,524.759528
1,2786,3.524662
1,2787,169.992587
1,2788,222.712410
1,2789,309.567332
1,2790,169.096311
1,2791,145.391762
1,2792,114.295976
1,2793,487.313139
1,2794,5.162999
1,2795,492.635870
1,2796,4.691844
1,2797,3.664422
1,2798,158.410888
1,2799,4.894062
1,2800,29.928683
1,2801,115.683552
1,2802,86.995509
1,2803,84.204979
1,2804,13.197500
1,2805,19.952497
1,2806,113.304050
1,2807,32.573785
1,2808,41.589714
1,2809,400.343803
1,2810,4.626350
1,2811,10.325084
1,2812,276.618369
1,2813,251.379153
1,2814,79.429133
1,2815,1.039619
1,2816,145.482975
1,2817,5.180051
1,2818,292.592816
1,2819,93.880381
1,2820,297.807767
1,2821,33.690532
1,2822,204.361006
1,2823,2.991331
1,2824,71.120677
1,2825,67.532524
1,2826,2.082504
1,2827,172.835607
1,2828,3.965785
1,2829,29.136830
1,2830,329.654431
1,2831,439.367004
1,2832,60.314129
1,2833,4.408399
1,2834,438.971000
1,2835,76.246276
1,2836,2.647620
1,2837,210.314662
1,2838,392.297652
1,2839,4.583620
1,2840,319.637194
1,2841,3.207276
1,2842,389.150349
1,2843,4.264122
1,2844,424.905646
1,2845,31.394027
1,2846,74.616833
1,2847,288.528742
1,2848,42.682242
1,2849,118.945058
1,2850,4.849796
1,2851,504.528951
1,2852,4.865399
1,2853,114.368533
1,2854,10.744402
1,2855,16.067619
1,2856,575.197677
1,2857,4.871976
1,2858,164.086964
1,2859,415.251794
1,2860,2.926974
1,2861,503.714191
1,2862,3.341604
1,2863,4.829909
1,2864,378.483779
1,2865,4.806016
1,2866,2.883750
1,2867,109.670462
1,2868,220.704730
1,2869,4.913738
1,2870,151.197450
1,2871,152.911596
1,2872,234.149948
1,2873,76.396952
1,2874,0.962726
1,2875,139.960563
1,2876,2.597164
1,2877,7.734139
1,2878,134.574334
1,2879,127.210591
1,2880,2.676296
1,2881,272.673958
1,2882,23.579674
1,2883,4.525058
1,2884,40.843407
1,2885,123.457023
1,2886,3.877332
1,2887,129.614516
1,2888,292.055571
1,2889,2.589776
1,2890,29.049280
1,2891,90.740559
1,2892,139.520764
1,2893,3.896561
1,2894,144.738902
1,2895,259.881534
1,2896,2.929108
1,2897,6.072162
1,2898,255.532130
1,2899,369.906131
1,2900,13.489600
1,2901,6.994977
1,2902,40.284345
1,2903,112.625194
1,2904,4.715918
1,2905,35.517691
1,2906,277.613501
1,2907,4.606003
1,2908,3.416429
1,2909,65.602690
1,2910,385.423437
1,2911,131.777989
1,2912,486.435953
1,2913,8.814012
1,2914,206.375815
1,2915,400.287610
1,2916,27.486663
1,2917,458.270394
1,2918,4.807073
1,2919,84.169299
1,2920,464.329113
1,2921,41.140172
1,2922,266.847544
1,2923,8.102016
1,2924,412.993939
1,2925,149.235062
1,2926,3.133399
1,2927,63.653371
1,2928,104.909203
1,2929,4.512671
1,2930,473.171382
1,2931,4.636917
1,2932,259.585985
1,2933,104.164128
1,2934,285.920968
1,2935,588.620180
1,2936,4.375552
1,2937,316.130372
1,2938,75.488215
1,2939,392.278876
1,2940,65.686927
1,2941,38.438979
1,2942,256.120515
1,2943,4.362260
1,2944,253.643550
1,2945,4.158910
1,2946,502.485016
1,2947,301.489076
1,2948,4.227786
1,2949,311.388744
1,2950,10.347300
1,2951,183.209693
1,2952,4.114507
1,2953,349.789695
1,2954,131.414372
1,2955,2.839192
1,2956,177.985602
1,2957,87.575112
1,2958,239.420715
1,2959,3.768323
1,2960,154.525844
1,2961,3.846962
1,2962,91.038611
1,2963,4.335947
1,2964,87.497360
1,2965,500.488774
1,2966,3.560422
1,2967,267.374717
1,2968,167.463132
1,2969,384.722871
1,2970,3.569659
1,2971,413.438395
1,2972,217.245492
1,2973,5.348322
1,2974,31.386125
1,2975,333.186749
1,2976,58.123811
1,2977,1.409503
1,2978,32.113433
1,2979,0.066107
1,2980,232.582498
1,2981,2.678306
1,2982,185.313309
1,2983,142.963856
1,2984,127.647455
1,2985,165.007249
1,2986,105.606495
1,2987,2.539448
1,2988,33.469409
1,2989,105.709105
1,2990,4.699883
1,2991,64.956986
1,2992,43.449893
1,2993,46.310328
1,2994,194.287074
1,2995,495.564129
1,2996,6.950348
1,2997,45.140806
1,2998,204.010065
1,2999,55.897283
1,3000,111.063527
1,3001,3.903662
1,3002,36.690043
1,3003,37.121374
1,3004,6.092926
1,3005,4.312826
1,3006,260.251584
1,3007,6.017037
1,3008,70.597366
1,3009,600.876465
1,3010,3.614334
1,3011,131.119176
1,3012,5.910651
1,3013,185.539477
1,3014,13.015683
1,3015,126.262322
1,3016,6.140951
1,3017,254.813724
1,3018,41.459400
1,3019,160.792526
1,3020,339.491674
1,3021,5.622725
1,3022,6.142863
1,3023,453.312941
1,3024,9.070122
1,3025,54.096799
1,3026,24.018332
1,3027,130.376526
1,3028,130.069871
1,3029,5.825723
1,3030,102.573556
1,3031,29.228523
1,3032,103.560513
1,3033,128.215135
1,3034,12.600273
1,3035,474.677809
1,3036,6.175409
1,3037,129.720122
1,3038,5.625652
1,3039,126.611416
1,3040,56.630954
1,3041,111.054861
1,3042,3.843837
1,3043,35.802197
1,3044,35.816887
1,3045,235.904096
1,3046,5.582876
1,3047,239.667640
1,3048,5.055327
1,3049,204.044169
1,3050,257.991422
1,3051,184.769716
1,3052,34.189589
1,3053,22.470234
1,3054,3.822119
1,3055,223.878628
1,3056,5.519511
1,3057,445.900332
1,3058,85.035745
1,3059,138.028886
1,3060,4.925349
1,3061,108.116756
1,3062,28.157006
1,3063,41.207015
1,3064,161.641148
1,3065,160.618282
1,3066,368.677412
1,3067,3.216608
1,3068,15.077368
1,3069,220.610824
1,3070,79.572975
1,3071,137.053940
1,3072,113.253191
1,3073,155.423775
1,3074,88.818012
1,3075,1.103079
1,3076,133.596343
1,3077,2.193541
1,3078,220.821779
1,3079,49.070752
1,3080,123.438430
1,3081,5.486350
1,3082,25.018069
1,3083,106.162767
1,3084,1.998380
1,3085,67.607801
1,3086,345.783285
1,3087,4.659344
1,3088,214.875669
1,3089,3.521070
1,3090,28.147789
1,3091,213.862051
1,3092,391.414629
1,3093,227.791978
1,3094,48.747925
1,3095,3.667543
1,3096,21.177587
1,3097,3.730936
1,3098,74.563237
1,3099,161.100843
1,3100,176.115854
1,3101,26.508288
1,3102,342.724552
1,3103,3.388409
1,3104,29.906888
1,3105,34.410659
1,3106,136.564532
1,3107,3.897422
1,3108,92.914226
1,3109,4.273981
1,3110,24.834066
1,3111,3.197262
1,3112,112.477792
1,3113,201.801272
1,3114,243.457432
1,3115,302.054614
1,3116,187.371513
1,3117,30.031797
1,3118,19.278998
1,3119,136.096866
1,3120,344.298058
1,3121,417.795269
1,3122,3.842123
1,3123,285.120488
1,3124,2.229705
1,3125,183.802146
1,3126,129.176798
1,3127,2.548729
1,3128,78.280564
1,3129,292.156433
1,3130,66.785493
1,3131,223.709200
1,3132,288.884259
1,3133,238.380957
1,3134,357.721816
1,3135,22.068248
1,3136,35.027136
1,3137,280.983169
1,3138,8.144636
1,3139,27.177336
1,3140,23.178939
1,3141,7.271096
1,3142,185.206020
1,3143,1.023792
1,3144,110.864474
1,3145,85.452229
1,3146,89.347546
1,3147,206.630224
1,3148,256.979267
1,3149,2.594615
1,3150,69.836967
1,3151,10.071014
1,3152,192.411329
1,3153,3.077753
1,3154,147.795630
1,3155,6.128616
1,3156,256.753600
1,3157,154.070924
1,3158,4.664864
1,3159,285.861939
1,3160,149.518581
1,3161,201.468496
1,3162,342.762704
1,3163,276.715817
1,3164,5.000790
1,3165,216.660260
1,3166,3.829811
1,3167,115.393478
1,3168,284.886000
1,3169,3.642569
1,3170,41.722288
1,3171,148.086646
1,3172,14.247784
1,3173,48.728656
1,3174,3.705694
1,3175,722.816750
1,3176,3.718246
1,3177,234.315354
1,3178,7.203876
1,3179,218.836665
1,3180,5.268283
1,3181,44.963640
1,3182,278.645943
1,3183,290.629448
1,3184,4.063643
1,3185,2.698384
1,3186,173.265332
1,3187,3.689697
1,3188,229.460954
1,3189,3.670477
1,3190,44.707728
1,3191,318.745346
1,3192,5.149152
1,3193,351.837199
1,3194,4.827385
1,3195,175.737782
1,3196,27.013914
1,3197,52.981969
1,3198,86.076856
1,3199,106.346217
1,3200,15.421065
1,3201,81.350535
1,3202,222.005487
1,3203,3.456165
1,3204,51.493853
1,3205,74.929319
1,3206,122.688511
1,3207,25.776904
1,3208,5.357011
1,3209,158.761918
1,3210,99.583427
1,3211,2.947630
1,3212,101.214983
1,3213,47.358946
1,3214,161.494505
1,3215,17.448176
1,3216,2.105522
1,3217,197.331443
1,3218,24.273749
1,3219,47.590430
1,3220,77.205838
1,3221,95.202127
1,3222,44.442549
1,3223,236.574199
1,3224,13.507955
1,3225,35.324295
1,3226,2.936787
1,3227,45.285245
1,3228,2.887183
1,3229,69.877284
1,3230,1.852651
1,3231,2.812217
1,3232,119.804576
1,3233,93.112088
1,3234,159.813591
1,3235,135.814747
1,3236,20.018815
1,3237,181.439048
1,3238,2.476247
1,3239,100.569353
1,3240,5.225547
1,3241,58.321385
1,3242,111.754019
1,3243,61.259675
1,3244,21.654183
1,3245,80.696406
1,3246,182.720834
1,3247,36.992660
1,3248,184.977118
1,3249,205.975579
1,3250,146.368484
1,3251,95.573709
1,3252,2.231464
1,3253,165.955685
1,3254,2.459098
1,3255,82.005165
1,3256,133.828665
1,3257,142.698998
1,3258,1.834377
1,3259,239.173800
1,3260,150.995168
1,3261,62.705576
1,3262,108.637597
1,3263,253.720583
1,3264,9.234490
1,3265,5.146782
1,3266,4.640017
1,3267,119.642011
1,3268,81.788613
1,3269,166.479477
1,3270,121.825329
1,3271,244.897247
1,3272,84.645589
1,3273,29.122323
1,3274,368.338053
1,3275,2.333101
1,3276,112.738305
1,3277,223.722995
1,3278,278.461224
1,3279,224.655214
1,3280,335.042149
1,3281,3.540368
1,3282,104.985269
1,3283,324.255617
1,3284,6.896247
1,3285,105.053549
1,3286,324.185695
1,3287,266.377718
1,3288,267.872314
1,3289,224.930477
1,3290,6.862243
1,3291,278.523929
1,3292,172.631205
1,3293,194.442564
1,3294,8.090968
1,3295,52.051466
1,3296,124.396027
1,3297,263.242014
1,3298,220.649423
1,3299,2.296640
1,3300,326.546215
1,3301,3.647266
1,3302,324.329822
1,3303,298.854029
1,3304,321.947282
1,3305,2.227530
1,3306,1.899305
1,3307,164.686597
1,3308,3.288167
1,3309,107.183385
1,3310,21.393302
1,3311,57.455536
1,3312,9.502696
1,3313,123.658535
1,3314,33.754543
1,3315,28.826416
1,3316,1.001553
1,3317,15.226303
1,3318,147.706049
1,3319,10.318210
1,3320,58.084195
1,3321,92.641113
1,3322,19.954604
1,3323,2.174095
1,3324,178.102999
1,3325,297.387155
1,3326,100.053499
1,3327,20.676213
1,3328,23.499873
1,3329,13.247560
1,3330,71.651332
1,3331,111.815548
1,3332,4.124656
1,3333,156.410454
1,3334,3.126823
1,3335,46.148146
1,3336,2.157718
1,3337,14.344281
1,3338,83.560042
1,3339,162.979419
1,3340,60.435281
1,3341,204.255461
1,3342,73.167954
1,3343,11.630684
1,3344,121.078741
1,3345,171.166407
1,3346,21.920582
1,3347,99.855955
1,3348,121.269923
1,3349,258.039515
1,3350,82.799773
1,3351,82.817370
1,3352,3.375621
1,3353,376.432409
1,3354,2.295318
1,3355,115.338134
1,3356,2.942105
1,3357,50.551230
1,3358,34.381294
1,3359,215.409787
1,3360,3.334271
1,3361,64.803716
1,3362,154.685249
1,3363,150.947241
1,3364,121.897809
1,3365,189.242174
1,3366,1.381124
1,3367,274.232043
1,3368,226.111974
1,3369,296.677928
1,3370,86.985799
1,3371,84.846166
1,3372,1.705081
1,3373,2.259751
1,3374,190.050657
1,3375,98.782235
1,3376,233.229632
1,3377,244.986552
1,3378,138.793817
1,3379,233.104356
1,3380,234.942916
1,3381,10.775394
1,3382,249.625974
1,3383,94.054028
1,3384,410.272427
1,3385,221.613168
1,3386,136.328480
1,3387,277.210909
1,3388,3.214496
1,3389,285.469870
1,3390,276.960725
1,3391,363.143641
1,3392,331.709146
1,3393,66.670635
1,3394,115.083991
1,3395,432.635225
1,3396,3.124608
1,3397,35.482327
1,3398,118.270906
1,3399,367.403937
1,3400,331.986199
1,3401,176.610155
1,3402,390.768488
1,3403,243.541309
1,3404,5.372972
1,3405,5.737498
1,3406,356.753410
1,3407,18.129331
1,3408,245.870578
1,3409,474.839550
1,3410,3.776428
1,3411,475.182317
1,3412,5.425915
1,3413,38.304590
1,3414,79.831615
1,3415,179.442594
1,3416,179.244740
1,3417,59.136928
1,3418,67.238974
1,3419,1.147132
1,3420,88.116268
1,3421,113.417986
1,3422,2.288631
1,3423,2.757849
1,3424,211.711116
1,3425,153.732726
1,3426,3.448323
1,3427,208.812287
1,3428,86.270508
1,3429,289.857868
1,3430,2.597922
1,3431,90.103935
1,3432,4.357603
1,3433,367.092450
1,3434,30.127827
1,3435,255.500883
1,3436,224.394631
1,3437,189.267095
1,3438,149.999657
1,3439,372.927554
1,3440,174.029334
1,3441,604.177112
1,3442,344.483670
1,3443,724.352512
1,3444,3.400800
1,3445,108.332629
1,3446,5.320579
1,3447,445.300923
1,3448,431.883992
1,3449,9.985918
1,3450,115.788342
1,3451,4.847928
1,3452,116.466440
1,3453,45.089083
1,3454,71.860301
1,3455,5.167437
1,3456,315.527711
1,3457,5.179677
1,3458,307.104814
1,3459,3.597322
1,3460,5.183658
1,3461,381.204397
1,3462,87.641068
1,3463,302.155189
1,3464,19.926460
1,3465,9.872062
1,3466,25.494442
1,3467,58.667947
1,3468,233.493533
1,3469,2.528392
1,3470,225.390683
1,3471,2.870081
1,3472,3.280621
1,3473,273.697491
1,3474,6.613339
1,3475,288.505057
1,3476,274.893729
1,3477,5.041172
1,3478,187.053066
1,3479,215.708182
1,3480,2.995628
1,3481,57.604198
1,3482,4.249768
1,3483,314.351357
1,3484,368.527626
1,3485,287.809064
1,3486,563.244989
1,3487,78.833102
1,3488,170.755667
1,3489,193.545622
1,3490,130.446328
1,3491,272.722299
1,3492,186.638957
1,3493,91.044320
1,3494,4.205245
1,3495,91.845208
1,3496,73.051903
1,3497,347.663615
1,3498,6.462805
1,3499,94.278103
1,3500,488.909765
1,3501,3.412062
1,3502,490.216528
1,3503,9.326061
1,3504,344.265958
1,3505,227.960994
1,3506,32.929044
1,3507,4.948458
1,3508,112.867808
1,3509,5.383762
1,3510,192.071926
1,3511,89.153561
1,3512,47.788199
1,3513,85.356931
1,3514,3.875848
1,3515,76.470426
1,3516,250.762662
1,3517,134.640054
1,3518,98.119820
1,3519,5.466794
1,3520,49.450842
1,3521,137.789317
1,3522,247.335830
1,3523,167.976562
1,3524,2.522742
1,3525,98.497379
1,3526,165.414397
1,3527,3.801405
1,3528,136.611353
1,3529,2.698459
1,3530,4.051852
1,3531,254.276228
1,3532,3.305372
1,3533,16.709917
1,3534,4.458238
1,3535,127.211225
1,3536,39.495293
1,3537,3.278396
1,3538,106.582799
1,3539,118.405489
1,3540,4.548871
1,3541,276.942313
1,3542,12.497260
1,3543,4.626081
1,3544,280.365183
1,3545,3.210537
1,3546,233.632077
1,3547,313.609343
1,3548,31.515245
1,3549,491.806752
1,3550,4.717790
1,3551,181.541647
1,3552,97.035287
1,3553,423.330928
1,3554,63.492672
1,3555,104.046208
1,3556,337.887969
1,3557,41.858731
1,3558,271.593947
1,3559,4.701973
1,3560,594.895528
1,3561,3.224923
1,3562,4.672085
1,3563,487.382248
1,3564,438.983750
1,3565,36.345076
1,3566,141.058043
1,3567,95.196738
1,3568,583.518123
1,3569,4.566785
1,3570,100.818597
1,3571,8.600951
1,3572,318.701801
1,3573,210.171875
1,3574,32.453441
1,3575,258.991201
1,3576,175.474031
1,3577,84.757653
1,3578,228.479470
1,3579,75.803160
1,3580,370.141332
1,3581,279.845236
1,3582,382.724217
1,3583,423.698154
1,3584,152.303805
1,3585,4.199612
1,3586,219.776160
1,3587,181.082754
1,3588,281.897054
1,3589,322.054059
1,3590,5.698747
1,3591,318.481836
1,3592,221.988042
1,3593,272.324569
1,3594,261.026022
1,3595,502.601889
1,3596,69.157179
1,3597,147.737329
1,3598,177.407318
1,3599,22.023860
1,3600,352.504397
1,3601,172.911554
1,3602,10.970051
1,3603,31.761550
1,3604,0.724442
1,3605,14.035088
1,3606,107.024768
1,3607,42.172741
1,3608,129.451863
1,3609,2.583778
1,3610,1.519663
1,3611,4.715834
1,3612,13.777659
1,3613,79.291904
1,3614,81.607230
1,3615,3.423877
1,3616,50.306647
1,3617,3.755312
1,3618,193.484684
1,3619,26.161745
1,3620,112.385375
1,3621,0.574780
1,3622,83.454888
1,3623,5.386339
1,3624,195.351992
1,3625,4.152265
1,3626,57.911186
1,3627,2.511922
1,3628,201.959425
1,3629,61.813975
1,3630,123.540641
1,3631,90.902671
1,3632,10.795849
1,3633,64.804770
1,3634,4.731163
1,3635,232.883304
1,3636,443.449465
1,3637,0.749757
1,3638,113.417031
1,3639,10.837995
1,3640,10.246961
1,3641,33.246581
1,3642,3.095860
1,3643,14.009529
1,3644,3.331231
1,3645,202.049593
1,3646,4.916578
1,3647,33.908213
1,3648,77.834629
1,3649,210.109683
1,3650,4.478540
1,3651,82.209151
1,3652,23.306921
1,3653,152.218987
1,3654,9.991143
1,3655,63.128653
1,3656,4.701861
1,3657,9.902886
1,3658,205.759399
1,3659,18.497680
1,3660,169.312818
1,3661,31.555627
1,3662,7.230450
1,3663,131.153260
1,3664,201.424930
1,3665,200.616581
1,3666,372.350019
1,3667,28.483034
1,3668,2.846382
1,3669,28.223794
1,3670,196.272599
1,3671,208.579721
1,3672,141.880046
1,3673,4.054225
1,3674,85.111817
1,3675,2.719700
1,3676,139.032086
1,3677,114.489952
1,3678,39.056246
1,3679,243.103760
1,3680,3.871540
1,3681,88.750558
1,3682,49.292444
1,3683,115.346597
1,3684,1.450642
1,3685,233.726224
1,3686,56.618941
1,3687,28.647507
1,3688,172.438842
1,3689,2.678735
1,3690,57.692183
1,3691,2.768403
1,3692,17.378229
1,3693,8.716902
1,3694,85.531877
1,3695,211.141050
1,3696,3.355513
1,3697,435.139111
1,3698,42.475663
1,3699,0.771786
1,3700,23.349386
1,3701,105.484816
1,3702,1.133055
1,3703,55.309267
1,3704,221.899031
1,3705,1.225102
1,3706,98.945438
1,3707,327.459696
1,3708,198.102859
1,3709,142.089646
1,3710,152.656267
1,3711,3.096604
1,3712,46.511045
1,3713,3.513079
1,3714,179.096949
1,3715,110.488984
1,3716,164.942952
1,3717,174.631800
1,3718,219.722336
1,3719,3.813201
1,3720,109.224890
1,3721,134.626394
1,3722,2.577670
1,3723,177.794720
1,3724,186.944739
1,3725,8.944319
1,3726,93.710333
1,3727,3.752113
1,3728,94.638214
1,3729,105.913481
1,3730,7.736733
1,3731,46.835941
1,3732,4.208409
1,3733,76.171440
1,3734,22.903323
1,3735,194.807634
1,3736,4.095181
1,3737,56.804671
1,3738,220.387565
1,3739,3.011117
1,3740,96.737022
1,3741,301.170655
1,3742,4.246646
1,3743,96.559585
1,3744,92.367927
1,3745,497.416344
1,3746,4.221388
1,3747,67.706267
1,3748,178.407725
1,3749,31.009596
1,3750,17.314429
1,3751,90.982099
1,3752,295.531236
1,3753,294.685470
1,3754,5.292928
1,3755,189.857158
1,3756,6.216485
1,3757,35.944455
1,3758,302.544433
1,3759,3.890969
1,3760,231.609703
1,3761,4.215363
1,3762,28.569449
1,3763,12.728964
1,3764,339.138993
1,3765,3.909134
1,3766,30.108528
1,3767,234.499926
1,3768,289.804451
1,3769,286.530229
1,3770,59.542329
1,3771,2.767563
1,3772,171.014869
1,3773,96.557141
1,3774,222.554587
1,3775,117.000243
1,3776,176.062387
1,3777,369.451961
1,3778,378.852129
1,3779,4.223293
1,3780,260.120626
1,3781,5.168353
1,3782,518.150613
1,3783,5.171470
1,3784,373.042027
1,3785,91.484766
1,3786,565.641118
1,3787,5.873700
1,3788,101.482357
1,3789,567.526196
1,3790,19.869639
1,3791,531.094897
1,3792,243.868999
1,3793,475.104107
1,3794,3.861009
1,3795,324.511729
1,3796,521.434389
1,3797,506.643980
1,3798,6.666566
1,3799,287.079321
1,3800,276.818801
1,3801,88.359887
1,3802,6.801092
1,3803,362.013350
1,3804,325.926654
1,3805,292.985262
1,3806,9.129899
1,3807,632.836064
1,3808,6.899952
1,3809,115.087430
1,3810,634.418038
1,3811,214.533785
1,3812,634.503137
1,3813,6.684417
1,3814,365.658405
1,3815,720.129496
1,3816,4.698011
1,3817,213.605604
1,3818,541.575202
1,3819,242.368133
1,3820,399.648870
1,3821,377.630959
1,3822,4.635292
1,3823,375.797765
1,3824,83.932335
1,3825,123.416866
1,3826,83.981250
1,3827,323.275474
1,3828,4.854531
1,3829,525.940192
1,3830,164.266696
1,3831,7.454903
1,3832,137.892570
1,3833,363.292708
1,3834,27.820612
1,3835,517.631238
1,3836,159.688390
1,3837,151.157132
1,3838,2.204929
1,3839,99.078890
1,3840,22.182024
1,3841,140.772254
1,3842,3.551702
1,3843,328.757793
1,3844,26.219588
1,3845,7.161444
1,3846,14.387632
1,3847,484.576368
1,3848,4.789657
1,3849,2.981869
1,3850,61.701973
1,3851,244.523488
1,3852,716.339702
1,3853,379.721075
1,3854,3.851584
1,3855,468.802379
1,3856,5.897729
1,3857,106.664598
1,3858,38.063803
1,3859,329.224785
1,3860,5.976683
1,3861,520.024659
1,3862,4.264525
1,3863,421.199541
1,3864,101.853002
1,3865,532.894282
1,3866,6.238445
1,3867,177.991366
1,3868,42.740900
1,3869,541.154295
1,3870,4.453891
1,3871,543.839699
1,3872,115.988148
1,3873,252.756770
1,3874,609.646653
1,3875,636.887716
1,3876,6.612283
1,3877,110.791401
1,3878,610.544652
1,3879,3.958032
1,3880,453.009215
1,3881,259.017288
1,3882,377.104455
1,3883,366.064902
1,3884,6.354631
1,3885,433.915531
1,3886,282.896282
1,3887,103.911037
1,3888,628.435890
1,3889,6.488723
1,3890,108.658424
1,3891,597.210922
1,3892,4.363091
1,3893,47.241425
1,3894,507.835759
1,3895,615.330001
1,3896,269.405627
1,3897,135.022344
1,3898,189.660487
1,3899,4.203401
1,3900,124.585220
1,3901,140.715087
1,3902,7.295501
1,3903,217.270713
1,3904,3.629644
1,3905,286.585595
1,3906,71.587063
1,3907,451.579820
1,3908,4.573361
1,3909,83.191017
1,3910,471.459754
1,3911,5026.187465
1,3912,159.872886
1,3913,223.597464
1,3914,30.178718
1,3915,311.952777
1,3916,11.881149
1,3917,191.222050
1,3918,473.319245
1,3919,51.667168
1,3920,6.020658
1,3921,396.709059
1,3922,189.351690
1,3923,334.540889
1,3924,6.058662
1,3925,264.395907
1,3926,650.629056
1,3927,22.505522
1,3928,43.822014
1,3929,67.852461
1,3930,3.720804
1,3931,522.113280
1,3932,609.555239
1,3933,6.089055
1,3934,419.580036
1,3935,265.077536
1,3936,612.839333
1,3937,6.325300
1,3938,106.576863
1,3939,511.158737
1,3940,547.903228
1,3941,547.568762
1,3942,9.582082
1,3943,337.870075
1,3944,314.766635
1,3945,4.261357
1,3946,401.120407
1,3947,150.482585
1,3948,5.357406
1,3949,433.022991
1,3950,115.675941
1,3951,275.419186
1,3952,24.344140
1,3953,142.551313
1,3954,141.160033
1,3955,5.897292
1,3956,592.094344
1,3957,255.371113
1,3958,587.750842
1,3959,528.591077
1,3960,3.538874
1,3961,580.728038
1,3962,3.990595
1,3963,3.481469
1,3964,601.704658
1,3965,234.108173
1,3966,8.622721
1,3967,189.338474
1,3968,124.061145
1,3969,383.858518
1,3970,5.463801
1,3971,3.311504
1,3972,287.490054
1,3973,489.788837
1,3974,314.341411
1,3975,5.017065
1,3976,287.508575
1,3977,5.563683
1,3978,425.715648
1,3979,439.044151
1,3980,209.311935
1,3981,33.657645
1,3982,300.071127
1,3983,20.856008
1,3984,5.142130
1,3985,227.180811
1,3986,5.065502
1,3987,361.077382
1,3988,288.946175
1,3989,497.813116
1,3990,10.484061
1,3991,260.450900
1,3992,92.793229
1,3993,232.315175
1,3994,221.435021
1,3995,4.720430
1,3996,132.641823
1,3997,28.592164
1,3998,362.702051
1,3999,3.455106
1,4000,109.953311
1,4001,299.999439
1,4002,71.420319
1,4003,433.548791
1,4004,373.334808
1,4005,4.660049
1,4006,325.514012
1,4007,339.252908
1,4008,3.350257
1,4009,283.143221
1,4010,591.807668
1,4011,37.477190
1,4012,371.103571
1,4013,41.115212
1,4014,37.818576
1,4015,219.292971
1,4016,47.443111
1,4017,309.877575
1,4018,32.059824
1,4019,389.965743
1,4020,4.217550
1,4021,411.546323
1,4022,249.916506
1,4023,12.613565
1,4024,335.587389
1,4025,5.775457
1,4026,401.445390
1,4027,6.007847
1,4028,88.061244
1,4029,261.860712
1,4030,53.641971
1,4031,6.220833
1,4032,404.734298
1,4033,191.717058
1,4034,336.284298
1,4035,335.318738
1,4036,251.263504
1,4037,6.348770
1,4038,588.358114
1,4039,182.844268
1,4040,101.748203
1,4041,76.066331
1,4042,5.983456
1,4043,391.909335
1,4044,399.154260
1,4045,379.581936
1,4046,2.050347
1,4047,515.873132
1,4048,514.316005
1,4049,7.834090
1,4050,63.585683
1,4051,407.963940
1,4052,5.590473
1,4053,485.515042
1,4054,5.540462
1,4055,85.720445
1,4056,7.584543
1,4057,556.426201
1,4058,285.528013
1,4059,10.118835
1,4060,29.569443
1,4061,22.091047
1,4062,230.618994
1,4063,234.198521
1,4064,462.245107
1,4065,57.662181
1,4066,307.363183
1,4067,5.155527
1,4068,361.699736
1,4069,524.449871
1,4070,5.387876
1,4071,286.519090
1,4072,84.919301
1,4073,512.731596
1,4074,4.919064
1,4075,279.934042
1,4076,548.710183
1,4077,3.322100
1,4078,5.095179
1,4079,494.541848
1,4080,4.873774
1,4081,84.699746
1,4082,464.870646
1,4083,72.719669
1,4084,1700.875059
1,4085,89.257222
1,4086,67.218867
1,4087,131.484527
1,4088,224.055771
1,4089,2.505694
1,4090,1.546320
1,4091,155.055030
1,4092,329.698667
1,4093,3.298273
1,4094,214.969460
1,4095,4.123164
1,4096,370.572207
1,4097,317.996581
1,4098,4.446665
1,4099,72.396395
1,4100,5.342425
1,4101,250.818462
1,4102,353.106669
1,4103,4.815520
1,4104,348.335834
1,4105,84.692570
1,4106,431.209264
1,4107,5.283338
1,4108,236.136393
1,4109,512.967518
1,4110,443.829864
1,4111,49.412104
1,4112,5.536471
1,4113,313.517533
1,4114,85.854523
1,4115,1.202562
1,4116,157.185330
1,4117,113.196850
1,4118,290.095520
1,4119,2.761281
1,4120,57.981815
1,4121,340.062717
1,4122,214.577657
1,4123,48.946432
1,4124,345.322626
1,4125,2.587359
1,4126,36.226894
1,4127,194.935692
1,4128,4.362495
1,4129,100.877452
1,4130,4.715873
1,4131,474.547411
1,4132,8.717566
1,4133,278.415089
1,4134,35.831233
1,4135,30.367630
1,4136,231.551352
1,4137,1.692308
1,4138,90.024676
1,4139,5.205761
1,4140,298.003914
1,4141,3.803836
1,4142,120.445753
1,4143,5.517260
1,4144,237.813975
1,4145,17.107502
1,4146,5.254716
1,4147,32.042506
1,4148,124.461107
1,4149,57.420750
1,4150,9.969283
1,4151,522.033274
1,4152,5.333979
1,4153,449.033277
1,4154,315.058785
1,4155,8.848541
1,4156,177.446518
1,4157,4.729509
1,4158,16.891084
1,4159,468.170757
1,4160,5.324835
1,4161,3.964872
1,4162,232.941386
1,4163,5.295653
1,4164,175.760174
1,4165,14.397786
1,4166,5.255217
1,4167,164.755569
1,4168,317.996516
1,4169,173.555783
1,4170,149.099600
1,4171,117.117485
1,4172,498.860093
1,4173,5.303828
1,4174,503.536696
1,4175,215.913168
1,4176,5.056607
1,4177,565.932838
1,4178,306.967506
1,4179,561.208336
1,4180,30.367317
1,4181,117.252125
1,4182,27.307953
1,4183,225.031591
1,4184,72.791075
1,4185,13.288726
1,4186,91.175493
1,4187,3.527452
1,4188,153.443542
1,4189,4.700149
1,4190,28.859025
1,4191,111.457504
1,4192,39.685479
1,4193,106.837766
1,4194,0.000000
1,4195,31.248307
1,4196,1.644666
1,4197,143.545258
1,4198,1.551699
1,4199,68.482481
1,4200,2.961862
1,4201,151.743252
1,4202,11.095036
1,4203,3.338058
1,4204,22.686425
1,4205,91.607491
1,4206,13.316098
1,4207,7.509616
1,4208,95.036988
1,4209,4.118318
1,4210,139.545650
1,4211,260.129257
1,4212,4.385295
1,4213,24.763465
1,4214,87.053633
1,4215,3.397398
1,4216,417.905881
1,4217,4.707509
1,4218,407.705874
1,4219,499.675561
1,4220,3.344217
1,4221,164.446421
1,4222,217.042099
1,4223,8.230525
1,4224,167.031579
1,4225,4.418998
1,4226,15.992456
1,4227,446.378671
1,4228,5.053860
1,4229,3.769253
1,4230,224.493736
1,4231,5.088139
1,4232,170.466925
1,4233,13.981199
1,4234,5.103334
1,4235,161.172409
1,4236,216.770608
1,4237,5.102022
1,4238,572.124560
1,4239,524.759528
1,4240,3.524662
1,4241,169.992587
1,4242,222.712410
1,4243,309.567332
1,4244,169.096311
1,4245,145.391762
1,4246,114.295976
1,4247,487.313139
1,4248,5.162999
1,4249,492.635870
1,4250,4.691844
1,4251,3.664422
1,4252,158.410888
1,4253,4.894062
1,4254,29.928683
1,4255,115.683552
1,4256,86.995509
1,4257,84.204979
1,4258,13.197500
1,4259,19.952497
1,4260,113.304050
1,4261,32.573785
1,4262,41.589714
1,4263,400.343803
1,4264,4.626350
1,4265,10.325084
1,4266,276.618369
1,4267,251.379153
1,4268,79.429133
1,4269,1.039619
1,4270,145.482975
1,4271,5.180051
1,4272,292.592816
1,4273,93.880381
1,4274,297.807767
1,4275,33.690532
1,4276,204.361006
1,4277,2.991331
1,4278,71.120677
1,4279,67.532524
1,4280,2.082504
1,4281,172.835607
1,4282,3.965785
1,4283,29.136830
1,4284,329.654431
1,4285,439.367004
1,4286,60.314129
1,4287,4.408399
1,4288,438.971000
1,4289,76.246276
1,4290,2.647620
1,4291,210.314662
1,4292,392.297652
1,4293,4.583620
1,4294,319.637194
1,4295,3.207276
1,4296,389.150349
1,4297,4.264122
1,4298,424.905646
1,4299,31.394027
1,4300,74.616833
1,4301,288.528742
1,4302,42.682242
1,4303,118.945058
1,4304,4.849796
1,4305,504.528951
1,4306,4.865399
1,4307,114.368533
1,4308,10.744402
1,4309,16.067619
1,4310,575.197677
1,4311,4.871976
1,4312,164.086964
1,4313,415.251794
1,4314,2.926974
1,4315,503.714191
1,4316,3.341604
1,4317,4.829909
1,4318,378.483779
1,4319,4.806016
1,4320,2.883750
1,4321,109.670462
1,4322,220.704730
1,4323,4.913738
1,4324,151.197450
1,4325,152.911596
1,4326,234.149948
1,4327,76.396952
1,4328,0.962726
1,4329,139.960563
1,4330,2.597164
1,4331,7.734139
1,4332,134.574334
1,4333,127.210591
1,4334,2.676296
1,4335,272.673958
1,4336,23.579674
1,4337,4.525058
1,4338,40.843407
1,4339,123.457023
1,4340,3.877332
1,4341,129.614516
1,4342,292.055571
1,4343,2.589776
1,4344,29.049280
1,4345,90.740559
1,4346,139.520764
1,4347,3.896561
1,4348,144.738902
1,4349,259.881534
1,4350,2.929108
1,4351,6.072162
1,4352,255.532130
1,4353,369.906131
1,4354,13.489600
1,4355,6.994977
1,4356,40.284345
1,4357,112.625194
1,4358,4.715918
1,4359,35.517691
1,4360,277.613501
1,4361,4.606003
1,4362,3.416429
1,4363,65.602690
1,4364,385.423437
1,4365,131.777989
1,4366,486.435953
1,4367,8.814012
1,4368,206.375815
1,4369,400.287610
1,4370,27.486663
1,4371,458.270394
1,4372,4.807073
1,4373,84.169299
1,4374,464.329113
1,4375,41.140172
1,4376,266.847544
1,4377,8.102016
1,4378,412.993939
1,4379,149.235062
1,4380,3.133399
1,4381,63.653371
1,4382,104.909203
1,4383,4.512671
1,4384,473.171382
1,4385,4.636917
1,4386,259.585985
1,4387,104.164128
1,4388,285.920968
1,4389,588.620180
1,4390,4.375552
1,4391,316.130372
1,4392,75.488215
1,4393,392.278876
1,4394,65.686927
1,4395,38.438979
1,4396,256.120515
1,4397,4.362260
1,4398,253.643550
1,4399,4.158910
1,4400,502.485016
1,4401,301.489076
1,4402,4.227786
1,4403,311.388744
1,4404,10.347300
1,4405,183.209693
1,4406,4.114507
1,4407,349.789695
1,4408,131.414372
1,4409,2.839192
1,4410,177.985602
1,4411,87.575112
1,4412,239.420715
1,4413,3.768323
1,4414,154.525844
1,4415,3.846962
1,4416,91.038611
1,4417,4.335947
1,4418,87.497360
1,4419,500.488774
1,4420,3.560422
1,4421,267.374717
1,4422,167.463132
1,4423,384.722871
1,4424,3.569659
1,4425,413.438395
1,4426,217.245492
1,4427,5.348322
1,4428,31.386125
1,4429,333.186749
1,4430,58.123811
1,4431,1.409503
1,4432,32.113433
1,4433,0.066107
1,4434,232.582498
1,4435,2.678306
1,4436,185.313309
1,4437,142.963856
1,4438,127.647455
1,4439,165.007249
1,4440,105.606495
1,4441,2.539448
1,4442,33.469409
1,4443,105.709105
1,4444,4.699883
1,4445,64.956986
1,4446,43.449893
1,4447,46.310328
1,4448,194.287074
1,4449,495.564129
1,4450,6.950348
1,4451,45.140806
1,4452,204.010065
1,4453,55.897283
1,4454,111.063527
1,4455,3.903662
1,4456,36.690043
1,4457,37.121374
1,4458,6.092926
1,4459,4.312826
1,4460,260.251584
1,4461,6.017037
1,4462,70.597366
1,4463,600.876465
1,4464,3.614334
1,4465,131.119176
1,4466,5.910651
1,4467,185.539477
1,4468,13.015683
1,4469,126.262322
1,4470,6.140951
1,4471,254.813724
1,4472,41.459400
1,4473,160.792526
1,4474,339.491674
1,4475,5.622725
1,4476,6.142863
1,4477,453.312941
1,4478,9.070122
1,4479,54.096799
1,4480,24.018332
1,4481,130.376526
1,4482,130.069871
1,4483,5.825723
1,4484,102.573556
1,4485,29.228523
1,4486,103.560513
1,4487,128.215135
1,4488,12.600273
1,4489,474.677809
1,4490,6.175409
1,4491,129.720122
1,4492,5.625652
1,4493,126.611416
1,4494,56.630954
1,4495,111.054861
1,4496,3.843837
1,4497,35.802197
1,4498,35.816887
1,4499,235.904096
1,4500,5.582876
1,4501,239.667640
1,4502,5.055327
1,4503,204.044169
1,4504,257.991422
1,4505,184.769716
1,4506,34.189589
1,4507,22.470234
1,4508,3.822119
1,4509,223.878628
1,4510,5.519511
1,4511,445.900332
1,4512,85.035745
1,4513,138.028886
1,4514,4.925349
1,4515,108.116756
1,4516,28.157006
1,4517,41.207015
1,4518,161.641148
1,4519,160.618282
1,4520,368.677412
1,4521,3.216608
1,4522,15.077368
1,4523,220.610824
1,4524,79.572975
1,4525,137.053940
1,4526,113.253191
1,4527,155.423775
1,4528,88.818012
1,4529,1.103079
1,4530,133.596343
1,4531,2.193541
1,4532,220.821779
1,4533,49.070752
1,4534,123.438430
1,4535,5.486350
1,4536,25.018069
1,4537,106.162767
1,4538,1.998380
1,4539,67.607801
1,4540,345.783285
1,4541,4.659344
1,4542,214.875669
1,4543,3.521070
1,4544,28.147789
1,4545,213.862051
1,4546,391.414629
1,4547,227.791978
1,4548,48.747925
1,4549,3.667543
1,4550,21.177587
1,4551,3.730936
1,4552,74.563237
1,4553,161.100843
1,4554,176.115854
1,4555,26.508288
1,4556,342.724552
1,4557,3.388409
1,4558,29.906888
1,4559,34.410659
1,4560,136.564532
1,4561,3.897422
1,4562,92.914226
1,4563,4.273981
1,4564,24.834066
1,4565,3.197262
1,4566,112.477792
1,4567,201.801272
1,4568,243.457432
1,4569,302.054614
1,4570,187.371513
1,4571,30.031797
1,4572,19.278998
1,4573,136.096866
1,4574,344.298058
1,4575,417.795269
1,4576,3.842123
1,4577,285.120488
1,4578,2.229705
1,4579,183.802146
1,4580,129.176798
1,4581,2.548729
1,4582,78.280564
1,4583,292.156433
1,4584,66.785493
1,4585,223.709200
1,4586,288.884259
1,4587,238.380957
1,4588,357.721816
1,4589,22.068248
1,4590,35.027136
1,4591,280.983169
1,4592,8.144636
1,4593,27.177336
1,4594,23.178939
1,4595,7.271096
1,4596,185.206020
1,4597,1.023792
1,4598,110.864474
1,4599,85.452229
1,4600,89.347546
1,4601,206.630224
1,4602,256.979267
1,4603,2.594615
1,4604,69.836967
1,4605,10.071014
1,4606,192.411329
1,4607,3.077753
1,4608,147.795630
1,4609,6.128616
1,4610,256.753600
1,4611,154.070924
1,4612,4.664864
1,4613,285.861939
1,4614,149.518581
1,4615,201.468496
1,4616,342.762704
1,4617,276.715817
1,4618,5.000790
1,4619,216.660260
1,4620,3.829811
1,4621,115.393478
1,4622,284.886000
1,4623,3.642569
1,4624,41.722288
1,4625,148.086646
1,4626,14.247784
1,4627,48.728656
1,4628,3.705694
1,4629,722.816750
1,4630,3.718246
1,4631,234.315354
1,4632,7.203876
1,4633,218.836665
1,4634,5.268283
1,4635,44.963640
1,4636,278.645943
1,4637,290.629448
1,4638,4.063643
1,4639,2.698384
1,4640,173.265332
1,4641,3.689697
1,4642,229.460954
1,4643,3.670477
1,4644,44.707728
1,4645,318.745346
1,4646,5.149152
1,4647,351.837199
1,4648,4.827385
1,4649,175.737782
1,4650,27.013914
1,4651,52.981969
1,4652,86.076856
1,4653,106.346217
1,4654,15.421065
1,4655,81.350535
1,4656,222.005487
1,4657,3.456165
1,4658,51.493853
1,4659,74.929319
1,4660,122.688511
1,4661,25.776904
1,4662,5.357011
1,4663,158.761918
1,4664,99.583427
1,4665,2.947630
1,4666,101.214983
1,4667,47.358946
1,4668,161.494505
1,4669,17.448176
1,4670,2.105522
1,4671,197.331443
1,4672,24.273749
1,4673,47.590430
1,4674,77.205838
1,4675,95.202127
1,4676,44.442549
1,4677,236.574199
1,4678,13.507955
1,4679,35.324295
1,4680,2.936787
1,4681,45.285245
1,4682,2.887183
1,4683,69.877284
1,4684,1.852651
1,4685,2.812217
1,4686,119.804576
1,4687,93.112088
1,4688,159.813591
1,4689,135.814747
1,4690,20.018815
1,4691,181.439048
1,4692,2.476247
1,4693,100.569353
1,4694,5.225547
1,4695,58.321385
1,4696,111.754019
1,4697,61.259675
1,4698,21.654183
1,4699,80.696406
1,4700,182.720834
1,4701,36.992660
1,4702,184.977118
1,4703,205.975579
1,4704,146.368484
1,4705,95.573709
1,4706,2.231464
1,4707,165.955685
1,4708,2.459098
1,4709,82.005165
1,4710,133.828665
1,4711,142.698998
1,4712,1.834377
1,4713,239.173800
1,4714,150.995168
1,4715,62.705576
1,4716,108.637597
1,4717,253.720583
1,4718,9.234490
1,4719,5.146782
1,4720,4.640017
1,4721,119.642011
1,4722,81.788613
1,4723,166.479477
1,4724,121.825329
1,4725,244.897247
1,4726,84.645589
1,4727,29.122323
1,4728,368.338053
1,4729,2.333101
1,4730,112.738305
1,4731,223.722995
1,4732,278.461224
1,4733,224.655214
1,4734,335.042149
1,4735,3.540368
1,4736,104.985269
1,4737,324.255617
1,4738,6.896247
1,4739,105.053549
1,4740,324.185695
1,4741,266.377718
1,4742,267.872314
1,4743,224.930477
1,4744,6.862243
1,4745,278.523929
1,4746,172.631205
1,4747,194.442564
1,4748,8.090968
1,4749,52.051466
1,4750,124.396027
1,4751,263.242014
1,4752,220.649423
1,4753,2.296640
1,4754,326.546215
1,4755,3.647266
1,4756,324.329822
1,4757,298.854029
1,4758,321.947282
1,4759,2.227530
1,4760,1.899305
1,4761,164.686597
1,4762,3.288167
1,4763,107.183385
1,4764,21.393302
1,4765,57.455536
1,4766,9.502696
1,4767,123.658535
1,4768,33.754543
1,4769,28.826416
1,4770,1.001553
1,4771,15.226303
1,4772,147.706049
1,4773,10.318210
1,4774,58.084195
1,4775,92.641113
1,4776,19.954604
1,4777,2.174095
1,4778,178.102999
1,4779,297.387155
1,4780,100.053499
1,4781,20.676213
1,4782,23.499873
1,4783,13.247560
1,4784,71.651332
1,4785,111.815548
1,4786,4.124656
1,4787,156.410454
1,4788,3.126823
1,4789,46.148146
1,4790,2.157718
1,4791,14.344281
1,4792,83.560042
1,4793,162.979419
1,4794,60.435281
1,4795,204.255461
1,4796,73.167954
1,4797,11.630684
1,4798,121.078741
1,4799,171.166407
1,4800,21.920582
1,4801,99.855955
1,4802,121.269923
1,4803,258.039515
1,4804,82.799773
1,4805,82.817370
1,4806,3.375621
1,4807,376.432409
1,4808,2.295318
1,4809,115.338134
1,4810,2.942105
1,4811,50.551230
1,4812,34.381294
1,4813,215.409787
1,4814,3.334271
1,4815,64.803716
1,4816,154.685249
1,4817,150.947241
1,4818,121.897809
1,4819,189.242174
1,4820,1.381124
1,4821,274.232043
1,4822,226.111974
1,4823,296.677928
1,4824,86.985799
1,4825,84.846166
1,4826,1.705081
1,4827,2.259751
1,4828,190.050657
1,4829,98.782235
1,4830,233.229632
1,4831,244.986552
1,4832,138.793817
1,4833,233.104356
1,4834,234.942916
1,4835,10.775394
1,4836,249.625974
1,4837,94.054028
1,4838,410.272427
1,4839,221.613168
1,4840,136.328480
1,4841,277.210909
1,4842,3.214496
1,4843,285.469870
1,4844,276.960725
1,4845,363.143641
1,4846,331.709146
1,4847,66.670635
1,4848,115.083991
1,4849,432.635225
1,4850,3.124608
1,4851,35.482327
1,4852,118.270906
1,4853,367.403937
1,4854,331.986199
1,4855,176.610155
1,4856,390.768488
1,4857,243.541309
1,4858,5.372972
1,4859,5.737498
1,4860,356.753410
1,4861,18.129331
1,4862,245.870578
1,4863,474.839550
1,4864,3.776428
1,4865,475.182317
1,4866,5.425915
1,4867,38.304590
1,4868,79.831615
1,4869,179.442594
1,4870,179.244740
1,4871,59.136928
1,4872,67.238974
1,4873,1.147132
1,4874,88.116268
1,4875,113.417986
1,4876,2.288631
1,4877,2.757849
1,4878,211.711116
1,4879,153.732726
1,4880,3.448323
1,4881,208.812287
1,4882,86.270508
1,4883,289.857868
1,4884,2.597922
1,4885,90.103935
1,4886,4.357603
1,4887,367.092450
1,4888,30.127827
1,4889,255.500883
1,4890,224.394631
1,4891,189.267095
1,4892,149.999657
1,4893,372.927554
1,4894,174.029334
1,4895,604.177112
1,4896,344.483670
1,4897,724.352512
1,4898,3.400800
1,4899,108.332629
1,4900,5.320579
1,4901,445.300923
1,4902,431.883992
1,4903,9.985918
1,4904,115.788342
1,4905,4.847928
1,4906,116.466440
1,4907,45.089083
1,4908,71.860301
1,4909,5.167437
1,4910,315.527711
1,4911,5.179677
1,4912,307.104814
1,4913,3.597322
1,4914,5.183658
1,4915,381.204397
1,4916,87.641068
1,4917,302.155189
1,4918,19.926460
1,4919,9.872062
1,4920,25.494442
1,4921,58.667947
1,4922,233.493533
1,4923,2.528392
1,4924,225.390683
1,4925,2.870081
1,4926,3.280621
1,4927,273.697491
1,4928,6.613339
1,4929,288.505057
1,4930,274.893729
1,4931,5.041172
1,4932,187.053066
1,4933,215.708182
1,4934,2.995628
1,4935,57.604198
1,4936,4.249768
1,4937,314.351357
1,4938,368.527626
1,4939,287.809064
1,4940,563.244989
1,4941,78.833102
1,4942,170.755667
1,4943,193.545622
1,4944,130.446328
1,4945,272.722299
1,4946,186.638957
1,4947,91.044320
1,4948,4.205245
1,4949,91.845208
1,4950,73.051903
1,4951,347.663615
1,4952,6.462805
1,4953,94.278103
1,4954,488.909765
1,4955,3.412062
1,4956,490.216528
1,4957,9.326061
1,4958,344.265958
1,4959,227.960994
1,4960,32.929044
1,4961,4.948458
1,4962,112.867808
1,4963,5.383762
1,4964,192.071926
1,4965,89.153561
1,4966,47.788199
1,4967,85.356931
1,4968,3.875848
1,4969,76.470426
1,4970,250.762662
1,4971,134.640054
1,4972,98.119820
1,4973,5.466794
1,4974,49.450842
1,4975,137.789317
1,4976,247.335830
1,4977,167.976562
1,4978,2.522742
1,4979,98.497379
1,4980,165.414397
1,4981,3.801405
1,4982,136.611353
1,4983,2.698459
1,4984,4.051852
1,4985,254.276228
1,4986,3.305372
1,4987,16.709917
1,4988,4.458238
1,4989,127.211225
1,4990,39.495293
1,4991,3.278396
1,4992,106.582799
1,4993,118.405489
1,4994,4.548871
1,4995,276.942313
1,4996,12.497260
1,4997,4.626081
1,4998,280.365183
1,4999,3.210537
1,5000,233.632077
1,5001,313.609343
1,5002,31.515245
1,5003,491.806752
1,5004,4.717790
1,5005,181.541647
1,5006,97.035287
1,5007,423.330928
1,5008,63.492672
1,5009,104.046208
1,5010,337.887969
1,5011,41.858731
1,5012,271.593947
1,5013,4.701973
1,5014,594.895528
1,5015,3.224923
1,5016,4.672085
1,5017,487.382248
1,5018,438.983750
1,5019,36.345076
1,5020,141.058043
1,5021,95.196738
1,5022,583.518123
1,5023,4.566785
1,5024,100.818597
1,5025,8.600951
1,5026,318.701801
1,5027,210.171875
1,5028,32.453441
1,5029,258.991201
1,5030,175.474031
1,5031,84.757653
1,5032,228.479470
1,5033,75.803160
1,5034,370.141332
1,5035,279.845236
1,5036,382.724217
1,5037,423.698154
1,5038,152.303805
1,5039,4.199612
1,5040,219.776160
1,5041,181.082754
1,5042,281.897054
1,5043,322.054059
1,5044,5.698747
1,5045,318.481836
1,5046,221.988042
1,5047,272.324569
1,5048,261.026022
1,5049,502.601889
1,5050,69.157179
1,5051,147.737329
1,5052,177.407318
1,5053,22.023860
1,5054,352.504397
1,5055,172.911554
1,5056,10.970051
1,5057,31.761550
1,5058,0.724442
1,5059,14.035088
1,5060,107.024768
1,5061,42.172741
1,5062,129.451863
1,5063,2.583778
1,5064,1.519663
1,5065,4.715834
1,5066,13.777659
1,5067,79.291904
1,5068,81.607230
1,5069,3.423877
1,5070,50.306647
1,5071,3.755312
1,5072,193.484684
1,5073,26.161745
1,5074,112.385375
1,5075,0.574780
1,5076,83.454888
1,5077,5.386339
1,5078,195.351992
1,5079,4.152265
1,5080,57.911186
1,5081,2.511922
1,5082,201.959425
1,5083,61.813975
1,5084,123.540641
1,5085,90.902671
1,5086,10.795849
1,5087,64.804770
1,5088,4.731163
1,5089,232.883304
1,5090,443.449465
1,5091,0.749757
1,5092,113.417031
1,5093,10.837995
1,5094,10.246961
1,5095,33.246581
1,5096,3.095860
1,5097,14.009529
1,5098,3.331231
1,5099,202.049593
1,5100,4.916578
1,5101,33.908213
1,5102,77.834629
1,5103,210.109683
1,5104,4.478540
1,5105,82.209151
1,5106,23.306921
1,5107,152.218987
1,5108,9.991143
1,5109,63.128653
1,5110,4.701861
1,5111,9.902886
1,5112,205.759399
1,5113,18.497680
1,5114,169.312818
1,5115,31.555627
1,5116,7.230450
1,5117,131.153260
1,5118,201.424930
1,5119,200.616581
1,5120,372.350019
1,5121,28.483034
1,5122,2.846382
1,5123,28.223794
1,5124,196.272599
1,5125,208.579721
1,5126,141.880046
1,5127,4.054225
1,5128,85.111817
1,5129,2.719700
1,5130,139.032086
1,5131,114.489952
1,5132,39.056246
1,5133,243.103760
1,5134,3.871540
1,5135,88.750558
1,5136,49.292444
1,5137,115.346597
1,5138,1.450642
1,5139,233.726224
1,5140,56.618941
1,5141,28.647507
1,5142,172.438842
1,5143,2.678735
1,5144,57.692183
1,5145,2.768403
1,5146,17.378229
1,5147,8.716902
1,5148,85.531877
1,5149,211.141050
1,5150,3.355513
1,5151,435.139111
1,5152,42.475663
1,5153,0.771786
1,5154,23.349386
1,5155,105.484816
1,5156,1.133055
1,5157,55.309267
1,5158,221.899031
1,5159,1.225102
1,5160,98.945438
1,5161,327.459696
1,5162,198.102859
1,5163,142.089646
1,5164,152.656267
1,5165,3.096604
1,5166,46.511045
1,5167,3.513079
1,5168,179.096949
1,5169,110.488984
1,5170,164.942952
1,5171,174.631800
1,5172,219.722336
1,5173,3.813201
1,5174,109.224890
1,5175,134.626394
1,5176,2.577670
1,5177,177.794720
1,5178,186.944739
1,5179,8.944319
1,5180,93.710333
1,5181,3.752113
1,5182,94.638214
1,5183,105.913481
1,5184,7.736733
1,5185,46.835941
1,5186,4.208409
1,5187,76.171440
1,5188,22.903323
1,5189,194.807634
1,5190,4.095181
1,5191,56.804671
1,5192,220.387565
1,5193,3.011117
1,5194,96.737022
1,5195,301.170655
1,5196,4.246646
1,5197,96.559585
1,5198,92.367927
1,5199,497.416344
1,5200,4.221388
1,5201,67.706267
1,5202,178.407725
1,5203,31.009596
1,5204,17.314429
1,5205,90.982099
1,5206,295.531236
1,5207,294.685470
1,5208,5.292928
1,5209,189.857158
1,5210,6.216485
1,5211,35.944455
1,5212,302.544433
1,5213,3.890969
1,5214,231.609703
1,5215,4.215363
1,5216,28.569449
1,5217,12.728964
1,5218,339.138993
1,5219,3.909134
1,5220,30.108528
1,5221,234.499926
1,5222,289.804451
1,5223,286.530229
1,5224,163.620320
1,5225,0.000000
1,5226,121.339562
1,5227,75.032350
1,5228,149.978801
1,5229,9.858188
1,5230,100.535693
1,5231,255.766380
1,5232,10.490190
1,5233,291.308918
1,5234,217.626373
1,5235,61.115787
1,5236,188.683585
1,5237,5.612941
1,5238,134.540730
1,5239,20.318340
1,5240,6.574455
1,5241,144.926714
1,5242,43.786748
1,5243,146.621855
1,5244,387.956311
1,5245,386.794195
1,5246,505.366408
1,5247,16.622109
1,5248,480.325279
1,5249,7.189109
1,5250,129.972584
1,5251,5.170521
1,5252,7.592015
1,5253,193.678834
1,5254,176.433190
1,5255,8.097166
1,5256,325.829996
1,5257,17.641518
1,5258,100.089082
1,5259,528.479206
1,5260,315.255666
1,5261,44.565004
1,5262,16.400303
1,5263,330.245088
1,5264,191.485772
1,5265,206.586932
1,5266,6.784141
1,5267,380.711451
1,5268,330.140958
1,5269,135.562493
1,5270,48.751707
1,5271,96.243401
1,5272,196.946196
1,5273,100.163340
1,5274,56.245592
1,5275,326.620911
1,5276,227.971612
1,5277,5.299668
1,5278,115.716710
1,5279,113.748420
1,5280,153.183518
1,5281,398.861974
1,5282,118.772625
1,5283,12.522624
1,5284,317.898029
1,5285,6.461185
1,5286,11.006153
1,5287,91.870596
1,5288,7.397352
1,5289,215.406659
1,5290,246.220911
1,5291,1.679635
1,5292,19.483242
1,5293,40.290774
1,5294,3.285024
1,5295,81.542285
1,5296,9.287974
1,5297,129.376444
1,5298,4.453115
1,5299,207.411451
1,5300,36.391855
1,5301,5.286776
1,5302,166.985659
1,5303,173.881737
1,5304,3.947886
1,5305,3.565695
1,5306,185.280242
1,5307,64.546646
1,5308,193.129947
1,5309,133.219863
1,5310,86.748648
1,5311,443.944764
1,5312,108.020668
1,5313,4.148027
1,5314,78.991658
1,5315,91.508945
1,5316,386.040015
1,5317,44.966759
1,5318,293.430421
1,5319,150.093993
1,5320,7.678688
1,5321,50.484836
1,5322,5.055264
1,5323,16.882977
1,5324,182.236495
1,5325,447.249756
1,5326,187.954476
1,5327,7.873234
1,5328,49.592500
1,5329,5.506739
1,5330,511.258454
1,5331,7.289129
1,5332,157.803979
1,5333,122.803437
1,5334,184.189234
1,5335,46.969792
1,5336,192.007362
1,5337,305.578211
1,5338,7.255166
1,5339,4.526408
1,5340,261.463141
1,5341,9.384426
1,5342,11.721361
1,5343,228.978841
1,5344,6.368105
1,5345,298.785403
1,5346,6.327356
1,5347,385.009808
1,5348,146.900849
1,5349,233.070012
1,5350,28.135631
1,5351,223.379411
1,5352,1.538484
1,5353,150.615264
1,5354,27.695373
1,5355,82.128521
1,5356,61.456872
1,5357,16.029275
1,5358,368.989512
1,5359,4.734702
1,5360,53.634513
1,5361,145.362499
1,5362,26.676602
1,5363,741.188960
1,5364,6.747682
1,5365,198.478478
1,5366,226.676359
1,5367,9.091090
1,5368,32.850067
1,5369,197.943116
1,5370,35.363497
1,5371,8.281693
1,5372,106.199875
1,5373,83.052879
1,5374,4.340008
1,5375,33.529888
1,5376,3.214771
1,5377,65.632043
1,5378,232.498287
1,5379,37.204743
1,5380,453.687707
1,5381,42.958069
1,5382,473.885605
1,5383,259.365692
1,5384,210.828813
1,5385,163.156360
1,5386,5.448585
1,5387,25.307439
1,5388,85.507571
1,5389,186.217161
1,5390,15.318447
1,5391,137.076299
1,5392,26.585100
1,5393,279.440150
1,5394,282.330387
1,5395,48.063182
1,5396,11.631928
1,5397,4.803317
1,5398,511.700513
1,5399,310.378380
1,5400,4.866089
1,5401,212.246593
1,5402,16.347946
1,5403,304.671557
1,5404,294.105040
1,5405,6.965982
1,5406,314.584738
1,5407,14.599557
1,5408,214.034456
1,5409,4.930673
1,5410,47.492006
1,5411,5.264635
1,5412,657.329969
1,5413,6.954482
1,5414,76.925495
1,5415,96.923798
1,5416,50.298851
1,5417,47.050513
1,5418,302.383923
1,5419,4.848325
1,5420,210.499667
1,5421,71.432414
1,5422,461.284900
1,5423,91.052156
1,5424,46.454287
1,5425,93.458566
1,5426,27.037217
1,5427,316.113072
1,5428,421.658242
1,5429,8.632326
1,5430,271.089349
1,5431,7.669861
1,5432,15.458870
1,5433,209.726859
1,5434,38.239827
1,5435,25.331914
1,5436,25.892259
1,5437,66.425159
1,5438,139.157563
1,5439,3.881768
1,5440,535.768941
1,5441,14.765762
1,5442,423.673251
1,5443,4.300921
1,5444,68.567636
1,5445,9.249316
1,5446,4.213884
1,5447,36.626992
1,5448,9.764478
1,5449,18.461430
1,5450,262.660548
1,5451,4.354414
1,5452,259.510120
1,5453,555.355303
1,5454,39.923505
1,5455,5.722242
1,5456,77.145026
1,5457,183.630284
1,5458,5.520792
1,5459,181.694885
1,5460,3.315432
1,5461,121.469564
1,5462,5.072745
1,5463,37.602506
1,5464,443.861064
1,5465,296.143849
1,5466,5.181094
1,5467,67.010682
1,5468,27.759041
1,5469,222.128284
1,5470,5.185958
1,5471,218.984622
1,5472,4.925219
1,5473,106.954130
1,5474,3.341606
1,5475,53.488260
1,5476,24.039040
1,5477,126.267300
1,5478,58.306038
1,5479,2.530012
1,5480,47.305689
1,5481,66.294105
1,5482,131.886887
1,5483,373.946358
1,5484,32.921094
1,5485,167.134694
1,5486,4.821688
1,5487,177.484754
1,5488,10.569720
1,5489,112.104454
1,5490,3.956492
1,5491,117.128720
1,5492,3.875387
1,5493,13.591367
1,5494,123.290444
1,5495,7.684801
1,5496,9.798044
1,5497,18.863789
1,5498,104.819719
1,5499,5.485798
1,5500,30.299317
1,5501,4.424935
1,5502,233.435344
1,5503,28.838524
1,5504,20.002179
1,5505,356.010117
1,5506,21.357271
1,5507,6.211730
1,5508,211.948227
1,5509,176.104130
1,5510,13.660542
1,5511,53.299623
1,5512,4.683546
1,5513,157.594070
1,5514,19.878871
1,5515,45.942709
1,5516,453.711416
1,5517,5.937055
1,5518,15.794536
1,5519,243.800191
1,5520,251.732716
1,5521,10.412367
1,5522,145.616781
1,5523,7.215929
1,5524,85.520858
1,5525,6.284938
1,5526,313.179812
1,5527,445.624661
1,5528,7.136273
1,5529,375.063696
1,5530,7.094026
1,5531,118.255435
1,5532,412.826718
1,5533,286.143275
1,5534,8.406375
1,5535,86.703711
1,5536,41.113991
1,5537,6.573303
1,5538,150.958720
1,5539,5.596581
1,5540,429.704690
1,5541,7.307676
1,5542,343.153787
1,5543,25.104289
1,5544,5.385843
1,5545,199.500367
1,5546,336.835212
1,5547,197.088369
1,5548,5.330730
1,5549,9.381724
1,5550,330.101304
1,5551,201.472240
1,5552,10.914995
1,5553,250.565573
1,5554,40.527643
1,5555,18.254971
1,5556,685.602531
1,5557,15.386281
1,5558,4.993786
1,5559,389.651119
1,5560,88.145604
1,5561,611.353891
1,5562,3.814308
1,5563,246.625872
1,5564,69.229089
1,5565,177.798751
1,5566,5.787568
1,5567,94.472662
1,5568,61.942920
1,5569,97.692562
1,5570,149.702198
1,5571,129.963894
1,5572,3.222582
1,5573,25.042285
1,5574,5.769806
1,5575,124.166234
1,5576,32.797559
1,5577,192.528673
1,5578,4.850180
1,5579,117.287269
1,5580,11.649064
1,5581,282.165341
1,5582,4.482827
1,5583,188.312792
1,5584,131.716232
1,5585,5.605819
1,5586,314.833664
1,5587,98.781931
1,5588,112.728684
1,5589,277.115008
1,5590,4.377976
1,5591,222.882237
1,5592,154.695037
1,5593,82.084336
1,5594,692.735658
1,5595,42.550901
1,5596,200.386337
1,5597,6.405864
1,5598,193.835607
1,5599,151.772074
1,5600,46.357755
1,5601,5.602331
1,5602,196.470875
1,5603,127.031443
1,5604,156.347784
1,5605,116.009666
1,5606,8.625115
1,5607,298.270919
1,5608,125.976734
1,5609,4.807190
1,5610,238.440900
1,5611,120.120188
1,5612,137.172616
1,5613,103.519002
1,5614,216.137734
1,5615,486.276415
1,5616,46.751424
1,5617,4.763137
1,5618,348.373747
1,5619,6.301985
1,5620,138.536344
1,5621,4.402062
1,5622,345.003547
1,5623,4.372186
1,5624,6.286648
1,5625,192.568219
1,5626,441.583736
1,5627,5.445282
1,5628,51.486797
1,5629,5.770293
1,5630,249.475738
1,5631,19.733381
1,5632,36.749827
1,5633,38.724339
1,5634,81.070707
1,5635,160.065072
1,5636,10.174571
1,5637,5.182076
1,5638,13.896352
1,5639,322.512924
1,5640,5.742333
1,5641,148.900563
1,5642,5.033680
1,5643,254.412653
1,5644,12.356242
1,5645,251.672191
1,5646,87.817778
1,5647,317.980828
1,5648,26.022270
1,5649,7.119494
1,5650,317.103766
1,5651,40.114750
1,5652,176.456405
1,5653,73.184569
1,5654,144.349621
1,5655,58.123811
1,5656,1.409503
1,5657,32.113433
1,5658,0.066107
1,5659,232.582498
1,5660,2.678306
1,5661,185.313309
1,5662,142.963856
1,5663,127.647455
1,5664,165.007249
1,5665,105.606495
1,5666,2.539448
1,5667,33.469409
1,5668,105.709105
1,5669,4.699883
1,5670,64.956986
1,5671,43.449893
1,5672,46.310328
1,5673,194.287074
1,5674,495.564129
1,5675,6.950348
1,5676,45.140806
1,5677,204.010065
1,5678,55.897283
1,5679,111.063527
1,5680,3.903662
1,5681,36.690043
1,5682,37.121374
1,5683,6.092926
1,5684,4.312826
1,5685,260.251584
1,5686,6.017037
1,5687,70.597366
1,5688,600.876465
1,5689,3.614334
1,5690,131.119176
1,5691,5.910651
1,5692,185.539477
1,5693,13.015683
1,5694,126.262322
1,5695,6.140951
1,5696,254.813724
1,5697,41.459400
1,5698,160.792526
1,5699,339.491674
1,5700,5.622725
1,5701,6.142863
1,5702,453.312941
1,5703,9.070122
1,5704,54.096799
1,5705,24.018332
1,5706,130.376526
1,5707,130.069871
1,5708,5.825723
1,5709,102.573556
1,5710,29.228523
1,5711,103.560513
1,5712,128.215135
1,5713,12.600273
1,5714,474.677809
1,5715,6.175409
1,5716,129.720122
1,5717,5.625652
1,5718,126.611416
1,5719,56.630954
1,5720,111.054861
1,5721,3.843837
1,5722,35.802197
1,5723,35.816887
1,5724,235.904096
1,5725,5.582876
1,5726,239.667640
1,5727,5.055327
1,5728,204.044169
1,5729,257.991422
1,5730,184.769716
1,5731,34.189589
1,5732,22.470234
1,5733,3.822119
1,5734,223.878628
1,5735,5.519511
1,5736,445.900332
1,5737,85.035745
1,5738,138.028886
1,5739,4.925349
1,5740,108.116756
1,5741,28.157006
1,5742,41.207015
1,5743,161.641148
1,5744,160.618282
1,5745,368.677412
1,5746,3.216608
1,5747,15.077368
1,5748,220.610824
1,5749,79.572975
1,5750,137.053940
1,5751,113.253191
1,5752,155.423775
1,5753,88.818012
1,5754,1.103079
1,5755,133.596343
1,5756,2.193541
1,5757,220.821779
1,5758,49.070752
1,5759,123.438430
1,5760,5.486350
1,5761,25.018069
1,5762,106.162767
1,5763,1.998380
1,5764,67.607801
1,5765,345.783285
1,5766,4.659344
1,5767,214.875669
1,5768,3.521070
1,5769,28.147789
1,5770,213.862051
1,5771,391.414629
1,5772,227.791978
1,5773,48.747925
1,5774,3.667543
1,5775,21.177587
1,5776,3.730936
1,5777,74.563237
1,5778,161.100843
1,5779,176.115854
1,5780,26.508288
1,5781,342.724552
1,5782,3.388409
1,5783,29.906888
1,5784,34.410659
1,5785,136.564532
1,5786,3.897422
1,5787,92.914226
1,5788,4.273981
1,5789,24.834066
1,5790,3.197262
1,5791,112.477792
1,5792,201.801272
1,5793,243.457432
1,5794,302.054614
1,5795,187.371513
1,5796,30.031797
1,5797,19.278998
1,5798,136.096866
1,5799,344.298058
1,5800,417.795269
1,5801,3.842123
1,5802,285.120488
1,5803,2.229705
1,5804,183.802146
1,5805,129.176798
1,5806,2.548729
1,5807,78.280564
1,5808,292.156433
1,5809,66.785493
1,5810,223.709200
1,5811,288.884259
1,5812,238.380957
1,5813,357.721816
1,5814,22.068248
1,5815,35.027136
1,5816,280.983169
1,5817,8.144636
1,5818,27.177336
1,5819,23.178939
1,5820,7.271096
1,5821,185.206020
1,5822,1.023792
1,5823,110.864474
1,5824,85.452229
1,5825,89.347546
1,5826,206.630224
1,5827,256.979267
1,5828,2.594615
1,5829,69.836967
1,5830,10.071014
1,5831,192.411329
1,5832,3.077753
1,5833,147.795630
1,5834,6.128616
1,5835,256.753600
1,5836,154.070924
1,5837,4.664864
1,5838,285.861939
1,5839,149.518581
1,5840,201.468496
1,5841,342.762704
1,5842,276.715817
1,5843,5.000790
1,5844,216.660260
1,5845,3.829811
1,5846,115.393478
1,5847,284.886000
1,5848,3.642569
1,5849,41.722288
1,5850,148.086646
1,5851,14.247784
1,5852,48.728656
1,5853,3.705694
1,5854,722.816750
1,5855,3.718246
1,5856,234.315354
1,5857,7.203876
1,5858,218.836665
1,5859,5.268283
1,5860,44.963640
1,5861,278.645943
1,5862,290.629448
1,5863,4.063643
1,5864,2.698384
1,5865,173.265332
1,5866,3.689697
1,5867,229.460954
1,5868,3.670477
1,5869,44.707728
1,5870,318.745346
1,5871,5.149152
1,5872,351.837199
1,5873,4.827385
1,5874,175.737782
1,5875,27.013914
1,5876,52.981969
1,5877,86.076856
1,5878,106.346217
1,5879,15.421065
1,5880,81.350535
1,5881,222.005487
1,5882,3.456165
1,5883,51.493853
1,5884,74.929319
1,5885,122.688511
1,5886,25.776904
1,5887,5.357011
1,5888,158.761918
1,5889,99.583427
1,5890,2.947630
1,5891,101.214983
1,5892,47.358946
1,5893,161.494505
1,5894,17.448176
1,5895,2.105522
1,5896,197.331443
1,5897,24.273749
1,5898,47.590430
1,5899,77.205838
1,5900,95.202127
1,5901,44.442549
1,5902,236.574199
1,5903,13.507955
1,5904,35.324295
1,5905,2.936787
1,5906,45.285245
1,5907,2.887183
1,5908,69.877284
1,5909,1.852651
1,5910,2.812217
1,5911,119.804576
1,5912,93.112088
1,5913,159.813591
1,5914,135.814747
1,5915,20.018815
1,5916,181.439048
1,5917,2.476247
1,5918,100.569353
1,5919,5.225547
1,5920,58.321385
1,5921,111.754019
1,5922,61.259675
1,5923,21.654183
1,5924,80.696406
1,5925,182.720834
1,5926,36.992660
1,5927,184.977118
1,5928,205.975579
1,5929,146.368484
1,5930,95.573709
1,5931,2.231464
1,5932,165.955685
1,5933,2.459098
1,5934,82.005165
1,5935,133.828665
1,5936,142.698998
1,5937,1.834377
1,5938,239.173800
1,5939,150.995168
1,5940,62.705576
1,5941,108.637597
1,5942,253.720583
1,5943,9.234490
1,5944,5.146782
1,5945,4.640017
1,5946,119.642011
1,5947,81.788613
1,5948,166.479477
1,5949,121.825329
1,5950,244.897247
1,5951,84.645589
1,5952,29.122323
1,5953,368.338053
1,5954,2.333101
1,5955,112.738305
1,5956,223.722995
1,5957,278.461224
1,5958,224.655214
1,5959,335.042149
1,5960,3.540368
1,5961,104.985269
1,5962,324.255617
1,5963,6.896247
1,5964,105.053549
1,5965,324.185695
1,5966,266.377718
1,5967,267.872314
1,5968,224.930477
1,5969,6.862243
1,5970,278.523929
1,5971,172.631205
1,5972,194.442564
1,5973,8.090968
1,5974,52.051466
1,5975,124.396027
1,5976,263.242014
1,5977,220.649423
1,5978,2.296640
1,5979,326.546215
1,5980,3.647266
1,5981,324.329822
1,5982,298.854029
1,5983,321.947282
1,5984,2.227530
1,5985,1.899305
1,5986,164.686597
1,5987,3.288167
1,5988,107.183385
1,5989,21.393302
1,5990,57.455536
1,5991,9.502696
1,5992,123.658535
1,5993,33.754543
1,5994,28.826416
1,5995,1.001553
1,5996,15.226303
1,5997,147.706049
1,5998,10.318210
1,5999,58.084195
1,6000,92.641113
1,6001,19.954604
1,6002,2.174095
1,6003,178.102999
1,6004,297.387155
1,6005,100.053499
1,6006,20.676213
1,6007,23.499873
1,6008,13.247560
1,6009,71.651332
1,6010,111.815548
1,6011,4.124656
1,6012,156.410454
1,6013,3.126823
1,6014,46.148146
1,6015,2.157718
1,6016,14.344281
1,6017,83.560042
1,6018,162.979419
1,6019,60.435281
1,6020,204.255461
1,6021,73.167954
1,6022,11.630684
1,6023,121.078741
1,6024,171.166407
1,6025,21.920582
1,6026,99.855955
1,6027,121.269923
1,6028,258.039515
1,6029,82.799773
1,6030,82.817370
1,6031,3.375621
1,6032,376.432409
1,6033,2.295318
1,6034,115.338134
1,6035,2.942105
1,6036,50.551230
1,6037,34.381294
1,6038,215.409787
1,6039,3.334271
1,6040,64.803716
1,6041,154.685249
1,6042,150.947241
1,6043,121.897809
1,6044,189.242174
1,6045,1.381124
1,6046,274.232043
1,6047,226.111974
1,6048,296.677928
1,6049,86.985799
1,6050,84.846166
1,6051,1.705081
1,6052,2.259751
1,6053,190.050657
1,6054,98.782235
1,6055,233.229632
1,6056,244.986552
1,6057,138.793817
1,6058,233.104356
1,6059,234.942916
1,6060,10.775394
1,6061,249.625974
1,6062,94.054028
1,6063,410.272427
1,6064,221.613168
1,6065,136.328480
1,6066,277.210909
1,6067,3.214496
1,6068,285.469870
1,6069,276.960725
1,6070,363.143641
1,6071,331.709146
1,6072,66.670635
1,6073,115.083991
1,6074,432.635225
1,6075,3.124608
1,6076,35.482327
1,6077,118.270906
1,6078,367.403937
1,6079,331.986199
1,6080,176.610155
1,6081,390.768488
1,6082,243.541309
1,6083,5.372972
1,6084,5.737498
1,6085,356.753410
1,6086,18.129331
1,6087,245.870578
1,6088,474.839550
1,6089,3.776428
1,6090,475.182317
1,6091,5.425915
1,6092,38.304590
1,6093,79.831615
1,6094,179.442594
1,6095,179.244740
1,6096,59.136928
1,6097,67.238974
1,6098,1.147132
1,6099,88.116268
1,6100,113.417986
1,6101,2.288631
1,6102,2.757849
1,6103,211.711116
1,6104,153.732726
1,6105,3.448323
1,6106,208.812287
1,6107,86.270508
1,6108,289.857868
1,6109,2.597922
1,6110,90.103935
1,6111,4.357603
1,6112,367.092450
1,6113,30.127827
1,6114,255.500883
1,6115,224.394631
1,6116,189.267095
1,6117,149.999657
1,6118,372.927554
1,6119,174.029334
1,6120,604.177112
1,6121,344.483670
1,6122,724.352512
1,6123,3.400800
1,6124,108.332629
1,6125,5.320579
1,6126,445.300923
1,6127,431.883992
1,6128,9.985918
1,6129,115.788342
1,6130,4.847928
1,6131,116.466440
1,6132,45.089083
1,6133,71.860301
1,6134,5.167437
1,6135,315.527711
1,6136,5.179677
1,6137,307.104814
1,6138,3.597322
1,6139,5.183658
1,6140,381.204397
1,6141,87.641068
1,6142,302.155189
1,6143,19.926460
1,6144,9.872062
1,6145,25.494442
1,6146,58.667947
1,6147,233.493533
1,6148,2.528392
1,6149,225.390683
1,6150,2.870081
1,6151,3.280621
1,6152,273.697491
1,6153,6.613339
1,6154,288.505057
1,6155,274.893729
1,6156,5.041172
1,6157,187.053066
1,6158,215.708182
1,6159,2.995628
1,6160,57.604198
1,6161,4.249768
1,6162,314.351357
1,6163,368.527626
1,6164,287.809064
1,6165,563.244989
1,6166,78.833102
1,6167,170.755667
1,6168,193.545622
1,6169,130.446328
1,6170,272.722299
1,6171,186.638957
1,6172,91.044320
1,6173,4.205245
1,6174,91.845208
1,6175,73.051903
1,6176,347.663615
1,6177,6.462805
1,6178,94.278103
1,6179,488.909765
1,6180,3.412062
1,6181,490.216528
1,6182,9.326061
1,6183,344.265958
1,6184,227.960994
1,6185,32.929044
1,6186,4.948458
1,6187,112.867808
1,6188,5.383762
1,6189,192.071926
1,6190,89.153561
1,6191,47.788199
1,6192,85.356931
1,6193,3.875848
1,6194,76.470426
1,6195,250.762662
1,6196,134.640054
1,6197,98.119820
1,6198,5.466794
1,6199,49.450842
1,6200,137.789317
1,6201,247.335830
1,6202,167.976562
1,6203,2.522742
1,6204,98.497379
1,6205,165.414397
1,6206,3.801405
1,6207,136.611353
1,6208,2.698459
1,6209,4.051852
1,6210,254.276228
1,6211,3.305372
1,6212,16.709917
1,6213,4.458238
1,6214,127.211225
1,6215,39.495293
1,6216,3.278396
1,6217,106.582799
1,6218,118.405489
1,6219,4.548871
1,6220,276.942313
1,6221,12.497260
1,6222,4.626081
1,6223,280.365183
1,6224,3.210537
1,6225,233.632077
1,6226,313.609343
1,6227,31.515245
1,6228,491.806752
1,6229,4.717790
1,6230,181.541647
1,6231,97.035287
1,6232,423.330928
1,6233,63.492672
1,6234,104.046208
1,6235,337.887969
1,6236,41.858731
1,6237,271.593947
1,6238,4.701973
1,6239,594.895528
1,6240,3.224923
1,6241,4.672085
1,6242,487.382248
1,6243,438.983750
1,6244,36.345076
1,6245,141.058043
1,6246,95.196738
1,6247,583.518123
1,6248,4.566785
1,6249,100.818597
1,6250,8.600951
1,6251,318.701801
1,6252,210.171875
1,6253,32.453441
1,6254,258.991201
1,6255,175.474031
1,6256,84.757653
1,6257,228.479470
1,6258,75.803160
1,6259,370.141332
1,6260,279.845236
1,6261,382.724217
1,6262,423.698154
1,6263,152.303805
1,6264,4.199612
1,6265,219.776160
1,6266,181.082754
1,6267,281.897054
1,6268,322.054059
1,6269,5.698747
1,6270,318.481836
1,6271,221.988042
1,6272,272.324569
1,6273,261.026022
1,6274,502.601889
1,6275,69.157179
1,6276,147.737329
1,6277,177.407318
1,6278,22.023860
1,6279,352.504397
1,6280,172.911554
1,6281,10.970051
1,6282,31.761550
1,6283,0.724442
1,6284,14.035088
1,6285,107.024768
1,6286,42.172741
1,6287,129.451863
1,6288,2.583778
1,6289,1.519663
1,6290,4.715834
1,6291,13.777659
1,6292,79.291904
1,6293,81.607230
1,6294,3.423877
1,6295,50.306647
1,6296,3.755312
1,6297,193.484684
1,6298,26.161745
1,6299,112.385375
1,6300,0.574780
1,6301,83.454888
1,6302,5.386339
1,6303,195.351992
1,6304,4.152265
1,6305,57.911186
1,6306,2.511922
1,6307,201.959425
1,6308,61.813975
1,6309,123.540641
1,6310,90.902671
1,6311,10.795849
1,6312,64.804770
1,6313,4.731163
1,6314,232.883304
1,6315,443.449465
1,6316,0.749757
1,6317,113.417031
1,6318,10.837995
1,6319,10.246961
1,6320,33.246581
1,6321,3.095860
1,6322,14.009529
1,6323,3.331231
1,6324,202.049593
1,6325,4.916578
1,6326,33.908213
1,6327,77.834629
1,6328,210.109683
1,6329,4.478540
1,6330,82.209151
1,6331,23.306921
1,6332,152.218987
1,6333,9.991143
1,6334,63.128653
1,6335,4.701861
1,6336,9.902886
1,6337,205.759399
1,6338,18.497680
1,6339,169.312818
1,6340,31.555627
1,6341,7.230450
1,6342,131.153260
1,6343,201.424930
1,6344,200.616581
1,6345,372.350019
1,6346,28.483034
1,6347,2.846382
1,6348,28.223794
1,6349,196.272599
1,6350,208.579721
1,6351,141.880046
1,6352,4.054225
1,6353,85.111817
1,6354,2.719700
1,6355,139.032086
1,6356,114.489952
1,6357,39.056246
1,6358,243.103760
1,6359,3.871540
1,6360,88.750558
1,6361,49.292444
1,6362,115.346597
1,6363,1.450642
1,6364,233.726224
1,6365,56.618941
1,6366,28.647507
1,6367,172.438842
1,6368,2.678735
1,6369,57.692183
1,6370,2.768403
1,6371,17.378229
1,6372,8.716902
1,6373,85.531877
1,6374,211.141050
1,6375,3.355513
1,6376,435.139111
1,6377,42.475663
1,6378,0.771786
1,6379,23.349386
1,6380,105.484816
1,6381,1.133055
1,6382,55.309267
1,6383,221.899031
1,6384,1.225102
1,6385,98.945438
1,6386,327.459696
1,6387,198.102859
1,6388,142.089646
1,6389,152.656267
1,6390,3.096604
1,6391,46.511045
1,6392,3.513079
1,6393,179.096949
1,6394,110.488984
1,6395,164.942952
1,6396,174.631800
1,6397,219.722336
1,6398,3.813201
1,6399,109.224890
1,6400,134.626394
1,6401,2.577670
1,6402,177.794720
1,6403,186.944739
1,6404,8.944319
1,6405,93.710333
1,6406,3.752113
1,6407,94.638214
1,6408,105.913481
1,6409,7.736733
1,6410,46.835941
1,6411,4.208409
1,6412,76.171440
1,6413,22.903323
1,6414,194.807634
1,6415,4.095181
1,6416,56.804671
1,6417,220.387565
1,6418,3.011117
1,6419,96.737022
1,6420,301.170655
1,6421,4.246646
1,6422,96.559585
1,6423,92.367927
1,6424,497.416344
1,6425,4.221388
1,6426,67.706267
1,6427,178.407725
1,6428,31.009596
1,6429,17.314429
1,6430,90.982099
1,6431,295.531236
1,6432,294.685470
1,6433,5.292928
1,6434,189.857158
1,6435,6.216485
1,6436,35.944455
1,6437,302.544433
1,6438,3.890969
1,6439,231.609703
1,6440,4.215363
1,6441,28.569449
1,6442,12.728964
1,6443,339.138993
1,6444,3.909134
1,6445,30.108528
1,6446,234.499926
1,6447,289.804451
1,6448,286.530229
1,6449,59.542329
1,6450,2.767563
1,6451,171.014869
1,6452,96.557141
1,6453,222.554587
1,6454,117.000243
1,6455,176.062387
1,6456,369.451961
1,6457,378.852129
1,6458,4.223293
1,6459,260.120626
1,6460,5.168353
1,6461,518.150613
1,6462,5.171470
1,6463,373.042027
1,6464,91.484766
1,6465,565.641118
1,6466,5.873700
1,6467,101.482357
1,6468,567.526196
1,6469,19.869639
1,6470,531.094897
1,6471,243.868999
1,6472,475.104107
1,6473,3.861009
1,6474,324.511729
1,6475,521.434389
1,6476,506.643980
1,6477,6.666566
1,6478,287.079321
1,6479,276.818801
1,6480,88.359887
1,6481,6.801092
1,6482,362.013350
1,6483,325.926654
1,6484,292.985262
1,6485,9.129899
1,6486,632.836064
1,6487,6.899952
1,6488,115.087430
1,6489,634.418038
1,6490,214.533785
1,6491,634.503137
1,6492,6.684417
1,6493,365.658405
1,6494,720.129496
1,6495,4.698011
1,6496,213.605604
1,6497,541.575202
1,6498,242.368133
1,6499,399.648870
1,6500,377.630959
1,6501,4.635292
1,6502,375.797765
1,6503,83.932335
1,6504,123.416866
1,6505,83.981250
1,6506,323.275474
1,6507,4.854531
1,6508,525.940192
1,6509,164.266696
1,6510,7.454903
1,6511,137.892570
1,6512,363.292708
1,6513,27.820612
1,6514,517.631238
1,6515,159.688390
1,6516,151.157132
1,6517,2.204929
1,6518,99.078890
1,6519,22.182024
1,6520,140.772254
1,6521,3.551702
1,6522,328.757793
1,6523,26.219588
1,6524,7.161444
1,6525,14.387632
1,6526,484.576368
1,6527,4.789657
1,6528,2.981869
1,6529,61.701973
1,6530,244.523488
1,6531,716.339702
1,6532,379.721075
1,6533,3.851584
1,6534,468.802379
1,6535,5.897729
1,6536,106.664598
1,6537,38.063803
1,6538,329.224785
1,6539,5.976683
1,6540,520.024659
1,6541,4.264525
1,6542,421.199541
1,6543,101.853002
1,6544,532.894282
1,6545,6.238445
1,6546,177.991366
1,6547,42.740900
1,6548,541.154295
1,6549,4.453891
1,6550,543.839699
1,6551,115.988148
1,6552,252.756770
1,6553,609.646653
1,6554,636.887716
1,6555,6.612283
1,6556,110.791401
1,6557,610.544652
1,6558,3.958032
1,6559,453.009215
1,6560,259.017288
1,6561,377.104455
1,6562,366.064902
1,6563,6.354631
1,6564,433.915531
1,6565,282.896282
1,6566,103.911037
1,6567,628.435890
1,6568,6.488723
1,6569,108.658424
1,6570,597.210922
1,6571,4.363091
1,6572,47.241425
1,6573,507.835759
1,6574,615.330001
1,6575,269.405627
1,6576,135.022344
1,6577,189.660487
1,6578,4.203401
1,6579,124.585220
1,6580,140.715087
1,6581,7.295501
1,6582,217.270713
1,6583,3.629644
1,6584,286.585595
1,6585,71.587063
1,6586,451.579820
1,6587,4.573361
1,6588,83.191017
1,6589,471.459754
1,6590,5026.187465
1,6591,159.872886
1,6592,223.597464
1,6593,30.178718
1,6594,311.952777
1,6595,11.881149
1,6596,191.222050
1,6597,473.319245
1,6598,51.667168
1,6599,6.020658
1,6600,396.709059
1,6601,189.351690
1,6602,334.540889
1,6603,6.058662
1,6604,264.395907
1,6605,650.629056
1,6606,22.505522
1,6607,43.822014
1,6608,67.852461
1,6609,3.720804
1,6610,522.113280
1,6611,609.555239
1,6612,6.089055
1,6613,419.580036
1,6614,265.077536
1,6615,612.839333
1,6616,6.325300
1,6617,106.576863
1,6618,511.158737
1,6619,547.903228
1,6620,547.568762
1,6621,9.582082
1,6622,337.870075
1,6623,314.766635
1,6624,4.261357
1,6625,401.120407
1,6626,150.482585
1,6627,5.357406
1,6628,433.022991
1,6629,115.675941
1,6630,275.419186
1,6631,24.344140
1,6632,142.551313
1,6633,141.160033
1,6634,5.897292
1,6635,592.094344
1,6636,255.371113
1,6637,587.750842
1,6638,528.591077
1,6639,3.538874
1,6640,580.728038
1,6641,3.990595
1,6642,3.481469
1,6643,601.704658
1,6644,234.108173
1,6645,8.622721
1,6646,189.338474
1,6647,124.061145
1,6648,383.858518
1,6649,5.463801
1,6650,3.311504
1,6651,287.490054
1,6652,489.788837
1,6653,314.341411
1,6654,5.017065
1,6655,287.508575
1,6656,5.563683
1,6657,425.715648
1,6658,439.044151
1,6659,209.311935
1,6660,33.657645
1,6661,300.071127
1,6662,20.856008
1,6663,5.142130
1,6664,227.180811
1,6665,5.065502
1,6666,361.077382
1,6667,288.946175
1,6668,497.813116
1,6669,10.484061
1,6670,260.450900
1,6671,92.793229
1,6672,232.315175
1,6673,221.435021
1,6674,4.720430
1,6675,132.641823
1,6676,28.592164
1,6677,362.702051
1,6678,3.455106
1,6679,109.953311
1,6680,299.999439
1,6681,71.420319
1,6682,433.548791
1,6683,373.334808
1,6684,4.660049
1,6685,325.514012
1,6686,339.252908
1,6687,3.350257
1,6688,283.143221
1,6689,591.807668
1,6690,37.477190
1,6691,371.103571
1,6692,41.115212
1,6693,37.818576
1,6694,219.292971
1,6695,47.443111
1,6696,309.877575
1,6697,32.059824
1,6698,389.965743
1,6699,4.217550
1,6700,411.546323
1,6701,249.916506
1,6702,12.613565
1,6703,335.587389
1,6704,5.775457
1,6705,401.445390
1,6706,6.007847
1,6707,88.061244
1,6708,261.860712
1,6709,53.641971
1,6710,6.220833
1,6711,404.734298
1,6712,191.717058
1,6713,336.284298
1,6714,335.318738
1,6715,251.263504
1,6716,6.348770
1,6717,588.358114
1,6718,182.844268
1,6719,101.748203
1,6720,76.066331
1,6721,5.983456
1,6722,391.909335
1,6723,399.154260
1,6724,379.581936
1,6725,2.050347
1,6726,515.873132
1,6727,514.316005
1,6728,7.834090
1,6729,63.585683
1,6730,407.963940
1,6731,5.590473
1,6732,485.515042
1,6733,5.540462
1,6734,85.720445
1,6735,7.584543
1,6736,556.426201
1,6737,285.528013
1,6738,10.118835
1,6739,29.569443
1,6740,22.091047
1,6741,230.618994
1,6742,234.198521
1,6743,462.245107
1,6744,57.662181
1,6745,307.363183
1,6746,5.155527
1,6747,361.699736
1,6748,524.449871
1,6749,5.387876
1,6750,286.519090
1,6751,84.919301
1,6752,512.731596
1,6753,4.919064
1,6754,279.934042
1,6755,548.710183
1,6756,3.322100
1,6757,5.095179
1,6758,494.541848
1,6759,4.873774
1,6760,84.699746
1,6761,464.870646
1,6762,72.719669
1,6763,1700.875059
1,6764,89.257222
1,6765,67.218867
1,6766,131.484527
1,6767,224.055771
1,6768,2.505694
1,6769,1.546320
1,6770,155.055030
1,6771,329.698667
1,6772,3.298273
1,6773,214.969460
1,6774,4.123164
1,6775,370.572207
1,6776,317.996581
1,6777,4.446665
1,6778,72.396395
1,6779,5.342425
1,6780,250.818462
1,6781,353.106669
1,6782,4.815520
1,6783,348.335834
1,6784,84.692570
1,6785,431.209264
1,6786,5.283338
1,6787,236.136393
1,6788,512.967518
1,6789,443.829864
1,6790,49.412104
1,6791,5.536471
1,6792,313.517533
1,6793,85.854523
1,6794,1.202562
1,6795,157.185330
1,6796,113.196850
1,6797,290.095520
1,6798,2.761281
1,6799,57.981815
1,6800,340.062717
1,6801,214.577657
1,6802,48.946432
1,6803,345.322626
1,6804,2.587359
1,6805,36.226894
1,6806,194.935692
1,6807,4.362495
1,6808,100.877452
1,6809,4.715873
1,6810,474.547411
1,6811,8.717566
1,6812,278.415089
1,6813,35.831233
1,6814,30.367630
1,6815,231.551352
1,6816,1.692308
1,6817,90.024676
1,6818,5.205761
1,6819,298.003914
1,6820,3.803836
1,6821,120.445753
1,6822,5.517260
1,6823,237.813975
1,6824,17.107502
1,6825,5.254716
1,6826,32.042506
1,6827,124.461107
1,6828,57.420750
1,6829,9.969283
1,6830,522.033274
1,6831,5.333979
1,6832,449.033277
1,6833,315.058785
1,6834,8.848541
1,6835,177.446518
1,6836,4.729509
1,6837,16.891084
1,6838,468.170757
1,6839,5.324835
1,6840,3.964872
1,6841,232.941386
1,6842,5.295653
1,6843,175.760174
1,6844,14.397786
1,6845,5.255217
1,6846,164.755569
1,6847,317.996516
1,6848,173.555783
1,6849,149.099600
1,6850,117.117485
1,6851,498.860093
1,6852,5.303828
1,6853,503.536696
1,6854,215.913168
1,6855,5.056607
1,6856,565.932838
1,6857,306.967506
1,6858,561.208336
1,6859,30.367317
1,6860,117.252125
1,6861,27.307953
1,6862,225.031591
1,6863,72.791075
1,6864,13.288726
1,6865,91.175493
1,6866,3.527452
1,6867,153.443542
1,6868,4.700149
1,6869,28.859025
1,6870,111.457504
1,6871,39.685479
1,6872,106.837766
1,6873,0.000000
1,6874,31.248307
1,6875,1.644666
1,6876,143.545258
1,6877,1.551699
1,6878,68.482481
1,6879,2.961862
1,6880,151.743252
1,6881,11.095036
1,6882,3.338058
1,6883,22.686425
1,6884,91.607491
1,6885,13.316098
1,6886,7.509616
1,6887,95.036988
1,6888,4.118318
1,6889,139.545650
1,6890,260.129257
1,6891,4.385295
1,6892,24.763465
1,6893,87.053633
1,6894,3.397398
1,6895,417.905881
1,6896,4.707509
1,6897,407.705874
1,6898,499.675561
1,6899,3.344217
1,6900,164.446421
1,6901,217.042099
1,6902,8.230525
1,6903,167.031579
1,6904,4.418998
1,6905,15.992456
1,6906,446.378671
1,6907,5.053860
1,6908,3.769253
1,6909,224.493736
1,6910,5.088139
1,6911,170.466925
1,6912,13.981199
1,6913,5.103334
1,6914,161.172409
1,6915,216.770608
1,6916,5.102022
1,6917,572.124560
1,6918,524.759528
1,6919,3.524662
1,6920,169.992587
1,6921,222.712410
1,6922,309.567332
1,6923,169.096311
1,6924,145.391762
1,6925,114.295976
1,6926,487.313139
1,6927,5.162999
1,6928,492.635870
1,6929,4.691844
1,6930,3.664422
1,6931,158.410888
1,6932,4.894062
1,6933,29.928683
1,6934,115.683552
1,6935,86.995509
1,6936,84.204979
1,6937,13.197500
1,6938,19.952497
1,6939,113.304050
1,6940,32.573785
1,6941,41.589714
1,6942,400.343803
1,6943,4.626350
1,6944,10.325084
1,6945,276.618369
1,6946,251.379153
1,6947,79.429133
1,6948,1.039619
1,6949,145.482975
1,6950,5.180051
1,6951,292.592816
1,6952,93.880381
1,6953,297.807767
1,6954,33.690532
1,6955,204.361006
1,6956,2.991331
1,6957,71.120677
1,6958,67.532524
1,6959,2.082504
1,6960,172.835607
1,6961,3.965785
1,6962,29.136830
1,6963,329.654431
1,6964,439.367004
1,6965,60.314129
1,6966,4.408399
1,6967,438.971000
1,6968,76.246276
1,6969,2.647620
1,6970,210.314662
1,6971,392.297652
1,6972,4.583620
1,6973,319.637194
1,6974,3.207276
1,6975,389.150349
1,6976,4.264122
1,6977,424.905646
1,6978,31.394027
1,6979,74.616833
1,6980,288.528742
1,6981,42.682242
1,6982,118.945058
1,6983,4.849796
1,6984,504.528951
1,6985,4.865399
1,6986,114.368533
1,6987,10.744402
1,6988,16.067619
1,6989,575.197677
1,6990,4.871976
1,6991,164.086964
1,6992,415.251794
1,6993,2.926974
1,6994,503.714191
1,6995,3.341604
1,6996,4.829909
1,6997,378.483779
1,6998,4.806016
1,6999,2.883750
1,7000,109.670462
1,7001,220.704730
1,7002,4.913738
1,7003,151.197450
1,7004,152.911596
1,7005,234.149948
1,7006,76.396952
1,7007,0.962726
1,7008,139.960563
1,7009,2.597164
1,7010,7.734139
1,7011,134.574334
1,7012,127.210591
1,7013,2.676296
1,7014,272.673958
1,7015,23.579674
1,7016,4.525058
1,7017,40.843407
1,7018,123.457023
1,7019,3.877332
1,7020,129.614516
1,7021,292.055571
1,7022,2.589776
1,7023,29.049280
1,7024,90.740559
1,7025,139.520764
1,7026,3.896561
1,7027,144.738902
1,7028,259.881534
1,7029,2.929108
1,7030,6.072162
1,7031,255.532130
1,7032,369.906131
1,7033,13.489600
1,7034,6.994977
1,7035,40.284345
1,7036,112.625194
1,7037,4.715918
1,7038,35.517691
1,7039,277.613501
1,7040,4.606003
1,7041,3.416429
1,7042,65.602690
1,7043,385.423437
1,7044,131.777989
1,7045,486.435953
1,7046,8.814012
1,7047,206.375815
1,7048,400.287610
1,7049,27.486663
1,7050,458.270394
1,7051,4.807073
1,7052,84.169299
1,7053,464.329113
1,7054,41.140172
1,7055,266.847544
1,7056,8.102016
1,7057,412.993939
1,7058,149.235062
1,7059,3.133399
1,7060,63.653371
1,7061,104.909203
1,7062,4.512671
1,7063,473.171382
1,7064,4.636917
1,7065,259.585985
1,7066,104.164128
1,7067,285.920968
1,7068,588.620180
1,7069,4.375552
1,7070,316.130372
1,7071,75.488215
1,7072,392.278876
1,7073,65.686927
1,7074,38.438979
1,7075,256.120515
1,7076,4.362260
1,7077,253.643550
1,7078,4.158910
1,7079,502.485016
1,7080,301.489076
1,7081,4.227786
1,7082,311.388744
1,7083,10.347300
1,7084,183.209693
1,7085,4.114507
1,7086,349.789695
1,7087,131.414372
1,7088,2.839192
1,7089,177.985602
1,7090,87.575112
1,7091,239.420715
1,7092,3.768323
1,7093,154.525844
1,7094,3.846962
1,7095,91.038611
1,7096,4.335947
1,7097,87.497360
1,7098,500.488774
1,7099,3.560422
1,7100,267.374717
1,7101,167.463132
1,7102,384.722871
1,7103,3.569659
1,7104,413.438395
1,7105,217.245492
1,7106,5.348322
1,7107,31.386125
1,7108,333.186749
1,7109,163.620320
1,7110,0.000000
1,7111,121.339562
1,7112,75.032350
1,7113,149.978801
1,7114,9.858188
1,7115,100.535693
1,7116,255.766380
1,7117,10.490190
1,7118,291.308918
1,7119,217.626373
1,7120,61.115787
1,7121,188.683585
1,7122,5.612941
1,7123,134.540730
1,7124,20.318340
1,7125,6.574455
1,7126,144.926714
1,7127,43.786748
1,7128,146.621855
1,7129,387.956311
1,7130,386.794195
1,7131,505.366408
1,7132,16.622109
1,7133,480.325279
1,7134,7.189109
1,7135,129.972584
1,7136,5.170521
1,7137,7.592015
1,7138,193.678834
1,7139,176.433190
1,7140,8.097166
1,7141,325.829996
1,7142,17.641518
1,7143,100.089082
1,7144,528.479206
1,7145,315.255666
1,7146,44.565004
1,7147,16.400303
1,7148,330.245088
1,7149,191.485772
1,7150,206.586932
1,7151,6.784141
1,7152,380.711451
1,7153,330.140958
1,7154,135.562493
1,7155,48.751707
1,7156,96.243401
1,7157,196.946196
1,7158,100.163340
1,7159,56.245592
1,7160,326.620911
1,7161,227.971612
1,7162,5.299668
1,7163,115.716710
1,7164,113.748420
1,7165,153.183518
1,7166,398.861974
1,7167,118.772625
1,7168,12.522624
1,7169,317.898029
1,7170,6.461185
1,7171,11.006153
1,7172,91.870596
1,7173,7.397352
1,7174,215.406659
1,7175,246.220911
1,7176,1.679635
1,7177,19.483242
1,7178,40.290774
1,7179,3.285024
1,7180,81.542285
1,7181,9.287974
1,7182,129.376444
1,7183,4.453115
1,7184,207.411451
1,7185,36.391855
1,7186,5.286776
1,7187,166.985659
1,7188,173.881737
1,7189,3.947886
1,7190,3.565695
1,7191,185.280242
1,7192,64.546646
1,7193,193.129947
1,7194,133.219863
1,7195,86.748648
1,7196,443.944764
1,7197,108.020668
1,7198,4.148027
1,7199,78.991658
1,7200,91.508945
1,7201,386.040015
1,7202,44.966759
1,7203,293.430421
1,7204,150.093993
1,7205,7.678688
1,7206,50.484836
1,7207,5.055264
1,7208,16.882977
1,7209,182.236495
1,7210,447.249756
1,7211,187.954476
1,7212,7.873234
1,7213,49.592500
1,7214,5.506739
1,7215,511.258454
1,7216,7.289129
1,7217,157.803979
1,7218,122.803437
1,7219,184.189234
1,7220,46.969792
1,7221,192.007362
1,7222,305.578211
1,7223,7.255166
1,7224,4.526408
1,7225,261.463141
1,7226,9.384426
1,7227,11.721361
1,7228,228.978841
1,7229,6.368105
1,7230,298.785403
1,7231,6.327356
1,7232,385.009808
1,7233,146.900849
1,7234,233.070012
1,7235,28.135631
1,7236,223.379411
1,7237,1.538484
1,7238,150.615264
1,7239,27.695373
1,7240,82.128521
1,7241,61.456872
1,7242,16.029275
1,7243,368.989512
1,7244,4.734702
1,7245,53.634513
1,7246,145.362499
1,7247,26.676602
1,7248,741.188960
1,7249,6.747682
1,7250,198.478478
1,7251,226.676359
1,7252,9.091090
1,7253,32.850067
1,7254,197.943116
1,7255,35.363497
1,7256,8.281693
1,7257,106.199875
1,7258,83.052879
1,7259,4.340008
1,7260,33.529888
1,7261,3.214771
1,7262,65.632043
1,7263,232.498287
1,7264,37.204743
1,7265,453.687707
1,7266,42.958069
1,7267,473.885605
1,7268,259.365692
1,7269,210.828813
1,7270,163.156360
1,7271,5.448585
1,7272,25.307439
1,7273,85.507571
1,7274,186.217161
1,7275,15.318447
1,7276,137.076299
1,7277,26.585100
1,7278,279.440150
1,7279,282.330387
1,7280,48.063182
1,7281,11.631928
1,7282,4.803317
1,7283,511.700513
1,7284,310.378380
1,7285,4.866089
1,7286,212.246593
1,7287,16.347946
1,7288,304.671557
1,7289,294.105040
1,7290,6.965982
1,7291,314.584738
1,7292,14.599557
1,7293,214.034456
1,7294,4.930673
1,7295,47.492006
1,7296,5.264635
1,7297,657.329969
1,7298,6.954482
1,7299,76.925495
1,7300,96.923798
1,7301,50.298851
1,7302,47.050513
1,7303,302.383923
1,7304,4.848325
1,7305,210.499667
1,7306,71.432414
1,7307,461.284900
1,7308,91.052156
1,7309,46.454287
1,7310,93.458566
1,7311,27.037217
1,7312,316.113072
1,7313,421.658242
1,7314,8.632326
1,7315,271.089349
1,7316,7.669861
1,7317,15.458870
1,7318,209.726859
1,7319,38.239827
1,7320,25.331914
1,7321,25.892259
1,7322,66.425159
1,7323,139.157563
1,7324,3.881768
1,7325,535.768941
1,7326,14.765762
1,7327,423.673251
1,7328,4.300921
1,7329,68.567636
1,7330,9.249316
1,7331,4.213884
1,7332,36.626992
1,7333,9.764478
1,7334,18.461430
1,7335,262.660548
1,7336,4.354414
1,7337,259.510120
1,7338,555.355303
1,7339,39.923505
1,7340,5.722242
1,7341,77.145026
1,7342,183.630284
1,7343,5.520792
1,7344,181.694885
1,7345,3.315432
1,7346,121.469564
1,7347,5.072745
1,7348,37.602506
1,7349,443.861064
1,7350,296.143849
1,7351,5.181094
1,7352,67.010682
1,7353,27.759041
1,7354,222.128284
1,7355,5.185958
1,7356,218.984622
1,7357,4.925219
1,7358,106.954130
1,7359,3.341606
1,7360,53.488260
1,7361,24.039040
1,7362,126.267300
1,7363,58.306038
1,7364,2.530012
1,7365,47.305689
1,7366,66.294105
1,7367,131.886887
1,7368,373.946358
1,7369,32.921094
1,7370,167.134694
1,7371,4.821688
1,7372,177.484754
1,7373,10.569720
1,7374,112.104454
1,7375,3.956492
1,7376,117.128720
1,7377,3.875387
1,7378,13.591367
1,7379,123.290444
1,7380,7.684801
1,7381,9.798044
1,7382,18.863789
1,7383,104.819719
1,7384,5.485798
1,7385,30.299317
1,7386,4.424935
1,7387,233.435344
1,7388,28.838524
1,7389,20.002179
1,7390,356.010117
1,7391,21.357271
1,7392,6.211730
1,7393,211.948227
1,7394,176.104130
1,7395,13.660542
1,7396,53.299623
1,7397,4.683546
1,7398,157.594070
1,7399,19.878871
1,7400,45.942709
1,7401,453.711416
1,7402,5.937055
1,7403,15.794536
1,7404,243.800191
1,7405,251.732716
1,7406,10.412367
1,7407,145.616781
1,7408,7.215929
1,7409,85.520858
1,7410,6.284938
1,7411,313.179812
1,7412,445.624661
1,7413,7.136273
1,7414,375.063696
1,7415,7.094026
1,7416,118.255435
1,7417,412.826718
1,7418,286.143275
1,7419,8.406375
1,7420,86.703711
1,7421,41.113991
1,7422,6.573303
1,7423,150.958720
1,7424,5.596581
1,7425,429.704690
1,7426,7.307676
1,7427,343.153787
1,7428,25.104289
1,7429,5.385843
1,7430,199.500367
1,7431,336.835212
1,7432,197.088369
1,7433,5.330730
1,7434,9.381724
1,7435,330.101304
1,7436,201.472240
1,7437,10.914995
1,7438,250.565573
1,7439,40.527643
1,7440,18.254971
1,7441,685.602531
1,7442,15.386281
1,7443,4.993786
1,7444,389.651119
1,7445,88.145604
1,7446,611.353891
1,7447,3.814308
1,7448,246.625872
1,7449,69.229089
1,7450,177.798751
1,7451,5.787568
1,7452,94.472662
1,7453,61.942920
1,7454,97.692562
1,7455,149.702198
1,7456,129.963894
1,7457,3.222582
1,7458,25.042285
1,7459,5.769806
1,7460,124.166234
1,7461,32.797559
1,7462,192.528673
1,7463,4.850180
1,7464,117.287269
1,7465,11.649064
1,7466,282.165341
1,7467,4.482827
1,7468,188.312792
1,7469,131.716232
1,7470,5.605819
1,7471,314.833664
1,7472,98.781931
1,7473,112.728684
1,7474,277.115008
1,7475,4.377976
1,7476,222.882237
1,7477,154.695037
1,7478,82.084336
1,7479,692.735658
1,7480,42.550901
1,7481,200.386337
1,7482,6.405864
1,7483,193.835607
1,7484,151.772074
1,7485,46.357755
1,7486,5.602331
1,7487,196.470875
1,7488,127.031443
1,7489,156.347784
1,7490,116.009666
1,7491,8.625115
1,7492,298.270919
1,7493,125.976734
1,7494,4.807190
1,7495,238.440900
1,7496,120.120188
1,7497,137.172616
1,7498,103.519002
1,7499,216.137734
1,7500,486.276415
1,7501,46.751424
1,7502,4.763137
1,7503,348.373747
1,7504,6.301985
1,7505,138.536344
1,7506,4.402062
1,7507,345.003547
1,7508,4.372186
1,7509,6.286648
1,7510,192.568219
1,7511,441.583736
1,7512,5.445282
1,7513,51.486797
1,7514,5.770293
1,7515,249.475738
1,7516,19.733381
1,7517,36.749827
1,7518,38.724339
1,7519,81.070707
1,7520,160.065072
1,7521,10.174571
1,7522,5.182076
1,7523,13.896352
1,7524,322.512924
1,7525,5.742333
1,7526,148.900563
1,7527,5.033680
1,7528,254.412653
1,7529,12.356242
1,7530,251.672191
1,7531,87.817778
1,7532,317.980828
1,7533,26.022270
1,7534,7.119494
1,7535,317.103766
1,7536,40.114750
1,7537,176.456405
1,7538,73.184569
1,7539,144.349621
1,7540,58.123811
1,7541,1.409503
1,7542,32.113433
1,7543,0.066107
1,7544,232.582498
1,7545,2.678306
1,7546,185.313309
1,7547,142.963856
1,7548,127.647455
1,7549,165.007249
1,7550,105.606495
1,7551,2.539448
1,7552,33.469409
1,7553,105.709105
1,7554,4.699883
1,7555,64.956986
1,7556,43.449893
1,7557,46.310328
1,7558,194.287074
1,7559,495.564129
1,7560,6.950348
1,7561,45.140806
1,7562,204.010065
1,7563,55.897283
1,7564,111.063527
1,7565,3.903662
1,7566,36.690043
1,7567,37.121374
1,7568,6.092926
1,7569,4.312826
1,7570,260.251584
1,7571,6.017037
1,7572,70.597366
1,7573,600.876465
1,7574,3.614334
1,7575,131.119176
1,7576,5.910651
1,7577,185.539477
1,7578,13.015683
1,7579,126.262322
1,7580,6.140951
1,7581,254.813724
1,7582,41.459400
1,7583,160.792526
1,7584,339.491674
1,7585,5.622725
1,7586,6.142863
1,7587,453.312941
1,7588,9.070122
1,7589,54.096799
1,7590,24.018332
1,7591,130.376526
1,7592,130.069871
1,7593,5.825723
1,7594,102.573556
1,7595,29.228523
1,7596,103.560513
1,7597,128.215135
1,7598,12.600273
1,7599,474.677809
1,7600,6.175409
1,7601,129.720122
1,7602,5.625652
1,7603,126.611416
1,7604,56.630954
1,7605,111.054861
1,7606,3.843837
1,7607,35.802197
1,7608,35.816887
1,7609,235.904096
1,7610,5.582876
1,7611,239.667640
1,7612,5.055327
1,7613,204.044169
1,7614,257.991422
1,7615,184.769716
1,7616,34.189589
1,7617,22.470234
1,7618,3.822119
1,7619,223.878628
1,7620,5.519511
1,7621,445.900332
1,7622,85.035745
1,7623,138.028886
1,7624,4.925349
1,7625,108.116756
1,7626,28.157006
1,7627,41.207015
1,7628,161.641148
1,7629,160.618282
1,7630,368.677412
1,7631,3.216608
1,7632,15.077368
1,7633,220.610824
1,7634,79.572975
1,7635,137.053940
1,7636,113.253191
1,7637,155.423775
1,7638,88.818012
1,7639,1.103079
1,7640,133.596343
1,7641,2.193541
1,7642,220.821779
1,7643,49.070752
1,7644,123.438430
1,7645,5.486350
1,7646,25.018069
1,7647,106.162767
1,7648,1.998380
1,7649,67.607801
1,7650,345.783285
1,7651,4.659344
1,7652,214.875669
1,7653,3.521070
1,7654,28.147789
1,7655,213.862051
1,7656,391.414629
1,7657,227.791978
1,7658,48.747925
1,7659,3.667543
1,7660,21.177587
1,7661,3.730936
1,7662,74.563237
1,7663,161.100843
1,7664,176.115854
1,7665,26.508288
1,7666,342.724552
1,7667,3.388409
1,7668,29.906888
1,7669,34.410659
1,7670,136.564532
1,7671,3.897422
1,7672,92.914226
1,7673,4.273981
1,7674,24.834066
1,7675,3.197262
1,7676,112.477792
1,7677,201.801272
1,7678,243.457432
1,7679,302.054614
1,7680,187.371513
1,7681,30.031797
1,7682,19.278998
1,7683,136.096866
1,7684,344.298058
1,7685,417.795269
1,7686,3.842123
1,7687,285.120488
1,7688,2.229705
1,7689,183.802146
1,7690,129.176798
1,7691,2.548729
1,7692,78.280564
1,7693,292.156433
1,7694,66.785493
1,7695,223.709200
1,7696,288.884259
1,7697,238.380957
1,7698,357.721816
1,7699,22.068248
1,7700,35.027136
1,7701,280.983169
1,7702,8.144636
1,7703,27.177336
1,7704,23.178939
1,7705,7.271096
1,7706,185.206020
1,7707,1.023792
1,7708,110.864474
1,7709,85.452229
1,7710,89.347546
1,7711,206.630224
1,7712,256.979267
1,7713,2.594615
1,7714,69.836967
1,7715,10.071014
1,7716,192.411329
1,7717,3.077753
1,7718,147.795630
1,7719,6.128616
1,7720,256.753600
1,7721,154.070924
1,7722,4.664864
1,7723,285.861939
1,7724,149.518581
1,7725,201.468496
1,7726,342.762704
1,7727,276.715817
1,7728,5.000790
1,7729,216.660260
1,7730,3.829811
1,7731,115.393478
1,7732,284.886000
1,7733,3.642569
1,7734,41.722288
1,7735,148.086646
1,7736,14.247784
1,7737,48.728656
1,7738,3.705694
1,7739,722.816750
1,7740,3.718246
1,7741,234.315354
1,7742,7.203876
1,7743,218.836665
1,7744,5.268283
1,7745,44.963640
1,7746,278.645943
1,7747,290.629448
1,7748,4.063643
1,7749,2.698384
1,7750,173.265332
1,7751,3.689697
1,7752,229.460954
1,7753,3.670477
1,7754,44.707728
1,7755,318.745346
1,7756,5.149152
1,7757,351.837199
1,7758,4.827385
1,7759,175.737782
1,7760,27.013914
1,7761,52.981969
1,7762,86.076856
1,7763,106.346217
1,7764,15.421065
1,7765,81.350535
1,7766,222.005487
1,7767,3.456165
1,7768,51.493853
1,7769,74.929319
1,7770,122.688511
1,7771,25.776904
1,7772,5.357011
1,7773,158.761918
1,7774,99.583427
1,7775,2.947630
1,7776,101.214983
1,7777,47.358946
1,7778,161.494505
1,7779,17.448176
1,7780,2.105522
1,7781,197.331443
1,7782,24.273749
1,7783,47.590430
1,7784,77.205838
1,7785,95.202127
1,7786,44.442549
1,7787,236.574199
1,7788,13.507955
1,7789,35.324295
1,7790,2.936787
1,7791,45.285245
1,7792,2.887183
1,7793,69.877284
1,7794,1.852651
1,7795,2.812217
1,7796,119.804576
1,7797,93.112088
1,7798,159.813591
1,7799,135.814747
1,7800,20.018815
1,7801,181.439048
1,7802,2.476247
1,7803,100.569353
1,7804,5.225547
1,7805,58.321385
1,7806,111.754019
1,7807,61.259675
1,7808,21.654183
1,7809,80.696406
1,7810,182.720834
1,7811,36.992660
1,7812,184.977118
1,7813,205.975579
1,7814,146.368484
1,7815,95.573709
1,7816,2.231464
1,7817,165.955685
1,7818,2.459098
1,7819,82.005165
1,7820,133.828665
1,7821,142.698998
1,7822,1.834377
1,7823,239.173800
1,7824,150.995168
1,7825,62.705576
1,7826,108.637597
1,7827,253.720583
1,7828,9.234490
1,7829,5.146782
1,7830,4.640017
1,7831,119.642011
1,7832,81.788613
1,7833,166.479477
1,7834,121.825329
1,7835,244.897247
1,7836,84.645589
1,7837,29.122323
1,7838,368.338053
1,7839,2.333101
1,7840,112.738305
1,7841,223.722995
1,7842,278.461224
1,7843,224.655214
1,7844,335.042149
1,7845,3.540368
1,7846,104.985269
1,7847,324.255617
1,7848,6.896247
1,7849,105.053549
1,7850,324.185695
1,7851,266.377718
1,7852,267.872314
1,7853,224.930477
1,7854,6.862243
1,7855,278.523929
1,7856,172.631205
1,7857,194.442564
1,7858,8.090968
1,7859,52.051466
1,7860,124.396027
1,7861,263.242014
1,7862,220.649423
1,7863,2.296640
1,7864,326.546215
1,7865,3.647266
1,7866,324.329822
1,7867,298.854029
1,7868,321.947282
1,7869,2.227530
1,7870,1.899305
1,7871,164.686597
1,7872,3.288167
1,7873,107.183385
1,7874,21.393302
1,7875,57.455536
1,7876,9.502696
1,7877,123.658535
1,7878,33.754543
1,7879,28.826416
1,7880,1.001553
1,7881,15.226303
1,7882,147.706049
1,7883,10.318210
1,7884,58.084195
1,7885,92.641113
1,7886,19.954604
1,7887,2.174095
1,7888,178.102999
1,7889,297.387155
1,7890,100.053499
1,7891,20.676213
1,7892,23.499873
1,7893,13.247560
1,7894,71.651332
1,7895,111.815548
1,7896,4.124656
1,7897,156.410454
1,7898,3.126823
1,7899,46.148146
1,7900,2.157718
1,7901,14.344281
1,7902,83.560042
1,7903,162.979419
1,7904,60.435281
1,7905,204.255461
1,7906,73.167954
1,7907,11.630684
1,7908,121.078741
1,7909,171.166407
1,7910,21.920582
1,7911,99.855955
1,7912,121.269923
1,7913,258.039515
1,7914,82.799773
1,7915,82.817370
1,7916,3.375621
1,7917,376.432409
1,7918,2.295318
1,7919,115.338134
1,7920,2.942105
1,7921,50.551230
1,7922,34.381294
1,7923,215.409787
1,7924,3.334271
1,7925,64.803716
1,7926,154.685249
1,7927,150.947241
1,7928,121.897809
1,7929,189.242174
1,7930,1.381124
1,7931,274.232043
1,7932,226.111974
1,7933,296.677928
1,7934,86.985799
1,7935,84.846166
1,7936,1.705081
1,7937,2.259751
1,7938,190.050657
1,7939,98.782235
1,7940,233.229632
1,7941,244.986552
1,7942,138.793817
1,7943,233.104356
1,7944,234.942916
1,7945,10.775394
1,7946,249.625974
1,7947,94.054028
1,7948,410.272427
1,7949,221.613168
1,7950,136.328480
1,7951,277.210909
1,7952,3.214496
1,7953,285.469870
1,7954,276.960725
1,7955,363.143641
1,7956,331.709146
1,7957,66.670635
1,7958,115.083991
1,7959,432.635225
1,7960,3.124608
1,7961,35.482327
1,7962,118.270906
1,7963,367.403937
1,7964,331.986199
1,7965,176.610155
1,7966,390.768488
1,7967,243.541309
1,7968,5.372972
1,7969,5.737498
1,7970,356.753410
1,7971,18.129331
1,7972,245.870578
1,7973,474.839550
1,7974,3.776428
1,7975,475.182317
1,7976,5.425915
1,7977,38.304590
1,7978,79.831615
1,7979,179.442594
1,7980,179.244740
1,7981,59.136928
1,7982,67.238974
1,7983,1.147132
1,7984,88.116268
1,7985,113.417986
1,7986,2.288631
1,7987,2.757849
1,7988,211.711116
1,7989,153.732726
1,7990,3.448323
1,7991,208.812287
1,7992,86.270508
1,7993,289.857868
1,7994,2.597922
1,7995,90.103935
1,7996,4.357603
1,7997,367.092450
1,7998,30.127827
1,7999,255.500883
1,8000,224.394631
1,8001,189.267095
1,8002,149.999657
1,8003,372.927554
1,8004,174.029334
1,8005,604.177112
1,8006,344.483670
1,8007,724.352512
1,8008,3.400800
1,8009,108.332629
1,8010,5.320579
1,8011,445.300923
1,8012,431.883992
1,8013,9.985918
1,8014,115.788342
1,8015,4.847928
1,8016,116.466440
1,8017,45.089083
1,8018,71.860301
1,8019,5.167437
1,8020,315.527711
1,8021,5.179677
1,8022,307.104814
1,8023,3.597322
1,8024,5.183658
1,8025,381.204397
1,8026,87.641068
1,8027,302.155189
1,8028,19.926460
1,8029,9.872062
1,8030,25.494442
1,8031,58.667947
1,8032,233.493533
1,8033,2.528392
1,8034,225.390683
1,8035,2.870081
1,8036,3.280621
1,8037,273.697491
1,8038,6.613339
1,8039,288.505057
1,8040,274.893729
1,8041,5.041172
1,8042,187.053066
1,8043,215.708182
1,8044,2.995628
1,8045,57.604198
1,8046,4.249768
1,8047,314.351357
1,8048,368.527626
1,8049,287.809064
1,8050,563.244989
1,8051,78.833102
1,8052,170.755667
1,8053,193.545622
1,8054,130.446328
1,8055,272.722299
1,8056,186.638957
1,8057,91.044320
1,8058,4.205245
1,8059,91.845208
1,8060,73.051903
1,8061,347.663615
1,8062,6.462805
1,8063,94.278103
1,8064,488.909765
1,8065,3.412062
1,8066,490.216528
1,8067,9.326061
1,8068,344.265958
1,8069,227.960994
1,8070,32.929044
1,8071,4.948458
1,8072,112.867808
1,8073,5.383762
1,8074,192.071926
1,8075,89.153561
1,8076,47.788199
1,8077,85.356931
1,8078,3.875848
1,8079,76.470426
1,8080,250.762662
1,8081,134.640054
1,8082,98.119820
1,8083,5.466794
1,8084,49.450842
1,8085,137.789317
1,8086,247.335830
1,8087,167.976562
1,8088,2.522742
1,8089,98.497379
1,8090,165.414397
1,8091,3.801405
1,8092,136.611353
1,8093,2.698459
1,8094,4.051852
1,8095,254.276228
1,8096,3.305372
1,8097,16.709917
1,8098,4.458238
1,8099,127.211225
1,8100,39.495293
1,8101,3.278396
1,8102,106.582799
1,8103,118.405489
1,8104,4.548871
1,8105,276.942313
1,8106,12.497260
1,8107,4.626081
1,8108,280.365183
1,8109,3.210537
1,8110,233.632077
1,8111,313.609343
1,8112,31.515245
1,8113,491.806752
1,8114,4.717790
1,8115,181.541647
1,8116,97.035287
1,8117,423.330928
1,8118,63.492672
1,8119,104.046208
1,8120,337.887969
1,8121,41.858731
1,8122,271.593947
1,8123,4.701973
1,8124,594.895528
1,8125,3.224923
1,8126,4.672085
1,8127,487.382248
1,8128,438.983750
1,8129,36.345076
1,8130,141.058043
1,8131,95.196738
1,8132,583.518123
1,8133,4.566785
1,8134,100.818597
1,8135,8.600951
1,8136,318.701801
1,8137,210.171875
1,8138,32.453441
1,8139,258.991201
1,8140,175.474031
1,8141,84.757653
1,8142,228.479470
1,8143,75.803160
1,8144,370.141332
1,8145,279.845236
1,8146,382.724217
1,8147,423.698154
1,8148,152.303805
1,8149,4.199612
1,8150,219.776160
1,8151,181.082754
1,8152,281.897054
1,8153,322.054059
1,8154,5.698747
1,8155,318.481836
1,8156,221.988042
1,8157,272.324569
1,8158,261.026022
1,8159,502.601889
1,8160,69.157179
1,8161,147.737329
1,8162,177.407318
1,8163,22.023860
1,8164,352.504397
1,8165,172.911554
1,8166,10.970051
1,8167,31.761550
1,8168,0.724442
1,8169,14.035088
1,8170,107.024768
1,8171,42.172741
1,8172,129.451863
1,8173,2.583778
1,8174,1.519663
1,8175,4.715834
1,8176,13.777659
1,8177,79.291904
1,8178,81.607230
1,8179,3.423877
1,8180,50.306647
1,8181,3.755312
1,8182,193.484684
1,8183,26.161745
1,8184,112.385375
1,8185,0.574780
1,8186,83.454888
1,8187,5.386339
1,8188,195.351992
1,8189,4.152265
1,8190,57.911186
1,8191,2.511922
1,8192,201.959425
1,8193,61.813975
1,8194,123.540641
1,8195,90.902671
1,8196,10.795849
1,8197,64.804770
1,8198,4.731163
1,8199,232.883304
1,8200,443.449465
1,8201,0.749757
1,8202,113.417031
1,8203,10.837995
1,8204,10.246961
1,8205,33.246581
1,8206,3.095860
1,8207,14.009529
1,8208,3.331231
1,8209,202.049593
1,8210,4.916578
1,8211,33.908213
1,8212,77.834629
1,8213,210.109683
1,8214,4.478540
1,8215,82.209151
1,8216,23.306921
1,8217,152.218987
1,8218,9.991143
1,8219,63.128653
1,8220,4.701861
1,8221,9.902886
1,8222,205.759399
1,8223,18.497680
1,8224,169.312818
1,8225,31.555627
1,8226,7.230450
1,8227,131.153260
1,8228,201.424930
1,8229,200.616581
1,8230,372.350019
1,8231,28.483034
1,8232,2.846382
1,8233,28.223794
1,8234,196.272599
1,8235,208.579721
1,8236,141.880046
1,8237,4.054225
1,8238,85.111817
1,8239,2.719700
1,8240,139.032086
1,8241,114.489952
1,8242,39.056246
1,8243,243.103760
1,8244,3.871540
1,8245,88.750558
1,8246,49.292444
1,8247,115.346597
1,8248,1.450642
1,8249,233.726224
1,8250,56.618941
1,8251,28.647507
1,8252,172.438842
1,8253,2.678735
1,8254,57.692183
1,8255,2.768403
1,8256,17.378229
1,8257,8.716902
1,8258,85.531877
1,8259,211.141050
1,8260,3.355513
1,8261,435.139111
1,8262,42.475663
1,8263,0.771786
1,8264,23.349386
1,8265,105.484816
1,8266,1.133055
1,8267,55.309267
1,8268,221.899031
1,8269,1.225102
1,8270,98.945438
1,8271,327.459696
1,8272,198.102859
1,8273,142.089646
1,8274,152.656267
1,8275,3.096604
1,8276,46.511045
1,8277,3.513079
1,8278,179.096949
1,8279,110.488984
1,8280,164.942952
1,8281,174.631800
1,8282,219.722336
1,8283,3.813201
1,8284,109.224890
1,8285,134.626394
1,8286,2.577670
1,8287,177.794720
1,8288,186.944739
1,8289,8.944319
1,8290,93.710333
1,8291,3.752113
1,8292,94.638214
1,8293,105.913481
1,8294,7.736733
1,8295,46.835941
1,8296,4.208409
1,8297,76.171440
1,8298,22.903323
1,8299,194.807634
1,8300,4.095181
1,8301,56.804671
1,8302,220.387565
1,8303,3.011117
1,8304,96.737022
1,8305,301.170655
1,8306,4.246646
1,8307,96.559585
1,8308,92.367927
1,8309,497.416344
1,8310,4.221388
1,8311,67.706267
1,8312,178.407725
1,8313,31.009596
1,8314,17.314429
1,8315,90.982099
1,8316,295.531236
1,8317,294.685470
1,8318,5.292928
1,8319,189.857158
1,8320,6.216485
1,8321,35.944455
1,8322,302.544433
1,8323,3.890969
1,8324,231.609703
1,8325,4.215363
1,8326,28.569449
1,8327,12.728964
1,8328,339.138993
1,8329,3.909134
1,8330,30.108528
1,8331,234.499926
1,8332,289.804451
1,8333,286.530229
1,8334,59.542329
1,8335,2.767563
1,8336,171.014869
1,8337,96.557141
1,8338,222.554587
1,8339,117.000243
1,8340,176.062387
1,8341,369.451961
1,8342,378.852129
1,8343,4.223293
1,8344,260.120626
1,8345,5.168353
1,8346,518.150613
1,8347,5.171470
1,8348,373.042027
1,8349,91.484766
1,8350,565.641118
1,8351,5.873700
1,8352,101.482357
1,8353,567.526196
1,8354,19.869639
1,8355,531.094897
1,8356,243.868999
1,8357,475.104107
1,8358,3.861009
1,8359,324.511729
1,8360,521.434389
1,8361,506.643980
1,8362,6.666566
1,8363,287.079321
1,8364,276.818801
1,8365,88.359887
1,8366,6.801092
1,8367,362.013350
1,8368,325.926654
1,8369,292.985262
1,8370,9.129899
1,8371,632.836064
1,8372,6.899952
1,8373,115.087430
1,8374,634.418038
1,8375,214.533785
1,8376,634.503137
1,8377,6.684417
1,8378,365.658405
1,8379,720.129496
1,8380,4.698011
1,8381,213.605604
1,8382,541.575202
1,8383,242.368133
1,8384,399.648870
1,8385,377.630959
1,8386,4.635292
1,8387,375.797765
1,8388,83.932335
1,8389,123.416866
1,8390,83.981250
1,8391,323.275474
1,8392,4.854531
1,8393,525.940192
1,8394,164.266696
1,8395,7.454903
1,8396,137.892570
1,8397,363.292708
1,8398,27.820612
1,8399,517.631238
1,8400,159.688390
1,8401,151.157132
1,8402,2.204929
1,8403,99.078890
1,8404,22.182024
1,8405,140.772254
1,8406,3.551702
1,8407,328.757793
1,8408,26.219588
1,8409,7.161444
1,8410,14.387632
1,8411,484.576368
1,8412,4.789657
1,8413,2.981869
1,8414,61.701973
1,8415,244.523488
1,8416,716.339702
1,8417,379.721075
1,8418,3.851584
1,8419,468.802379
1,8420,5.897729
1,8421,106.664598
1,8422,38.063803
1,8423,329.224785
1,8424,5.976683
1,8425,520.024659
1,8426,4.264525
1,8427,421.199541
1,8428,101.853002
1,8429,532.894282
1,8430,6.238445
1,8431,177.991366
1,8432,42.740900
1,8433,541.154295
1,8434,4.453891
1,8435,543.839699
1,8436,115.988148
1,8437,252.756770
1,8438,609.646653
1,8439,636.887716
1,8440,6.612283
1,8441,110.791401
1,8442,610.544652
1,8443,3.958032
1,8444,453.009215
1,8445,259.017288
1,8446,377.104455
1,8447,366.064902
1,8448,6.354631
1,8449,433.915531
1,8450,282.896282
1,8451,103.911037
1,8452,628.435890
1,8453,6.488723
1,8454,108.658424
1,8455,597.210922
1,8456,4.363091
1,8457,47.241425
1,8458,507.835759
1,8459,615.330001
1,8460,269.405627
1,8461,135.022344
1,8462,189.660487
1,8463,4.203401
1,8464,124.585220
1,8465,140.715087
1,8466,7.295501
1,8467,217.270713
1,8468,3.629644
1,8469,286.585595
1,8470,71.587063
1,8471,451.579820
1,8472,4.573361
1,8473,83.191017
1,8474,471.459754
1,8475,5026.187465
1,8476,159.872886
1,8477,223.597464
1,8478,30.178718
1,8479,311.952777
1,8480,11.881149
1,8481,191.222050
1,8482,473.319245
1,8483,51.667168
1,8484,6.020658
1,8485,396.709059
1,8486,189.351690
1,8487,334.540889
1,8488,6.058662
1,8489,264.395907
1,8490,650.629056
1,8491,22.505522
1,8492,43.822014
1,8493,67.852461
1,8494,3.720804
1,8495,522.113280
1,8496,609.555239
1,8497,6.089055
1,8498,419.580036
1,8499,265.077536
1,8500,612.839333
1,8501,6.325300
1,8502,106.576863
1,8503,511.158737
1,8504,547.903228
1,8505,547.568762
1,8506,9.582082
1,8507,337.870075
1,8508,314.766635
1,8509,4.261357
1,8510,401.120407
1,8511,150.482585
1,8512,5.357406
1,8513,433.022991
1,8514,115.675941
1,8515,275.419186
1,8516,24.344140
1,8517,142.551313
1,8518,141.160033
1,8519,5.897292
1,8520,592.094344
1,8521,255.371113
1,8522,587.750842
1,8523,528.591077
1,8524,3.538874
1,8525,580.728038
1,8526,3.990595
1,8527,3.481469
1,8528,601.704658
1,8529,234.108173
1,8530,8.622721
1,8531,189.338474
1,8532,124.061145
1,8533,383.858518
1,8534,5.463801
1,8535,3.311504
1,8536,287.490054
1,8537,489.788837
1,8538,314.341411
1,8539,5.017065
1,8540,287.508575
1,8541,5.563683
1,8542,425.715648
1,8543,439.044151
1,8544,209.311935
1,8545,33.657645
1,8546,300.071127
1,8547,20.856008
1,8548,5.142130
1,8549,227.180811
1,8550,5.065502
1,8551,361.077382
1,8552,288.946175
1,8553,497.813116
1,8554,10.484061
1,8555,260.450900
1,8556,92.793229
1,8557,232.315175
1,8558,221.435021
1,8559,4.720430
1,8560,132.641823
1,8561,28.592164
1,8562,362.702051
1,8563,3.455106
1,8564,109.953311
1,8565,299.999439
1,8566,71.420319
1,8567,433.548791
1,8568,373.334808
1,8569,4.660049
1,8570,325.514012
1,8571,339.252908
1,8572,3.350257
1,8573,283.143221
1,8574,591.807668
1,8575,37.477190
1,8576,371.103571
1,8577,41.115212
1,8578,37.818576
1,8579,219.292971
1,8580,47.443111
1,8581,309.877575
1,8582,32.059824
1,8583,389.965743
1,8584,4.217550
1,8585,411.546323
1,8586,249.916506
1,8587,12.613565
1,8588,335.587389
1,8589,5.775457
1,8590,401.445390
1,8591,6.007847
1,8592,88.061244
1,8593,261.860712
1,8594,53.641971
1,8595,6.220833
1,8596,404.734298
1,8597,191.717058
1,8598,336.284298
1,8599,335.318738
1,8600,251.263504
1,8601,6.348770
1,8602,588.358114
1,8603,182.844268
1,8604,101.748203
1,8605,76.066331
1,8606,5.983456
1,8607,391.909335
1,8608,399.154260
1,8609,379.581936
1,8610,2.050347
1,8611,515.873132
1,8612,514.316005
1,8613,7.834090
1,8614,63.585683
1,8615,407.963940
1,8616,5.590473
1,8617,485.515042
1,8618,5.540462
1,8619,85.720445
1,8620,7.584543
1,8621,556.426201
1,8622,285.528013
1,8623,10.118835
1,8624,29.569443
1,8625,22.091047
1,8626,230.618994
1,8627,234.198521
1,8628,462.245107
1,8629,57.662181
1,8630,307.363183
1,8631,5.155527
1,8632,361.699736
1,8633,524.449871
1,8634,5.387876
1,8635,286.519090
1,8636,84.919301
1,8637,512.731596
1,8638,4.919064
1,8639,279.934042
1,8640,548.710183
1,8641,3.322100
1,8642,5.095179
1,8643,494.541848
1,8644,4.873774
1,8645,84.699746
1,8646,464.870646
1,8647,72.719669
1,8648,1700.875059
1,8649,89.257222
1,8650,67.218867
1,8651,131.484527
1,8652,224.055771
1,8653,2.505694
1,8654,1.546320
1,8655,155.055030
1,8656,329.698667
1,8657,3.298273
1,8658,214.969460
1,8659,4.123164
1,8660,370.572207
1,8661,317.996581
1,8662,4.446665
1,8663,72.396395
1,8664,5.342425
1,8665,250.818462
1,8666,353.106669
1,8667,4.815520
1,8668,348.335834
1,8669,84.692570
1,8670,431.209264
1,8671,5.283338
1,8672,236.136393
1,8673,512.967518
1,8674,443.829864
1,8675,49.412104
1,8676,5.536471
1,8677,313.517533
1,8678,85.854523
1,8679,1.202562
1,8680,157.185330
1,8681,113.196850
1,8682,290.095520
1,8683,2.761281
1,8684,57.981815
1,8685,340.062717
1,8686,214.577657
1,8687,48.946432
1,8688,345.322626
1,8689,2.587359
1,8690,36.226894
1,8691,194.935692
1,8692,4.362495
1,8693,100.877452
1,8694,4.715873
1,8695,474.547411
1,8696,8.717566
1,8697,278.415089
1,8698,35.831233
1,8699,30.367630
1,8700,231.551352
1,8701,1.692308
1,8702,90.024676
1,8703,5.205761
1,8704,298.003914
1,8705,3.803836
1,8706,120.445753
1,8707,5.517260
1,8708,237.813975
1,8709,17.107502
1,8710,5.254716
1,8711,32.042506
1,8712,124.461107
1,8713,57.420750
1,8714,9.969283
1,8715,522.033274
1,8716,5.333979
1,8717,449.033277
1,8718,315.058785
1,8719,8.848541
1,8720,177.446518
1,8721,4.729509
1,8722,16.891084
1,8723,468.170757
1,8724,5.324835
1,8725,3.964872
1,8726,232.941386
1,8727,5.295653
1,8728,175.760174
1,8729,14.397786
1,8730,5.255217
1,8731,164.755569
1,8732,317.996516
1,8733,173.555783
1,8734,149.099600
1,8735,117.117485
1,8736,498.860093
1,8737,5.303828
1,8738,503.536696
1,8739,215.913168
1,8740,5.056607
1,8741,565.932838
1,8742,306.967506
1,8743,561.208336
1,8744,30.367317
1,8745,117.252125
1,8746,27.307953
1,8747,225.031591
1,8748,72.791075
1,8749,13.288726
1,8750,91.175493
1,8751,3.527452
1,8752,153.443542
1,8753,4.700149
1,8754,28.859025
1,8755,111.457504
1,8756,39.685479
1,8757,106.837766
1,8758,0.000000
1,8759,31.248307
1,8760,1.644666
1,8761,143.545258
1,8762,1.551699
1,8763,68.482481
1,8764,2.961862
1,8765,151.743252
1,8766,11.095036
1,8767,3.338058
1,8768,22.686425
1,8769,91.607491
1,8770,13.316098
1,8771,7.509616
1,8772,95.036988
1,8773,4.118318
1,8774,139.545650
1,8775,260.129257
1,8776,4.385295
1,8777,24.763465
1,8778,87.053633
1,8779,3.397398
1,8780,417.905881
1,8781,4.707509
1,8782,407.705874
1,8783,499.675561
1,8784,3.344217
1,8785,164.446421
1,8786,217.042099
1,8787,8.230525
1,8788,167.031579
1,8789,4.418998
1,8790,15.992456
1,8791,446.378671
1,8792,5.053860
1,8793,3.769253
1,8794,224.493736
1,8795,5.088139
1,8796,170.466925
1,8797,13.981199
1,8798,5.103334
1,8799,161.172409
1,8800,216.770608
1,8801,5.102022
1,8802,572.124560
1,8803,524.759528
1,8804,3.524662
1,8805,169.992587
1,8806,222.712410
1,8807,309.567332
1,8808,169.096311
1,8809,145.391762
1,8810,114.295976
1,8811,487.313139
1,8812,5.162999
1,8813,492.635870
1,8814,4.691844
1,8815,3.664422
1,8816,158.410888
1,8817,4.894062
1,8818,29.928683
1,8819,115.683552
1,8820,86.995509
1,8821,84.204979
1,8822,13.197500
1,8823,19.952497
1,8824,113.304050
1,8825,32.573785
1,8826,41.589714
1,8827,400.343803
1,8828,4.626350
1,8829,10.325084
1,8830,276.618369
1,8831,251.379153
1,8832,79.429133
1,8833,1.039619
1,8834,145.482975
1,8835,5.180051
1,8836,292.592816
1,8837,93.880381
1,8838,297.807767
1,8839,33.690532
1,8840,204.361006
1,8841,2.991331
1,8842,71.120677
1,8843,67.532524
1,8844,2.082504
1,8845,172.835607
1,8846,3.965785
1,8847,29.136830
1,8848,329.654431
1,8849,439.367004
1,8850,60.314129
1,8851,4.408399
1,8852,438.971000
1,8853,76.246276
1,8854,2.647620
1,8855,210.314662
1,8856,392.297652
1,8857,4.583620
1,8858,319.637194
1,8859,3.207276
1,8860,389.150349
1,8861,4.264122
1,8862,424.905646
1,8863,31.394027
1,8864,74.616833
1,8865,288.528742
1,8866,42.682242
1,8867,118.945058
1,8868,4.849796
1,8869,504.528951
1,8870,4.865399
1,8871,114.368533
1,8872,10.744402
1,8873,16.067619
1,8874,575.197677
1,8875,4.871976
1,8876,164.086964
1,8877,415.251794
1,8878,2.926974
1,8879,503.714191
1,8880,3.341604
1,8881,4.829909
1,8882,378.483779
1,8883,4.806016
1,8884,2.883750
1,8885,109.670462
1,8886,220.704730
1,8887,4.913738
1,8888,151.197450
1,8889,152.911596
1,8890,234.149948
1,8891,76.396952
1,8892,0.962726
1,8893,139.960563
1,8894,2.597164
1,8895,7.734139
1,8896,134.574334
1,8897,127.210591
1,8898,2.676296
1,8899,272.673958
1,8900,23.579674
1,8901,4.525058
1,8902,40.843407
1,8903,123.457023
1,8904,3.877332
1,8905,129.614516
1,8906,292.055571
1,8907,2.589776
1,8908,29.049280
1,8909,90.740559
1,8910,139.520764
1,8911,3.896561
1,8912,144.738902
1,8913,259.881534
1,8914,2.929108
1,8915,6.072162
1,8916,255.532130
1,8917,369.906131
1,8918,13.489600
1,8919,6.994977
1,8920,40.284345
1,8921,112.625194
1,8922,4.715918
1,8923,35.517691
1,8924,277.613501
1,8925,4.606003
1,8926,3.416429
1,8927,65.602690
1,8928,385.423437
1,8929,131.777989
1,8930,486.435953
1,8931,8.814012
1,8932,206.375815
1,8933,400.287610
1,8934,27.486663
1,8935,458.270394
1,8936,4.807073
1,8937,84.169299
1,8938,464.329113
1,8939,41.140172
1,8940,266.847544
1,8941,8.102016
1,8942,412.993939
1,8943,149.235062
1,8944,3.133399
1,8945,63.653371
1,8946,104.909203
1,8947,4.512671
1,8948,473.171382
1,8949,4.636917
1,8950,259.585985
1,8951,104.164128
1,8952,285.920968
1,8953,588.620180
1,8954,4.375552
1,8955,316.130372
1,8956,75.488215
1,8957,392.278876
1,8958,65.686927
1,8959,38.438979
1,8960,256.120515
1,8961,4.362260
1,8962,253.643550
1,8963,4.158910
1,8964,502.485016
1,8965,301.489076
1,8966,4.227786
1,8967,311.388744
1,8968,10.347300
1,8969,183.209693
1,8970,4.114507
1,8971,349.789695
1,8972,131.414372
1,8973,2.839192
1,8974,177.985602
1,8975,87.575112
1,8976,239.420715
1,8977,3.768323
1,8978,154.525844
1,8979,3.846962
1,8980,91.038611
1,8981,4.335947
1,8982,87.497360
1,8983,500.488774
1,8984,3.560422
1,8985,267.374717
1,8986,167.463132
1,8987,384.722871
1,8988,3.569659
1,8989,413.438395
1,8990,217.245492
1,8991,5.348322
1,8992,31.386125
1,8993,333.186749
1,8994,163.620320
1,8995,0.000000
1,8996,121.339562
1,8997,75.032350
1,8998,149.978801
1,8999,9.858188
1,9000,100.535693
1,9001,255.766380
1,9002,10.490190
1,9003,291.308918
1,9004,217.626373
1,9005,61.115787
1,9006,188.683585
1,9007,5.612941
1,9008,134.540730
1,9009,20.318340
1,9010,6.574455
1,9011,144.926714
1,9012,43.786748
1,9013,146.621855
1,9014,387.956311
1,9015,386.794195
1,9016,505.366408
1,9017,16.622109
1,9018,480.325279
1,9019,7.189109
1,9020,129.972584
1,9021,5.170521
1,9022,7.592015
1,9023,193.678834
1,9024,176.433190
1,9025,8.097166
1,9026,325.829996
1,9027,17.641518
1,9028,100.089082
1,9029,528.479206
1,9030,315.255666
1,9031,44.565004
1,9032,16.400303
1,9033,330.245088
1,9034,191.485772
1,9035,206.586932
1,9036,6.784141
1,9037,380.711451
1,9038,330.140958
1,9039,135.562493
1,9040,48.751707
1,9041,96.243401
1,9042,196.946196
1,9043,100.163340
1,9044,56.245592
1,9045,326.620911
1,9046,227.971612
1,9047,5.299668
1,9048,115.716710
1,9049,113.748420
1,9050,153.183518
1,9051,398.861974
1,9052,118.772625
1,9053,12.522624
1,9054,317.898029
1,9055,6.461185
1,9056,11.006153
1,9057,91.870596
1,9058,7.397352
1,9059,215.406659
1,9060,246.220911
1,9061,1.679635
1,9062,19.483242
1,9063,40.290774
1,9064,3.285024
1,9065,81.542285
1,9066,9.287974
1,9067,129.376444
1,9068,4.453115
1,9069,207.411451
1,9070,36.391855
1,9071,5.286776
1,9072,166.985659
1,9073,173.881737
1,9074,3.947886
1,9075,3.565695
1,9076,185.280242
1,9077,64.546646
1,9078,193.129947
1,9079,133.219863
1,9080,86.748648
1,9081,443.944764
1,9082,108.020668
1,9083,4.148027
1,9084,78.991658
1,9085,91.508945
1,9086,386.040015
1,9087,44.966759
1,9088,293.430421
1,9089,150.093993
1,9090,7.678688
1,9091,50.484836
1,9092,5.055264
1,9093,16.882977
1,9094,182.236495
1,9095,447.249756
1,9096,187.954476
1,9097,7.873234
1,9098,49.592500
1,9099,5.506739
1,9100,511.258454
1,9101,7.289129
1,9102,157.803979
1,9103,122.803437
1,9104,184.189234
1,9105,46.969792
1,9106,192.007362
1,9107,305.578211
1,9108,7.255166
1,9109,4.526408
1,9110,261.463141
1,9111,9.384426
1,9112,11.721361
1,9113,228.978841
1,9114,6.368105
1,9115,298.785403
1,9116,6.327356
1,9117,385.009808
1,9118,146.900849
1,9119,233.070012
1,9120,28.135631
1,9121,223.379411
1,9122,1.538484
1,9123,150.615264
1,9124,27.695373
1,9125,82.128521
1,9126,61.456872
1,9127,16.029275
1,9128,368.989512
1,9129,4.734702
1,9130,53.634513
1,9131,145.362499
1,9132,26.676602
1,9133,741.188960
1,9134,6.747682
1,9135,198.478478
1,9136,226.676359
1,9137,9.091090
1,9138,32.850067
1,9139,197.943116
1,9140,35.363497
1,9141,8.281693
1,9142,106.199875
1,9143,83.052879
1,9144,4.340008
1,9145,33.529888
1,9146,3.214771
1,9147,65.632043
1,9148,232.498287
1,9149,37.204743
1,9150,453.687707
1,9151,42.958069
1,9152,473.885605
1,9153,259.365692
1,9154,210.828813
1,9155,163.156360
1,9156,5.448585
1,9157,25.307439
1,9158,85.507571
1,9159,186.217161
1,9160,15.318447
1,9161,137.076299
1,9162,26.585100
1,9163,279.440150
1,9164,282.330387
1,9165,48.063182
1,9166,11.631928
1,9167,4.803317
1,9168,511.700513
1,9169,310.378380
1,9170,4.866089
1,9171,212.246593
1,9172,16.347946
1,9173,304.671557
1,9174,294.105040
1,9175,6.965982
1,9176,314.584738
1,9177,14.599557
1,9178,214.034456
1,9179,4.930673
1,9180,47.492006
1,9181,5.264635
1,9182,657.329969
1,9183,6.954482
1,9184,76.925495
1,9185,96.923798
1,9186,50.298851
1,9187,47.050513
1,9188,302.383923
1,9189,4.848325
1,9190,210.499667
1,9191,71.432414
1,9192,461.284900
1,9193,91.052156
1,9194,46.454287
1,9195,93.458566
1,9196,27.037217
1,9197,316.113072
1,9198,421.658242
1,9199,8.632326
1,9200,271.089349
1,9201,7.669861
1,9202,15.458870
1,9203,209.726859
1,9204,38.239827
1,9205,25.331914
1,9206,25.892259
1,9207,66.425159
1,9208,139.157563
1,9209,3.881768
1,9210,535.768941
1,9211,14.765762
1,9212,423.673251
1,9213,4.300921
1,9214,68.567636
1,9215,9.249316
1,9216,4.213884
1,9217,36.626992
1,9218,9.764478
1,9219,18.461430
1,9220,262.660548
1,9221,4.354414
1,9222,259.510120
1,9223,555.355303
1,9224,39.923505
1,9225,5.722242
1,9226,77.145026
1,9227,183.630284
1,9228,5.520792
1,9229,181.694885
1,9230,3.315432
1,9231,121.469564
1,9232,5.072745
1,9233,37.602506
1,9234,443.861064
1,9235,296.143849
1,9236,5.181094
1,9237,67.010682
1,9238,27.759041
1,9239,222.128284
1,9240,5.185958
1,9241,218.984622
1,9242,4.925219
1,9243,106.954130
1,9244,3.341606
1,9245,53.488260
1,9246,24.039040
1,9247,126.267300
1,9248,58.306038
1,9249,2.530012
1,9250,47.305689
1,9251,66.294105
1,9252,131.886887
1,9253,373.946358
1,9254,32.921094
1,9255,167.134694
1,9256,4.821688
1,9257,177.484754
1,9258,10.569720
1,9259,112.104454
1,9260,3.956492
1,9261,117.128720
1,9262,3.875387
1,9263,13.591367
1,9264,123.290444
1,9265,7.684801
1,9266,9.798044
1,9267,18.863789
1,9268,104.819719
1,9269,5.485798
1,9270,30.299317
1,9271,4.424935
1,9272,233.435344
1,9273,28.838524
1,9274,20.002179
1,9275,356.010117
1,9276,21.357271
1,9277,6.211730
1,9278,211.948227
1,9279,176.104130
1,9280,13.660542
1,9281,53.299623
1,9282,4.683546
1,9283,157.594070
1,9284,19.878871
1,9285,45.942709
1,9286,453.711416
1,9287,5.937055
1,9288,15.794536
1,9289,243.800191
1,9290,251.732716
1,9291,10.412367
1,9292,145.616781
1,9293,7.215929
1,9294,85.520858
1,9295,6.284938
1,9296,313.179812
1,9297,445.624661
1,9298,7.136273
1,9299,375.063696
1,9300,7.094026
1,9301,118.255435
1,9302,412.826718
1,9303,286.143275
1,9304,8.406375
1,9305,86.703711
1,9306,41.113991
1,9307,6.573303
1,9308,150.958720
1,9309,5.596581
1,9310,429.704690
1,9311,7.307676
1,9312,343.153787
1,9313,25.104289
1,9314,5.385843
1,9315,199.500367
1,9316,336.835212
1,9317,197.088369
1,9318,5.330730
1,9319,9.381724
1,9320,330.101304
1,9321,201.472240
1,9322,10.914995
1,9323,250.565573
1,9324,40.527643
1,9325,18.254971
1,9326,685.602531
1,9327,15.386281
1,9328,4.993786
1,9329,389.651119
1,9330,88.145604
1,9331,611.353891
1,9332,3.814308
1,9333,246.625872
1,9334,69.229089
1,9335,177.798751
1,9336,5.787568
1,9337,94.472662
1,9338,61.942920
1,9339,97.692562
1,9340,149.702198
1,9341,129.963894
1,9342,3.222582
1,9343,25.042285
1,9344,5.769806
1,9345,124.166234
1,9346,32.797559
1,9347,192.528673
1,9348,4.850180
1,9349,117.287269
1,9350,11.649064
1,9351,282.165341
1,9352,4.482827
1,9353,188.312792
1,9354,131.716232
1,9355,5.605819
1,9356,314.833664
1,9357,98.781931
1,9358,112.728684
1,9359,277.115008
1,9360,4.377976
1,9361,222.882237
1,9362,154.695037
1,9363,82.084336
1,9364,692.735658
1,9365,42.550901
1,9366,200.386337
1,9367,6.405864
1,9368,193.835607
1,9369,151.772074
1,9370,46.357755
1,9371,5.602331
1,9372,196.470875
1,9373,127.031443
1,9374,156.347784
1,9375,116.009666
1,9376,8.625115
1,9377,298.270919
1,9378,125.976734
1,9379,4.807190
1,9380,238.440900
1,9381,120.120188
1,9382,137.172616
1,9383,103.519002
1,9384,216.137734
1,9385,486.276415
1,9386,46.751424
1,9387,4.763137
1,9388,348.373747
1,9389,6.301985
1,9390,138.536344
1,9391,4.402062
1,9392,345.003547
1,9393,4.372186
1,9394,6.286648
1,9395,192.568219
1,9396,441.583736
1,9397,5.445282
1,9398,51.486797
1,9399,5.770293
1,9400,249.475738
1,9401,19.733381
1,9402,36.749827
1,9403,38.724339
1,9404,81.070707
1,9405,160.065072
1,9406,10.174571
1,9407,5.182076
1,9408,13.896352
1,9409,322.512924
1,9410,5.742333
1,9411,148.900563
1,9412,5.033680
1,9413,254.412653
1,9414,12.356242
1,9415,251.672191
1,9416,87.817778
1,9417,317.980828
1,9418,26.022270
1,9419,7.119494
1,9420,317.103766
1,9421,40.114750
1,9422,176.456405
1,9423,73.184569
1,9424,144.349621
