subtaskID,datapointID,answer
1,0,285.508468
1,1,0.000000
1,2,161.351361
1,3,0.000000
1,4,488.440211
1,5,71.563024
1,6,352.822037
1,7,334.479238
1,8,285.372832
1,9,382.120771
1,10,328.921626
1,11,47.739613
1,12,171.795178
1,13,281.607996
1,14,78.907042
1,15,226.229655
1,16,203.296088
1,17,211.799474
1,18,361.421845
1,19,575.634330
1,20,95.381281
1,21,213.165711
1,22,364.959102
1,23,250.710458
1,24,320.956846
1,25,68.316771
1,26,214.191242
1,27,211.994655
1,28,97.263636
1,29,69.839478
1,30,386.615632
1,31,89.597720
1,32,273.958397
1,33,607.404821
1,34,66.653040
1,35,295.672098
1,36,90.862621
1,37,334.044539
1,38,119.190009
1,39,286.684859
1,40,88.328474
1,41,376.923077
1,42,201.314315
1,43,321.613961
1,44,438.647255
1,45,79.040089
1,46,118.646591
1,47,419.321857
1,48,94.719972
1,49,166.496879
1,50,148.824251
1,51,289.721511
1,52,289.150142
1,53,83.899288
1,54,260.952707
1,55,148.081015
1,56,269.537174
1,57,286.035275
1,58,109.436105
1,59,487.512981
1,60,81.301798
1,61,233.683655
1,62,77.880835
1,63,291.047870
1,64,238.201467
1,65,307.152417
1,66,53.286439
1,67,197.998759
1,68,194.698641
1,69,359.782944
1,70,70.055021
1,71,397.078024
1,72,60.952591
1,73,342.158241
1,74,386.667803
1,75,349.668688
1,76,190.466967
1,77,114.518652
1,78,43.611027
1,79,351.182255
1,80,64.937489
1,81,477.715007
1,82,215.904094
1,83,292.914257
1,84,59.250675
1,85,264.031920
1,86,168.477875
1,87,182.000523
1,88,306.981249
1,89,306.010677
1,90,444.954127
1,91,30.936493
1,92,93.574418
1,93,360.731639
1,94,362.279156
1,95,486.239270
1,96,376.381149
1,97,427.943764
1,98,317.544017
1,99,0.000000
1,100,373.239652
1,101,14.395875
1,102,461.367421
1,103,177.420243
1,104,348.291475
1,105,61.649301
1,106,176.191472
1,107,256.681882
1,108,13.936095
1,109,206.053386
1,110,483.604229
1,111,54.887641
1,112,378.551551
1,113,40.811637
1,114,151.028363
1,115,373.192026
1,116,497.886263
1,117,382.709306
1,118,190.009477
1,119,46.479888
1,120,124.879719
1,121,47.162689
1,122,233.245187
1,123,348.060764
1,124,335.031350
1,125,169.211935
1,126,455.301342
1,127,41.474714
1,128,144.784058
1,129,173.209220
1,130,299.006075
1,131,47.273620
1,132,251.714852
1,133,48.782279
1,134,124.762194
1,135,64.035303
1,136,264.769773
1,137,363.875745
1,138,382.298826
1,139,421.821747
1,140,339.716480
1,141,140.814870
1,142,117.367616
1,143,294.289272
1,144,449.703306
1,145,494.666684
1,146,41.084791
1,147,409.473799
1,148,15.422032
1,149,334.765290
1,150,261.764501
1,151,16.402893
1,152,206.115097
1,153,413.773330
1,154,190.701971
1,155,364.235497
1,156,411.635712
1,157,392.076221
1,158,512.860616
1,159,70.773475
1,160,139.261552
1,161,427.517649
1,162,70.555337
1,163,160.384291
1,164,113.684530
1,165,43.794923
1,166,406.033116
1,167,0.000000
1,168,299.841370
1,169,261.120587
1,170,242.597686
1,171,394.969885
1,172,436.780574
1,173,23.979575
1,174,231.161642
1,175,91.455637
1,176,367.893539
1,177,30.825066
1,178,321.271339
1,179,68.159039
1,180,413.674617
1,181,521.238490
1,182,51.482144
1,183,481.874406
1,184,362.416220
1,185,425.874376
1,186,521.079362
1,187,418.816023
1,188,56.786437
1,189,306.698051
1,190,49.037064
1,191,280.117316
1,192,420.047561
1,193,42.961227
1,194,186.610840
1,195,319.639963
1,196,132.967406
1,197,194.062438
1,198,42.636048
1,199,788.835026
1,200,42.230760
1,201,379.190286
1,202,74.539050
1,203,354.179756
1,204,55.785446
1,205,173.296781
1,206,409.241526
1,207,416.999090
1,208,41.375937
1,209,17.773188
1,210,350.080901
1,211,37.919246
1,212,553.117841
1,213,36.833503
1,214,171.209593
1,215,521.881117
1,216,49.818922
1,217,429.203586
1,218,42.441912
1,219,328.647558
1,220,144.532167
1,221,185.560183
1,222,235.754256
1,223,251.810756
1,224,92.865819
1,225,214.886454
1,226,365.377658
1,227,27.401563
1,228,180.395201
1,229,189.603029
1,230,276.591388
1,231,136.291757
1,232,31.479840
1,233,309.910479
1,234,254.479326
1,235,46.178297
1,236,209.723254
1,237,172.559446
1,238,313.809439
1,239,105.930706
1,240,0.000000
1,241,344.668460
1,242,126.783822
1,243,167.581843
1,244,217.552464
1,245,233.391778
1,246,190.570685
1,247,379.058456
1,248,72.340660
1,249,151.798162
1,250,7.207307
1,251,160.005037
1,252,5.259905
1,253,200.758021
1,254,0.000000
1,255,2.293206
1,256,277.972113
1,257,255.329806
1,258,348.143257
1,259,285.577725
1,260,118.663526
1,261,333.421046
1,262,0.000000
1,263,245.685241
1,264,25.942530
1,265,160.863855
1,266,267.675844
1,267,314.117740
1,268,98.483388
1,269,318.609745
1,270,483.798076
1,271,173.492676
1,272,400.735556
1,273,416.737811
1,274,341.963630
1,275,252.827519
1,276,12.988436
1,277,353.496092
1,278,19.156918
1,279,254.404076
1,280,369.152404
1,281,321.358103
1,282,6.025457
1,283,406.287550
1,284,325.989604
1,285,217.533759
1,286,276.123406
1,287,410.851538
1,288,90.772863
1,289,43.291736
1,290,50.603936
1,291,287.930705
1,292,241.496008
1,293,332.711057
1,294,266.108037
1,295,403.467057
1,296,251.846558
1,297,182.934719
1,298,482.968727
1,299,16.594468
1,300,275.491642
1,301,375.283414
1,302,415.120225
1,303,375.026460
1,304,453.303200
1,305,37.408103
1,306,269.881086
1,307,471.059004
1,308,69.400991
1,309,268.936302
1,310,470.027885
1,311,424.114127
1,312,403.996066
1,313,371.783944
1,314,66.948225
1,315,410.768224
1,316,328.596879
1,317,377.273237
1,318,60.743522
1,319,185.207779
1,320,259.440721
1,321,399.221678
1,322,366.832754
1,323,7.412918
1,324,443.999505
1,325,34.109325
1,326,442.644117
1,327,452.279478
1,328,441.232373
1,329,3.264573
1,330,0.000000
1,331,318.842222
1,332,22.578906
1,333,271.482480
1,334,151.050974
1,335,234.374529
1,336,79.319589
1,337,339.916478
1,338,185.109495
1,339,142.186673
1,340,0.000000
1,341,121.355954
1,342,341.574778
1,343,71.377335
1,344,197.431205
1,345,265.881630
1,346,128.910202
1,347,12.766215
1,348,358.248224
1,349,493.303875
1,350,283.386171
1,351,147.094707
1,352,123.938909
1,353,91.145302
1,354,214.840928
1,355,281.238721
1,356,39.047073
1,357,326.528556
1,358,31.560678
1,359,177.599852
1,360,0.000000
1,361,95.906274
1,362,224.858373
1,363,328.618508
1,364,188.029946
1,365,362.348616
1,366,197.100931
1,367,96.050850
1,368,284.795057
1,369,343.350636
1,370,166.044504
1,371,251.720332
1,372,260.765897
1,373,401.310329
1,374,236.708102
1,375,236.392700
1,376,31.387118
1,377,484.026070
1,378,0.000000
1,379,261.064634
1,380,23.439760
1,381,183.046802
1,382,144.913390
1,383,365.487000
1,384,27.740807
1,385,204.848414
1,386,548.029779
1,387,436.577728
1,388,364.289267
1,389,392.965708
1,390,9.295603
1,391,475.657281
1,392,451.766634
1,393,478.986447
1,394,357.521655
1,395,282.601101
1,396,6.118111
1,397,25.619750
1,398,461.831837
1,399,280.011947
1,400,411.900764
1,401,436.828161
1,402,329.267729
1,403,414.730300
1,404,396.900007
1,405,122.728341
1,406,402.294534
1,407,414.994479
1,408,531.615405
1,409,389.388630
1,410,327.575971
1,411,411.106298
1,412,53.530051
1,413,413.373387
1,414,406.129364
1,415,455.076716
1,416,511.526697
1,417,258.801420
1,418,284.448685
1,419,487.733017
1,420,56.148148
1,421,181.038945
1,422,285.824631
1,423,470.018475
1,424,477.311299
1,425,333.089855
1,426,458.724207
1,427,377.042064
1,428,81.474260
1,429,87.820474
1,430,514.109663
1,431,155.780612
1,432,376.312309
1,433,496.233369
1,434,58.706207
1,435,495.632732
1,436,79.613691
1,437,191.297430
1,438,200.670041
1,439,329.968925
1,440,329.522160
1,441,204.272165
1,442,312.753275
1,443,0.000000
1,444,282.133562
1,445,309.842258
1,446,24.116823
1,447,38.277412
1,448,470.992037
1,449,338.832109
1,450,54.220750
1,451,380.602397
1,452,259.525716
1,453,434.896968
1,454,38.691776
1,455,258.959658
1,456,70.894196
1,457,473.668275
1,458,167.827672
1,459,398.103275
1,460,388.666651
1,461,393.700798
1,462,315.641007
1,463,489.017931
1,464,342.310765
1,465,591.106871
1,466,443.943019
1,467,661.002041
1,468,54.224992
1,469,272.579701
1,470,82.795665
1,471,492.197027
1,472,510.837049
1,473,132.315351
1,474,281.404193
1,475,67.692335
1,476,281.313038
1,477,197.660791
1,478,230.162951
1,479,76.209564
1,480,434.327310
1,481,75.735818
1,482,412.663651
1,483,53.568149
1,484,74.791034
1,485,451.578255
1,486,228.808193
1,487,423.756481
1,488,156.558140
1,489,55.703052
1,490,177.103945
1,491,269.108683
1,492,434.969060
1,493,25.409549
1,494,410.435815
1,495,38.509161
1,496,49.398093
1,497,550.126440
1,498,82.888692
1,499,513.968046
1,500,424.414577
1,501,66.295237
1,502,355.116704
1,503,344.271704
1,504,41.736732
1,505,209.835850
1,506,65.451768
1,507,435.493429
1,508,493.460661
1,509,464.113882
1,510,647.299130
1,511,224.396016
1,512,377.842891
1,513,392.956312
1,514,305.812413
1,515,400.308678
1,516,344.544019
1,517,257.540067
1,518,98.687559
1,519,257.737762
1,520,273.488612
1,521,440.874885
1,522,80.468251
1,523,259.516624
1,524,516.402149
1,525,49.819875
1,526,515.996861
1,527,103.760229
1,528,401.971984
1,529,365.812814
1,530,191.396427
1,531,69.596805
1,532,273.860478
1,533,70.758645
1,534,341.355613
1,535,245.519983
1,536,261.395182
1,537,255.553453
1,538,20.382815
1,539,256.244022
1,540,459.301666
1,541,301.807464
1,542,280.001735
1,543,66.533573
1,544,209.204114
1,545,337.320820
1,546,433.892651
1,547,419.665481
1,548,29.462867
1,549,246.892580
1,550,373.336544
1,551,56.528432
1,552,309.612071
1,553,37.858225
1,554,60.629111
1,555,398.905415
1,556,58.982602
1,557,124.893723
1,558,62.576288
1,559,254.461116
1,560,186.437379
1,561,44.619890
1,562,225.904668
1,563,260.512623
1,564,66.695224
1,565,404.089887
1,566,127.169562
1,567,67.074514
1,568,404.310512
1,569,45.506769
1,570,385.398514
1,571,470.919015
1,572,188.177385
1,573,519.574773
1,574,66.344046
1,575,342.769951
1,576,297.329549
1,577,481.164760
1,578,244.692301
1,579,261.255217
1,580,433.354812
1,581,185.071684
1,582,392.539522
1,583,63.037100
1,584,579.220065
1,585,40.465500
1,586,61.499407
1,587,513.957313
1,588,522.729098
1,589,214.333202
1,590,296.532980
1,591,270.420367
1,592,574.590584
1,593,57.260554
1,594,253.071212
1,595,88.752235
1,596,386.550166
1,597,349.993713
1,598,165.822859
1,599,382.061604
1,600,325.304012
1,601,237.355441
1,602,406.635735
1,603,204.740719
1,604,538.373828
1,605,444.191006
1,606,544.928705
1,607,506.491058
1,608,368.691415
1,609,45.018817
1,610,400.057841
1,611,380.371458
1,612,446.444074
1,613,475.896942
1,614,53.615108
1,615,474.106418
1,616,402.917715
1,617,461.643724
1,618,432.845588
1,619,614.384548
1,620,189.923881
1,621,341.894272
1,622,378.497462
1,623,228.418470
1,624,446.995487
1,625,514.009452
1,626,96.019693
1,627,199.334463
1,628,0.000000
1,629,123.805241
1,630,296.968776
1,631,193.059346
1,632,319.131999
1,633,28.863847
1,634,8.831118
1,635,45.163033
1,636,103.607866
1,637,247.931639
1,638,250.452271
1,639,48.010617
1,640,195.559035
1,641,50.115695
1,642,371.634270
1,643,178.533845
1,644,288.532980
1,645,0.000000
1,646,293.355505
1,647,67.266600
1,648,354.844002
1,649,59.964209
1,650,206.084557
1,651,36.481325
1,652,356.824344
1,653,215.398962
1,654,294.599093
1,655,293.578442
1,656,93.214457
1,657,204.631708
1,658,68.729912
1,659,337.248901
1,660,532.717675
1,661,0.000000
1,662,321.516050
1,663,105.830089
1,664,92.798391
1,665,158.160539
1,666,39.415578
1,667,91.855350
1,668,39.172435
1,669,347.271415
1,670,61.536132
1,671,156.199325
1,672,213.470654
1,673,353.714734
1,674,57.722718
1,675,234.870100
1,676,122.088851
1,677,307.671502
1,678,84.285439
1,679,208.731646
1,680,60.811664
1,681,82.465647
1,682,348.593527
1,683,115.649454
1,684,328.446933
1,685,163.137820
1,686,76.555681
1,687,274.069124
1,688,344.445182
1,689,343.706534
1,690,481.644898
1,691,170.623438
1,692,24.350496
1,693,169.062815
1,694,339.834938
1,695,408.268511
1,696,294.256527
1,697,41.881183
1,698,272.567710
1,699,18.629128
1,700,290.887003
1,701,271.200621
1,702,153.726393
1,703,373.929979
1,704,35.825710
1,705,240.651704
1,706,1101.180785
1,707,379.766160
1,708,28.214953
1,709,495.862070
1,710,257.287838
1,711,149.595635
1,712,403.822329
1,713,71.841399
1,714,253.935430
1,715,32.279065
1,716,140.684054
1,717,98.615054
1,718,300.557552
1,719,380.401029
1,720,45.148441
1,721,536.238004
1,722,246.927210
1,723,0.000000
1,724,122.770103
1,725,334.938453
1,726,0.000000
1,727,212.370435
1,728,421.480922
1,729,0.000000
1,730,261.709054
1,731,533.490621
1,732,426.592268
1,733,320.944814
1,734,331.645812
1,735,38.365303
1,736,185.913720
1,737,48.515586
1,738,361.988955
1,739,323.367502
1,740,333.481064
1,741,342.724665
1,742,377.193421
1,743,47.391900
1,744,282.424923
1,745,310.032103
1,746,29.284275
1,747,338.622470
1,748,347.179029
1,749,80.718022
1,750,256.888687
1,751,43.382065
1,752,257.195518
1,753,214.551535
1,754,85.476540
1,755,203.164275
1,756,50.948237
1,757,230.089630
1,758,157.391765
1,759,347.596568
1,760,51.876075
1,761,197.210468
1,762,396.047069
1,763,29.871268
1,764,255.339182
1,765,419.284602
1,766,48.318334
1,767,254.147047
1,768,245.519916
1,769,537.924015
1,770,46.487323
1,771,219.500323
1,772,304.886774
1,773,143.547216
1,774,109.119006
1,775,231.288869
1,776,413.689650
1,777,413.066083
1,778,52.087227
1,779,338.292873
1,780,50.183482
1,781,162.555295
1,782,417.896928
1,783,40.025451
1,784,368.332280
1,785,40.543333
1,786,149.865213
1,787,79.106713
1,788,443.766741
1,789,33.896175
1,790,142.379636
1,791,371.094830
1,792,410.222636
1,793,429.089919
1,794,494.622594
1,795,0.000000
1,796,360.868653
1,797,276.894901
1,798,404.371460
1,799,128.929211
1,800,308.832980
1,801,494.604480
1,802,171.735396
1,803,446.674262
1,804,380.678475
1,805,274.368487
1,806,377.878043
1,807,119.523674
1,808,335.172371
1,809,167.610997
1,810,132.191801
1,811,308.120426
1,812,236.463947
1,813,342.070961
1,814,475.558938
1,815,489.324715
1,816,574.240923
1,817,171.539105
1,818,510.014885
1,819,141.487697
1,820,327.704482
1,821,120.603465
1,822,140.822324
1,823,347.882789
1,824,308.545672
1,825,144.774097
1,826,438.314914
1,827,173.826041
1,828,296.491770
1,829,519.773349
1,830,429.786439
1,831,254.656887
1,832,170.793902
1,833,437.307974
1,834,366.068608
1,835,411.436896
1,836,134.554441
1,837,455.686212
1,838,435.593856
1,839,325.511355
1,840,257.933175
1,841,284.342216
1,842,357.177238
1,843,291.518014
1,844,242.143535
1,845,432.164260
1,846,379.459604
1,847,113.936149
1,848,289.981758
1,849,300.639095
1,850,330.114142
1,851,462.010437
1,852,287.093815
1,853,151.801467
1,854,426.423578
1,855,123.902144
1,856,137.546039
1,857,274.334017
1,858,126.404975
1,859,358.101681
1,860,394.956446
1,861,44.850724
1,862,170.926459
1,863,216.312964
1,864,77.573579
1,865,297.424261
1,866,137.159990
1,867,304.987165
1,868,86.837856
1,869,396.334757
1,870,209.887301
1,871,114.523409
1,872,349.857036
1,873,364.875019
1,874,102.160765
1,875,101.221744
1,876,369.397016
1,877,269.398019
1,878,373.686783
1,879,328.004702
1,880,286.355171
1,881,502.501638
1,882,289.130967
1,883,110.594357
1,884,274.493470
1,885,289.982103
1,886,486.822623
1,887,255.750409
1,888,424.667765
1,889,306.898233
1,890,139.753745
1,891,234.964976
1,892,116.402004
1,893,169.027025
1,894,362.514484
1,895,470.720311
1,896,364.653751
1,897,139.626261
1,898,249.514082
1,899,116.087942
1,900,514.143818
1,901,136.699790
1,902,341.045824
1,903,297.156788
1,904,360.214831
1,905,253.980085
1,906,367.574633
1,907,399.686870
1,908,133.931623
1,909,108.973363
1,910,409.606502
1,911,141.033235
1,912,158.013543
1,913,382.817313
1,914,124.372066
1,915,417.393643
1,916,123.141692
1,917,457.843119
1,918,324.636145
1,919,338.140511
1,920,190.011246
1,921,377.648000
1,922,57.424887
1,923,329.323506
1,924,187.134980
1,925,274.450745
1,926,257.400935
1,927,152.669767
1,928,449.881452
1,929,98.484795
1,930,246.643354
1,931,323.087773
1,932,180.809920
1,933,606.115495
1,934,114.323260
1,935,345.926465
1,936,382.690355
1,937,128.732932
1,938,180.102070
1,939,426.700430
1,940,221.326963
1,941,111.578433
1,942,320.975363
1,943,326.050512
1,944,98.168289
1,945,201.260574
1,946,86.429213
1,947,256.878768
1,948,409.665017
1,949,228.740668
1,950,526.399668
1,951,225.792569
1,952,530.094826
1,953,405.657074
1,954,393.996204
1,955,359.427503
1,956,121.455753
1,957,191.912112
1,958,283.290119
1,959,379.916472
1,960,161.893791
1,961,327.872213
1,962,187.801422
1,963,445.328578
1,964,419.845108
1,965,229.835488
1,966,153.127804
1,967,111.506888
1,968,482.638201
1,969,443.381168
1,970,111.578635
1,971,376.445157
1,972,164.004301
1,973,428.321490
1,974,397.921644
1,975,132.415912
1,976,442.374229
1,977,189.775039
1,978,374.928735
1,979,109.650552
1,980,219.734046
1,981,109.297624
1,982,574.855606
1,983,129.578684
1,984,264.056425
1,985,310.565470
1,986,219.950727
1,987,216.459306
1,988,422.518945
1,989,104.880254
1,990,369.224870
1,991,265.689856
1,992,493.605920
1,993,277.756061
1,994,235.387729
1,995,264.059374
1,996,185.188589
1,997,439.670199
1,998,524.586927
1,999,128.478719
1,1000,393.592411
1,1001,128.254406
1,1002,148.621774
1,1003,368.359420
1,1004,194.273648
1,1005,183.628144
1,1006,177.633155
1,1007,257.230364
1,1008,317.437140
1,1009,87.471416
1,1010,526.765577
1,1011,141.269215
1,1012,478.347043
1,1013,86.927268
1,1014,242.558892
1,1015,153.762200
1,1016,84.253877
1,1017,192.771273
1,1018,130.170923
1,1019,153.860419
1,1020,397.646601
1,1021,80.058628
1,1022,395.765472
1,1023,544.144412
1,1024,210.411940
1,1025,79.649288
1,1026,250.190189
1,1027,299.003487
1,1028,94.462104
1,1029,347.644649
1,1030,68.011824
1,1031,296.139252
1,1032,81.444878
1,1033,201.515310
1,1034,495.937480
1,1035,416.453330
1,1036,86.393128
1,1037,205.036514
1,1038,162.346661
1,1039,370.600538
1,1040,80.643344
1,1041,368.501473
1,1042,80.125074
1,1043,275.545157
1,1044,56.431643
1,1045,203.696007
1,1046,167.301001
1,1047,362.914750
1,1048,249.380416
1,1049,56.919080
1,1050,229.489019
1,1051,261.086405
1,1052,341.250943
1,1053,582.149082
1,1054,191.215848
1,1055,333.347756
1,1056,104.878094
1,1057,377.841151
1,1058,182.814044
1,1059,310.563551
1,1060,94.892337
1,1061,314.258709
1,1062,97.746877
1,1063,151.709524
1,1064,318.359388
1,1065,131.580859
1,1066,150.050128
1,1067,175.483399
1,1068,310.493668
1,1069,119.727616
1,1070,205.143356
1,1071,105.452693
1,1072,404.075366
1,1073,188.817700
1,1074,178.728671
1,1075,457.158729
1,1076,161.945733
1,1077,119.296941
1,1078,379.894021
1,1079,361.049536
1,1080,199.206839
1,1081,255.545683
1,1082,106.431510
1,1083,318.592349
1,1084,158.781396
1,1085,239.395022
1,1086,496.032902
1,1087,120.430616
1,1088,157.429986
1,1089,402.702804
1,1090,439.808365
1,1091,158.675543
1,1092,329.417462
1,1093,126.268712
1,1094,269.382519
1,1095,114.254959
1,1096,441.140841
1,1097,510.869682
1,1098,123.607032
1,1099,413.830645
1,1100,122.410807
1,1101,305.645428
1,1102,523.186741
1,1103,414.010053
1,1104,126.478656
1,1105,270.922677
1,1106,237.883366
1,1107,114.152551
1,1108,344.559723
1,1109,107.969650
1,1110,482.505509
1,1111,122.668723
1,1112,441.022096
1,1113,167.162474
1,1114,137.269359
1,1115,363.770428
1,1116,437.813726
1,1117,359.500418
1,1118,100.806835
1,1119,139.740776
1,1120,434.444202
1,1121,332.790922
1,1122,136.518711
1,1123,390.108700
1,1124,213.952885
1,1125,143.058087
1,1126,666.856374
1,1127,155.434889
1,1128,91.945065
1,1129,466.302079
1,1130,272.091629
1,1131,576.617045
1,1132,72.924565
1,1133,389.034263
1,1134,239.525042
1,1135,343.146599
1,1136,92.604803
1,1137,267.299672
1,1138,317.821733
1,1139,324.559680
1,1140,369.823914
1,1141,348.443128
1,1142,72.880463
1,1143,190.658832
1,1144,118.353667
1,1145,292.572315
1,1146,199.473808
1,1147,385.670855
1,1148,103.627921
1,1149,270.345849
1,1150,138.075103
1,1151,438.292529
1,1152,104.911848
1,1153,381.454065
1,1154,320.683563
1,1155,114.261728
1,1156,438.802886
1,1157,270.691489
1,1158,291.364828
1,1159,406.123658
1,1160,99.442293
1,1161,406.289386
1,1162,346.291990
1,1163,275.965370
1,1164,611.928147
1,1165,234.935178
1,1166,374.669145
1,1167,121.713289
1,1168,366.795609
1,1169,289.327502
1,1170,235.602689
1,1171,117.191894
1,1172,366.799843
1,1173,322.509211
1,1174,337.555573
1,1175,308.831392
1,1176,157.694755
1,1177,381.501390
1,1178,285.993907
1,1179,100.765790
1,1180,406.648239
1,1181,290.205885
1,1182,332.861166
1,1183,287.564737
1,1184,400.335482
1,1185,562.001392
1,1186,231.050621
1,1187,97.308456
1,1188,446.958661
1,1189,117.373340
1,1190,321.463406
1,1191,94.645520
1,1192,444.638449
1,1193,93.415147
1,1194,96.599274
1,1195,357.054108
1,1196,490.175486
1,1197,106.023259
1,1198,249.436216
1,1199,101.893193
1,1200,344.152898
1,1201,144.820836
1,1202,196.562035
1,1203,229.369451
1,1204,260.935038
1,1205,339.107304
1,1206,125.762976
1,1207,98.467825
1,1208,134.993425
1,1209,432.163094
1,1210,102.292636
1,1211,325.991528
1,1212,109.708517
1,1213,395.223593
1,1214,127.581662
1,1215,393.466409
1,1216,272.779950
1,1217,446.333177
1,1218,168.734999
1,1219,102.992683
1,1220,430.643935
1,1221,184.347325
1,1222,343.111309
1,1223,244.388169
1,1224,322.395467
1,1225,294.719838
1,1226,93.844877
1,1227,437.108505
1,1228,316.382898
1,1229,481.054754
1,1230,356.927402
1,1231,348.298729
1,1232,509.806486
1,1233,535.713557
1,1234,93.342686
1,1235,403.665937
1,1236,114.993075
1,1237,564.069104
1,1238,113.278362
1,1239,484.217270
1,1240,271.760012
1,1241,571.520312
1,1242,118.280264
1,1243,276.078394
1,1244,566.967591
1,1245,217.913857
1,1246,594.687818
1,1247,446.974593
1,1248,567.769694
1,1249,101.297832
1,1250,490.291520
1,1251,534.086326
1,1252,552.907719
1,1253,125.550232
1,1254,422.822196
1,1255,472.702215
1,1256,281.287903
1,1257,125.952451
1,1258,456.551592
1,1259,441.913301
1,1260,422.842755
1,1261,140.161163
1,1262,571.839494
1,1263,125.199054
1,1264,281.539787
1,1265,571.080512
1,1266,354.525617
1,1267,570.420964
1,1268,125.219236
1,1269,453.854176
1,1270,605.573192
1,1271,102.384874
1,1272,352.072851
1,1273,530.484991
1,1274,399.157067
1,1275,537.481026
1,1276,458.604946
1,1277,99.253476
1,1278,457.444158
1,1279,299.170865
1,1280,292.111366
1,1281,263.948917
1,1282,462.415414
1,1283,95.884604
1,1284,523.844782
1,1285,340.197355
1,1286,124.843175
1,1287,322.899262
1,1288,450.687057
1,1289,203.470292
1,1290,546.149617
1,1291,510.872208
1,1292,397.233695
1,1293,45.682489
1,1294,311.866452
1,1295,170.211595
1,1296,350.007905
1,1297,84.076796
1,1298,515.318249
1,1299,181.600349
1,1300,123.719041
1,1301,151.625635
1,1302,556.725815
1,1303,106.235923
1,1304,83.989171
1,1305,249.228268
1,1306,422.362723
1,1307,722.215080
1,1308,484.026114
1,1309,94.684509
1,1310,524.809304
1,1311,116.661039
1,1312,304.912974
1,1313,241.216849
1,1314,449.442000
1,1315,120.941709
1,1316,537.067841
1,1317,100.202108
1,1318,491.054174
1,1319,277.104147
1,1320,538.174142
1,1321,122.624485
1,1322,368.677727
1,1323,254.509668
1,1324,538.371126
1,1325,101.061687
1,1326,538.194701
1,1327,308.212356
1,1328,444.549817
1,1329,566.796634
1,1330,574.723457
1,1331,119.837618
1,1332,276.116492
1,1333,565.598307
1,1334,95.930044
1,1335,516.852867
1,1336,429.278542
1,1337,477.467198
1,1338,455.872600
1,1339,118.167805
1,1340,486.633388
1,1341,402.834197
1,1342,271.355712
1,1343,569.008374
1,1344,113.818352
1,1345,269.805821
1,1346,559.008216
1,1347,91.971292
1,1348,217.809932
1,1349,519.707101
1,1350,564.538120
1,1351,477.208490
1,1352,469.705188
1,1353,503.305982
1,1354,75.296980
1,1355,539.155856
1,1356,324.670557
1,1357,101.709420
1,1358,416.467208
1,1359,84.486277
1,1360,457.898509
1,1361,247.510645
1,1362,549.029263
1,1363,97.302554
1,1364,256.417462
1,1365,548.463205
1,1366,1353.130181
1,1367,350.695209
1,1368,454.119547
1,1369,180.292220
1,1370,448.641953
1,1371,141.224795
1,1372,360.870959
1,1373,611.646615
1,1374,249.957704
1,1375,122.041765
1,1376,485.097478
1,1377,368.117660
1,1378,632.678203
1,1379,115.663010
1,1380,412.995288
1,1381,598.851111
1,1382,179.245598
1,1383,223.172946
1,1384,252.844675
1,1385,93.407040
1,1386,533.480956
1,1387,570.707673
1,1388,117.549107
1,1389,486.342449
1,1390,376.543095
1,1391,569.900800
1,1392,115.014960
1,1393,271.293835
1,1394,594.978496
1,1395,595.447291
1,1396,595.049529
1,1397,148.226108
1,1398,443.339295
1,1399,477.912789
1,1400,91.778116
1,1401,442.535625
1,1402,346.091845
1,1403,105.438104
1,1404,488.333986
1,1405,279.401357
1,1406,420.190828
1,1407,172.566958
1,1408,274.999142
1,1409,306.773602
1,1410,107.389916
1,1411,559.715463
1,1412,365.405156
1,1413,558.303719
1,1414,566.920999
1,1415,79.362139
1,1416,556.088171
1,1417,80.747590
1,1418,77.073424
1,1419,606.788213
1,1420,357.812416
1,1421,107.210817
1,1422,325.120557
1,1423,302.165048
1,1424,465.644285
1,1425,95.818590
1,1426,70.495529
1,1427,446.689282
1,1428,573.095578
1,1429,429.552410
1,1430,82.421359
1,1431,388.550700
1,1432,96.096698
1,1433,458.648882
1,1434,521.993768
1,1435,409.237355
1,1436,207.365213
1,1437,422.206159
1,1438,147.253719
1,1439,81.494457
1,1440,377.620657
1,1441,79.559714
1,1442,457.331756
1,1443,416.403081
1,1444,531.211593
1,1445,126.798046
1,1446,461.406520
1,1447,389.030799
1,1448,507.964841
1,1449,517.500625
1,1450,83.520837
1,1451,544.108055
1,1452,189.272187
1,1453,527.442005
1,1454,79.663620
1,1455,349.226717
1,1456,465.060287
1,1457,245.982575
1,1458,559.936550
1,1459,499.203459
1,1460,97.220310
1,1461,432.114930
1,1462,471.483974
1,1463,82.474785
1,1464,434.435076
1,1465,595.961113
1,1466,206.854380
1,1467,652.402617
1,1468,214.354015
1,1469,222.198794
1,1470,433.127119
1,1471,232.414494
1,1472,440.780336
1,1473,182.191015
1,1474,481.408860
1,1475,91.521714
1,1476,490.012726
1,1477,372.378446
1,1478,141.784305
1,1479,450.287628
1,1480,113.050917
1,1481,481.961830
1,1482,111.284412
1,1483,283.034923
1,1484,408.041656
1,1485,247.312725
1,1486,118.522745
1,1487,480.760810
1,1488,363.014351
1,1489,626.854555
1,1490,460.908847
1,1491,397.673426
1,1492,111.913103
1,1493,562.494458
1,1494,352.381220
1,1495,276.517326
1,1496,253.597584
1,1497,105.886443
1,1498,438.267964
1,1499,475.330962
1,1500,590.107368
1,1501,36.041212
1,1502,584.406114
1,1503,583.766379
1,1504,117.990683
1,1505,235.203178
1,1506,479.041075
1,1507,101.183223
1,1508,516.145432
1,1509,99.744664
1,1510,271.445131
1,1511,111.221732
1,1512,550.502489
1,1513,460.793217
1,1514,128.778411
1,1515,291.268126
1,1516,157.538406
1,1517,577.168362
1,1518,352.080232
1,1519,507.518095
1,1520,231.418533
1,1521,427.352476
1,1522,89.273867
1,1523,457.377977
1,1524,540.527206
1,1525,93.080609
1,1526,414.758862
1,1527,239.605407
1,1528,536.914466
1,1529,82.981431
1,1530,411.084263
1,1531,562.289025
1,1532,58.603400
1,1533,85.674631
1,1534,531.272404
1,1535,75.707629
1,1536,231.331333
1,1537,520.180464
1,1538,241.387103
1,1539,1009.900252
1,1540,384.208142
1,1541,261.229794
1,1542,361.837300
1,1543,453.345639
1,1544,55.625967
1,1545,38.864896
1,1546,365.109115
1,1547,554.714333
1,1548,70.247988
1,1549,381.080721
1,1550,92.828551
1,1551,504.922214
1,1552,468.926744
1,1553,92.397653
1,1554,245.216895
1,1555,107.587556
1,1556,406.002981
1,1557,477.738508
1,1558,101.783569
1,1559,471.825231
1,1560,258.569640
1,1561,538.794091
1,1562,103.730747
1,1563,401.441615
1,1564,551.303894
1,1565,514.419503
1,1566,242.292731
1,1567,106.017696
1,1568,623.581403
1,1569,379.385485
1,1570,8.964640
1,1571,396.960366
1,1572,300.427729
1,1573,503.813833
1,1574,56.918692
1,1575,219.790362
1,1576,514.848463
1,1577,411.665180
1,1578,197.932134
1,1579,497.225662
1,1580,62.857631
1,1581,208.063394
1,1582,384.665367
1,1583,89.535477
1,1584,297.521668
1,1585,100.851628
1,1586,548.767582
1,1587,129.807981
1,1588,613.755867
1,1589,204.259150
1,1590,187.639362
1,1591,410.710030
1,1592,32.003569
1,1593,279.311305
1,1594,100.512238
1,1595,618.210232
1,1596,81.634492
1,1597,300.960555
1,1598,109.663745
1,1599,398.834147
1,1600,182.394665
1,1601,103.429244
1,1602,180.090190
1,1603,295.259839
1,1604,346.422298
1,1605,135.928204
1,1606,547.726208
1,1607,102.675848
1,1608,509.916833
1,1609,439.350138
1,1610,127.993898
1,1611,353.024890
1,1612,94.797491
1,1613,151.492425
1,1614,515.960279
1,1615,99.838620
1,1616,78.218275
1,1617,410.525989
1,1618,98.364333
1,1619,349.378578
1,1620,153.537445
1,1621,96.707222
1,1622,389.876161
1,1623,453.848946
1,1624,346.434799
1,1625,309.609257
1,1626,298.253790
1,1627,563.455987
1,1628,90.646888
1,1629,536.368066
1,1630,345.757883
1,1631,90.099350
1,1632,570.535222
1,1633,446.947625
1,1634,569.021171
1,1635,163.756574
1,1636,278.207777
1,1637,281.622811
1,1638,380.181825
1,1639,285.432127
1,1640,139.294496
1,1641,270.411025
1,1642,60.199992
1,1643,323.861095
1,1644,79.628553
1,1645,155.438824
1,1646,269.793118
1,1647,202.582641
1,1648,289.986528
1,1649,0.000000
1,1650,181.802208
1,1651,21.569203
1,1652,551.937517
1,1653,24.830026
1,1654,251.619645
1,1655,66.418635
1,1656,360.695939
1,1657,148.617804
1,1658,73.433523
1,1659,153.412698
1,1660,271.523755
1,1661,176.962717
1,1662,117.189487
1,1663,290.964335
1,1664,88.037576
1,1665,332.940849
1,1666,606.666121
1,1667,92.138255
1,1668,171.225128
1,1669,282.350971
1,1670,73.808469
1,1671,511.350407
1,1672,96.296010
1,1673,504.322951
1,1674,550.290184
1,1675,76.088822
1,1676,349.509831
1,1677,385.524293
1,1678,124.558193
1,1679,350.058568
1,1680,92.275199
1,1681,149.390826
1,1682,514.257839
1,1683,98.515432
1,1684,77.255894
1,1685,409.907291
1,1686,98.073393
1,1687,349.400560
1,1688,153.858502
1,1689,97.314412
1,1690,390.757368
1,1691,351.587522
1,1692,96.283292
1,1693,577.060050
1,1694,548.473251
1,1695,73.448931
1,1696,346.093614
1,1697,381.374444
1,1698,451.879625
1,1699,344.555921
1,1700,307.817495
1,1701,296.545999
1,1702,561.829189
1,1703,89.098259
1,1704,534.894930
1,1705,80.398257
1,1706,67.619071
1,1707,331.466290
1,1708,87.414311
1,1709,163.399839
1,1710,277.924316
1,1711,237.849285
1,1712,356.403050
1,1713,140.045873
1,1714,146.235550
1,1715,274.171078
1,1716,187.654295
1,1717,201.784548
1,1718,487.353405
1,1719,79.040959
1,1720,106.945660
1,1721,414.588299
1,1722,481.424015
1,1723,369.740170
1,1724,0.000000
1,1725,387.315052
1,1726,62.418198
1,1727,522.332516
1,1728,277.454121
1,1729,499.971010
1,1730,208.410981
1,1731,423.144745
1,1732,59.584085
1,1733,240.721036
1,1734,338.216663
1,1735,52.833445
1,1736,366.839686
1,1737,79.890162
1,1738,195.270229
1,1739,486.287869
1,1740,539.122267
1,1741,241.083900
1,1742,86.788752
1,1743,534.145333
1,1744,244.922931
1,1745,66.386321
1,1746,386.973644
1,1747,499.500293
1,1748,92.457004
1,1749,443.374948
1,1750,71.572772
1,1751,519.391025
1,1752,118.836071
1,1753,509.363435
1,1754,219.808765
1,1755,264.092402
1,1756,430.973357
1,1757,214.810875
1,1758,292.297139
1,1759,93.435821
1,1760,546.261260
1,1761,93.030533
1,1762,247.853936
1,1763,142.083534
1,1764,171.164703
1,1765,581.187092
1,1766,91.460635
1,1767,342.610242
1,1768,498.134598
1,1769,65.726771
1,1770,542.734110
1,1771,67.664829
1,1772,88.719019
1,1773,492.152251
1,1774,87.633276
1,1775,62.595373
1,1776,291.133923
1,1777,381.365973
1,1778,83.652035
1,1779,322.868825
1,1780,327.314044
1,1781,401.668856
1,1782,364.917513
1,1783,0.000000
1,1784,382.492395
1,1785,39.527223
1,1786,115.323688
1,1787,333.925950
1,1788,337.638120
1,1789,55.550334
1,1790,467.478667
1,1791,175.843519
1,1792,81.835809
1,1793,202.592611
1,1794,324.024692
1,1795,76.679508
1,1796,328.204955
1,1797,455.551054
1,1798,58.361498
1,1799,193.344397
1,1800,251.687391
1,1801,373.434971
1,1802,75.465738
1,1803,336.861151
1,1804,423.243267
1,1805,65.083663
1,1806,101.936121
1,1807,416.667049
1,1808,514.019854
1,1809,148.874464
1,1810,96.620364
1,1811,209.858748
1,1812,287.579159
1,1813,87.348263
1,1814,196.651576
1,1815,426.150700
1,1816,88.870118
1,1817,67.610579
1,1818,242.381466
1,1819,514.437393
1,1820,267.537340
1,1821,540.964856
1,1822,120.516165
1,1823,571.013126
1,1824,494.504076
1,1825,156.705167
1,1826,556.774258
1,1827,84.227333
1,1828,240.374844
1,1829,529.731087
1,1830,205.527305
1,1831,412.929064
1,1832,103.542357
1,1833,498.485513
1,1834,325.606253
1,1835,60.082799
1,1836,216.607315
1,1837,285.080892
1,1838,79.779723
1,1839,532.134907
1,1840,76.863892
1,1841,406.801699
1,1842,290.975620
1,1843,472.198525
1,1844,600.486435
1,1845,74.892730
1,1846,443.120131
1,1847,228.165171
1,1848,488.278909
1,1849,273.386567
1,1850,192.139234
1,1851,420.371145
1,1852,67.805564
1,1853,418.725253
1,1854,67.729915
1,1855,556.237533
1,1856,435.004546
1,1857,63.570501
1,1858,441.445056
1,1859,75.770695
1,1860,349.832121
1,1861,60.022793
1,1862,468.200156
1,1863,303.157660
1,1864,37.717518
1,1865,345.258199
1,1866,253.482287
1,1867,343.820611
1,1868,55.106219
1,1869,345.539611
1,1870,51.594342
1,1871,242.994281
1,1872,61.141686
1,1873,254.915503
1,1874,574.120182
1,1875,48.270322
1,1876,416.248207
1,1877,305.662899
1,1878,498.262487
1,1879,42.644836
1,1880,524.387111
1,1881,379.398162
1,1882,49.213835
1,1883,161.233087
1,1884,501.426254
1,1885,494.622594
1,1886,0.000000
1,1887,360.868653
1,1888,276.894901
1,1889,404.371460
1,1890,128.929211
1,1891,308.832980
1,1892,494.604480
1,1893,171.735396
1,1894,446.674262
1,1895,380.678475
1,1896,274.368487
1,1897,377.878043
1,1898,119.523674
1,1899,335.172371
1,1900,167.610997
1,1901,132.191801
1,1902,308.120426
1,1903,236.463947
1,1904,342.070961
1,1905,475.558938
1,1906,489.324715
1,1907,574.240923
1,1908,171.539105
1,1909,510.014885
1,1910,141.487697
1,1911,327.704482
1,1912,120.603465
1,1913,140.822324
1,1914,347.882789
1,1915,308.545672
1,1916,144.774097
1,1917,438.314914
1,1918,173.826041
1,1919,296.491770
1,1920,519.773349
1,1921,429.786439
1,1922,254.656887
1,1923,170.793902
1,1924,437.307974
1,1925,366.068608
1,1926,411.436896
1,1927,134.554441
1,1928,455.686212
1,1929,435.593856
1,1930,325.511355
1,1931,257.933175
1,1932,284.342216
1,1933,357.177238
1,1934,291.518014
1,1935,242.143535
1,1936,432.164260
1,1937,379.459604
1,1938,113.936149
1,1939,289.981758
1,1940,300.639095
1,1941,330.114142
1,1942,462.010437
1,1943,287.093815
1,1944,151.801467
1,1945,426.423578
1,1946,123.902144
1,1947,137.546039
1,1948,274.334017
1,1949,126.404975
1,1950,358.101681
1,1951,394.956446
1,1952,44.850724
1,1953,170.926459
1,1954,216.312964
1,1955,77.573579
1,1956,297.424261
1,1957,137.159990
1,1958,304.987165
1,1959,86.837856
1,1960,396.334757
1,1961,209.887301
1,1962,114.523409
1,1963,349.857036
1,1964,364.875019
1,1965,102.160765
1,1966,101.221744
1,1967,369.397016
1,1968,269.398019
1,1969,373.686783
1,1970,328.004702
1,1971,286.355171
1,1972,502.501638
1,1973,289.130967
1,1974,110.594357
1,1975,274.493470
1,1976,289.982103
1,1977,486.822623
1,1978,255.750409
1,1979,424.667765
1,1980,306.898233
1,1981,139.753745
1,1982,234.964976
1,1983,116.402004
1,1984,169.027025
1,1985,362.514484
1,1986,470.720311
1,1987,364.653751
1,1988,139.626261
1,1989,249.514082
1,1990,116.087942
1,1991,514.143818
1,1992,136.699790
1,1993,341.045824
1,1994,297.156788
1,1995,360.214831
1,1996,253.980085
1,1997,367.574633
1,1998,399.686870
1,1999,133.931623
1,2000,108.973363
1,2001,409.606502
1,2002,141.033235
1,2003,158.013543
1,2004,382.817313
1,2005,124.372066
1,2006,417.393643
1,2007,123.141692
1,2008,457.843119
1,2009,324.636145
1,2010,338.140511
1,2011,190.011246
1,2012,377.648000
1,2013,57.424887
1,2014,329.323506
1,2015,187.134980
1,2016,274.450745
1,2017,257.400935
1,2018,152.669767
1,2019,449.881452
1,2020,98.484795
1,2021,246.643354
1,2022,323.087773
1,2023,180.809920
1,2024,606.115495
1,2025,114.323260
1,2026,345.926465
1,2027,382.690355
1,2028,128.732932
1,2029,180.102070
1,2030,426.700430
1,2031,221.326963
1,2032,111.578433
1,2033,320.975363
1,2034,326.050512
1,2035,98.168289
1,2036,201.260574
1,2037,86.429213
1,2038,256.878768
1,2039,409.665017
1,2040,228.740668
1,2041,526.399668
1,2042,225.792569
1,2043,530.094826
1,2044,405.657074
1,2045,393.996204
1,2046,359.427503
1,2047,121.455753
1,2048,191.912112
1,2049,283.290119
1,2050,379.916472
1,2051,161.893791
1,2052,327.872213
1,2053,187.801422
1,2054,445.328578
1,2055,419.845108
1,2056,229.835488
1,2057,153.127804
1,2058,111.506888
1,2059,482.638201
1,2060,443.381168
1,2061,111.578635
1,2062,376.445157
1,2063,164.004301
1,2064,428.321490
1,2065,397.921644
1,2066,132.415912
1,2067,442.374229
1,2068,189.775039
1,2069,374.928735
1,2070,109.650552
1,2071,219.734046
1,2072,109.297624
1,2073,574.855606
1,2074,129.578684
1,2075,264.056425
1,2076,310.565470
1,2077,219.950727
1,2078,216.459306
1,2079,422.518945
1,2080,104.880254
1,2081,369.224870
1,2082,265.689856
1,2083,493.605920
1,2084,277.756061
1,2085,235.387729
1,2086,264.059374
1,2087,185.188589
1,2088,439.670199
1,2089,524.586927
1,2090,128.478719
1,2091,393.592411
1,2092,128.254406
1,2093,148.621774
1,2094,368.359420
1,2095,194.273648
1,2096,183.628144
1,2097,177.633155
1,2098,257.230364
1,2099,317.437140
1,2100,87.471416
1,2101,526.765577
1,2102,141.269215
1,2103,478.347043
1,2104,86.927268
1,2105,242.558892
1,2106,153.762200
1,2107,84.253877
1,2108,192.771273
1,2109,130.170923
1,2110,153.860419
1,2111,397.646601
1,2112,80.058628
1,2113,395.765472
1,2114,544.144412
1,2115,210.411940
1,2116,79.649288
1,2117,250.190189
1,2118,299.003487
1,2119,94.462104
1,2120,347.644649
1,2121,68.011824
1,2122,296.139252
1,2123,81.444878
1,2124,201.515310
1,2125,495.937480
1,2126,416.453330
1,2127,86.393128
1,2128,205.036514
1,2129,162.346661
1,2130,370.600538
1,2131,80.643344
1,2132,368.501473
1,2133,80.125074
1,2134,275.545157
1,2135,56.431643
1,2136,203.696007
1,2137,167.301001
1,2138,362.914750
1,2139,249.380416
1,2140,56.919080
1,2141,229.489019
1,2142,261.086405
1,2143,341.250943
1,2144,582.149082
1,2145,191.215848
1,2146,333.347756
1,2147,104.878094
1,2148,377.841151
1,2149,182.814044
1,2150,310.563551
1,2151,94.892337
1,2152,314.258709
1,2153,97.746877
1,2154,151.709524
1,2155,318.359388
1,2156,131.580859
1,2157,150.050128
1,2158,175.483399
1,2159,310.493668
1,2160,119.727616
1,2161,205.143356
1,2162,105.452693
1,2163,404.075366
1,2164,188.817700
1,2165,178.728671
1,2166,457.158729
1,2167,161.945733
1,2168,119.296941
1,2169,379.894021
1,2170,361.049536
1,2171,199.206839
1,2172,255.545683
1,2173,106.431510
1,2174,318.592349
1,2175,158.781396
1,2176,239.395022
1,2177,496.032902
1,2178,120.430616
1,2179,157.429986
1,2180,402.702804
1,2181,439.808365
1,2182,158.675543
1,2183,329.417462
1,2184,126.268712
1,2185,269.382519
1,2186,114.254959
1,2187,441.140841
1,2188,510.869682
1,2189,123.607032
1,2190,413.830645
1,2191,122.410807
1,2192,305.645428
1,2193,523.186741
1,2194,414.010053
1,2195,126.478656
1,2196,270.922677
1,2197,237.883366
1,2198,114.152551
1,2199,344.559723
1,2200,107.969650
1,2201,482.505509
1,2202,122.668723
1,2203,441.022096
1,2204,167.162474
1,2205,137.269359
1,2206,363.770428
1,2207,437.813726
1,2208,359.500418
1,2209,100.806835
1,2210,139.740776
1,2211,434.444202
1,2212,332.790922
1,2213,136.518711
1,2214,390.108700
1,2215,213.952885
1,2216,143.058087
1,2217,666.856374
1,2218,155.434889
1,2219,91.945065
1,2220,466.302079
1,2221,272.091629
1,2222,576.617045
1,2223,72.924565
1,2224,389.034263
1,2225,239.525042
1,2226,343.146599
1,2227,92.604803
1,2228,267.299672
1,2229,317.821733
1,2230,324.559680
1,2231,369.823914
1,2232,348.443128
1,2233,72.880463
1,2234,190.658832
1,2235,118.353667
1,2236,292.572315
1,2237,199.473808
1,2238,385.670855
1,2239,103.627921
1,2240,270.345849
1,2241,138.075103
1,2242,438.292529
1,2243,104.911848
1,2244,381.454065
1,2245,320.683563
1,2246,114.261728
1,2247,438.802886
1,2248,270.691489
1,2249,291.364828
1,2250,406.123658
1,2251,99.442293
1,2252,406.289386
1,2253,346.291990
1,2254,275.965370
1,2255,611.928147
1,2256,234.935178
1,2257,374.669145
1,2258,121.713289
1,2259,366.795609
1,2260,289.327502
1,2261,235.602689
1,2262,117.191894
1,2263,366.799843
1,2264,322.509211
1,2265,337.555573
1,2266,308.831392
1,2267,157.694755
1,2268,381.501390
1,2269,285.993907
1,2270,100.765790
1,2271,406.648239
1,2272,290.205885
1,2273,332.861166
1,2274,287.564737
1,2275,400.335482
1,2276,562.001392
1,2277,231.050621
1,2278,97.308456
1,2279,446.958661
1,2280,117.373340
1,2281,321.463406
1,2282,94.645520
1,2283,444.638449
1,2284,93.415147
1,2285,96.599274
1,2286,357.054108
1,2287,490.175486
1,2288,106.023259
1,2289,249.436216
1,2290,101.893193
1,2291,344.152898
1,2292,144.820836
1,2293,196.562035
1,2294,229.369451
1,2295,260.935038
1,2296,339.107304
1,2297,125.762976
1,2298,98.467825
1,2299,134.993425
1,2300,432.163094
1,2301,102.292636
1,2302,325.991528
1,2303,109.708517
1,2304,395.223593
1,2305,127.581662
1,2306,393.466409
1,2307,272.779950
1,2308,446.333177
1,2309,168.734999
1,2310,102.992683
1,2311,430.643935
1,2312,184.347325
1,2313,343.111309
1,2314,244.388169
1,2315,322.395467
1,2316,294.719838
1,2317,93.844877
1,2318,437.108505
1,2319,316.382898
1,2320,481.054754
1,2321,356.927402
1,2322,348.298729
1,2323,509.806486
1,2324,535.713557
1,2325,93.342686
1,2326,403.665937
1,2327,114.993075
1,2328,564.069104
1,2329,113.278362
1,2330,484.217270
1,2331,271.760012
1,2332,571.520312
1,2333,118.280264
1,2334,276.078394
1,2335,566.967591
1,2336,217.913857
1,2337,594.687818
1,2338,446.974593
1,2339,567.769694
1,2340,101.297832
1,2341,490.291520
1,2342,534.086326
1,2343,552.907719
1,2344,125.550232
1,2345,422.822196
1,2346,472.702215
1,2347,281.287903
1,2348,125.952451
1,2349,456.551592
1,2350,441.913301
1,2351,422.842755
1,2352,140.161163
1,2353,571.839494
1,2354,125.199054
1,2355,281.539787
1,2356,571.080512
1,2357,354.525617
1,2358,570.420964
1,2359,125.219236
1,2360,453.854176
1,2361,605.573192
1,2362,102.384874
1,2363,352.072851
1,2364,530.484991
1,2365,399.157067
1,2366,537.481026
1,2367,458.604946
1,2368,99.253476
1,2369,457.444158
1,2370,299.170865
1,2371,292.111366
1,2372,263.948917
1,2373,462.415414
1,2374,95.884604
1,2375,523.844782
1,2376,340.197355
1,2377,124.843175
1,2378,322.899262
1,2379,450.687057
1,2380,203.470292
1,2381,546.149617
1,2382,510.872208
1,2383,397.233695
1,2384,45.682489
1,2385,311.866452
1,2386,170.211595
1,2387,350.007905
1,2388,84.076796
1,2389,515.318249
1,2390,181.600349
1,2391,123.719041
1,2392,151.625635
1,2393,556.725815
1,2394,106.235923
1,2395,83.989171
1,2396,249.228268
1,2397,422.362723
1,2398,722.215080
1,2399,484.026114
1,2400,94.684509
1,2401,524.809304
1,2402,116.661039
1,2403,304.912974
1,2404,241.216849
1,2405,449.442000
1,2406,120.941709
1,2407,537.067841
1,2408,100.202108
1,2409,491.054174
1,2410,277.104147
1,2411,538.174142
1,2412,122.624485
1,2413,368.677727
1,2414,254.509668
1,2415,538.371126
1,2416,101.061687
1,2417,538.194701
1,2418,308.212356
1,2419,444.549817
1,2420,566.796634
1,2421,574.723457
1,2422,119.837618
1,2423,276.116492
1,2424,565.598307
1,2425,95.930044
1,2426,516.852867
1,2427,429.278542
1,2428,477.467198
1,2429,455.872600
1,2430,118.167805
1,2431,486.633388
1,2432,402.834197
1,2433,271.355712
1,2434,569.008374
1,2435,113.818352
1,2436,269.805821
1,2437,559.008216
1,2438,91.971292
1,2439,217.809932
1,2440,519.707101
1,2441,564.538120
1,2442,477.208490
1,2443,469.705188
1,2444,503.305982
1,2445,75.296980
1,2446,539.155856
1,2447,324.670557
1,2448,101.709420
1,2449,416.467208
1,2450,84.486277
1,2451,457.898509
1,2452,247.510645
1,2453,549.029263
1,2454,97.302554
1,2455,256.417462
1,2456,548.463205
1,2457,1353.130181
1,2458,350.695209
1,2459,454.119547
1,2460,180.292220
1,2461,448.641953
1,2462,141.224795
1,2463,360.870959
1,2464,611.646615
1,2465,249.957704
1,2466,122.041765
1,2467,485.097478
1,2468,368.117660
1,2469,632.678203
1,2470,115.663010
1,2471,412.995288
1,2472,598.851111
1,2473,179.245598
1,2474,223.172946
1,2475,252.844675
1,2476,93.407040
1,2477,533.480956
1,2478,570.707673
1,2479,117.549107
1,2480,486.342449
1,2481,376.543095
1,2482,569.900800
1,2483,115.014960
1,2484,271.293835
1,2485,594.978496
1,2486,595.447291
1,2487,595.049529
1,2488,148.226108
1,2489,443.339295
1,2490,477.912789
1,2491,91.778116
1,2492,442.535625
1,2493,346.091845
1,2494,105.438104
1,2495,488.333986
1,2496,279.401357
1,2497,420.190828
1,2498,172.566958
1,2499,274.999142
1,2500,306.773602
1,2501,107.389916
1,2502,559.715463
1,2503,365.405156
1,2504,558.303719
1,2505,566.920999
1,2506,79.362139
1,2507,556.088171
1,2508,80.747590
1,2509,77.073424
1,2510,606.788213
1,2511,357.812416
1,2512,107.210817
1,2513,325.120557
1,2514,302.165048
1,2515,465.644285
1,2516,95.818590
1,2517,70.495529
1,2518,446.689282
1,2519,573.095578
1,2520,429.552410
1,2521,82.421359
1,2522,388.550700
1,2523,96.096698
1,2524,458.648882
1,2525,521.993768
1,2526,409.237355
1,2527,207.365213
1,2528,422.206159
1,2529,147.253719
1,2530,81.494457
1,2531,377.620657
1,2532,79.559714
1,2533,457.331756
1,2534,416.403081
1,2535,531.211593
1,2536,126.798046
1,2537,461.406520
1,2538,389.030799
1,2539,507.964841
1,2540,517.500625
1,2541,83.520837
1,2542,544.108055
1,2543,189.272187
1,2544,527.442005
1,2545,79.663620
1,2546,349.226717
1,2547,465.060287
1,2548,245.982575
1,2549,559.936550
1,2550,499.203459
1,2551,97.220310
1,2552,432.114930
1,2553,471.483974
1,2554,82.474785
1,2555,434.435076
1,2556,595.961113
1,2557,206.854380
1,2558,652.402617
1,2559,214.354015
1,2560,222.198794
1,2561,433.127119
1,2562,232.414494
1,2563,440.780336
1,2564,182.191015
1,2565,481.408860
1,2566,91.521714
1,2567,490.012726
1,2568,372.378446
1,2569,141.784305
1,2570,450.287628
1,2571,113.050917
1,2572,481.961830
1,2573,111.284412
1,2574,283.034923
1,2575,408.041656
1,2576,247.312725
1,2577,118.522745
1,2578,480.760810
1,2579,363.014351
1,2580,626.854555
1,2581,460.908847
1,2582,397.673426
1,2583,111.913103
1,2584,562.494458
1,2585,352.381220
1,2586,276.517326
1,2587,253.597584
1,2588,105.886443
1,2589,438.267964
1,2590,475.330962
1,2591,590.107368
1,2592,36.041212
1,2593,584.406114
1,2594,583.766379
1,2595,117.990683
1,2596,235.203178
1,2597,479.041075
1,2598,101.183223
1,2599,516.145432
1,2600,99.744664
1,2601,271.445131
1,2602,111.221732
1,2603,550.502489
1,2604,460.793217
1,2605,128.778411
1,2606,291.268126
1,2607,157.538406
1,2608,577.168362
1,2609,352.080232
1,2610,507.518095
1,2611,231.418533
1,2612,427.352476
1,2613,89.273867
1,2614,457.377977
1,2615,540.527206
1,2616,93.080609
1,2617,414.758862
1,2618,239.605407
1,2619,536.914466
1,2620,82.981431
1,2621,411.084263
1,2622,562.289025
1,2623,58.603400
1,2624,85.674631
1,2625,531.272404
1,2626,75.707629
1,2627,231.331333
1,2628,520.180464
1,2629,241.387103
1,2630,1009.900252
1,2631,384.208142
1,2632,261.229794
1,2633,361.837300
1,2634,453.345639
1,2635,55.625967
1,2636,38.864896
1,2637,365.109115
1,2638,554.714333
1,2639,70.247988
1,2640,381.080721
1,2641,92.828551
1,2642,504.922214
1,2643,468.926744
1,2644,92.397653
1,2645,245.216895
1,2646,107.587556
1,2647,406.002981
1,2648,477.738508
1,2649,101.783569
1,2650,471.825231
1,2651,258.569640
1,2652,538.794091
1,2653,103.730747
1,2654,401.441615
1,2655,551.303894
1,2656,514.419503
1,2657,242.292731
1,2658,106.017696
1,2659,623.581403
1,2660,379.385485
1,2661,8.964640
1,2662,396.960366
1,2663,300.427729
1,2664,503.813833
1,2665,56.918692
1,2666,219.790362
1,2667,514.848463
1,2668,411.665180
1,2669,197.932134
1,2670,497.225662
1,2671,62.857631
1,2672,208.063394
1,2673,384.665367
1,2674,89.535477
1,2675,297.521668
1,2676,100.851628
1,2677,548.767582
1,2678,129.807981
1,2679,613.755867
1,2680,204.259150
1,2681,187.639362
1,2682,410.710030
1,2683,32.003569
1,2684,279.311305
1,2685,100.512238
1,2686,618.210232
1,2687,81.634492
1,2688,300.960555
1,2689,109.663745
1,2690,398.834147
1,2691,182.394665
1,2692,103.429244
1,2693,180.090190
1,2694,295.259839
1,2695,346.422298
1,2696,135.928204
1,2697,547.726208
1,2698,102.675848
1,2699,509.916833
1,2700,439.350138
1,2701,127.993898
1,2702,353.024890
1,2703,94.797491
1,2704,151.492425
1,2705,515.960279
1,2706,99.838620
1,2707,78.218275
1,2708,410.525989
1,2709,98.364333
1,2710,349.378578
1,2711,153.537445
1,2712,96.707222
1,2713,389.876161
1,2714,453.848946
1,2715,346.434799
1,2716,309.609257
1,2717,298.253790
1,2718,563.455987
1,2719,90.646888
1,2720,536.368066
1,2721,345.757883
1,2722,90.099350
1,2723,570.535222
1,2724,446.947625
1,2725,569.021171
1,2726,163.756574
1,2727,278.207777
1,2728,281.622811
1,2729,380.181825
1,2730,285.432127
1,2731,139.294496
1,2732,270.411025
1,2733,60.199992
1,2734,323.861095
1,2735,79.628553
1,2736,155.438824
1,2737,269.793118
1,2738,202.582641
1,2739,289.986528
1,2740,0.000000
1,2741,181.802208
1,2742,21.569203
1,2743,551.937517
1,2744,24.830026
1,2745,251.619645
1,2746,66.418635
1,2747,360.695939
1,2748,148.617804
1,2749,73.433523
1,2750,153.412698
1,2751,271.523755
1,2752,176.962717
1,2753,117.189487
1,2754,290.964335
1,2755,88.037576
1,2756,332.940849
1,2757,606.666121
1,2758,92.138255
1,2759,171.225128
1,2760,282.350971
1,2761,73.808469
1,2762,511.350407
1,2763,96.296010
1,2764,504.322951
1,2765,550.290184
1,2766,76.088822
1,2767,349.509831
1,2768,385.524293
1,2769,124.558193
1,2770,350.058568
1,2771,92.275199
1,2772,149.390826
1,2773,514.257839
1,2774,98.515432
1,2775,77.255894
1,2776,409.907291
1,2777,98.073393
1,2778,349.400560
1,2779,153.858502
1,2780,97.314412
1,2781,390.757368
1,2782,351.587522
1,2783,96.283292
1,2784,577.060050
1,2785,548.473251
1,2786,73.448931
1,2787,346.093614
1,2788,381.374444
1,2789,451.879625
1,2790,344.555921
1,2791,307.817495
1,2792,296.545999
1,2793,561.829189
1,2794,89.098259
1,2795,534.894930
1,2796,80.398257
1,2797,67.619071
1,2798,331.466290
1,2799,87.414311
1,2800,163.399839
1,2801,277.924316
1,2802,237.849285
1,2803,356.403050
1,2804,140.045873
1,2805,146.235550
1,2806,274.171078
1,2807,187.654295
1,2808,201.784548
1,2809,487.353405
1,2810,79.040959
1,2811,106.945660
1,2812,414.588299
1,2813,481.424015
1,2814,369.740170
1,2815,0.000000
1,2816,387.315052
1,2817,62.418198
1,2818,522.332516
1,2819,277.454121
1,2820,499.971010
1,2821,208.410981
1,2822,423.144745
1,2823,59.584085
1,2824,240.721036
1,2825,338.216663
1,2826,52.833445
1,2827,366.839686
1,2828,79.890162
1,2829,195.270229
1,2830,486.287869
1,2831,539.122267
1,2832,241.083900
1,2833,86.788752
1,2834,534.145333
1,2835,244.922931
1,2836,66.386321
1,2837,386.973644
1,2838,499.500293
1,2839,92.457004
1,2840,443.374948
1,2841,71.572772
1,2842,519.391025
1,2843,118.836071
1,2844,509.363435
1,2845,219.808765
1,2846,264.092402
1,2847,430.973357
1,2848,214.810875
1,2849,292.297139
1,2850,93.435821
1,2851,546.261260
1,2852,93.030533
1,2853,247.853936
1,2854,142.083534
1,2855,171.164703
1,2856,581.187092
1,2857,91.460635
1,2858,342.610242
1,2859,498.134598
1,2860,65.726771
1,2861,542.734110
1,2862,67.664829
1,2863,88.719019
1,2864,492.152251
1,2865,87.633276
1,2866,62.595373
1,2867,291.133923
1,2868,381.365973
1,2869,83.652035
1,2870,322.868825
1,2871,327.314044
1,2872,401.668856
1,2873,364.917513
1,2874,0.000000
1,2875,382.492395
1,2876,39.527223
1,2877,115.323688
1,2878,333.925950
1,2879,337.638120
1,2880,55.550334
1,2881,467.478667
1,2882,175.843519
1,2883,81.835809
1,2884,202.592611
1,2885,324.024692
1,2886,76.679508
1,2887,328.204955
1,2888,455.551054
1,2889,58.361498
1,2890,193.344397
1,2891,251.687391
1,2892,373.434971
1,2893,75.465738
1,2894,336.861151
1,2895,423.243267
1,2896,65.083663
1,2897,101.936121
1,2898,416.667049
1,2899,514.019854
1,2900,148.874464
1,2901,96.620364
1,2902,209.858748
1,2903,287.579159
1,2904,87.348263
1,2905,196.651576
1,2906,426.150700
1,2907,88.870118
1,2908,67.610579
1,2909,242.381466
1,2910,514.437393
1,2911,267.537340
1,2912,540.964856
1,2913,120.516165
1,2914,571.013126
1,2915,494.504076
1,2916,156.705167
1,2917,556.774258
1,2918,84.227333
1,2919,240.374844
1,2920,529.731087
1,2921,205.527305
1,2922,412.929064
1,2923,103.542357
1,2924,498.485513
1,2925,325.606253
1,2926,60.082799
1,2927,216.607315
1,2928,285.080892
1,2929,79.779723
1,2930,532.134907
1,2931,76.863892
1,2932,406.801699
1,2933,290.975620
1,2934,472.198525
1,2935,600.486435
1,2936,74.892730
1,2937,443.120131
1,2938,228.165171
1,2939,488.278909
1,2940,273.386567
1,2941,192.139234
1,2942,420.371145
1,2943,67.805564
1,2944,418.725253
1,2945,67.729915
1,2946,556.237533
1,2947,435.004546
1,2948,63.570501
1,2949,441.445056
1,2950,75.770695
1,2951,349.832121
1,2952,60.022793
1,2953,468.200156
1,2954,303.157660
1,2955,37.717518
1,2956,345.258199
1,2957,253.482287
1,2958,343.820611
1,2959,55.106219
1,2960,345.539611
1,2961,51.594342
1,2962,242.994281
1,2963,61.141686
1,2964,254.915503
1,2965,574.120182
1,2966,48.270322
1,2967,416.248207
1,2968,305.662899
1,2969,498.262487
1,2970,42.644836
1,2971,524.387111
1,2972,379.398162
1,2973,49.213835
1,2974,161.233087
1,2975,501.426254
1,2976,285.508468
1,2977,0.000000
1,2978,161.351361
1,2979,0.000000
1,2980,488.440211
1,2981,71.563024
1,2982,352.822037
1,2983,334.479238
1,2984,285.372832
1,2985,382.120771
1,2986,328.921626
1,2987,47.739613
1,2988,171.795178
1,2989,281.607996
1,2990,78.907042
1,2991,226.229655
1,2992,203.296088
1,2993,211.799474
1,2994,361.421845
1,2995,575.634330
1,2996,95.381281
1,2997,213.165711
1,2998,364.959102
1,2999,250.710458
1,3000,320.956846
1,3001,68.316771
1,3002,214.191242
1,3003,211.994655
1,3004,97.263636
1,3005,69.839478
1,3006,386.615632
1,3007,89.597720
1,3008,273.958397
1,3009,607.404821
1,3010,66.653040
1,3011,295.672098
1,3012,90.862621
1,3013,334.044539
1,3014,119.190009
1,3015,286.684859
1,3016,88.328474
1,3017,376.923077
1,3018,201.314315
1,3019,321.613961
1,3020,438.647255
1,3021,79.040089
1,3022,118.646591
1,3023,419.321857
1,3024,94.719972
1,3025,166.496879
1,3026,148.824251
1,3027,289.721511
1,3028,289.150142
1,3029,83.899288
1,3030,260.952707
1,3031,148.081015
1,3032,269.537174
1,3033,286.035275
1,3034,109.436105
1,3035,487.512981
1,3036,81.301798
1,3037,233.683655
1,3038,77.880835
1,3039,291.047870
1,3040,238.201467
1,3041,307.152417
1,3042,53.286439
1,3043,197.998759
1,3044,194.698641
1,3045,359.782944
1,3046,70.055021
1,3047,397.078024
1,3048,60.952591
1,3049,342.158241
1,3050,386.667803
1,3051,349.668688
1,3052,190.466967
1,3053,114.518652
1,3054,43.611027
1,3055,351.182255
1,3056,64.937489
1,3057,477.715007
1,3058,215.904094
1,3059,292.914257
1,3060,59.250675
1,3061,264.031920
1,3062,168.477875
1,3063,182.000523
1,3064,306.981249
1,3065,306.010677
1,3066,444.954127
1,3067,30.936493
1,3068,93.574418
1,3069,360.731639
1,3070,362.279156
1,3071,486.239270
1,3072,376.381149
1,3073,427.943764
1,3074,317.544017
1,3075,0.000000
1,3076,373.239652
1,3077,14.395875
1,3078,461.367421
1,3079,177.420243
1,3080,348.291475
1,3081,61.649301
1,3082,176.191472
1,3083,256.681882
1,3084,13.936095
1,3085,206.053386
1,3086,483.604229
1,3087,54.887641
1,3088,378.551551
1,3089,40.811637
1,3090,151.028363
1,3091,373.192026
1,3092,497.886263
1,3093,382.709306
1,3094,190.009477
1,3095,46.479888
1,3096,124.879719
1,3097,47.162689
1,3098,233.245187
1,3099,348.060764
1,3100,335.031350
1,3101,169.211935
1,3102,455.301342
1,3103,41.474714
1,3104,144.784058
1,3105,173.209220
1,3106,299.006075
1,3107,47.273620
1,3108,251.714852
1,3109,48.782279
1,3110,124.762194
1,3111,64.035303
1,3112,264.769773
1,3113,363.875745
1,3114,382.298826
1,3115,421.821747
1,3116,339.716480
1,3117,140.814870
1,3118,117.367616
1,3119,294.289272
1,3120,449.703306
1,3121,494.666684
1,3122,41.084791
1,3123,409.473799
1,3124,15.422032
1,3125,334.765290
1,3126,261.764501
1,3127,16.402893
1,3128,206.115097
1,3129,413.773330
1,3130,190.701971
1,3131,364.235497
1,3132,411.635712
1,3133,392.076221
1,3134,512.860616
1,3135,70.773475
1,3136,139.261552
1,3137,427.517649
1,3138,70.555337
1,3139,160.384291
1,3140,113.684530
1,3141,43.794923
1,3142,406.033116
1,3143,0.000000
1,3144,299.841370
1,3145,261.120587
1,3146,242.597686
1,3147,394.969885
1,3148,436.780574
1,3149,23.979575
1,3150,231.161642
1,3151,91.455637
1,3152,367.893539
1,3153,30.825066
1,3154,321.271339
1,3155,68.159039
1,3156,413.674617
1,3157,521.238490
1,3158,51.482144
1,3159,481.874406
1,3160,362.416220
1,3161,425.874376
1,3162,521.079362
1,3163,418.816023
1,3164,56.786437
1,3165,306.698051
1,3166,49.037064
1,3167,280.117316
1,3168,420.047561
1,3169,42.961227
1,3170,186.610840
1,3171,319.639963
1,3172,132.967406
1,3173,194.062438
1,3174,42.636048
1,3175,788.835026
1,3176,42.230760
1,3177,379.190286
1,3178,74.539050
1,3179,354.179756
1,3180,55.785446
1,3181,173.296781
1,3182,409.241526
1,3183,416.999090
1,3184,41.375937
1,3185,17.773188
1,3186,350.080901
1,3187,37.919246
1,3188,553.117841
1,3189,36.833503
1,3190,171.209593
1,3191,521.881117
1,3192,49.818922
1,3193,429.203586
1,3194,42.441912
1,3195,328.647558
1,3196,144.532167
1,3197,185.560183
1,3198,235.754256
1,3199,251.810756
1,3200,92.865819
1,3201,214.886454
1,3202,365.377658
1,3203,27.401563
1,3204,180.395201
1,3205,189.603029
1,3206,276.591388
1,3207,136.291757
1,3208,31.479840
1,3209,309.910479
1,3210,254.479326
1,3211,46.178297
1,3212,209.723254
1,3213,172.559446
1,3214,313.809439
1,3215,105.930706
1,3216,0.000000
1,3217,344.668460
1,3218,126.783822
1,3219,167.581843
1,3220,217.552464
1,3221,233.391778
1,3222,190.570685
1,3223,379.058456
1,3224,72.340660
1,3225,151.798162
1,3226,7.207307
1,3227,160.005037
1,3228,5.259905
1,3229,200.758021
1,3230,0.000000
1,3231,2.293206
1,3232,277.972113
1,3233,255.329806
1,3234,348.143257
1,3235,285.577725
1,3236,118.663526
1,3237,333.421046
1,3238,0.000000
1,3239,245.685241
1,3240,25.942530
1,3241,160.863855
1,3242,267.675844
1,3243,314.117740
1,3244,98.483388
1,3245,318.609745
1,3246,483.798076
1,3247,173.492676
1,3248,400.735556
1,3249,416.737811
1,3250,341.963630
1,3251,252.827519
1,3252,12.988436
1,3253,353.496092
1,3254,19.156918
1,3255,254.404076
1,3256,369.152404
1,3257,321.358103
1,3258,6.025457
1,3259,406.287550
1,3260,325.989604
1,3261,217.533759
1,3262,276.123406
1,3263,410.851538
1,3264,90.772863
1,3265,43.291736
1,3266,50.603936
1,3267,287.930705
1,3268,241.496008
1,3269,332.711057
1,3270,266.108037
1,3271,403.467057
1,3272,251.846558
1,3273,182.934719
1,3274,482.968727
1,3275,16.594468
1,3276,275.491642
1,3277,375.283414
1,3278,415.120225
1,3279,375.026460
1,3280,453.303200
1,3281,37.408103
1,3282,269.881086
1,3283,471.059004
1,3284,69.400991
1,3285,268.936302
1,3286,470.027885
1,3287,424.114127
1,3288,403.996066
1,3289,371.783944
1,3290,66.948225
1,3291,410.768224
1,3292,328.596879
1,3293,377.273237
1,3294,60.743522
1,3295,185.207779
1,3296,259.440721
1,3297,399.221678
1,3298,366.832754
1,3299,7.412918
1,3300,443.999505
1,3301,34.109325
1,3302,442.644117
1,3303,452.279478
1,3304,441.232373
1,3305,3.264573
1,3306,0.000000
1,3307,318.842222
1,3308,22.578906
1,3309,271.482480
1,3310,151.050974
1,3311,234.374529
1,3312,79.319589
1,3313,339.916478
1,3314,185.109495
1,3315,142.186673
1,3316,0.000000
1,3317,121.355954
1,3318,341.574778
1,3319,71.377335
1,3320,197.431205
1,3321,265.881630
1,3322,128.910202
1,3323,12.766215
1,3324,358.248224
1,3325,493.303875
1,3326,283.386171
1,3327,147.094707
1,3328,123.938909
1,3329,91.145302
1,3330,214.840928
1,3331,281.238721
1,3332,39.047073
1,3333,326.528556
1,3334,31.560678
1,3335,177.599852
1,3336,0.000000
1,3337,95.906274
1,3338,224.858373
1,3339,328.618508
1,3340,188.029946
1,3341,362.348616
1,3342,197.100931
1,3343,96.050850
1,3344,284.795057
1,3345,343.350636
1,3346,166.044504
1,3347,251.720332
1,3348,260.765897
1,3349,401.310329
1,3350,236.708102
1,3351,236.392700
1,3352,31.387118
1,3353,484.026070
1,3354,0.000000
1,3355,261.064634
1,3356,23.439760
1,3357,183.046802
1,3358,144.913390
1,3359,365.487000
1,3360,27.740807
1,3361,204.848414
1,3362,548.029779
1,3363,436.577728
1,3364,364.289267
1,3365,392.965708
1,3366,9.295603
1,3367,475.657281
1,3368,451.766634
1,3369,478.986447
1,3370,357.521655
1,3371,282.601101
1,3372,6.118111
1,3373,25.619750
1,3374,461.831837
1,3375,280.011947
1,3376,411.900764
1,3377,436.828161
1,3378,329.267729
1,3379,414.730300
1,3380,396.900007
1,3381,122.728341
1,3382,402.294534
1,3383,414.994479
1,3384,531.615405
1,3385,389.388630
1,3386,327.575971
1,3387,411.106298
1,3388,53.530051
1,3389,413.373387
1,3390,406.129364
1,3391,455.076716
1,3392,511.526697
1,3393,258.801420
1,3394,284.448685
1,3395,487.733017
1,3396,56.148148
1,3397,181.038945
1,3398,285.824631
1,3399,470.018475
1,3400,477.311299
1,3401,333.089855
1,3402,458.724207
1,3403,377.042064
1,3404,81.474260
1,3405,87.820474
1,3406,514.109663
1,3407,155.780612
1,3408,376.312309
1,3409,496.233369
1,3410,58.706207
1,3411,495.632732
1,3412,79.613691
1,3413,191.297430
1,3414,200.670041
1,3415,329.968925
1,3416,329.522160
1,3417,204.272165
1,3418,312.753275
1,3419,0.000000
1,3420,282.133562
1,3421,309.842258
1,3422,24.116823
1,3423,38.277412
1,3424,470.992037
1,3425,338.832109
1,3426,54.220750
1,3427,380.602397
1,3428,259.525716
1,3429,434.896968
1,3430,38.691776
1,3431,258.959658
1,3432,70.894196
1,3433,473.668275
1,3434,167.827672
1,3435,398.103275
1,3436,388.666651
1,3437,393.700798
1,3438,315.641007
1,3439,489.017931
1,3440,342.310765
1,3441,591.106871
1,3442,443.943019
1,3443,661.002041
1,3444,54.224992
1,3445,272.579701
1,3446,82.795665
1,3447,492.197027
1,3448,510.837049
1,3449,132.315351
1,3450,281.404193
1,3451,67.692335
1,3452,281.313038
1,3453,197.660791
1,3454,230.162951
1,3455,76.209564
1,3456,434.327310
1,3457,75.735818
1,3458,412.663651
1,3459,53.568149
1,3460,74.791034
1,3461,451.578255
1,3462,228.808193
1,3463,423.756481
1,3464,156.558140
1,3465,55.703052
1,3466,177.103945
1,3467,269.108683
1,3468,434.969060
1,3469,25.409549
1,3470,410.435815
1,3471,38.509161
1,3472,49.398093
1,3473,550.126440
1,3474,82.888692
1,3475,513.968046
1,3476,424.414577
1,3477,66.295237
1,3478,355.116704
1,3479,344.271704
1,3480,41.736732
1,3481,209.835850
1,3482,65.451768
1,3483,435.493429
1,3484,493.460661
1,3485,464.113882
1,3486,647.299130
1,3487,224.396016
1,3488,377.842891
1,3489,392.956312
1,3490,305.812413
1,3491,400.308678
1,3492,344.544019
1,3493,257.540067
1,3494,98.687559
1,3495,257.737762
1,3496,273.488612
1,3497,440.874885
1,3498,80.468251
1,3499,259.516624
1,3500,516.402149
1,3501,49.819875
1,3502,515.996861
1,3503,103.760229
1,3504,401.971984
1,3505,365.812814
1,3506,191.396427
1,3507,69.596805
1,3508,273.860478
1,3509,70.758645
1,3510,341.355613
1,3511,245.519983
1,3512,261.395182
1,3513,255.553453
1,3514,20.382815
1,3515,256.244022
1,3516,459.301666
1,3517,301.807464
1,3518,280.001735
1,3519,66.533573
1,3520,209.204114
1,3521,337.320820
1,3522,433.892651
1,3523,419.665481
1,3524,29.462867
1,3525,246.892580
1,3526,373.336544
1,3527,56.528432
1,3528,309.612071
1,3529,37.858225
1,3530,60.629111
1,3531,398.905415
1,3532,58.982602
1,3533,124.893723
1,3534,62.576288
1,3535,254.461116
1,3536,186.437379
1,3537,44.619890
1,3538,225.904668
1,3539,260.512623
1,3540,66.695224
1,3541,404.089887
1,3542,127.169562
1,3543,67.074514
1,3544,404.310512
1,3545,45.506769
1,3546,385.398514
1,3547,470.919015
1,3548,188.177385
1,3549,519.574773
1,3550,66.344046
1,3551,342.769951
1,3552,297.329549
1,3553,481.164760
1,3554,244.692301
1,3555,261.255217
1,3556,433.354812
1,3557,185.071684
1,3558,392.539522
1,3559,63.037100
1,3560,579.220065
1,3561,40.465500
1,3562,61.499407
1,3563,513.957313
1,3564,522.729098
1,3565,214.333202
1,3566,296.532980
1,3567,270.420367
1,3568,574.590584
1,3569,57.260554
1,3570,253.071212
1,3571,88.752235
1,3572,386.550166
1,3573,349.993713
1,3574,165.822859
1,3575,382.061604
1,3576,325.304012
1,3577,237.355441
1,3578,406.635735
1,3579,204.740719
1,3580,538.373828
1,3581,444.191006
1,3582,544.928705
1,3583,506.491058
1,3584,368.691415
1,3585,45.018817
1,3586,400.057841
1,3587,380.371458
1,3588,446.444074
1,3589,475.896942
1,3590,53.615108
1,3591,474.106418
1,3592,402.917715
1,3593,461.643724
1,3594,432.845588
1,3595,614.384548
1,3596,189.923881
1,3597,341.894272
1,3598,378.497462
1,3599,228.418470
1,3600,446.995487
1,3601,514.009452
1,3602,96.019693
1,3603,199.334463
1,3604,0.000000
1,3605,123.805241
1,3606,296.968776
1,3607,193.059346
1,3608,319.131999
1,3609,28.863847
1,3610,8.831118
1,3611,45.163033
1,3612,103.607866
1,3613,247.931639
1,3614,250.452271
1,3615,48.010617
1,3616,195.559035
1,3617,50.115695
1,3618,371.634270
1,3619,178.533845
1,3620,288.532980
1,3621,0.000000
1,3622,293.355505
1,3623,67.266600
1,3624,354.844002
1,3625,59.964209
1,3626,206.084557
1,3627,36.481325
1,3628,356.824344
1,3629,215.398962
1,3630,294.599093
1,3631,293.578442
1,3632,93.214457
1,3633,204.631708
1,3634,68.729912
1,3635,337.248901
1,3636,532.717675
1,3637,0.000000
1,3638,321.516050
1,3639,105.830089
1,3640,92.798391
1,3641,158.160539
1,3642,39.415578
1,3643,91.855350
1,3644,39.172435
1,3645,347.271415
1,3646,61.536132
1,3647,156.199325
1,3648,213.470654
1,3649,353.714734
1,3650,57.722718
1,3651,234.870100
1,3652,122.088851
1,3653,307.671502
1,3654,84.285439
1,3655,208.731646
1,3656,60.811664
1,3657,82.465647
1,3658,348.593527
1,3659,115.649454
1,3660,328.446933
1,3661,163.137820
1,3662,76.555681
1,3663,274.069124
1,3664,344.445182
1,3665,343.706534
1,3666,481.644898
1,3667,170.623438
1,3668,24.350496
1,3669,169.062815
1,3670,339.834938
1,3671,408.268511
1,3672,294.256527
1,3673,41.881183
1,3674,272.567710
1,3675,18.629128
1,3676,290.887003
1,3677,271.200621
1,3678,153.726393
1,3679,373.929979
1,3680,35.825710
1,3681,240.651704
1,3682,1101.180785
1,3683,379.766160
1,3684,28.214953
1,3685,495.862070
1,3686,257.287838
1,3687,149.595635
1,3688,403.822329
1,3689,71.841399
1,3690,253.935430
1,3691,32.279065
1,3692,140.684054
1,3693,98.615054
1,3694,300.557552
1,3695,380.401029
1,3696,45.148441
1,3697,536.238004
1,3698,246.927210
1,3699,0.000000
1,3700,122.770103
1,3701,334.938453
1,3702,0.000000
1,3703,212.370435
1,3704,421.480922
1,3705,0.000000
1,3706,261.709054
1,3707,533.490621
1,3708,426.592268
1,3709,320.944814
1,3710,331.645812
1,3711,38.365303
1,3712,185.913720
1,3713,48.515586
1,3714,361.988955
1,3715,323.367502
1,3716,333.481064
1,3717,342.724665
1,3718,377.193421
1,3719,47.391900
1,3720,282.424923
1,3721,310.032103
1,3722,29.284275
1,3723,338.622470
1,3724,347.179029
1,3725,80.718022
1,3726,256.888687
1,3727,43.382065
1,3728,257.195518
1,3729,214.551535
1,3730,85.476540
1,3731,203.164275
1,3732,50.948237
1,3733,230.089630
1,3734,157.391765
1,3735,347.596568
1,3736,51.876075
1,3737,197.210468
1,3738,396.047069
1,3739,29.871268
1,3740,255.339182
1,3741,419.284602
1,3742,48.318334
1,3743,254.147047
1,3744,245.519916
1,3745,537.924015
1,3746,46.487323
1,3747,219.500323
1,3748,304.886774
1,3749,143.547216
1,3750,109.119006
1,3751,231.288869
1,3752,413.689650
1,3753,413.066083
1,3754,52.087227
1,3755,338.292873
1,3756,50.183482
1,3757,162.555295
1,3758,417.896928
1,3759,40.025451
1,3760,368.332280
1,3761,40.543333
1,3762,149.865213
1,3763,79.106713
1,3764,443.766741
1,3765,33.896175
1,3766,142.379636
1,3767,371.094830
1,3768,410.222636
1,3769,429.089919
1,3770,294.719838
1,3771,93.844877
1,3772,437.108505
1,3773,316.382898
1,3774,481.054754
1,3775,356.927402
1,3776,348.298729
1,3777,509.806486
1,3778,535.713557
1,3779,93.342686
1,3780,403.665937
1,3781,114.993075
1,3782,564.069104
1,3783,113.278362
1,3784,484.217270
1,3785,271.760012
1,3786,571.520312
1,3787,118.280264
1,3788,276.078394
1,3789,566.967591
1,3790,217.913857
1,3791,594.687818
1,3792,446.974593
1,3793,567.769694
1,3794,101.297832
1,3795,490.291520
1,3796,534.086326
1,3797,552.907719
1,3798,125.550232
1,3799,422.822196
1,3800,472.702215
1,3801,281.287903
1,3802,125.952451
1,3803,456.551592
1,3804,441.913301
1,3805,422.842755
1,3806,140.161163
1,3807,571.839494
1,3808,125.199054
1,3809,281.539787
1,3810,571.080512
1,3811,354.525617
1,3812,570.420964
1,3813,125.219236
1,3814,453.854176
1,3815,605.573192
1,3816,102.384874
1,3817,352.072851
1,3818,530.484991
1,3819,399.157067
1,3820,537.481026
1,3821,458.604946
1,3822,99.253476
1,3823,457.444158
1,3824,299.170865
1,3825,292.111366
1,3826,263.948917
1,3827,462.415414
1,3828,95.884604
1,3829,523.844782
1,3830,340.197355
1,3831,124.843175
1,3832,322.899262
1,3833,450.687057
1,3834,203.470292
1,3835,546.149617
1,3836,510.872208
1,3837,397.233695
1,3838,45.682489
1,3839,311.866452
1,3840,170.211595
1,3841,350.007905
1,3842,84.076796
1,3843,515.318249
1,3844,181.600349
1,3845,123.719041
1,3846,151.625635
1,3847,556.725815
1,3848,106.235923
1,3849,83.989171
1,3850,249.228268
1,3851,422.362723
1,3852,722.215080
1,3853,484.026114
1,3854,94.684509
1,3855,524.809304
1,3856,116.661039
1,3857,304.912974
1,3858,241.216849
1,3859,449.442000
1,3860,120.941709
1,3861,537.067841
1,3862,100.202108
1,3863,491.054174
1,3864,277.104147
1,3865,538.174142
1,3866,122.624485
1,3867,368.677727
1,3868,254.509668
1,3869,538.371126
1,3870,101.061687
1,3871,538.194701
1,3872,308.212356
1,3873,444.549817
1,3874,566.796634
1,3875,574.723457
1,3876,119.837618
1,3877,276.116492
1,3878,565.598307
1,3879,95.930044
1,3880,516.852867
1,3881,429.278542
1,3882,477.467198
1,3883,455.872600
1,3884,118.167805
1,3885,486.633388
1,3886,402.834197
1,3887,271.355712
1,3888,569.008374
1,3889,113.818352
1,3890,269.805821
1,3891,559.008216
1,3892,91.971292
1,3893,217.809932
1,3894,519.707101
1,3895,564.538120
1,3896,477.208490
1,3897,469.705188
1,3898,503.305982
1,3899,75.296980
1,3900,539.155856
1,3901,324.670557
1,3902,101.709420
1,3903,416.467208
1,3904,84.486277
1,3905,457.898509
1,3906,247.510645
1,3907,549.029263
1,3908,97.302554
1,3909,256.417462
1,3910,548.463205
1,3911,1353.130181
1,3912,350.695209
1,3913,454.119547
1,3914,180.292220
1,3915,448.641953
1,3916,141.224795
1,3917,360.870959
1,3918,611.646615
1,3919,249.957704
1,3920,122.041765
1,3921,485.097478
1,3922,368.117660
1,3923,632.678203
1,3924,115.663010
1,3925,412.995288
1,3926,598.851111
1,3927,179.245598
1,3928,223.172946
1,3929,252.844675
1,3930,93.407040
1,3931,533.480956
1,3932,570.707673
1,3933,117.549107
1,3934,486.342449
1,3935,376.543095
1,3936,569.900800
1,3937,115.014960
1,3938,271.293835
1,3939,594.978496
1,3940,595.447291
1,3941,595.049529
1,3942,148.226108
1,3943,443.339295
1,3944,477.912789
1,3945,91.778116
1,3946,442.535625
1,3947,346.091845
1,3948,105.438104
1,3949,488.333986
1,3950,279.401357
1,3951,420.190828
1,3952,172.566958
1,3953,274.999142
1,3954,306.773602
1,3955,107.389916
1,3956,559.715463
1,3957,365.405156
1,3958,558.303719
1,3959,566.920999
1,3960,79.362139
1,3961,556.088171
1,3962,80.747590
1,3963,77.073424
1,3964,606.788213
1,3965,357.812416
1,3966,107.210817
1,3967,325.120557
1,3968,302.165048
1,3969,465.644285
1,3970,95.818590
1,3971,70.495529
1,3972,446.689282
1,3973,573.095578
1,3974,429.552410
1,3975,82.421359
1,3976,388.550700
1,3977,96.096698
1,3978,458.648882
1,3979,521.993768
1,3980,409.237355
1,3981,207.365213
1,3982,422.206159
1,3983,147.253719
1,3984,81.494457
1,3985,377.620657
1,3986,79.559714
1,3987,457.331756
1,3988,416.403081
1,3989,531.211593
1,3990,126.798046
1,3991,461.406520
1,3992,389.030799
1,3993,507.964841
1,3994,517.500625
1,3995,83.520837
1,3996,544.108055
1,3997,189.272187
1,3998,527.442005
1,3999,79.663620
1,4000,349.226717
1,4001,465.060287
1,4002,245.982575
1,4003,559.936550
1,4004,499.203459
1,4005,97.220310
1,4006,432.114930
1,4007,471.483974
1,4008,82.474785
1,4009,434.435076
1,4010,595.961113
1,4011,206.854380
1,4012,652.402617
1,4013,214.354015
1,4014,222.198794
1,4015,433.127119
1,4016,232.414494
1,4017,440.780336
1,4018,182.191015
1,4019,481.408860
1,4020,91.521714
1,4021,490.012726
1,4022,372.378446
1,4023,141.784305
1,4024,450.287628
1,4025,113.050917
1,4026,481.961830
1,4027,111.284412
1,4028,283.034923
1,4029,408.041656
1,4030,247.312725
1,4031,118.522745
1,4032,480.760810
1,4033,363.014351
1,4034,626.854555
1,4035,460.908847
1,4036,397.673426
1,4037,111.913103
1,4038,562.494458
1,4039,352.381220
1,4040,276.517326
1,4041,253.597584
1,4042,105.886443
1,4043,438.267964
1,4044,475.330962
1,4045,590.107368
1,4046,36.041212
1,4047,584.406114
1,4048,583.766379
1,4049,117.990683
1,4050,235.203178
1,4051,479.041075
1,4052,101.183223
1,4053,516.145432
1,4054,99.744664
1,4055,271.445131
1,4056,111.221732
1,4057,550.502489
1,4058,460.793217
1,4059,128.778411
1,4060,291.268126
1,4061,157.538406
1,4062,577.168362
1,4063,352.080232
1,4064,507.518095
1,4065,231.418533
1,4066,427.352476
1,4067,89.273867
1,4068,457.377977
1,4069,540.527206
1,4070,93.080609
1,4071,414.758862
1,4072,239.605407
1,4073,536.914466
1,4074,82.981431
1,4075,411.084263
1,4076,562.289025
1,4077,58.603400
1,4078,85.674631
1,4079,531.272404
1,4080,75.707629
1,4081,231.331333
1,4082,520.180464
1,4083,241.387103
1,4084,1009.900252
1,4085,384.208142
1,4086,261.229794
1,4087,361.837300
1,4088,453.345639
1,4089,55.625967
1,4090,38.864896
1,4091,365.109115
1,4092,554.714333
1,4093,70.247988
1,4094,381.080721
1,4095,92.828551
1,4096,504.922214
1,4097,468.926744
1,4098,92.397653
1,4099,245.216895
1,4100,107.587556
1,4101,406.002981
1,4102,477.738508
1,4103,101.783569
1,4104,471.825231
1,4105,258.569640
1,4106,538.794091
1,4107,103.730747
1,4108,401.441615
1,4109,551.303894
1,4110,514.419503
1,4111,242.292731
1,4112,106.017696
1,4113,623.581403
1,4114,379.385485
1,4115,8.964640
1,4116,396.960366
1,4117,300.427729
1,4118,503.813833
1,4119,56.918692
1,4120,219.790362
1,4121,514.848463
1,4122,411.665180
1,4123,197.932134
1,4124,497.225662
1,4125,62.857631
1,4126,208.063394
1,4127,384.665367
1,4128,89.535477
1,4129,297.521668
1,4130,100.851628
1,4131,548.767582
1,4132,129.807981
1,4133,613.755867
1,4134,204.259150
1,4135,187.639362
1,4136,410.710030
1,4137,32.003569
1,4138,279.311305
1,4139,100.512238
1,4140,618.210232
1,4141,81.634492
1,4142,300.960555
1,4143,109.663745
1,4144,398.834147
1,4145,182.394665
1,4146,103.429244
1,4147,180.090190
1,4148,295.259839
1,4149,346.422298
1,4150,135.928204
1,4151,547.726208
1,4152,102.675848
1,4153,509.916833
1,4154,439.350138
1,4155,127.993898
1,4156,353.024890
1,4157,94.797491
1,4158,151.492425
1,4159,515.960279
1,4160,99.838620
1,4161,78.218275
1,4162,410.525989
1,4163,98.364333
1,4164,349.378578
1,4165,153.537445
1,4166,96.707222
1,4167,389.876161
1,4168,453.848946
1,4169,346.434799
1,4170,309.609257
1,4171,298.253790
1,4172,563.455987
1,4173,90.646888
1,4174,536.368066
1,4175,345.757883
1,4176,90.099350
1,4177,570.535222
1,4178,446.947625
1,4179,569.021171
1,4180,163.756574
1,4181,278.207777
1,4182,281.622811
1,4183,380.181825
1,4184,285.432127
1,4185,139.294496
1,4186,270.411025
1,4187,60.199992
1,4188,323.861095
1,4189,79.628553
1,4190,155.438824
1,4191,269.793118
1,4192,202.582641
1,4193,289.986528
1,4194,0.000000
1,4195,181.802208
1,4196,21.569203
1,4197,551.937517
1,4198,24.830026
1,4199,251.619645
1,4200,66.418635
1,4201,360.695939
1,4202,148.617804
1,4203,73.433523
1,4204,153.412698
1,4205,271.523755
1,4206,176.962717
1,4207,117.189487
1,4208,290.964335
1,4209,88.037576
1,4210,332.940849
1,4211,606.666121
1,4212,92.138255
1,4213,171.225128
1,4214,282.350971
1,4215,73.808469
1,4216,511.350407
1,4217,96.296010
1,4218,504.322951
1,4219,550.290184
1,4220,76.088822
1,4221,349.509831
1,4222,385.524293
1,4223,124.558193
1,4224,350.058568
1,4225,92.275199
1,4226,149.390826
1,4227,514.257839
1,4228,98.515432
1,4229,77.255894
1,4230,409.907291
1,4231,98.073393
1,4232,349.400560
1,4233,153.858502
1,4234,97.314412
1,4235,390.757368
1,4236,351.587522
1,4237,96.283292
1,4238,577.060050
1,4239,548.473251
1,4240,73.448931
1,4241,346.093614
1,4242,381.374444
1,4243,451.879625
1,4244,344.555921
1,4245,307.817495
1,4246,296.545999
1,4247,561.829189
1,4248,89.098259
1,4249,534.894930
1,4250,80.398257
1,4251,67.619071
1,4252,331.466290
1,4253,87.414311
1,4254,163.399839
1,4255,277.924316
1,4256,237.849285
1,4257,356.403050
1,4258,140.045873
1,4259,146.235550
1,4260,274.171078
1,4261,187.654295
1,4262,201.784548
1,4263,487.353405
1,4264,79.040959
1,4265,106.945660
1,4266,414.588299
1,4267,481.424015
1,4268,369.740170
1,4269,0.000000
1,4270,387.315052
1,4271,62.418198
1,4272,522.332516
1,4273,277.454121
1,4274,499.971010
1,4275,208.410981
1,4276,423.144745
1,4277,59.584085
1,4278,240.721036
1,4279,338.216663
1,4280,52.833445
1,4281,366.839686
1,4282,79.890162
1,4283,195.270229
1,4284,486.287869
1,4285,539.122267
1,4286,241.083900
1,4287,86.788752
1,4288,534.145333
1,4289,244.922931
1,4290,66.386321
1,4291,386.973644
1,4292,499.500293
1,4293,92.457004
1,4294,443.374948
1,4295,71.572772
1,4296,519.391025
1,4297,118.836071
1,4298,509.363435
1,4299,219.808765
1,4300,264.092402
1,4301,430.973357
1,4302,214.810875
1,4303,292.297139
1,4304,93.435821
1,4305,546.261260
1,4306,93.030533
1,4307,247.853936
1,4308,142.083534
1,4309,171.164703
1,4310,581.187092
1,4311,91.460635
1,4312,342.610242
1,4313,498.134598
1,4314,65.726771
1,4315,542.734110
1,4316,67.664829
1,4317,88.719019
1,4318,492.152251
1,4319,87.633276
1,4320,62.595373
1,4321,291.133923
1,4322,381.365973
1,4323,83.652035
1,4324,322.868825
1,4325,327.314044
1,4326,401.668856
1,4327,364.917513
1,4328,0.000000
1,4329,382.492395
1,4330,39.527223
1,4331,115.323688
1,4332,333.925950
1,4333,337.638120
1,4334,55.550334
1,4335,467.478667
1,4336,175.843519
1,4337,81.835809
1,4338,202.592611
1,4339,324.024692
1,4340,76.679508
1,4341,328.204955
1,4342,455.551054
1,4343,58.361498
1,4344,193.344397
1,4345,251.687391
1,4346,373.434971
1,4347,75.465738
1,4348,336.861151
1,4349,423.243267
1,4350,65.083663
1,4351,101.936121
1,4352,416.667049
1,4353,514.019854
1,4354,148.874464
1,4355,96.620364
1,4356,209.858748
1,4357,287.579159
1,4358,87.348263
1,4359,196.651576
1,4360,426.150700
1,4361,88.870118
1,4362,67.610579
1,4363,242.381466
1,4364,514.437393
1,4365,267.537340
1,4366,540.964856
1,4367,120.516165
1,4368,571.013126
1,4369,494.504076
1,4370,156.705167
1,4371,556.774258
1,4372,84.227333
1,4373,240.374844
1,4374,529.731087
1,4375,205.527305
1,4376,412.929064
1,4377,103.542357
1,4378,498.485513
1,4379,325.606253
1,4380,60.082799
1,4381,216.607315
1,4382,285.080892
1,4383,79.779723
1,4384,532.134907
1,4385,76.863892
1,4386,406.801699
1,4387,290.975620
1,4388,472.198525
1,4389,600.486435
1,4390,74.892730
1,4391,443.120131
1,4392,228.165171
1,4393,488.278909
1,4394,273.386567
1,4395,192.139234
1,4396,420.371145
1,4397,67.805564
1,4398,418.725253
1,4399,67.729915
1,4400,556.237533
1,4401,435.004546
1,4402,63.570501
1,4403,441.445056
1,4404,75.770695
1,4405,349.832121
1,4406,60.022793
1,4407,468.200156
1,4408,303.157660
1,4409,37.717518
1,4410,345.258199
1,4411,253.482287
1,4412,343.820611
1,4413,55.106219
1,4414,345.539611
1,4415,51.594342
1,4416,242.994281
1,4417,61.141686
1,4418,254.915503
1,4419,574.120182
1,4420,48.270322
1,4421,416.248207
1,4422,305.662899
1,4423,498.262487
1,4424,42.644836
1,4425,524.387111
1,4426,379.398162
1,4427,49.213835
1,4428,161.233087
1,4429,501.426254
1,4430,285.508468
1,4431,0.000000
1,4432,161.351361
1,4433,0.000000
1,4434,488.440211
1,4435,71.563024
1,4436,352.822037
1,4437,334.479238
1,4438,285.372832
1,4439,382.120771
1,4440,328.921626
1,4441,47.739613
1,4442,171.795178
1,4443,281.607996
1,4444,78.907042
1,4445,226.229655
1,4446,203.296088
1,4447,211.799474
1,4448,361.421845
1,4449,575.634330
1,4450,95.381281
1,4451,213.165711
1,4452,364.959102
1,4453,250.710458
1,4454,320.956846
1,4455,68.316771
1,4456,214.191242
1,4457,211.994655
1,4458,97.263636
1,4459,69.839478
1,4460,386.615632
1,4461,89.597720
1,4462,273.958397
1,4463,607.404821
1,4464,66.653040
1,4465,295.672098
1,4466,90.862621
1,4467,334.044539
1,4468,119.190009
1,4469,286.684859
1,4470,88.328474
1,4471,376.923077
1,4472,201.314315
1,4473,321.613961
1,4474,438.647255
1,4475,79.040089
1,4476,118.646591
1,4477,419.321857
1,4478,94.719972
1,4479,166.496879
1,4480,148.824251
1,4481,289.721511
1,4482,289.150142
1,4483,83.899288
1,4484,260.952707
1,4485,148.081015
1,4486,269.537174
1,4487,286.035275
1,4488,109.436105
1,4489,487.512981
1,4490,81.301798
1,4491,233.683655
1,4492,77.880835
1,4493,291.047870
1,4494,238.201467
1,4495,307.152417
1,4496,53.286439
1,4497,197.998759
1,4498,194.698641
1,4499,359.782944
1,4500,70.055021
1,4501,397.078024
1,4502,60.952591
1,4503,342.158241
1,4504,386.667803
1,4505,349.668688
1,4506,190.466967
1,4507,114.518652
1,4508,43.611027
1,4509,351.182255
1,4510,64.937489
1,4511,477.715007
1,4512,215.904094
1,4513,292.914257
1,4514,59.250675
1,4515,264.031920
1,4516,168.477875
1,4517,182.000523
1,4518,306.981249
1,4519,306.010677
1,4520,444.954127
1,4521,30.936493
1,4522,93.574418
1,4523,360.731639
1,4524,362.279156
1,4525,486.239270
1,4526,376.381149
1,4527,427.943764
1,4528,317.544017
1,4529,0.000000
1,4530,373.239652
1,4531,14.395875
1,4532,461.367421
1,4533,177.420243
1,4534,348.291475
1,4535,61.649301
1,4536,176.191472
1,4537,256.681882
1,4538,13.936095
1,4539,206.053386
1,4540,483.604229
1,4541,54.887641
1,4542,378.551551
1,4543,40.811637
1,4544,151.028363
1,4545,373.192026
1,4546,497.886263
1,4547,382.709306
1,4548,190.009477
1,4549,46.479888
1,4550,124.879719
1,4551,47.162689
1,4552,233.245187
1,4553,348.060764
1,4554,335.031350
1,4555,169.211935
1,4556,455.301342
1,4557,41.474714
1,4558,144.784058
1,4559,173.209220
1,4560,299.006075
1,4561,47.273620
1,4562,251.714852
1,4563,48.782279
1,4564,124.762194
1,4565,64.035303
1,4566,264.769773
1,4567,363.875745
1,4568,382.298826
1,4569,421.821747
1,4570,339.716480
1,4571,140.814870
1,4572,117.367616
1,4573,294.289272
1,4574,449.703306
1,4575,494.666684
1,4576,41.084791
1,4577,409.473799
1,4578,15.422032
1,4579,334.765290
1,4580,261.764501
1,4581,16.402893
1,4582,206.115097
1,4583,413.773330
1,4584,190.701971
1,4585,364.235497
1,4586,411.635712
1,4587,392.076221
1,4588,512.860616
1,4589,70.773475
1,4590,139.261552
1,4591,427.517649
1,4592,70.555337
1,4593,160.384291
1,4594,113.684530
1,4595,43.794923
1,4596,406.033116
1,4597,0.000000
1,4598,299.841370
1,4599,261.120587
1,4600,242.597686
1,4601,394.969885
1,4602,436.780574
1,4603,23.979575
1,4604,231.161642
1,4605,91.455637
1,4606,367.893539
1,4607,30.825066
1,4608,321.271339
1,4609,68.159039
1,4610,413.674617
1,4611,521.238490
1,4612,51.482144
1,4613,481.874406
1,4614,362.416220
1,4615,425.874376
1,4616,521.079362
1,4617,418.816023
1,4618,56.786437
1,4619,306.698051
1,4620,49.037064
1,4621,280.117316
1,4622,420.047561
1,4623,42.961227
1,4624,186.610840
1,4625,319.639963
1,4626,132.967406
1,4627,194.062438
1,4628,42.636048
1,4629,788.835026
1,4630,42.230760
1,4631,379.190286
1,4632,74.539050
1,4633,354.179756
1,4634,55.785446
1,4635,173.296781
1,4636,409.241526
1,4637,416.999090
1,4638,41.375937
1,4639,17.773188
1,4640,350.080901
1,4641,37.919246
1,4642,553.117841
1,4643,36.833503
1,4644,171.209593
1,4645,521.881117
1,4646,49.818922
1,4647,429.203586
1,4648,42.441912
1,4649,328.647558
1,4650,144.532167
1,4651,185.560183
1,4652,235.754256
1,4653,251.810756
1,4654,92.865819
1,4655,214.886454
1,4656,365.377658
1,4657,27.401563
1,4658,180.395201
1,4659,189.603029
1,4660,276.591388
1,4661,136.291757
1,4662,31.479840
1,4663,309.910479
1,4664,254.479326
1,4665,46.178297
1,4666,209.723254
1,4667,172.559446
1,4668,313.809439
1,4669,105.930706
1,4670,0.000000
1,4671,344.668460
1,4672,126.783822
1,4673,167.581843
1,4674,217.552464
1,4675,233.391778
1,4676,190.570685
1,4677,379.058456
1,4678,72.340660
1,4679,151.798162
1,4680,7.207307
1,4681,160.005037
1,4682,5.259905
1,4683,200.758021
1,4684,0.000000
1,4685,2.293206
1,4686,277.972113
1,4687,255.329806
1,4688,348.143257
1,4689,285.577725
1,4690,118.663526
1,4691,333.421046
1,4692,0.000000
1,4693,245.685241
1,4694,25.942530
1,4695,160.863855
1,4696,267.675844
1,4697,314.117740
1,4698,98.483388
1,4699,318.609745
1,4700,483.798076
1,4701,173.492676
1,4702,400.735556
1,4703,416.737811
1,4704,341.963630
1,4705,252.827519
1,4706,12.988436
1,4707,353.496092
1,4708,19.156918
1,4709,254.404076
1,4710,369.152404
1,4711,321.358103
1,4712,6.025457
1,4713,406.287550
1,4714,325.989604
1,4715,217.533759
1,4716,276.123406
1,4717,410.851538
1,4718,90.772863
1,4719,43.291736
1,4720,50.603936
1,4721,287.930705
1,4722,241.496008
1,4723,332.711057
1,4724,266.108037
1,4725,403.467057
1,4726,251.846558
1,4727,182.934719
1,4728,482.968727
1,4729,16.594468
1,4730,275.491642
1,4731,375.283414
1,4732,415.120225
1,4733,375.026460
1,4734,453.303200
1,4735,37.408103
1,4736,269.881086
1,4737,471.059004
1,4738,69.400991
1,4739,268.936302
1,4740,470.027885
1,4741,424.114127
1,4742,403.996066
1,4743,371.783944
1,4744,66.948225
1,4745,410.768224
1,4746,328.596879
1,4747,377.273237
1,4748,60.743522
1,4749,185.207779
1,4750,259.440721
1,4751,399.221678
1,4752,366.832754
1,4753,7.412918
1,4754,443.999505
1,4755,34.109325
1,4756,442.644117
1,4757,452.279478
1,4758,441.232373
1,4759,3.264573
1,4760,0.000000
1,4761,318.842222
1,4762,22.578906
1,4763,271.482480
1,4764,151.050974
1,4765,234.374529
1,4766,79.319589
1,4767,339.916478
1,4768,185.109495
1,4769,142.186673
1,4770,0.000000
1,4771,121.355954
1,4772,341.574778
1,4773,71.377335
1,4774,197.431205
1,4775,265.881630
1,4776,128.910202
1,4777,12.766215
1,4778,358.248224
1,4779,493.303875
1,4780,283.386171
1,4781,147.094707
1,4782,123.938909
1,4783,91.145302
1,4784,214.840928
1,4785,281.238721
1,4786,39.047073
1,4787,326.528556
1,4788,31.560678
1,4789,177.599852
1,4790,0.000000
1,4791,95.906274
1,4792,224.858373
1,4793,328.618508
1,4794,188.029946
1,4795,362.348616
1,4796,197.100931
1,4797,96.050850
1,4798,284.795057
1,4799,343.350636
1,4800,166.044504
1,4801,251.720332
1,4802,260.765897
1,4803,401.310329
1,4804,236.708102
1,4805,236.392700
1,4806,31.387118
1,4807,484.026070
1,4808,0.000000
1,4809,261.064634
1,4810,23.439760
1,4811,183.046802
1,4812,144.913390
1,4813,365.487000
1,4814,27.740807
1,4815,204.848414
1,4816,548.029779
1,4817,436.577728
1,4818,364.289267
1,4819,392.965708
1,4820,9.295603
1,4821,475.657281
1,4822,451.766634
1,4823,478.986447
1,4824,357.521655
1,4825,282.601101
1,4826,6.118111
1,4827,25.619750
1,4828,461.831837
1,4829,280.011947
1,4830,411.900764
1,4831,436.828161
1,4832,329.267729
1,4833,414.730300
1,4834,396.900007
1,4835,122.728341
1,4836,402.294534
1,4837,414.994479
1,4838,531.615405
1,4839,389.388630
1,4840,327.575971
1,4841,411.106298
1,4842,53.530051
1,4843,413.373387
1,4844,406.129364
1,4845,455.076716
1,4846,511.526697
1,4847,258.801420
1,4848,284.448685
1,4849,487.733017
1,4850,56.148148
1,4851,181.038945
1,4852,285.824631
1,4853,470.018475
1,4854,477.311299
1,4855,333.089855
1,4856,458.724207
1,4857,377.042064
1,4858,81.474260
1,4859,87.820474
1,4860,514.109663
1,4861,155.780612
1,4862,376.312309
1,4863,496.233369
1,4864,58.706207
1,4865,495.632732
1,4866,79.613691
1,4867,191.297430
1,4868,200.670041
1,4869,329.968925
1,4870,329.522160
1,4871,204.272165
1,4872,312.753275
1,4873,0.000000
1,4874,282.133562
1,4875,309.842258
1,4876,24.116823
1,4877,38.277412
1,4878,470.992037
1,4879,338.832109
1,4880,54.220750
1,4881,380.602397
1,4882,259.525716
1,4883,434.896968
1,4884,38.691776
1,4885,258.959658
1,4886,70.894196
1,4887,473.668275
1,4888,167.827672
1,4889,398.103275
1,4890,388.666651
1,4891,393.700798
1,4892,315.641007
1,4893,489.017931
1,4894,342.310765
1,4895,591.106871
1,4896,443.943019
1,4897,661.002041
1,4898,54.224992
1,4899,272.579701
1,4900,82.795665
1,4901,492.197027
1,4902,510.837049
1,4903,132.315351
1,4904,281.404193
1,4905,67.692335
1,4906,281.313038
1,4907,197.660791
1,4908,230.162951
1,4909,76.209564
1,4910,434.327310
1,4911,75.735818
1,4912,412.663651
1,4913,53.568149
1,4914,74.791034
1,4915,451.578255
1,4916,228.808193
1,4917,423.756481
1,4918,156.558140
1,4919,55.703052
1,4920,177.103945
1,4921,269.108683
1,4922,434.969060
1,4923,25.409549
1,4924,410.435815
1,4925,38.509161
1,4926,49.398093
1,4927,550.126440
1,4928,82.888692
1,4929,513.968046
1,4930,424.414577
1,4931,66.295237
1,4932,355.116704
1,4933,344.271704
1,4934,41.736732
1,4935,209.835850
1,4936,65.451768
1,4937,435.493429
1,4938,493.460661
1,4939,464.113882
1,4940,647.299130
1,4941,224.396016
1,4942,377.842891
1,4943,392.956312
1,4944,305.812413
1,4945,400.308678
1,4946,344.544019
1,4947,257.540067
1,4948,98.687559
1,4949,257.737762
1,4950,273.488612
1,4951,440.874885
1,4952,80.468251
1,4953,259.516624
1,4954,516.402149
1,4955,49.819875
1,4956,515.996861
1,4957,103.760229
1,4958,401.971984
1,4959,365.812814
1,4960,191.396427
1,4961,69.596805
1,4962,273.860478
1,4963,70.758645
1,4964,341.355613
1,4965,245.519983
1,4966,261.395182
1,4967,255.553453
1,4968,20.382815
1,4969,256.244022
1,4970,459.301666
1,4971,301.807464
1,4972,280.001735
1,4973,66.533573
1,4974,209.204114
1,4975,337.320820
1,4976,433.892651
1,4977,419.665481
1,4978,29.462867
1,4979,246.892580
1,4980,373.336544
1,4981,56.528432
1,4982,309.612071
1,4983,37.858225
1,4984,60.629111
1,4985,398.905415
1,4986,58.982602
1,4987,124.893723
1,4988,62.576288
1,4989,254.461116
1,4990,186.437379
1,4991,44.619890
1,4992,225.904668
1,4993,260.512623
1,4994,66.695224
1,4995,404.089887
1,4996,127.169562
1,4997,67.074514
1,4998,404.310512
1,4999,45.506769
1,5000,385.398514
1,5001,470.919015
1,5002,188.177385
1,5003,519.574773
1,5004,66.344046
1,5005,342.769951
1,5006,297.329549
1,5007,481.164760
1,5008,244.692301
1,5009,261.255217
1,5010,433.354812
1,5011,185.071684
1,5012,392.539522
1,5013,63.037100
1,5014,579.220065
1,5015,40.465500
1,5016,61.499407
1,5017,513.957313
1,5018,522.729098
1,5019,214.333202
1,5020,296.532980
1,5021,270.420367
1,5022,574.590584
1,5023,57.260554
1,5024,253.071212
1,5025,88.752235
1,5026,386.550166
1,5027,349.993713
1,5028,165.822859
1,5029,382.061604
1,5030,325.304012
1,5031,237.355441
1,5032,406.635735
1,5033,204.740719
1,5034,538.373828
1,5035,444.191006
1,5036,544.928705
1,5037,506.491058
1,5038,368.691415
1,5039,45.018817
1,5040,400.057841
1,5041,380.371458
1,5042,446.444074
1,5043,475.896942
1,5044,53.615108
1,5045,474.106418
1,5046,402.917715
1,5047,461.643724
1,5048,432.845588
1,5049,614.384548
1,5050,189.923881
1,5051,341.894272
1,5052,378.497462
1,5053,228.418470
1,5054,446.995487
1,5055,514.009452
1,5056,96.019693
1,5057,199.334463
1,5058,0.000000
1,5059,123.805241
1,5060,296.968776
1,5061,193.059346
1,5062,319.131999
1,5063,28.863847
1,5064,8.831118
1,5065,45.163033
1,5066,103.607866
1,5067,247.931639
1,5068,250.452271
1,5069,48.010617
1,5070,195.559035
1,5071,50.115695
1,5072,371.634270
1,5073,178.533845
1,5074,288.532980
1,5075,0.000000
1,5076,293.355505
1,5077,67.266600
1,5078,354.844002
1,5079,59.964209
1,5080,206.084557
1,5081,36.481325
1,5082,356.824344
1,5083,215.398962
1,5084,294.599093
1,5085,293.578442
1,5086,93.214457
1,5087,204.631708
1,5088,68.729912
1,5089,337.248901
1,5090,532.717675
1,5091,0.000000
1,5092,321.516050
1,5093,105.830089
1,5094,92.798391
1,5095,158.160539
1,5096,39.415578
1,5097,91.855350
1,5098,39.172435
1,5099,347.271415
1,5100,61.536132
1,5101,156.199325
1,5102,213.470654
1,5103,353.714734
1,5104,57.722718
1,5105,234.870100
1,5106,122.088851
1,5107,307.671502
1,5108,84.285439
1,5109,208.731646
1,5110,60.811664
1,5111,82.465647
1,5112,348.593527
1,5113,115.649454
1,5114,328.446933
1,5115,163.137820
1,5116,76.555681
1,5117,274.069124
1,5118,344.445182
1,5119,343.706534
1,5120,481.644898
1,5121,170.623438
1,5122,24.350496
1,5123,169.062815
1,5124,339.834938
1,5125,408.268511
1,5126,294.256527
1,5127,41.881183
1,5128,272.567710
1,5129,18.629128
1,5130,290.887003
1,5131,271.200621
1,5132,153.726393
1,5133,373.929979
1,5134,35.825710
1,5135,240.651704
1,5136,1101.180785
1,5137,379.766160
1,5138,28.214953
1,5139,495.862070
1,5140,257.287838
1,5141,149.595635
1,5142,403.822329
1,5143,71.841399
1,5144,253.935430
1,5145,32.279065
1,5146,140.684054
1,5147,98.615054
1,5148,300.557552
1,5149,380.401029
1,5150,45.148441
1,5151,536.238004
1,5152,246.927210
1,5153,0.000000
1,5154,122.770103
1,5155,334.938453
1,5156,0.000000
1,5157,212.370435
1,5158,421.480922
1,5159,0.000000
1,5160,261.709054
1,5161,533.490621
1,5162,426.592268
1,5163,320.944814
1,5164,331.645812
1,5165,38.365303
1,5166,185.913720
1,5167,48.515586
1,5168,361.988955
1,5169,323.367502
1,5170,333.481064
1,5171,342.724665
1,5172,377.193421
1,5173,47.391900
1,5174,282.424923
1,5175,310.032103
1,5176,29.284275
1,5177,338.622470
1,5178,347.179029
1,5179,80.718022
1,5180,256.888687
1,5181,43.382065
1,5182,257.195518
1,5183,214.551535
1,5184,85.476540
1,5185,203.164275
1,5186,50.948237
1,5187,230.089630
1,5188,157.391765
1,5189,347.596568
1,5190,51.876075
1,5191,197.210468
1,5192,396.047069
1,5193,29.871268
1,5194,255.339182
1,5195,419.284602
1,5196,48.318334
1,5197,254.147047
1,5198,245.519916
1,5199,537.924015
1,5200,46.487323
1,5201,219.500323
1,5202,304.886774
1,5203,143.547216
1,5204,109.119006
1,5205,231.288869
1,5206,413.689650
1,5207,413.066083
1,5208,52.087227
1,5209,338.292873
1,5210,50.183482
1,5211,162.555295
1,5212,417.896928
1,5213,40.025451
1,5214,368.332280
1,5215,40.543333
1,5216,149.865213
1,5217,79.106713
1,5218,443.766741
1,5219,33.896175
1,5220,142.379636
1,5221,371.094830
1,5222,410.222636
1,5223,429.089919
1,5224,494.622594
1,5225,0.000000
1,5226,360.868653
1,5227,276.894901
1,5228,404.371460
1,5229,128.929211
1,5230,308.832980
1,5231,494.604480
1,5232,171.735396
1,5233,446.674262
1,5234,380.678475
1,5235,274.368487
1,5236,377.878043
1,5237,119.523674
1,5238,335.172371
1,5239,167.610997
1,5240,132.191801
1,5241,308.120426
1,5242,236.463947
1,5243,342.070961
1,5244,475.558938
1,5245,489.324715
1,5246,574.240923
1,5247,171.539105
1,5248,510.014885
1,5249,141.487697
1,5250,327.704482
1,5251,120.603465
1,5252,140.822324
1,5253,347.882789
1,5254,308.545672
1,5255,144.774097
1,5256,438.314914
1,5257,173.826041
1,5258,296.491770
1,5259,519.773349
1,5260,429.786439
1,5261,254.656887
1,5262,170.793902
1,5263,437.307974
1,5264,366.068608
1,5265,411.436896
1,5266,134.554441
1,5267,455.686212
1,5268,435.593856
1,5269,325.511355
1,5270,257.933175
1,5271,284.342216
1,5272,357.177238
1,5273,291.518014
1,5274,242.143535
1,5275,432.164260
1,5276,379.459604
1,5277,113.936149
1,5278,289.981758
1,5279,300.639095
1,5280,330.114142
1,5281,462.010437
1,5282,287.093815
1,5283,151.801467
1,5284,426.423578
1,5285,123.902144
1,5286,137.546039
1,5287,274.334017
1,5288,126.404975
1,5289,358.101681
1,5290,394.956446
1,5291,44.850724
1,5292,170.926459
1,5293,216.312964
1,5294,77.573579
1,5295,297.424261
1,5296,137.159990
1,5297,304.987165
1,5298,86.837856
1,5299,396.334757
1,5300,209.887301
1,5301,114.523409
1,5302,349.857036
1,5303,364.875019
1,5304,102.160765
1,5305,101.221744
1,5306,369.397016
1,5307,269.398019
1,5308,373.686783
1,5309,328.004702
1,5310,286.355171
1,5311,502.501638
1,5312,289.130967
1,5313,110.594357
1,5314,274.493470
1,5315,289.982103
1,5316,486.822623
1,5317,255.750409
1,5318,424.667765
1,5319,306.898233
1,5320,139.753745
1,5321,234.964976
1,5322,116.402004
1,5323,169.027025
1,5324,362.514484
1,5325,470.720311
1,5326,364.653751
1,5327,139.626261
1,5328,249.514082
1,5329,116.087942
1,5330,514.143818
1,5331,136.699790
1,5332,341.045824
1,5333,297.156788
1,5334,360.214831
1,5335,253.980085
1,5336,367.574633
1,5337,399.686870
1,5338,133.931623
1,5339,108.973363
1,5340,409.606502
1,5341,141.033235
1,5342,158.013543
1,5343,382.817313
1,5344,124.372066
1,5345,417.393643
1,5346,123.141692
1,5347,457.843119
1,5348,324.636145
1,5349,338.140511
1,5350,190.011246
1,5351,377.648000
1,5352,57.424887
1,5353,329.323506
1,5354,187.134980
1,5355,274.450745
1,5356,257.400935
1,5357,152.669767
1,5358,449.881452
1,5359,98.484795
1,5360,246.643354
1,5361,323.087773
1,5362,180.809920
1,5363,606.115495
1,5364,114.323260
1,5365,345.926465
1,5366,382.690355
1,5367,128.732932
1,5368,180.102070
1,5369,426.700430
1,5370,221.326963
1,5371,111.578433
1,5372,320.975363
1,5373,326.050512
1,5374,98.168289
1,5375,201.260574
1,5376,86.429213
1,5377,256.878768
1,5378,409.665017
1,5379,228.740668
1,5380,526.399668
1,5381,225.792569
1,5382,530.094826
1,5383,405.657074
1,5384,393.996204
1,5385,359.427503
1,5386,121.455753
1,5387,191.912112
1,5388,283.290119
1,5389,379.916472
1,5390,161.893791
1,5391,327.872213
1,5392,187.801422
1,5393,445.328578
1,5394,419.845108
1,5395,229.835488
1,5396,153.127804
1,5397,111.506888
1,5398,482.638201
1,5399,443.381168
1,5400,111.578635
1,5401,376.445157
1,5402,164.004301
1,5403,428.321490
1,5404,397.921644
1,5405,132.415912
1,5406,442.374229
1,5407,189.775039
1,5408,374.928735
1,5409,109.650552
1,5410,219.734046
1,5411,109.297624
1,5412,574.855606
1,5413,129.578684
1,5414,264.056425
1,5415,310.565470
1,5416,219.950727
1,5417,216.459306
1,5418,422.518945
1,5419,104.880254
1,5420,369.224870
1,5421,265.689856
1,5422,493.605920
1,5423,277.756061
1,5424,235.387729
1,5425,264.059374
1,5426,185.188589
1,5427,439.670199
1,5428,524.586927
1,5429,128.478719
1,5430,393.592411
1,5431,128.254406
1,5432,148.621774
1,5433,368.359420
1,5434,194.273648
1,5435,183.628144
1,5436,177.633155
1,5437,257.230364
1,5438,317.437140
1,5439,87.471416
1,5440,526.765577
1,5441,141.269215
1,5442,478.347043
1,5443,86.927268
1,5444,242.558892
1,5445,153.762200
1,5446,84.253877
1,5447,192.771273
1,5448,130.170923
1,5449,153.860419
1,5450,397.646601
1,5451,80.058628
1,5452,395.765472
1,5453,544.144412
1,5454,210.411940
1,5455,79.649288
1,5456,250.190189
1,5457,299.003487
1,5458,94.462104
1,5459,347.644649
1,5460,68.011824
1,5461,296.139252
1,5462,81.444878
1,5463,201.515310
1,5464,495.937480
1,5465,416.453330
1,5466,86.393128
1,5467,205.036514
1,5468,162.346661
1,5469,370.600538
1,5470,80.643344
1,5471,368.501473
1,5472,80.125074
1,5473,275.545157
1,5474,56.431643
1,5475,203.696007
1,5476,167.301001
1,5477,362.914750
1,5478,249.380416
1,5479,56.919080
1,5480,229.489019
1,5481,261.086405
1,5482,341.250943
1,5483,582.149082
1,5484,191.215848
1,5485,333.347756
1,5486,104.878094
1,5487,377.841151
1,5488,182.814044
1,5489,310.563551
1,5490,94.892337
1,5491,314.258709
1,5492,97.746877
1,5493,151.709524
1,5494,318.359388
1,5495,131.580859
1,5496,150.050128
1,5497,175.483399
1,5498,310.493668
1,5499,119.727616
1,5500,205.143356
1,5501,105.452693
1,5502,404.075366
1,5503,188.817700
1,5504,178.728671
1,5505,457.158729
1,5506,161.945733
1,5507,119.296941
1,5508,379.894021
1,5509,361.049536
1,5510,199.206839
1,5511,255.545683
1,5512,106.431510
1,5513,318.592349
1,5514,158.781396
1,5515,239.395022
1,5516,496.032902
1,5517,120.430616
1,5518,157.429986
1,5519,402.702804
1,5520,439.808365
1,5521,158.675543
1,5522,329.417462
1,5523,126.268712
1,5524,269.382519
1,5525,114.254959
1,5526,441.140841
1,5527,510.869682
1,5528,123.607032
1,5529,413.830645
1,5530,122.410807
1,5531,305.645428
1,5532,523.186741
1,5533,414.010053
1,5534,126.478656
1,5535,270.922677
1,5536,237.883366
1,5537,114.152551
1,5538,344.559723
1,5539,107.969650
1,5540,482.505509
1,5541,122.668723
1,5542,441.022096
1,5543,167.162474
1,5544,137.269359
1,5545,363.770428
1,5546,437.813726
1,5547,359.500418
1,5548,100.806835
1,5549,139.740776
1,5550,434.444202
1,5551,332.790922
1,5552,136.518711
1,5553,390.108700
1,5554,213.952885
1,5555,143.058087
1,5556,666.856374
1,5557,155.434889
1,5558,91.945065
1,5559,466.302079
1,5560,272.091629
1,5561,576.617045
1,5562,72.924565
1,5563,389.034263
1,5564,239.525042
1,5565,343.146599
1,5566,92.604803
1,5567,267.299672
1,5568,317.821733
1,5569,324.559680
1,5570,369.823914
1,5571,348.443128
1,5572,72.880463
1,5573,190.658832
1,5574,118.353667
1,5575,292.572315
1,5576,199.473808
1,5577,385.670855
1,5578,103.627921
1,5579,270.345849
1,5580,138.075103
1,5581,438.292529
1,5582,104.911848
1,5583,381.454065
1,5584,320.683563
1,5585,114.261728
1,5586,438.802886
1,5587,270.691489
1,5588,291.364828
1,5589,406.123658
1,5590,99.442293
1,5591,406.289386
1,5592,346.291990
1,5593,275.965370
1,5594,611.928147
1,5595,234.935178
1,5596,374.669145
1,5597,121.713289
1,5598,366.795609
1,5599,289.327502
1,5600,235.602689
1,5601,117.191894
1,5602,366.799843
1,5603,322.509211
1,5604,337.555573
1,5605,308.831392
1,5606,157.694755
1,5607,381.501390
1,5608,285.993907
1,5609,100.765790
1,5610,406.648239
1,5611,290.205885
1,5612,332.861166
1,5613,287.564737
1,5614,400.335482
1,5615,562.001392
1,5616,231.050621
1,5617,97.308456
1,5618,446.958661
1,5619,117.373340
1,5620,321.463406
1,5621,94.645520
1,5622,444.638449
1,5623,93.415147
1,5624,96.599274
1,5625,357.054108
1,5626,490.175486
1,5627,106.023259
1,5628,249.436216
1,5629,101.893193
1,5630,344.152898
1,5631,144.820836
1,5632,196.562035
1,5633,229.369451
1,5634,260.935038
1,5635,339.107304
1,5636,125.762976
1,5637,98.467825
1,5638,134.993425
1,5639,432.163094
1,5640,102.292636
1,5641,325.991528
1,5642,109.708517
1,5643,395.223593
1,5644,127.581662
1,5645,393.466409
1,5646,272.779950
1,5647,446.333177
1,5648,168.734999
1,5649,102.992683
1,5650,430.643935
1,5651,184.347325
1,5652,343.111309
1,5653,244.388169
1,5654,322.395467
1,5655,319.769484
1,5656,0.000000
1,5657,180.713525
1,5658,0.000000
1,5659,547.053037
1,5660,80.150587
1,5661,395.160681
1,5662,374.616747
1,5663,319.617572
1,5664,427.975264
1,5665,368.392221
1,5666,53.468367
1,5667,192.410600
1,5668,315.400955
1,5669,88.375887
1,5670,253.377213
1,5671,227.691618
1,5672,237.215411
1,5673,404.792466
1,5674,644.710449
1,5675,106.827034
1,5676,238.745596
1,5677,408.754195
1,5678,280.795713
1,5679,359.471668
1,5680,76.514784
1,5681,239.894191
1,5682,237.434013
1,5683,108.935273
1,5684,78.220215
1,5685,433.009508
1,5686,100.349446
1,5687,306.833405
1,5688,680.293399
1,5689,74.651405
1,5690,331.152749
1,5691,101.766135
1,5692,374.129884
1,5693,133.492810
1,5694,321.087042
1,5695,98.927891
1,5696,422.153846
1,5697,225.472033
1,5698,360.207636
1,5699,491.284926
1,5700,88.524900
1,5701,132.884182
1,5702,469.640480
1,5703,106.086369
1,5704,186.476505
1,5705,166.683161
1,5706,324.488092
1,5707,323.848159
1,5708,93.967203
1,5709,292.267032
1,5710,165.850737
1,5711,301.881635
1,5712,320.359508
1,5713,122.568438
1,5714,546.014539
1,5715,91.058014
1,5716,261.725694
1,5717,87.226535
1,5718,325.973615
1,5719,266.785643
1,5720,344.010707
1,5721,59.680812
1,5722,221.758610
1,5723,218.062478
1,5724,402.956897
1,5725,78.461624
1,5726,444.727387
1,5727,68.266902
1,5728,383.217229
1,5729,433.067939
1,5730,391.628930
1,5731,213.323003
1,5732,128.260891
1,5733,48.844350
1,5734,393.324125
1,5735,72.729988
1,5736,535.040808
1,5737,241.812585
1,5738,328.063968
1,5739,66.360756
1,5740,295.715750
1,5741,188.695219
1,5742,203.840586
1,5743,343.818999
1,5744,342.731959
1,5745,498.348623
1,5746,34.648872
1,5747,104.803348
1,5748,404.019436
1,5749,405.752655
1,5750,544.587982
1,5751,421.546887
1,5752,479.297016
1,5753,355.649299
1,5754,0.000000
1,5755,418.028411
1,5756,16.123380
1,5757,516.731512
1,5758,198.710672
1,5759,390.086452
1,5760,69.047217
1,5761,197.334449
1,5762,287.483708
1,5763,15.608426
1,5764,230.779792
1,5765,541.636737
1,5766,61.474158
1,5767,423.977737
1,5768,45.709033
1,5769,169.151767
1,5770,417.975069
1,5771,557.632614
1,5772,428.634423
1,5773,212.810614
1,5774,52.057474
1,5775,139.865286
1,5776,52.822211
1,5777,261.234609
1,5778,389.828055
1,5779,375.235112
1,5780,189.517367
1,5781,509.937503
1,5782,46.451680
1,5783,162.158145
1,5784,193.994326
1,5785,334.886804
1,5786,52.946455
1,5787,281.920634
1,5788,54.636152
1,5789,139.733658
1,5790,71.719539
1,5791,296.542146
1,5792,407.540834
1,5793,428.174685
1,5794,472.440356
1,5795,380.482458
1,5796,157.712655
1,5797,131.451729
1,5798,329.603985
1,5799,503.667703
1,5800,554.026686
1,5801,46.014966
1,5802,458.610655
1,5803,17.272676
1,5804,374.937125
1,5805,293.176241
1,5806,18.371240
1,5807,230.848908
1,5808,463.426130
1,5809,213.586207
1,5810,407.943756
1,5811,461.031997
1,5812,439.125367
1,5813,574.403890
1,5814,79.266292
1,5815,155.972938
1,5816,478.819766
1,5817,79.021978
1,5818,179.630406
1,5819,127.326673
1,5820,49.050314
1,5821,454.757090
1,5822,0.000000
1,5823,335.822334
1,5824,292.455058
1,5825,271.709409
1,5826,442.366272
1,5827,489.194243
1,5828,26.857124
1,5829,258.901039
1,5830,102.430314
1,5831,412.040763
1,5832,34.524074
1,5833,359.823900
1,5834,76.338124
1,5835,463.315571
1,5836,583.787109
1,5837,57.660002
1,5838,539.699335
1,5839,405.906166
1,5840,476.979301
1,5841,583.608886
1,5842,469.073946
1,5843,63.600809
1,5844,343.501817
1,5845,54.921511
1,5846,313.731394
1,5847,470.453268
1,5848,48.116575
1,5849,209.004141
1,5850,357.996758
1,5851,148.923494
1,5852,217.349930
1,5853,47.752374
1,5854,883.495229
1,5855,47.298451
1,5856,424.693121
1,5857,83.483736
1,5858,396.681327
1,5859,62.479699
1,5860,194.092395
1,5861,458.350509
1,5862,467.038980
1,5863,46.341049
1,5864,19.905970
1,5865,392.090610
1,5866,42.469555
1,5867,619.491982
1,5868,41.253523
1,5869,191.754744
1,5870,584.506851
1,5871,55.797193
1,5872,480.708016
1,5873,47.534942
1,5874,368.085265
1,5875,161.876027
1,5876,207.827405
1,5877,264.044767
1,5878,282.028047
1,5879,104.009717
1,5880,240.672828
1,5881,409.222977
1,5882,30.689751
1,5883,202.042625
1,5884,212.355393
1,5885,309.782354
1,5886,152.646768
1,5887,35.257420
1,5888,347.099736
1,5889,285.016845
1,5890,51.719693
1,5891,234.890044
1,5892,193.266579
1,5893,351.466572
1,5894,118.642391
1,5895,0.000000
1,5896,386.028676
1,5897,141.997881
1,5898,187.691664
1,5899,243.658759
1,5900,261.398791
1,5901,213.439167
1,5902,424.545471
1,5903,81.021539
1,5904,170.013941
1,5905,8.072184
1,5906,179.205642
1,5907,5.891093
1,5908,224.848983
1,5909,0.000000
1,5910,2.568391
1,5911,311.328766
1,5912,285.969382
1,5913,389.920448
1,5914,319.847053
1,5915,132.903149
1,5916,373.431571
1,5917,0.000000
1,5918,275.167470
1,5919,29.055633
1,5920,180.167518
1,5921,299.796946
1,5922,351.811869
1,5923,110.301394
1,5924,356.842914
1,5925,541.853845
1,5926,194.311797
1,5927,448.823823
1,5928,466.746348
1,5929,382.999265
1,5930,283.166821
1,5931,14.547048
1,5932,395.915623
1,5933,21.455748
1,5934,284.932565
1,5935,413.450692
1,5936,359.921075
1,5937,6.748511
1,5938,455.042056
1,5939,365.108357
1,5940,243.637810
1,5941,309.258215
1,5942,460.153723
1,5943,101.665606
1,5944,48.486744
1,5945,56.676408
1,5946,322.482389
1,5947,270.475529
1,5948,372.636384
1,5949,298.041001
1,5950,451.883104
1,5951,282.068145
1,5952,204.886885
1,5953,540.924975
1,5954,18.585804
1,5955,308.550639
1,5956,420.317424
1,5957,464.934652
1,5958,420.029635
1,5959,507.699584
1,5960,41.897075
1,5961,302.266817
1,5962,527.586085
1,5963,77.729110
1,5964,301.208658
1,5965,526.431231
1,5966,475.007822
1,5967,452.475594
1,5968,416.398018
1,5969,74.982012
1,5970,460.060410
1,5971,368.028504
1,5972,422.546025
1,5973,68.032744
1,5974,207.432712
1,5975,290.573607
1,5976,447.128279
1,5977,410.852684
1,5978,8.302468
1,5979,497.279445
1,5980,38.202444
1,5981,495.761411
1,5982,506.553015
1,5983,494.180258
1,5984,3.656322
1,5985,0.000000
1,5986,357.103289
1,5987,25.288375
1,5988,304.060377
1,5989,169.177091
1,5990,262.499472
1,5991,88.837939
1,5992,380.706455
1,5993,207.322635
1,5994,159.249073
1,5995,0.000000
1,5996,135.918668
1,5997,382.563751
1,5998,79.942616
1,5999,221.122950
1,6000,297.787426
1,6001,144.379427
1,6002,14.298161
1,6003,401.238011
1,6004,552.500340
1,6005,317.392511
1,6006,164.746072
1,6007,138.811578
1,6008,102.082738
1,6009,240.621839
1,6010,314.987367
1,6011,43.732721
1,6012,365.711983
1,6013,35.347959
1,6014,198.911834
1,6015,0.000000
1,6016,107.415026
1,6017,251.841377
1,6018,368.052729
1,6019,210.593540
1,6020,405.830450
1,6021,220.753043
1,6022,107.576952
1,6023,318.970464
1,6024,384.552712
1,6025,185.969845
1,6026,281.926772
1,6027,292.057805
1,6028,449.467568
1,6029,265.113074
1,6030,264.759824
1,6031,35.153572
1,6032,542.109199
1,6033,0.000000
1,6034,292.392391
1,6035,26.252531
1,6036,205.012418
1,6037,162.302997
1,6038,409.345440
1,6039,31.069703
1,6040,229.430224
1,6041,613.793352
1,6042,488.967055
1,6043,408.003979
1,6044,440.121593
1,6045,10.411076
1,6046,532.736154
1,6047,505.978630
1,6048,536.464821
1,6049,400.424254
1,6050,316.513234
1,6051,6.852284
1,6052,28.694120
1,6053,517.251658
1,6054,313.613380
1,6055,461.328855
1,6056,489.247540
1,6057,368.779857
1,6058,464.497936
1,6059,444.528008
1,6060,137.455741
1,6061,450.569878
1,6062,464.793816
1,6063,595.409254
1,6064,436.115266
1,6065,366.885088
1,6066,460.439054
1,6067,59.953657
1,6068,462.978193
1,6069,454.864888
1,6070,509.685922
1,6071,572.909901
1,6072,289.857590
1,6073,318.582527
1,6074,546.260979
1,6075,62.885925
1,6076,202.763619
1,6077,320.123587
1,6078,526.420692
1,6079,534.588655
1,6080,373.060638
1,6081,513.771112
1,6082,422.287112
1,6083,91.251172
1,6084,98.358931
1,6085,575.802823
1,6086,174.474285
1,6087,421.469786
1,6088,555.781374
1,6089,65.750952
1,6090,555.108660
1,6091,89.167334
1,6092,214.253121
1,6093,224.750446
1,6094,369.565196
1,6095,369.064819
1,6096,228.784825
1,6097,350.283668
1,6098,0.000000
1,6099,315.989590
1,6100,347.023329
1,6101,27.010842
1,6102,42.870701
1,6103,527.511081
1,6104,379.491962
1,6105,60.727240
1,6106,426.274685
1,6107,290.668802
1,6108,487.084604
1,6109,43.334789
1,6110,290.034817
1,6111,79.401500
1,6112,530.508468
1,6113,187.966992
1,6114,445.875668
1,6115,435.306650
1,6116,440.944894
1,6117,353.517928
1,6118,547.700083
1,6119,383.388056
1,6120,662.039696
1,6121,497.216182
1,6122,740.322286
1,6123,60.731992
1,6124,305.289265
1,6125,92.731144
1,6126,551.260670
1,6127,572.137495
1,6128,148.193193
1,6129,315.172696
1,6130,75.815415
1,6131,315.070602
1,6132,221.380086
1,6133,257.782505
1,6134,85.354712
1,6135,486.446587
1,6136,84.824116
1,6137,462.183289
1,6138,59.996326
1,6139,83.765958
1,6140,505.767645
1,6141,256.265176
1,6142,474.607259
1,6143,175.345117
1,6144,62.387418
1,6145,198.356418
1,6146,301.401725
1,6147,487.165347
1,6148,28.458694
1,6149,459.688113
1,6150,43.130261
1,6151,55.325864
1,6152,616.141613
1,6153,92.835335
1,6154,575.644211
1,6155,475.344326
1,6156,74.250665
1,6157,397.730708
1,6158,385.584308
1,6159,46.745140
1,6160,235.016152
1,6161,73.305980
1,6162,487.752641
1,6163,552.675940
1,6164,519.807548
1,6165,724.975025
1,6166,251.323538
1,6167,423.184038
1,6168,440.111069
1,6169,342.509902
1,6170,448.345719
1,6171,385.889301
1,6172,288.444875
1,6173,110.530066
1,6174,288.666294
1,6175,306.307245
1,6176,493.779871
1,6177,90.124441
1,6178,290.658619
1,6179,578.370407
1,6180,55.798260
1,6181,577.916484
1,6182,116.211457
1,6183,450.208622
1,6184,409.710352
1,6185,214.363998
1,6186,77.948422
1,6187,306.723735
1,6188,79.249682
1,6189,382.318287
1,6190,274.982381
1,6191,292.762604
1,6192,286.219867
1,6193,22.828753
1,6194,286.993305
1,6195,514.417866
1,6196,338.024360
1,6197,313.601943
1,6198,74.517601
1,6199,234.308608
1,6200,377.799319
1,6201,485.959769
1,6202,470.025339
1,6203,32.998411
1,6204,276.519690
1,6205,418.136930
1,6206,63.311844
1,6207,346.765519
1,6208,42.401212
1,6209,67.904604
1,6210,446.774065
1,6211,66.060514
1,6212,139.880969
1,6213,70.085443
1,6214,284.996449
1,6215,208.809864
1,6216,49.974277
1,6217,253.013228
1,6218,291.774138
1,6219,74.698651
1,6220,452.580674
1,6221,142.429909
1,6222,75.123455
1,6223,452.827774
1,6224,50.967582
1,6225,431.646336
1,6226,527.429297
1,6227,210.758671
1,6228,581.923746
1,6229,74.305332
1,6230,383.902345
1,6231,333.009095
1,6232,538.904531
1,6233,274.055377
1,6234,292.605843
1,6235,485.357389
1,6236,207.280286
1,6237,439.644265
1,6238,70.601552
1,6239,648.726473
1,6240,45.321360
1,6241,68.879336
1,6242,575.632190
1,6243,585.456589
1,6244,240.053186
1,6245,332.116937
1,6246,302.870811
1,6247,643.541454
1,6248,64.131821
1,6249,283.439757
1,6250,99.402504
1,6251,432.936186
1,6252,391.992959
1,6253,185.721602
1,6254,427.908996
1,6255,364.340494
1,6256,265.838094
1,6257,455.432023
1,6258,229.309606
1,6259,602.978688
1,6260,497.493927
1,6261,610.320150
1,6262,567.269984
1,6263,412.934385
1,6264,50.421075
1,6265,448.064781
1,6266,426.016033
1,6267,500.017363
1,6268,533.004575
1,6269,60.048921
1,6270,530.999189
1,6271,451.267840
1,6272,517.040971
1,6273,484.787059
1,6274,688.110694
1,6275,212.714747
1,6276,382.921585
1,6277,423.917158
1,6278,255.828687
1,6279,500.634946
1,6280,575.690586
1,6281,107.542056
1,6282,223.254599
1,6283,0.000000
1,6284,138.661870
1,6285,332.605029
1,6286,216.226468
1,6287,357.427839
1,6288,32.327509
1,6289,9.890852
1,6290,50.582597
1,6291,116.040810
1,6292,277.683436
1,6293,280.506543
1,6294,53.771892
1,6295,219.026119
1,6296,56.129578
1,6297,416.230382
1,6298,199.957907
1,6299,323.156938
1,6300,0.000000
1,6301,328.558165
1,6302,75.338592
1,6303,397.425282
1,6304,67.159914
1,6305,230.814704
1,6306,40.859084
1,6307,399.643265
1,6308,241.246838
1,6309,329.950985
1,6310,328.807855
1,6311,104.400192
1,6312,229.187513
1,6313,76.977501
1,6314,377.718769
1,6315,596.643796
1,6316,0.000000
1,6317,360.097976
1,6318,118.529699
1,6319,103.934198
1,6320,177.139804
1,6321,44.145448
1,6322,102.877992
1,6323,43.873127
1,6324,388.943985
1,6325,68.920468
1,6326,174.943244
1,6327,239.087133
1,6328,396.160502
1,6329,64.649444
1,6330,263.054512
1,6331,136.739513
1,6332,344.592082
1,6333,94.399692
1,6334,233.779444
1,6335,68.109064
1,6336,92.361525
1,6337,390.424750
1,6338,129.527388
1,6339,367.860565
1,6340,182.714358
1,6341,85.742363
1,6342,306.957418
1,6343,385.778604
1,6344,384.951318
1,6345,539.442286
1,6346,191.098250
1,6347,27.272555
1,6348,189.350353
1,6349,380.615130
1,6350,457.260732
1,6351,329.567311
1,6352,46.906925
1,6353,305.275835
1,6354,20.864623
1,6355,325.793443
1,6356,303.744695
1,6357,172.173560
1,6358,418.801577
1,6359,40.124795
1,6360,269.529908
1,6361,1233.322479
1,6362,425.338099
1,6363,31.600748
1,6364,555.365519
1,6365,288.162378
1,6366,167.547111
1,6367,452.281009
1,6368,80.462367
1,6369,284.407681
1,6370,36.152553
1,6371,157.566141
1,6372,110.448861
1,6373,336.624458
1,6374,426.049153
1,6375,50.566254
1,6376,600.586565
1,6377,276.558475
1,6378,0.000000
1,6379,137.502516
1,6380,375.131068
1,6381,0.000000
1,6382,237.854887
1,6383,472.058632
1,6384,0.000000
1,6385,293.114140
1,6386,597.509495
1,6387,477.783340
1,6388,359.458192
1,6389,371.443309
1,6390,42.969139
1,6391,208.223367
1,6392,54.337457
1,6393,405.427630
1,6394,362.171602
1,6395,373.498792
1,6396,383.851625
1,6397,422.456631
1,6398,53.078928
1,6399,316.315914
1,6400,347.235955
1,6401,32.798388
1,6402,379.257166
1,6403,388.840512
1,6404,90.404184
1,6405,287.715330
1,6406,48.587913
1,6407,288.058980
1,6408,240.297719
1,6409,95.733725
1,6410,227.543988
1,6411,57.062025
1,6412,257.700386
1,6413,176.278777
1,6414,389.308157
1,6415,58.101204
1,6416,220.875724
1,6417,443.572717
1,6418,33.455820
1,6419,285.979884
1,6420,469.598755
1,6421,54.116534
1,6422,284.644692
1,6423,274.982306
1,6424,602.474897
1,6425,52.065802
1,6426,245.840362
1,6427,341.473187
1,6428,160.772882
1,6429,122.213286
1,6430,259.043534
1,6431,463.332408
1,6432,462.634013
1,6433,58.337694
1,6434,378.888018
1,6435,56.205500
1,6436,182.061931
1,6437,468.044559
1,6438,44.828505
1,6439,412.532154
1,6440,45.408533
1,6441,167.849039
1,6442,88.599518
1,6443,497.018750
1,6444,37.963716
1,6445,159.465192
1,6446,415.626210
1,6447,459.449352
1,6448,480.580710
1,6449,330.086218
1,6450,105.106262
1,6451,489.561525
1,6452,354.348846
1,6453,538.781325
1,6454,399.758691
1,6455,390.094576
1,6456,570.983264
1,6457,599.999184
1,6458,104.543809
1,6459,452.105850
1,6460,128.792244
1,6461,631.757397
1,6462,126.871766
1,6463,542.323342
1,6464,304.371214
1,6465,640.102749
1,6466,132.473896
1,6467,309.207801
1,6468,635.003702
1,6469,244.063520
1,6470,666.050357
1,6471,500.611545
1,6472,635.902058
1,6473,113.453572
1,6474,549.126503
1,6475,598.176685
1,6476,619.256646
1,6477,140.616259
1,6478,473.560860
1,6479,529.426481
1,6480,315.042452
1,6481,141.066745
1,6482,511.337783
1,6483,494.942897
1,6484,473.583885
1,6485,156.980503
1,6486,640.460234
1,6487,140.222940
1,6488,315.324561
1,6489,639.610174
1,6490,397.068691
1,6491,638.871480
1,6492,140.245544
1,6493,508.316677
1,6494,678.241975
1,6495,114.671059
1,6496,394.321593
1,6497,594.143189
1,6498,447.055915
1,6499,601.978750
1,6500,513.637540
1,6501,111.163893
1,6502,512.337457
1,6503,335.071369
1,6504,327.164730
1,6505,295.622787
1,6506,517.905264
1,6507,107.390756
1,6508,586.706156
1,6509,381.021038
1,6510,139.824357
1,6511,361.647174
1,6512,504.769504
1,6513,227.886727
1,6514,611.687571
1,6515,572.176873
1,6516,444.901739
1,6517,51.164388
1,6518,349.290426
1,6519,190.636986
1,6520,392.008854
1,6521,94.166011
1,6522,577.156438
1,6523,203.392391
1,6524,138.565326
1,6525,169.820711
1,6526,623.532913
1,6527,118.984234
1,6528,94.067871
1,6529,279.135660
1,6530,473.046249
1,6531,808.880890
1,6532,542.109247
1,6533,106.046650
1,6534,587.786421
1,6535,130.660364
1,6536,341.502531
1,6537,270.162871
1,6538,503.375040
1,6539,135.454714
1,6540,601.515982
1,6541,112.226361
1,6542,549.980675
1,6543,310.356645
1,6544,602.755039
1,6545,137.339423
1,6546,412.919054
1,6547,285.050828
1,6548,602.975661
1,6549,113.189089
1,6550,602.778065
1,6551,345.197839
1,6552,497.895795
1,6553,634.812230
1,6554,643.690272
1,6555,134.218132
1,6556,309.250471
1,6557,633.470103
1,6558,107.441649
1,6559,578.875211
1,6560,480.791967
1,6561,534.763262
1,6562,510.577312
1,6563,132.347942
1,6564,545.029395
1,6565,451.174301
1,6566,303.918398
1,6567,637.289379
1,6568,127.476554
1,6569,302.182520
1,6570,626.089202
1,6571,103.007847
1,6572,243.947124
1,6573,582.071953
1,6574,632.282695
1,6575,534.473509
1,6576,526.069810
1,6577,563.702700
1,6578,84.332618
1,6579,603.854559
1,6580,363.631024
1,6581,113.914551
1,6582,466.443273
1,6583,94.624630
1,6584,512.846330
1,6585,277.211922
1,6586,614.912774
1,6587,108.978861
1,6588,287.187557
1,6589,614.278790
1,6590,1515.505803
1,6591,392.778634
1,6592,508.613892
1,6593,201.927286
1,6594,502.478987
1,6595,158.171770
1,6596,404.175474
1,6597,685.044209
1,6598,279.952629
1,6599,136.686777
1,6600,543.309175
1,6601,412.291779
1,6602,708.599588
1,6603,129.542572
1,6604,462.554723
1,6605,670.713245
1,6606,200.755070
1,6607,249.953699
1,6608,283.186036
1,6609,104.615885
1,6610,597.498670
1,6611,639.192594
1,6612,131.655000
1,6613,544.703543
1,6614,421.728267
1,6615,638.288896
1,6616,128.816756
1,6617,303.849095
1,6618,666.375916
1,6619,666.900966
1,6620,666.455472
1,6621,166.013241
1,6622,496.540010
1,6623,535.262324
1,6624,102.791490
1,6625,495.639900
1,6626,387.622867
1,6627,118.090676
1,6628,546.934064
1,6629,312.929520
1,6630,470.613728
1,6631,193.274993
1,6632,307.999039
1,6633,343.586435
1,6634,120.276706
1,6635,626.881319
1,6636,409.253775
1,6637,625.300165
1,6638,634.951519
1,6639,88.885596
1,6640,622.818752
1,6641,90.437301
1,6642,86.322235
1,6643,679.602799
1,6644,400.749906
1,6645,120.076115
1,6646,364.135024
1,6647,338.424854
1,6648,521.521599
1,6649,107.316821
1,6650,78.954993
1,6651,500.291996
1,6652,641.867047
1,6653,481.098699
1,6654,92.311923
1,6655,435.176784
1,6656,107.628301
1,6657,513.686748
1,6658,584.633021
1,6659,458.345837
1,6660,232.249038
1,6661,472.870898
1,6662,164.924166
1,6663,91.273792
1,6664,422.935136
1,6665,89.106880
1,6666,512.211567
1,6667,466.371450
1,6668,594.956984
1,6669,142.013811
1,6670,516.775303
1,6671,435.714495
1,6672,568.920622
1,6673,579.600700
1,6674,93.543337
1,6675,609.401022
1,6676,211.984850
1,6677,590.735045
1,6678,89.223254
1,6679,391.133923
1,6680,520.867522
1,6681,275.500484
1,6682,627.128936
1,6683,559.107874
1,6684,108.886747
1,6685,483.968722
1,6686,528.062051
1,6687,92.371759
1,6688,486.567285
1,6689,667.476447
1,6690,231.676905
1,6691,730.690931
1,6692,240.076497
1,6693,248.862650
1,6694,485.102374
1,6695,260.304234
1,6696,493.673976
1,6697,204.053937
1,6698,539.177923
1,6699,102.504319
1,6700,548.814253
1,6701,417.063860
1,6702,158.798422
1,6703,504.322143
1,6704,126.617027
1,6705,539.797250
1,6706,124.638542
1,6707,316.999113
1,6708,457.006655
1,6709,276.990252
1,6710,132.745474
1,6711,538.452107
1,6712,406.576074
1,6713,702.077102
1,6714,516.217908
1,6715,445.394237
1,6716,125.342676
1,6717,629.993793
1,6718,394.666966
1,6719,309.699405
1,6720,284.029294
1,6721,118.592816
1,6722,490.860119
1,6723,532.370678
1,6724,660.920252
1,6725,40.366158
1,6726,654.534848
1,6727,653.818345
1,6728,132.149565
1,6729,263.427560
1,6730,536.526004
1,6731,113.325210
1,6732,578.082884
1,6733,111.714024
1,6734,304.018547
1,6735,124.568340
1,6736,616.562787
1,6737,516.088403
1,6738,144.231820
1,6739,326.220301
1,6740,176.443014
1,6741,646.428565
1,6742,394.329860
1,6743,568.420267
1,6744,259.188757
1,6745,478.634773
1,6746,99.986731
1,6747,512.263334
1,6748,605.390471
1,6749,104.250282
1,6750,464.529926
1,6751,268.358056
1,6752,601.344202
1,6753,92.939203
1,6754,460.414375
1,6755,629.763708
1,6756,65.635808
1,6757,95.955587
1,6758,595.025092
1,6759,84.792544
1,6760,259.091093
1,6761,582.602120
1,6762,270.353555
1,6763,1131.088282
1,6764,430.313119
1,6765,292.577369
1,6766,405.257777
1,6767,507.747116
1,6768,62.301083
1,6769,43.528683
1,6770,408.922208
1,6771,621.280053
1,6772,78.677746
1,6773,426.810408
1,6774,103.967977
1,6775,565.512880
1,6776,525.197953
1,6777,103.485371
1,6778,274.642923
1,6779,120.498063
1,6780,454.723339
1,6781,535.067129
1,6782,113.997598
1,6783,528.444258
1,6784,289.597997
1,6785,603.449382
1,6786,116.178436
1,6787,449.614609
1,6788,617.460362
1,6789,576.149844
1,6790,271.367859
1,6791,118.739819
1,6792,698.411171
1,6793,424.911743
1,6794,10.040397
1,6795,444.595610
1,6796,336.479057
1,6797,564.271493
1,6798,63.748936
1,6799,246.165206
1,6800,576.630278
1,6801,461.065002
1,6802,221.683990
1,6803,556.892741
1,6804,70.400546
1,6805,233.031002
1,6806,430.825211
1,6807,100.279734
1,6808,333.224269
1,6809,112.953823
1,6810,614.619691
1,6811,145.384938
1,6812,687.406571
1,6813,228.770248
1,6814,210.156086
1,6815,459.995233
1,6816,35.843997
1,6817,312.828662
1,6818,112.573706
1,6819,692.395459
1,6820,91.430631
1,6821,337.075821
1,6822,122.823394
1,6823,446.694244
1,6824,204.282025
1,6825,115.840754
1,6826,201.701013
1,6827,330.691020
1,6828,387.992973
1,6829,152.239589
1,6830,613.453353
1,6831,114.996949
1,6832,571.106853
1,6833,492.072154
1,6834,143.353166
1,6835,395.387877
1,6836,106.173190
1,6837,169.671516
1,6838,577.875512
1,6839,111.819254
1,6840,87.604468
1,6841,459.789108
1,6842,110.168053
1,6843,391.304008
1,6844,171.961938
1,6845,108.312088
1,6846,436.661300
1,6847,508.310819
1,6848,388.006975
1,6849,346.762368
1,6850,334.044245
1,6851,631.070706
1,6852,101.524514
1,6853,600.732234
1,6854,387.248829
1,6855,100.911272
1,6856,638.999449
1,6857,500.581340
1,6858,637.303712
1,6859,183.407363
1,6860,311.592711
1,6861,315.417548
1,6862,425.803644
1,6863,319.683983
1,6864,156.009835
1,6865,302.860348
1,6866,67.423991
1,6867,362.724427
1,6868,89.183979
1,6869,174.091482
1,6870,302.168292
1,6871,226.892558
1,6872,324.784911
1,6873,0.000000
1,6874,203.618473
1,6875,24.157507
1,6876,618.170019
1,6877,27.809629
1,6878,281.814002
1,6879,74.388871
1,6880,403.979451
1,6881,166.451941
1,6882,82.245546
1,6883,171.822222
1,6884,304.106605
1,6885,198.198243
1,6886,131.252226
1,6887,325.880055
1,6888,98.602085
1,6889,372.893750
1,6890,679.466056
1,6891,103.194846
1,6892,191.772143
1,6893,316.233088
1,6894,82.665486
1,6895,572.712455
1,6896,107.851531
1,6897,564.841705
1,6898,616.325006
1,6899,85.219480
1,6900,391.451011
1,6901,431.787208
1,6902,139.505176
1,6903,392.065596
1,6904,103.348223
1,6905,167.317725
1,6906,575.968780
1,6907,110.337284
1,6908,86.526601
1,6909,459.096166
1,6910,109.842201
1,6911,391.328627
1,6912,172.321522
1,6913,108.992141
1,6914,437.648252
1,6915,393.778025
1,6916,107.837287
1,6917,646.307256
1,6918,614.290041
1,6919,82.262802
1,6920,387.624848
1,6921,427.139377
1,6922,506.105180
1,6923,385.902631
1,6924,344.755595
1,6925,332.131519
1,6926,629.248692
1,6927,99.790050
1,6928,599.082321
1,6929,90.046048
1,6930,75.733360
1,6931,371.242245
1,6932,97.904028
1,6933,183.007820
1,6934,311.275234
1,6935,266.391199
1,6936,399.171416
1,6937,156.851378
1,6938,163.783816
1,6939,307.071608
1,6940,210.172810
1,6941,225.998694
1,6942,545.835814
1,6943,88.525874
1,6944,119.779139
1,6945,464.338894
1,6946,539.194897
1,6947,414.108991
1,6948,0.000000
1,6949,433.792858
1,6950,69.908382
1,6951,585.012418
1,6952,310.748616
1,6953,559.967531
1,6954,233.420299
1,6955,473.922115
1,6956,66.734176
1,6957,269.607560
1,6958,378.802662
1,6959,59.173459
1,6960,410.860448
1,6961,89.476982
1,6962,218.702657
1,6963,544.642413
1,6964,603.816939
1,6965,270.013968
1,6966,97.203403
1,6967,598.242773
1,6968,274.313683
1,6969,74.352679
1,6970,433.410481
1,6971,559.440328
1,6972,103.551844
1,6973,496.579941
1,6974,80.161505
1,6975,581.717948
1,6976,133.096400
1,6977,570.487048
1,6978,246.185817
1,6979,295.783491
1,6980,482.690160
1,6981,240.588180
1,6982,327.372795
1,6983,104.648120
1,6984,611.812611
1,6985,104.194197
1,6986,277.596409
1,6987,159.133558
1,6988,191.704468
1,6989,650.929543
1,6990,102.435911
1,6991,383.723471
1,6992,557.910750
1,6993,73.613984
1,6994,607.862204
1,6995,75.784609
1,6996,99.365301
1,6997,551.210522
1,6998,98.149269
1,6999,70.106817
1,7000,326.069994
1,7001,427.129889
1,7002,93.690279
1,7003,361.613084
1,7004,366.591730
1,7005,449.869118
1,7006,408.707614
1,7007,0.000000
1,7008,428.391482
1,7009,44.270490
1,7010,129.162531
1,7011,373.997064
1,7012,378.154694
1,7013,62.216374
1,7014,523.576107
1,7015,196.944741
1,7016,91.656106
1,7017,226.903724
1,7018,362.907655
1,7019,85.881049
1,7020,367.589549
1,7021,510.217180
1,7022,65.364878
1,7023,216.545724
1,7024,281.889878
1,7025,418.247168
1,7026,84.521627
1,7027,377.284489
1,7028,474.032459
1,7029,72.893703
1,7030,114.168455
1,7031,466.667095
1,7032,575.702236
1,7033,166.739400
1,7034,108.214808
1,7035,235.041797
1,7036,322.088659
1,7037,97.830054
1,7038,220.249765
1,7039,477.288784
1,7040,99.534532
1,7041,75.723849
1,7042,271.467242
1,7043,576.169880
1,7044,299.641821
1,7045,605.880639
1,7046,134.978105
1,7047,639.534701
1,7048,553.844566
1,7049,175.509787
1,7050,623.587169
1,7051,94.334613
1,7052,269.219825
1,7053,593.298818
1,7054,230.190581
1,7055,462.480552
1,7056,115.967440
1,7057,558.303774
1,7058,364.679004
1,7059,67.292735
1,7060,242.600193
1,7061,319.290600
1,7062,89.353290
1,7063,595.991096
1,7064,86.087559
1,7065,455.617903
1,7066,325.892694
1,7067,528.862348
1,7068,672.544807
1,7069,83.879858
1,7070,496.294546
1,7071,255.544992
1,7072,546.872378
1,7073,306.192955
1,7074,215.195942
1,7075,470.815683
1,7076,75.942232
1,7077,468.972283
1,7078,75.857505
1,7079,622.986037
1,7080,487.205092
1,7081,71.198961
1,7082,494.418463
1,7083,84.863178
1,7084,391.811976
1,7085,67.225528
1,7086,524.384175
1,7087,339.536579
1,7088,42.243620
1,7089,386.689182
1,7090,283.900162
1,7091,385.079084
1,7092,61.718965
1,7093,387.004364
1,7094,57.785663
1,7095,272.153595
1,7096,68.478688
1,7097,285.505363
1,7098,643.014604
1,7099,54.062761
1,7100,466.197992
1,7101,342.342447
1,7102,558.053986
1,7103,47.762217
1,7104,587.313565
1,7105,424.925941
1,7106,55.119496
1,7107,180.581058
1,7108,561.597405
1,7109,553.977306
1,7110,0.000000
1,7111,404.172891
1,7112,310.122289
1,7113,452.896035
1,7114,144.400716
1,7115,345.892938
1,7116,553.957017
1,7117,192.343643
1,7118,500.275174
1,7119,426.359892
1,7120,307.292706
1,7121,423.223408
1,7122,133.866515
1,7123,375.393055
1,7124,187.724317
1,7125,148.054817
1,7126,345.094877
1,7127,264.839620
1,7128,383.119476
1,7129,532.626011
1,7130,548.043681
1,7131,643.149834
1,7132,192.123798
1,7133,571.216671
1,7134,158.466220
1,7135,367.029019
1,7136,135.075881
1,7137,157.721003
1,7138,389.628723
1,7139,345.571152
1,7140,162.146989
1,7141,490.912703
1,7142,194.685166
1,7143,332.070783
1,7144,582.146150
1,7145,481.360812
1,7146,285.215713
1,7147,191.289170
1,7148,489.784931
1,7149,409.996841
1,7150,460.809324
1,7151,150.700973
1,7152,510.368557
1,7153,487.865119
1,7154,364.572718
1,7155,288.885156
1,7156,318.463282
1,7157,400.038507
1,7158,326.500175
1,7159,271.200759
1,7160,484.023971
1,7161,424.994756
1,7162,127.608487
1,7163,324.779569
1,7164,336.715786
1,7165,369.727839
1,7166,517.451689
1,7167,321.545073
1,7168,170.017643
1,7169,477.594407
1,7170,138.770401
1,7171,154.051564
1,7172,307.254099
1,7173,141.573572
1,7174,401.073883
1,7175,442.351220
1,7176,50.232811
1,7177,191.437635
1,7178,242.270519
1,7179,86.882408
1,7180,333.115172
1,7181,153.619189
1,7182,341.585625
1,7183,97.258399
1,7184,443.894928
1,7185,235.073777
1,7186,128.266218
1,7187,391.839880
1,7188,408.660022
1,7189,114.420057
1,7190,113.368353
1,7191,413.724658
1,7192,301.725781
1,7193,418.529197
1,7194,367.365267
1,7195,320.717791
1,7196,562.801835
1,7197,323.826683
1,7198,123.865680
1,7199,307.432687
1,7200,324.779956
1,7201,545.241337
1,7202,286.440458
1,7203,475.627897
1,7204,343.726021
1,7205,156.524194
1,7206,263.160773
1,7207,130.370244
1,7208,189.310268
1,7209,406.016223
1,7210,527.206749
1,7211,408.412201
1,7212,156.381412
1,7213,279.455772
1,7214,130.018496
1,7215,575.841077
1,7216,153.103765
1,7217,381.971322
1,7218,332.815603
1,7219,403.440611
1,7220,284.457695
1,7221,411.683588
1,7222,447.649295
1,7223,150.003418
1,7224,122.050167
1,7225,458.759282
1,7226,157.957223
1,7227,176.975168
1,7228,428.755390
1,7229,139.296714
1,7230,467.480880
1,7231,137.918696
1,7232,512.784294
1,7233,363.592483
1,7234,378.717372
1,7235,212.812596
1,7236,422.965760
1,7237,64.315874
1,7238,368.842327
1,7239,209.591178
1,7240,307.384834
1,7241,288.289047
1,7242,170.990139
1,7243,503.867227
1,7244,110.302970
1,7245,276.240556
1,7246,361.858305
1,7247,202.507110
1,7248,678.849354
1,7249,128.042051
1,7250,387.437641
1,7251,428.613198
1,7252,144.180884
1,7253,201.714319
1,7254,477.904482
1,7255,247.886199
1,7256,124.967845
1,7257,359.492407
1,7258,365.176574
1,7259,109.948484
1,7260,225.411843
1,7261,96.800718
1,7262,287.704220
1,7263,458.824820
1,7264,256.189549
1,7265,589.567628
1,7266,252.887677
1,7267,593.706205
1,7268,454.335923
1,7269,441.275748
1,7270,402.558803
1,7271,136.030443
1,7272,214.941565
1,7273,317.284934
1,7274,425.506449
1,7275,181.321046
1,7276,367.216878
1,7277,210.337592
1,7278,498.768007
1,7279,470.226520
1,7280,257.415747
1,7281,171.503140
1,7282,124.887714
1,7283,540.554785
1,7284,496.586909
1,7285,124.968071
1,7286,421.618576
1,7287,183.684817
1,7288,479.720069
1,7289,445.672241
1,7290,148.305821
1,7291,495.459136
1,7292,212.548044
1,7293,419.920183
1,7294,122.808618
1,7295,246.102132
1,7296,122.413339
1,7297,643.838279
1,7298,145.128126
1,7299,295.743195
1,7300,347.833326
1,7301,246.344814
1,7302,242.434422
1,7303,473.221219
1,7304,117.465884
1,7305,413.531855
1,7306,297.572638
1,7307,552.838630
1,7308,311.086788
1,7309,263.634257
1,7310,295.746499
1,7311,207.411220
1,7312,492.430623
1,7313,587.537358
1,7314,143.896165
1,7315,440.823500
1,7316,143.644934
1,7317,166.456387
1,7318,412.562550
1,7319,217.586486
1,7320,205.663521
1,7321,198.949134
1,7322,288.098008
1,7323,355.529597
1,7324,97.967986
1,7325,589.977446
1,7326,158.221521
1,7327,535.748688
1,7328,97.358540
1,7329,271.665959
1,7330,172.213664
1,7331,94.364342
1,7332,215.903826
1,7333,145.791434
1,7334,172.323669
1,7335,445.364193
1,7336,89.665663
1,7337,443.257329
1,7338,609.441742
1,7339,235.661373
1,7340,89.207202
1,7341,280.213011
1,7342,334.883906
1,7343,105.797556
1,7344,389.362007
1,7345,76.173243
1,7346,331.675962
1,7347,91.218263
1,7348,225.697147
1,7349,555.449978
1,7350,466.427729
1,7351,96.760304
1,7352,229.640896
1,7353,181.828261
1,7354,415.072602
1,7355,90.320545
1,7356,412.721650
1,7357,89.740083
1,7358,308.610576
1,7359,63.203440
1,7360,228.139528
1,7361,187.377121
1,7362,406.464520
1,7363,279.306066
1,7364,63.749369
1,7365,257.027701
1,7366,292.416774
1,7367,382.201056
1,7368,652.006972
1,7369,214.161749
1,7370,373.349487
1,7371,117.463466
1,7372,423.182089
1,7373,204.751729
1,7374,347.831178
1,7375,106.279418
1,7376,351.969754
1,7377,109.476502
1,7378,169.914667
1,7379,356.562514
1,7380,147.370562
1,7381,168.056144
1,7382,196.541406
1,7383,347.752908
1,7384,134.094930
1,7385,229.760559
1,7386,118.107016
1,7387,452.564410
1,7388,211.475824
1,7389,200.176111
1,7390,512.017777
1,7391,181.379221
1,7392,133.612574
1,7393,425.481303
1,7394,404.375480
1,7395,223.111660
1,7396,286.211165
1,7397,119.203292
1,7398,356.823430
1,7399,177.835163
1,7400,268.122424
1,7401,555.556850
1,7402,134.882290
1,7403,176.321585
1,7404,451.027140
1,7405,492.585369
1,7406,177.716608
1,7407,368.947557
1,7408,141.420958
1,7409,301.708421
1,7410,127.965554
1,7411,494.077742
1,7412,572.174044
1,7413,138.439876
1,7414,463.490322
1,7415,137.100104
1,7416,342.322879
1,7417,585.969150
1,7418,463.691259
1,7419,141.656095
1,7420,303.433398
1,7421,266.429370
1,7422,127.850857
1,7423,385.906889
1,7424,120.926008
1,7425,540.406170
1,7426,137.388970
1,7427,493.944748
1,7428,187.221971
1,7429,153.741682
1,7430,407.422880
1,7431,490.351373
1,7432,402.640468
1,7433,112.903655
1,7434,156.509669
1,7435,486.577506
1,7436,372.725832
1,7437,152.900957
1,7438,436.921744
1,7439,239.627231
1,7440,160.225057
1,7441,746.879138
1,7442,174.087076
1,7443,102.978473
1,7444,522.258328
1,7445,304.742625
1,7446,645.811090
1,7447,81.675513
1,7448,435.718375
1,7449,268.268047
1,7450,384.324191
1,7451,103.717379
1,7452,299.375633
1,7453,355.960341
1,7454,363.506842
1,7455,414.202784
1,7456,390.256303
1,7457,81.626119
1,7458,213.537892
1,7459,132.556107
1,7460,327.680993
1,7461,223.410665
1,7462,431.951357
1,7463,116.063272
1,7464,302.787351
1,7465,154.644116
1,7466,490.887632
1,7467,117.501270
1,7468,427.228552
1,7469,359.165590
1,7470,127.973135
1,7471,491.459232
1,7472,303.174467
1,7473,326.328608
1,7474,454.858497
1,7475,111.375368
1,7476,455.044113
1,7477,387.847028
1,7478,309.081214
1,7479,685.359525
1,7480,263.127400
1,7481,419.629442
1,7482,136.318883
1,7483,410.811082
1,7484,324.046802
1,7485,263.875012
1,7486,131.254921
1,7487,410.815824
1,7488,361.210316
1,7489,378.062241
1,7490,345.891159
1,7491,176.618125
1,7492,427.281557
1,7493,320.313176
1,7494,112.857685
1,7495,455.446028
1,7496,325.030591
1,7497,372.804506
1,7498,322.072506
1,7499,448.375739
1,7500,629.441559
1,7501,258.776695
1,7502,108.985471
1,7503,500.593701
1,7504,131.458141
1,7505,360.039015
1,7506,106.002983
1,7507,497.995063
1,7508,104.624964
1,7509,108.191187
1,7510,399.900601
1,7511,548.996544
1,7512,118.746050
1,7513,279.368562
1,7514,114.120376
1,7515,385.451246
1,7516,162.199337
1,7517,220.149479
1,7518,256.893785
1,7519,292.247243
1,7520,379.800180
1,7521,140.854533
1,7522,110.283964
1,7523,151.192636
1,7524,484.022665
1,7525,114.567753
1,7526,365.110512
1,7527,122.873539
1,7528,442.650424
1,7529,142.891461
1,7530,440.682378
1,7531,305.513544
1,7532,499.893159
1,7533,188.983199
1,7534,115.351805
1,7535,482.321207
1,7536,206.469004
1,7537,384.284666
1,7538,273.714750
1,7539,361.082923
1,7540,285.508468
1,7541,0.000000
1,7542,161.351361
1,7543,0.000000
1,7544,488.440211
1,7545,71.563024
1,7546,352.822037
1,7547,334.479238
1,7548,285.372832
1,7549,382.120771
1,7550,328.921626
1,7551,47.739613
1,7552,171.795178
1,7553,281.607996
1,7554,78.907042
1,7555,226.229655
1,7556,203.296088
1,7557,211.799474
1,7558,361.421845
1,7559,575.634330
1,7560,95.381281
1,7561,213.165711
1,7562,364.959102
1,7563,250.710458
1,7564,320.956846
1,7565,68.316771
1,7566,214.191242
1,7567,211.994655
1,7568,97.263636
1,7569,69.839478
1,7570,386.615632
1,7571,89.597720
1,7572,273.958397
1,7573,607.404821
1,7574,66.653040
1,7575,295.672098
1,7576,90.862621
1,7577,334.044539
1,7578,119.190009
1,7579,286.684859
1,7580,88.328474
1,7581,376.923077
1,7582,201.314315
1,7583,321.613961
1,7584,438.647255
1,7585,79.040089
1,7586,118.646591
1,7587,419.321857
1,7588,94.719972
1,7589,166.496879
1,7590,148.824251
1,7591,289.721511
1,7592,289.150142
1,7593,83.899288
1,7594,260.952707
1,7595,148.081015
1,7596,269.537174
1,7597,286.035275
1,7598,109.436105
1,7599,487.512981
1,7600,81.301798
1,7601,233.683655
1,7602,77.880835
1,7603,291.047870
1,7604,238.201467
1,7605,307.152417
1,7606,53.286439
1,7607,197.998759
1,7608,194.698641
1,7609,359.782944
1,7610,70.055021
1,7611,397.078024
1,7612,60.952591
1,7613,342.158241
1,7614,386.667803
1,7615,349.668688
1,7616,190.466967
1,7617,114.518652
1,7618,43.611027
1,7619,351.182255
1,7620,64.937489
1,7621,477.715007
1,7622,215.904094
1,7623,292.914257
1,7624,59.250675
1,7625,264.031920
1,7626,168.477875
1,7627,182.000523
1,7628,306.981249
1,7629,306.010677
1,7630,444.954127
1,7631,30.936493
1,7632,93.574418
1,7633,360.731639
1,7634,362.279156
1,7635,486.239270
1,7636,376.381149
1,7637,427.943764
1,7638,317.544017
1,7639,0.000000
1,7640,373.239652
1,7641,14.395875
1,7642,461.367421
1,7643,177.420243
1,7644,348.291475
1,7645,61.649301
1,7646,176.191472
1,7647,256.681882
1,7648,13.936095
1,7649,206.053386
1,7650,483.604229
1,7651,54.887641
1,7652,378.551551
1,7653,40.811637
1,7654,151.028363
1,7655,373.192026
1,7656,497.886263
1,7657,382.709306
1,7658,190.009477
1,7659,46.479888
1,7660,124.879719
1,7661,47.162689
1,7662,233.245187
1,7663,348.060764
1,7664,335.031350
1,7665,169.211935
1,7666,455.301342
1,7667,41.474714
1,7668,144.784058
1,7669,173.209220
1,7670,299.006075
1,7671,47.273620
1,7672,251.714852
1,7673,48.782279
1,7674,124.762194
1,7675,64.035303
1,7676,264.769773
1,7677,363.875745
1,7678,382.298826
1,7679,421.821747
1,7680,339.716480
1,7681,140.814870
1,7682,117.367616
1,7683,294.289272
1,7684,449.703306
1,7685,494.666684
1,7686,41.084791
1,7687,409.473799
1,7688,15.422032
1,7689,334.765290
1,7690,261.764501
1,7691,16.402893
1,7692,206.115097
1,7693,413.773330
1,7694,190.701971
1,7695,364.235497
1,7696,411.635712
1,7697,392.076221
1,7698,512.860616
1,7699,70.773475
1,7700,139.261552
1,7701,427.517649
1,7702,70.555337
1,7703,160.384291
1,7704,113.684530
1,7705,43.794923
1,7706,406.033116
1,7707,0.000000
1,7708,299.841370
1,7709,261.120587
1,7710,242.597686
1,7711,394.969885
1,7712,436.780574
1,7713,23.979575
1,7714,231.161642
1,7715,91.455637
1,7716,367.893539
1,7717,30.825066
1,7718,321.271339
1,7719,68.159039
1,7720,413.674617
1,7721,521.238490
1,7722,51.482144
1,7723,481.874406
1,7724,362.416220
1,7725,425.874376
1,7726,521.079362
1,7727,418.816023
1,7728,56.786437
1,7729,306.698051
1,7730,49.037064
1,7731,280.117316
1,7732,420.047561
1,7733,42.961227
1,7734,186.610840
1,7735,319.639963
1,7736,132.967406
1,7737,194.062438
1,7738,42.636048
1,7739,788.835026
1,7740,42.230760
1,7741,379.190286
1,7742,74.539050
1,7743,354.179756
1,7744,55.785446
1,7745,173.296781
1,7746,409.241526
1,7747,416.999090
1,7748,41.375937
1,7749,17.773188
1,7750,350.080901
1,7751,37.919246
1,7752,553.117841
1,7753,36.833503
1,7754,171.209593
1,7755,521.881117
1,7756,49.818922
1,7757,429.203586
1,7758,42.441912
1,7759,328.647558
1,7760,144.532167
1,7761,185.560183
1,7762,235.754256
1,7763,251.810756
1,7764,92.865819
1,7765,214.886454
1,7766,365.377658
1,7767,27.401563
1,7768,180.395201
1,7769,189.603029
1,7770,276.591388
1,7771,136.291757
1,7772,31.479840
1,7773,309.910479
1,7774,254.479326
1,7775,46.178297
1,7776,209.723254
1,7777,172.559446
1,7778,313.809439
1,7779,105.930706
1,7780,0.000000
1,7781,344.668460
1,7782,126.783822
1,7783,167.581843
1,7784,217.552464
1,7785,233.391778
1,7786,190.570685
1,7787,379.058456
1,7788,72.340660
1,7789,151.798162
1,7790,7.207307
1,7791,160.005037
1,7792,5.259905
1,7793,200.758021
1,7794,0.000000
1,7795,2.293206
1,7796,277.972113
1,7797,255.329806
1,7798,348.143257
1,7799,285.577725
1,7800,118.663526
1,7801,333.421046
1,7802,0.000000
1,7803,245.685241
1,7804,25.942530
1,7805,160.863855
1,7806,267.675844
1,7807,314.117740
1,7808,98.483388
1,7809,318.609745
1,7810,483.798076
1,7811,173.492676
1,7812,400.735556
1,7813,416.737811
1,7814,341.963630
1,7815,252.827519
1,7816,12.988436
1,7817,353.496092
1,7818,19.156918
1,7819,254.404076
1,7820,369.152404
1,7821,321.358103
1,7822,6.025457
1,7823,406.287550
1,7824,325.989604
1,7825,217.533759
1,7826,276.123406
1,7827,410.851538
1,7828,90.772863
1,7829,43.291736
1,7830,50.603936
1,7831,287.930705
1,7832,241.496008
1,7833,332.711057
1,7834,266.108037
1,7835,403.467057
1,7836,251.846558
1,7837,182.934719
1,7838,482.968727
1,7839,16.594468
1,7840,275.491642
1,7841,375.283414
1,7842,415.120225
1,7843,375.026460
1,7844,453.303200
1,7845,37.408103
1,7846,269.881086
1,7847,471.059004
1,7848,69.400991
1,7849,268.936302
1,7850,470.027885
1,7851,424.114127
1,7852,403.996066
1,7853,371.783944
1,7854,66.948225
1,7855,410.768224
1,7856,328.596879
1,7857,377.273237
1,7858,60.743522
1,7859,185.207779
1,7860,259.440721
1,7861,399.221678
1,7862,366.832754
1,7863,7.412918
1,7864,443.999505
1,7865,34.109325
1,7866,442.644117
1,7867,452.279478
1,7868,441.232373
1,7869,3.264573
1,7870,0.000000
1,7871,318.842222
1,7872,22.578906
1,7873,271.482480
1,7874,151.050974
1,7875,234.374529
1,7876,79.319589
1,7877,339.916478
1,7878,185.109495
1,7879,142.186673
1,7880,0.000000
1,7881,121.355954
1,7882,341.574778
1,7883,71.377335
1,7884,197.431205
1,7885,265.881630
1,7886,128.910202
1,7887,12.766215
1,7888,358.248224
1,7889,493.303875
1,7890,283.386171
1,7891,147.094707
1,7892,123.938909
1,7893,91.145302
1,7894,214.840928
1,7895,281.238721
1,7896,39.047073
1,7897,326.528556
1,7898,31.560678
1,7899,177.599852
1,7900,0.000000
1,7901,95.906274
1,7902,224.858373
1,7903,328.618508
1,7904,188.029946
1,7905,362.348616
1,7906,197.100931
1,7907,96.050850
1,7908,284.795057
1,7909,343.350636
1,7910,166.044504
1,7911,251.720332
1,7912,260.765897
1,7913,401.310329
1,7914,236.708102
1,7915,236.392700
1,7916,31.387118
1,7917,484.026070
1,7918,0.000000
1,7919,261.064634
1,7920,23.439760
1,7921,183.046802
1,7922,144.913390
1,7923,365.487000
1,7924,27.740807
1,7925,204.848414
1,7926,548.029779
1,7927,436.577728
1,7928,364.289267
1,7929,392.965708
1,7930,9.295603
1,7931,475.657281
1,7932,451.766634
1,7933,478.986447
1,7934,357.521655
1,7935,282.601101
1,7936,6.118111
1,7937,25.619750
1,7938,461.831837
1,7939,280.011947
1,7940,411.900764
1,7941,436.828161
1,7942,329.267729
1,7943,414.730300
1,7944,396.900007
1,7945,122.728341
1,7946,402.294534
1,7947,414.994479
1,7948,531.615405
1,7949,389.388630
1,7950,327.575971
1,7951,411.106298
1,7952,53.530051
1,7953,413.373387
1,7954,406.129364
1,7955,455.076716
1,7956,511.526697
1,7957,258.801420
1,7958,284.448685
1,7959,487.733017
1,7960,56.148148
1,7961,181.038945
1,7962,285.824631
1,7963,470.018475
1,7964,477.311299
1,7965,333.089855
1,7966,458.724207
1,7967,377.042064
1,7968,81.474260
1,7969,87.820474
1,7970,514.109663
1,7971,155.780612
1,7972,376.312309
1,7973,496.233369
1,7974,58.706207
1,7975,495.632732
1,7976,79.613691
1,7977,191.297430
1,7978,200.670041
1,7979,329.968925
1,7980,329.522160
1,7981,204.272165
1,7982,312.753275
1,7983,0.000000
1,7984,282.133562
1,7985,309.842258
1,7986,24.116823
1,7987,38.277412
1,7988,470.992037
1,7989,338.832109
1,7990,54.220750
1,7991,380.602397
1,7992,259.525716
1,7993,434.896968
1,7994,38.691776
1,7995,258.959658
1,7996,70.894196
1,7997,473.668275
1,7998,167.827672
1,7999,398.103275
1,8000,388.666651
1,8001,393.700798
1,8002,315.641007
1,8003,489.017931
1,8004,342.310765
1,8005,591.106871
1,8006,443.943019
1,8007,661.002041
1,8008,54.224992
1,8009,272.579701
1,8010,82.795665
1,8011,492.197027
1,8012,510.837049
1,8013,132.315351
1,8014,281.404193
1,8015,67.692335
1,8016,281.313038
1,8017,197.660791
1,8018,230.162951
1,8019,76.209564
1,8020,434.327310
1,8021,75.735818
1,8022,412.663651
1,8023,53.568149
1,8024,74.791034
1,8025,451.578255
1,8026,228.808193
1,8027,423.756481
1,8028,156.558140
1,8029,55.703052
1,8030,177.103945
1,8031,269.108683
1,8032,434.969060
1,8033,25.409549
1,8034,410.435815
1,8035,38.509161
1,8036,49.398093
1,8037,550.126440
1,8038,82.888692
1,8039,513.968046
1,8040,424.414577
1,8041,66.295237
1,8042,355.116704
1,8043,344.271704
1,8044,41.736732
1,8045,209.835850
1,8046,65.451768
1,8047,435.493429
1,8048,493.460661
1,8049,464.113882
1,8050,647.299130
1,8051,224.396016
1,8052,377.842891
1,8053,392.956312
1,8054,305.812413
1,8055,400.308678
1,8056,344.544019
1,8057,257.540067
1,8058,98.687559
1,8059,257.737762
1,8060,273.488612
1,8061,440.874885
1,8062,80.468251
1,8063,259.516624
1,8064,516.402149
1,8065,49.819875
1,8066,515.996861
1,8067,103.760229
1,8068,401.971984
1,8069,365.812814
1,8070,191.396427
1,8071,69.596805
1,8072,273.860478
1,8073,70.758645
1,8074,341.355613
1,8075,245.519983
1,8076,261.395182
1,8077,255.553453
1,8078,20.382815
1,8079,256.244022
1,8080,459.301666
1,8081,301.807464
1,8082,280.001735
1,8083,66.533573
1,8084,209.204114
1,8085,337.320820
1,8086,433.892651
1,8087,419.665481
1,8088,29.462867
1,8089,246.892580
1,8090,373.336544
1,8091,56.528432
1,8092,309.612071
1,8093,37.858225
1,8094,60.629111
1,8095,398.905415
1,8096,58.982602
1,8097,124.893723
1,8098,62.576288
1,8099,254.461116
1,8100,186.437379
1,8101,44.619890
1,8102,225.904668
1,8103,260.512623
1,8104,66.695224
1,8105,404.089887
1,8106,127.169562
1,8107,67.074514
1,8108,404.310512
1,8109,45.506769
1,8110,385.398514
1,8111,470.919015
1,8112,188.177385
1,8113,519.574773
1,8114,66.344046
1,8115,342.769951
1,8116,297.329549
1,8117,481.164760
1,8118,244.692301
1,8119,261.255217
1,8120,433.354812
1,8121,185.071684
1,8122,392.539522
1,8123,63.037100
1,8124,579.220065
1,8125,40.465500
1,8126,61.499407
1,8127,513.957313
1,8128,522.729098
1,8129,214.333202
1,8130,296.532980
1,8131,270.420367
1,8132,574.590584
1,8133,57.260554
1,8134,253.071212
1,8135,88.752235
1,8136,386.550166
1,8137,349.993713
1,8138,165.822859
1,8139,382.061604
1,8140,325.304012
1,8141,237.355441
1,8142,406.635735
1,8143,204.740719
1,8144,538.373828
1,8145,444.191006
1,8146,544.928705
1,8147,506.491058
1,8148,368.691415
1,8149,45.018817
1,8150,400.057841
1,8151,380.371458
1,8152,446.444074
1,8153,475.896942
1,8154,53.615108
1,8155,474.106418
1,8156,402.917715
1,8157,461.643724
1,8158,432.845588
1,8159,614.384548
1,8160,189.923881
1,8161,341.894272
1,8162,378.497462
1,8163,228.418470
1,8164,446.995487
1,8165,514.009452
1,8166,96.019693
1,8167,199.334463
1,8168,0.000000
1,8169,123.805241
1,8170,296.968776
1,8171,193.059346
1,8172,319.131999
1,8173,28.863847
1,8174,8.831118
1,8175,45.163033
1,8176,103.607866
1,8177,247.931639
1,8178,250.452271
1,8179,48.010617
1,8180,195.559035
1,8181,50.115695
1,8182,371.634270
1,8183,178.533845
1,8184,288.532980
1,8185,0.000000
1,8186,293.355505
1,8187,67.266600
1,8188,354.844002
1,8189,59.964209
1,8190,206.084557
1,8191,36.481325
1,8192,356.824344
1,8193,215.398962
1,8194,294.599093
1,8195,293.578442
1,8196,93.214457
1,8197,204.631708
1,8198,68.729912
1,8199,337.248901
1,8200,532.717675
1,8201,0.000000
1,8202,321.516050
1,8203,105.830089
1,8204,92.798391
1,8205,158.160539
1,8206,39.415578
1,8207,91.855350
1,8208,39.172435
1,8209,347.271415
1,8210,61.536132
1,8211,156.199325
1,8212,213.470654
1,8213,353.714734
1,8214,57.722718
1,8215,234.870100
1,8216,122.088851
1,8217,307.671502
1,8218,84.285439
1,8219,208.731646
1,8220,60.811664
1,8221,82.465647
1,8222,348.593527
1,8223,115.649454
1,8224,328.446933
1,8225,163.137820
1,8226,76.555681
1,8227,274.069124
1,8228,344.445182
1,8229,343.706534
1,8230,481.644898
1,8231,170.623438
1,8232,24.350496
1,8233,169.062815
1,8234,339.834938
1,8235,408.268511
1,8236,294.256527
1,8237,41.881183
1,8238,272.567710
1,8239,18.629128
1,8240,290.887003
1,8241,271.200621
1,8242,153.726393
1,8243,373.929979
1,8244,35.825710
1,8245,240.651704
1,8246,1101.180785
1,8247,379.766160
1,8248,28.214953
1,8249,495.862070
1,8250,257.287838
1,8251,149.595635
1,8252,403.822329
1,8253,71.841399
1,8254,253.935430
1,8255,32.279065
1,8256,140.684054
1,8257,98.615054
1,8258,300.557552
1,8259,380.401029
1,8260,45.148441
1,8261,536.238004
1,8262,246.927210
1,8263,0.000000
1,8264,122.770103
1,8265,334.938453
1,8266,0.000000
1,8267,212.370435
1,8268,421.480922
1,8269,0.000000
1,8270,261.709054
1,8271,533.490621
1,8272,426.592268
1,8273,320.944814
1,8274,331.645812
1,8275,38.365303
1,8276,185.913720
1,8277,48.515586
1,8278,361.988955
1,8279,323.367502
1,8280,333.481064
1,8281,342.724665
1,8282,377.193421
1,8283,47.391900
1,8284,282.424923
1,8285,310.032103
1,8286,29.284275
1,8287,338.622470
1,8288,347.179029
1,8289,80.718022
1,8290,256.888687
1,8291,43.382065
1,8292,257.195518
1,8293,214.551535
1,8294,85.476540
1,8295,203.164275
1,8296,50.948237
1,8297,230.089630
1,8298,157.391765
1,8299,347.596568
1,8300,51.876075
1,8301,197.210468
1,8302,396.047069
1,8303,29.871268
1,8304,255.339182
1,8305,419.284602
1,8306,48.318334
1,8307,254.147047
1,8308,245.519916
1,8309,537.924015
1,8310,46.487323
1,8311,219.500323
1,8312,304.886774
1,8313,143.547216
1,8314,109.119006
1,8315,231.288869
1,8316,413.689650
1,8317,413.066083
1,8318,52.087227
1,8319,338.292873
1,8320,50.183482
1,8321,162.555295
1,8322,417.896928
1,8323,40.025451
1,8324,368.332280
1,8325,40.543333
1,8326,149.865213
1,8327,79.106713
1,8328,443.766741
1,8329,33.896175
1,8330,142.379636
1,8331,371.094830
1,8332,410.222636
1,8333,429.089919
1,8334,294.719838
1,8335,93.844877
1,8336,437.108505
1,8337,316.382898
1,8338,481.054754
1,8339,356.927402
1,8340,348.298729
1,8341,509.806486
1,8342,535.713557
1,8343,93.342686
1,8344,403.665937
1,8345,114.993075
1,8346,564.069104
1,8347,113.278362
1,8348,484.217270
1,8349,271.760012
1,8350,571.520312
1,8351,118.280264
1,8352,276.078394
1,8353,566.967591
1,8354,217.913857
1,8355,594.687818
1,8356,446.974593
1,8357,567.769694
1,8358,101.297832
1,8359,490.291520
1,8360,534.086326
1,8361,552.907719
1,8362,125.550232
1,8363,422.822196
1,8364,472.702215
1,8365,281.287903
1,8366,125.952451
1,8367,456.551592
1,8368,441.913301
1,8369,422.842755
1,8370,140.161163
1,8371,571.839494
1,8372,125.199054
1,8373,281.539787
1,8374,571.080512
1,8375,354.525617
1,8376,570.420964
1,8377,125.219236
1,8378,453.854176
1,8379,605.573192
1,8380,102.384874
1,8381,352.072851
1,8382,530.484991
1,8383,399.157067
1,8384,537.481026
1,8385,458.604946
1,8386,99.253476
1,8387,457.444158
1,8388,299.170865
1,8389,292.111366
1,8390,263.948917
1,8391,462.415414
1,8392,95.884604
1,8393,523.844782
1,8394,340.197355
1,8395,124.843175
1,8396,322.899262
1,8397,450.687057
1,8398,203.470292
1,8399,546.149617
1,8400,510.872208
1,8401,397.233695
1,8402,45.682489
1,8403,311.866452
1,8404,170.211595
1,8405,350.007905
1,8406,84.076796
1,8407,515.318249
1,8408,181.600349
1,8409,123.719041
1,8410,151.625635
1,8411,556.725815
1,8412,106.235923
1,8413,83.989171
1,8414,249.228268
1,8415,422.362723
1,8416,722.215080
1,8417,484.026114
1,8418,94.684509
1,8419,524.809304
1,8420,116.661039
1,8421,304.912974
1,8422,241.216849
1,8423,449.442000
1,8424,120.941709
1,8425,537.067841
1,8426,100.202108
1,8427,491.054174
1,8428,277.104147
1,8429,538.174142
1,8430,122.624485
1,8431,368.677727
1,8432,254.509668
1,8433,538.371126
1,8434,101.061687
1,8435,538.194701
1,8436,308.212356
1,8437,444.549817
1,8438,566.796634
1,8439,574.723457
1,8440,119.837618
1,8441,276.116492
1,8442,565.598307
1,8443,95.930044
1,8444,516.852867
1,8445,429.278542
1,8446,477.467198
1,8447,455.872600
1,8448,118.167805
1,8449,486.633388
1,8450,402.834197
1,8451,271.355712
1,8452,569.008374
1,8453,113.818352
1,8454,269.805821
1,8455,559.008216
1,8456,91.971292
1,8457,217.809932
1,8458,519.707101
1,8459,564.538120
1,8460,477.208490
1,8461,469.705188
1,8462,503.305982
1,8463,75.296980
1,8464,539.155856
1,8465,324.670557
1,8466,101.709420
1,8467,416.467208
1,8468,84.486277
1,8469,457.898509
1,8470,247.510645
1,8471,549.029263
1,8472,97.302554
1,8473,256.417462
1,8474,548.463205
1,8475,1353.130181
1,8476,350.695209
1,8477,454.119547
1,8478,180.292220
1,8479,448.641953
1,8480,141.224795
1,8481,360.870959
1,8482,611.646615
1,8483,249.957704
1,8484,122.041765
1,8485,485.097478
1,8486,368.117660
1,8487,632.678203
1,8488,115.663010
1,8489,412.995288
1,8490,598.851111
1,8491,179.245598
1,8492,223.172946
1,8493,252.844675
1,8494,93.407040
1,8495,533.480956
1,8496,570.707673
1,8497,117.549107
1,8498,486.342449
1,8499,376.543095
1,8500,569.900800
1,8501,115.014960
1,8502,271.293835
1,8503,594.978496
1,8504,595.447291
1,8505,595.049529
1,8506,148.226108
1,8507,443.339295
1,8508,477.912789
1,8509,91.778116
1,8510,442.535625
1,8511,346.091845
1,8512,105.438104
1,8513,488.333986
1,8514,279.401357
1,8515,420.190828
1,8516,172.566958
1,8517,274.999142
1,8518,306.773602
1,8519,107.389916
1,8520,559.715463
1,8521,365.405156
1,8522,558.303719
1,8523,566.920999
1,8524,79.362139
1,8525,556.088171
1,8526,80.747590
1,8527,77.073424
1,8528,606.788213
1,8529,357.812416
1,8530,107.210817
1,8531,325.120557
1,8532,302.165048
1,8533,465.644285
1,8534,95.818590
1,8535,70.495529
1,8536,446.689282
1,8537,573.095578
1,8538,429.552410
1,8539,82.421359
1,8540,388.550700
1,8541,96.096698
1,8542,458.648882
1,8543,521.993768
1,8544,409.237355
1,8545,207.365213
1,8546,422.206159
1,8547,147.253719
1,8548,81.494457
1,8549,377.620657
1,8550,79.559714
1,8551,457.331756
1,8552,416.403081
1,8553,531.211593
1,8554,126.798046
1,8555,461.406520
1,8556,389.030799
1,8557,507.964841
1,8558,517.500625
1,8559,83.520837
1,8560,544.108055
1,8561,189.272187
1,8562,527.442005
1,8563,79.663620
1,8564,349.226717
1,8565,465.060287
1,8566,245.982575
1,8567,559.936550
1,8568,499.203459
1,8569,97.220310
1,8570,432.114930
1,8571,471.483974
1,8572,82.474785
1,8573,434.435076
1,8574,595.961113
1,8575,206.854380
1,8576,652.402617
1,8577,214.354015
1,8578,222.198794
1,8579,433.127119
1,8580,232.414494
1,8581,440.780336
1,8582,182.191015
1,8583,481.408860
1,8584,91.521714
1,8585,490.012726
1,8586,372.378446
1,8587,141.784305
1,8588,450.287628
1,8589,113.050917
1,8590,481.961830
1,8591,111.284412
1,8592,283.034923
1,8593,408.041656
1,8594,247.312725
1,8595,118.522745
1,8596,480.760810
1,8597,363.014351
1,8598,626.854555
1,8599,460.908847
1,8600,397.673426
1,8601,111.913103
1,8602,562.494458
1,8603,352.381220
1,8604,276.517326
1,8605,253.597584
1,8606,105.886443
1,8607,438.267964
1,8608,475.330962
1,8609,590.107368
1,8610,36.041212
1,8611,584.406114
1,8612,583.766379
1,8613,117.990683
1,8614,235.203178
1,8615,479.041075
1,8616,101.183223
1,8617,516.145432
1,8618,99.744664
1,8619,271.445131
1,8620,111.221732
1,8621,550.502489
1,8622,460.793217
1,8623,128.778411
1,8624,291.268126
1,8625,157.538406
1,8626,577.168362
1,8627,352.080232
1,8628,507.518095
1,8629,231.418533
1,8630,427.352476
1,8631,89.273867
1,8632,457.377977
1,8633,540.527206
1,8634,93.080609
1,8635,414.758862
1,8636,239.605407
1,8637,536.914466
1,8638,82.981431
1,8639,411.084263
1,8640,562.289025
1,8641,58.603400
1,8642,85.674631
1,8643,531.272404
1,8644,75.707629
1,8645,231.331333
1,8646,520.180464
1,8647,241.387103
1,8648,1009.900252
1,8649,384.208142
1,8650,261.229794
1,8651,361.837300
1,8652,453.345639
1,8653,55.625967
1,8654,38.864896
1,8655,365.109115
1,8656,554.714333
1,8657,70.247988
1,8658,381.080721
1,8659,92.828551
1,8660,504.922214
1,8661,468.926744
1,8662,92.397653
1,8663,245.216895
1,8664,107.587556
1,8665,406.002981
1,8666,477.738508
1,8667,101.783569
1,8668,471.825231
1,8669,258.569640
1,8670,538.794091
1,8671,103.730747
1,8672,401.441615
1,8673,551.303894
1,8674,514.419503
1,8675,242.292731
1,8676,106.017696
1,8677,623.581403
1,8678,379.385485
1,8679,8.964640
1,8680,396.960366
1,8681,300.427729
1,8682,503.813833
1,8683,56.918692
1,8684,219.790362
1,8685,514.848463
1,8686,411.665180
1,8687,197.932134
1,8688,497.225662
1,8689,62.857631
1,8690,208.063394
1,8691,384.665367
1,8692,89.535477
1,8693,297.521668
1,8694,100.851628
1,8695,548.767582
1,8696,129.807981
1,8697,613.755867
1,8698,204.259150
1,8699,187.639362
1,8700,410.710030
1,8701,32.003569
1,8702,279.311305
1,8703,100.512238
1,8704,618.210232
1,8705,81.634492
1,8706,300.960555
1,8707,109.663745
1,8708,398.834147
1,8709,182.394665
1,8710,103.429244
1,8711,180.090190
1,8712,295.259839
1,8713,346.422298
1,8714,135.928204
1,8715,547.726208
1,8716,102.675848
1,8717,509.916833
1,8718,439.350138
1,8719,127.993898
1,8720,353.024890
1,8721,94.797491
1,8722,151.492425
1,8723,515.960279
1,8724,99.838620
1,8725,78.218275
1,8726,410.525989
1,8727,98.364333
1,8728,349.378578
1,8729,153.537445
1,8730,96.707222
1,8731,389.876161
1,8732,453.848946
1,8733,346.434799
1,8734,309.609257
1,8735,298.253790
1,8736,563.455987
1,8737,90.646888
1,8738,536.368066
1,8739,345.757883
1,8740,90.099350
1,8741,570.535222
1,8742,446.947625
1,8743,569.021171
1,8744,163.756574
1,8745,278.207777
1,8746,281.622811
1,8747,380.181825
1,8748,285.432127
1,8749,139.294496
1,8750,270.411025
1,8751,60.199992
1,8752,323.861095
1,8753,79.628553
1,8754,155.438824
1,8755,269.793118
1,8756,202.582641
1,8757,289.986528
1,8758,0.000000
1,8759,181.802208
1,8760,21.569203
1,8761,551.937517
1,8762,24.830026
1,8763,251.619645
1,8764,66.418635
1,8765,360.695939
1,8766,148.617804
1,8767,73.433523
1,8768,153.412698
1,8769,271.523755
1,8770,176.962717
1,8771,117.189487
1,8772,290.964335
1,8773,88.037576
1,8774,332.940849
1,8775,606.666121
1,8776,92.138255
1,8777,171.225128
1,8778,282.350971
1,8779,73.808469
1,8780,511.350407
1,8781,96.296010
1,8782,504.322951
1,8783,550.290184
1,8784,76.088822
1,8785,349.509831
1,8786,385.524293
1,8787,124.558193
1,8788,350.058568
1,8789,92.275199
1,8790,149.390826
1,8791,514.257839
1,8792,98.515432
1,8793,77.255894
1,8794,409.907291
1,8795,98.073393
1,8796,349.400560
1,8797,153.858502
1,8798,97.314412
1,8799,390.757368
1,8800,351.587522
1,8801,96.283292
1,8802,577.060050
1,8803,548.473251
1,8804,73.448931
1,8805,346.093614
1,8806,381.374444
1,8807,451.879625
1,8808,344.555921
1,8809,307.817495
1,8810,296.545999
1,8811,561.829189
1,8812,89.098259
1,8813,534.894930
1,8814,80.398257
1,8815,67.619071
1,8816,331.466290
1,8817,87.414311
1,8818,163.399839
1,8819,277.924316
1,8820,237.849285
1,8821,356.403050
1,8822,140.045873
1,8823,146.235550
1,8824,274.171078
1,8825,187.654295
1,8826,201.784548
1,8827,487.353405
1,8828,79.040959
1,8829,106.945660
1,8830,414.588299
1,8831,481.424015
1,8832,369.740170
1,8833,0.000000
1,8834,387.315052
1,8835,62.418198
1,8836,522.332516
1,8837,277.454121
1,8838,499.971010
1,8839,208.410981
1,8840,423.144745
1,8841,59.584085
1,8842,240.721036
1,8843,338.216663
1,8844,52.833445
1,8845,366.839686
1,8846,79.890162
1,8847,195.270229
1,8848,486.287869
1,8849,539.122267
1,8850,241.083900
1,8851,86.788752
1,8852,534.145333
1,8853,244.922931
1,8854,66.386321
1,8855,386.973644
1,8856,499.500293
1,8857,92.457004
1,8858,443.374948
1,8859,71.572772
1,8860,519.391025
1,8861,118.836071
1,8862,509.363435
1,8863,219.808765
1,8864,264.092402
1,8865,430.973357
1,8866,214.810875
1,8867,292.297139
1,8868,93.435821
1,8869,546.261260
1,8870,93.030533
1,8871,247.853936
1,8872,142.083534
1,8873,171.164703
1,8874,581.187092
1,8875,91.460635
1,8876,342.610242
1,8877,498.134598
1,8878,65.726771
1,8879,542.734110
1,8880,67.664829
1,8881,88.719019
1,8882,492.152251
1,8883,87.633276
1,8884,62.595373
1,8885,291.133923
1,8886,381.365973
1,8887,83.652035
1,8888,322.868825
1,8889,327.314044
1,8890,401.668856
1,8891,364.917513
1,8892,0.000000
1,8893,382.492395
1,8894,39.527223
1,8895,115.323688
1,8896,333.925950
1,8897,337.638120
1,8898,55.550334
1,8899,467.478667
1,8900,175.843519
1,8901,81.835809
1,8902,202.592611
1,8903,324.024692
1,8904,76.679508
1,8905,328.204955
1,8906,455.551054
1,8907,58.361498
1,8908,193.344397
1,8909,251.687391
1,8910,373.434971
1,8911,75.465738
1,8912,336.861151
1,8913,423.243267
1,8914,65.083663
1,8915,101.936121
1,8916,416.667049
1,8917,514.019854
1,8918,148.874464
1,8919,96.620364
1,8920,209.858748
1,8921,287.579159
1,8922,87.348263
1,8923,196.651576
1,8924,426.150700
1,8925,88.870118
1,8926,67.610579
1,8927,242.381466
1,8928,514.437393
1,8929,267.537340
1,8930,540.964856
1,8931,120.516165
1,8932,571.013126
1,8933,494.504076
1,8934,156.705167
1,8935,556.774258
1,8936,84.227333
1,8937,240.374844
1,8938,529.731087
1,8939,205.527305
1,8940,412.929064
1,8941,103.542357
1,8942,498.485513
1,8943,325.606253
1,8944,60.082799
1,8945,216.607315
1,8946,285.080892
1,8947,79.779723
1,8948,532.134907
1,8949,76.863892
1,8950,406.801699
1,8951,290.975620
1,8952,472.198525
1,8953,600.486435
1,8954,74.892730
1,8955,443.120131
1,8956,228.165171
1,8957,488.278909
1,8958,273.386567
1,8959,192.139234
1,8960,420.371145
1,8961,67.805564
1,8962,418.725253
1,8963,67.729915
1,8964,556.237533
1,8965,435.004546
1,8966,63.570501
1,8967,441.445056
1,8968,75.770695
1,8969,349.832121
1,8970,60.022793
1,8971,468.200156
1,8972,303.157660
1,8973,37.717518
1,8974,345.258199
1,8975,253.482287
1,8976,343.820611
1,8977,55.106219
1,8978,345.539611
1,8979,51.594342
1,8980,242.994281
1,8981,61.141686
1,8982,254.915503
1,8983,574.120182
1,8984,48.270322
1,8985,416.248207
1,8986,305.662899
1,8987,498.262487
1,8988,42.644836
1,8989,524.387111
1,8990,379.398162
1,8991,49.213835
1,8992,161.233087
1,8993,501.426254
1,8994,494.622594
1,8995,0.000000
1,8996,360.868653
1,8997,276.894901
1,8998,404.371460
1,8999,128.929211
1,9000,308.832980
1,9001,494.604480
1,9002,171.735396
1,9003,446.674262
1,9004,380.678475
1,9005,274.368487
1,9006,377.878043
1,9007,119.523674
1,9008,335.172371
1,9009,167.610997
1,9010,132.191801
1,9011,308.120426
1,9012,236.463947
1,9013,342.070961
1,9014,475.558938
1,9015,489.324715
1,9016,574.240923
1,9017,171.539105
1,9018,510.014885
1,9019,141.487697
1,9020,327.704482
1,9021,120.603465
1,9022,140.822324
1,9023,347.882789
1,9024,308.545672
1,9025,144.774097
1,9026,438.314914
1,9027,173.826041
1,9028,296.491770
1,9029,519.773349
1,9030,429.786439
1,9031,254.656887
1,9032,170.793902
1,9033,437.307974
1,9034,366.068608
1,9035,411.436896
1,9036,134.554441
1,9037,455.686212
1,9038,435.593856
1,9039,325.511355
1,9040,257.933175
1,9041,284.342216
1,9042,357.177238
1,9043,291.518014
1,9044,242.143535
1,9045,432.164260
1,9046,379.459604
1,9047,113.936149
1,9048,289.981758
1,9049,300.639095
1,9050,330.114142
1,9051,462.010437
1,9052,287.093815
1,9053,151.801467
1,9054,426.423578
1,9055,123.902144
1,9056,137.546039
1,9057,274.334017
1,9058,126.404975
1,9059,358.101681
1,9060,394.956446
1,9061,44.850724
1,9062,170.926459
1,9063,216.312964
1,9064,77.573579
1,9065,297.424261
1,9066,137.159990
1,9067,304.987165
1,9068,86.837856
1,9069,396.334757
1,9070,209.887301
1,9071,114.523409
1,9072,349.857036
1,9073,364.875019
1,9074,102.160765
1,9075,101.221744
1,9076,369.397016
1,9077,269.398019
1,9078,373.686783
1,9079,328.004702
1,9080,286.355171
1,9081,502.501638
1,9082,289.130967
1,9083,110.594357
1,9084,274.493470
1,9085,289.982103
1,9086,486.822623
1,9087,255.750409
1,9088,424.667765
1,9089,306.898233
1,9090,139.753745
1,9091,234.964976
1,9092,116.402004
1,9093,169.027025
1,9094,362.514484
1,9095,470.720311
1,9096,364.653751
1,9097,139.626261
1,9098,249.514082
1,9099,116.087942
1,9100,514.143818
1,9101,136.699790
1,9102,341.045824
1,9103,297.156788
1,9104,360.214831
1,9105,253.980085
1,9106,367.574633
1,9107,399.686870
1,9108,133.931623
1,9109,108.973363
1,9110,409.606502
1,9111,141.033235
1,9112,158.013543
1,9113,382.817313
1,9114,124.372066
1,9115,417.393643
1,9116,123.141692
1,9117,457.843119
1,9118,324.636145
1,9119,338.140511
1,9120,190.011246
1,9121,377.648000
1,9122,57.424887
1,9123,329.323506
1,9124,187.134980
1,9125,274.450745
1,9126,257.400935
1,9127,152.669767
1,9128,449.881452
1,9129,98.484795
1,9130,246.643354
1,9131,323.087773
1,9132,180.809920
1,9133,606.115495
1,9134,114.323260
1,9135,345.926465
1,9136,382.690355
1,9137,128.732932
1,9138,180.102070
1,9139,426.700430
1,9140,221.326963
1,9141,111.578433
1,9142,320.975363
1,9143,326.050512
1,9144,98.168289
1,9145,201.260574
1,9146,86.429213
1,9147,256.878768
1,9148,409.665017
1,9149,228.740668
1,9150,526.399668
1,9151,225.792569
1,9152,530.094826
1,9153,405.657074
1,9154,393.996204
1,9155,359.427503
1,9156,121.455753
1,9157,191.912112
1,9158,283.290119
1,9159,379.916472
1,9160,161.893791
1,9161,327.872213
1,9162,187.801422
1,9163,445.328578
1,9164,419.845108
1,9165,229.835488
1,9166,153.127804
1,9167,111.506888
1,9168,482.638201
1,9169,443.381168
1,9170,111.578635
1,9171,376.445157
1,9172,164.004301
1,9173,428.321490
1,9174,397.921644
1,9175,132.415912
1,9176,442.374229
1,9177,189.775039
1,9178,374.928735
1,9179,109.650552
1,9180,219.734046
1,9181,109.297624
1,9182,574.855606
1,9183,129.578684
1,9184,264.056425
1,9185,310.565470
1,9186,219.950727
1,9187,216.459306
1,9188,422.518945
1,9189,104.880254
1,9190,369.224870
1,9191,265.689856
1,9192,493.605920
1,9193,277.756061
1,9194,235.387729
1,9195,264.059374
1,9196,185.188589
1,9197,439.670199
1,9198,524.586927
1,9199,128.478719
1,9200,393.592411
1,9201,128.254406
1,9202,148.621774
1,9203,368.359420
1,9204,194.273648
1,9205,183.628144
1,9206,177.633155
1,9207,257.230364
1,9208,317.437140
1,9209,87.471416
1,9210,526.765577
1,9211,141.269215
1,9212,478.347043
1,9213,86.927268
1,9214,242.558892
1,9215,153.762200
1,9216,84.253877
1,9217,192.771273
1,9218,130.170923
1,9219,153.860419
1,9220,397.646601
1,9221,80.058628
1,9222,395.765472
1,9223,544.144412
1,9224,210.411940
1,9225,79.649288
1,9226,250.190189
1,9227,299.003487
1,9228,94.462104
1,9229,347.644649
1,9230,68.011824
1,9231,296.139252
1,9232,81.444878
1,9233,201.515310
1,9234,495.937480
1,9235,416.453330
1,9236,86.393128
1,9237,205.036514
1,9238,162.346661
1,9239,370.600538
1,9240,80.643344
1,9241,368.501473
1,9242,80.125074
1,9243,275.545157
1,9244,56.431643
1,9245,203.696007
1,9246,167.301001
1,9247,362.914750
1,9248,249.380416
1,9249,56.919080
1,9250,229.489019
1,9251,261.086405
1,9252,341.250943
1,9253,582.149082
1,9254,191.215848
1,9255,333.347756
1,9256,104.878094
1,9257,377.841151
1,9258,182.814044
1,9259,310.563551
1,9260,94.892337
1,9261,314.258709
1,9262,97.746877
1,9263,151.709524
1,9264,318.359388
1,9265,131.580859
1,9266,150.050128
1,9267,175.483399
1,9268,310.493668
1,9269,119.727616
1,9270,205.143356
1,9271,105.452693
1,9272,404.075366
1,9273,188.817700
1,9274,178.728671
1,9275,457.158729
1,9276,161.945733
1,9277,119.296941
1,9278,379.894021
1,9279,361.049536
1,9280,199.206839
1,9281,255.545683
1,9282,106.431510
1,9283,318.592349
1,9284,158.781396
1,9285,239.395022
1,9286,496.032902
1,9287,120.430616
1,9288,157.429986
1,9289,402.702804
1,9290,439.808365
1,9291,158.675543
1,9292,329.417462
1,9293,126.268712
1,9294,269.382519
1,9295,114.254959
1,9296,441.140841
1,9297,510.869682
1,9298,123.607032
1,9299,413.830645
1,9300,122.410807
1,9301,305.645428
1,9302,523.186741
1,9303,414.010053
1,9304,126.478656
1,9305,270.922677
1,9306,237.883366
1,9307,114.152551
1,9308,344.559723
1,9309,107.969650
1,9310,482.505509
1,9311,122.668723
1,9312,441.022096
1,9313,167.162474
1,9314,137.269359
1,9315,363.770428
1,9316,437.813726
1,9317,359.500418
1,9318,100.806835
1,9319,139.740776
1,9320,434.444202
1,9321,332.790922
1,9322,136.518711
1,9323,390.108700
1,9324,213.952885
1,9325,143.058087
1,9326,666.856374
1,9327,155.434889
1,9328,91.945065
1,9329,466.302079
1,9330,272.091629
1,9331,576.617045
1,9332,72.924565
1,9333,389.034263
1,9334,239.525042
1,9335,343.146599
1,9336,92.604803
1,9337,267.299672
1,9338,317.821733
1,9339,324.559680
1,9340,369.823914
1,9341,348.443128
1,9342,72.880463
1,9343,190.658832
1,9344,118.353667
1,9345,292.572315
1,9346,199.473808
1,9347,385.670855
1,9348,103.627921
1,9349,270.345849
1,9350,138.075103
1,9351,438.292529
1,9352,104.911848
1,9353,381.454065
1,9354,320.683563
1,9355,114.261728
1,9356,438.802886
1,9357,270.691489
1,9358,291.364828
1,9359,406.123658
1,9360,99.442293
1,9361,406.289386
1,9362,346.291990
1,9363,275.965370
1,9364,611.928147
1,9365,234.935178
1,9366,374.669145
1,9367,121.713289
1,9368,366.795609
1,9369,289.327502
1,9370,235.602689
1,9371,117.191894
1,9372,366.799843
1,9373,322.509211
1,9374,337.555573
1,9375,308.831392
1,9376,157.694755
1,9377,381.501390
1,9378,285.993907
1,9379,100.765790
1,9380,406.648239
1,9381,290.205885
1,9382,332.861166
1,9383,287.564737
1,9384,400.335482
1,9385,562.001392
1,9386,231.050621
1,9387,97.308456
1,9388,446.958661
1,9389,117.373340
1,9390,321.463406
1,9391,94.645520
1,9392,444.638449
1,9393,93.415147
1,9394,96.599274
1,9395,357.054108
1,9396,490.175486
1,9397,106.023259
1,9398,249.436216
1,9399,101.893193
1,9400,344.152898
1,9401,144.820836
1,9402,196.562035
1,9403,229.369451
1,9404,260.935038
1,9405,339.107304
1,9406,125.762976
1,9407,98.467825
1,9408,134.993425
1,9409,432.163094
1,9410,102.292636
1,9411,325.991528
1,9412,109.708517
1,9413,395.223593
1,9414,127.581662
1,9415,393.466409
1,9416,272.779950
1,9417,446.333177
1,9418,168.734999
1,9419,102.992683
1,9420,430.643935
1,9421,184.347325
1,9422,343.111309
1,9423,244.388169
1,9424,322.395467
