subtaskID,datapointID,answer
1,0,326.359157
1,1,66.370833
1,2,175.121721
1,3,1.348409
1,4,450.636070
1,5,75.205440
1,6,304.219689
1,7,291.250402
1,8,273.720459
1,9,306.218158
1,10,271.045963
1,11,43.878490
1,12,166.460671
1,13,258.520648
1,14,77.424137
1,15,244.679848
1,16,202.995671
1,17,214.190483
1,18,329.477355
1,19,507.987551
1,20,118.921101
1,21,229.900900
1,22,314.854735
1,23,247.077552
1,24,276.426437
1,25,82.044855
1,26,190.308804
1,27,192.102240
1,28,95.286389
1,29,47.990300
1,30,354.652306
1,31,88.646109
1,32,206.514354
1,33,490.806466
1,34,47.321700
1,35,302.067559
1,36,114.190237
1,37,291.952197
1,38,99.530855
1,39,229.035883
1,40,81.579645
1,41,365.371986
1,42,178.300244
1,43,263.969224
1,44,373.657916
1,45,106.556625
1,46,90.383981
1,47,343.298168
1,48,97.060826
1,49,159.835762
1,50,157.977041
1,51,273.446809
1,52,241.640815
1,53,86.130983
1,54,246.059226
1,55,131.932575
1,56,248.285981
1,57,232.577635
1,58,118.002175
1,59,445.854080
1,60,78.282945
1,61,221.442166
1,62,77.123196
1,63,302.631354
1,64,205.360005
1,65,253.774252
1,66,74.127398
1,67,189.143089
1,68,191.317584
1,69,332.879070
1,70,79.267482
1,71,311.737930
1,72,79.484823
1,73,309.178563
1,74,309.129816
1,75,286.986123
1,76,170.356375
1,77,122.199299
1,78,38.684917
1,79,332.071459
1,80,77.166899
1,81,448.317341
1,82,264.834633
1,83,295.379257
1,84,83.206476
1,85,262.363445
1,86,145.226433
1,87,223.343820
1,88,292.261334
1,89,275.658497
1,90,377.633558
1,91,71.520887
1,92,97.552814
1,93,353.993020
1,94,397.118818
1,95,491.708437
1,96,369.398424
1,97,429.805380
1,98,323.873363
1,99,31.775660
1,100,347.849291
1,101,66.417768
1,102,384.433303
1,103,222.247581
1,104,341.503447
1,105,128.285453
1,106,142.504786
1,107,259.941438
1,108,54.831094
1,109,212.048063
1,110,441.567953
1,111,80.307150
1,112,388.772554
1,113,72.349161
1,114,186.949723
1,115,399.331603
1,116,428.276528
1,117,364.944982
1,118,219.719462
1,119,89.605126
1,120,159.296126
1,121,68.504216
1,122,215.169872
1,123,300.675582
1,124,384.596682
1,125,183.910114
1,126,443.577971
1,127,87.072529
1,128,152.211155
1,129,194.752234
1,130,284.009560
1,131,63.935032
1,132,249.589782
1,133,62.424213
1,134,129.760970
1,135,62.266376
1,136,223.843896
1,137,300.071632
1,138,345.150603
1,139,381.232614
1,140,323.507721
1,141,164.223784
1,142,112.902746
1,143,305.868534
1,144,364.196838
1,145,388.178606
1,146,61.375456
1,147,348.974313
1,148,17.643994
1,149,317.069921
1,150,237.688057
1,151,56.262995
1,152,199.461081
1,153,340.876956
1,154,233.379822
1,155,321.691500
1,156,374.142904
1,157,383.721679
1,158,421.049815
1,159,79.928459
1,160,137.247711
1,161,356.984158
1,162,118.805484
1,163,211.026274
1,164,141.618782
1,165,96.365047
1,166,349.433118
1,167,36.911606
1,168,316.835126
1,169,250.505813
1,170,225.413492
1,171,335.350176
1,172,416.964093
1,173,51.514701
1,174,224.342665
1,175,106.222793
1,176,304.066226
1,177,62.511969
1,178,285.849856
1,179,122.246619
1,180,338.767700
1,181,320.037384
1,182,81.753882
1,183,416.761107
1,184,366.772360
1,185,370.195191
1,186,430.796415
1,187,376.422167
1,188,75.510916
1,189,258.233101
1,190,68.064698
1,191,247.757884
1,192,355.115934
1,193,67.299427
1,194,171.814049
1,195,298.202954
1,196,125.897728
1,197,172.034429
1,198,59.331702
1,199,682.958490
1,200,63.382273
1,201,326.783792
1,202,115.161942
1,203,288.709053
1,204,68.024057
1,205,170.543206
1,206,355.390131
1,207,347.753906
1,208,65.136632
1,209,35.871333
1,210,290.965102
1,211,56.663728
1,212,370.013178
1,213,69.086178
1,214,178.688381
1,215,485.329801
1,216,63.424829
1,217,359.525698
1,218,54.269324
1,219,274.904978
1,220,180.328265
1,221,221.475900
1,222,253.674288
1,223,259.549354
1,224,135.066744
1,225,197.678993
1,226,373.759292
1,227,48.514965
1,228,181.060716
1,229,183.769342
1,230,257.854031
1,231,152.800128
1,232,69.769245
1,233,302.351314
1,234,233.229879
1,235,51.594610
1,236,185.717563
1,237,171.961045
1,238,272.071631
1,239,115.601167
1,240,40.355602
1,241,316.468308
1,242,148.837526
1,243,187.612452
1,244,222.121363
1,245,247.915632
1,246,186.801606
1,247,315.392285
1,248,94.260643
1,249,140.215258
1,250,48.940856
1,251,168.395316
1,252,43.173753
1,253,209.951211
1,254,33.766331
1,255,56.146763
1,256,261.688295
1,257,273.823189
1,258,325.739930
1,259,333.585426
1,260,137.291535
1,261,287.863308
1,262,48.476976
1,263,274.251496
1,264,105.921334
1,265,180.025870
1,266,249.129926
1,267,406.160929
1,268,194.291903
1,269,279.820259
1,270,415.175752
1,271,233.756915
1,272,432.183737
1,273,370.539619
1,274,313.414735
1,275,220.331954
1,276,44.581761
1,277,310.195027
1,278,50.817138
1,279,241.520407
1,280,325.120556
1,281,295.726661
1,282,39.882090
1,283,331.447536
1,284,295.608606
1,285,250.824652
1,286,273.989778
1,287,359.785970
1,288,99.298134
1,289,66.840760
1,290,88.037969
1,291,262.832516
1,292,224.281611
1,293,299.503386
1,294,244.668084
1,295,347.448544
1,296,258.637710
1,297,195.613029
1,298,450.062609
1,299,75.415140
1,300,279.145713
1,301,334.727399
1,302,357.042823
1,303,340.868179
1,304,362.652502
1,305,57.107155
1,306,229.553589
1,307,415.638378
1,308,98.886000
1,309,229.079607
1,310,490.031912
1,311,435.142291
1,312,406.425767
1,313,332.362491
1,314,100.439813
1,315,361.348215
1,316,299.245330
1,317,308.467635
1,318,66.160011
1,319,167.529389
1,320,237.355833
1,321,332.096024
1,322,307.988618
1,323,49.603871
1,324,374.215328
1,325,75.138136
1,326,413.427398
1,327,445.394232
1,328,416.253673
1,329,38.422972
1,330,14.335791
1,331,297.366839
1,332,55.517936
1,333,247.411952
1,334,187.891645
1,335,261.963797
1,336,129.575836
1,337,327.067193
1,338,221.466507
1,339,189.515811
1,340,31.775660
1,341,160.071663
1,342,294.484353
1,343,117.232780
1,344,196.324040
1,345,232.004432
1,346,154.072475
1,347,76.084228
1,348,305.307277
1,349,374.214222
1,350,236.963363
1,351,156.201894
1,352,141.323564
1,353,110.074881
1,354,224.884507
1,355,270.294750
1,356,53.556549
1,357,293.413238
1,358,47.980044
1,359,176.573515
1,360,7.258690
1,361,105.898740
1,362,241.024303
1,363,332.177872
1,364,215.878606
1,365,311.892386
1,366,200.836825
1,367,122.072957
1,368,261.653474
1,369,290.143120
1,370,147.215573
1,371,239.479179
1,372,239.996234
1,373,355.239835
1,374,226.607828
1,375,237.941715
1,376,63.429062
1,377,434.240776
1,378,27.049801
1,379,264.358001
1,380,52.064655
1,381,199.793879
1,382,139.331713
1,383,332.079460
1,384,48.046792
1,385,205.701726
1,386,671.628819
1,387,575.186709
1,388,351.414690
1,389,409.091474
1,390,19.465671
1,391,478.983671
1,392,397.333860
1,393,425.398524
1,394,331.212230
1,395,283.260856
1,396,45.224043
1,397,71.668701
1,398,504.965203
1,399,267.676976
1,400,405.698692
1,401,446.987004
1,402,408.824375
1,403,396.620333
1,404,387.111421
1,405,97.710175
1,406,390.366079
1,407,294.917184
1,408,592.978177
1,409,430.289715
1,410,340.705597
1,411,407.436158
1,412,69.080173
1,413,368.666987
1,414,348.426304
1,415,410.742089
1,416,554.055240
1,417,245.660402
1,418,229.653299
1,419,410.463130
1,420,31.451163
1,421,179.398851
1,422,328.486368
1,423,391.594367
1,424,397.140975
1,425,291.572547
1,426,379.233109
1,427,363.615820
1,428,102.074799
1,429,109.172840
1,430,552.387009
1,431,150.621019
1,432,378.055181
1,433,457.426184
1,434,68.984122
1,435,426.926637
1,436,82.547037
1,437,173.397332
1,438,172.449851
1,439,273.621323
1,440,305.582163
1,441,179.835792
1,442,331.221489
1,443,43.636298
1,444,274.904057
1,445,338.100416
1,446,62.221234
1,447,89.208560
1,448,554.936221
1,449,338.667919
1,450,61.026670
1,451,406.975503
1,452,296.170564
1,453,420.268929
1,454,56.362635
1,455,238.159089
1,456,77.510106
1,457,398.161577
1,458,170.139190
1,459,376.496428
1,460,328.930208
1,461,363.923763
1,462,287.180155
1,463,494.428847
1,464,339.005825
1,465,527.663461
1,466,390.104227
1,467,618.659129
1,468,63.963136
1,469,219.385938
1,470,99.639599
1,471,435.268849
1,472,488.815436
1,473,102.966661
1,474,252.434425
1,475,79.086646
1,476,230.668274
1,477,194.001394
1,478,205.210619
1,479,81.048378
1,480,364.973993
1,481,85.812786
1,482,339.541356
1,483,71.699098
1,484,97.549660
1,485,418.499084
1,486,259.013225
1,487,384.254324
1,488,257.381887
1,489,108.330147
1,490,185.836759
1,491,276.547203
1,492,390.628674
1,493,63.155535
1,494,411.106030
1,495,67.016469
1,496,67.183412
1,497,445.281962
1,498,111.722112
1,499,381.486823
1,500,360.596381
1,501,84.623093
1,502,299.222590
1,503,294.156875
1,504,30.116081
1,505,236.482773
1,506,74.662234
1,507,401.183572
1,508,460.984718
1,509,392.812815
1,510,486.432336
1,511,245.581886
1,512,315.341037
1,513,347.768754
1,514,331.544475
1,515,362.093984
1,516,319.148186
1,517,254.635605
1,518,92.706695
1,519,233.826506
1,520,305.389155
1,521,374.350072
1,522,85.275812
1,523,207.589078
1,524,402.116965
1,525,81.760521
1,526,484.112537
1,527,134.090753
1,528,336.960397
1,529,332.960465
1,530,181.448539
1,531,70.980843
1,532,269.975652
1,533,74.307425
1,534,305.891037
1,535,210.615957
1,536,277.263289
1,537,266.691554
1,538,49.471392
1,539,234.286922
1,540,456.809796
1,541,293.830051
1,542,265.421841
1,543,97.868859
1,544,212.231015
1,545,306.308315
1,546,375.435207
1,547,388.246026
1,548,21.394103
1,549,227.569615
1,550,343.073736
1,551,65.745423
1,552,280.215415
1,553,52.614429
1,554,81.195757
1,555,337.088854
1,556,60.257694
1,557,156.380540
1,558,85.968345
1,559,228.243047
1,560,192.494484
1,561,66.542329
1,562,170.442249
1,563,231.270584
1,564,89.248888
1,565,368.900305
1,566,101.570222
1,567,114.111908
1,568,403.440866
1,569,68.079566
1,570,400.155218
1,571,503.832229
1,572,189.269408
1,573,503.227034
1,574,86.729583
1,575,315.800978
1,576,295.368623
1,577,519.324685
1,578,250.178293
1,579,255.587550
1,580,331.221059
1,581,198.696922
1,582,323.937988
1,583,84.989924
1,584,613.843169
1,585,68.928144
1,586,72.979420
1,587,490.269487
1,588,471.477905
1,589,206.909988
1,590,314.894522
1,591,269.867434
1,592,573.782684
1,593,78.424321
1,594,290.024682
1,595,112.533565
1,596,340.781223
1,597,314.817188
1,598,182.924827
1,599,298.067610
1,600,302.665371
1,601,199.731856
1,602,369.039988
1,603,248.732068
1,604,550.317211
1,605,355.149943
1,606,561.583861
1,607,446.486016
1,608,329.524727
1,609,73.810088
1,610,353.116234
1,611,322.875423
1,612,382.830889
1,613,408.033560
1,614,61.397609
1,615,388.649152
1,616,361.503494
1,617,371.746567
1,618,396.718508
1,619,497.413383
1,620,232.781522
1,621,312.393410
1,622,365.676040
1,623,159.868528
1,624,371.642680
1,625,322.741735
1,626,165.249063
1,627,235.177617
1,628,31.775660
1,629,152.994448
1,630,296.538236
1,631,223.317249
1,632,267.504272
1,633,60.706729
1,634,13.627068
1,635,60.708897
1,636,148.847957
1,637,279.842293
1,638,244.114263
1,639,68.766116
1,640,202.238216
1,641,70.555659
1,642,314.240617
1,643,158.412403
1,644,229.799529
1,645,1.348409
1,646,222.842391
1,647,87.162875
1,648,299.248561
1,649,76.369446
1,650,201.874733
1,651,33.753306
1,652,311.733599
1,653,213.277084
1,654,254.210711
1,655,267.988958
1,656,89.655400
1,657,180.722290
1,658,81.360007
1,659,314.972930
1,660,431.154580
1,661,1.348409
1,662,247.442213
1,663,149.286487
1,664,77.428981
1,665,141.923292
1,666,65.275700
1,667,99.187148
1,668,27.907156
1,669,273.997432
1,670,61.153844
1,671,140.991734
1,672,235.051181
1,673,326.240096
1,674,75.776927
1,675,226.830277
1,676,98.782374
1,677,276.583239
1,678,76.538474
1,679,205.469358
1,680,70.968414
1,681,77.108399
1,682,274.258741
1,683,123.199778
1,684,289.197429
1,685,190.168924
1,686,75.990033
1,687,251.300090
1,688,296.589089
1,689,320.075109
1,690,409.796601
1,691,149.071674
1,692,69.874641
1,693,154.598664
1,694,311.365623
1,695,371.241009
1,696,257.197986
1,697,64.271017
1,698,256.288853
1,699,47.983881
1,700,251.599350
1,701,241.057159
1,702,153.925850
1,703,341.213273
1,704,62.757458
1,705,280.075808
1,706,1179.996276
1,707,327.710596
1,708,49.633962
1,709,377.031712
1,710,198.641319
1,711,133.802274
1,712,341.668043
1,713,64.364565
1,714,221.680414
1,715,76.080061
1,716,184.397112
1,717,127.744838
1,718,363.775164
1,719,356.699506
1,720,86.315038
1,721,454.443220
1,722,290.074048
1,723,36.907620
1,724,184.803964
1,725,337.834436
1,726,2.937347
1,727,222.349740
1,728,368.127999
1,729,2.476826
1,730,275.728920
1,731,539.283213
1,732,425.732296
1,733,302.708279
1,734,310.721730
1,735,63.265418
1,736,219.151244
1,737,72.554112
1,738,402.170919
1,739,281.097093
1,740,313.965104
1,741,326.370082
1,742,444.022520
1,743,86.509183
1,744,229.066997
1,745,261.331325
1,746,60.618550
1,747,322.824582
1,748,291.380144
1,749,74.256579
1,750,220.143557
1,751,63.125528
1,752,222.633403
1,753,196.113801
1,754,103.877321
1,755,168.627387
1,756,65.998681
1,757,192.682895
1,758,134.925674
1,759,343.523905
1,760,60.279102
1,761,243.479931
1,762,356.128073
1,763,22.713149
1,764,204.500304
1,765,341.049347
1,766,60.273858
1,767,233.845244
1,768,213.770180
1,769,430.982333
1,770,78.276974
1,771,212.082327
1,772,277.358563
1,773,132.537299
1,774,131.941115
1,775,213.701271
1,776,361.923533
1,777,331.915456
1,778,64.624088
1,779,297.948790
1,780,73.578535
1,781,175.546624
1,782,368.538298
1,783,69.980142
1,784,305.132986
1,785,52.839352
1,786,153.254572
1,787,75.853868
1,788,393.792793
1,789,55.207495
1,790,124.080839
1,791,314.994647
1,792,373.425358
1,793,373.547273
1,794,605.788386
1,795,8.954721
1,796,331.459077
1,797,235.215433
1,798,358.828707
1,799,83.217459
1,800,329.291367
1,801,481.144254
1,802,108.619280
1,803,549.352057
1,804,395.513323
1,805,236.184175
1,806,391.717629
1,807,82.097227
1,808,370.853818
1,809,172.158801
1,810,92.423919
1,811,239.282313
1,812,209.917909
1,813,296.093190
1,814,454.090612
1,815,480.543438
1,816,484.292295
1,817,132.407075
1,818,603.890420
1,819,107.778252
1,820,291.365560
1,821,94.285672
1,822,112.220317
1,823,294.802226
1,824,235.694791
1,825,88.577391
1,826,401.064048
1,827,129.125365
1,828,247.044162
1,829,802.043239
1,830,413.793231
1,831,227.458780
1,832,122.101839
1,833,605.495500
1,834,345.057768
1,835,413.813896
1,836,97.003441
1,837,508.478676
1,838,374.742883
1,839,273.947829
1,840,218.805362
1,841,330.458515
1,842,346.264274
1,843,301.241980
1,844,210.546423
1,845,437.188734
1,846,372.440487
1,847,80.977083
1,848,255.783468
1,849,294.674412
1,850,316.271388
1,851,411.671180
1,852,278.938119
1,853,107.878786
1,854,395.243016
1,855,89.883421
1,856,121.420506
1,857,295.600287
1,858,96.614504
1,859,326.995507
1,860,381.956931
1,861,43.251995
1,862,191.661750
1,863,240.388060
1,864,71.694393
1,865,246.293166
1,866,157.256823
1,867,290.714775
1,868,95.870734
1,869,561.890806
1,870,214.159018
1,871,95.670528
1,872,360.997822
1,873,324.427797
1,874,90.011452
1,875,64.634245
1,876,328.358944
1,877,246.013245
1,878,373.971115
1,879,289.514687
1,880,229.691395
1,881,413.558375
1,882,271.691394
1,883,47.439569
1,884,241.657532
1,885,284.793164
1,886,459.100821
1,887,184.266948
1,888,476.248798
1,889,310.296468
1,890,96.138239
1,891,191.931147
1,892,84.142839
1,893,186.886875
1,894,443.426974
1,895,463.430496
1,896,345.755899
1,897,92.413337
1,898,245.956140
1,899,58.059970
1,900,517.474863
1,901,95.781182
1,902,301.186746
1,903,274.852031
1,904,316.517240
1,905,187.298995
1,906,350.991898
1,907,418.281047
1,908,93.945015
1,909,58.857784
1,910,404.949436
1,911,97.077962
1,912,171.783429
1,913,325.077973
1,914,86.759624
1,915,436.589249
1,916,84.697000
1,917,448.417845
1,918,265.751350
1,919,279.334052
1,920,148.389992
1,921,355.378099
1,922,51.556992
1,923,473.386525
1,924,153.400118
1,925,252.731880
1,926,260.667702
1,927,111.043008
1,928,553.160949
1,929,77.892524
1,930,265.103805
1,931,351.353397
1,932,149.096085
1,933,590.970145
1,934,87.535101
1,935,305.753190
1,936,364.266737
1,937,135.399034
1,938,185.017833
1,939,386.147920
1,940,186.307828
1,941,101.182219
1,942,317.295464
1,943,302.377604
1,944,95.345183
1,945,162.065618
1,946,65.684677
1,947,340.489029
1,948,384.967125
1,949,216.861142
1,950,553.355712
1,951,191.528622
1,952,470.882408
1,953,410.985346
1,954,482.872497
1,955,361.272045
1,956,94.638706
1,957,211.227030
1,958,288.610429
1,959,316.709841
1,960,106.390145
1,961,332.064203
1,962,184.663746
1,963,415.571940
1,964,342.824380
1,965,228.820036
1,966,115.830429
1,967,119.390978
1,968,463.781527
1,969,375.851147
1,970,79.980026
1,971,364.845249
1,972,115.319636
1,973,507.559840
1,974,409.247038
1,975,100.312221
1,976,406.984244
1,977,114.064977
1,978,363.403520
1,979,86.785861
1,980,280.185302
1,981,55.143108
1,982,620.535799
1,983,86.864259
1,984,240.256257
1,985,245.040941
1,986,204.869433
1,987,224.693007
1,988,451.477988
1,989,75.654826
1,990,466.511157
1,991,224.794811
1,992,474.673940
1,993,312.288558
1,994,230.595561
1,995,215.891725
1,996,160.097173
1,997,412.267000
1,998,598.192606
1,999,120.773272
1,1000,416.185424
1,1001,104.760554
1,1002,162.947164
1,1003,489.239072
1,1004,170.256003
1,1005,159.735888
1,1006,174.240837
1,1007,186.848589
1,1008,273.674781
1,1009,61.189410
1,1010,450.590784
1,1011,121.610413
1,1012,559.431661
1,1013,77.425257
1,1014,243.298152
1,1015,87.326688
1,1016,75.917099
1,1017,170.474855
1,1018,102.654697
1,1019,111.756683
1,1020,342.612866
1,1021,32.493650
1,1022,308.864067
1,1023,458.611103
1,1024,184.288291
1,1025,86.674657
1,1026,349.591103
1,1027,293.660129
1,1028,68.058723
1,1029,329.497526
1,1030,39.905015
1,1031,316.465802
1,1032,81.157187
1,1033,209.171057
1,1034,571.774548
1,1035,384.001551
1,1036,71.948484
1,1037,162.275314
1,1038,142.716921
1,1039,375.849286
1,1040,61.125643
1,1041,427.886093
1,1042,65.564457
1,1043,320.046377
1,1044,89.103540
1,1045,247.782538
1,1046,176.018789
1,1047,340.313948
1,1048,305.603002
1,1049,67.563136
1,1050,198.942550
1,1051,306.857327
1,1052,310.502527
1,1053,516.854396
1,1054,195.050732
1,1055,335.930650
1,1056,82.029040
1,1057,397.387100
1,1058,173.690898
1,1059,423.656739
1,1060,44.440132
1,1061,307.046937
1,1062,80.957941
1,1063,100.419051
1,1064,267.328089
1,1065,102.281961
1,1066,110.683879
1,1067,152.069373
1,1068,280.176159
1,1069,84.863363
1,1070,213.957969
1,1071,82.182629
1,1072,371.534159
1,1073,148.558678
1,1074,171.981182
1,1075,431.694650
1,1076,137.666797
1,1077,90.635467
1,1078,394.322304
1,1079,396.844643
1,1080,189.906473
1,1081,276.791069
1,1082,94.601276
1,1083,303.351113
1,1084,178.458655
1,1085,194.337973
1,1086,545.164623
1,1087,85.715128
1,1088,182.285569
1,1089,480.920493
1,1090,405.057797
1,1091,113.076599
1,1092,282.428290
1,1093,82.989430
1,1094,293.201022
1,1095,123.436500
1,1096,436.118372
1,1097,568.366489
1,1098,151.426831
1,1099,360.430193
1,1100,106.873747
1,1101,278.421750
1,1102,425.368530
1,1103,498.229870
1,1104,86.286559
1,1105,288.680965
1,1106,172.536089
1,1107,72.091366
1,1108,333.224183
1,1109,81.470501
1,1110,425.418493
1,1111,116.335782
1,1112,436.352037
1,1113,141.854545
1,1114,131.045528
1,1115,321.887378
1,1116,493.957642
1,1117,356.517780
1,1118,93.645742
1,1119,153.426037
1,1120,415.881703
1,1121,316.997155
1,1122,117.532657
1,1123,395.733413
1,1124,221.064538
1,1125,105.320251
1,1126,820.881268
1,1127,149.466804
1,1128,94.548335
1,1129,500.834632
1,1130,294.369622
1,1131,545.773714
1,1132,59.567606
1,1133,398.970754
1,1134,236.334069
1,1135,372.069269
1,1136,93.819468
1,1137,263.881518
1,1138,314.209009
1,1139,376.435550
1,1140,386.037867
1,1141,343.887531
1,1142,64.126640
1,1143,191.724209
1,1144,102.195075
1,1145,262.272529
1,1146,186.806200
1,1147,370.580005
1,1148,95.301538
1,1149,228.633617
1,1150,106.045803
1,1151,344.523825
1,1152,80.040466
1,1153,324.460152
1,1154,245.320440
1,1155,90.355013
1,1156,416.020486
1,1157,216.728746
1,1158,225.336885
1,1159,390.759397
1,1160,53.384387
1,1161,349.350673
1,1162,319.408478
1,1163,278.579062
1,1164,624.632717
1,1165,188.856742
1,1166,355.010502
1,1167,103.845554
1,1168,388.037346
1,1169,281.948622
1,1170,206.716921
1,1171,94.045532
1,1172,330.600691
1,1173,259.016816
1,1174,282.656501
1,1175,238.998759
1,1176,102.815569
1,1177,314.415614
1,1178,248.806330
1,1179,49.808075
1,1180,367.693151
1,1181,246.096743
1,1182,271.004924
1,1183,236.140063
1,1184,318.045159
1,1185,462.062594
1,1186,191.405213
1,1187,50.665952
1,1188,495.271201
1,1189,92.178920
1,1190,456.139154
1,1191,72.869451
1,1192,398.766047
1,1193,67.687219
1,1194,95.467458
1,1195,349.315889
1,1196,388.282598
1,1197,79.747028
1,1198,213.489864
1,1199,83.316255
1,1200,274.181918
1,1201,138.750736
1,1202,149.135456
1,1203,178.790833
1,1204,292.563450
1,1205,410.447604
1,1206,92.264174
1,1207,148.813591
1,1208,138.425392
1,1209,472.674806
1,1210,87.319748
1,1211,475.702558
1,1212,105.253761
1,1213,467.710413
1,1214,107.270616
1,1215,320.699553
1,1216,250.170188
1,1217,545.789261
1,1218,155.343369
1,1219,92.279171
1,1220,450.101421
1,1221,151.926336
1,1222,449.283211
1,1223,259.690115
1,1224,288.254508
1,1225,256.717726
1,1226,79.702101
1,1227,348.775927
1,1228,239.874592
1,1229,418.101065
1,1230,324.857448
1,1231,370.238798
1,1232,507.371436
1,1233,517.423293
1,1234,77.242599
1,1235,375.921033
1,1236,80.414441
1,1237,509.349249
1,1238,89.087097
1,1239,413.330428
1,1240,241.634288
1,1241,533.364271
1,1242,85.027055
1,1243,263.647147
1,1244,491.042170
1,1245,149.337972
1,1246,560.211507
1,1247,581.361615
1,1248,591.227565
1,1249,46.913160
1,1250,458.036958
1,1251,494.647348
1,1252,556.374763
1,1253,94.702261
1,1254,443.893075
1,1255,411.389216
1,1256,248.852934
1,1257,97.820377
1,1258,438.300181
1,1259,435.193352
1,1260,377.380381
1,1261,104.735519
1,1262,531.738870
1,1263,94.620075
1,1264,312.513567
1,1265,530.841599
1,1266,326.854105
1,1267,554.547710
1,1268,111.781276
1,1269,460.994490
1,1270,529.987392
1,1271,80.795965
1,1272,378.298229
1,1273,604.001171
1,1274,430.323012
1,1275,549.330930
1,1276,434.846447
1,1277,95.329031
1,1278,402.061876
1,1279,270.101681
1,1280,235.043980
1,1281,257.817943
1,1282,397.007014
1,1283,63.448935
1,1284,441.914156
1,1285,325.933743
1,1286,107.306099
1,1287,308.449253
1,1288,395.153416
1,1289,177.783323
1,1290,492.686241
1,1291,513.093560
1,1292,384.962640
1,1293,67.316518
1,1294,274.830312
1,1295,165.494258
1,1296,323.442819
1,1297,64.894884
1,1298,498.593307
1,1299,161.763634
1,1300,115.419490
1,1301,104.852891
1,1302,498.870219
1,1303,83.293685
1,1304,46.893066
1,1305,213.838737
1,1306,376.554339
1,1307,842.723293
1,1308,538.462226
1,1309,77.452782
1,1310,540.541816
1,1311,90.016094
1,1312,256.058520
1,1313,210.489270
1,1314,566.186852
1,1315,108.592027
1,1316,606.873424
1,1317,84.503554
1,1318,465.001944
1,1319,269.743501
1,1320,451.856816
1,1321,101.330921
1,1322,295.454504
1,1323,190.747499
1,1324,527.305296
1,1325,107.162793
1,1326,535.839239
1,1327,243.444668
1,1328,347.494021
1,1329,481.959347
1,1330,516.271067
1,1331,93.556361
1,1332,254.101900
1,1333,501.962715
1,1334,46.188655
1,1335,450.491103
1,1336,371.973369
1,1337,399.370259
1,1338,398.640703
1,1339,98.329540
1,1340,423.530678
1,1341,370.470168
1,1342,241.906692
1,1343,548.178810
1,1344,96.312417
1,1345,235.813976
1,1346,515.230090
1,1347,79.630464
1,1348,238.751102
1,1349,487.484467
1,1350,533.117754
1,1351,450.939556
1,1352,444.080744
1,1353,433.983555
1,1354,100.034443
1,1355,353.491169
1,1356,348.046797
1,1357,83.013818
1,1358,437.284497
1,1359,59.748519
1,1360,455.392026
1,1361,242.888024
1,1362,504.900849
1,1363,74.301512
1,1364,244.926962
1,1365,470.887108
1,1366,996.603296
1,1367,376.272490
1,1368,417.296721
1,1369,137.483880
1,1370,464.089941
1,1371,106.986449
1,1372,394.550138
1,1373,543.899851
1,1374,239.370500
1,1375,111.529291
1,1376,402.418813
1,1377,328.666753
1,1378,440.169485
1,1379,92.235997
1,1380,397.325150
1,1381,689.060818
1,1382,140.650328
1,1383,197.255651
1,1384,256.060488
1,1385,50.504115
1,1386,583.586959
1,1387,643.737022
1,1388,82.350054
1,1389,539.685022
1,1390,428.265618
1,1391,543.880938
1,1392,100.127287
1,1393,241.688175
1,1394,523.267991
1,1395,521.892396
1,1396,512.115085
1,1397,126.212811
1,1398,514.135894
1,1399,516.752847
1,1400,94.384319
1,1401,469.427859
1,1402,366.560521
1,1403,96.467276
1,1404,490.769573
1,1405,302.488851
1,1406,348.577891
1,1407,182.343186
1,1408,244.066628
1,1409,326.160760
1,1410,86.605826
1,1411,594.818025
1,1412,359.108392
1,1413,482.782924
1,1414,522.991112
1,1415,54.131420
1,1416,515.481814
1,1417,100.424529
1,1418,38.558409
1,1419,520.916749
1,1420,382.684339
1,1421,88.614558
1,1422,301.507671
1,1423,273.449134
1,1424,442.959294
1,1425,87.208581
1,1426,45.318485
1,1427,429.743146
1,1428,523.933674
1,1429,461.246565
1,1430,100.163912
1,1431,379.798803
1,1432,97.200183
1,1433,417.962669
1,1434,494.582527
1,1435,360.134090
1,1436,179.929306
1,1437,413.823652
1,1438,161.939023
1,1439,83.155826
1,1440,334.272457
1,1441,84.840282
1,1442,392.610697
1,1443,416.511200
1,1444,503.738694
1,1445,133.866437
1,1446,438.134106
1,1447,373.648000
1,1448,598.640655
1,1449,414.241017
1,1450,101.920763
1,1451,408.131993
1,1452,192.321222
1,1453,522.108818
1,1454,77.196935
1,1455,345.084437
1,1456,458.753512
1,1457,244.863989
1,1458,464.332506
1,1459,407.501307
1,1460,70.091223
1,1461,395.158783
1,1462,421.519997
1,1463,86.550851
1,1464,451.267103
1,1465,570.300351
1,1466,227.398600
1,1467,503.596716
1,1468,256.715317
1,1469,223.248816
1,1470,416.943966
1,1471,178.657642
1,1472,436.345272
1,1473,149.501508
1,1474,494.189444
1,1475,44.650837
1,1476,501.920139
1,1477,339.011644
1,1478,96.331021
1,1479,383.143153
1,1480,85.200103
1,1481,423.899833
1,1482,156.999613
1,1483,258.994199
1,1484,324.139857
1,1485,216.598009
1,1486,107.932514
1,1487,412.260209
1,1488,347.752680
1,1489,463.222015
1,1490,587.933515
1,1491,403.755952
1,1492,117.403616
1,1493,512.934310
1,1494,299.370372
1,1495,233.884494
1,1496,264.799093
1,1497,96.066159
1,1498,425.099183
1,1499,441.642376
1,1500,539.822866
1,1501,84.584336
1,1502,535.940836
1,1503,464.433980
1,1504,99.950977
1,1505,213.448682
1,1506,625.510590
1,1507,98.358919
1,1508,522.717933
1,1509,83.321024
1,1510,314.500913
1,1511,102.581742
1,1512,519.856924
1,1513,437.106308
1,1514,160.510513
1,1515,230.682136
1,1516,218.920069
1,1517,403.575954
1,1518,364.250553
1,1519,492.164420
1,1520,215.970554
1,1521,448.411912
1,1522,75.311614
1,1523,421.445798
1,1524,462.082711
1,1525,88.210877
1,1526,391.794369
1,1527,289.501092
1,1528,495.576475
1,1529,89.127067
1,1530,539.348073
1,1531,528.965095
1,1532,70.271495
1,1533,84.453208
1,1534,499.465157
1,1535,74.474975
1,1536,196.434952
1,1537,507.330879
1,1538,255.205248
1,1539,730.653703
1,1540,369.603410
1,1541,253.712647
1,1542,357.290474
1,1543,567.248168
1,1544,50.464592
1,1545,19.160468
1,1546,428.559413
1,1547,506.429281
1,1548,78.882662
1,1549,378.498668
1,1550,68.134466
1,1551,501.884175
1,1552,433.733514
1,1553,66.797101
1,1554,205.826039
1,1555,90.859016
1,1556,355.723237
1,1557,419.475616
1,1558,73.732267
1,1559,430.853400
1,1560,266.685652
1,1561,466.877140
1,1562,83.636286
1,1563,366.398397
1,1564,530.208173
1,1565,491.517462
1,1566,254.274956
1,1567,111.149995
1,1568,511.660170
1,1569,341.734453
1,1570,31.775660
1,1571,329.029966
1,1572,277.349001
1,1573,489.464493
1,1574,47.847089
1,1575,253.442218
1,1576,497.995842
1,1577,409.442705
1,1578,176.276997
1,1579,457.599069
1,1580,55.704487
1,1581,210.318093
1,1582,385.413547
1,1583,79.132166
1,1584,319.375232
1,1585,90.294837
1,1586,533.936416
1,1587,167.179994
1,1588,415.956538
1,1589,224.471223
1,1590,206.773104
1,1591,377.726693
1,1592,74.188538
1,1593,238.569819
1,1594,116.006298
1,1595,421.435141
1,1596,38.229105
1,1597,337.834247
1,1598,80.976996
1,1599,390.579162
1,1600,143.382037
1,1601,71.878093
1,1602,204.344234
1,1603,273.750736
1,1604,234.213835
1,1605,131.267692
1,1606,548.958759
1,1607,76.579633
1,1608,456.351576
1,1609,370.460706
1,1610,91.925736
1,1611,318.997421
1,1612,80.500990
1,1613,132.351145
1,1614,484.733617
1,1615,78.734952
1,1616,38.184692
1,1617,402.288485
1,1618,78.336900
1,1619,323.564214
1,1620,135.302702
1,1621,78.495943
1,1622,378.882396
1,1623,389.350093
1,1624,368.449378
1,1625,303.386430
1,1626,281.948028
1,1627,494.143439
1,1628,83.398103
1,1629,533.076445
1,1630,378.292478
1,1631,111.414958
1,1632,471.172423
1,1633,381.649526
1,1634,487.199919
1,1635,143.395283
1,1636,256.197590
1,1637,197.995486
1,1638,402.759241
1,1639,344.315393
1,1640,158.132048
1,1641,307.657776
1,1642,45.449388
1,1643,320.373938
1,1644,62.580071
1,1645,138.939134
1,1646,261.648279
1,1647,205.987103
1,1648,239.129621
1,1649,16.154902
1,1650,172.273591
1,1651,46.555744
1,1652,345.277646
1,1653,7.952592
1,1654,236.581934
1,1655,67.596692
1,1656,300.872460
1,1657,131.096282
1,1658,61.938604
1,1659,195.967500
1,1660,275.452282
1,1661,200.967550
1,1662,170.480616
1,1663,326.432856
1,1664,63.022073
1,1665,391.797042
1,1666,447.224212
1,1667,117.264486
1,1668,151.534973
1,1669,281.598788
1,1670,49.402284
1,1671,483.008345
1,1672,102.373434
1,1673,476.693769
1,1674,484.640780
1,1675,66.895659
1,1676,374.247520
1,1677,377.354361
1,1678,99.186724
1,1679,294.055158
1,1680,77.228807
1,1681,123.008391
1,1682,473.996524
1,1683,85.415313
1,1684,50.746972
1,1685,394.297968
1,1686,86.810168
1,1687,330.065897
1,1688,142.109878
1,1689,85.544264
1,1690,385.735660
1,1691,356.981187
1,1692,112.118007
1,1693,508.500582
1,1694,472.036163
1,1695,77.801993
1,1696,379.763284
1,1697,377.426201
1,1698,350.094634
1,1699,344.024786
1,1700,296.676353
1,1701,271.528324
1,1702,505.091086
1,1703,78.968717
1,1704,441.115646
1,1705,76.008033
1,1706,36.101297
1,1707,330.589741
1,1708,68.259591
1,1709,154.197079
1,1710,268.353872
1,1711,224.527471
1,1712,342.965486
1,1713,143.149492
1,1714,174.192097
1,1715,250.416436
1,1716,188.769111
1,1717,191.514945
1,1718,533.374148
1,1719,106.797058
1,1720,121.324937
1,1721,404.569643
1,1722,673.362410
1,1723,338.082154
1,1724,31.775660
1,1725,325.681451
1,1726,66.738274
1,1727,449.345519
1,1728,250.657632
1,1729,459.901373
1,1730,194.212257
1,1731,371.268103
1,1732,54.134163
1,1733,229.944644
1,1734,297.984599
1,1735,30.639113
1,1736,417.873359
1,1737,92.488110
1,1738,177.910187
1,1739,440.837077
1,1740,417.773948
1,1741,205.799425
1,1742,73.391729
1,1743,410.790608
1,1744,244.946316
1,1745,31.139616
1,1746,378.839721
1,1747,435.341792
1,1748,91.281838
1,1749,375.448671
1,1750,77.042170
1,1751,492.654209
1,1752,90.889974
1,1753,418.480769
1,1754,178.914158
1,1755,266.682623
1,1756,343.886787
1,1757,176.409684
1,1758,276.242032
1,1759,86.359821
1,1760,455.415234
1,1761,80.301721
1,1762,202.918396
1,1763,130.330139
1,1764,170.580129
1,1765,477.958468
1,1766,98.590550
1,1767,344.818286
1,1768,500.492583
1,1769,22.322465
1,1770,486.114539
1,1771,66.534352
1,1772,90.001644
1,1773,407.668739
1,1774,74.186700
1,1775,40.829103
1,1776,316.846017
1,1777,357.633111
1,1778,73.370718
1,1779,279.697871
1,1780,359.686885
1,1781,402.646542
1,1782,342.056173
1,1783,31.775660
1,1784,347.131764
1,1785,86.671914
1,1786,124.780877
1,1787,366.686240
1,1788,317.615838
1,1789,85.798446
1,1790,442.879280
1,1791,163.257890
1,1792,88.629106
1,1793,213.124037
1,1794,466.624379
1,1795,106.025179
1,1796,279.562467
1,1797,434.884392
1,1798,56.432773
1,1799,214.577340
1,1800,247.279712
1,1801,389.154942
1,1802,83.221902
1,1803,307.226696
1,1804,394.422999
1,1805,67.328637
1,1806,98.112465
1,1807,389.072938
1,1808,495.435281
1,1809,117.350300
1,1810,111.034990
1,1811,201.733932
1,1812,251.371218
1,1813,74.916374
1,1814,164.746555
1,1815,396.131305
1,1816,74.961226
1,1817,45.976325
1,1818,285.328172
1,1819,494.696006
1,1820,260.634171
1,1821,481.387007
1,1822,134.303344
1,1823,382.683226
1,1824,446.670616
1,1825,125.800328
1,1826,488.166751
1,1827,77.107744
1,1828,204.836017
1,1829,455.085739
1,1830,177.056377
1,1831,366.374922
1,1832,85.569332
1,1833,470.382701
1,1834,330.771891
1,1835,114.457335
1,1836,227.042254
1,1837,295.173140
1,1838,92.668641
1,1839,497.193673
1,1840,88.179259
1,1841,391.400715
1,1842,280.191650
1,1843,473.254375
1,1844,660.201453
1,1845,83.887372
1,1846,363.568109
1,1847,267.498418
1,1848,536.774737
1,1849,400.743782
1,1850,196.712538
1,1851,386.561530
1,1852,81.160926
1,1853,392.452906
1,1854,93.063425
1,1855,464.914236
1,1856,388.759443
1,1857,68.752606
1,1858,422.006132
1,1859,89.202641
1,1860,391.832014
1,1861,86.338313
1,1862,527.528103
1,1863,347.827562
1,1864,20.248212
1,1865,307.772647
1,1866,269.960954
1,1867,403.866912
1,1868,83.193405
1,1869,345.318306
1,1870,73.209597
1,1871,284.586241
1,1872,81.409813
1,1873,286.055077
1,1874,627.236931
1,1875,57.649707
1,1876,447.496992
1,1877,309.407460
1,1878,483.144173
1,1879,52.801562
1,1880,436.656662
1,1881,358.147976
1,1882,64.342868
1,1883,157.869723
1,1884,535.961656
1,1885,605.788386
1,1886,8.954721
1,1887,331.459077
1,1888,235.215433
1,1889,358.828707
1,1890,83.217459
1,1891,329.291367
1,1892,481.144254
1,1893,108.619280
1,1894,549.352057
1,1895,395.513323
1,1896,236.184175
1,1897,391.717629
1,1898,82.097227
1,1899,370.853818
1,1900,172.158801
1,1901,92.423919
1,1902,239.282313
1,1903,209.917909
1,1904,296.093190
1,1905,454.090612
1,1906,480.543438
1,1907,484.292295
1,1908,132.407075
1,1909,603.890420
1,1910,107.778252
1,1911,291.365560
1,1912,94.285672
1,1913,112.220317
1,1914,294.802226
1,1915,235.694791
1,1916,88.577391
1,1917,401.064048
1,1918,129.125365
1,1919,247.044162
1,1920,802.043239
1,1921,413.793231
1,1922,227.458780
1,1923,122.101839
1,1924,605.495500
1,1925,345.057768
1,1926,413.813896
1,1927,97.003441
1,1928,508.478676
1,1929,374.742883
1,1930,273.947829
1,1931,218.805362
1,1932,330.458515
1,1933,346.264274
1,1934,301.241980
1,1935,210.546423
1,1936,437.188734
1,1937,372.440487
1,1938,80.977083
1,1939,255.783468
1,1940,294.674412
1,1941,316.271388
1,1942,411.671180
1,1943,278.938119
1,1944,107.878786
1,1945,395.243016
1,1946,89.883421
1,1947,121.420506
1,1948,295.600287
1,1949,96.614504
1,1950,326.995507
1,1951,381.956931
1,1952,43.251995
1,1953,191.661750
1,1954,240.388060
1,1955,71.694393
1,1956,246.293166
1,1957,157.256823
1,1958,290.714775
1,1959,95.870734
1,1960,561.890806
1,1961,214.159018
1,1962,95.670528
1,1963,360.997822
1,1964,324.427797
1,1965,90.011452
1,1966,64.634245
1,1967,328.358944
1,1968,246.013245
1,1969,373.971115
1,1970,289.514687
1,1971,229.691395
1,1972,413.558375
1,1973,271.691394
1,1974,47.439569
1,1975,241.657532
1,1976,284.793164
1,1977,459.100821
1,1978,184.266948
1,1979,476.248798
1,1980,310.296468
1,1981,96.138239
1,1982,191.931147
1,1983,84.142839
1,1984,186.886875
1,1985,443.426974
1,1986,463.430496
1,1987,345.755899
1,1988,92.413337
1,1989,245.956140
1,1990,58.059970
1,1991,517.474863
1,1992,95.781182
1,1993,301.186746
1,1994,274.852031
1,1995,316.517240
1,1996,187.298995
1,1997,350.991898
1,1998,418.281047
1,1999,93.945015
1,2000,58.857784
1,2001,404.949436
1,2002,97.077962
1,2003,171.783429
1,2004,325.077973
1,2005,86.759624
1,2006,436.589249
1,2007,84.697000
1,2008,448.417845
1,2009,265.751350
1,2010,279.334052
1,2011,148.389992
1,2012,355.378099
1,2013,51.556992
1,2014,473.386525
1,2015,153.400118
1,2016,252.731880
1,2017,260.667702
1,2018,111.043008
1,2019,553.160949
1,2020,77.892524
1,2021,265.103805
1,2022,351.353397
1,2023,149.096085
1,2024,590.970145
1,2025,87.535101
1,2026,305.753190
1,2027,364.266737
1,2028,135.399034
1,2029,185.017833
1,2030,386.147920
1,2031,186.307828
1,2032,101.182219
1,2033,317.295464
1,2034,302.377604
1,2035,95.345183
1,2036,162.065618
1,2037,65.684677
1,2038,340.489029
1,2039,384.967125
1,2040,216.861142
1,2041,553.355712
1,2042,191.528622
1,2043,470.882408
1,2044,410.985346
1,2045,482.872497
1,2046,361.272045
1,2047,94.638706
1,2048,211.227030
1,2049,288.610429
1,2050,316.709841
1,2051,106.390145
1,2052,332.064203
1,2053,184.663746
1,2054,415.571940
1,2055,342.824380
1,2056,228.820036
1,2057,115.830429
1,2058,119.390978
1,2059,463.781527
1,2060,375.851147
1,2061,79.980026
1,2062,364.845249
1,2063,115.319636
1,2064,507.559840
1,2065,409.247038
1,2066,100.312221
1,2067,406.984244
1,2068,114.064977
1,2069,363.403520
1,2070,86.785861
1,2071,280.185302
1,2072,55.143108
1,2073,620.535799
1,2074,86.864259
1,2075,240.256257
1,2076,245.040941
1,2077,204.869433
1,2078,224.693007
1,2079,451.477988
1,2080,75.654826
1,2081,466.511157
1,2082,224.794811
1,2083,474.673940
1,2084,312.288558
1,2085,230.595561
1,2086,215.891725
1,2087,160.097173
1,2088,412.267000
1,2089,598.192606
1,2090,120.773272
1,2091,416.185424
1,2092,104.760554
1,2093,162.947164
1,2094,489.239072
1,2095,170.256003
1,2096,159.735888
1,2097,174.240837
1,2098,186.848589
1,2099,273.674781
1,2100,61.189410
1,2101,450.590784
1,2102,121.610413
1,2103,559.431661
1,2104,77.425257
1,2105,243.298152
1,2106,87.326688
1,2107,75.917099
1,2108,170.474855
1,2109,102.654697
1,2110,111.756683
1,2111,342.612866
1,2112,32.493650
1,2113,308.864067
1,2114,458.611103
1,2115,184.288291
1,2116,86.674657
1,2117,349.591103
1,2118,293.660129
1,2119,68.058723
1,2120,329.497526
1,2121,39.905015
1,2122,316.465802
1,2123,81.157187
1,2124,209.171057
1,2125,571.774548
1,2126,384.001551
1,2127,71.948484
1,2128,162.275314
1,2129,142.716921
1,2130,375.849286
1,2131,61.125643
1,2132,427.886093
1,2133,65.564457
1,2134,320.046377
1,2135,89.103540
1,2136,247.782538
1,2137,176.018789
1,2138,340.313948
1,2139,305.603002
1,2140,67.563136
1,2141,198.942550
1,2142,306.857327
1,2143,310.502527
1,2144,516.854396
1,2145,195.050732
1,2146,335.930650
1,2147,82.029040
1,2148,397.387100
1,2149,173.690898
1,2150,423.656739
1,2151,44.440132
1,2152,307.046937
1,2153,80.957941
1,2154,100.419051
1,2155,267.328089
1,2156,102.281961
1,2157,110.683879
1,2158,152.069373
1,2159,280.176159
1,2160,84.863363
1,2161,213.957969
1,2162,82.182629
1,2163,371.534159
1,2164,148.558678
1,2165,171.981182
1,2166,431.694650
1,2167,137.666797
1,2168,90.635467
1,2169,394.322304
1,2170,396.844643
1,2171,189.906473
1,2172,276.791069
1,2173,94.601276
1,2174,303.351113
1,2175,178.458655
1,2176,194.337973
1,2177,545.164623
1,2178,85.715128
1,2179,182.285569
1,2180,480.920493
1,2181,405.057797
1,2182,113.076599
1,2183,282.428290
1,2184,82.989430
1,2185,293.201022
1,2186,123.436500
1,2187,436.118372
1,2188,568.366489
1,2189,151.426831
1,2190,360.430193
1,2191,106.873747
1,2192,278.421750
1,2193,425.368530
1,2194,498.229870
1,2195,86.286559
1,2196,288.680965
1,2197,172.536089
1,2198,72.091366
1,2199,333.224183
1,2200,81.470501
1,2201,425.418493
1,2202,116.335782
1,2203,436.352037
1,2204,141.854545
1,2205,131.045528
1,2206,321.887378
1,2207,493.957642
1,2208,356.517780
1,2209,93.645742
1,2210,153.426037
1,2211,415.881703
1,2212,316.997155
1,2213,117.532657
1,2214,395.733413
1,2215,221.064538
1,2216,105.320251
1,2217,820.881268
1,2218,149.466804
1,2219,94.548335
1,2220,500.834632
1,2221,294.369622
1,2222,545.773714
1,2223,59.567606
1,2224,398.970754
1,2225,236.334069
1,2226,372.069269
1,2227,93.819468
1,2228,263.881518
1,2229,314.209009
1,2230,376.435550
1,2231,386.037867
1,2232,343.887531
1,2233,64.126640
1,2234,191.724209
1,2235,102.195075
1,2236,262.272529
1,2237,186.806200
1,2238,370.580005
1,2239,95.301538
1,2240,228.633617
1,2241,106.045803
1,2242,344.523825
1,2243,80.040466
1,2244,324.460152
1,2245,245.320440
1,2246,90.355013
1,2247,416.020486
1,2248,216.728746
1,2249,225.336885
1,2250,390.759397
1,2251,53.384387
1,2252,349.350673
1,2253,319.408478
1,2254,278.579062
1,2255,624.632717
1,2256,188.856742
1,2257,355.010502
1,2258,103.845554
1,2259,388.037346
1,2260,281.948622
1,2261,206.716921
1,2262,94.045532
1,2263,330.600691
1,2264,259.016816
1,2265,282.656501
1,2266,238.998759
1,2267,102.815569
1,2268,314.415614
1,2269,248.806330
1,2270,49.808075
1,2271,367.693151
1,2272,246.096743
1,2273,271.004924
1,2274,236.140063
1,2275,318.045159
1,2276,462.062594
1,2277,191.405213
1,2278,50.665952
1,2279,495.271201
1,2280,92.178920
1,2281,456.139154
1,2282,72.869451
1,2283,398.766047
1,2284,67.687219
1,2285,95.467458
1,2286,349.315889
1,2287,388.282598
1,2288,79.747028
1,2289,213.489864
1,2290,83.316255
1,2291,274.181918
1,2292,138.750736
1,2293,149.135456
1,2294,178.790833
1,2295,292.563450
1,2296,410.447604
1,2297,92.264174
1,2298,148.813591
1,2299,138.425392
1,2300,472.674806
1,2301,87.319748
1,2302,475.702558
1,2303,105.253761
1,2304,467.710413
1,2305,107.270616
1,2306,320.699553
1,2307,250.170188
1,2308,545.789261
1,2309,155.343369
1,2310,92.279171
1,2311,450.101421
1,2312,151.926336
1,2313,449.283211
1,2314,259.690115
1,2315,288.254508
1,2316,256.717726
1,2317,79.702101
1,2318,348.775927
1,2319,239.874592
1,2320,418.101065
1,2321,324.857448
1,2322,370.238798
1,2323,507.371436
1,2324,517.423293
1,2325,77.242599
1,2326,375.921033
1,2327,80.414441
1,2328,509.349249
1,2329,89.087097
1,2330,413.330428
1,2331,241.634288
1,2332,533.364271
1,2333,85.027055
1,2334,263.647147
1,2335,491.042170
1,2336,149.337972
1,2337,560.211507
1,2338,581.361615
1,2339,591.227565
1,2340,46.913160
1,2341,458.036958
1,2342,494.647348
1,2343,556.374763
1,2344,94.702261
1,2345,443.893075
1,2346,411.389216
1,2347,248.852934
1,2348,97.820377
1,2349,438.300181
1,2350,435.193352
1,2351,377.380381
1,2352,104.735519
1,2353,531.738870
1,2354,94.620075
1,2355,312.513567
1,2356,530.841599
1,2357,326.854105
1,2358,554.547710
1,2359,111.781276
1,2360,460.994490
1,2361,529.987392
1,2362,80.795965
1,2363,378.298229
1,2364,604.001171
1,2365,430.323012
1,2366,549.330930
1,2367,434.846447
1,2368,95.329031
1,2369,402.061876
1,2370,270.101681
1,2371,235.043980
1,2372,257.817943
1,2373,397.007014
1,2374,63.448935
1,2375,441.914156
1,2376,325.933743
1,2377,107.306099
1,2378,308.449253
1,2379,395.153416
1,2380,177.783323
1,2381,492.686241
1,2382,513.093560
1,2383,384.962640
1,2384,67.316518
1,2385,274.830312
1,2386,165.494258
1,2387,323.442819
1,2388,64.894884
1,2389,498.593307
1,2390,161.763634
1,2391,115.419490
1,2392,104.852891
1,2393,498.870219
1,2394,83.293685
1,2395,46.893066
1,2396,213.838737
1,2397,376.554339
1,2398,842.723293
1,2399,538.462226
1,2400,77.452782
1,2401,540.541816
1,2402,90.016094
1,2403,256.058520
1,2404,210.489270
1,2405,566.186852
1,2406,108.592027
1,2407,606.873424
1,2408,84.503554
1,2409,465.001944
1,2410,269.743501
1,2411,451.856816
1,2412,101.330921
1,2413,295.454504
1,2414,190.747499
1,2415,527.305296
1,2416,107.162793
1,2417,535.839239
1,2418,243.444668
1,2419,347.494021
1,2420,481.959347
1,2421,516.271067
1,2422,93.556361
1,2423,254.101900
1,2424,501.962715
1,2425,46.188655
1,2426,450.491103
1,2427,371.973369
1,2428,399.370259
1,2429,398.640703
1,2430,98.329540
1,2431,423.530678
1,2432,370.470168
1,2433,241.906692
1,2434,548.178810
1,2435,96.312417
1,2436,235.813976
1,2437,515.230090
1,2438,79.630464
1,2439,238.751102
1,2440,487.484467
1,2441,533.117754
1,2442,450.939556
1,2443,444.080744
1,2444,433.983555
1,2445,100.034443
1,2446,353.491169
1,2447,348.046797
1,2448,83.013818
1,2449,437.284497
1,2450,59.748519
1,2451,455.392026
1,2452,242.888024
1,2453,504.900849
1,2454,74.301512
1,2455,244.926962
1,2456,470.887108
1,2457,996.603296
1,2458,376.272490
1,2459,417.296721
1,2460,137.483880
1,2461,464.089941
1,2462,106.986449
1,2463,394.550138
1,2464,543.899851
1,2465,239.370500
1,2466,111.529291
1,2467,402.418813
1,2468,328.666753
1,2469,440.169485
1,2470,92.235997
1,2471,397.325150
1,2472,689.060818
1,2473,140.650328
1,2474,197.255651
1,2475,256.060488
1,2476,50.504115
1,2477,583.586959
1,2478,643.737022
1,2479,82.350054
1,2480,539.685022
1,2481,428.265618
1,2482,543.880938
1,2483,100.127287
1,2484,241.688175
1,2485,523.267991
1,2486,521.892396
1,2487,512.115085
1,2488,126.212811
1,2489,514.135894
1,2490,516.752847
1,2491,94.384319
1,2492,469.427859
1,2493,366.560521
1,2494,96.467276
1,2495,490.769573
1,2496,302.488851
1,2497,348.577891
1,2498,182.343186
1,2499,244.066628
1,2500,326.160760
1,2501,86.605826
1,2502,594.818025
1,2503,359.108392
1,2504,482.782924
1,2505,522.991112
1,2506,54.131420
1,2507,515.481814
1,2508,100.424529
1,2509,38.558409
1,2510,520.916749
1,2511,382.684339
1,2512,88.614558
1,2513,301.507671
1,2514,273.449134
1,2515,442.959294
1,2516,87.208581
1,2517,45.318485
1,2518,429.743146
1,2519,523.933674
1,2520,461.246565
1,2521,100.163912
1,2522,379.798803
1,2523,97.200183
1,2524,417.962669
1,2525,494.582527
1,2526,360.134090
1,2527,179.929306
1,2528,413.823652
1,2529,161.939023
1,2530,83.155826
1,2531,334.272457
1,2532,84.840282
1,2533,392.610697
1,2534,416.511200
1,2535,503.738694
1,2536,133.866437
1,2537,438.134106
1,2538,373.648000
1,2539,598.640655
1,2540,414.241017
1,2541,101.920763
1,2542,408.131993
1,2543,192.321222
1,2544,522.108818
1,2545,77.196935
1,2546,345.084437
1,2547,458.753512
1,2548,244.863989
1,2549,464.332506
1,2550,407.501307
1,2551,70.091223
1,2552,395.158783
1,2553,421.519997
1,2554,86.550851
1,2555,451.267103
1,2556,570.300351
1,2557,227.398600
1,2558,503.596716
1,2559,256.715317
1,2560,223.248816
1,2561,416.943966
1,2562,178.657642
1,2563,436.345272
1,2564,149.501508
1,2565,494.189444
1,2566,44.650837
1,2567,501.920139
1,2568,339.011644
1,2569,96.331021
1,2570,383.143153
1,2571,85.200103
1,2572,423.899833
1,2573,156.999613
1,2574,258.994199
1,2575,324.139857
1,2576,216.598009
1,2577,107.932514
1,2578,412.260209
1,2579,347.752680
1,2580,463.222015
1,2581,587.933515
1,2582,403.755952
1,2583,117.403616
1,2584,512.934310
1,2585,299.370372
1,2586,233.884494
1,2587,264.799093
1,2588,96.066159
1,2589,425.099183
1,2590,441.642376
1,2591,539.822866
1,2592,84.584336
1,2593,535.940836
1,2594,464.433980
1,2595,99.950977
1,2596,213.448682
1,2597,625.510590
1,2598,98.358919
1,2599,522.717933
1,2600,83.321024
1,2601,314.500913
1,2602,102.581742
1,2603,519.856924
1,2604,437.106308
1,2605,160.510513
1,2606,230.682136
1,2607,218.920069
1,2608,403.575954
1,2609,364.250553
1,2610,492.164420
1,2611,215.970554
1,2612,448.411912
1,2613,75.311614
1,2614,421.445798
1,2615,462.082711
1,2616,88.210877
1,2617,391.794369
1,2618,289.501092
1,2619,495.576475
1,2620,89.127067
1,2621,539.348073
1,2622,528.965095
1,2623,70.271495
1,2624,84.453208
1,2625,499.465157
1,2626,74.474975
1,2627,196.434952
1,2628,507.330879
1,2629,255.205248
1,2630,730.653703
1,2631,369.603410
1,2632,253.712647
1,2633,357.290474
1,2634,567.248168
1,2635,50.464592
1,2636,19.160468
1,2637,428.559413
1,2638,506.429281
1,2639,78.882662
1,2640,378.498668
1,2641,68.134466
1,2642,501.884175
1,2643,433.733514
1,2644,66.797101
1,2645,205.826039
1,2646,90.859016
1,2647,355.723237
1,2648,419.475616
1,2649,73.732267
1,2650,430.853400
1,2651,266.685652
1,2652,466.877140
1,2653,83.636286
1,2654,366.398397
1,2655,530.208173
1,2656,491.517462
1,2657,254.274956
1,2658,111.149995
1,2659,511.660170
1,2660,341.734453
1,2661,31.775660
1,2662,329.029966
1,2663,277.349001
1,2664,489.464493
1,2665,47.847089
1,2666,253.442218
1,2667,497.995842
1,2668,409.442705
1,2669,176.276997
1,2670,457.599069
1,2671,55.704487
1,2672,210.318093
1,2673,385.413547
1,2674,79.132166
1,2675,319.375232
1,2676,90.294837
1,2677,533.936416
1,2678,167.179994
1,2679,415.956538
1,2680,224.471223
1,2681,206.773104
1,2682,377.726693
1,2683,74.188538
1,2684,238.569819
1,2685,116.006298
1,2686,421.435141
1,2687,38.229105
1,2688,337.834247
1,2689,80.976996
1,2690,390.579162
1,2691,143.382037
1,2692,71.878093
1,2693,204.344234
1,2694,273.750736
1,2695,234.213835
1,2696,131.267692
1,2697,548.958759
1,2698,76.579633
1,2699,456.351576
1,2700,370.460706
1,2701,91.925736
1,2702,318.997421
1,2703,80.500990
1,2704,132.351145
1,2705,484.733617
1,2706,78.734952
1,2707,38.184692
1,2708,402.288485
1,2709,78.336900
1,2710,323.564214
1,2711,135.302702
1,2712,78.495943
1,2713,378.882396
1,2714,389.350093
1,2715,368.449378
1,2716,303.386430
1,2717,281.948028
1,2718,494.143439
1,2719,83.398103
1,2720,533.076445
1,2721,378.292478
1,2722,111.414958
1,2723,471.172423
1,2724,381.649526
1,2725,487.199919
1,2726,143.395283
1,2727,256.197590
1,2728,197.995486
1,2729,402.759241
1,2730,344.315393
1,2731,158.132048
1,2732,307.657776
1,2733,45.449388
1,2734,320.373938
1,2735,62.580071
1,2736,138.939134
1,2737,261.648279
1,2738,205.987103
1,2739,239.129621
1,2740,16.154902
1,2741,172.273591
1,2742,46.555744
1,2743,345.277646
1,2744,7.952592
1,2745,236.581934
1,2746,67.596692
1,2747,300.872460
1,2748,131.096282
1,2749,61.938604
1,2750,195.967500
1,2751,275.452282
1,2752,200.967550
1,2753,170.480616
1,2754,326.432856
1,2755,63.022073
1,2756,391.797042
1,2757,447.224212
1,2758,117.264486
1,2759,151.534973
1,2760,281.598788
1,2761,49.402284
1,2762,483.008345
1,2763,102.373434
1,2764,476.693769
1,2765,484.640780
1,2766,66.895659
1,2767,374.247520
1,2768,377.354361
1,2769,99.186724
1,2770,294.055158
1,2771,77.228807
1,2772,123.008391
1,2773,473.996524
1,2774,85.415313
1,2775,50.746972
1,2776,394.297968
1,2777,86.810168
1,2778,330.065897
1,2779,142.109878
1,2780,85.544264
1,2781,385.735660
1,2782,356.981187
1,2783,112.118007
1,2784,508.500582
1,2785,472.036163
1,2786,77.801993
1,2787,379.763284
1,2788,377.426201
1,2789,350.094634
1,2790,344.024786
1,2791,296.676353
1,2792,271.528324
1,2793,505.091086
1,2794,78.968717
1,2795,441.115646
1,2796,76.008033
1,2797,36.101297
1,2798,330.589741
1,2799,68.259591
1,2800,154.197079
1,2801,268.353872
1,2802,224.527471
1,2803,342.965486
1,2804,143.149492
1,2805,174.192097
1,2806,250.416436
1,2807,188.769111
1,2808,191.514945
1,2809,533.374148
1,2810,106.797058
1,2811,121.324937
1,2812,404.569643
1,2813,673.362410
1,2814,338.082154
1,2815,31.775660
1,2816,325.681451
1,2817,66.738274
1,2818,449.345519
1,2819,250.657632
1,2820,459.901373
1,2821,194.212257
1,2822,371.268103
1,2823,54.134163
1,2824,229.944644
1,2825,297.984599
1,2826,30.639113
1,2827,417.873359
1,2828,92.488110
1,2829,177.910187
1,2830,440.837077
1,2831,417.773948
1,2832,205.799425
1,2833,73.391729
1,2834,410.790608
1,2835,244.946316
1,2836,31.139616
1,2837,378.839721
1,2838,435.341792
1,2839,91.281838
1,2840,375.448671
1,2841,77.042170
1,2842,492.654209
1,2843,90.889974
1,2844,418.480769
1,2845,178.914158
1,2846,266.682623
1,2847,343.886787
1,2848,176.409684
1,2849,276.242032
1,2850,86.359821
1,2851,455.415234
1,2852,80.301721
1,2853,202.918396
1,2854,130.330139
1,2855,170.580129
1,2856,477.958468
1,2857,98.590550
1,2858,344.818286
1,2859,500.492583
1,2860,22.322465
1,2861,486.114539
1,2862,66.534352
1,2863,90.001644
1,2864,407.668739
1,2865,74.186700
1,2866,40.829103
1,2867,316.846017
1,2868,357.633111
1,2869,73.370718
1,2870,279.697871
1,2871,359.686885
1,2872,402.646542
1,2873,342.056173
1,2874,31.775660
1,2875,347.131764
1,2876,86.671914
1,2877,124.780877
1,2878,366.686240
1,2879,317.615838
1,2880,85.798446
1,2881,442.879280
1,2882,163.257890
1,2883,88.629106
1,2884,213.124037
1,2885,466.624379
1,2886,106.025179
1,2887,279.562467
1,2888,434.884392
1,2889,56.432773
1,2890,214.577340
1,2891,247.279712
1,2892,389.154942
1,2893,83.221902
1,2894,307.226696
1,2895,394.422999
1,2896,67.328637
1,2897,98.112465
1,2898,389.072938
1,2899,495.435281
1,2900,117.350300
1,2901,111.034990
1,2902,201.733932
1,2903,251.371218
1,2904,74.916374
1,2905,164.746555
1,2906,396.131305
1,2907,74.961226
1,2908,45.976325
1,2909,285.328172
1,2910,494.696006
1,2911,260.634171
1,2912,481.387007
1,2913,134.303344
1,2914,382.683226
1,2915,446.670616
1,2916,125.800328
1,2917,488.166751
1,2918,77.107744
1,2919,204.836017
1,2920,455.085739
1,2921,177.056377
1,2922,366.374922
1,2923,85.569332
1,2924,470.382701
1,2925,330.771891
1,2926,114.457335
1,2927,227.042254
1,2928,295.173140
1,2929,92.668641
1,2930,497.193673
1,2931,88.179259
1,2932,391.400715
1,2933,280.191650
1,2934,473.254375
1,2935,660.201453
1,2936,83.887372
1,2937,363.568109
1,2938,267.498418
1,2939,536.774737
1,2940,400.743782
1,2941,196.712538
1,2942,386.561530
1,2943,81.160926
1,2944,392.452906
1,2945,93.063425
1,2946,464.914236
1,2947,388.759443
1,2948,68.752606
1,2949,422.006132
1,2950,89.202641
1,2951,391.832014
1,2952,86.338313
1,2953,527.528103
1,2954,347.827562
1,2955,20.248212
1,2956,307.772647
1,2957,269.960954
1,2958,403.866912
1,2959,83.193405
1,2960,345.318306
1,2961,73.209597
1,2962,284.586241
1,2963,81.409813
1,2964,286.055077
1,2965,627.236931
1,2966,57.649707
1,2967,447.496992
1,2968,309.407460
1,2969,483.144173
1,2970,52.801562
1,2971,436.656662
1,2972,358.147976
1,2973,64.342868
1,2974,157.869723
1,2975,535.961656
1,2976,326.359157
1,2977,66.370833
1,2978,175.121721
1,2979,1.348409
1,2980,450.636070
1,2981,75.205440
1,2982,304.219689
1,2983,291.250402
1,2984,273.720459
1,2985,306.218158
1,2986,271.045963
1,2987,43.878490
1,2988,166.460671
1,2989,258.520648
1,2990,77.424137
1,2991,244.679848
1,2992,202.995671
1,2993,214.190483
1,2994,329.477355
1,2995,507.987551
1,2996,118.921101
1,2997,229.900900
1,2998,314.854735
1,2999,247.077552
1,3000,276.426437
1,3001,82.044855
1,3002,190.308804
1,3003,192.102240
1,3004,95.286389
1,3005,47.990300
1,3006,354.652306
1,3007,88.646109
1,3008,206.514354
1,3009,490.806466
1,3010,47.321700
1,3011,302.067559
1,3012,114.190237
1,3013,291.952197
1,3014,99.530855
1,3015,229.035883
1,3016,81.579645
1,3017,365.371986
1,3018,178.300244
1,3019,263.969224
1,3020,373.657916
1,3021,106.556625
1,3022,90.383981
1,3023,343.298168
1,3024,97.060826
1,3025,159.835762
1,3026,157.977041
1,3027,273.446809
1,3028,241.640815
1,3029,86.130983
1,3030,246.059226
1,3031,131.932575
1,3032,248.285981
1,3033,232.577635
1,3034,118.002175
1,3035,445.854080
1,3036,78.282945
1,3037,221.442166
1,3038,77.123196
1,3039,302.631354
1,3040,205.360005
1,3041,253.774252
1,3042,74.127398
1,3043,189.143089
1,3044,191.317584
1,3045,332.879070
1,3046,79.267482
1,3047,311.737930
1,3048,79.484823
1,3049,309.178563
1,3050,309.129816
1,3051,286.986123
1,3052,170.356375
1,3053,122.199299
1,3054,38.684917
1,3055,332.071459
1,3056,77.166899
1,3057,448.317341
1,3058,264.834633
1,3059,295.379257
1,3060,83.206476
1,3061,262.363445
1,3062,145.226433
1,3063,223.343820
1,3064,292.261334
1,3065,275.658497
1,3066,377.633558
1,3067,71.520887
1,3068,97.552814
1,3069,353.993020
1,3070,397.118818
1,3071,491.708437
1,3072,369.398424
1,3073,429.805380
1,3074,323.873363
1,3075,31.775660
1,3076,347.849291
1,3077,66.417768
1,3078,384.433303
1,3079,222.247581
1,3080,341.503447
1,3081,128.285453
1,3082,142.504786
1,3083,259.941438
1,3084,54.831094
1,3085,212.048063
1,3086,441.567953
1,3087,80.307150
1,3088,388.772554
1,3089,72.349161
1,3090,186.949723
1,3091,399.331603
1,3092,428.276528
1,3093,364.944982
1,3094,219.719462
1,3095,89.605126
1,3096,159.296126
1,3097,68.504216
1,3098,215.169872
1,3099,300.675582
1,3100,384.596682
1,3101,183.910114
1,3102,443.577971
1,3103,87.072529
1,3104,152.211155
1,3105,194.752234
1,3106,284.009560
1,3107,63.935032
1,3108,249.589782
1,3109,62.424213
1,3110,129.760970
1,3111,62.266376
1,3112,223.843896
1,3113,300.071632
1,3114,345.150603
1,3115,381.232614
1,3116,323.507721
1,3117,164.223784
1,3118,112.902746
1,3119,305.868534
1,3120,364.196838
1,3121,388.178606
1,3122,61.375456
1,3123,348.974313
1,3124,17.643994
1,3125,317.069921
1,3126,237.688057
1,3127,56.262995
1,3128,199.461081
1,3129,340.876956
1,3130,233.379822
1,3131,321.691500
1,3132,374.142904
1,3133,383.721679
1,3134,421.049815
1,3135,79.928459
1,3136,137.247711
1,3137,356.984158
1,3138,118.805484
1,3139,211.026274
1,3140,141.618782
1,3141,96.365047
1,3142,349.433118
1,3143,36.911606
1,3144,316.835126
1,3145,250.505813
1,3146,225.413492
1,3147,335.350176
1,3148,416.964093
1,3149,51.514701
1,3150,224.342665
1,3151,106.222793
1,3152,304.066226
1,3153,62.511969
1,3154,285.849856
1,3155,122.246619
1,3156,338.767700
1,3157,320.037384
1,3158,81.753882
1,3159,416.761107
1,3160,366.772360
1,3161,370.195191
1,3162,430.796415
1,3163,376.422167
1,3164,75.510916
1,3165,258.233101
1,3166,68.064698
1,3167,247.757884
1,3168,355.115934
1,3169,67.299427
1,3170,171.814049
1,3171,298.202954
1,3172,125.897728
1,3173,172.034429
1,3174,59.331702
1,3175,682.958490
1,3176,63.382273
1,3177,326.783792
1,3178,115.161942
1,3179,288.709053
1,3180,68.024057
1,3181,170.543206
1,3182,355.390131
1,3183,347.753906
1,3184,65.136632
1,3185,35.871333
1,3186,290.965102
1,3187,56.663728
1,3188,370.013178
1,3189,69.086178
1,3190,178.688381
1,3191,485.329801
1,3192,63.424829
1,3193,359.525698
1,3194,54.269324
1,3195,274.904978
1,3196,180.328265
1,3197,221.475900
1,3198,253.674288
1,3199,259.549354
1,3200,135.066744
1,3201,197.678993
1,3202,373.759292
1,3203,48.514965
1,3204,181.060716
1,3205,183.769342
1,3206,257.854031
1,3207,152.800128
1,3208,69.769245
1,3209,302.351314
1,3210,233.229879
1,3211,51.594610
1,3212,185.717563
1,3213,171.961045
1,3214,272.071631
1,3215,115.601167
1,3216,40.355602
1,3217,316.468308
1,3218,148.837526
1,3219,187.612452
1,3220,222.121363
1,3221,247.915632
1,3222,186.801606
1,3223,315.392285
1,3224,94.260643
1,3225,140.215258
1,3226,48.940856
1,3227,168.395316
1,3228,43.173753
1,3229,209.951211
1,3230,33.766331
1,3231,56.146763
1,3232,261.688295
1,3233,273.823189
1,3234,325.739930
1,3235,333.585426
1,3236,137.291535
1,3237,287.863308
1,3238,48.476976
1,3239,274.251496
1,3240,105.921334
1,3241,180.025870
1,3242,249.129926
1,3243,406.160929
1,3244,194.291903
1,3245,279.820259
1,3246,415.175752
1,3247,233.756915
1,3248,432.183737
1,3249,370.539619
1,3250,313.414735
1,3251,220.331954
1,3252,44.581761
1,3253,310.195027
1,3254,50.817138
1,3255,241.520407
1,3256,325.120556
1,3257,295.726661
1,3258,39.882090
1,3259,331.447536
1,3260,295.608606
1,3261,250.824652
1,3262,273.989778
1,3263,359.785970
1,3264,99.298134
1,3265,66.840760
1,3266,88.037969
1,3267,262.832516
1,3268,224.281611
1,3269,299.503386
1,3270,244.668084
1,3271,347.448544
1,3272,258.637710
1,3273,195.613029
1,3274,450.062609
1,3275,75.415140
1,3276,279.145713
1,3277,334.727399
1,3278,357.042823
1,3279,340.868179
1,3280,362.652502
1,3281,57.107155
1,3282,229.553589
1,3283,415.638378
1,3284,98.886000
1,3285,229.079607
1,3286,490.031912
1,3287,435.142291
1,3288,406.425767
1,3289,332.362491
1,3290,100.439813
1,3291,361.348215
1,3292,299.245330
1,3293,308.467635
1,3294,66.160011
1,3295,167.529389
1,3296,237.355833
1,3297,332.096024
1,3298,307.988618
1,3299,49.603871
1,3300,374.215328
1,3301,75.138136
1,3302,413.427398
1,3303,445.394232
1,3304,416.253673
1,3305,38.422972
1,3306,14.335791
1,3307,297.366839
1,3308,55.517936
1,3309,247.411952
1,3310,187.891645
1,3311,261.963797
1,3312,129.575836
1,3313,327.067193
1,3314,221.466507
1,3315,189.515811
1,3316,31.775660
1,3317,160.071663
1,3318,294.484353
1,3319,117.232780
1,3320,196.324040
1,3321,232.004432
1,3322,154.072475
1,3323,76.084228
1,3324,305.307277
1,3325,374.214222
1,3326,236.963363
1,3327,156.201894
1,3328,141.323564
1,3329,110.074881
1,3330,224.884507
1,3331,270.294750
1,3332,53.556549
1,3333,293.413238
1,3334,47.980044
1,3335,176.573515
1,3336,7.258690
1,3337,105.898740
1,3338,241.024303
1,3339,332.177872
1,3340,215.878606
1,3341,311.892386
1,3342,200.836825
1,3343,122.072957
1,3344,261.653474
1,3345,290.143120
1,3346,147.215573
1,3347,239.479179
1,3348,239.996234
1,3349,355.239835
1,3350,226.607828
1,3351,237.941715
1,3352,63.429062
1,3353,434.240776
1,3354,27.049801
1,3355,264.358001
1,3356,52.064655
1,3357,199.793879
1,3358,139.331713
1,3359,332.079460
1,3360,48.046792
1,3361,205.701726
1,3362,671.628819
1,3363,575.186709
1,3364,351.414690
1,3365,409.091474
1,3366,19.465671
1,3367,478.983671
1,3368,397.333860
1,3369,425.398524
1,3370,331.212230
1,3371,283.260856
1,3372,45.224043
1,3373,71.668701
1,3374,504.965203
1,3375,267.676976
1,3376,405.698692
1,3377,446.987004
1,3378,408.824375
1,3379,396.620333
1,3380,387.111421
1,3381,97.710175
1,3382,390.366079
1,3383,294.917184
1,3384,592.978177
1,3385,430.289715
1,3386,340.705597
1,3387,407.436158
1,3388,69.080173
1,3389,368.666987
1,3390,348.426304
1,3391,410.742089
1,3392,554.055240
1,3393,245.660402
1,3394,229.653299
1,3395,410.463130
1,3396,31.451163
1,3397,179.398851
1,3398,328.486368
1,3399,391.594367
1,3400,397.140975
1,3401,291.572547
1,3402,379.233109
1,3403,363.615820
1,3404,102.074799
1,3405,109.172840
1,3406,552.387009
1,3407,150.621019
1,3408,378.055181
1,3409,457.426184
1,3410,68.984122
1,3411,426.926637
1,3412,82.547037
1,3413,173.397332
1,3414,172.449851
1,3415,273.621323
1,3416,305.582163
1,3417,179.835792
1,3418,331.221489
1,3419,43.636298
1,3420,274.904057
1,3421,338.100416
1,3422,62.221234
1,3423,89.208560
1,3424,554.936221
1,3425,338.667919
1,3426,61.026670
1,3427,406.975503
1,3428,296.170564
1,3429,420.268929
1,3430,56.362635
1,3431,238.159089
1,3432,77.510106
1,3433,398.161577
1,3434,170.139190
1,3435,376.496428
1,3436,328.930208
1,3437,363.923763
1,3438,287.180155
1,3439,494.428847
1,3440,339.005825
1,3441,527.663461
1,3442,390.104227
1,3443,618.659129
1,3444,63.963136
1,3445,219.385938
1,3446,99.639599
1,3447,435.268849
1,3448,488.815436
1,3449,102.966661
1,3450,252.434425
1,3451,79.086646
1,3452,230.668274
1,3453,194.001394
1,3454,205.210619
1,3455,81.048378
1,3456,364.973993
1,3457,85.812786
1,3458,339.541356
1,3459,71.699098
1,3460,97.549660
1,3461,418.499084
1,3462,259.013225
1,3463,384.254324
1,3464,257.381887
1,3465,108.330147
1,3466,185.836759
1,3467,276.547203
1,3468,390.628674
1,3469,63.155535
1,3470,411.106030
1,3471,67.016469
1,3472,67.183412
1,3473,445.281962
1,3474,111.722112
1,3475,381.486823
1,3476,360.596381
1,3477,84.623093
1,3478,299.222590
1,3479,294.156875
1,3480,30.116081
1,3481,236.482773
1,3482,74.662234
1,3483,401.183572
1,3484,460.984718
1,3485,392.812815
1,3486,486.432336
1,3487,245.581886
1,3488,315.341037
1,3489,347.768754
1,3490,331.544475
1,3491,362.093984
1,3492,319.148186
1,3493,254.635605
1,3494,92.706695
1,3495,233.826506
1,3496,305.389155
1,3497,374.350072
1,3498,85.275812
1,3499,207.589078
1,3500,402.116965
1,3501,81.760521
1,3502,484.112537
1,3503,134.090753
1,3504,336.960397
1,3505,332.960465
1,3506,181.448539
1,3507,70.980843
1,3508,269.975652
1,3509,74.307425
1,3510,305.891037
1,3511,210.615957
1,3512,277.263289
1,3513,266.691554
1,3514,49.471392
1,3515,234.286922
1,3516,456.809796
1,3517,293.830051
1,3518,265.421841
1,3519,97.868859
1,3520,212.231015
1,3521,306.308315
1,3522,375.435207
1,3523,388.246026
1,3524,21.394103
1,3525,227.569615
1,3526,343.073736
1,3527,65.745423
1,3528,280.215415
1,3529,52.614429
1,3530,81.195757
1,3531,337.088854
1,3532,60.257694
1,3533,156.380540
1,3534,85.968345
1,3535,228.243047
1,3536,192.494484
1,3537,66.542329
1,3538,170.442249
1,3539,231.270584
1,3540,89.248888
1,3541,368.900305
1,3542,101.570222
1,3543,114.111908
1,3544,403.440866
1,3545,68.079566
1,3546,400.155218
1,3547,503.832229
1,3548,189.269408
1,3549,503.227034
1,3550,86.729583
1,3551,315.800978
1,3552,295.368623
1,3553,519.324685
1,3554,250.178293
1,3555,255.587550
1,3556,331.221059
1,3557,198.696922
1,3558,323.937988
1,3559,84.989924
1,3560,613.843169
1,3561,68.928144
1,3562,72.979420
1,3563,490.269487
1,3564,471.477905
1,3565,206.909988
1,3566,314.894522
1,3567,269.867434
1,3568,573.782684
1,3569,78.424321
1,3570,290.024682
1,3571,112.533565
1,3572,340.781223
1,3573,314.817188
1,3574,182.924827
1,3575,298.067610
1,3576,302.665371
1,3577,199.731856
1,3578,369.039988
1,3579,248.732068
1,3580,550.317211
1,3581,355.149943
1,3582,561.583861
1,3583,446.486016
1,3584,329.524727
1,3585,73.810088
1,3586,353.116234
1,3587,322.875423
1,3588,382.830889
1,3589,408.033560
1,3590,61.397609
1,3591,388.649152
1,3592,361.503494
1,3593,371.746567
1,3594,396.718508
1,3595,497.413383
1,3596,232.781522
1,3597,312.393410
1,3598,365.676040
1,3599,159.868528
1,3600,371.642680
1,3601,322.741735
1,3602,165.249063
1,3603,235.177617
1,3604,31.775660
1,3605,152.994448
1,3606,296.538236
1,3607,223.317249
1,3608,267.504272
1,3609,60.706729
1,3610,13.627068
1,3611,60.708897
1,3612,148.847957
1,3613,279.842293
1,3614,244.114263
1,3615,68.766116
1,3616,202.238216
1,3617,70.555659
1,3618,314.240617
1,3619,158.412403
1,3620,229.799529
1,3621,1.348409
1,3622,222.842391
1,3623,87.162875
1,3624,299.248561
1,3625,76.369446
1,3626,201.874733
1,3627,33.753306
1,3628,311.733599
1,3629,213.277084
1,3630,254.210711
1,3631,267.988958
1,3632,89.655400
1,3633,180.722290
1,3634,81.360007
1,3635,314.972930
1,3636,431.154580
1,3637,1.348409
1,3638,247.442213
1,3639,149.286487
1,3640,77.428981
1,3641,141.923292
1,3642,65.275700
1,3643,99.187148
1,3644,27.907156
1,3645,273.997432
1,3646,61.153844
1,3647,140.991734
1,3648,235.051181
1,3649,326.240096
1,3650,75.776927
1,3651,226.830277
1,3652,98.782374
1,3653,276.583239
1,3654,76.538474
1,3655,205.469358
1,3656,70.968414
1,3657,77.108399
1,3658,274.258741
1,3659,123.199778
1,3660,289.197429
1,3661,190.168924
1,3662,75.990033
1,3663,251.300090
1,3664,296.589089
1,3665,320.075109
1,3666,409.796601
1,3667,149.071674
1,3668,69.874641
1,3669,154.598664
1,3670,311.365623
1,3671,371.241009
1,3672,257.197986
1,3673,64.271017
1,3674,256.288853
1,3675,47.983881
1,3676,251.599350
1,3677,241.057159
1,3678,153.925850
1,3679,341.213273
1,3680,62.757458
1,3681,280.075808
1,3682,1179.996276
1,3683,327.710596
1,3684,49.633962
1,3685,377.031712
1,3686,198.641319
1,3687,133.802274
1,3688,341.668043
1,3689,64.364565
1,3690,221.680414
1,3691,76.080061
1,3692,184.397112
1,3693,127.744838
1,3694,363.775164
1,3695,356.699506
1,3696,86.315038
1,3697,454.443220
1,3698,290.074048
1,3699,36.907620
1,3700,184.803964
1,3701,337.834436
1,3702,2.937347
1,3703,222.349740
1,3704,368.127999
1,3705,2.476826
1,3706,275.728920
1,3707,539.283213
1,3708,425.732296
1,3709,302.708279
1,3710,310.721730
1,3711,63.265418
1,3712,219.151244
1,3713,72.554112
1,3714,402.170919
1,3715,281.097093
1,3716,313.965104
1,3717,326.370082
1,3718,444.022520
1,3719,86.509183
1,3720,229.066997
1,3721,261.331325
1,3722,60.618550
1,3723,322.824582
1,3724,291.380144
1,3725,74.256579
1,3726,220.143557
1,3727,63.125528
1,3728,222.633403
1,3729,196.113801
1,3730,103.877321
1,3731,168.627387
1,3732,65.998681
1,3733,192.682895
1,3734,134.925674
1,3735,343.523905
1,3736,60.279102
1,3737,243.479931
1,3738,356.128073
1,3739,22.713149
1,3740,204.500304
1,3741,341.049347
1,3742,60.273858
1,3743,233.845244
1,3744,213.770180
1,3745,430.982333
1,3746,78.276974
1,3747,212.082327
1,3748,277.358563
1,3749,132.537299
1,3750,131.941115
1,3751,213.701271
1,3752,361.923533
1,3753,331.915456
1,3754,64.624088
1,3755,297.948790
1,3756,73.578535
1,3757,175.546624
1,3758,368.538298
1,3759,69.980142
1,3760,305.132986
1,3761,52.839352
1,3762,153.254572
1,3763,75.853868
1,3764,393.792793
1,3765,55.207495
1,3766,124.080839
1,3767,314.994647
1,3768,373.425358
1,3769,373.547273
1,3770,256.717726
1,3771,79.702101
1,3772,348.775927
1,3773,239.874592
1,3774,418.101065
1,3775,324.857448
1,3776,370.238798
1,3777,507.371436
1,3778,517.423293
1,3779,77.242599
1,3780,375.921033
1,3781,80.414441
1,3782,509.349249
1,3783,89.087097
1,3784,413.330428
1,3785,241.634288
1,3786,533.364271
1,3787,85.027055
1,3788,263.647147
1,3789,491.042170
1,3790,149.337972
1,3791,560.211507
1,3792,581.361615
1,3793,591.227565
1,3794,46.913160
1,3795,458.036958
1,3796,494.647348
1,3797,556.374763
1,3798,94.702261
1,3799,443.893075
1,3800,411.389216
1,3801,248.852934
1,3802,97.820377
1,3803,438.300181
1,3804,435.193352
1,3805,377.380381
1,3806,104.735519
1,3807,531.738870
1,3808,94.620075
1,3809,312.513567
1,3810,530.841599
1,3811,326.854105
1,3812,554.547710
1,3813,111.781276
1,3814,460.994490
1,3815,529.987392
1,3816,80.795965
1,3817,378.298229
1,3818,604.001171
1,3819,430.323012
1,3820,549.330930
1,3821,434.846447
1,3822,95.329031
1,3823,402.061876
1,3824,270.101681
1,3825,235.043980
1,3826,257.817943
1,3827,397.007014
1,3828,63.448935
1,3829,441.914156
1,3830,325.933743
1,3831,107.306099
1,3832,308.449253
1,3833,395.153416
1,3834,177.783323
1,3835,492.686241
1,3836,513.093560
1,3837,384.962640
1,3838,67.316518
1,3839,274.830312
1,3840,165.494258
1,3841,323.442819
1,3842,64.894884
1,3843,498.593307
1,3844,161.763634
1,3845,115.419490
1,3846,104.852891
1,3847,498.870219
1,3848,83.293685
1,3849,46.893066
1,3850,213.838737
1,3851,376.554339
1,3852,842.723293
1,3853,538.462226
1,3854,77.452782
1,3855,540.541816
1,3856,90.016094
1,3857,256.058520
1,3858,210.489270
1,3859,566.186852
1,3860,108.592027
1,3861,606.873424
1,3862,84.503554
1,3863,465.001944
1,3864,269.743501
1,3865,451.856816
1,3866,101.330921
1,3867,295.454504
1,3868,190.747499
1,3869,527.305296
1,3870,107.162793
1,3871,535.839239
1,3872,243.444668
1,3873,347.494021
1,3874,481.959347
1,3875,516.271067
1,3876,93.556361
1,3877,254.101900
1,3878,501.962715
1,3879,46.188655
1,3880,450.491103
1,3881,371.973369
1,3882,399.370259
1,3883,398.640703
1,3884,98.329540
1,3885,423.530678
1,3886,370.470168
1,3887,241.906692
1,3888,548.178810
1,3889,96.312417
1,3890,235.813976
1,3891,515.230090
1,3892,79.630464
1,3893,238.751102
1,3894,487.484467
1,3895,533.117754
1,3896,450.939556
1,3897,444.080744
1,3898,433.983555
1,3899,100.034443
1,3900,353.491169
1,3901,348.046797
1,3902,83.013818
1,3903,437.284497
1,3904,59.748519
1,3905,455.392026
1,3906,242.888024
1,3907,504.900849
1,3908,74.301512
1,3909,244.926962
1,3910,470.887108
1,3911,996.603296
1,3912,376.272490
1,3913,417.296721
1,3914,137.483880
1,3915,464.089941
1,3916,106.986449
1,3917,394.550138
1,3918,543.899851
1,3919,239.370500
1,3920,111.529291
1,3921,402.418813
1,3922,328.666753
1,3923,440.169485
1,3924,92.235997
1,3925,397.325150
1,3926,689.060818
1,3927,140.650328
1,3928,197.255651
1,3929,256.060488
1,3930,50.504115
1,3931,583.586959
1,3932,643.737022
1,3933,82.350054
1,3934,539.685022
1,3935,428.265618
1,3936,543.880938
1,3937,100.127287
1,3938,241.688175
1,3939,523.267991
1,3940,521.892396
1,3941,512.115085
1,3942,126.212811
1,3943,514.135894
1,3944,516.752847
1,3945,94.384319
1,3946,469.427859
1,3947,366.560521
1,3948,96.467276
1,3949,490.769573
1,3950,302.488851
1,3951,348.577891
1,3952,182.343186
1,3953,244.066628
1,3954,326.160760
1,3955,86.605826
1,3956,594.818025
1,3957,359.108392
1,3958,482.782924
1,3959,522.991112
1,3960,54.131420
1,3961,515.481814
1,3962,100.424529
1,3963,38.558409
1,3964,520.916749
1,3965,382.684339
1,3966,88.614558
1,3967,301.507671
1,3968,273.449134
1,3969,442.959294
1,3970,87.208581
1,3971,45.318485
1,3972,429.743146
1,3973,523.933674
1,3974,461.246565
1,3975,100.163912
1,3976,379.798803
1,3977,97.200183
1,3978,417.962669
1,3979,494.582527
1,3980,360.134090
1,3981,179.929306
1,3982,413.823652
1,3983,161.939023
1,3984,83.155826
1,3985,334.272457
1,3986,84.840282
1,3987,392.610697
1,3988,416.511200
1,3989,503.738694
1,3990,133.866437
1,3991,438.134106
1,3992,373.648000
1,3993,598.640655
1,3994,414.241017
1,3995,101.920763
1,3996,408.131993
1,3997,192.321222
1,3998,522.108818
1,3999,77.196935
1,4000,345.084437
1,4001,458.753512
1,4002,244.863989
1,4003,464.332506
1,4004,407.501307
1,4005,70.091223
1,4006,395.158783
1,4007,421.519997
1,4008,86.550851
1,4009,451.267103
1,4010,570.300351
1,4011,227.398600
1,4012,503.596716
1,4013,256.715317
1,4014,223.248816
1,4015,416.943966
1,4016,178.657642
1,4017,436.345272
1,4018,149.501508
1,4019,494.189444
1,4020,44.650837
1,4021,501.920139
1,4022,339.011644
1,4023,96.331021
1,4024,383.143153
1,4025,85.200103
1,4026,423.899833
1,4027,156.999613
1,4028,258.994199
1,4029,324.139857
1,4030,216.598009
1,4031,107.932514
1,4032,412.260209
1,4033,347.752680
1,4034,463.222015
1,4035,587.933515
1,4036,403.755952
1,4037,117.403616
1,4038,512.934310
1,4039,299.370372
1,4040,233.884494
1,4041,264.799093
1,4042,96.066159
1,4043,425.099183
1,4044,441.642376
1,4045,539.822866
1,4046,84.584336
1,4047,535.940836
1,4048,464.433980
1,4049,99.950977
1,4050,213.448682
1,4051,625.510590
1,4052,98.358919
1,4053,522.717933
1,4054,83.321024
1,4055,314.500913
1,4056,102.581742
1,4057,519.856924
1,4058,437.106308
1,4059,160.510513
1,4060,230.682136
1,4061,218.920069
1,4062,403.575954
1,4063,364.250553
1,4064,492.164420
1,4065,215.970554
1,4066,448.411912
1,4067,75.311614
1,4068,421.445798
1,4069,462.082711
1,4070,88.210877
1,4071,391.794369
1,4072,289.501092
1,4073,495.576475
1,4074,89.127067
1,4075,539.348073
1,4076,528.965095
1,4077,70.271495
1,4078,84.453208
1,4079,499.465157
1,4080,74.474975
1,4081,196.434952
1,4082,507.330879
1,4083,255.205248
1,4084,730.653703
1,4085,369.603410
1,4086,253.712647
1,4087,357.290474
1,4088,567.248168
1,4089,50.464592
1,4090,19.160468
1,4091,428.559413
1,4092,506.429281
1,4093,78.882662
1,4094,378.498668
1,4095,68.134466
1,4096,501.884175
1,4097,433.733514
1,4098,66.797101
1,4099,205.826039
1,4100,90.859016
1,4101,355.723237
1,4102,419.475616
1,4103,73.732267
1,4104,430.853400
1,4105,266.685652
1,4106,466.877140
1,4107,83.636286
1,4108,366.398397
1,4109,530.208173
1,4110,491.517462
1,4111,254.274956
1,4112,111.149995
1,4113,511.660170
1,4114,341.734453
1,4115,31.775660
1,4116,329.029966
1,4117,277.349001
1,4118,489.464493
1,4119,47.847089
1,4120,253.442218
1,4121,497.995842
1,4122,409.442705
1,4123,176.276997
1,4124,457.599069
1,4125,55.704487
1,4126,210.318093
1,4127,385.413547
1,4128,79.132166
1,4129,319.375232
1,4130,90.294837
1,4131,533.936416
1,4132,167.179994
1,4133,415.956538
1,4134,224.471223
1,4135,206.773104
1,4136,377.726693
1,4137,74.188538
1,4138,238.569819
1,4139,116.006298
1,4140,421.435141
1,4141,38.229105
1,4142,337.834247
1,4143,80.976996
1,4144,390.579162
1,4145,143.382037
1,4146,71.878093
1,4147,204.344234
1,4148,273.750736
1,4149,234.213835
1,4150,131.267692
1,4151,548.958759
1,4152,76.579633
1,4153,456.351576
1,4154,370.460706
1,4155,91.925736
1,4156,318.997421
1,4157,80.500990
1,4158,132.351145
1,4159,484.733617
1,4160,78.734952
1,4161,38.184692
1,4162,402.288485
1,4163,78.336900
1,4164,323.564214
1,4165,135.302702
1,4166,78.495943
1,4167,378.882396
1,4168,389.350093
1,4169,368.449378
1,4170,303.386430
1,4171,281.948028
1,4172,494.143439
1,4173,83.398103
1,4174,533.076445
1,4175,378.292478
1,4176,111.414958
1,4177,471.172423
1,4178,381.649526
1,4179,487.199919
1,4180,143.395283
1,4181,256.197590
1,4182,197.995486
1,4183,402.759241
1,4184,344.315393
1,4185,158.132048
1,4186,307.657776
1,4187,45.449388
1,4188,320.373938
1,4189,62.580071
1,4190,138.939134
1,4191,261.648279
1,4192,205.987103
1,4193,239.129621
1,4194,16.154902
1,4195,172.273591
1,4196,46.555744
1,4197,345.277646
1,4198,7.952592
1,4199,236.581934
1,4200,67.596692
1,4201,300.872460
1,4202,131.096282
1,4203,61.938604
1,4204,195.967500
1,4205,275.452282
1,4206,200.967550
1,4207,170.480616
1,4208,326.432856
1,4209,63.022073
1,4210,391.797042
1,4211,447.224212
1,4212,117.264486
1,4213,151.534973
1,4214,281.598788
1,4215,49.402284
1,4216,483.008345
1,4217,102.373434
1,4218,476.693769
1,4219,484.640780
1,4220,66.895659
1,4221,374.247520
1,4222,377.354361
1,4223,99.186724
1,4224,294.055158
1,4225,77.228807
1,4226,123.008391
1,4227,473.996524
1,4228,85.415313
1,4229,50.746972
1,4230,394.297968
1,4231,86.810168
1,4232,330.065897
1,4233,142.109878
1,4234,85.544264
1,4235,385.735660
1,4236,356.981187
1,4237,112.118007
1,4238,508.500582
1,4239,472.036163
1,4240,77.801993
1,4241,379.763284
1,4242,377.426201
1,4243,350.094634
1,4244,344.024786
1,4245,296.676353
1,4246,271.528324
1,4247,505.091086
1,4248,78.968717
1,4249,441.115646
1,4250,76.008033
1,4251,36.101297
1,4252,330.589741
1,4253,68.259591
1,4254,154.197079
1,4255,268.353872
1,4256,224.527471
1,4257,342.965486
1,4258,143.149492
1,4259,174.192097
1,4260,250.416436
1,4261,188.769111
1,4262,191.514945
1,4263,533.374148
1,4264,106.797058
1,4265,121.324937
1,4266,404.569643
1,4267,673.362410
1,4268,338.082154
1,4269,31.775660
1,4270,325.681451
1,4271,66.738274
1,4272,449.345519
1,4273,250.657632
1,4274,459.901373
1,4275,194.212257
1,4276,371.268103
1,4277,54.134163
1,4278,229.944644
1,4279,297.984599
1,4280,30.639113
1,4281,417.873359
1,4282,92.488110
1,4283,177.910187
1,4284,440.837077
1,4285,417.773948
1,4286,205.799425
1,4287,73.391729
1,4288,410.790608
1,4289,244.946316
1,4290,31.139616
1,4291,378.839721
1,4292,435.341792
1,4293,91.281838
1,4294,375.448671
1,4295,77.042170
1,4296,492.654209
1,4297,90.889974
1,4298,418.480769
1,4299,178.914158
1,4300,266.682623
1,4301,343.886787
1,4302,176.409684
1,4303,276.242032
1,4304,86.359821
1,4305,455.415234
1,4306,80.301721
1,4307,202.918396
1,4308,130.330139
1,4309,170.580129
1,4310,477.958468
1,4311,98.590550
1,4312,344.818286
1,4313,500.492583
1,4314,22.322465
1,4315,486.114539
1,4316,66.534352
1,4317,90.001644
1,4318,407.668739
1,4319,74.186700
1,4320,40.829103
1,4321,316.846017
1,4322,357.633111
1,4323,73.370718
1,4324,279.697871
1,4325,359.686885
1,4326,402.646542
1,4327,342.056173
1,4328,31.775660
1,4329,347.131764
1,4330,86.671914
1,4331,124.780877
1,4332,366.686240
1,4333,317.615838
1,4334,85.798446
1,4335,442.879280
1,4336,163.257890
1,4337,88.629106
1,4338,213.124037
1,4339,466.624379
1,4340,106.025179
1,4341,279.562467
1,4342,434.884392
1,4343,56.432773
1,4344,214.577340
1,4345,247.279712
1,4346,389.154942
1,4347,83.221902
1,4348,307.226696
1,4349,394.422999
1,4350,67.328637
1,4351,98.112465
1,4352,389.072938
1,4353,495.435281
1,4354,117.350300
1,4355,111.034990
1,4356,201.733932
1,4357,251.371218
1,4358,74.916374
1,4359,164.746555
1,4360,396.131305
1,4361,74.961226
1,4362,45.976325
1,4363,285.328172
1,4364,494.696006
1,4365,260.634171
1,4366,481.387007
1,4367,134.303344
1,4368,382.683226
1,4369,446.670616
1,4370,125.800328
1,4371,488.166751
1,4372,77.107744
1,4373,204.836017
1,4374,455.085739
1,4375,177.056377
1,4376,366.374922
1,4377,85.569332
1,4378,470.382701
1,4379,330.771891
1,4380,114.457335
1,4381,227.042254
1,4382,295.173140
1,4383,92.668641
1,4384,497.193673
1,4385,88.179259
1,4386,391.400715
1,4387,280.191650
1,4388,473.254375
1,4389,660.201453
1,4390,83.887372
1,4391,363.568109
1,4392,267.498418
1,4393,536.774737
1,4394,400.743782
1,4395,196.712538
1,4396,386.561530
1,4397,81.160926
1,4398,392.452906
1,4399,93.063425
1,4400,464.914236
1,4401,388.759443
1,4402,68.752606
1,4403,422.006132
1,4404,89.202641
1,4405,391.832014
1,4406,86.338313
1,4407,527.528103
1,4408,347.827562
1,4409,20.248212
1,4410,307.772647
1,4411,269.960954
1,4412,403.866912
1,4413,83.193405
1,4414,345.318306
1,4415,73.209597
1,4416,284.586241
1,4417,81.409813
1,4418,286.055077
1,4419,627.236931
1,4420,57.649707
1,4421,447.496992
1,4422,309.407460
1,4423,483.144173
1,4424,52.801562
1,4425,436.656662
1,4426,358.147976
1,4427,64.342868
1,4428,157.869723
1,4429,535.961656
1,4430,326.359157
1,4431,66.370833
1,4432,175.121721
1,4433,1.348409
1,4434,450.636070
1,4435,75.205440
1,4436,304.219689
1,4437,291.250402
1,4438,273.720459
1,4439,306.218158
1,4440,271.045963
1,4441,43.878490
1,4442,166.460671
1,4443,258.520648
1,4444,77.424137
1,4445,244.679848
1,4446,202.995671
1,4447,214.190483
1,4448,329.477355
1,4449,507.987551
1,4450,118.921101
1,4451,229.900900
1,4452,314.854735
1,4453,247.077552
1,4454,276.426437
1,4455,82.044855
1,4456,190.308804
1,4457,192.102240
1,4458,95.286389
1,4459,47.990300
1,4460,354.652306
1,4461,88.646109
1,4462,206.514354
1,4463,490.806466
1,4464,47.321700
1,4465,302.067559
1,4466,114.190237
1,4467,291.952197
1,4468,99.530855
1,4469,229.035883
1,4470,81.579645
1,4471,365.371986
1,4472,178.300244
1,4473,263.969224
1,4474,373.657916
1,4475,106.556625
1,4476,90.383981
1,4477,343.298168
1,4478,97.060826
1,4479,159.835762
1,4480,157.977041
1,4481,273.446809
1,4482,241.640815
1,4483,86.130983
1,4484,246.059226
1,4485,131.932575
1,4486,248.285981
1,4487,232.577635
1,4488,118.002175
1,4489,445.854080
1,4490,78.282945
1,4491,221.442166
1,4492,77.123196
1,4493,302.631354
1,4494,205.360005
1,4495,253.774252
1,4496,74.127398
1,4497,189.143089
1,4498,191.317584
1,4499,332.879070
1,4500,79.267482
1,4501,311.737930
1,4502,79.484823
1,4503,309.178563
1,4504,309.129816
1,4505,286.986123
1,4506,170.356375
1,4507,122.199299
1,4508,38.684917
1,4509,332.071459
1,4510,77.166899
1,4511,448.317341
1,4512,264.834633
1,4513,295.379257
1,4514,83.206476
1,4515,262.363445
1,4516,145.226433
1,4517,223.343820
1,4518,292.261334
1,4519,275.658497
1,4520,377.633558
1,4521,71.520887
1,4522,97.552814
1,4523,353.993020
1,4524,397.118818
1,4525,491.708437
1,4526,369.398424
1,4527,429.805380
1,4528,323.873363
1,4529,31.775660
1,4530,347.849291
1,4531,66.417768
1,4532,384.433303
1,4533,222.247581
1,4534,341.503447
1,4535,128.285453
1,4536,142.504786
1,4537,259.941438
1,4538,54.831094
1,4539,212.048063
1,4540,441.567953
1,4541,80.307150
1,4542,388.772554
1,4543,72.349161
1,4544,186.949723
1,4545,399.331603
1,4546,428.276528
1,4547,364.944982
1,4548,219.719462
1,4549,89.605126
1,4550,159.296126
1,4551,68.504216
1,4552,215.169872
1,4553,300.675582
1,4554,384.596682
1,4555,183.910114
1,4556,443.577971
1,4557,87.072529
1,4558,152.211155
1,4559,194.752234
1,4560,284.009560
1,4561,63.935032
1,4562,249.589782
1,4563,62.424213
1,4564,129.760970
1,4565,62.266376
1,4566,223.843896
1,4567,300.071632
1,4568,345.150603
1,4569,381.232614
1,4570,323.507721
1,4571,164.223784
1,4572,112.902746
1,4573,305.868534
1,4574,364.196838
1,4575,388.178606
1,4576,61.375456
1,4577,348.974313
1,4578,17.643994
1,4579,317.069921
1,4580,237.688057
1,4581,56.262995
1,4582,199.461081
1,4583,340.876956
1,4584,233.379822
1,4585,321.691500
1,4586,374.142904
1,4587,383.721679
1,4588,421.049815
1,4589,79.928459
1,4590,137.247711
1,4591,356.984158
1,4592,118.805484
1,4593,211.026274
1,4594,141.618782
1,4595,96.365047
1,4596,349.433118
1,4597,36.911606
1,4598,316.835126
1,4599,250.505813
1,4600,225.413492
1,4601,335.350176
1,4602,416.964093
1,4603,51.514701
1,4604,224.342665
1,4605,106.222793
1,4606,304.066226
1,4607,62.511969
1,4608,285.849856
1,4609,122.246619
1,4610,338.767700
1,4611,320.037384
1,4612,81.753882
1,4613,416.761107
1,4614,366.772360
1,4615,370.195191
1,4616,430.796415
1,4617,376.422167
1,4618,75.510916
1,4619,258.233101
1,4620,68.064698
1,4621,247.757884
1,4622,355.115934
1,4623,67.299427
1,4624,171.814049
1,4625,298.202954
1,4626,125.897728
1,4627,172.034429
1,4628,59.331702
1,4629,682.958490
1,4630,63.382273
1,4631,326.783792
1,4632,115.161942
1,4633,288.709053
1,4634,68.024057
1,4635,170.543206
1,4636,355.390131
1,4637,347.753906
1,4638,65.136632
1,4639,35.871333
1,4640,290.965102
1,4641,56.663728
1,4642,370.013178
1,4643,69.086178
1,4644,178.688381
1,4645,485.329801
1,4646,63.424829
1,4647,359.525698
1,4648,54.269324
1,4649,274.904978
1,4650,180.328265
1,4651,221.475900
1,4652,253.674288
1,4653,259.549354
1,4654,135.066744
1,4655,197.678993
1,4656,373.759292
1,4657,48.514965
1,4658,181.060716
1,4659,183.769342
1,4660,257.854031
1,4661,152.800128
1,4662,69.769245
1,4663,302.351314
1,4664,233.229879
1,4665,51.594610
1,4666,185.717563
1,4667,171.961045
1,4668,272.071631
1,4669,115.601167
1,4670,40.355602
1,4671,316.468308
1,4672,148.837526
1,4673,187.612452
1,4674,222.121363
1,4675,247.915632
1,4676,186.801606
1,4677,315.392285
1,4678,94.260643
1,4679,140.215258
1,4680,48.940856
1,4681,168.395316
1,4682,43.173753
1,4683,209.951211
1,4684,33.766331
1,4685,56.146763
1,4686,261.688295
1,4687,273.823189
1,4688,325.739930
1,4689,333.585426
1,4690,137.291535
1,4691,287.863308
1,4692,48.476976
1,4693,274.251496
1,4694,105.921334
1,4695,180.025870
1,4696,249.129926
1,4697,406.160929
1,4698,194.291903
1,4699,279.820259
1,4700,415.175752
1,4701,233.756915
1,4702,432.183737
1,4703,370.539619
1,4704,313.414735
1,4705,220.331954
1,4706,44.581761
1,4707,310.195027
1,4708,50.817138
1,4709,241.520407
1,4710,325.120556
1,4711,295.726661
1,4712,39.882090
1,4713,331.447536
1,4714,295.608606
1,4715,250.824652
1,4716,273.989778
1,4717,359.785970
1,4718,99.298134
1,4719,66.840760
1,4720,88.037969
1,4721,262.832516
1,4722,224.281611
1,4723,299.503386
1,4724,244.668084
1,4725,347.448544
1,4726,258.637710
1,4727,195.613029
1,4728,450.062609
1,4729,75.415140
1,4730,279.145713
1,4731,334.727399
1,4732,357.042823
1,4733,340.868179
1,4734,362.652502
1,4735,57.107155
1,4736,229.553589
1,4737,415.638378
1,4738,98.886000
1,4739,229.079607
1,4740,490.031912
1,4741,435.142291
1,4742,406.425767
1,4743,332.362491
1,4744,100.439813
1,4745,361.348215
1,4746,299.245330
1,4747,308.467635
1,4748,66.160011
1,4749,167.529389
1,4750,237.355833
1,4751,332.096024
1,4752,307.988618
1,4753,49.603871
1,4754,374.215328
1,4755,75.138136
1,4756,413.427398
1,4757,445.394232
1,4758,416.253673
1,4759,38.422972
1,4760,14.335791
1,4761,297.366839
1,4762,55.517936
1,4763,247.411952
1,4764,187.891645
1,4765,261.963797
1,4766,129.575836
1,4767,327.067193
1,4768,221.466507
1,4769,189.515811
1,4770,31.775660
1,4771,160.071663
1,4772,294.484353
1,4773,117.232780
1,4774,196.324040
1,4775,232.004432
1,4776,154.072475
1,4777,76.084228
1,4778,305.307277
1,4779,374.214222
1,4780,236.963363
1,4781,156.201894
1,4782,141.323564
1,4783,110.074881
1,4784,224.884507
1,4785,270.294750
1,4786,53.556549
1,4787,293.413238
1,4788,47.980044
1,4789,176.573515
1,4790,7.258690
1,4791,105.898740
1,4792,241.024303
1,4793,332.177872
1,4794,215.878606
1,4795,311.892386
1,4796,200.836825
1,4797,122.072957
1,4798,261.653474
1,4799,290.143120
1,4800,147.215573
1,4801,239.479179
1,4802,239.996234
1,4803,355.239835
1,4804,226.607828
1,4805,237.941715
1,4806,63.429062
1,4807,434.240776
1,4808,27.049801
1,4809,264.358001
1,4810,52.064655
1,4811,199.793879
1,4812,139.331713
1,4813,332.079460
1,4814,48.046792
1,4815,205.701726
1,4816,671.628819
1,4817,575.186709
1,4818,351.414690
1,4819,409.091474
1,4820,19.465671
1,4821,478.983671
1,4822,397.333860
1,4823,425.398524
1,4824,331.212230
1,4825,283.260856
1,4826,45.224043
1,4827,71.668701
1,4828,504.965203
1,4829,267.676976
1,4830,405.698692
1,4831,446.987004
1,4832,408.824375
1,4833,396.620333
1,4834,387.111421
1,4835,97.710175
1,4836,390.366079
1,4837,294.917184
1,4838,592.978177
1,4839,430.289715
1,4840,340.705597
1,4841,407.436158
1,4842,69.080173
1,4843,368.666987
1,4844,348.426304
1,4845,410.742089
1,4846,554.055240
1,4847,245.660402
1,4848,229.653299
1,4849,410.463130
1,4850,31.451163
1,4851,179.398851
1,4852,328.486368
1,4853,391.594367
1,4854,397.140975
1,4855,291.572547
1,4856,379.233109
1,4857,363.615820
1,4858,102.074799
1,4859,109.172840
1,4860,552.387009
1,4861,150.621019
1,4862,378.055181
1,4863,457.426184
1,4864,68.984122
1,4865,426.926637
1,4866,82.547037
1,4867,173.397332
1,4868,172.449851
1,4869,273.621323
1,4870,305.582163
1,4871,179.835792
1,4872,331.221489
1,4873,43.636298
1,4874,274.904057
1,4875,338.100416
1,4876,62.221234
1,4877,89.208560
1,4878,554.936221
1,4879,338.667919
1,4880,61.026670
1,4881,406.975503
1,4882,296.170564
1,4883,420.268929
1,4884,56.362635
1,4885,238.159089
1,4886,77.510106
1,4887,398.161577
1,4888,170.139190
1,4889,376.496428
1,4890,328.930208
1,4891,363.923763
1,4892,287.180155
1,4893,494.428847
1,4894,339.005825
1,4895,527.663461
1,4896,390.104227
1,4897,618.659129
1,4898,63.963136
1,4899,219.385938
1,4900,99.639599
1,4901,435.268849
1,4902,488.815436
1,4903,102.966661
1,4904,252.434425
1,4905,79.086646
1,4906,230.668274
1,4907,194.001394
1,4908,205.210619
1,4909,81.048378
1,4910,364.973993
1,4911,85.812786
1,4912,339.541356
1,4913,71.699098
1,4914,97.549660
1,4915,418.499084
1,4916,259.013225
1,4917,384.254324
1,4918,257.381887
1,4919,108.330147
1,4920,185.836759
1,4921,276.547203
1,4922,390.628674
1,4923,63.155535
1,4924,411.106030
1,4925,67.016469
1,4926,67.183412
1,4927,445.281962
1,4928,111.722112
1,4929,381.486823
1,4930,360.596381
1,4931,84.623093
1,4932,299.222590
1,4933,294.156875
1,4934,30.116081
1,4935,236.482773
1,4936,74.662234
1,4937,401.183572
1,4938,460.984718
1,4939,392.812815
1,4940,486.432336
1,4941,245.581886
1,4942,315.341037
1,4943,347.768754
1,4944,331.544475
1,4945,362.093984
1,4946,319.148186
1,4947,254.635605
1,4948,92.706695
1,4949,233.826506
1,4950,305.389155
1,4951,374.350072
1,4952,85.275812
1,4953,207.589078
1,4954,402.116965
1,4955,81.760521
1,4956,484.112537
1,4957,134.090753
1,4958,336.960397
1,4959,332.960465
1,4960,181.448539
1,4961,70.980843
1,4962,269.975652
1,4963,74.307425
1,4964,305.891037
1,4965,210.615957
1,4966,277.263289
1,4967,266.691554
1,4968,49.471392
1,4969,234.286922
1,4970,456.809796
1,4971,293.830051
1,4972,265.421841
1,4973,97.868859
1,4974,212.231015
1,4975,306.308315
1,4976,375.435207
1,4977,388.246026
1,4978,21.394103
1,4979,227.569615
1,4980,343.073736
1,4981,65.745423
1,4982,280.215415
1,4983,52.614429
1,4984,81.195757
1,4985,337.088854
1,4986,60.257694
1,4987,156.380540
1,4988,85.968345
1,4989,228.243047
1,4990,192.494484
1,4991,66.542329
1,4992,170.442249
1,4993,231.270584
1,4994,89.248888
1,4995,368.900305
1,4996,101.570222
1,4997,114.111908
1,4998,403.440866
1,4999,68.079566
1,5000,400.155218
1,5001,503.832229
1,5002,189.269408
1,5003,503.227034
1,5004,86.729583
1,5005,315.800978
1,5006,295.368623
1,5007,519.324685
1,5008,250.178293
1,5009,255.587550
1,5010,331.221059
1,5011,198.696922
1,5012,323.937988
1,5013,84.989924
1,5014,613.843169
1,5015,68.928144
1,5016,72.979420
1,5017,490.269487
1,5018,471.477905
1,5019,206.909988
1,5020,314.894522
1,5021,269.867434
1,5022,573.782684
1,5023,78.424321
1,5024,290.024682
1,5025,112.533565
1,5026,340.781223
1,5027,314.817188
1,5028,182.924827
1,5029,298.067610
1,5030,302.665371
1,5031,199.731856
1,5032,369.039988
1,5033,248.732068
1,5034,550.317211
1,5035,355.149943
1,5036,561.583861
1,5037,446.486016
1,5038,329.524727
1,5039,73.810088
1,5040,353.116234
1,5041,322.875423
1,5042,382.830889
1,5043,408.033560
1,5044,61.397609
1,5045,388.649152
1,5046,361.503494
1,5047,371.746567
1,5048,396.718508
1,5049,497.413383
1,5050,232.781522
1,5051,312.393410
1,5052,365.676040
1,5053,159.868528
1,5054,371.642680
1,5055,322.741735
1,5056,165.249063
1,5057,235.177617
1,5058,31.775660
1,5059,152.994448
1,5060,296.538236
1,5061,223.317249
1,5062,267.504272
1,5063,60.706729
1,5064,13.627068
1,5065,60.708897
1,5066,148.847957
1,5067,279.842293
1,5068,244.114263
1,5069,68.766116
1,5070,202.238216
1,5071,70.555659
1,5072,314.240617
1,5073,158.412403
1,5074,229.799529
1,5075,1.348409
1,5076,222.842391
1,5077,87.162875
1,5078,299.248561
1,5079,76.369446
1,5080,201.874733
1,5081,33.753306
1,5082,311.733599
1,5083,213.277084
1,5084,254.210711
1,5085,267.988958
1,5086,89.655400
1,5087,180.722290
1,5088,81.360007
1,5089,314.972930
1,5090,431.154580
1,5091,1.348409
1,5092,247.442213
1,5093,149.286487
1,5094,77.428981
1,5095,141.923292
1,5096,65.275700
1,5097,99.187148
1,5098,27.907156
1,5099,273.997432
1,5100,61.153844
1,5101,140.991734
1,5102,235.051181
1,5103,326.240096
1,5104,75.776927
1,5105,226.830277
1,5106,98.782374
1,5107,276.583239
1,5108,76.538474
1,5109,205.469358
1,5110,70.968414
1,5111,77.108399
1,5112,274.258741
1,5113,123.199778
1,5114,289.197429
1,5115,190.168924
1,5116,75.990033
1,5117,251.300090
1,5118,296.589089
1,5119,320.075109
1,5120,409.796601
1,5121,149.071674
1,5122,69.874641
1,5123,154.598664
1,5124,311.365623
1,5125,371.241009
1,5126,257.197986
1,5127,64.271017
1,5128,256.288853
1,5129,47.983881
1,5130,251.599350
1,5131,241.057159
1,5132,153.925850
1,5133,341.213273
1,5134,62.757458
1,5135,280.075808
1,5136,1179.996276
1,5137,327.710596
1,5138,49.633962
1,5139,377.031712
1,5140,198.641319
1,5141,133.802274
1,5142,341.668043
1,5143,64.364565
1,5144,221.680414
1,5145,76.080061
1,5146,184.397112
1,5147,127.744838
1,5148,363.775164
1,5149,356.699506
1,5150,86.315038
1,5151,454.443220
1,5152,290.074048
1,5153,36.907620
1,5154,184.803964
1,5155,337.834436
1,5156,2.937347
1,5157,222.349740
1,5158,368.127999
1,5159,2.476826
1,5160,275.728920
1,5161,539.283213
1,5162,425.732296
1,5163,302.708279
1,5164,310.721730
1,5165,63.265418
1,5166,219.151244
1,5167,72.554112
1,5168,402.170919
1,5169,281.097093
1,5170,313.965104
1,5171,326.370082
1,5172,444.022520
1,5173,86.509183
1,5174,229.066997
1,5175,261.331325
1,5176,60.618550
1,5177,322.824582
1,5178,291.380144
1,5179,74.256579
1,5180,220.143557
1,5181,63.125528
1,5182,222.633403
1,5183,196.113801
1,5184,103.877321
1,5185,168.627387
1,5186,65.998681
1,5187,192.682895
1,5188,134.925674
1,5189,343.523905
1,5190,60.279102
1,5191,243.479931
1,5192,356.128073
1,5193,22.713149
1,5194,204.500304
1,5195,341.049347
1,5196,60.273858
1,5197,233.845244
1,5198,213.770180
1,5199,430.982333
1,5200,78.276974
1,5201,212.082327
1,5202,277.358563
1,5203,132.537299
1,5204,131.941115
1,5205,213.701271
1,5206,361.923533
1,5207,331.915456
1,5208,64.624088
1,5209,297.948790
1,5210,73.578535
1,5211,175.546624
1,5212,368.538298
1,5213,69.980142
1,5214,305.132986
1,5215,52.839352
1,5216,153.254572
1,5217,75.853868
1,5218,393.792793
1,5219,55.207495
1,5220,124.080839
1,5221,314.994647
1,5222,373.425358
1,5223,373.547273
1,5224,605.788386
1,5225,8.954721
1,5226,331.459077
1,5227,235.215433
1,5228,358.828707
1,5229,83.217459
1,5230,329.291367
1,5231,481.144254
1,5232,108.619280
1,5233,549.352057
1,5234,395.513323
1,5235,236.184175
1,5236,391.717629
1,5237,82.097227
1,5238,370.853818
1,5239,172.158801
1,5240,92.423919
1,5241,239.282313
1,5242,209.917909
1,5243,296.093190
1,5244,454.090612
1,5245,480.543438
1,5246,484.292295
1,5247,132.407075
1,5248,603.890420
1,5249,107.778252
1,5250,291.365560
1,5251,94.285672
1,5252,112.220317
1,5253,294.802226
1,5254,235.694791
1,5255,88.577391
1,5256,401.064048
1,5257,129.125365
1,5258,247.044162
1,5259,802.043239
1,5260,413.793231
1,5261,227.458780
1,5262,122.101839
1,5263,605.495500
1,5264,345.057768
1,5265,413.813896
1,5266,97.003441
1,5267,508.478676
1,5268,374.742883
1,5269,273.947829
1,5270,218.805362
1,5271,330.458515
1,5272,346.264274
1,5273,301.241980
1,5274,210.546423
1,5275,437.188734
1,5276,372.440487
1,5277,80.977083
1,5278,255.783468
1,5279,294.674412
1,5280,316.271388
1,5281,411.671180
1,5282,278.938119
1,5283,107.878786
1,5284,395.243016
1,5285,89.883421
1,5286,121.420506
1,5287,295.600287
1,5288,96.614504
1,5289,326.995507
1,5290,381.956931
1,5291,43.251995
1,5292,191.661750
1,5293,240.388060
1,5294,71.694393
1,5295,246.293166
1,5296,157.256823
1,5297,290.714775
1,5298,95.870734
1,5299,561.890806
1,5300,214.159018
1,5301,95.670528
1,5302,360.997822
1,5303,324.427797
1,5304,90.011452
1,5305,64.634245
1,5306,328.358944
1,5307,246.013245
1,5308,373.971115
1,5309,289.514687
1,5310,229.691395
1,5311,413.558375
1,5312,271.691394
1,5313,47.439569
1,5314,241.657532
1,5315,284.793164
1,5316,459.100821
1,5317,184.266948
1,5318,476.248798
1,5319,310.296468
1,5320,96.138239
1,5321,191.931147
1,5322,84.142839
1,5323,186.886875
1,5324,443.426974
1,5325,463.430496
1,5326,345.755899
1,5327,92.413337
1,5328,245.956140
1,5329,58.059970
1,5330,517.474863
1,5331,95.781182
1,5332,301.186746
1,5333,274.852031
1,5334,316.517240
1,5335,187.298995
1,5336,350.991898
1,5337,418.281047
1,5338,93.945015
1,5339,58.857784
1,5340,404.949436
1,5341,97.077962
1,5342,171.783429
1,5343,325.077973
1,5344,86.759624
1,5345,436.589249
1,5346,84.697000
1,5347,448.417845
1,5348,265.751350
1,5349,279.334052
1,5350,148.389992
1,5351,355.378099
1,5352,51.556992
1,5353,473.386525
1,5354,153.400118
1,5355,252.731880
1,5356,260.667702
1,5357,111.043008
1,5358,553.160949
1,5359,77.892524
1,5360,265.103805
1,5361,351.353397
1,5362,149.096085
1,5363,590.970145
1,5364,87.535101
1,5365,305.753190
1,5366,364.266737
1,5367,135.399034
1,5368,185.017833
1,5369,386.147920
1,5370,186.307828
1,5371,101.182219
1,5372,317.295464
1,5373,302.377604
1,5374,95.345183
1,5375,162.065618
1,5376,65.684677
1,5377,340.489029
1,5378,384.967125
1,5379,216.861142
1,5380,553.355712
1,5381,191.528622
1,5382,470.882408
1,5383,410.985346
1,5384,482.872497
1,5385,361.272045
1,5386,94.638706
1,5387,211.227030
1,5388,288.610429
1,5389,316.709841
1,5390,106.390145
1,5391,332.064203
1,5392,184.663746
1,5393,415.571940
1,5394,342.824380
1,5395,228.820036
1,5396,115.830429
1,5397,119.390978
1,5398,463.781527
1,5399,375.851147
1,5400,79.980026
1,5401,364.845249
1,5402,115.319636
1,5403,507.559840
1,5404,409.247038
1,5405,100.312221
1,5406,406.984244
1,5407,114.064977
1,5408,363.403520
1,5409,86.785861
1,5410,280.185302
1,5411,55.143108
1,5412,620.535799
1,5413,86.864259
1,5414,240.256257
1,5415,245.040941
1,5416,204.869433
1,5417,224.693007
1,5418,451.477988
1,5419,75.654826
1,5420,466.511157
1,5421,224.794811
1,5422,474.673940
1,5423,312.288558
1,5424,230.595561
1,5425,215.891725
1,5426,160.097173
1,5427,412.267000
1,5428,598.192606
1,5429,120.773272
1,5430,416.185424
1,5431,104.760554
1,5432,162.947164
1,5433,489.239072
1,5434,170.256003
1,5435,159.735888
1,5436,174.240837
1,5437,186.848589
1,5438,273.674781
1,5439,61.189410
1,5440,450.590784
1,5441,121.610413
1,5442,559.431661
1,5443,77.425257
1,5444,243.298152
1,5445,87.326688
1,5446,75.917099
1,5447,170.474855
1,5448,102.654697
1,5449,111.756683
1,5450,342.612866
1,5451,32.493650
1,5452,308.864067
1,5453,458.611103
1,5454,184.288291
1,5455,86.674657
1,5456,349.591103
1,5457,293.660129
1,5458,68.058723
1,5459,329.497526
1,5460,39.905015
1,5461,316.465802
1,5462,81.157187
1,5463,209.171057
1,5464,571.774548
1,5465,384.001551
1,5466,71.948484
1,5467,162.275314
1,5468,142.716921
1,5469,375.849286
1,5470,61.125643
1,5471,427.886093
1,5472,65.564457
1,5473,320.046377
1,5474,89.103540
1,5475,247.782538
1,5476,176.018789
1,5477,340.313948
1,5478,305.603002
1,5479,67.563136
1,5480,198.942550
1,5481,306.857327
1,5482,310.502527
1,5483,516.854396
1,5484,195.050732
1,5485,335.930650
1,5486,82.029040
1,5487,397.387100
1,5488,173.690898
1,5489,423.656739
1,5490,44.440132
1,5491,307.046937
1,5492,80.957941
1,5493,100.419051
1,5494,267.328089
1,5495,102.281961
1,5496,110.683879
1,5497,152.069373
1,5498,280.176159
1,5499,84.863363
1,5500,213.957969
1,5501,82.182629
1,5502,371.534159
1,5503,148.558678
1,5504,171.981182
1,5505,431.694650
1,5506,137.666797
1,5507,90.635467
1,5508,394.322304
1,5509,396.844643
1,5510,189.906473
1,5511,276.791069
1,5512,94.601276
1,5513,303.351113
1,5514,178.458655
1,5515,194.337973
1,5516,545.164623
1,5517,85.715128
1,5518,182.285569
1,5519,480.920493
1,5520,405.057797
1,5521,113.076599
1,5522,282.428290
1,5523,82.989430
1,5524,293.201022
1,5525,123.436500
1,5526,436.118372
1,5527,568.366489
1,5528,151.426831
1,5529,360.430193
1,5530,106.873747
1,5531,278.421750
1,5532,425.368530
1,5533,498.229870
1,5534,86.286559
1,5535,288.680965
1,5536,172.536089
1,5537,72.091366
1,5538,333.224183
1,5539,81.470501
1,5540,425.418493
1,5541,116.335782
1,5542,436.352037
1,5543,141.854545
1,5544,131.045528
1,5545,321.887378
1,5546,493.957642
1,5547,356.517780
1,5548,93.645742
1,5549,153.426037
1,5550,415.881703
1,5551,316.997155
1,5552,117.532657
1,5553,395.733413
1,5554,221.064538
1,5555,105.320251
1,5556,820.881268
1,5557,149.466804
1,5558,94.548335
1,5559,500.834632
1,5560,294.369622
1,5561,545.773714
1,5562,59.567606
1,5563,398.970754
1,5564,236.334069
1,5565,372.069269
1,5566,93.819468
1,5567,263.881518
1,5568,314.209009
1,5569,376.435550
1,5570,386.037867
1,5571,343.887531
1,5572,64.126640
1,5573,191.724209
1,5574,102.195075
1,5575,262.272529
1,5576,186.806200
1,5577,370.580005
1,5578,95.301538
1,5579,228.633617
1,5580,106.045803
1,5581,344.523825
1,5582,80.040466
1,5583,324.460152
1,5584,245.320440
1,5585,90.355013
1,5586,416.020486
1,5587,216.728746
1,5588,225.336885
1,5589,390.759397
1,5590,53.384387
1,5591,349.350673
1,5592,319.408478
1,5593,278.579062
1,5594,624.632717
1,5595,188.856742
1,5596,355.010502
1,5597,103.845554
1,5598,388.037346
1,5599,281.948622
1,5600,206.716921
1,5601,94.045532
1,5602,330.600691
1,5603,259.016816
1,5604,282.656501
1,5605,238.998759
1,5606,102.815569
1,5607,314.415614
1,5608,248.806330
1,5609,49.808075
1,5610,367.693151
1,5611,246.096743
1,5612,271.004924
1,5613,236.140063
1,5614,318.045159
1,5615,462.062594
1,5616,191.405213
1,5617,50.665952
1,5618,495.271201
1,5619,92.178920
1,5620,456.139154
1,5621,72.869451
1,5622,398.766047
1,5623,67.687219
1,5624,95.467458
1,5625,349.315889
1,5626,388.282598
1,5627,79.747028
1,5628,213.489864
1,5629,83.316255
1,5630,274.181918
1,5631,138.750736
1,5632,149.135456
1,5633,178.790833
1,5634,292.563450
1,5635,410.447604
1,5636,92.264174
1,5637,148.813591
1,5638,138.425392
1,5639,472.674806
1,5640,87.319748
1,5641,475.702558
1,5642,105.253761
1,5643,467.710413
1,5644,107.270616
1,5645,320.699553
1,5646,250.170188
1,5647,545.789261
1,5648,155.343369
1,5649,92.279171
1,5650,450.101421
1,5651,151.926336
1,5652,449.283211
1,5653,259.690115
1,5654,288.254508
1,5655,326.359157
1,5656,66.370833
1,5657,175.121721
1,5658,1.348409
1,5659,450.636070
1,5660,75.205440
1,5661,304.219689
1,5662,291.250402
1,5663,273.720459
1,5664,306.218158
1,5665,271.045963
1,5666,43.878490
1,5667,166.460671
1,5668,258.520648
1,5669,77.424137
1,5670,244.679848
1,5671,202.995671
1,5672,214.190483
1,5673,329.477355
1,5674,507.987551
1,5675,118.921101
1,5676,229.900900
1,5677,314.854735
1,5678,247.077552
1,5679,276.426437
1,5680,82.044855
1,5681,190.308804
1,5682,192.102240
1,5683,95.286389
1,5684,47.990300
1,5685,354.652306
1,5686,88.646109
1,5687,206.514354
1,5688,490.806466
1,5689,47.321700
1,5690,302.067559
1,5691,114.190237
1,5692,291.952197
1,5693,99.530855
1,5694,229.035883
1,5695,81.579645
1,5696,365.371986
1,5697,178.300244
1,5698,263.969224
1,5699,373.657916
1,5700,106.556625
1,5701,90.383981
1,5702,343.298168
1,5703,97.060826
1,5704,159.835762
1,5705,157.977041
1,5706,273.446809
1,5707,241.640815
1,5708,86.130983
1,5709,246.059226
1,5710,131.932575
1,5711,248.285981
1,5712,232.577635
1,5713,118.002175
1,5714,445.854080
1,5715,78.282945
1,5716,221.442166
1,5717,77.123196
1,5718,302.631354
1,5719,205.360005
1,5720,253.774252
1,5721,74.127398
1,5722,189.143089
1,5723,191.317584
1,5724,332.879070
1,5725,79.267482
1,5726,311.737930
1,5727,79.484823
1,5728,309.178563
1,5729,309.129816
1,5730,286.986123
1,5731,170.356375
1,5732,122.199299
1,5733,38.684917
1,5734,332.071459
1,5735,77.166899
1,5736,448.317341
1,5737,264.834633
1,5738,295.379257
1,5739,83.206476
1,5740,262.363445
1,5741,145.226433
1,5742,223.343820
1,5743,292.261334
1,5744,275.658497
1,5745,377.633558
1,5746,71.520887
1,5747,97.552814
1,5748,353.993020
1,5749,397.118818
1,5750,491.708437
1,5751,369.398424
1,5752,429.805380
1,5753,323.873363
1,5754,31.775660
1,5755,347.849291
1,5756,66.417768
1,5757,384.433303
1,5758,222.247581
1,5759,341.503447
1,5760,128.285453
1,5761,142.504786
1,5762,259.941438
1,5763,54.831094
1,5764,212.048063
1,5765,441.567953
1,5766,80.307150
1,5767,388.772554
1,5768,72.349161
1,5769,186.949723
1,5770,399.331603
1,5771,428.276528
1,5772,364.944982
1,5773,219.719462
1,5774,89.605126
1,5775,159.296126
1,5776,68.504216
1,5777,215.169872
1,5778,300.675582
1,5779,384.596682
1,5780,183.910114
1,5781,443.577971
1,5782,87.072529
1,5783,152.211155
1,5784,194.752234
1,5785,284.009560
1,5786,63.935032
1,5787,249.589782
1,5788,62.424213
1,5789,129.760970
1,5790,62.266376
1,5791,223.843896
1,5792,300.071632
1,5793,345.150603
1,5794,381.232614
1,5795,323.507721
1,5796,164.223784
1,5797,112.902746
1,5798,305.868534
1,5799,364.196838
1,5800,388.178606
1,5801,61.375456
1,5802,348.974313
1,5803,17.643994
1,5804,317.069921
1,5805,237.688057
1,5806,56.262995
1,5807,199.461081
1,5808,340.876956
1,5809,233.379822
1,5810,321.691500
1,5811,374.142904
1,5812,383.721679
1,5813,421.049815
1,5814,79.928459
1,5815,137.247711
1,5816,356.984158
1,5817,118.805484
1,5818,211.026274
1,5819,141.618782
1,5820,96.365047
1,5821,349.433118
1,5822,36.911606
1,5823,316.835126
1,5824,250.505813
1,5825,225.413492
1,5826,335.350176
1,5827,416.964093
1,5828,51.514701
1,5829,224.342665
1,5830,106.222793
1,5831,304.066226
1,5832,62.511969
1,5833,285.849856
1,5834,122.246619
1,5835,338.767700
1,5836,320.037384
1,5837,81.753882
1,5838,416.761107
1,5839,366.772360
1,5840,370.195191
1,5841,430.796415
1,5842,376.422167
1,5843,75.510916
1,5844,258.233101
1,5845,68.064698
1,5846,247.757884
1,5847,355.115934
1,5848,67.299427
1,5849,171.814049
1,5850,298.202954
1,5851,125.897728
1,5852,172.034429
1,5853,59.331702
1,5854,682.958490
1,5855,63.382273
1,5856,326.783792
1,5857,115.161942
1,5858,288.709053
1,5859,68.024057
1,5860,170.543206
1,5861,355.390131
1,5862,347.753906
1,5863,65.136632
1,5864,35.871333
1,5865,290.965102
1,5866,56.663728
1,5867,370.013178
1,5868,69.086178
1,5869,178.688381
1,5870,485.329801
1,5871,63.424829
1,5872,359.525698
1,5873,54.269324
1,5874,274.904978
1,5875,180.328265
1,5876,221.475900
1,5877,253.674288
1,5878,259.549354
1,5879,135.066744
1,5880,197.678993
1,5881,373.759292
1,5882,48.514965
1,5883,181.060716
1,5884,183.769342
1,5885,257.854031
1,5886,152.800128
1,5887,69.769245
1,5888,302.351314
1,5889,233.229879
1,5890,51.594610
1,5891,185.717563
1,5892,171.961045
1,5893,272.071631
1,5894,115.601167
1,5895,40.355602
1,5896,316.468308
1,5897,148.837526
1,5898,187.612452
1,5899,222.121363
1,5900,247.915632
1,5901,186.801606
1,5902,315.392285
1,5903,94.260643
1,5904,140.215258
1,5905,48.940856
1,5906,168.395316
1,5907,43.173753
1,5908,209.951211
1,5909,33.766331
1,5910,56.146763
1,5911,261.688295
1,5912,273.823189
1,5913,325.739930
1,5914,333.585426
1,5915,137.291535
1,5916,287.863308
1,5917,48.476976
1,5918,274.251496
1,5919,105.921334
1,5920,180.025870
1,5921,249.129926
1,5922,406.160929
1,5923,194.291903
1,5924,279.820259
1,5925,415.175752
1,5926,233.756915
1,5927,432.183737
1,5928,370.539619
1,5929,313.414735
1,5930,220.331954
1,5931,44.581761
1,5932,310.195027
1,5933,50.817138
1,5934,241.520407
1,5935,325.120556
1,5936,295.726661
1,5937,39.882090
1,5938,331.447536
1,5939,295.608606
1,5940,250.824652
1,5941,273.989778
1,5942,359.785970
1,5943,99.298134
1,5944,66.840760
1,5945,88.037969
1,5946,262.832516
1,5947,224.281611
1,5948,299.503386
1,5949,244.668084
1,5950,347.448544
1,5951,258.637710
1,5952,195.613029
1,5953,450.062609
1,5954,75.415140
1,5955,279.145713
1,5956,334.727399
1,5957,357.042823
1,5958,340.868179
1,5959,362.652502
1,5960,57.107155
1,5961,229.553589
1,5962,415.638378
1,5963,98.886000
1,5964,229.079607
1,5965,490.031912
1,5966,435.142291
1,5967,406.425767
1,5968,332.362491
1,5969,100.439813
1,5970,361.348215
1,5971,299.245330
1,5972,308.467635
1,5973,66.160011
1,5974,167.529389
1,5975,237.355833
1,5976,332.096024
1,5977,307.988618
1,5978,49.603871
1,5979,374.215328
1,5980,75.138136
1,5981,413.427398
1,5982,445.394232
1,5983,416.253673
1,5984,38.422972
1,5985,14.335791
1,5986,297.366839
1,5987,55.517936
1,5988,247.411952
1,5989,187.891645
1,5990,261.963797
1,5991,129.575836
1,5992,327.067193
1,5993,221.466507
1,5994,189.515811
1,5995,31.775660
1,5996,160.071663
1,5997,294.484353
1,5998,117.232780
1,5999,196.324040
1,6000,232.004432
1,6001,154.072475
1,6002,76.084228
1,6003,305.307277
1,6004,374.214222
1,6005,236.963363
1,6006,156.201894
1,6007,141.323564
1,6008,110.074881
1,6009,224.884507
1,6010,270.294750
1,6011,53.556549
1,6012,293.413238
1,6013,47.980044
1,6014,176.573515
1,6015,7.258690
1,6016,105.898740
1,6017,241.024303
1,6018,332.177872
1,6019,215.878606
1,6020,311.892386
1,6021,200.836825
1,6022,122.072957
1,6023,261.653474
1,6024,290.143120
1,6025,147.215573
1,6026,239.479179
1,6027,239.996234
1,6028,355.239835
1,6029,226.607828
1,6030,237.941715
1,6031,63.429062
1,6032,434.240776
1,6033,27.049801
1,6034,264.358001
1,6035,52.064655
1,6036,199.793879
1,6037,139.331713
1,6038,332.079460
1,6039,48.046792
1,6040,205.701726
1,6041,671.628819
1,6042,575.186709
1,6043,351.414690
1,6044,409.091474
1,6045,19.465671
1,6046,478.983671
1,6047,397.333860
1,6048,425.398524
1,6049,331.212230
1,6050,283.260856
1,6051,45.224043
1,6052,71.668701
1,6053,504.965203
1,6054,267.676976
1,6055,405.698692
1,6056,446.987004
1,6057,408.824375
1,6058,396.620333
1,6059,387.111421
1,6060,97.710175
1,6061,390.366079
1,6062,294.917184
1,6063,592.978177
1,6064,430.289715
1,6065,340.705597
1,6066,407.436158
1,6067,69.080173
1,6068,368.666987
1,6069,348.426304
1,6070,410.742089
1,6071,554.055240
1,6072,245.660402
1,6073,229.653299
1,6074,410.463130
1,6075,31.451163
1,6076,179.398851
1,6077,328.486368
1,6078,391.594367
1,6079,397.140975
1,6080,291.572547
1,6081,379.233109
1,6082,363.615820
1,6083,102.074799
1,6084,109.172840
1,6085,552.387009
1,6086,150.621019
1,6087,378.055181
1,6088,457.426184
1,6089,68.984122
1,6090,426.926637
1,6091,82.547037
1,6092,173.397332
1,6093,172.449851
1,6094,273.621323
1,6095,305.582163
1,6096,179.835792
1,6097,331.221489
1,6098,43.636298
1,6099,274.904057
1,6100,338.100416
1,6101,62.221234
1,6102,89.208560
1,6103,554.936221
1,6104,338.667919
1,6105,61.026670
1,6106,406.975503
1,6107,296.170564
1,6108,420.268929
1,6109,56.362635
1,6110,238.159089
1,6111,77.510106
1,6112,398.161577
1,6113,170.139190
1,6114,376.496428
1,6115,328.930208
1,6116,363.923763
1,6117,287.180155
1,6118,494.428847
1,6119,339.005825
1,6120,527.663461
1,6121,390.104227
1,6122,618.659129
1,6123,63.963136
1,6124,219.385938
1,6125,99.639599
1,6126,435.268849
1,6127,488.815436
1,6128,102.966661
1,6129,252.434425
1,6130,79.086646
1,6131,230.668274
1,6132,194.001394
1,6133,205.210619
1,6134,81.048378
1,6135,364.973993
1,6136,85.812786
1,6137,339.541356
1,6138,71.699098
1,6139,97.549660
1,6140,418.499084
1,6141,259.013225
1,6142,384.254324
1,6143,257.381887
1,6144,108.330147
1,6145,185.836759
1,6146,276.547203
1,6147,390.628674
1,6148,63.155535
1,6149,411.106030
1,6150,67.016469
1,6151,67.183412
1,6152,445.281962
1,6153,111.722112
1,6154,381.486823
1,6155,360.596381
1,6156,84.623093
1,6157,299.222590
1,6158,294.156875
1,6159,30.116081
1,6160,236.482773
1,6161,74.662234
1,6162,401.183572
1,6163,460.984718
1,6164,392.812815
1,6165,486.432336
1,6166,245.581886
1,6167,315.341037
1,6168,347.768754
1,6169,331.544475
1,6170,362.093984
1,6171,319.148186
1,6172,254.635605
1,6173,92.706695
1,6174,233.826506
1,6175,305.389155
1,6176,374.350072
1,6177,85.275812
1,6178,207.589078
1,6179,402.116965
1,6180,81.760521
1,6181,484.112537
1,6182,134.090753
1,6183,336.960397
1,6184,332.960465
1,6185,181.448539
1,6186,70.980843
1,6187,269.975652
1,6188,74.307425
1,6189,305.891037
1,6190,210.615957
1,6191,277.263289
1,6192,266.691554
1,6193,49.471392
1,6194,234.286922
1,6195,456.809796
1,6196,293.830051
1,6197,265.421841
1,6198,97.868859
1,6199,212.231015
1,6200,306.308315
1,6201,375.435207
1,6202,388.246026
1,6203,21.394103
1,6204,227.569615
1,6205,343.073736
1,6206,65.745423
1,6207,280.215415
1,6208,52.614429
1,6209,81.195757
1,6210,337.088854
1,6211,60.257694
1,6212,156.380540
1,6213,85.968345
1,6214,228.243047
1,6215,192.494484
1,6216,66.542329
1,6217,170.442249
1,6218,231.270584
1,6219,89.248888
1,6220,368.900305
1,6221,101.570222
1,6222,114.111908
1,6223,403.440866
1,6224,68.079566
1,6225,400.155218
1,6226,503.832229
1,6227,189.269408
1,6228,503.227034
1,6229,86.729583
1,6230,315.800978
1,6231,295.368623
1,6232,519.324685
1,6233,250.178293
1,6234,255.587550
1,6235,331.221059
1,6236,198.696922
1,6237,323.937988
1,6238,84.989924
1,6239,613.843169
1,6240,68.928144
1,6241,72.979420
1,6242,490.269487
1,6243,471.477905
1,6244,206.909988
1,6245,314.894522
1,6246,269.867434
1,6247,573.782684
1,6248,78.424321
1,6249,290.024682
1,6250,112.533565
1,6251,340.781223
1,6252,314.817188
1,6253,182.924827
1,6254,298.067610
1,6255,302.665371
1,6256,199.731856
1,6257,369.039988
1,6258,248.732068
1,6259,550.317211
1,6260,355.149943
1,6261,561.583861
1,6262,446.486016
1,6263,329.524727
1,6264,73.810088
1,6265,353.116234
1,6266,322.875423
1,6267,382.830889
1,6268,408.033560
1,6269,61.397609
1,6270,388.649152
1,6271,361.503494
1,6272,371.746567
1,6273,396.718508
1,6274,497.413383
1,6275,232.781522
1,6276,312.393410
1,6277,365.676040
1,6278,159.868528
1,6279,371.642680
1,6280,322.741735
1,6281,165.249063
1,6282,235.177617
1,6283,31.775660
1,6284,152.994448
1,6285,296.538236
1,6286,223.317249
1,6287,267.504272
1,6288,60.706729
1,6289,13.627068
1,6290,60.708897
1,6291,148.847957
1,6292,279.842293
1,6293,244.114263
1,6294,68.766116
1,6295,202.238216
1,6296,70.555659
1,6297,314.240617
1,6298,158.412403
1,6299,229.799529
1,6300,1.348409
1,6301,222.842391
1,6302,87.162875
1,6303,299.248561
1,6304,76.369446
1,6305,201.874733
1,6306,33.753306
1,6307,311.733599
1,6308,213.277084
1,6309,254.210711
1,6310,267.988958
1,6311,89.655400
1,6312,180.722290
1,6313,81.360007
1,6314,314.972930
1,6315,431.154580
1,6316,1.348409
1,6317,247.442213
1,6318,149.286487
1,6319,77.428981
1,6320,141.923292
1,6321,65.275700
1,6322,99.187148
1,6323,27.907156
1,6324,273.997432
1,6325,61.153844
1,6326,140.991734
1,6327,235.051181
1,6328,326.240096
1,6329,75.776927
1,6330,226.830277
1,6331,98.782374
1,6332,276.583239
1,6333,76.538474
1,6334,205.469358
1,6335,70.968414
1,6336,77.108399
1,6337,274.258741
1,6338,123.199778
1,6339,289.197429
1,6340,190.168924
1,6341,75.990033
1,6342,251.300090
1,6343,296.589089
1,6344,320.075109
1,6345,409.796601
1,6346,149.071674
1,6347,69.874641
1,6348,154.598664
1,6349,311.365623
1,6350,371.241009
1,6351,257.197986
1,6352,64.271017
1,6353,256.288853
1,6354,47.983881
1,6355,251.599350
1,6356,241.057159
1,6357,153.925850
1,6358,341.213273
1,6359,62.757458
1,6360,280.075808
1,6361,1179.996276
1,6362,327.710596
1,6363,49.633962
1,6364,377.031712
1,6365,198.641319
1,6366,133.802274
1,6367,341.668043
1,6368,64.364565
1,6369,221.680414
1,6370,76.080061
1,6371,184.397112
1,6372,127.744838
1,6373,363.775164
1,6374,356.699506
1,6375,86.315038
1,6376,454.443220
1,6377,290.074048
1,6378,36.907620
1,6379,184.803964
1,6380,337.834436
1,6381,2.937347
1,6382,222.349740
1,6383,368.127999
1,6384,2.476826
1,6385,275.728920
1,6386,539.283213
1,6387,425.732296
1,6388,302.708279
1,6389,310.721730
1,6390,63.265418
1,6391,219.151244
1,6392,72.554112
1,6393,402.170919
1,6394,281.097093
1,6395,313.965104
1,6396,326.370082
1,6397,444.022520
1,6398,86.509183
1,6399,229.066997
1,6400,261.331325
1,6401,60.618550
1,6402,322.824582
1,6403,291.380144
1,6404,74.256579
1,6405,220.143557
1,6406,63.125528
1,6407,222.633403
1,6408,196.113801
1,6409,103.877321
1,6410,168.627387
1,6411,65.998681
1,6412,192.682895
1,6413,134.925674
1,6414,343.523905
1,6415,60.279102
1,6416,243.479931
1,6417,356.128073
1,6418,22.713149
1,6419,204.500304
1,6420,341.049347
1,6421,60.273858
1,6422,233.845244
1,6423,213.770180
1,6424,430.982333
1,6425,78.276974
1,6426,212.082327
1,6427,277.358563
1,6428,132.537299
1,6429,131.941115
1,6430,213.701271
1,6431,361.923533
1,6432,331.915456
1,6433,64.624088
1,6434,297.948790
1,6435,73.578535
1,6436,175.546624
1,6437,368.538298
1,6438,69.980142
1,6439,305.132986
1,6440,52.839352
1,6441,153.254572
1,6442,75.853868
1,6443,393.792793
1,6444,55.207495
1,6445,124.080839
1,6446,314.994647
1,6447,373.425358
1,6448,373.547273
1,6449,256.717726
1,6450,79.702101
1,6451,348.775927
1,6452,239.874592
1,6453,418.101065
1,6454,324.857448
1,6455,370.238798
1,6456,507.371436
1,6457,517.423293
1,6458,77.242599
1,6459,375.921033
1,6460,80.414441
1,6461,509.349249
1,6462,89.087097
1,6463,413.330428
1,6464,241.634288
1,6465,533.364271
1,6466,85.027055
1,6467,263.647147
1,6468,491.042170
1,6469,149.337972
1,6470,560.211507
1,6471,581.361615
1,6472,591.227565
1,6473,46.913160
1,6474,458.036958
1,6475,494.647348
1,6476,556.374763
1,6477,94.702261
1,6478,443.893075
1,6479,411.389216
1,6480,248.852934
1,6481,97.820377
1,6482,438.300181
1,6483,435.193352
1,6484,377.380381
1,6485,104.735519
1,6486,531.738870
1,6487,94.620075
1,6488,312.513567
1,6489,530.841599
1,6490,326.854105
1,6491,554.547710
1,6492,111.781276
1,6493,460.994490
1,6494,529.987392
1,6495,80.795965
1,6496,378.298229
1,6497,604.001171
1,6498,430.323012
1,6499,549.330930
1,6500,434.846447
1,6501,95.329031
1,6502,402.061876
1,6503,270.101681
1,6504,235.043980
1,6505,257.817943
1,6506,397.007014
1,6507,63.448935
1,6508,441.914156
1,6509,325.933743
1,6510,107.306099
1,6511,308.449253
1,6512,395.153416
1,6513,177.783323
1,6514,492.686241
1,6515,513.093560
1,6516,384.962640
1,6517,67.316518
1,6518,274.830312
1,6519,165.494258
1,6520,323.442819
1,6521,64.894884
1,6522,498.593307
1,6523,161.763634
1,6524,115.419490
1,6525,104.852891
1,6526,498.870219
1,6527,83.293685
1,6528,46.893066
1,6529,213.838737
1,6530,376.554339
1,6531,842.723293
1,6532,538.462226
1,6533,77.452782
1,6534,540.541816
1,6535,90.016094
1,6536,256.058520
1,6537,210.489270
1,6538,566.186852
1,6539,108.592027
1,6540,606.873424
1,6541,84.503554
1,6542,465.001944
1,6543,269.743501
1,6544,451.856816
1,6545,101.330921
1,6546,295.454504
1,6547,190.747499
1,6548,527.305296
1,6549,107.162793
1,6550,535.839239
1,6551,243.444668
1,6552,347.494021
1,6553,481.959347
1,6554,516.271067
1,6555,93.556361
1,6556,254.101900
1,6557,501.962715
1,6558,46.188655
1,6559,450.491103
1,6560,371.973369
1,6561,399.370259
1,6562,398.640703
1,6563,98.329540
1,6564,423.530678
1,6565,370.470168
1,6566,241.906692
1,6567,548.178810
1,6568,96.312417
1,6569,235.813976
1,6570,515.230090
1,6571,79.630464
1,6572,238.751102
1,6573,487.484467
1,6574,533.117754
1,6575,450.939556
1,6576,444.080744
1,6577,433.983555
1,6578,100.034443
1,6579,353.491169
1,6580,348.046797
1,6581,83.013818
1,6582,437.284497
1,6583,59.748519
1,6584,455.392026
1,6585,242.888024
1,6586,504.900849
1,6587,74.301512
1,6588,244.926962
1,6589,470.887108
1,6590,996.603296
1,6591,376.272490
1,6592,417.296721
1,6593,137.483880
1,6594,464.089941
1,6595,106.986449
1,6596,394.550138
1,6597,543.899851
1,6598,239.370500
1,6599,111.529291
1,6600,402.418813
1,6601,328.666753
1,6602,440.169485
1,6603,92.235997
1,6604,397.325150
1,6605,689.060818
1,6606,140.650328
1,6607,197.255651
1,6608,256.060488
1,6609,50.504115
1,6610,583.586959
1,6611,643.737022
1,6612,82.350054
1,6613,539.685022
1,6614,428.265618
1,6615,543.880938
1,6616,100.127287
1,6617,241.688175
1,6618,523.267991
1,6619,521.892396
1,6620,512.115085
1,6621,126.212811
1,6622,514.135894
1,6623,516.752847
1,6624,94.384319
1,6625,469.427859
1,6626,366.560521
1,6627,96.467276
1,6628,490.769573
1,6629,302.488851
1,6630,348.577891
1,6631,182.343186
1,6632,244.066628
1,6633,326.160760
1,6634,86.605826
1,6635,594.818025
1,6636,359.108392
1,6637,482.782924
1,6638,522.991112
1,6639,54.131420
1,6640,515.481814
1,6641,100.424529
1,6642,38.558409
1,6643,520.916749
1,6644,382.684339
1,6645,88.614558
1,6646,301.507671
1,6647,273.449134
1,6648,442.959294
1,6649,87.208581
1,6650,45.318485
1,6651,429.743146
1,6652,523.933674
1,6653,461.246565
1,6654,100.163912
1,6655,379.798803
1,6656,97.200183
1,6657,417.962669
1,6658,494.582527
1,6659,360.134090
1,6660,179.929306
1,6661,413.823652
1,6662,161.939023
1,6663,83.155826
1,6664,334.272457
1,6665,84.840282
1,6666,392.610697
1,6667,416.511200
1,6668,503.738694
1,6669,133.866437
1,6670,438.134106
1,6671,373.648000
1,6672,598.640655
1,6673,414.241017
1,6674,101.920763
1,6675,408.131993
1,6676,192.321222
1,6677,522.108818
1,6678,77.196935
1,6679,345.084437
1,6680,458.753512
1,6681,244.863989
1,6682,464.332506
1,6683,407.501307
1,6684,70.091223
1,6685,395.158783
1,6686,421.519997
1,6687,86.550851
1,6688,451.267103
1,6689,570.300351
1,6690,227.398600
1,6691,503.596716
1,6692,256.715317
1,6693,223.248816
1,6694,416.943966
1,6695,178.657642
1,6696,436.345272
1,6697,149.501508
1,6698,494.189444
1,6699,44.650837
1,6700,501.920139
1,6701,339.011644
1,6702,96.331021
1,6703,383.143153
1,6704,85.200103
1,6705,423.899833
1,6706,156.999613
1,6707,258.994199
1,6708,324.139857
1,6709,216.598009
1,6710,107.932514
1,6711,412.260209
1,6712,347.752680
1,6713,463.222015
1,6714,587.933515
1,6715,403.755952
1,6716,117.403616
1,6717,512.934310
1,6718,299.370372
1,6719,233.884494
1,6720,264.799093
1,6721,96.066159
1,6722,425.099183
1,6723,441.642376
1,6724,539.822866
1,6725,84.584336
1,6726,535.940836
1,6727,464.433980
1,6728,99.950977
1,6729,213.448682
1,6730,625.510590
1,6731,98.358919
1,6732,522.717933
1,6733,83.321024
1,6734,314.500913
1,6735,102.581742
1,6736,519.856924
1,6737,437.106308
1,6738,160.510513
1,6739,230.682136
1,6740,218.920069
1,6741,403.575954
1,6742,364.250553
1,6743,492.164420
1,6744,215.970554
1,6745,448.411912
1,6746,75.311614
1,6747,421.445798
1,6748,462.082711
1,6749,88.210877
1,6750,391.794369
1,6751,289.501092
1,6752,495.576475
1,6753,89.127067
1,6754,539.348073
1,6755,528.965095
1,6756,70.271495
1,6757,84.453208
1,6758,499.465157
1,6759,74.474975
1,6760,196.434952
1,6761,507.330879
1,6762,255.205248
1,6763,730.653703
1,6764,369.603410
1,6765,253.712647
1,6766,357.290474
1,6767,567.248168
1,6768,50.464592
1,6769,19.160468
1,6770,428.559413
1,6771,506.429281
1,6772,78.882662
1,6773,378.498668
1,6774,68.134466
1,6775,501.884175
1,6776,433.733514
1,6777,66.797101
1,6778,205.826039
1,6779,90.859016
1,6780,355.723237
1,6781,419.475616
1,6782,73.732267
1,6783,430.853400
1,6784,266.685652
1,6785,466.877140
1,6786,83.636286
1,6787,366.398397
1,6788,530.208173
1,6789,491.517462
1,6790,254.274956
1,6791,111.149995
1,6792,511.660170
1,6793,341.734453
1,6794,31.775660
1,6795,329.029966
1,6796,277.349001
1,6797,489.464493
1,6798,47.847089
1,6799,253.442218
1,6800,497.995842
1,6801,409.442705
1,6802,176.276997
1,6803,457.599069
1,6804,55.704487
1,6805,210.318093
1,6806,385.413547
1,6807,79.132166
1,6808,319.375232
1,6809,90.294837
1,6810,533.936416
1,6811,167.179994
1,6812,415.956538
1,6813,224.471223
1,6814,206.773104
1,6815,377.726693
1,6816,74.188538
1,6817,238.569819
1,6818,116.006298
1,6819,421.435141
1,6820,38.229105
1,6821,337.834247
1,6822,80.976996
1,6823,390.579162
1,6824,143.382037
1,6825,71.878093
1,6826,204.344234
1,6827,273.750736
1,6828,234.213835
1,6829,131.267692
1,6830,548.958759
1,6831,76.579633
1,6832,456.351576
1,6833,370.460706
1,6834,91.925736
1,6835,318.997421
1,6836,80.500990
1,6837,132.351145
1,6838,484.733617
1,6839,78.734952
1,6840,38.184692
1,6841,402.288485
1,6842,78.336900
1,6843,323.564214
1,6844,135.302702
1,6845,78.495943
1,6846,378.882396
1,6847,389.350093
1,6848,368.449378
1,6849,303.386430
1,6850,281.948028
1,6851,494.143439
1,6852,83.398103
1,6853,533.076445
1,6854,378.292478
1,6855,111.414958
1,6856,471.172423
1,6857,381.649526
1,6858,487.199919
1,6859,143.395283
1,6860,256.197590
1,6861,197.995486
1,6862,402.759241
1,6863,344.315393
1,6864,158.132048
1,6865,307.657776
1,6866,45.449388
1,6867,320.373938
1,6868,62.580071
1,6869,138.939134
1,6870,261.648279
1,6871,205.987103
1,6872,239.129621
1,6873,16.154902
1,6874,172.273591
1,6875,46.555744
1,6876,345.277646
1,6877,7.952592
1,6878,236.581934
1,6879,67.596692
1,6880,300.872460
1,6881,131.096282
1,6882,61.938604
1,6883,195.967500
1,6884,275.452282
1,6885,200.967550
1,6886,170.480616
1,6887,326.432856
1,6888,63.022073
1,6889,391.797042
1,6890,447.224212
1,6891,117.264486
1,6892,151.534973
1,6893,281.598788
1,6894,49.402284
1,6895,483.008345
1,6896,102.373434
1,6897,476.693769
1,6898,484.640780
1,6899,66.895659
1,6900,374.247520
1,6901,377.354361
1,6902,99.186724
1,6903,294.055158
1,6904,77.228807
1,6905,123.008391
1,6906,473.996524
1,6907,85.415313
1,6908,50.746972
1,6909,394.297968
1,6910,86.810168
1,6911,330.065897
1,6912,142.109878
1,6913,85.544264
1,6914,385.735660
1,6915,356.981187
1,6916,112.118007
1,6917,508.500582
1,6918,472.036163
1,6919,77.801993
1,6920,379.763284
1,6921,377.426201
1,6922,350.094634
1,6923,344.024786
1,6924,296.676353
1,6925,271.528324
1,6926,505.091086
1,6927,78.968717
1,6928,441.115646
1,6929,76.008033
1,6930,36.101297
1,6931,330.589741
1,6932,68.259591
1,6933,154.197079
1,6934,268.353872
1,6935,224.527471
1,6936,342.965486
1,6937,143.149492
1,6938,174.192097
1,6939,250.416436
1,6940,188.769111
1,6941,191.514945
1,6942,533.374148
1,6943,106.797058
1,6944,121.324937
1,6945,404.569643
1,6946,673.362410
1,6947,338.082154
1,6948,31.775660
1,6949,325.681451
1,6950,66.738274
1,6951,449.345519
1,6952,250.657632
1,6953,459.901373
1,6954,194.212257
1,6955,371.268103
1,6956,54.134163
1,6957,229.944644
1,6958,297.984599
1,6959,30.639113
1,6960,417.873359
1,6961,92.488110
1,6962,177.910187
1,6963,440.837077
1,6964,417.773948
1,6965,205.799425
1,6966,73.391729
1,6967,410.790608
1,6968,244.946316
1,6969,31.139616
1,6970,378.839721
1,6971,435.341792
1,6972,91.281838
1,6973,375.448671
1,6974,77.042170
1,6975,492.654209
1,6976,90.889974
1,6977,418.480769
1,6978,178.914158
1,6979,266.682623
1,6980,343.886787
1,6981,176.409684
1,6982,276.242032
1,6983,86.359821
1,6984,455.415234
1,6985,80.301721
1,6986,202.918396
1,6987,130.330139
1,6988,170.580129
1,6989,477.958468
1,6990,98.590550
1,6991,344.818286
1,6992,500.492583
1,6993,22.322465
1,6994,486.114539
1,6995,66.534352
1,6996,90.001644
1,6997,407.668739
1,6998,74.186700
1,6999,40.829103
1,7000,316.846017
1,7001,357.633111
1,7002,73.370718
1,7003,279.697871
1,7004,359.686885
1,7005,402.646542
1,7006,342.056173
1,7007,31.775660
1,7008,347.131764
1,7009,86.671914
1,7010,124.780877
1,7011,366.686240
1,7012,317.615838
1,7013,85.798446
1,7014,442.879280
1,7015,163.257890
1,7016,88.629106
1,7017,213.124037
1,7018,466.624379
1,7019,106.025179
1,7020,279.562467
1,7021,434.884392
1,7022,56.432773
1,7023,214.577340
1,7024,247.279712
1,7025,389.154942
1,7026,83.221902
1,7027,307.226696
1,7028,394.422999
1,7029,67.328637
1,7030,98.112465
1,7031,389.072938
1,7032,495.435281
1,7033,117.350300
1,7034,111.034990
1,7035,201.733932
1,7036,251.371218
1,7037,74.916374
1,7038,164.746555
1,7039,396.131305
1,7040,74.961226
1,7041,45.976325
1,7042,285.328172
1,7043,494.696006
1,7044,260.634171
1,7045,481.387007
1,7046,134.303344
1,7047,382.683226
1,7048,446.670616
1,7049,125.800328
1,7050,488.166751
1,7051,77.107744
1,7052,204.836017
1,7053,455.085739
1,7054,177.056377
1,7055,366.374922
1,7056,85.569332
1,7057,470.382701
1,7058,330.771891
1,7059,114.457335
1,7060,227.042254
1,7061,295.173140
1,7062,92.668641
1,7063,497.193673
1,7064,88.179259
1,7065,391.400715
1,7066,280.191650
1,7067,473.254375
1,7068,660.201453
1,7069,83.887372
1,7070,363.568109
1,7071,267.498418
1,7072,536.774737
1,7073,400.743782
1,7074,196.712538
1,7075,386.561530
1,7076,81.160926
1,7077,392.452906
1,7078,93.063425
1,7079,464.914236
1,7080,388.759443
1,7081,68.752606
1,7082,422.006132
1,7083,89.202641
1,7084,391.832014
1,7085,86.338313
1,7086,527.528103
1,7087,347.827562
1,7088,20.248212
1,7089,307.772647
1,7090,269.960954
1,7091,403.866912
1,7092,83.193405
1,7093,345.318306
1,7094,73.209597
1,7095,284.586241
1,7096,81.409813
1,7097,286.055077
1,7098,627.236931
1,7099,57.649707
1,7100,447.496992
1,7101,309.407460
1,7102,483.144173
1,7103,52.801562
1,7104,436.656662
1,7105,358.147976
1,7106,64.342868
1,7107,157.869723
1,7108,535.961656
1,7109,605.788386
1,7110,8.954721
1,7111,331.459077
1,7112,235.215433
1,7113,358.828707
1,7114,83.217459
1,7115,329.291367
1,7116,481.144254
1,7117,108.619280
1,7118,549.352057
1,7119,395.513323
1,7120,236.184175
1,7121,391.717629
1,7122,82.097227
1,7123,370.853818
1,7124,172.158801
1,7125,92.423919
1,7126,239.282313
1,7127,209.917909
1,7128,296.093190
1,7129,454.090612
1,7130,480.543438
1,7131,484.292295
1,7132,132.407075
1,7133,603.890420
1,7134,107.778252
1,7135,291.365560
1,7136,94.285672
1,7137,112.220317
1,7138,294.802226
1,7139,235.694791
1,7140,88.577391
1,7141,401.064048
1,7142,129.125365
1,7143,247.044162
1,7144,802.043239
1,7145,413.793231
1,7146,227.458780
1,7147,122.101839
1,7148,605.495500
1,7149,345.057768
1,7150,413.813896
1,7151,97.003441
1,7152,508.478676
1,7153,374.742883
1,7154,273.947829
1,7155,218.805362
1,7156,330.458515
1,7157,346.264274
1,7158,301.241980
1,7159,210.546423
1,7160,437.188734
1,7161,372.440487
1,7162,80.977083
1,7163,255.783468
1,7164,294.674412
1,7165,316.271388
1,7166,411.671180
1,7167,278.938119
1,7168,107.878786
1,7169,395.243016
1,7170,89.883421
1,7171,121.420506
1,7172,295.600287
1,7173,96.614504
1,7174,326.995507
1,7175,381.956931
1,7176,43.251995
1,7177,191.661750
1,7178,240.388060
1,7179,71.694393
1,7180,246.293166
1,7181,157.256823
1,7182,290.714775
1,7183,95.870734
1,7184,561.890806
1,7185,214.159018
1,7186,95.670528
1,7187,360.997822
1,7188,324.427797
1,7189,90.011452
1,7190,64.634245
1,7191,328.358944
1,7192,246.013245
1,7193,373.971115
1,7194,289.514687
1,7195,229.691395
1,7196,413.558375
1,7197,271.691394
1,7198,47.439569
1,7199,241.657532
1,7200,284.793164
1,7201,459.100821
1,7202,184.266948
1,7203,476.248798
1,7204,310.296468
1,7205,96.138239
1,7206,191.931147
1,7207,84.142839
1,7208,186.886875
1,7209,443.426974
1,7210,463.430496
1,7211,345.755899
1,7212,92.413337
1,7213,245.956140
1,7214,58.059970
1,7215,517.474863
1,7216,95.781182
1,7217,301.186746
1,7218,274.852031
1,7219,316.517240
1,7220,187.298995
1,7221,350.991898
1,7222,418.281047
1,7223,93.945015
1,7224,58.857784
1,7225,404.949436
1,7226,97.077962
1,7227,171.783429
1,7228,325.077973
1,7229,86.759624
1,7230,436.589249
1,7231,84.697000
1,7232,448.417845
1,7233,265.751350
1,7234,279.334052
1,7235,148.389992
1,7236,355.378099
1,7237,51.556992
1,7238,473.386525
1,7239,153.400118
1,7240,252.731880
1,7241,260.667702
1,7242,111.043008
1,7243,553.160949
1,7244,77.892524
1,7245,265.103805
1,7246,351.353397
1,7247,149.096085
1,7248,590.970145
1,7249,87.535101
1,7250,305.753190
1,7251,364.266737
1,7252,135.399034
1,7253,185.017833
1,7254,386.147920
1,7255,186.307828
1,7256,101.182219
1,7257,317.295464
1,7258,302.377604
1,7259,95.345183
1,7260,162.065618
1,7261,65.684677
1,7262,340.489029
1,7263,384.967125
1,7264,216.861142
1,7265,553.355712
1,7266,191.528622
1,7267,470.882408
1,7268,410.985346
1,7269,482.872497
1,7270,361.272045
1,7271,94.638706
1,7272,211.227030
1,7273,288.610429
1,7274,316.709841
1,7275,106.390145
1,7276,332.064203
1,7277,184.663746
1,7278,415.571940
1,7279,342.824380
1,7280,228.820036
1,7281,115.830429
1,7282,119.390978
1,7283,463.781527
1,7284,375.851147
1,7285,79.980026
1,7286,364.845249
1,7287,115.319636
1,7288,507.559840
1,7289,409.247038
1,7290,100.312221
1,7291,406.984244
1,7292,114.064977
1,7293,363.403520
1,7294,86.785861
1,7295,280.185302
1,7296,55.143108
1,7297,620.535799
1,7298,86.864259
1,7299,240.256257
1,7300,245.040941
1,7301,204.869433
1,7302,224.693007
1,7303,451.477988
1,7304,75.654826
1,7305,466.511157
1,7306,224.794811
1,7307,474.673940
1,7308,312.288558
1,7309,230.595561
1,7310,215.891725
1,7311,160.097173
1,7312,412.267000
1,7313,598.192606
1,7314,120.773272
1,7315,416.185424
1,7316,104.760554
1,7317,162.947164
1,7318,489.239072
1,7319,170.256003
1,7320,159.735888
1,7321,174.240837
1,7322,186.848589
1,7323,273.674781
1,7324,61.189410
1,7325,450.590784
1,7326,121.610413
1,7327,559.431661
1,7328,77.425257
1,7329,243.298152
1,7330,87.326688
1,7331,75.917099
1,7332,170.474855
1,7333,102.654697
1,7334,111.756683
1,7335,342.612866
1,7336,32.493650
1,7337,308.864067
1,7338,458.611103
1,7339,184.288291
1,7340,86.674657
1,7341,349.591103
1,7342,293.660129
1,7343,68.058723
1,7344,329.497526
1,7345,39.905015
1,7346,316.465802
1,7347,81.157187
1,7348,209.171057
1,7349,571.774548
1,7350,384.001551
1,7351,71.948484
1,7352,162.275314
1,7353,142.716921
1,7354,375.849286
1,7355,61.125643
1,7356,427.886093
1,7357,65.564457
1,7358,320.046377
1,7359,89.103540
1,7360,247.782538
1,7361,176.018789
1,7362,340.313948
1,7363,305.603002
1,7364,67.563136
1,7365,198.942550
1,7366,306.857327
1,7367,310.502527
1,7368,516.854396
1,7369,195.050732
1,7370,335.930650
1,7371,82.029040
1,7372,397.387100
1,7373,173.690898
1,7374,423.656739
1,7375,44.440132
1,7376,307.046937
1,7377,80.957941
1,7378,100.419051
1,7379,267.328089
1,7380,102.281961
1,7381,110.683879
1,7382,152.069373
1,7383,280.176159
1,7384,84.863363
1,7385,213.957969
1,7386,82.182629
1,7387,371.534159
1,7388,148.558678
1,7389,171.981182
1,7390,431.694650
1,7391,137.666797
1,7392,90.635467
1,7393,394.322304
1,7394,396.844643
1,7395,189.906473
1,7396,276.791069
1,7397,94.601276
1,7398,303.351113
1,7399,178.458655
1,7400,194.337973
1,7401,545.164623
1,7402,85.715128
1,7403,182.285569
1,7404,480.920493
1,7405,405.057797
1,7406,113.076599
1,7407,282.428290
1,7408,82.989430
1,7409,293.201022
1,7410,123.436500
1,7411,436.118372
1,7412,568.366489
1,7413,151.426831
1,7414,360.430193
1,7415,106.873747
1,7416,278.421750
1,7417,425.368530
1,7418,498.229870
1,7419,86.286559
1,7420,288.680965
1,7421,172.536089
1,7422,72.091366
1,7423,333.224183
1,7424,81.470501
1,7425,425.418493
1,7426,116.335782
1,7427,436.352037
1,7428,141.854545
1,7429,131.045528
1,7430,321.887378
1,7431,493.957642
1,7432,356.517780
1,7433,93.645742
1,7434,153.426037
1,7435,415.881703
1,7436,316.997155
1,7437,117.532657
1,7438,395.733413
1,7439,221.064538
1,7440,105.320251
1,7441,820.881268
1,7442,149.466804
1,7443,94.548335
1,7444,500.834632
1,7445,294.369622
1,7446,545.773714
1,7447,59.567606
1,7448,398.970754
1,7449,236.334069
1,7450,372.069269
1,7451,93.819468
1,7452,263.881518
1,7453,314.209009
1,7454,376.435550
1,7455,386.037867
1,7456,343.887531
1,7457,64.126640
1,7458,191.724209
1,7459,102.195075
1,7460,262.272529
1,7461,186.806200
1,7462,370.580005
1,7463,95.301538
1,7464,228.633617
1,7465,106.045803
1,7466,344.523825
1,7467,80.040466
1,7468,324.460152
1,7469,245.320440
1,7470,90.355013
1,7471,416.020486
1,7472,216.728746
1,7473,225.336885
1,7474,390.759397
1,7475,53.384387
1,7476,349.350673
1,7477,319.408478
1,7478,278.579062
1,7479,624.632717
1,7480,188.856742
1,7481,355.010502
1,7482,103.845554
1,7483,388.037346
1,7484,281.948622
1,7485,206.716921
1,7486,94.045532
1,7487,330.600691
1,7488,259.016816
1,7489,282.656501
1,7490,238.998759
1,7491,102.815569
1,7492,314.415614
1,7493,248.806330
1,7494,49.808075
1,7495,367.693151
1,7496,246.096743
1,7497,271.004924
1,7498,236.140063
1,7499,318.045159
1,7500,462.062594
1,7501,191.405213
1,7502,50.665952
1,7503,495.271201
1,7504,92.178920
1,7505,456.139154
1,7506,72.869451
1,7507,398.766047
1,7508,67.687219
1,7509,95.467458
1,7510,349.315889
1,7511,388.282598
1,7512,79.747028
1,7513,213.489864
1,7514,83.316255
1,7515,274.181918
1,7516,138.750736
1,7517,149.135456
1,7518,178.790833
1,7519,292.563450
1,7520,410.447604
1,7521,92.264174
1,7522,148.813591
1,7523,138.425392
1,7524,472.674806
1,7525,87.319748
1,7526,475.702558
1,7527,105.253761
1,7528,467.710413
1,7529,107.270616
1,7530,320.699553
1,7531,250.170188
1,7532,545.789261
1,7533,155.343369
1,7534,92.279171
1,7535,450.101421
1,7536,151.926336
1,7537,449.283211
1,7538,259.690115
1,7539,288.254508
1,7540,326.359157
1,7541,66.370833
1,7542,175.121721
1,7543,1.348409
1,7544,450.636070
1,7545,75.205440
1,7546,304.219689
1,7547,291.250402
1,7548,273.720459
1,7549,306.218158
1,7550,271.045963
1,7551,43.878490
1,7552,166.460671
1,7553,258.520648
1,7554,77.424137
1,7555,244.679848
1,7556,202.995671
1,7557,214.190483
1,7558,329.477355
1,7559,507.987551
1,7560,118.921101
1,7561,229.900900
1,7562,314.854735
1,7563,247.077552
1,7564,276.426437
1,7565,82.044855
1,7566,190.308804
1,7567,192.102240
1,7568,95.286389
1,7569,47.990300
1,7570,354.652306
1,7571,88.646109
1,7572,206.514354
1,7573,490.806466
1,7574,47.321700
1,7575,302.067559
1,7576,114.190237
1,7577,291.952197
1,7578,99.530855
1,7579,229.035883
1,7580,81.579645
1,7581,365.371986
1,7582,178.300244
1,7583,263.969224
1,7584,373.657916
1,7585,106.556625
1,7586,90.383981
1,7587,343.298168
1,7588,97.060826
1,7589,159.835762
1,7590,157.977041
1,7591,273.446809
1,7592,241.640815
1,7593,86.130983
1,7594,246.059226
1,7595,131.932575
1,7596,248.285981
1,7597,232.577635
1,7598,118.002175
1,7599,445.854080
1,7600,78.282945
1,7601,221.442166
1,7602,77.123196
1,7603,302.631354
1,7604,205.360005
1,7605,253.774252
1,7606,74.127398
1,7607,189.143089
1,7608,191.317584
1,7609,332.879070
1,7610,79.267482
1,7611,311.737930
1,7612,79.484823
1,7613,309.178563
1,7614,309.129816
1,7615,286.986123
1,7616,170.356375
1,7617,122.199299
1,7618,38.684917
1,7619,332.071459
1,7620,77.166899
1,7621,448.317341
1,7622,264.834633
1,7623,295.379257
1,7624,83.206476
1,7625,262.363445
1,7626,145.226433
1,7627,223.343820
1,7628,292.261334
1,7629,275.658497
1,7630,377.633558
1,7631,71.520887
1,7632,97.552814
1,7633,353.993020
1,7634,397.118818
1,7635,491.708437
1,7636,369.398424
1,7637,429.805380
1,7638,323.873363
1,7639,31.775660
1,7640,347.849291
1,7641,66.417768
1,7642,384.433303
1,7643,222.247581
1,7644,341.503447
1,7645,128.285453
1,7646,142.504786
1,7647,259.941438
1,7648,54.831094
1,7649,212.048063
1,7650,441.567953
1,7651,80.307150
1,7652,388.772554
1,7653,72.349161
1,7654,186.949723
1,7655,399.331603
1,7656,428.276528
1,7657,364.944982
1,7658,219.719462
1,7659,89.605126
1,7660,159.296126
1,7661,68.504216
1,7662,215.169872
1,7663,300.675582
1,7664,384.596682
1,7665,183.910114
1,7666,443.577971
1,7667,87.072529
1,7668,152.211155
1,7669,194.752234
1,7670,284.009560
1,7671,63.935032
1,7672,249.589782
1,7673,62.424213
1,7674,129.760970
1,7675,62.266376
1,7676,223.843896
1,7677,300.071632
1,7678,345.150603
1,7679,381.232614
1,7680,323.507721
1,7681,164.223784
1,7682,112.902746
1,7683,305.868534
1,7684,364.196838
1,7685,388.178606
1,7686,61.375456
1,7687,348.974313
1,7688,17.643994
1,7689,317.069921
1,7690,237.688057
1,7691,56.262995
1,7692,199.461081
1,7693,340.876956
1,7694,233.379822
1,7695,321.691500
1,7696,374.142904
1,7697,383.721679
1,7698,421.049815
1,7699,79.928459
1,7700,137.247711
1,7701,356.984158
1,7702,118.805484
1,7703,211.026274
1,7704,141.618782
1,7705,96.365047
1,7706,349.433118
1,7707,36.911606
1,7708,316.835126
1,7709,250.505813
1,7710,225.413492
1,7711,335.350176
1,7712,416.964093
1,7713,51.514701
1,7714,224.342665
1,7715,106.222793
1,7716,304.066226
1,7717,62.511969
1,7718,285.849856
1,7719,122.246619
1,7720,338.767700
1,7721,320.037384
1,7722,81.753882
1,7723,416.761107
1,7724,366.772360
1,7725,370.195191
1,7726,430.796415
1,7727,376.422167
1,7728,75.510916
1,7729,258.233101
1,7730,68.064698
1,7731,247.757884
1,7732,355.115934
1,7733,67.299427
1,7734,171.814049
1,7735,298.202954
1,7736,125.897728
1,7737,172.034429
1,7738,59.331702
1,7739,682.958490
1,7740,63.382273
1,7741,326.783792
1,7742,115.161942
1,7743,288.709053
1,7744,68.024057
1,7745,170.543206
1,7746,355.390131
1,7747,347.753906
1,7748,65.136632
1,7749,35.871333
1,7750,290.965102
1,7751,56.663728
1,7752,370.013178
1,7753,69.086178
1,7754,178.688381
1,7755,485.329801
1,7756,63.424829
1,7757,359.525698
1,7758,54.269324
1,7759,274.904978
1,7760,180.328265
1,7761,221.475900
1,7762,253.674288
1,7763,259.549354
1,7764,135.066744
1,7765,197.678993
1,7766,373.759292
1,7767,48.514965
1,7768,181.060716
1,7769,183.769342
1,7770,257.854031
1,7771,152.800128
1,7772,69.769245
1,7773,302.351314
1,7774,233.229879
1,7775,51.594610
1,7776,185.717563
1,7777,171.961045
1,7778,272.071631
1,7779,115.601167
1,7780,40.355602
1,7781,316.468308
1,7782,148.837526
1,7783,187.612452
1,7784,222.121363
1,7785,247.915632
1,7786,186.801606
1,7787,315.392285
1,7788,94.260643
1,7789,140.215258
1,7790,48.940856
1,7791,168.395316
1,7792,43.173753
1,7793,209.951211
1,7794,33.766331
1,7795,56.146763
1,7796,261.688295
1,7797,273.823189
1,7798,325.739930
1,7799,333.585426
1,7800,137.291535
1,7801,287.863308
1,7802,48.476976
1,7803,274.251496
1,7804,105.921334
1,7805,180.025870
1,7806,249.129926
1,7807,406.160929
1,7808,194.291903
1,7809,279.820259
1,7810,415.175752
1,7811,233.756915
1,7812,432.183737
1,7813,370.539619
1,7814,313.414735
1,7815,220.331954
1,7816,44.581761
1,7817,310.195027
1,7818,50.817138
1,7819,241.520407
1,7820,325.120556
1,7821,295.726661
1,7822,39.882090
1,7823,331.447536
1,7824,295.608606
1,7825,250.824652
1,7826,273.989778
1,7827,359.785970
1,7828,99.298134
1,7829,66.840760
1,7830,88.037969
1,7831,262.832516
1,7832,224.281611
1,7833,299.503386
1,7834,244.668084
1,7835,347.448544
1,7836,258.637710
1,7837,195.613029
1,7838,450.062609
1,7839,75.415140
1,7840,279.145713
1,7841,334.727399
1,7842,357.042823
1,7843,340.868179
1,7844,362.652502
1,7845,57.107155
1,7846,229.553589
1,7847,415.638378
1,7848,98.886000
1,7849,229.079607
1,7850,490.031912
1,7851,435.142291
1,7852,406.425767
1,7853,332.362491
1,7854,100.439813
1,7855,361.348215
1,7856,299.245330
1,7857,308.467635
1,7858,66.160011
1,7859,167.529389
1,7860,237.355833
1,7861,332.096024
1,7862,307.988618
1,7863,49.603871
1,7864,374.215328
1,7865,75.138136
1,7866,413.427398
1,7867,445.394232
1,7868,416.253673
1,7869,38.422972
1,7870,14.335791
1,7871,297.366839
1,7872,55.517936
1,7873,247.411952
1,7874,187.891645
1,7875,261.963797
1,7876,129.575836
1,7877,327.067193
1,7878,221.466507
1,7879,189.515811
1,7880,31.775660
1,7881,160.071663
1,7882,294.484353
1,7883,117.232780
1,7884,196.324040
1,7885,232.004432
1,7886,154.072475
1,7887,76.084228
1,7888,305.307277
1,7889,374.214222
1,7890,236.963363
1,7891,156.201894
1,7892,141.323564
1,7893,110.074881
1,7894,224.884507
1,7895,270.294750
1,7896,53.556549
1,7897,293.413238
1,7898,47.980044
1,7899,176.573515
1,7900,7.258690
1,7901,105.898740
1,7902,241.024303
1,7903,332.177872
1,7904,215.878606
1,7905,311.892386
1,7906,200.836825
1,7907,122.072957
1,7908,261.653474
1,7909,290.143120
1,7910,147.215573
1,7911,239.479179
1,7912,239.996234
1,7913,355.239835
1,7914,226.607828
1,7915,237.941715
1,7916,63.429062
1,7917,434.240776
1,7918,27.049801
1,7919,264.358001
1,7920,52.064655
1,7921,199.793879
1,7922,139.331713
1,7923,332.079460
1,7924,48.046792
1,7925,205.701726
1,7926,671.628819
1,7927,575.186709
1,7928,351.414690
1,7929,409.091474
1,7930,19.465671
1,7931,478.983671
1,7932,397.333860
1,7933,425.398524
1,7934,331.212230
1,7935,283.260856
1,7936,45.224043
1,7937,71.668701
1,7938,504.965203
1,7939,267.676976
1,7940,405.698692
1,7941,446.987004
1,7942,408.824375
1,7943,396.620333
1,7944,387.111421
1,7945,97.710175
1,7946,390.366079
1,7947,294.917184
1,7948,592.978177
1,7949,430.289715
1,7950,340.705597
1,7951,407.436158
1,7952,69.080173
1,7953,368.666987
1,7954,348.426304
1,7955,410.742089
1,7956,554.055240
1,7957,245.660402
1,7958,229.653299
1,7959,410.463130
1,7960,31.451163
1,7961,179.398851
1,7962,328.486368
1,7963,391.594367
1,7964,397.140975
1,7965,291.572547
1,7966,379.233109
1,7967,363.615820
1,7968,102.074799
1,7969,109.172840
1,7970,552.387009
1,7971,150.621019
1,7972,378.055181
1,7973,457.426184
1,7974,68.984122
1,7975,426.926637
1,7976,82.547037
1,7977,173.397332
1,7978,172.449851
1,7979,273.621323
1,7980,305.582163
1,7981,179.835792
1,7982,331.221489
1,7983,43.636298
1,7984,274.904057
1,7985,338.100416
1,7986,62.221234
1,7987,89.208560
1,7988,554.936221
1,7989,338.667919
1,7990,61.026670
1,7991,406.975503
1,7992,296.170564
1,7993,420.268929
1,7994,56.362635
1,7995,238.159089
1,7996,77.510106
1,7997,398.161577
1,7998,170.139190
1,7999,376.496428
1,8000,328.930208
1,8001,363.923763
1,8002,287.180155
1,8003,494.428847
1,8004,339.005825
1,8005,527.663461
1,8006,390.104227
1,8007,618.659129
1,8008,63.963136
1,8009,219.385938
1,8010,99.639599
1,8011,435.268849
1,8012,488.815436
1,8013,102.966661
1,8014,252.434425
1,8015,79.086646
1,8016,230.668274
1,8017,194.001394
1,8018,205.210619
1,8019,81.048378
1,8020,364.973993
1,8021,85.812786
1,8022,339.541356
1,8023,71.699098
1,8024,97.549660
1,8025,418.499084
1,8026,259.013225
1,8027,384.254324
1,8028,257.381887
1,8029,108.330147
1,8030,185.836759
1,8031,276.547203
1,8032,390.628674
1,8033,63.155535
1,8034,411.106030
1,8035,67.016469
1,8036,67.183412
1,8037,445.281962
1,8038,111.722112
1,8039,381.486823
1,8040,360.596381
1,8041,84.623093
1,8042,299.222590
1,8043,294.156875
1,8044,30.116081
1,8045,236.482773
1,8046,74.662234
1,8047,401.183572
1,8048,460.984718
1,8049,392.812815
1,8050,486.432336
1,8051,245.581886
1,8052,315.341037
1,8053,347.768754
1,8054,331.544475
1,8055,362.093984
1,8056,319.148186
1,8057,254.635605
1,8058,92.706695
1,8059,233.826506
1,8060,305.389155
1,8061,374.350072
1,8062,85.275812
1,8063,207.589078
1,8064,402.116965
1,8065,81.760521
1,8066,484.112537
1,8067,134.090753
1,8068,336.960397
1,8069,332.960465
1,8070,181.448539
1,8071,70.980843
1,8072,269.975652
1,8073,74.307425
1,8074,305.891037
1,8075,210.615957
1,8076,277.263289
1,8077,266.691554
1,8078,49.471392
1,8079,234.286922
1,8080,456.809796
1,8081,293.830051
1,8082,265.421841
1,8083,97.868859
1,8084,212.231015
1,8085,306.308315
1,8086,375.435207
1,8087,388.246026
1,8088,21.394103
1,8089,227.569615
1,8090,343.073736
1,8091,65.745423
1,8092,280.215415
1,8093,52.614429
1,8094,81.195757
1,8095,337.088854
1,8096,60.257694
1,8097,156.380540
1,8098,85.968345
1,8099,228.243047
1,8100,192.494484
1,8101,66.542329
1,8102,170.442249
1,8103,231.270584
1,8104,89.248888
1,8105,368.900305
1,8106,101.570222
1,8107,114.111908
1,8108,403.440866
1,8109,68.079566
1,8110,400.155218
1,8111,503.832229
1,8112,189.269408
1,8113,503.227034
1,8114,86.729583
1,8115,315.800978
1,8116,295.368623
1,8117,519.324685
1,8118,250.178293
1,8119,255.587550
1,8120,331.221059
1,8121,198.696922
1,8122,323.937988
1,8123,84.989924
1,8124,613.843169
1,8125,68.928144
1,8126,72.979420
1,8127,490.269487
1,8128,471.477905
1,8129,206.909988
1,8130,314.894522
1,8131,269.867434
1,8132,573.782684
1,8133,78.424321
1,8134,290.024682
1,8135,112.533565
1,8136,340.781223
1,8137,314.817188
1,8138,182.924827
1,8139,298.067610
1,8140,302.665371
1,8141,199.731856
1,8142,369.039988
1,8143,248.732068
1,8144,550.317211
1,8145,355.149943
1,8146,561.583861
1,8147,446.486016
1,8148,329.524727
1,8149,73.810088
1,8150,353.116234
1,8151,322.875423
1,8152,382.830889
1,8153,408.033560
1,8154,61.397609
1,8155,388.649152
1,8156,361.503494
1,8157,371.746567
1,8158,396.718508
1,8159,497.413383
1,8160,232.781522
1,8161,312.393410
1,8162,365.676040
1,8163,159.868528
1,8164,371.642680
1,8165,322.741735
1,8166,165.249063
1,8167,235.177617
1,8168,31.775660
1,8169,152.994448
1,8170,296.538236
1,8171,223.317249
1,8172,267.504272
1,8173,60.706729
1,8174,13.627068
1,8175,60.708897
1,8176,148.847957
1,8177,279.842293
1,8178,244.114263
1,8179,68.766116
1,8180,202.238216
1,8181,70.555659
1,8182,314.240617
1,8183,158.412403
1,8184,229.799529
1,8185,1.348409
1,8186,222.842391
1,8187,87.162875
1,8188,299.248561
1,8189,76.369446
1,8190,201.874733
1,8191,33.753306
1,8192,311.733599
1,8193,213.277084
1,8194,254.210711
1,8195,267.988958
1,8196,89.655400
1,8197,180.722290
1,8198,81.360007
1,8199,314.972930
1,8200,431.154580
1,8201,1.348409
1,8202,247.442213
1,8203,149.286487
1,8204,77.428981
1,8205,141.923292
1,8206,65.275700
1,8207,99.187148
1,8208,27.907156
1,8209,273.997432
1,8210,61.153844
1,8211,140.991734
1,8212,235.051181
1,8213,326.240096
1,8214,75.776927
1,8215,226.830277
1,8216,98.782374
1,8217,276.583239
1,8218,76.538474
1,8219,205.469358
1,8220,70.968414
1,8221,77.108399
1,8222,274.258741
1,8223,123.199778
1,8224,289.197429
1,8225,190.168924
1,8226,75.990033
1,8227,251.300090
1,8228,296.589089
1,8229,320.075109
1,8230,409.796601
1,8231,149.071674
1,8232,69.874641
1,8233,154.598664
1,8234,311.365623
1,8235,371.241009
1,8236,257.197986
1,8237,64.271017
1,8238,256.288853
1,8239,47.983881
1,8240,251.599350
1,8241,241.057159
1,8242,153.925850
1,8243,341.213273
1,8244,62.757458
1,8245,280.075808
1,8246,1179.996276
1,8247,327.710596
1,8248,49.633962
1,8249,377.031712
1,8250,198.641319
1,8251,133.802274
1,8252,341.668043
1,8253,64.364565
1,8254,221.680414
1,8255,76.080061
1,8256,184.397112
1,8257,127.744838
1,8258,363.775164
1,8259,356.699506
1,8260,86.315038
1,8261,454.443220
1,8262,290.074048
1,8263,36.907620
1,8264,184.803964
1,8265,337.834436
1,8266,2.937347
1,8267,222.349740
1,8268,368.127999
1,8269,2.476826
1,8270,275.728920
1,8271,539.283213
1,8272,425.732296
1,8273,302.708279
1,8274,310.721730
1,8275,63.265418
1,8276,219.151244
1,8277,72.554112
1,8278,402.170919
1,8279,281.097093
1,8280,313.965104
1,8281,326.370082
1,8282,444.022520
1,8283,86.509183
1,8284,229.066997
1,8285,261.331325
1,8286,60.618550
1,8287,322.824582
1,8288,291.380144
1,8289,74.256579
1,8290,220.143557
1,8291,63.125528
1,8292,222.633403
1,8293,196.113801
1,8294,103.877321
1,8295,168.627387
1,8296,65.998681
1,8297,192.682895
1,8298,134.925674
1,8299,343.523905
1,8300,60.279102
1,8301,243.479931
1,8302,356.128073
1,8303,22.713149
1,8304,204.500304
1,8305,341.049347
1,8306,60.273858
1,8307,233.845244
1,8308,213.770180
1,8309,430.982333
1,8310,78.276974
1,8311,212.082327
1,8312,277.358563
1,8313,132.537299
1,8314,131.941115
1,8315,213.701271
1,8316,361.923533
1,8317,331.915456
1,8318,64.624088
1,8319,297.948790
1,8320,73.578535
1,8321,175.546624
1,8322,368.538298
1,8323,69.980142
1,8324,305.132986
1,8325,52.839352
1,8326,153.254572
1,8327,75.853868
1,8328,393.792793
1,8329,55.207495
1,8330,124.080839
1,8331,314.994647
1,8332,373.425358
1,8333,373.547273
1,8334,256.717726
1,8335,79.702101
1,8336,348.775927
1,8337,239.874592
1,8338,418.101065
1,8339,324.857448
1,8340,370.238798
1,8341,507.371436
1,8342,517.423293
1,8343,77.242599
1,8344,375.921033
1,8345,80.414441
1,8346,509.349249
1,8347,89.087097
1,8348,413.330428
1,8349,241.634288
1,8350,533.364271
1,8351,85.027055
1,8352,263.647147
1,8353,491.042170
1,8354,149.337972
1,8355,560.211507
1,8356,581.361615
1,8357,591.227565
1,8358,46.913160
1,8359,458.036958
1,8360,494.647348
1,8361,556.374763
1,8362,94.702261
1,8363,443.893075
1,8364,411.389216
1,8365,248.852934
1,8366,97.820377
1,8367,438.300181
1,8368,435.193352
1,8369,377.380381
1,8370,104.735519
1,8371,531.738870
1,8372,94.620075
1,8373,312.513567
1,8374,530.841599
1,8375,326.854105
1,8376,554.547710
1,8377,111.781276
1,8378,460.994490
1,8379,529.987392
1,8380,80.795965
1,8381,378.298229
1,8382,604.001171
1,8383,430.323012
1,8384,549.330930
1,8385,434.846447
1,8386,95.329031
1,8387,402.061876
1,8388,270.101681
1,8389,235.043980
1,8390,257.817943
1,8391,397.007014
1,8392,63.448935
1,8393,441.914156
1,8394,325.933743
1,8395,107.306099
1,8396,308.449253
1,8397,395.153416
1,8398,177.783323
1,8399,492.686241
1,8400,513.093560
1,8401,384.962640
1,8402,67.316518
1,8403,274.830312
1,8404,165.494258
1,8405,323.442819
1,8406,64.894884
1,8407,498.593307
1,8408,161.763634
1,8409,115.419490
1,8410,104.852891
1,8411,498.870219
1,8412,83.293685
1,8413,46.893066
1,8414,213.838737
1,8415,376.554339
1,8416,842.723293
1,8417,538.462226
1,8418,77.452782
1,8419,540.541816
1,8420,90.016094
1,8421,256.058520
1,8422,210.489270
1,8423,566.186852
1,8424,108.592027
1,8425,606.873424
1,8426,84.503554
1,8427,465.001944
1,8428,269.743501
1,8429,451.856816
1,8430,101.330921
1,8431,295.454504
1,8432,190.747499
1,8433,527.305296
1,8434,107.162793
1,8435,535.839239
1,8436,243.444668
1,8437,347.494021
1,8438,481.959347
1,8439,516.271067
1,8440,93.556361
1,8441,254.101900
1,8442,501.962715
1,8443,46.188655
1,8444,450.491103
1,8445,371.973369
1,8446,399.370259
1,8447,398.640703
1,8448,98.329540
1,8449,423.530678
1,8450,370.470168
1,8451,241.906692
1,8452,548.178810
1,8453,96.312417
1,8454,235.813976
1,8455,515.230090
1,8456,79.630464
1,8457,238.751102
1,8458,487.484467
1,8459,533.117754
1,8460,450.939556
1,8461,444.080744
1,8462,433.983555
1,8463,100.034443
1,8464,353.491169
1,8465,348.046797
1,8466,83.013818
1,8467,437.284497
1,8468,59.748519
1,8469,455.392026
1,8470,242.888024
1,8471,504.900849
1,8472,74.301512
1,8473,244.926962
1,8474,470.887108
1,8475,996.603296
1,8476,376.272490
1,8477,417.296721
1,8478,137.483880
1,8479,464.089941
1,8480,106.986449
1,8481,394.550138
1,8482,543.899851
1,8483,239.370500
1,8484,111.529291
1,8485,402.418813
1,8486,328.666753
1,8487,440.169485
1,8488,92.235997
1,8489,397.325150
1,8490,689.060818
1,8491,140.650328
1,8492,197.255651
1,8493,256.060488
1,8494,50.504115
1,8495,583.586959
1,8496,643.737022
1,8497,82.350054
1,8498,539.685022
1,8499,428.265618
1,8500,543.880938
1,8501,100.127287
1,8502,241.688175
1,8503,523.267991
1,8504,521.892396
1,8505,512.115085
1,8506,126.212811
1,8507,514.135894
1,8508,516.752847
1,8509,94.384319
1,8510,469.427859
1,8511,366.560521
1,8512,96.467276
1,8513,490.769573
1,8514,302.488851
1,8515,348.577891
1,8516,182.343186
1,8517,244.066628
1,8518,326.160760
1,8519,86.605826
1,8520,594.818025
1,8521,359.108392
1,8522,482.782924
1,8523,522.991112
1,8524,54.131420
1,8525,515.481814
1,8526,100.424529
1,8527,38.558409
1,8528,520.916749
1,8529,382.684339
1,8530,88.614558
1,8531,301.507671
1,8532,273.449134
1,8533,442.959294
1,8534,87.208581
1,8535,45.318485
1,8536,429.743146
1,8537,523.933674
1,8538,461.246565
1,8539,100.163912
1,8540,379.798803
1,8541,97.200183
1,8542,417.962669
1,8543,494.582527
1,8544,360.134090
1,8545,179.929306
1,8546,413.823652
1,8547,161.939023
1,8548,83.155826
1,8549,334.272457
1,8550,84.840282
1,8551,392.610697
1,8552,416.511200
1,8553,503.738694
1,8554,133.866437
1,8555,438.134106
1,8556,373.648000
1,8557,598.640655
1,8558,414.241017
1,8559,101.920763
1,8560,408.131993
1,8561,192.321222
1,8562,522.108818
1,8563,77.196935
1,8564,345.084437
1,8565,458.753512
1,8566,244.863989
1,8567,464.332506
1,8568,407.501307
1,8569,70.091223
1,8570,395.158783
1,8571,421.519997
1,8572,86.550851
1,8573,451.267103
1,8574,570.300351
1,8575,227.398600
1,8576,503.596716
1,8577,256.715317
1,8578,223.248816
1,8579,416.943966
1,8580,178.657642
1,8581,436.345272
1,8582,149.501508
1,8583,494.189444
1,8584,44.650837
1,8585,501.920139
1,8586,339.011644
1,8587,96.331021
1,8588,383.143153
1,8589,85.200103
1,8590,423.899833
1,8591,156.999613
1,8592,258.994199
1,8593,324.139857
1,8594,216.598009
1,8595,107.932514
1,8596,412.260209
1,8597,347.752680
1,8598,463.222015
1,8599,587.933515
1,8600,403.755952
1,8601,117.403616
1,8602,512.934310
1,8603,299.370372
1,8604,233.884494
1,8605,264.799093
1,8606,96.066159
1,8607,425.099183
1,8608,441.642376
1,8609,539.822866
1,8610,84.584336
1,8611,535.940836
1,8612,464.433980
1,8613,99.950977
1,8614,213.448682
1,8615,625.510590
1,8616,98.358919
1,8617,522.717933
1,8618,83.321024
1,8619,314.500913
1,8620,102.581742
1,8621,519.856924
1,8622,437.106308
1,8623,160.510513
1,8624,230.682136
1,8625,218.920069
1,8626,403.575954
1,8627,364.250553
1,8628,492.164420
1,8629,215.970554
1,8630,448.411912
1,8631,75.311614
1,8632,421.445798
1,8633,462.082711
1,8634,88.210877
1,8635,391.794369
1,8636,289.501092
1,8637,495.576475
1,8638,89.127067
1,8639,539.348073
1,8640,528.965095
1,8641,70.271495
1,8642,84.453208
1,8643,499.465157
1,8644,74.474975
1,8645,196.434952
1,8646,507.330879
1,8647,255.205248
1,8648,730.653703
1,8649,369.603410
1,8650,253.712647
1,8651,357.290474
1,8652,567.248168
1,8653,50.464592
1,8654,19.160468
1,8655,428.559413
1,8656,506.429281
1,8657,78.882662
1,8658,378.498668
1,8659,68.134466
1,8660,501.884175
1,8661,433.733514
1,8662,66.797101
1,8663,205.826039
1,8664,90.859016
1,8665,355.723237
1,8666,419.475616
1,8667,73.732267
1,8668,430.853400
1,8669,266.685652
1,8670,466.877140
1,8671,83.636286
1,8672,366.398397
1,8673,530.208173
1,8674,491.517462
1,8675,254.274956
1,8676,111.149995
1,8677,511.660170
1,8678,341.734453
1,8679,31.775660
1,8680,329.029966
1,8681,277.349001
1,8682,489.464493
1,8683,47.847089
1,8684,253.442218
1,8685,497.995842
1,8686,409.442705
1,8687,176.276997
1,8688,457.599069
1,8689,55.704487
1,8690,210.318093
1,8691,385.413547
1,8692,79.132166
1,8693,319.375232
1,8694,90.294837
1,8695,533.936416
1,8696,167.179994
1,8697,415.956538
1,8698,224.471223
1,8699,206.773104
1,8700,377.726693
1,8701,74.188538
1,8702,238.569819
1,8703,116.006298
1,8704,421.435141
1,8705,38.229105
1,8706,337.834247
1,8707,80.976996
1,8708,390.579162
1,8709,143.382037
1,8710,71.878093
1,8711,204.344234
1,8712,273.750736
1,8713,234.213835
1,8714,131.267692
1,8715,548.958759
1,8716,76.579633
1,8717,456.351576
1,8718,370.460706
1,8719,91.925736
1,8720,318.997421
1,8721,80.500990
1,8722,132.351145
1,8723,484.733617
1,8724,78.734952
1,8725,38.184692
1,8726,402.288485
1,8727,78.336900
1,8728,323.564214
1,8729,135.302702
1,8730,78.495943
1,8731,378.882396
1,8732,389.350093
1,8733,368.449378
1,8734,303.386430
1,8735,281.948028
1,8736,494.143439
1,8737,83.398103
1,8738,533.076445
1,8739,378.292478
1,8740,111.414958
1,8741,471.172423
1,8742,381.649526
1,8743,487.199919
1,8744,143.395283
1,8745,256.197590
1,8746,197.995486
1,8747,402.759241
1,8748,344.315393
1,8749,158.132048
1,8750,307.657776
1,8751,45.449388
1,8752,320.373938
1,8753,62.580071
1,8754,138.939134
1,8755,261.648279
1,8756,205.987103
1,8757,239.129621
1,8758,16.154902
1,8759,172.273591
1,8760,46.555744
1,8761,345.277646
1,8762,7.952592
1,8763,236.581934
1,8764,67.596692
1,8765,300.872460
1,8766,131.096282
1,8767,61.938604
1,8768,195.967500
1,8769,275.452282
1,8770,200.967550
1,8771,170.480616
1,8772,326.432856
1,8773,63.022073
1,8774,391.797042
1,8775,447.224212
1,8776,117.264486
1,8777,151.534973
1,8778,281.598788
1,8779,49.402284
1,8780,483.008345
1,8781,102.373434
1,8782,476.693769
1,8783,484.640780
1,8784,66.895659
1,8785,374.247520
1,8786,377.354361
1,8787,99.186724
1,8788,294.055158
1,8789,77.228807
1,8790,123.008391
1,8791,473.996524
1,8792,85.415313
1,8793,50.746972
1,8794,394.297968
1,8795,86.810168
1,8796,330.065897
1,8797,142.109878
1,8798,85.544264
1,8799,385.735660
1,8800,356.981187
1,8801,112.118007
1,8802,508.500582
1,8803,472.036163
1,8804,77.801993
1,8805,379.763284
1,8806,377.426201
1,8807,350.094634
1,8808,344.024786
1,8809,296.676353
1,8810,271.528324
1,8811,505.091086
1,8812,78.968717
1,8813,441.115646
1,8814,76.008033
1,8815,36.101297
1,8816,330.589741
1,8817,68.259591
1,8818,154.197079
1,8819,268.353872
1,8820,224.527471
1,8821,342.965486
1,8822,143.149492
1,8823,174.192097
1,8824,250.416436
1,8825,188.769111
1,8826,191.514945
1,8827,533.374148
1,8828,106.797058
1,8829,121.324937
1,8830,404.569643
1,8831,673.362410
1,8832,338.082154
1,8833,31.775660
1,8834,325.681451
1,8835,66.738274
1,8836,449.345519
1,8837,250.657632
1,8838,459.901373
1,8839,194.212257
1,8840,371.268103
1,8841,54.134163
1,8842,229.944644
1,8843,297.984599
1,8844,30.639113
1,8845,417.873359
1,8846,92.488110
1,8847,177.910187
1,8848,440.837077
1,8849,417.773948
1,8850,205.799425
1,8851,73.391729
1,8852,410.790608
1,8853,244.946316
1,8854,31.139616
1,8855,378.839721
1,8856,435.341792
1,8857,91.281838
1,8858,375.448671
1,8859,77.042170
1,8860,492.654209
1,8861,90.889974
1,8862,418.480769
1,8863,178.914158
1,8864,266.682623
1,8865,343.886787
1,8866,176.409684
1,8867,276.242032
1,8868,86.359821
1,8869,455.415234
1,8870,80.301721
1,8871,202.918396
1,8872,130.330139
1,8873,170.580129
1,8874,477.958468
1,8875,98.590550
1,8876,344.818286
1,8877,500.492583
1,8878,22.322465
1,8879,486.114539
1,8880,66.534352
1,8881,90.001644
1,8882,407.668739
1,8883,74.186700
1,8884,40.829103
1,8885,316.846017
1,8886,357.633111
1,8887,73.370718
1,8888,279.697871
1,8889,359.686885
1,8890,402.646542
1,8891,342.056173
1,8892,31.775660
1,8893,347.131764
1,8894,86.671914
1,8895,124.780877
1,8896,366.686240
1,8897,317.615838
1,8898,85.798446
1,8899,442.879280
1,8900,163.257890
1,8901,88.629106
1,8902,213.124037
1,8903,466.624379
1,8904,106.025179
1,8905,279.562467
1,8906,434.884392
1,8907,56.432773
1,8908,214.577340
1,8909,247.279712
1,8910,389.154942
1,8911,83.221902
1,8912,307.226696
1,8913,394.422999
1,8914,67.328637
1,8915,98.112465
1,8916,389.072938
1,8917,495.435281
1,8918,117.350300
1,8919,111.034990
1,8920,201.733932
1,8921,251.371218
1,8922,74.916374
1,8923,164.746555
1,8924,396.131305
1,8925,74.961226
1,8926,45.976325
1,8927,285.328172
1,8928,494.696006
1,8929,260.634171
1,8930,481.387007
1,8931,134.303344
1,8932,382.683226
1,8933,446.670616
1,8934,125.800328
1,8935,488.166751
1,8936,77.107744
1,8937,204.836017
1,8938,455.085739
1,8939,177.056377
1,8940,366.374922
1,8941,85.569332
1,8942,470.382701
1,8943,330.771891
1,8944,114.457335
1,8945,227.042254
1,8946,295.173140
1,8947,92.668641
1,8948,497.193673
1,8949,88.179259
1,8950,391.400715
1,8951,280.191650
1,8952,473.254375
1,8953,660.201453
1,8954,83.887372
1,8955,363.568109
1,8956,267.498418
1,8957,536.774737
1,8958,400.743782
1,8959,196.712538
1,8960,386.561530
1,8961,81.160926
1,8962,392.452906
1,8963,93.063425
1,8964,464.914236
1,8965,388.759443
1,8966,68.752606
1,8967,422.006132
1,8968,89.202641
1,8969,391.832014
1,8970,86.338313
1,8971,527.528103
1,8972,347.827562
1,8973,20.248212
1,8974,307.772647
1,8975,269.960954
1,8976,403.866912
1,8977,83.193405
1,8978,345.318306
1,8979,73.209597
1,8980,284.586241
1,8981,81.409813
1,8982,286.055077
1,8983,627.236931
1,8984,57.649707
1,8985,447.496992
1,8986,309.407460
1,8987,483.144173
1,8988,52.801562
1,8989,436.656662
1,8990,358.147976
1,8991,64.342868
1,8992,157.869723
1,8993,535.961656
1,8994,605.788386
1,8995,8.954721
1,8996,331.459077
1,8997,235.215433
1,8998,358.828707
1,8999,83.217459
1,9000,329.291367
1,9001,481.144254
1,9002,108.619280
1,9003,549.352057
1,9004,395.513323
1,9005,236.184175
1,9006,391.717629
1,9007,82.097227
1,9008,370.853818
1,9009,172.158801
1,9010,92.423919
1,9011,239.282313
1,9012,209.917909
1,9013,296.093190
1,9014,454.090612
1,9015,480.543438
1,9016,484.292295
1,9017,132.407075
1,9018,603.890420
1,9019,107.778252
1,9020,291.365560
1,9021,94.285672
1,9022,112.220317
1,9023,294.802226
1,9024,235.694791
1,9025,88.577391
1,9026,401.064048
1,9027,129.125365
1,9028,247.044162
1,9029,802.043239
1,9030,413.793231
1,9031,227.458780
1,9032,122.101839
1,9033,605.495500
1,9034,345.057768
1,9035,413.813896
1,9036,97.003441
1,9037,508.478676
1,9038,374.742883
1,9039,273.947829
1,9040,218.805362
1,9041,330.458515
1,9042,346.264274
1,9043,301.241980
1,9044,210.546423
1,9045,437.188734
1,9046,372.440487
1,9047,80.977083
1,9048,255.783468
1,9049,294.674412
1,9050,316.271388
1,9051,411.671180
1,9052,278.938119
1,9053,107.878786
1,9054,395.243016
1,9055,89.883421
1,9056,121.420506
1,9057,295.600287
1,9058,96.614504
1,9059,326.995507
1,9060,381.956931
1,9061,43.251995
1,9062,191.661750
1,9063,240.388060
1,9064,71.694393
1,9065,246.293166
1,9066,157.256823
1,9067,290.714775
1,9068,95.870734
1,9069,561.890806
1,9070,214.159018
1,9071,95.670528
1,9072,360.997822
1,9073,324.427797
1,9074,90.011452
1,9075,64.634245
1,9076,328.358944
1,9077,246.013245
1,9078,373.971115
1,9079,289.514687
1,9080,229.691395
1,9081,413.558375
1,9082,271.691394
1,9083,47.439569
1,9084,241.657532
1,9085,284.793164
1,9086,459.100821
1,9087,184.266948
1,9088,476.248798
1,9089,310.296468
1,9090,96.138239
1,9091,191.931147
1,9092,84.142839
1,9093,186.886875
1,9094,443.426974
1,9095,463.430496
1,9096,345.755899
1,9097,92.413337
1,9098,245.956140
1,9099,58.059970
1,9100,517.474863
1,9101,95.781182
1,9102,301.186746
1,9103,274.852031
1,9104,316.517240
1,9105,187.298995
1,9106,350.991898
1,9107,418.281047
1,9108,93.945015
1,9109,58.857784
1,9110,404.949436
1,9111,97.077962
1,9112,171.783429
1,9113,325.077973
1,9114,86.759624
1,9115,436.589249
1,9116,84.697000
1,9117,448.417845
1,9118,265.751350
1,9119,279.334052
1,9120,148.389992
1,9121,355.378099
1,9122,51.556992
1,9123,473.386525
1,9124,153.400118
1,9125,252.731880
1,9126,260.667702
1,9127,111.043008
1,9128,553.160949
1,9129,77.892524
1,9130,265.103805
1,9131,351.353397
1,9132,149.096085
1,9133,590.970145
1,9134,87.535101
1,9135,305.753190
1,9136,364.266737
1,9137,135.399034
1,9138,185.017833
1,9139,386.147920
1,9140,186.307828
1,9141,101.182219
1,9142,317.295464
1,9143,302.377604
1,9144,95.345183
1,9145,162.065618
1,9146,65.684677
1,9147,340.489029
1,9148,384.967125
1,9149,216.861142
1,9150,553.355712
1,9151,191.528622
1,9152,470.882408
1,9153,410.985346
1,9154,482.872497
1,9155,361.272045
1,9156,94.638706
1,9157,211.227030
1,9158,288.610429
1,9159,316.709841
1,9160,106.390145
1,9161,332.064203
1,9162,184.663746
1,9163,415.571940
1,9164,342.824380
1,9165,228.820036
1,9166,115.830429
1,9167,119.390978
1,9168,463.781527
1,9169,375.851147
1,9170,79.980026
1,9171,364.845249
1,9172,115.319636
1,9173,507.559840
1,9174,409.247038
1,9175,100.312221
1,9176,406.984244
1,9177,114.064977
1,9178,363.403520
1,9179,86.785861
1,9180,280.185302
1,9181,55.143108
1,9182,620.535799
1,9183,86.864259
1,9184,240.256257
1,9185,245.040941
1,9186,204.869433
1,9187,224.693007
1,9188,451.477988
1,9189,75.654826
1,9190,466.511157
1,9191,224.794811
1,9192,474.673940
1,9193,312.288558
1,9194,230.595561
1,9195,215.891725
1,9196,160.097173
1,9197,412.267000
1,9198,598.192606
1,9199,120.773272
1,9200,416.185424
1,9201,104.760554
1,9202,162.947164
1,9203,489.239072
1,9204,170.256003
1,9205,159.735888
1,9206,174.240837
1,9207,186.848589
1,9208,273.674781
1,9209,61.189410
1,9210,450.590784
1,9211,121.610413
1,9212,559.431661
1,9213,77.425257
1,9214,243.298152
1,9215,87.326688
1,9216,75.917099
1,9217,170.474855
1,9218,102.654697
1,9219,111.756683
1,9220,342.612866
1,9221,32.493650
1,9222,308.864067
1,9223,458.611103
1,9224,184.288291
1,9225,86.674657
1,9226,349.591103
1,9227,293.660129
1,9228,68.058723
1,9229,329.497526
1,9230,39.905015
1,9231,316.465802
1,9232,81.157187
1,9233,209.171057
1,9234,571.774548
1,9235,384.001551
1,9236,71.948484
1,9237,162.275314
1,9238,142.716921
1,9239,375.849286
1,9240,61.125643
1,9241,427.886093
1,9242,65.564457
1,9243,320.046377
1,9244,89.103540
1,9245,247.782538
1,9246,176.018789
1,9247,340.313948
1,9248,305.603002
1,9249,67.563136
1,9250,198.942550
1,9251,306.857327
1,9252,310.502527
1,9253,516.854396
1,9254,195.050732
1,9255,335.930650
1,9256,82.029040
1,9257,397.387100
1,9258,173.690898
1,9259,423.656739
1,9260,44.440132
1,9261,307.046937
1,9262,80.957941
1,9263,100.419051
1,9264,267.328089
1,9265,102.281961
1,9266,110.683879
1,9267,152.069373
1,9268,280.176159
1,9269,84.863363
1,9270,213.957969
1,9271,82.182629
1,9272,371.534159
1,9273,148.558678
1,9274,171.981182
1,9275,431.694650
1,9276,137.666797
1,9277,90.635467
1,9278,394.322304
1,9279,396.844643
1,9280,189.906473
1,9281,276.791069
1,9282,94.601276
1,9283,303.351113
1,9284,178.458655
1,9285,194.337973
1,9286,545.164623
1,9287,85.715128
1,9288,182.285569
1,9289,480.920493
1,9290,405.057797
1,9291,113.076599
1,9292,282.428290
1,9293,82.989430
1,9294,293.201022
1,9295,123.436500
1,9296,436.118372
1,9297,568.366489
1,9298,151.426831
1,9299,360.430193
1,9300,106.873747
1,9301,278.421750
1,9302,425.368530
1,9303,498.229870
1,9304,86.286559
1,9305,288.680965
1,9306,172.536089
1,9307,72.091366
1,9308,333.224183
1,9309,81.470501
1,9310,425.418493
1,9311,116.335782
1,9312,436.352037
1,9313,141.854545
1,9314,131.045528
1,9315,321.887378
1,9316,493.957642
1,9317,356.517780
1,9318,93.645742
1,9319,153.426037
1,9320,415.881703
1,9321,316.997155
1,9322,117.532657
1,9323,395.733413
1,9324,221.064538
1,9325,105.320251
1,9326,820.881268
1,9327,149.466804
1,9328,94.548335
1,9329,500.834632
1,9330,294.369622
1,9331,545.773714
1,9332,59.567606
1,9333,398.970754
1,9334,236.334069
1,9335,372.069269
1,9336,93.819468
1,9337,263.881518
1,9338,314.209009
1,9339,376.435550
1,9340,386.037867
1,9341,343.887531
1,9342,64.126640
1,9343,191.724209
1,9344,102.195075
1,9345,262.272529
1,9346,186.806200
1,9347,370.580005
1,9348,95.301538
1,9349,228.633617
1,9350,106.045803
1,9351,344.523825
1,9352,80.040466
1,9353,324.460152
1,9354,245.320440
1,9355,90.355013
1,9356,416.020486
1,9357,216.728746
1,9358,225.336885
1,9359,390.759397
1,9360,53.384387
1,9361,349.350673
1,9362,319.408478
1,9363,278.579062
1,9364,624.632717
1,9365,188.856742
1,9366,355.010502
1,9367,103.845554
1,9368,388.037346
1,9369,281.948622
1,9370,206.716921
1,9371,94.045532
1,9372,330.600691
1,9373,259.016816
1,9374,282.656501
1,9375,238.998759
1,9376,102.815569
1,9377,314.415614
1,9378,248.806330
1,9379,49.808075
1,9380,367.693151
1,9381,246.096743
1,9382,271.004924
1,9383,236.140063
1,9384,318.045159
1,9385,462.062594
1,9386,191.405213
1,9387,50.665952
1,9388,495.271201
1,9389,92.178920
1,9390,456.139154
1,9391,72.869451
1,9392,398.766047
1,9393,67.687219
1,9394,95.467458
1,9395,349.315889
1,9396,388.282598
1,9397,79.747028
1,9398,213.489864
1,9399,83.316255
1,9400,274.181918
1,9401,138.750736
1,9402,149.135456
1,9403,178.790833
1,9404,292.563450
1,9405,410.447604
1,9406,92.264174
1,9407,148.813591
1,9408,138.425392
1,9409,472.674806
1,9410,87.319748
1,9411,475.702558
1,9412,105.253761
1,9413,467.710413
1,9414,107.270616
1,9415,320.699553
1,9416,250.170188
1,9417,545.789261
1,9418,155.343369
1,9419,92.279171
1,9420,450.101421
1,9421,151.926336
1,9422,449.283211
1,9423,259.690115
1,9424,288.254508
