subtaskID,datapointID,answer
1,0,405.080718
1,1,105.083284
1,2,89.730778
1,3,0.687088
1,4,419.740568
1,5,37.195853
1,6,154.518776
1,7,252.485597
1,8,138.604186
1,9,283.188302
1,10,139.253268
1,11,17.945011
1,12,81.735484
1,13,128.400146
1,14,42.475397
1,15,254.004738
1,16,221.290404
1,17,239.531595
1,18,163.973326
1,19,462.015435
1,20,159.329874
1,21,240.924654
1,22,293.419407
1,23,515.171666
1,24,248.445520
1,25,42.055568
1,26,299.354350
1,27,161.423816
1,28,148.723254
1,29,23.584754
1,30,291.622710
1,31,48.315961
1,32,112.713463
1,33,441.340929
1,34,23.405258
1,35,690.700317
1,36,419.168568
1,37,321.437339
1,38,136.535160
1,39,124.913357
1,40,42.007451
1,41,434.201535
1,42,95.301242
1,43,261.887855
1,44,385.722480
1,45,143.955429
1,46,47.894877
1,47,318.759792
1,48,201.564912
1,49,241.564422
1,50,163.371263
1,51,296.771338
1,52,125.869564
1,53,43.407490
1,54,125.531705
1,55,165.989830
1,56,230.146866
1,57,125.654687
1,58,134.845894
1,59,438.614482
1,60,43.479782
1,61,187.058832
1,62,42.910487
1,63,328.235314
1,64,105.980822
1,65,132.430711
1,66,41.493069
1,67,160.110227
1,68,168.459539
1,69,279.926670
1,70,43.230488
1,71,167.474442
1,72,39.591796
1,73,158.990095
1,74,164.770215
1,75,153.626535
1,76,89.385723
1,77,53.282115
1,78,15.692740
1,79,165.668408
1,80,38.175310
1,81,434.105853
1,82,383.598916
1,83,233.205558
1,84,237.232314
1,85,131.752585
1,86,78.800741
1,87,105.749111
1,88,144.269768
1,89,137.403308
1,90,187.002225
1,91,85.324166
1,92,48.642876
1,93,417.776574
1,94,1468.273024
1,95,1198.391771
1,96,926.988582
1,97,805.126933
1,98,637.695172
1,99,16.517226
1,100,683.832208
1,101,271.043704
1,102,530.353929
1,103,370.649965
1,104,578.514153
1,105,442.440027
1,106,154.407291
1,107,367.464468
1,108,126.302069
1,109,354.323005
1,110,499.865898
1,111,281.171050
1,112,639.685717
1,113,185.689167
1,114,661.056306
1,115,1446.148168
1,116,490.764960
1,117,616.986545
1,118,433.181874
1,119,333.353555
1,120,291.699084
1,121,35.583087
1,122,167.974169
1,123,270.107205
1,124,659.084975
1,125,303.097289
1,126,661.349503
1,127,223.245814
1,128,76.930197
1,129,319.313387
1,130,270.460847
1,131,33.948774
1,132,426.130066
1,133,33.339341
1,134,63.225333
1,135,35.755648
1,136,114.535775
1,137,155.570062
1,138,408.569323
1,139,375.041437
1,140,341.891158
1,141,261.546507
1,142,61.343603
1,143,344.156477
1,144,193.068502
1,145,206.173953
1,146,32.534552
1,147,180.235420
1,148,6.558295
1,149,158.473338
1,150,124.851324
1,151,30.296512
1,152,95.524900
1,153,179.371228
1,154,261.479789
1,155,352.188026
1,156,189.366639
1,157,384.855084
1,158,326.996691
1,159,39.058928
1,160,196.681888
1,161,187.793360
1,162,130.425504
1,163,179.815683
1,164,163.793367
1,165,47.947739
1,166,295.850853
1,167,17.991289
1,168,415.439102
1,169,232.671171
1,170,249.307388
1,171,454.769031
1,172,527.222577
1,173,26.368028
1,174,251.178377
1,175,55.304006
1,176,284.098946
1,177,31.557746
1,178,290.105710
1,179,187.091559
1,180,174.938815
1,181,445.478004
1,182,84.486576
1,183,389.409499
1,184,543.778382
1,185,578.921631
1,186,486.670422
1,187,321.616185
1,188,34.123142
1,189,132.826922
1,190,31.431677
1,191,128.744288
1,192,184.674578
1,193,34.701191
1,194,91.128920
1,195,227.790414
1,196,65.119410
1,197,87.792183
1,198,31.629430
1,199,727.851541
1,200,29.693033
1,201,298.967541
1,202,141.674060
1,203,147.345486
1,204,34.940515
1,205,86.986494
1,206,185.062495
1,207,181.398536
1,208,33.704639
1,209,10.883326
1,210,155.301265
1,211,30.293284
1,212,471.762879
1,213,141.419486
1,214,185.344204
1,215,393.206632
1,216,32.712167
1,217,190.084305
1,218,29.042107
1,219,143.916173
1,220,312.063234
1,221,361.931617
1,222,483.186750
1,223,396.060543
1,224,431.883640
1,225,156.498122
1,226,480.987166
1,227,26.278709
1,228,93.558571
1,229,96.974247
1,230,131.563144
1,231,78.768256
1,232,142.093741
1,233,390.568787
1,234,120.250582
1,235,29.448194
1,236,96.049836
1,237,85.693739
1,238,141.672959
1,239,60.155918
1,240,22.184049
1,241,160.798546
1,242,76.431140
1,243,91.421959
1,244,209.387364
1,245,261.508740
1,246,101.170046
1,247,166.798186
1,248,51.123715
1,249,76.064325
1,250,24.733175
1,251,83.240966
1,252,22.315971
1,253,102.929665
1,254,18.476585
1,255,23.574608
1,256,134.456397
1,257,252.916089
1,258,167.236356
1,259,163.731550
1,260,70.348225
1,261,150.552446
1,262,19.990639
1,263,132.814277
1,264,48.040891
1,265,84.102898
1,266,129.005697
1,267,561.414386
1,268,193.362658
1,269,144.877419
1,270,296.121294
1,271,113.959590
1,272,664.544531
1,273,187.996261
1,274,157.583047
1,275,114.578799
1,276,22.489160
1,277,290.907988
1,278,25.567022
1,279,208.422571
1,280,490.974048
1,281,423.984460
1,282,22.203137
1,283,389.689165
1,284,417.471589
1,285,487.844908
1,286,249.789579
1,287,297.684006
1,288,54.701969
1,289,29.955615
1,290,129.441487
1,291,207.408036
1,292,112.910845
1,293,285.038516
1,294,209.370877
1,295,183.012957
1,296,126.993917
1,297,254.639528
1,298,431.137603
1,299,94.119385
1,300,252.193545
1,301,625.914551
1,302,316.285526
1,303,360.593675
1,304,191.675705
1,305,30.219554
1,306,123.394413
1,307,439.001174
1,308,198.235973
1,309,123.155752
1,310,403.349640
1,311,282.152766
1,312,204.377108
1,313,170.619409
1,314,147.879115
1,315,472.984139
1,316,204.573621
1,317,170.266334
1,318,33.386275
1,319,88.527745
1,320,323.457269
1,321,294.474511
1,322,158.503446
1,323,174.890924
1,324,192.902024
1,325,216.727302
1,326,279.170034
1,327,221.644730
1,328,209.401726
1,329,21.998880
1,330,3.716138
1,331,149.236029
1,332,108.946566
1,333,148.528695
1,334,85.470560
1,335,404.400333
1,336,173.439973
1,337,394.107486
1,338,433.540296
1,339,234.499486
1,340,15.573693
1,341,230.176585
1,342,152.647258
1,343,55.321952
1,344,99.811962
1,345,123.086990
1,346,77.706656
1,347,433.601803
1,348,162.210248
1,349,204.432142
1,350,125.109382
1,351,190.366965
1,352,204.096150
1,353,58.172331
1,354,359.900663
1,355,315.507472
1,356,27.868955
1,357,147.738581
1,358,25.837074
1,359,91.698517
1,360,1.237751
1,361,57.130439
1,362,510.116476
1,363,522.304609
1,364,201.232012
1,365,261.577428
1,366,269.715726
1,367,58.553415
1,368,305.247833
1,369,213.560798
1,370,157.497437
1,371,354.193283
1,372,227.711389
1,373,278.936164
1,374,247.461845
1,375,324.231838
1,376,134.967416
1,377,646.408957
1,378,165.640317
1,379,324.226779
1,380,27.548655
1,381,209.614631
1,382,132.312492
1,383,276.172071
1,384,25.834943
1,385,107.660094
1,386,1147.731174
1,387,1568.736039
1,388,238.523238
1,389,361.208499
1,390,6.333095
1,391,379.036645
1,392,330.602604
1,393,480.977816
1,394,255.046559
1,395,256.557791
1,396,22.361699
1,397,96.252821
1,398,451.331912
1,399,204.310773
1,400,386.986343
1,401,388.081453
1,402,581.799116
1,403,478.706326
1,404,458.653041
1,405,54.884496
1,406,382.466840
1,407,355.737797
1,408,598.902687
1,409,555.190186
1,410,545.730146
1,411,372.042438
1,412,35.288682
1,413,498.205565
1,414,477.891693
1,415,643.992841
1,416,852.180734
1,417,333.308664
1,418,383.569369
1,419,313.449123
1,420,15.962379
1,421,187.528610
1,422,289.741033
1,423,356.596825
1,424,333.586005
1,425,251.658897
1,426,334.143383
1,427,422.611455
1,428,119.797531
1,429,143.586142
1,430,462.926309
1,431,171.929631
1,432,184.278046
1,433,468.152996
1,434,36.151730
1,435,399.522778
1,436,44.836129
1,437,92.352959
1,438,196.736384
1,439,140.472964
1,440,362.437514
1,441,96.833219
1,442,440.793285
1,443,15.813158
1,444,396.467226
1,445,459.271941
1,446,85.844441
1,447,152.424304
1,448,567.203183
1,449,423.904355
1,450,32.739088
1,451,799.904117
1,452,434.511735
1,453,789.336072
1,454,32.227914
1,455,336.944866
1,456,37.456772
1,457,523.372364
1,458,200.375605
1,459,361.437255
1,460,277.722101
1,461,487.082092
1,462,374.558208
1,463,599.928295
1,464,534.204835
1,465,806.664491
1,466,539.857713
1,467,558.526218
1,468,36.941395
1,469,115.909102
1,470,44.578565
1,471,351.359959
1,472,498.317086
1,473,51.353708
1,474,275.796847
1,475,39.487873
1,476,183.535241
1,477,217.841524
1,478,228.738776
1,479,43.796717
1,480,307.074235
1,481,42.114090
1,482,175.591758
1,483,36.600489
1,484,193.375227
1,485,547.916747
1,486,417.156107
1,487,560.605985
1,488,842.830291
1,489,130.560505
1,490,285.332227
1,491,216.111037
1,492,375.275788
1,493,31.400160
1,494,684.930878
1,495,142.940929
1,496,174.342105
1,497,396.858205
1,498,225.903265
1,499,303.634099
1,500,425.700562
1,501,149.777974
1,502,155.804327
1,503,276.928188
1,504,13.436542
1,505,420.559717
1,506,36.419613
1,507,382.186021
1,508,591.337335
1,509,347.293267
1,510,436.307185
1,511,237.778701
1,512,291.683674
1,513,390.915555
1,514,164.285349
1,515,270.103326
1,516,338.459046
1,517,288.783748
1,518,242.297305
1,519,322.332272
1,520,435.199118
1,521,348.746734
1,522,177.678307
1,523,114.459599
1,524,214.606282
1,525,37.292116
1,526,870.583664
1,527,152.329188
1,528,248.357876
1,529,301.315740
1,530,229.348991
1,531,39.243782
1,532,131.468825
1,533,37.012971
1,534,432.227631
1,535,113.963357
1,536,276.872251
1,537,372.749342
1,538,22.431296
1,539,278.885277
1,540,614.818971
1,541,352.193486
1,542,457.038550
1,543,178.931619
1,544,409.659436
1,545,542.731814
1,546,717.212096
1,547,702.909379
1,548,8.703972
1,549,300.910496
1,550,406.662053
1,551,35.463575
1,552,140.553637
1,553,30.660374
1,554,202.091448
1,555,242.819587
1,556,123.851094
1,557,541.634735
1,558,40.656200
1,559,229.948708
1,560,281.748458
1,561,214.106447
1,562,93.061408
1,563,470.420676
1,564,263.748307
1,565,397.232233
1,566,154.855835
1,567,379.423678
1,568,450.031099
1,569,125.613521
1,570,446.955854
1,571,500.971455
1,572,265.952455
1,573,851.197472
1,574,160.771597
1,575,298.806177
1,576,491.445489
1,577,906.234145
1,578,382.031801
1,579,309.993871
1,580,289.702410
1,581,337.907839
1,582,380.309909
1,583,151.915870
1,584,809.115062
1,585,121.673030
1,586,39.261362
1,587,511.697198
1,588,458.760332
1,589,248.911313
1,590,465.215996
1,591,455.126171
1,592,1145.495328
1,593,37.643248
1,594,383.671141
1,595,234.404127
1,596,286.395167
1,597,319.411574
1,598,298.359788
1,599,159.920860
1,600,308.464151
1,601,104.832059
1,602,329.219420
1,603,221.544175
1,604,509.888464
1,605,186.251054
1,606,527.986406
1,607,421.420940
1,608,290.329811
1,609,38.246208
1,610,347.721160
1,611,276.493837
1,612,443.921371
1,613,208.827996
1,614,33.035214
1,615,349.725858
1,616,451.731677
1,617,372.985977
1,618,512.984015
1,619,569.217966
1,620,309.250392
1,621,268.953967
1,622,394.694016
1,623,82.866666
1,624,192.874750
1,625,175.000226
1,626,167.246284
1,627,203.563694
1,628,15.001004
1,629,68.462204
1,630,391.894575
1,631,225.509622
1,632,269.439469
1,633,136.932084
1,634,3.838072
1,635,31.423525
1,636,240.604588
1,637,288.286973
1,638,119.560100
1,639,121.160644
1,640,153.386386
1,641,33.171686
1,642,261.184403
1,643,82.453789
1,644,125.300547
1,645,3.449020
1,646,121.228282
1,647,248.537972
1,648,218.386838
1,649,36.510872
1,650,101.187904
1,651,14.693000
1,652,282.262996
1,653,219.454537
1,654,131.824406
1,655,259.740200
1,656,42.008203
1,657,190.117357
1,658,112.566627
1,659,341.096196
1,660,342.903092
1,661,4.189599
1,662,412.239903
1,663,386.866847
1,664,40.789848
1,665,70.862015
1,666,36.023332
1,667,45.651085
1,668,12.582447
1,669,146.240583
1,670,34.327095
1,671,73.985471
1,672,300.353581
1,673,352.879689
1,674,36.374593
1,675,269.843004
1,676,47.787803
1,677,191.226709
1,678,40.034998
1,679,231.292506
1,680,34.192235
1,681,36.616861
1,682,145.928735
1,683,66.539083
1,684,147.520356
1,685,234.542728
1,686,35.976122
1,687,220.748915
1,688,298.668256
1,689,315.450441
1,690,211.658863
1,691,78.672812
1,692,32.680468
1,693,80.699101
1,694,258.907255
1,695,399.256114
1,696,202.769907
1,697,34.138729
1,698,244.122190
1,699,27.645030
1,700,130.556114
1,701,122.557589
1,702,77.850337
1,703,174.833144
1,704,33.036599
1,705,265.736768
1,706,1539.137831
1,707,330.741848
1,708,118.090829
1,709,280.598756
1,710,209.817572
1,711,71.731421
1,712,280.406225
1,713,39.188567
1,714,121.381662
1,715,33.057025
1,716,200.665128
1,717,388.918143
1,718,468.112530
1,719,494.347895
1,720,111.493276
1,721,306.411697
1,722,355.369833
1,723,10.530379
1,724,175.643179
1,725,481.142601
1,726,0.000000
1,727,401.616919
1,728,735.731515
1,729,0.000000
1,730,584.039463
1,731,1104.640099
1,732,685.615903
1,733,308.881189
1,734,333.073537
1,735,150.329202
1,736,388.348589
1,737,173.274779
1,738,554.190947
1,739,343.534678
1,740,448.256368
1,741,367.029269
1,742,531.838939
1,743,398.127241
1,744,124.366383
1,745,253.791152
1,746,32.881917
1,747,347.008734
1,748,151.932605
1,749,38.355465
1,750,117.124164
1,751,34.084145
1,752,114.620918
1,753,95.422703
1,754,150.511064
1,755,87.359802
1,756,31.723962
1,757,98.847539
1,758,172.661556
1,759,549.431571
1,760,33.043483
1,761,385.292933
1,762,474.706980
1,763,9.519739
1,764,107.469428
1,765,180.468899
1,766,29.438999
1,767,118.734701
1,768,110.986738
1,769,291.460430
1,770,194.489800
1,771,106.117602
1,772,301.196832
1,773,69.410644
1,774,151.094207
1,775,110.451345
1,776,360.802961
1,777,176.586851
1,778,34.138378
1,779,154.075618
1,780,34.124767
1,781,148.166136
1,782,261.920173
1,783,35.952203
1,784,161.268319
1,785,29.147698
1,786,80.404143
1,787,37.998794
1,788,361.006616
1,789,29.817471
1,790,65.162147
1,791,240.490969
1,792,356.701330
1,793,329.394825
1,794,530.808642
1,795,0.972273
1,796,336.211010
1,797,213.864594
1,798,271.998364
1,799,43.402374
1,800,262.884823
1,801,500.923961
1,802,57.460118
1,803,411.722381
1,804,361.025718
1,805,112.784992
1,806,328.189429
1,807,46.149832
1,808,294.197875
1,809,165.463541
1,810,47.708503
1,811,118.961732
1,812,382.211144
1,813,419.488085
1,814,418.384205
1,815,431.796028
1,816,529.460667
1,817,196.250328
1,818,668.961495
1,819,215.656900
1,820,364.151468
1,821,148.115404
1,822,55.843145
1,823,277.147304
1,824,217.974223
1,825,50.351399
1,826,303.764209
1,827,61.318874
1,828,123.134834
1,829,1330.565624
1,830,375.256243
1,831,253.445493
1,832,60.326648
1,833,1125.579927
1,834,375.839790
1,835,397.855422
1,836,53.594277
1,837,645.367807
1,838,354.034072
1,839,306.391477
1,840,231.718067
1,841,423.496827
1,842,164.562757
1,843,141.213017
1,844,108.386782
1,845,502.294680
1,846,180.728269
1,847,43.913668
1,848,122.451716
1,849,137.852880
1,850,153.247536
1,851,204.078991
1,852,144.097172
1,853,54.112026
1,854,341.733294
1,855,113.075091
1,856,186.859634
1,857,277.233116
1,858,49.499261
1,859,290.966659
1,860,269.567359
1,861,21.389202
1,862,570.675293
1,863,316.832996
1,864,33.755333
1,865,202.153216
1,866,176.360161
1,867,454.660235
1,868,151.606248
1,869,1015.905529
1,870,532.761336
1,871,45.210360
1,872,576.764612
1,873,259.815759
1,874,217.171195
1,875,22.723350
1,876,243.732197
1,877,311.686854
1,878,450.016401
1,879,332.978105
1,880,114.943137
1,881,376.945880
1,882,140.742363
1,883,22.168134
1,884,117.533257
1,885,360.437859
1,886,432.297911
1,887,199.216647
1,888,636.945800
1,889,328.640301
1,890,52.724035
1,891,93.896917
1,892,43.181515
1,893,328.764506
1,894,323.960620
1,895,643.826391
1,896,626.865649
1,897,46.476826
1,898,317.936086
1,899,26.746997
1,900,888.922779
1,901,52.627491
1,902,413.757261
1,903,275.105337
1,904,348.522205
1,905,95.563201
1,906,573.788557
1,907,696.218214
1,908,48.675154
1,909,23.658324
1,910,557.892657
1,911,52.837857
1,912,170.094171
1,913,383.133858
1,914,45.659577
1,915,909.078690
1,916,47.782264
1,917,856.125155
1,918,535.869635
1,919,393.156358
1,920,145.022736
1,921,550.281293
1,922,25.221083
1,923,465.116874
1,924,79.149745
1,925,483.463634
1,926,269.080293
1,927,57.423439
1,928,1057.434063
1,929,39.375832
1,930,312.962870
1,931,330.474145
1,932,77.404072
1,933,771.898647
1,934,47.777027
1,935,326.770108
1,936,400.858839
1,937,275.028388
1,938,418.514494
1,939,319.349324
1,940,250.969595
1,941,134.723662
1,942,248.597118
1,943,262.469779
1,944,43.614794
1,945,78.407214
1,946,34.403688
1,947,153.498281
1,948,282.691489
1,949,196.081421
1,950,267.194956
1,951,205.325035
1,952,476.553758
1,953,416.638477
1,954,398.224503
1,955,380.771672
1,956,135.579757
1,957,466.009881
1,958,444.715700
1,959,249.805300
1,960,153.274543
1,961,257.354093
1,962,86.290958
1,963,362.826719
1,964,384.152158
1,965,412.202193
1,966,195.030494
1,967,178.663051
1,968,464.330299
1,969,365.340983
1,970,45.967751
1,971,177.259886
1,972,59.759810
1,973,343.768111
1,974,404.404878
1,975,221.866056
1,976,450.562086
1,977,61.740019
1,978,400.130677
1,979,43.573179
1,980,416.452627
1,981,21.132337
1,982,650.193737
1,983,193.575271
1,984,195.336250
1,985,222.774781
1,986,311.054633
1,987,105.768547
1,988,479.951568
1,989,43.868440
1,990,457.501252
1,991,455.122512
1,992,958.395145
1,993,264.335570
1,994,359.048322
1,995,290.333998
1,996,143.961648
1,997,291.329750
1,998,721.423929
1,999,606.775954
1,1000,984.324672
1,1001,212.601154
1,1002,312.427286
1,1003,1041.618515
1,1004,267.052382
1,1005,222.617110
1,1006,307.491546
1,1007,98.965450
1,1008,415.760727
1,1009,158.497577
1,1010,607.000523
1,1011,491.021597
1,1012,869.024795
1,1013,174.764607
1,1014,342.642238
1,1015,49.307467
1,1016,37.449863
1,1017,135.402602
1,1018,49.429392
1,1019,51.136361
1,1020,170.200563
1,1021,13.744941
1,1022,160.148236
1,1023,399.970857
1,1024,145.536605
1,1025,135.274641
1,1026,319.175723
1,1027,359.076732
1,1028,38.230053
1,1029,325.267835
1,1030,12.829763
1,1031,314.545292
1,1032,39.314698
1,1033,220.207243
1,1034,356.479492
1,1035,191.111281
1,1036,39.046898
1,1037,79.829623
1,1038,149.021489
1,1039,289.699610
1,1040,34.463349
1,1041,493.571136
1,1042,32.781913
1,1043,294.973484
1,1044,37.709392
1,1045,199.427689
1,1046,348.481405
1,1047,584.132771
1,1048,300.768553
1,1049,92.951172
1,1050,289.871623
1,1051,678.076871
1,1052,369.252262
1,1053,649.239724
1,1054,315.635401
1,1055,380.451577
1,1056,40.551006
1,1057,747.090611
1,1058,292.472086
1,1059,801.177400
1,1060,18.891047
1,1061,325.885037
1,1062,41.703304
1,1063,52.424328
1,1064,134.599598
1,1065,50.191240
1,1066,53.575566
1,1067,178.740544
1,1068,137.471683
1,1069,46.977354
1,1070,442.400072
1,1071,46.057846
1,1072,378.700647
1,1073,79.137309
1,1074,385.534079
1,1075,652.147262
1,1076,297.156052
1,1077,46.690112
1,1078,671.815490
1,1079,671.686337
1,1080,518.164353
1,1081,556.664414
1,1082,154.339165
1,1083,487.069630
1,1084,210.629662
1,1085,247.843261
1,1086,635.778545
1,1087,47.625833
1,1088,214.975912
1,1089,679.035963
1,1090,528.069068
1,1091,58.197320
1,1092,143.005282
1,1093,46.398700
1,1094,430.307821
1,1095,141.302384
1,1096,520.004098
1,1097,1383.970952
1,1098,209.076184
1,1099,431.264184
1,1100,269.634471
1,1101,406.162313
1,1102,456.255768
1,1103,492.773451
1,1104,153.013092
1,1105,335.122734
1,1106,154.459775
1,1107,41.482601
1,1108,424.986441
1,1109,40.028159
1,1110,589.534453
1,1111,210.497448
1,1112,544.936524
1,1113,72.317550
1,1114,176.195624
1,1115,416.115215
1,1116,727.895629
1,1117,484.853287
1,1118,44.295412
1,1119,245.089358
1,1120,601.438694
1,1121,484.454040
1,1122,245.660884
1,1123,427.436151
1,1124,364.011641
1,1125,53.208639
1,1126,2460.863807
1,1127,271.400276
1,1128,44.117447
1,1129,561.302813
1,1130,420.673955
1,1131,616.041572
1,1132,34.808007
1,1133,429.997129
1,1134,277.904066
1,1135,299.096614
1,1136,185.380470
1,1137,209.542977
1,1138,348.713045
1,1139,439.572123
1,1140,484.688186
1,1141,695.742223
1,1142,29.837392
1,1143,204.286599
1,1144,355.026294
1,1145,206.863897
1,1146,251.547857
1,1147,496.554689
1,1148,181.549362
1,1149,111.185052
1,1150,151.210395
1,1151,178.784551
1,1152,43.442178
1,1153,271.052783
1,1154,121.800664
1,1155,47.970397
1,1156,205.778254
1,1157,310.239302
1,1158,253.672234
1,1159,317.861598
1,1160,20.391654
1,1161,175.560120
1,1162,156.461402
1,1163,377.401237
1,1164,302.987445
1,1165,99.762694
1,1166,172.116354
1,1167,221.181828
1,1168,415.907613
1,1169,268.034987
1,1170,105.169990
1,1171,150.751309
1,1172,227.320715
1,1173,228.702544
1,1174,446.812933
1,1175,122.383080
1,1176,53.242142
1,1177,364.664806
1,1178,234.736202
1,1179,21.897169
1,1180,399.801138
1,1181,197.944758
1,1182,141.383397
1,1183,194.880956
1,1184,351.974872
1,1185,444.467671
1,1186,356.263175
1,1187,21.994170
1,1188,599.116661
1,1189,129.937014
1,1190,721.972879
1,1191,129.107760
1,1192,584.868546
1,1193,39.561580
1,1194,47.192848
1,1195,226.924779
1,1196,201.385861
1,1197,44.053656
1,1198,108.318183
1,1199,42.313752
1,1200,227.154982
1,1201,182.002434
1,1202,79.369918
1,1203,94.663443
1,1204,216.117178
1,1205,250.631341
1,1206,118.905916
1,1207,269.310443
1,1208,284.911315
1,1209,660.415354
1,1210,139.572777
1,1211,701.425566
1,1212,260.202781
1,1213,318.854724
1,1214,215.177747
1,1215,164.577692
1,1216,318.972567
1,1217,389.624749
1,1218,192.290622
1,1219,44.353131
1,1220,302.011670
1,1221,75.951166
1,1222,503.801409
1,1223,125.103869
1,1224,141.977858
1,1225,322.650485
1,1226,45.773245
1,1227,389.556415
1,1228,244.526194
1,1229,335.597853
1,1230,237.183268
1,1231,431.985109
1,1232,416.517437
1,1233,524.466206
1,1234,44.151933
1,1235,574.049177
1,1236,46.035017
1,1237,477.755943
1,1238,146.298578
1,1239,302.952014
1,1240,132.406157
1,1241,678.827017
1,1242,49.052606
1,1243,125.994194
1,1244,496.414501
1,1245,80.925320
1,1246,792.873684
1,1247,1193.884845
1,1248,957.449960
1,1249,23.679034
1,1250,679.345393
1,1251,539.465754
1,1252,769.247803
1,1253,157.541627
1,1254,635.945257
1,1255,550.240381
1,1256,291.632508
1,1257,55.016406
1,1258,414.594231
1,1259,487.235696
1,1260,319.284700
1,1261,132.732274
1,1262,377.071103
1,1263,53.774639
1,1264,409.124110
1,1265,744.205728
1,1266,301.142397
1,1267,570.217033
1,1268,141.507191
1,1269,994.708101
1,1270,1003.671829
1,1271,43.328335
1,1272,665.277218
1,1273,1504.288714
1,1274,829.502964
1,1275,1076.168531
1,1276,433.473736
1,1277,49.496114
1,1278,260.592803
1,1279,313.794883
1,1280,117.803718
1,1281,269.762106
1,1282,381.598239
1,1283,25.816479
1,1284,383.448493
1,1285,355.763635
1,1286,52.982135
1,1287,455.701508
1,1288,433.058752
1,1289,170.176230
1,1290,336.560537
1,1291,754.718369
1,1292,537.713592
1,1293,29.741108
1,1294,241.949013
1,1295,173.327250
1,1296,321.512072
1,1297,37.415237
1,1298,690.853290
1,1299,255.698115
1,1300,147.674408
1,1301,54.735123
1,1302,537.461358
1,1303,172.608045
1,1304,18.252611
1,1305,250.019967
1,1306,504.570800
1,1307,1650.179121
1,1308,878.219745
1,1309,167.439163
1,1310,1250.520852
1,1311,46.886571
1,1312,131.131751
1,1313,446.635877
1,1314,828.474978
1,1315,408.823118
1,1316,1483.410085
1,1317,45.958467
1,1318,427.770437
1,1319,292.315905
1,1320,229.954583
1,1321,50.952702
1,1322,157.663572
1,1323,105.710289
1,1324,780.023095
1,1325,120.551259
1,1326,745.607978
1,1327,126.706973
1,1328,182.082986
1,1329,246.358338
1,1330,260.359191
1,1331,49.376150
1,1332,261.241728
1,1333,400.630529
1,1334,23.072267
1,1335,328.005804
1,1336,191.313483
1,1337,205.108548
1,1338,201.781510
1,1339,50.283543
1,1340,215.817634
1,1341,184.959624
1,1342,132.939126
1,1343,273.488217
1,1344,48.539537
1,1345,118.696826
1,1346,407.134971
1,1347,43.670062
1,1348,243.563682
1,1349,380.251875
1,1350,463.956531
1,1351,225.437043
1,1352,221.223736
1,1353,220.634265
1,1354,52.483843
1,1355,188.484604
1,1356,171.941398
1,1357,40.373238
1,1358,212.937339
1,1359,35.417685
1,1360,369.018146
1,1361,127.875837
1,1362,365.158692
1,1363,42.593062
1,1364,232.622416
1,1365,391.854572
1,1366,719.838975
1,1367,502.468330
1,1368,325.320722
1,1369,72.515399
1,1370,331.183213
1,1371,53.801599
1,1372,418.310418
1,1373,693.869383
1,1374,235.198002
1,1375,131.032324
1,1376,278.278355
1,1377,163.876416
1,1378,315.717110
1,1379,51.647703
1,1380,276.751068
1,1381,624.724224
1,1382,74.603522
1,1383,284.300603
1,1384,121.664879
1,1385,24.320476
1,1386,414.860099
1,1387,309.372453
1,1388,47.944765
1,1389,435.025587
1,1390,390.859801
1,1391,372.401941
1,1392,50.016998
1,1393,118.423802
1,1394,488.256371
1,1395,681.632486
1,1396,561.093105
1,1397,60.931721
1,1398,608.499798
1,1399,690.581629
1,1400,108.291767
1,1401,584.609040
1,1402,383.999236
1,1403,48.186978
1,1404,503.247223
1,1405,297.150365
1,1406,182.233546
1,1407,86.933347
1,1408,183.300492
1,1409,246.648866
1,1410,48.885843
1,1411,612.363659
1,1412,362.861379
1,1413,245.754876
1,1414,610.366254
1,1415,19.171037
1,1416,1058.400327
1,1417,47.982810
1,1418,18.473819
1,1419,440.684282
1,1420,328.914888
1,1421,45.800995
1,1422,233.551392
1,1423,266.130389
1,1424,341.034963
1,1425,43.995064
1,1426,107.715419
1,1427,791.706901
1,1428,743.007634
1,1429,450.275809
1,1430,46.958095
1,1431,439.107838
1,1432,45.756253
1,1433,397.723706
1,1434,505.155545
1,1435,316.729355
1,1436,178.764101
1,1437,364.137278
1,1438,79.349824
1,1439,42.534056
1,1440,170.411543
1,1441,42.672902
1,1442,320.344656
1,1443,371.456082
1,1444,594.069168
1,1445,73.318026
1,1446,399.143198
1,1447,545.819383
1,1448,1192.612670
1,1449,606.459152
1,1450,53.720590
1,1451,436.320522
1,1452,216.179307
1,1453,1149.897167
1,1454,103.765952
1,1455,587.709166
1,1456,640.029721
1,1457,369.631349
1,1458,461.869658
1,1459,428.078941
1,1460,40.924909
1,1461,383.588052
1,1462,340.856621
1,1463,43.857982
1,1464,748.375602
1,1465,1197.237696
1,1466,252.891711
1,1467,488.486648
1,1468,701.631928
1,1469,220.893546
1,1470,372.995998
1,1471,97.110822
1,1472,463.787271
1,1473,76.385531
1,1474,241.671600
1,1475,21.402496
1,1476,736.525334
1,1477,261.653241
1,1478,52.832734
1,1479,517.309381
1,1480,213.509456
1,1481,612.455335
1,1482,615.407343
1,1483,443.113853
1,1484,327.871539
1,1485,110.537051
1,1486,52.556778
1,1487,548.036389
1,1488,376.281107
1,1489,612.340075
1,1490,696.002854
1,1491,797.999795
1,1492,53.465737
1,1493,615.851056
1,1494,154.477107
1,1495,239.765247
1,1496,315.944750
1,1497,47.692326
1,1498,670.377206
1,1499,789.574366
1,1500,533.202899
1,1501,35.085214
1,1502,1254.265022
1,1503,240.878142
1,1504,50.288324
1,1505,392.154795
1,1506,1395.147189
1,1507,140.985033
1,1508,721.977509
1,1509,43.661061
1,1510,311.588686
1,1511,49.014679
1,1512,455.941156
1,1513,946.005409
1,1514,680.619470
1,1515,262.369620
1,1516,929.361976
1,1517,550.352755
1,1518,736.740888
1,1519,700.937157
1,1520,566.526097
1,1521,686.527911
1,1522,39.422862
1,1523,212.453991
1,1524,235.581533
1,1525,204.639538
1,1526,403.347938
1,1527,436.508985
1,1528,439.247446
1,1529,43.353395
1,1530,1120.581979
1,1531,817.348542
1,1532,36.899824
1,1533,42.509165
1,1534,414.151374
1,1535,37.960438
1,1536,104.632462
1,1537,588.489068
1,1538,127.142125
1,1539,457.463279
1,1540,444.347835
1,1541,358.529704
1,1542,395.363422
1,1543,701.635283
1,1544,28.770633
1,1545,3.151917
1,1546,548.260529
1,1547,401.873297
1,1548,37.343840
1,1549,501.163270
1,1550,38.828068
1,1551,604.979560
1,1552,797.687435
1,1553,39.111245
1,1554,248.892152
1,1555,45.847654
1,1556,355.471326
1,1557,268.560075
1,1558,42.666226
1,1559,406.941330
1,1560,304.141937
1,1561,299.779449
1,1562,46.938230
1,1563,182.593870
1,1564,818.861620
1,1565,246.203051
1,1566,265.350421
1,1567,51.728061
1,1568,369.557402
1,1569,321.660791
1,1570,16.715219
1,1571,173.211085
1,1572,143.609404
1,1573,241.934444
1,1574,28.007436
1,1575,115.698814
1,1576,243.034783
1,1577,277.666658
1,1578,83.669064
1,1579,425.771275
1,1580,30.853800
1,1581,318.175589
1,1582,401.712006
1,1583,40.498545
1,1584,438.687591
1,1585,44.794241
1,1586,419.619082
1,1587,166.158124
1,1588,222.564823
1,1589,218.795491
1,1590,95.247211
1,1591,273.322631
1,1592,33.489523
1,1593,225.052112
1,1594,51.731844
1,1595,323.494281
1,1596,14.941984
1,1597,480.136551
1,1598,45.739612
1,1599,192.553073
1,1600,74.688521
1,1601,105.818042
1,1602,214.875153
1,1603,210.685400
1,1604,237.438260
1,1605,235.810150
1,1606,657.948878
1,1607,41.068055
1,1608,496.148479
1,1609,281.120340
1,1610,104.648846
1,1611,510.152227
1,1612,157.822678
1,1613,267.244208
1,1614,445.351871
1,1615,97.882224
1,1616,17.715270
1,1617,372.434484
1,1618,41.530121
1,1619,332.912500
1,1620,161.281236
1,1621,44.433894
1,1622,313.501356
1,1623,329.729372
1,1624,328.969061
1,1625,271.524924
1,1626,321.627321
1,1627,452.869007
1,1628,42.902232
1,1629,536.314577
1,1630,582.558162
1,1631,133.690979
1,1632,554.002494
1,1633,382.826032
1,1634,413.141001
1,1635,267.369658
1,1636,127.326390
1,1637,100.817192
1,1638,476.311766
1,1639,165.891302
1,1640,171.982124
1,1641,345.898062
1,1642,15.791822
1,1643,251.285209
1,1644,102.380263
1,1645,175.937052
1,1646,235.191825
1,1647,104.228079
1,1648,129.859845
1,1649,2.229509
1,1650,238.950877
1,1651,23.871763
1,1652,396.881323
1,1653,2.229509
1,1654,431.598202
1,1655,199.820325
1,1656,291.551896
1,1657,159.458939
1,1658,229.334355
1,1659,266.739301
1,1660,468.472053
1,1661,235.921039
1,1662,471.197618
1,1663,484.265939
1,1664,36.979038
1,1665,594.977854
1,1666,639.143382
1,1667,205.516033
1,1668,183.463902
1,1669,683.036545
1,1670,21.247581
1,1671,991.939138
1,1672,114.711495
1,1673,750.238646
1,1674,676.109658
1,1675,39.604736
1,1676,497.143322
1,1677,385.722966
1,1678,48.980062
1,1679,148.465938
1,1680,40.739054
1,1681,58.426356
1,1682,564.644641
1,1683,159.596286
1,1684,122.514658
1,1685,784.177820
1,1686,203.679401
1,1687,406.784927
1,1688,406.723543
1,1689,130.184285
1,1690,526.322253
1,1691,492.854294
1,1692,165.433782
1,1693,452.328217
1,1694,618.756034
1,1695,156.025318
1,1696,680.679672
1,1697,756.110699
1,1698,317.452260
1,1699,263.524618
1,1700,152.716836
1,1701,133.653458
1,1702,331.640278
1,1703,43.996635
1,1704,439.753015
1,1705,39.736199
1,1706,15.930888
1,1707,162.000759
1,1708,36.424286
1,1709,75.846138
1,1710,209.405015
1,1711,188.565383
1,1712,290.890690
1,1713,72.150992
1,1714,81.677437
1,1715,125.799656
1,1716,95.518559
1,1717,156.498569
1,1718,461.368540
1,1719,267.655642
1,1720,53.492209
1,1721,360.886747
1,1722,816.787132
1,1723,245.984963
1,1724,16.607376
1,1725,170.805092
1,1726,111.513116
1,1727,311.813781
1,1728,128.600972
1,1729,315.772528
1,1730,225.458133
1,1731,187.966007
1,1732,31.436949
1,1733,210.285495
1,1734,302.024443
1,1735,11.990484
1,1736,330.311465
1,1737,104.929122
1,1738,91.686109
1,1739,393.744978
1,1740,221.257597
1,1741,205.609408
1,1742,41.066853
1,1743,371.795529
1,1744,261.859458
1,1745,13.681702
1,1746,345.054419
1,1747,375.539356
1,1748,44.471852
1,1749,191.831334
1,1750,39.452637
1,1751,499.130690
1,1752,45.713940
1,1753,292.202986
1,1754,94.666649
1,1755,281.400279
1,1756,259.532373
1,1757,213.358120
1,1758,265.049264
1,1759,41.981903
1,1760,392.761775
1,1761,114.450429
1,1762,183.071350
1,1763,186.799717
1,1764,183.218730
1,1765,695.364067
1,1766,138.855303
1,1767,462.782340
1,1768,784.951037
1,1769,10.504551
1,1770,470.070046
1,1771,38.874011
1,1772,43.214309
1,1773,210.183759
1,1774,38.589338
1,1775,14.073250
1,1776,260.008761
1,1777,279.128302
1,1778,36.352813
1,1779,141.794268
1,1780,313.286389
1,1781,199.614351
1,1782,409.038551
1,1783,16.607376
1,1784,488.855064
1,1785,569.211862
1,1786,269.617355
1,1787,1011.955362
1,1788,427.200935
1,1789,127.061381
1,1790,746.494336
1,1791,204.388923
1,1792,39.897445
1,1793,293.280047
1,1794,897.866830
1,1795,45.086155
1,1796,144.411971
1,1797,517.323184
1,1798,33.519055
1,1799,213.212306
1,1800,384.379824
1,1801,424.285873
1,1802,157.593740
1,1803,151.897110
1,1804,381.668537
1,1805,171.211551
1,1806,102.456027
1,1807,194.486396
1,1808,535.297855
1,1809,187.983498
1,1810,110.472629
1,1811,188.008552
1,1812,266.012128
1,1813,38.458882
1,1814,197.017759
1,1815,315.091128
1,1816,38.746585
1,1817,114.528692
1,1818,248.367620
1,1819,496.289913
1,1820,200.740452
1,1821,368.626791
1,1822,148.806082
1,1823,313.703242
1,1824,442.115497
1,1825,63.768112
1,1826,437.962547
1,1827,213.021134
1,1828,309.288279
1,1829,376.312797
1,1830,92.794856
1,1831,265.542717
1,1832,45.691085
1,1833,309.584109
1,1834,321.599445
1,1835,143.615249
1,1836,318.050984
1,1837,142.374749
1,1838,120.523883
1,1839,539.100026
1,1840,42.285081
1,1841,463.957858
1,1842,137.771638
1,1843,930.182986
1,1844,770.979939
1,1845,270.403036
1,1846,334.746935
1,1847,218.102304
1,1848,873.632180
1,1849,510.900342
1,1850,170.500798
1,1851,300.841718
1,1852,38.015995
1,1853,366.806175
1,1854,42.844398
1,1855,348.781730
1,1856,395.267860
1,1857,34.602311
1,1858,550.091241
1,1859,39.890622
1,1860,392.731504
1,1861,39.866601
1,1862,1019.040740
1,1863,321.218019
1,1864,6.999732
1,1865,235.799342
1,1866,132.275579
1,1867,270.275882
1,1868,35.095934
1,1869,234.774734
1,1870,33.102546
1,1871,302.624291
1,1872,36.537561
1,1873,300.236369
1,1874,577.908646
1,1875,27.008315
1,1876,558.055584
1,1877,154.115533
1,1878,396.175074
1,1879,29.628457
1,1880,226.965920
1,1881,254.522333
1,1882,30.348695
1,1883,155.904552
1,1884,357.069521
1,1885,657.808642
1,1886,0.972273
1,1887,469.711010
1,1888,117.864594
1,1889,328.498364
1,1890,43.402374
1,1891,299.384823
1,1892,362.423961
1,1893,57.460118
1,1894,383.722381
1,1895,479.025718
1,1896,237.784992
1,1897,317.689429
1,1898,46.149832
1,1899,319.197875
1,1900,82.963541
1,1901,47.708503
1,1902,118.961732
1,1903,261.211144
1,1904,144.988085
1,1905,458.384205
1,1906,346.296028
1,1907,413.960667
1,1908,154.250328
1,1909,709.961495
1,1910,54.156900
1,1911,315.651468
1,1912,47.615404
1,1913,55.843145
1,1914,287.147304
1,1915,118.474223
1,1916,50.351399
1,1917,448.264209
1,1918,151.818874
1,1919,123.134834
1,1920,756.065624
1,1921,202.256243
1,1922,112.945493
1,1923,159.826648
1,1924,538.079927
1,1925,319.339790
1,1926,440.855422
1,1927,53.594277
1,1928,559.367807
1,1929,386.034072
1,1930,288.891477
1,1931,248.218067
1,1932,467.996827
1,1933,359.562757
1,1934,141.213017
1,1935,108.386782
1,1936,374.294680
1,1937,298.728269
1,1938,43.913668
1,1939,228.451716
1,1940,356.852880
1,1941,391.247536
1,1942,320.078991
1,1943,280.097172
1,1944,54.112026
1,1945,357.733294
1,1946,47.075091
1,1947,57.359634
1,1948,231.733116
1,1949,49.499261
1,1950,249.966659
1,1951,185.567359
1,1952,21.389202
1,1953,89.175293
1,1954,111.332996
1,1955,83.755333
1,1956,126.653216
1,1957,195.360161
1,1958,255.660235
1,1959,44.106248
1,1960,439.905529
1,1961,100.261336
1,1962,119.710360
1,1963,345.264612
1,1964,246.815759
1,1965,43.671195
1,1966,159.223350
1,1967,167.232197
1,1968,212.186854
1,1969,249.016401
1,1970,286.978105
1,1971,114.943137
1,1972,291.445880
1,1973,228.242363
1,1974,22.168134
1,1975,201.533257
1,1976,136.437859
1,1977,334.297911
1,1978,93.216647
1,1979,658.445800
1,1980,334.140301
1,1981,52.724035
1,1982,299.396917
1,1983,112.181515
1,1984,256.764506
1,1985,399.960620
1,1986,461.326391
1,1987,264.365649
1,1988,172.476826
1,1989,262.436086
1,1990,26.746997
1,1991,402.922779
1,1992,52.627491
1,1993,343.757261
1,1994,340.105337
1,1995,160.022205
1,1996,95.563201
1,1997,242.288557
1,1998,532.718214
1,1999,48.675154
1,2000,23.658324
1,2001,375.892657
1,2002,52.837857
1,2003,626.094171
1,2004,276.633858
1,2005,45.659577
1,2006,450.078690
1,2007,47.782264
1,2008,490.125155
1,2009,287.869635
1,2010,236.156358
1,2011,78.022736
1,2012,351.781293
1,2013,25.221083
1,2014,586.616874
1,2015,251.649745
1,2016,212.463634
1,2017,443.580293
1,2018,57.423439
1,2019,372.434063
1,2020,39.375832
1,2021,257.462870
1,2022,355.974145
1,2023,168.404072
1,2024,382.898647
1,2025,47.777027
1,2026,151.770108
1,2027,404.858839
1,2028,60.028388
1,2029,87.014494
1,2030,396.349324
1,2031,92.969595
1,2032,43.723662
1,2033,362.097118
1,2034,516.469779
1,2035,234.614794
1,2036,78.407214
1,2037,136.903688
1,2038,295.998281
1,2039,318.691489
1,2040,213.081421
1,2041,372.694956
1,2042,98.825035
1,2043,299.553758
1,2044,431.638477
1,2045,372.724503
1,2046,398.771672
1,2047,46.079757
1,2048,237.009881
1,2049,135.215700
1,2050,261.305300
1,2051,52.774543
1,2052,747.854093
1,2053,86.290958
1,2054,477.326719
1,2055,298.652158
1,2056,254.202193
1,2057,55.030494
1,2058,209.663051
1,2059,229.830299
1,2060,189.840983
1,2061,45.967751
1,2062,351.759886
1,2063,59.759810
1,2064,360.768111
1,2065,616.404878
1,2066,50.366056
1,2067,202.562086
1,2068,61.740019
1,2069,408.630677
1,2070,43.573179
1,2071,466.452627
1,2072,247.132337
1,2073,441.193737
1,2074,45.075271
1,2075,184.836250
1,2076,220.774781
1,2077,95.554633
1,2078,277.268547
1,2079,414.951568
1,2080,43.868440
1,2081,464.501252
1,2082,249.622512
1,2083,379.895145
1,2084,294.835570
1,2085,170.548322
1,2086,109.333998
1,2087,210.961648
1,2088,203.329750
1,2089,532.423929
1,2090,55.275954
1,2091,330.324672
1,2092,51.101154
1,2093,278.927286
1,2094,345.118515
1,2095,82.052382
1,2096,227.617110
1,2097,164.491546
1,2098,98.965450
1,2099,226.760727
1,2100,71.497577
1,2101,355.500523
1,2102,54.021597
1,2103,450.024795
1,2104,39.764607
1,2105,115.142238
1,2106,49.307467
1,2107,191.949863
1,2108,80.402602
1,2109,147.429392
1,2110,51.136361
1,2111,282.700563
1,2112,13.744941
1,2113,262.148236
1,2114,426.470857
1,2115,148.536605
1,2116,226.274641
1,2117,460.675723
1,2118,233.576732
1,2119,38.230053
1,2120,487.267835
1,2121,12.829763
1,2122,149.545292
1,2123,39.314698
1,2124,285.707243
1,2125,582.479492
1,2126,425.611281
1,2127,39.046898
1,2128,79.829623
1,2129,72.021489
1,2130,182.199610
1,2131,34.463349
1,2132,330.571136
1,2133,151.281913
1,2134,242.473484
1,2135,255.209392
1,2136,242.927689
1,2137,84.481405
1,2138,169.132771
1,2139,556.268553
1,2140,28.951172
1,2141,96.871623
1,2142,371.576871
1,2143,251.252262
1,2144,449.739724
1,2145,248.635401
1,2146,535.451577
1,2147,150.551006
1,2148,275.590611
1,2149,177.472086
1,2150,435.677400
1,2151,18.891047
1,2152,255.885037
1,2153,41.703304
1,2154,52.424328
1,2155,134.599598
1,2156,166.191240
1,2157,53.575566
1,2158,235.240544
1,2159,232.971683
1,2160,46.977354
1,2161,208.400072
1,2162,46.057846
1,2163,259.200647
1,2164,79.137309
1,2165,240.534079
1,2166,335.647262
1,2167,62.656052
1,2168,46.690112
1,2169,187.315490
1,2170,187.686337
1,2171,182.164353
1,2172,266.164414
1,2173,204.339165
1,2174,248.569630
1,2175,238.629662
1,2176,201.843261
1,2177,406.778545
1,2178,47.625833
1,2179,259.475912
1,2180,226.035963
1,2181,315.069068
1,2182,58.197320
1,2183,143.005282
1,2184,46.398700
1,2185,333.807821
1,2186,53.302384
1,2187,322.004098
1,2188,515.470952
1,2189,281.576184
1,2190,180.264184
1,2191,51.634471
1,2192,135.662313
1,2193,351.255768
1,2194,233.773451
1,2195,44.013092
1,2196,134.122734
1,2197,93.459775
1,2198,41.482601
1,2199,325.486441
1,2200,136.528159
1,2201,317.034453
1,2202,51.497448
1,2203,445.936524
1,2204,72.317550
1,2205,149.695624
1,2206,251.615215
1,2207,478.895629
1,2208,339.853287
1,2209,129.295412
1,2210,65.089358
1,2211,204.938694
1,2212,340.454040
1,2213,63.160884
1,2214,595.436151
1,2215,435.011641
1,2216,53.208639
1,2217,864.363807
1,2218,73.900276
1,2219,198.117447
1,2220,699.302813
1,2221,388.173955
1,2222,458.041572
1,2223,34.808007
1,2224,394.997129
1,2225,222.904066
1,2226,246.096614
1,2227,122.380470
1,2228,127.042977
1,2229,265.713045
1,2230,313.072123
1,2231,460.688186
1,2232,167.742223
1,2233,29.837392
1,2234,91.786599
1,2235,45.026294
1,2236,126.863897
1,2237,94.047857
1,2238,180.554689
1,2239,45.049362
1,2240,111.185052
1,2241,48.210395
1,2242,178.784551
1,2243,43.442178
1,2244,165.052783
1,2245,121.800664
1,2246,47.970397
1,2247,360.778254
1,2248,215.239302
1,2249,190.672234
1,2250,288.861598
1,2251,20.391654
1,2252,451.560120
1,2253,427.461402
1,2254,130.401237
1,2255,423.987445
1,2256,99.762694
1,2257,172.116354
1,2258,49.181828
1,2259,380.907613
1,2260,432.034987
1,2261,105.169990
1,2262,47.251309
1,2263,162.820715
1,2264,131.702544
1,2265,140.812933
1,2266,122.383080
1,2267,145.242142
1,2268,158.664806
1,2269,127.736202
1,2270,21.897169
1,2271,181.801138
1,2272,116.444758
1,2273,141.383397
1,2274,113.880956
1,2275,163.974872
1,2276,237.467671
1,2277,99.763175
1,2278,21.994170
1,2279,239.616661
1,2280,44.437014
1,2281,207.472879
1,2282,38.607760
1,2283,201.368546
1,2284,39.561580
1,2285,47.192848
1,2286,298.424779
1,2287,343.385861
1,2288,44.053656
1,2289,108.318183
1,2290,42.313752
1,2291,136.654982
1,2292,70.502434
1,2293,79.369918
1,2294,94.663443
1,2295,214.617178
1,2296,292.631341
1,2297,45.405916
1,2298,63.310443
1,2299,161.411315
1,2300,434.915354
1,2301,43.072777
1,2302,716.925566
1,2303,50.202781
1,2304,504.854724
1,2305,50.177747
1,2306,164.577692
1,2307,131.472567
1,2308,256.124749
1,2309,75.790622
1,2310,44.353131
1,2311,328.511670
1,2312,178.951166
1,2313,300.801409
1,2314,125.103869
1,2315,248.477858
1,2316,282.650485
1,2317,45.773245
1,2318,313.056415
1,2319,128.526194
1,2320,337.097853
1,2321,276.683268
1,2322,382.985109
1,2323,444.517437
1,2324,524.966206
1,2325,44.151933
1,2326,267.549177
1,2327,46.035017
1,2328,352.255943
1,2329,46.798578
1,2330,280.452014
1,2331,240.406157
1,2332,419.827017
1,2333,49.052606
1,2334,229.494194
1,2335,358.414501
1,2336,80.925320
1,2337,536.873684
1,2338,826.884845
1,2339,564.449960
1,2340,23.679034
1,2341,228.345393
1,2342,417.465754
1,2343,391.747803
1,2344,50.541627
1,2345,452.445257
1,2346,333.240381
1,2347,233.132508
1,2348,55.016406
1,2349,462.594231
1,2350,217.735696
1,2351,296.784700
1,2352,54.732274
1,2353,521.071103
1,2354,53.774639
1,2355,308.624110
1,2356,394.205728
1,2357,363.642397
1,2358,649.717033
1,2359,149.507191
1,2360,224.708101
1,2361,363.171829
1,2362,43.328335
1,2363,345.777218
1,2364,767.288714
1,2365,392.502964
1,2366,414.668531
1,2367,462.473736
1,2368,49.496114
1,2369,442.592803
1,2370,140.294883
1,2371,117.803718
1,2372,124.262106
1,2373,209.598239
1,2374,25.816479
1,2375,470.448493
1,2376,161.763635
1,2377,52.982135
1,2378,366.201508
1,2379,461.558752
1,2380,88.176230
1,2381,448.560537
1,2382,514.218369
1,2383,346.713592
1,2384,120.241108
1,2385,255.449013
1,2386,87.827250
1,2387,566.512072
1,2388,37.415237
1,2389,450.853290
1,2390,81.198115
1,2391,150.174408
1,2392,54.735123
1,2393,357.961358
1,2394,43.608045
1,2395,182.752611
1,2396,109.019967
1,2397,270.570800
1,2398,764.679121
1,2399,498.219745
1,2400,42.439163
1,2401,799.020852
1,2402,46.886571
1,2403,216.131751
1,2404,107.635877
1,2405,460.474978
1,2406,52.323118
1,2407,635.410085
1,2408,45.958467
1,2409,648.770437
1,2410,232.815905
1,2411,314.954583
1,2412,50.952702
1,2413,286.663572
1,2414,105.710289
1,2415,782.523095
1,2416,51.051259
1,2417,491.607978
1,2418,268.206973
1,2419,182.082986
1,2420,401.858338
1,2421,601.359191
1,2422,49.376150
1,2423,241.241728
1,2424,487.630529
1,2425,23.072267
1,2426,458.505804
1,2427,366.313483
1,2428,462.108548
1,2429,348.281510
1,2430,50.283543
1,2431,464.317634
1,2432,359.959624
1,2433,132.939126
1,2434,761.988217
1,2435,48.539537
1,2436,240.196826
1,2437,672.634971
1,2438,43.670062
1,2439,188.063682
1,2440,521.251875
1,2441,497.956531
1,2442,818.437043
1,2443,392.723736
1,2444,444.134265
1,2445,52.483843
1,2446,503.984604
1,2447,345.941398
1,2448,40.373238
1,2449,380.437339
1,2450,35.417685
1,2451,438.518146
1,2452,236.375837
1,2453,604.658692
1,2454,42.593062
1,2455,224.622416
1,2456,352.354572
1,2457,730.338975
1,2458,181.468330
1,2459,303.320722
1,2460,72.515399
1,2461,390.183213
1,2462,133.801599
1,2463,641.310418
1,2464,509.369383
1,2465,117.198002
1,2466,54.032324
1,2467,382.778355
1,2468,278.376416
1,2469,331.217110
1,2470,51.647703
1,2471,331.751068
1,2472,612.724224
1,2473,74.603522
1,2474,103.300603
1,2475,196.164879
1,2476,24.320476
1,2477,586.860099
1,2478,488.872453
1,2479,47.944765
1,2480,561.025587
1,2481,299.359801
1,2482,390.901941
1,2483,166.016998
1,2484,215.423802
1,2485,267.756371
1,2486,264.632486
1,2487,440.093105
1,2488,60.931721
1,2489,749.999798
1,2490,650.581629
1,2491,185.291767
1,2492,571.109040
1,2493,456.499236
1,2494,127.186978
1,2495,241.247223
1,2496,142.150365
1,2497,182.233546
1,2498,175.933347
1,2499,118.800492
1,2500,269.148866
1,2501,48.885843
1,2502,622.363659
1,2503,273.861379
1,2504,398.254876
1,2505,265.366254
1,2506,19.171037
1,2507,258.400327
1,2508,47.982810
1,2509,18.473819
1,2510,266.684282
1,2511,299.914888
1,2512,45.800995
1,2513,274.051392
1,2514,218.130389
1,2515,447.034963
1,2516,43.995064
1,2517,15.715419
1,2518,350.206901
1,2519,264.507634
1,2520,334.775809
1,2521,138.958095
1,2522,354.607838
1,2523,127.256253
1,2524,317.723706
1,2525,527.155545
1,2526,280.229355
1,2527,94.264101
1,2528,283.137278
1,2529,79.349824
1,2530,42.534056
1,2531,170.411543
1,2532,42.672902
1,2533,200.344656
1,2534,204.456082
1,2535,252.069168
1,2536,73.318026
1,2537,219.143198
1,2538,185.319383
1,2539,283.112670
1,2540,216.459152
1,2541,53.720590
1,2542,207.820522
1,2543,93.679307
1,2544,256.897167
1,2545,38.765952
1,2546,170.209166
1,2547,226.529721
1,2548,128.131349
1,2549,232.369658
1,2550,206.578941
1,2551,40.924909
1,2552,197.588052
1,2553,212.356621
1,2554,43.857982
1,2555,220.375602
1,2556,420.737696
1,2557,197.391711
1,2558,257.486648
1,2559,274.131928
1,2560,369.393546
1,2561,204.995998
1,2562,212.110822
1,2563,380.787271
1,2564,353.385531
1,2565,452.671600
1,2566,21.402496
1,2567,554.025334
1,2568,406.653241
1,2569,52.832734
1,2570,197.309381
1,2571,45.009456
1,2572,439.455335
1,2573,210.407343
1,2574,210.113853
1,2575,169.371539
1,2576,110.537051
1,2577,52.556778
1,2578,280.536389
1,2579,296.781107
1,2580,358.840075
1,2581,494.502854
1,2582,197.499795
1,2583,53.465737
1,2584,257.351056
1,2585,154.477107
1,2586,123.265247
1,2587,126.944750
1,2588,179.192326
1,2589,302.377206
1,2590,535.074366
1,2591,423.702899
1,2592,35.085214
1,2593,267.265022
1,2594,240.878142
1,2595,50.288324
1,2596,109.154795
1,2597,398.147189
1,2598,140.985033
1,2599,485.477509
1,2600,43.661061
1,2601,360.088686
1,2602,49.014679
1,2603,735.441156
1,2604,213.505409
1,2605,78.119470
1,2606,112.369620
1,2607,97.361976
1,2608,209.852755
1,2609,181.240888
1,2610,244.937157
1,2611,107.026097
1,2612,475.027911
1,2613,39.422862
1,2614,714.453991
1,2615,580.581533
1,2616,42.639538
1,2617,258.847938
1,2618,257.508985
1,2619,429.247446
1,2620,43.353395
1,2621,435.081979
1,2622,408.348542
1,2623,36.899824
1,2624,42.509165
1,2625,433.651374
1,2626,123.460438
1,2627,104.632462
1,2628,252.489068
1,2629,127.142125
1,2630,387.463279
1,2631,182.347835
1,2632,286.529704
1,2633,266.863422
1,2634,618.635283
1,2635,28.770633
1,2636,3.151917
1,2637,382.260529
1,2638,425.373297
1,2639,37.343840
1,2640,313.663270
1,2641,38.828068
1,2642,442.479560
1,2643,360.687435
1,2644,39.111245
1,2645,104.392152
1,2646,45.847654
1,2647,182.471326
1,2648,212.060075
1,2649,42.666226
1,2650,354.941330
1,2651,245.641937
1,2652,375.279449
1,2653,46.938230
1,2654,364.593870
1,2655,413.861620
1,2656,537.703051
1,2657,237.850421
1,2658,51.728061
1,2659,640.557402
1,2660,173.160791
1,2661,16.715219
1,2662,254.211085
1,2663,312.609404
1,2664,357.434444
1,2665,28.007436
1,2666,257.198814
1,2667,243.034783
1,2668,306.666658
1,2669,160.669064
1,2670,296.771275
1,2671,30.853800
1,2672,102.675589
1,2673,361.712006
1,2674,40.498545
1,2675,233.187591
1,2676,214.794241
1,2677,475.619082
1,2678,159.658124
1,2679,453.064823
1,2680,109.295491
1,2681,187.247211
1,2682,331.322631
1,2683,33.489523
1,2684,120.052112
1,2685,197.231844
1,2686,379.994281
1,2687,14.941984
1,2688,380.136551
1,2689,45.739612
1,2690,428.053073
1,2691,74.688521
1,2692,39.318042
1,2693,309.375153
1,2694,135.185400
1,2695,123.438260
1,2696,69.310150
1,2697,461.948878
1,2698,123.568055
1,2699,406.148479
1,2700,279.120340
1,2701,47.148846
1,2702,270.652227
1,2703,42.322678
1,2704,60.744208
1,2705,326.851871
1,2706,41.882224
1,2707,17.715270
1,2708,576.934484
1,2709,41.530121
1,2710,256.412500
1,2711,141.781236
1,2712,44.433894
1,2713,186.001356
1,2714,197.729372
1,2715,176.469061
1,2716,155.524924
1,2717,216.127321
1,2718,373.369007
1,2719,42.902232
1,2720,655.814577
1,2721,453.058162
1,2722,190.690979
1,2723,243.002494
1,2724,194.826032
1,2725,249.141001
1,2726,73.869658
1,2727,209.326390
1,2728,191.317192
1,2729,323.311766
1,2730,352.391302
1,2731,75.482124
1,2732,368.898062
1,2733,15.791822
1,2734,286.285209
1,2735,33.880263
1,2736,71.937052
1,2737,128.691825
1,2738,104.228079
1,2739,129.859845
1,2740,2.229509
1,2741,87.950877
1,2742,23.871763
1,2743,189.881323
1,2744,2.229509
1,2745,118.598202
1,2746,32.320325
1,2747,155.051896
1,2748,64.458939
1,2749,31.334355
1,2750,241.239301
1,2751,131.972053
1,2752,202.921039
1,2753,80.697618
1,2754,273.765939
1,2755,36.979038
1,2756,432.477854
1,2757,357.143382
1,2758,51.516033
1,2759,77.463902
1,2760,209.036545
1,2761,21.247581
1,2762,237.939138
1,2763,47.211495
1,2764,419.238646
1,2765,245.109658
1,2766,39.604736
1,2767,359.643322
1,2768,334.722966
1,2769,48.980062
1,2770,256.465938
1,2771,40.739054
1,2772,58.426356
1,2773,562.644641
1,2774,42.096286
1,2775,17.514658
1,2776,298.177820
1,2777,42.679401
1,2778,264.784927
1,2779,73.223543
1,2780,138.184285
1,2781,290.322253
1,2782,304.354294
1,2783,143.433782
1,2784,410.328217
1,2785,323.256034
1,2786,39.025318
1,2787,394.679672
1,2788,297.110699
1,2789,185.452260
1,2790,167.524618
1,2791,255.716836
1,2792,234.153458
1,2793,414.140278
1,2794,43.996635
1,2795,295.253015
1,2796,39.736199
1,2797,15.930888
1,2798,286.500759
1,2799,36.424286
1,2800,75.846138
1,2801,131.405015
1,2802,108.565383
1,2803,180.890690
1,2804,72.150992
1,2805,81.677437
1,2806,125.799656
1,2807,95.518559
1,2808,198.998569
1,2809,586.368540
1,2810,95.155642
1,2811,242.492209
1,2812,305.386747
1,2813,411.787132
1,2814,170.984963
1,2815,16.607376
1,2816,170.805092
1,2817,29.513116
1,2818,229.813781
1,2819,128.600972
1,2820,231.272528
1,2821,95.958133
1,2822,379.466007
1,2823,31.436949
1,2824,108.785495
1,2825,158.024443
1,2826,11.990484
1,2827,680.811465
1,2828,140.429122
1,2829,199.686109
1,2830,519.244978
1,2831,221.257597
1,2832,105.109408
1,2833,41.066853
1,2834,217.795529
1,2835,128.359458
1,2836,13.681702
1,2837,186.054419
1,2838,457.039356
1,2839,44.471852
1,2840,340.331334
1,2841,39.452637
1,2842,446.130690
1,2843,45.713940
1,2844,215.202986
1,2845,94.666649
1,2846,131.400279
1,2847,179.532373
1,2848,92.858120
1,2849,234.049264
1,2850,124.481903
1,2851,445.761775
1,2852,39.450429
1,2853,103.071350
1,2854,69.299717
1,2855,80.718730
1,2856,247.864067
1,2857,45.855303
1,2858,291.282340
1,2859,462.951037
1,2860,10.504551
1,2861,676.570046
1,2862,38.874011
1,2863,157.214309
1,2864,379.683759
1,2865,38.589338
1,2866,14.073250
1,2867,150.008761
1,2868,321.628302
1,2869,131.352813
1,2870,228.294268
1,2871,687.786389
1,2872,568.614351
1,2873,173.038551
1,2874,16.607376
1,2875,176.355064
1,2876,34.211862
1,2877,59.617355
1,2878,173.955362
1,2879,318.200935
1,2880,35.061381
1,2881,340.494336
1,2882,85.888923
1,2883,165.397445
1,2884,269.280047
1,2885,382.366830
1,2886,155.586155
1,2887,144.411971
1,2888,471.323184
1,2889,33.519055
1,2890,266.212306
1,2891,302.379824
1,2892,286.285873
1,2893,39.593740
1,2894,366.897110
1,2895,358.668537
1,2896,35.211551
1,2897,45.456027
1,2898,377.986396
1,2899,485.797855
1,2900,57.483498
1,2901,147.972629
1,2902,258.508552
1,2903,127.512128
1,2904,38.458882
1,2905,80.517759
1,2906,290.591128
1,2907,38.746585
1,2908,14.528692
1,2909,131.367620
1,2910,247.289913
1,2911,120.740452
1,2912,243.126791
1,2913,68.306082
1,2914,333.203242
1,2915,340.615497
1,2916,63.768112
1,2917,247.962547
1,2918,37.521134
1,2919,104.288279
1,2920,232.812797
1,2921,92.794856
1,2922,185.042717
1,2923,45.691085
1,2924,526.584109
1,2925,366.099445
1,2926,50.115249
1,2927,109.550984
1,2928,142.374749
1,2929,42.023883
1,2930,248.100026
1,2931,42.285081
1,2932,598.957858
1,2933,137.771638
1,2934,383.182986
1,2935,318.979939
1,2936,39.903036
1,2937,190.246935
1,2938,135.102304
1,2939,550.132180
1,2940,264.900342
1,2941,96.500798
1,2942,267.841718
1,2943,38.015995
1,2944,508.306175
1,2945,42.844398
1,2946,241.281730
1,2947,197.267860
1,2948,34.602311
1,2949,412.091241
1,2950,39.890622
1,2951,396.731504
1,2952,39.866601
1,2953,629.040740
1,2954,331.718019
1,2955,6.999732
1,2956,155.299342
1,2957,132.275579
1,2958,393.775882
1,2959,117.595934
1,2960,279.274734
1,2961,33.102546
1,2962,222.624291
1,2963,36.537561
1,2964,134.736369
1,2965,381.408646
1,2966,27.008315
1,2967,496.055584
1,2968,319.115533
1,2969,240.175074
1,2970,29.628457
1,2971,226.965920
1,2972,336.022333
1,2973,30.348695
1,2974,82.404552
1,2975,647.069521
1,2976,272.080718
1,2977,155.083284
1,2978,89.730778
1,2979,0.687088
1,2980,412.240568
1,2981,37.195853
1,2982,289.518776
1,2983,148.485597
1,2984,305.604186
1,2985,159.188302
1,2986,139.253268
1,2987,17.945011
1,2988,81.735484
1,2989,356.400146
1,2990,42.475397
1,2991,233.004738
1,2992,101.290404
1,2993,185.531595
1,2994,247.973326
1,2995,346.015435
1,2996,154.329874
1,2997,199.924654
1,2998,160.919407
1,2999,119.671666
1,3000,139.445520
1,3001,42.055568
1,3002,94.854350
1,3003,97.923816
1,3004,47.223254
1,3005,23.584754
1,3006,252.622710
1,3007,48.315961
1,3008,112.713463
1,3009,347.840929
1,3010,23.405258
1,3011,229.700317
1,3012,53.668568
1,3013,148.937339
1,3014,49.035160
1,3015,124.913357
1,3016,42.007451
1,3017,180.701535
1,3018,95.301242
1,3019,136.387855
1,3020,191.722480
1,3021,109.955429
1,3022,47.894877
1,3023,257.759792
1,3024,47.564912
1,3025,78.064422
1,3026,77.371263
1,3027,135.771338
1,3028,125.869564
1,3029,43.407490
1,3030,125.531705
1,3031,60.989830
1,3032,125.646866
1,3033,125.654687
1,3034,125.845894
1,3035,225.614482
1,3036,43.479782
1,3037,205.558832
1,3038,42.910487
1,3039,251.235314
1,3040,105.980822
1,3041,132.430711
1,3042,41.493069
1,3043,91.110227
1,3044,96.459539
1,3045,166.426670
1,3046,43.230488
1,3047,167.474442
1,3048,39.591796
1,3049,280.990095
1,3050,164.770215
1,3051,153.626535
1,3052,89.385723
1,3053,168.782115
1,3054,100.192740
1,3055,431.668408
1,3056,38.175310
1,3057,403.105853
1,3058,217.598916
1,3059,144.205558
1,3060,39.732314
1,3061,131.752585
1,3062,78.800741
1,3063,251.249111
1,3064,223.269768
1,3065,191.403308
1,3066,395.002225
1,3067,107.324166
1,3068,48.642876
1,3069,271.276574
1,3070,271.273024
1,3071,361.391771
1,3072,334.488582
1,3073,384.626933
1,3074,157.695172
1,3075,16.517226
1,3076,172.832208
1,3077,27.043704
1,3078,197.853929
1,3079,113.649965
1,3080,168.514153
1,3081,58.440027
1,3082,75.407291
1,3083,129.964468
1,3084,25.302069
1,3085,99.823005
1,3086,222.865898
1,3087,35.171050
1,3088,189.685717
1,3089,32.689167
1,3090,82.556306
1,3091,189.148168
1,3092,219.264960
1,3093,180.986545
1,3094,103.681874
1,3095,39.353555
1,3096,73.199084
1,3097,35.583087
1,3098,106.974169
1,3099,153.607205
1,3100,328.584975
1,3101,90.097289
1,3102,341.849503
1,3103,36.745814
1,3104,76.930197
1,3105,94.313387
1,3106,140.960847
1,3107,33.948774
1,3108,121.630066
1,3109,33.339341
1,3110,63.225333
1,3111,35.755648
1,3112,114.535775
1,3113,155.570062
1,3114,174.569323
1,3115,191.041437
1,3116,161.391158
1,3117,73.046507
1,3118,61.343603
1,3119,243.656477
1,3120,193.068502
1,3121,206.173953
1,3122,32.534552
1,3123,180.235420
1,3124,6.558295
1,3125,158.473338
1,3126,124.851324
1,3127,30.296512
1,3128,95.524900
1,3129,179.371228
1,3130,120.479789
1,3131,164.688026
1,3132,189.366639
1,3133,189.855084
1,3134,216.496691
1,3135,39.058928
1,3136,66.181888
1,3137,187.793360
1,3138,128.425504
1,3139,188.315683
1,3140,67.793367
1,3141,47.947739
1,3142,271.350853
1,3143,17.991289
1,3144,269.439102
1,3145,123.671171
1,3146,116.807388
1,3147,173.769031
1,3148,325.222577
1,3149,26.368028
1,3150,109.678377
1,3151,55.304006
1,3152,156.598946
1,3153,31.557746
1,3154,145.105710
1,3155,57.591559
1,3156,174.938815
1,3157,175.478004
1,3158,33.486576
1,3159,210.909499
1,3160,178.778382
1,3161,188.421631
1,3162,220.670422
1,3163,188.616185
1,3164,34.123142
1,3165,132.826922
1,3166,31.431677
1,3167,128.744288
1,3168,184.674578
1,3169,34.701191
1,3170,91.128920
1,3171,147.290414
1,3172,65.119410
1,3173,87.792183
1,3174,31.629430
1,3175,970.351541
1,3176,29.693033
1,3177,164.967541
1,3178,55.674060
1,3179,147.345486
1,3180,34.940515
1,3181,86.986494
1,3182,185.062495
1,3183,181.398536
1,3184,33.704639
1,3185,10.883326
1,3186,155.301265
1,3187,30.293284
1,3188,280.262879
1,3189,31.419486
1,3190,234.344204
1,3191,793.206632
1,3192,32.712167
1,3193,190.084305
1,3194,29.042107
1,3195,143.916173
1,3196,87.563234
1,3197,103.431617
1,3198,121.686750
1,3199,130.060543
1,3200,61.883640
1,3201,102.998122
1,3202,325.987166
1,3203,26.278709
1,3204,93.558571
1,3205,96.974247
1,3206,131.563144
1,3207,78.768256
1,3208,30.593741
1,3209,151.068787
1,3210,120.250582
1,3211,29.448194
1,3212,96.049836
1,3213,85.693739
1,3214,141.672959
1,3215,60.155918
1,3216,22.184049
1,3217,160.798546
1,3218,76.431140
1,3219,91.421959
1,3220,108.387364
1,3221,124.008740
1,3222,101.170046
1,3223,166.798186
1,3224,51.123715
1,3225,76.064325
1,3226,24.733175
1,3227,83.240966
1,3228,22.315971
1,3229,102.929665
1,3230,18.476585
1,3231,110.074608
1,3232,134.456397
1,3233,133.916089
1,3234,167.236356
1,3235,163.731550
1,3236,70.348225
1,3237,150.552446
1,3238,19.990639
1,3239,132.814277
1,3240,48.040891
1,3241,235.102898
1,3242,129.005697
1,3243,571.414386
1,3244,94.862658
1,3245,144.877419
1,3246,212.621294
1,3247,220.959590
1,3248,539.544531
1,3249,438.496261
1,3250,301.583047
1,3251,114.578799
1,3252,22.489160
1,3253,157.407988
1,3254,25.567022
1,3255,119.922571
1,3256,164.974048
1,3257,149.984460
1,3258,22.203137
1,3259,173.689165
1,3260,150.471589
1,3261,116.844908
1,3262,133.289579
1,3263,183.184006
1,3264,54.701969
1,3265,136.455615
1,3266,99.441487
1,3267,128.908036
1,3268,112.910845
1,3269,151.038516
1,3270,124.370877
1,3271,183.012957
1,3272,126.993917
1,3273,96.639528
1,3274,226.137603
1,3275,31.119385
1,3276,136.193545
1,3277,274.914551
1,3278,271.285526
1,3279,172.093675
1,3280,191.675705
1,3281,30.219554
1,3282,123.394413
1,3283,212.501174
1,3284,51.235973
1,3285,123.155752
1,3286,379.849640
1,3287,215.652766
1,3288,204.377108
1,3289,170.619409
1,3290,51.879115
1,3291,183.984139
1,3292,150.573621
1,3293,170.266334
1,3294,33.386275
1,3295,88.527745
1,3296,123.457269
1,3297,172.474511
1,3298,158.503446
1,3299,22.890924
1,3300,192.902024
1,3301,30.227302
1,3302,206.170034
1,3303,221.644730
1,3304,209.401726
1,3305,21.998880
1,3306,3.716138
1,3307,149.236029
1,3308,24.946566
1,3309,128.528695
1,3310,266.470560
1,3311,238.400333
1,3312,59.439973
1,3313,163.607486
1,3314,109.040296
1,3315,85.999486
1,3316,15.573693
1,3317,75.676585
1,3318,152.647258
1,3319,55.321952
1,3320,99.811962
1,3321,123.086990
1,3322,77.706656
1,3323,30.601803
1,3324,162.210248
1,3325,204.432142
1,3326,125.109382
1,3327,79.366965
1,3328,64.096150
1,3329,58.172331
1,3330,109.900663
1,3331,133.507472
1,3332,27.868955
1,3333,147.738581
1,3334,25.837074
1,3335,91.698517
1,3336,1.237751
1,3337,57.130439
1,3338,116.616476
1,3339,212.804609
1,3340,112.732012
1,3341,160.077428
1,3342,103.715726
1,3343,58.553415
1,3344,130.747833
1,3345,150.060798
1,3346,79.497437
1,3347,116.193283
1,3348,122.211389
1,3349,181.436164
1,3350,111.461845
1,3351,115.731838
1,3352,28.467416
1,3353,219.908957
1,3354,4.640317
1,3355,131.726779
1,3356,27.548655
1,3357,94.614631
1,3358,70.812492
1,3359,167.672071
1,3360,25.834943
1,3361,107.660094
1,3362,320.231174
1,3363,398.736039
1,3364,257.523238
1,3365,201.708499
1,3366,6.333095
1,3367,237.536645
1,3368,200.102604
1,3369,217.977816
1,3370,260.046559
1,3371,139.557791
1,3372,22.361699
1,3373,27.752821
1,3374,305.331912
1,3375,240.810773
1,3376,322.986343
1,3377,362.581453
1,3378,308.299116
1,3379,319.706326
1,3380,390.153041
1,3381,54.884496
1,3382,375.466840
1,3383,159.737797
1,3384,288.902687
1,3385,209.190186
1,3386,168.730146
1,3387,199.542438
1,3388,35.288682
1,3389,184.205565
1,3390,178.891693
1,3391,207.992841
1,3392,271.680734
1,3393,127.808664
1,3394,119.569369
1,3395,209.949123
1,3396,15.962379
1,3397,92.028610
1,3398,155.741033
1,3399,203.596825
1,3400,205.586005
1,3401,147.658897
1,3402,196.143383
1,3403,179.111455
1,3404,46.297531
1,3405,49.086142
1,3406,270.426309
1,3407,76.429631
1,3408,292.778046
1,3409,229.652996
1,3410,36.151730
1,3411,219.022778
1,3412,44.836129
1,3413,92.352959
1,3414,82.236384
1,3415,140.472964
1,3416,150.937514
1,3417,96.833219
1,3418,290.293285
1,3419,15.813158
1,3420,137.467226
1,3421,312.271941
1,3422,27.344441
1,3423,140.424304
1,3424,373.703183
1,3425,418.404355
1,3426,32.739088
1,3427,361.904117
1,3428,265.511735
1,3429,307.836072
1,3430,32.227914
1,3431,205.944866
1,3432,37.456772
1,3433,205.872364
1,3434,86.875605
1,3435,358.937255
1,3436,169.222101
1,3437,182.582092
1,3438,142.558208
1,3439,243.428295
1,3440,271.704835
1,3441,269.664491
1,3442,199.357713
1,3443,406.526218
1,3444,36.941395
1,3445,115.909102
1,3446,44.578565
1,3447,220.359959
1,3448,245.317086
1,3449,51.353708
1,3450,126.296847
1,3451,124.987873
1,3452,120.535241
1,3453,179.341524
1,3454,101.738776
1,3455,43.796717
1,3456,188.574235
1,3457,42.114090
1,3458,175.591758
1,3459,36.600489
1,3460,46.375227
1,3461,209.416747
1,3462,134.156107
1,3463,193.605985
1,3464,186.330291
1,3465,47.560505
1,3466,90.332227
1,3467,135.111037
1,3468,198.275788
1,3469,31.400160
1,3470,203.430878
1,3471,30.440929
1,3472,30.842105
1,3473,234.358205
1,3474,57.403265
1,3475,205.634099
1,3476,183.700562
1,3477,36.777974
1,3478,155.804327
1,3479,151.428188
1,3480,13.436542
1,3481,112.559717
1,3482,36.419613
1,3483,201.186021
1,3484,232.337335
1,3485,200.793267
1,3486,330.807185
1,3487,128.278701
1,3488,163.183674
1,3489,175.915555
1,3490,164.285349
1,3491,182.103326
1,3492,162.459046
1,3493,123.283748
1,3494,46.297305
1,3495,116.832272
1,3496,148.199118
1,3497,293.246734
1,3498,41.178307
1,3499,114.459599
1,3500,214.606282
1,3501,37.292116
1,3502,242.583664
1,3503,66.329188
1,3504,171.857876
1,3505,165.815740
1,3506,91.848991
1,3507,39.243782
1,3508,652.468825
1,3509,37.012971
1,3510,156.727631
1,3511,113.963357
1,3512,293.872251
1,3513,284.249342
1,3514,22.431296
1,3515,119.385277
1,3516,228.818971
1,3517,287.193486
1,3518,253.038550
1,3519,50.431619
1,3520,99.659436
1,3521,160.231814
1,3522,194.212096
1,3523,202.409379
1,3524,8.703972
1,3525,113.910496
1,3526,179.162053
1,3527,35.463575
1,3528,293.553637
1,3529,30.660374
1,3530,38.091448
1,3531,172.819587
1,3532,30.351094
1,3533,73.634735
1,3534,40.656200
1,3535,113.948708
1,3536,95.248458
1,3537,19.606447
1,3538,93.061408
1,3539,118.420676
1,3540,41.748307
1,3541,296.732233
1,3542,53.355835
1,3543,48.923678
1,3544,579.031099
1,3545,34.113521
1,3546,196.455854
1,3547,244.971455
1,3548,94.452455
1,3549,250.197472
1,3550,41.271597
1,3551,157.306177
1,3552,144.945489
1,3553,253.234145
1,3554,233.531801
1,3555,244.993871
1,3556,178.202410
1,3557,97.907839
1,3558,168.309909
1,3559,40.415870
1,3560,365.115062
1,3561,34.173030
1,3562,39.261362
1,3563,614.197198
1,3564,502.260332
1,3565,103.411313
1,3566,153.215996
1,3567,136.626171
1,3568,284.495328
1,3569,37.643248
1,3570,339.671141
1,3571,58.904127
1,3572,374.895167
1,3573,159.411574
1,3574,90.859788
1,3575,159.920860
1,3576,154.464151
1,3577,104.832059
1,3578,316.219420
1,3579,220.044175
1,3580,424.888464
1,3581,297.751054
1,3582,546.986406
1,3583,362.920940
1,3584,241.829811
1,3585,38.246208
1,3586,178.721160
1,3587,164.993837
1,3588,194.921371
1,3589,350.827996
1,3590,33.035214
1,3591,200.725858
1,3592,253.231677
1,3593,194.485977
1,3594,285.984015
1,3595,259.217966
1,3596,120.750392
1,3597,157.453967
1,3598,181.694016
1,3599,188.866666
1,3600,192.874750
1,3601,231.500226
1,3602,148.746284
1,3603,289.063694
1,3604,15.001004
1,3605,166.462204
1,3606,146.894575
1,3607,114.009622
1,3608,139.439469
1,3609,26.932084
1,3610,3.838072
1,3611,31.423525
1,3612,68.604588
1,3613,131.786973
1,3614,304.560100
1,3615,32.160644
1,3616,97.386386
1,3617,143.671686
1,3618,164.184403
1,3619,82.453789
1,3620,125.300547
1,3621,3.449020
1,3622,121.228282
1,3623,40.037972
1,3624,155.886838
1,3625,36.510872
1,3626,101.187904
1,3627,14.693000
1,3628,156.262996
1,3629,100.954537
1,3630,131.824406
1,3631,246.240200
1,3632,42.008203
1,3633,93.117357
1,3634,36.066627
1,3635,159.596196
1,3636,224.903092
1,3637,4.189599
1,3638,131.239903
1,3639,70.866847
1,3640,40.789848
1,3641,70.862015
1,3642,36.023332
1,3643,45.651085
1,3644,12.582447
1,3645,146.240583
1,3646,34.327095
1,3647,73.985471
1,3648,123.353581
1,3649,163.879689
1,3650,36.374593
1,3651,115.343004
1,3652,47.787803
1,3653,139.226709
1,3654,40.034998
1,3655,99.792506
1,3656,34.192235
1,3657,36.616861
1,3658,145.928735
1,3659,66.539083
1,3660,147.520356
1,3661,93.542728
1,3662,35.976122
1,3663,121.248915
1,3664,151.668256
1,3665,158.950441
1,3666,211.658863
1,3667,78.672812
1,3668,32.680468
1,3669,80.699101
1,3670,154.907255
1,3671,187.756114
1,3672,128.269907
1,3673,34.138729
1,3674,127.122190
1,3675,27.645030
1,3676,130.556114
1,3677,122.557589
1,3678,77.850337
1,3679,174.833144
1,3680,33.036599
1,3681,134.236768
1,3682,1392.137831
1,3683,270.741848
1,3684,25.590829
1,3685,204.598756
1,3686,107.817572
1,3687,169.731421
1,3688,346.906225
1,3689,39.188567
1,3690,121.381662
1,3691,33.057025
1,3692,238.665128
1,3693,148.918143
1,3694,172.612530
1,3695,178.847895
1,3696,35.993276
1,3697,231.911697
1,3698,268.369833
1,3699,10.530379
1,3700,241.643179
1,3701,277.142601
1,3702,0.000000
1,3703,241.116919
1,3704,301.231515
1,3705,0.000000
1,3706,249.539463
1,3707,427.140099
1,3708,303.615903
1,3709,350.381189
1,3710,155.073537
1,3711,28.829202
1,3712,102.848589
1,3713,32.774779
1,3714,194.690947
1,3715,142.034678
1,3716,157.756368
1,3717,160.529269
1,3718,211.838939
1,3719,38.127241
1,3720,124.366383
1,3721,129.291152
1,3722,32.881917
1,3723,161.508734
1,3724,151.932605
1,3725,38.355465
1,3726,117.124164
1,3727,34.084145
1,3728,114.620918
1,3729,95.422703
1,3730,55.011064
1,3731,87.359802
1,3732,31.723962
1,3733,98.847539
1,3734,68.161556
1,3735,166.931571
1,3736,33.043483
1,3737,114.292933
1,3738,188.206980
1,3739,9.519739
1,3740,107.469428
1,3741,180.468899
1,3742,29.438999
1,3743,118.734701
1,3744,110.986738
1,3745,224.960430
1,3746,35.989800
1,3747,106.117602
1,3748,144.696832
1,3749,69.410644
1,3750,65.594207
1,3751,263.951345
1,3752,185.802961
1,3753,176.586851
1,3754,34.138378
1,3755,154.075618
1,3756,34.124767
1,3757,86.666136
1,3758,187.920173
1,3759,35.952203
1,3760,161.268319
1,3761,29.147698
1,3762,80.404143
1,3763,37.998794
1,3764,305.006616
1,3765,29.817471
1,3766,65.162147
1,3767,161.990969
1,3768,189.201330
1,3769,189.894825
1,3770,134.150485
1,3771,45.773245
1,3772,185.056415
1,3773,235.026194
1,3774,305.097853
1,3775,262.183268
1,3776,336.985109
1,3777,495.017437
1,3778,425.966206
1,3779,44.151933
1,3780,300.049177
1,3781,46.035017
1,3782,256.755943
1,3783,46.798578
1,3784,291.452014
1,3785,132.406157
1,3786,401.827017
1,3787,49.052606
1,3788,197.494194
1,3789,351.914501
1,3790,80.925320
1,3791,359.873684
1,3792,272.884845
1,3793,382.449960
1,3794,23.679034
1,3795,405.845393
1,3796,626.465754
1,3797,514.247803
1,3798,50.541627
1,3799,444.445257
1,3800,318.240381
1,3801,191.632508
1,3802,55.016406
1,3803,396.094231
1,3804,372.735696
1,3805,269.284700
1,3806,54.732274
1,3807,393.571103
1,3808,53.774639
1,3809,224.624110
1,3810,340.205728
1,3811,260.642397
1,3812,337.717033
1,3813,53.007191
1,3814,224.708101
1,3815,392.171829
1,3816,43.328335
1,3817,285.277218
1,3818,492.788714
1,3819,352.002964
1,3820,609.668531
1,3821,317.973736
1,3822,49.496114
1,3823,282.592803
1,3824,140.294883
1,3825,117.803718
1,3826,199.262106
1,3827,311.598239
1,3828,25.816479
1,3829,226.448493
1,3830,161.763635
1,3831,52.982135
1,3832,150.701508
1,3833,200.558752
1,3834,88.176230
1,3835,358.560537
1,3836,392.718369
1,3837,193.213592
1,3838,29.741108
1,3839,139.449013
1,3840,87.827250
1,3841,157.512072
1,3842,37.415237
1,3843,429.853290
1,3844,81.198115
1,3845,53.674408
1,3846,54.735123
1,3847,466.961358
1,3848,43.608045
1,3849,18.252611
1,3850,198.019967
1,3851,190.070800
1,3852,496.179121
1,3853,872.219745
1,3854,42.439163
1,3855,497.520852
1,3856,292.886571
1,3857,131.131751
1,3858,107.635877
1,3859,645.474978
1,3860,52.323118
1,3861,547.410085
1,3862,45.958467
1,3863,407.270437
1,3864,141.815905
1,3865,643.954583
1,3866,50.952702
1,3867,239.163572
1,3868,105.710289
1,3869,337.523095
1,3870,51.051259
1,3871,266.107978
1,3872,126.706973
1,3873,182.082986
1,3874,344.858338
1,3875,419.859191
1,3876,49.376150
1,3877,123.741728
1,3878,335.630529
1,3879,23.072267
1,3880,332.005804
1,3881,191.313483
1,3882,205.108548
1,3883,256.781510
1,3884,50.283543
1,3885,332.817634
1,3886,298.959624
1,3887,132.939126
1,3888,459.488217
1,3889,48.539537
1,3890,118.696826
1,3891,397.134971
1,3892,43.670062
1,3893,198.563682
1,3894,324.251875
1,3895,363.956531
1,3896,225.437043
1,3897,305.223736
1,3898,358.134265
1,3899,114.483843
1,3900,266.984604
1,3901,481.941398
1,3902,40.373238
1,3903,657.937339
1,3904,35.417685
1,3905,632.518146
1,3906,285.375837
1,3907,334.658692
1,3908,42.593062
1,3909,117.622416
1,3910,240.354572
1,3911,529.838975
1,3912,615.468330
1,3913,546.820722
1,3914,72.515399
1,3915,559.683213
1,3916,53.801599
1,3917,190.810418
1,3918,348.869383
1,3919,241.698002
1,3920,54.032324
1,3921,294.278355
1,3922,329.376416
1,3923,529.717110
1,3924,51.647703
1,3925,557.751068
1,3926,776.224224
1,3927,74.603522
1,3928,103.300603
1,3929,390.664879
1,3930,24.320476
1,3931,867.860099
1,3932,1012.872453
1,3933,47.944765
1,3934,1413.025587
1,3935,1376.359801
1,3936,648.901941
1,3937,50.016998
1,3938,171.923802
1,3939,608.256371
1,3940,660.132486
1,3941,563.593105
1,3942,60.931721
1,3943,645.999798
1,3944,351.081629
1,3945,47.291767
1,3946,368.109040
1,3947,337.999236
1,3948,48.186978
1,3949,461.247223
1,3950,365.650365
1,3951,340.733546
1,3952,161.433347
1,3953,118.800492
1,3954,416.148866
1,3955,48.885843
1,3956,605.363659
1,3957,496.861379
1,3958,332.254876
1,3959,411.866254
1,3960,19.171037
1,3961,584.900327
1,3962,47.982810
1,3963,18.473819
1,3964,625.184282
1,3965,381.414888
1,3966,45.800995
1,3967,256.051392
1,3968,135.630389
1,3969,368.034963
1,3970,43.995064
1,3971,15.715419
1,3972,323.206901
1,3973,499.507634
1,3974,455.275809
1,3975,46.958095
1,3976,323.107838
1,3977,45.756253
1,3978,319.223706
1,3979,376.155545
1,3980,181.229355
1,3981,94.264101
1,3982,378.137278
1,3983,79.349824
1,3984,114.034056
1,3985,170.411543
1,3986,42.672902
1,3987,279.344656
1,3988,290.456082
1,3989,252.069168
1,3990,73.318026
1,3991,219.143198
1,3992,441.319383
1,3993,357.112670
1,3994,216.459152
1,3995,53.720590
1,3996,945.820522
1,3997,190.679307
1,3998,537.397167
1,3999,38.765952
1,4000,654.209166
1,4001,702.029721
1,4002,225.631349
1,4003,300.869658
1,4004,324.078941
1,4005,40.924909
1,4006,385.088052
1,4007,579.856621
1,4008,43.857982
1,4009,518.375602
1,4010,672.737696
1,4011,242.891711
1,4012,1306.486648
1,4013,199.131928
1,4014,193.393546
1,4015,406.995998
1,4016,97.110822
1,4017,400.287271
1,4018,76.385531
1,4019,889.671600
1,4020,21.402496
1,4021,574.525334
1,4022,371.653241
1,4023,52.832734
1,4024,395.809381
1,4025,45.009456
1,4026,320.455335
1,4027,68.407343
1,4028,212.613853
1,4029,277.371539
1,4030,110.537051
1,4031,158.056778
1,4032,466.036389
1,4033,250.781107
1,4034,524.340075
1,4035,663.002854
1,4036,345.999795
1,4037,114.465737
1,4038,457.351056
1,4039,284.977107
1,4040,123.265247
1,4041,126.944750
1,4042,47.692326
1,4043,500.877206
1,4044,301.074366
1,4045,365.202899
1,4046,35.085214
1,4047,537.765022
1,4048,393.878142
1,4049,50.288324
1,4050,366.154795
1,4051,475.147189
1,4052,47.985033
1,4053,556.477509
1,4054,43.661061
1,4055,152.588686
1,4056,107.014679
1,4057,512.441156
1,4058,317.505409
1,4059,78.119470
1,4060,205.369620
1,4061,97.361976
1,4062,319.352755
1,4063,432.740888
1,4064,392.437157
1,4065,107.026097
1,4066,372.527911
1,4067,39.422862
1,4068,317.953991
1,4069,351.081533
1,4070,42.639538
1,4071,310.847938
1,4072,284.008985
1,4073,421.747446
1,4074,43.353395
1,4075,586.581979
1,4076,435.848542
1,4077,36.899824
1,4078,42.509165
1,4079,365.151374
1,4080,37.960438
1,4081,104.632462
1,4082,617.989068
1,4083,207.142125
1,4084,387.463279
1,4085,262.847835
1,4086,126.529704
1,4087,284.863422
1,4088,269.135283
1,4089,28.770633
1,4090,3.151917
1,4091,204.260529
1,4092,524.373297
1,4093,37.343840
1,4094,484.163270
1,4095,38.828068
1,4096,246.979560
1,4097,214.187435
1,4098,39.111245
1,4099,104.392152
1,4100,45.847654
1,4101,182.471326
1,4102,212.060075
1,4103,42.666226
1,4104,323.941330
1,4105,223.141937
1,4106,363.279449
1,4107,46.938230
1,4108,182.593870
1,4109,262.861620
1,4110,407.703051
1,4111,355.850421
1,4112,114.728061
1,4113,729.057402
1,4114,173.160791
1,4115,16.715219
1,4116,173.211085
1,4117,143.609404
1,4118,556.434444
1,4119,28.007436
1,4120,522.698814
1,4121,1305.534783
1,4122,1107.166658
1,4123,239.169064
1,4124,227.771275
1,4125,90.853800
1,4126,102.675589
1,4127,329.212006
1,4128,40.498545
1,4129,151.187591
1,4130,44.794241
1,4131,367.119082
1,4132,304.158124
1,4133,765.564823
1,4134,370.795491
1,4135,352.247211
1,4136,188.322631
1,4137,33.489523
1,4138,120.052112
1,4139,123.731844
1,4140,319.494281
1,4141,14.941984
1,4142,161.636551
1,4143,45.739612
1,4144,603.053073
1,4145,74.688521
1,4146,39.318042
1,4147,251.375153
1,4148,444.185400
1,4149,183.938260
1,4150,211.810150
1,4151,472.448878
1,4152,41.068055
1,4153,387.148479
1,4154,187.620340
1,4155,47.148846
1,4156,157.152227
1,4157,42.322678
1,4158,60.744208
1,4159,329.351871
1,4160,41.882224
1,4161,17.715270
1,4162,201.434484
1,4163,41.530121
1,4164,266.412500
1,4165,70.281236
1,4166,44.433894
1,4167,374.001356
1,4168,380.729372
1,4169,241.969061
1,4170,155.524924
1,4171,137.127321
1,4172,383.369007
1,4173,42.902232
1,4174,622.814577
1,4175,368.558162
1,4176,49.690979
1,4177,341.502494
1,4178,295.326032
1,4179,341.141001
1,4180,73.869658
1,4181,277.826390
1,4182,100.817192
1,4183,326.811766
1,4184,165.891302
1,4185,75.482124
1,4186,388.898062
1,4187,15.791822
1,4188,156.285209
1,4189,33.880263
1,4190,71.937052
1,4191,128.691825
1,4192,294.728079
1,4193,129.859845
1,4194,2.229509
1,4195,87.950877
1,4196,23.871763
1,4197,189.881323
1,4198,2.229509
1,4199,118.598202
1,4200,32.320325
1,4201,155.051896
1,4202,64.458939
1,4203,31.334355
1,4204,241.739301
1,4205,227.972053
1,4206,162.921039
1,4207,384.197618
1,4208,494.765939
1,4209,36.979038
1,4210,717.977854
1,4211,648.143382
1,4212,51.516033
1,4213,77.463902
1,4214,135.536545
1,4215,21.247581
1,4216,237.939138
1,4217,47.211495
1,4218,238.738646
1,4219,341.109658
1,4220,39.604736
1,4221,564.143322
1,4222,368.222966
1,4223,48.980062
1,4224,316.465938
1,4225,40.739054
1,4226,58.426356
1,4227,237.644641
1,4228,42.096286
1,4229,17.514658
1,4230,197.177820
1,4231,42.679401
1,4232,162.284927
1,4233,73.223543
1,4234,42.184285
1,4235,189.322253
1,4236,327.354294
1,4237,49.933782
1,4238,389.328217
1,4239,239.256034
1,4240,39.025318
1,4241,181.679672
1,4242,185.110699
1,4243,350.952260
1,4244,250.524618
1,4245,152.716836
1,4246,222.653458
1,4247,394.640278
1,4248,43.996635
1,4249,226.253015
1,4250,39.736199
1,4251,15.930888
1,4252,162.000759
1,4253,36.424286
1,4254,75.846138
1,4255,131.405015
1,4256,179.565383
1,4257,331.890690
1,4258,72.150992
1,4259,180.677437
1,4260,210.299656
1,4261,193.018559
1,4262,96.498569
1,4263,788.368540
1,4264,121.155642
1,4265,206.992209
1,4266,358.386747
1,4267,888.287132
1,4268,170.984963
1,4269,16.607376
1,4270,170.805092
1,4271,29.513116
1,4272,229.813781
1,4273,128.600972
1,4274,231.272528
1,4275,95.958133
1,4276,346.466007
1,4277,31.436949
1,4278,241.785495
1,4279,158.024443
1,4280,11.990484
1,4281,201.311465
1,4282,40.429122
1,4283,91.686109
1,4284,222.744978
1,4285,221.257597
1,4286,105.109408
1,4287,41.066853
1,4288,309.295529
1,4289,198.859458
1,4290,13.681702
1,4291,186.054419
1,4292,221.539356
1,4293,44.471852
1,4294,191.831334
1,4295,39.452637
1,4296,246.630690
1,4297,45.713940
1,4298,364.202986
1,4299,94.666649
1,4300,252.400279
1,4301,179.532373
1,4302,92.858120
1,4303,135.549264
1,4304,41.981903
1,4305,233.761775
1,4306,39.450429
1,4307,189.071350
1,4308,69.299717
1,4309,80.718730
1,4310,400.364067
1,4311,45.855303
1,4312,272.282340
1,4313,314.451037
1,4314,10.504551
1,4315,245.570046
1,4316,38.874011
1,4317,43.214309
1,4318,283.183759
1,4319,38.589338
1,4320,14.073250
1,4321,260.008761
1,4322,176.628302
1,4323,36.352813
1,4324,141.794268
1,4325,173.286389
1,4326,199.614351
1,4327,173.038551
1,4328,16.607376
1,4329,176.355064
1,4330,34.211862
1,4331,59.617355
1,4332,251.955362
1,4333,157.700935
1,4334,35.061381
1,4335,219.494336
1,4336,85.888923
1,4337,39.897445
1,4338,102.280047
1,4339,305.366830
1,4340,201.086155
1,4341,144.411971
1,4342,279.323184
1,4343,33.519055
1,4344,102.712306
1,4345,120.879824
1,4346,193.285873
1,4347,39.593740
1,4348,151.897110
1,4349,196.168537
1,4350,35.211551
1,4351,45.456027
1,4352,397.486396
1,4353,247.297855
1,4354,57.483498
1,4355,48.472629
1,4356,99.508552
1,4357,127.512128
1,4358,38.458882
1,4359,80.517759
1,4360,197.091128
1,4361,38.746585
1,4362,14.528692
1,4363,206.367620
1,4364,447.289913
1,4365,189.740452
1,4366,330.626791
1,4367,68.306082
1,4368,278.703242
1,4369,305.615497
1,4370,63.768112
1,4371,338.462547
1,4372,37.521134
1,4373,104.288279
1,4374,311.812797
1,4375,92.794856
1,4376,271.542717
1,4377,45.691085
1,4378,234.084109
1,4379,161.599445
1,4380,50.115249
1,4381,109.550984
1,4382,217.374749
1,4383,42.023883
1,4384,345.100026
1,4385,42.285081
1,4386,314.957858
1,4387,214.771638
1,4388,333.682986
1,4389,491.479939
1,4390,39.903036
1,4391,190.246935
1,4392,135.102304
1,4393,260.632180
1,4394,183.900342
1,4395,96.500798
1,4396,267.841718
1,4397,38.015995
1,4398,197.306175
1,4399,42.844398
1,4400,241.281730
1,4401,197.267860
1,4402,34.602311
1,4403,210.091241
1,4404,39.890622
1,4405,324.231504
1,4406,39.866601
1,4407,255.540740
1,4408,166.218019
1,4409,6.999732
1,4410,155.299342
1,4411,132.275579
1,4412,255.275882
1,4413,35.095934
1,4414,293.774734
1,4415,33.102546
1,4416,232.624291
1,4417,36.537561
1,4418,223.236369
1,4419,447.908646
1,4420,27.008315
1,4421,218.055584
1,4422,255.115533
1,4423,386.175074
1,4424,29.628457
1,4425,330.965920
1,4426,260.522333
1,4427,30.348695
1,4428,82.404552
1,4429,552.569521
1,4430,214.080718
1,4431,23.583284
1,4432,89.730778
1,4433,0.687088
1,4434,229.240568
1,4435,37.195853
1,4436,154.518776
1,4437,148.485597
1,4438,138.604186
1,4439,159.188302
1,4440,253.753268
1,4441,17.945011
1,4442,81.735484
1,4443,128.400146
1,4444,42.475397
1,4445,115.504738
1,4446,101.290404
1,4447,103.531595
1,4448,231.973326
1,4449,376.015435
1,4450,53.329874
1,4451,110.424654
1,4452,160.919407
1,4453,119.671666
1,4454,235.445520
1,4455,110.555568
1,4456,94.854350
1,4457,154.423816
1,4458,47.223254
1,4459,23.584754
1,4460,260.122710
1,4461,48.315961
1,4462,112.713463
1,4463,253.840929
1,4464,23.405258
1,4465,144.200317
1,4466,53.668568
1,4467,148.937339
1,4468,49.035160
1,4469,124.913357
1,4470,42.007451
1,4471,260.201535
1,4472,95.301242
1,4473,136.387855
1,4474,328.222480
1,4475,48.955429
1,4476,47.894877
1,4477,173.759792
1,4478,47.564912
1,4479,141.564422
1,4480,135.371263
1,4481,135.771338
1,4482,125.869564
1,4483,43.407490
1,4484,347.531705
1,4485,60.989830
1,4486,215.646866
1,4487,125.654687
1,4488,52.845894
1,4489,355.614482
1,4490,43.479782
1,4491,106.558832
1,4492,42.910487
1,4493,147.235314
1,4494,105.980822
1,4495,132.430711
1,4496,41.493069
1,4497,91.110227
1,4498,96.459539
1,4499,252.926670
1,4500,43.230488
1,4501,167.474442
1,4502,39.591796
1,4503,158.990095
1,4504,164.770215
1,4505,153.626535
1,4506,89.385723
1,4507,53.282115
1,4508,15.692740
1,4509,250.668408
1,4510,38.175310
1,4511,354.605853
1,4512,134.098916
1,4513,375.705558
1,4514,39.732314
1,4515,214.252585
1,4516,78.800741
1,4517,198.749111
1,4518,260.769768
1,4519,293.403308
1,4520,259.502225
1,4521,32.324166
1,4522,48.642876
1,4523,270.276574
1,4524,188.773024
1,4525,240.391771
1,4526,181.988582
1,4527,373.626933
1,4528,258.195172
1,4529,16.517226
1,4530,251.332208
1,4531,27.043704
1,4532,321.853929
1,4533,113.649965
1,4534,168.514153
1,4535,58.440027
1,4536,75.407291
1,4537,129.964468
1,4538,25.302069
1,4539,99.823005
1,4540,427.865898
1,4541,35.171050
1,4542,454.685717
1,4543,32.689167
1,4544,82.556306
1,4545,264.648168
1,4546,219.264960
1,4547,180.986545
1,4548,103.681874
1,4549,39.353555
1,4550,73.199084
1,4551,35.583087
1,4552,106.974169
1,4553,153.607205
1,4554,365.584975
1,4555,90.097289
1,4556,304.349503
1,4557,118.745814
1,4558,76.930197
1,4559,94.313387
1,4560,140.960847
1,4561,33.948774
1,4562,121.630066
1,4563,33.339341
1,4564,63.225333
1,4565,35.755648
1,4566,114.535775
1,4567,292.070062
1,4568,174.569323
1,4569,272.041437
1,4570,161.391158
1,4571,138.546507
1,4572,61.343603
1,4573,147.656477
1,4574,193.068502
1,4575,206.173953
1,4576,32.534552
1,4577,356.735420
1,4578,6.558295
1,4579,260.473338
1,4580,124.851324
1,4581,30.296512
1,4582,159.024900
1,4583,179.371228
1,4584,120.479789
1,4585,164.688026
1,4586,262.366639
1,4587,316.355084
1,4588,309.496691
1,4589,39.058928
1,4590,66.181888
1,4591,187.793360
1,4592,53.425504
1,4593,99.815683
1,4594,67.793367
1,4595,47.947739
1,4596,176.850853
1,4597,17.991289
1,4598,248.939102
1,4599,226.671171
1,4600,116.807388
1,4601,173.769031
1,4602,372.222577
1,4603,26.368028
1,4604,109.678377
1,4605,55.304006
1,4606,156.598946
1,4607,31.557746
1,4608,145.105710
1,4609,57.591559
1,4610,412.438815
1,4611,175.478004
1,4612,33.486576
1,4613,286.409499
1,4614,356.278382
1,4615,188.421631
1,4616,301.670422
1,4617,262.616185
1,4618,34.123142
1,4619,132.826922
1,4620,31.431677
1,4621,128.744288
1,4622,184.674578
1,4623,34.701191
1,4624,91.128920
1,4625,220.290414
1,4626,65.119410
1,4627,87.792183
1,4628,31.629430
1,4629,346.851541
1,4630,29.693033
1,4631,249.967541
1,4632,55.674060
1,4633,147.345486
1,4634,34.940515
1,4635,86.986494
1,4636,185.062495
1,4637,181.398536
1,4638,33.704639
1,4639,10.883326
1,4640,155.301265
1,4641,30.293284
1,4642,195.762879
1,4643,31.419486
1,4644,85.844204
1,4645,301.706632
1,4646,32.712167
1,4647,190.084305
1,4648,29.042107
1,4649,143.916173
1,4650,87.563234
1,4651,103.431617
1,4652,121.686750
1,4653,130.060543
1,4654,61.883640
1,4655,102.998122
1,4656,182.487166
1,4657,26.278709
1,4658,93.558571
1,4659,96.974247
1,4660,131.563144
1,4661,78.768256
1,4662,30.593741
1,4663,151.068787
1,4664,120.250582
1,4665,29.448194
1,4666,96.049836
1,4667,209.693739
1,4668,141.672959
1,4669,60.155918
1,4670,22.184049
1,4671,265.298546
1,4672,76.431140
1,4673,91.421959
1,4674,108.387364
1,4675,124.008740
1,4676,101.170046
1,4677,166.798186
1,4678,51.123715
1,4679,76.064325
1,4680,24.733175
1,4681,83.240966
1,4682,22.315971
1,4683,210.929665
1,4684,18.476585
1,4685,23.574608
1,4686,134.456397
1,4687,272.916089
1,4688,226.236356
1,4689,163.731550
1,4690,70.348225
1,4691,150.552446
1,4692,19.990639
1,4693,335.814277
1,4694,133.040891
1,4695,84.102898
1,4696,182.505697
1,4697,192.414386
1,4698,94.862658
1,4699,144.877419
1,4700,212.621294
1,4701,113.959590
1,4702,212.044531
1,4703,187.996261
1,4704,157.583047
1,4705,114.578799
1,4706,22.489160
1,4707,157.407988
1,4708,25.567022
1,4709,119.922571
1,4710,164.974048
1,4711,149.984460
1,4712,22.203137
1,4713,173.689165
1,4714,150.471589
1,4715,188.844908
1,4716,217.789579
1,4717,316.684006
1,4718,54.701969
1,4719,29.955615
1,4720,33.441487
1,4721,194.908036
1,4722,112.910845
1,4723,151.038516
1,4724,124.370877
1,4725,274.512957
1,4726,208.993917
1,4727,96.639528
1,4728,470.637603
1,4729,31.119385
1,4730,310.193545
1,4731,168.914551
1,4732,180.785526
1,4733,172.093675
1,4734,191.675705
1,4735,30.219554
1,4736,123.394413
1,4737,212.501174
1,4738,51.235973
1,4739,123.155752
1,4740,239.849640
1,4741,215.652766
1,4742,204.377108
1,4743,170.619409
1,4744,51.879115
1,4745,183.984139
1,4746,150.573621
1,4747,170.266334
1,4748,33.386275
1,4749,88.527745
1,4750,123.457269
1,4751,172.474511
1,4752,318.003446
1,4753,22.890924
1,4754,465.402024
1,4755,99.227302
1,4756,599.170034
1,4757,960.644730
1,4758,562.401726
1,4759,21.998880
1,4760,3.716138
1,4761,250.736029
1,4762,24.946566
1,4763,188.528695
1,4764,85.470560
1,4765,123.900333
1,4766,59.439973
1,4767,163.607486
1,4768,109.040296
1,4769,85.999486
1,4770,15.573693
1,4771,75.676585
1,4772,152.647258
1,4773,55.321952
1,4774,99.811962
1,4775,123.086990
1,4776,77.706656
1,4777,30.601803
1,4778,162.210248
1,4779,204.432142
1,4780,125.109382
1,4781,79.366965
1,4782,64.096150
1,4783,58.172331
1,4784,109.900663
1,4785,133.507472
1,4786,27.868955
1,4787,209.738581
1,4788,25.837074
1,4789,91.698517
1,4790,1.237751
1,4791,57.130439
1,4792,116.616476
1,4793,160.304609
1,4794,112.732012
1,4795,160.077428
1,4796,103.715726
1,4797,58.553415
1,4798,130.747833
1,4799,150.060798
1,4800,79.497437
1,4801,185.193283
1,4802,195.211389
1,4803,181.436164
1,4804,111.461845
1,4805,115.731838
1,4806,28.467416
1,4807,219.908957
1,4808,4.640317
1,4809,131.726779
1,4810,27.548655
1,4811,94.614631
1,4812,70.812492
1,4813,167.672071
1,4814,25.834943
1,4815,107.660094
1,4816,386.231174
1,4817,271.236039
1,4818,337.523238
1,4819,201.708499
1,4820,6.333095
1,4821,237.536645
1,4822,277.102604
1,4823,217.977816
1,4824,164.546559
1,4825,139.557791
1,4826,22.361699
1,4827,27.752821
1,4828,245.331912
1,4829,231.810773
1,4830,351.486343
1,4831,668.581453
1,4832,729.299116
1,4833,346.206326
1,4834,190.653041
1,4835,54.884496
1,4836,192.966840
1,4837,159.737797
1,4838,288.902687
1,4839,606.190186
1,4840,499.230146
1,4841,735.042438
1,4842,114.288682
1,4843,261.205565
1,4844,178.891693
1,4845,207.992841
1,4846,271.680734
1,4847,127.808664
1,4848,119.569369
1,4849,697.449123
1,4850,15.962379
1,4851,92.028610
1,4852,436.741033
1,4853,203.596825
1,4854,205.586005
1,4855,147.658897
1,4856,196.143383
1,4857,257.111455
1,4858,129.797531
1,4859,49.086142
1,4860,505.426309
1,4861,76.429631
1,4862,514.278046
1,4863,362.652996
1,4864,36.151730
1,4865,219.022778
1,4866,44.836129
1,4867,92.352959
1,4868,82.236384
1,4869,227.472964
1,4870,240.937514
1,4871,96.833219
1,4872,159.793285
1,4873,15.813158
1,4874,137.467226
1,4875,162.271941
1,4876,27.344441
1,4877,35.924304
1,4878,568.203183
1,4879,216.404355
1,4880,32.739088
1,4881,280.404117
1,4882,203.011735
1,4883,276.836072
1,4884,32.227914
1,4885,118.944866
1,4886,37.456772
1,4887,205.872364
1,4888,86.875605
1,4889,187.937255
1,4890,292.722101
1,4891,394.582092
1,4892,212.558208
1,4893,838.928295
1,4894,166.204835
1,4895,269.664491
1,4896,199.357713
1,4897,310.526218
1,4898,36.941395
1,4899,115.909102
1,4900,216.078565
1,4901,403.359959
1,4902,592.317086
1,4903,51.353708
1,4904,126.296847
1,4905,39.487873
1,4906,120.535241
1,4907,97.341524
1,4908,101.738776
1,4909,43.796717
1,4910,188.574235
1,4911,42.114090
1,4912,277.091758
1,4913,36.600489
1,4914,46.375227
1,4915,353.416747
1,4916,134.156107
1,4917,306.105985
1,4918,208.330291
1,4919,47.560505
1,4920,90.332227
1,4921,135.111037
1,4922,198.275788
1,4923,31.400160
1,4924,408.930878
1,4925,30.440929
1,4926,30.842105
1,4927,341.358205
1,4928,57.403265
1,4929,205.634099
1,4930,242.700562
1,4931,36.777974
1,4932,155.804327
1,4933,151.428188
1,4934,13.436542
1,4935,112.559717
1,4936,112.419613
1,4937,289.686021
1,4938,336.337335
1,4939,409.293267
1,4940,256.307185
1,4941,128.278701
1,4942,163.183674
1,4943,175.915555
1,4944,244.785349
1,4945,314.103326
1,4946,162.459046
1,4947,208.283748
1,4948,46.297305
1,4949,185.832272
1,4950,313.199118
1,4951,191.246734
1,4952,41.178307
1,4953,114.459599
1,4954,214.606282
1,4955,117.292116
1,4956,467.583664
1,4957,66.329188
1,4958,260.857876
1,4959,247.815740
1,4960,91.848991
1,4961,39.243782
1,4962,222.968825
1,4963,37.012971
1,4964,156.727631
1,4965,113.963357
1,4966,134.872251
1,4967,131.749342
1,4968,22.431296
1,4969,119.385277
1,4970,228.818971
1,4971,206.193486
1,4972,131.538550
1,4973,50.431619
1,4974,174.159436
1,4975,160.231814
1,4976,194.212096
1,4977,202.409379
1,4978,8.703972
1,4979,113.910496
1,4980,179.162053
1,4981,35.463575
1,4982,140.553637
1,4983,30.660374
1,4984,38.091448
1,4985,331.319587
1,4986,30.351094
1,4987,73.634735
1,4988,40.656200
1,4989,113.948708
1,4990,95.248458
1,4991,143.606447
1,4992,93.061408
1,4993,118.420676
1,4994,41.748307
1,4995,184.232233
1,4996,53.355835
1,4997,48.923678
1,4998,199.031099
1,4999,34.113521
1,5000,468.955854
1,5001,528.471455
1,5002,94.452455
1,5003,493.697472
1,5004,41.271597
1,5005,274.806177
1,5006,144.945489
1,5007,253.234145
1,5008,126.531801
1,5009,126.493871
1,5010,178.202410
1,5011,97.907839
1,5012,168.309909
1,5013,40.415870
1,5014,496.115062
1,5015,34.173030
1,5016,39.261362
1,5017,360.697198
1,5018,325.760332
1,5019,103.411313
1,5020,309.215996
1,5021,136.626171
1,5022,360.495328
1,5023,37.643248
1,5024,137.671141
1,5025,58.904127
1,5026,172.395167
1,5027,159.411574
1,5028,90.859788
1,5029,159.920860
1,5030,154.464151
1,5031,104.832059
1,5032,297.219420
1,5033,126.044175
1,5034,272.388464
1,5035,186.251054
1,5036,356.986406
1,5037,302.920940
1,5038,251.829811
1,5039,38.246208
1,5040,256.221160
1,5041,217.493837
1,5042,340.421371
1,5043,311.327996
1,5044,33.035214
1,5045,280.725858
1,5046,181.231677
1,5047,194.485977
1,5048,360.484015
1,5049,386.217966
1,5050,120.750392
1,5051,320.953967
1,5052,296.694016
1,5053,82.866666
1,5054,474.874750
1,5055,175.000226
1,5056,70.246284
1,5057,108.563694
1,5058,15.001004
1,5059,68.462204
1,5060,146.894575
1,5061,114.009622
1,5062,139.439469
1,5063,26.932084
1,5064,3.838072
1,5065,31.423525
1,5066,175.104588
1,5067,308.286973
1,5068,119.560100
1,5069,32.160644
1,5070,97.386386
1,5071,33.171686
1,5072,164.184403
1,5073,82.453789
1,5074,125.300547
1,5075,3.449020
1,5076,121.228282
1,5077,40.037972
1,5078,155.886838
1,5079,36.510872
1,5080,101.187904
1,5081,14.693000
1,5082,253.762996
1,5083,268.454537
1,5084,268.324406
1,5085,133.240200
1,5086,42.008203
1,5087,93.117357
1,5088,36.066627
1,5089,159.596196
1,5090,224.903092
1,5091,4.189599
1,5092,131.239903
1,5093,70.866847
1,5094,40.789848
1,5095,70.862015
1,5096,36.023332
1,5097,45.651085
1,5098,12.582447
1,5099,146.240583
1,5100,34.327095
1,5101,73.985471
1,5102,123.353581
1,5103,163.879689
1,5104,36.374593
1,5105,115.343004
1,5106,47.787803
1,5107,139.226709
1,5108,40.034998
1,5109,99.792506
1,5110,129.192235
1,5111,36.616861
1,5112,145.928735
1,5113,66.539083
1,5114,256.520356
1,5115,93.542728
1,5116,94.976122
1,5117,203.248915
1,5118,151.668256
1,5119,247.950441
1,5120,296.658863
1,5121,78.672812
1,5122,32.680468
1,5123,80.699101
1,5124,232.907255
1,5125,258.756114
1,5126,182.769907
1,5127,34.138729
1,5128,127.122190
1,5129,27.645030
1,5130,130.556114
1,5131,200.557589
1,5132,187.850337
1,5133,174.833144
1,5134,33.036599
1,5135,248.736768
1,5136,679.637831
1,5137,171.241848
1,5138,25.590829
1,5139,204.598756
1,5140,107.817572
1,5141,71.731421
1,5142,177.906225
1,5143,39.188567
1,5144,121.381662
1,5145,33.057025
1,5146,81.165128
1,5147,57.418143
1,5148,172.612530
1,5149,178.847895
1,5150,35.993276
1,5151,445.411697
1,5152,136.369833
1,5153,10.530379
1,5154,83.143179
1,5155,172.142601
1,5156,0.000000
1,5157,107.116919
1,5158,187.731515
1,5159,0.000000
1,5160,134.539463
1,5161,529.140099
1,5162,406.115903
1,5163,151.881189
1,5164,155.073537
1,5165,28.829202
1,5166,102.848589
1,5167,32.774779
1,5168,194.690947
1,5169,263.534678
1,5170,343.256368
1,5171,297.529269
1,5172,531.338939
1,5173,38.127241
1,5174,124.366383
1,5175,129.291152
1,5176,32.881917
1,5177,161.508734
1,5178,151.932605
1,5179,38.355465
1,5180,117.124164
1,5181,34.084145
1,5182,114.620918
1,5183,162.922703
1,5184,55.011064
1,5185,87.359802
1,5186,31.723962
1,5187,193.347539
1,5188,68.161556
1,5189,238.431571
1,5190,33.043483
1,5191,114.292933
1,5192,188.206980
1,5193,9.519739
1,5194,107.469428
1,5195,180.468899
1,5196,29.438999
1,5197,118.734701
1,5198,110.986738
1,5199,224.960430
1,5200,35.989800
1,5201,197.117602
1,5202,144.696832
1,5203,69.410644
1,5204,65.594207
1,5205,110.451345
1,5206,185.802961
1,5207,176.586851
1,5208,34.138378
1,5209,154.075618
1,5210,84.124767
1,5211,86.666136
1,5212,187.920173
1,5213,35.952203
1,5214,161.268319
1,5215,29.147698
1,5216,80.404143
1,5217,37.998794
1,5218,200.006616
1,5219,29.817471
1,5220,65.162147
1,5221,161.990969
1,5222,189.201330
1,5223,264.894825
1,5224,284.808642
1,5225,0.972273
1,5226,219.711010
1,5227,117.864594
1,5228,177.998364
1,5229,43.402374
1,5230,153.384823
1,5231,235.923961
1,5232,57.460118
1,5233,257.222381
1,5234,388.025718
1,5235,181.784992
1,5236,274.689429
1,5237,46.149832
1,5238,510.197875
1,5239,217.963541
1,5240,47.708503
1,5241,216.961732
1,5242,107.711144
1,5243,144.988085
1,5244,370.884205
1,5245,391.296028
1,5246,244.960667
1,5247,62.250328
1,5248,370.961495
1,5249,54.156900
1,5250,243.651468
1,5251,47.615404
1,5252,249.343145
1,5253,206.647304
1,5254,195.974223
1,5255,50.351399
1,5256,358.264209
1,5257,61.318874
1,5258,285.134834
1,5259,370.565624
1,5260,202.256243
1,5261,112.945493
1,5262,60.326648
1,5263,280.579927
1,5264,220.839790
1,5265,536.855422
1,5266,53.594277
1,5267,678.867807
1,5268,272.034072
1,5269,135.891477
1,5270,104.718067
1,5271,152.996827
1,5272,236.562757
1,5273,220.713017
1,5274,185.886782
1,5275,417.294680
1,5276,378.228269
1,5277,43.913668
1,5278,219.951716
1,5279,263.852880
1,5280,561.747536
1,5281,266.078991
1,5282,318.097172
1,5283,137.112026
1,5284,357.733294
1,5285,47.075091
1,5286,57.359634
1,5287,426.233116
1,5288,49.499261
1,5289,325.466659
1,5290,312.067359
1,5291,21.389202
1,5292,89.175293
1,5293,111.332996
1,5294,33.755333
1,5295,126.653216
1,5296,72.860161
1,5297,138.660235
1,5298,44.106248
1,5299,453.405529
1,5300,100.261336
1,5301,45.210360
1,5302,352.264612
1,5303,158.815759
1,5304,43.671195
1,5305,22.723350
1,5306,286.232197
1,5307,183.686854
1,5308,179.516401
1,5309,140.978105
1,5310,114.943137
1,5311,209.445880
1,5312,140.742363
1,5313,22.168134
1,5314,117.533257
1,5315,136.437859
1,5316,226.797911
1,5317,93.216647
1,5318,227.945800
1,5319,149.640301
1,5320,52.724035
1,5321,93.896917
1,5322,43.181515
1,5323,155.764506
1,5324,287.960620
1,5325,303.826391
1,5326,169.865649
1,5327,46.476826
1,5328,118.936086
1,5329,26.746997
1,5330,251.422779
1,5331,52.627491
1,5332,147.757261
1,5333,137.105337
1,5334,160.022205
1,5335,95.563201
1,5336,263.788557
1,5337,280.218214
1,5338,136.175154
1,5339,23.658324
1,5340,195.892657
1,5341,52.837857
1,5342,72.094171
1,5343,161.133858
1,5344,45.659577
1,5345,209.578690
1,5346,47.782264
1,5347,218.125155
1,5348,134.869635
1,5349,140.156358
1,5350,78.022736
1,5351,173.281293
1,5352,25.221083
1,5353,214.116874
1,5354,79.149745
1,5355,120.463634
1,5356,123.580293
1,5357,57.423439
1,5358,259.434063
1,5359,39.375832
1,5360,125.962870
1,5361,164.974145
1,5362,77.404072
1,5363,456.898647
1,5364,47.777027
1,5365,275.770108
1,5366,294.358839
1,5367,60.028388
1,5368,87.014494
1,5369,191.849324
1,5370,92.969595
1,5371,43.723662
1,5372,152.097118
1,5373,229.469779
1,5374,197.614794
1,5375,158.907214
1,5376,34.403688
1,5377,270.998281
1,5378,306.691489
1,5379,105.581421
1,5380,267.194956
1,5381,98.825035
1,5382,235.053758
1,5383,200.638477
1,5384,297.724503
1,5385,173.771672
1,5386,46.079757
1,5387,97.509881
1,5388,135.215700
1,5389,236.305300
1,5390,52.774543
1,5391,156.354093
1,5392,163.290958
1,5393,393.826719
1,5394,240.652158
1,5395,105.202193
1,5396,55.030494
1,5397,54.163051
1,5398,508.830299
1,5399,189.840983
1,5400,45.967751
1,5401,177.259886
1,5402,59.759810
1,5403,417.768111
1,5404,406.404878
1,5405,50.366056
1,5406,607.562086
1,5407,61.740019
1,5408,257.130677
1,5409,43.573179
1,5410,188.452627
1,5411,21.132337
1,5412,299.693737
1,5413,45.075271
1,5414,113.836250
1,5415,120.774781
1,5416,95.554633
1,5417,105.768547
1,5418,215.951568
1,5419,43.868440
1,5420,216.001252
1,5421,117.122512
1,5422,369.395145
1,5423,144.335570
1,5424,192.548322
1,5425,109.333998
1,5426,79.961648
1,5427,203.329750
1,5428,284.423929
1,5429,55.275954
1,5430,389.324672
1,5431,51.101154
1,5432,143.927286
1,5433,307.118515
1,5434,82.052382
1,5435,79.617110
1,5436,82.491546
1,5437,98.965450
1,5438,133.760727
1,5439,18.497577
1,5440,227.000523
1,5441,54.021597
1,5442,365.024795
1,5443,39.764607
1,5444,115.142238
1,5445,49.307467
1,5446,37.449863
1,5447,210.902602
1,5448,49.429392
1,5449,51.136361
1,5450,306.200563
1,5451,13.744941
1,5452,160.148236
1,5453,233.970857
1,5454,92.036605
1,5455,40.774641
1,5456,230.675723
1,5457,140.576732
1,5458,38.230053
1,5459,154.267835
1,5460,12.829763
1,5461,229.045292
1,5462,39.314698
1,5463,208.707243
1,5464,466.979492
1,5465,394.611281
1,5466,39.046898
1,5467,140.829623
1,5468,72.021489
1,5469,742.199610
1,5470,34.463349
1,5471,840.071136
1,5472,32.781913
1,5473,592.473484
1,5474,150.709392
1,5475,111.927689
1,5476,84.481405
1,5477,169.132771
1,5478,139.268553
1,5479,28.951172
1,5480,96.871623
1,5481,142.076871
1,5482,150.252262
1,5483,258.739724
1,5484,88.635401
1,5485,157.451577
1,5486,40.551006
1,5487,283.590611
1,5488,83.972086
1,5489,192.177400
1,5490,18.891047
1,5491,146.885037
1,5492,41.703304
1,5493,52.424328
1,5494,211.599598
1,5495,50.191240
1,5496,53.575566
1,5497,64.740544
1,5498,137.471683
1,5499,46.977354
1,5500,98.900072
1,5501,46.057846
1,5502,181.700647
1,5503,79.137309
1,5504,73.034079
1,5505,275.147262
1,5506,62.656052
1,5507,102.690112
1,5508,187.315490
1,5509,187.686337
1,5510,89.664353
1,5511,198.664414
1,5512,46.339165
1,5513,146.069630
1,5514,79.129662
1,5515,100.843261
1,5516,260.278545
1,5517,47.625833
1,5518,77.975912
1,5519,226.035963
1,5520,366.069068
1,5521,58.197320
1,5522,143.005282
1,5523,46.398700
1,5524,348.807821
1,5525,122.302384
1,5526,212.504098
1,5527,274.470952
1,5528,66.076184
1,5529,180.264184
1,5530,51.634471
1,5531,135.662313
1,5532,309.755768
1,5533,415.773451
1,5534,44.013092
1,5535,213.122734
1,5536,93.459775
1,5537,41.482601
1,5538,158.486441
1,5539,40.028159
1,5540,213.034453
1,5541,51.497448
1,5542,213.436524
1,5543,72.317550
1,5544,59.195624
1,5545,152.615215
1,5546,297.395629
1,5547,226.353287
1,5548,44.295412
1,5549,171.089358
1,5550,204.938694
1,5551,150.954040
1,5552,63.160884
1,5553,293.436151
1,5554,107.511641
1,5555,53.208639
1,5556,384.863807
1,5557,73.900276
1,5558,201.117447
1,5559,331.802813
1,5560,146.673955
1,5561,365.041572
1,5562,34.808007
1,5563,314.997129
1,5564,110.904066
1,5565,489.596614
1,5566,42.880470
1,5567,196.542977
1,5568,150.713045
1,5569,176.572123
1,5570,186.688186
1,5571,167.742223
1,5572,29.837392
1,5573,91.786599
1,5574,45.026294
1,5575,126.863897
1,5576,94.047857
1,5577,180.554689
1,5578,45.049362
1,5579,111.185052
1,5580,48.210395
1,5581,178.784551
1,5582,43.442178
1,5583,165.052783
1,5584,121.800664
1,5585,47.970397
1,5586,205.778254
1,5587,108.239302
1,5588,111.672234
1,5589,189.361598
1,5590,20.391654
1,5591,175.560120
1,5592,156.461402
1,5593,130.401237
1,5594,373.487445
1,5595,99.762694
1,5596,245.116354
1,5597,49.181828
1,5598,529.907613
1,5599,325.534987
1,5600,105.169990
1,5601,47.251309
1,5602,162.820715
1,5603,131.702544
1,5604,140.812933
1,5605,122.383080
1,5606,53.242142
1,5607,158.664806
1,5608,127.736202
1,5609,21.897169
1,5610,336.301138
1,5611,195.444758
1,5612,141.383397
1,5613,185.880956
1,5614,163.974872
1,5615,237.467671
1,5616,99.763175
1,5617,21.994170
1,5618,239.616661
1,5619,44.437014
1,5620,339.972879
1,5621,38.607760
1,5622,201.368546
1,5623,39.561580
1,5624,47.192848
1,5625,242.924779
1,5626,201.385861
1,5627,44.053656
1,5628,108.318183
1,5629,123.313752
1,5630,136.654982
1,5631,70.502434
1,5632,79.369918
1,5633,227.663443
1,5634,474.117178
1,5635,189.631341
1,5636,45.405916
1,5637,191.810443
1,5638,174.911315
1,5639,459.415354
1,5640,43.072777
1,5641,677.425566
1,5642,117.202781
1,5643,471.354724
1,5644,50.177747
1,5645,292.077692
1,5646,131.472567
1,5647,343.124749
1,5648,75.790622
1,5649,44.353131
1,5650,478.511670
1,5651,75.951166
1,5652,533.801409
1,5653,125.103869
1,5654,244.977858
1,5655,303.080718
1,5656,23.583284
1,5657,89.730778
1,5658,0.687088
1,5659,399.740568
1,5660,120.195853
1,5661,249.518776
1,5662,257.985597
1,5663,260.104186
1,5664,259.188302
1,5665,228.253268
1,5666,87.945011
1,5667,174.235484
1,5668,209.400146
1,5669,42.475397
1,5670,199.004738
1,5671,183.290404
1,5672,161.531595
1,5673,254.973326
1,5674,488.015435
1,5675,53.329874
1,5676,199.424654
1,5677,227.919407
1,5678,206.171666
1,5679,139.445520
1,5680,42.055568
1,5681,94.854350
1,5682,97.923816
1,5683,47.223254
1,5684,23.584754
1,5685,262.622710
1,5686,48.315961
1,5687,189.713463
1,5688,431.840929
1,5689,23.405258
1,5690,231.200317
1,5691,53.668568
1,5692,256.437339
1,5693,49.035160
1,5694,124.913357
1,5695,129.507451
1,5696,303.201535
1,5697,192.801242
1,5698,215.387855
1,5699,273.222480
1,5700,48.955429
1,5701,47.894877
1,5702,173.759792
1,5703,47.564912
1,5704,78.064422
1,5705,77.371263
1,5706,234.771338
1,5707,217.369564
1,5708,117.907490
1,5709,125.531705
1,5710,156.989830
1,5711,125.646866
1,5712,125.654687
1,5713,52.845894
1,5714,416.114482
1,5715,43.479782
1,5716,190.058832
1,5717,42.910487
1,5718,228.235314
1,5719,188.480822
1,5720,216.430711
1,5721,41.493069
1,5722,172.110227
1,5723,171.959539
1,5724,247.926670
1,5725,43.230488
1,5726,257.474442
1,5727,136.091796
1,5728,276.490095
1,5729,259.770215
1,5730,302.126535
1,5731,89.385723
1,5732,126.782115
1,5733,15.692740
1,5734,284.168408
1,5735,113.675310
1,5736,341.105853
1,5737,248.598916
1,5738,222.205558
1,5739,39.732314
1,5740,194.752585
1,5741,78.800741
1,5742,201.749111
1,5743,298.269768
1,5744,291.403308
1,5745,280.002225
1,5746,32.324166
1,5747,48.642876
1,5748,176.276574
1,5749,188.773024
1,5750,410.391771
1,5751,181.988582
1,5752,211.126933
1,5753,157.695172
1,5754,16.517226
1,5755,172.832208
1,5756,27.043704
1,5757,197.853929
1,5758,178.149965
1,5759,327.014153
1,5760,128.940027
1,5761,75.407291
1,5762,244.964468
1,5763,25.302069
1,5764,200.823005
1,5765,333.865898
1,5766,35.171050
1,5767,273.185717
1,5768,32.689167
1,5769,183.056306
1,5770,263.648168
1,5771,321.264960
1,5772,246.986545
1,5773,211.681874
1,5774,39.353555
1,5775,154.699084
1,5776,35.583087
1,5777,193.974169
1,5778,288.107205
1,5779,290.084975
1,5780,174.597289
1,5781,328.849503
1,5782,36.745814
1,5783,76.930197
1,5784,176.313387
1,5785,210.460847
1,5786,33.948774
1,5787,203.130066
1,5788,33.339341
1,5789,127.725333
1,5790,35.755648
1,5791,199.535775
1,5792,250.070062
1,5793,283.569323
1,5794,279.541437
1,5795,270.391158
1,5796,161.046507
1,5797,61.343603
1,5798,274.156477
1,5799,279.568502
1,5800,355.673953
1,5801,32.534552
1,5802,289.235420
1,5803,6.558295
1,5804,298.473338
1,5805,235.351324
1,5806,30.296512
1,5807,200.024900
1,5808,249.371228
1,5809,222.479789
1,5810,267.188026
1,5811,374.366639
1,5812,262.355084
1,5813,331.996691
1,5814,39.058928
1,5815,66.181888
1,5816,295.293360
1,5817,53.425504
1,5818,176.815683
1,5819,67.793367
1,5820,47.947739
1,5821,270.350853
1,5822,17.991289
1,5823,152.439102
1,5824,123.671171
1,5825,116.807388
1,5826,173.769031
1,5827,207.222577
1,5828,26.368028
1,5829,184.678377
1,5830,55.304006
1,5831,231.098946
1,5832,31.557746
1,5833,220.605710
1,5834,164.591559
1,5835,242.938815
1,5836,175.478004
1,5837,107.986576
1,5838,340.409499
1,5839,291.778382
1,5840,274.421631
1,5841,345.670422
1,5842,334.616185
1,5843,139.623142
1,5844,235.326922
1,5845,103.931677
1,5846,248.244288
1,5847,365.674578
1,5848,34.701191
1,5849,91.128920
1,5850,228.790414
1,5851,148.119410
1,5852,148.792183
1,5853,31.629430
1,5854,815.351541
1,5855,105.693033
1,5856,253.967541
1,5857,143.174060
1,5858,242.845486
1,5859,34.940515
1,5860,178.486494
1,5861,276.562495
1,5862,439.398536
1,5863,33.704639
1,5864,104.383326
1,5865,259.801265
1,5866,30.293284
1,5867,260.262879
1,5868,31.419486
1,5869,85.844204
1,5870,343.206632
1,5871,32.712167
1,5872,379.584305
1,5873,29.042107
1,5874,243.416173
1,5875,186.063234
1,5876,195.931617
1,5877,203.186750
1,5878,246.060543
1,5879,133.383640
1,5880,102.998122
1,5881,261.487166
1,5882,26.278709
1,5883,93.558571
1,5884,237.974247
1,5885,219.063144
1,5886,171.768256
1,5887,30.593741
1,5888,241.568787
1,5889,202.750582
1,5890,29.448194
1,5891,172.549836
1,5892,85.693739
1,5893,218.172959
1,5894,60.155918
1,5895,22.184049
1,5896,267.798546
1,5897,166.431140
1,5898,194.921959
1,5899,174.387364
1,5900,224.508740
1,5901,199.170046
1,5902,308.298186
1,5903,51.123715
1,5904,76.064325
1,5905,24.733175
1,5906,195.740966
1,5907,22.315971
1,5908,182.929665
1,5909,18.476585
1,5910,23.574608
1,5911,274.956397
1,5912,249.416089
1,5913,360.236356
1,5914,292.731550
1,5915,178.348225
1,5916,255.052446
1,5917,99.990639
1,5918,254.814277
1,5919,130.040891
1,5920,196.602898
1,5921,129.005697
1,5922,475.414386
1,5923,382.862658
1,5924,330.377419
1,5925,630.621294
1,5926,113.959590
1,5927,212.044531
1,5928,304.996261
1,5929,263.083047
1,5930,175.578799
1,5931,22.489160
1,5932,224.907988
1,5933,25.567022
1,5934,192.422571
1,5935,275.474048
1,5936,149.984460
1,5937,22.203137
1,5938,173.689165
1,5939,150.471589
1,5940,231.344908
1,5941,233.289579
1,5942,183.184006
1,5943,54.701969
1,5944,29.955615
1,5945,106.941487
1,5946,397.908036
1,5947,341.910845
1,5948,361.538516
1,5949,207.870877
1,5950,272.512957
1,5951,195.993917
1,5952,96.639528
1,5953,336.137603
1,5954,112.119385
1,5955,214.193545
1,5956,168.914551
1,5957,273.785526
1,5958,370.593675
1,5959,294.175705
1,5960,30.219554
1,5961,123.394413
1,5962,348.501174
1,5963,51.235973
1,5964,123.155752
1,5965,357.349640
1,5966,396.152766
1,5967,303.877108
1,5968,368.119409
1,5969,51.879115
1,5970,286.484139
1,5971,265.573621
1,5972,259.266334
1,5973,33.386275
1,5974,88.527745
1,5975,123.457269
1,5976,259.974511
1,5977,233.503446
1,5978,22.890924
1,5979,299.902024
1,5980,30.227302
1,5981,356.670034
1,5982,339.144730
1,5983,391.401726
1,5984,21.998880
1,5985,3.716138
1,5986,313.236029
1,5987,24.946566
1,5988,128.528695
1,5989,157.470560
1,5990,192.900333
1,5991,135.439973
1,5992,240.607486
1,5993,205.040296
1,5994,219.999486
1,5995,15.573693
1,5996,170.676585
1,5997,250.147258
1,5998,136.321952
1,5999,176.811962
1,6000,123.086990
1,6001,157.706656
1,6002,30.601803
1,6003,162.210248
1,6004,204.432142
1,6005,198.109382
1,6006,79.366965
1,6007,152.096150
1,6008,58.172331
1,6009,185.400663
1,6010,219.507472
1,6011,27.868955
1,6012,237.238581
1,6013,25.837074
1,6014,91.698517
1,6015,1.237751
1,6016,57.130439
1,6017,227.616476
1,6018,244.304609
1,6019,191.232012
1,6020,275.577428
1,6021,103.715726
1,6022,153.053415
1,6023,230.247833
1,6024,211.560798
1,6025,79.497437
1,6026,116.193283
1,6027,122.211389
1,6028,291.436164
1,6029,199.961845
1,6030,197.231838
1,6031,28.467416
1,6032,324.408957
1,6033,4.640317
1,6034,256.726779
1,6035,27.548655
1,6036,178.614631
1,6037,70.812492
1,6038,244.172071
1,6039,25.834943
1,6040,107.660094
1,6041,797.231174
1,6042,573.736039
1,6043,334.023238
1,6044,316.208499
1,6045,6.333095
1,6046,354.036645
1,6047,353.102604
1,6048,372.477816
1,6049,270.546559
1,6050,211.557791
1,6051,22.361699
1,6052,105.252821
1,6053,396.331912
1,6054,131.310773
1,6055,265.986343
1,6056,316.581453
1,6057,373.799116
1,6058,297.206326
1,6059,263.153041
1,6060,54.884496
1,6061,328.466840
1,6062,159.737797
1,6063,1099.902687
1,6064,386.190186
1,6065,168.730146
1,6066,275.542438
1,6067,35.288682
1,6068,252.705565
1,6069,286.391693
1,6070,389.992841
1,6071,486.680734
1,6072,207.808664
1,6073,119.569369
1,6074,316.949123
1,6075,15.962379
1,6076,209.028610
1,6077,385.241033
1,6078,279.596825
1,6079,317.086005
1,6080,279.158897
1,6081,293.643383
1,6082,318.111455
1,6083,46.297531
1,6084,136.086142
1,6085,389.426309
1,6086,76.429631
1,6087,260.278046
1,6088,362.152996
1,6089,94.651730
1,6090,347.022778
1,6091,44.836129
1,6092,178.352959
1,6093,173.736384
1,6094,242.972964
1,6095,234.437514
1,6096,96.833219
1,6097,237.793285
1,6098,85.813158
1,6099,218.467226
1,6100,261.771941
1,6101,27.344441
1,6102,35.924304
1,6103,266.703183
1,6104,164.904355
1,6105,32.739088
1,6106,397.904117
1,6107,287.511735
1,6108,281.836072
1,6109,32.227914
1,6110,118.944866
1,6111,103.956772
1,6112,332.872364
1,6113,192.875605
1,6114,336.437255
1,6115,169.222101
1,6116,182.582092
1,6117,229.558208
1,6118,329.428295
1,6119,223.204835
1,6120,573.164491
1,6121,315.357713
1,6122,498.526218
1,6123,36.941395
1,6124,197.909102
1,6125,104.078565
1,6126,367.359959
1,6127,438.817086
1,6128,119.353708
1,6129,210.296847
1,6130,39.487873
1,6131,120.535241
1,6132,97.341524
1,6133,208.738776
1,6134,43.796717
1,6135,280.074235
1,6136,122.614090
1,6137,257.091758
1,6138,111.100489
1,6139,46.375227
1,6140,320.416747
1,6141,234.656107
1,6142,263.605985
1,6143,185.830291
1,6144,47.560505
1,6145,90.332227
1,6146,246.111037
1,6147,415.275788
1,6148,31.400160
1,6149,203.430878
1,6150,30.440929
1,6151,30.842105
1,6152,301.358205
1,6153,57.403265
1,6154,205.634099
1,6155,298.700562
1,6156,113.777974
1,6157,238.804327
1,6158,290.928188
1,6159,13.436542
1,6160,267.059717
1,6161,36.419613
1,6162,322.686021
1,6163,525.337335
1,6164,290.793267
1,6165,332.807185
1,6166,244.778701
1,6167,278.183674
1,6168,283.915555
1,6169,311.785349
1,6170,455.103326
1,6171,349.959046
1,6172,231.283748
1,6173,46.297305
1,6174,116.832272
1,6175,148.199118
1,6176,272.246734
1,6177,41.178307
1,6178,114.459599
1,6179,370.606282
1,6180,115.792116
1,6181,334.083664
1,6182,188.829188
1,6183,265.357876
1,6184,264.815740
1,6185,176.848991
1,6186,39.243782
1,6187,131.468825
1,6188,105.512971
1,6189,232.227631
1,6190,113.963357
1,6191,134.872251
1,6192,131.749342
1,6193,22.431296
1,6194,119.385277
1,6195,228.818971
1,6196,145.193486
1,6197,131.538550
1,6198,50.431619
1,6199,99.659436
1,6200,160.231814
1,6201,194.212096
1,6202,368.909379
1,6203,8.703972
1,6204,218.410496
1,6205,342.662053
1,6206,35.463575
1,6207,241.053637
1,6208,30.660374
1,6209,38.091448
1,6210,172.819587
1,6211,30.351094
1,6212,73.634735
1,6213,130.156200
1,6214,180.948708
1,6215,166.248458
1,6216,19.606447
1,6217,93.061408
1,6218,118.420676
1,6219,41.748307
1,6220,273.732233
1,6221,53.355835
1,6222,126.423678
1,6223,329.531099
1,6224,34.113521
1,6225,361.455854
1,6226,374.971455
1,6227,185.452455
1,6228,370.197472
1,6229,41.271597
1,6230,245.306177
1,6231,393.945489
1,6232,474.734145
1,6233,214.031801
1,6234,126.493871
1,6235,178.202410
1,6236,197.407839
1,6237,264.309909
1,6238,40.415870
1,6239,491.615062
1,6240,34.173030
1,6241,39.261362
1,6242,414.697198
1,6243,348.760332
1,6244,202.411313
1,6245,249.215996
1,6246,219.626171
1,6247,663.495328
1,6248,90.643248
1,6249,215.671141
1,6250,58.904127
1,6251,249.895167
1,6252,266.911574
1,6253,166.359788
1,6254,275.920860
1,6255,306.464151
1,6256,166.832059
1,6257,292.719420
1,6258,230.044175
1,6259,447.388464
1,6260,281.751054
1,6261,275.986406
1,6262,390.420940
1,6263,267.329811
1,6264,38.246208
1,6265,279.721160
1,6266,275.493837
1,6267,276.921371
1,6268,326.827996
1,6269,33.035214
1,6270,277.225858
1,6271,273.231677
1,6272,262.985977
1,6273,302.984015
1,6274,417.717966
1,6275,243.750392
1,6276,249.953967
1,6277,295.694016
1,6278,82.866666
1,6279,300.374750
1,6280,290.500226
1,6281,189.246284
1,6282,182.063694
1,6283,15.001004
1,6284,148.962204
1,6285,256.394575
1,6286,229.509622
1,6287,139.439469
1,6288,26.932084
1,6289,3.838072
1,6290,31.423525
1,6291,68.604588
1,6292,240.286973
1,6293,215.560100
1,6294,32.160644
1,6295,175.886386
1,6296,33.171686
1,6297,164.184403
1,6298,82.453789
1,6299,125.300547
1,6300,3.449020
1,6301,121.228282
1,6302,40.037972
1,6303,155.886838
1,6304,113.010872
1,6305,174.687904
1,6306,14.693000
1,6307,233.262996
1,6308,154.454537
1,6309,131.824406
1,6310,133.240200
1,6311,119.008203
1,6312,93.117357
1,6313,106.066627
1,6314,227.596196
1,6315,289.403092
1,6316,4.189599
1,6317,131.239903
1,6318,160.366847
1,6319,40.789848
1,6320,176.362015
1,6321,36.023332
1,6322,141.151085
1,6323,12.582447
1,6324,245.740583
1,6325,34.327095
1,6326,73.985471
1,6327,221.853581
1,6328,248.379689
1,6329,118.374593
1,6330,115.343004
1,6331,127.787803
1,6332,212.226709
1,6333,40.034998
1,6334,196.292506
1,6335,34.192235
1,6336,111.616861
1,6337,220.928735
1,6338,66.539083
1,6339,237.020356
1,6340,209.542728
1,6341,35.976122
1,6342,213.748915
1,6343,242.668256
1,6344,269.950441
1,6345,317.658863
1,6346,78.672812
1,6347,229.680468
1,6348,80.699101
1,6349,260.907255
1,6350,358.756114
1,6351,225.269907
1,6352,34.138729
1,6353,240.122190
1,6354,27.645030
1,6355,285.056114
1,6356,243.557589
1,6357,77.850337
1,6358,398.333144
1,6359,33.036599
1,6360,234.236768
1,6361,1147.637831
1,6362,171.241848
1,6363,25.590829
1,6364,204.598756
1,6365,107.817572
1,6366,71.731421
1,6367,177.906225
1,6368,39.188567
1,6369,121.381662
1,6370,192.557025
1,6371,169.665128
1,6372,57.418143
1,6373,364.612530
1,6374,368.847895
1,6375,115.993276
1,6376,376.411697
1,6377,208.869833
1,6378,84.030379
1,6379,83.143179
1,6380,244.142601
1,6381,0.000000
1,6382,107.116919
1,6383,187.731515
1,6384,0.000000
1,6385,134.539463
1,6386,266.140099
1,6387,209.615903
1,6388,151.881189
1,6389,241.073537
1,6390,28.829202
1,6391,202.848589
1,6392,32.774779
1,6393,318.690947
1,6394,142.034678
1,6395,157.756368
1,6396,228.029269
1,6397,295.338939
1,6398,38.127241
1,6399,124.366383
1,6400,260.291152
1,6401,32.881917
1,6402,252.508734
1,6403,234.932605
1,6404,38.355465
1,6405,117.124164
1,6406,34.084145
1,6407,198.120918
1,6408,180.422703
1,6409,55.011064
1,6410,186.859802
1,6411,122.723962
1,6412,157.847539
1,6413,68.161556
1,6414,236.431571
1,6415,33.043483
1,6416,314.792933
1,6417,320.706980
1,6418,9.519739
1,6419,205.469428
1,6420,293.468899
1,6421,101.438999
1,6422,242.234701
1,6423,205.986738
1,6424,382.460430
1,6425,35.989800
1,6426,193.617602
1,6427,219.196832
1,6428,69.410644
1,6429,65.594207
1,6430,110.451345
1,6431,310.802961
1,6432,254.086851
1,6433,34.138378
1,6434,224.575618
1,6435,34.124767
1,6436,188.166136
1,6437,292.920173
1,6438,35.952203
1,6439,247.268319
1,6440,29.147698
1,6441,154.404143
1,6442,37.998794
1,6443,310.506616
1,6444,29.817471
1,6445,65.162147
1,6446,333.490969
1,6447,272.701330
1,6448,275.394825
1,6449,134.150485
1,6450,45.773245
1,6451,185.056415
1,6452,128.526194
1,6453,214.097853
1,6454,160.183268
1,6455,182.985109
1,6456,250.517437
1,6457,456.466206
1,6458,44.151933
1,6459,185.049177
1,6460,46.035017
1,6461,256.755943
1,6462,46.798578
1,6463,209.452014
1,6464,246.406157
1,6465,345.827017
1,6466,49.052606
1,6467,245.994194
1,6468,402.414501
1,6469,80.925320
1,6470,487.873684
1,6471,411.884845
1,6472,661.449960
1,6473,23.679034
1,6474,500.845393
1,6475,365.965754
1,6476,480.747803
1,6477,50.541627
1,6478,441.445257
1,6479,360.240381
1,6480,191.132508
1,6481,55.016406
1,6482,219.094231
1,6483,375.735696
1,6484,283.784700
1,6485,54.732274
1,6486,349.571103
1,6487,53.774639
1,6488,265.124110
1,6489,439.205728
1,6490,247.142397
1,6491,527.717033
1,6492,53.007191
1,6493,392.708101
1,6494,519.171829
1,6495,139.328335
1,6496,289.277218
1,6497,545.788714
1,6498,299.002964
1,6499,376.168531
1,6500,389.473736
1,6501,49.496114
1,6502,201.592803
1,6503,201.794883
1,6504,394.803718
1,6505,233.262106
1,6506,303.098239
1,6507,25.816479
1,6508,324.448493
1,6509,269.763635
1,6510,137.982135
1,6511,245.201508
1,6512,290.058752
1,6513,88.176230
1,6514,305.560537
1,6515,252.718369
1,6516,193.213592
1,6517,110.241108
1,6518,139.449013
1,6519,87.827250
1,6520,157.512072
1,6521,37.415237
1,6522,248.353290
1,6523,81.198115
1,6524,53.674408
1,6525,54.735123
1,6526,412.961358
1,6527,43.608045
1,6528,18.252611
1,6529,109.019967
1,6530,190.070800
1,6531,401.679121
1,6532,263.219745
1,6533,42.439163
1,6534,267.020852
1,6535,46.886571
1,6536,193.631751
1,6537,172.635877
1,6538,266.974978
1,6539,52.323118
1,6540,363.910085
1,6541,45.958467
1,6542,319.270437
1,6543,141.815905
1,6544,389.954583
1,6545,50.952702
1,6546,157.663572
1,6547,105.710289
1,6548,452.023095
1,6549,51.051259
1,6550,407.107978
1,6551,202.706973
1,6552,296.082986
1,6553,365.858338
1,6554,386.859191
1,6555,49.376150
1,6556,226.741728
1,6557,367.130529
1,6558,23.072267
1,6559,294.505804
1,6560,321.313483
1,6561,316.608548
1,6562,361.781510
1,6563,50.283543
1,6564,369.317634
1,6565,323.959624
1,6566,246.939126
1,6567,611.488217
1,6568,122.039537
1,6569,118.696826
1,6570,401.134971
1,6571,43.670062
1,6572,247.063682
1,6573,490.251875
1,6574,815.456531
1,6575,335.937043
1,6576,485.223736
1,6577,400.634265
1,6578,52.483843
1,6579,188.484604
1,6580,171.941398
1,6581,106.873238
1,6582,439.437339
1,6583,35.417685
1,6584,520.018146
1,6585,192.375837
1,6586,432.158692
1,6587,42.593062
1,6588,232.622416
1,6589,240.354572
1,6590,976.838975
1,6591,262.968330
1,6592,317.820722
1,6593,72.515399
1,6594,426.183213
1,6595,53.801599
1,6596,321.310418
1,6597,376.369383
1,6598,117.198002
1,6599,54.032324
1,6600,205.778355
1,6601,163.876416
1,6602,313.217110
1,6603,51.647703
1,6604,266.251068
1,6605,505.224224
1,6606,74.603522
1,6607,183.800603
1,6608,223.664879
1,6609,24.320476
1,6610,448.860099
1,6611,506.372453
1,6612,47.944765
1,6613,455.025587
1,6614,351.359801
1,6615,437.401941
1,6616,146.516998
1,6617,118.423802
1,6618,401.756371
1,6619,342.632486
1,6620,455.093105
1,6621,60.931721
1,6622,363.499798
1,6623,589.081629
1,6624,47.291767
1,6625,488.109040
1,6626,276.999236
1,6627,48.186978
1,6628,344.247223
1,6629,351.150365
1,6630,296.233546
1,6631,86.933347
1,6632,220.800492
1,6633,273.148866
1,6634,48.885843
1,6635,388.863659
1,6636,179.861379
1,6637,245.754876
1,6638,474.366254
1,6639,78.171037
1,6640,354.900327
1,6641,47.982810
1,6642,18.473819
1,6643,354.684282
1,6644,530.414888
1,6645,45.800995
1,6646,336.551392
1,6647,135.630389
1,6648,220.034963
1,6649,43.995064
1,6650,15.715419
1,6651,287.206901
1,6652,395.507634
1,6653,371.275809
1,6654,46.958095
1,6655,333.107838
1,6656,45.756253
1,6657,316.723706
1,6658,413.155545
1,6659,369.729355
1,6660,94.264101
1,6661,331.137278
1,6662,169.849824
1,6663,42.534056
1,6664,234.911543
1,6665,42.672902
1,6666,312.344656
1,6667,485.956082
1,6668,482.069168
1,6669,73.318026
1,6670,564.143198
1,6671,269.819383
1,6672,475.112670
1,6673,409.459152
1,6674,167.720590
1,6675,207.820522
1,6676,183.179307
1,6677,416.397167
1,6678,38.765952
1,6679,272.709166
1,6680,316.029721
1,6681,208.631349
1,6682,232.369658
1,6683,206.578941
1,6684,40.924909
1,6685,315.088052
1,6686,328.356621
1,6687,43.857982
1,6688,315.375602
1,6689,429.737696
1,6690,185.891711
1,6691,390.986648
1,6692,203.631928
1,6693,178.393546
1,6694,315.995998
1,6695,97.110822
1,6696,215.787271
1,6697,76.385531
1,6698,241.671600
1,6699,21.402496
1,6700,246.025334
1,6701,173.153241
1,6702,52.832734
1,6703,197.309381
1,6704,45.009456
1,6705,215.455335
1,6706,68.407343
1,6707,130.113853
1,6708,169.371539
1,6709,215.037051
1,6710,52.556778
1,6711,300.036389
1,6712,305.781107
1,6713,306.840075
1,6714,419.502854
1,6715,466.499795
1,6716,134.965737
1,6717,347.351056
1,6718,279.477107
1,6719,218.265247
1,6720,238.944750
1,6721,47.692326
1,6722,372.877206
1,6723,298.074366
1,6724,438.202899
1,6725,35.085214
1,6726,334.765022
1,6727,394.378142
1,6728,50.288324
1,6729,109.154795
1,6730,466.147189
1,6731,47.985033
1,6732,401.477509
1,6733,43.661061
1,6734,398.088686
1,6735,49.014679
1,6736,328.441156
1,6737,292.505409
1,6738,168.119470
1,6739,112.369620
1,6740,165.361976
1,6741,284.352755
1,6742,309.240888
1,6743,423.437157
1,6744,184.526097
1,6745,334.527911
1,6746,39.422862
1,6747,455.953991
1,6748,405.581533
1,6749,42.639538
1,6750,194.847938
1,6751,322.508985
1,6752,580.247446
1,6753,43.353395
1,6754,942.581979
1,6755,551.848542
1,6756,36.899824
1,6757,129.009165
1,6758,346.651374
1,6759,37.960438
1,6760,104.632462
1,6761,318.989068
1,6762,127.142125
1,6763,576.963279
1,6764,295.347835
1,6765,126.529704
1,6766,310.363422
1,6767,436.635283
1,6768,28.770633
1,6769,81.151917
1,6770,346.260529
1,6771,484.373297
1,6772,136.343840
1,6773,247.163270
1,6774,38.828068
1,6775,368.479560
1,6776,294.687435
1,6777,39.111245
1,6778,104.392152
1,6779,131.847654
1,6780,258.471326
1,6781,370.060075
1,6782,42.666226
1,6783,422.441330
1,6784,211.141937
1,6785,294.779449
1,6786,46.938230
1,6787,316.593870
1,6788,373.861620
1,6789,550.703051
1,6790,204.350421
1,6791,51.728061
1,6792,457.057402
1,6793,224.660791
1,6794,16.715219
1,6795,173.211085
1,6796,143.609404
1,6797,396.434444
1,6798,28.007436
1,6799,191.198814
1,6800,336.534783
1,6801,311.666658
1,6802,83.669064
1,6803,284.771275
1,6804,30.853800
1,6805,197.675589
1,6806,295.712006
1,6807,136.998545
1,6808,236.687591
1,6809,44.794241
1,6810,448.619082
1,6811,181.658124
1,6812,222.564823
1,6813,214.295491
1,6814,95.247211
1,6815,576.822631
1,6816,33.489523
1,6817,230.052112
1,6818,124.231844
1,6819,297.494281
1,6820,14.941984
1,6821,317.136551
1,6822,45.739612
1,6823,376.053073
1,6824,180.688521
1,6825,39.318042
1,6826,180.875153
1,6827,245.685400
1,6828,123.438260
1,6829,69.310150
1,6830,463.948878
1,6831,41.068055
1,6832,338.648479
1,6833,290.120340
1,6834,47.148846
1,6835,237.152227
1,6836,42.322678
1,6837,161.744208
1,6838,412.351871
1,6839,41.882224
1,6840,17.715270
1,6841,310.934484
1,6842,41.530121
1,6843,159.412500
1,6844,70.281236
1,6845,44.433894
1,6846,369.501356
1,6847,332.229372
1,6848,371.969061
1,6849,278.024924
1,6850,255.627321
1,6851,379.369007
1,6852,42.902232
1,6853,540.314577
1,6854,296.558162
1,6855,49.690979
1,6856,313.502494
1,6857,292.326032
1,6858,533.141001
1,6859,73.869658
1,6860,194.326390
1,6861,100.817192
1,6862,457.311766
1,6863,403.891302
1,6864,158.482124
1,6865,216.398062
1,6866,15.791822
1,6867,228.785209
1,6868,33.880263
1,6869,71.937052
1,6870,221.691825
1,6871,104.228079
1,6872,129.859845
1,6873,2.229509
1,6874,87.950877
1,6875,23.871763
1,6876,189.881323
1,6877,2.229509
1,6878,118.598202
1,6879,32.320325
1,6880,155.051896
1,6881,64.458939
1,6882,31.334355
1,6883,220.739301
1,6884,237.472053
1,6885,453.421039
1,6886,176.697618
1,6887,258.265939
1,6888,36.979038
1,6889,429.477854
1,6890,335.643382
1,6891,116.516033
1,6892,77.463902
1,6893,220.036545
1,6894,21.247581
1,6895,355.439138
1,6896,47.211495
1,6897,456.738646
1,6898,430.609658
1,6899,39.604736
1,6900,180.643322
1,6901,354.722966
1,6902,185.980062
1,6903,231.465938
1,6904,40.739054
1,6905,178.926356
1,6906,354.644641
1,6907,116.096286
1,6908,17.514658
1,6909,298.177820
1,6910,139.179401
1,6911,267.784927
1,6912,73.223543
1,6913,42.184285
1,6914,290.822253
1,6915,313.854294
1,6916,49.933782
1,6917,361.328217
1,6918,320.756034
1,6919,39.025318
1,6920,383.179672
1,6921,266.610699
1,6922,185.452260
1,6923,268.024618
1,6924,244.716836
1,6925,251.153458
1,6926,482.140278
1,6927,43.996635
1,6928,309.753015
1,6929,118.736199
1,6930,15.930888
1,6931,269.000759
1,6932,36.424286
1,6933,141.846138
1,6934,220.405015
1,6935,210.565383
1,6936,262.890690
1,6937,195.650992
1,6938,193.177437
1,6939,219.299656
1,6940,182.018559
1,6941,96.498569
1,6942,419.368540
1,6943,45.155642
1,6944,53.492209
1,6945,451.886747
1,6946,560.287132
1,6947,235.484963
1,6948,16.607376
1,6949,259.305092
1,6950,29.513116
1,6951,435.813781
1,6952,222.100972
1,6953,415.772528
1,6954,177.458133
1,6955,274.466007
1,6956,31.436949
1,6957,108.785495
1,6958,243.524443
1,6959,11.990484
1,6960,201.311465
1,6961,40.429122
1,6962,91.686109
1,6963,222.744978
1,6964,221.257597
1,6965,105.109408
1,6966,41.066853
1,6967,217.795529
1,6968,239.359458
1,6969,13.681702
1,6970,240.554419
1,6971,299.039356
1,6972,44.471852
1,6973,301.831334
1,6974,39.452637
1,6975,463.130690
1,6976,119.713940
1,6977,435.702986
1,6978,186.166649
1,6979,238.900279
1,6980,234.032373
1,6981,205.858120
1,6982,279.549264
1,6983,41.981903
1,6984,322.261775
1,6985,39.450429
1,6986,103.071350
1,6987,69.299717
1,6988,80.718730
1,6989,247.864067
1,6990,45.855303
1,6991,267.782340
1,6992,613.951037
1,6993,10.504551
1,6994,401.070046
1,6995,38.874011
1,6996,43.214309
1,6997,277.683759
1,6998,143.089338
1,6999,14.073250
1,7000,250.008761
1,7001,357.128302
1,7002,36.352813
1,7003,252.794268
1,7004,524.286389
1,7005,588.614351
1,7006,173.038551
1,7007,16.607376
1,7008,176.355064
1,7009,34.211862
1,7010,59.617355
1,7011,173.955362
1,7012,268.700935
1,7013,109.061381
1,7014,322.994336
1,7015,85.888923
1,7016,140.897445
1,7017,165.780047
1,7018,297.366830
1,7019,45.086155
1,7020,250.411971
1,7021,400.823184
1,7022,33.519055
1,7023,227.712306
1,7024,206.879824
1,7025,393.285873
1,7026,121.093740
1,7027,235.397110
1,7028,421.668537
1,7029,35.211551
1,7030,190.456027
1,7031,260.486396
1,7032,450.297855
1,7033,57.483498
1,7034,48.472629
1,7035,176.508552
1,7036,205.012128
1,7037,38.458882
1,7038,80.517759
1,7039,508.091128
1,7040,141.746585
1,7041,14.528692
1,7042,376.367620
1,7043,676.289913
1,7044,613.740452
1,7045,385.126791
1,7046,68.306082
1,7047,200.703242
1,7048,368.615497
1,7049,150.268112
1,7050,354.962547
1,7051,118.521134
1,7052,104.288279
1,7053,433.312797
1,7054,402.794856
1,7055,299.542717
1,7056,45.691085
1,7057,307.584109
1,7058,366.599445
1,7059,323.615249
1,7060,318.050984
1,7061,406.874749
1,7062,42.023883
1,7063,330.600026
1,7064,42.285081
1,7065,342.457858
1,7066,226.271638
1,7067,293.182986
1,7068,560.979939
1,7069,39.903036
1,7070,298.246935
1,7071,268.102304
1,7072,657.632180
1,7073,340.900342
1,7074,209.000798
1,7075,339.841718
1,7076,136.515995
1,7077,325.306175
1,7078,42.844398
1,7079,411.781730
1,7080,316.267860
1,7081,34.602311
1,7082,276.591241
1,7083,39.890622
1,7084,310.231504
1,7085,39.866601
1,7086,531.540740
1,7087,367.718019
1,7088,6.999732
1,7089,225.799342
1,7090,445.275579
1,7091,1398.275882
1,7092,88.095934
1,7093,419.774734
1,7094,101.602546
1,7095,211.624291
1,7096,129.037561
1,7097,241.736369
1,7098,447.908646
1,7099,112.008315
1,7100,301.055584
1,7101,219.615533
1,7102,418.675074
1,7103,29.628457
1,7104,406.965920
1,7105,298.522333
1,7106,108.848695
1,7107,82.404552
1,7108,421.569521
1,7109,611.808642
1,7110,0.972273
1,7111,287.711010
1,7112,198.364594
1,7113,327.498364
1,7114,43.402374
1,7115,246.884823
1,7116,421.423961
1,7117,57.460118
1,7118,908.222381
1,7119,567.525718
1,7120,205.784992
1,7121,273.689429
1,7122,46.149832
1,7123,173.697875
1,7124,82.963541
1,7125,131.708503
1,7126,118.961732
1,7127,107.711144
1,7128,251.988085
1,7129,323.884205
1,7130,419.296028
1,7131,339.960667
1,7132,62.250328
1,7133,392.961495
1,7134,54.156900
1,7135,142.151468
1,7136,136.615404
1,7137,55.843145
1,7138,213.147304
1,7139,118.474223
1,7140,50.351399
1,7141,314.764209
1,7142,141.318874
1,7143,123.134834
1,7144,1131.565624
1,7145,303.256243
1,7146,205.445493
1,7147,60.326648
1,7148,709.079927
1,7149,267.839790
1,7150,299.355422
1,7151,53.594277
1,7152,538.867807
1,7153,186.534072
1,7154,135.891477
1,7155,104.718067
1,7156,249.996827
1,7157,395.062757
1,7158,237.213017
1,7159,208.886782
1,7160,356.794680
1,7161,283.728269
1,7162,129.413668
1,7163,234.451716
1,7164,234.352880
1,7165,270.247536
1,7166,267.078991
1,7167,259.597172
1,7168,54.112026
1,7169,439.233294
1,7170,47.075091
1,7171,141.859634
1,7172,253.733116
1,7173,118.999261
1,7174,232.466659
1,7175,662.067359
1,7176,21.389202
1,7177,165.175293
1,7178,172.332996
1,7179,33.755333
1,7180,263.653216
1,7181,176.360161
1,7182,245.660235
1,7183,123.106248
1,7184,645.405529
1,7185,395.761336
1,7186,45.210360
1,7187,287.764612
1,7188,286.815759
1,7189,125.171195
1,7190,22.723350
1,7191,266.732197
1,7192,189.186854
1,7193,315.516401
1,7194,248.978105
1,7195,203.943137
1,7196,304.945880
1,7197,247.742363
1,7198,22.168134
1,7199,238.033257
1,7200,213.437859
1,7201,364.797911
1,7202,189.216647
1,7203,386.945800
1,7204,203.140301
1,7205,52.724035
1,7206,225.896917
1,7207,43.181515
1,7208,169.764506
1,7209,318.460620
1,7210,424.326391
1,7211,257.865649
1,7212,131.976826
1,7213,204.936086
1,7214,26.746997
1,7215,475.922779
1,7216,52.627491
1,7217,232.257261
1,7218,250.105337
1,7219,344.522205
1,7220,303.063201
1,7221,232.288557
1,7222,299.718214
1,7223,48.675154
1,7224,129.158324
1,7225,275.392657
1,7226,52.837857
1,7227,205.094171
1,7228,260.633858
1,7229,127.659577
1,7230,329.078690
1,7231,47.782264
1,7232,334.625155
1,7233,134.869635
1,7234,140.156358
1,7235,78.022736
1,7236,173.281293
1,7237,25.221083
1,7238,318.616874
1,7239,79.149745
1,7240,120.463634
1,7241,227.580293
1,7242,57.423439
1,7243,346.934063
1,7244,122.875832
1,7245,125.962870
1,7246,263.974145
1,7247,77.404072
1,7248,480.398647
1,7249,47.777027
1,7250,234.770108
1,7251,254.358839
1,7252,130.528388
1,7253,176.014494
1,7254,293.849324
1,7255,92.969595
1,7256,143.723662
1,7257,244.597118
1,7258,144.969779
1,7259,43.614794
1,7260,78.407214
1,7261,34.403688
1,7262,153.498281
1,7263,187.191489
1,7264,105.581421
1,7265,267.194956
1,7266,203.325035
1,7267,325.053758
1,7268,425.638477
1,7269,341.724503
1,7270,299.271672
1,7271,46.079757
1,7272,97.509881
1,7273,206.215700
1,7274,264.805300
1,7275,52.774543
1,7276,277.354093
1,7277,176.790958
1,7278,284.826719
1,7279,247.152158
1,7280,105.202193
1,7281,55.030494
1,7282,127.163051
1,7283,324.830299
1,7284,318.340983
1,7285,45.967751
1,7286,345.759886
1,7287,59.759810
1,7288,407.768111
1,7289,291.904878
1,7290,50.366056
1,7291,372.062086
1,7292,61.740019
1,7293,328.130677
1,7294,128.573179
1,7295,124.952627
1,7296,21.132337
1,7297,498.693737
1,7298,45.075271
1,7299,200.836250
1,7300,227.774781
1,7301,203.554633
1,7302,105.768547
1,7303,350.951568
1,7304,43.868440
1,7305,399.001252
1,7306,117.122512
1,7307,231.895145
1,7308,280.335570
1,7309,111.548322
1,7310,109.333998
1,7311,79.961648
1,7312,359.329750
1,7313,407.423929
1,7314,55.275954
1,7315,366.824672
1,7316,51.101154
1,7317,162.427286
1,7318,331.618515
1,7319,176.552382
1,7320,79.617110
1,7321,82.491546
1,7322,98.965450
1,7323,284.260727
1,7324,18.497577
1,7325,324.500523
1,7326,125.521597
1,7327,359.524795
1,7328,39.764607
1,7329,208.142238
1,7330,49.307467
1,7331,37.449863
1,7332,182.902602
1,7333,49.429392
1,7334,150.136361
1,7335,254.200563
1,7336,13.744941
1,7337,221.648236
1,7338,307.470857
1,7339,168.036605
1,7340,40.774641
1,7341,248.175723
1,7342,255.076732
1,7343,38.230053
1,7344,257.267835
1,7345,108.329763
1,7346,149.545292
1,7347,237.814698
1,7348,101.207243
1,7349,392.479492
1,7350,331.111281
1,7351,39.046898
1,7352,79.829623
1,7353,72.021489
1,7354,389.699610
1,7355,34.463349
1,7356,406.071136
1,7357,32.781913
1,7358,265.473484
1,7359,112.709392
1,7360,617.427689
1,7361,84.481405
1,7362,340.132771
1,7363,246.768553
1,7364,140.951172
1,7365,197.871623
1,7366,221.076871
1,7367,262.252262
1,7368,338.739724
1,7369,191.635401
1,7370,257.451577
1,7371,40.551006
1,7372,254.590611
1,7373,83.972086
1,7374,279.677400
1,7375,18.891047
1,7376,242.885037
1,7377,116.203304
1,7378,52.424328
1,7379,238.099598
1,7380,50.191240
1,7381,169.575566
1,7382,142.740544
1,7383,250.471683
1,7384,46.977354
1,7385,98.900072
1,7386,46.057846
1,7387,304.700647
1,7388,79.137309
1,7389,175.034079
1,7390,440.147262
1,7391,149.156052
1,7392,46.690112
1,7393,320.815490
1,7394,355.186337
1,7395,160.664353
1,7396,235.164414
1,7397,46.339165
1,7398,254.569630
1,7399,79.129662
1,7400,100.843261
1,7401,368.778545
1,7402,47.625833
1,7403,205.975912
1,7404,306.035963
1,7405,318.569068
1,7406,58.197320
1,7407,228.505282
1,7408,46.398700
1,7409,136.807821
1,7410,143.302384
1,7411,319.504098
1,7412,782.470952
1,7413,297.576184
1,7414,291.764184
1,7415,51.634471
1,7416,222.162313
1,7417,327.255768
1,7418,556.773451
1,7419,44.013092
1,7420,207.622734
1,7421,93.459775
1,7422,41.482601
1,7423,158.486441
1,7424,40.028159
1,7425,307.034453
1,7426,117.997448
1,7427,308.436524
1,7428,72.317550
1,7429,165.195624
1,7430,239.615215
1,7431,347.395629
1,7432,252.353287
1,7433,123.795412
1,7434,65.089358
1,7435,277.438694
1,7436,250.954040
1,7437,63.160884
1,7438,286.436151
1,7439,182.011641
1,7440,53.208639
1,7441,561.863807
1,7442,179.400276
1,7443,44.117447
1,7444,431.302813
1,7445,241.173955
1,7446,461.041572
1,7447,34.808007
1,7448,355.997129
1,7449,216.404066
1,7450,306.096614
1,7451,42.880470
1,7452,127.042977
1,7453,229.713045
1,7454,463.072123
1,7455,416.188186
1,7456,315.742223
1,7457,146.337392
1,7458,198.786599
1,7459,45.026294
1,7460,230.863897
1,7461,182.547857
1,7462,287.054689
1,7463,45.049362
1,7464,216.685052
1,7465,48.210395
1,7466,281.284551
1,7467,43.442178
1,7468,165.052783
1,7469,342.800664
1,7470,47.970397
1,7471,475.278254
1,7472,108.239302
1,7473,111.672234
1,7474,293.861598
1,7475,90.891654
1,7476,278.560120
1,7477,268.461402
1,7478,217.901237
1,7479,514.987445
1,7480,198.262694
1,7481,263.116354
1,7482,49.181828
1,7483,253.907613
1,7484,212.534987
1,7485,242.169990
1,7486,47.251309
1,7487,303.320715
1,7488,131.702544
1,7489,140.812933
1,7490,204.383080
1,7491,53.242142
1,7492,252.664806
1,7493,225.736202
1,7494,21.897169
1,7495,343.801138
1,7496,225.944758
1,7497,141.383397
1,7498,113.880956
1,7499,163.974872
1,7500,237.467671
1,7501,99.763175
1,7502,21.994170
1,7503,239.616661
1,7504,44.437014
1,7505,207.472879
1,7506,38.607760
1,7507,201.368546
1,7508,39.561580
1,7509,152.192848
1,7510,292.924779
1,7511,201.385861
1,7512,44.053656
1,7513,108.318183
1,7514,42.313752
1,7515,136.654982
1,7516,70.502434
1,7517,79.369918
1,7518,94.663443
1,7519,134.117178
1,7520,273.131341
1,7521,45.405916
1,7522,246.810443
1,7523,58.911315
1,7524,370.915354
1,7525,43.072777
1,7526,307.925566
1,7527,50.202781
1,7528,476.354724
1,7529,50.177747
1,7530,164.577692
1,7531,131.472567
1,7532,752.624749
1,7533,159.790622
1,7534,44.353131
1,7535,372.511670
1,7536,75.951166
1,7537,283.301409
1,7538,125.103869
1,7539,262.977858
1,7540,298.580718
1,7541,76.833284
1,7542,89.730778
1,7543,0.687088
1,7544,365.240568
1,7545,57.945853
1,7546,212.018776
1,7547,201.860597
1,7548,210.729186
1,7549,215.188302
1,7550,190.128268
1,7551,35.445011
1,7552,104.860484
1,7553,205.650146
1,7554,42.475397
1,7555,200.379738
1,7556,151.790404
1,7557,172.531595
1,7558,224.723326
1,7559,418.015435
1,7560,105.079874
1,7561,187.674654
1,7562,210.794407
1,7563,240.171666
1,7564,190.695520
1,7565,59.180568
1,7566,145.979350
1,7567,127.923816
1,7568,72.598254
1,7569,23.584754
1,7570,266.747710
1,7571,48.315961
1,7572,131.963463
1,7573,368.715929
1,7574,23.405258
1,7575,323.950317
1,7576,145.043568
1,7577,218.937339
1,7578,70.910160
1,7579,124.913357
1,7580,63.882451
1,7581,294.576535
1,7582,119.676242
1,7583,187.512855
1,7584,294.722480
1,7585,87.955429
1,7586,47.894877
1,7587,231.009792
1,7588,86.064912
1,7589,134.814422
1,7590,113.371263
1,7591,200.771338
1,7592,148.744564
1,7593,62.032490
1,7594,181.031705
1,7595,111.239830
1,7596,174.271866
1,7597,125.654687
1,7598,91.595894
1,7599,358.989482
1,7600,43.479782
1,7601,172.308832
1,7602,42.910487
1,7603,238.735314
1,7604,126.605822
1,7605,153.430711
1,7606,41.493069
1,7607,128.610227
1,7608,133.334539
1,7609,236.801670
1,7610,43.230488
1,7611,189.974442
1,7612,63.716796
1,7613,218.865095
1,7614,188.520215
1,7615,190.751535
1,7616,89.385723
1,7617,100.532115
1,7618,36.817740
1,7619,283.043408
1,7620,57.050310
1,7621,383.230853
1,7622,245.973916
1,7623,243.830558
1,7624,89.107314
1,7625,168.127585
1,7626,78.800741
1,7627,189.374111
1,7628,231.644768
1,7629,228.403308
1,7630,280.377225
1,7631,64.324166
1,7632,48.642876
1,7633,283.901574
1,7634,529.273024
1,7635,552.641771
1,7636,406.363582
1,7637,443.626933
1,7638,302.820172
1,7639,16.517226
1,7640,320.207208
1,7641,88.043704
1,7642,311.978929
1,7643,194.024965
1,7644,310.639153
1,7645,172.065027
1,7646,95.157291
1,7647,218.089468
1,7648,50.552069
1,7649,188.698005
1,7650,371.115898
1,7651,96.671050
1,7652,389.310717
1,7653,70.939167
1,7654,252.306306
1,7655,540.898168
1,7656,312.639960
1,7657,306.486545
1,7658,213.056874
1,7659,112.853555
1,7660,148.199084
1,7661,35.583087
1,7662,143.974169
1,7663,216.357205
1,7664,410.834975
1,7665,164.472289
1,7666,409.099503
1,7667,103.870814
1,7668,76.930197
1,7669,171.063387
1,7670,190.710847
1,7671,33.948774
1,7672,218.130066
1,7673,33.339341
1,7674,79.350333
1,7675,35.755648
1,7676,135.785775
1,7677,213.320062
1,7678,260.319323
1,7679,279.416437
1,7680,233.766158
1,7681,158.546507
1,7682,61.343603
1,7683,252.406477
1,7684,214.693502
1,7685,243.548953
1,7686,32.534552
1,7687,251.610420
1,7688,6.558295
1,7689,218.973338
1,7690,152.476324
1,7691,30.296512
1,7692,137.524900
1,7693,196.871228
1,7694,181.229789
1,7695,237.188026
1,7696,253.866639
1,7697,288.355084
1,7698,296.246691
1,7699,39.058928
1,7700,98.806888
1,7701,214.668360
1,7702,91.425504
1,7703,161.190683
1,7704,91.793367
1,7705,47.947739
1,7706,253.600853
1,7707,17.991289
1,7708,271.564102
1,7709,176.671171
1,7710,149.932388
1,7711,244.019031
1,7712,357.972577
1,7713,26.368028
1,7714,163.803377
1,7715,55.304006
1,7716,207.098946
1,7717,31.557746
1,7718,200.230710
1,7719,116.716559
1,7720,251.313815
1,7721,242.978004
1,7722,64.861576
1,7723,306.784499
1,7724,342.653382
1,7725,307.546631
1,7726,338.670422
1,7727,276.866185
1,7728,60.498142
1,7729,158.451922
1,7730,49.556677
1,7731,158.619288
1,7732,229.924578
1,7733,34.701191
1,7734,91.128920
1,7735,206.040414
1,7736,85.869410
1,7737,103.042183
1,7738,31.629430
1,7739,715.101541
1,7740,48.693033
1,7741,241.967541
1,7742,99.049060
1,7743,171.220486
1,7744,34.940515
1,7745,109.861494
1,7746,207.937495
1,7747,245.898536
1,7748,33.704639
1,7749,34.258326
1,7750,181.426265
1,7751,30.293284
1,7752,302.012879
1,7753,58.919486
1,7754,147.844204
1,7755,457.831632
1,7756,32.712167
1,7757,237.459305
1,7758,29.042107
1,7759,168.791173
1,7760,168.313234
1,7761,191.181617
1,7762,232.436750
1,7763,225.560543
1,7764,172.258640
1,7765,116.373122
1,7766,312.737166
1,7767,26.278709
1,7768,93.558571
1,7769,132.224247
1,7770,153.438144
1,7771,102.018256
1,7772,58.468741
1,7773,233.568787
1,7774,140.875582
1,7775,29.448194
1,7776,115.174836
1,7777,116.693739
1,7778,160.797959
1,7779,60.155918
1,7780,22.184049
1,7781,213.673546
1,7782,98.931140
1,7783,117.296959
1,7784,150.137364
1,7785,183.508740
1,7786,125.670046
1,7787,202.173186
1,7788,51.123715
1,7789,76.064325
1,7790,24.733175
1,7791,111.365966
1,7792,22.315971
1,7793,149.929665
1,7794,18.476585
1,7795,45.199608
1,7796,169.581397
1,7797,227.291089
1,7798,230.236356
1,7799,195.981550
1,7800,97.348225
1,7801,176.677446
1,7802,39.990639
1,7803,214.064277
1,7804,89.790891
1,7805,149.977898
1,7806,142.380697
1,7807,450.164386
1,7808,191.487658
1,7809,191.252419
1,7810,337.996294
1,7811,140.709590
1,7812,407.044531
1,7813,279.871261
1,7814,219.958047
1,7815,129.828799
1,7816,22.489160
1,7817,207.657988
1,7818,25.567022
1,7819,160.172571
1,7820,274.099048
1,7821,218.484460
1,7822,22.203137
1,7823,227.689165
1,7824,217.221589
1,7825,256.219908
1,7826,208.539579
1,7827,245.184006
1,7828,54.701969
1,7829,56.580615
1,7830,92.316487
1,7831,232.283036
1,7832,170.160845
1,7833,237.163516
1,7834,166.495877
1,7835,228.262957
1,7836,164.743917
1,7837,136.139528
1,7838,366.012603
1,7839,67.119385
1,7840,228.193545
1,7841,309.664551
1,7842,260.535526
1,7843,268.843675
1,7844,217.300705
1,7845,30.219554
1,7846,123.394413
1,7847,303.126174
1,7848,87.985973
1,7849,123.155752
1,7850,345.099640
1,7851,277.402766
1,7852,229.252108
1,7853,219.994409
1,7854,75.879115
1,7855,281.859139
1,7856,192.823621
1,7857,192.516334
1,7858,33.386275
1,7859,88.527745
1,7860,173.457269
1,7861,224.849511
1,7862,217.128446
1,7863,60.890924
1,7864,287.777024
1,7865,94.102302
1,7866,360.295034
1,7867,435.769730
1,7868,343.151726
1,7869,21.998880
1,7870,3.716138
1,7871,215.611029
1,7872,45.946566
1,7873,148.528695
1,7874,148.720560
1,7875,239.900333
1,7876,106.939973
1,7877,240.482486
1,7878,214.165296
1,7879,156.624486
1,7880,15.573693
1,7881,138.051585
1,7882,177.022258
1,7883,75.571952
1,7884,119.061962
1,7885,123.086990
1,7886,97.706656
1,7887,131.351803
1,7888,162.210248
1,7889,204.432142
1,7890,143.359382
1,7891,107.116965
1,7892,121.096150
1,7893,58.172331
1,7894,191.275663
1,7895,200.507472
1,7896,27.868955
1,7897,185.613581
1,7898,25.837074
1,7899,91.698517
1,7900,1.237751
1,7901,57.130439
1,7902,242.741476
1,7903,284.929609
1,7904,154.482012
1,7905,214.327428
1,7906,145.215726
1,7907,82.178415
1,7908,199.247833
1,7909,181.310798
1,7910,98.997437
1,7911,192.943283
1,7912,166.836389
1,7913,233.311164
1,7914,167.586845
1,7915,188.231838
1,7916,55.092416
1,7917,352.658957
1,7918,44.890317
1,7919,211.101779
1,7920,27.548655
1,7921,144.364631
1,7922,86.187492
1,7923,213.922071
1,7924,25.834943
1,7925,107.660094
1,7926,662.856174
1,7927,703.111039
1,7928,291.898238
1,7929,270.208499
1,7930,6.333095
1,7931,302.036645
1,7932,290.227604
1,7933,322.352816
1,7934,237.546559
1,7935,186.807791
1,7936,22.361699
1,7937,64.252821
1,7938,349.581912
1,7939,202.060773
1,7940,331.861343
1,7941,433.956453
1,7942,498.299116
1,7943,360.456326
1,7944,325.653041
1,7945,54.884496
1,7946,319.841840
1,7947,208.737797
1,7948,569.152687
1,7949,439.190186
1,7950,345.605146
1,7951,395.542438
1,7952,55.038682
1,7953,299.080565
1,7954,280.516693
1,7955,362.492841
1,7956,470.555734
1,7957,199.183664
1,7958,185.569369
1,7959,384.449123
1,7960,15.962379
1,7961,145.153610
1,7962,316.866033
1,7963,260.846825
1,7964,265.461005
1,7965,206.533897
1,7966,255.018383
1,7967,294.236455
1,7968,85.547531
1,7969,94.461142
1,7970,407.051309
1,7971,100.304631
1,7972,312.903046
1,7973,355.652996
1,7974,50.776730
1,7975,296.147778
1,7976,44.836129
1,7977,113.852959
1,7978,133.736384
1,7979,187.847964
1,7980,247.187514
1,7981,96.833219
1,7982,282.168285
1,7983,33.313158
1,7984,222.467226
1,7985,298.896941
1,7986,41.969441
1,7987,91.174304
1,7988,443.953183
1,7989,305.904355
1,7990,32.739088
1,7991,460.029117
1,7992,297.636735
1,7993,413.961072
1,7994,32.227914
1,7995,195.194866
1,7996,54.081772
1,7997,316.997364
1,7998,141.750605
1,7999,311.187255
1,8000,227.222101
1,8001,311.707092
1,8002,239.808208
1,8003,502.928295
1,8004,298.829835
1,8005,479.789491
1,8006,313.482713
1,8007,443.526218
1,8008,36.941395
1,8009,136.409102
1,8010,102.328565
1,8011,335.609959
1,8012,443.692086
1,8013,68.353708
1,8014,184.671847
1,8015,60.862873
1,8016,136.285241
1,8017,147.966524
1,8018,160.238776
1,8019,43.796717
1,8020,241.074235
1,8021,62.239090
1,8022,221.341758
1,8023,55.225489
1,8024,83.125227
1,8025,357.791747
1,8026,230.031107
1,8027,330.980985
1,8028,355.830291
1,8029,68.310505
1,8030,139.082227
1,8031,183.111037
1,8032,296.775788
1,8033,31.400160
1,8034,375.180878
1,8035,58.565929
1,8036,66.717105
1,8037,318.483205
1,8038,99.528265
1,8039,230.134099
1,8040,287.700562
1,8041,84.277974
1,8042,176.554327
1,8043,217.678188
1,8044,13.436542
1,8045,228.184717
1,8046,55.419613
1,8047,298.936021
1,8048,421.337335
1,8049,312.043267
1,8050,339.057185
1,8051,184.778701
1,8052,224.058674
1,8053,256.665555
1,8054,221.285349
1,8055,305.353326
1,8056,253.334046
1,8057,212.908748
1,8058,95.297305
1,8059,185.457272
1,8060,261.199118
1,8061,276.371734
1,8062,75.303307
1,8063,114.459599
1,8064,253.606282
1,8065,76.917116
1,8066,478.708664
1,8067,118.454188
1,8068,236.607876
1,8069,244.940740
1,8070,147.473991
1,8071,39.243782
1,8072,284.593825
1,8073,54.137971
1,8074,244.477631
1,8075,113.963357
1,8076,210.122251
1,8077,230.124342
1,8078,22.431296
1,8079,159.260277
1,8080,325.318971
1,8081,247.693486
1,8082,243.288550
1,8083,82.556619
1,8084,195.784436
1,8085,255.856814
1,8086,324.962096
1,8087,369.159379
1,8088,8.703972
1,8089,186.785496
1,8090,276.912053
1,8091,35.463575
1,8092,203.928637
1,8093,30.660374
1,8094,79.091448
1,8095,229.944587
1,8096,53.726094
1,8097,190.634735
1,8098,63.031200
1,8099,159.698708
1,8100,159.623458
1,8101,99.231447
1,8102,93.061408
1,8103,206.420676
1,8104,97.248307
1,8105,287.982233
1,8106,78.730835
1,8107,150.923678
1,8108,389.406099
1,8109,56.988521
1,8110,368.455854
1,8111,412.346455
1,8112,160.077455
1,8113,491.322472
1,8114,71.146597
1,8115,244.056177
1,8116,293.820489
1,8117,471.859145
1,8118,239.031801
1,8119,201.993871
1,8120,206.077410
1,8121,182.782839
1,8122,245.309909
1,8123,68.290870
1,8124,540.490062
1,8125,56.048030
1,8126,39.261362
1,8127,475.322198
1,8128,408.885332
1,8129,164.536313
1,8130,294.215996
1,8131,237.001171
1,8132,613.495328
1,8133,50.893248
1,8134,269.171141
1,8135,102.779127
1,8136,270.895167
1,8137,226.286574
1,8138,161.609788
1,8139,188.920860
1,8140,230.964151
1,8141,120.332059
1,8142,308.844420
1,8143,199.419175
1,8144,413.638464
1,8145,238.001054
1,8146,426.986406
1,8147,369.420940
1,8148,262.829811
1,8149,38.246208
1,8150,265.596160
1,8151,233.618837
1,8152,314.046371
1,8153,299.452996
1,8154,33.035214
1,8155,277.100858
1,8156,289.856677
1,8157,256.235977
1,8158,365.609015
1,8159,408.092966
1,8160,198.625392
1,8161,249.328967
1,8162,292.194016
1,8163,109.366666
1,8164,290.249750
1,8165,218.000226
1,8166,143.871284
1,8167,195.813694
1,8168,15.001004
1,8169,113.087204
1,8170,235.519575
1,8171,170.759622
1,8172,171.939469
1,8173,54.432084
1,8174,3.838072
1,8175,31.423525
1,8176,138.229588
1,8177,242.161973
1,8178,189.810100
1,8179,54.410644
1,8180,131.011386
1,8181,60.796686
1,8182,188.434403
1,8183,82.453789
1,8184,125.300547
1,8185,3.449020
1,8186,121.228282
1,8187,92.162972
1,8188,171.511838
1,8189,55.635872
1,8190,119.562904
1,8191,14.693000
1,8192,231.387996
1,8193,185.829537
1,8194,165.949406
1,8195,193.115200
1,8196,61.258203
1,8197,117.367357
1,8198,72.691627
1,8199,221.971196
1,8200,270.528092
1,8201,4.189599
1,8202,201.489903
1,8203,172.241847
1,8204,40.789848
1,8205,97.237015
1,8206,36.023332
1,8207,69.526085
1,8208,12.582447
1,8209,171.115583
1,8210,34.327095
1,8211,73.985471
1,8212,192.228581
1,8213,232.254689
1,8214,56.874593
1,8215,153.968004
1,8216,67.787803
1,8217,170.476709
1,8218,40.034998
1,8219,156.792506
1,8220,57.942235
1,8221,55.366861
1,8222,164.678735
1,8223,66.539083
1,8224,197.145356
1,8225,157.792728
1,8226,50.726122
1,8227,189.748915
1,8228,211.168256
1,8229,248.075441
1,8230,259.408863
1,8231,78.672812
1,8232,81.930468
1,8233,80.699101
1,8234,226.907255
1,8235,301.131114
1,8236,184.769907
1,8237,34.138729
1,8238,184.622190
1,8239,27.645030
1,8240,169.181114
1,8241,172.307589
1,8242,105.350337
1,8243,230.708144
1,8244,33.036599
1,8245,220.736768
1,8246,1189.637831
1,8247,235.991848
1,8248,48.715829
1,8249,223.598756
1,8250,133.317572
1,8251,96.231421
1,8252,245.781225
1,8253,39.188567
1,8254,121.381662
1,8255,72.932025
1,8256,172.540128
1,8257,163.168143
1,8258,294.487530
1,8259,305.222895
1,8260,74.868276
1,8261,340.036697
1,8262,242.244833
1,8263,28.905379
1,8264,145.893179
1,8265,293.642601
1,8266,0.000000
1,8267,214.241919
1,8268,353.106515
1,8269,0.000000
1,8270,275.664463
1,8271,581.765099
1,8272,401.240903
1,8273,240.756189
1,8274,221.073537
1,8275,59.204202
1,8276,199.223589
1,8277,67.899779
1,8278,315.565947
1,8279,222.784678
1,8280,276.756368
1,8281,263.279269
1,8282,392.588939
1,8283,128.127241
1,8284,124.366383
1,8285,193.166152
1,8286,32.881917
1,8287,230.633734
1,8288,172.682605
1,8289,38.355465
1,8290,117.124164
1,8291,34.084145
1,8292,135.495918
1,8293,133.547703
1,8294,78.886064
1,8295,112.234802
1,8296,54.473962
1,8297,137.222539
1,8298,94.286556
1,8299,297.806571
1,8300,33.043483
1,8301,232.167933
1,8302,292.956980
1,8303,9.519739
1,8304,131.969428
1,8305,208.718899
1,8306,47.438999
1,8307,149.609701
1,8308,134.736738
1,8309,280.960430
1,8310,75.614800
1,8311,150.742602
1,8312,202.446832
1,8313,69.410644
1,8314,86.969207
1,8315,148.826345
1,8316,260.802961
1,8317,195.961851
1,8318,34.138378
1,8319,171.700618
1,8320,46.624767
1,8321,127.416136
1,8322,232.670173
1,8323,35.952203
1,8324,182.768319
1,8325,29.147698
1,8326,98.904143
1,8327,37.998794
1,8328,294.131616
1,8329,29.817471
1,8330,65.162147
1,8331,224.490969
1,8332,251.951330
1,8333,264.894825
1,8334,134.150485
1,8335,45.773245
1,8336,185.056415
1,8337,128.526194
1,8338,397.097853
1,8339,391.183268
1,8340,417.985109
1,8341,473.517437
1,8342,464.466206
1,8343,44.151933
1,8344,341.049177
1,8345,46.035017
1,8346,613.755943
1,8347,46.798578
1,8348,447.452014
1,8349,132.406157
1,8350,404.327017
1,8351,49.052606
1,8352,242.994194
1,8353,249.914501
1,8354,80.925320
1,8355,683.373684
1,8356,759.884845
1,8357,705.949960
1,8358,23.679034
1,8359,351.345393
1,8360,248.965754
1,8361,519.747803
1,8362,50.541627
1,8363,216.945257
1,8364,207.740381
1,8365,121.132508
1,8366,55.016406
1,8367,541.094231
1,8368,514.735696
1,8369,339.284700
1,8370,54.732274
1,8371,464.571103
1,8372,53.774639
1,8373,422.124110
1,8374,476.705728
1,8375,246.142397
1,8376,464.717033
1,8377,122.007191
1,8378,361.708101
1,8379,268.671829
1,8380,121.328335
1,8381,662.277218
1,8382,560.788714
1,8383,517.502964
1,8384,464.668531
1,8385,215.973736
1,8386,331.496114
1,8387,308.592803
1,8388,233.294883
1,8389,171.803718
1,8390,272.262106
1,8391,209.598239
1,8392,263.816479
1,8393,311.448493
1,8394,259.763635
1,8395,139.982135
1,8396,278.701508
1,8397,200.558752
1,8398,375.176230
1,8399,362.310537
1,8400,252.718369
1,8401,193.213592
1,8402,29.741108
1,8403,139.449013
1,8404,87.827250
1,8405,228.512072
1,8406,37.415237
1,8407,378.353290
1,8408,81.198115
1,8409,53.674408
1,8410,54.735123
1,8411,251.461358
1,8412,43.608045
1,8413,18.252611
1,8414,109.019967
1,8415,308.070800
1,8416,788.679121
1,8417,448.219745
1,8418,42.439163
1,8419,418.020852
1,8420,46.886571
1,8421,131.131751
1,8422,107.635877
1,8423,338.974978
1,8424,119.323118
1,8425,384.410085
1,8426,151.958467
1,8427,231.270437
1,8428,337.815905
1,8429,332.954583
1,8430,460.952702
1,8431,157.663572
1,8432,215.710289
1,8433,261.523095
1,8434,603.051259
1,8435,807.107978
1,8436,126.706973
1,8437,299.082986
1,8438,389.358338
1,8439,260.359191
1,8440,203.376150
1,8441,123.741728
1,8442,415.130529
1,8443,23.072267
1,8444,407.005804
1,8445,291.313483
1,8446,366.108548
1,8447,201.781510
1,8448,335.283543
1,8449,215.817634
1,8450,270.959624
1,8451,255.939126
1,8452,273.488217
1,8453,157.539537
1,8454,292.696826
1,8455,385.134971
1,8456,144.670062
1,8457,330.563682
1,8458,429.001875
1,8459,535.331531
1,8460,401.312043
1,8461,221.223736
1,8462,220.634265
1,8463,52.483843
1,8464,188.484604
1,8465,473.941398
1,8466,40.373238
1,8467,431.937339
1,8468,35.417685
1,8469,315.518146
1,8470,127.875837
1,8471,252.158692
1,8472,42.593062
1,8473,117.622416
1,8474,356.354572
1,8475,923.838975
1,8476,285.468330
1,8477,308.820722
1,8478,156.515399
1,8479,540.683213
1,8480,53.801599
1,8481,610.810418
1,8482,597.869383
1,8483,186.198002
1,8484,176.032324
1,8485,322.778355
1,8486,289.876416
1,8487,326.717110
1,8488,51.647703
1,8489,337.751068
1,8490,437.724224
1,8491,173.603522
1,8492,103.300603
1,8493,270.664879
1,8494,24.320476
1,8495,582.860099
1,8496,515.372453
1,8497,47.944765
1,8498,538.025587
1,8499,369.859801
1,8500,462.401941
1,8501,50.016998
1,8502,227.423802
1,8503,267.756371
1,8504,342.632486
1,8505,388.093105
1,8506,309.931721
1,8507,246.999798
1,8508,470.581629
1,8509,47.291767
1,8510,438.109040
1,8511,308.999236
1,8512,127.186978
1,8513,515.247223
1,8514,348.150365
1,8515,182.233546
1,8516,411.933347
1,8517,277.800492
1,8518,343.648866
1,8519,48.885843
1,8520,475.363659
1,8521,315.861379
1,8522,324.754876
1,8523,606.366254
1,8524,256.171037
1,8525,258.400327
1,8526,637.982810
1,8527,18.473819
1,8528,266.684282
1,8529,505.414888
1,8530,157.800995
1,8531,253.051392
1,8532,348.630389
1,8533,270.034963
1,8534,329.995064
1,8535,109.715419
1,8536,209.206901
1,8537,582.507634
1,8538,542.775809
1,8539,431.958095
1,8540,278.107838
1,8541,382.756253
1,8542,210.223706
1,8543,422.655545
1,8544,529.229355
1,8545,177.264101
1,8546,325.137278
1,8547,383.349824
1,8548,42.534056
1,8549,390.411543
1,8550,176.672902
1,8551,200.344656
1,8552,358.456082
1,8553,487.069168
1,8554,73.318026
1,8555,430.143198
1,8556,185.319383
1,8557,283.112670
1,8558,216.459152
1,8559,53.720590
1,8560,306.820522
1,8561,93.679307
1,8562,418.897167
1,8563,38.765952
1,8564,296.209166
1,8565,387.529721
1,8566,128.131349
1,8567,311.369658
1,8568,324.578941
1,8569,40.924909
1,8570,376.588052
1,8571,212.356621
1,8572,308.857982
1,8573,397.375602
1,8574,283.737696
1,8575,107.391711
1,8576,257.486648
1,8577,205.131928
1,8578,108.893546
1,8579,639.995998
1,8580,97.110822
1,8581,378.787271
1,8582,76.385531
1,8583,388.671600
1,8584,21.402496
1,8585,246.025334
1,8586,173.153241
1,8587,52.832734
1,8588,197.309381
1,8589,45.009456
1,8590,215.455335
1,8591,224.407343
1,8592,130.113853
1,8593,169.371539
1,8594,288.537051
1,8595,202.556778
1,8596,210.036389
1,8597,480.781107
1,8598,397.340075
1,8599,356.502854
1,8600,297.499795
1,8601,228.465737
1,8602,350.351056
1,8603,154.477107
1,8604,123.265247
1,8605,296.944750
1,8606,173.692326
1,8607,328.877206
1,8608,221.074366
1,8609,488.202899
1,8610,180.085214
1,8611,267.265022
1,8612,387.878142
1,8613,186.288324
1,8614,109.154795
1,8615,562.147189
1,8616,47.985033
1,8617,430.477509
1,8618,154.661061
1,8619,530.588686
1,8620,212.014679
1,8621,258.941156
1,8622,329.505409
1,8623,78.119470
1,8624,187.369620
1,8625,200.361976
1,8626,348.852755
1,8627,181.240888
1,8628,480.937157
1,8629,107.026097
1,8630,435.527911
1,8631,193.422862
1,8632,212.453991
1,8633,328.581533
1,8634,121.639538
1,8635,339.847938
1,8636,146.008985
1,8637,249.747446
1,8638,361.353395
1,8639,257.081979
1,8640,401.848542
1,8641,151.899824
1,8642,42.509165
1,8643,350.651374
1,8644,59.335438
1,8645,104.632462
1,8646,444.489068
1,8647,147.142125
1,8648,452.338279
1,8649,182.347835
1,8650,126.529704
1,8651,175.363422
1,8652,269.135283
1,8653,28.770633
1,8654,3.151917
1,8655,719.260529
1,8656,511.373297
1,8657,103.343840
1,8658,317.663270
1,8659,38.828068
1,8660,421.979560
1,8661,354.187435
1,8662,39.111245
1,8663,210.392152
1,8664,45.847654
1,8665,313.471326
1,8666,395.060075
1,8667,42.666226
1,8668,293.941330
1,8669,137.141937
1,8670,236.279449
1,8671,46.938230
1,8672,291.593870
1,8673,441.861620
1,8674,444.203051
1,8675,121.350421
1,8676,427.728061
1,8677,549.057402
1,8678,173.160791
1,8679,16.715219
1,8680,173.211085
1,8681,329.609404
1,8682,411.934444
1,8683,28.007436
1,8684,251.698814
1,8685,348.034783
1,8686,196.166658
1,8687,83.669064
1,8688,398.771275
1,8689,30.853800
1,8690,218.675589
1,8691,326.712006
1,8692,40.498545
1,8693,302.187591
1,8694,44.794241
1,8695,568.119082
1,8696,78.658124
1,8697,222.564823
1,8698,109.295491
1,8699,189.247211
1,8700,292.322631
1,8701,33.489523
1,8702,198.052112
1,8703,51.731844
1,8704,440.994281
1,8705,67.941984
1,8706,439.636551
1,8707,45.739612
1,8708,343.553073
1,8709,74.688521
1,8710,39.318042
1,8711,221.875153
1,8712,135.185400
1,8713,123.438260
1,8714,69.310150
1,8715,472.948878
1,8716,41.068055
1,8717,402.648479
1,8718,315.620340
1,8719,47.148846
1,8720,274.152227
1,8721,42.322678
1,8722,60.744208
1,8723,585.851871
1,8724,41.882224
1,8725,17.715270
1,8726,494.434484
1,8727,113.530121
1,8728,272.412500
1,8729,70.281236
1,8730,44.433894
1,8731,259.001356
1,8732,287.729372
1,8733,302.469061
1,8734,275.524924
1,8735,226.127321
1,8736,338.869007
1,8737,136.902232
1,8738,391.314577
1,8739,181.558162
1,8740,225.690979
1,8741,243.002494
1,8742,194.826032
1,8743,366.141001
1,8744,73.869658
1,8745,127.326390
1,8746,307.817192
1,8747,195.811766
1,8748,165.891302
1,8749,166.482124
1,8750,146.398062
1,8751,147.791822
1,8752,243.285209
1,8753,33.880263
1,8754,71.937052
1,8755,224.691825
1,8756,151.853079
1,8757,129.859845
1,8758,2.229509
1,8759,87.950877
1,8760,23.871763
1,8761,189.881323
1,8762,2.229509
1,8763,118.598202
1,8764,32.320325
1,8765,373.051896
1,8766,153.458939
1,8767,31.334355
1,8768,239.239301
1,8769,218.972053
1,8770,151.921039
1,8771,80.697618
1,8772,247.265939
1,8773,36.979038
1,8774,188.977854
1,8775,232.643382
1,8776,187.516033
1,8777,77.463902
1,8778,135.536545
1,8779,21.247581
1,8780,364.939138
1,8781,400.211495
1,8782,437.738646
1,8783,245.109658
1,8784,39.604736
1,8785,180.643322
1,8786,186.222966
1,8787,48.980062
1,8788,148.465938
1,8789,128.739054
1,8790,58.426356
1,8791,337.644641
1,8792,42.096286
1,8793,138.514658
1,8794,481.177820
1,8795,42.679401
1,8796,331.284927
1,8797,73.223543
1,8798,42.184285
1,8799,419.322253
1,8800,172.854294
1,8801,150.933782
1,8802,422.828217
1,8803,239.256034
1,8804,130.025318
1,8805,181.679672
1,8806,445.110699
1,8807,185.452260
1,8808,167.524618
1,8809,332.716836
1,8810,133.653458
1,8811,423.140278
1,8812,43.996635
1,8813,302.253015
1,8814,39.736199
1,8815,15.930888
1,8816,407.000759
1,8817,138.424286
1,8818,361.846138
1,8819,438.405015
1,8820,108.565383
1,8821,180.890690
1,8822,158.150992
1,8823,169.677437
1,8824,170.299656
1,8825,141.518559
1,8826,137.123569
1,8827,563.868540
1,8828,132.280642
1,8829,139.117209
1,8830,369.136747
1,8831,669.287132
1,8832,170.984963
1,8833,16.607376
1,8834,170.805092
1,8835,29.513116
1,8836,460.813781
1,8837,242.600972
1,8838,393.272528
1,8839,95.958133
1,8840,187.966007
1,8841,31.436949
1,8842,249.785495
1,8843,158.024443
1,8844,11.990484
1,8845,777.311465
1,8846,132.429122
1,8847,375.686109
1,8848,375.744978
1,8849,441.257597
1,8850,105.109408
1,8851,41.066853
1,8852,217.795529
1,8853,128.359458
1,8854,13.681702
1,8855,366.054419
1,8856,221.539356
1,8857,311.471852
1,8858,191.831334
1,8859,228.452637
1,8860,246.630690
1,8861,274.713940
1,8862,215.202986
1,8863,94.666649
1,8864,335.400279
1,8865,179.532373
1,8866,92.858120
1,8867,135.549264
1,8868,160.981903
1,8869,233.761775
1,8870,197.450429
1,8871,103.071350
1,8872,69.299717
1,8873,639.718730
1,8874,247.864067
1,8875,390.855303
1,8876,166.782340
1,8877,246.951037
1,8878,10.504551
1,8879,245.570046
1,8880,38.874011
1,8881,162.214309
1,8882,210.183759
1,8883,38.589338
1,8884,166.073250
1,8885,297.008761
1,8886,259.628302
1,8887,113.352813
1,8888,291.794268
1,8889,261.286389
1,8890,389.114351
1,8891,173.038551
1,8892,16.607376
1,8893,284.355064
1,8894,34.211862
1,8895,59.617355
1,8896,357.955362
1,8897,157.700935
1,8898,148.061381
1,8899,219.494336
1,8900,85.888923
1,8901,39.897445
1,8902,102.280047
1,8903,328.866830
1,8904,119.086155
1,8905,144.411971
1,8906,214.823184
1,8907,33.519055
1,8908,178.712306
1,8909,214.879824
1,8910,427.285873
1,8911,39.593740
1,8912,251.897110
1,8913,196.168537
1,8914,35.211551
1,8915,45.456027
1,8916,194.486396
1,8917,247.297855
1,8918,57.483498
1,8919,250.472629
1,8920,99.508552
1,8921,127.512128
1,8922,183.458882
1,8923,155.517759
1,8924,436.091128
1,8925,38.746585
1,8926,175.528692
1,8927,273.367620
1,8928,247.289913
1,8929,275.740452
1,8930,243.126791
1,8931,289.306082
1,8932,286.703242
1,8933,224.615497
1,8934,124.768112
1,8935,247.962547
1,8936,37.521134
1,8937,104.288279
1,8938,232.812797
1,8939,92.794856
1,8940,185.042717
1,8941,45.691085
1,8942,540.084109
1,8943,161.599445
1,8944,540.115249
1,8945,183.550984
1,8946,571.374749
1,8947,444.023883
1,8948,444.100026
1,8949,305.285081
1,8950,298.957858
1,8951,419.771638
1,8952,366.682986
1,8953,395.979939
1,8954,253.903036
1,8955,190.246935
1,8956,611.102304
1,8957,260.632180
1,8958,696.900342
1,8959,248.500798
1,8960,193.841718
1,8961,175.015995
1,8962,197.306175
1,8963,387.844398
1,8964,241.281730
1,8965,384.267860
1,8966,120.602311
1,8967,210.091241
1,8968,318.890622
1,8969,337.731504
1,8970,355.866601
1,8971,255.540740
1,8972,166.218019
1,8973,6.999732
1,8974,250.299342
1,8975,277.275579
1,8976,187.775882
1,8977,153.095934
1,8978,170.274734
1,8979,230.102546
1,8980,281.124291
1,8981,171.537561
1,8982,231.736369
1,8983,303.408646
1,8984,138.008315
1,8985,540.055584
1,8986,236.990533
1,8987,360.300074
1,8988,29.628457
1,8989,297.965920
1,8990,287.397333
1,8991,49.973695
1,8992,100.779552
1,8993,494.569521
1,8994,284.808642
1,8995,0.972273
1,8996,158.711010
1,8997,117.864594
1,8998,177.998364
1,8999,43.402374
1,9000,568.384823
1,9001,645.923961
1,9002,57.460118
1,9003,536.222381
1,9004,393.525718
1,9005,197.784992
1,9006,416.689429
1,9007,46.149832
1,9008,372.697875
1,9009,190.963541
1,9010,47.708503
1,9011,203.961732
1,9012,107.711144
1,9013,265.988085
1,9014,655.884205
1,9015,457.796028
1,9016,351.960667
1,9017,62.250328
1,9018,487.961495
1,9019,54.156900
1,9020,263.151468
1,9021,47.615404
1,9022,55.843145
1,9023,144.147304
1,9024,118.474223
1,9025,50.351399
1,9026,390.764209
1,9027,61.318874
1,9028,386.134834
1,9029,1065.565624
1,9030,636.256243
1,9031,228.945493
1,9032,60.326648
1,9033,572.579927
1,9034,167.839790
1,9035,199.855422
1,9036,53.594277
1,9037,247.867807
1,9038,287.534072
1,9039,222.891477
1,9040,221.718067
1,9041,486.996827
1,9042,423.562757
1,9043,224.213017
1,9044,108.386782
1,9045,211.794680
1,9046,460.728269
1,9047,43.913668
1,9048,222.451716
1,9049,259.852880
1,9050,262.247536
1,9051,275.078991
1,9052,144.097172
1,9053,54.112026
1,9054,464.733294
1,9055,47.075091
1,9056,57.359634
1,9057,137.733116
1,9058,49.499261
1,9059,279.966659
1,9060,319.567359
1,9061,21.389202
1,9062,89.175293
1,9063,111.332996
1,9064,33.755333
1,9065,126.653216
1,9066,72.860161
1,9067,138.660235
1,9068,44.106248
1,9069,405.905529
1,9070,100.261336
1,9071,148.210360
1,9072,449.764612
1,9073,233.815759
1,9074,43.671195
1,9075,81.723350
1,9076,167.232197
1,9077,121.686854
1,9078,361.516401
1,9079,209.978105
1,9080,200.943137
1,9081,329.445880
1,9082,243.742363
1,9083,22.168134
1,9084,223.533257
1,9085,136.437859
1,9086,392.797911
1,9087,93.216647
1,9088,546.945800
1,9089,276.640301
1,9090,52.724035
1,9091,93.896917
1,9092,116.181515
1,9093,257.764506
1,9094,382.460620
1,9095,498.326391
1,9096,414.865649
1,9097,46.476826
1,9098,278.936086
1,9099,26.746997
1,9100,450.422779
1,9101,52.627491
1,9102,147.757261
1,9103,137.105337
1,9104,160.022205
1,9105,95.563201
1,9106,168.288557
1,9107,434.218214
1,9108,48.675154
1,9109,23.658324
1,9110,327.892657
1,9111,52.837857
1,9112,137.094171
1,9113,289.133858
1,9114,45.659577
1,9115,400.578690
1,9116,47.782264
1,9117,272.125155
1,9118,134.869635
1,9119,140.156358
1,9120,78.022736
1,9121,259.281293
1,9122,25.221083
1,9123,547.116874
1,9124,79.149745
1,9125,222.463634
1,9126,235.580293
1,9127,57.423439
1,9128,643.434063
1,9129,91.375832
1,9130,465.962870
1,9131,312.974145
1,9132,77.404072
1,9133,537.398647
1,9134,47.777027
1,9135,215.770108
1,9136,178.858839
1,9137,60.028388
1,9138,87.014494
1,9139,191.849324
1,9140,92.969595
1,9141,43.723662
1,9142,152.097118
1,9143,144.969779
1,9144,43.614794
1,9145,187.407214
1,9146,34.403688
1,9147,309.498281
1,9148,431.191489
1,9149,360.581421
1,9150,1006.194956
1,9151,98.825035
1,9152,623.053758
1,9153,483.638477
1,9154,463.224503
1,9155,317.771672
1,9156,126.079757
1,9157,225.509881
1,9158,285.215700
1,9159,262.805300
1,9160,52.774543
1,9161,283.354093
1,9162,203.290958
1,9163,203.826719
1,9164,277.652158
1,9165,167.202193
1,9166,151.030494
1,9167,54.163051
1,9168,489.830299
1,9169,307.840983
1,9170,45.967751
1,9171,393.259886
1,9172,59.759810
1,9173,431.268111
1,9174,427.904878
1,9175,50.366056
1,9176,202.562086
1,9177,61.740019
1,9178,303.630677
1,9179,208.573179
1,9180,277.952627
1,9181,21.132337
1,9182,494.693737
1,9183,45.075271
1,9184,237.836250
1,9185,120.774781
1,9186,194.554633
1,9187,209.768547
1,9188,414.951568
1,9189,43.868440
1,9190,297.001252
1,9191,117.122512
1,9192,231.895145
1,9193,144.335570
1,9194,304.548322
1,9195,289.333998
1,9196,79.961648
1,9197,328.329750
1,9198,535.423929
1,9199,55.275954
1,9200,383.324672
1,9201,51.101154
1,9202,69.427286
1,9203,395.118515
1,9204,82.052382
1,9205,79.617110
1,9206,187.491546
1,9207,154.965450
1,9208,218.760727
1,9209,101.497577
1,9210,227.000523
1,9211,54.021597
1,9212,384.524795
1,9213,39.764607
1,9214,321.142238
1,9215,49.307467
1,9216,142.449863
1,9217,80.402602
1,9218,49.429392
1,9219,130.136361
1,9220,258.200563
1,9221,13.744941
1,9222,160.148236
1,9223,233.970857
1,9224,92.036605
1,9225,40.774641
1,9226,155.675723
1,9227,328.576732
1,9228,38.230053
1,9229,286.267835
1,9230,12.829763
1,9231,273.545292
1,9232,39.314698
1,9233,101.207243
1,9234,416.479492
1,9235,319.111281
1,9236,39.046898
1,9237,79.829623
1,9238,72.021489
1,9239,182.199610
1,9240,34.463349
1,9241,430.571136
1,9242,32.781913
1,9243,342.973484
1,9244,37.709392
1,9245,250.927689
1,9246,84.481405
1,9247,169.132771
1,9248,287.268553
1,9249,28.951172
1,9250,96.871623
1,9251,456.076871
1,9252,239.252262
1,9253,405.739724
1,9254,88.635401
1,9255,157.451577
1,9256,40.551006
1,9257,374.090611
1,9258,216.972086
1,9259,192.177400
1,9260,18.891047
1,9261,324.885037
1,9262,41.703304
1,9263,52.424328
1,9264,134.599598
1,9265,50.191240
1,9266,53.575566
1,9267,152.740544
1,9268,236.471683
1,9269,46.977354
1,9270,279.900072
1,9271,46.057846
1,9272,308.700647
1,9273,79.137309
1,9274,146.034079
1,9275,362.647262
1,9276,62.656052
1,9277,46.690112
1,9278,324.315490
1,9279,394.686337
1,9280,173.664353
1,9281,321.164414
1,9282,46.339165
1,9283,268.069630
1,9284,79.129662
1,9285,100.843261
1,9286,358.278545
1,9287,47.625833
1,9288,455.975912
1,9289,493.035963
1,9290,199.569068
1,9291,58.197320
1,9292,143.005282
1,9293,46.398700
1,9294,250.807821
1,9295,114.302384
1,9296,417.504098
1,9297,449.470952
1,9298,66.076184
1,9299,448.264184
1,9300,51.634471
1,9301,300.662313
1,9302,215.755768
1,9303,233.773451
1,9304,44.013092
1,9305,134.122734
1,9306,93.459775
1,9307,41.482601
1,9308,429.486441
1,9309,96.028159
1,9310,410.034453
1,9311,210.497448
1,9312,528.436524
1,9313,167.317550
1,9314,59.195624
1,9315,348.615215
1,9316,748.895629
1,9317,553.853287
1,9318,44.295412
1,9319,160.089358
1,9320,417.938694
1,9321,150.954040
1,9322,63.160884
1,9323,325.436151
1,9324,107.511641
1,9325,53.208639
1,9326,572.863807
1,9327,73.900276
1,9328,44.117447
1,9329,534.302813
1,9330,250.673955
1,9331,376.541572
1,9332,34.808007
1,9333,192.497129
1,9334,189.904066
1,9335,264.596614
1,9336,42.880470
1,9337,221.042977
1,9338,150.713045
1,9339,176.572123
1,9340,186.688186
1,9341,167.742223
1,9342,29.837392
1,9343,196.786599
1,9344,45.026294
1,9345,262.863897
1,9346,94.047857
1,9347,324.554689
1,9348,45.049362
1,9349,371.185052
1,9350,117.210395
1,9351,307.784551
1,9352,43.442178
1,9353,364.052783
1,9354,286.800664
1,9355,47.970397
1,9356,638.778254
1,9357,108.239302
1,9358,111.672234
1,9359,622.361598
1,9360,20.391654
1,9361,442.560120
1,9362,274.461402
1,9363,245.401237
1,9364,489.987445
1,9365,99.762694
1,9366,314.116354
1,9367,139.181828
1,9368,406.907613
1,9369,131.534987
1,9370,343.169990
1,9371,47.251309
1,9372,266.820715
1,9373,290.702544
1,9374,282.812933
1,9375,185.383080
1,9376,53.242142
1,9377,158.664806
1,9378,127.736202
1,9379,21.897169
1,9380,281.801138
1,9381,178.444758
1,9382,368.383397
1,9383,171.880956
1,9384,461.974872
1,9385,393.467671
1,9386,99.763175
1,9387,21.994170
1,9388,553.616661
1,9389,158.437014
1,9390,942.472879
1,9391,38.607760
1,9392,428.368546
1,9393,39.561580
1,9394,47.192848
1,9395,329.424779
1,9396,333.385861
1,9397,44.053656
1,9398,273.318183
1,9399,42.313752
1,9400,283.654982
1,9401,151.502434
1,9402,79.369918
1,9403,94.663443
1,9404,134.117178
1,9405,273.631341
1,9406,45.405916
1,9407,295.310443
1,9408,58.911315
1,9409,399.415354
1,9410,43.072777
1,9411,364.425566
1,9412,50.202781
1,9413,393.854724
1,9414,50.177747
1,9415,305.577692
1,9416,205.472567
1,9417,430.124749
1,9418,75.790622
1,9419,137.353131
1,9420,403.511670
1,9421,75.951166
1,9422,290.801409
1,9423,195.103869
1,9424,141.977858
