subtaskID,datapointID,answer
1,0,379.731409
1,1,93.320623
1,2,199.507070
1,3,1.053069
1,4,508.989346
1,5,82.166790
1,6,330.507433
1,7,346.377131
1,8,293.711022
1,9,353.633667
1,10,292.350306
1,11,7.035816
1,12,151.453179
1,13,254.339962
1,14,84.547470
1,15,236.303322
1,16,225.390155
1,17,229.787837
1,18,333.869524
1,19,571.244504
1,20,108.117492
1,21,232.383045
1,22,354.837564
1,23,282.634959
1,24,276.154456
1,25,83.705187
1,26,192.590674
1,27,212.989371
1,28,103.429347
1,29,8.990927
1,30,359.593771
1,31,86.572198
1,32,206.863423
1,33,539.425547
1,34,8.928702
1,35,359.675166
1,36,154.104094
1,37,326.860835
1,38,101.488667
1,39,250.887615
1,40,83.880215
1,41,387.164370
1,42,201.034030
1,43,312.961699
1,44,439.278331
1,45,103.418979
1,46,17.418436
1,47,362.114144
1,48,113.180817
1,49,179.981417
1,50,165.263577
1,51,284.625688
1,52,250.754426
1,53,84.234393
1,54,251.954035
1,55,110.448393
1,56,270.364338
1,57,251.144609
1,58,102.694854
1,59,484.907394
1,60,84.895656
1,61,221.497511
1,62,84.698301
1,63,329.192640
1,64,204.584935
1,65,252.953282
1,66,84.206929
1,67,167.331086
1,68,214.543719
1,69,355.209789
1,70,84.809235
1,71,363.151589
1,72,83.133597
1,73,332.524697
1,74,362.264573
1,75,328.679849
1,76,154.559846
1,77,89.058552
1,78,6.255029
1,79,338.194400
1,80,82.430660
1,81,485.268514
1,82,337.712750
1,83,312.177300
1,84,118.447168
1,85,288.606125
1,86,150.890385
1,87,208.654720
1,88,296.762334
1,89,294.626425
1,90,373.969533
1,91,89.895988
1,92,86.685529
1,93,413.276140
1,94,661.579834
1,95,701.598980
1,96,536.347893
1,97,550.850485
1,98,418.715184
1,99,75.548637
1,100,459.178170
1,101,122.580561
1,102,492.247273
1,103,328.847110
1,104,411.482139
1,105,213.934216
1,106,162.821502
1,107,332.523867
1,108,95.738260
1,109,250.298616
1,110,521.691623
1,111,125.765013
1,112,461.379630
1,113,107.840405
1,114,259.016287
1,115,602.864591
1,116,513.746289
1,117,447.813626
1,118,265.664768
1,119,136.022289
1,120,188.993652
1,121,82.158135
1,122,255.302090
1,123,350.997812
1,124,434.402015
1,125,238.761626
1,126,522.783767
1,127,116.727082
1,128,150.241930
1,129,242.353418
1,130,315.002130
1,131,81.591573
1,132,305.612403
1,133,81.380304
1,134,144.753809
1,135,82.217956
1,136,246.759794
1,137,361.136987
1,138,409.855746
1,139,435.686420
1,140,365.142454
1,141,184.536964
1,142,144.838577
1,143,333.401973
1,144,427.687340
1,145,458.873403
1,146,81.101310
1,147,399.135546
1,148,3.088421
1,149,332.142226
1,150,285.882405
1,151,80.325456
1,152,201.854282
1,153,395.617974
1,154,310.993707
1,155,397.646120
1,156,401.293025
1,157,438.211587
1,158,485.106919
1,159,83.363094
1,160,169.072905
1,161,426.070513
1,162,200.594730
1,163,293.182714
1,164,208.128880
1,165,140.194678
1,166,446.422730
1,167,76.059645
1,168,379.516680
1,169,306.168947
1,170,306.290834
1,171,444.529223
1,172,497.244156
1,173,78.963582
1,174,271.252486
1,175,142.744850
1,176,382.904414
1,177,80.762684
1,178,351.923584
1,179,167.895829
1,180,396.686858
1,181,277.386162
1,182,89.887907
1,183,469.793344
1,184,409.958706
1,185,471.250359
1,186,515.424132
1,187,426.647185
1,188,81.328606
1,189,288.566560
1,190,80.062598
1,191,287.322775
1,192,398.576450
1,193,81.852412
1,194,199.991759
1,195,341.954292
1,196,145.597086
1,197,198.062607
1,198,80.787534
1,199,459.450487
1,200,79.495182
1,201,388.976733
1,202,158.550719
1,203,293.529033
1,204,81.935377
1,205,198.091044
1,206,397.807880
1,207,398.217678
1,208,81.506940
1,209,4.587765
1,210,359.077858
1,211,80.324337
1,212,327.054479
1,213,99.510341
1,214,217.336062
1,215,532.652200
1,216,81.162883
1,217,427.692080
1,218,79.890596
1,219,324.819184
1,220,240.442025
1,221,252.015941
1,222,316.105710
1,223,337.844545
1,224,212.590577
1,225,251.718947
1,226,426.994677
1,227,78.932618
1,228,200.834038
1,229,241.236833
1,230,287.977101
1,231,195.257190
1,232,99.499312
1,233,371.880514
1,234,284.004963
1,235,80.031373
1,236,240.265571
1,237,197.970811
1,238,323.809469
1,239,144.426847
1,240,77.513136
1,241,362.853612
1,242,194.416720
1,243,199.749751
1,244,263.042816
1,245,311.523780
1,246,277.546771
1,247,391.980749
1,248,141.295683
1,249,194.769366
1,250,78.396833
1,251,197.004483
1,252,77.558868
1,253,244.129998
1,254,76.227881
1,255,77.480072
1,256,321.953482
1,257,314.828254
1,258,393.257785
1,259,331.986168
1,260,192.489595
1,261,357.431601
1,262,76.172046
1,263,292.149662
1,264,140.849113
1,265,199.887041
1,266,319.186083
1,267,485.661763
1,268,296.281055
1,269,356.281541
1,270,504.811721
1,271,246.782028
1,272,525.492929
1,273,430.064532
1,274,362.245255
1,275,281.821812
1,276,77.618907
1,277,384.081610
1,278,78.685900
1,279,300.196494
1,280,423.522443
1,281,376.194144
1,282,77.519753
1,283,432.574929
1,284,375.078612
1,285,318.416912
1,286,312.341608
1,287,419.640710
1,288,142.536144
1,289,79.893953
1,290,99.472506
1,291,304.699413
1,292,247.649433
1,293,354.585569
1,294,301.390653
1,295,425.632149
1,296,287.120149
1,297,184.677425
1,298,509.889628
1,299,91.574182
1,300,314.279575
1,301,448.823610
1,302,423.579179
1,303,402.995232
1,304,427.365943
1,305,80.298777
1,306,285.650308
1,307,504.146389
1,308,166.919177
1,309,285.567572
1,310,504.708007
1,311,448.836236
1,312,404.584332
1,313,365.326510
1,314,157.784334
1,315,451.591298
1,316,337.043954
1,317,419.807814
1,318,81.396574
1,319,199.090018
1,320,320.981448
1,321,416.315421
1,322,361.833882
1,323,104.260195
1,324,431.692204
1,325,114.057416
1,326,452.842278
1,327,472.841059
1,328,440.629080
1,329,77.448944
1,330,2.103140
1,331,329.214035
1,332,92.495752
1,333,322.420057
1,334,238.667699
1,335,371.835031
1,336,209.593864
1,337,432.944492
1,338,340.687388
1,339,226.868421
1,340,75.221546
1,341,223.286635
1,342,358.087173
1,343,142.180454
1,344,241.574820
1,345,285.543735
1,346,194.758000
1,347,152.988350
1,348,361.806477
1,349,483.192782
1,350,285.593494
1,351,214.893355
1,352,171.551799
1,353,143.739203
1,354,291.331094
1,355,322.616436
1,356,79.483903
1,357,326.643945
1,358,78.779518
1,359,200.189219
1,360,1.243966
1,361,143.378014
1,362,321.199253
1,363,397.863766
1,364,297.871887
1,365,380.234162
1,366,272.609920
1,367,143.436908
1,368,320.686332
1,369,368.374600
1,370,208.883538
1,371,291.094655
1,372,304.163689
1,373,415.305288
1,374,271.257124
1,375,285.908480
1,376,97.844754
1,377,542.553893
1,378,30.340333
1,379,325.116513
1,380,79.372866
1,381,222.205858
1,382,202.845234
1,383,383.281844
1,384,78.778779
1,385,244.906483
1,386,781.960487
1,387,704.058687
1,388,382.682317
1,389,434.193417
1,390,3.010352
1,391,496.485844
1,392,430.319302
1,393,513.351786
1,394,409.812172
1,395,344.717619
1,396,77.574721
1,397,91.470687
1,398,537.987299
1,399,303.665521
1,400,443.007487
1,401,478.593269
1,402,431.407397
1,403,460.217099
1,404,425.654233
1,405,88.849290
1,406,413.428105
1,407,258.351575
1,408,582.004197
1,409,455.083718
1,410,378.115230
1,411,414.425451
1,412,81.465277
1,413,427.907743
1,414,423.282332
1,415,489.504468
1,416,617.445928
1,417,324.784374
1,418,296.087502
1,419,460.035691
1,420,6.348504
1,421,218.281434
1,422,295.473742
1,423,459.652795
1,424,429.592009
1,425,313.938941
1,426,427.780511
1,427,385.230865
1,428,98.984525
1,429,104.112526
1,430,547.933875
1,431,166.203437
1,432,344.700517
1,433,489.399902
1,434,81.557624
1,435,471.639671
1,436,85.365857
1,437,199.895924
1,438,173.208638
1,439,292.563390
1,440,335.748308
1,441,201.969250
1,442,415.453381
1,443,74.622953
1,444,370.448833
1,445,390.355109
1,446,88.648116
1,447,104.141025
1,448,568.901923
1,449,385.563797
1,450,81.172216
1,451,493.504057
1,452,315.314549
1,453,514.682659
1,454,80.995009
1,455,288.945998
1,456,82.090758
1,457,492.359790
1,458,219.863248
1,459,408.744965
1,460,384.918069
1,461,398.499177
1,462,336.072617
1,463,524.030231
1,464,401.885978
1,465,635.688893
1,466,466.830758
1,467,641.360505
1,468,82.629015
1,469,247.205611
1,470,86.230606
1,471,467.209298
1,472,530.364025
1,473,86.923497
1,474,278.764613
1,475,82.986581
1,476,259.541601
1,477,224.113951
1,478,227.562101
1,479,85.005527
1,480,421.361279
1,481,83.846553
1,482,367.270038
1,483,81.874632
1,484,111.483989
1,485,473.357431
1,486,341.905344
1,487,470.689877
1,488,382.412039
1,489,153.901895
1,490,234.107491
1,491,304.686460
1,492,465.698555
1,493,80.708054
1,494,497.045270
1,495,99.629823
1,496,105.456971
1,497,549.264939
1,498,173.002127
1,499,475.159464
1,500,443.945995
1,501,103.003780
1,502,328.773928
1,503,352.119227
1,504,5.472880
1,505,266.243854
1,506,81.827063
1,507,439.925489
1,508,542.540754
1,509,434.950739
1,510,582.915783
1,511,308.132529
1,512,356.277880
1,513,376.524076
1,514,301.171798
1,515,390.022517
1,516,366.734723
1,517,282.980322
1,518,120.447802
1,519,285.338878
1,520,275.037383
1,521,431.273813
1,522,107.755784
1,523,247.263645
1,524,461.862195
1,525,83.209048
1,526,593.263410
1,527,162.693982
1,528,380.573511
1,529,359.499664
1,530,225.448486
1,531,83.427176
1,532,258.784241
1,533,81.957086
1,534,379.980503
1,535,247.091614
1,536,349.956483
1,537,367.360146
1,538,77.598848
1,539,312.138631
1,540,536.040928
1,541,366.217157
1,542,349.491163
1,543,163.245839
1,544,259.592364
1,545,429.916211
1,546,523.174320
1,547,526.105282
1,548,3.832256
1,549,282.022004
1,550,440.420103
1,551,82.116705
1,552,293.605532
1,553,80.451595
1,554,111.731545
1,555,378.768176
1,556,27.549149
1,557,233.583169
1,558,83.431961
1,559,267.777547
1,560,235.239418
1,561,43.504530
1,562,200.661688
1,563,311.836079
1,564,123.641459
1,565,411.188292
1,566,105.555308
1,567,147.291876
1,568,430.512389
1,569,97.049777
1,570,429.289054
1,571,474.751857
1,572,232.819153
1,573,592.528803
1,574,104.668859
1,575,358.412253
1,576,326.592769
1,577,573.551448
1,578,336.088623
1,579,286.153957
1,580,414.965208
1,581,246.916168
1,582,403.224775
1,583,102.904317
1,584,643.245497
1,585,96.336462
1,586,83.433271
1,587,534.184553
1,588,543.437168
1,589,231.351451
1,590,357.616634
1,591,348.722610
1,592,704.320908
1,593,82.019189
1,594,305.470106
1,595,174.806829
1,596,389.443733
1,597,360.614231
1,598,237.727442
1,599,360.795352
1,600,359.037152
1,601,243.163772
1,602,401.507170
1,603,306.162529
1,604,557.015237
1,605,400.032108
1,606,561.041777
1,607,481.766458
1,608,388.734802
1,609,83.081351
1,610,400.375738
1,611,384.352643
1,612,450.871426
1,613,438.176939
1,614,81.274873
1,615,459.304489
1,616,419.498844
1,617,460.960949
1,618,466.297528
1,619,612.306265
1,620,320.511213
1,621,353.515132
1,622,411.184927
1,623,98.231406
1,624,431.800811
1,625,229.319361
1,626,212.390029
1,627,265.048286
1,628,75.023013
1,629,148.058035
1,630,372.044592
1,631,303.574105
1,632,346.116527
1,633,97.954708
1,634,2.145410
1,635,80.716154
1,636,179.589113
1,637,286.713847
1,638,251.274711
1,639,95.914064
1,640,211.678571
1,641,81.049218
1,642,378.901117
1,643,152.156775
1,644,286.311101
1,645,2.010539
1,646,249.610122
1,647,120.571478
1,648,339.432959
1,649,81.863745
1,650,202.832581
1,651,5.908452
1,652,354.210954
1,653,227.186687
1,654,288.562078
1,655,277.740861
1,656,83.774531
1,657,217.091349
1,658,95.768367
1,659,363.442478
1,660,511.274787
1,661,2.267273
1,662,338.541814
1,663,206.378578
1,664,83.963146
1,665,147.814879
1,666,82.310754
1,667,85.224060
1,668,5.176794
1,669,325.624980
1,670,81.722725
1,671,149.221092
1,672,318.555084
1,673,366.828571
1,674,81.871996
1,675,274.530617
1,676,85.808396
1,677,299.779610
1,678,83.701465
1,679,227.425893
1,680,81.246614
1,681,81.885353
1,682,325.269670
1,683,146.639677
1,684,327.599198
1,685,227.581914
1,686,81.501792
1,687,269.387290
1,688,355.034772
1,689,361.619737
1,690,461.635349
1,691,150.846037
1,692,81.751706
1,693,151.548483
1,694,349.867433
1,695,441.808203
1,696,301.346469
1,697,81.657425
1,698,273.845627
1,699,79.406276
1,700,288.304022
1,701,286.323072
1,702,195.110506
1,703,367.049609
1,704,81.275353
1,705,316.392164
1,706,1329.696896
1,707,423.192462
1,708,94.278730
1,709,470.763848
1,710,262.288772
1,711,192.868203
1,712,387.275963
1,713,83.408035
1,714,249.663293
1,715,81.503874
1,716,176.751039
1,717,150.880933
1,718,360.350334
1,719,428.856591
1,720,95.768021
1,721,510.934827
1,722,365.477638
1,723,72.826904
1,724,215.096549
1,725,479.558476
1,726,0.814879
1,727,300.417172
1,728,528.010479
1,729,0.814879
1,730,373.125809
1,731,693.079584
1,732,499.864051
1,733,359.385295
1,734,361.793256
1,735,100.722467
1,736,257.022991
1,737,105.576506
1,738,440.421929
1,739,330.252995
1,740,386.520737
1,741,371.516884
1,742,446.462629
1,743,147.707259
1,744,285.987258
1,745,276.402670
1,746,81.221730
1,747,365.562218
1,748,327.431731
1,749,83.119227
1,750,248.187361
1,751,81.638502
1,752,246.774176
1,753,201.698305
1,754,158.778334
1,755,198.301177
1,756,80.350586
1,757,241.938854
1,758,164.988547
1,759,404.088741
1,760,81.277739
1,761,261.361325
1,762,480.694117
1,763,4.115055
1,764,244.441296
1,765,396.432367
1,766,79.366758
1,767,248.603884
1,768,245.630361
1,769,502.865734
1,770,109.993799
1,771,245.225855
1,772,353.873986
1,773,147.635152
1,774,160.612294
1,775,246.035018
1,776,431.861063
1,777,394.728398
1,778,81.657303
1,779,328.048518
1,780,80.769179
1,781,209.352439
1,782,412.747711
1,783,82.286096
1,784,360.959773
1,785,79.927200
1,786,195.632589
1,787,82.995580
1,788,463.143107
1,789,80.159389
1,790,146.162339
1,791,376.895660
1,792,430.414749
1,793,453.912944
1,794,544.392737
1,795,1.573252
1,796,337.193136
1,797,266.092747
1,798,358.520178
1,799,86.316124
1,800,288.357130
1,801,475.905453
1,802,91.189475
1,803,436.395143
1,804,356.922791
1,805,211.539316
1,806,340.586565
1,807,87.268576
1,808,299.436849
1,809,170.741471
1,810,87.286943
1,811,210.710501
1,812,256.749480
1,813,311.955641
1,814,432.285446
1,815,462.986412
1,816,503.356391
1,817,116.114392
1,818,516.199841
1,819,118.068717
1,820,303.386772
1,821,104.892227
1,822,90.873906
1,823,284.544489
1,824,227.726570
1,825,88.725119
1,826,373.801944
1,827,92.024861
1,828,214.508138
1,829,680.030822
1,830,383.672572
1,831,236.575440
1,832,91.769797
1,833,545.742314
1,834,343.047593
1,835,359.623481
1,836,89.849317
1,837,484.215676
1,838,375.652437
1,839,289.417439
1,840,187.694251
1,841,285.231624
1,842,276.246815
1,843,220.634329
1,844,206.985794
1,845,410.631495
1,846,314.292802
1,847,85.981906
1,848,215.937436
1,849,223.523594
1,850,271.159326
1,851,378.958652
1,852,298.991686
1,853,89.499826
1,854,382.532515
1,855,98.385444
1,856,113.511044
1,857,248.160263
1,858,87.806179
1,859,328.266487
1,860,363.661434
1,861,78.684891
1,862,286.647101
1,863,244.258379
1,864,82.211703
1,865,301.172965
1,866,171.534344
1,867,317.229720
1,868,104.844503
1,869,517.868751
1,870,239.795391
1,871,86.495441
1,872,388.928786
1,873,319.833006
1,874,116.718418
1,875,8.748579
1,876,350.148299
1,877,286.447223
1,878,360.683096
1,879,296.066841
1,880,209.240179
1,881,441.217040
1,882,295.615345
1,883,8.921150
1,884,213.136904
1,885,256.536847
1,886,456.947945
1,887,175.531460
1,888,447.334955
1,889,297.636300
1,890,89.547633
1,891,158.693099
1,892,85.451745
1,893,151.572988
1,894,343.235192
1,895,474.495822
1,896,390.596817
1,897,87.265005
1,898,252.442333
1,899,10.508489
1,900,548.109534
1,901,89.514164
1,902,311.386212
1,903,285.411844
1,904,334.024536
1,905,158.491713
1,906,377.255036
1,907,448.660578
1,908,87.646563
1,909,9.066366
1,910,415.417242
1,911,89.587091
1,912,120.257476
1,913,344.393714
1,914,86.562640
1,915,485.373878
1,916,87.834486
1,917,503.561805
1,918,328.270490
1,919,302.524021
1,920,163.044491
1,921,375.548424
1,922,9.979506
1,923,342.192104
1,924,152.556570
1,925,279.386563
1,926,244.626605
1,927,91.176760
1,928,548.840716
1,929,84.038150
1,930,253.472892
1,931,302.157828
1,932,151.380565
1,933,612.558965
1,934,87.832670
1,935,330.582731
1,936,383.764799
1,937,183.500133
1,938,259.010981
1,939,428.531515
1,940,229.470118
1,941,101.912075
1,942,317.368915
1,943,284.474368
1,944,87.635337
1,945,151.876081
1,946,82.804184
1,947,227.747520
1,948,364.275324
1,949,226.167958
1,950,460.034294
1,951,222.482780
1,952,493.009968
1,953,397.727746
1,954,393.342983
1,955,348.813627
1,956,102.251310
1,957,229.675868
1,958,274.606409
1,959,351.789259
1,960,106.585070
1,961,289.526639
1,962,156.976721
1,963,383.500669
1,964,378.220245
1,965,218.518232
1,966,114.751236
1,967,114.292386
1,968,468.623197
1,969,408.003374
1,970,87.205454
1,971,313.500847
1,972,91.986702
1,973,387.519930
1,974,396.693318
1,975,118.558563
1,976,430.721688
1,977,92.673174
1,978,353.882052
1,979,86.578064
1,980,228.688560
1,981,9.034690
1,982,565.227987
1,983,112.575213
1,984,225.832561
1,985,232.385574
1,986,199.575463
1,987,162.181000
1,988,408.468055
1,989,86.477693
1,990,370.934516
1,991,310.430531
1,992,552.079233
1,993,245.342963
1,994,256.058514
1,995,240.558014
1,996,163.495676
1,997,396.056991
1,998,525.129613
1,999,188.812845
1,1000,498.341616
1,1001,117.009392
1,1002,143.032918
1,1003,475.142523
1,1004,186.029368
1,1005,178.132607
1,1006,196.024886
1,1007,203.437636
1,1008,309.646315
1,1009,33.096804
1,1010,512.897935
1,1011,167.779683
1,1012,542.374486
1,1013,108.298776
1,1014,254.328968
1,1015,88.363223
1,1016,84.613386
1,1017,163.839370
1,1018,87.981576
1,1019,88.564159
1,1020,339.070860
1,1021,6.001110
1,1022,331.667402
1,1023,502.126533
1,1024,211.301070
1,1025,102.281272
1,1026,257.686952
1,1027,301.959522
1,1028,84.523052
1,1029,300.178319
1,1030,5.262530
1,1031,292.497990
1,1032,85.179065
1,1033,229.849613
1,1034,481.273249
1,1035,381.562491
1,1036,84.806225
1,1037,152.011299
1,1038,162.768063
1,1039,367.096216
1,1040,83.217262
1,1041,416.913591
1,1042,82.354034
1,1043,296.719996
1,1044,87.489390
1,1045,232.371713
1,1046,284.833914
1,1047,440.920223
1,1048,294.611422
1,1049,91.907876
1,1050,237.529555
1,1051,366.570349
1,1052,339.072400
1,1053,604.408761
1,1054,200.112560
1,1055,309.263158
1,1056,84.987785
1,1057,447.125985
1,1058,194.389072
1,1059,389.799535
1,1060,7.785093
1,1061,296.588320
1,1062,85.138601
1,1063,89.443735
1,1064,255.278375
1,1065,88.371758
1,1066,89.544991
1,1067,117.052817
1,1068,259.526792
1,1069,87.555450
1,1070,225.421724
1,1071,87.236687
1,1072,379.340561
1,1073,152.454365
1,1074,156.786815
1,1075,467.769912
1,1076,134.415034
1,1077,86.737784
1,1078,401.303048
1,1079,403.805607
1,1080,235.353973
1,1081,298.313870
1,1082,106.487582
1,1083,325.141451
1,1084,122.208871
1,1085,230.544304
1,1086,497.810853
1,1087,87.780256
1,1088,131.210948
1,1089,440.963129
1,1090,410.469630
1,1091,91.445038
1,1092,258.095318
1,1093,87.354850
1,1094,279.273385
1,1095,106.384139
1,1096,441.366806
1,1097,675.031195
1,1098,126.317579
1,1099,389.567390
1,1100,127.386902
1,1101,307.721370
1,1102,457.791892
1,1103,413.081332
1,1104,105.081171
1,1105,253.672591
1,1106,212.141200
1,1107,85.650602
1,1108,319.490744
1,1109,84.422491
1,1110,482.074064
1,1111,119.489448
1,1112,452.339588
1,1113,149.645255
1,1114,114.845549
1,1115,313.695371
1,1116,492.635155
1,1117,369.458182
1,1118,86.064712
1,1119,128.608656
1,1120,452.632653
1,1121,325.368654
1,1122,178.728638
1,1123,394.323827
1,1124,257.429638
1,1125,89.715629
1,1126,1006.978450
1,1127,185.612788
1,1128,87.482354
1,1129,494.950917
1,1130,349.713708
1,1131,579.013588
1,1132,83.336743
1,1133,393.870210
1,1134,241.506819
1,1135,333.470447
1,1136,110.793878
1,1137,268.787673
1,1138,366.516351
1,1139,391.739278
1,1140,435.618973
1,1141,430.288768
1,1142,81.319259
1,1143,224.473219
1,1144,141.692912
1,1145,269.398422
1,1146,229.946965
1,1147,399.845874
1,1148,110.401425
1,1149,209.612071
1,1150,105.331274
1,1151,369.103284
1,1152,86.329923
1,1153,353.104522
1,1154,213.714646
1,1155,87.899705
1,1156,388.742075
1,1157,243.180541
1,1158,233.122333
1,1159,371.598896
1,1160,7.883985
1,1161,344.302757
1,1162,303.761656
1,1163,261.824042
1,1164,524.927825
1,1165,204.011691
1,1166,306.112036
1,1167,118.467272
1,1168,363.136718
1,1169,246.984800
1,1170,207.763593
1,1171,105.211551
1,1172,313.868974
1,1173,271.811608
1,1174,312.975441
1,1175,250.690624
1,1176,89.261304
1,1177,335.690561
1,1178,271.713843
1,1179,8.827216
1,1180,385.337732
1,1181,226.276929
1,1182,293.813412
1,1183,224.060295
1,1184,368.788276
1,1185,482.348934
1,1186,249.594674
1,1187,8.860843
1,1188,456.988879
1,1189,101.276789
1,1190,385.185723
1,1191,99.869914
1,1192,447.108698
1,1193,84.984649
1,1194,87.255269
1,1195,318.043101
1,1196,405.922133
1,1197,86.541901
1,1198,207.443369
1,1199,85.395750
1,1200,272.220858
1,1201,168.497548
1,1202,152.535002
1,1203,202.485593
1,1204,234.428301
1,1205,322.696693
1,1206,99.159800
1,1207,139.026945
1,1208,135.286310
1,1209,476.799118
1,1210,102.500190
1,1211,432.063423
1,1212,125.389362
1,1213,386.044271
1,1214,117.320679
1,1215,334.299822
1,1216,322.641969
1,1217,456.624975
1,1218,171.276773
1,1219,86.186784
1,1220,406.341953
1,1221,150.960941
1,1222,375.345917
1,1223,212.597013
1,1224,296.849833
1,1225,325.218084
1,1226,87.682828
1,1227,408.243532
1,1228,274.269671
1,1229,436.801072
1,1230,318.450710
1,1231,395.615269
1,1232,490.337410
1,1233,566.285860
1,1234,87.120773
1,1235,416.075696
1,1236,87.773575
1,1237,523.184838
1,1238,104.877804
1,1239,428.405800
1,1240,290.785953
1,1241,562.646189
1,1242,88.819673
1,1243,217.696564
1,1244,524.666761
1,1245,99.868881
1,1246,596.022124
1,1247,565.258091
1,1248,607.657267
1,1249,9.989731
1,1250,477.583719
1,1251,511.688124
1,1252,588.295196
1,1253,107.528398
1,1254,440.771811
1,1255,446.642953
1,1256,244.624239
1,1257,90.887124
1,1258,430.167989
1,1259,440.669418
1,1260,370.654626
1,1261,103.749542
1,1262,509.036207
1,1263,90.456645
1,1264,277.455737
1,1265,576.641563
1,1266,330.564237
1,1267,552.674101
1,1268,107.021523
1,1269,529.738598
1,1270,646.630744
1,1271,86.363357
1,1272,407.373977
1,1273,705.177696
1,1274,473.069520
1,1275,615.108592
1,1276,429.690874
1,1277,89.838271
1,1278,391.136630
1,1279,325.530607
1,1280,211.825892
1,1281,243.253137
1,1282,469.126055
1,1283,11.287378
1,1284,474.318654
1,1285,338.419126
1,1286,89.697266
1,1287,322.759616
1,1288,422.994295
1,1289,171.439720
1,1290,495.161170
1,1291,599.191854
1,1292,465.349735
1,1293,81.628002
1,1294,310.962546
1,1295,215.153205
1,1296,333.093035
1,1297,84.785385
1,1298,563.995595
1,1299,184.083144
1,1300,106.423202
1,1301,90.789612
1,1302,535.530248
1,1303,109.093567
1,1304,8.150433
1,1305,232.689015
1,1306,432.207907
1,1307,890.934032
1,1308,555.638889
1,1309,107.966753
1,1310,649.599758
1,1311,88.681480
1,1312,254.289760
1,1313,267.695785
1,1314,512.212040
1,1315,153.133432
1,1316,693.189052
1,1317,87.379157
1,1318,461.020089
1,1319,324.225190
1,1320,449.925344
1,1321,91.239752
1,1322,331.822354
1,1323,206.698873
1,1324,559.700635
1,1325,104.354798
1,1326,556.990029
1,1327,253.398809
1,1328,340.537217
1,1329,480.086186
1,1330,486.487877
1,1331,88.900153
1,1332,240.750333
1,1333,511.159127
1,1334,9.779385
1,1335,465.884444
1,1336,377.913511
1,1337,412.855862
1,1338,379.701067
1,1339,90.132259
1,1340,416.625143
1,1341,346.570628
1,1342,291.121389
1,1343,497.114319
1,1344,88.235585
1,1345,212.265293
1,1346,515.331310
1,1347,86.550822
1,1348,238.975915
1,1349,483.350571
1,1350,532.912121
1,1351,421.259337
1,1352,470.637023
1,1353,472.389337
1,1354,143.083235
1,1355,236.978321
1,1356,347.303329
1,1357,85.166280
1,1358,395.845062
1,1359,84.092900
1,1360,454.312911
1,1361,291.326320
1,1362,503.421887
1,1363,86.580364
1,1364,234.607889
1,1365,502.967117
1,1366,694.888263
1,1367,372.641034
1,1368,406.886002
1,1369,150.181599
1,1370,419.101944
1,1371,89.916001
1,1372,367.134336
1,1373,597.668939
1,1374,233.590473
1,1375,103.644929
1,1376,423.621295
1,1377,306.145121
1,1378,309.524249
1,1379,89.719307
1,1380,366.922544
1,1381,599.339780
1,1382,151.010544
1,1383,237.858484
1,1384,217.999262
1,1385,10.212098
1,1386,505.896437
1,1387,511.946591
1,1388,88.435621
1,1389,482.718782
1,1390,397.622148
1,1391,512.053599
1,1392,89.070983
1,1393,212.520750
1,1394,577.667662
1,1395,561.972001
1,1396,546.741245
1,1397,93.571478
1,1398,478.100326
1,1399,494.405440
1,1400,98.459966
1,1401,468.183896
1,1402,352.967860
1,1403,87.893729
1,1404,477.425859
1,1405,257.889453
1,1406,371.240610
1,1407,159.311653
1,1408,224.823938
1,1409,287.293390
1,1410,88.761862
1,1411,565.668658
1,1412,379.455820
1,1413,476.871423
1,1414,580.338671
1,1415,8.809757
1,1416,629.126301
1,1417,91.470936
1,1418,8.185257
1,1419,566.824054
1,1420,381.525722
1,1421,87.366592
1,1422,317.061551
1,1423,282.876614
1,1424,438.795178
1,1425,87.959257
1,1426,22.838147
1,1427,489.342351
1,1428,579.992973
1,1429,439.096830
1,1430,90.044401
1,1431,395.055873
1,1432,89.122287
1,1433,446.407985
1,1434,532.997098
1,1435,372.091181
1,1436,217.192692
1,1437,413.182430
1,1438,154.410715
1,1439,85.950385
1,1440,336.720402
1,1441,86.436277
1,1442,428.775371
1,1443,415.559874
1,1444,548.160330
1,1445,150.981815
1,1446,453.191045
1,1447,469.426260
1,1448,679.566099
1,1449,535.340017
1,1450,143.876189
1,1451,291.858276
1,1452,226.786779
1,1453,649.301345
1,1454,95.869344
1,1455,388.361576
1,1456,499.608996
1,1457,334.516248
1,1458,486.101317
1,1459,451.140174
1,1460,86.002071
1,1461,417.295088
1,1462,438.290488
1,1463,87.764648
1,1464,488.643737
1,1465,687.862509
1,1466,191.705885
1,1467,387.783529
1,1468,320.451203
1,1469,231.568565
1,1470,388.443374
1,1471,203.752746
1,1472,435.129679
1,1473,152.875045
1,1474,430.835689
1,1475,9.200531
1,1476,524.412068
1,1477,357.579403
1,1478,90.130117
1,1479,434.352716
1,1480,116.705209
1,1481,487.006752
1,1482,199.529709
1,1483,312.611017
1,1484,363.934027
1,1485,209.267105
1,1486,90.361581
1,1487,474.306403
1,1488,349.015585
1,1489,368.783016
1,1490,521.184776
1,1491,462.062676
1,1492,92.129807
1,1493,547.370430
1,1494,298.775528
1,1495,272.414343
1,1496,252.296492
1,1497,88.726082
1,1498,473.233502
1,1499,520.443033
1,1500,612.885001
1,1501,13.849154
1,1502,663.933767
1,1503,478.718348
1,1504,89.090298
1,1505,260.528791
1,1506,648.038048
1,1507,104.232201
1,1508,551.112880
1,1509,86.617744
1,1510,303.567493
1,1511,88.629824
1,1512,525.692461
1,1513,517.095522
1,1514,260.592088
1,1515,139.083458
1,1516,310.762189
1,1517,308.358561
1,1518,446.457304
1,1519,539.899113
1,1520,289.432569
1,1521,480.527993
1,1522,85.449680
1,1523,418.258718
1,1524,478.167099
1,1525,114.787568
1,1526,416.525282
1,1527,353.981710
1,1528,520.061556
1,1529,87.960944
1,1530,575.279213
1,1531,617.335403
1,1532,84.301865
1,1533,86.046818
1,1534,511.110193
1,1535,84.449175
1,1536,206.665091
1,1537,547.489328
1,1538,253.071650
1,1539,511.203989
1,1540,448.491866
1,1541,330.640247
1,1542,411.925570
1,1543,543.426288
1,1544,81.788589
1,1545,2.309667
1,1546,422.234957
1,1547,518.964704
1,1548,84.179019
1,1549,406.298173
1,1550,85.275167
1,1551,521.648389
1,1552,521.042937
1,1553,85.373335
1,1554,231.921516
1,1555,87.200659
1,1556,403.846024
1,1557,422.019142
1,1558,86.605728
1,1559,452.131273
1,1560,324.684826
1,1561,484.263140
1,1562,88.086689
1,1563,345.112463
1,1564,587.605669
1,1565,461.624061
1,1566,243.254016
1,1567,91.188115
1,1568,339.807454
1,1569,421.510606
1,1570,77.609379
1,1571,395.613185
1,1572,328.448161
1,1573,482.144097
1,1574,81.524014
1,1575,218.366282
1,1576,483.471767
1,1577,399.783827
1,1578,154.593173
1,1579,479.910267
1,1580,81.820682
1,1581,247.360296
1,1582,388.725070
1,1583,85.419845
1,1584,316.863287
1,1585,87.423824
1,1586,520.308706
1,1587,171.918305
1,1588,291.836312
1,1589,231.980292
1,1590,162.493061
1,1591,394.131102
1,1592,13.390701
1,1593,271.580577
1,1594,91.615458
1,1595,310.034881
1,1596,6.221786
1,1597,334.589360
1,1598,87.671169
1,1599,356.593142
1,1600,97.338909
1,1601,96.331336
1,1602,186.813621
1,1603,273.385702
1,1604,187.600410
1,1605,179.353614
1,1606,566.463654
1,1607,85.519217
1,1608,500.533957
1,1609,392.251185
1,1610,97.422410
1,1611,366.755231
1,1612,106.212567
1,1613,129.421606
1,1614,492.803299
1,1615,95.326047
1,1616,7.922293
1,1617,418.778970
1,1618,85.605856
1,1619,334.884906
1,1620,165.118229
1,1621,87.218520
1,1622,370.037077
1,1623,433.511771
1,1624,338.151346
1,1625,355.327812
1,1626,292.922662
1,1627,543.563068
1,1628,86.235612
1,1629,549.744727
1,1630,389.811018
1,1631,107.112296
1,1632,555.960296
1,1633,439.909662
1,1634,535.812974
1,1635,184.970221
1,1636,255.550082
1,1637,107.371918
1,1638,402.858871
1,1639,229.940306
1,1640,170.535430
1,1641,304.957903
1,1642,7.069724
1,1643,318.322746
1,1644,94.807040
1,1645,168.154407
1,1646,275.289285
1,1647,207.059133
1,1648,289.883762
1,1649,2.553896
1,1650,266.196212
1,1651,80.090314
1,1652,311.634527
1,1653,2.553896
1,1654,306.045496
1,1655,112.125910
1,1656,356.007154
1,1657,110.268965
1,1658,117.286321
1,1659,197.033618
1,1660,318.940701
1,1661,134.729460
1,1662,229.135066
1,1663,330.472516
1,1664,84.634170
1,1665,400.587787
1,1666,371.961044
1,1667,118.813764
1,1668,170.431183
1,1669,356.599664
1,1670,9.146827
1,1671,585.646892
1,1672,101.232578
1,1673,548.965327
1,1674,555.713925
1,1675,85.544411
1,1676,373.873498
1,1677,385.579491
1,1678,88.643772
1,1679,299.322707
1,1680,85.443686
1,1681,91.802919
1,1682,511.469466
1,1683,106.455133
1,1684,26.115268
1,1685,487.915285
1,1686,114.841478
1,1687,349.614425
1,1688,210.002302
1,1689,101.332693
1,1690,408.852610
1,1691,368.788350
1,1692,111.963167
1,1693,546.622061
1,1694,542.248311
1,1695,105.496604
1,1696,406.494403
1,1697,450.387636
1,1698,424.055024
1,1699,321.760029
1,1700,333.646698
1,1701,258.557595
1,1702,525.322704
1,1703,87.066936
1,1704,507.569000
1,1705,85.032992
1,1706,7.303707
1,1707,305.895282
1,1708,84.045957
1,1709,152.701015
1,1710,272.280358
1,1711,223.422534
1,1712,420.706999
1,1713,150.444257
1,1714,156.406136
1,1715,253.991883
1,1716,204.418863
1,1717,214.459869
1,1718,509.931307
1,1719,128.455902
1,1720,94.336494
1,1721,415.185659
1,1722,586.731452
1,1723,407.573376
1,1724,77.571994
1,1725,394.831638
1,1726,95.728502
1,1727,512.886042
1,1728,289.312921
1,1729,487.946108
1,1730,225.978423
1,1731,405.232916
1,1732,82.712912
1,1733,229.480207
1,1734,387.353315
1,1735,5.937700
1,1736,382.478512
1,1737,98.394362
1,1738,203.614897
1,1739,477.967876
1,1740,466.404554
1,1741,223.850361
1,1742,86.051279
1,1743,491.671087
1,1744,314.695606
1,1745,6.523989
1,1746,371.867168
1,1747,470.700060
1,1748,87.991465
1,1749,374.432658
1,1750,85.705147
1,1751,528.403112
1,1752,88.206588
1,1753,454.936985
1,1754,157.913230
1,1755,287.342770
1,1756,382.792857
1,1757,223.612804
1,1758,282.668593
1,1759,86.155174
1,1760,502.125263
1,1761,98.512312
1,1762,219.449621
1,1763,169.675538
1,1764,120.931188
1,1765,581.131538
1,1766,105.512294
1,1767,359.890327
1,1768,557.420969
1,1769,5.422577
1,1770,523.132904
1,1771,85.291094
1,1772,86.926451
1,1773,438.015840
1,1774,84.814019
1,1775,6.614035
1,1776,285.183400
1,1777,361.058648
1,1778,83.924902
1,1779,297.022697
1,1780,341.177887
1,1781,389.368153
1,1782,437.560552
1,1783,77.571994
1,1784,453.085168
1,1785,179.078821
1,1786,129.255901
1,1787,491.854296
1,1788,384.428441
1,1789,101.821138
1,1790,537.559563
1,1791,220.434468
1,1792,85.700707
1,1793,242.043621
1,1794,447.400707
1,1795,89.982480
1,1796,294.560618
1,1797,473.452067
1,1798,83.434709
1,1799,229.707946
1,1800,302.827736
1,1801,425.098659
1,1802,105.767599
1,1803,300.828527
1,1804,415.460256
1,1805,107.445586
1,1806,97.129481
1,1807,378.466482
1,1808,535.565541
1,1809,114.174325
1,1810,101.656847
1,1811,222.641412
1,1812,277.687707
1,1813,85.052463
1,1814,173.354782
1,1815,404.298626
1,1816,84.858025
1,1817,24.514302
1,1818,241.995207
1,1819,530.141229
1,1820,232.303804
1,1821,498.450391
1,1822,163.779544
1,1823,262.667336
1,1824,484.462707
1,1825,146.921625
1,1826,536.700911
1,1827,115.487120
1,1828,242.417553
1,1829,498.417752
1,1830,203.622353
1,1831,387.780514
1,1832,87.654346
1,1833,463.792750
1,1834,336.254840
1,1835,113.674415
1,1836,248.664196
1,1837,265.777613
1,1838,101.861950
1,1839,531.887312
1,1840,87.205367
1,1841,433.595676
1,1842,296.014353
1,1843,547.972400
1,1844,638.732488
1,1845,127.879134
1,1846,427.424408
1,1847,311.847114
1,1848,579.123003
1,1849,303.112485
1,1850,219.202155
1,1851,424.459957
1,1852,85.124719
1,1853,440.808081
1,1854,87.973604
1,1855,517.128010
1,1856,444.523026
1,1857,83.302273
1,1858,472.843024
1,1859,86.487355
1,1860,388.174069
1,1861,86.738181
1,1862,603.869883
1,1863,336.298390
1,1864,4.207573
1,1865,346.535890
1,1866,257.596193
1,1867,368.906749
1,1868,84.952597
1,1869,382.817566
1,1870,83.517362
1,1871,290.371251
1,1872,84.524932
1,1873,288.952318
1,1874,598.571798
1,1875,80.921422
1,1876,486.287320
1,1877,333.825383
1,1878,507.077147
1,1879,82.085968
1,1880,495.424508
1,1881,387.191875
1,1882,81.739808
1,1883,211.057754
1,1884,537.414687
1,1885,501.737237
1,1886,1.573252
1,1887,316.992463
1,1888,249.446699
1,1889,342.220922
1,1890,86.316124
1,1891,269.370231
1,1892,429.955423
1,1893,91.189475
1,1894,409.605409
1,1895,361.604492
1,1896,223.503664
1,1897,331.309860
1,1898,87.268576
1,1899,336.890458
1,1900,179.844779
1,1901,87.286943
1,1902,227.703342
1,1903,209.152185
1,1904,264.358346
1,1905,424.049120
1,1906,455.963860
1,1907,454.025132
1,1908,92.879282
1,1909,464.527732
1,1910,90.065208
1,1911,282.492513
1,1912,87.465894
1,1913,124.426098
1,1914,272.320047
1,1915,223.911850
1,1916,88.725119
1,1917,383.252044
1,1918,92.024861
1,1919,242.598345
1,1920,513.570336
1,1921,353.675005
1,1922,212.213254
1,1923,91.769797
1,1924,399.222408
1,1925,316.171161
1,1926,383.725573
1,1927,89.849317
1,1928,490.024454
1,1929,361.433937
1,1930,259.853363
1,1931,165.672916
1,1932,238.327915
1,1933,288.731352
1,1934,234.419338
1,1935,220.424011
1,1936,395.892807
1,1937,348.538579
1,1938,85.981906
1,1939,232.843579
1,1940,245.371533
1,1941,341.991730
1,1942,389.709225
1,1943,329.162650
1,1944,103.891723
1,1945,385.306856
1,1946,86.941285
1,1947,91.056218
1,1948,273.996317
1,1949,87.806179
1,1950,334.248661
1,1951,371.030778
1,1952,78.684891
1,1953,203.156764
1,1954,208.625432
1,1955,82.211703
1,1956,288.081541
1,1957,153.587823
1,1958,262.436477
1,1959,86.204396
1,1960,420.333310
1,1961,164.801474
1,1962,86.495441
1,1963,350.001308
1,1964,302.319976
1,1965,86.634153
1,1966,8.748579
1,1967,357.517644
1,1968,264.252491
1,1969,313.779386
1,1970,262.774744
1,1971,209.240179
1,1972,412.173153
1,1973,295.615345
1,1974,8.921150
1,1975,213.136904
1,1976,217.696067
1,1977,421.314997
1,1978,157.151448
1,1979,376.415853
1,1980,266.598355
1,1981,89.547633
1,1982,158.693099
1,1983,85.451745
1,1984,121.575422
1,1985,336.992924
1,1986,415.541067
1,1987,311.354690
1,1988,87.265005
1,1989,217.936461
1,1990,10.508489
1,1991,437.569368
1,1992,89.514164
1,1993,265.262786
1,1994,261.483149
1,1995,301.339326
1,1996,158.491713
1,1997,323.502171
1,1998,376.527700
1,1999,102.818743
1,2000,9.066366
1,2001,352.647767
1,2002,89.587091
1,2003,103.264634
1,2004,305.899727
1,2005,86.562640
1,2006,364.083138
1,2007,87.834486
1,2008,392.934941
1,2009,258.738558
1,2010,258.654747
1,2011,151.426936
1,2012,310.178004
1,2013,9.979506
1,2014,298.669623
1,2015,152.556570
1,2016,216.443692
1,2017,219.397437
1,2018,91.176760
1,2019,410.470438
1,2020,84.038150
1,2021,221.047776
1,2022,273.460734
1,2023,151.380565
1,2024,557.939119
1,2025,87.832670
1,2026,321.739518
1,2027,365.298089
1,2028,146.219920
1,2029,201.530095
1,2030,406.423482
1,2031,202.073496
1,2032,86.133008
1,2033,300.636169
1,2034,278.752289
1,2035,114.338373
1,2036,165.834486
1,2037,82.804184
1,2038,248.121590
1,2039,368.436836
1,2040,210.475589
1,2041,460.034294
1,2042,204.016070
1,2043,451.134752
1,2044,360.274137
1,2045,375.916651
1,2046,312.920585
1,2047,86.732337
1,2048,165.779317
1,2049,220.940241
1,2050,349.448409
1,2051,89.158738
1,2052,272.013609
1,2053,170.328240
1,2054,388.875955
1,2055,353.337871
1,2056,165.285555
1,2057,90.475749
1,2058,92.704541
1,2059,476.339334
1,2060,377.572317
1,2061,87.205454
1,2062,313.500847
1,2063,91.986702
1,2064,400.351259
1,2065,397.040111
1,2066,88.821091
1,2067,457.944913
1,2068,92.673174
1,2069,329.086375
1,2070,86.578064
1,2071,189.154194
1,2072,9.034690
1,2073,504.452570
1,2074,86.825856
1,2075,211.700759
1,2076,214.699147
1,2077,162.208552
1,2078,162.181000
1,2079,362.691421
1,2080,86.477693
1,2081,329.059300
1,2082,251.822568
1,2083,449.948789
1,2084,224.535402
1,2085,227.188023
1,2086,209.173277
1,2087,152.398310
1,2088,380.798113
1,2089,449.355412
1,2090,93.184764
1,2091,395.170794
1,2092,89.005883
1,2093,113.815635
1,2094,347.782911
1,2095,153.951045
1,2096,153.336930
1,2097,157.010710
1,2098,203.437636
1,2099,260.748547
1,2100,8.821317
1,2101,447.007326
1,2102,92.005482
1,2103,454.982731
1,2104,84.890270
1,2105,214.881300
1,2106,88.363223
1,2107,84.613386
1,2108,176.930793
1,2109,87.981576
1,2110,88.564159
1,2111,362.652762
1,2112,6.001110
1,2113,331.667402
1,2114,473.342741
1,2115,202.024366
1,2116,85.895318
1,2117,242.341376
1,2118,264.072422
1,2119,84.523052
1,2120,270.527545
1,2121,5.262530
1,2122,277.672603
1,2123,85.179065
1,2124,227.855555
1,2125,500.433545
1,2126,416.848646
1,2127,84.806225
1,2128,162.588475
1,2129,149.416545
1,2130,445.558060
1,2131,83.217262
1,2132,476.995423
1,2133,82.354034
1,2134,348.305407
1,2135,107.083177
1,2136,217.199534
1,2137,239.057281
1,2138,368.960742
1,2139,266.607913
1,2140,80.810510
1,2141,204.064062
1,2142,273.629911
1,2143,301.098602
1,2144,536.697490
1,2145,160.751591
1,2146,270.595774
1,2147,84.987785
1,2148,366.756782
1,2149,158.235935
1,2150,284.201164
1,2151,7.785093
1,2152,265.550375
1,2153,85.138601
1,2154,89.443735
1,2155,268.629893
1,2156,88.371758
1,2157,89.544991
1,2158,97.285635
1,2159,259.526792
1,2160,87.555450
1,2161,165.860082
1,2162,87.236687
1,2163,345.181482
1,2164,152.454365
1,2165,102.600459
1,2166,402.399492
1,2167,93.753593
1,2168,96.447979
1,2169,317.292522
1,2170,319.881779
1,2171,161.053642
1,2172,236.237980
1,2173,87.760778
1,2174,266.013300
1,2175,99.407252
1,2176,205.055042
1,2177,432.700528
1,2178,87.780256
1,2179,107.455650
1,2180,362.414587
1,2181,382.379423
1,2182,91.445038
1,2183,258.095318
1,2184,87.354850
1,2185,265.141583
1,2186,103.089608
1,2187,388.047431
1,2188,482.647957
1,2189,101.521902
1,2190,346.044909
1,2191,89.586500
1,2192,260.817660
1,2193,432.389328
1,2194,399.729814
1,2195,86.180970
1,2196,232.518237
1,2197,201.564023
1,2198,85.650602
1,2199,273.280619
1,2200,84.422491
1,2201,416.790342
1,2202,91.919430
1,2203,394.858702
1,2204,149.645255
1,2205,94.558177
1,2206,268.005436
1,2207,417.988031
1,2208,324.635228
1,2209,86.064712
1,2210,115.777327
1,2211,383.881005
1,2212,267.540975
1,2213,147.083807
1,2214,371.088717
1,2215,212.953477
1,2216,89.715629
1,2217,647.007649
1,2218,151.367011
1,2219,114.705579
1,2220,455.156457
1,2221,302.203111
1,2222,535.491106
1,2223,83.336743
1,2224,373.929631
1,2225,212.549630
1,2226,366.502450
1,2227,86.084899
1,2228,266.533520
1,2229,332.183876
1,2230,346.136041
1,2231,383.946864
1,2232,338.735501
1,2233,81.319259
1,2234,204.966131
1,2235,87.940047
1,2236,255.526715
1,2237,202.637042
1,2238,345.052631
1,2239,86.732825
1,2240,209.612071
1,2241,87.471451
1,2242,369.103284
1,2243,86.329923
1,2244,334.724510
1,2245,213.714646
1,2246,87.899705
1,2247,388.742075
1,2248,208.154480
1,2249,208.500053
1,2250,349.317466
1,2251,7.883985
1,2252,344.302757
1,2253,303.761656
1,2254,218.995146
1,2255,537.152267
1,2256,204.011691
1,2257,318.769969
1,2258,88.643102
1,2259,382.903900
1,2260,256.955089
1,2261,207.763593
1,2262,87.265030
1,2263,302.684910
1,2264,254.992163
1,2265,259.916161
1,2266,250.690624
1,2267,89.261304
1,2268,299.970915
1,2269,253.160435
1,2270,8.827216
1,2271,374.327065
1,2272,225.843438
1,2273,293.813412
1,2274,222.499728
1,2275,336.189764
1,2276,446.455891
1,2277,205.118513
1,2278,8.860843
1,2279,394.652895
1,2280,86.451401
1,2281,318.948322
1,2282,84.177545
1,2283,380.611202
1,2284,84.984649
1,2285,87.255269
1,2286,320.817442
1,2287,405.922133
1,2288,86.541901
1,2289,207.443369
1,2290,99.440853
1,2291,256.528490
1,2292,149.163856
1,2293,152.535002
1,2294,225.547306
1,2295,279.164556
1,2296,312.119517
1,2297,86.415169
1,2298,125.588729
1,2299,116.212713
1,2300,441.946454
1,2301,85.767443
1,2302,427.901910
1,2303,100.593685
1,2304,412.487213
1,2305,88.710283
1,2306,356.407856
1,2307,290.130155
1,2308,448.562046
1,2309,151.076100
1,2310,86.186784
1,2311,436.946407
1,2312,150.960941
1,2313,380.547807
1,2314,212.597013
1,2315,314.709656
1,2316,292.532874
1,2317,87.682828
1,2318,372.783980
1,2319,272.622406
1,2320,431.512484
1,2321,322.785618
1,2322,379.142616
1,2323,503.949022
1,2324,549.206321
1,2325,87.120773
1,2326,368.565099
1,2327,87.773575
1,2328,484.864247
1,2329,87.624868
1,2330,426.411742
1,2331,290.785953
1,2332,514.615403
1,2333,88.819673
1,2334,230.094402
1,2335,499.610990
1,2336,99.868881
1,2337,520.941509
1,2338,405.560063
1,2339,507.954372
1,2340,9.989731
1,2341,430.159820
1,2342,526.773605
1,2343,544.079130
1,2344,88.974990
1,2345,407.566412
1,2346,406.415002
1,2347,227.284605
1,2348,90.887124
1,2349,426.960157
1,2350,420.815537
1,2351,361.984809
1,2352,90.224627
1,2353,511.897247
1,2354,90.456645
1,2355,245.464113
1,2356,506.589441
1,2357,323.541685
1,2358,512.359452
1,2359,91.675947
1,2360,396.223417
1,2361,540.598883
1,2362,86.363357
1,2363,341.483368
1,2364,529.787298
1,2365,390.272767
1,2366,534.219200
1,2367,409.663597
1,2368,89.838271
1,2369,394.951349
1,2370,295.446342
1,2371,211.825892
1,2372,231.028695
1,2373,456.988311
1,2374,11.287378
1,2375,447.095429
1,2376,304.780236
1,2377,89.697266
1,2378,269.873732
1,2379,382.679646
1,2380,157.221221
1,2381,498.975890
1,2382,536.422379
1,2383,405.614696
1,2384,81.628002
1,2385,293.189421
1,2386,200.327818
1,2387,304.656035
1,2388,84.785385
1,2389,518.739150
1,2390,153.825482
1,2391,90.123946
1,2392,90.789612
1,2393,523.305806
1,2394,86.725439
1,2395,8.150433
1,2396,223.672405
1,2397,377.674758
1,2398,690.834656
1,2399,554.598511
1,2400,86.292210
1,2401,519.032314
1,2402,131.336979
1,2403,254.289760
1,2404,208.914426
1,2405,480.480510
1,2406,91.317637
1,2407,530.890079
1,2408,87.379157
1,2409,457.465464
1,2410,298.129041
1,2411,521.711428
1,2412,91.239752
1,2413,345.954156
1,2414,206.698873
1,2415,482.972755
1,2416,92.303752
1,2417,473.846484
1,2418,253.398809
1,2419,340.537217
1,2420,497.165725
1,2421,514.144593
1,2422,88.900153
1,2423,216.908337
1,2424,499.888365
1,2425,9.779385
1,2426,466.578029
1,2427,377.913511
1,2428,412.855862
1,2429,389.237865
1,2430,90.132259
1,2431,436.912515
1,2432,366.337811
1,2433,291.121389
1,2434,529.366038
1,2435,88.235585
1,2436,212.265293
1,2437,513.597347
1,2438,86.550822
1,2439,231.173080
1,2440,473.640376
1,2441,515.572487
1,2442,421.259337
1,2443,485.202315
1,2444,496.231333
1,2445,153.833808
1,2446,250.589934
1,2447,401.056195
1,2448,85.166280
1,2449,473.006433
1,2450,84.092900
1,2451,500.002847
1,2452,318.636244
1,2453,498.133299
1,2454,86.580364
1,2455,214.667310
1,2456,476.697572
1,2457,661.942959
1,2458,392.234820
1,2459,445.293292
1,2460,150.181599
1,2461,458.723008
1,2462,89.916001
1,2463,327.686669
1,2464,537.847202
1,2465,234.717549
1,2466,90.293411
1,2467,426.395637
1,2468,334.842216
1,2469,346.631065
1,2470,89.719307
1,2471,415.646916
1,2472,625.609325
1,2473,151.010544
1,2474,206.473746
1,2475,264.642877
1,2476,10.212098
1,2477,584.444979
1,2478,633.930916
1,2479,88.435621
1,2480,652.300402
1,2481,568.504240
1,2482,559.997686
1,2483,89.070983
1,2484,221.797454
1,2485,598.475223
1,2486,558.243980
1,2487,547.174736
1,2488,93.571478
1,2489,484.602689
1,2490,435.537383
1,2491,87.882789
1,2492,430.643589
1,2493,344.991628
1,2494,87.893729
1,2495,470.143213
1,2496,269.767102
1,2497,398.723930
1,2498,172.229680
1,2499,213.639874
1,2500,316.684069
1,2501,88.761862
1,2502,564.454884
1,2503,402.690929
1,2504,491.870206
1,2505,545.919498
1,2506,8.809757
1,2507,547.023134
1,2508,91.470936
1,2509,8.185257
1,2510,598.815679
1,2511,390.629030
1,2512,87.366592
1,2513,320.962969
1,2514,260.248392
1,2515,443.476879
1,2516,87.959257
1,2517,6.885684
1,2518,408.106166
1,2519,537.770964
1,2520,439.963812
1,2521,90.044401
1,2522,374.941898
1,2523,89.122287
1,2524,432.796373
1,2525,510.628970
1,2526,348.595977
1,2527,202.540701
1,2528,415.609979
1,2529,154.410715
1,2530,98.348223
1,2531,336.720402
1,2532,86.436277
1,2533,421.666121
1,2534,401.514770
1,2535,488.858782
1,2536,150.981815
1,2537,421.979704
1,2538,451.306343
1,2539,534.693458
1,2540,467.715445
1,2541,143.876189
1,2542,380.203711
1,2543,222.365172
1,2544,543.096087
1,2545,84.598582
1,2546,399.892432
1,2547,510.359569
1,2548,309.547175
1,2549,458.184507
1,2550,433.106955
1,2551,86.002071
1,2552,417.555182
1,2553,479.732213
1,2554,87.764648
1,2555,448.762579
1,2556,596.916129
1,2557,189.971922
1,2558,529.621735
1,2559,233.319543
1,2560,226.800165
1,2561,394.338849
1,2562,203.752746
1,2563,424.119012
1,2564,152.875045
1,2565,543.196516
1,2566,9.200531
1,2567,496.321861
1,2568,376.653001
1,2569,90.130117
1,2570,413.285061
1,2571,87.487926
1,2572,436.375021
1,2573,104.681912
1,2574,272.643160
1,2575,355.177512
1,2576,209.267105
1,2577,108.654895
1,2578,460.087903
1,2579,327.254344
1,2580,353.524138
1,2581,515.462696
1,2582,383.687531
1,2583,102.706983
1,2584,519.887110
1,2585,321.403750
1,2586,252.213669
1,2587,219.524584
1,2588,88.726082
1,2589,443.842822
1,2590,435.738921
1,2591,583.754416
1,2592,13.849154
1,2593,539.695290
1,2594,505.247988
1,2595,89.090298
1,2596,256.020487
1,2597,488.513416
1,2598,88.106342
1,2599,522.415786
1,2600,86.617744
1,2601,275.997475
1,2602,98.686812
1,2603,535.489354
1,2604,408.115923
1,2605,156.120793
1,2606,129.199867
1,2607,166.496435
1,2608,268.304007
1,2609,393.744817
1,2610,486.406342
1,2611,209.756951
1,2612,426.081543
1,2613,85.449680
1,2614,436.552032
1,2615,498.194377
1,2616,86.697361
1,2617,400.486120
1,2618,327.538768
1,2619,517.027120
1,2620,87.960944
1,2621,482.685568
1,2622,551.184700
1,2623,84.301865
1,2624,86.046818
1,2625,502.613773
1,2626,84.449175
1,2627,206.665091
1,2628,552.604520
1,2629,266.943358
1,2630,499.066245
1,2631,417.020430
1,2632,290.412296
1,2633,392.765274
1,2634,468.432371
1,2635,81.788589
1,2636,2.309667
1,2637,362.586617
1,2638,540.205755
1,2639,84.179019
1,2640,403.350435
1,2641,85.275167
1,2642,459.572500
1,2643,419.866173
1,2644,85.373335
1,2645,206.865745
1,2646,87.200659
1,2647,373.848457
1,2648,412.222249
1,2649,86.605728
1,2650,437.739377
1,2651,310.639723
1,2652,495.273807
1,2653,88.086689
1,2654,345.112463
1,2655,491.197305
1,2656,489.627570
1,2657,258.946385
1,2658,102.112084
1,2659,402.143438
1,2660,395.761250
1,2661,77.609379
1,2662,395.613185
1,2663,328.448161
1,2664,536.677246
1,2665,81.524014
1,2666,288.938593
1,2667,667.705378
1,2668,543.616090
1,2669,181.556303
1,2670,445.577792
1,2671,92.224462
1,2672,209.993384
1,2673,376.153835
1,2674,85.419845
1,2675,267.011839
1,2676,87.423824
1,2677,511.205399
1,2678,195.846999
1,2679,385.990524
1,2680,258.336535
1,2681,207.055920
1,2682,379.392413
1,2683,13.390701
1,2684,253.373961
1,2685,104.099994
1,2686,309.341296
1,2687,6.221786
1,2688,279.362626
1,2689,87.671169
1,2690,427.772339
1,2691,97.338909
1,2692,84.800479
1,2693,193.142587
1,2694,313.873747
1,2695,178.323706
1,2696,175.192102
1,2697,534.298633
1,2698,85.519217
1,2699,481.633756
1,2700,376.038627
1,2701,87.452121
1,2702,305.546323
1,2703,86.185290
1,2704,93.615262
1,2705,472.689323
1,2706,85.615852
1,2707,7.922293
1,2708,389.128196
1,2709,85.605856
1,2710,323.354049
1,2711,149.339162
1,2712,87.218520
1,2713,380.527556
1,2714,442.354984
1,2715,323.065865
1,2716,335.213837
1,2717,260.931037
1,2718,531.512022
1,2719,86.235612
1,2720,564.743510
1,2721,352.704202
1,2722,92.547003
1,2723,519.113573
1,2724,424.737482
1,2725,523.328438
1,2726,151.418029
1,2727,281.646231
1,2728,107.371918
1,2729,376.936118
1,2730,229.940306
1,2731,153.802683
1,2732,312.413945
1,2733,7.069724
1,2734,301.850094
1,2735,82.929391
1,2736,150.121188
1,2737,256.822575
1,2738,240.091135
1,2739,289.883762
1,2740,2.553896
1,2741,240.013364
1,2742,80.090314
1,2743,275.741485
1,2744,2.553896
1,2745,251.772442
1,2746,83.082023
1,2747,332.338554
1,2748,93.796313
1,2749,82.953846
1,2750,192.698710
1,2751,277.238882
1,2752,122.071527
1,2753,214.049585
1,2754,332.293178
1,2755,84.634170
1,2756,421.915536
1,2757,373.521611
1,2758,92.110728
1,2759,152.051171
1,2760,261.665168
1,2761,9.146827
1,2762,454.906052
1,2763,89.528325
1,2764,460.273100
1,2765,497.626151
1,2766,85.544411
1,2767,385.491052
1,2768,382.545055
1,2769,88.643772
1,2770,328.453292
1,2771,85.443686
1,2772,91.802919
1,2773,454.768863
1,2774,86.081064
1,2775,7.908653
1,2776,386.131634
1,2777,86.924668
1,2778,307.219020
1,2779,152.174623
1,2780,86.073815
1,2781,350.418044
1,2782,340.091256
1,2783,91.935890
1,2784,535.698091
1,2785,476.444400
1,2786,85.209232
1,2787,319.969630
1,2788,351.378326
1,2789,429.863801
1,2790,319.505876
1,2791,333.646698
1,2792,273.989869
1,2793,536.246673
1,2794,87.066936
1,2795,470.548882
1,2796,85.032992
1,2797,7.303707
1,2798,305.895282
1,2799,84.045957
1,2800,152.701015
1,2801,258.755443
1,2802,221.861967
1,2803,427.816249
1,2804,150.444257
1,2805,173.572373
1,2806,268.643874
1,2807,221.325007
1,2808,204.056089
1,2809,566.631910
1,2810,103.053338
1,2811,120.952832
1,2812,414.752168
1,2813,599.129290
1,2814,394.568651
1,2815,77.571994
1,2816,394.831638
1,2817,81.510002
1,2818,498.667542
1,2819,289.312921
1,2820,473.294117
1,2821,203.523597
1,2822,432.716236
1,2823,82.712912
1,2824,234.942191
1,2825,362.384242
1,2826,5.937700
1,2827,360.110384
1,2828,87.210298
1,2829,203.614897
1,2830,448.317102
1,2831,466.404554
1,2832,206.424028
1,2833,86.051279
1,2834,480.833816
1,2835,303.771637
1,2836,6.523989
1,2837,344.297150
1,2838,443.997024
1,2839,87.991465
1,2840,374.432658
1,2841,85.705147
1,2842,484.620536
1,2843,88.206588
1,2844,467.421521
1,2845,157.913230
1,2846,282.314276
1,2847,368.921150
1,2848,202.718545
1,2849,260.213767
1,2850,86.155174
1,2851,474.555245
1,2852,85.507586
1,2853,220.489999
1,2854,149.301468
1,2855,103.158064
1,2856,529.979617
1,2857,89.386434
1,2858,326.858325
1,2859,475.837992
1,2860,5.422577
1,2861,484.205425
1,2862,85.291094
1,2863,86.926451
1,2864,450.673772
1,2865,84.814019
1,2866,6.614035
1,2867,285.183400
1,2868,343.285523
1,2869,83.924902
1,2870,297.022697
1,2871,316.902400
1,2872,389.368153
1,2873,396.639016
1,2874,77.571994
1,2875,398.898812
1,2876,86.311779
1,2877,92.842669
1,2878,360.073078
1,2879,337.698128
1,2880,85.868675
1,2881,446.179692
1,2882,199.887002
1,2883,85.700707
1,2884,208.924920
1,2885,344.663376
1,2886,117.032309
1,2887,294.560618
1,2888,432.183738
1,2889,83.434709
1,2890,210.547650
1,2891,257.137800
1,2892,385.044105
1,2893,85.306831
1,2894,300.828527
1,2895,383.295235
1,2896,83.863684
1,2897,87.245890
1,2898,413.665939
1,2899,485.627396
1,2900,91.546103
1,2901,90.906274
1,2902,207.295836
1,2903,253.672314
1,2904,85.052463
1,2905,153.154109
1,2906,383.837858
1,2907,84.858025
1,2908,7.174668
1,2909,234.712561
1,2910,521.644809
1,2911,230.396444
1,2912,491.861330
1,2913,149.821138
1,2914,256.598465
1,2915,460.794106
1,2916,146.921625
1,2917,519.447976
1,2918,85.056063
1,2919,206.871304
1,2920,487.233688
1,2921,203.622353
1,2922,388.820892
1,2923,87.654346
1,2924,450.701326
1,2925,308.511426
1,2926,97.461858
1,2927,212.511059
1,2928,278.782339
1,2929,88.250337
1,2930,498.248422
1,2931,87.205367
1,2932,407.759622
1,2933,309.365871
1,2934,444.541484
1,2935,590.268211
1,2936,87.911278
1,2937,402.368637
1,2938,297.455217
1,2939,472.831047
1,2940,246.411882
1,2941,206.370825
1,2942,418.737878
1,2943,85.124719
1,2944,411.417401
1,2945,87.973604
1,2946,498.487903
1,2947,410.190551
1,2948,83.302273
1,2949,413.888268
1,2950,86.487355
1,2951,376.296420
1,2952,86.738181
1,2953,471.481777
1,2954,309.421958
1,2955,4.207573
1,2956,332.577485
1,2957,257.596193
1,2958,366.305804
1,2959,84.952597
1,2960,393.047950
1,2961,83.517362
1,2962,278.233507
1,2963,84.524932
1,2964,275.600800
1,2965,576.030274
1,2966,80.921422
1,2967,427.332564
1,2968,351.338414
1,2969,505.343184
1,2970,82.085968
1,2971,513.457728
1,2972,388.232253
1,2973,81.739808
1,2974,198.313123
1,2975,571.313672
1,2976,346.612709
1,2977,79.188821
1,2978,199.507070
1,2979,1.053069
1,2980,475.957343
1,2981,82.166790
1,2982,330.507433
1,2983,328.343912
1,2984,293.711022
1,2985,332.132521
1,2986,312.204187
1,2987,7.035816
1,2988,151.453179
1,2989,254.339962
1,2990,84.547470
1,2991,212.287929
1,2992,204.582594
1,2993,206.205935
1,2994,345.660475
1,2995,556.332418
1,2996,89.737480
1,2997,209.754823
1,2998,331.862549
1,2999,214.056707
1,3000,273.900304
1,3001,95.582836
1,3002,157.131123
1,3003,211.775596
1,3004,85.829619
1,3005,8.990927
1,3006,354.131786
1,3007,86.572198
1,3008,206.863423
1,3009,506.913734
1,3010,8.928702
1,3011,264.914066
1,3012,90.727732
1,3013,296.949966
1,3014,86.316487
1,3015,250.887615
1,3016,83.880215
1,3017,356.993407
1,3018,201.034030
1,3019,291.200458
1,3020,429.308042
1,3021,86.946326
1,3022,17.418436
1,3023,336.971675
1,3024,86.477780
1,3025,162.641783
1,3026,160.408480
1,3027,256.708877
1,3028,250.754426
1,3029,84.234393
1,3030,290.448022
1,3031,92.241778
1,3032,267.850091
1,3033,251.144609
1,3034,88.476354
1,3035,470.515498
1,3036,84.895656
1,3037,207.539106
1,3038,84.698301
1,3039,297.807902
1,3040,204.584935
1,3041,252.953282
1,3042,84.206929
1,3043,155.366738
1,3044,202.059182
1,3045,350.528088
1,3046,84.809235
1,3047,363.151589
1,3048,83.133597
1,3049,332.524697
1,3050,362.264573
1,3051,328.679849
1,3052,154.559846
1,3053,89.058552
1,3054,6.255029
1,3055,352.933088
1,3056,82.430660
1,3057,471.483505
1,3058,294.450363
1,3059,336.886278
1,3060,84.201391
1,3061,302.911323
1,3062,150.890385
1,3063,224.780580
1,3064,316.963007
1,3065,321.676254
1,3066,386.540768
1,3067,80.705982
1,3068,86.685529
1,3069,387.700180
1,3070,439.719218
1,3071,535.485287
1,3072,407.167620
1,3073,476.029965
1,3074,352.911274
1,3075,75.548637
1,3076,384.184253
1,3077,80.271854
1,3078,456.094136
1,3079,284.284251
1,3080,340.389640
1,3081,147.350021
1,3082,149.123192
1,3083,291.342236
1,3084,78.225230
1,3085,206.169248
1,3086,509.207086
1,3087,83.109514
1,3088,429.301307
1,3089,81.310766
1,3090,158.706505
1,3091,397.996816
1,3092,466.669183
1,3093,372.212822
1,3094,208.530674
1,3095,85.043765
1,3096,151.106552
1,3097,82.158135
1,3098,244.724913
1,3099,330.797139
1,3100,383.510189
1,3101,201.828206
1,3102,460.881274
1,3103,98.607165
1,3104,150.241930
1,3105,203.339242
1,3106,292.547304
1,3107,81.591573
1,3108,252.813218
1,3109,81.380304
1,3110,144.753809
1,3111,82.217956
1,3112,246.759794
1,3113,384.805588
1,3114,369.281002
1,3115,417.826597
1,3116,333.844414
1,3117,163.209214
1,3118,144.838577
1,3119,299.329593
1,3120,427.687340
1,3121,458.873403
1,3122,81.101310
1,3123,429.740000
1,3124,3.088421
1,3125,349.828653
1,3126,285.882405
1,3127,80.325456
1,3128,212.864950
1,3129,395.617974
1,3130,286.544823
1,3131,365.134306
1,3132,413.950958
1,3133,426.333938
1,3134,482.072483
1,3135,83.363094
1,3136,146.444682
1,3137,426.070513
1,3138,187.243211
1,3139,279.311007
1,3140,191.482831
1,3141,140.194678
1,3142,425.788566
1,3143,76.059645
1,3144,350.646190
1,3145,305.128569
1,3146,283.315819
1,3147,395.804851
1,3148,470.367723
1,3149,78.963582
1,3150,246.716904
1,3151,142.744850
1,3152,360.796381
1,3153,80.762684
1,3154,326.781115
1,3155,145.441003
1,3156,437.868489
1,3157,230.569151
1,3158,81.044694
1,3159,451.933521
1,3160,377.446893
1,3161,403.539089
1,3162,483.345809
1,3163,416.416801
1,3164,81.328606
1,3165,288.566560
1,3166,80.062598
1,3167,287.322775
1,3168,398.576450
1,3169,81.852412
1,3170,199.991759
1,3171,340.653819
1,3172,145.597086
1,3173,198.062607
1,3174,80.787534
1,3175,393.386482
1,3176,79.495182
1,3177,380.480312
1,3178,143.638634
1,3179,293.529033
1,3180,81.935377
1,3181,198.091044
1,3182,397.807880
1,3183,398.217678
1,3184,81.506940
1,3185,4.587765
1,3186,359.077858
1,3187,80.324337
1,3188,279.197089
1,3189,80.436743
1,3190,200.083126
1,3191,516.786435
1,3192,81.162883
1,3193,427.692080
1,3194,79.890596
1,3195,324.819184
1,3196,201.514546
1,3197,207.192987
1,3198,253.422933
1,3199,291.721119
1,3200,148.433932
1,3201,242.442242
1,3202,375.235869
1,3203,78.932618
1,3204,200.834038
1,3205,241.236833
1,3206,287.977101
1,3207,195.257190
1,3208,80.165620
1,3209,330.352091
1,3210,284.004963
1,3211,80.031373
1,3212,240.265571
1,3213,219.471957
1,3214,323.809469
1,3215,144.426847
1,3216,77.513136
1,3217,380.973529
1,3218,194.416720
1,3219,199.749751
1,3220,245.529786
1,3221,287.681784
1,3222,277.546771
1,3223,391.980749
1,3224,141.295683
1,3225,194.769366
1,3226,78.396833
1,3227,197.004483
1,3228,77.558868
1,3229,262.856803
1,3230,76.227881
1,3231,77.480072
1,3232,321.953482
1,3233,318.296181
1,3234,403.488169
1,3235,331.986168
1,3236,192.489595
1,3237,357.431601
1,3238,76.172046
1,3239,327.349119
1,3240,155.587802
1,3241,199.887041
1,3242,328.462788
1,3243,421.678514
1,3244,279.201515
1,3245,356.281541
1,3246,490.333126
1,3247,246.782028
1,3248,447.031086
1,3249,430.064532
1,3250,362.245255
1,3251,281.821812
1,3252,77.618907
1,3253,360.933199
1,3254,78.685900
1,3255,284.850918
1,3256,366.995236
1,3257,328.683547
1,3258,77.519753
1,3259,395.121320
1,3260,328.781789
1,3261,266.571407
1,3262,306.792925
1,3263,422.935240
1,3264,142.536144
1,3265,79.893953
1,3266,82.826457
1,3267,302.531959
1,3268,247.649433
1,3269,331.350460
1,3270,286.651964
1,3271,441.497914
1,3272,301.338649
1,3273,157.280804
1,3274,516.738783
1,3275,80.650213
1,3276,324.336563
1,3277,369.581483
1,3278,400.083975
1,3279,370.310022
1,3280,427.365943
1,3281,80.298777
1,3282,285.650308
1,3283,464.872118
1,3284,141.429915
1,3285,285.567572
1,3286,476.357705
1,3287,437.305380
1,3288,404.584332
1,3289,365.326510
1,3290,141.138286
1,3291,401.479756
1,3292,327.680552
1,3293,419.807814
1,3294,81.396574
1,3295,199.090018
1,3296,286.302180
1,3297,395.161067
1,3298,389.490598
1,3299,77.903952
1,3300,478.942706
1,3301,93.683346
1,3302,508.329107
1,3303,600.980953
1,3304,501.837988
1,3305,77.448944
1,3306,2.103140
1,3307,346.813764
1,3308,77.930460
1,3309,329.355911
1,3310,238.667699
1,3311,323.197358
1,3312,189.826681
1,3313,392.976636
1,3314,284.420275
1,3315,201.119065
1,3316,75.221546
1,3317,196.496901
1,3318,358.087173
1,3319,142.180454
1,3320,241.574820
1,3321,285.543735
1,3322,194.758000
1,3323,83.109625
1,3324,361.806477
1,3325,483.192782
1,3326,285.593494
1,3327,195.646361
1,3328,147.276311
1,3329,143.739203
1,3330,247.982009
1,3331,291.058302
1,3332,79.483903
1,3333,337.394518
1,3334,78.779518
1,3335,200.189219
1,3336,1.243966
1,3337,143.378014
1,3338,252.967794
1,3339,335.094291
1,3340,282.526311
1,3341,362.634434
1,3342,243.826127
1,3343,143.436908
1,3344,290.428671
1,3345,357.363932
1,3346,195.358624
1,3347,261.790674
1,3348,298.528308
1,3349,398.399145
1,3350,247.675222
1,3351,249.755343
1,3352,79.378044
1,3353,468.600354
1,3354,2.423522
1,3355,291.737718
1,3356,79.372866
1,3357,202.265279
1,3358,192.181359
1,3359,364.468341
1,3360,78.778779
1,3361,244.906483
1,3362,649.919175
1,3363,479.076937
1,3364,399.848555
1,3365,406.536700
1,3366,3.010352
1,3367,471.950262
1,3368,421.042598
1,3369,467.748548
1,3370,394.119804
1,3371,324.430247
1,3372,77.574721
1,3373,79.593037
1,3374,502.267653
1,3375,308.433920
1,3376,436.851917
1,3377,527.230942
1,3378,456.983358
1,3379,437.242084
1,3380,379.184014
1,3381,88.849290
1,3382,380.569498
1,3383,224.365892
1,3384,528.251331
1,3385,463.926931
1,3386,370.052300
1,3387,477.368322
1,3388,95.163588
1,3389,386.812811
1,3390,371.436826
1,3391,413.903665
1,3392,516.789353
1,3393,289.151427
1,3394,250.310868
1,3395,526.619885
1,3396,6.348504
1,3397,201.722084
1,3398,320.963004
1,3399,433.123155
1,3400,407.397278
1,3401,295.905721
1,3402,403.851816
1,3403,356.533771
1,3404,100.718488
1,3405,87.726572
1,3406,555.303220
1,3407,149.644086
1,3408,401.921309
1,3409,471.106589
1,3410,81.557624
1,3411,440.341631
1,3412,85.365857
1,3413,199.895924
1,3414,153.354757
1,3415,307.648872
1,3416,314.680652
1,3417,201.969250
1,3418,366.729010
1,3419,74.622953
1,3420,325.539182
1,3421,338.856396
1,3422,78.504431
1,3423,83.940351
1,3424,569.075319
1,3425,349.584056
1,3426,81.172216
1,3427,403.424658
1,3428,275.173296
1,3429,425.817035
1,3430,80.995009
1,3431,251.145596
1,3432,82.090758
1,3433,437.306452
1,3434,200.182763
1,3435,378.660700
1,3436,387.519014
1,3437,382.460015
1,3438,307.982410
1,3439,565.471956
1,3440,338.076126
1,3441,542.575059
1,3442,407.789304
1,3443,598.358213
1,3444,82.629015
1,3445,247.205611
1,3446,115.968078
1,3447,476.225908
1,3448,546.663281
1,3449,86.923497
1,3450,252.841861
1,3451,82.986581
1,3452,248.617631
1,3453,203.219692
1,3454,205.540766
1,3455,85.005527
1,3456,400.813813
1,3457,83.846553
1,3458,384.869767
1,3459,81.874632
1,3460,85.994727
1,3461,439.631843
1,3462,292.834180
1,3463,426.560509
1,3464,272.392062
1,3465,139.509999
1,3466,200.295205
1,3467,290.641356
1,3468,435.007403
1,3469,80.708054
1,3470,449.187881
1,3471,80.122735
1,3472,80.574597
1,3473,539.641442
1,3474,143.784843
1,3475,458.166623
1,3476,412.214465
1,3477,83.409993
1,3478,328.773928
1,3479,330.357987
1,3480,5.472880
1,3481,212.837781
1,3482,95.005185
1,3483,423.886328
1,3484,498.324688
1,3485,445.701312
1,3486,551.704442
1,3487,289.145630
1,3488,333.996450
1,3489,339.243863
1,3490,315.130204
1,3491,397.651956
1,3492,336.216967
1,3493,269.021917
1,3494,86.462120
1,3495,261.670278
1,3496,253.883030
1,3497,403.963890
1,3498,84.087184
1,3499,247.263645
1,3500,461.862195
1,3501,97.080755
1,3502,523.384686
1,3503,147.781897
1,3504,382.740965
1,3505,350.222960
1,3506,201.606489
1,3507,83.427176
1,3508,274.650006
1,3509,81.957086
1,3510,332.209812
1,3511,247.091614
1,3512,325.334203
1,3513,325.571628
1,3514,77.598848
1,3515,284.481915
1,3516,469.109941
1,3517,340.901292
1,3518,293.050654
1,3519,140.964409
1,3520,218.757526
1,3521,363.592111
1,3522,432.488034
1,3523,439.320414
1,3524,3.832256
1,3525,249.596889
1,3526,400.972436
1,3527,82.116705
1,3528,293.605532
1,3529,80.451595
1,3530,83.294545
1,3531,394.113752
1,3532,11.336592
1,3533,152.433682
1,3534,83.431961
1,3535,247.663572
1,3536,202.901001
1,3537,31.280088
1,3538,200.661688
1,3539,250.800567
1,3540,85.147472
1,3541,374.254872
1,3542,87.955580
1,3543,89.984386
1,3544,386.989908
1,3545,81.184012
1,3546,433.103774
1,3547,479.520256
1,3548,203.081681
1,3549,530.539611
1,3550,83.947996
1,3551,354.250741
1,3552,266.510938
1,3553,460.323639
1,3554,291.785859
1,3555,254.335729
1,3556,395.631516
1,3557,205.301046
1,3558,366.464751
1,3559,83.570625
1,3560,588.972443
1,3561,81.164282
1,3562,83.433271
1,3563,508.001706
1,3564,520.375454
1,3565,206.122284
1,3566,330.566805
1,3567,293.495876
1,3568,568.204781
1,3569,82.019189
1,3570,262.814607
1,3571,144.375771
1,3572,369.676550
1,3573,332.870817
1,3574,201.747702
1,3575,360.795352
1,3576,332.334115
1,3577,243.163772
1,3578,395.958487
1,3579,289.603179
1,3580,515.833606
1,3581,400.032108
1,3582,531.391003
1,3583,461.218992
1,3584,382.059043
1,3585,83.081351
1,3586,384.509973
1,3587,374.122259
1,3588,432.924904
1,3589,455.950064
1,3590,81.274873
1,3591,447.340142
1,3592,372.595135
1,3593,430.009702
1,3594,439.854587
1,3595,580.574735
1,3596,287.826003
1,3597,362.531742
1,3598,394.192085
1,3599,98.231406
1,3600,480.698579
1,3601,229.319361
1,3602,195.570584
1,3603,248.575634
1,3604,75.023013
1,3605,148.058035
1,3606,329.562489
1,3607,284.240413
1,3608,323.575003
1,3609,78.881110
1,3610,2.145410
1,3611,80.716154
1,3612,168.231653
1,3613,290.181774
1,3614,251.274711
1,3615,80.481790
1,3616,201.968376
1,3617,81.049218
1,3618,362.081672
1,3619,152.156775
1,3620,286.311101
1,3621,2.010539
1,3622,249.610122
1,3623,84.418342
1,3624,328.595688
1,3625,81.863745
1,3626,202.832581
1,3627,5.908452
1,3628,349.269159
1,3629,235.683108
1,3630,312.230678
1,3631,255.806224
1,3632,83.774531
1,3633,200.271905
1,3634,82.503547
1,3635,331.971043
1,3636,490.814019
1,3637,2.267273
1,3638,289.817443
1,3639,151.585335
1,3640,83.963146
1,3641,147.814879
1,3642,82.310754
1,3643,85.224060
1,3644,5.176794
1,3645,325.624980
1,3646,81.722725
1,3647,149.221092
1,3648,287.863932
1,3649,334.056663
1,3650,81.871996
1,3651,247.740883
1,3652,85.808396
1,3653,290.763000
1,3654,83.701465
1,3655,204.624275
1,3656,97.719266
1,3657,81.885353
1,3658,325.269670
1,3659,146.639677
1,3660,346.499399
1,3661,203.133030
1,3662,91.732176
1,3663,266.352854
1,3664,329.545510
1,3665,349.915484
1,3666,476.374038
1,3667,150.846037
1,3668,81.751706
1,3669,151.548483
1,3670,345.359128
1,3671,417.446017
1,3672,297.878543
1,3673,81.657425
1,3674,253.558255
1,3675,79.406276
1,3676,288.304022
1,3677,299.847986
1,3678,214.184104
1,3679,367.049609
1,3680,81.275353
1,3681,313.444426
1,3682,1180.662742
1,3683,395.535746
1,3684,78.239569
1,3685,457.585726
1,3686,244.602346
1,3687,192.868203
1,3688,369.502838
1,3689,83.408035
1,3690,249.663293
1,3691,81.503874
1,3692,156.030177
1,3693,93.400047
1,3694,309.111716
1,3695,374.150046
1,3696,82.676598
1,3697,535.036919
1,3698,327.503839
1,3699,72.826904
1,3700,199.057388
1,3701,425.979007
1,3702,0.814879
1,3703,249.351950
1,3704,432.989285
1,3705,0.814879
1,3706,295.184155
1,3707,593.289991
1,3708,451.399774
1,3709,332.162070
1,3710,330.928708
1,3711,79.654812
1,3712,207.518336
1,3713,81.214320
1,3714,378.085945
1,3715,316.381288
1,3716,368.314121
1,3717,359.465839
1,3718,446.375931
1,3719,85.284577
1,3720,285.987258
1,3721,254.814826
1,3722,81.221730
1,3723,333.397197
1,3724,327.431731
1,3725,83.119227
1,3726,248.187361
1,3727,81.638502
1,3728,246.774176
1,3729,213.402558
1,3730,142.218983
1,3731,198.301177
1,3732,80.350586
1,3733,258.324808
1,3734,146.868630
1,3735,350.162480
1,3736,81.277739
1,3737,214.370917
1,3738,431.016066
1,3739,4.115055
1,3740,244.441296
1,3741,396.432367
1,3742,79.366758
1,3743,248.603884
1,3744,245.630361
1,3745,491.334878
1,3746,82.510480
1,3747,261.004922
1,3748,326.737459
1,3749,147.635152
1,3750,145.786907
1,3751,246.035018
1,3752,401.516704
1,3753,394.728398
1,3754,81.657303
1,3755,328.048518
1,3756,89.438996
1,3757,198.688564
1,3758,399.916382
1,3759,82.286096
1,3760,360.959773
1,3761,79.927200
1,3762,195.632589
1,3763,82.995580
1,3764,435.226296
1,3765,80.159389
1,3766,146.162339
1,3767,363.284048
1,3768,401.370862
1,3769,442.728880
1,3770,318.282230
1,3771,87.682828
1,3772,394.978712
1,3773,254.155696
1,3774,437.061167
1,3775,325.299865
1,3776,387.118848
1,3777,495.192507
1,3778,566.372558
1,3779,87.120773
1,3780,362.929718
1,3781,87.773575
1,3782,501.423597
1,3783,87.624868
1,3784,424.504382
1,3785,309.512758
1,3786,517.736537
1,3787,88.819673
1,3788,235.643085
1,3789,500.738066
1,3790,99.868881
1,3791,551.632661
1,3792,501.621635
1,3793,539.512505
1,3794,9.989731
1,3795,399.381970
1,3796,490.533770
1,3797,522.838078
1,3798,88.974990
1,3799,408.953582
1,3800,409.015947
1,3801,234.480553
1,3802,90.887124
1,3803,438.491013
1,3804,393.939104
1,3805,366.753208
1,3806,90.224627
1,3807,534.005280
1,3808,90.456645
1,3809,260.029405
1,3810,515.952844
1,3811,341.401508
1,3812,566.459110
1,3813,108.408694
1,3814,396.223417
1,3815,535.570389
1,3816,86.363357
1,3817,351.973846
1,3818,577.384593
1,3819,397.295319
1,3820,500.406914
1,3821,434.719368
1,3822,89.838271
1,3823,422.694764
1,3824,295.446342
1,3825,211.825892
1,3826,218.023969
1,3827,439.301884
1,3828,11.287378
1,3829,489.404136
1,3830,304.780236
1,3831,89.697266
1,3832,307.240644
1,3833,427.936091
1,3834,157.221221
1,3835,514.581560
1,3836,557.490035
1,3837,432.231034
1,3838,97.320371
1,3839,313.303397
1,3840,200.327818
1,3841,375.575138
1,3842,84.785385
1,3843,522.380473
1,3844,153.825482
1,3845,106.856692
1,3846,90.789612
1,3847,504.405605
1,3848,86.725439
1,3849,36.674130
1,3850,208.240131
1,3851,391.633163
1,3852,737.391573
1,3853,489.748280
1,3854,86.292210
1,3855,571.311310
1,3856,88.681480
1,3857,269.028449
1,3858,208.914426
1,3859,448.402187
1,3860,91.317637
1,3861,546.148957
1,3862,87.379157
1,3863,499.340680
1,3864,313.908107
1,3865,464.664033
1,3866,91.239752
1,3867,354.190482
1,3868,206.698873
1,3869,560.134126
1,3870,92.303752
1,3871,512.947358
1,3872,277.934391
1,3873,340.537217
1,3874,507.049316
1,3875,545.616028
1,3876,88.900153
1,3877,237.282407
1,3878,526.244608
1,3879,9.779385
1,3880,488.512666
1,3881,408.257871
1,3882,457.418721
1,3883,405.103630
1,3884,90.132259
1,3885,459.714133
1,3886,376.914987
1,3887,291.121389
1,3888,581.818431
1,3889,88.235585
1,3890,233.332948
1,3891,561.368038
1,3892,86.550822
1,3893,229.352418
1,3894,507.799455
1,3895,538.807596
1,3896,524.083366
1,3897,500.374495
1,3898,511.143419
1,3899,143.083235
1,3900,291.684866
1,3901,377.474293
1,3902,85.166280
1,3903,424.888949
1,3904,84.092900
1,3905,466.363957
1,3906,310.139823
1,3907,544.950310
1,3908,86.580364
1,3909,233.220718
1,3910,496.117962
1,3911,696.708925
1,3912,316.980809
1,3913,403.071283
1,3914,150.181599
1,3915,429.332328
1,3916,103.787709
1,3917,405.801720
1,3918,565.677314
1,3919,213.129705
1,3920,90.293411
1,3921,441.741213
1,3922,325.999002
1,3923,312.211892
1,3924,89.719307
1,3925,376.459343
1,3926,597.259024
1,3927,151.010544
1,3928,206.473746
1,3929,230.917289
1,3930,10.212098
1,3931,535.720608
1,3932,543.071234
1,3933,88.435621
1,3934,504.566721
1,3935,381.756383
1,3936,515.261431
1,3937,109.184958
1,3938,229.340195
1,3939,539.433770
1,3940,489.665728
1,3941,525.760288
1,3942,93.571478
1,3943,502.635908
1,3944,487.469587
1,3945,111.811484
1,3946,465.843046
1,3947,365.539094
1,3948,101.592040
1,3949,431.996019
1,3950,231.013020
1,3951,371.240610
1,3952,174.743927
1,3953,213.639874
1,3954,291.194807
1,3955,88.761862
1,3956,567.402622
1,3957,364.023546
1,3958,503.314365
1,3959,520.516934
1,3960,8.809757
1,3961,490.409230
1,3962,91.470936
1,3963,8.185257
1,3964,536.653091
1,3965,376.497228
1,3966,87.366592
1,3967,324.084103
1,3968,274.553590
1,3969,457.175190
1,3970,87.959257
1,3971,6.885684
1,3972,412.787867
1,3973,497.022825
1,3974,419.069553
1,3975,105.996864
1,3976,380.403883
1,3977,103.254089
1,3978,432.536278
1,3979,536.811818
1,3980,365.762215
1,3981,202.540701
1,3982,399.137327
1,3983,154.410715
1,3984,85.950385
1,3985,336.720402
1,3986,86.436277
1,3987,407.967810
1,3988,386.602685
1,3989,488.858782
1,3990,150.981815
1,3991,421.979704
1,3992,406.916880
1,3993,521.862129
1,3994,467.715445
1,3995,143.876189
1,3996,252.237212
1,3997,205.545727
1,3998,494.458414
1,3999,84.598582
1,4000,315.968604
1,4001,427.909609
1,4002,292.641032
1,4003,446.306858
1,4004,412.732885
1,4005,86.002071
1,4006,385.043368
1,4007,416.009059
1,4008,87.764648
1,4009,397.090470
1,4010,553.220251
1,4011,182.082388
1,4012,347.728975
1,4013,246.324268
1,4014,257.317921
1,4015,359.312789
1,4016,223.693325
1,4017,420.737783
1,4018,200.905831
1,4019,467.422316
1,4020,9.200531
1,4021,492.767236
1,4022,382.721873
1,4023,90.130117
1,4024,378.865887
1,4025,87.487926
1,4026,457.009186
1,4027,129.304192
1,4028,272.209669
1,4029,336.450707
1,4030,209.267105
1,4031,90.361581
1,4032,427.922882
1,4033,335.230576
1,4034,324.827044
1,4035,486.245413
1,4036,357.938174
1,4037,92.129807
1,4038,485.207842
1,4039,298.775528
1,4040,252.213669
1,4041,219.524584
1,4042,111.527700
1,4043,409.423649
1,4044,476.313664
1,4045,593.898102
1,4046,13.849154
1,4047,492.791580
1,4048,478.718348
1,4049,89.090298
1,4050,211.457627
1,4051,475.161898
1,4052,104.232201
1,4053,510.104646
1,4054,86.617744
1,4055,311.977215
1,4056,88.629824
1,4057,574.156738
1,4058,390.082704
1,4059,156.120793
1,4060,113.074008
1,4061,166.496435
1,4062,249.317107
1,4063,350.135637
1,4064,460.830382
1,4065,209.756951
1,4066,443.854668
1,4067,85.449680
1,4068,505.303681
1,4069,537.988837
1,4070,86.697361
1,4071,391.469511
1,4072,322.943765
1,4073,518.327592
1,4074,87.960944
1,4075,456.416022
1,4076,546.416301
1,4077,84.301865
1,4078,86.046818
1,4079,514.491422
1,4080,99.274562
1,4081,206.665091
1,4082,489.228158
1,4083,253.071650
1,4084,499.066245
1,4085,403.062025
1,4086,318.155710
1,4087,389.644140
1,4088,529.034391
1,4089,81.788589
1,4090,2.309667
1,4091,393.451165
1,4092,523.039518
1,4093,84.179019
1,4094,373.786359
1,4095,85.275167
1,4096,493.471484
1,4097,445.268736
1,4098,85.373335
1,4099,206.865745
1,4100,87.200659
1,4101,373.848457
1,4102,412.222249
1,4103,86.605728
1,4104,443.114663
1,4105,314.541141
1,4106,497.354563
1,4107,88.086689
1,4108,376.670597
1,4109,517.380152
1,4110,512.169094
1,4111,238.485617
1,4112,91.188115
1,4113,386.797862
1,4114,395.761250
1,4115,77.609379
1,4116,409.658288
1,4117,357.752142
1,4118,502.171374
1,4119,81.524014
1,4120,242.901865
1,4121,483.471767
1,4122,404.812320
1,4123,167.944691
1,4124,457.542139
1,4125,81.820682
1,4126,209.993384
1,4127,381.789216
1,4128,85.419845
1,4129,281.230339
1,4130,116.901202
1,4131,530.018902
1,4132,170.791228
1,4133,331.804168
1,4134,212.993392
1,4135,178.445524
1,4136,404.188090
1,4137,13.390701
1,4138,253.373961
1,4139,116.844625
1,4140,319.831774
1,4141,6.221786
1,4142,317.249726
1,4143,87.671169
1,4144,397.427980
1,4145,97.338909
1,4146,84.800479
1,4147,203.199575
1,4148,260.294279
1,4149,167.833228
1,4150,150.483124
1,4151,532.477972
1,4152,99.824415
1,4153,484.928287
1,4154,391.904392
1,4155,87.452121
1,4156,325.226807
1,4157,86.185290
1,4158,93.615262
1,4159,472.255832
1,4160,85.615852
1,4161,7.922293
1,4162,454.238522
1,4163,85.605856
1,4164,321.620086
1,4165,161.737000
1,4166,87.218520
1,4167,347.929044
1,4168,410.623454
1,4169,311.708405
1,4170,335.213837
1,4171,274.629348
1,4172,529.778059
1,4173,86.235612
1,4174,570.465589
1,4175,367.356192
1,4176,116.995887
1,4177,502.034034
1,4178,407.311150
1,4179,507.375975
1,4180,151.418029
1,4181,269.768582
1,4182,123.064287
1,4183,376.329231
1,4184,262.278723
1,4185,153.802683
1,4186,308.946018
1,4187,7.069724
1,4188,324.391618
1,4189,82.929391
1,4190,150.121188
1,4191,256.822575
1,4192,207.059133
1,4193,289.883762
1,4194,2.553896
1,4195,240.013364
1,4196,80.090314
1,4197,275.741485
1,4198,2.553896
1,4199,251.772442
1,4200,83.082023
1,4201,332.338554
1,4202,93.796313
1,4203,82.953846
1,4204,192.612012
1,4205,260.592833
1,4206,129.007381
1,4207,161.423796
1,4208,293.972587
1,4209,84.634170
1,4210,372.410882
1,4211,323.063276
1,4212,92.110728
1,4213,152.051171
1,4214,274.409799
1,4215,9.146827
1,4216,454.906052
1,4217,89.528325
1,4218,491.571139
1,4219,480.980103
1,4220,85.544411
1,4221,350.031501
1,4222,376.736277
1,4223,88.643772
1,4224,318.049512
1,4225,85.443686
1,4226,91.802919
1,4227,511.122674
1,4228,86.081064
1,4229,7.908653
1,4230,403.644664
1,4231,86.924668
1,4232,324.992145
1,4233,152.174623
1,4234,102.719863
1,4235,367.931074
1,4236,336.103140
1,4237,108.148447
1,4238,539.339415
1,4239,491.009693
1,4240,85.209232
1,4241,356.903050
1,4242,370.798716
1,4243,401.166707
1,4244,305.113980
1,4245,351.506521
1,4246,275.983927
1,4247,539.627902
1,4248,87.066936
1,4249,482.513229
1,4250,85.032992
1,4251,7.303707
1,4252,327.483126
1,4253,84.045957
1,4254,152.701015
1,4255,258.755443
1,4256,209.550827
1,4257,401.633402
1,4258,150.444257
1,4259,156.406136
1,4260,253.991883
1,4261,204.418863
1,4262,221.829214
1,4263,531.605850
1,4264,98.545033
1,4265,127.108402
1,4266,405.562162
1,4267,516.505935
1,4268,394.568651
1,4269,77.571994
1,4270,394.831638
1,4271,81.510002
1,4272,498.667542
1,4273,289.312921
1,4274,473.294117
1,4275,203.523597
1,4276,438.438315
1,4277,82.712912
1,4278,211.880478
1,4279,362.384242
1,4280,5.937700
1,4281,443.253929
1,4282,104.549932
1,4283,222.341702
1,4284,499.729117
1,4285,466.404554
1,4286,206.424028
1,4287,86.051279
1,4288,464.968051
1,4289,291.547195
1,4290,6.523989
1,4291,344.297150
1,4292,484.831862
1,4293,87.991465
1,4294,400.182015
1,4295,85.705147
1,4296,519.213106
1,4297,88.206588
1,4298,441.585467
1,4299,157.913230
1,4300,261.333319
1,4301,368.921150
1,4302,202.718545
1,4303,277.293306
1,4304,100.460372
1,4305,511.315269
1,4306,85.507586
1,4307,205.577913
1,4308,149.301468
1,4309,103.158064
1,4310,503.536676
1,4311,89.386434
1,4312,330.152855
1,4313,501.587348
1,4314,5.422577
1,4315,558.939248
1,4316,85.291094
1,4317,106.693634
1,4318,467.406519
1,4319,84.814019
1,4320,6.614035
1,4321,266.109803
1,4322,368.427993
1,4323,100.397554
1,4324,312.021481
1,4325,406.114816
1,4326,453.351402
1,4327,396.639016
1,4328,77.571994
1,4329,398.898812
1,4330,86.311779
1,4331,92.842669
1,4332,346.548164
1,4333,365.528240
1,4334,85.868675
1,4335,467.160649
1,4336,199.887002
1,4337,107.461948
1,4338,237.882109
1,4339,358.014894
1,4340,109.142776
1,4341,294.560618
1,4342,465.475835
1,4343,83.434709
1,4344,238.897952
1,4345,288.609236
1,4346,401.169965
1,4347,85.306831
1,4348,338.108740
1,4349,411.472140
1,4350,83.863684
1,4351,87.245890
1,4352,410.284710
1,4353,526.982423
1,4354,91.546103
1,4355,108.159210
1,4356,234.865854
1,4357,253.672314
1,4358,85.052463
1,4359,153.154109
1,4360,400.050415
1,4361,84.858025
1,4362,7.174668
1,4363,221.707836
1,4364,486.965541
1,4365,218.432097
1,4366,476.689151
1,4367,149.821138
1,4368,266.048565
1,4369,466.862978
1,4370,146.921625
1,4371,503.755607
1,4372,85.056063
1,4373,206.871304
1,4374,473.535377
1,4375,203.622353
1,4376,373.822108
1,4377,87.654346
1,4378,501.419755
1,4379,343.970977
1,4380,97.461858
1,4381,212.511059
1,4382,265.777613
1,4383,88.250337
1,4384,481.428977
1,4385,87.205367
1,4386,457.004182
1,4387,296.014353
1,4388,453.124603
1,4389,560.357343
1,4390,87.911278
1,4391,402.368637
1,4392,297.455217
1,4393,523.029287
1,4394,260.456986
1,4395,206.370825
1,4396,418.737878
1,4397,85.124719
1,4398,465.343663
1,4399,87.973604
1,4400,498.487903
1,4401,410.190551
1,4402,83.302273
1,4403,448.914329
1,4404,86.487355
1,4405,388.867655
1,4406,86.738181
1,4407,536.245310
1,4408,338.119052
1,4409,4.207573
1,4410,332.577485
1,4411,257.596193
1,4412,390.321197
1,4413,99.257795
1,4414,390.533703
1,4415,83.517362
1,4416,276.499544
1,4417,84.524932
1,4418,260.255224
1,4419,564.499417
1,4420,80.921422
1,4421,475.536746
1,4422,362.435779
1,4423,480.027319
1,4424,82.085968
1,4425,495.424508
1,4426,401.323677
1,4427,81.739808
1,4428,198.313123
1,4429,587.699626
1,4430,356.669696
1,4431,101.990440
1,4432,199.507070
1,4433,1.053069
1,4434,507.688873
1,4435,82.166790
1,4436,353.915938
1,4437,328.343912
1,4438,322.668211
1,4439,332.132521
1,4440,292.350306
1,4441,7.035816
1,4442,151.453179
1,4443,293.874328
1,4444,84.547470
1,4445,232.661999
1,4446,204.582594
1,4447,220.424435
1,4448,348.434816
1,4449,551.130528
1,4450,107.250510
1,4451,225.273795
1,4452,331.862549
1,4453,214.056707
1,4454,257.254255
1,4455,83.705187
1,4456,157.131123
1,4457,201.978703
1,4458,85.829619
1,4459,8.990927
1,4460,352.831314
1,4461,86.572198
1,4462,206.863423
1,4463,523.212990
1,4464,8.928702
1,4465,279.739453
1,4466,90.727732
1,4467,296.949966
1,4468,86.316487
1,4469,250.887615
1,4470,83.880215
1,4471,343.208398
1,4472,201.034030
1,4473,291.200458
1,4474,405.639441
1,4475,97.523503
1,4476,17.418436
1,4477,351.536967
1,4478,86.477780
1,4479,151.631115
1,4480,150.351492
1,4481,256.708877
1,4482,250.754426
1,4483,84.234393
1,4484,251.954035
1,4485,92.241778
1,4486,252.244421
1,4487,251.144609
1,4488,101.134287
1,4489,447.973974
1,4490,84.895656
1,4491,224.705343
1,4492,84.698301
1,4493,315.841122
1,4494,204.584935
1,4495,252.953282
1,4496,84.206929
1,4497,155.366738
1,4498,202.059182
1,4499,335.529304
1,4500,84.809235
1,4501,363.151589
1,4502,83.133597
1,4503,353.679050
1,4504,362.264573
1,4505,328.679849
1,4506,154.559846
1,4507,109.085829
1,4508,20.907020
1,4509,384.317826
1,4510,82.430660
1,4511,479.893227
1,4512,308.928957
1,4513,296.745025
1,4514,84.201391
1,4515,288.606125
1,4516,150.890385
1,4517,233.883887
1,4518,310.460645
1,4519,303.989827
1,4520,410.035972
1,4521,93.710707
1,4522,86.685529
1,4523,387.873576
1,4524,454.024416
1,4525,556.466244
1,4526,433.610562
1,4527,477.937325
1,4528,335.484941
1,4529,75.548637
1,4530,370.572640
1,4531,80.271854
1,4532,434.592990
1,4533,284.284251
1,4534,340.389640
1,4535,147.350021
1,4536,149.123192
1,4537,291.342236
1,4538,78.225230
1,4539,206.169248
1,4540,473.660837
1,4541,83.109514
1,4542,383.351277
1,4543,81.310766
1,4544,158.706505
1,4545,384.905393
1,4546,466.669183
1,4547,372.212822
1,4548,208.530674
1,4549,85.043765
1,4550,151.106552
1,4551,82.158135
1,4552,244.724913
1,4553,330.797139
1,4554,377.094525
1,4555,201.828206
1,4556,467.383637
1,4557,84.388665
1,4558,150.241930
1,4559,203.339242
1,4560,292.547304
1,4561,81.591573
1,4562,252.813218
1,4563,81.380304
1,4564,144.753809
1,4565,82.217956
1,4566,246.759794
1,4567,361.136987
1,4568,369.281002
1,4569,403.781494
1,4570,333.844414
1,4571,151.851754
1,4572,144.838577
1,4573,315.975641
1,4574,427.687340
1,4575,458.873403
1,4576,81.101310
1,4577,399.135546
1,4578,3.088421
1,4579,332.142226
1,4580,285.882405
1,4581,80.325456
1,4582,201.854282
1,4583,395.617974
1,4584,286.544823
1,4585,365.134306
1,4586,401.293025
1,4587,404.399301
1,4588,465.946624
1,4589,83.363094
1,4590,146.444682
1,4591,426.070513
1,4592,200.247937
1,4593,294.656583
1,4594,191.482831
1,4595,140.194678
1,4596,442.174520
1,4597,76.059645
1,4598,354.200815
1,4599,287.268746
1,4600,283.315819
1,4601,395.804851
1,4602,462.218096
1,4603,78.963582
1,4604,246.716904
1,4605,142.744850
1,4606,360.796381
1,4607,80.762684
1,4608,326.781115
1,4609,145.441003
1,4610,396.686858
1,4611,230.569151
1,4612,81.044694
1,4613,438.842098
1,4614,346.669043
1,4615,403.539089
1,4616,469.300705
1,4617,403.585472
1,4618,81.328606
1,4619,288.566560
1,4620,80.062598
1,4621,287.322775
1,4622,398.576450
1,4623,81.852412
1,4624,199.991759
1,4625,327.995887
1,4626,145.597086
1,4627,198.062607
1,4628,80.787534
1,4629,501.499099
1,4630,79.495182
1,4631,365.741623
1,4632,143.638634
1,4633,293.529033
1,4634,81.935377
1,4635,198.091044
1,4636,397.807880
1,4637,398.217678
1,4638,81.506940
1,4639,4.587765
1,4640,359.077858
1,4641,80.324337
1,4642,293.849080
1,4643,80.436743
1,4644,225.832483
1,4645,602.010735
1,4646,81.162883
1,4647,427.692080
1,4648,79.890596
1,4649,324.819184
1,4650,201.514546
1,4651,207.192987
1,4652,253.422933
1,4653,291.721119
1,4654,148.433932
1,4655,242.442242
1,4656,400.118244
1,4657,78.932618
1,4658,200.834038
1,4659,241.236833
1,4660,287.977101
1,4661,195.257190
1,4662,80.165620
1,4663,330.352091
1,4664,284.004963
1,4665,80.031373
1,4666,240.265571
1,4667,197.970811
1,4668,323.809469
1,4669,144.426847
1,4670,77.513136
1,4671,362.853612
1,4672,194.416720
1,4673,199.749751
1,4674,245.529786
1,4675,287.681784
1,4676,277.546771
1,4677,391.980749
1,4678,141.295683
1,4679,194.769366
1,4680,78.396833
1,4681,197.004483
1,4682,77.558868
1,4683,244.129998
1,4684,76.227881
1,4685,92.478856
1,4686,321.953482
1,4687,294.194090
1,4688,393.257785
1,4689,331.986168
1,4690,192.489595
1,4691,357.431601
1,4692,76.172046
1,4693,292.149662
1,4694,140.849113
1,4695,226.069888
1,4696,319.186083
1,4697,487.395726
1,4698,279.201515
1,4699,356.281541
1,4700,490.333126
1,4701,265.335437
1,4702,503.818387
1,4703,473.500315
1,4704,387.214328
1,4705,281.821812
1,4706,77.618907
1,4707,360.933199
1,4708,78.685900
1,4709,284.850918
1,4710,366.995236
1,4711,328.683547
1,4712,77.519753
1,4713,395.121320
1,4714,328.781789
1,4715,254.086870
1,4716,292.140935
1,4717,399.786829
1,4718,142.536144
1,4719,98.360663
1,4720,94.270615
1,4721,291.087800
1,4722,247.649433
1,4723,331.350460
1,4724,286.651964
1,4725,425.632149
1,4726,287.120149
1,4727,157.280804
1,4728,474.343378
1,4729,80.650213
1,4730,294.165600
1,4731,387.961495
1,4732,415.776344
1,4733,370.310022
1,4734,427.365943
1,4735,80.298777
1,4736,285.650308
1,4737,464.872118
1,4738,141.429915
1,4739,285.567572
1,4740,500.633193
1,4741,437.305380
1,4742,404.584332
1,4743,365.326510
1,4744,141.138286
1,4745,401.479756
1,4746,327.680552
1,4747,419.807814
1,4748,81.396574
1,4749,199.090018
1,4750,286.302180
1,4751,395.161067
1,4752,361.833882
1,4753,77.903952
1,4754,431.692204
1,4755,81.718999
1,4756,440.184345
1,4757,472.841059
1,4758,440.629080
1,4759,77.448944
1,4760,2.103140
1,4761,329.214035
1,4762,77.930460
1,4763,318.952131
1,4764,270.052436
1,4765,343.051239
1,4766,189.826681
1,4767,392.976636
1,4768,284.420275
1,4769,201.119065
1,4770,75.221546
1,4771,196.496901
1,4772,358.087173
1,4773,142.180454
1,4774,241.574820
1,4775,285.543735
1,4776,194.758000
1,4777,83.109625
1,4778,361.806477
1,4779,483.192782
1,4780,285.593494
1,4781,195.646361
1,4782,147.276311
1,4783,143.739203
1,4784,247.982009
1,4785,291.058302
1,4786,79.483903
1,4787,326.643945
1,4788,78.779518
1,4789,200.189219
1,4790,1.243966
1,4791,143.378014
1,4792,252.967794
1,4793,344.197599
1,4794,282.526311
1,4795,362.634434
1,4796,243.826127
1,4797,143.436908
1,4798,290.428671
1,4799,357.363932
1,4800,195.358624
1,4801,249.826327
1,4802,285.870375
1,4803,398.399145
1,4804,247.675222
1,4805,249.755343
1,4806,79.378044
1,4807,468.600354
1,4808,2.423522
1,4809,291.737718
1,4810,79.372866
1,4811,202.265279
1,4812,192.181359
1,4813,364.468341
1,4814,78.778779
1,4815,244.906483
1,4816,638.475017
1,4817,501.184970
1,4818,385.976847
1,4819,406.536700
1,4820,3.010352
1,4821,471.950262
1,4822,407.691080
1,4823,467.748548
1,4824,410.679154
1,4825,324.430247
1,4826,77.574721
1,4827,79.593037
1,4828,512.671433
1,4829,309.994487
1,4830,431.910121
1,4831,474.171662
1,4832,383.983499
1,4833,432.647081
1,4834,413.776584
1,4835,88.849290
1,4836,412.214330
1,4837,224.365892
1,4838,528.251331
1,4839,395.088584
1,4840,312.744810
1,4841,384.514583
1,4842,81.465277
1,4843,373.461293
1,4844,371.436826
1,4845,413.903665
1,4846,516.789353
1,4847,289.151427
1,4848,250.310868
1,4849,442.089170
1,4850,6.348504
1,4851,201.722084
1,4852,272.238633
1,4853,433.123155
1,4854,407.397278
1,4855,295.905721
1,4856,403.851816
1,4857,343.008856
1,4858,86.239894
1,4859,87.726572
1,4860,514.555080
1,4861,149.644086
1,4862,363.514020
1,4863,448.044875
1,4864,81.557624
1,4865,440.341631
1,4866,85.365857
1,4867,199.895924
1,4868,153.354757
1,4869,292.563390
1,4870,299.074982
1,4871,201.969250
1,4872,389.357232
1,4873,74.622953
1,4874,325.539182
1,4875,364.865847
1,4876,78.504431
1,4877,102.060269
1,4878,535.349731
1,4879,384.610117
1,4880,81.172216
1,4881,417.556460
1,4882,286.010567
1,4883,431.192322
1,4884,80.995009
1,4885,266.231078
1,4886,82.090758
1,4887,437.306452
1,4888,200.182763
1,4889,408.311474
1,4890,366.104566
1,4891,345.699991
1,4892,295.844667
1,4893,462.214436
1,4894,356.369439
1,4895,542.575059
1,4896,407.789304
1,4897,615.004261
1,4898,82.629015
1,4899,247.205611
1,4900,86.230606
1,4901,444.494378
1,4902,486.494751
1,4903,86.923497
1,4904,252.841861
1,4905,97.811968
1,4906,248.617631
1,4907,217.438192
1,4908,205.540766
1,4909,85.005527
1,4910,400.813813
1,4911,83.846553
1,4912,367.270038
1,4913,81.874632
1,4914,85.994727
1,4915,414.662770
1,4916,292.834180
1,4917,407.053421
1,4918,268.577342
1,4919,139.509999
1,4920,200.295205
1,4921,290.641356
1,4922,435.007403
1,4923,80.708054
1,4924,413.554933
1,4925,80.122735
1,4926,80.574597
1,4927,521.088033
1,4928,143.784843
1,4929,458.166623
1,4930,401.984081
1,4931,83.409993
1,4932,328.773928
1,4933,330.357987
1,4934,5.472880
1,4935,212.837781
1,4936,81.827063
1,4937,408.540752
1,4938,480.291468
1,4939,409.548175
1,4940,564.622469
1,4941,289.145630
1,4942,333.996450
1,4943,339.243863
1,4944,301.171798
1,4945,374.763639
1,4946,336.216967
1,4947,254.283228
1,4948,86.462120
1,4949,249.705930
1,4950,225.272634
1,4951,421.650316
1,4952,84.087184
1,4953,247.263645
1,4954,461.862195
1,4955,83.209048
1,4956,484.370509
1,4957,147.781897
1,4958,367.308691
1,4959,336.004460
1,4960,201.606489
1,4961,83.427176
1,4962,349.123734
1,4963,81.957086
1,4964,332.209812
1,4965,247.091614
1,4966,352.904221
1,4967,352.014569
1,4968,77.598848
1,4969,284.481915
1,4970,469.109941
1,4971,354.946395
1,4972,314.118310
1,4973,140.964409
1,4974,205.839499
1,4975,363.592111
1,4976,432.488034
1,4977,439.320414
1,4978,3.832256
1,4979,249.596889
1,4980,400.972436
1,4981,82.116705
1,4982,320.135172
1,4983,80.451595
1,4984,83.294545
1,4985,366.630433
1,4986,11.336592
1,4987,152.433682
1,4988,83.431961
1,4989,247.663572
1,4990,202.901001
1,4991,9.778942
1,4992,200.661688
1,4993,250.800567
1,4994,85.147472
1,4995,393.761960
1,4996,87.955580
1,4997,89.984386
1,4998,452.880517
1,4999,81.184012
1,5000,385.853271
1,5001,430.362394
1,5002,203.081681
1,5003,488.317603
1,5004,83.947996
1,5005,333.876671
1,5006,266.510938
1,5007,460.323639
1,5008,310.339267
1,5009,274.883195
1,5010,395.631516
1,5011,205.301046
1,5012,366.464751
1,5013,83.570625
1,5014,566.257522
1,5015,81.164282
1,5016,83.433271
1,5017,551.957678
1,5018,550.979908
1,5019,206.122284
1,5020,303.516976
1,5021,293.495876
1,5022,555.026659
1,5023,82.019189
1,5024,297.840667
1,5025,144.375771
1,5026,404.789309
1,5027,332.870817
1,5028,201.747702
1,5029,360.795352
1,5030,332.334115
1,5031,243.163772
1,5032,399.253017
1,5033,305.902435
1,5034,542.276548
1,5035,419.365800
1,5036,564.336307
1,5037,471.622772
1,5038,380.325080
1,5039,83.081351
1,5040,371.071757
1,5041,365.018951
1,5042,407.695737
1,5043,462.799219
1,5044,81.274873
1,5045,433.468434
1,5046,385.079671
1,5047,430.009702
1,5048,426.936559
1,5049,558.553399
1,5050,287.826003
1,5051,334.181441
1,5052,374.251506
1,5053,116.611418
1,5054,431.800811
1,5055,239.116254
1,5056,209.182197
1,5057,279.873673
1,5058,75.023013
1,5059,165.050876
1,5060,329.562489
1,5061,284.240413
1,5062,323.575003
1,5063,78.881110
1,5064,2.145410
1,5065,80.716154
1,5066,149.764943
1,5067,259.577320
1,5068,283.353034
1,5069,80.481790
1,5070,201.968376
1,5071,100.209513
1,5072,362.081672
1,5073,152.156775
1,5074,286.311101
1,5075,2.010539
1,5076,249.610122
1,5077,84.418342
1,5078,328.595688
1,5079,81.863745
1,5080,202.832581
1,5081,5.908452
1,5082,332.363016
1,5083,206.639221
1,5084,288.562078
1,5085,275.400010
1,5086,83.774531
1,5087,200.271905
1,5088,82.503547
1,5089,331.971043
1,5090,490.814019
1,5091,2.267273
1,5092,289.817443
1,5093,151.585335
1,5094,83.963146
1,5095,147.814879
1,5096,82.310754
1,5097,85.224060
1,5098,5.176794
1,5099,325.624980
1,5100,81.722725
1,5101,149.221092
1,5102,287.863932
1,5103,334.056663
1,5104,81.871996
1,5105,247.740883
1,5106,85.808396
1,5107,290.763000
1,5108,83.701465
1,5109,204.624275
1,5110,81.246614
1,5111,81.885353
1,5112,325.269670
1,5113,146.639677
1,5114,327.599198
1,5115,203.133030
1,5116,81.501792
1,5117,252.134354
1,5118,329.545510
1,5119,334.483210
1,5120,461.635349
1,5121,150.846037
1,5122,81.751706
1,5123,151.548483
1,5124,331.834214
1,5125,405.134877
1,5126,288.428442
1,5127,81.657425
1,5128,253.558255
1,5129,79.406276
1,5130,288.304022
1,5131,286.323072
1,5132,195.110506
1,5133,367.049609
1,5134,81.275353
1,5135,293.590545
1,5136,1304.207634
1,5137,412.788682
1,5138,78.239569
1,5139,457.585726
1,5140,244.602346
1,5141,209.861045
1,5142,398.806820
1,5143,83.408035
1,5144,249.663293
1,5145,81.503874
1,5146,183.340100
1,5147,109.265812
1,5148,309.111716
1,5149,374.150046
1,5150,82.676598
1,5151,498.016800
1,5152,350.392156
1,5153,72.826904
1,5154,226.540707
1,5155,444.185622
1,5156,0.814879
1,5157,272.587060
1,5158,452.669769
1,5159,0.814879
1,5160,315.124734
1,5161,575.603564
1,5162,433.626649
1,5163,366.581243
1,5164,330.928708
1,5165,79.654812
1,5166,207.518336
1,5167,81.214320
1,5168,378.085945
1,5169,295.313633
1,5170,336.149101
1,5171,335.710540
1,5172,390.975801
1,5173,85.284577
1,5174,285.987258
1,5175,254.814826
1,5176,81.221730
1,5177,333.397197
1,5178,327.431731
1,5179,83.119227
1,5180,248.187361
1,5181,81.638502
1,5182,246.774176
1,5183,201.698305
1,5184,142.218983
1,5185,198.301177
1,5186,80.350586
1,5187,241.938854
1,5188,146.868630
1,5189,337.764641
1,5190,81.277739
1,5191,214.370917
1,5192,431.016066
1,5193,4.115055
1,5194,244.441296
1,5195,396.432367
1,5196,79.366758
1,5197,248.603884
1,5198,245.630361
1,5199,491.334878
1,5200,82.510480
1,5201,245.225855
1,5202,326.737459
1,5203,147.635152
1,5204,145.786907
1,5205,272.651356
1,5206,401.516704
1,5207,394.728398
1,5208,81.657303
1,5209,328.048518
1,5210,80.769179
1,5211,198.688564
1,5212,399.916382
1,5213,82.286096
1,5214,360.959773
1,5215,79.927200
1,5216,195.632589
1,5217,82.995580
1,5218,453.432912
1,5219,80.159389
1,5220,146.162339
1,5221,363.284048
1,5222,401.370862
1,5223,429.724155
1,5224,566.414072
1,5225,1.573252
1,5226,360.341548
1,5227,249.446699
1,5228,368.317071
1,5229,86.316124
1,5230,294.686097
1,5231,451.890060
1,5232,91.189475
1,5233,431.540046
1,5234,377.383559
1,5235,233.213859
1,5236,338.765903
1,5237,87.268576
1,5238,303.771757
1,5239,156.436273
1,5240,87.286943
1,5241,210.710501
1,5242,235.768523
1,5243,264.358346
1,5244,439.221299
1,5245,448.161025
1,5246,483.329113
1,5247,108.831746
1,5248,523.309091
1,5249,90.065208
1,5250,294.977050
1,5251,87.465894
1,5252,90.873906
1,5253,286.278453
1,5254,210.473634
1,5255,88.725119
1,5256,398.857715
1,5257,107.717230
1,5258,214.508138
1,5259,580.414625
1,5260,353.675005
1,5261,212.213254
1,5262,109.022733
1,5263,443.871965
1,5264,333.250700
1,5265,367.079524
1,5266,89.849317
1,5267,469.303591
1,5268,381.201120
1,5269,286.383003
1,5270,190.555291
1,5271,292.947761
1,5272,310.059101
1,5273,220.634329
1,5274,206.985794
1,5275,388.436764
1,5276,334.753570
1,5277,85.981906
1,5278,234.317448
1,5279,261.497392
1,5280,312.427654
1,5281,399.072627
1,5282,322.573589
1,5283,89.499826
1,5284,385.306856
1,5285,86.941285
1,5286,91.056218
1,5287,240.270729
1,5288,87.806179
1,5289,321.157237
1,5290,349.096141
1,5291,78.684891
1,5292,203.156764
1,5293,208.625432
1,5294,90.881520
1,5295,288.081541
1,5296,174.828875
1,5297,282.723848
1,5298,86.204396
1,5299,417.992460
1,5300,164.801474
1,5301,99.413469
1,5302,348.787533
1,5303,317.578854
1,5304,86.634153
1,5305,32.417179
1,5306,336.883479
1,5307,269.194287
1,5308,325.830432
1,5309,288.090609
1,5310,209.240179
1,5311,426.391653
1,5312,310.787525
1,5313,8.921150
1,5314,227.702197
1,5315,217.696067
1,5316,439.955104
1,5317,157.151448
1,5318,451.062977
1,5319,298.589979
1,5320,89.547633
1,5321,194.326047
1,5322,97.416092
1,5323,139.088452
1,5324,356.413314
1,5325,442.850990
1,5326,327.740644
1,5327,109.112944
1,5328,242.818836
1,5329,10.508489
1,5330,463.838913
1,5331,89.514164
1,5332,299.248468
1,5333,296.682606
1,5334,301.339326
1,5335,158.491713
1,5336,319.774150
1,5337,420.310276
1,5338,87.646563
1,5339,9.066366
1,5340,383.859108
1,5341,89.587091
1,5342,199.326206
1,5343,325.927004
1,5344,86.562640
1,5345,405.784958
1,5346,87.834486
1,5347,440.098745
1,5348,285.268197
1,5349,275.300795
1,5350,151.426936
1,5351,341.129250
1,5352,9.979506
1,5353,363.259759
1,5354,182.467439
1,5355,232.396155
1,5356,274.884266
1,5357,91.176760
1,5358,430.064224
1,5359,84.038150
1,5360,243.849395
1,5361,306.579435
1,5362,167.159632
1,5363,545.107789
1,5364,87.832670
1,5365,300.238372
1,5366,384.458384
1,5367,146.219920
1,5368,201.530095
1,5369,441.883033
1,5370,202.073496
1,5371,86.133008
1,5372,337.049400
1,5373,328.517038
1,5374,120.754037
1,5375,151.876081
1,5376,100.577308
1,5377,252.456498
1,5378,370.517592
1,5379,229.115696
1,5380,478.327608
1,5381,204.016070
1,5382,462.318816
1,5383,400.328691
1,5384,388.921376
1,5385,351.934761
1,5386,86.732337
1,5387,189.968107
1,5388,220.940241
1,5389,353.783317
1,5390,89.158738
1,5391,374.577544
1,5392,156.976721
1,5393,403.354550
1,5394,363.394858
1,5395,191.121610
1,5396,90.475749
1,5397,119.667672
1,5398,427.961755
1,5399,377.572317
1,5400,87.205454
1,5401,343.758508
1,5402,91.986702
1,5403,390.467668
1,5404,433.453342
1,5405,88.821091
1,5406,387.719396
1,5407,92.673174
1,5408,355.355921
1,5409,86.578064
1,5410,237.358377
1,5411,48.222263
1,5412,528.988152
1,5413,86.825856
1,5414,224.011899
1,5415,232.038781
1,5416,162.208552
1,5417,191.918473
1,5418,397.197293
1,5419,86.477693
1,5420,372.148290
1,5421,274.797583
1,5422,451.769451
1,5423,250.631551
1,5424,223.373304
1,5425,209.173277
1,5426,175.113231
1,5427,380.798113
1,5428,492.357705
1,5429,93.184764
1,5430,384.940410
1,5431,89.005883
1,5432,137.224141
1,5433,354.371972
1,5434,153.951045
1,5435,178.999589
1,5436,171.229210
1,5437,203.437636
1,5438,276.874406
1,5439,18.011322
1,5440,469.288756
1,5441,92.005482
1,5442,469.721419
1,5443,84.890270
1,5444,214.881300
1,5445,88.363223
1,5446,111.403120
1,5447,154.302571
1,5448,104.974417
1,5449,88.564159
1,5450,358.577948
1,5451,6.001110
1,5452,349.353829
1,5453,506.721536
1,5454,211.821260
1,5455,118.060338
1,5456,282.222534
1,5457,280.198282
1,5458,84.523052
1,5459,328.268526
1,5460,5.262530
1,5461,263.887594
1,5462,85.179065
1,5463,241.207073
1,5464,520.460822
1,5465,422.223932
1,5466,84.806225
1,5467,152.011299
1,5468,149.416545
1,5469,348.456110
1,5470,83.217262
1,5471,388.649988
1,5472,102.901501
1,5473,287.616688
1,5474,125.203094
1,5475,239.914454
1,5476,239.057281
1,5477,368.960742
1,5478,338.914187
1,5479,80.810510
1,5480,204.064062
1,5481,313.424371
1,5482,318.611632
1,5483,569.816191
1,5484,188.495005
1,5485,336.139590
1,5486,104.061382
1,5487,365.369611
1,5488,174.448493
1,5489,326.423173
1,5490,7.785093
1,5491,284.450576
1,5492,85.138601
1,5493,89.443735
1,5494,255.278375
1,5495,108.485733
1,5496,89.544991
1,5497,126.849710
1,5498,276.086142
1,5499,87.555450
1,5500,184.846981
1,5501,87.236687
1,5502,358.619698
1,5503,152.454365
1,5504,131.644346
1,5505,412.889971
1,5506,93.753593
1,5507,86.737784
1,5508,317.292522
1,5509,319.881779
1,5510,177.092803
1,5511,247.942233
1,5512,115.157399
1,5513,283.786424
1,5514,127.063968
1,5515,222.568072
1,5516,458.103092
1,5517,87.780256
1,5518,138.927085
1,5519,362.414587
1,5520,373.536210
1,5521,91.445038
1,5522,258.095318
1,5523,87.354850
1,5524,262.540638
1,5525,91.125261
1,5526,407.034331
1,5527,524.436474
1,5528,138.888814
1,5529,346.044909
1,5530,89.586500
1,5531,260.817660
1,5532,439.585277
1,5533,368.171680
1,5534,86.180970
1,5535,218.819926
1,5536,201.564023
1,5537,85.650602
1,5538,302.237808
1,5539,101.155238
1,5540,434.823562
1,5541,91.919430
1,5542,435.173351
1,5543,149.645255
1,5544,110.250546
1,5545,285.171673
1,5546,449.459466
1,5547,344.315713
1,5548,100.803401
1,5549,97.397315
1,5550,383.881005
1,5551,300.399581
1,5552,147.083807
1,5553,423.454412
1,5554,269.740779
1,5555,89.715629
1,5556,730.151194
1,5557,151.367011
1,5558,114.185390
1,5559,518.879612
1,5560,344.078327
1,5561,551.616966
1,5562,83.336743
1,5563,387.801338
1,5564,231.970020
1,5565,324.280441
1,5566,99.869908
1,5567,254.482475
1,5568,352.124455
1,5569,369.804641
1,5570,431.457461
1,5571,338.735501
1,5572,81.319259
1,5573,204.966131
1,5574,87.940047
1,5575,255.526715
1,5576,202.637042
1,5577,345.052631
1,5578,86.732825
1,5579,209.612071
1,5580,87.471451
1,5581,369.103284
1,5582,86.329923
1,5583,334.724510
1,5584,213.714646
1,5585,87.899705
1,5586,415.618508
1,5587,226.707888
1,5588,222.198364
1,5589,366.570402
1,5590,7.883985
1,5591,392.160147
1,5592,350.752064
1,5593,218.995146
1,5594,545.908782
1,5595,204.011691
1,5596,306.112036
1,5597,88.643102
1,5598,357.067846
1,5599,275.421800
1,5600,207.763593
1,5601,87.265030
1,5602,302.684910
1,5603,254.992163
1,5604,259.916161
1,5605,250.690624
1,5606,105.213767
1,5607,299.970915
1,5608,253.160435
1,5609,8.827216
1,5610,347.537330
1,5611,212.145127
1,5612,293.813412
1,5613,210.015191
1,5614,336.189764
1,5615,446.455891
1,5616,205.118513
1,5617,8.860843
1,5618,394.652895
1,5619,86.451401
1,5620,295.973307
1,5621,84.177545
1,5622,380.611202
1,5623,84.984649
1,5624,87.255269
1,5625,330.440939
1,5626,430.544413
1,5627,86.541901
1,5628,207.443369
1,5629,85.395750
1,5630,256.528490
1,5631,149.163856
1,5632,152.535002
1,5633,202.485593
1,5634,234.168206
1,5635,329.979340
1,5636,86.415169
1,5637,103.307299
1,5638,113.871862
1,5639,437.698244
1,5640,85.767443
1,5641,434.751066
1,5642,88.976131
1,5643,418.295990
1,5644,88.710283
1,5645,334.299822
1,5646,290.130155
1,5647,433.476564
1,5648,151.076100
1,5649,86.186784
1,5650,410.936956
1,5651,168.820764
1,5652,340.146460
1,5653,212.597013
1,5654,315.316543
1,5655,362.044983
1,5656,79.188821
1,5657,199.507070
1,5658,1.053069
1,5659,505.521419
1,5660,96.558686
1,5661,346.980085
1,5662,347.330811
1,5663,314.778677
1,5664,349.472155
1,5665,307.782580
1,5666,19.173560
1,5667,167.492341
1,5668,268.385066
1,5669,84.547470
1,5670,226.766524
1,5671,218.801094
1,5672,216.262923
1,5673,349.648590
1,5674,575.752808
1,5675,89.737480
1,5676,225.187097
1,5677,343.480104
1,5678,229.055491
1,5679,257.254255
1,5680,83.705187
1,5681,157.131123
1,5682,201.978703
1,5683,85.829619
1,5684,8.990927
1,5685,354.565277
1,5686,86.572198
1,5687,220.214941
1,5688,537.778282
1,5689,8.928702
1,5690,279.999548
1,5691,90.727732
1,5692,315.590073
1,5693,86.316487
1,5694,250.887615
1,5695,99.052395
1,5696,364.449450
1,5697,217.940173
1,5698,304.898769
1,5699,419.771243
1,5700,86.946326
1,5701,17.418436
1,5702,336.971675
1,5703,86.477780
1,5704,151.631115
1,5705,150.351492
1,5706,273.875115
1,5707,266.620191
1,5708,97.152420
1,5709,251.954035
1,5710,108.887826
1,5711,252.244421
1,5712,251.144609
1,5713,88.476354
1,5714,481.005977
1,5715,84.895656
1,5716,222.017700
1,5717,84.698301
1,5718,311.853006
1,5719,218.890133
1,5720,267.518575
1,5721,84.206929
1,5722,169.411842
1,5723,215.150606
1,5724,349.661106
1,5725,84.809235
1,5726,378.757260
1,5727,99.866344
1,5728,352.898767
1,5729,378.737226
1,5730,354.429206
1,5731,154.559846
1,5732,101.803183
1,5733,6.255029
1,5734,358.741866
1,5735,95.522084
1,5736,469.142654
1,5737,314.304244
1,5738,310.269940
1,5739,84.201391
1,5740,299.530094
1,5741,150.890385
1,5742,225.300769
1,5743,323.465370
1,5744,321.329461
1,5745,390.095393
1,5746,80.705982
1,5747,86.685529
1,5748,371.400924
1,5749,439.719218
1,5750,564.962665
1,5751,407.167620
1,5752,447.853060
1,5753,335.484941
1,5754,75.548637
1,5755,370.572640
1,5756,80.271854
1,5757,434.592990
1,5758,295.468314
1,5759,367.872959
1,5760,159.574463
1,5761,149.123192
1,5762,311.282815
1,5763,78.225230
1,5764,223.682278
1,5765,492.907830
1,5766,83.109514
1,5767,397.829871
1,5768,81.310766
1,5769,176.132837
1,5770,397.823420
1,5771,484.355610
1,5772,383.656980
1,5773,227.257479
1,5774,85.043765
1,5775,165.238353
1,5776,82.158135
1,5777,259.810395
1,5778,354.118947
1,5779,370.418766
1,5780,216.480196
1,5781,465.129484
1,5782,84.388665
1,5783,150.241930
1,5784,217.557741
1,5785,304.598350
1,5786,81.591573
1,5787,266.945020
1,5788,81.380304
1,5789,155.937873
1,5790,82.217956
1,5791,261.498483
1,5792,377.522941
1,5793,388.181203
1,5794,419.127070
1,5795,352.744615
1,5796,167.110632
1,5797,144.838577
1,5798,321.264230
1,5799,442.686124
1,5800,484.796156
1,5801,81.101310
1,5802,418.035747
1,5803,3.088421
1,5804,356.417714
1,5805,305.042701
1,5806,80.325456
1,5807,219.974200
1,5808,407.755718
1,5809,304.231249
1,5810,382.907431
1,5811,433.371348
1,5812,416.970536
1,5813,485.973901
1,5814,83.363094
1,5815,146.444682
1,5816,444.710619
1,5817,187.243211
1,5818,292.662525
1,5819,191.482831
1,5820,140.194678
1,5821,442.001123
1,5822,76.059645
1,5823,333.913443
1,5824,287.268746
1,5825,283.315819
1,5826,395.804851
1,5827,441.757327
1,5828,78.963582
1,5829,259.721629
1,5830,142.744850
1,5831,373.714408
1,5832,80.762684
1,5833,339.872539
1,5834,163.994411
1,5835,408.477809
1,5836,230.569151
1,5837,93.962721
1,5838,461.296923
1,5839,366.262829
1,5840,418.451174
1,5841,490.975248
1,5842,428.901338
1,5843,99.621920
1,5844,306.339685
1,5845,92.633832
1,5846,308.043638
1,5847,429.961187
1,5848,81.852412
1,5849,199.991759
1,5850,342.127688
1,5851,159.988982
1,5852,208.639784
1,5853,80.787534
1,5854,474.622667
1,5855,92.673304
1,5856,381.173897
1,5857,158.810814
1,5858,310.088383
1,5859,81.935377
1,5860,213.956809
1,5861,413.673645
1,5862,442.953934
1,5863,81.506940
1,5864,20.800323
1,5865,377.197775
1,5866,80.324337
1,5867,290.381153
1,5868,80.436743
1,5869,200.083126
1,5870,523.982383
1,5871,81.162883
1,5872,460.550686
1,5873,79.890596
1,5874,342.072120
1,5875,218.594086
1,5876,223.232148
1,5877,267.554735
1,5878,311.835095
1,5879,160.831770
1,5880,242.442242
1,5881,388.934180
1,5882,78.932618
1,5883,200.834038
1,5884,265.685717
1,5885,303.149281
1,5886,211.383050
1,5887,80.165620
1,5888,346.044460
1,5889,298.310161
1,5890,80.031373
1,5891,253.530391
1,5892,197.970811
1,5893,337.074289
1,5894,144.426847
1,5895,77.513136
1,5896,381.407020
1,5897,210.022391
1,5898,217.696272
1,5899,256.973944
1,5900,305.108116
1,5901,294.539613
1,5902,416.516331
1,5903,141.295683
1,5904,194.769366
1,5905,78.396833
1,5906,216.511571
1,5907,77.558868
1,5908,258.001705
1,5909,76.227881
1,5910,77.480072
1,5911,346.315668
1,5912,314.221367
1,5913,426.723279
1,5914,354.354295
1,5915,211.216399
1,5916,375.551518
1,5917,90.043753
1,5918,313.304015
1,5919,155.067613
1,5920,219.394129
1,5921,319.186083
1,5922,470.749678
1,5923,329.139661
1,5924,388.446562
1,5925,562.812796
1,5926,246.782028
1,5927,447.031086
1,5928,450.351903
1,5929,380.538569
1,5930,292.398989
1,5931,77.618907
1,5932,372.637452
1,5933,78.685900
1,5934,297.422153
1,5935,386.155532
1,5936,328.683547
1,5937,77.519753
1,5938,395.121320
1,5939,328.781789
1,5940,273.940751
1,5941,309.480569
1,5942,399.786829
1,5943,142.536144
1,5944,79.893953
1,5945,95.571088
1,5946,337.731416
1,5947,287.357195
1,5948,367.850389
1,5949,301.130558
1,5950,441.151121
1,5951,299.084497
1,5952,157.280804
1,5953,493.416976
1,5954,94.695316
1,5955,307.690515
1,5956,369.581483
1,5957,416.209835
1,5958,404.729195
1,5959,445.139067
1,5960,80.298777
1,5961,285.650308
1,5962,488.454020
1,5963,141.429915
1,5964,285.567572
1,5965,496.731775
1,5966,468.603419
1,5967,421.837268
1,5968,399.572287
1,5969,141.138286
1,5970,419.252881
1,5971,347.621131
1,5972,435.240088
1,5973,81.396574
1,5974,199.090018
1,5975,286.302180
1,5976,410.333247
1,5977,374.838608
1,5978,77.903952
1,5979,450.245612
1,5980,81.718999
1,5981,466.280494
1,5982,493.215128
1,5983,472.187214
1,5984,77.448944
1,5985,2.103140
1,5986,357.651035
1,5987,77.930460
1,5988,318.952131
1,5989,251.152235
1,5990,335.161705
1,5991,203.004803
1,5992,406.328154
1,5993,301.066324
1,5994,224.354174
1,5995,75.221546
1,5996,212.969553
1,5997,374.993316
1,5998,156.225557
1,5999,254.926338
1,6000,285.543735
1,6001,208.629707
1,6002,83.109625
1,6003,361.806477
1,6004,483.192782
1,6005,298.251426
1,6006,195.646361
1,6007,162.535189
1,6008,143.739203
1,6009,261.073433
1,6010,305.970388
1,6011,79.483903
1,6012,342.162917
1,6013,78.779518
1,6014,200.189219
1,6015,1.243966
1,6016,143.378014
1,6017,272.214787
1,6018,349.659583
1,6019,296.137924
1,6020,382.661711
1,6021,243.826127
1,6022,159.822862
1,6023,307.681606
1,6024,368.027807
1,6025,195.358624
1,6026,249.826327
1,6027,285.870375
1,6028,417.472742
1,6029,263.020798
1,6030,263.887145
1,6031,79.378044
1,6032,486.720272
1,6033,2.423522
1,6034,313.412260
1,6035,79.372866
1,6036,216.830571
1,6037,192.181359
1,6038,377.733161
1,6039,78.778779
1,6040,244.906483
1,6041,721.185071
1,6042,531.529329
1,6043,399.241667
1,6044,426.390581
1,6045,3.010352
1,6046,492.150935
1,6047,434.220720
1,6048,494.538283
1,6049,412.499815
1,6050,336.914783
1,6051,77.574721
1,6052,93.031254
1,6053,528.450500
1,6054,291.007588
1,6055,422.026530
1,6056,466.195431
1,6057,395.340959
1,6058,428.745663
1,6059,391.755248
1,6060,88.849290
1,6061,404.064702
1,6062,224.365892
1,6063,668.875763
1,6064,425.779736
1,6065,312.744810
1,6066,397.692704
1,6067,81.465277
1,6068,385.338942
1,6069,390.076933
1,6070,445.461798
1,6071,554.069566
1,6072,303.023134
1,6073,250.310868
1,6074,460.642578
1,6075,6.348504
1,6076,222.009455
1,6077,312.033093
1,6078,446.301277
1,6079,426.730969
1,6080,318.707340
1,6081,420.757960
1,6082,367.110948
1,6083,86.239894
1,6084,102.812054
1,6085,535.189244
1,6086,149.644086
1,6087,357.878639
1,6088,471.019890
1,6089,91.701310
1,6090,462.536363
1,6091,85.365857
1,6092,214.808009
1,6093,169.220522
1,6094,310.336515
1,6095,313.553576
1,6096,201.969250
1,6097,380.253924
1,6098,86.760697
1,6099,339.584285
1,6100,356.109332
1,6101,78.504431
1,6102,83.940351
1,6103,516.796323
1,6104,340.654145
1,6105,81.172216
1,6106,423.798728
1,6107,289.825287
1,6108,426.684017
1,6109,80.995009
1,6110,251.145596
1,6111,93.621614
1,6112,459.327787
1,6113,218.562775
1,6114,404.410056
1,6115,366.104566
1,6116,345.699991
1,6117,310.930148
1,6118,477.126521
1,6119,347.959717
1,6120,595.200848
1,6121,427.903280
1,6122,630.956725
1,6123,82.629015
1,6124,261.424111
1,6125,96.547688
1,6126,469.983640
1,6127,520.046943
1,6128,98.714448
1,6129,267.407153
1,6130,82.986581
1,6131,248.617631
1,6132,203.219692
1,6133,224.094174
1,6134,85.005527
1,6135,416.679578
1,6136,97.804959
1,6137,381.401840
1,6138,94.792659
1,6139,85.994727
1,6140,433.909764
1,6141,310.260512
1,6142,419.191164
1,6143,268.490644
1,6144,139.509999
1,6145,200.295205
1,6146,309.888350
1,6147,472.634408
1,6148,80.708054
1,6149,413.554933
1,6150,80.122735
1,6151,80.574597
1,6152,532.705588
1,6153,143.784843
1,6154,458.166623
1,6155,421.924660
1,6156,96.761511
1,6157,343.165824
1,6158,354.546776
1,6159,5.472880
1,6160,239.627516
1,6161,81.827063
1,6162,429.608407
1,6163,531.096596
1,6164,425.153845
1,6165,564.969262
1,6166,309.346303
1,6167,353.937029
1,6168,357.970668
1,6169,326.747758
1,6170,422.100840
1,6171,368.728781
1,6172,273.010033
1,6173,86.462120
1,6174,249.705930
1,6175,225.272634
1,6176,418.008993
1,6177,84.087184
1,6178,247.263645
1,6179,488.912024
1,6180,96.820660
1,6181,500.236274
1,6182,169.022949
1,6183,383.521249
1,6184,353.170698
1,6185,216.345178
1,6186,83.427176
1,6187,258.784241
1,6188,93.834736
1,6189,345.301235
1,6190,247.091614
1,6191,325.334203
1,6192,325.571628
1,6193,77.598848
1,6194,284.481915
1,6195,469.109941
1,6196,330.324115
1,6197,293.050654
1,6198,140.964409
1,6199,205.839499
1,6200,363.592111
1,6201,432.488034
1,6202,468.190905
1,6203,3.832256
1,6204,267.716806
1,6205,429.322737
1,6206,82.116705
1,6207,311.031864
1,6208,80.451595
1,6209,83.294545
1,6210,366.630433
1,6211,11.336592
1,6212,152.433682
1,6213,98.950933
1,6214,259.281126
1,6215,215.212141
1,6216,9.778942
1,6217,200.661688
1,6218,250.800567
1,6219,85.147472
1,6220,389.773844
1,6221,87.955580
1,6222,103.422602
1,6223,409.618130
1,6224,81.184012
1,6225,414.463667
1,6226,452.903918
1,6227,218.860747
1,6228,509.125163
1,6229,83.947996
1,6230,349.135549
1,6231,309.686626
1,6232,498.730928
1,6233,306.958038
1,6234,254.335729
1,6235,395.631516
1,6236,222.553982
1,6237,383.110799
1,6238,83.570625
1,6239,588.192159
1,6240,81.164282
1,6241,83.433271
1,6242,517.365108
1,6243,524.363570
1,6244,223.288521
1,6245,320.163025
1,6246,307.887772
1,6247,620.743872
1,6248,91.209195
1,6249,276.339521
1,6250,144.375771
1,6251,383.114766
1,6252,351.510923
1,6253,214.839126
1,6254,380.909327
1,6255,358.690359
1,6256,253.914345
1,6257,395.178203
1,6258,307.636398
1,6259,546.177966
1,6260,416.591458
1,6261,517.345899
1,6262,476.391171
1,6263,384.746687
1,6264,83.081351
1,6265,388.584787
1,6266,384.179246
1,6267,421.914237
1,6268,458.637707
1,6269,81.274873
1,6270,446.733254
1,6271,388.547598
1,6272,441.887351
1,6273,429.884297
1,6274,586.036719
1,6275,309.153752
1,6276,350.220602
1,6277,394.018689
1,6278,98.231406
1,6279,450.440918
1,6280,249.346638
1,6281,216.204749
1,6282,261.320265
1,6283,75.023013
1,6284,162.016440
1,6285,348.549388
1,6286,304.267690
1,6287,323.575003
1,6288,78.881110
1,6289,2.145410
1,6290,80.716154
1,6291,149.764943
1,6292,278.390823
1,6293,267.920760
1,6294,80.481790
1,6295,215.579989
1,6296,81.049218
1,6297,362.081672
1,6298,152.156775
1,6299,286.311101
1,6300,2.010539
1,6301,249.610122
1,6302,84.418342
1,6303,328.595688
1,6304,95.128565
1,6305,215.577212
1,6306,5.908452
1,6307,345.714534
1,6308,215.915925
1,6309,288.562078
1,6310,255.806224
1,6311,97.126050
1,6312,200.271905
1,6313,94.641291
1,6314,343.761994
1,6315,501.998083
1,6316,2.267273
1,6317,289.817443
1,6318,167.104307
1,6319,83.963146
1,6320,166.108192
1,6321,82.310754
1,6322,101.783411
1,6323,5.176794
1,6324,342.877916
1,6325,81.722725
1,6326,149.221092
1,6327,304.943472
1,6328,348.708654
1,6329,96.090496
1,6330,247.740883
1,6331,99.680103
1,6332,303.420933
1,6333,83.701465
1,6334,221.357021
1,6335,81.246614
1,6336,94.890078
1,6337,338.274395
1,6338,146.639677
1,6339,343.118170
1,6340,223.247006
1,6341,81.501792
1,6342,268.173516
1,6343,345.324577
1,6344,353.730204
1,6345,480.015361
1,6346,150.846037
1,6347,115.910785
1,6348,151.548483
1,6349,350.214226
1,6350,434.785651
1,6351,305.247887
1,6352,81.657425
1,6353,273.152042
1,6354,79.406276
1,6355,315.093756
1,6356,307.304029
1,6357,195.110506
1,6358,405.803691
1,6359,81.275353
1,6360,310.930179
1,6361,1261.812229
1,6362,395.535746
1,6363,78.239569
1,6364,457.585726
1,6365,244.602346
1,6366,192.868203
1,6367,369.502838
1,6368,83.408035
1,6369,249.663293
1,6370,109.160590
1,6371,171.375753
1,6372,93.400047
1,6373,342.403813
1,6374,407.095351
1,6375,96.548305
1,6376,523.072571
1,6377,340.075074
1,6378,85.571535
1,6379,199.057388
1,6380,438.463543
1,6381,0.814879
1,6382,249.351950
1,6383,432.989285
1,6384,0.814879
1,6385,295.184155
1,6386,547.686753
1,6387,417.327393
1,6388,332.162070
1,6389,345.840793
1,6390,79.654812
1,6391,224.857970
1,6392,81.214320
1,6393,399.587091
1,6394,295.313633
1,6395,336.149101
1,6396,347.414793
1,6397,405.454395
1,6398,85.284577
1,6399,285.987258
1,6400,277.529746
1,6401,81.221730
1,6402,349.176263
1,6403,341.823627
1,6404,83.119227
1,6405,248.187361
1,6406,81.638502
1,6407,261.252770
1,6408,216.436994
1,6409,142.218983
1,6410,215.554113
1,6411,96.129653
1,6412,252.169238
1,6413,146.868630
1,6414,349.815687
1,6415,81.277739
1,6416,249.136883
1,6417,453.991081
1,6418,4.115055
1,6419,261.434137
1,6420,416.026153
1,6421,91.851294
1,6422,270.018332
1,6423,262.103013
1,6424,518.644801
1,6425,82.510480
1,6426,260.398035
1,6427,339.655486
1,6428,147.635152
1,6429,145.786907
1,6430,246.035018
1,6431,423.191246
1,6432,408.166615
1,6433,81.657303
1,6434,340.272960
1,6435,80.769179
1,6436,216.288292
1,6437,418.122997
1,6438,82.286096
1,6439,375.871859
1,6440,79.927200
1,6441,208.463918
1,6442,82.995580
1,6443,454.386592
1,6444,80.159389
1,6445,146.162339
1,6446,393.021520
1,6447,415.849456
1,6448,444.549542
1,6449,292.532874
1,6450,87.682828
1,6451,372.783980
1,6452,254.155696
1,6453,415.733417
1,6454,305.099192
1,6455,352.439580
1,6456,461.553617
1,6457,554.494909
1,6458,87.120773
1,6459,348.624520
1,6460,87.773575
1,6461,484.864247
1,6462,87.624868
1,6463,412.193242
1,6464,310.553136
1,6465,504.905208
1,6466,88.819673
1,6467,238.504125
1,6468,508.367505
1,6469,99.868881
1,6470,543.136240
1,6471,429.662154
1,6472,556.331950
1,6473,9.989731
1,6474,446.632473
1,6475,481.603859
1,6476,538.270352
1,6477,88.974990
1,6478,407.046223
1,6479,413.697648
1,6480,227.197907
1,6481,90.887124
1,6482,396.269005
1,6483,421.335726
1,6484,364.499056
1,6485,90.224627
1,6486,504.267808
1,6487,90.456645
1,6488,252.486664
1,6489,523.755679
1,6490,321.200835
1,6491,545.304757
1,6492,91.675947
1,6493,425.354002
1,6494,562.620218
1,6495,103.009405
1,6496,342.176953
1,6497,538.977304
1,6498,381.082762
1,6499,493.731154
1,6500,422.061435
1,6501,89.838271
1,6502,380.906246
1,6503,306.110217
1,6504,259.856678
1,6505,236.924170
1,6506,455.514442
1,6507,11.287378
1,6508,464.088270
1,6509,323.507040
1,6510,104.435955
1,6511,286.259687
1,6512,398.198618
1,6513,157.221221
1,6514,489.785884
1,6515,512.146892
1,6516,405.614696
1,6517,95.586408
1,6518,293.189421
1,6519,200.327818
1,6520,304.656035
1,6521,84.785385
1,6522,487.267715
1,6523,153.825482
1,6524,90.123946
1,6525,90.789612
1,6526,513.942404
1,6527,86.725439
1,6528,8.150433
1,6529,208.240131
1,6530,377.674758
1,6531,674.448702
1,6532,449.000141
1,6533,86.292210
1,6534,479.064458
1,6535,88.681480
1,6536,265.127032
1,6537,220.185188
1,6538,414.849995
1,6539,91.317637
1,6540,499.071850
1,6541,87.379157
1,6542,442.206587
1,6543,298.129041
1,6544,477.668758
1,6545,91.239752
1,6546,331.822354
1,6547,206.698873
1,6548,502.826636
1,6549,92.303752
1,6550,498.295368
1,6551,266.576930
1,6552,360.304400
1,6553,500.807048
1,6554,508.422514
1,6555,88.900153
1,6556,234.768160
1,6557,505.350349
1,6558,9.779385
1,6559,460.075667
1,6560,400.455035
1,6561,432.189554
1,6562,407.444481
1,6563,90.132259
1,6564,443.241481
1,6565,370.672719
1,6566,310.888572
1,6567,555.722282
1,6568,100.980216
1,6569,212.265293
1,6570,514.290932
1,6571,86.550822
1,6572,239.582802
1,6573,502.424169
1,6574,593.860934
1,6575,440.419632
1,6576,516.413656
1,6577,503.600678
1,6578,143.083235
1,6579,236.978321
1,6580,347.303329
1,6581,96.697137
1,6582,435.119333
1,6583,84.092900
1,6584,480.495759
1,6585,302.510384
1,6586,515.039442
1,6587,86.580364
1,6588,234.607889
1,6589,476.697572
1,6590,739.451122
1,6591,331.112610
1,6592,405.585530
1,6593,150.181599
1,6594,435.574597
1,6595,89.916001
1,6596,350.314892
1,6597,542.615601
1,6598,213.129705
1,6599,90.293411
1,6600,411.050061
1,6601,306.145121
1,6602,309.090758
1,6603,89.719307
1,6604,365.101883
1,6605,578.618917
1,6606,151.010544
1,6607,220.432151
1,6608,235.685688
1,6609,10.212098
1,6610,511.791913
1,6611,546.105670
1,6612,88.435621
1,6613,486.186709
1,6614,390.772992
1,6615,523.324361
1,6616,105.803729
1,6617,212.520750
1,6618,562.668879
1,6619,503.190642
1,6620,528.361233
1,6621,93.571478
1,6622,435.618223
1,6623,476.805712
1,6624,87.882789
1,6625,451.451149
1,6626,334.414451
1,6627,87.893729
1,6628,449.855841
1,6629,267.252855
1,6630,391.007793
1,6631,159.311653
1,6632,231.326301
1,6633,291.888393
1,6634,88.761862
1,6635,526.914576
1,6636,347.724290
1,6637,476.871423
1,6638,556.756769
1,6639,19.040141
1,6640,507.141976
1,6641,91.470936
1,6642,8.185257
1,6643,551.911969
1,6644,416.465085
1,6645,87.366592
1,6646,334.921374
1,6647,260.248392
1,6648,417.814221
1,6649,87.959257
1,6650,6.885684
1,6651,401.863898
1,6652,519.737745
1,6653,425.398519
1,6654,90.044401
1,6655,376.675861
1,6656,89.122287
1,6657,432.362882
1,6658,517.044635
1,6659,381.281187
1,6660,202.540701
1,6661,407.460351
1,6662,170.103084
1,6663,85.950385
1,6664,347.904466
1,6665,86.436277
1,6666,427.388200
1,6667,435.413755
1,6668,528.739940
1,6669,150.981815
1,6670,481.801441
1,6671,421.568871
1,6672,555.154226
1,6673,501.180938
1,6674,163.643372
1,6675,252.237212
1,6676,221.064700
1,6677,522.115130
1,6678,84.598582
1,6679,333.741729
1,6680,443.428582
1,6681,306.599437
1,6682,446.306858
1,6683,412.732885
1,6684,86.002071
1,6685,405.417438
1,6686,436.123034
1,6687,87.764648
1,6688,413.563123
1,6689,554.780818
1,6690,180.088330
1,6691,370.877386
1,6692,234.099826
1,6693,224.199220
1,6694,378.559782
1,6695,203.752746
1,6696,392.127387
1,6697,152.875045
1,6698,430.835689
1,6699,9.200531
1,6700,439.361164
1,6701,342.233827
1,6702,90.130117
1,6703,378.865887
1,6704,87.487926
1,6705,418.168406
1,6706,104.681912
1,6707,258.337962
1,6708,336.450707
1,6709,227.387023
1,6710,90.361581
1,6711,431.304111
1,6712,336.791143
1,6713,315.810434
1,6714,473.240688
1,6715,404.581790
1,6716,106.261608
1,6717,500.813513
1,6718,320.450070
1,6719,268.686321
1,6720,238.944974
1,6721,88.726082
1,6722,421.648091
1,6723,435.218732
1,6724,596.412349
1,6725,13.849154
1,6726,504.495833
1,6727,505.334686
1,6728,89.090298
1,6729,211.457627
1,6730,486.952849
1,6731,88.106342
1,6732,495.539353
1,6733,86.617744
1,6734,318.566276
1,6735,88.629824
1,6736,503.584428
1,6737,403.781015
1,6738,171.726464
1,6739,113.074008
1,6740,178.287386
1,6741,262.235135
1,6742,372.330369
1,6743,491.781629
1,6744,223.195167
1,6745,419.492482
1,6746,85.449680
1,6747,460.480727
1,6748,507.644477
1,6749,86.697361
1,6750,380.372145
1,6751,334.214527
1,6752,544.510440
1,6753,87.960944
1,6754,544.414665
1,6755,571.298675
1,6756,84.301865
1,6757,101.045601
1,6758,499.405940
1,6759,84.449175
1,6760,206.665091
1,6761,500.759014
1,6762,253.071650
1,6763,531.924851
1,6764,422.655811
1,6765,290.412296
1,6766,397.186881
1,6767,497.476258
1,6768,81.788589
1,6769,15.834581
1,6770,387.208897
1,6771,533.269902
1,6772,101.345257
1,6773,362.255503
1,6774,85.275167
1,6775,480.640155
1,6776,433.824578
1,6777,85.373335
1,6778,206.865745
1,6779,102.112744
1,6780,387.026579
1,6781,439.618871
1,6782,86.605728
1,6783,454.818916
1,6784,308.558967
1,6785,483.396158
1,6786,88.086689
1,6787,368.347572
1,6788,510.444298
1,6789,514.423246
1,6790,232.676840
1,6791,91.188115
1,6792,354.979634
1,6793,404.691161
1,6794,77.609379
1,6795,395.613185
1,6796,328.448161
1,6797,508.933831
1,6798,81.524014
1,6799,231.457706
1,6800,499.684325
1,6801,405.679302
1,6802,154.593173
1,6803,455.461383
1,6804,81.820682
1,6805,226.466037
1,6806,370.345058
1,6807,102.152591
1,6808,281.837226
1,6809,87.423824
1,6810,525.337200
1,6811,174.605948
1,6812,291.836312
1,6813,231.200008
1,6814,162.493061
1,6815,446.756891
1,6816,13.390701
1,6817,272.447559
1,6818,104.186693
1,6819,305.526576
1,6820,6.221786
1,6821,306.325757
1,6822,87.671169
1,6823,388.411370
1,6824,115.718921
1,6825,84.800479
1,6826,180.918145
1,6827,279.454574
1,6828,167.833228
1,6829,150.483124
1,6830,532.824764
1,6831,85.519217
1,6832,473.224034
1,6833,393.811752
1,6834,87.452121
1,6835,319.418030
1,6836,86.185290
1,6837,111.128292
1,6838,487.081219
1,6839,85.615852
1,6840,7.922293
1,6841,408.115096
1,6842,85.605856
1,6843,304.800641
1,6844,149.339162
1,6845,87.218520
1,6846,379.747272
1,6847,433.945261
1,6848,345.607389
1,6849,356.454889
1,6850,281.478503
1,6851,530.818437
1,6852,86.235612
1,6853,550.438312
1,6854,340.219665
1,6855,92.547003
1,6856,514.258476
1,6857,424.217293
1,6858,556.620535
1,6859,151.418029
1,6860,267.167637
1,6861,107.371918
1,6862,399.564340
1,6863,271.208635
1,6864,168.194579
1,6865,282.503077
1,6866,7.069724
1,6867,314.421328
1,6868,82.929391
1,6869,150.121188
1,6870,272.948435
1,6871,207.059133
1,6872,289.883762
1,6873,2.553896
1,6874,240.013364
1,6875,80.090314
1,6876,275.741485
1,6877,2.553896
1,6878,251.772442
1,6879,83.082023
1,6880,332.338554
1,6881,93.796313
1,6882,82.953846
1,6883,189.057387
1,6884,278.886147
1,6885,172.443164
1,6886,178.069844
1,6887,291.284944
1,6888,84.634170
1,6889,371.890693
1,6890,319.335255
1,6891,103.381490
1,6892,152.051171
1,6893,276.317159
1,6894,9.146827
1,6895,475.280122
1,6896,89.528325
1,6897,498.073502
1,6898,513.145124
1,6899,85.544411
1,6900,318.993556
1,6901,380.204204
1,6902,112.399070
1,6903,313.714604
1,6904,85.443686
1,6905,112.697177
1,6906,475.056235
1,6907,98.912393
1,6908,7.908653
1,6909,403.644664
1,6910,103.657414
1,6911,325.512334
1,6912,152.174623
1,6913,86.073815
1,6914,368.017772
1,6915,337.750405
1,6916,91.935890
1,6917,530.842994
1,6918,490.576202
1,6919,85.209232
1,6920,354.908992
1,6921,365.510128
1,6922,401.166707
1,6923,322.540312
1,6924,349.599161
1,6925,278.931664
1,6926,551.418853
1,6927,87.066936
1,6928,485.027476
1,6929,98.731303
1,6930,7.303707
1,6931,324.448690
1,6932,84.045957
1,6933,164.145174
1,6934,274.187717
1,6935,227.237254
1,6936,415.851902
1,6937,171.858705
1,6938,175.739827
1,6939,270.204441
1,6940,219.417647
1,6941,204.056089
1,6942,502.648661
1,6943,89.875216
1,6944,94.336494
1,6945,430.964725
1,6946,542.255291
1,6947,405.752714
1,6948,77.571994
1,6949,410.177214
1,6950,81.510002
1,6951,534.387188
1,6952,305.525479
1,6953,505.285742
1,6954,217.655399
1,6955,420.231700
1,6956,82.712912
1,6957,211.880478
1,6958,377.209629
1,6959,5.937700
1,6960,360.110384
1,6961,87.210298
1,6962,203.614897
1,6963,448.317102
1,6964,466.404554
1,6965,206.424028
1,6966,86.051279
1,6967,464.968051
1,6968,310.794189
1,6969,6.523989
1,6970,353.747250
1,6971,457.435240
1,6972,87.991465
1,6973,393.506256
1,6974,85.705147
1,6975,522.160844
1,6976,101.037917
1,6977,479.819359
1,6978,173.778995
1,6979,279.973426
1,6980,378.371250
1,6981,222.312331
1,6982,285.182839
1,6983,86.155174
1,6984,489.900821
1,6985,85.507586
1,6986,205.577913
1,6987,149.301468
1,6988,103.158064
1,6989,503.536676
1,6990,89.386434
1,6991,326.078041
1,6992,527.770195
1,6993,5.422577
1,6994,511.168556
1,6995,85.291094
1,6996,86.926451
1,6997,449.720093
1,6998,102.933937
1,6999,6.614035
1,7000,283.449437
1,7001,374.583563
1,7002,83.924902
1,7003,316.269691
1,7004,377.764515
1,7005,456.819329
1,7006,396.639016
1,7007,77.571994
1,7008,398.898812
1,7009,86.311779
1,7010,92.842669
1,7011,346.548164
1,7012,356.945121
1,7013,98.700004
1,7014,464.126213
1,7015,199.887002
1,7016,103.213737
1,7017,219.935588
1,7018,343.276206
1,7019,89.982480
1,7020,312.940630
1,7021,453.251393
1,7022,83.434709
1,7023,232.222193
1,7024,272.049885
1,7025,419.723373
1,7026,99.438633
1,7027,315.307122
1,7028,422.396110
1,7029,83.863684
1,7030,112.388359
1,7031,389.910640
1,7032,520.826852
1,7033,91.546103
1,7034,90.906274
1,7035,220.647354
1,7036,267.110530
1,7037,85.052463
1,7038,153.154109
1,7039,437.764119
1,7040,102.717848
1,7041,7.174668
1,7042,264.189939
1,7043,561.352570
1,7044,303.916492
1,7045,501.311431
1,7046,149.821138
1,7047,243.073550
1,7048,471.718076
1,7049,161.920408
1,7050,522.309015
1,7051,99.101166
1,7052,206.871304
1,7053,508.301343
1,7054,257.375218
1,7055,393.675989
1,7056,87.654346
1,7057,463.445957
1,7058,344.057675
1,7059,144.885756
1,7060,248.664196
1,7061,311.640945
1,7062,88.250337
1,7063,495.734175
1,7064,87.205367
1,7065,412.528021
1,7066,311.359929
1,7067,437.518932
1,7068,602.319257
1,7069,87.911278
1,7070,421.095442
1,7071,320.516930
1,7072,541.669394
1,7073,273.635108
1,7074,225.877914
1,7075,431.222414
1,7076,102.204259
1,7077,433.612133
1,7078,87.973604
1,7079,528.051979
1,7080,430.824715
1,7081,83.302273
1,7082,425.419125
1,7083,86.487355
1,7084,373.868871
1,7085,86.738181
1,7086,519.339167
1,7087,344.361320
1,7088,4.207573
1,7089,344.801927
1,7090,311.869247
1,7091,564.497819
1,7092,94.142603
1,7093,414.895889
1,7094,95.395011
1,7095,274.592184
1,7096,100.564093
1,7097,278.808632
1,7098,576.030274
1,7099,95.660111
1,7100,441.724460
1,7101,345.182844
1,7102,510.978565
1,7103,82.085968
1,7104,526.635849
1,7105,394.821314
1,7106,95.351421
1,7107,198.313123
1,7108,548.598751
1,7109,558.437840
1,7110,1.573252
1,7111,328.783414
1,7112,263.405104
1,7113,368.143675
1,7114,86.316124
1,7115,285.582789
1,7116,462.120444
1,7117,91.189475
1,7118,522.486426
1,7119,392.729135
1,7120,227.665176
1,7121,331.136464
1,7122,87.268576
1,7123,278.542590
1,7124,156.436273
1,7125,101.852235
1,7126,210.710501
1,7127,209.152185
1,7128,282.911754
1,7129,415.899492
1,7130,460.818958
1,7131,470.497784
1,7132,92.879282
1,7133,468.342451
1,7134,90.065208
1,7135,264.892785
1,7136,102.898169
1,7137,90.873906
1,7138,273.447124
1,7139,210.473634
1,7140,88.725119
1,7141,375.709303
1,7142,105.896569
1,7143,214.508138
1,7144,645.524951
1,7145,371.188035
1,7146,228.252416
1,7147,91.769797
1,7148,473.522739
1,7149,324.320789
1,7150,342.543942
1,7151,89.849317
1,7152,465.748966
1,7153,346.608550
1,7154,259.853363
1,7155,165.672916
1,7156,255.147359
1,7157,316.214671
1,7158,237.280378
1,7159,224.412126
1,7160,385.402328
1,7161,332.152625
1,7162,100.807293
1,7163,235.357826
1,7164,240.256341
1,7165,291.446697
1,7166,389.882621
1,7167,319.018964
1,7168,89.499826
1,7169,399.438658
1,7170,86.941285
1,7171,105.708209
1,7172,244.085449
1,7173,99.857224
1,7174,318.122801
1,7175,431.719497
1,7176,78.684891
1,7177,216.334885
1,7178,219.202608
1,7179,82.211703
1,7180,311.836840
1,7181,171.534344
1,7182,280.989885
1,7183,99.902707
1,7184,453.625408
1,7185,216.040093
1,7186,86.495441
1,7187,338.817244
1,7188,324.514707
1,7189,100.765955
1,7190,8.748579
1,7191,354.136415
1,7192,265.206171
1,7193,337.361288
1,7194,281.501549
1,7195,224.672453
1,7196,428.732503
1,7197,314.168753
1,7198,8.921150
1,7199,234.031163
1,7200,231.047586
1,7201,445.243692
1,7202,173.797496
1,7203,403.985871
1,7204,275.875059
1,7205,89.547633
1,7206,181.581416
1,7207,85.451745
1,7208,124.002970
1,7209,342.281512
1,7210,436.435326
1,7211,326.613568
1,7212,102.090392
1,7213,232.848547
1,7214,10.508489
1,7215,476.496846
1,7216,89.514164
1,7217,279.914776
1,7218,281.076935
1,7219,333.330951
1,7220,194.471454
1,7221,318.040186
1,7222,379.908929
1,7223,87.646563
1,7224,27.359680
1,7225,366.432776
1,7226,89.587091
1,7227,126.326347
1,7228,323.152663
1,7229,100.781140
1,7230,384.804001
1,7231,87.834486
1,7232,413.135615
1,7233,258.738558
1,7234,258.654747
1,7235,151.426936
1,7236,310.178004
1,7237,9.979506
1,7238,316.789540
1,7239,152.556570
1,7240,216.443692
1,7241,237.430656
1,7242,91.176760
1,7243,425.642617
1,7244,98.516744
1,7245,221.047776
1,7246,290.626971
1,7247,151.380565
1,7248,562.013932
1,7249,87.832670
1,7250,314.630268
1,7251,358.362235
1,7252,158.444362
1,7253,216.962369
1,7254,424.109909
1,7255,202.073496
1,7256,103.472642
1,7257,316.675330
1,7258,264.100298
1,7259,87.635337
1,7260,151.876081
1,7261,82.804184
1,7262,227.747520
1,7263,347.715973
1,7264,210.475589
1,7265,460.034294
1,7266,222.135987
1,7267,466.740423
1,7268,399.288313
1,7269,383.546090
1,7270,334.681825
1,7271,86.732337
1,7272,165.779317
1,7273,233.251382
1,7274,354.390204
1,7275,89.158738
1,7276,292.994566
1,7277,172.669090
1,7278,369.975754
1,7279,354.464947
1,7280,165.285555
1,7281,90.475749
1,7282,105.362474
1,7283,444.434407
1,7284,399.853746
1,7285,87.205454
1,7286,342.718130
1,7287,91.986702
1,7288,398.617296
1,7289,377.186230
1,7290,88.821091
1,7291,417.110076
1,7292,92.673174
1,7293,341.397515
1,7294,101.316752
1,7295,178.143527
1,7296,9.034690
1,7297,538.958442
1,7298,86.825856
1,7299,226.786241
1,7300,233.252555
1,7301,180.935356
1,7302,162.181000
1,7303,386.099927
1,7304,86.477693
1,7305,360.790830
1,7306,251.822568
1,7307,426.106793
1,7308,248.117304
1,7309,213.142920
1,7310,209.173277
1,7311,152.398310
1,7312,407.847942
1,7313,470.683162
1,7314,93.184764
1,7315,391.269376
1,7316,89.005883
1,7317,117.023467
1,7318,352.031122
1,7319,170.336999
1,7320,153.336930
1,7321,157.010710
1,7322,203.437636
1,7323,286.844696
1,7324,8.821317
1,7325,463.913469
1,7326,104.403321
1,7327,454.029051
1,7328,84.890270
1,7329,231.007160
1,7330,88.363223
1,7331,84.613386
1,7332,172.075696
1,7333,87.981576
1,7334,105.730397
1,7335,353.636152
1,7336,6.001110
1,7337,342.331277
1,7338,486.087372
1,7339,215.202488
1,7340,85.895318
1,7341,245.375812
1,7342,283.926303
1,7343,84.523052
1,7344,288.387368
1,7345,21.821880
1,7346,263.887594
1,7347,119.598238
1,7348,209.215449
1,7349,487.515517
1,7350,405.837978
1,7351,84.806225
1,7352,152.011299
1,7353,149.416545
1,7354,384.435850
1,7355,83.217262
1,7356,401.741412
1,7357,82.354034
1,7358,291.604804
1,7359,100.494116
1,7360,304.851383
1,7361,239.057281
1,7362,398.611516
1,7363,285.248020
1,7364,100.230900
1,7365,221.577092
1,7366,287.328222
1,7367,320.518992
1,7368,550.569197
1,7369,178.611414
1,7370,287.935408
1,7371,84.987785
1,7372,361.728288
1,7373,158.235935
1,7374,299.373344
1,7375,7.785093
1,7376,282.196424
1,7377,98.056628
1,7378,89.443735
1,7379,273.224896
1,7380,88.371758
1,7381,109.658966
1,7382,110.810549
1,7383,279.120578
1,7384,87.555450
1,7385,165.860082
1,7386,87.236687
1,7387,366.509232
1,7388,152.454365
1,7389,120.286886
1,7390,431.009888
1,7391,108.752376
1,7392,86.737784
1,7393,340.440933
1,7394,348.925666
1,7395,173.364782
1,7396,242.566947
1,7397,87.760778
1,7398,284.826802
1,7399,99.407252
1,7400,205.055042
1,7401,451.514031
1,7402,87.780256
1,7403,129.650381
1,7404,376.286294
1,7405,374.143097
1,7406,91.445038
1,7407,272.920705
1,7408,87.354850
1,7409,228.381559
1,7410,106.730932
1,7411,406.600840
1,7412,570.733297
1,7413,141.663155
1,7414,365.378601
1,7415,89.586500
1,7416,275.816443
1,7417,435.423764
1,7418,424.178697
1,7419,86.180970
1,7420,231.564557
1,7421,201.564023
1,7422,85.650602
1,7423,273.280619
1,7424,84.422491
1,7425,433.089598
1,7426,103.450287
1,7427,411.331354
1,7428,149.645255
1,7429,112.938189
1,7430,283.090917
1,7431,426.657848
1,7432,329.143533
1,7433,99.849721
1,7434,97.397315
1,7435,396.452239
1,7436,284.880609
1,7437,147.083807
1,7438,369.874943
1,7439,225.871505
1,7440,89.715629
1,7441,677.698801
1,7442,169.660325
1,7443,87.482354
1,7444,472.409393
1,7445,318.589065
1,7446,552.137155
1,7447,83.336743
1,7448,381.038881
1,7449,230.842944
1,7450,334.684221
1,7451,86.084899
1,7452,254.482475
1,7453,345.882187
1,7454,395.814092
1,7455,423.741323
1,7456,364.398159
1,7457,101.519933
1,7458,223.519540
1,7459,87.940047
1,7460,273.559934
1,7461,217.982618
1,7462,363.519341
1,7463,86.732825
1,7464,227.905385
1,7465,87.471451
1,7466,386.876409
1,7467,86.329923
1,7468,334.724510
1,7469,252.035237
1,7470,87.899705
1,7471,435.472389
1,7472,208.154480
1,7473,208.500053
1,7474,367.437383
1,7475,20.108427
1,7476,362.162580
1,7477,323.182046
1,7478,234.167325
1,7479,561.687849
1,7480,221.091230
1,7481,321.891103
1,7482,88.643102
1,7483,335.046511
1,7484,237.361303
1,7485,231.518891
1,7486,87.265030
1,7487,327.047096
1,7488,254.992163
1,7489,259.916161
1,7490,264.909124
1,7491,89.261304
1,7492,316.270171
1,7493,270.153276
1,7494,8.827216
1,7495,375.627537
1,7496,231.132026
1,7497,293.813412
1,7498,210.015191
1,7499,336.189764
1,7500,446.455891
1,7501,205.118513
1,7502,8.860843
1,7503,394.652895
1,7504,86.451401
1,7505,295.973307
1,7506,84.177545
1,7507,380.611202
1,7508,84.984649
1,7509,105.461885
1,7510,329.487259
1,7511,405.922133
1,7512,86.541901
1,7513,207.443369
1,7514,85.395750
1,7515,256.528490
1,7516,149.163856
1,7517,152.535002
1,7518,202.485593
1,7519,220.209801
1,7520,326.598111
1,7521,86.415169
1,7522,135.125527
1,7523,96.098737
1,7524,426.600878
1,7525,85.767443
1,7526,363.831963
1,7527,88.976131
1,7528,413.354194
1,7529,88.710283
1,7530,334.299822
1,7531,290.130155
1,7532,519.567846
1,7533,165.641392
1,7534,86.186784
1,7535,418.566395
1,7536,150.960941
1,7537,337.112024
1,7538,212.597013
1,7539,317.830790
1,7540,361.264699
1,7541,88.422176
1,7542,199.507070
1,7543,1.053069
1,7544,499.539245
1,7545,85.764764
1,7546,340.477722
1,7547,337.598942
1,7548,306.217233
1,7549,341.842716
1,7550,301.171845
1,7551,10.070252
1,7552,155.462970
1,7553,267.734829
1,7554,84.547470
1,7555,227.004944
1,7556,213.339109
1,7557,218.170282
1,7558,344.403351
1,7559,563.615065
1,7560,98.710740
1,7561,223.149690
1,7562,340.510692
1,7563,234.950966
1,7564,266.140818
1,7565,86.674599
1,7566,165.996011
1,7567,207.180593
1,7568,90.229551
1,7569,8.990927
1,7570,355.280537
1,7571,86.572198
1,7572,210.201303
1,7573,526.832638
1,7574,8.928702
1,7575,296.082058
1,7576,106.571822
1,7577,309.087710
1,7578,90.109532
1,7579,250.887615
1,7580,87.673260
1,7581,362.953906
1,7582,205.260565
1,7583,300.065346
1,7584,423.499264
1,7585,93.708784
1,7586,17.418436
1,7587,346.898615
1,7588,93.153540
1,7589,161.471358
1,7590,156.593760
1,7591,267.979640
1,7592,254.720867
1,7593,87.463900
1,7594,261.577532
1,7595,100.954944
1,7596,260.675818
1,7597,251.144609
1,7598,95.195463
1,7599,471.100711
1,7600,84.895656
1,7601,218.939915
1,7602,84.698301
1,7603,313.673667
1,7604,208.161235
1,7605,256.594605
1,7606,84.206929
1,7607,161.869101
1,7608,208.453172
1,7609,347.732072
1,7610,84.809235
1,7611,367.053007
1,7612,87.316784
1,7613,342.906803
1,7614,366.382737
1,7615,335.117188
1,7616,154.559846
1,7617,97.251529
1,7618,9.918027
1,7619,358.546795
1,7620,85.703516
1,7621,476.446975
1,7622,313.849078
1,7623,314.019636
1,7624,92.762836
1,7625,294.913417
1,7626,150.890385
1,7627,223.154989
1,7628,311.912839
1,7629,310.405492
1,7630,390.160417
1,7631,86.254665
1,7632,86.685529
1,7633,390.062705
1,7634,498.760672
1,7635,589.628294
1,7636,446.073424
1,7637,488.167709
1,7638,360.649085
1,7639,75.548637
1,7640,396.126926
1,7641,90.849031
1,7642,454.381848
1,7643,298.220981
1,7644,365.033594
1,7645,167.052180
1,7646,152.547769
1,7647,306.622788
1,7648,82.603487
1,7649,221.579847
1,7650,499.366844
1,7651,93.773389
1,7652,417.965521
1,7653,87.943176
1,7654,188.140534
1,7655,445.897555
1,7656,482.860066
1,7657,393.974062
1,7658,227.495898
1,7659,97.788396
1,7660,164.111277
1,7661,82.158135
1,7662,251.140578
1,7663,341.677759
1,7664,391.356374
1,7665,214.724558
1,7666,479.044541
1,7667,96.027894
1,7668,150.241930
1,7669,216.647411
1,7670,301.173772
1,7671,81.591573
1,7672,269.545965
1,7673,81.380304
1,7674,147.549825
1,7675,82.217956
1,7676,250.444467
1,7677,371.150626
1,7678,384.149738
1,7679,419.105395
1,7680,346.393974
1,7681,166.677141
1,7682,144.838577
1,7683,317.492859
1,7684,431.437036
1,7685,465.354091
1,7686,81.101310
1,7687,411.511710
1,7688,3.088421
1,7689,342.632705
1,7690,290.672479
1,7691,80.325456
1,7692,209.136928
1,7693,398.652410
1,7694,297.078650
1,7695,377.705541
1,7696,412.477089
1,7697,421.478841
1,7698,479.774982
1,7699,83.363094
1,7700,152.101738
1,7701,430.730539
1,7702,193.832272
1,7703,289.953207
1,7704,195.644343
1,7705,140.194678
1,7706,439.096735
1,7707,76.059645
1,7708,354.569282
1,7709,296.458752
1,7710,289.059572
1,7711,407.985944
1,7712,467.896826
1,7713,78.963582
1,7714,256.101981
1,7715,142.744850
1,7716,369.552896
1,7717,80.762684
1,7718,336.339588
1,7719,155.693061
1,7720,409.930004
1,7721,242.273404
1,7722,86.485004
1,7723,455.466472
1,7724,375.084368
1,7725,424.194928
1,7726,489.761473
1,7727,418.887699
1,7728,85.901934
1,7729,293.009841
1,7730,83.205406
1,7731,292.502991
1,7732,406.422634
1,7733,81.852412
1,7734,199.991759
1,7735,338.182922
1,7736,149.195060
1,7737,200.706902
1,7738,80.787534
1,7739,457.239684
1,7740,82.789713
1,7741,379.093141
1,7742,151.159700
1,7743,297.668870
1,7744,81.935377
1,7745,202.057485
1,7746,401.774321
1,7747,409.401742
1,7748,81.506940
1,7749,8.640905
1,7750,363.607837
1,7751,80.324337
1,7752,297.620450
1,7753,85.205143
1,7754,210.833700
1,7755,543.857938
1,7756,81.162883
1,7757,435.906731
1,7758,79.890596
1,7759,329.132418
1,7760,215.516301
1,7761,222.408516
1,7762,272.626578
1,7763,308.280470
1,7764,167.572553
1,7765,244.761418
1,7766,397.820743
1,7767,78.932618
1,7768,200.834038
1,7769,247.349054
1,7770,291.770146
1,7771,199.288655
1,7772,84.999043
1,7773,344.657289
1,7774,287.581263
1,7775,80.031373
1,7776,243.581776
1,7777,203.346098
1,7778,327.125674
1,7779,144.426847
1,7780,77.513136
1,7781,372.021943
1,7782,198.318138
1,7783,204.236381
1,7784,252.769083
1,7785,297.998866
1,7786,281.794982
1,7787,398.114644
1,7788,141.295683
1,7789,194.769366
1,7790,78.396833
1,7791,201.881255
1,7792,77.558868
1,7793,252.279626
1,7794,76.227881
1,7795,81.229768
1,7796,328.044028
1,7797,310.384973
1,7798,404.181755
1,7799,337.578199
1,7800,197.171296
1,7801,361.961580
1,7802,79.639972
1,7803,306.238114
1,7804,148.088411
1,7805,211.309524
1,7806,321.505260
1,7807,466.371420
1,7808,295.955937
1,7809,364.322797
1,7810,512.072692
1,7811,251.420380
1,7812,480.843372
1,7813,445.995320
1,7814,373.060852
1,7815,284.466106
1,7816,77.618907
1,7817,369.646365
1,7818,78.685900
1,7819,291.830121
1,7820,385.917112
1,7821,340.561197
1,7822,77.519753
1,7823,404.484723
1,7824,340.355995
1,7825,278.253985
1,7826,305.189009
1,7827,410.537402
1,7828,142.536144
1,7829,84.510631
1,7830,93.035167
1,7831,309.012647
1,7832,257.576373
1,7833,346.284220
1,7834,293.956285
1,7835,433.478333
1,7836,293.665861
1,7837,164.129959
1,7838,498.597191
1,7839,86.892481
1,7840,310.118063
1,7841,393.987018
1,7842,413.912333
1,7843,387.086118
1,7844,431.809224
1,7845,80.298777
1,7846,285.650308
1,7847,480.586162
1,7848,147.802231
1,7849,285.567572
1,7850,494.607670
1,7851,448.012604
1,7852,408.897566
1,7853,373.887954
1,7854,145.299798
1,7855,418.450923
1,7856,335.006547
1,7857,423.665882
1,7858,81.396574
1,7859,199.090018
1,7860,294.971997
1,7861,404.242701
1,7862,371.999243
1,7863,84.493013
1,7864,448.143181
1,7865,92.794690
1,7866,466.909056
1,7867,509.969550
1,7868,463.820841
1,7869,77.448944
1,7870,2.103140
1,7871,340.723217
1,7872,81.571783
1,7873,322.420057
1,7874,249.635017
1,7875,343.311333
1,7876,198.063007
1,7877,406.306480
1,7878,302.648566
1,7879,213.365181
1,7880,75.221546
1,7881,207.312497
1,7882,362.313709
1,7883,145.691730
1,7884,244.912699
1,7885,285.543735
1,7886,198.225927
1,7887,100.579306
1,7888,361.806477
1,7889,483.192782
1,7890,288.757977
1,7891,200.458109
1,7892,157.159902
1,7893,143.739203
1,7894,262.092136
1,7895,302.675857
1,7896,79.483903
1,7897,333.211331
1,7898,78.779518
1,7899,200.189219
1,7900,1.243966
1,7901,143.378014
1,7902,274.837407
1,7903,356.703810
1,7904,289.765608
1,7905,372.041185
1,7906,251.022075
1,7907,147.533397
1,7908,302.306320
1,7909,362.782568
1,7910,198.739852
1,7911,263.134496
1,7912,293.608187
1,7913,407.394080
1,7914,257.407091
1,7915,262.326578
1,7916,83.994722
1,7917,491.618718
1,7918,9.402725
1,7919,305.501052
1,7920,79.372866
1,7921,210.891747
1,7922,194.847328
1,7923,372.487922
1,7924,78.778779
1,7925,244.906483
1,7926,697.884937
1,7927,553.962481
1,7928,391.937347
1,7929,418.414350
1,7930,3.010352
1,7931,483.134326
1,7932,423.318425
1,7933,485.846791
1,7934,406.777736
1,7935,332.623224
1,7936,77.574721
1,7937,85.922004
1,7938,520.344221
1,7939,303.275379
1,7940,433.449014
1,7941,486.547826
1,7942,416.928803
1,7943,439.712982
1,7944,402.592520
1,7945,88.849290
1,7946,402.569159
1,7947,232.862313
1,7948,576.845655
1,7949,434.969742
1,7950,343.414288
1,7951,418.500265
1,7952,84.889855
1,7953,393.380197
1,7954,389.058229
1,7955,440.693399
1,7956,551.273550
1,7957,301.527590
1,7958,261.755027
1,7959,472.346831
1,7960,6.348504
1,7961,210.933764
1,7962,300.177118
1,7963,443.050096
1,7964,417.779383
1,7965,306.114431
1,7966,414.060526
1,7967,362.971110
1,7968,93.045700
1,7969,95.594431
1,7970,538.245355
1,7971,153.783924
1,7972,367.003622
1,7973,469.892814
1,7974,84.093545
1,7975,453.714824
1,7976,85.365857
1,7977,203.623946
1,7978,162.284668
1,7979,300.778042
1,7980,315.764379
1,7981,201.969250
1,7982,387.948387
1,7983,77.657389
1,7984,340.277870
1,7985,362.546671
1,7986,81.040352
1,7987,93.520499
1,7988,547.530824
1,7989,365.103029
1,7990,81.172216
1,7991,434.570976
1,7992,291.580925
1,7993,449.594008
1,7994,80.995009
1,7995,264.367067
1,7996,84.973472
1,7997,456.575120
1,7998,209.697888
1,7999,400.031799
1,8000,376.161554
1,8001,368.089794
1,8002,312.707461
1,8003,507.210786
1,8004,361.072815
1,8005,579.009965
1,8006,427.578162
1,8007,621.419926
1,8008,82.629015
1,8009,250.760236
1,8010,96.244244
1,8011,464.478306
1,8012,520.892250
1,8013,89.871235
1,8014,262.963872
1,8015,86.692928
1,8016,251.348624
1,8017,211.997881
1,8018,215.684452
1,8019,85.005527
1,8020,409.917121
1,8021,87.336155
1,8022,375.202921
1,8023,85.104139
1,8024,92.367043
1,8025,440.390452
1,8026,309.458554
1,8027,430.873743
1,8028,297.968022
1,8029,143.107973
1,8030,208.748276
1,8031,298.964380
1,8032,452.086942
1,8033,80.708054
1,8034,443.335754
1,8035,84.999507
1,8036,86.795190
1,8037,535.675000
1,8038,151.089164
1,8039,462.414833
1,8040,420.017300
1,8041,91.646319
1,8042,332.371902
1,8043,341.845494
1,8044,5.472880
1,8045,232.886733
1,8046,85.121594
1,8047,425.490244
1,8048,513.063376
1,8049,428.838518
1,8050,566.052989
1,8051,298.942523
1,8052,344.551952
1,8053,353.245618
1,8054,311.055390
1,8055,396.134738
1,8056,351.974359
1,8057,269.823875
1,8058,94.958540
1,8059,261.605254
1,8060,244.866420
1,8061,418.724253
1,8062,90.004334
1,8063,247.263645
1,8064,468.624652
1,8065,90.079878
1,8066,525.313720
1,8067,156.820181
1,8068,378.536104
1,8069,349.724445
1,8070,211.251660
1,8071,83.427176
1,8072,285.335556
1,8073,84.926499
1,8074,347.425341
1,8075,247.091614
1,8076,338.382278
1,8077,342.629493
1,8078,77.598848
1,8079,291.396094
1,8080,485.842687
1,8081,348.097240
1,8082,312.427695
1,8083,146.534767
1,8084,222.507222
1,8085,380.173136
1,8086,455.159605
1,8087,468.234254
1,8088,3.832256
1,8089,262.233147
1,8090,417.921928
1,8091,82.116705
1,8092,304.594525
1,8093,80.451595
1,8094,90.403795
1,8095,376.535698
1,8096,15.389731
1,8097,172.721054
1,8098,87.311704
1,8099,255.596454
1,8100,214.063390
1,8101,23.585626
1,8102,200.661688
1,8103,266.059445
1,8104,94.770969
1,8105,392.244742
1,8106,92.355512
1,8107,107.670813
1,8108,420.000236
1,8109,85.150453
1,8110,415.677442
1,8111,459.384606
1,8112,214.460815
1,8113,530.127795
1,8114,89.128212
1,8115,348.918803
1,8116,292.325318
1,8117,498.232414
1,8118,311.292947
1,8119,267.427152
1,8120,400.464939
1,8121,220.018061
1,8122,379.816269
1,8123,88.404048
1,8124,596.666905
1,8125,84.957327
1,8126,83.433271
1,8127,527.877261
1,8128,534.789025
1,8129,216.721135
1,8130,327.965860
1,8131,310.900533
1,8132,612.074055
1,8133,84.316690
1,8134,285.616225
1,8135,151.983536
1,8136,386.756089
1,8137,344.466697
1,8138,214.015493
1,8139,365.823846
1,8140,345.598935
1,8141,245.851415
1,8142,397.974219
1,8143,302.326135
1,8144,540.325839
1,8145,409.005369
1,8146,543.528747
1,8147,472.749848
1,8148,383.966403
1,8149,83.081351
1,8150,386.135564
1,8151,376.918275
1,8152,428.351576
1,8153,453.890982
1,8154,81.274873
1,8155,446.711580
1,8156,391.430312
1,8157,440.716926
1,8158,440.743243
1,8159,584.367779
1,8160,301.329243
1,8161,350.112229
1,8162,393.411802
1,8163,102.826409
1,8164,448.685280
1,8165,236.775403
1,8166,208.336890
1,8167,263.704464
1,8168,75.023013
1,8169,155.795846
1,8170,344.929740
1,8171,294.080655
1,8172,329.210384
1,8173,83.649510
1,8174,2.145410
1,8175,80.716154
1,8176,161.837663
1,8177,278.715941
1,8178,263.455804
1,8179,84.339859
1,8180,207.798828
1,8181,85.839292
1,8182,366.286533
1,8183,152.156775
1,8184,286.311101
1,8185,2.010539
1,8186,249.610122
1,8187,93.456626
1,8188,331.305006
1,8189,85.179950
1,8190,206.018739
1,8191,5.908452
1,8192,345.389416
1,8193,221.356235
1,8194,294.479228
1,8195,266.188329
1,8196,87.112411
1,8197,204.476766
1,8198,88.854188
1,8199,342.786640
1,8200,498.725227
1,8201,2.267273
1,8202,301.998536
1,8203,169.163389
1,8204,83.963146
1,8205,152.388207
1,8206,82.310754
1,8207,89.363898
1,8208,5.176794
1,8209,329.938214
1,8210,81.722725
1,8211,149.221092
1,8212,299.806605
1,8213,345.912638
1,8214,85.426621
1,8215,254.438316
1,8216,89.276322
1,8217,296.181636
1,8218,83.701465
1,8219,214.507866
1,8220,85.364777
1,8221,85.136534
1,8222,328.520851
1,8223,146.639677
1,8224,336.203991
1,8225,214.273745
1,8226,84.059388
1,8227,264.012004
1,8228,339.862592
1,8229,349.937159
1,8230,469.915025
1,8231,150.846037
1,8232,90.291476
1,8233,151.548483
1,8234,344.318750
1,8235,424.793687
1,8236,298.225335
1,8237,81.657425
1,8238,263.528545
1,8239,79.406276
1,8240,295.001455
1,8241,294.949540
1,8242,199.878906
1,8243,376.738130
1,8244,81.275353
1,8245,308.589329
1,8246,1269.094875
1,8247,406.763159
1,8248,82.249359
1,8249,460.880256
1,8250,249.023952
1,8251,197.116414
1,8252,381.272115
1,8253,83.408035
1,8254,249.663293
1,8255,88.418053
1,8256,171.874267
1,8257,111.736710
1,8258,330.244395
1,8259,396.063008
1,8260,89.417380
1,8261,516.765279
1,8262,345.862177
1,8263,76.013062
1,8264,209.938008
1,8265,447.046662
1,8266,0.814879
1,8267,267.927033
1,8268,461.664704
1,8269,0.814879
1,8270,319.654713
1,8271,602.414973
1,8272,450.554467
1,8273,347.572669
1,8274,342.372866
1,8275,84.921726
1,8276,224.229408
1,8277,87.304867
1,8278,399.045228
1,8279,309.315387
1,8280,356.783265
1,8281,353.527014
1,8282,422.317189
1,8283,100.890248
1,8284,285.987258
1,8285,265.890517
1,8286,81.221730
1,8287,345.383219
1,8288,331.029705
1,8289,83.119227
1,8290,248.187361
1,8291,81.638502
1,8292,250.393824
1,8293,208.309041
1,8294,146.358821
1,8295,202.614411
1,8296,84.295353
1,8297,248.592938
1,8298,151.398609
1,8299,360.457887
1,8300,81.277739
1,8301,234.810011
1,8302,449.179333
1,8303,4.115055
1,8304,248.689506
1,8305,401.330813
1,8306,82.487892
1,8307,253.957496
1,8308,249.748524
1,8309,501.045073
1,8310,89.381310
1,8311,252.963667
1,8312,336.751097
1,8313,147.635152
1,8314,149.493254
1,8315,252.689102
1,8316,414.521430
1,8317,398.087952
1,8318,81.657303
1,8319,331.104628
1,8320,82.936633
1,8321,205.754465
1,8322,407.675868
1,8323,82.286096
1,8324,364.687795
1,8325,79.927200
1,8326,198.840421
1,8327,82.995580
1,8328,451.547227
1,8329,80.159389
1,8330,146.162339
1,8331,374.121319
1,8332,412.251482
1,8333,442.728880
1,8334,292.532874
1,8335,87.682828
1,8336,372.783980
1,8337,254.155696
1,8338,447.464947
1,8339,345.153746
1,8340,393.187720
1,8341,500.221001
1,8342,555.882080
1,8343,87.120773
1,8344,375.674349
1,8345,87.773575
1,8346,546.766740
1,8347,87.624868
1,8348,453.461571
1,8349,290.785953
1,8350,515.048894
1,8351,88.819673
1,8352,237.983936
1,8353,481.924564
1,8354,99.868881
1,8355,577.035224
1,8356,490.004080
1,8357,564.048087
1,8358,9.989731
1,8359,420.709720
1,8360,461.316487
1,8361,545.032809
1,8362,88.974990
1,8363,368.118744
1,8364,387.254706
1,8365,215.060163
1,8366,90.887124
1,8367,452.102626
1,8368,445.437817
1,8369,374.122553
1,8370,90.224627
1,8371,524.208387
1,8372,90.456645
1,8373,279.709890
1,8374,530.258042
1,8375,321.027439
1,8376,534.380788
1,8377,103.640294
1,8378,419.978715
1,8379,519.184435
1,8380,99.888271
1,8381,406.853788
1,8382,541.578249
1,8383,418.969862
1,8384,509.076731
1,8385,391.977170
1,8386,138.736039
1,8387,399.459654
1,8388,311.572202
1,8389,221.189294
1,8390,243.686627
1,8391,439.301884
1,8392,52.555707
1,8393,461.834118
1,8394,321.773077
1,8395,104.782747
1,8396,292.068464
1,8397,382.679646
1,8398,206.985970
1,8399,499.626126
1,8400,512.146892
1,8401,405.614696
1,8402,81.628002
1,8403,293.189421
1,8404,200.327818
1,8405,316.967175
1,8406,84.785385
1,8407,509.809239
1,8408,153.825482
1,8409,90.123946
1,8410,90.789612
1,8411,485.938895
1,8412,86.725439
1,8413,8.150433
1,8414,208.240131
1,8415,398.135526
1,8416,741.553086
1,8417,481.078463
1,8418,86.292210
1,8419,505.247305
1,8420,88.681480
1,8421,254.289760
1,8422,208.914426
1,8423,427.334532
1,8424,102.935192
1,8425,502.626475
1,8426,105.759169
1,8427,426.947709
1,8428,332.114723
1,8429,467.785167
1,8430,162.332251
1,8431,331.822354
1,8432,225.772471
1,8433,469.794633
1,8434,188.018531
1,8435,567.653904
1,8436,253.398809
1,8437,360.824589
1,8438,504.881862
1,8439,486.487877
1,8440,115.603189
1,8441,216.908337
1,8442,513.673374
1,8443,9.779385
1,8444,479.582755
1,8445,395.253145
1,8446,440.772673
1,8447,379.701067
1,8448,139.550216
1,8449,416.625143
1,8450,361.482713
1,8451,312.449139
1,8452,497.114319
1,8453,107.135786
1,8454,242.436256
1,8455,511.516591
1,8456,104.063853
1,8457,254.061397
1,8458,491.803643
1,8459,545.288284
1,8460,451.755418
1,8461,470.637023
1,8462,472.389337
1,8463,143.083235
1,8464,236.978321
1,8465,399.669024
1,8466,85.166280
1,8467,433.818860
1,8468,84.092900
1,8469,445.036207
1,8470,291.326320
1,8471,483.828101
1,8472,86.580364
1,8473,214.667310
1,8474,496.811547
1,8475,730.261116
1,8476,335.014028
1,8477,404.024963
1,8478,164.746891
1,8479,455.428477
1,8480,89.916001
1,8481,400.513132
1,8482,581.022890
1,8483,225.094053
1,8484,111.447764
1,8485,431.337432
1,8486,327.993060
1,8487,311.431609
1,8488,89.719307
1,8489,377.499721
1,8490,566.914664
1,8491,168.176781
1,8492,206.473746
1,8493,243.835316
1,8494,10.212098
1,8495,535.027022
1,8496,547.666237
1,8497,88.435621
1,8498,500.578605
1,8499,393.980824
1,8500,527.659269
1,8501,89.070983
1,8502,231.420951
1,8503,539.433770
1,8504,503.190642
1,8505,516.743678
1,8506,136.747166
1,8507,415.417550
1,8508,456.258246
1,8509,87.882789
1,8510,442.781332
1,8511,339.963134
1,8512,101.592040
1,8513,479.506616
1,8514,266.732666
1,8515,371.240610
1,8516,215.665463
1,8517,241.209892
1,8518,304.112835
1,8519,88.761862
1,8520,541.913360
1,8521,371.306192
1,8522,490.569734
1,8523,579.645086
1,8524,49.904690
1,8525,490.409230
1,8526,193.774777
1,8527,8.185257
1,8528,536.653091
1,8529,412.130176
1,8530,106.786982
1,8531,320.442780
1,8532,297.181812
1,8533,426.484038
1,8534,137.550610
1,8535,23.184940
1,8536,388.338983
1,8537,552.162860
1,8538,455.135991
1,8539,156.801991
1,8540,367.139063
1,8541,147.556853
1,8542,413.896172
1,8543,518.691900
1,8544,408.937904
1,8545,216.932597
1,8546,406.419973
1,8547,207.123202
1,8548,85.950385
1,8549,374.867597
1,8550,109.671387
1,8551,407.967810
1,8552,413.305721
1,8553,529.606921
1,8554,150.981815
1,8555,458.566332
1,8556,406.916880
1,8557,521.862129
1,8558,467.715445
1,8559,143.876189
1,8560,269.403450
1,8561,205.545727
1,8562,522.548621
1,8563,84.598582
1,8564,337.816543
1,8565,455.826420
1,8566,292.641032
1,8567,460.005168
1,8568,433.193653
1,8569,86.002071
1,8570,416.081313
1,8571,416.009059
1,8572,133.714678
1,8573,427.781622
1,8574,529.464953
1,8575,166.476718
1,8576,347.728975
1,8577,234.359921
1,8578,212.148175
1,8579,434.740196
1,8580,203.752746
1,8581,420.390990
1,8582,152.875045
1,8583,456.324950
1,8584,9.200531
1,8585,439.361164
1,8586,342.233827
1,8587,90.130117
1,8588,378.865887
1,8589,87.487926
1,8590,418.168406
1,8591,131.731740
1,8592,258.337962
1,8593,336.450707
1,8594,240.131654
1,8595,116.371032
1,8596,415.698440
1,8597,367.135502
1,8598,331.502803
1,8599,462.316718
1,8600,375.277808
1,8601,122.474166
1,8602,501.333702
1,8603,298.775528
1,8604,252.213669
1,8605,249.001962
1,8606,110.574020
1,8607,414.018652
1,8608,421.867214
1,8609,605.082166
1,8610,38.991623
1,8611,492.791580
1,8612,504.207610
1,8613,112.672200
1,8614,211.457627
1,8615,503.598897
1,8616,88.106342
1,8617,500.567847
1,8618,105.864737
1,8619,341.541291
1,8620,116.893428
1,8621,491.533382
1,8622,410.196679
1,8623,156.120793
1,8624,126.078733
1,8625,184.356258
1,8626,273.419199
1,8627,350.135637
1,8628,501.751918
1,8629,209.756951
1,8630,437.005512
1,8631,112.152716
1,8632,418.258718
1,8633,494.292959
1,8634,100.395671
1,8635,405.514614
1,8636,303.610073
1,8637,487.202949
1,8638,143.100980
1,8639,425.551474
1,8640,545.289224
1,8641,104.242444
1,8642,86.046818
1,8643,500.099526
1,8644,88.155522
1,8645,206.665091
1,8646,522.520255
1,8647,256.539577
1,8648,510.315333
1,8649,403.062025
1,8650,290.412296
1,8651,373.778375
1,8652,468.432371
1,8653,81.788589
1,8654,2.309667
1,8655,451.885731
1,8656,537.951603
1,8657,95.623178
1,8658,374.479945
1,8659,85.275167
1,8660,489.916859
1,8661,444.141660
1,8662,85.373335
1,8663,225.245757
1,8664,87.200659
1,8665,396.563377
1,8666,443.953779
1,8667,86.605728
1,8668,432.537487
1,8669,295.727638
1,8670,473.252472
1,8671,88.086689
1,8672,364.012664
1,8673,522.235249
1,8674,495.956536
1,8675,218.284944
1,8676,156.385139
1,8677,370.932097
1,8678,395.761250
1,8679,77.609379
1,8680,395.613185
1,8681,360.699880
1,8682,511.621475
1,8683,81.524014
1,8684,241.948185
1,8685,501.678383
1,8686,385.652025
1,8687,154.593173
1,8688,475.228566
1,8689,81.820682
1,8690,230.107360
1,8691,375.720344
1,8692,85.419845
1,8693,293.194687
1,8694,87.423824
1,8695,546.058063
1,8696,156.746125
1,8697,291.836312
1,8698,212.993392
1,8699,178.792317
1,8700,397.425633
1,8701,13.390701
1,8702,266.898876
1,8703,91.615458
1,8704,330.408951
1,8705,15.411792
1,8706,327.566809
1,8707,87.671169
1,8708,382.775989
1,8709,97.338909
1,8710,84.800479
1,8711,188.027395
1,8712,260.294279
1,8713,167.833228
1,8714,150.483124
1,8715,534.385331
1,8716,85.519217
1,8717,484.321400
1,8718,398.233358
1,8719,87.452121
1,8720,325.833695
1,8721,86.185290
1,8722,93.615262
1,8723,517.165484
1,8724,85.615852
1,8725,7.922293
1,8726,439.933324
1,8727,98.090393
1,8728,324.394427
1,8729,149.339162
1,8730,87.218520
1,8731,360.586977
1,8732,426.229124
1,8733,333.556343
1,8734,356.021398
1,8735,276.363311
1,8736,523.795885
1,8737,102.534868
1,8738,524.602258
1,8739,320.279086
1,8740,123.064759
1,8741,502.034034
1,8742,407.311150
1,8743,527.663347
1,8744,151.418029
1,8745,255.550082
1,8746,143.264960
1,8747,354.221198
1,8748,229.940306
1,8749,169.581750
1,8750,270.365333
1,8751,29.958041
1,8752,316.935575
1,8753,82.929391
1,8754,150.121188
1,8755,273.468624
1,8756,215.317134
1,8757,289.883762
1,8758,2.553896
1,8759,240.013364
1,8760,80.090314
1,8761,275.741485
1,8762,2.553896
1,8763,251.772442
1,8764,83.082023
1,8765,370.138956
1,8766,109.228587
1,8767,82.953846
1,8768,192.265219
1,8769,275.678315
1,8770,120.164168
1,8771,161.423796
1,8772,289.377584
1,8773,84.634170
1,8774,330.188873
1,8775,301.475432
1,8776,115.692630
1,8777,152.051171
1,8778,261.665168
1,8779,9.146827
1,8780,476.927387
1,8781,150.737233
1,8782,494.778971
1,8783,480.980103
1,8784,85.544411
1,8785,318.993556
1,8786,350.986921
1,8787,88.643772
1,8788,299.322707
1,8789,100.702564
1,8790,91.802919
1,8791,472.108497
1,8792,86.081064
1,8793,28.889610
1,8794,435.376194
1,8795,86.924668
1,8796,336.523002
1,8797,152.174623
1,8798,86.073815
1,8799,390.299202
1,8800,313.301521
1,8801,109.448920
1,8802,541.506869
1,8803,476.444400
1,8804,100.988299
1,8805,319.969630
1,8806,396.461374
1,8807,401.166707
1,8808,305.113980
1,8809,364.858039
1,8810,258.557595
1,8811,541.188469
1,8812,87.066936
1,8813,483.727004
1,8814,85.032992
1,8815,7.303707
1,8816,348.377385
1,8817,101.732384
1,8818,202.292369
1,8819,311.988119
1,8820,209.550827
1,8821,401.633402
1,8822,165.356342
1,8823,171.665013
1,8824,261.708020
1,8825,212.395095
1,8826,211.100315
1,8827,527.704432
1,8828,104.982372
1,8829,109.183555
1,8830,416.616178
1,8831,561.155492
1,8832,394.568651
1,8833,77.571994
1,8834,394.831638
1,8835,81.510002
1,8836,538.722097
1,8837,309.080103
1,8838,501.384324
1,8839,203.523597
1,8840,405.232916
1,8841,82.712912
1,8842,236.329362
1,8843,362.384242
1,8844,5.937700
1,8845,459.986676
1,8846,103.162761
1,8847,252.859457
1,8848,474.846742
1,8849,504.551749
1,8850,206.424028
1,8851,86.051279
1,8852,464.968051
1,8853,291.547195
1,8854,6.523989
1,8855,375.508491
1,8856,443.997024
1,8857,134.288287
1,8858,374.432658
1,8859,118.477055
1,8860,484.620536
1,8861,127.914350
1,8862,441.585467
1,8863,157.913230
1,8864,296.706172
1,8865,368.921150
1,8866,202.718545
1,8867,260.213767
1,8868,106.789338
1,8869,474.555245
1,8870,112.904208
1,8871,205.577913
1,8872,149.301468
1,8873,200.086617
1,8874,503.536676
1,8875,149.208171
1,8876,308.565011
1,8877,464.133739
1,8878,5.422577
1,8879,484.205425
1,8880,85.291094
1,8881,107.560616
1,8882,438.015840
1,8883,84.814019
1,8884,32.970279
1,8885,291.599065
1,8886,357.677420
1,8887,97.276420
1,8888,323.032148
1,8889,332.161278
1,8890,422.226760
1,8891,396.639016
1,8892,77.571994
1,8893,417.625617
1,8894,86.311779
1,8895,92.842669
1,8896,378.453090
1,8897,337.698128
1,8898,105.462462
1,8899,446.179692
1,8900,199.887002
1,8901,85.700707
1,8902,208.924920
1,8903,348.738190
1,8904,102.813810
1,8905,294.560618
1,8906,420.999674
1,8907,83.434709
1,8908,223.725772
1,8909,273.437056
1,8910,425.618848
1,8911,85.306831
1,8912,318.168161
1,8913,383.295235
1,8914,83.863684
1,8915,87.245890
1,8916,378.466482
1,8917,485.627396
1,8918,91.546103
1,8919,125.932335
1,8920,207.295836
1,8921,253.672314
1,8922,110.194932
1,8923,166.158834
1,8924,425.279583
1,8925,84.858025
1,8926,35.091478
1,8927,246.330116
1,8928,486.965541
1,8929,245.308530
1,8930,476.689151
1,8931,188.141729
1,8932,257.985635
1,8933,446.749003
1,8934,157.498801
1,8935,503.755607
1,8936,85.056063
1,8937,206.871304
1,8938,473.535377
1,8939,203.622353
1,8940,373.822108
1,8941,87.654346
1,8942,503.760606
1,8943,308.511426
1,8944,182.426064
1,8945,225.342388
1,8946,340.164643
1,8947,157.955665
1,8948,515.414659
1,8949,132.808605
1,8950,404.985280
1,8951,344.912120
1,8952,450.263563
1,8953,573.708861
1,8954,125.018095
1,8955,402.368637
1,8956,379.991875
1,8957,472.831047
1,8958,335.364204
1,8959,232.727069
1,8960,405.906549
1,8961,108.880018
1,8962,411.417401
1,8963,147.795341
1,8964,498.487903
1,8965,442.615666
1,8966,98.214358
1,8967,413.888268
1,8968,134.864933
1,8969,378.637271
1,8970,141.531424
1,8971,471.481777
1,8972,309.421958
1,8973,4.207573
1,8974,349.050137
1,8975,282.738662
1,8976,354.601551
1,8977,105.413365
1,8978,371.633502
1,8979,117.676441
1,8980,286.643230
1,8981,107.933438
1,8982,277.074669
1,8983,550.974503
1,8984,100.168416
1,8985,483.166185
1,8986,348.195605
1,8987,500.856554
1,8988,82.085968
1,8989,507.735648
1,8990,392.892280
1,8991,85.142711
1,8992,201.499281
1,8993,561.256684
1,8994,501.737237
1,8995,1.573252
1,8996,306.415286
1,8997,249.446699
1,8998,342.220922
1,8999,86.316124
1,9000,341.329712
1,9001,501.047922
1,9002,91.189475
1,9003,457.982987
1,9004,362.558172
1,9005,226.278005
1,9006,355.932141
1,9007,87.268576
1,9008,313.048462
1,9009,175.163078
1,9010,87.286943
1,9011,225.449190
1,9012,209.152185
1,9013,285.339303
1,9014,473.467076
1,9015,467.494717
1,9016,472.578540
1,9017,92.879282
1,9018,484.815103
1,9019,90.065208
1,9020,285.873742
1,9021,87.465894
1,9022,90.873906
1,9023,261.482776
1,9024,210.473634
1,9025,88.725119
1,9026,388.887425
1,9027,92.024861
1,9028,260.111376
1,9029,634.080792
1,9030,428.929016
1,9031,232.327230
1,9032,91.769797
1,9033,449.854139
1,9034,306.981155
1,9035,325.291006
1,9036,89.849317
1,9037,415.290631
1,9038,364.121580
1,9039,274.938845
1,9040,185.960288
1,9041,296.242292
1,9042,321.156467
1,9043,235.026225
1,9044,206.985794
1,9045,360.259859
1,9046,362.843777
1,9047,85.981906
1,9048,233.277070
1,9049,244.677948
1,9050,290.059527
1,9051,391.269792
1,9052,298.991686
1,9053,89.499826
1,9054,403.860264
1,9055,86.941285
1,9056,91.056218
1,9057,223.971473
1,9058,87.806179
1,9059,326.359127
1,9060,372.331251
1,9061,78.684891
1,9062,203.156764
1,9063,208.625432
1,9064,82.211703
1,9065,288.081541
1,9066,153.587823
1,9067,262.436477
1,9068,86.204396
1,9069,412.096984
1,9070,164.801474
1,9071,104.355264
1,9072,366.907451
1,9073,315.324701
1,9074,86.634153
1,9075,18.978963
1,9076,336.883479
1,9077,253.501918
1,9078,345.337520
1,9079,274.739091
1,9080,224.152264
1,9081,432.980714
1,9082,313.475168
1,9083,8.921150
1,9084,231.516916
1,9085,217.696067
1,9086,450.098790
1,9087,157.151448
1,9088,431.729285
1,9089,288.619690
1,9090,89.547633
1,9091,158.693099
1,9092,98.109678
1,9093,139.261848
1,9094,353.378878
1,9095,449.266655
1,9096,353.836793
1,9097,87.265005
1,9098,245.679876
1,9099,10.508489
1,9100,472.075239
1,9101,89.514164
1,9102,265.262786
1,9103,261.483149
1,9104,301.339326
1,9105,158.491713
1,9106,306.942821
1,9107,403.230737
1,9108,87.646563
1,9109,9.066366
1,9110,375.536084
1,9111,89.587091
1,9112,114.535396
1,9113,328.094458
1,9114,86.562640
1,9115,397.201839
1,9116,87.834486
1,9117,402.298343
1,9118,258.738558
1,9119,258.654747
1,9120,151.426936
1,9121,325.090089
1,9122,9.979506
1,9123,356.410604
1,9124,152.556570
1,9125,234.130119
1,9126,238.817827
1,9127,91.176760
1,9128,477.054632
1,9129,93.054760
1,9130,280.002532
1,9131,299.123392
1,9132,151.380565
1,9133,571.897524
1,9134,87.832670
1,9135,311.335738
1,9136,345.270811
1,9137,146.219920
1,9138,201.530095
1,9139,406.423482
1,9140,202.073496
1,9141,86.133008
1,9142,300.636169
1,9143,264.100298
1,9144,87.635337
1,9145,170.776282
1,9146,82.804184
1,9147,254.797349
1,9148,390.024680
1,9149,254.691656
1,9150,588.174189
1,9151,204.016070
1,9152,518.412532
1,9153,409.345301
1,9154,404.613745
1,9155,337.889658
1,9156,100.604044
1,9157,187.974049
1,9158,246.949692
1,9159,354.043412
1,9160,89.158738
1,9161,294.034944
1,9162,177.264093
1,9163,355.930651
1,9164,359.753535
1,9165,176.036128
1,9166,107.121797
1,9167,92.704541
1,9168,473.044803
1,9169,398.033085
1,9170,87.205454
1,9171,350.954456
1,9172,91.986702
1,9173,402.692110
1,9174,400.768132
1,9175,88.821091
1,9176,387.719396
1,9177,92.673174
1,9178,337.149305
1,9179,115.188460
1,9180,204.673167
1,9181,9.034690
1,9182,538.264857
1,9183,86.825856
1,9184,233.201905
1,9185,214.699147
1,9186,179.374789
1,9187,180.214220
1,9188,397.197293
1,9189,86.477693
1,9190,343.104403
1,9191,251.822568
1,9192,426.106793
1,9193,224.535402
1,9194,246.608413
1,9195,240.384618
1,9196,152.398310
1,9197,402.472655
1,9198,492.877894
1,9199,93.184764
1,9200,394.130416
1,9201,89.005883
1,9202,100.897608
1,9203,363.041789
1,9204,153.951045
1,9205,153.336930
1,9206,175.217326
1,9207,213.147831
1,9208,275.487236
1,9209,23.213213
1,9210,447.007326
1,9211,92.005482
1,9212,458.363959
1,9213,84.890270
1,9214,250.600946
1,9215,88.363223
1,9216,102.820001
1,9217,154.302571
1,9218,87.981576
1,9219,102.262470
1,9220,354.329737
1,9221,6.001110
1,9222,331.667402
1,9223,473.342741
1,9224,202.024366
1,9225,85.895318
1,9226,229.336651
1,9227,296.670934
1,9228,84.523052
1,9229,293.415862
1,9230,5.262530
1,9231,285.388740
1,9232,85.179065
1,9233,209.215449
1,9234,491.677030
1,9235,403.757222
1,9236,84.806225
1,9237,152.011299
1,9238,149.416545
1,9239,348.456110
1,9240,83.217262
1,9241,405.989622
1,9242,82.354034
1,9243,305.043020
1,9244,87.489390
1,9245,241.301625
1,9246,239.057281
1,9247,368.960742
1,9248,292.270571
1,9249,80.810510
1,9250,204.064062
1,9251,328.076362
1,9252,316.530876
1,9253,562.186752
1,9254,160.751591
1,9255,270.595774
1,9256,84.987785
1,9257,382.449150
1,9258,181.297648
1,9259,284.201164
1,9260,7.785093
1,9261,296.414924
1,9262,85.138601
1,9263,89.443735
1,9264,255.278375
1,9265,88.371758
1,9266,89.544991
1,9267,112.544512
1,9268,276.693030
1,9269,87.555450
1,9270,197.244819
1,9271,87.236687
1,9272,367.202817
1,9273,152.454365
1,9274,115.258392
1,9275,417.571672
1,9276,93.753593
1,9277,86.737784
1,9278,341.047820
1,9279,355.774821
1,9280,175.618934
1,9281,257.479032
1,9282,87.760778
1,9283,287.167653
1,9284,99.407252
1,9285,205.055042
1,9286,449.693369
1,9287,87.780256
1,9288,172.999466
1,9289,408.711410
1,9290,353.508933
1,9291,91.445038
1,9292,258.095318
1,9293,87.354850
1,9294,248.148742
1,9295,101.702438
1,9296,423.593681
1,9297,512.992316
1,9298,101.521902
1,9299,392.515128
1,9300,89.586500
1,9301,289.428056
1,9302,416.090073
1,9303,368.171680
1,9304,86.180970
1,9305,218.819926
1,9306,201.564023
1,9307,85.650602
1,9308,320.271027
1,9309,94.132686
1,9310,450.949421
1,9311,119.489448
1,9312,449.478549
1,9313,166.117907
1,9314,94.558177
1,9315,301.991118
1,9316,496.276478
1,9317,381.422529
1,9318,86.064712
1,9319,113.869967
1,9320,420.814425
1,9321,267.540975
1,9322,147.083807
1,9323,376.637400
1,9324,212.953477
1,9325,89.715629
1,9326,679.606161
1,9327,151.367011
1,9328,87.482354
1,9329,490.269216
1,9330,320.236330
1,9331,537.485164
1,9332,83.336743
1,9333,352.688579
1,9334,226.247941
1,9335,327.488273
1,9336,86.084899
1,9337,270.781730
1,9338,332.183876
1,9339,346.136041
1,9340,383.946864
1,9341,338.735501
1,9342,81.319259
1,9343,223.172747
1,9344,87.940047
1,9345,279.108617
1,9346,202.637042
1,9347,370.021704
1,9348,86.732825
1,9349,254.695119
1,9350,99.435798
1,9351,391.471412
1,9352,86.329923
1,9353,369.230382
1,9354,242.325042
1,9355,87.899705
1,9356,463.822690
1,9357,208.154480
1,9358,208.500053
1,9359,424.398081
1,9360,7.883985
1,9361,390.599580
1,9362,324.222424
1,9363,238.935725
1,9364,557.352940
1,9365,204.011691
1,9366,330.734316
1,9367,104.248772
1,9368,361.576150
1,9369,223.316200
1,9370,249.031922
1,9371,87.265030
1,9372,320.718130
1,9373,282.562181
1,9374,284.538441
1,9375,261.614593
1,9376,89.261304
1,9377,299.970915
1,9378,253.160435
1,9379,8.827216
1,9380,364.876964
1,9381,222.895700
1,9382,333.174381
1,9383,220.072179
1,9384,387.861873
1,9385,473.505720
1,9386,205.118513
1,9387,8.860843
1,9388,449.099346
1,9389,106.218584
1,9390,423.419616
1,9391,84.177545
1,9392,419.972171
1,9393,84.984649
1,9394,87.255269
1,9395,335.816226
1,9396,428.810450
1,9397,86.541901
1,9398,236.053765
1,9399,85.395750
1,9400,282.017751
1,9401,163.208960
1,9402,152.535002
1,9403,202.485593
1,9404,220.209801
1,9405,326.684809
1,9406,86.415169
1,9407,143.535250
1,9408,96.098737
1,9409,431.542674
1,9410,85.767443
1,9411,373.628856
1,9412,88.976131
1,9413,399.048996
1,9414,88.710283
1,9415,358.748706
1,9416,302.961485
1,9417,463.647527
1,9418,151.076100
1,9419,102.312644
1,9420,423.941681
1,9421,150.960941
1,9422,338.412497
1,9423,224.734757
1,9424,296.849833
