subtaskID,datapointID,answer
1,0,412.295094
1,1,109.621162
1,2,146.222286
1,3,1.423487
1,4,488.533124
1,5,64.497449
1,6,257.502899
1,7,306.453783
1,8,235.626936
1,9,322.569136
1,10,229.476900
1,11,13.698774
1,12,119.973575
1,13,208.475664
1,14,64.186387
1,15,258.573128
1,16,226.994493
1,17,243.353260
1,18,266.582754
1,19,538.668889
1,20,139.080601
1,21,248.697383
1,22,324.258700
1,23,389.800477
1,24,265.303976
1,25,66.418221
1,26,235.563245
1,27,190.832636
1,28,121.967642
1,29,13.788227
1,30,338.603538
1,31,67.340291
1,32,161.503861
1,33,503.844187
1,34,13.691299
1,35,518.357356
1,36,271.317039
1,37,326.748807
1,38,115.210598
1,39,187.353319
1,40,67.314033
1,41,417.522340
1,42,153.095829
1,43,290.536877
1,44,424.877203
1,45,125.859459
1,46,26.915693
1,47,340.154251
1,48,151.160163
1,49,210.739155
1,50,166.825423
1,51,292.482774
1,52,191.444070
1,53,67.439352
1,54,197.592897
1,55,142.069549
1,56,254.645188
1,57,187.753637
1,58,122.188884
1,59,480.927830
1,60,64.728755
1,61,218.062874
1,62,64.421335
1,63,339.233513
1,64,158.135069
1,65,194.623223
1,66,63.655930
1,67,166.737677
1,68,196.770956
1,69,328.190434
1,70,64.594136
1,71,268.374664
1,72,66.446218
1,73,261.941044
1,74,267.156958
1,75,247.012171
1,76,120.481790
1,77,82.828832
1,78,13.094865
1,79,282.438815
1,80,64.662490
1,81,482.635919
1,82,371.621436
1,83,291.527281
1,84,170.965781
1,85,220.726047
1,86,114.765900
1,87,182.420799
1,88,246.318417
1,89,244.114806
1,90,303.206769
1,91,93.758171
1,92,67.516826
1,93,423.649204
1,94,1022.287087
1,95,938.067814
1,96,717.015999
1,97,685.850341
1,98,518.688817
1,99,50.168975
1,100,558.026012
1,101,189.806753
1,102,508.947441
1,103,349.221654
1,104,492.894082
1,105,322.870668
1,106,155.718839
1,107,353.374106
1,108,109.853936
1,109,302.904488
1,110,528.484697
1,111,195.300588
1,112,565.505564
1,113,142.574726
1,114,447.047352
1,115,986.993170
1,116,498.257688
1,117,519.453950
1,118,347.304438
1,119,224.080763
1,120,240.704728
1,121,60.464539
1,122,218.305602
1,123,318.265180
1,124,562.164127
1,125,272.706201
1,126,597.642603
1,127,172.420927
1,128,113.755806
1,129,281.315172
1,130,294.079403
1,131,59.582010
1,132,362.085652
1,133,59.252917
1,134,108.619660
1,135,60.557722
1,136,185.008472
1,137,274.808330
1,138,409.566325
1,139,413.118530
1,140,356.125060
1,141,232.033004
1,142,105.339045
1,143,352.587431
1,144,312.546254
1,145,336.823152
1,146,58.818330
1,147,307.531809
1,148,4.593939
1,149,260.723722
1,150,211.587152
1,151,57.609789
1,152,160.413877
1,153,289.510132
1,154,293.280875
1,155,377.721487
1,156,308.543141
1,157,422.119111
1,158,419.468036
1,159,62.341493
1,160,179.192613
1,161,310.716504
1,162,176.484074
1,163,254.693358
1,164,186.554561
1,165,98.105279
1,166,386.522474
1,167,50.964968
1,168,408.929287
1,169,277.387438
1,170,275.093195
1,171,438.350863
1,172,525.741334
1,173,55.488408
1,174,264.717468
1,175,102.077663
1,176,336.783741
1,177,58.290855
1,178,323.658925
1,179,186.087534
1,180,302.708537
1,181,340.845149
1,182,93.113885
1,183,439.916328
1,184,488.935932
1,185,516.451782
1,186,507.893944
1,187,388.703488
1,188,63.929784
1,189,215.505851
1,190,60.875382
1,191,214.125992
1,192,297.759161
1,193,59.988316
1,194,146.977283
1,195,297.842165
1,196,110.539998
1,197,147.270121
1,198,58.329565
1,199,650.332167
1,200,60.106318
1,201,356.216342
1,202,158.515446
1,203,223.006267
1,204,60.117551
1,205,148.314772
1,206,293.626499
1,207,299.725791
1,208,59.450177
1,209,10.877839
1,210,262.504622
1,211,57.608045
1,212,393.820328
1,213,118.130145
1,214,211.832053
1,215,496.697006
1,216,58.914242
1,217,315.931883
1,218,56.932410
1,219,239.391317
1,220,279.391174
1,221,306.034634
1,222,393.619997
1,223,369.310748
1,224,317.115700
1,225,204.214882
1,226,462.583882
1,227,55.440175
1,228,148.289295
1,229,178.242115
1,230,214.095679
1,231,143.949697
1,232,118.513044
1,233,380.957299
1,234,207.744317
1,235,57.151697
1,236,174.613684
1,237,149.193437
1,238,237.064124
1,239,104.697696
1,240,53.229059
1,241,277.340202
1,242,142.542107
1,243,151.292108
1,244,240.523909
1,245,293.068704
1,246,198.192819
1,247,286.189547
1,248,99.820306
1,249,138.842402
1,250,54.605587
1,251,147.311012
1,252,53.300296
1,253,188.692790
1,254,51.227028
1,255,57.311781
1,256,236.272173
1,257,304.662962
1,258,295.284586
1,259,251.522827
1,260,140.130612
1,261,259.940260
1,262,55.061087
1,263,234.349092
1,264,110.447467
1,265,162.419642
1,266,229.107947
1,267,575.118089
1,268,264.837419
1,269,260.805500
1,270,418.359934
1,271,185.764674
1,272,607.479636
1,273,331.173333
1,274,277.583189
1,275,203.638472
1,276,53.393819
1,277,339.698801
1,278,55.055864
1,279,260.375633
1,280,455.440073
1,281,389.235164
1,282,53.239366
1,283,402.393037
1,284,385.630478
1,285,408.301275
1,286,295.900506
1,287,365.344914
1,288,101.752563
1,289,61.727835
1,290,126.772096
1,291,277.055881
1,292,191.117241
1,293,331.581888
1,294,262.142610
1,295,317.294162
1,296,218.845647
1,297,210.834419
1,298,492.206853
1,299,99.640629
1,300,301.242355
1,301,529.430286
1,302,382.418396
1,303,393.034723
1,304,312.570392
1,305,57.568232
1,306,206.304228
1,307,473.812997
1,308,180.238626
1,309,206.175351
1,310,467.736847
1,311,370.086153
1,312,304.444515
1,313,275.288361
1,314,152.406699
1,315,459.959940
1,316,276.678318
1,317,300.354373
1,318,59.278261
1,319,145.572649
1,320,315.980163
1,321,359.549539
1,322,275.186925
1,323,136.731142
1,324,333.691996
1,325,167.327321
1,326,396.977089
1,327,387.346930
1,328,355.610674
1,329,53.129067
1,330,3.059174
1,331,256.869135
1,332,100.268889
1,333,240.007055
1,334,181.904103
1,335,399.523102
1,336,200.355002
1,337,413.518655
1,338,387.878650
1,339,240.723033
1,340,49.659467
1,341,233.821329
1,342,260.731850
1,343,105.152339
1,344,176.669490
1,345,206.138219
1,346,142.745731
1,347,279.581003
1,348,262.030373
1,349,343.053636
1,350,209.907173
1,351,201.092312
1,352,193.147552
1,353,103.626559
1,354,324.896248
1,355,321.087816
1,356,56.298908
1,357,247.631258
1,358,55.201692
1,359,147.284865
1,360,1.720845
1,361,103.063937
1,362,412.164848
1,363,458.484122
1,364,257.205884
1,365,328.182599
1,366,266.762442
1,367,107.552289
1,368,317.073432
1,369,296.248692
1,370,182.929151
1,371,320.870144
1,372,271.089309
1,373,352.629492
1,374,264.256959
1,375,305.829621
1,376,114.602159
1,377,584.591399
1,378,91.504001
1,379,330.624394
1,380,56.125946
1,381,220.859241
1,382,169.122472
1,383,332.483455
1,384,55.200541
1,385,178.036557
1,386,976.346086
1,387,1118.596950
1,388,339.083975
1,389,399.331309
1,390,4.472330
1,391,437.926420
1,392,394.069452
1,393,499.193583
1,394,349.767762
1,395,304.746811
1,396,53.324990
1,397,101.073162
1,398,502.112567
1,399,271.217412
1,400,435.326989
1,401,470.387813
1,402,556.088806
1,403,487.691384
1,404,456.048392
1,405,70.887300
1,406,419.445337
1,407,291.457935
1,408,620.424201
1,409,542.176538
1,410,477.322803
1,411,423.029437
1,412,63.273515
1,413,462.693972
1,414,447.663973
1,415,563.839425
1,416,724.672831
1,417,330.281676
1,418,329.471723
1,419,417.433336
1,420,9.672144
1,421,211.105119
1,422,326.908446
1,423,406.973776
1,424,383.612845
1,425,289.072415
1,426,382.387211
1,427,412.941355
1,428,114.503615
1,429,128.751240
1,430,522.510253
1,431,165.387710
1,432,293.298185
1,433,490.632783
1,434,62.744994
1,435,436.764046
1,436,65.461182
1,437,150.945827
1,438,189.237929
1,439,229.295305
1,440,356.716948
1,441,150.057605
1,442,438.951714
1,443,52.320093
1,444,383.240097
1,445,437.417767
1,446,87.474129
1,447,135.919633
1,448,589.677017
1,449,424.261120
1,450,58.928780
1,451,660.027082
1,452,392.321789
1,453,646.416100
1,454,58.652746
1,455,313.483924
1,456,63.837840
1,457,505.346603
1,458,218.465661
1,459,408.038571
1,460,337.883390
1,461,448.556693
1,462,361.514281
1,463,596.422320
1,464,468.167591
1,465,723.267153
1,466,498.372934
1,467,607.392832
1,468,61.198025
1,469,185.604523
1,470,79.192061
1,471,430.151444
1,472,547.847672
1,473,71.414959
1,474,279.200748
1,475,65.856429
1,476,218.933997
1,477,225.138986
1,478,234.095510
1,479,64.899899
1,480,366.781679
1,481,67.032008
1,482,282.320517
1,483,63.763571
1,484,146.649996
1,485,518.916870
1,486,379.045732
1,487,517.269510
1,488,606.397298
1,489,142.891710
1,490,253.426394
1,491,266.936493
1,492,431.464272
1,493,58.205758
1,494,589.381203
1,495,118.983059
1,496,136.328242
1,497,480.739033
1,498,195.448442
1,499,383.426878
1,500,441.758786
1,501,131.165402
1,502,245.010414
1,503,322.945461
1,504,8.308192
1,505,345.835309
1,506,63.738671
1,507,421.838719
1,508,588.690495
1,509,408.798927
1,510,512.134820
1,511,281.277545
1,512,329.004120
1,513,382.939359
1,514,243.615409
1,515,354.739095
1,516,362.770659
1,517,298.915143
1,518,173.682075
1,519,303.249133
1,520,354.723858
1,521,400.192047
1,522,138.042054
1,523,181.708289
1,524,341.691961
1,525,73.011262
1,526,733.329606
1,527,166.027284
1,528,327.871998
1,529,341.624186
1,530,231.944655
1,531,62.441315
1,532,225.676752
1,533,63.695218
1,534,402.092159
1,535,181.440319
1,536,325.263997
1,537,378.825375
1,538,53.362572
1,539,291.403668
1,540,555.076447
1,541,372.690746
1,542,403.677423
1,543,169.582400
1,544,330.275641
1,545,471.441433
1,546,597.942390
1,547,609.447956
1,548,5.752604
1,549,295.728667
1,550,430.672695
1,551,60.400003
1,552,233.472227
1,553,57.806275
1,554,151.569830
1,555,317.546028
1,556,68.516147
1,557,369.697312
1,558,66.681388
1,559,251.950403
1,560,259.199167
1,561,131.808900
1,562,148.020826
1,563,377.474404
1,564,185.591496
1,565,413.755226
1,566,125.279236
1,567,258.056390
1,568,470.891162
1,569,109.363048
1,570,468.004578
1,571,509.597984
1,572,252.888134
1,573,728.272955
1,574,128.699356
1,575,343.303094
1,576,418.101464
1,577,727.881477
1,578,370.432082
1,579,302.266078
1,580,347.090406
1,581,293.670336
1,582,392.447898
1,583,123.816993
1,584,736.834135
1,585,107.185048
1,586,62.450808
1,587,559.917537
1,588,526.911803
1,589,244.294111
1,590,423.080608
1,591,397.875588
1,592,928.176789
1,593,63.283578
1,594,361.687052
1,595,200.126644
1,596,355.661455
1,597,343.526884
1,598,268.986131
1,599,265.557131
1,600,342.824332
1,601,178.652610
1,602,386.144406
1,603,281.366535
1,604,548.351408
1,605,305.925736
1,606,559.740043
1,607,473.265305
1,608,355.682575
1,609,61.902624
1,610,383.568544
1,611,342.368623
1,612,458.201761
1,613,348.890559
1,614,59.088688
1,615,412.236434
1,616,439.304905
1,617,415.250739
1,618,504.960691
1,619,601.995758
1,620,322.242957
1,621,329.197255
1,622,415.668548
1,623,90.275545
1,624,334.202703
1,625,203.031455
1,626,209.167276
1,627,253.205413
1,628,49.350215
1,629,121.952558
1,630,384.043831
1,631,274.766644
1,632,303.976000
1,633,115.706947
1,634,3.125018
1,635,58.218376
1,636,215.514701
1,637,308.197968
1,638,203.406768
1,639,106.927160
1,640,187.454668
1,641,63.658575
1,642,315.827427
1,643,116.738546
1,644,207.333540
1,645,2.914930
1,646,185.363378
1,647,177.208708
1,648,275.561548
1,649,63.812209
1,650,155.110254
1,651,8.986679
1,652,330.411750
1,653,238.542948
1,654,216.614019
1,655,273.674340
1,656,66.805026
1,657,200.782050
1,658,109.722324
1,659,350.765083
1,660,425.432291
1,661,3.314843
1,662,364.938025
1,663,294.317687
1,664,63.276190
1,665,114.732603
1,666,60.702272
1,667,69.669718
1,668,7.846981
1,669,240.646498
1,670,59.786303
1,671,112.165655
1,672,314.343882
1,673,359.222389
1,674,64.005453
1,675,266.687033
1,676,70.071556
1,677,249.183941
1,678,62.868571
1,679,234.287285
1,680,63.457681
1,681,63.796670
1,682,239.289470
1,683,108.144605
1,684,251.767710
1,685,238.499845
1,686,62.674423
1,687,258.988740
1,688,330.171816
1,689,351.849761
1,690,347.103223
1,691,114.696818
1,692,67.589908
1,693,115.791014
1,694,318.470529
1,695,435.270643
1,696,264.341033
1,697,59.684586
1,698,265.102101
1,699,56.177989
1,700,216.802420
1,701,219.471156
1,702,144.278784
1,703,278.825181
1,704,59.089436
1,705,308.346321
1,706,1507.218382
1,707,381.084673
1,708,105.313328
1,709,370.712049
1,710,233.615275
1,711,140.392383
1,712,341.103327
1,713,62.411499
1,714,185.446203
1,715,65.973918
1,716,206.706864
1,717,264.902663
1,718,417.753960
1,719,466.718905
1,720,110.007864
1,721,429.965316
1,722,374.781699
1,723,49.637197
1,724,206.502165
1,725,487.787193
1,726,1.052459
1,727,355.087789
1,728,621.320078
1,729,1.052459
1,730,473.054584
1,731,902.222410
1,732,599.350328
1,733,345.778487
1,734,348.563623
1,735,123.085530
1,736,321.557620
1,737,135.714284
1,738,491.646889
1,739,340.753548
1,740,424.227660
1,741,380.894674
1,742,511.948063
1,743,259.885786
1,744,206.829092
1,745,272.125224
1,746,59.005907
1,747,356.790538
1,748,242.919684
1,749,61.961624
1,750,183.147155
1,751,59.655110
1,752,184.981676
1,753,159.865720
1,754,153.821684
1,755,148.904482
1,756,61.930752
1,757,183.305442
1,758,165.895754
1,759,473.949456
1,760,59.093153
1,761,331.805395
1,762,479.327668
1,763,6.193118
1,764,181.823346
1,765,292.189041
1,766,59.775078
1,767,189.143739
1,768,183.577147
1,769,401.689294
1,770,147.396004
1,771,190.451098
1,772,329.679689
1,773,109.695248
1,774,154.011244
1,775,186.126191
1,776,400.581600
1,777,288.370435
1,778,59.684396
1,779,243.470467
1,780,61.238052
1,781,186.238792
1,782,341.237192
1,783,60.663862
1,784,264.829294
1,785,56.989429
1,786,143.911281
1,787,61.769021
1,788,425.636249
1,789,57.351107
1,790,107.401059
1,791,317.647530
1,792,393.286847
1,793,401.610458
1,794,567.754551
1,795,1.840000
1,796,358.336179
1,797,238.520170
1,798,328.887231
1,799,65.588735
1,800,302.052876
1,801,515.133283
1,802,73.179916
1,803,459.662653
1,804,405.414396
1,805,183.815256
1,806,355.822446
1,807,67.072362
1,808,325.420789
1,809,181.911298
1,810,70.426584
1,811,168.855996
1,812,310.869710
1,813,370.242465
1,814,463.752888
1,815,475.086735
1,816,520.317612
1,817,150.958228
1,818,612.359684
1,819,158.264076
1,820,348.754166
1,821,124.725864
1,822,78.996396
1,823,289.153356
1,824,218.497582
1,825,69.341209
1,826,372.062639
1,827,80.710658
1,828,180.749778
1,829,1082.743211
1,830,395.137255
1,831,255.212309
1,832,77.831662
1,833,847.865426
1,834,367.979133
1,835,408.581257
1,836,71.092363
1,837,608.662605
1,838,377.648758
1,839,306.595422
1,840,223.321084
1,841,393.597887
1,842,264.634088
1,843,194.207577
1,844,162.940019
1,845,472.057079
1,846,280.288707
1,847,68.434594
1,848,192.932339
1,849,210.252494
1,850,252.486154
1,851,304.278842
1,852,249.367855
1,853,73.846340
1,854,397.755131
1,855,102.663103
1,856,145.564257
1,857,282.610084
1,858,70.840460
1,859,329.982269
1,860,348.854654
1,861,53.701622
1,862,409.835171
1,863,271.481769
1,864,61.594872
1,865,254.107187
1,866,190.067712
1,867,389.178391
1,868,126.229666
1,869,771.787054
1,870,372.968729
1,871,72.282726
1,872,505.573788
1,873,302.730155
1,874,161.935823
1,875,19.962699
1,876,307.837526
1,877,305.539470
1,878,416.675078
1,879,326.915644
1,880,166.367584
1,881,418.047331
1,882,238.539363
1,883,13.285765
1,884,184.153119
1,885,295.757300
1,886,458.682731
1,887,183.587877
1,888,582.967709
1,889,328.780578
1,890,70.622432
1,891,135.920500
1,892,69.775782
1,893,263.588431
1,894,352.519599
1,895,586.330236
1,896,508.777499
1,897,74.321179
1,898,304.330827
1,899,15.758351
1,900,721.861481
1,901,70.570298
1,902,366.242798
1,903,296.170068
1,904,335.555595
1,905,131.943113
1,906,468.840901
1,907,595.572664
1,908,71.082091
1,909,17.423170
1,910,492.900615
1,911,70.683896
1,912,175.151996
1,913,375.796772
1,914,69.243870
1,915,698.338537
1,916,67.953875
1,917,671.395328
1,918,416.298001
1,919,336.438461
1,920,150.880825
1,921,459.614363
1,922,14.934358
1,923,438.083456
1,924,121.744699
1,925,379.395835
1,926,279.194890
1,927,73.160110
1,928,786.136563
1,929,67.442373
1,930,303.442568
1,931,335.715568
1,932,117.693048
1,933,704.081092
1,934,67.951047
1,935,337.680287
1,936,406.401879
1,937,223.782572
1,938,327.890519
1,939,388.324782
1,940,233.843346
1,941,117.896950
1,942,298.005114
1,943,290.680754
1,944,78.134651
1,945,121.654432
1,946,63.947705
1,947,212.437906
1,948,345.701761
1,949,229.819477
1,950,381.594793
1,951,212.784435
1,952,495.963342
1,953,443.416536
1,954,415.441743
1,955,384.689823
1,956,117.551391
1,957,352.469188
1,958,356.631776
1,959,321.231892
1,960,124.445514
1,961,307.701424
1,962,139.708624
1,963,396.707125
1,964,394.070809
1,965,311.859712
1,966,150.483355
1,967,156.370350
1,968,498.339680
1,969,397.482122
1,970,66.974038
1,971,279.935084
1,972,74.421750
1,973,392.674730
1,974,441.935207
1,975,161.638674
1,976,464.092222
1,977,75.491063
1,978,400.012859
1,979,74.253024
1,980,340.426309
1,981,20.655860
1,982,618.876644
1,983,146.311846
1,984,224.632593
1,985,239.429447
1,986,261.851423
1,987,139.845596
1,988,465.662393
1,989,65.840410
1,990,432.205470
1,991,371.664708
1,992,739.198534
1,993,267.924908
1,994,315.728653
1,995,262.019485
1,996,154.926437
1,997,354.420021
1,998,639.454900
1,999,370.312872
1,1000,742.757781
1,1001,156.613974
1,1002,237.533948
1,1003,740.034967
1,1004,220.412184
1,1005,198.460251
1,1006,256.801955
1,1007,153.555211
1,1008,370.127518
1,1009,98.193125
1,1010,555.463130
1,1011,310.008912
1,1012,696.861237
1,1013,136.124855
1,1014,307.491693
1,1015,68.777485
1,1016,71.365863
1,1017,161.370305
1,1018,71.889923
1,1019,75.508612
1,1020,277.205483
1,1021,8.737241
1,1022,250.239229
1,1023,455.491135
1,1024,188.117787
1,1025,121.564115
1,1026,301.014227
1,1027,345.064378
1,1028,62.795682
1,1029,335.875331
1,1030,11.206804
1,1031,308.454340
1,1032,70.261770
1,1033,242.574542
1,1034,447.114336
1,1035,324.122568
1,1036,63.236778
1,1037,117.858434
1,1038,153.061805
1,1039,358.784914
1,1040,60.761661
1,1041,503.338277
1,1042,63.682300
1,1043,332.360243
1,1044,87.049935
1,1045,253.197039
1,1046,308.861697
1,1047,497.695345
1,1048,328.888021
1,1049,95.679098
1,1050,258.583003
1,1051,543.535521
1,1052,364.565191
1,1053,633.484840
1,1054,267.251724
1,1055,358.087610
1,1056,67.553360
1,1057,591.959799
1,1058,251.866706
1,1059,578.961897
1,1060,11.516138
1,1061,325.712825
1,1062,66.821380
1,1063,70.460590
1,1064,199.325267
1,1065,72.987969
1,1066,74.815505
1,1067,162.428618
1,1068,218.495075
1,1069,67.519224
1,1070,338.112568
1,1071,67.022690
1,1072,391.685928
1,1073,115.849428
1,1074,277.040318
1,1075,570.406189
1,1076,205.497668
1,1077,68.808534
1,1078,532.231948
1,1079,541.233587
1,1080,373.368117
1,1081,437.542735
1,1082,130.860632
1,1083,411.112559
1,1084,161.430406
1,1085,235.748411
1,1086,562.583323
1,1087,67.869403
1,1088,203.079618
1,1089,550.035282
1,1090,475.394485
1,1091,73.578005
1,1092,200.594499
1,1093,67.206751
1,1094,378.292947
1,1095,134.717208
1,1096,487.247648
1,1097,1025.939117
1,1098,191.338988
1,1099,421.195539
1,1100,187.534309
1,1101,361.231465
1,1102,465.154812
1,1103,469.204552
1,1104,124.322735
1,1105,294.586821
1,1106,181.518000
1,1107,64.552057
1,1108,390.067767
1,1109,68.467512
1,1110,538.787111
1,1111,172.701079
1,1112,526.723113
1,1113,115.098915
1,1114,156.112294
1,1115,373.326093
1,1116,639.005321
1,1117,452.121302
1,1118,71.278727
1,1119,194.356911
1,1120,521.091604
1,1121,407.137987
1,1122,205.475529
1,1123,436.005004
1,1124,320.704739
1,1125,70.884118
1,1126,1664.777269
1,1127,223.254979
1,1128,77.053570
1,1129,574.838922
1,1130,398.690160
1,1131,614.392297
1,1132,60.947777
1,1133,431.874375
1,1134,273.523564
1,1135,341.468440
1,1136,144.597995
1,1137,248.400126
1,1138,364.368136
1,1139,430.937834
1,1140,488.190534
1,1141,540.539090
1,1142,62.015964
1,1143,230.380400
1,1144,233.845111
1,1145,251.475237
1,1146,237.264727
1,1147,450.678765
1,1148,139.791870
1,1149,171.817336
1,1150,125.590947
1,1151,279.767674
1,1152,65.610229
1,1153,311.939347
1,1154,178.505565
1,1155,68.055467
1,1156,340.241360
1,1157,269.857685
1,1158,237.971274
1,1159,368.172212
1,1160,14.445651
1,1161,291.595052
1,1162,258.482338
1,1163,321.575035
1,1164,435.257998
1,1165,155.606974
1,1166,253.815968
1,1167,164.453451
1,1168,427.809786
1,1169,283.607513
1,1170,169.037650
1,1171,123.089464
1,1172,280.273436
1,1173,249.648680
1,1174,367.494632
1,1175,191.309298
1,1176,73.719926
1,1177,340.617337
1,1178,250.539530
1,1179,13.139444
1,1180,411.214667
1,1181,224.394605
1,1182,224.887632
1,1183,215.411876
1,1184,359.947288
1,1185,451.568061
1,1186,290.915172
1,1187,13.191825
1,1188,511.523305
1,1189,115.841513
1,1190,563.880339
1,1191,111.373797
1,1192,500.349974
1,1193,63.514706
1,1194,70.949219
1,1195,297.864896
1,1196,309.363679
1,1197,65.940427
1,1198,162.763719
1,1199,67.398978
1,1200,248.309416
1,1201,173.702751
1,1202,115.975036
1,1203,154.169453
1,1204,241.334899
1,1205,296.083128
1,1206,105.827989
1,1207,233.506633
1,1208,217.763743
1,1209,590.596048
1,1210,117.037899
1,1211,630.877607
1,1212,184.651183
1,1213,402.560099
1,1214,158.012912
1,1215,256.861784
1,1216,315.050518
1,1217,448.196888
1,1218,179.397954
1,1219,68.958007
1,1220,386.801553
1,1221,117.366245
1,1222,447.982918
1,1223,168.204017
1,1224,242.657993
1,1225,320.469874
1,1226,67.208459
1,1227,390.576940
1,1228,256.542978
1,1229,403.472344
1,1230,299.009059
1,1231,442.536744
1,1232,483.189143
1,1233,576.824806
1,1234,66.332951
1,1235,498.105591
1,1236,67.349816
1,1237,508.535418
1,1238,121.015781
1,1239,379.825621
1,1240,219.923752
1,1241,625.736411
1,1242,68.979314
1,1243,195.472134
1,1244,516.715955
1,1245,86.190580
1,1246,720.073725
1,1247,920.094943
1,1248,821.532581
1,1249,14.441105
1,1250,589.782420
1,1251,546.527842
1,1252,700.789279
1,1253,127.103268
1,1254,561.317421
1,1255,504.811964
1,1256,274.655695
1,1257,72.199766
1,1258,455.293580
1,1259,484.284910
1,1260,361.992345
1,1261,113.643420
1,1262,466.233358
1,1263,71.529212
1,1264,366.446564
1,1265,669.197949
1,1266,333.722053
1,1267,597.142659
1,1268,133.392415
1,1269,744.347813
1,1270,812.019441
1,1271,71.472411
1,1272,555.905596
1,1273,1106.142240
1,1274,661.704524
1,1275,846.380693
1,1276,453.387343
1,1277,79.284470
1,1278,342.499868
1,1279,323.689727
1,1280,174.175653
1,1281,271.313270
1,1282,431.657290
1,1283,23.982515
1,1284,442.259028
1,1285,353.545593
1,1286,76.609958
1,1287,401.512681
1,1288,434.932272
1,1289,175.543570
1,1290,433.168281
1,1291,676.847087
1,1292,487.726001
1,1293,64.018311
1,1294,275.246820
1,1295,192.098942
1,1296,342.017939
1,1297,62.695134
1,1298,638.688610
1,1299,211.217764
1,1300,125.102815
1,1301,72.047873
1,1302,551.304533
1,1303,135.286773
1,1304,17.094217
1,1305,236.750017
1,1306,466.315357
1,1307,1261.002963
1,1308,740.303220
1,1309,132.486914
1,1310,951.932209
1,1311,76.502022
1,1312,196.470864
1,1313,342.395571
1,1314,675.655290
1,1315,265.584998
1,1316,1075.694755
1,1317,70.660254
1,1318,472.419651
1,1319,321.451987
1,1320,372.632460
1,1321,84.953853
1,1322,251.118545
1,1323,159.596820
1,1324,685.307167
1,1325,127.823109
1,1326,676.538982
1,1327,196.846911
1,1328,265.153015
1,1329,388.337746
1,1330,401.424184
1,1331,74.336863
1,1332,261.670277
1,1333,478.821421
1,1334,14.113451
1,1335,418.890848
1,1336,307.012109
1,1337,336.716831
1,1338,304.722555
1,1339,79.824122
1,1340,342.831290
1,1341,292.895968
1,1342,220.812181
1,1343,432.363799
1,1344,74.614538
1,1345,173.539505
1,1346,490.941525
1,1347,69.233780
1,1348,266.300721
1,1349,467.822972
1,1350,545.001050
1,1351,353.702312
1,1352,370.206763
1,1353,378.165268
1,1354,103.469313
1,1355,214.876484
1,1356,305.424118
1,1357,66.137421
1,1358,361.334024
1,1359,61.616456
1,1360,458.890009
1,1361,230.091172
1,1362,455.878500
1,1363,65.491160
1,1364,246.714804
1,1365,455.124098
1,1366,716.905229
1,1367,450.511881
1,1368,390.577047
1,1369,115.125589
1,1370,420.900145
1,1371,73.903721
1,1372,437.428392
1,1373,669.787308
1,1374,241.772815
1,1375,117.043214
1,1376,367.111311
1,1377,259.456360
1,1378,325.945325
1,1379,70.380666
1,1380,353.844293
1,1381,649.431987
1,1382,116.825382
1,1383,255.021245
1,1384,200.245916
1,1385,14.787484
1,1386,524.364297
1,1387,463.773347
1,1388,68.381079
1,1389,539.804783
1,1390,453.411276
1,1391,477.039915
1,1392,76.627240
1,1393,178.725361
1,1394,547.055212
1,1395,620.761678
1,1396,581.331629
1,1397,84.200844
1,1398,594.509994
1,1399,637.494021
1,1400,105.292977
1,1401,564.400367
1,1402,395.630680
1,1403,73.459624
1,1404,516.376016
1,1405,312.145072
1,1406,283.601969
1,1407,147.967467
1,1408,215.585336
1,1409,295.605115
1,1410,68.889262
1,1411,631.066207
1,1412,394.098967
1,1413,374.640384
1,1414,619.856998
1,1415,22.245056
1,1416,823.031836
1,1417,90.216587
1,1418,11.630289
1,1419,513.577833
1,1420,399.633552
1,1421,70.804102
1,1422,300.133173
1,1423,286.587324
1,1424,407.310319
1,1425,76.466491
1,1426,62.580150
1,1427,631.799117
1,1428,681.436084
1,1429,481.252342
1,1430,85.178264
1,1431,436.784270
1,1432,82.238016
1,1433,432.410523
1,1434,546.076523
1,1435,372.470380
1,1436,197.829462
1,1437,408.342608
1,1438,130.464617
1,1439,67.494997
1,1440,260.800686
1,1441,69.954167
1,1442,381.382182
1,1443,416.823367
1,1444,590.919138
1,1445,113.046468
1,1446,452.754864
1,1447,510.901828
1,1448,899.513993
1,1449,555.614248
1,1450,106.120805
1,1451,380.218153
1,1452,234.037006
1,1453,888.881880
1,1454,97.973456
1,1455,503.876408
1,1456,587.914076
1,1457,357.613715
1,1458,469.743292
1,1459,447.017463
1,1460,64.590357
1,1461,425.536482
1,1462,409.115880
1,1463,75.591378
1,1464,627.022606
1,1465,928.841405
1,1466,232.911805
1,1467,468.409089
1,1468,504.959359
1,1469,244.544141
1,1470,411.973431
1,1471,155.143844
1,1472,468.496613
1,1473,124.577848
1,1474,380.064819
1,1475,13.211774
1,1476,657.149352
1,1477,328.176011
1,1478,71.020583
1,1479,462.834144
1,1480,157.459068
1,1481,549.343710
1,1482,406.182925
1,1483,376.969366
1,1484,339.574495
1,1485,168.588458
1,1486,79.706939
1,1487,515.499586
1,1488,387.424022
1,1489,497.808885
1,1490,629.583344
1,1491,631.192570
1,1492,90.416629
1,1493,580.246225
1,1494,233.184588
1,1495,253.508795
1,1496,295.177681
1,1497,77.179381
1,1498,586.220666
1,1499,647.540451
1,1500,594.028680
1,1501,25.439954
1,1502,921.653735
1,1503,386.835992
1,1504,74.142789
1,1505,320.841767
1,1506,1001.177024
1,1507,121.346294
1,1508,661.066530
1,1509,69.610390
1,1510,350.105648
1,1511,76.314769
1,1512,524.226051
1,1513,712.616450
1,1514,444.869852
1,1515,199.827772
1,1516,591.778363
1,1517,423.169047
1,1518,589.773973
1,1519,631.697155
1,1520,407.950302
1,1521,605.817314
1,1522,68.962087
1,1523,352.614315
1,1524,390.170025
1,1525,155.371777
1,1526,421.011603
1,1527,411.775766
1,1528,508.475091
1,1529,77.340696
1,1530,876.175239
1,1531,728.120079
1,1532,66.111911
1,1533,68.053763
1,1534,478.315638
1,1535,66.272849
1,1536,155.510430
1,1537,590.027666
1,1538,192.814558
1,1539,466.733552
1,1540,449.124283
1,1541,340.462317
1,1542,416.377294
1,1543,628.813639
1,1544,58.027049
1,1545,5.640120
1,1546,512.550555
1,1547,504.808879
1,1548,67.868378
1,1549,471.999121
1,1550,63.458063
1,1551,576.091604
1,1552,655.716435
1,1553,63.610979
1,1554,236.850871
1,1555,69.837474
1,1556,385.124780
1,1557,356.083173
1,1558,65.530669
1,1559,450.104790
1,1560,326.098385
1,1561,401.851120
1,1562,67.837551
1,1563,287.622518
1,1564,700.802584
1,1565,402.965721
1,1566,274.059221
1,1567,86.152602
1,1568,412.532185
1,1569,366.234526
1,1570,51.517125
1,1571,287.291672
1,1572,249.344249
1,1573,400.368979
1,1574,57.614922
1,1575,208.156323
1,1576,411.444896
1,1577,383.208756
1,1578,126.504896
1,1579,455.968135
1,1580,60.748968
1,1581,291.217121
1,1582,416.555933
1,1583,67.349499
1,1584,381.408843
1,1585,72.472985
1,1586,502.993802
1,1587,189.614987
1,1588,270.637702
1,1589,244.660946
1,1590,153.177293
1,1591,360.937994
1,1592,19.738769
1,1593,259.378521
1,1594,89.907107
1,1595,329.874090
1,1596,11.053078
1,1597,436.167829
1,1598,67.190297
1,1599,325.585609
1,1600,86.174483
1,1601,99.084833
1,1602,228.687159
1,1603,260.253356
1,1604,203.138365
1,1605,205.795178
1,1606,634.224363
1,1607,67.122975
1,1608,521.231122
1,1609,351.358540
1,1610,98.433979
1,1611,443.403861
1,1612,127.273441
1,1613,190.223457
1,1614,496.473662
1,1615,94.776755
1,1616,11.220672
1,1617,430.246317
1,1618,66.971947
1,1619,346.586605
1,1620,162.394447
1,1621,66.485209
1,1622,361.899260
1,1623,402.229288
1,1624,349.736490
1,1625,329.732531
1,1626,317.004120
1,1627,513.662140
1,1628,68.552122
1,1629,593.040003
1,1630,503.888596
1,1631,137.333851
1,1632,548.598656
1,1633,418.181305
1,1634,491.307798
1,1635,217.561540
1,1636,209.087173
1,1637,107.360946
1,1638,454.246737
1,1639,204.201409
1,1640,183.103754
1,1641,355.425083
1,1642,14.525610
1,1643,298.221659
1,1644,97.232764
1,1645,167.994129
1,1646,266.942164
1,1647,163.669495
1,1648,211.036795
1,1649,2.858361
1,1650,249.809975
1,1651,55.381659
1,1652,335.213678
1,1653,2.858361
1,1654,354.190325
1,1655,150.064772
1,1656,324.257241
1,1657,131.169600
1,1658,166.068392
1,1659,260.607201
1,1660,397.764846
1,1661,208.679982
1,1662,356.812202
1,1663,424.609893
1,1664,62.459587
1,1665,536.690114
1,1666,508.850276
1,1667,169.132090
1,1668,172.062959
1,1669,505.992572
1,1670,13.128121
1,1671,768.058273
1,1672,117.051310
1,1673,662.814899
1,1674,609.562456
1,1675,63.877464
1,1676,456.028641
1,1677,409.291268
1,1678,73.474475
1,1679,244.896883
1,1680,67.155124
1,1681,77.946047
1,1682,548.227489
1,1683,130.710691
1,1684,71.704048
1,1685,632.576790
1,1686,155.579723
1,1687,389.057462
1,1688,293.115794
1,1689,115.612774
1,1690,473.713132
1,1691,442.766113
1,1692,150.958331
1,1693,519.817104
1,1694,571.508232
1,1695,129.477889
1,1696,552.784153
1,1697,600.744458
1,1698,368.562513
1,1699,300.380317
1,1700,267.097332
1,1701,215.867966
1,1702,460.855017
1,1703,66.249089
1,1704,475.824322
1,1705,66.270258
1,1706,10.257106
1,1707,260.187106
1,1708,65.359208
1,1709,126.828373
1,1710,258.916160
1,1711,215.853616
1,1712,367.528173
1,1713,119.410939
1,1714,139.633056
1,1715,202.091365
1,1716,164.046354
1,1717,191.902982
1,1718,543.265257
1,1719,202.690748
1,1720,97.401278
1,1721,418.563978
1,1722,749.960148
1,1723,325.697261
1,1724,51.458890
1,1725,286.278539
1,1726,102.193737
1,1727,429.486211
1,1728,217.283206
1,1729,414.777074
1,1730,223.141132
1,1731,320.312584
1,1732,59.466859
1,1733,235.960742
1,1734,341.365991
1,1735,8.129288
1,1736,396.075252
1,1737,113.990154
1,1738,162.658226
1,1739,456.618468
1,1740,347.521800
1,1741,209.563788
1,1742,64.667007
1,1743,423.985324
1,1744,297.858353
1,1745,9.042546
1,1746,360.860806
1,1747,430.847237
1,1748,75.999162
1,1749,288.227582
1,1750,70.313314
1,1751,533.118286
1,1752,77.751824
1,1753,387.730534
1,1754,127.373368
1,1755,305.564345
1,1756,316.941003
1,1757,217.859070
1,1758,286.104650
1,1759,71.835484
1,1760,455.354919
1,1761,109.477327
1,1762,200.256671
1,1763,173.889201
1,1764,162.182364
1,1765,615.619364
1,1766,129.967164
1,1767,417.496029
1,1768,685.935245
1,1769,7.326884
1,1770,518.010473
1,1771,63.482873
1,1772,73.779512
1,1773,339.335113
1,1774,66.623704
1,1775,14.360523
1,1776,289.205176
1,1777,338.349335
1,1778,67.625431
1,1779,241.327874
1,1780,366.013891
1,1781,345.165924
1,1782,412.059625
1,1783,51.458890
1,1784,459.332560
1,1785,350.331986
1,1786,187.847197
1,1787,727.220421
1,1788,414.925952
1,1789,127.159947
1,1790,632.231616
1,1791,208.943704
1,1792,71.721526
1,1793,274.178071
1,1794,660.893296
1,1795,88.679158
1,1796,222.246719
1,1797,515.679894
1,1798,60.591196
1,1799,242.125228
1,1800,354.988189
1,1801,452.281956
1,1802,129.939733
1,1803,248.340422
1,1804,418.522619
1,1805,134.547823
1,1806,102.386636
1,1807,305.965716
1,1808,554.329410
1,1809,143.592765
1,1810,120.958002
1,1811,218.923864
1,1812,267.034059
1,1813,68.098215
1,1814,181.920259
1,1815,386.223344
1,1816,66.651397
1,1817,68.941578
1,1818,265.921979
1,1819,540.165630
1,1820,244.775067
1,1821,439.185496
1,1822,161.458444
1,1823,290.288295
1,1824,473.211098
1,1825,112.405472
1,1826,489.534099
1,1827,160.018642
1,1828,265.776663
1,1829,444.242377
1,1830,160.251903
1,1831,336.524719
1,1832,67.164092
1,1833,408.763030
1,1834,351.744048
1,1835,161.851105
1,1836,291.179130
1,1837,237.126330
1,1838,122.145418
1,1839,538.812780
1,1840,74.665717
1,1841,476.631006
1,1842,241.650306
1,1843,730.517499
1,1844,706.320143
1,1845,196.641601
1,1846,375.644879
1,1847,292.486721
1,1848,746.036497
1,1849,425.770353
1,1850,210.182667
1,1851,373.887421
1,1852,71.057098
1,1853,423.345204
1,1854,78.095809
1,1855,428.096572
1,1856,432.337485
1,1857,63.764988
1,1858,507.684154
1,1859,73.983063
1,1860,414.872707
1,1861,75.381533
1,1862,821.637669
1,1863,349.091302
1,1864,5.434282
1,1865,300.938967
1,1866,209.391234
1,1867,372.222600
1,1868,76.884008
1,1869,334.637179
1,1870,69.477122
1,1871,312.912347
1,1872,69.934108
1,1873,306.739583
1,1874,592.449512
1,1875,63.537205
1,1876,557.673944
1,1877,267.956550
1,1878,471.494334
1,1879,58.490273
1,1880,376.122656
1,1881,344.109016
1,1882,61.822899
1,1883,183.253824
1,1884,498.491514
1,1885,443.766045
1,1886,1.840000
1,1887,299.618044
1,1888,190.134411
1,1889,281.509510
1,1890,65.588735
1,1891,246.862870
1,1892,381.568428
1,1893,73.179916
1,1894,381.791823
1,1895,419.022891
1,1896,218.592520
1,1897,328.857466
1,1898,67.072362
1,1899,434.288746
1,1900,208.372259
1,1901,70.426584
1,1902,218.249792
1,1903,172.516681
1,1904,231.889436
1,1905,439.812018
1,1906,454.673994
1,1907,376.924400
1,1908,83.419774
1,1909,462.162225
1,1910,76.865117
1,1911,288.019958
1,1912,74.072023
1,1913,176.523941
1,1914,253.620064
1,1915,207.409179
1,1916,69.341209
1,1917,399.531638
1,1918,80.710658
1,1919,262.400746
1,1920,598.885624
1,1921,307.942085
1,1922,184.397735
1,1923,77.831662
1,1924,421.969946
1,1925,289.856294
1,1926,478.639804
1,1927,71.092363
1,1928,625.547219
1,1929,336.319256
1,1930,220.660299
1,1931,159.310757
1,1932,257.260931
1,1933,300.923408
1,1934,234.277034
1,1935,202.001439
1,1936,429.215521
1,1937,379.832325
1,1938,68.434594
1,1939,242.074126
1,1940,273.758802
1,1941,458.377637
1,1942,335.527978
1,1943,337.067043
1,1944,115.679860
1,1945,405.819423
1,1946,69.397894
1,1947,80.293884
1,1948,357.708813
1,1949,70.840460
1,1950,347.370901
1,1951,370.275432
1,1952,53.701622
1,1953,167.150350
1,1954,167.906004
1,1955,61.594872
1,1956,216.053804
1,1957,137.901816
1,1958,229.908601
1,1959,72.047697
1,1960,488.276749
1,1961,154.980806
1,1962,72.282726
1,1963,392.421675
1,1964,251.824305
1,1965,74.488644
1,1966,19.962699
1,1967,329.258304
1,1968,241.025125
1,1969,280.338123
1,1970,230.144127
1,1971,166.367584
1,1972,333.624262
1,1973,238.539363
1,1974,13.285765
1,1975,184.153119
1,1976,182.857196
1,1977,355.106966
1,1978,130.161935
1,1979,376.824216
1,1980,238.561299
1,1981,70.622432
1,1982,135.920500
1,1983,69.775782
1,1984,176.393262
1,1985,334.374939
1,1986,414.964007
1,1987,278.441126
1,1988,74.321179
1,1989,204.031181
1,1990,15.758351
1,1991,400.549802
1,1992,70.570298
1,1993,232.173925
1,1994,226.615540
1,1995,240.548141
1,1996,131.943113
1,1997,312.595222
1,1998,385.901043
1,1999,115.183693
1,2000,17.423170
1,2001,310.445983
1,2002,70.683896
1,2003,125.758200
1,2004,263.904705
1,2005,69.243870
1,2006,345.777722
1,2007,67.953875
1,2008,349.831639
1,2009,214.186654
1,2010,208.921825
1,2011,117.111597
1,2012,269.599457
1,2013,14.934358
1,2014,311.574857
1,2015,121.744699
1,2016,196.437185
1,2017,205.860225
1,2018,73.160110
1,2019,383.929944
1,2020,67.442373
1,2021,209.191143
1,2022,252.300537
1,2023,117.693048
1,2024,545.315322
1,2025,67.951047
1,2026,311.975352
1,2027,352.723928
1,2028,115.418634
1,2029,160.808445
1,2030,324.062446
1,2031,154.208452
1,2032,72.031283
1,2033,249.367346
1,2034,274.048149
1,2035,155.753472
1,2036,162.227907
1,2037,63.947705
1,2038,271.660058
1,2039,357.798201
1,2040,184.205819
1,2041,381.594793
1,2042,159.106484
1,2043,374.242918
1,2044,334.548579
1,2045,364.787901
1,2046,280.358031
1,2047,72.441752
1,2048,166.738436
1,2049,200.638106
1,2050,314.427645
1,2051,73.791673
1,2052,256.795575
1,2053,178.518034
1,2054,412.331693
1,2055,321.744180
1,2056,157.126088
1,2057,79.920790
1,2058,93.620069
1,2059,520.768495
1,2060,309.026907
1,2061,66.974038
1,2062,279.935084
1,2063,74.421750
1,2064,429.972086
1,2065,442.943243
1,2066,75.199533
1,2067,543.223098
1,2068,75.491063
1,2069,327.938239
1,2070,74.253024
1,2071,225.510132
1,2072,20.655860
1,2073,442.218223
1,2074,71.465125
1,2075,183.555100
1,2076,188.019578
1,2077,153.235475
1,2078,139.845596
1,2079,332.601557
1,2080,65.840410
1,2081,310.485046
1,2082,201.306516
1,2083,442.331743
1,2084,207.442710
1,2085,231.809602
1,2086,170.792168
1,2087,122.669265
1,2088,310.066409
1,2089,419.198894
1,2090,92.346768
1,2091,442.866881
1,2092,75.215014
1,2093,152.606861
1,2094,369.833511
1,2095,127.168795
1,2096,126.385631
1,2097,143.397833
1,2098,153.555211
1,2099,227.994352
1,2100,27.630560
1,2101,363.936169
1,2102,89.752906
1,2103,442.836004
1,2104,68.082381
1,2105,192.827525
1,2106,68.777485
1,2107,71.365863
1,2108,199.423688
1,2109,71.889923
1,2110,75.508612
1,2111,345.751975
1,2112,8.737241
1,2113,250.239229
1,2114,371.824094
1,2115,161.152807
1,2116,73.934383
1,2117,256.408606
1,2118,234.936376
1,2119,62.795682
1,2120,249.688198
1,2121,11.206804
1,2122,265.360773
1,2123,70.261770
1,2124,236.778332
1,2125,502.808360
1,2126,426.690296
1,2127,63.236778
1,2128,148.603551
1,2129,114.252395
1,2130,586.853204
1,2131,60.761661
1,2132,677.980625
1,2133,63.682300
1,2134,482.305694
1,2135,144.004005
1,2136,209.095437
1,2137,175.800860
1,2138,288.527742
1,2139,247.489062
1,2140,63.421926
1,2141,161.307467
1,2142,273.381701
1,2143,254.185179
1,2144,436.665687
1,2145,152.839566
1,2146,245.691524
1,2147,67.553360
1,2148,358.347307
1,2149,146.778886
1,2150,272.014740
1,2151,11.516138
1,2152,235.493546
1,2153,66.821380
1,2154,70.460590
1,2155,238.134678
1,2156,72.987969
1,2157,74.815505
1,2158,104.970530
1,2159,218.495075
1,2160,67.519224
1,2161,164.982275
1,2162,67.022690
1,2163,292.394319
1,2164,115.849428
1,2165,119.534593
1,2166,380.391283
1,2167,87.305372
1,2168,97.033561
1,2169,288.035072
1,2170,297.288720
1,2171,157.396266
1,2172,257.104177
1,2173,76.426653
1,2174,239.242312
1,2175,95.151997
1,2176,161.657719
1,2177,373.324444
1,2178,67.869403
1,2179,134.029108
1,2180,321.714982
1,2181,393.743517
1,2182,73.578005
1,2183,200.594499
1,2184,67.206751
1,2185,337.215454
1,2186,125.140860
1,2187,332.262014
1,2188,466.730791
1,2189,119.264368
1,2190,294.686940
1,2191,77.658316
1,2192,224.894510
1,2193,391.316127
1,2194,430.395141
1,2195,69.384739
1,2196,233.096586
1,2197,150.772882
1,2198,64.552057
1,2199,255.746885
1,2200,68.467512
1,2201,349.024214
1,2202,92.562166
1,2203,359.641039
1,2204,115.098915
1,2205,97.142151
1,2206,240.517266
1,2207,422.025434
1,2208,321.832566
1,2209,71.278727
1,2210,157.059556
1,2211,321.248340
1,2212,239.047877
1,2213,113.492185
1,2214,368.466549
1,2215,191.424040
1,2216,70.884118
1,2217,618.435236
1,2218,123.711361
1,2219,156.184446
1,2220,459.166718
1,2221,260.589140
1,2222,487.883698
1,2223,60.947777
1,2224,373.912268
1,2225,189.352505
1,2226,437.483930
1,2227,72.775384
1,2228,241.847888
1,2229,264.572508
1,2230,298.381016
1,2231,337.993075
1,2232,274.417417
1,2233,62.015964
1,2234,173.678339
1,2235,77.599432
1,2236,211.153771
1,2237,157.881841
1,2238,291.408975
1,2239,70.993370
1,2240,171.817336
1,2241,73.677060
1,2242,279.767674
1,2243,65.610229
1,2244,258.513405
1,2245,178.505565
1,2246,68.055467
1,2247,340.241360
1,2248,168.045985
1,2249,166.400673
1,2250,303.405858
1,2251,14.445651
1,2252,291.595052
1,2253,258.482338
1,2254,197.082511
1,2255,470.791289
1,2256,155.606974
1,2257,290.609305
1,2258,77.762300
1,2259,485.267874
1,2260,312.588566
1,2261,169.037650
1,2262,70.923568
1,2263,247.764254
1,2264,200.758903
1,2265,213.265027
1,2266,191.309298
1,2267,73.719926
1,2268,236.789563
1,2269,196.609570
1,2270,13.139444
1,2271,379.209504
1,2272,223.134559
1,2273,224.887632
1,2274,210.875711
1,2275,265.191844
1,2276,347.236268
1,2277,161.634473
1,2278,13.191825
1,2279,330.328719
1,2280,72.747947
1,2281,371.345341
1,2282,65.760139
1,2283,307.058948
1,2284,63.514706
1,2285,70.949219
1,2286,305.929189
1,2287,309.363679
1,2288,65.940427
1,2289,162.763719
1,2290,108.224462
1,2291,202.695757
1,2292,117.504708
1,2293,115.975036
1,2294,221.203889
1,2295,371.371626
1,2296,265.338010
1,2297,68.782642
1,2298,194.445213
1,2299,162.321727
1,2300,489.288365
1,2301,68.400131
1,2302,618.781167
1,2303,112.576563
1,2304,479.422893
1,2305,74.849890
1,2306,321.124120
1,2307,220.547083
1,2308,424.760036
1,2309,120.679819
1,2310,68.958007
1,2311,475.760787
1,2312,117.366245
1,2313,463.103468
1,2314,168.204017
1,2315,294.571881
1,2316,225.462420
1,2317,67.208459
1,2318,287.505194
1,2319,251.754804
1,2320,388.099784
1,2321,311.609517
1,2322,394.655004
1,2323,522.754580
1,2324,527.179002
1,2325,66.332951
1,2326,360.004571
1,2327,67.349816
1,2328,397.147370
1,2329,70.865958
1,2330,374.029411
1,2331,219.923752
1,2332,486.123337
1,2333,68.979314
1,2334,231.509444
1,2335,443.885308
1,2336,86.190580
1,2337,501.833792
1,2338,455.894070
1,2339,531.722046
1,2340,14.441105
1,2341,451.933410
1,2342,590.377436
1,2343,572.264608
1,2344,73.173307
1,2345,464.797912
1,2346,387.879714
1,2347,224.253863
1,2348,72.199766
1,2349,445.969241
1,2350,426.574812
1,2351,336.791429
1,2352,74.329991
1,2353,474.549660
1,2354,71.529212
1,2355,273.455184
1,2356,465.574548
1,2357,313.309312
1,2358,479.958399
1,2359,88.786794
1,2360,356.253707
1,2361,503.812238
1,2362,71.472411
1,2363,364.378634
1,2364,596.327709
1,2365,421.035776
1,2366,611.256146
1,2367,395.173227
1,2368,79.284470
1,2369,353.588271
1,2370,236.242548
1,2371,174.175653
1,2372,235.779978
1,2373,396.376008
1,2374,23.982515
1,2375,363.128152
1,2376,255.766038
1,2377,76.609958
1,2378,247.787093
1,2379,317.748013
1,2380,134.214068
1,2381,444.256684
1,2382,494.392455
1,2383,314.091689
1,2384,64.018311
1,2385,223.584942
1,2386,149.005376
1,2387,259.358935
1,2388,62.695134
1,2389,507.139829
1,2390,123.266567
1,2391,77.725093
1,2392,72.047873
1,2393,515.771242
1,2394,70.268409
1,2395,17.094217
1,2396,210.541064
1,2397,307.801595
1,2398,679.365822
1,2399,737.279110
1,2400,69.484625
1,2401,572.406414
1,2402,200.490528
1,2403,196.470864
1,2404,171.533361
1,2405,583.419938
1,2406,85.902467
1,2407,603.933607
1,2408,70.660254
1,2409,462.087276
1,2410,245.597230
1,2411,581.296044
1,2412,84.953853
1,2413,292.196038
1,2414,159.596820
1,2415,462.279060
1,2416,92.793836
1,2417,434.862197
1,2418,196.846911
1,2419,265.153015
1,2420,437.983550
1,2421,481.815106
1,2422,74.336863
1,2423,192.367757
1,2424,446.060231
1,2425,14.113451
1,2426,420.906922
1,2427,307.012109
1,2428,336.716831
1,2429,332.443562
1,2430,79.824122
1,2431,401.801433
1,2432,350.354057
1,2433,220.812181
1,2434,526.111207
1,2435,74.614538
1,2436,173.539505
1,2437,485.901342
1,2438,69.233780
1,2439,243.619897
1,2440,439.597946
1,2441,494.599218
1,2442,353.702312
1,2443,412.544302
1,2444,447.467787
1,2445,134.718449
1,2446,254.441922
1,2447,461.669796
1,2448,66.137421
1,2449,585.622177
1,2450,61.616456
1,2451,591.698836
1,2452,309.474057
1,2453,440.505941
1,2454,65.491160
1,2455,188.752697
1,2456,378.765323
1,2457,621.141748
1,2458,507.465952
1,2459,502.217106
1,2460,115.125589
1,2461,536.068331
1,2462,73.903721
1,2463,322.764225
1,2464,495.900988
1,2465,245.048934
1,2466,78.233803
1,2467,375.175604
1,2468,342.871392
1,2469,433.805245
1,2470,70.380666
1,2471,495.473441
1,2472,725.790763
1,2473,116.825382
1,2474,163.793929
1,2475,335.826844
1,2476,14.787484
1,2477,752.684596
1,2478,818.350236
1,2479,68.381079
1,2480,1032.734700
1,2481,950.121330
1,2482,616.400980
1,2483,76.627240
1,2484,205.690342
1,2485,607.537410
1,2486,609.925284
1,2487,582.591675
1,2488,84.200844
1,2489,613.410681
1,2490,466.379802
1,2491,74.547860
1,2492,455.280401
1,2493,372.445837
1,2494,73.459624
1,2495,495.207247
1,2496,346.670328
1,2497,363.488873
1,2498,185.516832
1,2499,183.076154
1,2500,381.036221
1,2501,68.889262
1,2502,627.538079
1,2503,461.637422
1,2504,418.237969
1,2505,519.809362
1,2506,22.245056
1,2507,584.379162
1,2508,90.216587
1,2509,11.630289
1,2510,606.569213
1,2511,426.094514
1,2512,70.804102
1,2513,311.473585
1,2514,220.812933
1,2515,420.918813
1,2516,76.466491
1,2517,16.210465
1,2518,395.666534
1,2519,558.707623
1,2520,483.772434
1,2521,85.178264
1,2522,378.318145
1,2523,82.238016
1,2524,392.845085
1,2525,481.058159
1,2526,304.175897
1,2527,155.239914
1,2528,415.398865
1,2529,130.464617
1,2530,103.532308
1,2531,260.800686
1,2532,69.954167
1,2533,360.717431
1,2534,375.997883
1,2535,418.544872
1,2536,113.046468
1,2537,362.031567
1,2538,458.231913
1,2539,478.406688
1,2540,359.047103
1,2541,106.120805
1,2542,637.015487
1,2543,221.184539
1,2544,580.170659
1,2545,65.212265
1,2546,537.393626
1,2547,619.163212
1,2548,285.035077
1,2549,388.596342
1,2550,394.599558
1,2551,64.590357
1,2552,426.292509
1,2553,529.576259
1,2554,75.591378
1,2555,511.098392
1,2556,664.483797
1,2557,227.871622
1,2558,880.696075
1,2559,251.690153
1,2560,230.683637
1,2561,429.110055
1,2562,155.143844
1,2563,436.491450
1,2564,124.577848
1,2565,706.668691
1,2566,13.211774
1,2567,575.498383
1,2568,383.618027
1,2569,71.020583
1,2570,401.595918
1,2571,72.531980
1,2572,402.170360
1,2573,130.484904
1,2574,260.793142
1,2575,314.121570
1,2576,168.588458
1,2577,132.880872
1,2578,474.170084
1,2579,324.169723
1,2580,453.455273
1,2581,612.950739
1,2582,403.376290
1,2583,121.161747
1,2584,500.359322
1,2585,298.958978
1,2586,194.790661
1,2587,199.918219
1,2588,77.179381
1,2589,500.789561
1,2590,401.327502
1,2591,509.353602
1,2592,25.439954
1,2593,560.524609
1,2594,463.950795
1,2595,74.142789
1,2596,307.737291
1,2597,537.480169
1,2598,74.472590
1,2599,577.651498
1,2600,69.610390
1,2601,269.966735
1,2602,105.547831
1,2603,552.703085
1,2604,395.840936
1,2605,141.198815
1,2606,171.098728
1,2607,172.435120
1,2608,306.740815
1,2609,436.552404
1,2610,476.207504
1,2611,176.353883
1,2612,447.555562
1,2613,68.962087
1,2614,405.788248
1,2615,448.384141
1,2616,73.720809
1,2617,374.389908
1,2618,334.912972
1,2619,499.654771
1,2620,77.340696
1,2621,607.029455
1,2622,535.837090
1,2623,66.111911
1,2624,68.053763
1,2625,453.618741
1,2626,66.272849
1,2627,155.510430
1,2628,604.896207
1,2629,233.136024
1,2630,431.452269
1,2631,357.644958
1,2632,223.530067
1,2633,360.683269
1,2634,410.825716
1,2635,58.027049
1,2636,5.640120
1,2637,339.168254
1,2638,566.551123
1,2639,67.868378
1,2640,463.430809
1,2641,63.458063
1,2642,395.653046
1,2643,361.621745
1,2644,63.610979
1,2645,164.020224
1,2646,69.837474
1,2647,297.929610
1,2648,327.606138
1,2649,65.530669
1,2650,408.271269
1,2651,285.272901
1,2652,433.856283
1,2653,67.837551
1,2654,287.622518
1,2655,420.568398
1,2656,484.364680
1,2657,319.672879
1,2658,117.905756
1,2659,593.726771
1,2660,291.387805
1,2661,51.517125
1,2662,287.291672
1,2663,249.344249
1,2664,558.882741
1,2665,57.614922
1,2666,413.291780
1,2667,946.964361
1,2668,801.291952
1,2669,204.879745
1,2670,356.172508
1,2671,90.990067
1,2672,182.601173
1,2673,380.014605
1,2674,67.349499
1,2675,236.503576
1,2676,72.472985
1,2677,476.532840
1,2678,259.169515
1,2679,544.319649
1,2680,321.271731
1,2681,282.710001
1,2682,318.096437
1,2683,19.738769
1,2684,206.456597
1,2685,126.196426
1,2686,327.858016
1,2687,11.053078
1,2688,275.637994
1,2689,67.190297
1,2690,532.485130
1,2691,86.174483
1,2692,65.567615
1,2693,247.083828
1,2694,377.941634
1,2695,176.173385
1,2696,193.698739
1,2697,540.728964
1,2698,67.122975
1,2699,466.293125
1,2700,304.232827
1,2701,69.452925
1,2702,265.485395
1,2703,69.059325
1,2704,86.143674
1,2705,438.007537
1,2706,66.551729
1,2707,11.220672
1,2708,344.059185
1,2709,66.971947
1,2710,313.069387
1,2711,116.528780
1,2712,66.485209
1,2713,392.392369
1,2714,427.934222
1,2715,305.886896
1,2716,271.266406
1,2717,224.012740
1,2718,478.632866
1,2719,68.552122
1,2720,636.637588
1,2721,396.028675
1,2722,94.996311
1,2723,441.494763
1,2724,374.079702
1,2725,455.018478
1,2726,120.033995
1,2727,284.941930
1,2728,107.360946
1,2729,378.895999
1,2730,204.201409
1,2731,134.465986
1,2732,377.097871
1,2733,14.525610
1,2734,250.339919
1,2735,62.707508
1,2736,115.576223
1,2737,213.264213
1,2738,259.684986
1,2739,211.036795
1,2740,2.858361
1,2741,173.703208
1,2742,55.381659
1,2743,230.881885
1,2744,2.858361
1,2745,196.432591
1,2746,65.641703
1,2747,255.458740
1,2748,83.287859
1,2749,66.272765
1,2750,248.006743
1,2751,276.548440
1,2752,171.886644
1,2753,312.962609
1,2754,429.902085
1,2755,62.459587
1,2756,598.684367
1,2757,513.386440
1,2758,91.513269
1,2759,118.637017
1,2760,230.042542
1,2761,13.128121
1,2762,388.028459
1,2763,83.030073
1,2764,405.009528
1,2765,440.716319
1,2766,63.877464
1,2767,489.797869
1,2768,400.470947
1,2769,73.474475
1,2770,329.571961
1,2771,67.155124
1,2772,77.946047
1,2773,383.413498
1,2774,71.488538
1,2775,18.782124
1,2776,336.718036
1,2777,74.432773
1,2778,265.824983
1,2779,125.025684
1,2780,71.259161
1,2781,303.858958
1,2782,359.351081
1,2783,92.744215
1,2784,488.063950
1,2785,380.233280
1,2786,70.507745
1,2787,301.279012
1,2788,312.949997
1,2789,385.447127
1,2790,293.828079
1,2791,267.097332
1,2792,260.725597
1,2793,492.608171
1,2794,66.249089
1,2795,368.216411
1,2796,66.270258
1,2797,10.257106
1,2798,260.187106
1,2799,65.359208
1,2800,126.828373
1,2801,219.602730
1,2802,211.317451
1,2803,388.192924
1,2804,119.410939
1,2805,189.530869
1,2806,244.680913
1,2807,213.188140
1,2808,161.661883
1,2809,708.079248
1,2810,128.852065
1,2811,174.768091
1,2812,417.303932
1,2813,785.997458
1,2814,287.895887
1,2815,51.458890
1,2816,286.278539
1,2817,60.864235
1,2818,388.156708
1,2819,217.283206
1,2820,372.187526
1,2821,157.870759
1,2822,400.199487
1,2823,59.466859
1,2824,251.837320
1,2825,268.787354
1,2826,8.129288
1,2827,331.056889
1,2828,81.480972
1,2829,162.658226
1,2830,370.431335
1,2831,347.521800
1,2832,158.909947
1,2833,64.667007
1,2834,392.484179
1,2835,266.105199
1,2836,9.042546
1,2837,280.721894
1,2838,353.228415
1,2839,75.999162
1,2840,288.227582
1,2841,70.313314
1,2842,405.853661
1,2843,77.751824
1,2844,424.019854
1,2845,127.373368
1,2846,290.947814
1,2847,276.619538
1,2848,157.124862
1,2849,220.834278
1,2850,71.835484
1,2851,375.216006
1,2852,71.675953
1,2853,203.280781
1,2854,114.667048
1,2855,110.520485
1,2856,466.933960
1,2857,83.093460
1,2858,321.480540
1,2859,448.794626
1,2860,7.326884
1,2861,404.858360
1,2862,63.482873
1,2863,73.779512
1,2864,376.128450
1,2865,66.623704
1,2866,14.360523
1,2867,289.205176
1,2868,286.687457
1,2869,67.625431
1,2870,241.327874
1,2871,295.451326
1,2872,345.165924
1,2873,293.111301
1,2874,51.458890
1,2875,301.826835
1,2876,80.682185
1,2877,82.003350
1,2878,344.166497
1,2879,279.093014
1,2880,80.790262
1,2881,366.613961
1,2882,149.217533
1,2883,71.721526
1,2884,177.910573
1,2885,362.262441
1,2886,167.306016
1,2887,222.246719
1,2888,395.723533
1,2889,60.591196
1,2890,186.431204
1,2891,222.179362
1,2892,335.853724
1,2893,70.465570
1,2894,248.340422
1,2895,325.027220
1,2896,66.001332
1,2897,73.657592
1,2898,408.281434
1,2899,409.172134
1,2900,77.818374
1,2901,89.708866
1,2902,174.318243
1,2903,197.227523
1,2904,68.098215
1,2905,123.202124
1,2906,326.749182
1,2907,66.651397
1,2908,18.539746
1,2909,244.753209
1,2910,515.468733
1,2911,239.230865
1,2912,420.032800
1,2913,120.884970
1,2914,272.647655
1,2915,404.412597
1,2916,112.405472
1,2917,439.384276
1,2918,71.563427
1,2919,162.452907
1,2920,411.733195
1,2921,160.251903
1,2922,339.548829
1,2923,67.164092
1,2924,370.709646
1,2925,271.101117
1,2926,114.725392
1,2927,186.091310
1,2928,274.927704
1,2929,82.579979
1,2930,441.033225
1,2931,74.665717
1,2932,401.532276
1,2933,280.459717
1,2934,429.870571
1,2935,565.447022
1,2936,80.465379
1,2937,302.814232
1,2938,250.653201
1,2939,437.073266
1,2940,260.956363
1,2941,172.885311
1,2942,357.254816
1,2943,71.057098
1,2944,337.914098
1,2945,78.095809
1,2946,373.914602
1,2947,332.541858
1,2948,63.764988
1,2949,336.317925
1,2950,73.983063
1,2951,380.347452
1,2952,75.381533
1,2953,436.819681
1,2954,270.968462
1,2955,5.434282
1,2956,260.365492
1,2957,209.391234
1,2958,364.662325
1,2959,76.884008
1,2960,364.374260
1,2961,69.477122
1,2962,277.631064
1,2963,69.934108
1,2964,267.930173
1,2965,526.927131
1,2966,63.537205
1,2967,386.307715
1,2968,318.862400
1,2969,466.454150
1,2970,58.490273
1,2971,428.540561
1,2972,347.133127
1,2973,61.822899
1,2974,146.208478
1,2975,597.027095
1,2976,316.027595
1,2977,68.543669
1,2978,146.222286
1,2979,1.423487
1,2980,392.517634
1,2981,64.497449
1,2982,257.502899
1,2983,254.035877
1,2984,235.626936
1,2985,260.070864
1,2986,287.186998
1,2987,13.698774
1,2988,119.973575
1,2989,208.475664
1,2990,64.186387
1,2991,188.766591
1,2992,166.512294
1,2993,174.806768
1,2994,300.855999
1,2995,495.323313
1,2996,85.654658
1,2997,182.922993
1,2998,257.476272
1,2999,190.461232
1,3000,258.751737
1,3001,100.943476
1,3002,132.491498
1,3003,187.304508
1,3004,70.809783
1,3005,13.788227
1,3006,322.726961
1,3007,67.340291
1,3008,161.503861
1,3009,409.340752
1,3010,13.691299
1,3011,242.911343
1,3012,87.098343
1,3013,239.805647
1,3014,71.108995
1,3015,187.353319
1,3016,67.314033
1,3017,329.823153
1,3018,153.095829
1,3019,227.282578
1,3020,395.896150
1,3021,77.977718
1,3022,26.915693
1,3023,267.071595
1,3024,73.541341
1,3025,160.337323
1,3026,152.712910
1,3027,211.335824
1,3028,191.444070
1,3029,67.439352
1,3030,309.484964
1,3031,89.147625
1,3032,247.336922
1,3033,187.753637
1,3034,80.859381
1,3035,439.094309
1,3036,64.728755
1,3037,177.489400
1,3038,64.421335
1,3039,248.006197
1,3040,158.135069
1,3041,194.623223
1,3042,63.655930
1,3043,131.960413
1,3044,160.481637
1,3045,314.581939
1,3046,64.594136
1,3047,268.374664
1,3048,66.446218
1,3049,261.941044
1,3050,267.156958
1,3051,247.012171
1,3052,120.481790
1,3053,82.828832
1,3054,13.094865
1,3055,325.280372
1,3056,64.662490
1,3057,442.566463
1,3058,245.868866
1,3059,363.349893
1,3060,71.422162
1,3061,262.307558
1,3062,114.765900
1,3063,229.294503
1,3064,305.036551
1,3065,322.741664
1,3066,339.748097
1,3067,67.045200
1,3068,67.516826
1,3069,349.306501
1,3070,377.395647
1,3071,455.218263
1,3072,341.522351
1,3073,468.366436
1,3074,327.413864
1,3075,50.168975
1,3076,340.038088
1,3077,66.826283
1,3078,403.859621
1,3079,219.688946
1,3080,286.246570
1,3081,129.327633
1,3082,115.901392
1,3083,233.669755
1,3084,58.948085
1,3085,174.631825
1,3086,492.195377
1,3087,71.312081
1,3088,472.262176
1,3089,65.459923
1,3090,155.472753
1,3091,391.495524
1,3092,361.416714
1,3093,299.701962
1,3094,181.230401
1,3095,75.899378
1,3096,130.576725
1,3097,60.464539
1,3098,187.560484
1,3099,259.547045
1,3100,414.234750
1,3101,165.350298
1,3102,417.708062
1,3103,119.751012
1,3104,113.755806
1,3105,167.911050
1,3106,228.809031
1,3107,59.582010
1,3108,208.612074
1,3109,59.252917
1,3110,108.619660
1,3111,60.557722
1,3112,185.008472
1,3113,343.606831
1,3114,291.626037
1,3115,361.204643
1,3116,265.149753
1,3117,170.038750
1,3118,105.339045
1,3119,253.547831
1,3120,312.546254
1,3121,336.823152
1,3122,58.818330
1,3123,396.491043
1,3124,4.593939
1,3125,312.133591
1,3126,211.587152
1,3127,57.609789
1,3128,192.419041
1,3129,289.510132
1,3130,222.214291
1,3131,283.218051
1,3132,345.336479
1,3133,387.593856
1,3134,410.647715
1,3135,62.341493
1,3136,113.418222
1,3137,310.716504
1,3138,137.674663
1,3139,214.371892
1,3140,138.168803
1,3141,98.105279
1,3142,326.544294
1,3143,50.964968
1,3144,325.010237
1,3145,274.363327
1,3146,208.310768
1,3147,296.721715
1,3148,447.618494
1,3149,55.488408
1,3150,193.398876
1,3151,102.077663
1,3152,272.521405
1,3153,58.290855
1,3154,250.576269
1,3155,120.817161
1,3156,422.412888
1,3157,204.760203
1,3158,67.408950
1,3159,388.002441
1,3160,394.432497
1,3161,319.632628
1,3162,414.650555
1,3163,358.966407
1,3164,63.929784
1,3165,215.505851
1,3166,60.875382
1,3167,214.125992
1,3168,297.759161
1,3169,59.988316
1,3170,146.977283
1,3171,294.062027
1,3172,110.539998
1,3173,147.270121
1,3174,58.329565
1,3175,458.301187
1,3176,60.106318
1,3177,331.519444
1,3178,115.169871
1,3179,223.006267
1,3180,60.117551
1,3181,148.314772
1,3182,293.626499
1,3183,299.725791
1,3184,59.450177
1,3185,10.877839
1,3186,262.504622
1,3187,57.608045
1,3188,254.711271
1,3189,62.688129
1,3190,161.682229
1,3191,450.579330
1,3192,58.914242
1,3193,315.931883
1,3194,56.932410
1,3195,239.391317
1,3196,166.239061
1,3197,175.745899
1,3198,211.417375
1,3199,235.241875
1,3200,130.628921
1,3201,177.249902
1,3202,312.134414
1,3203,55.440175
1,3204,148.289295
1,3205,178.242115
1,3206,214.095679
1,3207,143.949697
1,3208,62.315000
1,3209,260.244911
1,3210,207.744317
1,3211,57.151697
1,3212,174.613684
1,3213,211.691709
1,3214,237.064124
1,3215,104.697696
1,3216,53.229059
1,3217,330.010116
1,3218,142.542107
1,3219,151.292108
1,3220,189.618059
1,3221,223.766185
1,3222,198.192819
1,3223,286.189547
1,3224,99.820306
1,3225,138.842402
1,3226,54.605587
1,3227,147.311012
1,3228,53.300296
1,3229,243.126769
1,3230,51.227028
1,3231,57.311781
1,3232,236.272173
1,3233,314.743329
1,3234,325.021667
1,3235,251.522827
1,3236,140.130612
1,3237,259.940260
1,3238,55.061087
1,3239,336.664810
1,3240,153.289024
1,3241,162.419642
1,3242,256.072927
1,3243,389.135329
1,3244,215.191614
1,3245,260.805500
1,3246,376.274405
1,3247,185.764674
1,3248,379.411346
1,3249,331.173333
1,3250,277.583189
1,3251,203.638472
1,3252,53.393819
1,3253,272.412355
1,3254,55.055864
1,3255,215.770012
1,3256,291.130100
1,3257,251.134145
1,3258,53.239366
1,3259,293.525080
1,3260,251.057586
1,3261,257.599797
1,3262,279.771920
1,3263,374.921262
1,3264,101.752563
1,3265,61.727835
1,3266,78.386337
1,3267,270.755652
1,3268,191.117241
1,3269,264.043433
1,3270,219.301053
1,3271,363.411839
1,3272,260.175150
1,3273,131.199524
1,3274,512.115576
1,3275,67.887475
1,3276,330.475417
1,3277,299.093914
1,3278,314.123913
1,3279,298.027270
1,3280,312.570392
1,3281,57.568232
1,3282,206.304228
1,3283,359.652848
1,3284,106.147934
1,3285,206.175351
1,3286,385.329851
1,3287,336.568935
1,3288,304.444515
1,3289,275.288361
1,3290,104.020940
1,3291,314.298645
1,3292,249.461329
1,3293,300.354373
1,3294,59.278261
1,3295,145.572649
1,3296,215.176499
1,3297,298.059304
1,3298,355.577847
1,3299,60.120357
1,3300,471.036988
1,3301,108.105168
1,3302,558.262951
1,3303,759.816469
1,3304,533.529141
1,3305,53.129067
1,3306,3.059174
1,3307,308.026995
1,3308,57.931350
1,3309,260.167788
1,3310,181.904103
1,3311,258.145963
1,3312,142.896914
1,3313,297.342432
1,3314,224.324705
1,3315,165.876312
1,3316,49.659467
1,3317,155.950499
1,3318,260.731850
1,3319,105.152339
1,3320,176.669490
1,3321,206.138219
1,3322,142.745731
1,3323,76.461620
1,3324,262.030373
1,3325,343.053636
1,3326,209.907173
1,3327,145.146278
1,3328,122.584988
1,3329,103.626559
1,3330,198.891668
1,3331,229.356482
1,3332,56.298908
1,3333,278.880394
1,3334,55.201692
1,3335,147.284865
1,3336,1.720845
1,3337,103.063937
1,3338,213.833639
1,3339,276.029490
1,3340,212.600262
1,3341,277.024739
1,3342,183.095401
1,3343,107.552289
1,3344,229.122235
1,3345,264.243529
1,3346,143.615722
1,3347,235.691048
1,3348,254.708714
1,3349,303.487706
1,3350,195.710468
1,3351,200.741802
1,3352,60.924207
1,3353,369.627586
1,3354,10.357051
1,3355,233.600868
1,3356,56.125946
1,3357,162.897135
1,3358,138.125345
1,3359,277.797467
1,3360,55.200541
1,3361,178.036557
1,3362,592.536135
1,3363,464.633179
1,3364,388.981788
1,3365,318.940387
1,3366,4.472330
1,3367,366.607828
1,3368,367.104472
1,3369,366.636765
1,3370,304.154104
1,3371,245.776668
1,3372,53.324990
1,3373,66.547906
1,3374,398.284793
1,3375,285.077916
1,3376,417.434338
1,3377,611.764952
1,3378,630.431508
1,3379,420.908956
1,3380,320.971482
1,3381,70.887300
1,3382,323.933865
1,3383,192.670345
1,3384,464.178522
1,3385,567.881472
1,3386,453.885951
1,3387,605.988088
1,3388,103.090962
1,3389,343.241630
1,3390,296.962495
1,3391,344.087437
1,3392,432.090196
1,3393,226.705912
1,3394,196.410886
1,3395,610.976371
1,3396,9.672144
1,3397,162.971370
1,3398,400.999139
1,3399,329.858973
1,3400,319.098500
1,3401,236.654510
1,3402,312.832682
1,3403,329.526323
1,3404,119.543798
1,3405,81.121509
1,3406,543.931031
1,3407,117.253961
1,3408,459.624231
1,3409,437.458850
1,3410,62.744994
1,3411,345.788739
1,3412,65.461182
1,3413,150.945827
1,3414,131.527831
1,3415,273.144899
1,3416,295.478722
1,3417,150.057605
1,3418,297.322566
1,3419,52.320093
1,3420,252.699352
1,3421,287.724325
1,3422,57.989058
1,3423,77.201499
1,3424,590.181036
1,3425,319.677319
1,3426,58.928780
1,3427,398.189564
1,3428,275.641547
1,3429,388.106711
1,3430,58.652746
1,3431,203.607930
1,3432,63.837840
1,3433,345.320786
1,3434,161.259581
1,3435,320.591392
1,3436,345.443664
1,3437,401.934998
1,3438,279.863313
1,3439,716.882698
1,3440,282.688849
1,3441,452.609315
1,3442,326.754695
1,3443,482.396288
1,3444,61.198025
1,3445,185.604523
1,3446,165.631202
1,3447,456.360397
1,3448,595.225393
1,3449,71.414959
1,3450,203.850009
1,3451,65.856429
1,3452,187.180844
1,3453,164.404778
1,3454,170.085184
1,3455,64.899899
1,3456,307.055509
1,3457,67.032008
1,3458,333.478377
1,3459,63.763571
1,3460,72.559303
1,3461,420.885306
1,3462,236.408547
1,3463,388.996848
1,3464,286.597674
1,3465,101.058190
1,3466,155.142821
1,3467,226.111009
1,3468,342.253029
1,3469,58.205758
1,3470,450.272146
1,3471,62.280997
1,3472,64.001613
1,3473,452.766016
1,3474,110.521354
1,3475,334.033083
1,3476,349.523434
1,3477,74.211332
1,3478,245.010414
1,3479,259.691162
1,3480,8.308192
1,3481,190.597667
1,3482,102.044063
1,3483,375.217024
1,3484,460.165822
1,3485,440.048063
1,3486,421.411523
1,3487,226.087539
1,3488,264.237766
1,3489,274.575420
1,3490,284.188885
1,3491,376.915900
1,3492,274.063435
1,3493,258.341669
1,3494,74.894484
1,3495,234.450632
1,3496,293.233623
1,3497,320.809162
1,3498,69.243554
1,3499,181.708289
1,3500,341.691961
1,3501,113.332728
1,3502,530.210223
1,3503,122.681708
1,3504,334.172227
1,3505,314.659206
1,3506,162.642137
1,3507,62.441315
1,3508,271.794429
1,3509,63.695218
1,3510,263.235112
1,3511,181.440319
1,3512,253.693395
1,3513,257.356960
1,3514,53.362572
1,3515,211.012746
1,3516,360.525376
1,3517,299.104071
1,3518,239.619460
1,3519,104.816046
1,3520,211.579326
1,3521,278.654425
1,3522,334.340808
1,3523,357.186787
1,3524,5.752604
1,3525,201.477242
1,3526,316.008527
1,3527,60.400003
1,3528,233.472227
1,3529,57.806275
1,3530,68.910826
1,3531,362.151649
1,3532,21.390434
1,3533,133.816738
1,3534,66.681388
1,3535,193.484278
1,3536,165.199750
1,3537,96.275608
1,3538,148.020826
1,3539,200.059955
1,3540,73.699428
1,3541,306.399324
1,3542,74.121377
1,3543,91.478334
1,3544,344.382563
1,3545,63.245372
1,3546,479.092981
1,3547,523.458488
1,3548,166.448993
1,3549,548.086406
1,3550,68.469167
1,3551,331.206654
1,3552,243.459115
1,3553,398.757514
1,3554,241.655401
1,3555,209.778717
1,3556,290.892364
1,3557,172.705939
1,3558,285.596014
1,3559,67.618950
1,3560,579.076401
1,3561,63.083445
1,3562,62.450808
1,3563,483.810771
1,3564,459.877367
1,3565,170.959447
1,3566,344.453751
1,3567,237.345753
1,3568,532.522408
1,3569,63.283578
1,3570,237.698546
1,3571,111.671428
1,3572,298.203366
1,3573,262.883953
1,3574,164.402330
1,3575,265.557131
1,3576,265.205511
1,3577,178.652610
1,3578,370.015819
1,3579,233.232785
1,3580,428.647057
1,3581,305.925736
1,3582,473.552911
1,3583,413.539135
1,3584,336.277869
1,3585,61.902624
1,3586,337.450867
1,3587,312.631542
1,3588,406.035865
1,3589,400.552436
1,3590,59.088688
1,3591,377.459169
1,3592,302.967949
1,3593,325.283469
1,3594,428.097897
1,3595,509.760405
1,3596,227.235504
1,3597,355.406207
1,3598,366.274753
1,3599,90.275545
1,3600,476.335869
1,3601,203.031455
1,3602,160.277499
1,3603,205.323673
1,3604,49.350215
1,3605,121.952558
1,3606,260.559342
1,3607,218.568601
1,3608,238.453619
1,3609,60.264932
1,3610,3.125018
1,3611,58.218376
1,3612,182.501501
1,3613,318.278334
1,3614,203.406768
1,3615,62.069530
1,3616,159.229642
1,3617,63.658575
1,3618,266.937651
1,3619,116.738546
1,3620,207.333540
1,3621,2.914930
1,3622,185.363378
1,3623,72.120888
1,3624,244.060402
1,3625,63.812209
1,3626,155.110254
1,3627,8.986679
1,3628,316.047228
1,3629,263.239846
1,3630,285.412520
1,3631,209.916023
1,3632,66.805026
1,3633,151.892273
1,3634,71.164922
1,3635,259.285758
1,3636,365.958130
1,3637,3.314843
1,3638,223.308877
1,3639,135.047898
1,3640,63.276190
1,3641,114.732603
1,3642,60.702272
1,3643,69.669718
1,3644,7.846981
1,3645,240.646498
1,3646,59.786303
1,3647,112.165655
1,3648,225.132640
1,3649,263.962927
1,3650,64.005453
1,3651,188.816203
1,3652,70.071556
1,3653,222.974989
1,3654,62.868571
1,3655,168.008876
1,3656,111.339422
1,3657,63.796670
1,3658,239.289470
1,3659,108.144605
1,3660,306.705707
1,3661,167.433262
1,3662,92.411504
1,3663,250.168419
1,3664,256.081122
1,3665,317.828525
1,3666,389.944779
1,3667,114.696818
1,3668,67.589908
1,3669,115.791014
1,3670,305.366053
1,3671,364.456069
1,3672,254.260666
1,3673,59.684586
1,3674,206.131958
1,3675,56.177989
1,3676,216.802420
1,3677,258.784585
1,3678,199.720799
1,3679,278.825181
1,3680,59.089436
1,3681,299.778009
1,3682,1074.014636
1,3683,300.693751
1,3684,58.691634
1,3685,332.406657
1,3686,182.205406
1,3687,140.392383
1,3688,289.441449
1,3689,62.411499
1,3690,185.446203
1,3691,65.973918
1,3692,146.476675
1,3693,97.820590
1,3694,268.816547
1,3695,307.701125
1,3696,71.954481
1,3697,500.023862
1,3698,264.401687
1,3699,49.637197
1,3700,159.880470
1,3701,332.045532
1,3702,1.052459
1,3703,206.654393
1,3704,345.118039
1,3705,1.052459
1,3706,246.498348
1,3707,612.159867
1,3708,458.477208
1,3709,266.647611
1,3710,258.848362
1,3711,61.847304
1,3712,177.660389
1,3713,64.899710
1,3714,310.452302
1,3715,300.432082
1,3716,371.305736
1,3717,345.865401
1,3718,511.696053
1,3719,78.439190
1,3720,206.829092
1,3721,209.374943
1,3722,59.005907
1,3723,263.295139
1,3724,242.919684
1,3725,61.961624
1,3726,183.147155
1,3727,59.655110
1,3728,184.981676
1,3729,193.886957
1,3730,105.687935
1,3731,148.904482
1,3732,61.930752
1,3733,230.935173
1,3734,113.225840
1,3735,317.199758
1,3736,59.093153
1,3737,195.216430
1,3738,334.926419
1,3739,6.193118
1,3740,181.823346
1,3741,292.189041
1,3742,59.775078
1,3743,189.143739
1,3744,183.577147
1,3745,368.172076
1,3746,67.509101
1,3747,236.316765
1,3748,250.800821
1,3749,109.695248
1,3750,110.917678
1,3751,186.126191
1,3752,312.378394
1,3753,288.370435
1,3754,59.684396
1,3755,243.470467
1,3756,86.438968
1,3757,155.241666
1,3758,303.939836
1,3759,60.663862
1,3760,264.829294
1,3761,56.989429
1,3762,143.911281
1,3763,61.769021
1,3764,344.489299
1,3765,57.351107
1,3766,107.401059
1,3767,278.082091
1,3768,308.863778
1,3769,369.101276
1,3770,292.822020
1,3771,67.208459
1,3772,345.565994
1,3773,198.076853
1,3774,407.253470
1,3775,324.690680
1,3776,419.604488
1,3777,498.763787
1,3778,574.026506
1,3779,66.332951
1,3780,347.329722
1,3781,67.349816
1,3782,458.465510
1,3783,70.865958
1,3784,376.905069
1,3785,268.912552
1,3786,494.414182
1,3787,68.979314
1,3788,248.318677
1,3789,441.691040
1,3790,86.190580
1,3791,598.431319
1,3792,731.742192
1,3793,630.587573
1,3794,14.441105
1,3795,368.671611
1,3796,476.542120
1,3797,516.975909
1,3798,73.173307
1,3799,456.956545
1,3800,389.112490
1,3801,239.523771
1,3802,72.199766
1,3803,483.444298
1,3804,363.426214
1,3805,352.794711
1,3806,74.329991
1,3807,535.963361
1,3808,71.529212
1,3809,321.515203
1,3810,496.951049
1,3811,359.299046
1,3812,627.884726
1,3813,136.038058
1,3814,363.161016
1,3815,484.431175
1,3816,75.405040
1,3817,410.829141
1,3818,724.269355
1,3819,447.750808
1,3820,515.493490
1,3821,455.575759
1,3822,93.502436
1,3823,427.475147
1,3824,240.931452
1,3825,176.898242
1,3826,205.440516
1,3827,344.966139
1,3828,35.982075
1,3829,478.092109
1,3830,260.707033
1,3831,80.996351
1,3832,351.991438
1,3833,436.137613
1,3834,148.684126
1,3835,485.269753
1,3836,542.446290
1,3837,383.719289
1,3838,105.069111
1,3839,276.202542
1,3840,149.005376
1,3841,448.461036
1,3842,62.695134
1,3843,514.068885
1,3844,123.266567
1,3845,121.497493
1,3846,72.047873
1,3847,455.463694
1,3848,70.268409
1,3849,91.711417
1,3850,165.683434
1,3851,350.265757
1,3852,815.904781
1,3853,546.255342
1,3854,69.484625
1,3855,705.158558
1,3856,76.502022
1,3857,235.026864
1,3858,171.533361
1,3859,484.050723
1,3860,89.280495
1,3861,635.632222
1,3862,76.004596
1,3863,562.758051
1,3864,296.756820
1,3865,416.381547
1,3866,105.625365
1,3867,309.632945
1,3868,165.142836
1,3869,660.299268
1,3870,120.624749
1,3871,564.425309
1,3872,261.031311
1,3873,271.051959
1,3874,466.082366
1,3875,556.101784
1,3876,82.101284
1,3877,245.665757
1,3878,519.015687
1,3879,14.113451
1,3880,482.068696
1,3881,391.433941
1,3882,461.409380
1,3883,371.174955
1,3884,94.193344
1,3885,455.550890
1,3886,376.611943
1,3887,227.013634
1,3888,653.947399
1,3889,80.110135
1,3890,237.424693
1,3891,610.263122
1,3892,74.326031
1,3893,245.512315
1,3894,534.238466
1,3895,564.022058
1,3896,631.554434
1,3897,447.999163
1,3898,479.544868
1,3899,103.469313
1,3900,357.987284
1,3901,399.576850
1,3902,66.137421
1,3903,448.353636
1,3904,61.616456
1,3905,487.717828
1,3906,279.306772
1,3907,558.818430
1,3908,65.491160
1,3909,237.287897
1,3910,435.417048
1,3911,731.953366
1,3912,293.965506
1,3913,379.765945
1,3914,119.360728
1,3915,458.225183
1,3916,110.191721
1,3917,548.286719
1,3918,581.257949
1,3919,185.777517
1,3920,84.384838
1,3921,416.756126
1,3922,317.746268
1,3923,333.530727
1,3924,70.380666
1,3925,381.867811
1,3926,634.560561
1,3927,121.816796
1,3928,163.793929
1,3929,241.551446
1,3930,14.787484
1,3931,610.853775
1,3932,555.580721
1,3933,68.381079
1,3934,602.151470
1,3935,410.848091
1,3936,489.969164
1,3937,129.244840
1,3938,228.220158
1,3939,435.919172
1,3940,414.518667
1,3941,517.723660
1,3942,96.755006
1,3943,640.468171
1,3944,608.257991
1,3945,137.144660
1,3946,550.890483
1,3947,424.735306
1,3948,113.277071
1,3949,398.137836
1,3950,244.408407
1,3951,283.601969
1,3952,204.723821
1,3953,191.092667
1,3954,310.701693
1,3955,68.889262
1,3956,628.694897
1,3957,351.358906
1,3958,447.797431
1,3959,463.163325
1,3960,34.194198
1,3961,419.817180
1,3962,119.963396
1,3963,11.630289
1,3964,425.878645
1,3965,395.377986
1,3966,76.450953
1,3967,319.487130
1,3968,268.974035
1,3969,451.812218
1,3970,90.886131
1,3971,20.949787
1,3972,402.166046
1,3973,456.296343
1,3974,433.525237
1,3975,146.320517
1,3976,390.337721
1,3977,136.197389
1,3978,386.669088
1,3979,551.896211
1,3980,366.627872
1,3981,159.424635
1,3982,369.634693
1,3983,145.791786
1,3984,67.494997
1,3985,271.892717
1,3986,76.710222
1,3987,320.899983
1,3988,340.416729
1,3989,430.393177
1,3990,113.046468
1,3991,372.669832
1,3992,329.203224
1,3993,441.109332
1,3994,359.047103
1,3995,106.120805
1,3996,270.041381
1,3997,172.294762
1,3998,446.961288
1,3999,65.212265
1,4000,299.801468
1,4001,387.619851
1,4002,235.893291
1,4003,358.054134
1,4004,341.326767
1,4005,64.590357
1,4006,340.813954
1,4007,344.349526
1,4008,88.952233
1,4009,369.824976
1,4010,530.563871
1,4011,200.401139
1,4012,351.980857
1,4013,286.012664
1,4014,306.256889
1,4015,349.230323
1,4016,207.307844
1,4017,426.562256
1,4018,250.225048
1,4019,483.185913
1,4020,13.211774
1,4021,549.637165
1,4022,389.485991
1,4023,71.020583
1,4024,301.548281
1,4025,72.531980
1,4026,450.854837
1,4027,202.761363
1,4028,255.499631
1,4029,259.687591
1,4030,177.562919
1,4031,87.269687
1,4032,377.120194
1,4033,356.631536
1,4034,371.981345
1,4035,521.065924
1,4036,333.571401
1,4037,99.239835
1,4038,404.244561
1,4039,233.184588
1,4040,194.790661
1,4041,208.489333
1,4042,143.180489
1,4043,402.078010
1,4044,503.436436
1,4045,542.090656
1,4046,32.750610
1,4047,424.187653
1,4048,394.247484
1,4049,80.999681
1,4050,178.204583
1,4051,506.939363
1,4052,116.657390
1,4053,539.093190
1,4054,75.206824
1,4055,383.146860
1,4056,84.532955
1,4057,641.074841
1,4058,349.271556
1,4059,141.198815
1,4060,128.006398
1,4061,177.628207
1,4062,258.558955
1,4063,309.791796
1,4064,413.763525
1,4065,176.353883
1,4066,497.225915
1,4067,76.726508
1,4068,580.321515
1,4069,551.350929
1,4070,77.703856
1,4071,352.264839
1,4072,315.934844
1,4073,494.384820
1,4074,93.373722
1,4075,521.696219
1,4076,521.648867
1,4077,71.910018
1,4078,68.053763
1,4079,483.959275
1,4080,106.133340
1,4081,155.510430
1,4082,430.357828
1,4083,193.822925
1,4084,434.723158
1,4085,317.071484
1,4086,296.106067
1,4087,346.997664
1,4088,569.358916
1,4089,58.027049
1,4090,5.640120
1,4091,445.874488
1,4092,520.989285
1,4093,71.195987
1,4094,377.697359
1,4095,63.458063
1,4096,493.155052
1,4097,435.132710
1,4098,63.610979
1,4099,169.364566
1,4100,69.837474
1,4101,304.534410
1,4102,336.832690
1,4103,65.530669
1,4104,420.820320
1,4105,291.142926
1,4106,432.896357
1,4107,67.837551
1,4108,375.673315
1,4109,498.086877
1,4110,545.172948
1,4111,254.324983
1,4112,105.109891
1,4113,544.507874
1,4114,291.387805
1,4115,51.517125
1,4116,324.033272
1,4117,335.380458
1,4118,461.330894
1,4119,57.614922
1,4120,279.197615
1,4121,416.738819
1,4122,392.254063
1,4123,161.432096
1,4124,396.092441
1,4125,60.748968
1,4126,188.449697
1,4127,394.630559
1,4128,67.349499
1,4129,281.311942
1,4130,149.584985
1,4131,535.882522
1,4132,182.254984
1,4133,375.192502
1,4134,189.470939
1,4135,199.647815
1,4136,388.204742
1,4137,19.738769
1,4138,210.389226
1,4139,155.905907
1,4140,361.426643
1,4141,13.725249
1,4142,388.765887
1,4143,67.190297
1,4144,440.021576
1,4145,86.174483
1,4146,65.567615
1,4147,271.905288
1,4148,222.199973
1,4149,145.680277
1,4150,121.876127
1,4151,535.991373
1,4152,104.544975
1,4153,475.693009
1,4154,352.190772
1,4155,69.452925
1,4156,322.867938
1,4157,69.059325
1,4158,86.143674
1,4159,449.805836
1,4160,66.551729
1,4161,11.220672
1,4162,529.158553
1,4163,70.602065
1,4164,308.835896
1,4165,148.961180
1,4166,66.485209
1,4167,301.317462
1,4168,340.236518
1,4169,279.226405
1,4170,277.316604
1,4171,264.334370
1,4172,471.853251
1,4173,73.291444
1,4174,639.934547
1,4175,424.929650
1,4176,167.827536
1,4177,391.848958
1,4178,323.425861
1,4179,414.547737
1,4180,120.033995
1,4181,246.282373
1,4182,158.848338
1,4183,370.703599
1,4184,288.797809
1,4185,139.054053
1,4186,355.799429
1,4187,21.180829
1,4188,313.694313
1,4189,62.707508
1,4190,115.576223
1,4191,218.104372
1,4192,166.070668
1,4193,211.036795
1,4194,2.858361
1,4195,173.703208
1,4196,55.381659
1,4197,230.881885
1,4198,2.858361
1,4199,196.432591
1,4200,65.641703
1,4201,266.449934
1,4202,87.775090
1,4203,66.272765
1,4204,247.653897
1,4205,232.549075
1,4206,189.476043
1,4207,159.993048
1,4208,317.177951
1,4209,62.459587
1,4210,442.510276
1,4211,360.440028
1,4212,98.370160
1,4213,118.637017
1,4214,263.382142
1,4215,13.128121
1,4216,394.431586
1,4217,100.827740
1,4218,496.917574
1,4219,392.330560
1,4220,63.877464
1,4221,377.701243
1,4222,376.099213
1,4223,73.474475
1,4224,293.885683
1,4225,71.591936
1,4226,77.946047
1,4227,535.875330
1,4228,71.488538
1,4229,24.882741
1,4230,396.850439
1,4231,74.432773
1,4232,320.839679
1,4233,125.025684
1,4234,114.804761
1,4235,361.268772
1,4236,341.128650
1,4237,140.248065
1,4238,499.278563
1,4239,418.335680
1,4240,75.095812
1,4241,397.895812
1,4242,376.861961
1,4243,302.032095
1,4244,251.994558
1,4245,322.893429
1,4246,261.454766
1,4247,502.890293
1,4248,66.249089
1,4249,403.346603
1,4250,66.270258
1,4251,10.257106
1,4252,329.012795
1,4253,70.501876
1,4254,141.248012
1,4255,235.081155
1,4256,175.532150
1,4257,312.086157
1,4258,123.746915
1,4259,144.069868
1,4260,204.334980
1,4261,166.365597
1,4262,210.204128
1,4263,605.133135
1,4264,117.619369
1,4265,187.448748
1,4266,393.805129
1,4267,558.815446
1,4268,287.895887
1,4269,51.458890
1,4270,286.278539
1,4271,60.864235
1,4272,399.803340
1,4273,223.030895
1,4274,380.355294
1,4275,157.870759
1,4276,407.176984
1,4277,59.466859
1,4278,191.911866
1,4279,268.787354
1,4280,8.129288
1,4281,577.599041
1,4282,131.479458
1,4283,225.965829
1,4284,512.637738
1,4285,358.613830
1,4286,158.909947
1,4287,64.667007
1,4288,346.366502
1,4289,230.571907
1,4290,9.042546
1,4291,289.797191
1,4292,460.051215
1,4293,89.460853
1,4294,355.587182
1,4295,79.842376
1,4296,496.346861
1,4297,89.297619
1,4298,348.921124
1,4299,127.373368
1,4300,240.246934
1,4301,276.619538
1,4302,157.124862
1,4303,265.513878
1,4304,115.257264
1,4305,471.379206
1,4306,79.642048
1,4307,159.935206
1,4308,114.667048
1,4309,138.704326
1,4310,390.071166
1,4311,100.487780
1,4312,324.779807
1,4313,512.750989
1,4314,7.326884
1,4315,600.359960
1,4316,63.482873
1,4317,131.489692
1,4318,416.220313
1,4319,66.623704
1,4320,22.024108
1,4321,241.174654
1,4322,356.644178
1,4323,114.599641
1,4324,288.127022
1,4325,533.265338
1,4326,522.098597
1,4327,293.111301
1,4328,51.458890
1,4329,307.272013
1,4330,80.682185
1,4331,82.003350
1,4332,314.130039
1,4333,351.895814
1,4334,86.487532
1,4335,421.499561
1,4336,149.217533
1,4337,128.648326
1,4338,253.661773
1,4339,398.374472
1,4340,142.532913
1,4341,222.246719
1,4342,479.562751
1,4343,60.591196
1,4344,264.426596
1,4345,309.247085
1,4346,389.836411
1,4347,70.465570
1,4348,350.906254
1,4349,398.737220
1,4350,66.001332
1,4351,73.657592
1,4352,389.201316
1,4353,517.355734
1,4354,77.818374
1,4355,145.026567
1,4356,246.440643
1,4357,197.227523
1,4358,75.408871
1,4359,126.983498
1,4360,381.210761
1,4361,66.651397
1,4362,26.657096
1,4363,214.111236
1,4364,414.665069
1,4365,212.268441
1,4366,375.931197
1,4367,132.027419
1,4368,297.772201
1,4369,416.204713
1,4370,115.480989
1,4371,393.770618
1,4372,71.563427
1,4373,162.452907
1,4374,371.915748
1,4375,160.251903
1,4376,295.951244
1,4377,67.164092
1,4378,518.815652
1,4379,363.862317
1,4380,139.430369
1,4381,189.822266
1,4382,258.755789
1,4383,102.848144
1,4384,402.025440
1,4385,87.925736
1,4386,529.547983
1,4387,255.868273
1,4388,453.987575
1,4389,482.386072
1,4390,91.254899
1,4391,302.814232
1,4392,274.652321
1,4393,568.390466
1,4394,323.562560
1,4395,180.548895
1,4396,353.523860
1,4397,77.964408
1,4398,478.983698
1,4399,95.490130
1,4400,373.914602
1,4401,341.970084
1,4402,68.100963
1,4403,427.945125
1,4404,88.049774
1,4405,413.914100
1,4406,91.313723
1,4407,606.239281
1,4408,346.039262
1,4409,5.434282
1,4410,265.155233
1,4411,216.701891
1,4412,424.082688
1,4413,120.255370
1,4414,351.570398
1,4415,79.409531
1,4416,275.540352
1,4417,76.740582
1,4418,228.215128
1,4419,489.477284
1,4420,69.133639
1,4421,528.643215
1,4422,346.978968
1,4423,398.923976
1,4424,58.490273
1,4425,379.702357
1,4426,382.734919
1,4427,62.812358
1,4428,147.134915
1,4429,636.968032
1,4430,346.596743
1,4431,130.876844
1,4432,146.222286
1,4433,1.423487
1,4434,482.383326
1,4435,65.543630
1,4436,321.637952
1,4437,256.726955
1,4438,315.014558
1,4439,262.894290
1,4440,232.041932
1,4441,14.581095
1,4442,121.139499
1,4443,315.791279
1,4444,64.186387
1,4445,246.343846
1,4446,169.058420
1,4447,215.480832
1,4448,307.748066
1,4449,483.832882
1,4450,134.077407
1,4451,227.415008
1,4452,259.990886
1,4453,196.536639
1,4454,212.949918
1,4455,67.281635
1,4456,135.069134
1,4457,160.340023
1,4458,72.089148
1,4459,13.788227
1,4460,319.658982
1,4461,67.340291
1,4462,162.474413
1,4463,457.770956
1,4464,13.691299
1,4465,290.756836
1,4466,91.705317
1,4467,243.334929
1,4468,72.211896
1,4469,187.353319
1,4470,68.416933
1,4471,295.495083
1,4472,154.324775
1,4473,229.860214
1,4474,332.290736
1,4475,107.613632
1,4476,26.915693
1,4477,308.060443
1,4478,75.482447
1,4479,131.193399
1,4480,125.294907
1,4481,214.613015
1,4482,192.597388
1,4483,68.378393
1,4484,200.391113
1,4485,91.681146
1,4486,204.426864
1,4487,187.753637
1,4488,115.925891
1,4489,380.296471
1,4490,64.728755
1,4491,225.710804
1,4492,64.421335
1,4493,299.793874
1,4494,159.174947
1,4495,195.682007
1,4496,63.655930
1,4497,133.851101
1,4498,162.340813
1,4499,274.532544
1,4500,64.594136
1,4501,269.509076
1,4502,67.662560
1,4503,320.299042
1,4504,268.354394
1,4505,248.883952
1,4506,120.481790
1,4507,137.601898
1,4508,52.489151
1,4509,409.014265
1,4510,65.614136
1,4511,466.009287
1,4512,289.385015
1,4513,251.692576
1,4514,73.911567
1,4515,222.560013
1,4516,114.765900
1,4517,252.635831
1,4518,286.558117
1,4519,273.197273
1,4520,402.263379
1,4521,102.678587
1,4522,67.516826
1,4523,350.447051
1,4524,431.985085
1,4525,525.846984
1,4526,422.008961
1,4527,476.885318
1,4528,284.076982
1,4529,50.168975
1,4530,307.903050
1,4531,69.901800
1,4532,347.115340
1,4533,223.741318
1,4534,293.412274
1,4535,135.056414
1,4536,116.897154
1,4537,238.112869
1,4538,60.221148
1,4539,179.112753
1,4540,396.346137
1,4541,74.412808
1,4542,348.762078
1,4543,67.388424
1,4544,164.031263
1,4545,371.176785
1,4546,366.124525
1,4547,306.029461
1,4548,186.744906
1,4549,79.605124
1,4550,134.358100
1,4551,60.464539
1,4552,189.425963
1,4553,262.710795
1,4554,399.732979
1,4555,169.100161
1,4556,439.999381
1,4557,81.805840
1,4558,113.755806
1,4559,171.780656
1,4560,231.317342
1,4561,59.582010
1,4562,213.477442
1,4563,59.252917
1,4564,109.432655
1,4565,60.557722
1,4566,186.079862
1,4567,277.719988
1,4568,295.949409
1,4569,324.834877
1,4570,268.798779
1,4571,141.336316
1,4572,105.339045
1,4573,302.374750
1,4574,313.636551
1,4575,338.707536
1,4576,58.818330
1,4577,311.130417
1,4578,4.593939
1,4579,263.774031
1,4580,212.979958
1,4581,57.609789
1,4582,162.531447
1,4583,290.392453
1,4584,225.277204
1,4585,286.873380
1,4586,311.795123
1,4587,328.801743
1,4588,367.794872
1,4589,62.341493
1,4590,115.063119
1,4591,312.071496
1,4592,173.610559
1,4593,257.609917
1,4594,139.378842
1,4595,98.105279
1,4596,373.279100
1,4597,50.964968
1,4598,335.449751
1,4599,225.121611
1,4600,209.980875
1,4601,300.263602
1,4602,425.580833
1,4603,55.488408
1,4604,196.127767
1,4605,102.077663
1,4606,275.067531
1,4607,58.290855
1,4608,253.355579
1,4609,123.798145
1,4610,306.559236
1,4611,208.163439
1,4612,68.990825
1,4613,354.782914
1,4614,313.231548
1,4615,325.638710
1,4616,379.774432
1,4617,326.118468
1,4618,65.259567
1,4619,216.797821
1,4620,61.789214
1,4621,215.632240
1,4622,300.040590
1,4623,59.988316
1,4624,146.977283
1,4625,260.230766
1,4626,111.586178
1,4627,148.039001
1,4628,58.329565
1,4629,759.687334
1,4630,61.064266
1,4631,292.560098
1,4632,117.356766
1,4633,224.210005
1,4634,60.117551
1,4635,149.468091
1,4636,294.779819
1,4637,302.977773
1,4638,59.450177
1,4639,12.056367
1,4640,263.821800
1,4641,57.608045
1,4642,298.397417
1,4643,64.074633
1,4644,232.167765
1,4645,681.395291
1,4646,58.914242
1,4647,318.320452
1,4648,56.932410
1,4649,240.645472
1,4650,170.310341
1,4651,180.170106
1,4652,217.001203
1,4653,240.056824
1,4654,136.193843
1,4655,177.924247
1,4656,383.793000
1,4657,55.440175
1,4658,148.289295
1,4659,180.019360
1,4660,215.198580
1,4661,145.121922
1,4662,63.720411
1,4663,264.404422
1,4664,208.784195
1,4665,57.151697
1,4666,175.577934
1,4667,150.756405
1,4668,238.028375
1,4669,104.697696
1,4670,53.229059
1,4671,280.006070
1,4672,143.676520
1,4673,152.596682
1,4674,191.723024
1,4675,226.766075
1,4676,199.428068
1,4677,287.973095
1,4678,99.820306
1,4679,138.842402
1,4680,54.605587
1,4681,148.729027
1,4682,53.300296
1,4683,191.062452
1,4684,51.227028
1,4685,97.638477
1,4686,238.043117
1,4687,249.392593
1,4688,298.460941
1,4689,253.148817
1,4690,141.491907
1,4691,261.257438
1,4692,56.069454
1,4693,238.445580
1,4694,112.552432
1,4695,234.234549
1,4696,229.782292
1,4697,574.045051
1,4698,220.063285
1,4699,263.143650
1,4700,382.595601
1,4701,235.648563
1,4702,537.796918
1,4703,449.432316
1,4704,346.046432
1,4705,204.407351
1,4706,53.393819
1,4707,274.945876
1,4708,55.055864
1,4709,217.799350
1,4710,296.631999
1,4711,254.587799
1,4712,53.239366
1,4713,296.247669
1,4714,254.423009
1,4715,228.337532
1,4716,240.976350
1,4717,310.760752
1,4718,101.752563
1,4719,111.378623
1,4720,111.292315
1,4721,242.702437
1,4722,194.003690
1,4723,268.385711
1,4724,221.424925
1,4725,319.575591
1,4726,220.748938
1,4727,133.191047
1,4728,395.935360
1,4729,69.702535
1,4730,247.414715
1,4731,354.271892
1,4732,359.195574
1,4733,302.905242
1,4734,313.862362
1,4735,57.568232
1,4736,206.304228
1,4737,364.222008
1,4738,108.000807
1,4739,206.175351
1,4740,454.140380
1,4741,339.682266
1,4742,305.698670
1,4743,277.777765
1,4744,105.230980
1,4745,319.233339
1,4746,251.591502
1,4747,301.476180
1,4748,59.278261
1,4749,145.572649
1,4750,217.697415
1,4751,300.699963
1,4752,278.142699
1,4753,62.036253
1,4754,338.475434
1,4755,76.548374
1,4756,367.954475
1,4757,398.142753
1,4758,362.354125
1,4759,53.129067
1,4760,3.059174
1,4761,260.215651
1,4762,58.990134
1,4763,230.935055
1,4764,267.194662
1,4765,315.931688
1,4766,145.291783
1,4767,301.218340
1,4768,229.624931
1,4769,169.437106
1,4770,49.659467
1,4771,159.095341
1,4772,261.960797
1,4773,106.173311
1,4774,177.640042
1,4775,206.138219
1,4776,143.754098
1,4777,81.541266
1,4778,262.030373
1,4779,343.053636
1,4780,210.827307
1,4781,146.545386
1,4782,125.458832
1,4783,103.626559
1,4784,202.994459
1,4785,232.734509
1,4786,56.298908
1,4787,249.540852
1,4788,55.201692
1,4789,147.284865
1,4790,1.720845
1,4791,103.063937
1,4792,220.192649
1,4793,306.126873
1,4794,214.705227
1,4795,279.759933
1,4796,185.187761
1,4797,108.743422
1,4798,232.575890
1,4799,265.819101
1,4800,144.598879
1,4801,204.783390
1,4802,220.165295
1,4803,306.103157
1,4804,198.540196
1,4805,204.397130
1,4806,62.266595
1,4807,376.320618
1,4808,12.386389
1,4809,237.602822
1,4810,56.125946
1,4811,165.405446
1,4812,138.900527
1,4813,280.129314
1,4814,55.200541
1,4815,178.036557
1,4816,576.545503
1,4817,544.241592
1,4818,350.393453
1,4819,322.394042
1,4820,4.472330
1,4821,369.859810
1,4822,332.839013
1,4823,371.899177
1,4824,351.153441
1,4825,248.158934
1,4826,53.324990
1,4827,68.388175
1,4828,430.756903
1,4829,287.660371
1,4830,403.517279
1,4831,461.133954
1,4832,427.819277
1,4833,409.607017
1,4834,418.271155
1,4835,70.887300
1,4836,413.112689
1,4837,195.140842
1,4838,478.308256
1,4839,379.382413
1,4840,296.225636
1,4841,345.968268
1,4842,64.269277
1,4843,310.224024
1,4844,302.086257
1,4845,351.877068
1,4846,442.117139
1,4847,230.304520
1,4848,199.738496
1,4849,374.065437
1,4850,9.672144
1,4851,165.649843
1,4852,267.493643
1,4853,332.745423
1,4854,322.117298
1,4855,239.622888
1,4856,315.801061
1,4857,296.017303
1,4858,79.437187
1,4859,83.409240
1,4860,432.375129
1,4861,118.457699
1,4862,348.998842
1,4863,376.777122
1,4864,63.482361
1,4865,349.677252
1,4866,65.461182
1,4867,152.029821
1,4868,134.124375
1,4869,231.683873
1,4870,254.969837
1,4871,150.057605
1,4872,362.687308
1,4873,53.202413
1,4874,256.984909
1,4875,362.652729
1,4876,58.726426
1,4877,127.388311
1,4878,495.691360
1,4879,415.816958
1,4880,58.928780
1,4881,444.214355
1,4882,308.762381
1,4883,409.081923
1,4884,58.652746
1,4885,246.915527
1,4886,64.676045
1,4887,350.923523
1,4888,164.026287
1,4889,404.371050
1,4890,286.121664
1,4891,301.593380
1,4892,249.485212
1,4893,429.823343
1,4894,337.230379
1,4895,463.203465
1,4896,332.508686
1,4897,532.647524
1,4898,61.198025
1,4899,186.638098
1,4900,82.103718
1,4901,369.935756
1,4902,430.332770
1,4903,72.272071
1,4904,206.793179
1,4905,105.716921
1,4906,187.974932
1,4907,204.152406
1,4908,173.034655
1,4909,64.899899
1,4910,309.702470
1,4911,68.046678
1,4912,284.627155
1,4913,64.702612
1,4914,74.412176
1,4915,355.787487
1,4916,241.242404
1,4917,339.221003
1,4918,284.055176
1,4919,102.104370
1,4920,157.600714
1,4921,228.531088
1,4922,347.219234
1,4923,58.205758
1,4924,355.355727
1,4925,63.699013
1,4926,65.810370
1,4927,403.077497
1,4928,112.645227
1,4929,335.268332
1,4930,325.029858
1,4931,76.606202
1,4932,246.056594
1,4933,263.031376
1,4934,8.308192
1,4935,196.427285
1,4936,64.696619
1,4937,335.539794
1,4938,417.276980
1,4939,340.569282
1,4940,459.376839
1,4941,228.936174
1,4942,267.306981
1,4943,278.646700
1,4944,246.489253
1,4945,316.599540
1,4946,278.645199
1,4947,220.018853
1,4948,77.364982
1,4949,203.133325
1,4950,215.767870
1,4951,371.368221
1,4952,70.964079
1,4953,181.708289
1,4954,343.658275
1,4955,75.009088
1,4956,428.711127
1,4957,125.309763
1,4958,292.579183
1,4959,277.319053
1,4960,165.446656
1,4961,62.441315
1,4962,469.722657
1,4963,64.558632
1,4964,267.659319
1,4965,181.440319
1,4966,329.609774
1,4967,331.490863
1,4968,53.362572
1,4969,213.023176
1,4970,365.390744
1,4971,337.938031
1,4972,300.366107
1,4973,106.435735
1,4974,178.876423
1,4975,283.475678
1,4976,340.933003
1,4977,365.594041
1,4978,5.752604
1,4979,205.151476
1,4980,320.936918
1,4981,60.400003
1,4982,306.068288
1,4983,57.806275
1,4984,70.977977
1,4985,285.144892
1,4986,22.568962
1,4987,139.715682
1,4988,67.809498
1,4989,195.790916
1,4990,168.445430
1,4991,37.791895
1,4992,148.020826
1,4993,204.496767
1,4994,76.497645
1,4995,362.660225
1,4996,75.400741
1,4997,96.621003
1,4998,526.348951
1,4999,64.398691
1,5000,350.419939
1,5001,389.008060
1,5002,169.757695
1,5003,437.515062
1,5004,69.975415
1,5005,276.358291
1,5006,250.965143
1,5007,409.780219
1,5008,295.862663
1,5009,267.336900
1,5010,292.297775
1,5011,176.985194
1,5012,289.478224
1,5013,69.024361
1,5014,521.892114
1,5015,64.186345
1,5016,62.450808
1,5017,604.577571
1,5018,544.128790
1,5019,174.041266
1,5020,272.935876
1,5021,242.406492
1,5022,510.804643
1,5023,63.951621
1,5024,335.955754
1,5025,113.883532
1,5026,395.023571
1,5027,266.255678
1,5028,167.969426
1,5029,267.019263
1,5030,269.062513
1,5031,179.434094
1,5032,379.220332
1,5033,279.570629
1,5034,504.942644
1,5035,359.111284
1,5036,563.266194
1,5037,444.107953
1,5038,332.296471
1,5039,61.902624
1,5040,302.769539
1,5041,289.630538
1,5042,338.707282
1,5043,417.870919
1,5044,59.088688
1,5045,340.988403
1,5046,341.103839
1,5047,328.396801
1,5048,394.563091
1,5049,453.256107
1,5050,231.161831
1,5051,277.631395
1,5052,313.883870
1,5053,139.693231
1,5054,339.112186
1,5055,230.827843
1,5056,199.597148
1,5057,291.597471
1,5058,49.350215
1,5059,168.655275
1,5060,265.027666
1,5061,221.429841
1,5062,240.092214
1,5063,61.651436
1,5064,3.125018
1,5065,58.218376
1,5066,132.333925
1,5067,234.884023
1,5068,290.864655
1,5069,63.191337
1,5070,160.924958
1,5071,115.174181
1,5072,268.160295
1,5073,116.738546
1,5074,207.333540
1,5075,2.914930
1,5076,185.363378
1,5077,74.748943
1,5078,244.848189
1,5079,64.776459
1,5080,156.036691
1,5081,8.986679
1,5082,270.693118
1,5083,183.096032
1,5084,218.334545
1,5085,264.191619
1,5086,67.775578
1,5087,153.114917
1,5088,73.011494
1,5089,262.430601
1,5090,368.258465
1,5091,3.314843
1,5092,226.850764
1,5093,140.159055
1,5094,63.276190
1,5095,116.062387
1,5096,60.702272
1,5097,70.873456
1,5098,7.846981
1,5099,241.900653
1,5100,59.786303
1,5101,112.165655
1,5102,228.605201
1,5103,267.410280
1,5104,65.039029
1,5105,190.763610
1,5106,71.079922
1,5107,224.550561
1,5108,62.868571
1,5109,170.882720
1,5110,64.655117
1,5111,64.742013
1,5112,240.234814
1,5113,108.144605
1,5114,254.269719
1,5115,170.672639
1,5116,63.418094
1,5117,212.292572
1,5118,259.081013
1,5119,277.464427
1,5120,349.510697
1,5121,114.696818
1,5122,70.073010
1,5123,115.791014
1,5124,269.682742
1,5125,334.386945
1,5126,229.640303
1,5127,59.684586
1,5128,209.031011
1,5129,56.177989
1,5130,218.749828
1,5131,221.979467
1,5132,145.665288
1,5133,281.642304
1,5134,59.089436
1,5135,246.429096
1,5136,1422.917979
1,5137,349.091537
1,5138,59.857557
1,5139,333.364605
1,5140,183.491073
1,5141,186.080432
1,5142,369.521993
1,5143,62.411499
1,5144,185.446203
1,5145,67.984348
1,5146,222.525649
1,5147,144.656728
1,5148,274.961280
1,5149,314.072741
1,5150,73.914493
1,5151,397.867431
1,5152,329.614926
1,5153,50.563633
1,5154,234.939820
1,5155,385.799358
1,5156,1.052459
1,5157,272.837856
1,5158,404.939569
1,5159,1.052459
1,5160,305.777634
1,5161,568.545931
1,5162,411.737419
1,5163,361.168140
1,5164,262.175971
1,5165,63.378761
1,5166,182.519455
1,5167,66.670653
1,5168,316.546617
1,5169,243.265135
1,5170,283.810118
1,5171,281.995373
1,5172,359.775312
1,5173,82.976839
1,5174,206.829092
1,5175,212.595414
1,5176,59.005907
1,5177,266.780305
1,5178,243.965864
1,5179,61.961624
1,5180,183.147155
1,5181,59.655110
1,5182,186.034159
1,5183,161.787918
1,5184,106.891673
1,5185,150.158638
1,5186,63.077769
1,5187,185.240245
1,5188,114.543019
1,5189,287.760946
1,5190,59.093153
1,5191,201.159490
1,5192,340.207738
1,5193,6.193118
1,5194,183.058595
1,5195,293.613359
1,5196,60.682608
1,5197,190.700404
1,5198,184.774583
1,5199,370.995502
1,5200,69.506927
1,5201,192.701015
1,5202,253.712479
1,5203,109.695248
1,5204,111.995369
1,5205,257.688594
1,5206,316.159768
1,5207,289.347290
1,5208,59.684396
1,5209,244.359090
1,5210,61.868280
1,5211,157.296212
1,5212,306.196056
1,5213,60.663862
1,5214,265.913289
1,5215,56.989429
1,5216,144.844020
1,5217,61.769021
1,5218,396.862923
1,5219,57.351107
1,5220,107.401059
1,5221,281.233236
1,5222,312.027527
1,5223,335.081276
1,5224,612.958845
1,5225,1.840000
1,5226,409.942527
1,5227,190.134411
1,5228,349.776310
1,5229,65.588735
1,5230,334.012073
1,5231,459.620339
1,5232,73.179916
1,5233,453.238934
1,5234,460.577792
1,5235,244.800813
1,5236,355.521667
1,5237,67.072362
1,5238,340.718628
1,5239,145.774964
1,5240,70.426584
1,5241,173.141554
1,5242,242.144281
1,5243,237.990053
1,5244,493.871239
1,5245,437.614812
1,5246,458.977560
1,5247,125.150974
1,5248,621.831568
1,5249,76.865117
1,5250,321.662316
1,5251,74.072023
1,5252,78.996396
1,5253,286.983719
1,5254,168.347760
1,5255,69.341209
1,5256,441.994233
1,5257,121.761458
1,5258,194.009796
1,5259,808.789156
1,5260,329.823637
1,5261,190.246260
1,5262,122.964862
1,5263,553.494095
1,5264,331.863723
1,5265,418.103230
1,5266,71.092363
1,5267,549.611724
1,5268,388.811140
1,5269,294.447493
1,5270,230.301301
1,5271,416.984650
1,5272,366.144433
1,5273,198.392298
1,5274,162.940019
1,5275,399.349756
1,5276,347.930636
1,5277,68.434594
1,5278,246.055771
1,5279,315.741929
1,5280,365.938551
1,5281,360.476143
1,5282,311.057455
1,5283,73.846340
1,5284,411.214184
1,5285,69.397894
1,5286,80.293884
1,5287,254.937928
1,5288,70.840460
1,5289,310.830067
1,5290,313.273170
1,5291,53.701622
1,5292,167.150350
1,5293,167.906004
1,5294,84.274872
1,5295,216.053804
1,5296,193.467816
1,5297,282.979801
1,5298,72.047697
1,5299,479.758279
1,5300,154.980806
1,5301,111.269013
1,5302,394.162261
1,5303,295.522479
1,5304,74.488644
1,5305,84.853780
1,5306,269.280124
1,5307,250.826789
1,5308,321.039457
1,5309,299.848591
1,5310,170.703560
1,5311,376.869661
1,5312,283.422450
1,5313,13.285765
1,5314,227.599861
1,5315,182.857196
1,5316,412.238407
1,5317,130.161935
1,5318,588.182460
1,5319,328.653625
1,5320,70.622432
1,5321,229.135300
1,5322,104.754720
1,5323,227.349530
1,5324,389.942671
1,5325,496.212370
1,5326,333.658815
1,5327,131.474779
1,5328,277.189712
1,5329,15.758351
1,5330,479.303448
1,5331,70.570298
1,5332,321.079525
1,5333,318.696340
1,5334,240.548141
1,5335,131.943113
1,5336,298.027872
1,5337,508.199464
1,5338,71.082091
1,5339,17.423170
1,5340,398.749201
1,5341,70.683896
1,5342,380.329792
1,5343,322.749050
1,5344,69.243870
1,5345,464.498421
1,5346,67.953875
1,5347,475.933429
1,5348,283.587454
1,5349,252.467425
1,5350,117.111597
1,5351,354.903032
1,5352,14.934358
1,5353,497.330158
1,5354,199.990699
1,5355,243.311054
1,5356,356.659077
1,5357,73.160110
1,5358,454.547379
1,5359,70.064126
1,5360,285.981772
1,5361,346.400048
1,5362,158.970648
1,5363,515.807596
1,5364,67.951047
1,5365,252.703853
1,5366,397.023412
1,5367,115.418634
1,5368,160.808445
1,5369,416.823646
1,5370,154.208452
1,5371,72.031283
1,5372,344.623346
1,5373,399.971001
1,5374,164.772251
1,5375,127.150029
1,5376,110.441705
1,5377,284.941164
1,5378,369.518482
1,5379,245.824490
1,5380,466.708731
1,5381,159.106484
1,5382,423.062426
1,5383,453.598564
1,5384,407.152133
1,5385,389.678269
1,5386,76.475217
1,5387,236.469181
1,5388,208.200854
1,5389,327.103730
1,5390,73.791673
1,5391,531.503101
1,5392,145.607567
1,5393,440.627812
1,5394,349.918458
1,5395,227.838424
1,5396,84.760949
1,5397,164.154869
1,5398,393.256147
1,5399,314.976268
1,5400,66.974038
1,5401,369.978642
1,5402,74.421750
1,5403,404.797533
1,5404,539.283237
1,5405,75.199533
1,5406,339.095678
1,5407,75.491063
1,5408,399.003091
1,5409,82.572047
1,5410,356.123371
1,5411,123.169460
1,5412,516.234195
1,5413,71.465125
1,5414,222.012572
1,5415,233.379578
1,5416,158.226888
1,5417,222.881502
1,5418,432.901203
1,5419,65.840410
1,5420,427.288530
1,5421,261.408516
1,5422,440.162025
1,5423,275.709510
1,5424,227.477254
1,5425,179.867466
1,5426,182.090865
1,5427,316.368700
1,5428,544.346692
1,5429,92.346768
1,5430,415.801970
1,5431,75.215014
1,5432,210.086696
1,5433,391.507124
1,5434,127.168795
1,5435,193.518431
1,5436,185.886956
1,5437,156.378637
1,5438,274.464710
1,5439,55.856081
1,5440,422.223769
1,5441,89.752906
1,5442,482.375161
1,5443,68.082381
1,5444,203.213699
1,5445,68.777485
1,5446,146.740986
1,5447,133.649297
1,5448,116.342723
1,5449,79.491660
1,5450,332.672295
1,5451,8.737241
1,5452,296.506429
1,5453,459.142094
1,5454,186.781207
1,5455,158.077183
1,5456,356.955232
1,5457,286.599820
1,5458,62.795682
1,5459,407.392217
1,5460,11.206804
1,5461,231.543188
1,5462,70.261770
1,5463,266.285562
1,5464,552.653035
1,5465,436.945313
1,5466,63.236778
1,5467,117.858434
1,5468,114.252395
1,5469,304.602945
1,5470,60.761661
1,5471,426.225123
1,5472,117.433900
1,5473,310.966322
1,5474,185.707935
1,5475,275.525183
1,5476,175.800860
1,5477,288.527742
1,5478,444.102174
1,5479,63.421926
1,5480,161.307467
1,5481,393.314254
1,5482,304.486009
1,5483,530.714779
1,5484,225.415566
1,5485,417.152324
1,5486,117.449360
1,5487,359.281365
1,5488,195.896123
1,5489,382.466340
1,5490,11.516138
1,5491,293.910407
1,5492,66.821380
1,5493,70.460590
1,5494,199.325267
1,5495,125.605569
1,5496,74.815505
1,5497,186.746142
1,5498,266.805289
1,5499,67.519224
1,5500,223.777192
1,5501,67.022690
1,5502,333.951446
1,5503,115.849428
1,5504,199.193130
1,5505,412.245686
1,5506,87.305372
1,5507,68.808534
1,5508,294.942381
1,5509,307.725312
1,5510,203.589405
1,5511,293.898421
1,5512,148.095453
1,5513,291.887347
1,5514,167.501197
1,5515,207.471319
1,5516,444.717839
1,5517,67.869403
1,5518,235.415633
1,5519,335.176674
1,5520,362.215267
1,5521,73.578005
1,5522,200.594499
1,5523,67.206751
1,5524,325.470459
1,5525,93.439114
1,5526,392.266970
1,5527,584.871597
1,5528,217.015168
1,5529,308.199050
1,5530,77.658316
1,5531,233.213532
1,5532,405.401206
1,5533,338.663807
1,5534,69.384739
1,5535,193.279139
1,5536,150.772882
1,5537,64.552057
1,5538,345.161450
1,5539,115.063338
1,5540,406.131023
1,5541,100.578679
1,5542,480.984811
1,5543,119.888656
1,5544,138.192951
1,5545,295.305656
1,5546,527.117706
1,5547,389.828166
1,5548,109.834727
1,5549,108.423355
1,5550,331.987443
1,5551,325.005077
1,5552,113.492185
1,5553,507.067135
1,5554,339.978040
1,5555,70.884118
1,5556,845.415081
1,5557,123.711361
1,5558,146.907970
1,5559,636.074427
1,5560,375.377046
1,5561,530.648309
1,5562,60.947777
1,5563,404.024024
1,5564,244.138752
1,5565,315.688208
1,5566,108.836584
1,5567,211.557936
1,5568,316.736508
1,5569,360.297416
1,5570,462.279475
1,5571,274.417417
1,5572,62.015964
1,5573,178.972263
1,5574,77.599432
1,5575,218.010663
1,5576,157.881841
1,5577,298.669214
1,5578,70.993370
1,5579,184.926099
1,5580,77.155924
1,5581,286.271638
1,5582,65.610229
1,5583,268.546651
1,5584,186.824587
1,5585,68.055467
1,5586,432.380492
1,5587,216.581185
1,5588,202.235073
1,5589,370.370191
1,5590,14.445651
1,5591,430.250343
1,5592,387.357299
1,5593,202.880617
1,5594,499.571823
1,5595,155.606974
1,5596,260.975370
1,5597,82.299948
1,5598,411.480021
1,5599,351.115812
1,5600,181.037210
1,5601,70.923568
1,5602,253.007759
1,5603,208.775416
1,5604,220.424428
1,5605,194.485652
1,5606,115.451126
1,5607,236.789563
1,5608,196.609570
1,5609,13.139444
1,5610,306.380506
1,5611,186.443048
1,5612,236.332590
1,5613,177.510654
1,5614,280.216503
1,5615,355.101526
1,5616,161.634473
1,5617,13.191825
1,5618,346.160072
1,5619,78.495635
1,5620,341.620379
1,5621,65.760139
1,5622,318.503907
1,5623,63.514706
1,5624,70.949219
1,5625,335.465174
1,5626,380.430097
1,5627,65.940427
1,5628,171.082742
1,5629,67.398978
1,5630,210.107251
1,5631,121.588592
1,5632,115.975036
1,5633,154.169453
1,5634,236.520197
1,5635,316.293949
1,5636,68.782642
1,5637,141.375909
1,5638,150.349602
1,5639,475.150066
1,5640,68.400131
1,5641,620.917433
1,5642,78.807335
1,5643,490.711072
1,5644,74.849890
1,5645,263.970768
1,5646,224.278038
1,5647,389.683230
1,5648,120.679819
1,5649,73.646911
1,5650,403.939413
1,5651,164.087045
1,5652,345.163016
1,5653,171.733299
1,5654,290.966393
1,5655,360.885226
1,5656,68.543669
1,5657,146.222286
1,5658,1.423487
1,5659,478.452758
1,5660,106.330970
1,5661,305.384639
1,5662,309.225884
1,5663,296.865162
1,5664,310.472696
1,5665,274.334531
1,5666,48.980057
1,5667,166.595270
1,5668,249.301148
1,5669,64.186387
1,5670,230.852121
1,5671,207.841797
1,5672,204.039831
1,5673,312.448420
1,5674,551.773365
1,5675,85.654658
1,5676,227.780623
1,5677,291.245500
1,5678,234.058816
1,5679,210.365979
1,5680,66.418221
1,5681,132.491498
1,5682,158.827473
1,5683,70.809783
1,5684,13.788227
1,5685,323.987007
1,5686,67.340291
1,5687,200.313271
1,5688,499.056013
1,5689,13.691299
1,5690,286.760937
1,5691,87.098343
1,5692,293.987616
1,5693,71.108995
1,5694,187.353319
1,5695,111.415636
1,5696,351.495941
1,5697,202.237615
1,5698,267.100025
1,5699,368.175142
1,5700,77.977718
1,5701,26.915693
1,5702,267.071595
1,5703,73.541341
1,5704,128.332159
1,5705,123.479848
1,5706,261.233638
1,5707,237.561746
1,5708,104.988717
1,5709,197.592897
1,5710,137.533385
1,5711,201.975273
1,5712,187.753637
1,5713,80.859381
1,5714,469.587418
1,5715,64.728755
1,5716,219.574929
1,5717,64.421335
1,5718,288.831681
1,5719,199.716580
1,5720,236.960762
1,5721,63.655930
1,5722,172.785897
1,5723,198.535020
1,5724,312.061847
1,5725,64.594136
1,5726,313.736312
1,5727,115.083986
1,5728,321.163197
1,5729,315.038698
1,5730,321.858892
1,5731,120.481790
1,5732,119.874179
1,5733,13.094865
1,5734,342.164985
1,5735,102.715873
1,5736,435.762215
1,5737,303.578964
1,5738,285.983080
1,5739,71.422162
1,5740,252.479200
1,5741,114.765900
1,5742,230.806558
1,5743,323.937238
1,5744,321.733627
1,5745,350.080473
1,5746,67.045200
1,5747,67.516826
1,5748,301.928779
1,5749,377.395647
1,5750,540.901377
1,5751,341.522351
1,5752,386.463458
1,5753,276.760023
1,5754,50.168975
1,5755,300.472650
1,5756,66.826283
1,5757,341.361349
1,5758,252.198127
1,5759,366.133474
1,5760,164.860924
1,5761,115.901392
1,5762,291.631861
1,5763,58.948085
1,5764,225.537675
1,5765,444.817655
1,5766,71.312081
1,5767,380.782851
1,5768,65.459923
1,5769,206.126595
1,5770,390.991506
1,5771,412.826583
1,5772,332.967171
1,5773,235.664380
1,5774,75.899378
1,5775,171.654218
1,5776,60.464539
1,5777,231.410079
1,5778,327.337509
1,5779,376.181367
1,5780,207.939846
1,5781,430.056511
1,5782,78.421510
1,5783,113.755806
1,5784,209.240552
1,5785,263.838304
1,5786,59.582010
1,5787,249.689567
1,5788,59.252917
1,5789,141.128841
1,5790,60.557722
1,5791,227.850030
1,5792,322.438061
1,5793,346.564034
1,5794,364.984780
1,5795,320.087750
1,5796,181.379163
1,5797,105.339045
1,5798,317.306148
1,5799,356.143839
1,5800,412.173891
1,5801,58.818330
1,5802,362.469806
1,5803,4.593939
1,5804,331.286287
1,5805,267.281177
1,5806,57.609789
1,5807,213.083792
1,5808,324.791415
1,5809,273.624160
1,5810,334.879929
1,5811,401.786531
1,5812,360.376866
1,5813,421.988127
1,5814,62.341493
1,5815,113.418222
1,5816,364.898473
1,5817,137.674663
1,5818,253.181304
1,5819,138.168803
1,5820,98.105279
1,5821,373.670006
1,5822,50.964968
1,5823,276.372469
1,5824,222.449441
1,5825,208.310768
1,5826,296.721715
1,5827,364.455471
1,5828,55.488408
1,5829,231.200250
1,5830,102.077663
1,5831,310.070770
1,5832,58.290855
1,5833,288.629652
1,5834,174.747122
1,5835,336.981783
1,5836,204.760203
1,5837,104.958315
1,5838,415.219430
1,5839,361.923315
1,5840,362.978203
1,5841,436.827361
1,5842,395.255727
1,5843,117.103717
1,5844,267.167729
1,5845,97.416710
1,5846,274.356182
1,5847,388.986477
1,5848,59.988316
1,5849,146.977283
1,5850,298.346183
1,5851,152.373518
1,5852,178.015239
1,5853,58.329565
1,5854,694.433770
1,5855,98.411710
1,5856,333.535518
1,5857,159.271474
1,5858,271.140017
1,5859,60.117551
1,5860,194.432448
1,5861,339.744176
1,5862,429.762518
1,5863,59.450177
1,5864,58.003552
1,5865,315.174537
1,5866,57.608045
1,5867,287.220452
1,5868,62.688129
1,5869,161.682229
1,5870,471.496090
1,5871,58.914242
1,5872,411.443355
1,5873,56.932410
1,5874,289.541139
1,5875,215.884866
1,5876,222.367593
1,5877,252.494868
1,5878,293.708000
1,5879,166.666231
1,5880,177.249902
1,5881,351.951861
1,5882,55.440175
1,5883,148.289295
1,5884,249.308698
1,5885,258.197282
1,5886,190.823400
1,5887,62.315000
1,5888,305.858569
1,5889,249.325829
1,5890,57.151697
1,5891,213.171085
1,5892,149.193437
1,5893,275.621526
1,5894,104.697696
1,5895,53.229059
1,5896,331.270162
1,5897,187.903756
1,5898,203.458004
1,5899,222.883268
1,5900,274.420027
1,5901,247.586614
1,5902,357.508139
1,5903,99.820306
1,5904,138.842402
1,5905,54.605587
1,5906,204.013073
1,5907,53.300296
1,5908,229.014256
1,5909,51.227028
1,5910,57.311781
1,5911,307.086747
1,5912,302.898898
1,5913,392.560122
1,5914,316.541190
1,5915,194.564591
1,5916,312.610175
1,5917,95.382553
1,5918,295.839327
1,5919,151.776969
1,5920,219.121703
1,5921,229.107947
1,5922,531.772514
1,5923,360.348890
1,5924,354.300899
1,5925,586.954063
1,5926,185.764674
1,5927,379.411346
1,5928,390.143476
1,5929,330.757122
1,5930,234.383589
1,5931,53.393819
1,5932,306.433592
1,5933,55.055864
1,5934,252.311341
1,5935,346.824124
1,5936,251.134145
1,5937,53.239366
1,5938,293.525080
1,5939,251.057586
1,5940,279.020576
1,5941,287.584204
1,5942,307.634816
1,5943,101.752563
1,5944,61.727835
1,5945,115.431684
1,5946,373.071371
1,5947,306.537436
1,5948,370.139289
1,5949,261.386583
1,5950,362.403802
1,5951,253.622911
1,5952,131.199524
1,5953,444.325112
1,5954,108.712959
1,5955,282.089659
1,5956,299.093914
1,5957,360.997618
1,5958,398.074906
1,5959,364.232270
1,5960,57.568232
1,5961,206.304228
1,5962,428.199339
1,5963,106.147934
1,5964,206.175351
1,5965,444.552004
1,5966,427.544241
1,5967,354.594337
1,5968,374.831979
1,5969,104.020940
1,5970,365.960523
1,5971,307.423435
1,5972,345.212004
1,5973,59.278261
1,5974,145.572649
1,5975,215.176499
1,5976,342.160907
1,5977,312.988299
1,5978,60.120357
1,5979,387.621956
1,5980,73.327904
1,5981,436.038509
1,5982,446.569082
1,5983,447.342008
1,5984,53.129067
1,5985,3.059174
1,5986,339.528139
1,5987,57.931350
1,5988,229.926688
1,5989,218.193422
1,5990,292.923227
1,5991,181.202306
1,5992,336.151843
1,5993,272.710465
1,5994,233.414767
1,5995,49.659467
1,5996,203.832239
1,5997,309.873636
1,5998,145.977823
1,5999,215.478900
1,6000,206.138219
1,6001,183.067197
1,6002,76.461620
1,6003,262.030373
1,6004,343.053636
1,6005,246.700511
1,6006,145.146278
1,6007,166.938600
1,6008,103.626559
1,6009,236.945051
1,6010,272.702058
1,6011,56.298908
1,6012,292.740898
1,6013,55.201692
1,6014,147.284865
1,6015,1.720845
1,6016,103.063937
1,6017,269.779672
1,6018,318.367029
1,6019,252.165701
1,6020,335.238855
1,6021,183.095401
1,6022,155.182020
1,6023,279.272058
1,6024,295.240656
1,6025,143.615722
1,6026,200.913784
1,6027,217.915377
1,6028,358.929721
1,6029,240.316090
1,6030,241.819295
1,6031,60.924207
1,6032,422.297500
1,6033,10.357051
1,6034,296.603158
1,6035,56.125946
1,6036,205.234674
1,6037,138.125345
1,6038,316.354868
1,6039,55.200541
1,6040,178.036557
1,6041,799.687664
1,6042,617.098722
1,6043,387.217724
1,6044,376.650485
1,6045,4.472330
1,6046,425.325962
1,6047,405.409864
1,6048,444.507596
1,6049,357.580046
1,6050,282.065986
1,6051,53.324990
1,6052,105.609326
1,6053,474.391560
1,6054,234.424075
1,6055,374.340772
1,6056,434.350503
1,6057,451.252996
1,6058,396.212059
1,6059,357.512810
1,6060,70.887300
1,6061,392.228347
1,6062,192.670345
1,6063,872.937379
1,6064,456.997442
1,6065,287.307896
1,6066,374.391669
1,6067,63.273515
1,6068,338.957474
1,6069,351.144465
1,6070,435.818772
1,6071,540.454135
1,6072,267.027378
1,6073,196.410886
1,6074,419.197401
1,6075,9.672144
1,6076,221.941513
1,6077,375.042196
1,6078,368.164366
1,6079,375.296544
1,6080,302.932919
1,6081,361.974469
1,6082,360.271440
1,6083,77.458268
1,6084,124.971103
1,6085,485.464906
1,6086,117.253961
1,6087,331.603578
1,6088,437.206840
1,6089,92.230065
1,6090,410.303084
1,6091,65.461182
1,6092,194.291403
1,6093,177.645508
1,6094,280.957183
1,6095,292.202603
1,6096,150.057605
1,6097,336.635995
1,6098,87.601376
1,6099,293.524836
1,6100,337.874148
1,6101,57.989058
1,6102,77.201499
1,6103,438.219512
1,6104,293.720375
1,6105,58.928780
1,6106,457.411717
1,6107,318.231095
1,6108,390.626802
1,6109,58.652746
1,6110,203.607930
1,6111,97.355059
1,6112,409.331114
1,6113,214.685523
1,6114,395.438112
1,6115,283.197402
1,6116,295.083114
1,6117,288.431624
1,6118,460.085365
1,6119,311.417894
1,6120,605.578876
1,6121,385.220821
1,6122,577.151732
1,6123,61.198025
1,6124,226.934025
1,6125,109.181151
1,6126,438.215737
1,6127,517.858581
1,6128,105.688205
1,6129,246.187548
1,6130,65.856429
1,6131,187.180844
1,6132,164.404778
1,6133,224.015144
1,6134,64.899899
1,6135,353.173185
1,6136,107.605484
1,6137,323.398010
1,6138,101.312936
1,6139,72.559303
1,6140,404.252702
1,6141,287.062388
1,6142,367.576069
1,6143,275.257262
1,6144,101.058190
1,6145,155.142821
1,6146,282.057043
1,6147,451.625005
1,6148,58.205758
1,6149,346.696381
1,6150,62.280997
1,6151,64.001613
1,6152,432.605283
1,6153,110.521354
1,6154,334.033083
1,6155,377.748460
1,6156,113.020742
1,6157,286.843935
1,6158,330.001718
1,6159,8.308192
1,6160,268.468497
1,6161,63.738671
1,6162,391.849629
1,6163,555.425286
1,6164,380.321892
1,6165,459.968924
1,6166,284.805673
1,6167,322.199872
1,6168,329.009399
1,6169,317.958112
1,6170,447.982484
1,6171,368.566870
1,6172,269.934090
1,6173,74.894484
1,6174,199.673368
1,6175,210.070599
1,6176,361.634646
1,6177,69.243554
1,6178,181.708289
1,6179,420.318818
1,6180,112.576701
1,6181,462.923777
1,6182,184.423952
1,6183,336.440309
1,6184,323.227518
1,6185,205.483694
1,6186,62.441315
1,6187,225.676752
1,6188,98.220473
1,6189,301.288495
1,6190,181.440319
1,6191,253.693395
1,6192,257.356960
1,6193,53.362572
1,6194,211.012746
1,6195,360.525376
1,6196,268.358954
1,6197,239.619460
1,6198,104.816046
1,6199,174.029961
1,6200,278.654425
1,6201,334.340808
1,6202,441.105837
1,6203,5.752604
1,6204,254.147156
1,6205,398.415522
1,6206,60.400003
1,6207,284.126069
1,6208,57.806275
1,6209,68.910826
1,6210,282.264746
1,6211,21.390434
1,6212,133.816738
1,6213,111.791027
1,6214,227.253506
1,6215,200.985051
1,6216,33.777336
1,6217,148.020826
1,6218,200.059955
1,6219,73.699428
1,6220,351.508964
1,6221,74.121377
1,6222,130.539754
1,6223,410.156954
1,6224,63.245372
1,6225,424.911011
1,6226,446.091675
1,6227,212.314660
1,6228,485.840144
1,6229,68.469167
1,6230,316.338113
1,6231,368.959677
1,6232,510.397572
1,6233,285.757004
1,6234,209.778717
1,6235,290.892364
1,6236,222.855762
1,6237,333.981772
1,6238,67.618950
1,6239,576.808318
1,6240,63.083445
1,6241,62.450808
1,6242,511.027760
1,6243,471.469788
1,6244,220.857260
1,6245,314.212652
1,6246,279.179274
1,6247,685.239959
1,6248,89.996549
1,6249,277.011974
1,6250,111.671428
1,6251,337.264786
1,6252,317.065922
1,6253,202.455713
1,6254,324.023257
1,6255,341.816296
1,6256,209.901745
1,6257,367.747737
1,6258,285.650690
1,6259,516.850263
1,6260,354.059484
1,6261,432.727427
1,6262,457.640737
1,6263,344.090153
1,6264,61.902624
1,6265,349.295298
1,6266,341.864605
1,6267,374.030701
1,6268,408.364720
1,6269,59.088688
1,6270,375.695105
1,6271,349.337634
1,6272,359.808724
1,6273,399.116844
1,6274,525.636983
1,6275,289.229758
1,6276,319.620906
1,6277,365.770734
1,6278,90.275545
1,6279,388.384672
1,6280,261.245571
1,6281,220.255679
1,6282,242.369019
1,6283,49.350215
1,6284,162.526032
1,6285,315.749349
1,6286,276.782717
1,6287,238.453619
1,6288,60.264932
1,6289,3.125018
1,6290,58.218376
1,6291,128.823550
1,6292,284.005089
1,6293,251.792527
1,6294,62.069530
1,6295,198.795080
1,6296,63.658575
1,6297,266.937651
1,6298,116.738546
1,6299,207.333540
1,6300,2.914930
1,6301,185.363378
1,6302,72.120888
1,6303,244.060402
1,6304,102.369610
1,6305,192.155601
1,6306,8.986679
1,6307,305.714852
1,6308,205.781757
1,6309,216.614019
1,6310,209.916023
1,6311,105.614436
1,6312,151.892273
1,6313,106.446205
1,6314,293.559004
1,6315,398.467311
1,6316,3.314843
1,6317,223.308877
1,6318,180.157538
1,6319,63.276190
1,6320,167.906536
1,6321,60.702272
1,6322,117.803468
1,6323,7.846981
1,6324,290.796320
1,6325,59.786303
1,6326,112.165655
1,6327,274.778444
1,6328,306.552475
1,6329,105.334956
1,6330,188.816203
1,6331,110.393021
1,6332,259.768326
1,6333,62.868571
1,6334,216.646644
1,6335,63.457681
1,6336,101.598044
1,6337,277.090845
1,6338,108.144605
1,6339,296.877350
1,6340,225.899387
1,6341,62.674423
1,6342,255.460612
1,6343,301.946789
1,6344,328.916928
1,6345,400.529164
1,6346,114.696818
1,6347,166.881517
1,6348,115.791014
1,6349,319.478565
1,6350,414.857901
1,6351,275.681445
1,6352,59.684586
1,6353,263.086028
1,6354,56.177989
1,6355,294.673251
1,6356,280.457373
1,6357,144.278784
1,6358,391.473275
1,6359,59.089436
1,6360,292.469744
1,6361,1309.895210
1,6362,300.693751
1,6363,58.691634
1,6364,332.406657
1,6365,182.205406
1,6366,140.392383
1,6367,289.441449
1,6368,62.411499
1,6369,185.446203
1,6370,146.364840
1,6371,191.082296
1,6372,97.820590
1,6373,365.588064
1,6374,403.464606
1,6375,112.275946
1,6376,465.246598
1,6377,300.943015
1,6378,86.682543
1,6379,159.880470
1,6380,368.334850
1,6381,1.052459
1,6382,206.654393
1,6383,345.118039
1,6384,1.052459
1,6385,246.498348
1,6386,479.603049
1,6387,359.437608
1,6388,266.647611
1,6389,302.193938
1,6390,61.847304
1,6391,228.062221
1,6392,64.899710
1,6393,372.950574
1,6394,239.193856
1,6395,277.810338
1,6396,310.836127
1,6397,392.747730
1,6398,78.439190
1,6399,206.829092
1,6400,275.401344
1,6401,59.005907
1,6402,309.160807
1,6403,284.753205
1,6404,61.961624
1,6405,183.147155
1,6406,59.655110
1,6407,227.067206
1,6408,202.707277
1,6409,105.687935
1,6410,199.054305
1,6411,107.796419
1,6412,213.042523
1,6413,113.225840
1,6414,316.191722
1,6415,59.093153
1,6416,296.272103
1,6417,401.708846
1,6418,6.193118
1,6419,231.217142
1,6420,349.143111
1,6421,96.064397
1,6422,251.390002
1,6423,231.458887
1,6424,447.554961
1,6425,67.509101
1,6426,234.552701
1,6427,288.350186
1,6428,109.695248
1,6429,110.917678
1,6430,186.126191
1,6431,375.380684
1,6432,327.431855
1,6433,59.684396
1,6434,279.003759
1,6435,61.238052
1,6436,206.399525
1,6437,356.861760
1,6438,60.663862
1,6439,308.174870
1,6440,56.989429
1,6441,181.208637
1,6442,61.769021
1,6443,400.183324
1,6444,57.351107
1,6445,107.401059
1,6446,364.521234
1,6447,350.949307
1,6448,374.393469
1,6449,225.462420
1,6450,67.208459
1,6451,287.505194
1,6452,198.076853
1,6453,342.234118
1,6454,260.199648
1,6455,317.036182
1,6456,399.522101
1,6457,542.551560
1,6458,66.332951
1,6459,302.042465
1,6460,67.349816
1,6461,397.147370
1,6462,70.865958
1,6463,332.699908
1,6464,277.381840
1,6465,457.898311
1,6466,68.979314
1,6467,255.954332
1,6468,469.338234
1,6469,86.190580
1,6470,566.348137
1,6471,525.952617
1,6472,672.343157
1,6473,14.441105
1,6474,499.815151
1,6475,459.080664
1,6476,555.379993
1,6477,73.173307
1,6478,463.285858
1,6479,409.048483
1,6480,224.001854
1,6481,72.199766
1,6482,356.757998
1,6483,428.086868
1,6484,344.099694
1,6485,74.329991
1,6486,452.372854
1,6487,71.529212
1,6488,293.867926
1,6489,515.472362
1,6490,306.505064
1,6491,575.721880
1,6492,88.786794
1,6493,440.928784
1,6494,567.822564
1,6495,119.858169
1,6496,366.394708
1,6497,623.040680
1,6498,394.322805
1,6499,493.567868
1,6500,431.210537
1,6501,79.284470
1,6502,312.762787
1,6503,267.239675
1,6504,313.788727
1,6505,252.916602
1,6506,392.091852
1,6507,23.982515
1,6508,412.521947
1,6509,310.200016
1,6510,119.451515
1,6511,295.416825
1,6512,362.857653
1,6513,134.214068
1,6514,417.543713
1,6515,423.829890
1,6516,314.091689
1,6517,104.591785
1,6518,223.584942
1,6519,149.005376
1,6520,259.358935
1,6521,62.695134
1,6522,415.660503
1,6523,123.266567
1,6524,77.725093
1,6525,72.047873
1,6526,488.554252
1,6527,70.268409
1,6528,17.094217
1,6529,165.683434
1,6530,307.801595
1,6531,631.736091
1,6532,430.331953
1,6533,69.484625
1,6534,456.230191
1,6535,76.502022
1,6536,227.972009
1,6537,204.294551
1,6538,392.649003
1,6539,85.902467
1,6540,511.446246
1,6541,70.660254
1,6542,417.733663
1,6543,245.597230
1,6544,453.275392
1,6545,84.953853
1,6546,251.118545
1,6547,159.596820
1,6548,519.989158
1,6549,92.793836
1,6550,505.928781
1,6551,235.152304
1,6552,322.611104
1,6553,448.567935
1,6554,465.182501
1,6555,74.336863
1,6556,244.281645
1,6557,461.936808
1,6558,14.113451
1,6559,402.006235
1,6560,372.534491
1,6561,392.914874
1,6562,385.365486
1,6563,79.824122
1,6564,420.198102
1,6565,362.954514
1,6566,278.270269
1,6567,602.721992
1,6568,111.659884
1,6569,173.539505
1,6570,487.917415
1,6571,69.233780
1,6572,268.064785
1,6573,523.264987
1,6574,722.163490
1,6575,409.396336
1,6576,503.267600
1,6577,468.888565
1,6578,103.469313
1,6579,214.876484
1,6580,305.424118
1,6581,99.654639
1,6582,475.494174
1,6583,61.616456
1,6584,534.996775
1,6585,262.600354
1,6586,489.647728
1,6587,65.491160
1,6588,246.714804
1,6589,378.765323
1,6590,846.437937
1,6591,329.799494
1,6592,386.796910
1,6593,115.125589
1,6594,468.781886
1,6595,73.903721
1,6596,388.538615
1,6597,509.761492
1,6598,182.298653
1,6599,78.233803
1,6600,330.569983
1,6601,259.456360
1,6602,324.685279
1,6603,70.380666
1,6604,348.552100
1,6605,589.201798
1,6606,116.825382
1,6607,204.367404
1,6608,251.655784
1,6609,14.787484
1,6610,541.500919
1,6611,563.064956
1,6612,68.381079
1,6613,549.885150
1,6614,433.502552
1,6615,509.801105
1,6616,125.265008
1,6617,178.725361
1,6618,503.457627
1,6619,449.899467
1,6620,527.905687
1,6621,84.200844
1,6622,471.025506
1,6623,586.336162
1,6624,74.547860
1,6625,515.762599
1,6626,341.700719
1,6627,73.459624
1,6628,436.237103
1,6629,339.362062
1,6630,341.060057
1,6631,147.967467
1,6632,234.486023
1,6633,308.961601
1,6634,68.889262
1,6635,518.418112
1,6636,301.863615
1,6637,374.640384
1,6638,551.310507
1,6639,51.982137
1,6640,468.454948
1,6641,90.216587
1,6642,11.630289
1,6643,470.232257
1,6644,501.193244
1,6645,70.804102
1,6646,352.047060
1,6647,220.812933
1,6648,346.324102
1,6649,76.466491
1,6650,16.210465
1,6651,377.521875
1,6652,506.289718
1,6653,441.434895
1,6654,85.178264
1,6655,383.358329
1,6656,82.238016
1,6657,391.585039
1,6658,499.706837
1,6659,399.183351
1,6660,155.239914
1,6661,391.710003
1,6662,176.078275
1,6663,67.494997
1,6664,293.309868
1,6665,69.954167
1,6666,377.350035
1,6667,474.533465
1,6668,534.469086
1,6669,113.046468
1,6670,535.917888
1,6671,371.792772
1,6672,537.880849
1,6673,456.322639
1,6674,163.578893
1,6675,265.049967
1,6676,217.404401
1,6677,519.184442
1,6678,65.212265
1,6679,345.110637
1,6680,424.612141
1,6681,276.466765
1,6682,354.071087
1,6683,335.377405
1,6684,64.590357
1,6685,391.011227
1,6686,402.815652
1,6687,75.591378
1,6688,408.782674
1,6689,542.007345
1,6690,199.142578
1,6691,419.267303
1,6692,253.958236
1,6693,223.123362
1,6694,383.244387
1,6695,155.143844
1,6696,343.500070
1,6697,124.577848
1,6698,380.064819
1,6699,13.211774
1,6700,409.928365
1,6701,283.570391
1,6702,71.020583
1,6703,301.548281
1,6704,72.531980
1,6705,349.248437
1,6706,130.484904
1,6707,219.211631
1,6708,259.687591
1,6709,221.258372
1,6710,79.706939
1,6711,390.503043
1,6712,351.890730
1,6713,343.831288
1,6714,490.222279
1,6715,464.110497
1,6716,131.494122
1,6717,444.917307
1,6718,296.186878
1,6719,242.672402
1,6720,256.368271
1,6721,77.179381
1,6722,436.275216
1,6723,399.815446
1,6724,546.146940
1,6725,25.439954
1,6726,458.208890
1,6727,464.202804
1,6728,74.142789
1,6729,178.204583
1,6730,532.944004
1,6731,74.472590
1,6732,499.528658
1,6733,69.610390
1,6734,393.703233
1,6735,76.314769
1,6736,459.963714
1,6737,383.240478
1,6738,186.560463
1,6739,124.225024
1,6740,206.708366
1,6741,289.100173
1,6742,374.306141
1,6743,491.832072
1,6744,215.415303
1,6745,428.402865
1,6746,68.962087
1,6747,475.342776
1,6748,475.853139
1,6749,73.720809
1,6750,315.923783
1,6751,354.317678
1,6752,579.541674
1,6753,77.340696
1,6754,786.459977
1,6755,594.303215
1,6756,66.111911
1,6757,111.651347
1,6758,444.294402
1,6759,66.272849
1,6760,155.510430
1,6761,454.194729
1,6762,192.814558
1,6763,526.963741
1,6764,374.025553
1,6765,223.530067
1,6766,373.535736
1,6767,495.248784
1,6768,58.027049
1,6769,44.953548
1,6770,410.738855
1,6771,546.390390
1,6772,117.766191
1,6773,343.978468
1,6774,63.458063
1,6775,456.891271
1,6776,402.195220
1,6777,63.610979
1,6778,164.020224
1,6779,113.183049
1,6780,336.235002
1,6781,407.241032
1,6782,65.530669
1,6783,457.917074
1,6784,279.224682
1,6785,399.331029
1,6786,67.837551
1,6787,355.160972
1,6788,476.514431
1,6789,556.439300
1,6790,243.314104
1,6791,86.152602
1,6792,456.633788
1,6793,317.344749
1,6794,51.517125
1,6795,287.291672
1,6796,249.344249
1,6797,478.239810
1,6798,57.614922
1,6799,246.209707
1,6800,458.570609
1,6801,400.345379
1,6802,126.504896
1,6803,384.901552
1,6804,60.748968
1,6805,230.482913
1,6806,363.129991
1,6807,115.987267
1,6808,279.597142
1,6809,72.472985
1,6810,517.610333
1,6811,197.427271
1,6812,270.637702
1,6813,242.392863
1,6814,153.177293
1,6815,513.907554
1,6816,19.738769
1,6817,261.898612
1,6818,126.448435
1,6819,316.769613
1,6820,11.053078
1,6821,354.012842
1,6822,67.190297
1,6823,418.072971
1,6824,139.600425
1,6825,65.567615
1,6826,211.550537
1,6827,277.893998
1,6828,145.680277
1,6829,121.876127
1,6830,536.444808
1,6831,67.122975
1,6832,441.848237
1,6833,355.894705
1,6834,69.452925
1,6835,305.806861
1,6836,69.059325
1,6837,137.049524
1,6838,479.841058
1,6839,66.551729
1,6840,11.220672
1,6841,399.249191
1,6842,66.971947
1,6843,259.139426
1,6844,116.528780
1,6845,66.485209
1,6846,390.124287
1,6847,403.489333
1,6848,371.409277
1,6849,333.008650
1,6850,283.738911
1,6851,476.616794
1,6852,68.552122
1,6853,595.056077
1,6854,359.739356
1,6855,94.996311
1,6856,427.382250
1,6857,372.567647
1,6858,551.789996
1,6859,120.033995
1,6860,242.856401
1,6861,107.360946
1,6862,444.670389
1,6863,324.157770
1,6864,176.299507
1,6865,290.154711
1,6866,14.525610
1,6867,286.881247
1,6868,62.707508
1,6869,115.576223
1,6870,260.137917
1,6871,163.669495
1,6872,211.036795
1,6873,2.858361
1,6874,173.703208
1,6875,55.381659
1,6876,230.881885
1,6877,2.858361
1,6878,196.432591
1,6879,65.641703
1,6880,255.458740
1,6881,83.287859
1,6882,66.272765
1,6883,237.422358
1,6884,281.336614
1,6885,318.303967
1,6886,208.378807
1,6887,310.701752
1,6888,62.459587
1,6889,453.275082
1,6890,355.880715
1,6891,124.274460
1,6892,118.637017
1,6893,272.632090
1,6894,13.128121
1,6895,447.250612
1,6896,83.030073
1,6897,514.885522
1,6898,485.825958
1,6899,63.877464
1,6900,296.506843
1,6901,393.666700
1,6902,142.524985
1,6903,286.730403
1,6904,67.155124
1,6905,138.680254
1,6906,442.383642
1,6907,108.785894
1,6908,18.782124
1,6909,387.623886
1,6910,123.070541
1,6911,318.998916
1,6912,125.025684
1,6913,71.259161
1,6914,355.016818
1,6915,352.546833
1,6916,92.744215
1,6917,473.951437
1,6918,421.310772
1,6919,70.507745
1,6920,402.838704
1,6921,354.027490
1,6922,302.032095
1,6923,302.648400
1,6924,313.467017
1,6925,275.090119
1,6926,536.709774
1,6927,66.249089
1,6928,410.301940
1,6929,106.087706
1,6930,10.257106
1,6931,314.117066
1,6932,65.359208
1,6933,160.093581
1,6934,264.460361
1,6935,226.942019
1,6936,353.415660
1,6937,181.657201
1,6938,195.831098
1,6939,249.217077
1,6940,207.643939
1,6941,161.661883
1,6942,522.096488
1,6943,90.546672
1,6944,97.401278
1,6945,464.429645
1,6946,620.679449
1,6947,320.405069
1,6948,51.458890
1,6949,330.884160
1,6950,60.864235
1,6951,491.984483
1,6952,264.408919
1,6953,465.178906
1,6954,198.948253
1,6955,363.910168
1,6956,59.466859
1,6957,184.802883
1,6958,311.880920
1,6959,8.129288
1,6960,331.056889
1,6961,81.480972
1,6962,162.658226
1,6963,370.431335
1,6964,347.521800
1,6965,158.909947
1,6966,64.667007
1,6967,346.366502
1,6968,286.517941
1,6969,9.042546
1,6970,308.190892
1,6971,392.289835
1,6972,75.999162
1,6973,343.669597
1,6974,70.313314
1,6975,514.973627
1,6976,115.049179
1,6977,460.057164
1,6978,173.491044
1,6979,284.143567
1,6980,304.088537
1,6981,214.078932
1,6982,293.412916
1,6983,71.835484
1,6984,419.821627
1,6985,71.675953
1,6986,159.935206
1,6987,114.667048
1,6988,110.520485
1,6989,390.071166
1,6990,83.093460
1,6991,319.212457
1,6992,599.748112
1,6993,7.326884
1,6994,483.233209
1,6995,63.482873
1,6996,73.779512
1,6997,373.356350
1,6998,119.293618
1,6999,14.360523
1,7000,284.164993
1,7001,377.662764
1,7002,67.625431
1,7003,297.273908
1,7004,472.361756
1,7005,541.229051
1,7006,293.111301
1,7007,51.458890
1,7008,301.826835
1,7009,80.682185
1,7010,82.003350
1,7011,304.853068
1,7012,335.039048
1,7013,118.087617
1,7014,418.779857
1,7015,149.217533
1,7016,122.627377
1,7017,209.915736
1,7018,358.230295
1,7019,88.679158
1,7020,275.672660
1,7021,456.961760
1,7022,60.591196
1,7023,249.433494
1,7024,265.524937
1,7025,436.657388
1,7026,111.543064
1,7027,290.425952
1,7028,438.683352
1,7029,66.001332
1,7030,146.740248
1,7031,339.230925
1,7032,511.487852
1,7033,77.818374
1,7034,89.708866
1,7035,213.127653
1,7036,236.288942
1,7037,68.098215
1,7038,123.202124
1,7039,483.498880
1,7040,118.565283
1,7041,18.539746
1,7042,330.436324
1,7043,630.888928
1,7044,452.934634
1,7045,447.501798
1,7046,120.884970
1,7047,233.334226
1,7048,436.165752
1,7049,156.003057
1,7050,447.700578
1,7051,112.388911
1,7052,162.452907
1,7053,472.971421
1,7054,316.497582
1,7055,353.661342
1,7056,67.164092
1,7057,407.754993
1,7058,374.424872
1,7059,252.574403
1,7060,291.179130
1,7061,370.439175
1,7062,82.579979
1,7063,433.724960
1,7064,74.665717
1,7065,415.392780
1,7066,286.255928
1,7067,409.457828
1,7068,600.476295
1,7069,80.465379
1,7070,357.248210
1,7071,317.687637
1,7072,637.168540
1,7073,340.087239
1,7074,229.587371
1,7075,393.544135
1,7076,120.702902
1,7077,402.428443
1,7078,78.095809
1,7079,459.849726
1,7080,392.520038
1,7081,63.764988
1,7082,369.835143
1,7083,73.983063
1,7084,373.291196
1,7085,75.381533
1,7086,575.928737
1,7087,372.528154
1,7088,5.434282
1,7089,295.898784
1,7090,367.148969
1,7091,940.755266
1,7092,103.596979
1,7093,427.880569
1,7094,104.002377
1,7095,267.046680
1,7096,116.555802
1,7097,277.254511
1,7098,526.927131
1,7099,106.378762
1,7100,428.141236
1,7101,300.969750
1,7102,482.834746
1,7103,58.490273
1,7104,466.845954
1,7105,366.285823
1,7106,101.388337
1,7107,146.208478
1,7108,531.000695
1,7109,608.580035
1,7110,1.840000
1,7111,333.891291
1,7112,230.707886
1,7113,356.860248
1,7114,65.588735
1,7115,293.988583
1,7116,475.063826
1,7117,73.179916
1,7118,709.907749
1,7119,509.494179
1,7120,230.688959
1,7121,328.353447
1,7122,67.072362
1,7123,264.686582
1,7124,140.329786
1,7125,112.764123
1,7126,168.855996
1,7127,172.516681
1,7128,285.819397
1,7129,416.123157
1,7130,468.786507
1,7131,424.806141
1,7132,83.419774
1,7133,473.250628
1,7134,76.865117
1,7135,236.862099
1,7136,118.929653
1,7137,78.996396
1,7138,256.896183
1,7139,168.347760
1,7140,69.341209
1,7141,377.606840
1,7142,121.032123
1,7143,180.749778
1,7144,982.443566
1,7145,358.847936
1,7146,231.019430
1,7147,77.831662
1,7148,637.941796
1,7149,313.545155
1,7150,358.935453
1,7151,71.092363
1,7152,554.984654
1,7153,293.225690
1,7154,220.660299
1,7155,159.310757
1,7156,306.150708
1,7157,380.810311
1,7158,242.593336
1,7159,213.593861
1,7160,398.722413
1,7161,332.202594
1,7162,111.528161
1,7163,249.382391
1,7164,258.890262
1,7165,311.456297
1,7166,336.031997
1,7167,307.581971
1,7168,73.846340
1,7169,446.896917
1,7170,69.397894
1,7171,122.883432
1,7172,270.765653
1,7173,105.869734
1,7174,300.497197
1,7175,546.681844
1,7176,53.701622
1,7177,205.455742
1,7178,198.651122
1,7179,61.594872
1,7180,285.104314
1,7181,190.067712
1,7182,283.838562
1,7183,111.865145
1,7184,585.048267
1,7185,303.918220
1,7186,72.282726
1,7187,359.912494
1,7188,316.338650
1,7189,115.566137
1,7190,19.962699
1,7191,319.429948
1,7192,243.797225
1,7193,348.884614
1,7194,284.578105
1,7195,211.225215
1,7196,381.758012
1,7197,292.469323
1,7198,13.285765
1,7199,244.887326
1,7200,221.666607
1,7201,424.661494
1,7202,178.547694
1,7203,456.963129
1,7204,265.526279
1,7205,70.622432
1,7206,202.450919
1,7207,69.775782
1,7208,183.449518
1,7209,349.747499
1,7210,475.698215
1,7211,322.794739
1,7212,117.414746
1,7213,247.376756
1,7214,15.758351
1,7215,513.701915
1,7216,70.570298
1,7217,274.763473
1,7218,283.569610
1,7219,333.539521
1,7220,236.526915
1,7221,296.718645
1,7222,395.729400
1,7223,71.082091
1,7224,70.597103
1,7225,350.515439
1,7226,70.683896
1,7227,192.792637
1,7228,314.054527
1,7229,110.573372
1,7230,406.007911
1,7231,67.953875
1,7232,408.549774
1,7233,214.186654
1,7234,208.921825
1,7235,117.111597
1,7236,269.599457
1,7237,14.934358
1,7238,364.244771
1,7239,121.744699
1,7240,196.437185
1,7241,258.278130
1,7242,73.160110
1,7243,428.031547
1,7244,109.527903
1,7245,209.191143
1,7246,302.198350
1,7247,117.693048
1,7248,557.159752
1,7249,67.951047
1,7250,291.310602
1,7251,332.563195
1,7252,150.951925
1,7253,205.666075
1,7254,375.472315
1,7255,154.208452
1,7256,122.433115
1,7257,295.989041
1,7258,231.458601
1,7259,78.134651
1,7260,121.654432
1,7261,63.947705
1,7262,212.437906
1,7263,297.568011
1,7264,184.205819
1,7265,381.594793
1,7266,211.776398
1,7267,419.604567
1,7268,447.952700
1,7269,386.964708
1,7270,343.612330
1,7271,72.441752
1,7272,166.738436
1,7273,236.423406
1,7274,328.792167
1,7275,73.791673
1,7276,317.781791
1,7277,185.322282
1,7278,357.393696
1,7279,325.020300
1,7280,157.126088
1,7281,79.920790
1,7282,130.413407
1,7283,428.029124
1,7284,373.793261
1,7285,66.974038
1,7286,364.862171
1,7287,74.421750
1,7288,424.931902
1,7289,385.233145
1,7290,75.199533
1,7291,424.526783
1,7292,75.491063
1,7293,363.723540
1,7294,117.094582
1,7295,193.504969
1,7296,20.655860
1,7297,542.517868
1,7298,71.465125
1,7299,227.404694
1,7300,241.949539
1,7301,207.669453
1,7302,139.845596
1,7303,400.644030
1,7304,65.840410
1,7305,402.720398
1,7306,201.306516
1,7307,373.029225
1,7308,275.989201
1,7309,190.984119
1,7310,170.792168
1,7311,122.669265
1,7312,388.693267
1,7313,481.193147
1,7314,92.346768
1,7315,431.526469
1,7316,75.215014
1,7317,161.931200
1,7318,382.181960
1,7319,174.798527
1,7320,126.385631
1,7321,143.397833
1,7322,153.555211
1,7323,303.849110
1,7324,27.630560
1,7325,413.077955
1,7326,125.790215
1,7327,440.063903
1,7328,68.082381
1,7329,239.701229
1,7330,68.777485
1,7331,71.365863
1,7332,185.311174
1,7333,71.889923
1,7334,125.406426
1,7335,319.543022
1,7336,8.737241
1,7337,281.236356
1,7338,408.869440
1,7339,199.458200
1,7340,73.934383
1,7341,265.228926
1,7342,292.646473
1,7343,62.795682
1,7344,301.602085
1,7345,59.340553
1,7346,225.291316
1,7347,170.309407
1,7348,182.596362
1,7349,465.258995
1,7350,394.685133
1,7351,63.236778
1,7352,117.858434
1,7353,114.252395
1,7354,409.186746
1,7355,60.761661
1,7356,459.236674
1,7357,63.682300
1,7358,317.491703
1,7359,124.851308
1,7360,463.876697
1,7361,175.800860
1,7362,374.714875
1,7363,301.671032
1,7364,119.871978
1,7365,212.213317
1,7366,313.199148
1,7367,310.635231
1,7368,476.987152
1,7369,204.753452
1,7370,296.093356
1,7371,67.553360
1,7372,343.730775
1,7373,146.778886
1,7374,316.116342
1,7375,11.516138
1,7376,283.879305
1,7377,104.370744
1,7378,70.460590
1,7379,251.491163
1,7380,72.987969
1,7381,133.281630
1,7382,144.283959
1,7383,275.449145
1,7384,67.519224
1,7385,164.982275
1,7386,67.022690
1,7387,354.388573
1,7388,115.849428
1,7389,170.944461
1,7390,463.554306
1,7391,130.902957
1,7392,68.808534
1,7393,355.321517
1,7394,381.711788
1,7395,193.181567
1,7396,275.500846
1,7397,76.426653
1,7398,293.928300
1,7399,95.151997
1,7400,161.657719
1,7401,428.010431
1,7402,67.869403
1,7403,198.543453
1,7404,362.036448
1,7405,369.802647
1,7406,73.578005
1,7407,243.688066
1,7408,67.206751
1,7409,230.363570
1,7410,135.725245
1,7411,386.191975
1,7412,722.772097
1,7413,235.944609
1,7414,350.884983
1,7415,77.658316
1,7416,268.492095
1,7417,400.136448
1,7418,501.461724
1,7419,69.384739
1,7420,230.324485
1,7421,150.772882
1,7422,64.552057
1,7423,255.746885
1,7424,68.467512
1,7425,396.401936
1,7426,126.079384
1,7427,407.522780
1,7428,115.098915
1,7429,150.568093
1,7430,284.366859
1,7431,447.226350
1,7432,334.937042
1,7433,111.348183
1,7434,103.633615
1,7435,357.789669
1,7436,289.449709
1,7437,113.492185
1,7438,364.938421
1,7439,228.973406
1,7440,70.884118
1,7441,707.646479
1,7442,176.885294
1,7443,77.053570
1,7444,509.316540
1,7445,308.218871
1,7446,536.269457
1,7447,60.947777
1,7448,394.577019
1,7449,242.526437
1,7450,344.996569
1,7451,72.775384
1,7452,206.818614
1,7453,304.389956
1,7454,442.782264
1,7455,453.665280
1,7456,349.012129
1,7457,120.734099
1,7458,227.608299
1,7459,77.599432
1,7460,263.571677
1,7461,202.487463
1,7462,345.086927
1,7463,70.993370
1,7464,224.991269
1,7465,73.677060
1,7466,331.429552
1,7467,65.610229
1,7468,258.513405
1,7469,289.893614
1,7470,68.055467
1,7471,476.074297
1,7472,168.045985
1,7473,166.400673
1,7474,356.075772
1,7475,49.978943
1,7476,343.508938
1,7477,314.932390
1,7478,241.184113
1,7479,542.109882
1,7480,205.252779
1,7481,299.681635
1,7482,77.762300
1,7483,346.158817
1,7484,255.634496
1,7485,238.088160
1,7486,70.923568
1,7487,318.578828
1,7488,200.758903
1,7489,213.265027
1,7490,232.638800
1,7491,73.719926
1,7492,284.167285
1,7493,246.003365
1,7494,13.139444
1,7495,382.989642
1,7496,238.507118
1,7497,224.887632
1,7498,174.586392
1,7499,265.191844
1,7500,347.236268
1,7501,161.634473
1,7502,13.191825
1,7503,330.328719
1,7504,72.747947
1,7505,304.562913
1,7506,65.760139
1,7507,307.058948
1,7508,63.514706
1,7509,123.871143
1,7510,331.130105
1,7511,309.363679
1,7512,65.940427
1,7513,162.763719
1,7514,67.398978
1,7515,202.695757
1,7516,117.504708
1,7517,115.975036
1,7518,154.169453
1,7519,200.005397
1,7520,307.423540
1,7521,68.782642
1,7522,222.166221
1,7523,103.855602
1,7524,444.682743
1,7525,68.400131
1,7526,432.546398
1,7527,78.807335
1,7528,481.942984
1,7529,74.849890
1,7530,256.861784
1,7531,220.547083
1,7532,631.155538
1,7533,163.017358
1,7534,68.958007
1,7535,422.334845
1,7536,117.366245
1,7537,336.846879
1,7538,168.204017
1,7539,303.644210
1,7540,357.281058
1,7541,99.327878
1,7542,146.222286
1,7543,1.423487
1,7544,463.433787
1,7545,73.909649
1,7546,290.391372
1,7547,278.246777
1,7548,276.762696
1,7549,285.472464
1,7550,252.553800
1,7551,21.636774
1,7552,130.463075
1,7553,255.011641
1,7554,64.186387
1,7555,233.190043
1,7556,189.419094
1,7557,210.239470
1,7558,298.374092
1,7559,512.861963
1,7560,114.220709
1,7561,222.476032
1,7562,280.099572
1,7563,245.120032
1,7564,233.612979
1,7565,74.186121
1,7566,155.681798
1,7567,172.435473
1,7568,82.319883
1,7569,13.788227
1,7570,325.353924
1,7571,67.340291
1,7572,170.235661
1,7573,466.187374
1,7574,13.691299
1,7575,328.756710
1,7576,128.546043
1,7577,271.557647
1,7578,81.031495
1,7579,187.353319
1,7580,77.236533
1,7581,341.407396
1,7582,164.152329
1,7583,250.472878
1,7584,373.818450
1,7585,98.743635
1,7586,26.915693
1,7587,297.275333
1,7588,91.004941
1,7589,154.073959
1,7590,139.809448
1,7591,240.819824
1,7592,201.820170
1,7593,75.887652
1,7594,222.767697
1,7595,111.941025
1,7596,224.031573
1,7597,187.753637
1,7598,102.116919
1,7599,434.070827
1,7600,64.728755
1,7601,212.305013
1,7602,64.421335
1,7603,294.754103
1,7604,167.490569
1,7605,204.148823
1,7606,63.655930
1,7607,148.970413
1,7608,177.208137
1,7609,302.906455
1,7610,64.594136
1,7611,278.580664
1,7612,77.389318
1,7613,295.251380
1,7614,277.929958
1,7615,263.852071
1,7616,120.481790
1,7617,110.084748
1,7618,26.937513
1,7619,349.091388
1,7620,73.224190
1,7621,457.996051
1,7622,300.825296
1,7623,291.859551
1,7624,93.818662
1,7625,237.225747
1,7626,114.765900
1,7627,227.688965
1,7628,289.934764
1,7629,288.114995
1,7630,356.048680
1,7631,85.341774
1,7632,67.516826
1,7633,355.537220
1,7634,536.005958
1,7635,602.955480
1,7636,450.987644
1,7637,500.673036
1,7638,342.588723
1,7639,50.168975
1,7640,367.321950
1,7641,94.495883
1,7642,393.128449
1,7643,256.147046
1,7644,350.714470
1,7645,180.867933
1,7646,124.859992
1,7647,273.643255
1,7648,70.401485
1,7649,214.945525
1,7650,456.117822
1,7651,99.208481
1,7652,429.247220
1,7653,82.810123
1,7654,232.471353
1,7655,512.995941
1,7656,403.771614
1,7657,356.628762
1,7658,230.842901
1,7659,109.238978
1,7660,164.596725
1,7661,60.464539
1,7662,204.343684
1,7663,288.010445
1,7664,432.894672
1,7665,199.086798
1,7666,467.113349
1,7667,108.869410
1,7668,113.755806
1,7669,202.724850
1,7670,251.375631
1,7671,59.582010
1,7672,252.384474
1,7673,59.252917
1,7674,115.933960
1,7675,60.557722
1,7676,194.647472
1,7677,301.003730
1,7678,330.522237
1,7679,360.466058
1,7680,297.979053
1,7681,175.808351
1,7682,105.339045
1,7683,305.902590
1,7684,322.355354
1,7685,353.776452
1,7686,58.818330
1,7687,339.907509
1,7688,4.593939
1,7689,288.166522
1,7690,224.117852
1,7691,57.609789
1,7692,179.465077
1,7693,297.448132
1,7694,249.770491
1,7695,316.104051
1,7696,337.800341
1,7697,368.515138
1,7698,399.948611
1,7699,62.341493
1,7700,128.216922
1,7701,322.907004
1,7702,158.692837
1,7703,246.673614
1,7704,149.055203
1,7705,98.105279
1,7706,366.122625
1,7707,50.964968
1,7708,336.306512
1,7709,246.490241
1,7710,223.336268
1,7711,328.587115
1,7712,438.785033
1,7713,55.488408
1,7714,217.949976
1,7715,102.077663
1,7716,295.428205
1,7717,58.290855
1,7718,275.580969
1,7719,147.636261
1,7720,337.352237
1,7721,235.378203
1,7722,81.640650
1,7723,393.437958
1,7724,379.302945
1,7725,373.667728
1,7726,427.349871
1,7727,361.699251
1,7728,75.893484
1,7729,227.129351
1,7730,69.096882
1,7731,227.677292
1,7732,318.284561
1,7733,59.988316
1,7734,146.977283
1,7735,283.917689
1,7736,119.952198
1,7737,154.187521
1,7738,58.329565
1,7739,656.775210
1,7740,68.724718
1,7741,323.605086
1,7742,134.844771
1,7743,233.835967
1,7744,60.117551
1,7745,158.690872
1,7746,304.002599
1,7747,328.982991
1,7748,59.450177
1,7749,21.480739
1,7750,274.354922
1,7751,57.608045
1,7752,307.166619
1,7753,75.162129
1,7754,197.292550
1,7755,546.178235
1,7756,58.914242
1,7757,337.421183
1,7758,56.932410
1,7759,250.674617
1,7760,202.867261
1,7761,215.549299
1,7762,261.653575
1,7763,278.560675
1,7764,180.695021
1,7765,183.316802
1,7766,378.450843
1,7767,55.440175
1,7768,148.289295
1,7769,194.231515
1,7770,224.018179
1,7771,154.495897
1,7772,74.959100
1,7773,297.666911
1,7774,217.099817
1,7775,57.151697
1,7776,183.288784
1,7777,163.255037
1,7778,245.739224
1,7779,104.697696
1,7780,53.229059
1,7781,301.324302
1,7782,152.748107
1,7783,163.029008
1,7784,208.555859
1,7785,250.755385
1,7786,209.306019
1,7787,302.235647
1,7788,99.820306
1,7789,138.842402
1,7790,54.605587
1,7791,160.068512
1,7792,53.300296
1,7793,210.011990
1,7794,51.227028
1,7795,71.482066
1,7796,252.204873
1,7797,287.039682
1,7798,323.861386
1,7799,266.151427
1,7800,152.377812
1,7801,271.790560
1,7802,64.133087
1,7803,271.204092
1,7804,129.385267
1,7805,199.913709
1,7806,235.174847
1,7807,525.159272
1,7808,259.020714
1,7809,281.841200
1,7810,433.144505
1,7811,203.293234
1,7812,484.375346
1,7813,385.477622
1,7814,313.136727
1,7815,210.555872
1,7816,53.393819
1,7817,295.205755
1,7818,55.055864
1,7819,234.027412
1,7820,340.629200
1,7821,282.205745
1,7822,53.239366
1,7823,318.019480
1,7824,281.335386
1,7825,284.530978
1,7826,271.315772
1,7827,335.758016
1,7828,101.752563
1,7829,79.174486
1,7830,108.419646
1,7831,284.381343
1,7832,217.085841
1,7833,303.109733
1,7834,238.408953
1,7835,337.819562
1,7836,235.969047
1,7837,149.116724
1,7838,452.330397
1,7839,84.217075
1,7840,284.507429
1,7841,368.282455
1,7842,354.861372
1,7843,341.913070
1,7844,324.193892
1,7845,57.568232
1,7846,206.304228
1,7847,400.760348
1,7848,122.817734
1,7849,206.175351
1,7850,440.129816
1,7851,364.578735
1,7852,315.727815
1,7853,297.684861
1,7854,114.907340
1,7855,358.694745
1,7856,268.625929
1,7857,310.446973
1,7858,59.278261
1,7859,145.572649
1,7860,237.856499
1,7861,321.816604
1,7862,301.779225
1,7863,77.357157
1,7864,376.727296
1,7865,102.301604
1,7866,430.094851
1,7867,484.474030
1,7868,416.279674
1,7869,53.129067
1,7870,3.059174
1,7871,286.976835
1,7872,67.456950
1,7873,238.998688
1,7874,219.720019
1,7875,316.536461
1,7876,164.442914
1,7877,332.212932
1,7878,272.009405
1,7879,197.911812
1,7880,49.659467
1,7881,184.243799
1,7882,271.788350
1,7883,114.337739
1,7884,185.401290
1,7885,206.138219
1,7886,151.817731
1,7887,122.161820
1,7888,262.030373
1,7889,343.053636
1,7890,218.185373
1,7891,157.733678
1,7892,148.440188
1,7893,103.626559
1,7894,235.803368
1,7895,259.747682
1,7896,56.298908
1,7897,264.811358
1,7898,55.201692
1,7899,147.284865
1,7900,1.720845
1,7901,103.063937
1,7902,271.043939
1,7903,335.206352
1,7904,231.538062
1,7905,301.632539
1,7906,201.919801
1,7907,118.268589
1,7908,260.193835
1,7909,278.418529
1,7910,152.460922
1,7911,235.727584
1,7912,238.157277
1,7913,327.018206
1,7914,221.168768
1,7915,233.627802
1,7916,73.001307
1,7917,429.842986
1,7918,28.614451
1,7919,269.605368
1,7920,56.125946
1,7921,185.463735
1,7922,145.099445
1,7923,298.776467
1,7924,55.200541
1,7925,178.036557
1,7926,714.685626
1,7927,666.960015
1,7928,364.252823
1,7929,350.011987
1,7930,4.472330
1,7931,395.865028
1,7932,369.175761
1,7933,413.981265
1,7934,342.081854
1,7935,267.209268
1,7936,53.324990
1,7937,83.104306
1,7938,448.597693
1,7939,272.037081
1,7940,407.095516
1,7941,489.911046
1,7942,504.423796
1,7943,426.036671
1,7944,392.265936
1,7945,70.887300
1,7946,390.685708
1,7947,214.896745
1,7948,591.299922
1,7949,472.114199
1,7950,367.538396
1,7951,424.991877
1,7952,72.232115
1,7953,356.539519
1,7954,343.059595
1,7955,414.168637
1,7956,522.299896
1,7957,259.081612
1,7958,226.348486
1,7959,444.420640
1,7960,9.672144
1,7961,187.068870
1,7962,332.456291
1,7963,355.827573
1,7964,346.257800
1,7965,263.360210
1,7966,339.538382
1,7967,342.433594
1,7968,95.262068
1,7969,101.703609
1,7970,487.459826
1,7971,128.083661
1,7972,357.112873
1,7973,427.578013
1,7974,69.378894
1,7975,380.772639
1,7976,65.461182
1,7977,160.698227
1,7978,154.888231
1,7979,250.784605
1,7980,293.776073
1,7981,150.057605
1,7982,359.411457
1,7983,60.258093
1,7984,291.255352
1,7985,357.260173
1,7986,64.622958
1,7987,107.531613
1,7988,524.014872
1,7989,370.459019
1,7990,58.928780
1,7991,483.776557
1,7992,321.714593
1,7993,451.869579
1,7994,58.652746
1,7995,242.581324
1,7996,71.378940
1,7997,395.727086
1,7998,186.150881
1,7999,385.119124
1,8000,309.506202
1,8001,353.654214
1,8002,288.694631
1,8003,534.448989
1,8004,348.166682
1,8005,547.922015
1,8006,378.521795
1,8007,547.565247
1,8008,61.198025
1,8009,194.903323
1,8010,105.387461
1,8011,416.402444
1,8012,510.313936
1,8013,79.126159
1,8014,230.328909
1,8015,79.862896
1,8016,194.325044
1,8017,191.502581
1,8018,196.620784
1,8019,64.899899
1,8020,330.869509
1,8021,76.160708
1,8022,303.072717
1,8023,72.211871
1,8024,89.229103
1,8025,415.609569
1,8026,279.897447
1,8027,394.608087
1,8028,352.394472
1,8029,110.470390
1,8030,177.255821
1,8031,247.883809
1,8032,386.932629
1,8033,58.205758
1,8034,424.602181
1,8035,75.038497
1,8036,80.274513
1,8037,436.995156
1,8038,129.629254
1,8039,345.146283
1,8040,366.960753
1,8041,95.757332
1,8042,254.422614
1,8043,289.742162
1,8044,8.308192
1,8045,243.045167
1,8046,72.357071
1,8047,374.950803
1,8048,493.478318
1,8049,385.423243
1,8050,462.703088
1,8051,251.715939
1,8052,291.850666
1,8053,311.203620
1,8054,269.470609
1,8055,366.291682
1,8056,315.284335
1,8057,256.154011
1,8058,97.120884
1,8059,230.801668
1,8060,261.327399
1,8061,364.564530
1,8062,84.722654
1,8063,181.708289
1,8064,359.382361
1,8065,90.985162
1,8066,523.912401
1,8067,146.325608
1,8068,318.685197
1,8069,309.220804
1,8070,187.873637
1,8071,62.441315
1,8072,321.402197
1,8073,71.463118
1,8074,303.038512
1,8075,181.440319
1,8076,295.843308
1,8077,309.668653
1,8078,53.362572
1,8079,229.100046
1,8080,404.297776
1,8081,322.012355
1,8082,296.435085
1,8083,119.387946
1,8084,217.632261
1,8085,322.029925
1,8086,393.649008
1,8087,432.824587
1,8088,5.752604
1,8089,234.533342
1,8090,360.347927
1,8091,60.400003
1,8092,269.933130
1,8093,57.806275
1,8094,87.508426
1,8095,308.176646
1,8096,31.993334
1,8097,186.887938
1,8098,76.830688
1,8099,214.236478
1,8100,194.400250
1,8101,69.895236
1,8102,148.020826
1,8103,239.976755
1,8104,98.874228
1,8105,359.132385
1,8106,85.631477
1,8107,137.745534
1,8108,449.895625
1,8109,73.621472
1,8110,419.767189
1,8111,456.490594
1,8112,196.216493
1,8113,534.732245
1,8114,82.020467
1,8115,311.334301
1,8116,310.988815
1,8117,497.925814
1,8118,298.080162
1,8119,250.000088
1,8120,303.536464
1,8121,211.205239
1,8122,320.523214
1,8123,80.263050
1,8124,592.600100
1,8125,73.005945
1,8126,62.450808
1,8127,548.585715
1,8128,506.481700
1,8129,198.685747
1,8130,329.784493
1,8131,282.875853
1,8132,643.451416
1,8133,69.293778
1,8134,307.531446
1,8135,131.573128
1,8136,353.092676
1,8137,293.218453
1,8138,196.494530
1,8139,278.711531
1,8140,299.905911
1,8141,185.683410
1,8142,376.246868
1,8143,271.255007
1,8144,500.406851
1,8145,335.021178
1,8146,514.884392
1,8147,446.728634
1,8148,340.763286
1,8149,61.902624
1,8150,337.795947
1,8151,317.298881
1,8152,386.736299
1,8153,397.157460
1,8154,59.088688
1,8155,371.781404
1,8156,355.870368
1,8157,353.293269
1,8158,426.666432
1,8159,513.279779
1,8160,262.559604
1,8161,314.673712
1,8162,358.435446
1,8163,107.640287
1,8164,378.372003
1,8165,225.384890
1,8166,197.631638
1,8167,254.000779
1,8168,49.350215
1,8169,147.135453
1,8170,300.759642
1,8171,244.310401
1,8172,253.195619
1,8173,72.738932
1,8174,3.125018
1,8175,58.218376
1,8176,160.405450
1,8177,279.385201
1,8178,244.599557
1,8179,72.162130
1,8180,174.481942
1,8181,81.760500
1,8182,277.937451
1,8183,116.738546
1,8184,207.333540
1,8185,2.914930
1,8186,185.363378
1,8187,95.764788
1,8188,251.147902
1,8189,72.487309
1,8190,163.445154
1,8191,8.986679
1,8192,300.982141
1,8193,217.316077
1,8194,232.093119
1,8195,242.772593
1,8196,75.536826
1,8197,162.892073
1,8198,87.778022
1,8199,287.579058
1,8200,386.653630
1,8201,3.314843
1,8202,255.174277
1,8203,181.031598
1,8204,63.276190
1,8205,126.696303
1,8206,60.702272
1,8207,80.499418
1,8208,7.846981
1,8209,251.929798
1,8210,59.786303
1,8211,112.165655
1,8212,256.374340
1,8213,294.977827
1,8214,73.304253
1,8215,206.336503
1,8216,79.143556
1,8217,237.149989
1,8218,62.868571
1,8219,193.864076
1,8220,74.230681
1,8221,72.301670
1,8222,247.794470
1,8223,108.144605
1,8224,274.277610
1,8225,196.577062
1,8226,69.365023
1,8227,239.910517
1,8228,283.070322
1,8229,313.397994
1,8230,368.762623
1,8231,114.696818
1,8232,89.929708
1,8233,115.791014
1,8234,298.711824
1,8235,380.097668
1,8236,252.420068
1,8237,59.684586
1,8238,232.213958
1,8239,56.177989
1,8240,234.322720
1,8241,242.037756
1,8242,156.752784
1,8243,304.170081
1,8244,59.089436
1,8245,281.304312
1,8246,1341.273689
1,8247,335.080974
1,8248,69.181134
1,8249,341.025057
1,8250,193.772206
1,8251,156.446578
1,8252,328.750245
1,8253,62.411499
1,8254,185.446203
1,8255,84.061218
1,8256,195.865261
1,8257,150.402066
1,8258,324.099047
1,8259,365.024825
1,8260,89.588181
1,8261,441.461451
1,8262,319.081804
1,8263,57.972097
1,8264,196.335174
1,8265,392.451855
1,8266,1.052459
1,8267,262.002349
1,8268,425.854618
1,8269,1.052459
1,8270,316.310755
1,8271,630.887898
1,8272,451.098030
1,8273,316.969348
1,8274,288.785962
1,8275,75.625404
1,8276,221.376089
1,8277,80.832410
1,8278,365.281202
1,8279,275.822056
1,8280,331.788738
1,8281,323.422291
1,8282,432.650400
1,8283,119.263190
1,8284,206.829092
1,8285,238.348643
1,8286,59.005907
1,8287,294.650239
1,8288,252.331884
1,8289,61.961624
1,8290,183.147155
1,8291,59.655110
1,8292,194.450576
1,8293,177.159220
1,8294,116.517635
1,8295,160.187782
1,8296,72.250152
1,8297,200.712342
1,8298,125.076140
1,8299,340.527348
1,8300,59.093153
1,8301,248.684530
1,8302,382.441019
1,8303,6.193118
1,8304,192.936546
1,8305,305.003241
1,8306,67.939878
1,8307,203.148639
1,8308,194.350147
1,8309,393.573676
1,8310,85.483001
1,8311,210.692998
1,8312,276.996221
1,8313,109.695248
1,8314,120.613378
1,8315,211.272304
1,8316,346.398394
1,8317,297.158935
1,8318,59.684396
1,8319,251.465167
1,8320,66.908052
1,8321,173.725866
1,8322,324.238436
1,8323,60.663862
1,8324,274.581694
1,8325,56.989429
1,8326,152.302881
1,8327,61.769021
1,8328,392.478323
1,8329,57.351107
1,8330,107.401059
1,8331,306.432091
1,8332,337.327178
1,8333,365.319903
1,8334,232.949541
1,8335,67.208459
1,8336,293.958739
1,8337,198.076853
1,8338,431.444371
1,8339,370.854983
1,8340,433.715846
1,8341,510.456055
1,8342,549.634015
1,8343,66.332951
1,8344,376.963576
1,8345,67.349816
1,8346,563.897519
1,8347,70.865958
1,8348,444.236409
1,8349,225.368930
1,8350,488.164866
1,8351,68.979314
1,8352,253.761630
1,8353,397.945827
1,8354,86.190580
1,8355,657.497436
1,8356,704.729019
1,8357,687.637781
1,8358,14.441105
1,8359,418.262958
1,8360,408.606007
1,8361,568.583163
1,8362,73.173307
1,8363,362.007259
1,8364,338.513189
1,8365,194.367423
1,8366,72.199766
1,8367,515.094059
1,8368,483.171172
1,8369,369.929933
1,8370,74.329991
1,8371,513.183596
1,8372,71.529212
1,8373,367.276323
1,8374,530.213537
1,8375,311.925199
1,8376,553.296116
1,8377,124.950562
1,8378,418.396907
1,8379,446.330506
1,8380,106.853211
1,8381,538.436143
1,8382,641.012338
1,8383,498.148518
1,8384,535.652574
1,8385,356.191474
1,8386,207.199670
1,8387,373.448803
1,8388,278.427348
1,8389,198.670053
1,8390,265.111405
1,8391,344.966139
1,8392,131.939315
1,8393,413.986222
1,8394,300.218838
1,8395,116.073158
1,8396,316.713041
1,8397,330.907195
1,8398,264.397268
1,8399,450.495333
1,8400,437.014280
1,8401,321.830902
1,8402,68.581168
1,8403,229.433467
1,8404,149.005376
1,8405,312.185628
1,8406,62.695134
1,8407,484.838213
1,8408,123.266567
1,8409,82.590461
1,8410,72.047873
1,8411,412.524844
1,8412,70.268409
1,8413,25.388030
1,8414,165.683434
1,8415,365.385069
1,8416,825.581141
1,8417,526.096259
1,8418,69.484625
1,8419,551.546338
1,8420,76.502022
1,8421,200.756421
1,8422,171.533361
1,8423,435.064148
1,8424,116.293667
1,8425,534.433620
1,8426,118.741854
1,8427,394.429700
1,8428,339.090896
1,8429,423.638817
1,8430,270.929853
1,8431,257.622508
1,8432,209.492820
1,8433,450.241613
1,8434,343.181036
1,8435,691.629129
1,8436,203.981103
1,8437,318.224215
1,8438,461.042594
1,8439,418.616831
1,8440,144.191263
1,8441,198.291910
1,8442,489.785015
1,8443,14.113451
1,8444,461.304840
1,8445,361.195315
1,8446,422.703939
1,8447,312.108839
1,8448,209.100122
1,8449,355.360243
1,8450,340.728774
1,8451,276.604981
1,8452,456.993149
1,8453,124.056938
1,8454,258.591731
1,8455,494.348389
1,8456,115.047380
1,8457,302.965704
1,8458,497.044955
1,8459,579.090973
1,8460,463.377275
1,8461,378.853505
1,8462,389.433763
1,8463,103.469313
1,8464,230.783464
1,8465,451.184105
1,8466,66.137421
1,8467,469.117493
1,8468,61.616456
1,8469,438.126482
1,8470,235.561560
1,8471,416.696888
1,8472,65.491160
1,8473,194.147457
1,8474,437.029775
1,8475,809.969021
1,8476,335.896400
1,8477,381.983445
1,8478,153.227989
1,8479,518.904026
1,8480,77.937186
1,8481,535.989678
1,8482,616.939528
1,8483,213.597053
1,8484,133.573003
1,8485,392.565225
1,8486,322.382858
1,8487,331.716409
1,8488,70.380666
1,8489,384.286900
1,8490,564.003767
1,8491,161.731782
1,8492,163.793929
1,8493,271.588481
1,8494,14.787484
1,8495,609.241047
1,8496,566.265035
1,8497,68.381079
1,8498,592.878291
1,8499,439.272399
1,8500,518.796653
1,8501,82.475766
1,8502,233.058338
1,8503,435.919172
1,8504,445.966838
1,8505,496.758213
1,8506,197.147244
1,8507,437.667787
1,8508,535.685288
1,8509,81.505588
1,8510,497.267320
1,8511,365.266008
1,8512,113.277071
1,8513,508.609617
1,8514,327.463833
1,8515,283.601969
1,8516,299.874697
1,8517,255.198554
1,8518,340.738728
1,8519,68.889262
1,8520,569.427190
1,8521,368.292537
1,8522,418.163577
1,8523,600.648278
1,8524,129.748256
1,8525,419.817180
1,8526,357.840587
1,8527,11.630289
1,8528,425.878645
1,8529,478.231821
1,8530,121.607302
1,8531,311.020315
1,8532,321.589245
1,8533,380.449061
1,8534,206.196091
1,8535,58.848865
1,8536,345.317429
1,8537,584.508118
1,8538,517.387026
1,8539,264.452749
1,8540,359.494322
1,8541,239.210308
1,8542,343.327057
1,8543,509.763725
1,8544,467.020111
1,8545,192.888714
1,8546,386.568324
1,8547,268.359017
1,8548,67.494997
1,8549,360.592686
1,8550,130.736567
1,8551,320.899983
1,8552,402.506708
1,8553,525.140872
1,8554,113.046468
1,8555,457.741167
1,8556,329.203224
1,8557,441.109332
1,8558,359.047103
1,8559,106.120805
1,8560,309.956367
1,8561,172.294762
1,8562,512.276720
1,8563,65.212265
1,8564,350.602360
1,8565,452.532101
1,8566,235.893291
1,8567,389.905487
1,8568,388.902205
1,8569,64.590357
1,8570,412.983474
1,8571,344.349526
1,8572,195.795378
1,8573,441.188133
1,8574,475.327980
1,8575,164.114788
1,8576,351.980857
1,8577,258.193128
1,8578,201.228061
1,8579,524.614354
1,8580,160.941951
1,8581,425.755893
1,8582,138.543722
1,8583,457.382285
1,8584,13.211774
1,8585,425.457208
1,8586,295.343068
1,8587,71.020583
1,8588,301.548281
1,8589,72.531980
1,8590,360.542141
1,8591,208.405906
1,8592,223.245097
1,8593,259.687591
1,8594,249.329258
1,8595,147.746939
1,8596,348.695885
1,8597,430.816965
1,8598,387.503841
1,8599,465.426852
1,8600,373.889569
1,8601,169.796629
1,8602,441.740458
1,8603,233.184588
1,8604,194.790661
1,8605,277.030219
1,8606,140.962989
1,8607,412.762324
1,8608,376.837389
1,8609,568.095874
1,8610,91.211954
1,8611,424.187653
1,8612,453.515192
1,8613,135.832389
1,8614,178.204583
1,8615,573.061159
1,8616,79.161494
1,8617,516.918198
1,8618,119.959990
1,8619,451.889337
1,8620,150.251569
1,8621,448.958771
1,8622,396.040631
1,8623,141.198815
1,8624,158.245024
1,8625,219.155920
1,8626,314.601208
1,8627,309.791796
1,8628,508.914402
1,8629,176.353883
1,8630,481.300239
1,8631,138.816487
1,8632,377.924311
1,8633,449.749145
1,8634,109.555209
1,8635,384.922556
1,8636,270.980086
1,8637,422.013708
1,8638,221.585496
1,8639,449.929880
1,8640,519.028186
1,8641,118.275911
1,8642,68.053763
1,8643,450.495195
1,8644,80.279315
1,8645,155.510430
1,8646,507.768711
1,8647,201.886558
1,8648,460.879569
1,8649,317.071484
1,8650,231.596998
1,8651,310.106540
1,8652,428.446919
1,8653,58.027049
1,8654,5.640120
1,8655,581.746715
1,8656,555.662910
1,8657,97.805978
1,8658,379.310086
1,8659,63.458063
1,8660,484.889828
1,8661,432.512028
1,8662,63.610979
1,8663,212.101824
1,8664,69.837474
1,8665,357.351210
1,8666,410.614938
1,8667,65.530669
1,8668,396.226237
1,8669,247.397714
1,8670,376.854103
1,8671,67.837551
1,8672,346.241052
1,8673,509.375964
1,8674,507.475462
1,8675,207.354317
1,8676,256.706202
1,8677,507.616750
1,8678,291.387805
1,8679,51.517125
1,8680,291.375556
1,8681,342.234546
1,8682,483.304295
1,8683,57.614922
1,8684,276.980116
1,8685,459.072896
1,8686,347.702487
1,8687,130.387107
1,8688,437.216972
1,8689,60.748968
1,8690,235.218773
1,8691,380.519200
1,8692,67.349499
1,8693,309.131478
1,8694,81.044100
1,8695,573.176827
1,8696,149.597268
1,8697,282.259124
1,8698,189.470939
1,8699,200.454179
1,8700,372.480657
1,8701,19.738769
1,8702,241.837397
1,8703,97.242973
1,8704,386.020725
1,8705,35.093878
1,8706,412.755197
1,8707,67.190297
1,8708,405.952724
1,8709,86.174483
1,8710,65.567615
1,8711,236.626891
1,8712,222.199973
1,8713,145.680277
1,8714,121.876127
1,8715,540.426372
1,8716,71.282487
1,8717,474.281873
1,8718,366.906903
1,8719,69.452925
1,8720,324.279074
1,8721,69.059325
1,8722,86.143674
1,8723,554.229891
1,8724,66.551729
1,8725,11.220672
1,8726,495.896064
1,8727,99.631147
1,8728,315.286803
1,8729,120.133690
1,8730,66.485209
1,8731,330.749724
1,8732,376.522869
1,8733,330.027296
1,8734,325.698406
1,8735,268.366187
1,8736,457.943483
1,8737,111.190522
1,8738,533.292993
1,8739,315.465823
1,8740,181.938895
1,8741,391.848958
1,8742,323.425861
1,8743,461.719993
1,8744,120.033995
1,8745,213.221476
1,8746,205.819003
1,8747,319.297935
1,8748,213.604426
1,8749,175.743586
1,8750,266.091505
1,8751,74.400810
1,8752,296.357501
1,8753,62.707508
1,8754,115.576223
1,8755,256.809813
1,8756,185.272195
1,8757,211.036795
1,8758,2.858361
1,8759,173.703208
1,8760,55.381659
1,8761,230.881885
1,8762,2.858361
1,8763,196.432591
1,8764,65.641703
1,8765,354.343540
1,8766,123.658259
1,8767,66.272765
1,8768,246.847534
1,8769,267.625881
1,8770,168.913777
1,8771,159.993048
1,8772,306.493636
1,8773,62.459587
1,8774,344.335537
1,8775,310.243909
1,8776,153.202869
1,8777,118.637017
1,8778,233.748288
1,8779,13.128121
1,8780,445.635659
1,8781,243.150873
1,8782,504.376435
1,8783,392.330560
1,8784,63.877464
1,8785,305.531722
1,8786,316.226733
1,8787,73.474475
1,8788,250.342062
1,8789,107.071924
1,8790,77.946047
1,8791,445.159453
1,8792,71.488538
1,8793,73.667724
1,8794,470.632686
1,8795,74.432773
1,8796,347.651260
1,8797,125.025684
1,8798,76.099320
1,8799,413.279209
1,8800,288.110259
1,8801,143.271928
1,8802,504.318335
1,8803,384.468419
1,8804,111.785345
1,8805,312.018114
1,8806,436.532849
1,8807,302.032095
1,8808,251.994558
1,8809,353.938419
1,8810,220.935007
1,8811,506.518928
1,8812,66.249089
1,8813,406.168875
1,8814,66.270258
1,8815,10.257106
1,8816,377.596187
1,8817,111.626408
1,8818,256.557973
1,8819,358.857930
1,8820,175.532150
1,8821,312.086157
1,8822,158.420539
1,8823,179.549856
1,8824,222.276565
1,8825,184.911954
1,8826,185.257262
1,8827,596.061547
1,8828,132.587488
1,8829,145.769841
1,8830,419.507961
1,8831,662.634728
1,8832,287.895887
1,8833,51.458890
1,8834,286.278539
1,8835,60.864235
1,8836,492.938308
1,8837,268.993606
1,8838,445.670726
1,8839,157.870759
1,8840,329.967692
1,8841,59.466859
1,8842,248.760483
1,8843,268.787354
1,8844,8.129288
1,8845,616.506073
1,8846,128.254004
1,8847,296.925805
1,8848,454.781167
1,8849,447.313800
1,8850,158.909947
1,8851,64.667007
1,8852,346.366502
1,8853,230.571907
1,8854,9.042546
1,8855,362.369894
1,8856,365.101930
1,8857,197.110362
1,8858,295.714702
1,8859,156.043714
1,8860,415.912116
1,8861,181.626224
1,8862,348.921124
1,8863,127.373368
1,8864,322.495997
1,8865,276.619538
1,8866,157.124862
1,8867,225.800482
1,8868,129.973396
1,8869,385.904690
1,8870,143.344753
1,8871,159.935206
1,8872,114.667048
1,8873,364.082885
1,8874,390.071166
1,8875,239.585460
1,8876,274.583688
1,8877,425.663746
1,8878,7.326884
1,8879,426.588657
1,8880,63.482873
1,8881,133.505600
1,8882,347.881018
1,8883,66.623704
1,8884,83.307723
1,8885,300.442361
1,8886,331.646914
1,8887,107.342371
1,8888,313.729059
1,8889,361.308352
1,8890,449.727485
1,8891,293.111301
1,8892,51.458890
1,8893,350.815635
1,8894,80.682185
1,8895,82.003350
1,8896,388.315468
1,8897,287.185155
1,8898,132.047062
1,8899,372.714578
1,8900,149.217533
1,8901,78.049026
1,8902,186.330432
1,8903,376.804252
1,8904,127.816782
1,8905,222.246719
1,8906,376.146651
1,8907,60.591196
1,8908,229.148200
1,8909,273.968687
1,8910,446.685028
1,8911,70.465570
1,8912,304.540361
1,8913,333.220197
1,8914,66.001332
1,8915,73.657592
1,8916,315.217477
1,8917,421.196903
1,8918,77.818374
1,8919,186.352688
1,8920,182.334756
1,8921,197.227523
1,8922,133.870215
1,8923,157.222124
1,8924,439.873696
1,8925,66.651397
1,8926,91.569346
1,8927,271.363035
1,8928,414.665069
1,8929,274.761601
1,8930,375.931197
1,8931,221.130570
1,8932,279.024253
1,8933,369.435639
1,8934,140.075072
1,8935,393.770618
1,8936,71.563427
1,8937,162.452907
1,8938,371.915748
1,8939,160.251903
1,8940,295.951244
1,8941,67.164092
1,8942,524.258605
1,8943,281.411663
1,8944,336.989392
1,8945,219.657710
1,8946,431.720730
1,8947,264.927179
1,8948,481.049048
1,8949,193.962517
1,8950,408.593480
1,8951,369.565506
1,8952,447.335077
1,8953,513.431062
1,8954,177.535779
1,8955,302.814232
1,8956,466.566801
1,8957,451.669370
1,8958,497.737046
1,8959,241.832511
1,8960,323.688416
1,8961,133.200298
1,8962,353.594196
1,8963,234.587809
1,8964,373.914602
1,8965,417.365058
1,8966,102.774588
1,8967,346.502426
1,8968,200.537463
1,8969,390.126380
1,8970,218.719133
1,8971,455.650924
1,8972,279.312694
1,8973,5.434282
1,8974,303.457492
1,8975,275.163234
1,8976,341.027263
1,8977,134.568320
1,8978,307.623595
1,8979,158.836322
1,8980,299.126481
1,8981,131.170108
1,8982,267.323751
1,8983,458.029112
1,8984,113.886805
1,8985,546.383208
1,8986,313.867673
1,8987,447.356175
1,8988,58.490273
1,8989,408.328256
1,8990,363.130210
1,8991,70.724799
1,8992,154.543378
1,8993,575.482827
1,8994,462.572079
1,8995,1.840000
1,8996,284.553024
1,8997,190.134411
1,8998,289.097467
1,8999,65.588735
1,9000,442.467945
1,9001,573.922345
1,9002,73.179916
1,9003,514.724140
1,9004,426.105758
1,9005,228.673545
1,9006,395.436654
1,9007,67.072362
1,9008,362.288847
1,9009,189.318586
1,9010,70.426584
1,9011,207.411996
1,9012,180.255893
1,9013,286.775036
1,9014,573.499621
1,9015,482.569569
1,9016,433.980296
1,9017,88.058259
1,9018,532.325236
1,9019,76.865117
1,9020,300.495277
1,9021,74.072023
1,9022,78.996396
1,9023,229.328739
1,9024,168.347760
1,9025,69.341209
1,9026,418.811286
1,9027,85.273516
1,9028,300.046578
1,9029,933.573886
1,9030,504.804485
1,9031,237.015335
1,9032,82.848285
1,9033,567.403863
1,9034,270.781698
1,9035,320.936445
1,9036,71.092363
1,9037,424.020630
1,9038,349.097744
1,9039,267.837502
1,9040,219.616986
1,9041,424.645102
1,9042,391.948061
1,9043,231.856377
1,9044,162.940019
1,9045,333.832733
1,9046,413.246068
1,9047,68.434594
1,9048,243.636682
1,9049,276.633306
1,9050,313.928114
1,9051,342.332967
1,9052,256.224747
1,9053,73.846340
1,9054,454.354623
1,9055,69.397894
1,9056,80.293884
1,9057,217.038850
1,9058,70.840460
1,9059,322.925518
1,9060,367.299515
1,9061,53.701622
1,9062,167.150350
1,9063,167.906004
1,9064,64.115788
1,9065,216.053804
1,9066,144.078060
1,9067,235.807545
1,9068,72.047697
1,9069,466.050102
1,9070,154.980806
1,9071,122.759692
1,9072,436.294746
1,9073,290.281117
1,9074,74.488644
1,9075,53.607200
1,9076,269.280124
1,9077,214.338847
1,9078,366.397396
1,9079,268.803601
1,9080,205.377184
1,9081,392.190565
1,9082,289.671766
1,9083,13.285765
1,9084,236.469857
1,9085,182.857196
1,9086,435.824535
1,9087,130.161935
1,9088,543.227704
1,9089,305.470679
1,9090,70.622432
1,9091,146.281465
1,9092,106.367446
1,9093,227.752712
1,9094,382.886991
1,9095,511.130093
1,9096,394.337657
1,9097,80.673887
1,9098,283.842210
1,9099,15.758351
1,9100,498.454577
1,9101,70.570298
1,9102,242.055916
1,9103,236.850459
1,9104,240.548141
1,9105,131.943113
1,9106,268.192429
1,9107,468.486069
1,9108,71.082091
1,9109,17.423170
1,9110,379.396481
1,9111,70.683896
1,9112,183.173950
1,9113,327.788821
1,9114,69.243870
1,9115,444.540928
1,9116,67.953875
1,9117,388.039823
1,9118,221.900657
1,9119,213.761984
1,9120,117.111597
1,9121,317.608727
1,9122,14.934358
1,9123,481.404482
1,9124,130.441860
1,9125,247.342871
1,9126,272.797287
1,9127,73.160110
1,9128,563.809614
1,9129,91.029573
1,9130,370.045152
1,9131,329.063235
1,9132,122.281115
1,9133,578.099166
1,9134,67.951047
1,9135,278.507481
1,9136,305.904352
1,9137,115.418634
1,9138,160.808445
1,9139,334.372992
1,9140,154.208452
1,9141,72.031283
1,9142,259.955194
1,9143,250.189007
1,9144,87.764550
1,9145,171.096832
1,9146,69.115583
1,9147,290.384117
1,9148,414.876421
1,9149,305.293789
1,9150,722.124325
1,9151,159.106484
1,9152,553.491699
1,9153,474.564011
1,9154,443.640076
1,9155,357.020553
1,9156,108.729752
1,9157,231.832592
1,9158,268.678106
1,9159,327.708503
1,9160,73.791673
1,9161,344.225211
1,9162,192.779824
1,9163,330.357623
1,9164,341.451643
1,9165,192.761618
1,9166,123.466390
1,9167,101.460118
1,9168,498.083384
1,9169,362.551707
1,9170,66.974038
1,9171,386.710681
1,9172,74.421750
1,9173,433.221842
1,9174,463.283490
1,9175,75.199533
1,9176,339.095678
1,9177,75.491063
1,9178,356.669014
1,9179,149.097024
1,9180,280.123625
1,9181,32.050401
1,9182,537.804415
1,9183,71.465125
1,9184,243.381201
1,9185,193.061410
1,9186,198.141875
1,9187,195.666738
1,9188,432.901203
1,9189,65.840410
1,9190,359.755599
1,9191,207.986943
1,9192,380.491136
1,9193,215.030667
1,9194,281.503600
1,9195,252.440168
1,9196,129.274064
1,9197,366.766409
1,9198,545.556238
1,9199,92.346768
1,9200,437.170600
1,9201,75.215014
1,9202,125.620134
1,9203,411.666208
1,9204,127.168795
1,9205,133.847542
1,9206,195.160135
1,9207,178.956811
1,9208,271.239256
1,9209,67.951531
1,9210,370.414923
1,9211,89.752906
1,9212,455.966761
1,9213,68.082381
1,9214,286.269125
1,9215,68.777485
1,9216,126.783493
1,9217,133.649297
1,9218,76.830919
1,9219,111.343012
1,9220,322.794345
1,9221,8.737241
1,9222,255.381898
1,9223,381.529620
1,9224,164.001443
1,9225,83.286982
1,9226,233.984819
1,9227,324.902079
1,9228,62.795682
1,9229,326.352699
1,9230,11.206804
1,9231,281.537716
1,9232,70.261770
1,9233,191.898542
1,9234,485.724876
1,9235,394.006464
1,9236,63.236778
1,9237,117.858434
1,9238,114.252395
1,9239,304.602945
1,9240,60.761661
1,9241,466.543291
1,9242,69.656870
1,9243,351.486082
1,9244,98.015920
1,9245,278.750636
1,9246,175.800860
1,9247,288.527742
1,9248,335.646302
1,9249,63.421926
1,9250,161.307467
1,9251,427.383106
1,9252,299.647829
1,9253,512.974785
1,9254,160.906497
1,9255,264.749649
1,9256,73.099375
1,9257,398.994760
1,9258,211.821799
1,9259,284.291600
1,9260,11.516138
1,9261,321.729943
1,9262,66.821380
1,9263,70.460590
1,9264,199.325267
1,9265,78.836494
1,9266,74.815505
1,9267,153.483653
1,9268,268.216425
1,9269,67.519224
1,9270,252.604681
1,9271,67.022690
1,9272,353.908940
1,9273,115.849428
1,9274,161.092461
1,9275,423.131592
1,9276,87.305372
1,9277,68.808534
1,9278,350.178272
1,9279,391.183920
1,9280,200.162361
1,9281,316.073414
1,9282,84.392748
1,9283,299.749390
1,9284,103.193720
1,9285,166.749969
1,9286,425.163528
1,9287,67.869403
1,9288,314.640834
1,9289,442.826182
1,9290,315.647783
1,9291,73.578005
1,9292,200.594499
1,9293,67.206751
1,9294,292.006379
1,9295,118.033196
1,9296,430.770820
1,9297,558.261606
1,9298,130.129516
1,9299,416.251740
1,9300,77.658316
1,9301,299.738510
1,9302,350.770088
1,9303,338.663807
1,9304,69.384739
1,9305,193.279139
1,9306,150.772882
1,9307,64.552057
1,9308,387.092344
1,9309,98.734480
1,9310,443.626919
1,9311,164.684566
1,9312,514.247299
1,9313,158.190915
1,9314,101.705009
1,9315,334.414279
1,9316,635.976759
1,9317,476.109045
1,9318,75.564284
1,9319,146.725615
1,9320,417.865140
1,9321,248.602148
1,9322,113.492185
1,9323,398.208082
1,9324,207.936040
1,9325,70.884118
1,9326,727.887621
1,9327,123.711361
1,9328,84.817991
1,9329,569.549450
1,9330,319.939565
1,9331,497.789002
1,9332,60.947777
1,9333,322.379733
1,9334,230.833757
1,9335,323.147069
1,9336,76.783640
1,9337,249.457014
1,9338,270.370615
1,9339,305.263116
1,9340,351.807695
1,9341,274.417417
1,9342,62.015964
1,9343,221.306339
1,9344,77.599432
1,9345,272.843371
1,9346,157.881841
1,9347,356.727375
1,9348,70.993370
1,9349,289.753336
1,9350,104.975460
1,9351,338.282074
1,9352,65.610229
1,9353,348.779805
1,9354,253.349565
1,9355,68.055467
1,9356,544.464999
1,9357,173.440745
1,9358,170.383720
1,9359,504.831280
1,9360,14.445651
1,9361,426.621708
1,9362,325.670503
1,9363,249.246511
1,9364,526.181815
1,9365,155.606974
1,9366,318.227168
1,9367,118.586300
1,9368,421.962744
1,9369,229.959717
1,9370,276.994450
1,9371,70.923568
1,9372,294.938654
1,9373,272.881303
1,9374,277.676227
1,9375,219.886098
1,9376,78.358411
1,9377,236.789563
1,9378,196.609570
1,9379,13.139444
1,9380,346.698674
1,9381,211.440312
1,9382,327.854832
1,9383,200.895192
1,9384,400.364644
1,9385,417.997868
1,9386,161.634473
1,9387,13.191825
1,9388,472.759119
1,9389,124.458347
1,9390,637.958913
1,9391,65.760139
1,9392,410.026148
1,9393,63.514706
1,9394,70.949219
1,9395,347.963806
1,9396,376.398280
1,9397,65.940427
1,9398,237.607719
1,9399,67.398978
1,9400,269.374957
1,9401,154.246308
1,9402,115.975036
1,9403,154.169453
1,9404,204.064072
1,9405,308.633497
1,9406,68.782642
1,9407,234.914059
1,9408,109.023480
1,9409,460.837116
1,9410,68.400131
1,9411,478.795891
1,9412,78.807335
1,9413,445.957906
1,9414,74.849890
1,9415,320.819384
1,9416,254.113483
1,9417,459.836842
1,9418,120.679819
1,9419,111.142807
1,9420,434.178039
1,9421,122.559331
1,9422,341.131199
1,9423,199.956017
1,9424,248.027545
