subtaskID,datapointID,answer
1,0,344.359733
1,1,75.206784
1,2,156.139113
1,3,1.104731
1,4,452.959001
1,5,64.408799
1,6,271.217962
1,7,285.754171
1,8,247.545656
1,9,300.719831
1,10,242.347855
1,11,19.535673
1,12,131.004966
1,13,222.152837
1,14,69.567719
1,15,228.897966
1,16,199.475074
1,17,209.471529
1,18,282.423789
1,19,505.007838
1,20,110.756667
1,21,219.396843
1,22,300.957682
1,23,284.914408
1,24,251.497435
1,25,68.687907
1,26,189.510004
1,27,179.519501
1,28,95.477712
1,29,24.002397
1,30,323.395190
1,31,75.408282
1,32,179.002171
1,33,476.284226
1,34,23.822900
1,35,368.037648
1,36,165.295991
1,37,291.116860
1,38,93.928930
1,39,206.408544
1,40,69.400585
1,41,362.757509
1,42,162.410808
1,43,264.004140
1,44,382.399244
1,45,99.446719
1,46,48.312519
1,47,318.709656
1,48,108.421947
1,49,167.127461
1,50,147.015279
1,51,260.896512
1,52,207.825731
1,53,70.280080
1,54,212.713331
1,55,117.649851
1,56,235.959677
1,57,207.149874
1,58,101.420562
1,59,442.096566
1,60,70.572104
1,61,202.398811
1,62,70.002808
1,63,297.717260
1,64,172.489760
1,65,214.086564
1,66,68.585391
1,67,158.295426
1,68,181.937208
1,69,310.466398
1,70,70.322810
1,71,285.781666
1,72,67.345306
1,73,277.454961
1,74,283.277648
1,75,263.225618
1,76,138.154183
1,77,87.032236
1,78,17.526385
1,79,297.748099
1,80,65.087942
1,81,445.125554
1,82,302.713290
1,83,276.379811
1,84,111.031486
1,85,230.624872
1,86,127.569201
1,87,190.495949
1,88,258.480035
1,89,252.714214
1,90,323.288492
1,91,72.662313
1,92,75.735198
1,93,365.024526
1,94,637.281710
1,95,659.729759
1,96,500.780779
1,97,522.131061
1,98,385.345909
1,99,43.609548
1,100,416.396002
1,101,109.505159
1,102,423.661855
1,103,271.417188
1,104,385.988521
1,105,201.401415
1,106,139.936782
1,107,288.772860
1,108,73.436502
1,109,232.762477
1,110,463.625653
1,111,118.112603
1,112,446.897509
1,113,93.306153
1,114,275.799816
1,115,617.318260
1,116,436.967719
1,117,405.051575
1,118,255.522715
1,119,133.817466
1,120,177.590206
1,121,62.675409
1,122,204.711952
1,123,295.861788
1,124,438.591131
1,125,211.139882
1,126,483.976637
1,127,111.781470
1,128,125.698657
1,129,217.970688
1,130,268.511641
1,131,61.041095
1,132,279.479840
1,133,60.431663
1,134,111.373643
1,135,62.847969
1,136,196.231670
1,137,283.333430
1,138,354.946165
1,139,373.856269
1,140,317.720274
1,141,175.673591
1,142,110.112063
1,143,306.181868
1,144,331.154385
1,145,355.908589
1,146,59.626874
1,147,321.612225
1,148,6.975938
1,149,276.146928
1,150,220.893320
1,151,57.388834
1,152,167.020852
1,153,307.151294
1,154,254.364083
1,155,333.059501
1,156,327.111132
1,157,378.616144
1,158,404.015460
1,159,66.151249
1,160,143.073908
1,161,326.720122
1,162,140.285585
1,163,222.670728
1,164,154.043567
1,165,96.716199
1,166,355.439314
1,167,45.083610
1,168,338.177129
1,169,249.776719
1,170,240.231267
1,171,366.199968
1,172,445.756971
1,173,53.460350
1,174,227.426893
1,175,104.072466
1,176,307.298539
1,177,58.650068
1,178,289.120139
1,179,143.128372
1,180,314.274525
1,181,303.496750
1,182,73.187569
1,183,405.956125
1,184,398.089316
1,185,414.174939
1,186,446.314113
1,187,363.590638
1,188,62.237029
1,189,228.548583
1,190,58.224183
1,191,225.146660
1,192,316.899288
1,193,61.793513
1,194,157.537255
1,195,281.534406
1,196,114.008494
1,197,153.440222
1,198,58.721752
1,199,632.361296
1,200,56.625685
1,201,325.797018
1,202,128.336431
1,203,242.786854
1,204,62.032837
1,205,153.855809
1,206,313.703460
1,207,316.706467
1,208,60.796961
1,209,12.867788
1,210,274.189095
1,211,57.385605
1,212,351.730538
1,213,81.714361
1,214,183.084052
1,215,472.344453
1,216,59.804489
1,217,332.294497
1,218,56.134428
1,219,251.553205
1,220,212.965369
1,221,236.371710
1,222,293.253799
1,223,295.884453
1,224,201.597002
1,225,194.133088
1,226,388.820082
1,227,53.371030
1,228,159.966906
1,229,180.912484
1,230,226.684178
1,231,145.697634
1,232,81.248690
1,233,319.641303
1,234,215.171406
1,235,56.540516
1,236,177.405375
1,237,153.864413
1,238,248.389029
1,239,108.924378
1,240,49.276371
1,241,288.248605
1,242,143.240392
1,243,158.771775
1,244,215.288074
1,245,256.874595
1,246,196.711519
1,247,297.441243
1,248,99.892175
1,249,142.472660
1,250,51.825497
1,251,150.951159
1,252,49.408292
1,253,191.446156
1,254,45.568906
1,255,50.927700
1,256,243.735145
1,257,275.601373
1,258,303.712940
1,259,272.549816
1,260,137.878230
1,261,269.440276
1,262,47.083459
1,263,243.407921
1,264,102.968971
1,265,162.947550
1,266,234.800805
1,267,475.115604
1,268,226.116761
1,269,267.008638
1,270,405.254304
1,271,196.536405
1,272,489.403490
1,273,343.081839
1,274,286.861868
1,275,208.638724
1,276,49.581482
1,277,308.795003
1,278,52.659344
1,279,237.776459
1,280,367.754973
1,281,319.410785
1,282,49.295459
1,283,350.516909
1,284,318.217570
1,285,300.101860
1,286,267.849054
1,287,346.106475
1,288,103.470429
1,289,58.109544
1,290,90.211996
1,291,257.888142
1,292,200.372764
1,293,302.102803
1,294,242.506322
1,295,328.085625
1,296,226.477015
1,297,180.132899
1,298,450.869713
1,299,74.795657
1,300,274.347962
1,301,402.726440
1,302,353.322598
1,303,350.329407
1,304,330.402257
1,305,57.311876
1,306,218.214635
1,307,423.081574
1,308,132.088803
1,309,217.975973
1,310,446.289223
1,311,375.418228
1,312,333.338408
1,313,293.231130
1,314,120.489440
1,315,387.197446
1,316,272.720841
1,317,308.452322
1,318,60.478597
1,319,154.936080
1,320,263.084464
1,321,333.510657
1,322,285.129103
1,323,83.267862
1,324,347.785440
1,325,103.793903
1,326,391.343832
1,327,405.842274
1,328,376.075773
1,329,49.091201
1,330,4.133780
1,331,267.924161
1,332,69.000164
1,333,238.609730
1,334,176.250416
1,335,310.326186
1,336,155.510864
1,337,349.792725
1,338,286.708275
1,339,196.694307
1,340,42.666015
1,341,183.694495
1,342,271.254795
1,343,104.130952
1,344,181.187522
1,345,217.907212
1,346,144.115490
1,347,151.231067
1,348,280.116554
1,349,360.073666
1,350,219.649810
1,351,169.217903
1,352,150.176122
1,353,106.940791
1,354,253.929912
1,355,275.628884
1,356,54.961277
1,357,258.855861
1,358,52.929396
1,359,158.106852
1,360,1.655394
1,361,105.898899
1,362,299.312917
1,363,360.836633
1,364,231.215297
1,365,307.921048
1,366,221.856217
1,367,107.902980
1,368,272.541439
1,369,283.673839
1,370,161.426754
1,371,256.581829
1,372,244.291933
1,373,338.076588
1,374,229.346098
1,375,250.434151
1,376,77.922119
1,377,475.252189
1,378,39.957075
1,379,280.685942
1,380,54.640977
1,381,191.788922
1,382,148.780998
1,383,313.948867
1,384,52.927264
1,385,189.155281
1,386,759.701423
1,387,762.484325
1,388,331.077783
1,389,374.824020
1,390,6.750737
1,391,425.213204
1,392,374.999804
1,393,439.471134
1,394,326.917256
1,395,276.375230
1,396,49.454021
1,397,72.945407
1,398,465.416320
1,399,255.577640
1,400,397.320870
1,401,440.586200
1,402,462.215353
1,403,419.598915
1,404,394.944824
1,405,81.976817
1,406,383.439781
1,407,269.992909
1,408,569.015378
1,409,463.217147
1,410,384.826539
1,411,393.460335
1,412,62.341460
1,413,385.330103
1,414,374.814965
1,415,455.733084
1,416,585.537028
1,417,274.941181
1,418,261.234672
1,419,403.656101
1,420,16.380022
1,421,186.614302
1,422,307.982022
1,423,380.577815
1,424,370.636666
1,425,273.922990
1,426,362.170622
1,427,360.414936
1,428,93.295020
1,429,102.211237
1,430,500.620596
1,431,144.919932
1,432,316.792096
1,433,446.382291
1,434,62.383651
1,435,408.374438
1,436,71.928450
1,437,159.002044
1,438,162.444685
1,439,242.801962
1,440,307.530315
1,441,163.241554
1,442,360.293376
1,443,42.505560
1,444,309.658926
1,445,360.369082
1,446,65.276787
1,447,96.314427
1,448,531.626083
1,449,359.040373
1,450,59.831409
1,451,496.663719
1,452,315.711642
1,453,487.099270
1,454,59.320236
1,455,256.565607
1,456,64.009027
1,457,428.396620
1,458,185.995403
1,459,374.621066
1,460,319.573757
1,461,380.340830
1,462,302.179627
1,463,518.541740
1,464,371.244614
1,465,591.190356
1,466,416.539253
1,467,573.268602
1,468,64.033716
1,469,197.484871
1,470,79.140578
1,471,414.402386
1,472,499.356535
1,473,77.966026
1,474,246.981363
1,475,66.800923
1,476,213.950673
1,477,195.648522
1,478,204.299220
1,479,70.889038
1,480,349.177675
1,481,69.226931
1,482,300.381358
1,483,63.473079
1,484,105.551919
1,485,439.572472
1,486,302.333477
1,487,422.110813
1,488,380.950081
1,489,113.050192
1,490,200.347290
1,491,253.395712
1,492,393.798569
1,493,58.492481
1,494,464.824315
1,495,81.335927
1,496,89.178625
1,497,448.154444
1,498,143.417152
1,499,372.907293
1,500,380.993641
1,501,93.396033
1,502,262.780669
1,503,296.658552
1,504,13.854185
1,505,264.448394
1,506,63.352265
1,507,387.847439
1,508,501.855390
1,509,384.720599
1,510,479.796716
1,511,255.516728
1,512,307.399293
1,513,340.523564
1,514,267.922533
1,515,345.024113
1,516,325.322195
1,517,257.559165
1,518,117.236403
1,519,249.386937
1,520,296.142529
1,521,369.117193
1,522,97.834484
1,523,195.954786
1,524,364.601190
1,525,69.941682
1,526,568.388361
1,527,140.615343
1,528,318.270278
1,529,316.732643
1,530,194.632953
1,531,66.336104
1,532,238.355025
1,533,63.645309
1,534,332.260077
1,535,195.458544
1,536,286.044837
1,537,307.565485
1,538,49.523618
1,539,249.290483
1,540,465.226308
1,541,315.883618
1,542,312.367021
1,543,126.843541
1,544,242.932935
1,545,366.754056
1,546,454.380044
1,547,473.608972
1,548,9.121614
1,549,245.969254
1,550,374.185786
1,551,62.555897
1,552,246.612503
1,553,57.752696
1,554,101.348975
1,555,312.843855
1,556,51.036236
1,557,231.543329
1,558,68.129417
1,559,224.616173
1,560,208.358318
1,561,72.175490
1,562,159.469743
1,563,281.210300
1,564,118.928682
1,565,367.546993
1,566,101.610293
1,567,158.163289
1,568,417.516817
1,569,79.967487
1,570,413.845431
1,571,470.762249
1,572,206.169362
1,573,575.058344
1,574,93.846939
1,575,312.406870
1,576,331.597048
1,577,567.512616
1,578,296.210765
1,579,259.226370
1,580,329.945023
1,581,227.172458
1,582,341.903322
1,583,91.070819
1,584,624.322680
1,585,79.066800
1,586,66.353683
1,587,507.615087
1,588,481.229546
1,589,209.663933
1,590,343.180311
1,591,311.345459
1,592,699.218820
1,593,63.654938
1,594,301.074713
1,595,146.598357
1,596,334.215049
1,597,310.573559
1,598,209.552255
1,599,279.269171
1,600,308.835541
1,601,185.606992
1,602,361.793980
1,603,256.335184
1,604,513.649503
1,605,323.251894
1,606,521.541788
1,607,438.215282
1,608,329.828509
1,609,65.338529
1,610,348.615887
1,611,318.814748
1,612,400.088640
1,613,368.315590
1,614,60.127536
1,615,383.172529
1,616,374.051640
1,617,376.796467
1,618,427.710139
1,619,529.775594
1,620,268.516095
1,621,307.447831
1,622,368.118012
1,623,111.000574
1,624,348.209932
1,625,246.199532
1,626,171.614643
1,627,226.608797
1,628,42.093326
1,629,123.846695
1,630,318.941033
1,631,241.806913
1,632,274.298722
1,633,77.226958
1,634,4.255714
1,635,58.515847
1,636,164.501681
1,637,272.758355
1,638,213.194174
1,639,77.414488
1,640,178.119372
1,641,61.485782
1,642,302.172625
1,643,131.222249
1,644,220.120768
1,645,3.866662
1,646,202.723469
1,647,113.977684
1,648,274.542777
1,649,63.463545
1,650,167.336466
1,651,15.110642
1,652,304.097949
1,653,208.271360
1,654,228.907490
1,655,251.392189
1,656,68.980898
1,657,179.607607
1,658,82.968388
1,659,311.605118
1,660,409.928916
1,661,4.607241
1,662,290.311076
1,663,199.685105
1,664,67.882170
1,665,120.652040
1,666,63.115654
1,667,73.364553
1,668,13.000090
1,669,253.877615
1,670,61.419416
1,671,122.753931
1,672,265.645636
1,673,319.564450
1,674,63.547497
1,675,230.722929
1,676,74.880623
1,677,246.895665
1,678,67.127320
1,679,202.347927
1,680,61.885682
1,681,63.509472
1,682,252.584742
1,683,115.307543
1,684,262.449964
1,685,200.500546
1,686,62.228064
1,687,237.142385
1,688,297.869242
1,689,317.165589
1,690,366.070585
1,691,127.441272
1,692,64.458183
1,693,129.467561
1,694,298.172967
1,695,385.200689
1,696,247.317539
1,697,61.231051
1,698,242.921703
1,699,54.737352
1,700,228.359950
1,701,224.766022
1,702,145.460425
1,703,298.485953
1,704,60.128920
1,705,275.842362
1,706,1280.854642
1,707,342.740301
1,708,71.684845
1,709,366.590869
1,710,210.594919
1,711,138.861008
1,712,328.473739
1,713,66.280889
1,714,202.876848
1,715,63.333171
1,716,174.812825
1,717,168.524574
1,718,353.979650
1,719,387.963743
1,720,83.433017
1,721,427.069246
1,722,310.272092
1,723,37.362928
1,724,178.662614
1,725,395.679815
1,726,0.417643
1,727,268.534524
1,728,464.226803
1,729,0.417643
1,730,344.507940
1,731,672.484942
1,732,476.995031
1,733,309.468837
1,734,308.260807
1,735,81.884641
1,736,243.160342
1,737,90.391151
1,738,407.097129
1,739,292.809684
1,740,349.234153
1,741,331.332961
1,742,442.936775
1,743,148.434393
1,744,219.186605
1,745,248.452669
1,746,59.974239
1,747,317.071285
1,748,258.908947
1,749,65.447787
1,750,198.619351
1,751,61.176466
1,752,196.256750
1,753,166.474648
1,754,123.501366
1,755,154.549452
1,756,59.257242
1,757,184.502019
1,758,138.812299
1,759,372.949120
1,760,60.135804
1,761,262.163702
1,762,403.848872
1,763,9.937381
1,764,189.685866
1,765,309.970764
1,766,56.211484
1,767,201.972206
1,768,193.083051
1,769,401.584386
1,770,97.927056
1,771,194.629554
1,772,291.390174
1,773,118.179104
1,774,131.684018
1,775,194.890105
1,776,363.840658
1,777,304.667231
1,778,61.230699
1,779,260.551437
1,780,60.016332
1,781,170.113293
1,782,337.145152
1,783,63.044524
1,784,279.415374
1,785,56.240019
1,786,146.572725
1,787,65.091115
1,788,392.060510
1,789,56.909793
1,790,113.930607
1,791,305.215637
1,792,360.888156
1,793,370.467365
1,794,541.483137
1,795,2.362188
1,796,323.852370
1,797,223.240447
1,798,325.357128
1,799,73.834623
1,800,292.040232
1,801,471.474007
1,802,87.892367
1,803,463.815453
1,804,388.388052
1,805,197.495404
1,806,344.278384
1,807,76.582081
1,808,321.663237
1,809,165.938509
1,810,78.062299
1,811,190.292661
1,812,242.632881
1,813,308.173138
1,814,439.869872
1,815,454.034996
1,816,471.577348
1,817,122.580681
1,818,554.495998
1,819,119.103495
1,820,300.544600
1,821,99.971702
1,822,89.434785
1,823,270.009928
1,824,209.468831
1,825,80.783649
1,826,371.101955
1,827,92.877646
1,828,203.135298
1,829,878.616780
1,830,376.979971
1,831,227.227641
1,832,91.138770
1,833,656.076227
1,834,329.496933
1,835,385.622060
1,836,84.026527
1,837,533.988292
1,838,354.357076
1,839,272.984373
1,840,202.956403
1,841,338.811041
1,842,292.158716
1,843,222.389639
1,844,179.515165
1,845,421.752721
1,846,310.684957
1,847,74.311819
1,848,210.865834
1,849,234.469815
1,850,276.047412
1,851,335.213464
1,852,264.271248
1,853,84.436253
1,854,385.278931
1,855,90.097119
1,856,116.334567
1,857,264.097418
1,858,79.424302
1,859,311.339567
1,860,347.987324
1,861,51.821451
1,862,268.227696
1,863,226.176106
1,864,63.103771
1,865,242.426243
1,866,162.584453
1,867,311.275511
1,868,97.718554
1,869,598.346428
1,870,260.226499
1,871,76.989585
1,872,410.245842
1,873,293.355831
1,874,112.742077
1,875,25.891711
1,876,305.237580
1,877,258.463961
1,878,363.662109
1,879,287.430613
1,880,185.988644
1,881,394.417253
1,882,252.777850
1,883,23.558049
1,884,201.260372
1,885,256.291954
1,886,430.618060
1,887,168.809757
1,888,500.206976
1,889,296.667713
1,890,83.156284
1,891,153.119202
1,892,73.699374
1,893,200.500156
1,894,358.840541
1,895,496.843643
1,896,394.525410
1,897,79.474596
1,898,258.939338
1,899,28.136912
1,900,570.304138
1,901,83.059741
1,902,308.647311
1,903,272.292108
1,904,304.447404
1,905,151.244950
1,906,369.474514
1,907,476.163146
1,908,79.132444
1,909,25.605527
1,910,413.203852
1,911,83.270107
1,912,154.282904
1,913,329.891959
1,914,75.954235
1,915,519.266302
1,916,78.214513
1,917,510.695205
1,918,314.147164
1,919,282.661807
1,920,142.950479
1,921,372.835712
1,922,26.610999
1,923,410.728250
1,924,133.796567
1,925,285.760390
1,926,252.306741
1,927,87.855689
1,928,595.308909
1,929,69.588957
1,930,265.499444
1,931,314.654485
1,932,129.640992
1,933,604.432103
1,934,78.209276
1,935,302.432650
1,936,362.462484
1,937,159.865692
1,938,232.203981
1,939,369.518844
1,940,196.428685
1,941,94.237503
1,942,287.531528
1,943,276.068032
1,944,81.546493
1,945,132.305602
1,946,65.304518
1,947,245.157714
1,948,344.008433
1,949,213.044761
1,950,430.498288
1,951,192.492776
1,952,455.249865
1,953,409.619974
1,954,406.603196
1,955,348.789701
1,956,95.503549
1,957,253.910014
1,958,287.045620
1,959,308.151529
1,960,103.716964
1,961,299.940330
1,962,150.542650
1,963,382.362734
1,964,349.024313
1,965,237.327227
1,966,116.924201
1,967,123.790643
1,968,460.266786
1,969,368.325432
1,970,76.400001
1,971,308.665114
1,972,90.192060
1,973,410.618210
1,974,411.385705
1,975,117.608418
1,976,416.574105
1,977,92.172269
1,978,359.622670
1,979,77.824745
1,980,276.566997
1,981,26.642647
1,982,568.427683
1,983,107.037370
1,984,214.100493
1,985,226.645867
1,986,210.453576
1,987,162.711363
1,988,424.522155
1,989,74.300689
1,990,403.914362
1,991,280.917911
1,992,552.171148
1,993,259.903513
1,994,253.057784
1,995,223.407247
1,996,146.695832
1,997,358.847338
1,998,564.244772
1,999,209.757432
1,1000,532.761684
1,1001,116.047750
1,1002,173.970040
1,1003,534.287864
1,1004,176.030894
1,1005,165.880515
1,1006,196.806903
1,1007,167.807318
1,1008,299.887799
1,1009,56.783562
1,1010,469.781350
1,1011,183.307853
1,1012,560.863842
1,1013,98.627421
1,1014,253.627686
1,1015,79.739717
1,1016,72.193566
1,1017,153.208033
1,1018,80.197160
1,1019,82.955451
1,1020,297.800999
1,1021,15.134857
1,1022,271.127704
1,1023,434.797748
1,1024,178.115751
1,1025,94.992335
1,1026,283.736888
1,1027,297.277609
1,1028,68.662303
1,1029,307.909489
1,1030,14.527672
1,1031,283.009600
1,1032,73.054185
1,1033,215.197411
1,1034,470.626253
1,1035,347.526745
1,1036,69.479148
1,1037,131.179462
1,1038,139.244998
1,1039,350.368604
1,1040,64.895599
1,1041,447.129715
1,1042,64.155852
1,1043,307.942595
1,1044,84.361776
1,1045,236.629157
1,1046,227.362470
1,1047,388.869796
1,1048,295.989205
1,1049,73.399031
1,1050,210.626166
1,1051,395.835781
1,1052,314.765298
1,1053,542.671738
1,1054,209.100343
1,1055,317.091877
1,1056,71.673606
1,1057,446.906994
1,1058,197.478726
1,1059,435.253903
1,1060,20.280962
1,1061,293.094248
1,1062,71.776192
1,1063,82.856578
1,1064,220.898088
1,1065,81.491256
1,1066,84.875582
1,1067,136.389318
1,1068,237.463910
1,1069,77.409604
1,1070,248.478653
1,1071,76.490095
1,1072,356.641749
1,1073,131.245698
1,1074,193.413421
1,1075,466.971764
1,1076,146.053760
1,1077,76.215967
1,1078,417.313691
1,1079,426.247267
1,1080,251.905876
1,1081,325.410523
1,1082,102.922563
1,1083,327.878616
1,1084,141.392461
1,1085,203.890363
1,1086,497.699125
1,1087,78.058083
1,1088,174.420752
1,1089,458.153374
1,1090,408.293955
1,1091,88.629569
1,1092,227.806298
1,1093,76.830950
1,1094,311.087430
1,1095,111.882638
1,1096,427.148807
1,1097,733.304280
1,1098,156.685663
1,1099,370.028347
1,1100,129.552145
1,1101,296.635850
1,1102,421.631980
1,1103,438.492507
1,1104,96.906914
1,1105,257.977756
1,1106,174.649934
1,1107,71.914850
1,1108,335.388296
1,1109,70.834265
1,1110,452.099630
1,1111,128.463016
1,1112,456.914486
1,1113,124.672748
1,1114,127.867013
1,1115,317.456204
1,1116,528.759455
1,1117,379.648450
1,1118,75.638326
1,1119,149.314302
1,1120,431.453892
1,1121,329.797974
1,1122,154.604727
1,1123,391.862557
1,1124,254.353753
1,1125,83.640889
1,1126,1098.414652
1,1127,171.252449
1,1128,80.838184
1,1129,516.000358
1,1130,330.327133
1,1131,546.465108
1,1132,65.240257
1,1133,388.828643
1,1134,235.041278
1,1135,329.558584
1,1136,104.673802
1,1137,238.192575
1,1138,316.807174
1,1139,373.818390
1,1140,417.230002
1,1141,401.431879
1,1142,61.152193
1,1143,200.930100
1,1144,144.065017
1,1145,241.551660
1,1146,199.024547
1,1147,379.704262
1,1148,104.256541
1,1149,188.649071
1,1150,100.368937
1,1151,303.373674
1,1152,73.874428
1,1153,302.261189
1,1154,200.514496
1,1155,78.402647
1,1156,369.763833
1,1157,224.340282
1,1158,212.644187
1,1159,356.380066
1,1160,21.754415
1,1161,314.673979
1,1162,278.599500
1,1163,268.782572
1,1164,489.694896
1,1165,169.861260
1,1166,282.708792
1,1167,118.274070
1,1168,388.062241
1,1169,262.700348
1,1170,183.307696
1,1171,98.882461
1,1172,285.482428
1,1173,240.071042
1,1174,297.631650
1,1175,207.391756
1,1176,83.832493
1,1177,303.539547
1,1178,236.367078
1,1179,23.287084
1,1180,369.252510
1,1181,215.107968
1,1182,243.693510
1,1183,206.971661
1,1184,324.254033
1,1185,428.164603
1,1186,225.835563
1,1187,23.384085
1,1188,452.328774
1,1189,94.128837
1,1190,454.617481
1,1191,87.254415
1,1192,416.230844
1,1193,69.993830
1,1194,78.167601
1,1195,303.178926
1,1196,337.833255
1,1197,74.485905
1,1198,180.383111
1,1199,72.578841
1,1200,243.058841
1,1201,146.806695
1,1202,131.478306
1,1203,165.782151
1,1204,239.709396
1,1205,313.110596
1,1206,90.149768
1,1207,176.900005
1,1208,155.485797
1,1209,497.822285
1,1210,93.096892
1,1211,522.168042
1,1212,127.048154
1,1213,412.936200
1,1214,115.927860
1,1215,279.496035
1,1216,271.175390
1,1217,453.609958
1,1218,153.384486
1,1219,74.973051
1,1220,394.723443
1,1221,128.542919
1,1222,398.350214
1,1223,194.359708
1,1224,257.044066
1,1225,278.467864
1,1226,77.462731
1,1227,355.377447
1,1228,240.856502
1,1229,396.301520
1,1230,297.703291
1,1231,391.867264
1,1232,472.752730
1,1233,535.874220
1,1234,75.841419
1,1235,406.205126
1,1236,77.724502
1,1237,481.213940
1,1238,98.768658
1,1239,379.291739
1,1240,234.844590
1,1241,540.867229
1,1242,80.742092
1,1243,215.751301
1,1244,477.914471
1,1245,112.614806
1,1246,615.777442
1,1247,697.247439
1,1248,673.248237
1,1249,26.326186
1,1250,492.322861
1,1251,497.287707
1,1252,596.089570
1,1253,104.233533
1,1254,473.734149
1,1255,432.145146
1,1256,241.393940
1,1257,86.705891
1,1258,431.879400
1,1259,438.486239
1,1260,351.012024
1,1261,101.766457
1,1262,475.454723
1,1263,85.464125
1,1264,314.632299
1,1265,563.754819
1,1266,314.855212
1,1267,552.659911
1,1268,112.470496
1,1269,546.890519
1,1270,624.918381
1,1271,76.261448
1,1272,440.678914
1,1273,792.969959
1,1274,507.345676
1,1275,646.923327
1,1276,422.056998
1,1277,86.961878
1,1278,354.215852
1,1279,286.187495
1,1280,194.619117
1,1281,246.397868
1,1282,403.532431
1,1283,32.938857
1,1284,425.001186
1,1285,318.800466
1,1286,85.859032
1,1287,332.354177
1,1288,394.475501
1,1289,165.401305
1,1290,439.854101
1,1291,555.638593
1,1292,407.394765
1,1293,62.576044
1,1294,262.253450
1,1295,175.899271
1,1296,313.666409
1,1297,69.104722
1,1298,537.214042
1,1299,172.062581
1,1300,106.030826
1,1301,86.424609
1,1302,500.021873
1,1303,102.350636
1,1304,23.201642
1,1305,211.434560
1,1306,395.867696
1,1307,952.599817
1,1308,602.017346
1,1309,100.263447
1,1310,696.020727
1,1311,83.287838
1,1312,217.480704
1,1313,254.647879
1,1314,561.029584
1,1315,164.140732
1,1316,760.910586
1,1317,78.220025
1,1318,447.994546
1,1319,290.935684
1,1320,403.452900
1,1321,92.203342
1,1322,271.618433
1,1323,177.406138
1,1324,570.724529
1,1325,111.414299
1,1326,575.921175
1,1327,215.478122
1,1328,296.888359
1,1329,422.928859
1,1330,442.312248
1,1331,83.057037
1,1332,240.235420
1,1333,471.073705
1,1334,25.719418
1,1335,418.825698
1,1336,333.232822
1,1337,363.240116
1,1338,336.755135
1,1339,87.838015
1,1340,374.197799
1,1341,320.534419
1,1342,235.926356
1,1343,477.422802
1,1344,81.738167
1,1345,195.335830
1,1346,484.301353
1,1347,75.783773
1,1348,241.226760
1,1349,462.529725
1,1350,525.030065
1,1351,388.747274
1,1352,394.469266
1,1353,401.195835
1,1354,105.120488
1,1355,267.643935
1,1356,326.085722
1,1357,71.466807
1,1358,393.280575
1,1359,67.107170
1,1360,447.330480
1,1361,239.669080
1,1362,457.855046
1,1363,74.282547
1,1364,229.246115
1,1365,442.020504
1,1366,807.732600
1,1367,383.825173
1,1368,384.860426
1,1369,125.802569
1,1370,428.912880
1,1371,85.294353
1,1372,401.359383
1,1373,580.935067
1,1374,224.086551
1,1375,103.207310
1,1376,371.628516
1,1377,284.426646
1,1378,358.983145
1,1379,83.337188
1,1380,357.628485
1,1381,625.806343
1,1382,128.334233
1,1383,214.636992
1,1384,217.960112
1,1385,26.967627
1,1386,536.036675
1,1387,523.011068
1,1388,79.634250
1,1389,529.607526
1,1390,423.959563
1,1391,489.270641
1,1392,84.363676
1,1393,197.900561
1,1394,514.656252
1,1395,536.203941
1,1396,531.580537
1,1397,97.421696
1,1398,528.571683
1,1399,552.291880
1,1400,93.096109
1,1401,498.343042
1,1402,362.778800
1,1403,80.550311
1,1404,476.551913
1,1405,290.641850
1,1406,309.545407
1,1407,158.676838
1,1408,214.860330
1,1409,294.489787
1,1410,80.575328
1,1411,584.117325
1,1412,362.707230
1,1413,410.826469
1,1414,551.172866
1,1415,26.669726
1,1416,617.556664
1,1417,94.555935
1,1418,21.120970
1,1419,495.565580
1,1420,386.249560
1,1421,78.239970
1,1422,292.669813
1,1423,265.839935
1,1424,402.535976
1,1425,81.579106
1,1426,38.464450
1,1427,484.875712
1,1428,575.431022
1,1429,450.265480
1,1430,89.544116
1,1431,387.654599
1,1432,86.391545
1,1433,403.722667
1,1434,503.495694
1,1435,356.018229
1,1436,183.192574
1,1437,389.865171
1,1438,141.091497
1,1439,73.775471
1,1440,286.463253
1,1441,75.762402
1,1442,370.552648
1,1443,395.650993
1,1444,521.801620
1,1445,126.683650
1,1446,429.088555
1,1447,418.710721
1,1448,666.187157
1,1449,461.683603
1,1450,107.894841
1,1451,366.076868
1,1452,203.710550
1,1453,651.923364
1,1454,82.815639
1,1455,402.111760
1,1456,495.468983
1,1457,293.000398
1,1458,434.705777
1,1459,406.861849
1,1460,72.614395
1,1461,395.405127
1,1462,398.984588
1,1463,80.821067
1,1464,501.809945
1,1465,693.534823
1,1466,208.609404
1,1467,459.711858
1,1468,342.110620
1,1469,222.570724
1,1470,395.473003
1,1471,168.954518
1,1472,428.348934
1,1473,135.379587
1,1474,420.099691
1,1475,24.049647
1,1476,547.931078
1,1477,324.755408
1,1478,84.522219
1,1479,397.457554
1,1480,112.820323
1,1481,459.301093
1,1482,248.618713
1,1483,297.375462
1,1484,317.092725
1,1485,186.610703
1,1486,88.426393
1,1487,440.394603
1,1488,350.613120
1,1489,447.860876
1,1490,558.743273
1,1491,479.096972
1,1492,96.384516
1,1493,510.421075
1,1494,258.145358
1,1495,235.275250
1,1496,259.151415
1,1497,83.706084
1,1498,477.661562
1,1499,506.290584
1,1500,547.097765
1,1501,39.457642
1,1502,662.234220
1,1503,419.123135
1,1504,83.436962
1,1505,251.443389
1,1506,723.210057
1,1507,99.976608
1,1508,563.271833
1,1509,76.070466
1,1510,324.706960
1,1511,83.259106
1,1512,501.337819
1,1513,520.845949
1,1514,269.291110
1,1515,187.163317
1,1516,350.340985
1,1517,377.249334
1,1518,445.423014
1,1519,529.795706
1,1520,282.354076
1,1521,498.406231
1,1522,73.103749
1,1523,381.205575
1,1524,418.932020
1,1525,110.193842
1,1526,383.789044
1,1527,338.371296
1,1528,485.508149
1,1529,81.883655
1,1530,661.944099
1,1531,597.050279
1,1532,69.427506
1,1533,74.194120
1,1534,464.021325
1,1535,69.870652
1,1536,175.637961
1,1537,522.238932
1,1538,213.234974
1,1539,553.297081
1,1540,386.040873
1,1541,281.487709
1,1542,366.972216
1,1543,546.043330
1,1544,60.460119
1,1545,5.543199
1,1546,442.077551
1,1547,497.986578
1,1548,69.903117
1,1549,401.574126
1,1550,70.517554
1,1551,505.284107
1,1552,504.920074
1,1553,70.800730
1,1554,208.312183
1,1555,77.517825
1,1556,355.222532
1,1557,370.116189
1,1558,74.355711
1,1559,421.694637
1,1560,287.497693
1,1561,413.490934
1,1562,78.627715
1,1563,315.268337
1,1564,570.995437
1,1565,440.755013
1,1566,247.817275
1,1567,92.628024
1,1568,449.939681
1,1569,337.449090
1,1570,48.404704
1,1571,305.821073
1,1572,262.958156
1,1573,431.627367
1,1574,59.696921
1,1575,221.429239
1,1576,438.836752
1,1577,379.760982
1,1578,140.204640
1,1579,427.408793
1,1580,61.755168
1,1581,236.207792
1,1582,380.631461
1,1583,72.479194
1,1584,318.514426
1,1585,78.948238
1,1586,497.444791
1,1587,169.326430
1,1588,330.805323
1,1589,224.387305
1,1590,167.893176
1,1591,357.465539
1,1592,36.136674
1,1593,239.765709
1,1594,94.998691
1,1595,355.504948
1,1596,16.594032
1,1597,366.438586
1,1598,77.429098
1,1599,354.699673
1,1600,106.950079
1,1601,83.712094
1,1602,205.069156
1,1603,255.452710
1,1604,200.735737
1,1605,162.174893
1,1606,563.256511
1,1607,72.634733
1,1608,472.318982
1,1609,346.703730
1,1610,89.476708
1,1611,355.707599
1,1612,97.965985
1,1613,139.570982
1,1614,468.659784
1,1615,83.865722
1,1616,20.362421
1,1617,405.965395
1,1618,72.786321
1,1619,315.913068
1,1620,142.664680
1,1621,76.123380
1,1622,350.790022
1,1623,384.110297
1,1624,332.614378
1,1625,309.649644
1,1626,279.423566
1,1627,483.312616
1,1628,74.808958
1,1629,553.506352
1,1630,411.808727
1,1631,115.592444
1,1632,483.215436
1,1633,383.408278
1,1634,471.926179
1,1635,169.096080
1,1636,224.812181
1,1637,137.896148
1,1638,401.101192
1,1639,247.292582
1,1640,160.450966
1,1641,314.770972
1,1642,19.779849
1,1643,290.417827
1,1644,78.733468
1,1645,146.616366
1,1646,250.489937
1,1647,179.658699
1,1648,229.277231
1,1649,4.876660
1,1650,206.147019
1,1651,55.561249
1,1652,320.933756
1,1653,4.876660
1,1654,273.985756
1,1655,99.901616
1,1656,301.518775
1,1657,116.775295
1,1658,105.917732
1,1659,218.276488
1,1660,310.406391
1,1661,180.244465
1,1662,245.458268
1,1663,348.734488
1,1664,68.668524
1,1665,445.773697
1,1666,445.914843
1,1667,127.442235
1,1668,152.602370
1,1669,355.817989
1,1670,23.894733
1,1671,571.200678
1,1672,101.146906
1,1673,540.553020
1,1674,512.469113
1,1675,71.294221
1,1676,390.102579
1,1677,375.912774
1,1678,82.158270
1,1679,263.491156
1,1680,72.468364
1,1681,91.116670
1,1682,483.662536
1,1683,99.099051
1,1684,44.321326
1,1685,479.776981
1,1686,110.747560
1,1687,337.954681
1,1688,200.590692
1,1689,93.099163
1,1690,400.526246
1,1691,372.555218
1,1692,119.757164
1,1693,495.663265
1,1694,487.604573
1,1695,96.594132
1,1696,430.582789
1,1697,452.613281
1,1698,350.388474
1,1699,298.802293
1,1700,281.364832
1,1701,234.151704
1,1702,469.917052
1,1703,75.686121
1,1704,436.558622
1,1705,71.199385
1,1706,18.578039
1,1707,284.067869
1,1708,68.567566
1,1709,135.875547
1,1710,251.481372
1,1711,205.810476
1,1712,350.613791
1,1713,128.018267
1,1714,149.007468
1,1715,218.716439
1,1716,173.746022
1,1717,184.122766
1,1718,526.021008
1,1719,135.698713
1,1720,103.704839
1,1721,397.602269
1,1722,662.204112
1,1723,318.750178
1,1724,48.296862
1,1725,303.636850
1,1726,77.465606
1,1727,428.070089
1,1728,230.489861
1,1729,418.348451
1,1730,195.383087
1,1731,339.799408
1,1732,63.126434
1,1733,218.605323
1,1734,312.490406
1,1735,14.637635
1,1736,390.544418
1,1737,94.671553
1,1738,171.264907
1,1739,432.952024
1,1740,376.748970
1,1741,196.625078
1,1742,72.756339
1,1743,403.884519
1,1744,267.050462
1,1745,16.328853
1,1746,342.898429
1,1747,413.737969
1,1748,81.494075
1,1749,318.643547
1,1750,74.168451
1,1751,489.743663
1,1752,82.721546
1,1753,391.206701
1,1754,148.175590
1,1755,275.303776
1,1756,317.803134
1,1757,191.406839
1,1758,265.571260
1,1759,75.880402
1,1760,437.227051
1,1761,89.302507
1,1762,191.042833
1,1763,147.078315
1,1764,149.532682
1,1765,513.254312
1,1766,105.883018
1,1767,352.334403
1,1768,558.268973
1,1769,13.151703
1,1770,482.817428
1,1771,70.563497
1,1772,78.329042
1,1773,364.288652
1,1774,70.806542
1,1775,18.652664
1,1776,279.982875
1,1777,331.207616
1,1778,69.212328
1,1779,256.859303
1,1780,349.548243
1,1781,372.567742
1,1782,357.433505
1,1783,48.296862
1,1784,381.085673
1,1785,186.162561
1,1786,136.955652
1,1787,492.053088
1,1788,348.730717
1,1789,96.749919
1,1790,498.003589
1,1791,181.536973
1,1792,74.749890
1,1793,227.216506
1,1794,492.257043
1,1795,90.672066
1,1796,244.401429
1,1797,451.730940
1,1798,65.208541
1,1799,217.871537
1,1800,285.520338
1,1801,405.712629
1,1802,97.019102
1,1803,268.205374
1,1804,388.918531
1,1805,95.561178
1,1806,90.499382
1,1807,334.183586
1,1808,500.283003
1,1809,116.570454
1,1810,105.626444
1,1811,201.735640
1,1812,243.951216
1,1813,71.873645
1,1814,159.004665
1,1815,377.285298
1,1816,70.919435
1,1817,41.499493
1,1818,252.356387
1,1819,497.419055
1,1820,236.456210
1,1821,435.876327
1,1822,143.145251
1,1823,311.000868
1,1824,436.439036
1,1825,117.381372
1,1826,463.678606
1,1827,108.290441
1,1828,219.794706
1,1829,430.648152
1,1830,170.404575
1,1831,336.066175
1,1832,77.380571
1,1833,419.684258
1,1834,325.761731
1,1835,135.478579
1,1836,241.871333
1,1837,258.086924
1,1838,100.164618
1,1839,485.532320
1,1840,79.189027
1,1841,419.425607
1,1842,254.622288
1,1843,549.395490
1,1844,624.627205
1,1845,128.876496
1,1846,356.017918
1,1847,277.573616
1,1848,601.016179
1,1849,370.441814
1,1850,196.146143
1,1851,362.866936
1,1852,73.165051
1,1853,394.095281
1,1854,82.173031
1,1855,427.967648
1,1856,395.133058
1,1857,66.272482
1,1858,433.567409
1,1859,77.267678
1,1860,382.473759
1,1861,78.337723
1,1862,627.872881
1,1863,326.915048
1,1864,9.646883
1,1865,292.775468
1,1866,229.502241
1,1867,368.761634
1,1868,74.914093
1,1869,329.752804
1,1870,68.875253
1,1871,278.044679
1,1872,71.377992
1,1873,273.787082
1,1874,558.995438
1,1875,60.734063
1,1876,481.674668
1,1877,282.173870
1,1878,455.364551
1,1879,61.317942
1,1880,400.008581
1,1881,338.361896
1,1882,61.978616
1,1883,167.850811
1,1884,504.295425
1,1885,492.281349
1,1886,2.362188
1,1887,300.551523
1,1888,204.039749
1,1889,306.556445
1,1890,73.834623
1,1891,270.139436
1,1892,418.472081
1,1893,87.892367
1,1894,432.914329
1,1895,393.788249
1,1896,211.295906
1,1897,333.577995
1,1898,76.582081
1,1899,364.864807
1,1900,176.438891
1,1901,78.062299
1,1902,209.893374
1,1903,187.730885
1,1904,253.271143
1,1905,430.369527
1,1906,445.934702
1,1907,414.675280
1,1908,95.779707
1,1909,494.893832
1,1910,86.802321
1,1911,276.443724
1,1912,79.870972
1,1913,128.136192
1,1914,255.909415
1,1915,205.068671
1,1916,80.783649
1,1917,382.002351
1,1918,92.877646
1,1919,235.536475
1,1920,686.609801
1,1921,342.378714
1,1922,199.126619
1,1923,91.138770
1,1924,487.070084
1,1925,298.495806
1,1926,413.423071
1,1927,84.026527
1,1928,540.688535
1,1929,337.956480
1,1930,238.883134
1,1931,177.555480
1,1932,284.709075
1,1933,306.559240
1,1934,238.290217
1,1935,195.015728
1,1936,404.752103
1,1937,350.186393
1,1938,74.311819
1,1939,230.366543
1,1940,259.670731
1,1941,357.750382
1,1942,347.613914
1,1943,299.072513
1,1944,101.036856
1,1945,388.479047
1,1946,76.896639
1,1947,90.433626
1,1948,293.898501
1,1949,79.424302
1,1950,318.239818
1,1951,356.487633
1,1952,51.821451
1,1953,171.924196
1,1954,185.074612
1,1955,63.103771
1,1956,227.325694
1,1957,141.883700
1,1958,248.073213
1,1959,76.217773
1,1960,485.842339
1,1961,173.723355
1,1962,76.989585
1,1963,365.344210
1,1964,273.155096
1,1965,78.040816
1,1966,25.891711
1,1967,313.737889
1,1968,232.863030
1,1969,309.560143
1,1970,249.029217
1,1971,185.988644
1,1972,360.916035
1,1973,252.777850
1,1974,23.558049
1,1975,201.260372
1,1976,211.490326
1,1977,389.516566
1,1978,147.608987
1,1979,418.404003
1,1980,260.866412
1,1981,83.156284
1,1982,153.119202
1,1983,73.699374
1,1984,165.898898
1,1985,351.640279
1,1986,428.841171
1,1987,303.122088
1,1988,79.474596
1,1989,219.137891
1,1990,28.136912
1,1991,442.799504
1,1992,83.059741
1,1993,255.445377
1,1994,244.691105
1,1995,266.746034
1,1996,151.244950
1,1997,307.472260
1,1998,392.960121
1,1999,96.633079
1,2000,25.605527
1,2001,340.801220
1,2002,83.270107
1,2003,134.682191
1,2004,285.490345
1,2005,75.954235
1,2006,379.361216
1,2007,78.214513
1,2008,383.090567
1,2009,233.944249
1,2010,232.059967
1,2011,129.549992
1,2012,297.432972
1,2013,26.610999
1,2014,360.526425
1,2015,133.796567
1,2016,213.157751
1,2017,223.205684
1,2018,87.855689
1,2019,435.703107
1,2020,69.588957
1,2021,228.098085
1,2022,281.553282
1,2023,129.640992
1,2024,541.429813
1,2025,78.209276
1,2026,292.232279
1,2027,341.161710
1,2028,116.864129
1,2029,165.901571
1,2030,344.017917
1,2031,164.827536
1,2032,76.036841
1,2033,268.230827
1,2034,269.467792
1,2035,112.347613
1,2036,148.406187
1,2037,65.304518
1,2038,268.658568
1,2039,348.808608
1,2040,194.944103
1,2041,430.498288
1,2042,171.192002
1,2043,406.948110
1,2044,366.418404
1,2045,386.502465
1,2046,307.388197
1,2047,77.602899
1,2048,180.207335
1,2049,225.143370
1,2050,305.451430
1,2051,83.616234
1,2052,279.739596
1,2053,165.943210
1,2054,388.562960
1,2055,320.323270
1,2056,175.924995
1,2057,88.923183
1,2058,98.889738
1,2059,469.167110
1,2060,333.224156
1,2061,76.400001
1,2062,308.665114
1,2063,90.192060
1,2064,425.418748
1,2065,411.785720
1,2066,83.307171
1,2067,447.975246
1,2068,92.172269
1,2069,331.021630
1,2070,77.824745
1,2071,230.965339
1,2072,26.642647
1,2073,498.325134
1,2074,77.336291
1,2075,197.799901
1,2076,206.245126
1,2077,167.352010
1,2078,162.711363
1,2079,371.720236
1,2080,74.300689
1,2081,355.612607
1,2082,213.315453
1,2083,434.366866
1,2084,235.902640
1,2085,219.756574
1,2086,187.205932
1,2087,133.895367
1,2088,341.246698
1,2089,476.841596
1,2090,99.453422
1,2091,413.757359
1,2092,83.746575
1,2093,140.268815
1,2094,387.382524
1,2095,139.029549
1,2096,137.279475
1,2097,151.805267
1,2098,167.807318
1,2099,243.485748
1,2100,28.782544
1,2101,393.778588
1,2102,95.904676
1,2103,460.060178
1,2104,71.626440
1,2105,208.126032
1,2106,79.739717
1,2107,72.193566
1,2108,168.308582
1,2109,80.197160
1,2110,82.955451
1,2111,325.001987
1,2112,15.134857
1,2113,271.127704
1,2114,401.596541
1,2115,167.415362
1,2116,76.091648
1,2117,266.036245
1,2118,253.576021
1,2119,68.662303
1,2120,273.708246
1,2121,14.527672
1,2122,265.908978
1,2123,73.054185
1,2124,212.897327
1,2125,492.727056
1,2126,388.228225
1,2127,69.479148
1,2128,143.379906
1,2129,123.844438
1,2130,440.871894
1,2131,64.895599
1,2132,516.432234
1,2133,64.155852
1,2134,367.444758
1,2135,106.962598
1,2136,219.128521
1,2137,174.560550
1,2138,305.866779
1,2139,263.688030
1,2140,60.598566
1,2141,172.024763
1,2142,288.631884
1,2143,270.963706
1,2144,464.568900
1,2145,163.698692
1,2146,272.490255
1,2147,71.673606
1,2148,354.203624
1,2149,155.777210
1,2150,313.449476
1,2151,20.280962
1,2152,257.292947
1,2153,71.776192
1,2154,82.856578
1,2155,236.298648
1,2156,81.491256
1,2157,84.875582
1,2158,113.588489
1,2159,237.463910
1,2160,77.409604
1,2161,179.776155
1,2162,76.490095
1,2163,317.240317
1,2164,131.245698
1,2165,130.911150
1,2166,391.569024
1,2167,99.152055
1,2168,87.416374
1,2169,320.410169
1,2170,329.443748
1,2171,166.202760
1,2172,253.807921
1,2173,81.321778
1,2174,259.676137
1,2175,115.091505
1,2176,174.489294
1,2177,422.596395
1,2178,78.058083
1,2179,147.019756
1,2180,367.550081
1,2181,375.892778
1,2182,88.629569
1,2183,227.806298
1,2184,76.830950
1,2185,294.786838
1,2186,108.082500
1,2187,365.646571
1,2188,511.396214
1,2189,128.084624
1,2190,319.826522
1,2191,85.950560
1,2192,242.533883
1,2193,392.330915
1,2194,423.091947
1,2195,75.106122
1,2196,233.576869
1,2197,162.449490
1,2198,71.914850
1,2199,282.086358
1,2200,70.834265
1,2201,376.796893
1,2202,96.661860
1,2203,390.612076
1,2204,124.672748
1,2205,104.466163
1,2206,264.754288
1,2207,442.656325
1,2208,327.946571
1,2209,75.638326
1,2210,134.513764
1,2211,352.151009
1,2212,263.095549
1,2213,118.103400
1,2214,365.061582
1,2215,203.051888
1,2216,83.640889
1,2217,683.199559
1,2218,131.751013
1,2219,112.239325
1,2220,470.098690
1,2221,275.525141
1,2222,496.263283
1,2223,65.240257
1,2224,365.827807
1,2225,201.640064
1,2226,367.659969
1,2227,76.172766
1,2228,235.592480
1,2229,277.205734
1,2230,321.216478
1,2231,357.627836
1,2232,295.828041
1,2233,61.152193
1,2234,178.429282
1,2235,82.062764
1,2236,225.551078
1,2237,167.523401
1,2238,316.501964
1,2239,76.955549
1,2240,188.649071
1,2241,79.768188
1,2242,303.373674
1,2243,73.874428
1,2244,281.060419
1,2245,200.514496
1,2246,78.402647
1,2247,369.763833
1,2248,183.938814
1,2249,184.243155
1,2250,330.679131
1,2251,21.754415
1,2252,314.673979
1,2253,278.599500
1,2254,219.380777
1,2255,503.795408
1,2256,169.861260
1,2257,297.309322
1,2258,83.872819
1,2259,410.863070
1,2260,274.200766
1,2261,183.307696
1,2262,78.181708
1,2263,272.581959
1,2264,220.670336
1,2265,236.429426
1,2266,207.391756
1,2267,83.832493
1,2268,262.338049
1,2269,214.966300
1,2270,23.287084
1,2271,356.552049
1,2272,214.607950
1,2273,243.693510
1,2274,205.171595
1,2275,286.652666
1,2276,386.763098
1,2277,174.533698
1,2278,23.384085
1,2279,380.426160
1,2280,77.028215
1,2281,378.214704
1,2282,69.153757
1,2283,339.528056
1,2284,69.993830
1,2285,78.167601
1,2286,306.379043
1,2287,337.833255
1,2288,74.485905
1,2289,180.383111
1,2290,88.779430
1,2291,224.958183
1,2292,124.505884
1,2293,131.478306
1,2294,192.383118
1,2295,291.311272
1,2296,300.910152
1,2297,75.449234
1,2298,161.399441
1,2299,133.484997
1,2300,457.620824
1,2301,73.796190
1,2302,517.367868
1,2303,98.447114
1,2304,443.437309
1,2305,82.926661
1,2306,304.996962
1,2307,233.674027
1,2308,444.309620
1,2309,130.083639
1,2310,74.973051
1,2311,430.024726
1,2312,128.542919
1,2313,404.350432
1,2314,194.359708
1,2315,277.644815
1,2316,240.766493
1,2317,77.462731
1,2318,314.475960
1,2319,238.956433
1,2320,390.201298
1,2321,302.703473
1,2322,372.866574
1,2323,488.453300
1,2324,516.173504
1,2325,75.841419
1,2326,351.403134
1,2327,77.724502
1,2328,437.012333
1,2329,78.867935
1,2330,376.991655
1,2331,234.844590
1,2332,485.465215
1,2333,80.742092
1,2334,230.051820
1,2335,449.013420
1,2336,112.614806
1,2337,529.174294
1,2338,513.040744
1,2339,558.244056
1,2340,26.326186
1,2341,437.620873
1,2342,514.688339
1,2343,545.087717
1,2344,82.832755
1,2345,435.432756
1,2346,385.743459
1,2347,221.393213
1,2348,86.705891
1,2349,428.179265
1,2350,415.585406
1,2351,341.011660
1,2352,86.165890
1,2353,478.754843
1,2354,85.464125
1,2355,277.730958
1,2356,482.951882
1,2357,306.754918
1,2358,506.158221
1,2359,94.769853
1,2360,392.884922
1,2361,502.613936
1,2362,76.261448
1,2363,364.676151
1,2364,590.662605
1,2365,411.842205
1,2366,553.619936
1,2367,398.956158
1,2368,86.961878
1,2369,358.616012
1,2370,251.486233
1,2371,194.619117
1,2372,232.297355
1,2373,389.531922
1,2374,32.938857
1,2375,393.600045
1,2376,279.999055
1,2377,85.859032
1,2378,271.351960
1,2379,347.973810
1,2380,149.000709
1,2381,444.254261
1,2382,483.235962
1,2383,338.492261
1,2384,62.576044
1,2385,241.752705
1,2386,158.798649
1,2387,280.865217
1,2388,69.104722
1,2389,485.012145
1,2390,137.161312
1,2391,87.230142
1,2392,86.424609
1,2393,485.921361
1,2394,76.549698
1,2395,23.201642
1,2396,201.034182
1,2397,332.965410
1,2398,721.791427
1,2399,600.817302
1,2400,75.262539
1,2401,545.415252
1,2402,132.489626
1,2403,217.480704
1,2404,186.845414
1,2405,524.428254
1,2406,92.838140
1,2407,573.703782
1,2408,78.220025
1,2409,443.894397
1,2410,260.834590
1,2411,486.255909
1,2412,92.203342
1,2413,287.919025
1,2414,177.406138
1,2415,482.221311
1,2416,97.513794
1,2417,480.017689
1,2418,215.478122
1,2419,296.888359
1,2420,442.629574
1,2421,474.213407
1,2422,83.057037
1,2423,212.734420
1,2424,458.073233
1,2425,25.719418
1,2426,419.625727
1,2427,333.232822
1,2428,363.240116
1,2429,347.755535
1,2430,87.838015
1,2431,397.598650
1,2432,343.335248
1,2433,235.926356
1,2434,514.624155
1,2435,81.738167
1,2436,195.335830
1,2437,482.301281
1,2438,75.783773
1,2439,232.226433
1,2440,451.329318
1,2441,505.029338
1,2442,388.747274
1,2443,411.269877
1,2444,428.696835
1,2445,117.520939
1,2446,283.344505
1,2447,388.087975
1,2448,71.466807
1,2449,482.283811
1,2450,67.107170
1,2451,500.032395
1,2452,271.170225
1,2453,451.754824
1,2454,74.282547
1,2455,206.245278
1,2456,411.719403
1,2457,769.731219
1,2458,406.425995
1,2459,429.162037
1,2460,125.802569
1,2461,474.614541
1,2462,85.294353
1,2463,355.857729
1,2464,511.932559
1,2465,225.386598
1,2466,87.806750
1,2467,374.828633
1,2468,317.527849
1,2469,401.784701
1,2470,83.337188
1,2471,413.830528
1,2472,656.107445
1,2473,128.334233
1,2474,178.435676
1,2475,271.762067
1,2476,26.967627
1,2477,626.639968
1,2478,663.716183
1,2479,79.634250
1,2480,725.214636
1,2481,621.066728
1,2482,544.572651
1,2483,84.363676
1,2484,208.600950
1,2485,538.657124
1,2486,531.903785
1,2487,532.080555
1,2488,97.421696
1,2489,536.071955
1,2490,484.389412
1,2491,80.895665
1,2492,455.041468
1,2493,353.578465
1,2494,80.550311
1,2495,468.151608
1,2496,304.342349
1,2497,341.246560
1,2498,173.577380
1,2499,201.959861
1,2500,328.391019
1,2501,80.575328
1,2502,582.717274
1,2503,389.508204
1,2504,428.127098
1,2505,511.471423
1,2506,26.669726
1,2507,522.853221
1,2508,94.555935
1,2509,21.120970
1,2510,532.466921
1,2511,396.749942
1,2512,78.239970
1,2513,297.169977
1,2514,239.738986
1,2515,407.936172
1,2516,81.579106
1,2517,20.063782
1,2518,391.172306
1,2519,526.729252
1,2520,451.265516
1,2521,89.544116
1,2522,364.453756
1,2523,86.391545
1,2524,388.022096
1,2525,477.694756
1,2526,328.917244
1,2527,166.291959
1,2528,392.665273
1,2529,141.091497
1,2530,88.075991
1,2531,286.463253
1,2532,75.762402
1,2533,362.352350
1,2534,379.450404
1,2535,453.399133
1,2536,126.683650
1,2537,393.087246
1,2538,397.809961
1,2539,499.081083
1,2540,383.680768
1,2541,107.894841
1,2542,467.980572
1,2543,198.610365
1,2544,529.418911
1,2545,69.815166
1,2546,415.412243
1,2547,507.869434
1,2548,264.199351
1,2549,402.504607
1,2550,386.061093
1,2551,72.614395
1,2552,395.705138
1,2553,446.786325
1,2554,80.821067
1,2555,455.808273
1,2556,588.631010
1,2557,206.609331
1,2558,623.317805
1,2559,241.606967
1,2560,217.070524
1,2561,402.273250
1,2562,168.954518
1,2563,415.648473
1,2564,135.379587
1,2565,549.704402
1,2566,24.049647
1,2567,515.529901
1,2568,346.756208
1,2569,84.522219
1,2570,373.156671
1,2571,79.119098
1,2572,400.898970
1,2573,139.214737
1,2574,251.273786
1,2575,306.992357
1,2576,186.610703
1,2577,109.527160
1,2578,423.994007
1,2579,325.512208
1,2580,430.260236
1,2581,552.143033
1,2582,388.693686
1,2583,108.584960
1,2584,478.719923
1,2585,284.246307
1,2586,211.974403
1,2587,221.350041
1,2588,83.706084
1,2589,443.760330
1,2590,408.587033
1,2591,513.496544
1,2592,39.457642
1,2593,518.929011
1,2594,449.724248
1,2595,83.436962
1,2596,246.243200
1,2597,539.203369
1,2598,81.375932
1,2599,530.170630
1,2600,76.070466
1,2601,292.905804
1,2602,94.859527
1,2603,512.638229
1,2604,395.141380
1,2605,148.786730
1,2606,175.762903
1,2607,183.934936
1,2608,331.047655
1,2609,384.620804
1,2610,468.093464
1,2611,190.450735
1,2612,435.603948
1,2613,73.103749
1,2614,402.306342
1,2615,442.032860
1,2616,77.792664
1,2617,365.288371
1,2618,307.870187
1,2619,482.008022
1,2620,81.883655
1,2621,555.140217
1,2622,520.747505
1,2623,69.427506
1,2624,74.194120
1,2625,454.220969
1,2626,69.870652
1,2627,175.637961
1,2628,528.139146
1,2629,229.235556
1,2630,539.296572
1,2631,349.739553
1,2632,235.086022
1,2633,344.871413
1,2634,459.540186
1,2635,60.460119
1,2636,5.543199
1,2637,373.275051
1,2638,522.487469
1,2639,69.903117
1,2640,398.174002
1,2641,70.517554
1,2642,433.681504
1,2643,388.215832
1,2644,70.800730
1,2645,179.411133
1,2646,77.517825
1,2647,320.621274
1,2648,358.815778
1,2649,74.355711
1,2650,405.094034
1,2651,271.297104
1,2652,426.191396
1,2653,78.627715
1,2654,315.268337
1,2655,459.791395
1,2656,473.056187
1,2657,265.917933
1,2658,105.228482
1,2659,521.842295
1,2660,307.748010
1,2661,48.404704
1,2662,305.821073
1,2663,262.958156
1,2664,494.529653
1,2665,59.696921
1,2666,302.832198
1,2667,651.344476
1,2668,545.667012
1,2669,171.305770
1,2670,387.807354
1,2671,73.755604
1,2672,193.106226
1,2673,366.130934
1,2674,72.479194
1,2675,261.012336
1,2676,78.948238
1,2677,486.944409
1,2678,196.927433
1,2679,439.409270
1,2680,254.788410
1,2681,219.295045
1,2682,340.464921
1,2683,36.136674
1,2684,218.764945
1,2685,109.399215
1,2686,354.704919
1,2687,16.594032
1,2688,302.736271
1,2689,77.429098
1,2690,436.802658
1,2691,106.950079
1,2692,70.411611
1,2693,212.369422
1,2694,302.154408
1,2695,190.035348
1,2696,157.374719
1,2697,526.155162
1,2698,72.634733
1,2699,450.518189
1,2700,328.003051
1,2701,77.976290
1,2702,285.105033
1,2703,74.865145
1,2704,98.269481
1,2705,445.458940
1,2706,72.665314
1,2707,20.362421
1,2708,371.764152
1,2709,72.786321
1,2710,302.612584
1,2711,124.464019
1,2712,76.123380
1,2713,362.890462
1,2714,394.310667
1,2715,315.213745
1,2716,286.448800
1,2717,242.522224
1,2718,469.412110
1,2719,74.808958
1,2720,570.806981
1,2721,369.007171
1,2722,98.791834
1,2723,440.713891
1,2724,365.907642
1,2725,457.525655
1,2726,130.394673
1,2727,254.913275
1,2728,137.896148
1,2729,371.200105
1,2730,247.292582
1,2731,141.150264
1,2732,323.371285
1,2733,19.779849
1,2734,271.417137
1,2735,65.032970
1,2736,125.815610
1,2737,229.189163
1,2738,217.760084
1,2739,229.277231
1,2740,4.876660
1,2741,175.945921
1,2742,55.561249
1,2743,279.532251
1,2744,4.876660
1,2745,211.383481
1,2746,66.400398
1,2747,274.217782
1,2748,97.774604
1,2749,66.316293
1,2750,213.276307
1,2751,262.304642
1,2752,165.643934
1,2753,228.057635
1,2754,350.834564
1,2755,68.668524
1,2756,470.374591
1,2757,447.714909
1,2758,96.641116
1,2759,131.401599
1,2760,246.314009
1,2761,23.894733
1,2762,420.395197
1,2763,87.646416
1,2764,438.249301
1,2765,445.466678
1,2766,71.294221
1,2767,403.503066
1,2768,372.412647
1,2769,82.158270
1,2770,297.092377
1,2771,72.468364
1,2772,91.116670
1,2773,418.260159
1,2774,75.598196
1,2775,23.320563
1,2776,362.372714
1,2777,78.546390
1,2778,289.052903
1,2779,133.888267
1,2780,75.498523
1,2781,333.123797
1,2782,339.454015
1,2783,96.656325
1,2784,483.062807
1,2785,411.701815
1,2786,73.193281
1,2787,330.779161
1,2788,338.409130
1,2789,357.088717
1,2790,296.202199
1,2791,281.364832
1,2792,251.952351
1,2793,482.517511
1,2794,75.686121
1,2795,393.857069
1,2796,71.199385
1,2797,18.578039
1,2798,284.067869
1,2799,68.567566
1,2800,135.875547
1,2801,235.880804
1,2802,204.010411
1,2803,358.814089
1,2804,128.018267
1,2805,168.808188
1,2806,235.617053
1,2807,193.246731
1,2808,172.122330
1,2809,591.423385
1,2810,106.397648
1,2811,134.405955
1,2812,397.102251
1,2813,676.504632
1,2814,303.749633
1,2815,48.296862
1,2816,303.636850
1,2817,61.065010
1,2818,411.669493
1,2819,230.489861
1,2820,401.447837
1,2821,169.482145
1,2822,371.500560
1,2823,63.126434
1,2824,224.905552
1,2825,283.689360
1,2826,14.637635
1,2827,364.743481
1,2828,81.771084
1,2829,171.264907
1,2830,398.750781
1,2831,376.748970
1,2832,176.524348
1,2833,72.756339
1,2834,391.384064
1,2835,254.450004
1,2836,16.328853
1,2837,311.097273
1,2838,382.936849
1,2839,81.494075
1,2840,318.643547
1,2841,74.168451
1,2842,439.241827
1,2843,82.721546
1,2844,405.607224
1,2845,148.175590
1,2846,269.503565
1,2847,301.802553
1,2848,167.305963
1,2849,239.670319
1,2850,75.880402
1,2851,405.425895
1,2852,74.301962
1,2853,192.242877
1,2854,123.577461
1,2855,129.031936
1,2856,454.252168
1,2857,87.282342
1,2858,314.233018
1,2859,464.165553
1,2860,13.151703
1,2861,437.915796
1,2862,70.563497
1,2863,78.329042
1,2864,378.889182
1,2865,70.806542
1,2866,18.652664
1,2867,279.982875
1,2868,310.706871
1,2869,69.212328
1,2870,256.859303
1,2871,321.547226
1,2872,372.567742
1,2873,310.231789
1,2874,48.296862
1,2875,318.583402
1,2876,79.158672
1,2877,94.954125
1,2878,340.047563
1,2879,294.828757
1,2880,78.349250
1,2881,392.599757
1,2882,157.836111
1,2883,74.749890
1,2884,189.015118
1,2885,373.752735
1,2886,121.873200
1,2887,244.401429
1,2888,404.129209
1,2889,65.208541
1,2890,195.770734
1,2891,232.818423
1,2892,359.510950
1,2893,73.418244
1,2894,268.205374
1,2895,351.817183
1,2896,68.360190
1,2897,79.098968
1,2898,374.785061
1,2899,442.680909
1,2900,90.469505
1,2901,93.225993
1,2902,184.034997
1,2903,216.250210
1,2904,71.873645
1,2905,135.703818
1,2906,353.684440
1,2907,70.919435
1,2908,21.498766
1,2909,243.956082
1,2910,487.618699
1,2911,234.256130
1,2912,428.276051
1,2913,127.044666
1,2914,304.000614
1,2915,409.138043
1,2916,117.381372
1,2917,443.777882
1,2918,73.189165
1,2919,178.793216
1,2920,417.747683
1,2921,170.404575
1,2922,337.266219
1,2923,77.380571
1,2924,404.583709
1,2925,293.760568
1,2926,116.777899
1,2927,200.169817
1,2928,273.087469
1,2929,84.464047
1,2930,446.730909
1,2931,79.189027
1,2932,389.624523
1,2933,270.022847
1,2934,430.091153
1,2935,568.725173
1,2936,82.774820
1,2937,327.116867
1,2938,260.973013
1,2939,478.411723
1,2940,305.039437
1,2941,181.345605
1,2942,356.266696
1,2943,73.165051
1,2944,360.194048
1,2945,82.173031
1,2946,406.466867
1,2947,355.531619
1,2948,66.272482
1,2949,365.564937
1,2950,77.267678
1,2951,368.773261
1,2952,78.337723
1,2953,475.167330
1,2954,295.913921
1,2955,9.646883
1,2956,276.674883
1,2957,229.502241
1,2958,365.761525
1,2959,74.914093
1,2960,341.553233
1,2961,68.875253
1,2962,264.044170
1,2963,71.377992
1,2964,258.386522
1,2965,532.994492
1,2966,60.734063
1,2967,413.672196
1,2968,302.374604
1,2969,453.364478
1,2970,61.317942
1,2971,420.809337
1,2972,339.561940
1,2973,61.978616
1,2974,153.150277
1,2975,543.396846
1,2976,306.158344
1,2977,58.906191
1,2978,156.139113
1,2979,1.104731
1,2980,414.857616
1,2981,64.408799
1,2982,271.217962
1,2983,264.953415
1,2984,247.545656
1,2985,275.918929
1,2986,265.248688
1,2987,19.535673
1,2988,131.004966
1,2989,222.152837
1,2990,69.567719
1,2991,201.196959
1,2992,175.474202
1,2993,182.270540
1,2994,296.024283
1,2995,487.807213
1,2996,89.555896
1,2997,193.295894
1,2998,274.456719
1,2999,205.811533
1,3000,248.897340
1,3001,82.388405
1,3002,148.608517
1,3003,178.119450
1,3004,75.176974
1,3005,24.002397
1,3006,317.094962
1,3007,75.408282
1,3008,179.002171
1,3009,438.782863
1,3010,23.822900
1,3011,258.733675
1,3012,92.193333
1,3013,256.615606
1,3014,76.428294
1,3015,206.408544
1,3016,69.400585
1,3017,327.956244
1,3018,162.410808
1,3019,238.903228
1,3020,370.898826
1,3021,80.446028
1,3022,48.312519
1,3023,289.708602
1,3024,77.620828
1,3025,147.126734
1,3026,141.415075
1,3027,228.695342
1,3028,207.825731
1,3029,70.280080
1,3030,257.114945
1,3031,96.649088
1,3032,233.059571
1,3033,207.149874
1,3034,85.019966
1,3035,425.495962
1,3036,70.572104
1,3037,186.298225
1,3038,70.002808
1,3039,261.515944
1,3040,172.489760
1,3041,214.086564
1,3042,68.585391
1,3043,144.494925
1,3044,167.536684
1,3045,305.066201
1,3046,70.322810
1,3047,285.781666
1,3048,67.345306
1,3049,277.454961
1,3050,283.277648
1,3051,263.225618
1,3052,138.154183
1,3053,87.032236
1,3054,17.526385
1,3055,314.748717
1,3056,65.087942
1,3057,429.224976
1,3058,252.811476
1,3059,304.880847
1,3060,71.530050
1,3061,247.125472
1,3062,127.569201
1,3063,209.096625
1,3064,281.780881
1,3065,283.915348
1,3066,337.789019
1,3067,62.061927
1,3068,75.735198
1,3069,335.523454
1,3070,381.372408
1,3071,468.122795
1,3072,351.775363
1,3073,435.827924
1,3074,309.443150
1,3075,43.609548
1,3076,329.892857
1,3077,60.703385
1,3078,381.960339
1,3079,220.015319
1,3080,303.985540
1,3081,124.598624
1,3082,124.136208
1,3083,241.271133
1,3084,53.235768
1,3085,181.860627
1,3086,449.225129
1,3087,68.910815
1,3088,409.896164
1,3089,62.705041
1,3090,160.095611
1,3091,381.009670
1,3092,382.665745
1,3093,317.848405
1,3094,189.620319
1,3095,75.015329
1,3096,133.888617
1,3097,62.675409
1,3098,192.511509
1,3099,272.560941
1,3100,379.888998
1,3101,168.538333
1,3102,412.574042
1,3103,90.880710
1,3104,125.698657
1,3105,172.969052
1,3106,242.610700
1,3107,61.041095
1,3108,218.577626
1,3109,60.431663
1,3110,111.373643
1,3111,62.847969
1,3112,196.231670
1,3113,310.634422
1,3114,308.144464
1,3115,353.255521
1,3116,281.618961
1,3117,151.072696
1,3118,110.112063
1,3119,266.880440
1,3120,331.154385
1,3121,355.908589
1,3122,59.626874
1,3123,356.913508
1,3124,6.975938
1,3125,296.547669
1,3126,220.893320
1,3127,57.388834
1,3128,179.721313
1,3129,307.151294
1,3130,226.163058
1,3131,295.558138
1,3132,341.711662
1,3133,364.915646
1,3134,400.515333
1,3135,66.151249
1,3136,116.972959
1,3137,326.720122
1,3138,124.885026
1,3139,206.670147
1,3140,134.842870
1,3141,96.716199
1,3142,331.638449
1,3143,45.083610
1,3144,304.875918
1,3145,248.576675
1,3146,213.730304
1,3147,309.997925
1,3148,414.755844
1,3149,53.460350
1,3150,199.125865
1,3151,104.072466
1,3152,281.797612
1,3153,58.650068
1,3154,260.119084
1,3155,117.227430
1,3156,361.776252
1,3157,249.494787
1,3158,62.987198
1,3159,385.355376
1,3160,360.587953
1,3161,336.072100
1,3162,409.312768
1,3163,351.790210
1,3164,62.237029
1,3165,228.548583
1,3166,58.224183
1,3167,225.146660
1,3168,316.899288
1,3169,61.793513
1,3170,157.537255
1,3171,280.034352
1,3172,114.008494
1,3173,153.440222
1,3174,58.721752
1,3175,556.158526
1,3176,56.625685
1,3177,315.996662
1,3178,111.135806
1,3179,242.786854
1,3180,62.032837
1,3181,153.855809
1,3182,313.703460
1,3183,316.706467
1,3184,60.796961
1,3185,12.867788
1,3186,274.189095
1,3187,57.385605
1,3188,296.528531
1,3189,59.713561
1,3190,163.183328
1,3191,454.043788
1,3192,59.804489
1,3193,332.294497
1,3194,56.134428
1,3195,251.553205
1,3196,168.063737
1,3197,184.669831
1,3198,220.951171
1,3199,242.682519
1,3200,127.594312
1,3201,183.432699
1,3202,329.117912
1,3203,53.371030
1,3204,159.966906
1,3205,180.912484
1,3206,226.684178
1,3207,145.697634
1,3208,58.947879
1,3209,271.739562
1,3210,215.171406
1,3211,56.540516
1,3212,177.405375
1,3213,178.665314
1,3214,248.389029
1,3215,108.924378
1,3216,49.276371
1,3217,309.149364
1,3218,143.240392
1,3219,158.771775
1,3220,195.087340
1,3221,229.373596
1,3222,196.711519
1,3223,297.441243
1,3224,99.892175
1,3225,142.472660
1,3226,51.825497
1,3227,150.951159
1,3228,49.408292
1,3229,213.046941
1,3230,45.568906
1,3231,50.927700
1,3232,243.735145
1,3233,279.601518
1,3234,315.513369
1,3235,272.549816
1,3236,137.878230
1,3237,269.440276
1,3238,47.083459
1,3239,284.009397
1,3240,119.969589
1,3241,162.947550
1,3242,245.501194
1,3243,401.312922
1,3244,206.416045
1,3245,267.008638
1,3246,388.553697
1,3247,196.536405
1,3248,398.900201
1,3249,343.081839
1,3250,286.861868
1,3251,208.638724
1,3252,49.581482
1,3253,282.094033
1,3254,52.659344
1,3255,220.075815
1,3256,302.552604
1,3257,264.608793
1,3258,49.295459
1,3259,307.315339
1,3260,264.815629
1,3261,240.299686
1,3262,261.448822
1,3263,349.906613
1,3264,103.470429
1,3265,58.109544
1,3266,71.011298
1,3267,255.388051
1,3268,200.372764
1,3269,275.301828
1,3270,225.505704
1,3271,346.386290
1,3272,242.877611
1,3273,148.531750
1,3274,458.770000
1,3275,62.195198
1,3276,285.948384
1,3277,311.323117
1,3278,326.221613
1,3279,312.628036
1,3280,330.402257
1,3281,57.311876
1,3282,218.214635
1,3283,377.779927
1,3284,102.687734
1,3285,217.975973
1,3286,413.588034
1,3287,362.117745
1,3288,333.338408
1,3289,293.231130
1,3290,101.288743
1,3291,329.395345
1,3292,261.920449
1,3293,308.452322
1,3294,60.478597
1,3295,154.936080
1,3296,223.083010
1,3297,309.109770
1,3298,317.030262
1,3299,52.866757
1,3300,402.287421
1,3301,80.293049
1,3302,455.346158
1,3303,553.647646
1,3304,446.678339
1,3305,49.091201
1,3306,4.133780
1,3307,288.224899
1,3308,52.199553
1,3309,246.610021
1,3310,176.250416
1,3311,254.224147
1,3312,132.710035
1,3313,303.691049
1,3314,221.805916
1,3315,166.993227
1,3316,42.666015
1,3317,152.793372
1,3318,271.254795
1,3319,104.130952
1,3320,181.187522
1,3321,217.907212
1,3322,144.115490
1,3323,70.628137
1,3324,280.116554
1,3325,360.073666
1,3326,219.649810
1,3327,147.017096
1,3328,122.175104
1,3329,106.940791
1,3330,203.928095
1,3331,239.227561
1,3332,54.961277
1,3333,271.256312
1,3334,52.929396
1,3335,158.106852
1,3336,1.655394
1,3337,105.898899
1,3338,220.610056
1,3339,288.434001
1,3340,213.514654
1,3341,287.620309
1,3342,188.655010
1,3343,107.902980
1,3344,237.640171
1,3345,270.973377
1,3346,145.826187
1,3347,222.780601
1,3348,237.791697
1,3349,318.575879
1,3350,202.145110
1,3351,208.732635
1,3352,56.621344
1,3353,389.949089
1,3354,7.755905
1,3355,242.184543
1,3356,54.640977
1,3357,168.788086
1,3358,136.480551
1,3359,292.248078
1,3360,52.927264
1,3361,189.155281
1,3362,607.395887
1,3363,502.974892
1,3364,350.878502
1,3365,342.922860
1,3366,6.750737
1,3367,396.912175
1,3368,364.299415
1,3369,386.869222
1,3370,308.816598
1,3371,252.974380
1,3372,49.454021
1,3373,59.244909
1,3374,424.214822
1,3375,261.077840
1,3376,390.220612
1,3377,496.688239
1,3378,491.716425
1,3379,393.097952
1,3380,341.342875
1,3381,81.976817
1,3382,345.538403
1,3383,230.791484
1,3384,507.013124
1,3385,473.417518
1,3386,375.526201
1,3387,466.062974
1,3388,78.142035
1,3389,337.928381
1,3390,315.012792
1,3391,368.529915
1,3392,469.432808
1,3393,233.839687
1,3394,208.432753
1,3395,480.458893
1,3396,16.380022
1,3397,167.513608
1,3398,337.383090
1,3399,349.976703
1,3400,345.035736
1,3401,253.122234
1,3402,334.569619
1,3403,327.313733
1,3404,95.295093
1,3405,83.310550
1,3406,509.120905
1,3407,125.819238
1,3408,382.794495
1,3409,425.281524
1,3410,62.383651
1,3411,372.273126
1,3412,71.928450
1,3413,159.002044
1,3414,139.543852
1,3415,260.202595
1,3416,283.229432
1,3417,163.241554
1,3418,304.091333
1,3419,42.505560
1,3420,257.857043
1,3421,300.966923
1,3422,53.576362
1,3423,73.013580
1,3424,531.826090
1,3425,317.538865
1,3426,59.831409
1,3427,392.759942
1,3428,269.409959
1,3429,384.595544
1,3430,59.320236
1,3431,212.964022
1,3432,64.009027
1,3433,364.894311
1,3434,163.294578
1,3435,339.919805
1,3436,322.573865
1,3437,361.840158
1,3438,269.778450
1,3439,566.343478
1,3440,297.641939
1,3441,483.786452
1,3442,348.436778
1,3443,523.666799
1,3444,64.033716
1,3445,197.484871
1,3446,113.441825
1,3447,424.802764
1,3448,518.157218
1,3449,77.966026
1,3450,217.080276
1,3451,66.800923
1,3452,201.350216
1,3453,171.547645
1,3454,178.898297
1,3455,70.889038
1,3456,325.476813
1,3457,69.226931
1,3458,320.682096
1,3459,63.473079
1,3460,76.150851
1,3461,400.671058
1,3462,245.731419
1,3463,371.208963
1,3464,254.045468
1,3465,96.449589
1,3466,161.345872
1,3467,237.195123
1,3468,358.397282
1,3469,58.492481
1,3470,409.622309
1,3471,58.835109
1,3472,60.477582
1,3473,437.054040
1,3474,109.715926
1,3475,353.306581
1,3476,344.392311
1,3477,70.795211
1,3478,262.780669
1,3479,271.557639
1,3480,13.854185
1,3481,202.846155
1,3482,78.552818
1,3483,369.346766
1,3484,450.853536
1,3485,397.121050
1,3486,443.795407
1,3487,233.615931
1,3488,281.698359
1,3489,297.522000
1,3490,284.023118
1,3491,353.824432
1,3492,290.120916
1,3493,241.458580
1,3494,78.034978
1,3495,222.085944
1,3496,271.741642
1,3497,337.616048
1,3498,70.533491
1,3499,195.954786
1,3500,364.601190
1,3501,85.942263
1,3502,487.785431
1,3503,123.414717
1,3504,320.770369
1,3505,306.032254
1,3506,167.131954
1,3507,66.336104
1,3508,256.655690
1,3509,63.645309
1,3510,277.158074
1,3511,195.458544
1,3512,257.643804
1,3513,259.363733
1,3514,49.523618
1,3515,217.389323
1,3516,388.023502
1,3517,286.682556
1,3518,247.264655
1,3519,101.142607
1,3520,195.831223
1,3521,290.251275
1,3522,349.776242
1,3523,373.505334
1,3524,9.121614
1,3525,208.567895
1,3526,328.684132
1,3527,62.555897
1,3528,246.612503
1,3529,57.752696
1,3530,68.547782
1,3531,330.544498
1,3532,32.335556
1,3533,137.939927
1,3534,68.129417
1,3535,201.415330
1,3536,171.056962
1,3537,58.074978
1,3538,159.469743
1,3539,210.807741
1,3540,74.527068
1,3541,324.945444
1,3542,81.309555
1,3543,92.060886
1,3544,367.314992
1,3545,61.666822
1,3546,418.245591
1,3547,476.262449
1,3548,171.868116
1,3549,503.555745
1,3550,69.946070
1,3551,307.606695
1,3552,262.294529
1,3553,436.907869
1,3554,245.108908
1,3555,222.525036
1,3556,307.644212
1,3557,179.170713
1,3558,299.501780
1,3559,68.770008
1,3560,561.720405
1,3561,61.566164
1,3562,66.353683
1,3563,477.413990
1,3564,454.628579
1,3565,180.562875
1,3566,311.979177
1,3567,247.643143
1,3568,542.213113
1,3569,63.654938
1,3570,251.872925
1,3571,111.497081
1,3572,311.414220
1,3573,278.572396
1,3574,168.050746
1,3575,279.269171
1,3576,278.034422
1,3577,185.606992
1,3578,355.393747
1,3579,237.234490
1,3580,466.147777
1,3581,323.251894
1,3582,487.340545
1,3583,414.514421
1,3584,322.128229
1,3585,65.338529
1,3586,330.315222
1,3587,307.014319
1,3588,379.387888
1,3589,388.816335
1,3590,60.127536
1,3591,369.372027
1,3592,319.949674
1,3593,341.095170
1,3594,397.209031
1,3595,493.174263
1,3596,230.814725
1,3597,317.848208
1,3598,348.517299
1,3599,111.000574
1,3600,404.611983
1,3601,246.199532
1,3602,152.213938
1,3603,207.608107
1,3604,42.093326
1,3605,123.846695
1,3606,269.939252
1,3607,219.506103
1,3608,248.297777
1,3609,55.226159
1,3610,4.255714
1,3611,58.515847
1,3612,151.401205
1,3613,276.758501
1,3614,213.194174
1,3615,59.613841
1,3616,166.918965
1,3617,61.485782
1,3618,282.771919
1,3619,131.222249
1,3620,220.120768
1,3621,3.866662
1,3622,202.723469
1,3623,72.276168
1,3624,262.042322
1,3625,63.463545
1,3626,167.336466
1,3627,15.110642
1,3628,298.397742
1,3629,218.071716
1,3630,256.208482
1,3631,226.091269
1,3632,68.980898
1,3633,160.206902
1,3634,67.667831
1,3635,275.303799
1,3636,386.328059
1,3637,4.607241
1,3638,234.109033
1,3639,136.482808
1,3640,67.882170
1,3641,120.652040
1,3642,63.115654
1,3643,73.364553
1,3644,13.000090
1,3645,253.877615
1,3646,61.419416
1,3647,122.753931
1,3648,230.244349
1,3649,281.763076
1,3650,63.547497
1,3651,199.821806
1,3652,74.880623
1,3653,236.495287
1,3654,67.127320
1,3655,176.046971
1,3656,80.886373
1,3657,63.509472
1,3658,252.584742
1,3659,115.307543
1,3660,284.250756
1,3661,172.299521
1,3662,74.028493
1,3663,233.642257
1,3664,268.468173
1,3665,303.665098
1,3666,383.071203
1,3667,127.441272
1,3668,64.458183
1,3669,129.467561
1,3670,292.972778
1,3671,357.099667
1,3672,243.317394
1,3673,61.231051
1,3674,219.520853
1,3675,54.737352
1,3676,228.359950
1,3677,240.366589
1,3678,167.461225
1,3679,298.485953
1,3680,60.128920
1,3681,272.442238
1,3682,1108.948394
1,3683,310.839141
1,3684,53.184172
1,3685,351.390317
1,3686,190.194177
1,3687,138.861008
1,3688,307.972994
1,3689,66.280889
1,3690,202.876848
1,3691,63.333171
1,3692,150.911956
1,3693,102.222164
1,3694,294.877502
1,3695,324.861450
1,3696,68.332468
1,3697,454.870256
1,3698,266.470500
1,3699,37.362928
1,3700,160.161941
1,3701,333.877568
1,3702,0.417643
1,3703,209.632383
1,3704,354.622819
1,3705,0.417643
1,3706,254.604672
1,3707,557.380758
1,3708,421.093000
1,3709,278.067696
1,3710,272.659513
1,3711,57.583758
1,3712,186.058266
1,3713,62.290130
1,3714,335.194516
1,3715,276.809102
1,3716,328.233390
1,3717,317.432456
1,3718,442.836771
1,3719,76.431776
1,3720,219.186605
1,3721,223.551764
1,3722,59.974239
1,3723,279.969936
1,3724,258.908947
1,3725,65.447787
1,3726,198.619351
1,3727,61.176466
1,3728,196.256750
1,3729,179.975139
1,3730,104.400671
1,3731,154.549452
1,3732,59.257242
1,3733,203.402706
1,3734,117.911539
1,3735,310.746859
1,3736,60.135804
1,3737,207.961732
1,3738,346.546789
1,3739,9.937381
1,3740,189.685866
1,3741,309.970764
1,3742,56.211484
1,3743,201.972206
1,3744,193.083051
1,3745,388.283903
1,3746,66.225904
1,3747,212.830216
1,3748,260.089037
1,3749,118.179104
1,3750,114.583396
1,3751,194.890105
1,3752,328.839386
1,3753,304.667231
1,3754,61.230699
1,3755,260.551437
1,3756,70.016695
1,3757,157.812846
1,3758,322.344614
1,3759,63.044524
1,3760,279.415374
1,3761,56.240019
1,3762,146.572725
1,3763,65.091115
1,3764,359.859339
1,3765,56.909793
1,3766,113.930607
1,3767,289.515066
1,3768,327.386938
1,3769,357.566897
1,3770,267.496493
1,3771,77.462731
1,3772,337.515960
1,3773,217.655658
1,3774,397.801967
1,3775,307.894410
1,3776,382.767163
1,3777,478.933144
1,3778,534.763784
1,3779,75.841419
1,3780,346.373432
1,3781,77.724502
1,3782,461.344929
1,3783,78.867935
1,3784,378.132789
1,3785,254.284590
1,3786,488.755233
1,3787,80.742092
1,3788,236.722151
1,3789,448.142679
1,3790,112.614806
1,3791,567.506646
1,3792,622.504284
1,3793,597.476408
1,3794,26.326186
1,3795,404.580477
1,3796,469.515595
1,3797,523.147757
1,3798,82.832755
1,3799,432.321103
1,3800,386.232656
1,3801,227.452701
1,3802,86.705891
1,3803,443.050319
1,3804,390.526439
1,3805,347.362169
1,3806,86.165890
1,3807,503.125359
1,3808,85.464125
1,3809,296.802394
1,3810,495.402874
1,3811,325.004812
1,3812,564.859144
1,3813,113.520355
1,3814,395.625918
1,3815,494.923038
1,3816,77.822015
1,3817,383.108892
1,3818,641.433100
1,3819,422.443408
1,3820,515.618882
1,3821,422.925417
1,3822,92.603928
1,3823,387.936201
1,3824,253.346909
1,3825,195.699509
1,3826,220.257886
1,3827,369.131180
1,3828,37.700587
1,3829,439.220663
1,3830,281.959768
1,3831,87.599665
1,3832,312.702890
1,3833,394.953810
1,3834,154.742796
1,3835,460.529288
1,3836,502.304944
1,3837,366.122261
1,3838,78.866044
1,3839,262.632705
1,3840,158.798649
1,3841,355.905733
1,3842,69.104722
1,3843,487.761771
1,3844,137.161312
1,3845,104.600142
1,3846,86.424609
1,3847,461.989794
1,3848,76.549698
1,3849,52.811642
1,3850,183.233535
1,3851,349.816268
1,3852,775.973554
1,3853,525.014220
1,3854,75.262539
1,3855,598.094675
1,3856,83.287838
1,3857,232.780704
1,3858,186.845414
1,3859,484.996026
1,3860,94.178628
1,3861,586.282597
1,3862,80.340796
1,3863,483.843118
1,3864,281.136015
1,3865,420.813648
1,3866,100.406323
1,3867,294.838433
1,3868,179.606938
1,3869,560.800759
1,3870,108.557807
1,3871,531.431622
1,3872,240.948122
1,3873,299.229210
1,3874,453.779898
1,3875,503.692248
1,3876,86.138156
1,3877,233.884420
1,3878,487.023810
1,3879,25.719418
1,3880,443.896273
1,3881,366.733549
1,3882,412.721287
1,3883,363.125135
1,3884,93.540087
1,3885,418.927799
1,3886,353.755044
1,3887,238.387250
1,3888,565.352802
1,3889,83.918959
1,3890,220.687094
1,3891,531.651193
1,3892,77.804508
1,3893,232.977393
1,3894,488.885079
1,3895,532.578084
1,3896,499.006052
1,3897,425.339266
1,3898,441.425835
1,3899,105.120488
1,3900,324.433935
1,3901,363.447917
1,3902,71.466807
1,3903,427.812168
1,3904,67.107170
1,3905,458.770091
1,3906,259.199080
1,3907,498.704225
1,3908,74.282547
1,3909,225.505278
1,3910,434.200246
1,3911,813.704083
1,3912,321.703595
1,3913,380.570307
1,3914,127.483180
1,3915,443.724403
1,3916,99.694353
1,3917,445.350783
1,3918,545.804369
1,3919,201.866194
1,3920,90.247637
1,3921,391.328840
1,3922,307.557562
1,3923,361.993225
1,3924,83.337188
1,3925,368.748928
1,3926,619.904984
1,3927,130.314953
1,3928,178.435676
1,3929,234.351195
1,3930,26.967627
1,3931,570.357896
1,3932,559.442566
1,3933,79.634250
1,3934,554.348275
1,3935,407.069410
1,3936,494.401295
1,3937,105.243676
1,3938,217.541353
1,3939,470.554649
1,3940,454.361477
1,3941,506.339279
1,3942,102.403507
1,3943,546.809055
1,3944,540.690281
1,3945,105.735665
1,3946,492.981976
1,3947,374.328254
1,3948,96.350885
1,3949,429.632001
1,3950,263.762221
1,3951,309.545407
1,3952,181.199201
1,3953,205.141017
1,3954,300.480492
1,3955,80.575328
1,3956,583.176329
1,3957,345.746888
1,3958,439.857043
1,3959,488.992837
1,3960,31.411449
1,3961,457.550848
1,3962,106.360224
1,3963,21.120970
1,3964,460.764315
1,3965,384.560843
1,3966,80.480784
1,3967,300.349955
1,3968,258.850535
1,3969,420.195460
1,3970,87.301185
1,3971,21.944465
1,3972,393.751477
1,3973,486.089855
1,3974,431.326152
1,3975,113.806915
1,3976,369.223429
1,3977,107.803995
1,3978,385.571304
1,3979,505.805094
1,3980,353.699774
1,3981,167.952563
1,3982,374.504887
1,3983,147.173708
1,3984,73.775471
1,3985,290.864853
1,3986,78.443376
1,3987,346.551776
1,3988,365.330898
1,3989,458.100842
1,3990,126.683650
1,3991,397.308780
1,3992,346.608100
1,3993,484.280545
1,3994,383.680768
1,3995,107.894841
1,3996,322.355927
1,3997,179.209660
1,3998,476.558049
1,3999,69.815166
1,4000,321.129640
1,4001,415.987147
1,4002,244.698642
1,4003,390.384683
1,4004,364.921097
1,4005,72.614395
1,4006,361.785076
1,4007,373.283654
1,4008,86.122994
1,4009,399.747394
1,4010,535.488182
1,4011,195.708346
1,4012,413.510178
1,4013,255.227011
1,4014,247.059909
1,4015,370.574944
1,4016,189.654518
1,4017,411.708316
1,4018,185.239587
1,4019,461.020760
1,4020,24.049647
1,4021,505.267512
1,4022,349.084765
1,4023,84.522219
1,4024,333.455228
1,4025,79.119098
1,4026,420.218207
1,4027,167.895871
1,4028,249.173187
1,4029,285.391572
1,4030,190.171997
1,4031,91.427483
1,4032,385.482146
1,4033,338.393880
1,4034,397.929312
1,4035,515.680805
1,4036,360.993333
1,4037,99.885789
1,4038,440.579145
1,4039,258.145358
1,4040,211.974403
1,4041,224.751277
1,4042,109.897000
1,4043,404.589079
1,4044,449.106451
1,4045,526.487438
1,4046,42.358696
1,4047,464.827044
1,4048,422.064204
1,4049,86.157951
1,4050,194.841332
1,4051,527.084001
1,4052,98.115932
1,4053,514.869714
1,4054,78.291273
1,4055,337.818552
1,4056,86.520291
1,4057,547.706386
1,4058,376.661467
1,4059,148.786730
1,4060,158.662772
1,4061,185.995685
1,4062,311.927869
1,4063,334.318975
1,4064,443.314107
1,4065,190.450735
1,4066,455.314406
1,4067,76.184868
1,4068,471.565575
1,4069,482.892697
1,4070,79.373239
1,4071,356.508582
1,4072,300.339184
1,4073,479.916771
1,4074,88.245967
1,4075,521.277822
1,4076,515.117258
1,4077,71.728343
1,4078,74.194120
1,4079,466.260864
1,4080,85.688308
1,4081,175.637961
1,4082,458.877885
1,4083,213.635119
1,4084,540.594544
1,4085,333.638968
1,4086,263.886022
1,4087,339.440617
1,4088,522.450186
1,4089,60.460119
1,4090,5.543199
1,4091,415.618795
1,4092,504.407374
1,4093,71.223597
1,4094,364.152792
1,4095,70.517554
1,4096,472.372776
1,4097,417.386850
1,4098,70.800730
1,4099,181.531903
1,4100,77.517825
1,4101,323.242227
1,4102,362.477109
1,4103,74.355711
1,4104,410.073816
1,4105,273.626479
1,4106,425.810473
1,4107,78.627715
1,4108,350.209130
1,4109,490.552696
1,4110,497.186452
1,4111,239.986228
1,4112,100.150757
1,4113,502.310986
1,4114,307.748010
1,4115,48.404704
1,4116,320.401073
1,4117,297.099509
1,4118,455.818603
1,4119,59.696921
1,4120,249.620228
1,4121,440.937515
1,4122,383.350389
1,4123,154.064640
1,4124,403.648597
1,4125,61.755168
1,4126,195.427069
1,4127,371.930916
1,4128,72.479194
1,4129,278.793434
1,4130,109.548238
1,4131,510.495870
1,4132,166.405794
1,4133,372.295323
1,4134,202.486509
1,4135,186.333860
1,4136,368.285677
1,4137,36.136674
1,4138,220.325512
1,4139,121.188691
1,4140,368.025803
1,4141,17.654418
1,4142,347.628292
1,4143,77.429098
1,4144,400.110771
1,4145,106.950079
1,4146,70.411611
1,4147,222.219207
1,4148,240.352161
1,4149,177.934908
1,4150,128.873682
1,4151,524.275166
1,4152,87.484733
1,4153,454.248302
1,4154,347.033981
1,4155,77.976290
1,4156,307.875883
1,4157,74.865145
1,4158,98.269481
1,4159,450.140805
1,4160,72.665314
1,4161,20.362421
1,4162,445.216282
1,4163,74.226845
1,4164,300.932628
1,4165,137.334019
1,4166,76.123380
1,4167,326.749626
1,4168,359.509991
1,4169,304.634185
1,4170,288.849673
1,4171,258.522871
1,4172,466.721787
1,4173,76.689641
1,4174,572.115298
1,4175,380.475812
1,4176,127.693113
1,4177,421.013175
1,4178,345.806912
1,4179,441.465837
1,4180,130.394673
1,4181,239.572181
1,4182,158.327653
1,4183,367.949153
1,4184,280.862582
1,4185,142.970926
1,4186,314.919522
1,4187,22.420809
1,4188,296.557769
1,4189,65.032970
1,4190,125.815610
1,4191,231.109861
1,4192,180.611545
1,4193,229.277231
1,4194,4.876660
1,4195,175.945921
1,4196,55.561249
1,4197,279.532251
1,4198,4.876660
1,4199,211.383481
1,4200,66.400398
1,4201,278.579367
1,4202,99.555251
1,4203,66.316293
1,4204,213.136288
1,4205,244.844577
1,4206,172.623854
1,4207,167.355429
1,4208,306.102765
1,4209,68.668524
1,4210,408.400746
1,4211,387.021888
1,4212,99.362104
1,4213,131.401599
1,4214,259.544009
1,4215,23.894733
1,4216,422.936120
1,4217,94.708982
1,4218,474.720748
1,4219,426.265979
1,4220,71.294221
1,4221,359.020278
1,4222,362.741324
1,4223,82.158270
1,4224,282.931156
1,4225,74.229003
1,4226,91.116670
1,4227,478.760886
1,4228,75.598196
1,4229,25.741443
1,4230,386.234779
1,4231,78.546390
1,4232,310.884132
1,4233,133.888267
1,4234,92.778523
1,4235,355.905469
1,4236,332.222891
1,4237,115.507059
1,4238,487.513050
1,4239,426.821815
1,4240,75.013943
1,4241,369.119161
1,4242,363.771020
1,4243,323.987514
1,4244,279.601595
1,4245,303.506141
1,4246,252.241704
1,4247,486.597718
1,4248,75.686121
1,4249,407.797622
1,4250,71.199385
1,4251,18.578039
1,4252,311.379651
1,4253,70.608308
1,4254,141.597626
1,4255,242.023037
1,4256,189.809895
1,4257,328.612991
1,4258,129.738892
1,4259,150.768108
1,4260,219.606763
1,4261,174.666357
1,4262,191.385125
1,4263,550.571753
1,4264,101.940229
1,4265,139.437961
1,4266,387.777329
1,4267,586.353039
1,4268,303.749633
1,4269,48.296862
1,4270,303.636850
1,4271,61.065010
1,4272,416.291172
1,4273,232.770690
1,4274,404.689015
1,4275,169.482145
1,4276,374.269408
1,4277,63.126434
1,4278,201.125610
1,4279,283.689360
1,4280,14.637635
1,4281,462.577668
1,4282,101.611753
1,4283,196.386972
1,4284,455.181893
1,4285,381.150569
1,4286,176.524348
1,4287,72.756339
1,4288,373.083399
1,4289,240.349491
1,4290,16.328853
1,4291,314.698581
1,4292,425.326849
1,4293,86.836016
1,4294,345.373547
1,4295,77.949825
1,4296,475.151827
1,4297,87.303211
1,4298,375.806141
1,4299,148.175590
1,4300,249.384169
1,4301,301.802553
1,4302,167.305963
1,4303,257.400319
1,4304,93.111267
1,4305,443.585895
1,4306,77.463111
1,4307,175.042252
1,4308,123.577461
1,4309,140.216000
1,4310,423.751059
1,4311,94.184850
1,4312,315.542251
1,4313,489.545062
1,4314,13.151703
1,4315,515.495796
1,4316,70.563497
1,4317,101.229907
1,4318,394.798652
1,4319,70.806542
1,4320,21.693769
1,4321,260.923144
1,4322,338.467474
1,4323,87.852888
1,4324,275.430393
1,4325,415.917865
1,4326,442.779119
1,4327,310.231789
1,4328,48.296862
1,4329,320.744187
1,4330,79.158672
1,4331,94.954125
1,4332,328.128334
1,4333,323.718757
1,4334,80.610071
1,4335,414.379757
1,4336,157.836111
1,4337,97.339890
1,4338,219.075118
1,4339,388.082906
1,4340,112.042604
1,4341,244.401429
1,4342,437.398740
1,4343,65.208541
1,4344,226.721286
1,4345,267.369106
1,4346,380.932651
1,4347,73.418244
1,4348,308.906101
1,4349,381.067183
1,4350,68.360190
1,4351,79.098968
1,4352,367.213586
1,4353,485.610909
1,4354,90.469505
1,4355,115.177462
1,4356,212.654997
1,4357,216.250210
1,4358,74.774699
1,4359,137.204363
1,4360,375.296178
1,4361,70.919435
1,4362,24.719937
1,4363,231.796569
1,4364,447.617245
1,4365,223.556756
1,4366,410.775415
1,4367,131.466272
1,4368,313.970672
1,4369,413.817454
1,4370,118.601816
1,4371,425.677224
1,4372,73.189165
1,4373,178.793216
1,4374,401.947108
1,4375,170.404575
1,4376,319.965590
1,4377,77.380571
1,4378,463.355934
1,4379,330.570568
1,4380,126.581462
1,4381,201.650355
1,4382,266.670043
1,4383,92.506969
1,4384,431.251629
1,4385,84.450939
1,4386,440.424407
1,4387,260.264338
1,4388,439.661393
1,4389,535.764479
1,4390,87.056376
1,4391,327.116867
1,4392,270.496474
1,4393,530.521723
1,4394,329.883166
1,4395,184.386710
1,4396,354.786158
1,4397,75.906047
1,4398,416.174048
1,4399,89.075539
1,4400,406.466867
1,4401,359.272978
1,4402,67.993107
1,4403,401.924937
1,4404,82.849706
1,4405,382.093359
1,4406,84.660020
1,4407,542.397330
1,4408,325.703921
1,4409,9.646883
1,4410,278.575574
1,4411,232.403295
1,4412,389.341034
1,4413,92.124952
1,4414,336.472335
1,4415,72.816685
1,4416,263.214523
1,4417,74.078973
1,4418,242.626584
1,4419,518.133442
1,4420,62.954870
1,4421,470.154537
1,4422,313.531972
1,4423,426.566790
1,4424,61.317942
1,4425,401.429097
1,4426,353.689635
1,4427,62.371259
1,4428,153.517911
1,4429,559.246424
1,4430,318.288959
1,4431,83.641578
1,4432,156.139113
1,4433,1.104731
1,4434,450.518605
1,4435,64.823950
1,4436,296.668379
1,4437,266.021303
1,4438,279.048681
1,4439,277.039336
1,4440,243.365725
1,4441,19.885800
1,4442,131.467634
1,4443,264.738399
1,4444,69.567719
1,4445,224.045076
1,4446,176.484569
1,4447,198.411042
1,4448,298.759230
1,4449,483.247518
1,4450,108.771273
1,4451,210.951456
1,4452,275.454581
1,4453,208.222409
1,4454,230.722015
1,4455,69.030531
1,4456,149.631389
1,4457,167.419257
1,4458,75.684658
1,4459,24.002397
1,4460,315.877510
1,4461,75.408282
1,4462,179.387311
1,4463,458.001198
1,4464,23.822900
1,4465,277.719982
1,4466,94.021498
1,4467,258.016114
1,4468,76.865953
1,4469,206.408544
1,4470,69.838244
1,4471,314.333994
1,4472,162.898485
1,4473,239.926100
1,4474,345.658583
1,4475,92.206311
1,4476,48.312519
1,4477,305.974018
1,4478,78.391108
1,4479,135.561685
1,4480,130.534915
1,4481,229.995814
1,4482,208.283397
1,4483,70.652715
1,4484,213.823734
1,4485,97.654453
1,4486,216.031771
1,4487,207.149874
1,4488,98.935247
1,4489,402.163487
1,4490,70.572104
1,4491,205.433703
1,4492,70.002808
1,4493,282.066610
1,4494,172.902410
1,4495,214.506717
1,4496,68.585391
1,4497,145.245197
1,4498,168.274452
1,4499,289.173584
1,4500,70.322810
1,4501,286.231829
1,4502,67.827982
1,4503,300.612897
1,4504,283.752821
1,4505,263.968388
1,4506,138.154183
1,4507,108.767579
1,4508,33.159039
1,4509,347.976452
1,4510,65.465579
1,4511,438.527685
1,4512,270.079789
1,4513,260.572388
1,4514,72.517909
1,4515,231.352637
1,4516,127.569201
1,4517,218.359057
1,4518,274.448170
1,4519,264.254875
1,4520,362.596670
1,4521,76.202160
1,4522,75.735198
1,4523,335.976053
1,4524,403.034884
1,4525,496.150065
1,4526,383.714494
1,4527,439.208433
1,4528,292.245974
1,4529,43.609548
1,4530,317.140858
1,4531,61.923828
1,4532,359.442767
1,4533,221.623404
1,4534,306.829074
1,4535,126.871950
1,4536,124.531351
1,4537,243.034274
1,4538,53.740951
1,4539,183.638773
1,4540,411.189717
1,4541,70.141262
1,4542,360.888189
1,4543,63.470319
1,4544,163.491845
1,4545,372.946679
1,4546,384.533924
1,4547,320.359318
1,4548,191.808615
1,4549,76.485863
1,4550,135.389162
1,4551,62.675409
1,4552,193.251778
1,4553,273.816397
1,4554,374.134327
1,4555,170.026374
1,4556,421.419803
1,4557,75.823102
1,4558,125.698657
1,4559,174.504611
1,4560,243.606062
1,4561,61.041095
1,4562,220.508328
1,4563,60.431663
1,4564,111.696261
1,4565,62.847969
1,4566,196.656824
1,4567,284.488850
1,4568,309.860087
1,4569,338.823074
1,4570,283.066987
1,4571,139.682842
1,4572,110.112063
1,4573,286.256201
1,4574,331.587043
1,4575,356.656361
1,4576,59.626874
1,4577,323.040244
1,4578,6.975938
1,4579,277.357368
1,4580,221.446021
1,4581,57.388834
1,4582,167.861157
1,4583,307.501421
1,4584,227.378499
1,4585,297.008665
1,4586,328.401601
1,4587,341.585443
1,4588,383.510237
1,4589,66.151249
1,4590,117.625696
1,4591,327.257818
1,4592,139.145302
1,4593,223.828093
1,4594,135.323044
1,4595,96.716199
1,4596,350.184007
1,4597,45.083610
1,4598,309.018583
1,4599,229.036312
1,4600,214.393045
1,4601,311.403435
1,4602,406.010740
1,4603,53.460350
1,4604,200.208758
1,4605,104.072466
1,4606,282.807980
1,4607,58.650068
1,4608,261.221985
1,4609,118.410360
1,4610,315.802580
1,4611,250.845277
1,4612,63.614926
1,4613,372.173025
1,4614,328.365354
1,4615,338.455466
1,4616,395.473037
1,4617,338.755313
1,4618,62.764720
1,4619,229.061270
1,4620,58.586815
1,4621,225.744378
1,4622,317.804617
1,4623,61.793513
1,4624,157.537255
1,4625,266.609248
1,4626,114.423645
1,4627,153.745333
1,4628,58.721752
1,4629,675.756203
1,4630,57.005823
1,4631,300.536604
1,4632,112.003621
1,4633,243.264528
1,4634,62.032837
1,4635,154.313475
1,4636,314.161126
1,4637,317.996936
1,4638,60.796961
1,4639,13.335458
1,4640,274.711784
1,4641,57.385605
1,4642,313.864303
1,4643,60.263761
1,4644,191.153779
1,4645,545.637423
1,4646,59.804489
1,4647,333.242342
1,4648,56.134428
1,4649,252.050886
1,4650,169.679324
1,4651,186.425469
1,4652,223.166976
1,4653,244.593213
1,4654,129.802614
1,4655,183.700296
1,4656,357.553859
1,4657,53.371030
1,4658,159.966906
1,4659,181.617740
1,4660,227.121837
1,4661,146.162803
1,4662,59.505582
1,4663,273.390162
1,4664,215.584056
1,4665,56.540516
1,4666,177.788014
1,4667,154.484639
1,4668,248.771668
1,4669,108.924378
1,4670,49.276371
1,4671,289.306489
1,4672,143.690556
1,4673,159.289464
1,4674,195.922644
1,4675,230.564028
1,4676,197.201697
1,4677,298.149000
1,4678,99.892175
1,4679,142.472660
1,4680,51.825497
1,4681,151.513864
1,4682,49.408292
1,4683,192.386498
1,4684,45.568906
1,4685,66.930357
1,4686,244.437900
1,4687,253.668687
1,4688,304.973398
1,4689,273.195051
1,4690,138.418427
1,4691,269.962966
1,4692,47.483604
1,4693,245.033512
1,4694,103.804274
1,4695,191.445529
1,4696,235.068402
1,4697,474.689796
1,4698,208.349248
1,4699,267.936475
1,4700,391.062108
1,4701,216.331599
1,4702,461.751618
1,4703,390.010007
1,4704,314.029822
1,4705,208.943834
1,4706,49.581482
1,4707,283.099398
1,4708,52.659344
1,4709,220.881108
1,4710,304.735897
1,4711,265.979291
1,4712,49.295459
1,4713,308.395732
1,4714,266.151114
1,4715,228.687676
1,4716,246.053755
1,4717,324.446093
1,4718,103.470429
1,4719,77.812237
1,4720,84.069226
1,4721,244.255822
1,4722,201.518180
1,4723,277.024954
1,4724,226.348510
1,4725,328.990954
1,4726,227.232289
1,4727,149.322037
1,4728,412.666739
1,4729,62.915460
1,4730,252.987788
1,4731,333.219141
1,4732,344.107193
1,4733,314.563740
1,4734,330.914944
1,4735,57.311876
1,4736,218.214635
1,4737,379.593086
1,4738,103.423002
1,4739,217.975973
1,4740,440.893800
1,4741,363.353194
1,4742,333.836089
1,4743,294.218989
1,4744,101.768917
1,4745,331.353557
1,4746,262.765756
1,4747,308.897484
1,4748,60.478597
1,4749,154.936080
1,4750,224.083373
1,4751,310.157651
1,4752,286.302029
1,4753,53.627033
1,4754,349.683630
1,4755,67.770512
1,4756,379.826921
1,4757,410.126330
1,4758,378.751745
1,4759,49.091201
1,4760,4.133780
1,4761,269.252144
1,4762,52.619706
1,4763,235.009730
1,4764,210.095876
1,4765,277.154990
1,4766,133.660380
1,4767,305.229108
1,4768,223.909180
1,4769,168.406240
1,4770,42.666015
1,4771,154.041325
1,4772,271.742472
1,4773,104.536099
1,4774,181.572662
1,4775,217.907212
1,4776,144.515635
1,4777,72.643869
1,4778,280.116554
1,4779,360.073666
1,4780,220.014942
1,4781,147.572297
1,4782,123.315518
1,4783,106.940791
1,4784,205.556186
1,4785,240.568048
1,4786,54.961277
1,4787,259.613636
1,4788,52.929396
1,4789,158.106852
1,4790,1.655394
1,4791,105.898899
1,4792,223.133473
1,4793,300.377407
1,4794,214.349957
1,4795,288.705704
1,4796,189.485312
1,4797,108.375652
1,4798,239.010669
1,4799,271.598604
1,4800,146.216328
1,4801,210.515657
1,4802,224.083991
1,4803,319.613756
1,4804,203.268018
1,4805,210.183162
1,4806,57.154038
1,4807,392.605054
1,4808,8.561197
1,4809,243.772620
1,4810,54.640977
1,4811,169.783447
1,4812,136.788163
1,4813,293.173414
1,4814,52.927264
1,4815,189.155281
1,4816,601.050398
1,4817,534.565532
1,4818,335.565671
1,4819,344.293359
1,4820,6.750737
1,4821,398.202644
1,4822,350.702011
1,4823,388.957481
1,4824,327.467128
1,4825,253.919723
1,4826,49.454021
1,4827,59.975174
1,4828,437.100580
1,4829,262.102623
1,4830,384.697969
1,4831,436.914034
1,4832,411.314746
1,4833,388.613056
1,4834,379.953857
1,4835,81.976817
1,4836,380.926825
1,4837,231.771840
1,4838,512.620161
1,4839,398.616304
1,4840,312.962584
1,4841,362.880506
1,4842,62.736604
1,4843,324.826156
1,4844,317.046030
1,4845,371.621038
1,4846,473.411753
1,4847,235.267706
1,4848,209.753233
1,4849,386.446617
1,4850,16.380022
1,4851,168.576494
1,4852,284.404719
1,4853,351.122119
1,4854,346.233671
1,4855,254.300162
1,4856,335.747547
1,4857,314.016503
1,4858,79.379771
1,4859,84.218380
1,4860,464.852690
1,4861,126.296911
1,4862,338.895531
1,4863,401.201474
1,4864,62.676257
1,4865,373.816187
1,4866,71.928450
1,4867,159.432200
1,4868,140.574227
1,4869,243.749807
1,4870,267.154477
1,4871,163.241554
1,4872,330.029723
1,4873,42.855687
1,4874,259.557661
1,4875,330.700416
1,4876,53.868968
1,4877,92.928982
1,4878,494.330187
1,4879,355.689516
1,4880,59.831409
1,4881,411.023748
1,4882,282.553147
1,4883,392.919041
1,4884,59.320236
1,4885,230.149576
1,4886,64.341649
1,4887,367.117619
1,4888,164.392477
1,4889,373.165700
1,4890,299.033389
1,4891,322.022056
1,4892,257.723648
1,4893,452.431035
1,4894,319.285403
1,4895,487.990480
1,4896,350.720108
1,4897,543.607766
1,4898,64.033716
1,4899,197.895020
1,4900,80.295998
1,4901,390.507271
1,4902,452.723637
1,4903,78.306150
1,4904,218.248201
1,4905,82.618579
1,4906,201.665330
1,4907,187.320513
1,4908,180.068722
1,4909,70.889038
1,4910,326.527195
1,4911,69.629577
1,4912,301.296691
1,4913,63.845714
1,4914,76.886118
1,4915,374.838590
1,4916,247.649616
1,4917,351.456644
1,4918,253.036541
1,4919,96.864740
1,4920,162.321227
1,4921,238.155472
1,4922,360.367999
1,4923,58.492481
1,4924,371.957063
1,4925,59.397813
1,4926,61.195343
1,4927,417.336374
1,4928,110.558733
1,4929,353.796759
1,4930,334.672638
1,4931,71.745557
1,4932,263.195820
1,4933,272.883121
1,4934,13.854185
1,4935,205.159495
1,4936,63.732403
1,4937,353.601834
1,4938,433.834154
1,4939,357.645343
1,4940,458.861009
1,4941,234.746342
1,4942,282.916301
1,4943,299.137588
1,4944,269.062947
1,4945,329.889369
1,4946,291.939076
1,4947,226.251113
1,4948,79.015335
1,4949,209.658442
1,4950,241.001263
1,4951,357.679167
1,4952,71.216239
1,4953,195.954786
1,4954,365.381474
1,4955,70.734470
1,4956,447.508012
1,4957,124.457596
1,4958,304.265193
1,4959,291.214734
1,4960,168.244858
1,4961,66.336104
1,4962,335.198638
1,4963,63.987934
1,4964,278.913712
1,4965,195.458544
1,4966,287.769351
1,4967,288.781949
1,4968,49.523618
1,4969,218.187113
1,4970,389.954204
1,4971,302.092858
1,4972,271.370467
1,4973,101.785340
1,4974,182.853880
1,4975,292.164470
1,4976,352.392193
1,4977,376.841546
1,4978,9.121614
1,4979,210.025924
1,4980,330.639843
1,4981,62.555897
1,4982,275.420464
1,4983,57.752696
1,4984,69.368080
1,4985,299.986261
1,4986,32.803226
1,4987,140.280777
1,4988,68.577080
1,4989,202.330662
1,4990,172.344930
1,4991,34.867155
1,4992,159.469743
1,4993,212.568381
1,4994,75.637472
1,4995,347.271199
1,4996,81.817239
1,4997,94.101627
1,4998,439.523876
1,4999,62.124488
1,5000,367.184860
1,5001,422.909105
1,5002,173.181093
1,5003,459.678228
1,5004,70.543787
1,5005,285.841471
1,5006,265.273111
1,5007,441.281958
1,5008,266.619726
1,5009,245.365585
1,5010,308.201915
1,5011,180.868830
1,5012,301.042340
1,5013,69.327711
1,5014,539.028227
1,5015,62.003823
1,5016,66.353683
1,5017,525.337323
1,5018,488.061683
1,5019,181.785820
1,5020,283.599068
1,5021,249.651373
1,5022,533.594952
1,5023,63.920035
1,5024,290.863881
1,5025,112.374900
1,5026,349.834936
1,5027,279.910382
1,5028,169.466261
1,5029,279.849382
1,5030,279.564978
1,5031,185.917105
1,5032,359.046332
1,5033,255.622523
1,5034,496.423804
1,5035,344.357270
1,5036,522.941054
1,5037,426.644904
1,5038,320.548309
1,5039,65.338529
1,5040,316.552790
1,5041,297.886937
1,5042,352.670196
1,5043,395.688749
1,5044,60.127536
1,5045,354.899501
1,5046,335.082963
1,5047,342.330619
1,5048,383.901568
1,5049,470.751922
1,5050,232.372791
1,5051,286.985188
1,5052,327.727267
1,5053,130.610767
1,5054,350.158140
1,5055,257.229844
1,5056,167.816973
1,5057,241.843741
1,5058,42.093326
1,5059,142.379519
1,5060,271.712396
1,5061,220.641516
1,5062,248.948013
1,5063,55.776359
1,5064,4.255714
1,5065,58.515847
1,5066,131.493436
1,5067,243.665520
1,5068,247.899685
1,5069,60.059003
1,5070,167.591709
1,5071,81.928483
1,5072,283.257096
1,5073,131.222249
1,5074,220.120768
1,5075,3.866662
1,5076,202.723469
1,5077,73.319047
1,5078,262.354936
1,5079,63.846184
1,5080,167.704100
1,5081,15.110642
1,5082,280.400079
1,5083,186.268615
1,5084,229.590238
1,5085,247.629204
1,5086,69.366038
1,5087,160.692078
1,5088,68.400598
1,5089,276.551752
1,5090,387.240890
1,5091,4.607241
1,5092,235.514544
1,5093,138.511045
1,5094,67.882170
1,5095,121.179732
1,5096,63.115654
1,5097,73.842227
1,5098,13.000090
1,5099,254.375296
1,5100,61.419416
1,5101,122.753931
1,5102,231.622349
1,5103,283.131074
1,5104,63.957646
1,5105,200.594587
1,5106,75.280768
1,5107,237.120514
1,5108,67.127320
1,5109,177.187386
1,5110,62.360855
1,5111,63.884608
1,5112,252.959879
1,5113,115.307543
1,5114,263.442825
1,5115,173.584988
1,5116,62.523171
1,5117,218.612159
1,5118,269.658605
1,5119,287.647599
1,5120,367.025932
1,5121,127.441272
1,5122,65.443541
1,5123,129.467561
1,5124,278.812734
1,5125,345.167476
1,5126,233.547409
1,5127,61.231051
1,5128,220.671271
1,5129,54.737352
1,5130,229.132731
1,5131,225.761383
1,5132,146.010625
1,5133,299.603859
1,5134,60.128920
1,5135,251.272034
1,5136,1247.402101
1,5137,330.044612
1,5138,53.646840
1,5139,351.770455
1,5140,190.704363
1,5141,156.991186
1,5142,339.750987
1,5143,66.280889
1,5144,202.876848
1,5145,64.130961
1,5146,181.090120
1,5147,120.807933
1,5148,297.315888
1,5149,327.389868
1,5150,69.110251
1,5151,414.331990
1,5152,292.348770
1,5153,37.730561
1,5154,189.947398
1,5155,355.208452
1,5156,0.417643
1,5157,235.895662
1,5158,378.361522
1,5159,0.417643
1,5160,278.128199
1,5161,540.073641
1,5162,402.545464
1,5163,315.575842
1,5164,273.979993
1,5165,58.191479
1,5166,187.986467
1,5167,62.992885
1,5168,337.612894
1,5169,254.123805
1,5170,293.512906
1,5171,292.087207
1,5172,382.550763
1,5173,78.232430
1,5174,219.186605
1,5175,224.829729
1,5176,59.974239
1,5177,281.352939
1,5178,259.324098
1,5179,65.447787
1,5180,198.619351
1,5181,61.176466
1,5182,196.674402
1,5183,167.237425
1,5184,104.878345
1,5185,155.047133
1,5186,59.712407
1,5187,185.269798
1,5188,118.434229
1,5189,299.064791
1,5190,60.135804
1,5191,210.320089
1,5192,348.642551
1,5193,9.937381
1,5194,190.176044
1,5195,310.535970
1,5196,56.571615
1,5197,202.589931
1,5198,193.558223
1,5199,389.404310
1,5200,67.018692
1,5201,195.522378
1,5202,261.244456
1,5203,118.179104
1,5204,115.011051
1,5205,223.287884
1,5206,330.339931
1,5207,305.054872
1,5208,61.230699
1,5209,260.904065
1,5210,60.266422
1,5211,158.628142
1,5212,323.239940
1,5213,63.044524
1,5214,279.845531
1,5215,56.240019
1,5216,146.942860
1,5217,65.091115
1,5218,380.642523
1,5219,56.909793
1,5220,113.930607
1,5221,290.765520
1,5222,328.642394
1,5223,344.066897
1,5224,559.421349
1,5225,2.362188
1,5226,344.331079
1,5227,204.039749
1,5228,333.646445
1,5229,73.834623
1,5230,304.722453
1,5231,449.445061
1,5232,87.892367
1,5233,461.266358
1,5234,410.278289
1,5235,221.696022
1,5236,344.159028
1,5237,76.582081
1,5238,327.733807
1,5239,151.598694
1,5240,78.062299
1,5241,191.993279
1,5242,215.360885
1,5243,255.692022
1,5244,451.821599
1,5245,439.165185
1,5246,447.236057
1,5247,112.339707
1,5248,558.254682
1,5249,86.802321
1,5250,289.793866
1,5251,79.870972
1,5252,89.434785
1,5253,269.148961
1,5254,189.568108
1,5255,80.783649
1,5256,398.852588
1,5257,109.167646
1,5258,208.397210
1,5259,769.904854
1,5260,351.061869
1,5261,201.447463
1,5262,109.048770
1,5263,539.262206
1,5264,315.165421
1,5265,389.400621
1,5266,84.026527
1,5267,510.555402
1,5268,358.786593
1,5269,268.163766
1,5270,205.726330
1,5271,348.091503
1,5272,332.440599
1,5273,224.050242
1,5274,179.515165
1,5275,392.900609
1,5276,337.526993
1,5277,74.311819
1,5278,231.946561
1,5279,276.330702
1,5280,321.068205
1,5281,357.513980
1,5282,288.751248
1,5283,84.436253
1,5284,390.619825
1,5285,76.896639
1,5286,90.433626
1,5287,253.116403
1,5288,79.424302
1,5289,303.739487
1,5290,333.867688
1,5291,51.821451
1,5292,171.924196
1,5293,185.074612
1,5294,72.103771
1,5295,227.325694
1,5296,163.933700
1,5297,269.133213
1,5298,76.217773
1,5299,482.461994
1,5300,173.723355
1,5301,92.460333
1,5302,366.034919
1,5303,290.495642
1,5304,78.040816
1,5305,51.642140
1,5306,289.937024
1,5307,236.752579
1,5308,325.711466
1,5309,276.689718
1,5310,187.709269
1,5311,378.076908
1,5312,270.588599
1,5313,23.558049
1,5314,218.501142
1,5315,211.490326
1,5316,412.187773
1,5317,147.608987
1,5318,502.276322
1,5319,296.617335
1,5320,83.156284
1,5321,190.109202
1,5322,87.579905
1,5323,186.119639
1,5324,373.690966
1,5325,461.082585
1,5326,325.033869
1,5327,102.154596
1,5328,248.169055
1,5329,28.136912
1,5330,474.050951
1,5331,83.059741
1,5332,290.725377
1,5333,281.231105
1,5334,266.746034
1,5335,151.244950
1,5336,301.691566
1,5337,441.491241
1,5338,79.132444
1,5339,25.605527
1,5340,375.842180
1,5341,83.270107
1,5342,235.702664
1,5343,308.841275
1,5344,75.954235
1,5345,426.472605
1,5346,78.214513
1,5347,433.130959
1,5348,261.484249
1,5349,249.339967
1,5350,129.549992
1,5351,331.283597
1,5352,26.610999
1,5353,434.238846
1,5354,164.846567
1,5355,231.758492
1,5356,283.046498
1,5357,87.855689
1,5358,463.725899
1,5359,70.629335
1,5360,258.570557
1,5361,318.894358
1,5362,146.020992
1,5363,529.720398
1,5364,78.209276
1,5365,268.711843
1,5366,358.740870
1,5367,116.864129
1,5368,165.901571
1,5369,380.827917
1,5370,164.827536
1,5371,76.036841
1,5372,306.030827
1,5373,319.437178
1,5374,115.926493
1,5375,134.486394
1,5376,83.754518
1,5377,273.928848
1,5378,353.459513
1,5379,219.395957
1,5380,464.273661
1,5381,171.192002
1,5382,426.320931
1,5383,413.660461
1,5384,403.313668
1,5385,350.769243
1,5386,79.203481
1,5387,207.878266
1,5388,228.144460
1,5389,310.481623
1,5390,83.616234
1,5391,388.750519
1,5392,152.883501
1,5393,399.791578
1,5394,331.503539
1,5395,203.985446
1,5396,90.843881
1,5397,126.879738
1,5398,418.566971
1,5399,335.585014
1,5400,76.400001
1,5401,344.396684
1,5402,90.192060
1,5403,415.428846
1,5404,450.015876
1,5405,83.307171
1,5406,366.972302
1,5407,92.172269
1,5408,359.221968
1,5409,81.125945
1,5410,282.795990
1,5411,67.322647
1,5412,527.696552
1,5413,77.336291
1,5414,213.060802
1,5415,224.245126
1,5416,169.332729
1,5417,195.662119
1,5418,411.521683
1,5419,74.300689
1,5420,401.963196
1,5421,237.165453
1,5422,433.505866
1,5423,262.992640
1,5424,218.037388
1,5425,190.807240
1,5426,157.475367
1,5427,343.747607
1,5428,526.503420
1,5429,99.453422
1,5430,403.017315
1,5431,83.746575
1,5432,163.078273
1,5433,395.983164
1,5434,139.029549
1,5435,163.919475
1,5436,168.666030
1,5437,168.927725
1,5438,261.926366
1,5439,39.983148
1,5440,416.908588
1,5441,95.904676
1,5442,475.750320
1,5443,71.626440
1,5444,212.247530
1,5445,79.739717
1,5446,102.104329
1,5447,142.207633
1,5448,97.837160
1,5449,84.536026
1,5450,319.811638
1,5451,15.134857
1,5452,289.487704
1,5453,436.246541
1,5454,177.585362
1,5455,109.481648
1,5456,305.935699
1,5457,274.077388
1,5458,68.662303
1,5459,336.289206
1,5460,14.527672
1,5461,252.489302
1,5462,73.054185
1,5463,224.606545
1,5464,512.506689
1,5465,392.297676
1,5466,69.479148
1,5467,131.179462
1,5468,123.844438
1,5469,328.867823
1,5470,64.895599
1,5471,416.529257
1,5472,85.485852
1,5473,299.452944
1,5474,123.511776
1,5475,245.489532
1,5476,174.560550
1,5477,305.866779
1,5478,341.709106
1,5479,60.598566
1,5480,172.024763
1,5481,336.224167
1,5482,290.924353
1,5483,501.889968
1,5484,192.498692
1,5485,340.530255
1,5486,91.473606
1,5487,354.574282
1,5488,175.268177
1,5489,357.279476
1,5490,20.280962
1,5491,280.474241
1,5492,71.776192
1,5493,82.856578
1,5494,220.898088
1,5495,102.371256
1,5496,84.875582
1,5497,146.039129
1,5498,256.634630
1,5499,77.409604
1,5500,203.107471
1,5501,76.490095
1,5502,333.731240
1,5503,131.245698
1,5504,162.521680
1,5505,404.209660
1,5506,99.152055
1,5507,76.215967
1,5508,323.151165
1,5509,333.585253
1,5510,184.533371
1,5511,268.408811
1,5512,109.761778
1,5513,280.567024
1,5514,143.801505
1,5515,192.669294
1,5516,450.927108
1,5517,78.058083
1,5518,187.252504
1,5519,372.892022
1,5520,363.381567
1,5521,88.629569
1,5522,227.806298
1,5523,76.830950
1,5524,290.126126
1,5525,95.502442
1,5526,389.458062
1,5527,558.277486
1,5528,166.874624
1,5529,325.188470
1,5530,85.950560
1,5531,245.835083
1,5532,397.920231
1,5533,386.690624
1,5534,75.106122
1,5535,217.776295
1,5536,162.449490
1,5537,71.914850
1,5538,317.568328
1,5539,89.324672
1,5540,399.458325
1,5541,99.843016
1,5542,438.764366
1,5543,126.573439
1,5544,120.756163
1,5545,286.495713
1,5546,484.359608
1,5547,354.928952
1,5548,90.938326
1,5549,115.213684
1,5550,356.412558
1,5551,297.205549
1,5552,118.103400
1,5553,420.061815
1,5554,262.001888
1,5555,83.640889
1,5556,773.270926
1,5557,131.751013
1,5558,108.558184
1,5559,540.300162
1,5560,321.075897
1,5561,513.233366
1,5562,65.240257
1,5563,377.776916
1,5564,223.380638
1,5565,319.328333
1,5566,90.482766
1,5567,223.572658
1,5568,297.905734
1,5569,345.786478
1,5570,406.947836
1,5571,295.828041
1,5572,61.152193
1,5573,180.530046
1,5574,82.062764
1,5575,228.272067
1,5576,167.523401
1,5577,319.383011
1,5578,76.955549
1,5579,193.850961
1,5580,81.148690
1,5581,305.954612
1,5582,73.874428
1,5583,285.041865
1,5584,203.815695
1,5585,78.402647
1,5586,406.326980
1,5587,203.198814
1,5588,198.463155
1,5589,357.252279
1,5590,21.754415
1,5591,369.695920
1,5592,329.740358
1,5593,221.681613
1,5594,515.216255
1,5595,169.861260
1,5596,285.549824
1,5597,85.673473
1,5598,381.582176
1,5599,289.489356
1,5600,188.069426
1,5601,78.181708
1,5602,274.662715
1,5603,223.851492
1,5604,239.270458
1,5605,208.652214
1,5606,100.392493
1,5607,262.338049
1,5608,214.966300
1,5609,23.287084
1,5610,327.651653
1,5611,200.047827
1,5612,248.235160
1,5613,191.931493
1,5614,292.614833
1,5615,389.884232
1,5616,174.533698
1,5617,23.384085
1,5618,386.708443
1,5619,79.309044
1,5620,366.419084
1,5621,69.153757
1,5622,344.069706
1,5623,69.993830
1,5624,78.167601
1,5625,318.099672
1,5626,366.034215
1,5627,74.485905
1,5628,183.684310
1,5629,72.578841
1,5630,227.899252
1,5631,126.126473
1,5632,131.478306
1,5633,165.782151
1,5634,237.798800
1,5635,321.130763
1,5636,75.449234
1,5637,140.340194
1,5638,128.734154
1,5639,452.010387
1,5640,73.796190
1,5641,518.215593
1,5642,85.046627
1,5643,447.916746
1,5644,82.926661
1,5645,282.317060
1,5646,235.154565
1,5647,430.390253
1,5648,130.083639
1,5649,76.833728
1,5650,401.524181
1,5651,147.082919
1,5652,357.548666
1,5653,195.760217
1,5654,276.214066
1,5655,323.958992
1,5656,58.906191
1,5657,156.139113
1,5658,1.104731
1,5659,448.958855
1,5660,81.009402
1,5661,290.218652
1,5662,286.854211
1,5663,271.846539
1,5664,295.919656
1,5665,260.148502
1,5666,33.536182
1,5667,149.505638
1,5668,238.353426
1,5669,69.567719
1,5670,217.897566
1,5671,191.874798
1,5672,193.870962
1,5673,300.624450
1,5674,510.208027
1,5675,89.555896
1,5676,211.096541
1,5677,287.857206
1,5678,223.112162
1,5679,229.696642
1,5680,68.687907
1,5681,148.608517
1,5682,166.819039
1,5683,75.176974
1,5684,24.002397
1,5685,317.594980
1,5686,75.408282
1,5687,194.402731
1,5688,474.384157
1,5689,23.822900
1,5690,276.134308
1,5691,92.193333
1,5692,278.116387
1,5693,76.428294
1,5694,206.408544
1,5695,86.901222
1,5696,336.556557
1,5697,181.911517
1,5698,254.703802
1,5699,359.898426
1,5700,80.446028
1,5701,48.312519
1,5702,289.708602
1,5703,77.620828
1,5704,134.426272
1,5705,129.814654
1,5706,248.496061
1,5707,226.126396
1,5708,85.180622
1,5709,212.713331
1,5710,115.849786
1,5711,215.058917
1,5712,207.149874
1,5713,85.019966
1,5714,437.596402
1,5715,70.572104
1,5716,202.998832
1,5717,70.002808
1,5718,277.716533
1,5719,188.990360
1,5720,230.887175
1,5721,68.585391
1,5722,160.695513
1,5723,182.637233
1,5724,304.066165
1,5725,70.322810
1,5726,303.782320
1,5727,86.646008
1,5728,300.955816
1,5729,302.278338
1,5730,292.926697
1,5731,138.154183
1,5732,101.732770
1,5733,17.526385
1,5734,321.448960
1,5735,80.188491
1,5736,426.524878
1,5737,275.712308
1,5738,274.179731
1,5739,71.530050
1,5740,243.225330
1,5741,127.569201
1,5742,209.696647
1,5743,289.281154
1,5744,283.515334
1,5745,341.889168
1,5746,62.061927
1,5747,75.735198
1,5748,316.722770
1,5749,381.372408
1,5750,502.124030
1,5751,351.775363
1,5752,403.326743
1,5753,289.342419
1,5754,43.609548
1,5755,314.192287
1,5756,60.703385
1,5757,357.159437
1,5758,232.915788
1,5759,335.686693
1,5760,138.699136
1,5761,124.136208
1,5762,264.271969
1,5763,53.235768
1,5764,202.061361
1,5765,430.424446
1,5766,68.910815
1,5767,373.594845
1,5768,62.705041
1,5769,180.196341
1,5770,380.809663
1,5771,403.066487
1,5772,331.048885
1,5773,211.221105
1,5774,75.015329
1,5775,150.189209
1,5776,62.675409
1,5777,209.912141
1,5778,299.461919
1,5779,364.788449
1,5780,185.438947
1,5781,417.474220
1,5782,74.480114
1,5783,125.698657
1,5784,189.369649
1,5785,256.511205
1,5786,61.041095
1,5787,234.878219
1,5788,60.431663
1,5789,124.274112
1,5790,62.847969
1,5791,213.232288
1,5792,302.234117
1,5793,329.945256
1,5794,354.755575
1,5795,303.419754
1,5796,155.572860
1,5797,110.112063
1,5798,292.181359
1,5799,348.455014
1,5800,385.809676
1,5801,59.626874
1,5802,343.413017
1,5803,6.975938
1,5804,304.147945
1,5805,242.994123
1,5806,57.388834
1,5807,187.921611
1,5808,321.151803
1,5809,246.563799
1,5810,316.058883
1,5811,364.112477
1,5812,354.115253
1,5813,405.015497
1,5814,66.151249
1,5815,116.972959
1,5816,348.220904
1,5817,124.885026
1,5818,222.070707
1,5819,134.842870
1,5820,96.716199
1,5821,350.339128
1,5822,45.083610
1,5823,285.575217
1,5824,227.975927
1,5825,213.730304
1,5826,309.997925
1,5827,381.754644
1,5828,53.460350
1,5829,214.126410
1,5830,104.072466
1,5831,296.698154
1,5832,58.650068
1,5833,275.219633
1,5834,138.628208
1,5835,327.875020
1,5836,249.494787
1,5837,77.887740
1,5838,396.155769
1,5839,347.687484
1,5840,353.272725
1,5841,418.113088
1,5842,366.190733
1,5843,83.337796
1,5844,249.049328
1,5845,72.724710
1,5846,249.047529
1,5847,353.100604
1,5848,61.793513
1,5849,157.537255
1,5850,281.734414
1,5851,130.609097
1,5852,165.640665
1,5853,58.721752
1,5854,649.861932
1,5855,71.826238
1,5856,316.796691
1,5857,128.636442
1,5858,261.887549
1,5859,62.032837
1,5860,172.156474
1,5861,332.004125
1,5862,368.308343
1,5863,60.796961
1,5864,31.568468
1,5865,295.089854
1,5866,57.385605
1,5867,309.429000
1,5868,59.713561
1,5869,163.183328
1,5870,462.344089
1,5871,59.804489
1,5872,370.195875
1,5873,56.134428
1,5874,271.453929
1,5875,187.764453
1,5876,203.170503
1,5877,237.251764
1,5878,265.883362
1,5879,141.894832
1,5880,183.432699
1,5881,344.918487
1,5882,53.371030
1,5883,159.966906
1,5884,209.113509
1,5885,244.184814
1,5886,164.298310
1,5887,58.947879
1,5888,289.840220
1,5889,231.672006
1,5890,56.540516
1,5891,192.705931
1,5892,153.864413
1,5893,263.689585
1,5894,108.924378
1,5895,49.276371
1,5896,309.649383
1,5897,161.241046
1,5898,179.472528
1,5899,208.287820
1,5900,249.474326
1,5901,216.312231
1,5902,325.742271
1,5903,99.892175
1,5904,142.472660
1,5905,51.825497
1,5906,173.451977
1,5907,49.408292
1,5908,207.446738
1,5909,45.568906
1,5910,50.927700
1,5911,271.836166
1,5912,274.901347
1,5913,342.314343
1,5914,298.350754
1,5915,159.479016
1,5916,290.341036
1,5917,63.084040
1,5918,267.808808
1,5919,119.369567
1,5920,185.448368
1,5921,234.800805
1,5922,457.914979
1,5923,264.018139
1,5924,304.109987
1,5925,472.156736
1,5926,196.536405
1,5927,398.900201
1,5928,366.482690
1,5929,307.962635
1,5930,220.839167
1,5931,49.581482
1,5932,295.594524
1,5933,52.659344
1,5934,234.576342
1,5935,324.653407
1,5936,264.608793
1,5937,49.295459
1,5938,307.315339
1,5939,264.815629
1,5940,248.799995
1,5941,264.548935
1,5942,323.205642
1,5943,103.470429
1,5944,58.109544
1,5945,85.711832
1,5946,295.989527
1,5947,246.174429
1,5948,317.403358
1,5949,242.206311
1,5950,345.986276
1,5951,240.277516
1,5952,148.531750
1,5953,431.869022
1,5954,78.395787
1,5955,266.747686
1,5956,311.323117
1,5957,344.822290
1,5958,352.329479
1,5959,350.903003
1,5960,57.311876
1,5961,218.214635
1,5962,404.980916
1,5963,102.687734
1,5964,217.975973
1,5965,437.088889
1,5966,398.219057
1,5967,353.239131
1,5968,332.732566
1,5969,101.288743
1,5970,349.896090
1,5971,284.921285
1,5972,326.252969
1,5973,60.478597
1,5974,154.936080
1,5975,223.083010
1,5976,326.610406
1,5977,300.129648
1,5978,52.866757
1,5979,369.186218
1,5980,66.492547
1,5981,406.844395
1,5982,429.343128
1,5983,412.477096
1,5984,49.091201
1,5985,4.133780
1,5986,300.725354
1,5987,52.199553
1,5988,234.609585
1,5989,190.650939
1,5990,268.024648
1,5991,147.910587
1,5992,319.091609
1,5993,241.006614
1,5994,193.794201
1,5995,42.666015
1,5996,171.794063
1,5997,290.755504
1,5998,120.331541
1,5999,196.588082
1,6000,217.907212
1,6001,160.116072
1,6002,70.628137
1,6003,280.116554
1,6004,360.073666
1,6005,234.250340
1,6006,147.017096
1,6007,139.775744
1,6008,106.940791
1,6009,219.028644
1,6010,256.428186
1,6011,54.961277
1,6012,276.756512
1,6013,52.929396
1,6014,158.106852
1,6015,1.655394
1,6016,105.898899
1,6017,242.810863
1,6018,305.234612
1,6019,229.215224
1,6020,310.721149
1,6021,188.655010
1,6022,126.803667
1,6023,257.540894
1,6024,283.273824
1,6025,145.826187
1,6026,208.980099
1,6027,223.191166
1,6028,340.576678
1,6029,219.845753
1,6030,225.033228
1,6031,56.621344
1,6032,410.849848
1,6033,7.755905
1,6034,267.185452
1,6035,54.640977
1,6036,185.588697
1,6037,136.480551
1,6038,307.548634
1,6039,52.927264
1,6040,189.155281
1,6041,689.598875
1,6042,563.477092
1,6043,350.178477
1,6044,365.823693
1,6045,6.750737
1,6046,420.213022
1,6047,379.499968
1,6048,417.770345
1,6049,330.017368
1,6050,267.374903
1,6051,49.454021
1,6052,74.745472
1,6053,454.415920
1,6054,240.977109
1,6055,373.119990
1,6056,426.285680
1,6057,420.613841
1,6058,383.297596
1,6059,355.843402
1,6060,81.976817
1,6061,372.639388
1,6062,230.791484
1,6063,669.219020
1,6064,429.415919
1,6065,309.423798
1,6066,374.159634
1,6067,62.341460
1,6068,336.228319
1,6069,336.513573
1,6070,404.931238
1,6071,512.434371
1,6072,249.840269
1,6073,208.432753
1,6074,404.356127
1,6075,16.380022
1,6076,190.914458
1,6077,327.082716
1,6078,365.177255
1,6079,367.336546
1,6080,279.423190
1,6081,354.070328
1,6082,339.514177
1,6083,78.594486
1,6084,100.711183
1,6085,485.920062
1,6086,125.819238
1,6087,331.992649
1,6088,425.181521
1,6089,74.084076
1,6090,397.874057
1,6091,71.928450
1,6092,176.202669
1,6093,157.844518
1,6094,263.302708
1,6095,281.929384
1,6096,163.241554
1,6097,319.691900
1,6098,56.506069
1,6099,274.057632
1,6100,320.867646
1,6101,53.576362
1,6102,73.013580
1,6103,471.523898
1,6104,307.238490
1,6105,59.831409
1,6106,416.260796
1,6107,286.310573
1,6108,385.595580
1,6109,59.320236
1,6110,212.964022
1,6111,77.309511
1,6112,390.295235
1,6113,184.495349
1,6114,369.620884
1,6115,297.872968
1,6116,319.438617
1,6117,273.178573
1,6118,464.439774
1,6119,309.042354
1,6120,544.488659
1,6121,371.637621
1,6122,561.268166
1,6123,64.033716
1,6124,213.885468
1,6125,91.041011
1,6126,417.602502
1,6127,487.456102
1,6128,91.566521
1,6129,233.880887
1,6130,66.800923
1,6131,201.350216
1,6132,171.547645
1,6133,200.299075
1,6134,70.889038
1,6135,343.777478
1,6136,85.327516
1,6137,316.681951
1,6138,78.373620
1,6139,76.150851
1,6140,394.070818
1,6141,265.832150
1,6142,362.708654
1,6143,249.545305
1,6144,96.449589
1,6145,161.345872
1,6146,259.395930
1,6147,401.798860
1,6148,58.492481
1,6149,368.520815
1,6150,58.835109
1,6151,60.477582
1,6152,429.053750
1,6153,109.715926
1,6154,353.306581
1,6155,355.592718
1,6156,86.195771
1,6157,279.381273
1,6158,299.458654
1,6159,13.854185
1,6160,233.747278
1,6161,63.352265
1,6162,375.947006
1,6163,488.654910
1,6164,373.420188
1,6165,459.095964
1,6166,256.916778
1,6167,304.699194
1,6168,319.122786
1,6169,297.423605
1,6170,382.025458
1,6171,327.622279
1,6172,246.058747
1,6173,78.034978
1,6174,208.285443
1,6175,238.740442
1,6176,353.816637
1,6177,70.533491
1,6178,195.954786
1,6179,395.802324
1,6180,85.642253
1,6181,461.084460
1,6182,147.915608
1,6183,321.670402
1,6184,309.432378
1,6185,184.132571
1,6186,66.336104
1,6187,238.355025
1,6188,77.345807
1,6189,292.258623
1,6190,195.458544
1,6191,257.643804
1,6192,259.363733
1,6193,49.523618
1,6194,217.389323
1,6195,388.023502
1,6196,274.482113
1,6197,247.264655
1,6198,101.142607
1,6199,180.930682
1,6200,290.251275
1,6201,349.776242
1,6202,406.806544
1,6203,9.121614
1,6204,229.468654
1,6205,361.385321
1,6206,62.555897
1,6207,266.713234
1,6208,57.752696
1,6209,68.547782
1,6210,298.843346
1,6211,32.335556
1,6212,137.939927
1,6213,86.030068
1,6214,214.815817
1,6215,185.257478
1,6216,33.274076
1,6217,159.469743
1,6218,210.807741
1,6219,74.527068
1,6220,342.846095
1,6221,81.309555
1,6222,107.561449
1,6223,393.415941
1,6224,61.666822
1,6225,396.744809
1,6226,445.561333
1,6227,190.068777
1,6228,478.854847
1,6229,69.946070
1,6230,301.706480
1,6231,312.096339
1,6232,481.209479
1,6233,262.609544
1,6234,222.525036
1,6235,307.644212
1,6236,199.071437
1,6237,318.702478
1,6238,68.770008
1,6239,560.820372
1,6240,61.566164
1,6241,66.353683
1,6242,488.214382
1,6243,459.228746
1,6244,200.363595
1,6245,299.978740
1,6246,264.243747
1,6247,602.815316
1,6248,74.255323
1,6249,267.473492
1,6250,111.497081
1,6251,326.914784
1,6252,300.073177
1,6253,183.151295
1,6254,302.470014
1,6255,308.435527
1,6256,198.007442
1,6257,354.493715
1,6258,258.035245
1,6259,501.149049
1,6260,342.352588
1,6261,471.139956
1,6262,432.015057
1,6263,325.228341
1,6264,65.338529
1,6265,335.015393
1,6266,318.614741
1,6267,366.687426
1,6268,391.916448
1,6269,60.127536
1,6270,368.672002
1,6271,338.350343
1,6272,354.795668
1,6273,385.708613
1,6274,499.474492
1,6275,255.415619
1,6276,303.647692
1,6277,348.317292
1,6278,111.000574
1,6279,369.710714
1,6280,269.300372
1,6281,176.014803
1,6282,222.308641
1,6283,42.093326
1,6284,139.947280
1,6285,291.840048
1,6286,242.606943
1,6287,248.297777
1,6288,55.226159
1,6289,4.255714
1,6290,58.515847
1,6291,130.100430
1,6292,263.158006
1,6293,232.394872
1,6294,59.613841
1,6295,182.619535
1,6296,61.485782
1,6297,282.771919
1,6298,131.222249
1,6299,220.120768
1,6300,3.866662
1,6301,202.723469
1,6302,72.276168
1,6303,262.042322
1,6304,78.764101
1,6305,182.037000
1,6306,15.110642
1,6307,294.297593
1,6308,195.270887
1,6309,228.907490
1,6310,226.091269
1,6311,84.381457
1,6312,160.206902
1,6313,81.668340
1,6314,288.904293
1,6315,399.228528
1,6316,4.607241
1,6317,234.109033
1,6318,154.383459
1,6319,67.882170
1,6320,141.752807
1,6321,63.115654
1,6322,92.465247
1,6323,13.000090
1,6324,273.778338
1,6325,61.419416
1,6326,122.753931
1,6327,249.945065
1,6328,298.663691
1,6329,79.948093
1,6330,199.821806
1,6331,90.881204
1,6332,251.095817
1,6333,67.127320
1,6334,195.347673
1,6335,61.885682
1,6336,78.510017
1,6337,267.585288
1,6338,115.307543
1,6339,280.350615
1,6340,195.500364
1,6341,62.228064
1,6342,235.742334
1,6343,286.668834
1,6344,308.065258
1,6345,387.271356
1,6346,127.441272
1,6347,103.859615
1,6348,129.467561
1,6349,298.572981
1,6350,377.100394
1,6351,251.817703
1,6352,61.231051
1,6353,242.121674
1,6354,54.737352
1,6355,259.261074
1,6356,248.966902
1,6357,145.460425
1,6358,343.187577
1,6359,60.128920
1,6360,269.542133
1,6361,1202.551796
1,6362,310.839141
1,6363,53.184172
1,6364,351.390317
1,6365,190.194177
1,6366,138.861008
1,6367,307.972994
1,6368,66.280889
1,6369,202.876848
1,6370,95.234331
1,6371,168.612599
1,6372,102.222164
1,6373,333.278898
1,6374,362.862831
1,6375,84.333050
1,6376,441.069755
1,6377,280.971027
1,6378,52.063462
1,6379,160.161941
1,6380,348.278092
1,6381,0.417643
1,6382,209.632383
1,6383,354.622819
1,6384,0.417643
1,6385,254.604672
1,6386,504.778846
1,6387,381.791571
1,6388,278.067696
1,6389,289.860139
1,6390,57.583758
1,6391,206.058993
1,6392,62.290130
1,6393,359.995417
1,6394,252.508218
1,6395,291.132041
1,6396,303.531950
1,6397,395.635056
1,6398,76.431776
1,6399,219.186605
1,6400,249.752717
1,6401,59.974239
1,6402,298.170598
1,6403,275.509550
1,6404,65.447787
1,6405,198.619351
1,6406,61.176466
1,6407,212.957357
1,6408,183.475266
1,6409,104.400671
1,6410,174.450175
1,6411,77.457904
1,6412,196.302448
1,6413,117.911539
1,6414,310.346845
1,6415,60.135804
1,6416,248.063189
1,6417,373.047753
1,6418,9.937381
1,6419,209.286578
1,6420,332.571586
1,6421,70.612008
1,6422,226.673104
1,6423,212.083741
1,6424,419.785048
1,6425,66.225904
1,6426,212.130190
1,6427,274.989578
1,6428,118.179104
1,6429,114.583396
1,6430,194.890105
1,6431,353.840295
1,6432,320.167794
1,6433,61.230699
1,6434,274.651949
1,6435,60.016332
1,6436,178.113584
1,6437,343.345377
1,6438,63.044524
1,6439,296.616000
1,6440,56.240019
1,6441,161.373263
1,6442,65.091115
1,6443,381.960143
1,6444,56.909793
1,6445,113.930607
1,6446,323.816313
1,6447,344.087545
1,6448,359.666973
1,6449,240.766493
1,6450,77.462731
1,6451,314.475960
1,6452,217.655658
1,6453,372.000637
1,6454,282.302731
1,6455,342.065454
1,6456,439.551523
1,6457,522.273726
1,6458,75.841419
1,6459,328.402298
1,6460,77.724502
1,6461,437.012333
1,6462,78.867935
1,6463,360.591059
1,6464,257.645418
1,6465,474.264808
1,6466,80.742092
1,6467,239.752173
1,6468,459.113787
1,6469,112.614806
1,6470,554.775225
1,6471,540.841754
1,6472,614.046085
1,6473,26.326186
1,6474,456.621564
1,6475,462.586445
1,6476,538.387473
1,6477,82.832755
1,6478,434.832735
1,6479,394.143765
1,6480,221.293210
1,6481,86.705891
1,6482,392.777978
1,6483,416.185428
1,6484,343.911766
1,6485,86.165890
1,6486,469.954523
1,6487,85.464125
1,6488,285.831253
1,6489,502.752602
1,6490,304.054820
1,6491,544.159603
1,6492,94.769853
1,6493,426.486143
1,6494,528.014859
1,6495,95.462146
1,6496,365.476181
1,6497,601.262991
1,6498,401.241820
1,6499,506.918238
1,6500,413.256678
1,6501,86.961878
1,6502,342.415423
1,6503,263.786680
1,6504,250.021131
1,6505,239.097602
1,6506,387.831860
1,6507,32.938857
1,6508,413.200757
1,6509,301.599840
1,6510,102.859650
1,6511,290.252647
1,6512,365.874461
1,6513,149.000709
1,6514,433.653875
1,6515,455.234944
1,6516,338.492261
1,6517,78.676629
1,6518,241.752705
1,6519,158.798649
1,6520,280.865217
1,6521,69.104722
1,6522,448.710826
1,6523,137.161312
1,6524,87.230142
1,6525,86.424609
1,6526,475.120968
1,6527,76.549698
1,6528,23.201642
1,6529,183.233535
1,6530,332.965410
1,6531,702.890740
1,6532,479.012875
1,6533,75.262539
1,6534,499.313577
1,6535,83.287838
1,6536,229.981159
1,6537,199.845887
1,6538,448.725502
1,6539,92.838140
1,6540,537.002448
1,6541,78.220025
1,6542,426.293757
1,6543,260.834590
1,6544,435.454063
1,6545,92.203342
1,6546,271.618433
1,6547,177.406138
1,6548,505.122144
1,6549,97.513794
1,6550,508.218714
1,6551,230.678674
1,6552,319.689188
1,6553,446.829727
1,6554,467.613167
1,6555,83.057037
1,6556,233.335169
1,6557,464.373461
1,6558,25.719418
1,6559,412.125455
1,6560,359.233767
1,6561,385.540927
1,6562,368.756298
1,6563,87.838015
1,6564,404.898915
1,6565,348.335430
1,6566,258.727185
1,6567,545.025260
1,6568,96.438701
1,6569,195.335830
1,6570,483.101310
1,6571,75.783773
1,6572,241.926786
1,6573,484.530524
1,6574,595.332620
1,6575,410.848077
1,6576,447.271186
1,6577,437.197143
1,6578,105.120488
1,6579,267.643935
1,6580,326.085722
1,6581,84.767290
1,6582,438.582222
1,6583,67.107170
1,6584,477.531577
1,6585,252.569549
1,6586,471.255533
1,6587,74.282547
1,6588,229.246115
1,6589,411.719403
1,6590,859.134468
1,6591,335.923432
1,6592,383.360372
1,6593,125.802569
1,6594,447.913570
1,6595,85.294353
1,6596,381.958678
1,6597,517.432759
1,6598,200.485693
1,6599,87.806750
1,6600,357.127989
1,6601,284.426646
1,6602,358.483127
1,6603,83.337188
1,6604,355.528408
1,6605,601.905475
1,6606,128.334233
1,6607,194.536261
1,6608,238.360853
1,6609,26.967627
1,6610,542.836922
1,6611,562.412501
1,6612,79.634250
1,6613,533.607671
1,6614,416.059276
1,6615,502.271114
1,6616,103.664378
1,6617,197.900561
1,6618,497.355623
1,6619,468.401477
1,6620,510.379766
1,6621,97.421696
1,6622,479.569902
1,6623,531.991143
1,6624,80.895665
1,6625,479.042340
1,6626,341.378022
1,6627,80.550311
1,6628,444.750757
1,6629,301.442243
1,6630,332.346236
1,6631,158.676838
1,6632,222.360603
1,6633,299.789979
1,6634,80.575328
1,6635,539.415700
1,6636,326.105900
1,6637,410.826469
1,6638,523.971877
1,6639,38.470155
1,6640,476.851549
1,6641,94.555935
1,6642,21.120970
1,6643,478.364955
1,6644,426.551025
1,6645,78.239970
1,6646,313.270562
1,6647,239.738986
1,6648,378.335096
1,6649,81.579106
1,6650,20.063782
1,6651,383.972044
1,6652,505.928496
1,6653,434.464905
1,6654,89.544116
1,6655,366.453829
1,6656,86.391545
1,6657,387.522078
1,6658,485.095025
1,6659,366.618615
1,6660,166.291959
1,6661,383.264931
1,6662,159.192156
1,6663,73.775471
1,6664,299.363722
1,6665,75.762402
1,6666,368.952590
1,6667,418.551825
1,6668,499.400806
1,6669,126.683650
1,6670,462.089754
1,6671,363.508715
1,6672,522.681941
1,6673,422.282170
1,6674,130.695670
1,6675,320.375207
1,6676,197.110310
1,6677,505.218031
1,6678,69.815166
1,6679,339.109470
1,6680,430.666628
1,6681,260.799227
1,6682,388.804109
1,6683,362.560239
1,6684,72.614395
1,6685,381.704629
1,6686,396.484497
1,6687,80.821067
1,6688,415.206797
1,6689,540.029243
1,6690,195.208917
1,6691,440.211149
1,6692,242.507000
1,6693,214.070414
1,6694,384.072588
1,6695,168.954518
1,6696,378.747131
1,6697,135.379587
1,6698,420.099691
1,6699,24.049647
1,6700,449.827512
1,6701,307.054765
1,6702,84.522219
1,6703,333.455228
1,6704,79.119098
1,6705,379.898207
1,6706,139.214737
1,6707,234.773187
1,6708,285.391572
1,6709,207.511463
1,6710,88.426393
1,6711,390.792800
1,6712,336.512608
1,6713,386.758655
1,6714,503.441263
1,6715,412.794562
1,6716,112.685109
1,6717,456.719124
1,6718,283.146267
1,6719,230.975094
1,6720,243.750856
1,6721,83.706084
1,6722,418.159399
1,6723,407.987011
1,6724,528.097075
1,6725,39.457642
1,6726,478.327535
1,6727,449.824251
1,6728,83.436962
1,6729,194.841332
1,6730,537.403303
1,6731,81.375932
1,6732,499.169503
1,6733,76.070466
1,6734,342.007589
1,6735,83.259106
1,6736,475.836892
1,6737,390.141198
1,6738,166.787384
1,6739,157.162227
1,6740,197.535430
1,6741,324.047400
1,6742,359.919906
1,6743,474.293689
1,6744,205.951299
1,6745,428.003672
1,6746,73.103749
1,6747,429.907345
1,6748,452.933256
1,6749,77.792664
1,6750,342.087528
1,6751,315.570467
1,6752,513.709174
1,6753,81.883655
1,6754,626.342805
1,6755,543.948349
1,6756,69.427506
1,6757,91.494749
1,6758,450.520835
1,6759,69.870652
1,6760,175.637961
1,6761,468.336973
1,6762,213.234974
1,6763,577.197949
1,6764,356.239789
1,6765,235.086022
1,6766,349.971598
1,6767,493.041403
1,6768,60.460119
1,6769,21.143766
1,6770,401.676083
1,6771,514.487178
1,6772,89.703837
1,6773,350.772279
1,6774,70.517554
1,6775,457.982387
1,6776,404.316417
1,6777,70.800730
1,6778,179.411133
1,6779,94.718450
1,6780,335.821827
1,6781,390.416927
1,6782,74.355711
1,6783,424.794750
1,6784,268.897017
1,6785,412.490898
1,6786,78.627715
1,6787,342.069311
1,6788,481.992202
1,6789,501.657226
1,6790,235.616832
1,6791,92.628024
1,6792,467.440317
1,6793,318.048384
1,6794,48.404704
1,6795,305.821073
1,6796,262.958156
1,6797,462.528490
1,6798,59.696921
1,6799,236.529788
1,6800,457.537431
1,6801,386.561229
1,6802,140.204640
1,6803,399.207768
1,6804,61.755168
1,6805,212.106916
1,6806,359.430690
1,6807,91.779896
1,6808,278.112958
1,6809,78.948238
1,6810,503.245002
1,6811,172.426543
1,6812,330.805323
1,6813,223.487272
1,6814,167.893176
1,6815,418.167746
1,6816,36.136674
1,6817,240.765745
1,6818,109.499218
1,6819,350.304759
1,6820,16.594032
1,6821,333.837401
1,6822,77.429098
1,6823,391.401007
1,6824,128.150849
1,6825,70.411611
1,6826,198.268909
1,6827,262.452965
1,6828,177.934908
1,6829,128.873682
1,6830,524.455100
1,6831,72.634733
1,6832,440.817837
1,6833,348.503796
1,6834,77.976290
1,6835,301.105615
1,6836,74.865145
1,6837,118.470215
1,6838,462.059544
1,6839,72.665314
1,6840,20.362421
1,6841,393.664948
1,6842,72.786321
1,6843,281.211806
1,6844,124.464019
1,6845,76.123380
1,6846,361.990429
1,6847,384.610315
1,6848,341.214691
1,6849,310.949691
1,6850,266.223086
1,6851,468.612082
1,6852,74.808958
1,6853,554.306381
1,6854,354.606648
1,6855,98.791834
1,6856,435.113687
1,6857,365.307621
1,6858,495.927051
1,6859,130.394673
1,6860,238.212668
1,6861,137.896148
1,6862,397.301054
1,6863,294.894312
1,6864,157.750868
1,6865,288.870031
1,6866,19.779849
1,6867,285.917664
1,6868,65.032970
1,6869,125.815610
1,6870,247.789839
1,6871,179.658699
1,6872,229.277231
1,6873,4.876660
1,6874,175.945921
1,6875,55.561249
1,6876,279.532251
1,6877,4.876660
1,6878,211.383481
1,6879,66.400398
1,6880,274.217782
1,6881,97.774604
1,6882,66.316293
1,6883,209.076154
1,6884,264.204711
1,6885,223.746046
1,6886,186.556127
1,6887,303.532845
1,6888,68.668524
1,6889,412.672494
1,6890,385.212637
1,6891,109.641588
1,6892,131.401599
1,6893,263.214623
1,6894,23.894733
1,6895,443.896051
1,6896,87.646416
1,6897,481.850886
1,6898,463.367328
1,6899,71.294221
1,6900,326.800278
1,6901,369.712549
1,6902,109.559266
1,6903,280.091759
1,6904,72.468364
1,6905,115.217545
1,6906,441.661009
1,6907,90.398734
1,6908,23.320563
1,6909,382.573448
1,6910,97.847091
1,6911,310.153670
1,6912,133.888267
1,6913,75.498523
1,6914,353.424534
1,6915,336.753917
1,6916,96.656325
1,6917,477.462603
1,6918,428.002407
1,6919,73.193281
1,6920,371.080626
1,6921,354.709723
1,6922,323.987514
1,6923,299.702326
1,6924,299.765501
1,6925,257.652558
1,6926,500.018146
1,6927,75.686121
1,6928,410.557676
1,6929,86.999959
1,6930,18.578039
1,6931,305.468647
1,6932,68.567566
1,6933,149.076027
1,6934,253.681452
1,6935,210.210636
1,6936,345.013588
1,6937,152.719165
1,6938,171.308279
1,6939,237.417119
1,6940,191.046651
1,6941,172.122330
1,6942,517.620703
1,6943,91.197095
1,6944,103.704839
1,6945,415.802931
1,6946,610.902247
1,6947,316.650102
1,6948,48.296862
1,6949,321.337494
1,6950,61.065010
1,6951,452.870990
1,6952,249.190541
1,6953,438.349178
1,6954,185.782738
1,6955,357.100037
1,6956,63.126434
1,6957,198.304585
1,6958,300.789981
1,6959,14.637635
1,6960,364.743481
1,6961,81.771084
1,6962,171.264907
1,6963,398.750781
1,6964,376.748970
1,6965,176.524348
1,6966,72.756339
1,6967,373.083399
1,6968,262.550298
1,6969,16.328853
1,6970,321.997669
1,6971,398.437413
1,6972,81.494075
1,6973,340.644347
1,6974,74.168451
1,6975,482.543401
1,6976,97.522084
1,6977,419.907744
1,6978,166.476255
1,6979,266.803467
1,6980,312.702949
1,6981,189.906785
1,6982,268.471366
1,6983,75.880402
1,6984,423.126538
1,6985,74.301962
1,6986,175.042252
1,6987,123.577461
1,6988,129.031936
1,6989,423.751059
1,6990,87.282342
1,6991,313.332985
1,6992,524.067730
1,6993,13.151703
1,6994,469.016926
1,6995,70.563497
1,6996,78.329042
1,6997,377.789142
1,6998,91.707302
1,6999,18.652664
1,7000,277.982803
1,7001,346.808183
1,7002,69.212328
1,7003,279.060110
1,7004,391.749777
1,7005,450.370570
1,7006,310.231789
1,7007,48.296862
1,7008,318.583402
1,7009,79.158672
1,7010,94.954125
1,7011,324.446996
1,7012,317.029564
1,7013,93.149788
1,7014,413.300510
1,7015,157.836111
1,7016,94.950624
1,7017,201.715579
1,7018,372.152677
1,7019,90.672066
1,7020,265.602200
1,7021,428.430093
1,7022,65.208541
1,7023,220.771642
1,7024,250.019048
1,7025,399.512404
1,7026,89.718837
1,7027,284.905981
1,7028,396.918822
1,7029,68.360190
1,7030,108.100022
1,7031,347.384066
1,7032,483.282385
1,7033,90.469505
1,7034,93.225993
1,7035,199.435556
1,7036,231.750773
1,7037,71.873645
1,7038,135.703818
1,7039,415.886701
1,7040,91.520184
1,7041,21.498766
1,7042,277.957318
1,7043,533.420364
1,7044,319.059213
1,7045,439.176447
1,7046,127.044666
1,7047,288.400047
1,7048,421.738501
1,7049,134.682001
1,7050,447.078002
1,7051,89.389754
1,7052,178.793216
1,7053,442.048566
1,7054,232.406829
1,7055,342.866422
1,7056,77.380571
1,7057,419.284243
1,7058,334.762058
1,7059,171.479888
1,7060,241.871333
1,7061,310.988847
1,7062,84.464047
1,7063,443.830804
1,7064,79.189027
1,7065,395.124723
1,7066,272.322931
1,7067,421.990859
1,7068,582.625678
1,7069,82.774820
1,7070,348.717653
1,7071,287.573980
1,7072,557.814609
1,7073,336.440578
1,7074,203.846422
1,7075,370.667220
1,7076,92.865767
1,7077,385.794979
1,7078,82.173031
1,7079,440.568106
1,7080,379.332484
1,7081,66.272482
1,7082,378.865421
1,7083,77.267678
1,7084,365.973159
1,7085,78.337723
1,7086,530.369337
1,7087,336.215386
1,7088,9.646883
1,7089,290.775396
1,7090,292.104517
1,7091,594.369835
1,7092,85.514479
1,7093,366.754149
1,7094,82.575751
1,7095,259.844018
1,7096,89.878664
1,7097,262.086657
1,7098,532.994492
1,7099,77.734681
1,7100,430.272800
1,7101,295.274346
1,7102,459.864714
1,7103,61.317942
1,7104,436.009889
1,7105,347.162216
1,7106,77.679187
1,7107,153.150277
1,7108,517.195894
1,7109,557.683726
1,7110,2.362188
1,7111,314.152017
1,7112,220.140334
1,7113,336.457532
1,7114,73.834623
1,7115,288.840116
1,7116,455.573429
1,7117,87.892367
1,7118,563.119062
1,7119,429.689554
1,7120,216.096080
1,7121,333.377988
1,7122,76.582081
1,7123,297.562361
1,7124,149.437909
1,7125,94.862910
1,7126,190.292661
1,7127,187.730885
1,7128,274.671921
1,7129,420.969185
1,7130,451.534905
1,7131,433.675970
1,7132,95.779707
1,7133,499.293992
1,7134,86.802321
1,7135,256.142986
1,7136,97.671619
1,7137,89.434785
1,7138,257.209462
1,7139,189.568108
1,7140,80.783649
1,7141,373.302035
1,7142,108.878227
1,7143,203.135298
1,7144,838.815334
1,7145,362.579448
1,7146,217.627292
1,7147,91.138770
1,7148,572.773199
1,7149,307.896148
1,7150,365.921344
1,7151,84.026527
1,7152,512.687517
1,7153,320.855858
1,7154,238.883134
1,7155,177.555480
1,7156,304.109780
1,7157,338.260392
1,7158,241.590337
1,7159,199.615896
1,7160,392.651663
1,7161,331.285706
1,7162,91.412441
1,7163,233.266648
1,7164,253.770517
1,7165,299.448263
1,7166,347.813922
1,7167,287.372087
1,7168,84.436253
1,7169,404.779640
1,7170,76.896639
1,7171,107.334240
1,7172,259.397247
1,7173,93.324807
1,7174,299.639142
1,7175,426.490178
1,7176,51.821451
1,7177,187.124748
1,7178,197.275055
1,7179,63.103771
1,7180,254.726691
1,7181,162.584453
1,7182,269.473991
1,7183,92.018347
1,7184,524.243735
1,7185,232.825503
1,7186,76.989585
1,7187,352.443741
1,7188,298.756027
1,7189,94.341408
1,7190,25.891711
1,7191,309.837748
1,7192,233.963070
1,7193,336.761132
1,7194,270.630002
1,7195,203.789291
1,7196,380.016729
1,7197,274.178628
1,7198,23.558049
1,7199,225.361248
1,7200,226.890885
1,7201,417.117569
1,7202,166.809685
1,7203,450.205159
1,7204,271.566801
1,7205,83.156284
1,7206,179.520161
1,7207,73.699374
1,7208,168.699000
1,7209,357.740501
1,7210,452.942047
1,7211,320.722728
1,7212,96.575218
1,7213,236.338517
1,7214,28.136912
1,7215,487.701136
1,7216,83.059741
1,7217,272.345992
1,7218,267.291926
1,7219,303.647375
1,7220,192.746459
1,7221,301.172031
1,7222,396.860263
1,7223,79.132444
1,7224,46.706294
1,7225,356.701798
1,7226,83.270107
1,7227,161.283158
1,7228,305.391068
1,7229,92.354831
1,7230,403.262085
1,7231,78.214513
1,7232,406.391414
1,7233,233.944249
1,7234,232.059967
1,7235,129.549992
1,7236,297.432972
1,7237,26.610999
1,7238,381.427185
1,7239,133.796567
1,7240,213.157751
1,7241,244.006440
1,7242,87.855689
1,7243,453.203743
1,7244,86.289564
1,7245,228.098085
1,7246,301.354002
1,7247,129.640992
1,7248,546.129984
1,7249,78.209276
1,7250,284.031982
1,7251,333.161419
1,7252,130.964641
1,7253,183.702218
1,7254,364.418658
1,7255,164.827536
1,7256,96.037568
1,7257,286.731499
1,7258,252.567178
1,7259,81.546493
1,7260,132.305602
1,7261,65.304518
1,7262,245.157714
1,7263,324.907739
1,7264,194.944103
1,7265,430.498288
1,7266,192.092761
1,7267,424.948764
1,7268,411.420039
1,7269,395.302785
1,7270,332.489109
1,7271,77.602899
1,7272,180.207335
1,7273,239.343886
1,7274,311.151637
1,7275,83.616234
1,7276,303.940475
1,7277,168.643308
1,7278,366.762167
1,7279,321.623317
1,7280,175.924995
1,7281,88.923183
1,7282,113.490268
1,7283,432.365772
1,7284,358.925090
1,7285,76.400001
1,7286,342.366339
1,7287,90.192060
1,7288,423.418675
1,7289,388.884887
1,7290,83.307171
1,7291,400.873534
1,7292,92.172269
1,7293,345.222146
1,7294,94.825363
1,7295,218.264877
1,7296,26.642647
1,7297,538.126581
1,7298,77.336291
1,7299,215.200533
1,7300,227.645903
1,7301,188.952795
1,7302,162.711363
1,7303,398.721218
1,7304,74.300689
1,7305,392.213937
1,7306,213.315453
1,7307,406.865866
1,7308,263.103629
1,7309,203.555985
1,7310,187.205932
1,7311,133.895367
1,7312,372.447832
1,7313,501.442490
1,7314,99.453422
1,7315,409.257195
1,7316,83.746575
1,7317,143.968949
1,7318,392.282702
1,7319,157.930236
1,7320,137.279475
1,7321,151.805267
1,7322,167.807318
1,7323,273.586843
1,7324,28.782544
1,7325,413.279297
1,7326,110.205195
1,7327,458.960138
1,7328,71.626440
1,7329,226.726708
1,7330,79.739717
1,7331,72.193566
1,7332,162.708378
1,7333,80.197160
1,7334,102.756171
1,7335,314.601609
1,7336,15.134857
1,7337,283.428151
1,7338,416.297076
1,7339,182.615915
1,7340,76.091648
1,7341,269.536372
1,7342,276.476853
1,7343,68.662303
1,7344,294.308995
1,7345,33.628366
1,7346,250.008400
1,7347,112.755628
1,7348,191.396545
1,7349,477.826514
1,7350,375.527763
1,7351,69.479148
1,7352,131.179462
1,7353,123.844438
1,7354,370.369331
1,7355,64.895599
1,7356,429.629079
1,7357,64.155852
1,7358,302.042381
1,7359,99.362321
1,7360,320.232196
1,7361,174.560550
1,7362,340.068022
1,7363,285.188812
1,7364,82.999380
1,7365,192.225497
1,7366,304.432458
1,7367,293.364520
1,7368,480.569481
1,7369,184.299441
1,7370,292.490982
1,7371,71.673606
1,7372,348.403413
1,7373,155.777210
1,7374,330.950111
1,7375,20.280962
1,7376,276.493645
1,7377,86.676733
1,7378,82.856578
1,7379,241.598840
1,7380,81.491256
1,7381,108.076425
1,7382,129.189056
1,7383,260.064731
1,7384,77.409604
1,7385,179.776155
1,7386,76.490095
1,7387,341.841211
1,7388,131.245698
1,7389,151.311891
1,7390,424.570223
1,7391,116.452684
1,7392,76.215967
1,7393,347.111139
1,7394,362.944966
1,7395,180.403277
1,7396,261.108186
1,7397,81.321778
1,7398,281.376925
1,7399,115.091505
1,7400,174.489294
1,7401,444.297184
1,7402,78.058083
1,7403,172.620687
1,7404,383.550663
1,7405,366.392433
1,7406,88.629569
1,7407,244.906919
1,7408,76.830950
1,7409,252.385297
1,7410,112.282653
1,7411,387.047349
1,7412,612.999907
1,7413,174.386307
1,7414,342.127332
1,7415,85.950560
1,7416,259.834512
1,7417,395.831042
1,7418,451.292972
1,7419,75.106122
1,7420,232.476829
1,7421,162.449490
1,7422,71.914850
1,7423,282.086358
1,7424,70.834265
1,7425,395.597576
1,7426,109.962344
1,7427,409.612767
1,7428,124.672748
1,7429,125.666934
1,7430,282.154921
1,7431,452.656689
1,7432,333.146760
1,7433,91.538904
1,7434,113.312993
1,7435,366.651536
1,7436,283.096276
1,7437,118.103400
1,7438,363.661532
1,7439,217.952430
1,7440,83.640889
1,7441,718.600846
1,7442,152.851780
1,7443,80.838184
1,7444,489.999413
1,7445,294.425828
1,7446,515.463981
1,7447,65.240257
1,7448,374.028105
1,7449,222.740831
1,7450,330.958635
1,7451,76.172766
1,7452,221.691975
1,7453,293.006309
1,7454,378.518561
1,7455,403.529504
1,7456,325.429117
1,7457,84.453040
1,7458,199.830060
1,7459,82.062764
1,7460,246.351835
1,7461,185.224045
1,7462,337.802738
1,7463,76.955549
1,7464,209.749838
1,7465,79.768188
1,7466,323.874419
1,7467,73.874428
1,7468,281.060419
1,7469,244.716103
1,7470,78.402647
1,7471,423.665792
1,7472,183.938814
1,7473,184.243155
1,7474,351.579891
1,7475,35.854928
1,7476,335.274728
1,7477,301.000314
1,7478,236.881413
1,7479,532.096437
1,7480,189.561976
1,7481,300.909453
1,7482,83.872819
1,7483,355.661064
1,7484,251.599944
1,7485,210.708692
1,7486,78.181708
1,7487,300.682980
1,7488,220.670336
1,7489,236.429426
1,7490,223.792352
1,7491,83.832493
1,7492,281.138733
1,7493,234.567013
1,7494,23.287084
1,7495,358.052103
1,7496,220.708172
1,7497,243.693510
1,7498,190.771072
1,7499,286.652666
1,7500,386.763098
1,7501,174.533698
1,7502,23.384085
1,7503,380.426160
1,7504,77.028215
1,7505,351.713740
1,7506,69.153757
1,7507,339.528056
1,7508,69.993830
1,7509,99.168364
1,7510,316.379406
1,7511,337.833255
1,7512,74.485905
1,7513,180.383111
1,7514,72.578841
1,7515,224.958183
1,7516,124.505884
1,7517,131.478306
1,7518,165.782151
1,7519,223.308800
1,7520,317.610759
1,7521,75.449234
1,7522,172.399841
1,7523,110.284154
1,7524,439.920180
1,7525,73.796190
1,7526,443.465182
1,7527,85.046627
1,7528,444.437345
1,7529,82.926661
1,7530,279.496035
1,7531,233.674027
1,7532,526.212597
1,7533,146.884250
1,7534,74.973051
1,7535,408.823955
1,7536,128.542919
1,7537,354.248611
1,7538,194.359708
1,7539,281.244945
1,7540,322.528766
1,7541,71.122147
1,7542,156.139113
1,7543,1.104731
1,7544,442.998946
1,7545,68.143799
1,7546,284.268943
1,7547,274.560915
1,7548,263.869370
1,7549,285.998929
1,7550,251.505355
1,7551,22.685673
1,7552,135.167466
1,7553,240.619494
1,7554,69.567719
1,7555,218.825313
1,7556,184.564202
1,7557,196.331136
1,7558,295.039399
1,7559,494.766995
1,7560,100.891631
1,7561,208.991545
1,7562,283.434219
1,7563,227.501533
1,7564,238.921642
1,7565,71.770407
1,7566,157.811017
1,7567,172.219039
1,7568,79.744474
1,7569,24.002397
1,7570,318.137407
1,7571,75.408282
1,7572,182.467171
1,7573,461.341046
1,7574,23.822900
1,7575,292.799297
1,7576,108.640833
1,7577,269.215606
1,7578,80.365794
1,7579,206.408544
1,7580,73.338085
1,7581,332.553166
1,7582,166.798308
1,7583,248.105728
1,7584,362.137834
1,7585,88.686471
1,7586,48.312519
1,7587,301.694212
1,7588,84.550828
1,7589,144.641272
1,7590,136.294654
1,7591,240.395342
1,7592,211.943231
1,7593,73.632580
1,7594,222.703331
1,7595,105.694088
1,7596,223.811417
1,7597,207.149874
1,7598,93.455497
1,7599,423.502517
1,7600,70.572104
1,7601,200.113945
1,7602,70.002808
1,7603,280.066701
1,7604,176.202260
1,7605,217.866564
1,7606,68.585391
1,7607,151.244925
1,7608,174.174184
1,7609,300.433072
1,7610,70.322810
1,7611,289.831666
1,7612,71.687806
1,7613,290.673348
1,7614,287.552648
1,7615,269.908118
1,7616,138.154183
1,7617,97.848076
1,7618,23.019499
1,7619,324.197533
1,7620,68.485442
1,7621,435.347829
1,7622,274.619583
1,7623,276.511664
1,7624,80.417550
1,7625,237.172372
1,7626,127.569201
1,7627,208.459507
1,7628,275.788109
1,7629,270.174607
1,7630,344.257504
1,7631,69.322473
1,7632,75.735198
1,7633,337.995961
1,7634,444.313008
1,7635,526.748674
1,7636,395.213972
1,7637,448.648004
1,7638,315.464919
1,7639,43.609548
1,7640,340.719787
1,7641,71.683385
1,7642,377.701937
1,7643,234.482819
1,7644,329.568040
1,7645,145.051124
1,7646,127.691208
1,7647,257.133633
1,7648,57.780768
1,7649,197.858127
1,7650,434.908639
1,7651,79.980815
1,7652,392.826738
1,7653,69.590041
1,7654,190.650611
1,7655,429.224121
1,7656,399.473245
1,7657,340.438405
1,7658,209.307819
1,7659,88.245329
1,7660,147.388617
1,7661,62.675409
1,7662,199.171509
1,7663,283.855941
1,7664,387.293729
1,7665,181.925833
1,7666,432.179314
1,7667,86.562614
1,7668,125.698657
1,7669,186.784052
1,7670,251.565700
1,7671,61.041095
1,7672,235.947626
1,7673,60.431663
1,7674,114.276143
1,7675,62.847969
1,7676,200.056670
1,7677,293.728430
1,7678,323.579464
1,7679,352.962432
1,7680,294.646461
1,7681,153.362220
1,7682,110.112063
1,7683,287.656138
1,7684,335.046885
1,7685,362.636089
1,7686,59.626874
1,7687,334.459725
1,7688,6.975938
1,7689,287.036928
1,7690,225.865820
1,7691,57.388834
1,7692,174.580852
1,7693,310.301294
1,7694,237.098058
1,7695,308.608138
1,7696,338.721132
1,7697,357.344726
1,7698,396.269657
1,7699,66.151249
1,7700,122.845459
1,7701,331.557622
1,7702,133.225571
1,7703,219.488290
1,7704,139.162870
1,7705,96.716199
1,7706,347.344136
1,7707,45.083610
1,7708,309.358567
1,7709,237.515927
1,7710,219.692804
1,7711,322.642925
1,7712,411.250502
1,7713,53.460350
1,7714,208.868365
1,7715,104.072466
1,7716,290.887612
1,7717,58.650068
1,7718,270.041584
1,7719,127.869930
1,7720,328.022025
1,7721,261.644787
1,7722,68.634698
1,7723,387.512328
1,7724,354.584163
1,7725,357.514600
1,7726,414.352179
1,7727,352.874671
1,7728,66.984529
1,7729,233.161083
1,7730,61.486683
1,7731,230.524160
1,7732,325.044288
1,7733,61.793513
1,7734,157.537255
1,7735,276.008821
1,7736,117.743494
1,7737,156.185222
1,7738,58.721752
1,7739,634.918059
1,7740,60.045685
1,7741,312.856044
1,7742,118.943306
1,7743,247.084354
1,7744,62.032837
1,7745,157.973309
1,7746,317.820960
1,7747,328.316467
1,7748,60.796961
1,7749,17.075288
1,7750,278.891595
1,7751,57.385605
1,7752,317.344145
1,7753,64.663561
1,7754,177.314408
1,7755,491.979861
1,7756,59.804489
1,7757,340.821997
1,7758,56.134428
1,7759,256.030705
1,7760,182.598737
1,7761,200.464831
1,7762,240.886171
1,7763,259.872519
1,7764,147.461812
1,7765,185.840199
1,7766,355.433956
1,7767,53.371030
1,7768,159.966906
1,7769,187.257484
1,7770,230.621678
1,7771,149.882634
1,7772,63.965379
1,7773,286.589562
1,7774,218.883906
1,7775,56.540516
1,7776,180.847875
1,7777,159.444413
1,7778,251.831529
1,7779,108.924378
1,7780,49.276371
1,7781,297.766105
1,7782,147.290392
1,7783,163.429275
1,7784,202.602340
1,7785,240.083596
1,7786,201.121519
1,7787,303.808743
1,7788,99.892175
1,7789,142.472660
1,7790,51.825497
1,7791,156.013659
1,7792,49.408292
1,7793,199.906156
1,7794,45.568906
1,7795,56.550829
1,7796,250.057645
1,7797,268.608008
1,7798,315.052940
1,7799,278.354816
1,7800,142.738230
1,7801,274.142776
1,7802,50.683459
1,7803,258.032921
1,7804,110.483971
1,7805,177.826148
1,7806,237.208305
1,7807,455.290677
1,7808,223.808545
1,7809,275.356138
1,7810,411.121197
1,7811,203.492183
1,7812,440.552582
1,7813,364.631160
1,7814,300.970415
1,7815,211.383724
1,7816,49.581482
1,7817,291.139033
1,7818,52.659344
1,7819,227.320815
1,7820,322.195104
1,7821,276.938793
1,7822,49.295459
1,7823,317.035339
1,7824,276.830629
1,7825,250.986663
1,7826,258.093208
1,7827,334.365642
1,7828,103.470429
1,7829,65.032818
1,7830,82.929278
1,7831,260.795071
1,7832,210.677764
1,7833,290.804328
1,7834,233.088204
1,7835,336.230625
1,7836,233.272015
1,7837,155.641750
1,7838,435.045722
1,7839,68.675198
1,7840,267.707119
1,7841,338.778888
1,7842,342.387271
1,7843,330.043036
1,7844,335.014757
1,7845,57.311876
1,7846,218.214635
1,7847,394.092427
1,7848,109.302734
1,7849,217.975973
1,7850,435.334052
1,7851,373.232745
1,7852,337.815908
1,7853,302.118630
1,7854,105.608743
1,7855,347.012845
1,7856,269.525449
1,7857,312.457322
1,7858,60.478597
1,7859,154.936080
1,7860,232.083010
1,7861,318.537270
1,7862,295.681603
1,7863,59.706757
1,7864,364.862940
1,7865,77.990047
1,7866,404.485801
1,7867,444.384774
1,7868,400.150773
1,7869,49.091201
1,7870,4.133780
1,7871,279.871661
1,7872,55.979553
1,7873,238.209585
1,7874,191.256732
1,7875,277.394979
1,7876,141.260035
1,7877,317.528549
1,7878,240.728416
1,7879,179.705727
1,7880,42.666015
1,7881,164.020872
1,7882,275.642295
1,7883,107.775952
1,7884,184.652522
1,7885,217.907212
1,7886,147.715490
1,7887,88.763137
1,7888,280.116554
1,7889,360.073666
1,7890,222.934810
1,7891,152.012096
1,7892,132.435104
1,7893,106.940791
1,7894,218.575595
1,7895,251.287561
1,7896,54.961277
1,7897,265.673361
1,7898,52.929396
1,7899,158.106852
1,7900,1.655394
1,7901,105.898899
1,7902,243.312556
1,7903,311.916883
1,7904,221.029654
1,7905,297.385309
1,7906,196.125010
1,7907,112.155480
1,7908,249.970171
1,7909,276.598377
1,7910,149.336187
1,7911,222.795099
1,7912,231.223666
1,7913,327.913379
1,7914,212.247610
1,7915,221.782635
1,7916,61.413844
1,7917,413.844089
1,7918,15.000905
1,7919,256.472043
1,7920,54.640977
1,7921,177.743086
1,7922,139.248051
1,7923,300.573078
1,7924,52.927264
1,7925,189.155281
1,7926,655.867907
1,7927,583.263319
1,7928,341.065421
1,7929,355.252860
1,7930,6.750737
1,7931,408.522175
1,7932,365.121355
1,7933,405.656722
1,7934,323.867292
1,7935,261.479380
1,7936,49.454021
1,7937,65.814909
1,7938,444.180258
1,7939,255.902905
1,7940,386.117904
1,7941,448.333515
1,7942,441.713365
1,7943,395.132760
1,7944,369.634325
1,7945,81.976817
1,7946,372.027229
1,7947,239.611484
1,7948,557.458124
1,7949,435.414632
1,7950,341.261298
1,7951,394.239081
1,7952,65.896460
1,7953,343.205321
1,7954,333.305292
1,7955,396.339915
1,7956,505.230308
1,7957,246.687187
1,7958,220.312753
1,7959,414.365349
1,7960,16.380022
1,7961,177.076108
1,7962,310.183548
1,7963,360.281703
1,7964,355.813236
1,7965,263.719734
1,7966,345.167119
1,7967,332.435666
1,7968,85.659486
1,7969,91.478050
1,7970,486.711697
1,7971,130.116738
1,7972,342.115385
1,7973,421.360557
1,7974,65.016151
1,7975,386.155626
1,7976,71.928450
1,7977,162.872044
1,7978,148.813852
1,7979,251.329462
1,7980,282.553777
1,7981,163.241554
1,7982,328.729782
1,7983,45.655560
1,7984,273.157043
1,7985,328.560513
1,7986,56.208862
1,7987,85.049340
1,7988,505.569676
1,7989,337.690333
1,7990,59.831409
1,7991,426.723034
1,7992,287.692914
1,7993,409.898269
1,7994,59.320236
1,7995,228.429654
1,7996,67.001527
1,7997,384.896811
1,7998,173.172078
1,7999,365.526047
1,8000,308.312968
1,8001,342.681117
1,8002,273.282941
1,8003,493.949149
1,8004,323.625206
1,8005,521.608952
1,8006,368.979278
1,8007,549.527497
1,8008,64.033716
1,8009,201.174871
1,8010,89.535578
1,8011,408.946433
1,8012,484.462195
1,8013,81.026026
1,8014,227.587776
1,8015,72.359045
1,8016,204.185216
1,8017,182.300742
1,8018,189.428297
1,8019,70.889038
1,8020,334.926813
1,8021,72.849431
1,8022,308.616358
1,8023,66.825579
1,8024,82.765851
1,8025,398.577511
1,8026,262.988919
1,8027,373.435645
1,8028,280.155309
1,8029,100.184589
1,8030,170.120872
1,8031,245.835123
1,8032,376.127282
1,8033,58.492481
1,8034,399.435815
1,8035,63.897609
1,8036,66.935082
1,8037,430.795763
1,8038,117.298426
1,8039,357.716581
1,8040,351.311882
1,8041,79.345211
1,8042,266.515669
1,8043,283.482639
1,8044,13.854185
1,8045,223.658655
1,8046,66.772265
1,8047,369.241123
1,8048,464.072780
1,8049,375.444534
1,8050,460.180949
1,8051,243.785931
1,8052,292.655859
1,8053,312.057000
1,8054,278.182533
1,8055,349.608473
1,8056,306.478416
1,8057,240.590462
1,8058,86.854978
1,8059,220.637943
1,8060,259.080442
1,8061,354.979290
1,8062,76.675991
1,8063,195.954786
1,8064,371.621190
1,8065,77.074182
1,8066,485.286295
1,8067,132.797217
1,8068,314.624722
1,8069,303.874159
1,8070,177.144454
1,8071,66.336104
1,8072,276.341313
1,8073,66.727809
1,8074,292.953074
1,8075,195.458544
1,8076,274.369960
1,8077,280.122342
1,8078,49.523618
1,8079,224.566823
1,8080,405.393502
1,8081,295.773145
1,8082,269.810538
1,8083,106.925107
1,8084,198.233182
1,8085,307.463775
1,8086,373.311242
1,8087,403.520334
1,8088,9.121614
1,8089,221.685395
1,8090,346.279132
1,8091,62.555897
1,8092,261.081115
1,8093,57.752696
1,8094,75.927782
1,8095,309.125846
1,8096,36.543056
1,8097,158.999927
1,8098,72.156917
1,8099,209.650330
1,8100,182.644462
1,8101,47.606576
1,8102,159.469743
1,8103,226.647741
1,8104,84.517068
1,8105,345.871262
1,8106,85.877055
1,8107,110.420886
1,8108,409.185255
1,8109,65.784322
1,8110,394.703610
1,8111,449.687888
1,8112,183.680616
1,8113,498.256475
1,8114,75.323570
1,8115,299.720841
1,8116,289.092029
1,8117,476.260369
1,8118,267.499686
1,8119,238.485898
1,8120,312.661712
1,8121,194.448213
1,8122,313.361780
1,8123,73.787508
1,8124,567.086952
1,8125,65.503664
1,8126,66.353683
1,8127,503.118333
1,8128,473.122362
1,8129,191.565375
1,8130,306.158043
1,8131,265.710643
1,8132,586.232560
1,8133,66.039938
1,8134,279.584393
1,8135,119.394581
1,8136,333.195692
1,8137,290.609896
1,8138,180.785746
1,8139,284.489171
1,8140,291.804422
1,8141,188.396992
1,8142,357.866386
1,8143,252.322673
1,8144,494.623886
1,8145,334.797704
1,8146,503.741926
1,8147,427.684857
1,8148,323.908156
1,8149,65.338529
1,8150,330.452158
1,8151,308.866438
1,8152,371.729330
1,8153,387.469123
1,8154,60.127536
1,8155,367.118946
1,8156,340.942697
1,8157,352.210170
1,8158,396.640989
1,8159,494.570840
1,8160,244.832225
1,8161,301.684520
1,8162,345.406464
1,8163,117.891345
1,8164,365.737432
1,8165,255.069942
1,8166,167.037009
1,8167,226.924419
1,8168,42.093326
1,8169,133.839907
1,8170,285.891752
1,8171,229.721103
1,8172,254.147777
1,8173,60.176159
1,8174,4.255714
1,8175,58.515847
1,8176,142.632930
1,8177,261.324718
1,8178,229.540519
1,8179,63.618841
1,8180,172.971465
1,8181,68.669086
1,8182,287.136919
1,8183,131.222249
1,8184,220.120768
1,8185,3.866662
1,8186,202.723469
1,8187,81.658668
1,8188,264.854822
1,8189,66.906045
1,8190,170.643966
1,8191,15.110642
1,8192,292.419533
1,8193,199.847998
1,8194,235.049990
1,8195,239.129590
1,8196,72.445898
1,8197,164.571902
1,8198,74.260331
1,8199,286.531299
1,8200,394.540559
1,8201,4.607241
1,8202,246.754033
1,8203,154.730308
1,8204,67.882170
1,8205,125.399540
1,8206,63.115654
1,8207,77.662053
1,8208,13.000090
1,8209,258.355115
1,8210,61.419416
1,8211,122.753931
1,8212,242.641849
1,8213,294.070576
1,8214,67.237497
1,8215,206.774306
1,8216,78.480623
1,8217,242.120287
1,8218,67.127320
1,8219,186.306971
1,8220,66.160682
1,8221,66.884472
1,8222,255.959742
1,8223,115.307543
1,8224,271.382464
1,8225,183.864521
1,8226,64.883064
1,8227,229.571661
1,8228,279.178173
1,8229,301.906951
1,8230,374.665585
1,8231,127.441272
1,8232,73.323183
1,8233,129.467561
1,8234,290.332211
1,8235,363.306651
1,8236,242.586998
1,8237,61.231051
1,8238,229.870853
1,8239,54.737352
1,8240,235.312450
1,8241,233.721022
1,8242,150.410425
1,8243,308.543453
1,8244,60.128920
1,8245,265.111406
1,8246,1215.003574
1,8247,324.484865
1,8248,57.346672
1,8249,354.810317
1,8250,194.784177
1,8251,145.231720
1,8252,323.571722
1,8253,66.280889
1,8254,202.876848
1,8255,70.510671
1,8256,170.510601
1,8257,123.087829
1,8258,316.815002
1,8259,347.608950
1,8260,75.329968
1,8261,431.631204
1,8262,288.168960
1,8263,40.670428
1,8264,174.628093
1,8265,357.848332
1,8266,0.417643
1,8267,231.595857
1,8268,386.661144
1,8269,0.417643
1,8270,282.308009
1,8271,564.812517
1,8272,418.164755
1,8273,298.036639
1,8274,284.539513
1,8275,63.051258
1,8276,203.405766
1,8277,68.612630
1,8278,356.952016
1,8279,267.043218
1,8280,312.552041
1,8281,308.526460
1,8282,411.469449
1,8283,92.631776
1,8284,219.186605
1,8285,235.049264
1,8286,59.974239
1,8287,292.412436
1,8288,262.643947
1,8289,65.447787
1,8290,198.619351
1,8291,61.176466
1,8292,200.014250
1,8293,173.337148
1,8294,108.698171
1,8295,159.026952
1,8296,63.352242
1,8297,191.409519
1,8298,122.614039
1,8299,320.003840
1,8300,60.135804
1,8301,229.179232
1,8302,365.401789
1,8303,9.937381
1,8304,194.095866
1,8305,315.055764
1,8306,59.451484
1,8307,207.529706
1,8308,197.358051
1,8309,398.363903
1,8310,73.358404
1,8311,202.662054
1,8312,270.484037
1,8313,118.179104
1,8314,118.430896
1,8315,204.868721
1,8316,342.339386
1,8317,308.154731
1,8318,61.230699
1,8319,263.723937
1,8320,62.266332
1,8321,165.147846
1,8322,330.399614
1,8323,63.044524
1,8324,283.285374
1,8325,56.240019
1,8326,149.902725
1,8327,65.091115
1,8328,378.902603
1,8329,56.909793
1,8330,113.930607
1,8331,300.765066
1,8332,338.681938
1,8333,356.066351
1,8334,243.737573
1,8335,77.462731
1,8336,317.036891
1,8337,217.655658
1,8338,407.401531
1,8339,326.213578
1,8340,388.366908
1,8341,483.572933
1,8342,525.084224
1,8343,75.841419
1,8344,358.132898
1,8345,77.724502
1,8346,503.183027
1,8347,78.867935
1,8348,404.851575
1,8349,237.005375
1,8350,486.275346
1,8351,80.742092
1,8352,238.882053
1,8353,430.783467
1,8354,112.614806
1,8355,590.945581
1,8356,611.784771
1,8357,620.115380
1,8358,26.326186
1,8359,424.259583
1,8360,442.556820
1,8361,543.626826
1,8362,82.832755
1,8363,394.642815
1,8364,366.153568
1,8365,209.533515
1,8366,86.705891
1,8367,455.609748
1,8368,438.044279
1,8369,354.161860
1,8370,86.165890
1,8371,494.085770
1,8372,85.464125
1,8373,314.961569
1,8374,508.602274
1,8375,306.205667
1,8376,535.260490
1,8377,109.120554
1,8378,417.544922
1,8379,479.803725
1,8380,90.301448
1,8381,433.746591
1,8382,608.394601
1,8383,442.442499
1,8384,523.618518
1,8385,383.487209
1,8386,137.721878
1,8387,366.497175
1,8388,268.226233
1,8389,204.339117
1,8390,243.936810
1,8391,369.131180
1,8392,75.778857
1,8393,413.781819
1,8394,297.639055
1,8395,101.519032
1,8396,298.703526
1,8397,353.195708
1,8398,200.660709
1,8399,446.729915
1,8400,460.466845
1,8401,341.563377
1,8402,64.386702
1,8403,244.073548
1,8404,158.798649
1,8405,301.828190
1,8406,69.104722
1,8407,476.162298
1,8408,137.161312
1,8409,89.160844
1,8410,86.424609
1,8411,444.950568
1,8412,76.549698
1,8413,26.492838
1,8414,183.233535
1,8415,355.815995
1,8416,779.813379
1,8417,517.014584
1,8418,75.262539
1,8419,537.137444
1,8420,83.287838
1,8421,219.181322
1,8422,186.845414
1,8423,465.556909
1,8424,104.898140
1,8425,546.124421
1,8426,97.300025
1,8427,417.046153
1,8428,297.935252
1,8429,423.693518
1,8430,166.003342
1,8431,274.199370
1,8432,197.206138
1,8433,477.444547
1,8434,196.873794
1,8435,581.909328
1,8436,218.309150
1,8437,317.948359
1,8438,451.779989
1,8439,449.134727
1,8440,110.777037
1,8441,215.085274
1,8442,475.424337
1,8443,25.719418
1,8444,435.656647
1,8445,354.734094
1,8446,397.361985
1,8447,339.686200
1,8448,139.138015
1,8449,379.169606
1,8450,339.515691
1,8451,258.066356
1,8452,487.196354
1,8453,101.358167
1,8454,229.086713
1,8455,485.653283
1,8456,93.963773
1,8457,255.776357
1,8458,474.125750
1,8459,538.557812
1,8460,432.269085
1,8461,397.900513
1,8462,405.667460
1,8463,105.120488
1,8464,273.956228
1,8465,383.926986
1,8466,71.466807
1,8467,436.051793
1,8468,67.107170
1,8469,439.090985
1,8470,241.839869
1,8471,442.306787
1,8472,74.282547
1,8473,208.386056
1,8474,434.840217
1,8475,844.662676
1,8476,338.342839
1,8477,381.450267
1,8478,140.922569
1,8479,467.803309
1,8480,86.894935
1,8481,440.471004
1,8482,559.963726
1,8483,212.905693
1,8484,109.766750
1,8485,381.729276
1,8486,309.397479
1,8487,361.273258
1,8488,83.337188
1,8489,369.708884
1,8490,591.906256
1,8491,146.154233
1,8492,178.435676
1,8493,246.270653
1,8494,26.967627
1,8495,569.717925
1,8496,563.682373
1,8497,79.634250
1,8498,550.668442
1,8499,418.348898
1,8500,505.840775
1,8501,86.684520
1,8502,219.461266
1,8503,470.554649
1,8504,466.840910
1,8505,498.019658
1,8506,142.241696
1,8507,466.332712
1,8508,511.891590
1,8509,83.656668
1,8510,471.702943
1,8511,350.729327
1,8512,96.350885
1,8513,473.470009
1,8514,296.720724
1,8515,309.545407
1,8516,218.957485
1,8517,230.579861
1,8518,312.399950
1,8519,80.575328
1,8520,559.657397
1,8521,352.466583
1,8522,428.097577
1,8523,543.550358
1,8524,69.329726
1,8525,457.550848
1,8526,200.755935
1,8527,21.120970
1,8528,460.764315
1,8529,417.439349
1,8530,98.399970
1,8531,296.990108
1,8532,279.729586
1,8533,391.876747
1,8534,133.059106
1,8535,36.983782
1,8536,371.192502
1,8537,536.967543
1,8538,464.604640
1,8539,160.684784
1,8540,356.983985
1,8541,148.682137
1,8542,368.372085
1,8543,489.085854
1,8544,393.537964
1,8545,181.231959
1,8546,381.224582
1,8547,195.811497
1,8548,73.775471
1,8549,326.063253
1,8550,99.882402
1,8551,346.551776
1,8552,389.969779
1,8553,495.699133
1,8554,126.683650
1,8555,431.067246
1,8556,346.608100
1,8557,484.280545
1,8558,383.680768
1,8559,107.894841
1,8560,338.195207
1,8561,179.209660
1,8562,502.476871
1,8563,69.815166
1,8564,341.288725
1,8565,441.745977
1,8566,244.698642
1,8567,403.024109
1,8568,383.800239
1,8569,72.614395
1,8570,390.423775
1,8571,373.283654
1,8572,128.521067
1,8573,428.066107
1,8574,513.569178
1,8575,181.309001
1,8576,413.510178
1,8577,244.187513
1,8578,205.381803
1,8579,440.171781
1,8580,171.255354
1,8581,411.388331
1,8582,140.921600
1,8583,450.781225
1,8584,24.049647
1,8585,455.989752
1,8586,311.726463
1,8587,84.522219
1,8588,333.455228
1,8589,79.119098
1,8590,384.379836
1,8591,170.135769
1,8592,236.373768
1,8593,285.391572
1,8594,218.650703
1,8595,115.426393
1,8596,374.202658
1,8597,367.832542
1,8598,404.089033
1,8599,493.601808
1,8600,376.992606
1,8601,127.884516
1,8602,455.458469
1,8603,258.145358
1,8604,211.974403
1,8605,251.950041
1,8606,109.017040
1,8607,408.828886
1,8608,398.868734
1,8609,536.806970
1,8610,65.557642
1,8611,464.827044
1,8612,445.583135
1,8613,107.916962
1,8614,194.841332
1,8615,553.322809
1,8616,83.236608
1,8617,506.070114
1,8618,96.050466
1,8619,365.097313
1,8620,112.599106
1,8621,471.469850
1,8622,395.220624
1,8623,148.786730
1,8624,170.662227
1,8625,202.474936
1,8626,334.166858
1,8627,334.318975
1,8628,481.072391
1,8629,190.450735
1,8630,448.994693
1,8631,100.823749
1,8632,391.249224
1,8633,442.574528
1,8634,92.012664
1,8635,369.467993
1,8636,282.499995
1,8637,451.198076
1,8638,139.123655
1,8639,492.799116
1,8640,514.077305
1,8641,90.127506
1,8642,74.194120
1,8643,452.981467
1,8644,75.428774
1,8645,175.637961
1,8646,489.596489
1,8647,216.834974
1,8648,550.974072
1,8649,333.638968
1,8650,238.287185
1,8651,324.801282
1,8652,466.532726
1,8653,60.460119
1,8654,5.543199
1,8655,469.536345
1,8656,518.166749
1,8657,81.783117
1,8658,364.792763
1,8659,70.517554
1,8660,469.092925
1,8661,416.346897
1,8662,70.800730
1,8663,198.491133
1,8664,77.517825
1,8665,344.201274
1,8666,391.755778
1,8667,74.355711
1,8668,400.314259
1,8669,256.267268
1,8670,403.571483
1,8671,78.627715
1,8672,338.529660
1,8673,495.032493
1,8674,482.227132
1,8675,221.347075
1,8676,160.308024
1,8677,487.671651
1,8678,307.748010
1,8679,48.404704
1,8680,307.441662
1,8681,299.819385
1,8682,464.538207
1,8683,59.696921
1,8684,248.740268
1,8685,457.736752
1,8686,365.671193
1,8687,141.745199
1,8688,419.967855
1,8689,61.755168
1,8690,213.986226
1,8691,366.331170
1,8692,72.479194
1,8693,289.832932
1,8694,82.349473
1,8695,525.295198
1,8696,153.446383
1,8697,335.416998
1,8698,202.486509
1,8699,186.653845
1,8700,362.045961
1,8701,36.136674
1,8702,232.804945
1,8703,97.909749
1,8704,377.785359
1,8705,26.134032
1,8706,357.147859
1,8707,77.429098
1,8708,386.591385
1,8709,106.950079
1,8710,70.411611
1,8711,208.219843
1,8712,240.352161
1,8713,177.934908
1,8714,128.873682
1,8715,526.035086
1,8716,74.285333
1,8717,453.688328
1,8718,352.873716
1,8719,77.976290
1,8720,308.435858
1,8721,74.865145
1,8722,98.269481
1,8723,491.578922
1,8724,72.665314
1,8725,20.362421
1,8726,432.016882
1,8727,85.746321
1,8728,303.492511
1,8729,125.894539
1,8730,76.123380
1,8731,338.429095
1,8732,373.909337
1,8733,324.793269
1,8734,308.048800
1,8735,260.122799
1,8736,461.202038
1,8737,91.728958
1,8738,529.797221
1,8739,337.037786
1,8740,133.292859
1,8741,421.013175
1,8742,345.806912
1,8743,460.184987
1,8744,130.394673
1,8745,226.452778
1,8746,176.966806
1,8747,347.550080
1,8748,251.023938
1,8749,157.530264
1,8750,279.321139
1,8751,43.539849
1,8752,289.678082
1,8753,65.032970
1,8754,125.815610
1,8755,246.469163
1,8756,188.231199
1,8757,229.277231
1,8758,4.876660
1,8759,175.945921
1,8760,55.561249
1,8761,279.532251
1,8762,4.876660
1,8763,211.383481
1,8764,66.400398
1,8765,313.457782
1,8766,113.794604
1,8767,66.316293
1,8768,212.816303
1,8769,258.763944
1,8770,164.464225
1,8771,167.355429
1,8772,301.862957
1,8773,68.668524
1,8774,369.442516
1,8775,367.102793
1,8776,121.121116
1,8777,131.401599
1,8778,247.784543
1,8779,23.894733
1,8780,443.255197
1,8781,151.186416
1,8782,477.680614
1,8783,426.265979
1,8784,71.294221
1,8785,330.381580
1,8786,338.982403
1,8787,82.158270
1,8788,265.651941
1,8789,88.308364
1,8790,91.116670
1,8791,442.762522
1,8792,75.598196
1,8793,45.100563
1,8794,415.513448
1,8795,78.546390
1,8796,321.523648
1,8797,133.888267
1,8798,77.419221
1,8799,376.544531
1,8800,311.183847
1,8801,116.707004
1,8802,489.512959
1,8803,413.382425
1,8804,89.573281
1,8805,335.040710
1,8806,387.449945
1,8807,323.987514
1,8808,279.601595
1,8809,315.825581
1,8810,236.162434
1,8811,488.037652
1,8812,75.686121
1,8813,408.917571
1,8814,71.199385
1,8815,18.578039
1,8816,330.658774
1,8817,86.927566
1,8818,187.355547
1,8819,291.140804
1,8820,189.809895
1,8821,328.612991
1,8822,143.498267
1,8823,164.847468
1,8824,226.726439
1,8825,182.026022
1,8826,181.485575
1,8827,546.971917
1,8828,107.879959
1,8829,122.898713
1,8830,397.976865
1,8831,627.551167
1,8832,303.749633
1,8833,48.296862
1,8834,303.636850
1,8835,61.065010
1,8836,453.249493
1,8837,251.009861
1,8838,430.607837
1,8839,169.482145
1,8840,343.630800
1,8841,63.126434
1,8842,223.684585
1,8843,283.689360
1,8844,14.637635
1,8845,478.016966
1,8846,100.331811
1,8847,224.545693
1,8848,432.222936
1,8849,416.348970
1,8850,176.524348
1,8851,72.756339
1,8852,373.083399
1,8853,240.349491
1,8854,16.328853
1,8855,343.497273
1,8856,387.648561
1,8857,129.554075
1,8858,321.614626
1,8859,108.188451
1,8860,443.233278
1,8861,123.941546
1,8862,375.806141
1,8863,148.175590
1,8864,282.022686
1,8865,301.802553
1,8866,167.305963
1,8867,241.641035
1,8868,98.951002
1,8869,409.667436
1,8870,102.741962
1,8871,175.042252
1,8872,123.577461
1,8873,229.651936
1,8874,423.751059
1,8875,149.382342
1,8876,295.623156
1,8877,454.986632
1,8878,13.151703
1,8879,446.538929
1,8880,70.563497
1,8881,102.029871
1,8882,367.679884
1,8883,70.806542
1,8884,46.012664
1,8885,284.442076
1,8886,328.547925
1,8887,84.973018
1,8888,285.589932
1,8889,347.680966
1,8890,414.060424
1,8891,310.231789
1,8892,48.296862
1,8893,338.023402
1,8894,79.158672
1,8895,94.954125
1,8896,357.566996
1,8897,298.039924
1,8898,98.689250
1,8899,395.020637
1,8900,157.836111
1,8901,77.260802
1,8902,192.356332
1,8903,379.523295
1,8904,106.202870
1,8905,244.401429
1,8906,396.360605
1,8907,65.208541
1,8908,212.721922
1,8909,253.369742
1,8910,403.491626
1,8911,73.418244
1,8912,290.506937
1,8913,355.068364
1,8914,68.360190
1,8915,79.098968
1,8916,337.854920
1,8917,447.452643
1,8918,90.469505
1,8919,131.576716
1,8920,187.216153
1,8921,216.250210
1,8922,97.973645
1,8923,149.203818
1,8924,398.575120
1,8925,70.919435
1,8926,50.478766
1,8927,254.515536
1,8928,447.617245
1,8929,248.355629
1,8930,410.775415
1,8931,166.824666
1,8932,306.531010
1,8933,395.258298
1,8934,128.361372
1,8935,425.677224
1,8936,73.189165
1,8937,178.793216
1,8938,401.947108
1,8939,170.404575
1,8940,319.965590
1,8941,77.380571
1,8942,465.515835
1,8943,297.852055
1,8944,204.977899
1,8945,213.489817
1,8946,335.306924
1,8947,156.824047
1,8948,462.610204
1,8949,126.529027
1,8950,392.426588
1,8951,305.382288
1,8952,437.021513
1,8953,548.083919
1,8954,121.294820
1,8955,327.116867
1,8956,346.653013
1,8957,484.203828
1,8958,399.000025
1,8959,208.705605
1,8960,342.946696
1,8961,97.825051
1,8962,366.416309
1,8963,144.273031
1,8964,406.466867
1,8965,389.191619
1,8966,81.752482
1,8967,369.606406
1,8968,127.487678
1,8969,372.653788
1,8970,135.217723
1,8971,482.640046
1,8972,299.225124
1,8973,9.646883
1,8974,293.774883
1,8975,255.602241
1,8976,356.382532
1,8977,97.804693
1,8978,319.033128
1,8979,104.335253
1,8980,272.574098
1,8981,95.677992
1,8982,258.145879
1,8983,505.654009
1,8984,80.714063
1,8985,477.194217
1,8986,300.392569
1,8987,445.785916
1,8988,61.317942
1,8989,412.788581
1,8990,345.909989
1,8991,65.511116
1,8992,156.457777
1,8993,534.847533
1,8994,499.744061
1,8995,2.362188
1,8996,294.573340
1,8997,204.039749
1,8998,309.567539
1,8999,73.834623
1,9000,347.760497
1,9001,494.803000
1,9002,87.892367
1,9003,485.665249
1,9004,396.598910
1,9005,215.296313
1,9006,359.998308
1,9007,76.582081
1,9008,336.293418
1,9009,168.877909
1,9010,78.062299
1,9011,205.592661
1,9012,190.802001
1,9013,275.051143
1,9014,483.420163
1,9015,457.004374
1,9016,437.316508
1,9017,97.620375
1,9018,522.736296
1,9019,86.802321
1,9020,281.394248
1,9021,79.870972
1,9022,89.434785
1,9023,246.270000
1,9024,189.568108
1,9025,80.783649
1,9026,389.653005
1,9027,94.688304
1,9028,250.475298
1,9029,819.422604
1,9030,420.498714
1,9031,220.006619
1,9032,93.129493
1,9033,544.781955
1,9034,290.926522
1,9035,350.842373
1,9036,84.026527
1,9037,460.717667
1,9038,343.027308
1,9039,257.604246
1,9040,201.486523
1,9041,351.131365
1,9042,342.680134
1,9043,237.329639
1,9044,179.515165
1,9045,366.901790
1,9046,363.445815
1,9047,74.311819
1,9048,230.986605
1,9049,260.811407
1,9050,300.429143
1,9051,350.314307
1,9052,266.992236
1,9053,84.436253
1,9054,407.739047
1,9055,76.896639
1,9056,90.433626
1,9057,238.077087
1,9058,79.424302
1,9059,308.539269
1,9060,355.306714
1,9061,51.821451
1,9062,171.924196
1,9063,185.074612
1,9064,64.104135
1,9065,227.325694
1,9066,144.334591
1,9067,250.414064
1,9068,76.217773
1,9069,477.022241
1,9070,173.723355
1,9071,97.020126
1,9072,382.754159
1,9073,288.415736
1,9074,78.040816
1,9075,39.242704
1,9076,289.937024
1,9077,222.273237
1,9078,343.710648
1,9079,264.370278
1,9080,201.468644
1,9081,384.156631
1,9082,273.068487
1,9083,23.558049
1,9084,222.020982
1,9085,211.490326
1,9086,421.547348
1,9087,147.608987
1,9088,484.437133
1,9089,287.417753
1,9090,83.156284
1,9091,157.230696
1,9092,88.219876
1,9093,186.279632
1,9094,370.891093
1,9095,467.002316
1,9096,349.112775
1,9097,81.995512
1,9098,250.808935
1,9099,28.136912
1,9100,481.650605
1,9101,83.059741
1,9102,259.366802
1,9103,248.752580
1,9104,266.746034
1,9105,151.244950
1,9106,289.852104
1,9107,425.731957
1,9108,79.132444
1,9109,25.605527
1,9110,368.162529
1,9111,83.270107
1,9112,157.466219
1,9113,310.841185
1,9114,75.954235
1,9115,418.552965
1,9116,78.214513
1,9117,398.252544
1,9118,237.005361
1,9119,233.980665
1,9120,129.549992
1,9121,316.484269
1,9122,26.610999
1,9123,427.919134
1,9124,137.247822
1,9125,233.358419
1,9126,249.768010
1,9127,87.855689
1,9128,507.083929
1,9129,78.948957
1,9130,291.929041
1,9131,312.014670
1,9132,131.461654
1,9133,554.439275
1,9134,78.209276
1,9135,278.951378
1,9136,322.582513
1,9137,116.864129
1,9138,165.901571
1,9139,348.109403
1,9140,164.827536
1,9141,76.036841
1,9142,272.432353
1,9143,259.999878
1,9144,85.367882
1,9145,151.925602
1,9146,67.355263
1,9147,276.088750
1,9148,371.458695
1,9149,242.994884
1,9150,565.629055
1,9151,171.192002
1,9152,478.078579
1,9153,421.980083
1,9154,417.793010
1,9155,337.809832
1,9156,92.002899
1,9157,206.038349
1,9158,252.143370
1,9159,310.721612
1,9160,83.616234
1,9161,314.433896
1,9162,171.602650
1,9163,356.033567
1,9164,328.143691
1,9165,190.066078
1,9166,106.203183
1,9167,102.000868
1,9168,460.165081
1,9169,354.464156
1,9170,76.400001
1,9171,351.036383
1,9172,90.192060
1,9173,426.708334
1,9174,419.857246
1,9175,83.307171
1,9176,366.972302
1,9177,92.172269
1,9178,342.422731
1,9179,107.524745
1,9180,252.637360
1,9181,31.164290
1,9182,536.256163
1,9183,77.336291
1,9184,221.540417
1,9185,208.245853
1,9186,185.172010
1,9187,184.862610
1,9188,411.521683
1,9189,74.300689
1,9190,375.164414
1,9191,215.966417
1,9192,409.826942
1,9193,238.913734
1,9194,239.476414
1,9195,219.605932
1,9196,136.516319
1,9197,363.746698
1,9198,526.983398
1,9199,99.453422
1,9200,411.496930
1,9201,83.746575
1,9202,129.559796
1,9203,403.982800
1,9204,139.029549
1,9205,140.240551
1,9206,172.345863
1,9207,177.887318
1,9208,260.646425
1,9209,44.782930
1,9210,396.349522
1,9211,95.904676
1,9212,465.270796
1,9213,71.626440
1,9214,245.206032
1,9215,79.739717
1,9216,94.184689
1,9217,142.207633
1,9218,82.157872
1,9219,97.175451
1,9220,315.891817
1,9221,15.134857
1,9222,273.168446
1,9223,405.447941
1,9224,168.545773
1,9225,79.802997
1,9226,257.137917
1,9227,289.276697
1,9228,68.662303
1,9229,304.130667
1,9230,14.527672
1,9231,272.328400
1,9232,73.054185
1,9233,195.087887
1,9234,485.947896
1,9235,375.258450
1,9236,69.479148
1,9237,131.179462
1,9238,123.844438
1,9239,328.867823
1,9240,64.895599
1,9241,432.528530
1,9242,66.526713
1,9243,315.532213
1,9244,88.713358
1,9245,246.769473
1,9246,174.560550
1,9247,305.866779
1,9248,298.671062
1,9249,60.598566
1,9250,172.024763
1,9251,349.743553
1,9252,289.004440
1,9253,494.850288
1,9254,166.899856
1,9255,280.053003
1,9256,73.874406
1,9257,370.333566
1,9258,181.587889
1,9259,318.321246
1,9260,20.280962
1,9261,291.513739
1,9262,71.776192
1,9263,82.856578
1,9264,220.898088
1,9265,83.812099
1,9266,84.875582
1,9267,132.839728
1,9268,257.194604
1,9269,77.409604
1,9270,214.546951
1,9271,76.490095
1,9272,341.650881
1,9273,131.245698
1,9274,147.402367
1,9275,408.529464
1,9276,99.152055
1,9277,76.215967
1,9278,345.070169
1,9279,366.703748
1,9280,183.173433
1,9281,277.208412
1,9282,84.482927
1,9283,283.686882
1,9284,118.282665
1,9285,176.510029
1,9286,443.167460
1,9287,78.058083
1,9288,218.691076
1,9289,415.610081
1,9290,344.902407
1,9291,88.629569
1,9292,227.806298
1,9293,76.830950
1,9294,276.846729
1,9295,105.261998
1,9296,404.737367
1,9297,547.717966
1,9298,132.396190
1,9299,368.066522
1,9300,85.950560
1,9301,272.233883
1,9302,376.241217
1,9303,386.690624
1,9304,75.106122
1,9305,217.776295
1,9306,162.449490
1,9307,71.914850
1,9308,334.207572
1,9309,82.844967
1,9310,414.337649
1,9311,125.281860
1,9312,451.963766
1,9313,141.772748
1,9314,106.276821
1,9315,302.015008
1,9316,527.557645
1,9317,389.167396
1,9318,77.338944
1,9319,130.412993
1,9320,390.491009
1,9321,266.886927
1,9322,118.103400
1,9323,376.863778
1,9324,209.604269
1,9325,83.640889
1,9326,726.633045
1,9327,131.751013
1,9328,83.919304
1,9329,513.901361
1,9330,299.076896
1,9331,500.193959
1,9332,65.240257
1,9333,345.378388
1,9334,218.100878
1,9335,322.288199
1,9336,77.763344
1,9337,238.611975
1,9338,279.506570
1,9339,323.947470
1,9340,363.109828
1,9341,295.828041
1,9342,61.152193
1,9343,197.329282
1,9344,82.062764
1,9345,250.031078
1,9346,167.523401
1,9347,342.421964
1,9348,76.955549
1,9349,235.449071
1,9350,92.188188
1,9351,326.593674
1,9352,73.874428
1,9353,316.880419
1,9354,230.214496
1,9355,78.402647
1,9356,450.804959
1,9357,186.079592
1,9358,185.823729
1,9359,410.609855
1,9360,21.754415
1,9361,368.255985
1,9362,305.261470
1,9363,240.080777
1,9364,525.775775
1,9365,169.861260
1,9366,308.268792
1,9367,100.072819
1,9368,385.741987
1,9369,241.411540
1,9370,226.147696
1,9371,78.181708
1,9372,291.301959
1,9373,249.290336
1,9374,261.989426
1,9375,218.731756
1,9376,85.673162
1,9377,262.338049
1,9378,214.966300
1,9379,23.287084
1,9380,343.650926
1,9381,209.967376
1,9382,284.553510
1,9383,201.211072
1,9384,340.292666
1,9385,414.843098
1,9386,174.533698
1,9387,23.384085
1,9388,436.946160
1,9389,97.548215
1,9390,484.013740
1,9391,69.153757
1,9392,380.388056
1,9393,69.993830
1,9394,78.167601
1,9395,323.059446
1,9396,364.434287
1,9397,74.485905
1,9398,210.083111
1,9399,72.578841
1,9400,251.418183
1,9401,139.085884
1,9402,131.478306
1,9403,165.782151
1,9404,224.919386
1,9405,318.090901
1,9406,75.449234
1,9407,177.458507
1,9408,112.334899
1,9409,446.330645
1,9410,73.796190
1,9411,461.818155
1,9412,85.046627
1,9413,430.157553
1,9414,82.926661
1,9415,304.876035
1,9416,246.994027
1,9417,458.228988
1,9418,130.083639
1,9419,91.713051
1,9420,413.523635
1,9421,130.603667
1,9422,355.948738
1,9423,206.959708
1,9424,259.174840
