subtaskID,datapointID,answer
1,0,350.107055
1,1,73.108994
1,2,166.164822
1,3,1.004137
1,4,470.183979
1,5,66.859304
1,6,287.840575
1,7,295.683475
1,8,263.496625
1,9,309.926612
1,10,256.946369
1,11,19.765671
1,12,137.778258
1,13,235.946123
1,14,73.367273
1,15,233.237706
1,16,202.354800
1,17,211.755411
1,18,299.056553
1,19,523.847346
1,20,108.542079
1,21,223.345143
1,22,308.951463
1,23,274.168794
1,24,258.291234
1,25,71.218246
1,26,185.149765
1,27,184.478237
1,28,92.249910
1,29,24.817710
1,30,334.645483
1,31,79.441460
1,32,188.761918
1,33,492.865809
1,34,24.631034
1,35,352.763741
1,36,148.219100
1,37,296.601722
1,38,91.521697
1,39,219.334138
1,40,72.079106
1,41,367.633236
1,42,171.636022
1,43,270.655041
1,44,392.899386
1,45,96.634683
1,46,50.100237
1,47,327.026416
1,48,102.402462
1,49,164.451695
1,50,148.188297
1,51,264.990888
1,52,219.718858
1,53,72.911898
1,54,225.623937
1,55,115.674498
1,56,242.282252
1,57,220.105121
1,58,99.714576
1,59,456.546786
1,60,74.411834
1,61,208.468558
1,62,73.819767
1,63,303.483907
1,64,182.023653
1,65,226.182884
1,66,72.345652
1,67,161.276851
1,68,186.823088
1,69,320.968498
1,70,74.152568
1,71,302.497379
1,72,69.998304
1,73,294.649366
1,74,299.924694
1,75,278.953360
1,76,146.296299
1,77,90.751841
1,78,17.591777
1,79,317.743532
1,80,67.518373
1,81,460.932682
1,82,304.786693
1,83,287.614504
1,84,102.374264
1,85,243.930309
1,86,135.287918
1,87,202.727840
1,88,275.216349
1,89,269.327269
1,90,343.368369
1,91,71.348977
1,92,79.781452
1,93,370.886360
1,94,588.137347
1,95,636.457518
1,96,481.408026
1,97,516.817891
1,98,375.823153
1,99,46.370776
1,100,406.041396
1,101,97.855654
1,102,426.627078
1,103,269.844807
1,104,382.327513
1,105,186.455906
1,106,141.504782
1,107,290.338350
1,108,69.358570
1,109,229.116071
1,110,475.196397
1,111,106.681322
1,112,446.903831
1,113,86.745073
1,114,252.391454
1,115,568.356800
1,116,443.978581
1,117,398.629453
1,118,248.281614
1,119,119.988594
1,120,172.343388
1,121,66.199271
1,122,212.051351
1,123,305.822385
1,124,436.699000
1,125,208.813903
1,126,484.092654
1,127,104.304121
1,128,133.342552
1,129,215.110420
1,130,274.888630
1,131,64.499585
1,132,274.986317
1,133,63.865775
1,134,117.185320
1,135,66.378734
1,136,207.620093
1,137,300.897584
1,138,360.250699
1,139,383.496457
1,140,324.373716
1,141,172.557832
1,142,117.132494
1,143,312.250079
1,144,350.336214
1,145,376.724240
1,146,63.028795
1,147,341.728110
1,148,7.110193
1,149,293.156664
1,150,234.128097
1,151,60.701233
1,152,176.395290
1,153,324.966308
1,154,260.174793
1,155,340.208071
1,156,346.690154
1,157,388.443521
1,158,420.646229
1,159,69.814145
1,160,141.520978
1,161,345.856852
1,162,143.231154
1,163,230.896660
1,164,156.268402
1,165,103.200795
1,166,368.998332
1,167,47.903801
1,168,341.798573
1,169,257.335722
1,170,245.191132
1,171,368.222571
1,172,453.027234
1,173,56.615610
1,174,230.846898
1,175,110.851313
1,176,316.475500
1,177,62.012916
1,178,296.063313
1,179,142.529360
1,180,333.579419
1,181,300.731240
1,182,71.987610
1,183,418.323388
1,184,399.717938
1,185,411.874125
1,186,455.234565
1,187,376.827664
1,188,64.742383
1,189,242.039182
1,190,60.361168
1,191,238.608259
1,192,335.803373
1,193,65.282099
1,194,167.618889
1,195,292.476050
1,196,120.042089
1,197,162.076712
1,198,62.087468
1,199,657.460639
1,200,58.720776
1,201,336.290484
1,202,129.333610
1,203,256.802893
1,204,65.530996
1,205,162.701031
1,206,331.915982
1,207,336.087836
1,208,64.245685
1,209,12.694553
1,210,290.532436
1,211,60.697875
1,212,352.148501
1,213,77.400208
1,214,187.346105
1,215,493.278882
1,216,63.213514
1,217,352.170692
1,218,59.396652
1,219,266.505417
1,220,210.330728
1,221,232.414966
1,222,285.736043
1,223,295.993515
1,224,187.565547
1,225,201.529692
1,226,392.901498
1,227,56.522717
1,228,170.145727
1,229,192.040865
1,230,240.005720
1,231,154.225977
1,232,76.821355
1,233,322.299405
1,234,228.000944
1,235,59.818982
1,236,187.987208
1,237,162.914686
1,238,263.069804
1,239,115.897302
1,240,52.264272
1,241,305.926146
1,242,151.651550
1,243,167.889221
1,244,220.503966
1,245,262.965968
1,246,208.900291
1,247,315.318209
1,248,106.503811
1,249,151.951711
1,250,54.915363
1,251,159.812468
1,252,52.401470
1,253,203.065996
1,254,48.408508
1,255,52.861006
1,256,258.632879
1,257,285.539932
1,258,322.068759
1,259,288.527703
1,260,146.188278
1,261,285.593665
1,262,48.822055
1,263,259.512244
1,264,108.812629
1,265,173.596278
1,266,248.793183
1,267,489.021014
1,268,234.783975
1,269,283.574953
1,270,424.746655
1,271,208.075588
1,272,492.164727
1,273,365.118674
1,274,304.862669
1,275,221.071533
1,276,52.581587
1,277,317.506217
1,278,55.782564
1,279,245.479401
1,280,367.886303
1,281,319.178392
1,282,52.284123
1,283,356.009608
1,284,318.378709
1,285,293.490411
1,286,276.275871
1,287,358.991179
1,288,110.225195
1,289,60.456097
1,290,87.370369
1,291,268.782304
1,292,212.833838
1,293,312.146610
1,294,250.818785
1,295,347.584079
1,296,239.732182
1,297,178.328805
1,298,466.583171
1,299,73.134214
1,300,283.824402
1,301,395.939640
1,302,365.420124
1,303,359.966012
1,304,349.654779
1,305,60.621197
1,306,232.311744
1,307,433.101504
1,308,129.056355
1,309,232.063536
1,310,462.682513
1,311,392.432678
1,312,352.386717
1,313,310.921928
1,314,120.207915
1,315,390.589394
1,316,284.596464
1,317,326.741815
1,318,63.914587
1,319,164.913667
1,320,264.703446
1,321,344.719181
1,322,302.519467
1,323,76.368287
1,324,369.934516
1,325,95.686493
1,326,412.519708
1,327,433.917037
1,328,401.703004
1,329,52.071695
1,330,4.154349
1,331,284.801431
1,332,65.816411
1,333,251.131493
1,334,187.658173
1,335,310.949855
1,336,156.869270
1,337,354.713121
1,338,282.316696
1,339,198.800594
1,340,45.389501
1,341,184.121668
1,342,287.436674
1,343,109.756849
1,344,191.923790
1,345,231.992024
1,346,152.498665
1,347,131.227685
1,348,297.704265
1,349,381.979631
1,350,232.598647
1,351,171.104153
1,352,148.831492
1,353,113.834372
1,354,251.675477
1,355,279.429085
1,356,58.176574
1,357,273.893011
1,358,56.063417
1,359,168.211271
1,360,1.576827
1,361,112.750804
1,362,290.784447
1,363,357.144149
1,364,238.773842
1,365,319.377338
1,366,223.270062
1,367,113.764790
1,368,276.985868
1,369,295.497368
1,370,165.081586
1,371,255.021332
1,372,251.242253
1,373,351.254341
1,374,233.475914
1,375,250.776943
1,376,73.676907
1,377,474.161570
1,378,29.312216
1,379,284.911449
1,380,57.843462
1,381,194.705371
1,382,152.970114
1,383,324.591632
1,384,56.061201
1,385,201.390744
1,386,754.852952
1,387,725.072751
1,388,348.325640
1,389,385.979930
1,390,6.875984
1,391,440.056757
1,392,388.967276
1,393,448.319223
1,394,340.813585
1,395,284.448385
1,396,52.449028
1,397,70.904099
1,398,478.988358
1,399,266.186982
1,400,410.266102
1,401,460.395136
1,402,473.892745
1,403,428.323268
1,404,402.213437
1,405,86.272736
1,406,396.205459
1,407,270.551998
1,408,587.679860
1,409,474.931845
1,410,386.301948
1,411,408.763672
1,412,64.684078
1,413,386.336914
1,414,376.839627
1,415,454.632237
1,416,582.181190
1,417,277.114113
1,418,258.046010
1,419,423.555780
1,420,16.890440
1,421,190.927732
1,422,321.773525
1,423,391.824936
1,424,383.453650
1,425,283.035342
1,426,373.766379
1,427,366.161196
1,428,91.878044
1,429,100.066594
1,430,519.272120
1,431,145.647145
1,432,337.508264
1,433,458.260007
1,434,64.598833
1,435,420.186550
1,436,75.822434
1,437,168.018473
1,438,163.205973
1,439,257.264558
1,440,311.538355
1,441,173.551361
1,442,363.976474
1,443,43.998053
1,444,310.467679
1,445,363.662182
1,446,63.551548
1,447,92.968467
1,448,546.542426
1,449,365.423871
1,450,63.241511
1,451,490.095661
1,452,316.606750
1,453,476.331474
1,454,62.709891
1,455,256.694742
1,456,66.339614
1,457,432.557047
1,458,189.206364
1,459,388.017143
1,460,331.226661
1,461,384.155599
1,462,304.272740
1,463,531.854243
1,464,368.278606
1,465,592.968532
1,466,418.222638
1,467,590.781326
1,468,67.611911
1,469,208.904527
1,470,82.641630
1,471,432.207863
1,472,517.854559
1,473,80.864341
1,474,250.893509
1,475,69.362860
1,476,221.541128
1,477,198.344864
1,478,207.460449
1,479,74.741446
1,480,361.305900
1,481,71.854415
1,482,318.042728
1,483,65.832616
1,484,99.858893
1,485,444.452136
1,486,301.271164
1,487,422.607752
1,488,354.428278
1,489,113.290580
1,490,198.183591
1,491,262.624290
1,492,406.604446
1,493,61.849026
1,494,461.819507
1,495,76.849044
1,496,83.051297
1,497,463.062428
1,498,139.482538
1,499,387.283598
1,500,387.395046
1,501,89.588392
1,502,278.078052
1,503,306.251897
1,504,14.263569
1,505,260.006647
1,506,65.716419
1,507,399.198729
1,508,511.680180
1,509,399.181787
1,510,494.491201
1,511,263.471952
1,512,316.900502
1,513,345.947771
1,514,283.643343
1,515,361.724896
1,516,334.019286
1,517,262.154726
1,518,108.921934
1,519,249.570564
1,520,294.495960
1,521,380.504320
1,522,92.494651
1,523,208.462229
1,524,385.805487
1,525,72.746581
1,526,562.415728
1,527,142.439738
1,528,331.817430
1,529,326.475195
1,530,196.318408
1,531,70.006394
1,532,255.004389
1,533,65.973945
1,534,332.802131
1,535,207.946138
1,536,294.584879
1,537,311.063319
1,538,52.521409
1,539,252.910712
1,540,465.140661
1,541,321.674896
1,542,309.568123
1,543,124.767470
1,544,235.564795
1,545,362.030059
1,546,444.977612
1,547,469.132704
1,548,9.341696
1,549,247.995771
1,550,382.224992
1,551,66.074978
1,552,261.962849
1,553,61.079650
1,554,94.416198
1,555,326.365200
1,556,45.906836
1,557,212.254122
1,558,70.769689
1,559,229.311086
1,560,207.245204
1,561,61.172899
1,562,169.628677
1,563,273.273390
1,564,109.042937
1,565,375.585203
1,566,98.627794
1,567,143.431964
1,568,430.570747
1,569,76.749648
1,570,426.644731
1,571,485.150664
1,572,206.364835
1,573,572.294983
1,574,89.419236
1,575,322.170395
1,576,330.433675
1,577,558.626428
1,578,297.572535
1,579,262.302814
1,580,341.202233
1,581,224.167846
1,582,347.745089
1,583,87.036369
1,584,630.207481
1,585,76.065082
1,586,70.024677
1,587,526.581531
1,588,498.275046
1,589,211.763205
1,590,344.349800
1,591,307.986574
1,592,687.630111
1,593,65.886329
1,594,304.400634
1,595,142.349731
1,596,347.421929
1,597,318.157721
1,598,207.287808
1,599,295.888150
1,600,317.594400
1,601,196.425559
1,602,375.820800
1,603,265.729148
1,604,530.182334
1,605,342.572651
1,606,537.431618
1,607,453.536334
1,608,341.597778
1,609,68.968916
1,610,358.003913
1,611,329.994983
1,612,408.167677
1,613,391.617221
1,614,63.549483
1,615,395.309765
1,616,377.815811
1,617,386.134723
1,618,434.220944
1,619,541.832067
1,620,272.455406
1,621,319.290434
1,622,376.854295
1,623,115.459620
1,624,370.455502
1,625,258.671218
1,626,175.776176
1,627,234.383568
1,628,44.793905
1,629,130.626305
1,630,321.681741
1,631,249.102661
1,632,281.339203
1,633,72.733310
1,634,4.281160
1,635,61.873327
1,636,162.178218
1,637,280.333231
1,638,226.668831
1,639,74.252122
1,640,183.673137
1,641,63.992580
1,642,312.862489
1,643,139.087088
1,644,234.294123
1,645,3.876546
1,646,215.501660
1,647,104.744901
1,648,285.848030
1,649,65.835299
1,650,176.607539
1,651,15.570285
1,652,313.743870
1,653,212.683245
1,654,242.626599
1,655,257.473378
1,656,71.576495
1,657,182.791966
1,658,80.792266
1,659,317.009385
1,660,424.691815
1,661,4.646748
1,662,287.913110
1,663,189.428594
1,664,71.614303
1,665,127.093098
1,666,66.657126
1,667,76.252022
1,668,13.375311
1,669,268.922803
1,670,64.893039
1,671,130.280037
1,672,269.638641
1,673,325.214152
1,674,65.957251
1,675,233.216370
1,676,77.731105
1,677,256.934113
1,678,70.829259
1,679,204.949277
1,680,64.310847
1,681,65.873615
1,682,267.423899
1,683,122.535794
1,684,278.371080
1,685,202.852527
1,686,64.440172
1,687,244.406754
1,688,305.383131
1,689,326.112841
1,690,387.392348
1,691,135.154871
1,692,67.628711
1,693,137.262212
1,694,309.048269
1,695,395.207599
1,696,256.355855
1,697,64.697139
1,698,249.225481
1,699,57.943692
1,700,242.170534
1,701,238.489666
1,702,154.086358
1,703,316.550708
1,704,63.550923
1,705,284.388759
1,706,1309.030595
1,707,352.295081
1,708,68.072663
1,709,382.101335
1,710,215.592693
1,711,147.147380
1,712,341.183364
1,713,69.948971
1,714,215.661174
1,715,66.222499
1,716,177.503425
1,717,154.502362
1,718,356.302689
1,719,391.397737
1,720,81.485938
1,721,448.551689
1,722,315.202553
1,723,38.671761
1,724,183.165452
1,725,398.911490
1,726,0.289566
1,727,265.506253
1,728,455.053801
1,729,0.289566
1,730,335.079179
1,731,660.777956
1,732,475.658650
1,733,318.584820
1,734,314.173848
1,735,76.852373
1,736,237.974564
1,737,84.501436
1,738,407.043091
1,739,296.895669
1,740,352.092772
1,741,337.842886
1,742,451.726986
1,743,131.029743
1,744,233.322593
1,745,254.821518
1,746,63.390054
1,747,322.988556
1,748,274.051461
1,749,69.082544
1,750,211.233377
1,751,64.640371
1,752,207.636728
1,753,175.740063
1,754,123.371836
1,755,163.472809
1,756,61.552074
1,757,195.284242
1,758,138.727872
1,759,368.585494
1,760,63.558083
1,761,260.888017
1,762,409.080503
1,763,10.190094
1,764,200.894340
1,765,328.169400
1,766,58.264812
1,767,213.832750
1,768,204.408516
1,769,419.928115
1,770,91.204108
1,771,206.359714
1,772,297.691636
1,773,125.522217
1,774,132.512165
1,775,206.656324
1,776,373.838726
1,777,322.430122
1,778,64.696773
1,779,275.680917
1,780,62.083283
1,781,175.278984
1,782,351.395230
1,783,66.583151
1,784,295.851242
1,785,59.506466
1,786,155.016398
1,787,68.711606
1,788,405.237159
1,789,60.203030
1,790,121.103780
1,791,318.137454
1,792,370.321872
1,793,382.767050
1,794,563.856903
1,795,2.817475
1,796,334.840776
1,797,230.565996
1,798,340.664453
1,799,79.541617
1,800,305.800567
1,801,487.966672
1,802,94.161671
1,803,487.729158
1,804,410.443401
1,805,210.910883
1,806,358.574894
1,807,82.398973
1,808,337.642043
1,809,171.539309
1,810,82.921652
1,811,202.118080
1,812,239.190871
1,813,309.873146
1,814,460.592896
1,815,474.010713
1,816,482.382434
1,817,119.931243
1,818,567.849481
1,819,114.697968
1,820,306.636266
1,821,98.502349
1,822,95.160493
1,823,277.953652
1,824,215.108827
1,825,86.768604
1,826,391.930726
1,827,97.951201
1,828,217.170908
1,829,890.806379
1,830,390.955059
1,831,232.817469
1,832,96.579424
1,833,648.404390
1,834,336.721434
1,835,401.155805
1,836,90.141197
1,837,550.995691
1,838,366.587294
1,839,279.619128
1,840,208.136766
1,841,348.526818
1,842,315.760867
1,843,236.505863
1,844,190.862252
1,845,431.860548
1,846,333.833751
1,847,79.026789
1,848,225.626155
1,849,251.824828
1,850,298.337993
1,851,355.694641
1,852,283.750129
1,853,89.546806
1,854,406.053707
1,855,90.794061
1,856,113.649917
1,857,273.303909
1,858,84.283650
1,859,324.002628
1,860,367.481242
1,861,56.647918
1,862,251.371528
1,863,225.471758
1,864,67.237025
1,865,252.831207
1,866,167.019436
1,867,310.374041
1,868,95.633678
1,869,590.662817
1,870,247.646149
1,871,81.460924
1,872,414.791470
1,873,305.469576
1,874,107.060319
1,875,25.941558
1,876,319.772285
1,877,261.773022
1,878,369.957860
1,879,293.714585
1,880,197.586430
1,881,408.155184
1,882,270.191691
1,883,24.861170
1,884,215.070371
1,885,255.790332
1,886,445.522729
1,887,171.405981
1,888,512.968431
1,889,304.763302
1,890,89.236144
1,891,163.374671
1,892,77.795651
1,893,198.919866
1,894,375.437715
1,895,506.334323
1,896,389.852617
1,897,84.283951
1,898,264.173921
1,899,29.623188
1,900,566.343862
1,901,89.135739
1,902,311.050805
1,903,281.977925
1,904,310.780200
1,905,161.094774
1,906,364.206982
1,907,478.390931
1,908,84.047754
1,909,26.054588
1,910,416.221850
1,911,89.354520
1,912,159.269623
1,913,337.157185
1,914,80.721750
1,915,507.884733
1,916,84.096703
1,917,500.445223
1,918,306.283291
1,919,282.453091
1,920,147.295080
1,921,371.276964
1,922,28.036238
1,923,425.635932
1,924,142.816940
1,925,279.254762
1,926,260.887280
1,927,94.123525
1,928,579.861296
1,929,73.437875
1,930,272.508939
1,931,325.643155
1,932,138.188898
1,933,613.351576
1,934,84.091256
1,935,310.042121
1,936,372.192313
1,937,154.846970
1,938,223.890826
1,939,385.493084
1,940,198.108988
1,941,93.210003
1,942,300.392907
1,943,287.103857
1,944,87.453300
1,945,140.679636
1,946,69.723074
1,947,262.259217
1,948,361.399177
1,949,222.061553
1,950,458.211389
1,951,197.235353
1,952,468.715681
1,953,427.344550
1,954,422.872319
1,955,359.920227
1,956,94.469673
1,957,246.176244
1,958,284.024903
1,959,322.967373
1,960,102.696250
1,961,315.535376
1,962,160.792240
1,963,398.653968
1,964,357.578921
1,965,231.024652
1,966,113.705226
1,967,123.224258
1,968,478.321466
1,969,380.815445
1,970,82.209609
1,971,332.051790
1,972,96.553351
1,973,432.896679
1,974,430.742490
1,975,112.487305
1,976,430.152034
1,977,98.612768
1,978,370.854734
1,979,82.772769
1,980,277.100019
1,981,27.585981
1,982,582.808955
1,983,103.001716
1,984,222.382194
1,985,234.671738
1,986,209.582735
1,987,172.885541
1,988,437.202759
1,989,80.026326
1,990,415.777835
1,991,275.564699
1,992,537.616085
1,993,269.235142
1,994,253.070052
1,995,225.340693
1,996,151.162451
1,997,376.019452
1,998,574.274393
1,999,183.402538
1,1000,517.081086
1,1001,111.519993
1,1002,169.109837
1,1003,512.019197
1,1004,173.882109
1,1005,166.460511
1,1006,194.253894
1,1007,178.914557
1,1008,300.801197
1,1009,48.970318
1,1010,473.327781
1,1011,163.140442
1,1012,555.230494
1,1013,95.140676
1,1014,255.696054
1,1015,85.682914
1,1016,77.061878
1,1017,159.333234
1,1018,85.194513
1,1019,87.680346
1,1020,317.961982
1,1021,16.101050
1,1022,288.146390
1,1023,450.723139
1,1024,185.637197
1,1025,94.280299
1,1026,291.430860
1,1027,303.276335
1,1028,74.162403
1,1029,318.811769
1,1030,14.520171
1,1031,289.905091
1,1032,78.143456
1,1033,222.550158
1,1034,497.548798
1,1035,373.935000
1,1036,75.011922
1,1037,139.676180
1,1038,142.785598
1,1039,369.019687
1,1040,70.245031
1,1041,465.043806
1,1042,68.588583
1,1043,322.423267
1,1044,91.160544
1,1045,249.661251
1,1046,224.217935
1,1047,385.015234
1,1048,307.907525
1,1049,73.238130
1,1050,210.581003
1,1051,390.204931
1,1052,320.839404
1,1053,551.361072
1,1054,208.129238
1,1055,324.210984
1,1056,76.375108
1,1057,437.393399
1,1058,196.656888
1,1059,421.309150
1,1060,21.453000
1,1061,301.144898
1,1062,76.348403
1,1063,88.924450
1,1064,234.803846
1,1065,86.608010
1,1066,90.127709
1,1067,137.454661
1,1068,253.790660
1,1069,83.259597
1,1070,242.090096
1,1071,82.303308
1,1072,366.992785
1,1073,140.848237
1,1074,184.745930
1,1075,469.283741
1,1076,137.813881
1,1077,80.896254
1,1078,411.478877
1,1079,422.722776
1,1080,238.055139
1,1081,319.215735
1,1082,101.580476
1,1083,326.470583
1,1084,140.178515
1,1085,206.515972
1,1086,503.196708
1,1087,83.934015
1,1088,179.574892
1,1089,456.470813
1,1090,413.265497
1,1091,94.928361
1,1092,242.313453
1,1093,82.657796
1,1094,315.024592
1,1095,112.107845
1,1096,434.693334
1,1097,710.861857
1,1098,159.536308
1,1099,378.498987
1,1100,121.859392
1,1101,298.025523
1,1102,432.670473
1,1103,451.671134
1,1104,95.056383
1,1105,260.009449
1,1106,181.820178
1,1107,77.545053
1,1108,341.907439
1,1109,74.843832
1,1110,456.138639
1,1111,125.817624
1,1112,468.630172
1,1113,133.036955
1,1114,128.013188
1,1115,320.959513
1,1116,535.587769
1,1117,386.509626
1,1118,79.979774
1,1119,146.518422
1,1120,431.968013
1,1121,329.163427
1,1122,151.841208
1,1123,404.479187
1,1124,254.989088
1,1125,89.740133
1,1126,1026.411096
1,1127,168.227049
1,1128,86.481986
1,1129,535.991189
1,1130,335.078440
1,1131,560.117834
1,1132,70.603476
1,1133,400.580445
1,1134,239.615371
1,1135,344.224708
1,1136,100.641925
1,1137,247.822518
1,1138,324.121303
1,1139,382.588929
1,1140,428.564677
1,1141,389.994233
1,1142,65.457262
1,1143,207.425344
1,1144,130.919578
1,1145,252.302045
1,1146,200.662079
1,1147,383.122357
1,1148,100.896593
1,1149,201.477580
1,1150,98.582614
1,1151,322.677057
1,1152,79.583014
1,1153,314.146246
1,1154,214.229346
1,1155,84.292361
1,1156,398.627333
1,1157,224.329498
1,1158,215.721268
1,1159,372.427523
1,1160,22.152168
1,1161,338.266397
1,1162,298.938057
1,1163,269.141346
1,1164,521.154597
1,1165,181.210354
1,1166,301.060875
1,1167,113.003379
1,1168,403.612011
1,1169,273.173412
1,1170,196.162492
1,1171,97.471632
1,1172,299.352167
1,1173,248.528982
1,1174,295.127398
1,1175,220.499013
1,1176,88.952714
1,1177,307.884495
1,1178,243.672443
1,1179,24.579367
1,1180,380.413106
1,1181,223.065163
1,1182,260.067124
1,1183,214.052902
1,1184,332.698801
1,1185,439.742021
1,1186,222.232682
1,1187,24.680248
1,1188,455.963350
1,1189,93.524152
1,1190,452.976418
1,1191,86.230982
1,1192,416.111412
1,1193,75.547192
1,1194,83.110075
1,1195,320.107880
1,1196,359.215713
1,1197,80.218950
1,1198,192.402958
1,1199,77.207582
1,1200,251.956330
1,1201,148.049602
1,1202,141.090149
1,1203,177.097718
1,1204,250.125061
1,1205,328.082559
1,1206,90.356980
1,1207,178.081168
1,1208,150.341892
1,1209,505.866647
1,1210,91.913688
1,1211,535.433879
1,1212,119.398871
1,1213,440.190086
1,1214,111.165784
1,1215,297.677728
1,1216,275.190469
1,1217,475.620274
1,1218,154.601452
1,1219,79.742652
1,1220,417.760726
1,1221,137.091993
1,1222,404.684987
1,1223,206.581649
1,1224,275.190272
1,1225,284.123676
1,1226,83.968612
1,1227,363.920152
1,1228,248.501768
1,1229,414.969453
1,1230,313.568177
1,1231,405.486725
1,1232,496.327989
1,1233,559.076391
1,1234,82.282447
1,1235,407.081978
1,1236,84.240854
1,1237,498.049214
1,1238,98.269353
1,1239,397.706213
1,1240,250.989065
1,1241,548.602635
1,1242,87.379147
1,1243,231.303609
1,1244,492.253916
1,1245,120.526769
1,1246,627.744480
1,1247,692.292703
1,1248,682.391703
1,1249,28.393795
1,1250,497.058107
1,1251,513.402562
1,1252,606.832311
1,1253,103.460986
1,1254,481.833242
1,1255,438.223434
1,1256,245.495089
1,1257,93.581498
1,1258,452.131779
1,1259,452.523679
1,1260,366.323484
1,1261,102.796997
1,1262,500.676899
1,1263,92.290061
1,1264,321.194729
1,1265,569.789300
1,1266,327.507045
1,1267,574.501301
1,1268,113.719132
1,1269,529.835504
1,1270,615.318847
1,1271,81.344349
1,1272,442.087790
1,1273,770.800303
1,1274,502.607193
1,1275,637.869004
1,1276,437.819683
1,1277,93.574978
1,1278,373.626696
1,1279,293.172832
1,1280,207.749983
1,1281,253.807163
1,1282,418.017104
1,1283,34.832893
1,1284,442.647776
1,1285,327.009778
1,1286,91.319841
1,1287,335.688787
1,1288,405.445324
1,1289,170.929678
1,1290,462.290036
1,1291,558.740307
1,1292,409.663205
1,1293,67.095331
1,1294,272.357954
1,1295,182.166584
1,1296,324.675639
1,1297,75.276283
1,1298,544.595807
1,1299,171.175765
1,1300,105.918990
1,1301,93.288964
1,1302,515.074133
1,1303,100.060051
1,1304,24.430007
1,1305,215.282202
1,1306,400.036627
1,1307,932.307921
1,1308,607.103617
1,1309,98.151688
1,1310,680.427631
1,1311,89.618703
1,1312,231.659417
1,1313,247.071844
1,1314,562.239230
1,1315,149.064354
1,1316,731.834937
1,1317,83.822116
1,1318,467.285373
1,1319,301.303019
1,1320,432.152015
1,1321,99.507072
1,1322,289.657883
1,1323,189.754002
1,1324,576.921840
1,1325,114.920502
1,1326,587.039123
1,1327,230.022980
1,1328,316.142695
1,1329,451.686605
1,1330,473.075508
1,1331,89.032972
1,1332,247.483666
1,1333,493.713427
1,1334,27.762757
1,1335,440.724998
1,1336,356.656491
1,1337,389.408063
1,1338,359.044823
1,1339,94.497433
1,1340,400.831468
1,1341,343.606883
1,1342,252.225199
1,1343,514.120315
1,1344,87.079447
1,1345,208.816094
1,1346,508.973901
1,1347,81.269627
1,1348,250.751745
1,1349,487.842204
1,1350,552.669780
1,1351,416.852763
1,1352,421.769624
1,1353,430.142356
1,1354,113.232367
1,1355,284.182674
1,1356,353.434174
1,1357,76.650345
1,1358,426.656432
1,1359,73.198828
1,1360,473.784737
1,1361,256.985290
1,1362,481.375136
1,1363,80.661221
1,1364,237.503722
1,1365,460.227557
1,1366,847.512759
1,1367,389.663760
1,1368,403.925837
1,1369,134.824398
1,1370,456.870315
1,1371,91.081721
1,1372,419.993943
1,1373,594.338139
1,1374,230.998345
1,1375,104.176204
1,1376,391.380217
1,1377,305.174604
1,1378,376.236325
1,1379,90.078047
1,1380,378.197774
1,1381,652.776898
1,1382,137.513692
1,1383,215.952497
1,1384,234.941276
1,1385,29.060894
1,1386,571.901867
1,1387,562.952855
1,1388,86.226992
1,1389,564.755474
1,1390,446.015730
1,1391,517.910431
1,1392,90.058409
1,1393,211.199870
1,1394,534.283789
1,1395,543.048043
1,1396,551.182951
1,1397,104.329189
1,1398,547.794922
1,1399,568.386479
1,1400,94.681255
1,1401,515.286801
1,1402,376.809164
1,1403,85.694375
1,1404,493.723147
1,1405,304.259830
1,1406,330.035126
1,1407,170.879111
1,1408,225.066307
1,1409,311.002365
1,1410,87.205713
1,1411,607.686592
1,1412,376.921414
1,1413,437.075290
1,1414,567.999554
1,1415,27.834807
1,1416,603.100082
1,1417,102.630133
1,1418,22.980371
1,1419,515.857892
1,1420,409.157751
1,1421,83.865404
1,1422,308.558338
1,1423,275.546219
1,1424,421.395419
1,1425,87.991925
1,1426,33.362284
1,1427,476.443454
1,1428,585.002961
1,1429,470.363749
1,1430,96.657436
1,1431,398.977563
1,1432,93.044064
1,1433,417.783328
1,1434,523.619542
1,1435,373.552850
1,1436,189.417599
1,1437,406.527013
1,1438,151.513687
1,1439,79.070143
1,1440,305.327091
1,1441,81.371400
1,1442,386.353463
1,1443,412.755336
1,1444,535.803824
1,1445,136.757470
1,1446,448.445318
1,1447,422.849961
1,1448,644.281095
1,1449,464.180131
1,1450,116.313088
1,1451,376.244172
1,1452,209.856176
1,1453,635.547124
1,1454,83.940663
1,1455,404.221228
1,1456,503.768231
1,1457,296.502516
1,1458,445.746479
1,1459,418.896774
1,1460,78.926342
1,1461,411.847153
1,1462,417.984624
1,1463,87.124656
1,1464,501.815680
1,1465,678.231115
1,1466,212.736920
1,1467,477.421844
1,1468,324.794326
1,1469,230.863189
1,1470,414.102679
1,1471,180.983105
1,1472,442.547167
1,1473,145.509710
1,1474,452.115163
1,1475,26.026195
1,1476,556.286581
1,1477,341.952714
1,1478,91.310479
1,1479,401.011812
1,1480,108.358184
1,1481,463.048541
1,1482,228.788439
1,1483,295.502391
1,1484,326.384669
1,1485,199.599021
1,1486,94.575966
1,1487,446.878678
1,1488,363.145298
1,1489,453.510419
1,1490,571.385442
1,1491,471.931419
1,1492,103.314943
1,1493,518.780381
1,1494,275.472151
1,1495,242.571841
1,1496,264.720869
1,1497,89.718562
1,1498,481.300405
1,1499,501.077607
1,1500,567.491229
1,1501,41.262975
1,1502,635.768128
1,1503,448.212097
1,1504,89.360459
1,1505,249.409909
1,1506,696.665747
1,1507,99.658507
1,1508,574.708653
1,1509,81.605363
1,1510,341.979979
1,1511,88.757727
1,1512,524.582501
1,1513,503.380110
1,1514,244.245431
1,1515,187.723300
1,1516,314.520558
1,1517,377.445698
1,1518,438.615489
1,1519,536.365812
1,1520,268.177914
1,1521,504.672503
1,1522,78.681553
1,1523,410.123406
1,1524,448.813251
1,1525,105.777599
1,1526,395.400794
1,1527,343.700174
1,1528,508.133550
1,1529,88.428899
1,1530,657.039157
1,1531,602.021603
1,1532,74.711715
1,1533,79.561902
1,1534,484.036416
1,1535,74.945904
1,1536,188.834149
1,1537,536.700214
1,1538,227.662562
1,1539,579.722769
1,1540,393.519293
1,1541,284.618150
1,1542,377.308219
1,1543,554.446125
1,1544,66.285895
1,1545,5.740196
1,1546,453.217785
1,1547,527.553473
1,1548,74.641856
1,1549,409.592356
1,1550,76.745627
1,1551,516.147305
1,1552,498.512774
1,1553,77.040131
1,1554,211.972891
1,1555,83.016677
1,1556,366.837863
1,1557,390.498385
1,1558,80.737311
1,1559,438.494586
1,1560,295.736849
1,1561,434.969566
1,1562,85.180195
1,1563,337.859530
1,1564,570.847200
1,1565,475.779446
1,1566,256.322619
1,1567,99.429452
1,1568,481.198464
1,1569,348.412282
1,1570,53.748264
1,1571,326.169958
1,1572,281.777149
1,1573,463.367010
1,1574,65.492169
1,1575,240.148815
1,1576,470.639406
1,1577,402.710608
1,1578,149.766378
1,1579,440.823211
1,1580,66.525816
1,1581,238.164201
1,1582,394.415382
1,1583,77.815955
1,1584,320.200932
1,1585,84.819943
1,1586,523.712833
1,1587,176.000516
1,1588,353.627457
1,1589,233.673780
1,1590,180.749782
1,1591,377.452475
1,1592,38.596703
1,1593,249.119697
1,1594,101.926490
1,1595,372.148001
1,1596,17.139122
1,1597,374.507617
1,1598,83.933633
1,1599,384.707425
1,1600,113.701372
1,1601,84.774610
1,1602,213.680106
1,1603,268.590446
1,1604,204.428061
1,1605,161.756746
1,1606,579.002272
1,1607,77.925109
1,1608,488.802512
1,1609,363.526842
1,1610,91.360013
1,1611,355.729520
1,1612,96.385320
1,1613,133.705267
1,1614,488.421202
1,1615,85.622954
1,1616,22.191480
1,1617,426.005165
1,1618,78.043307
1,1619,325.863719
1,1620,145.605099
1,1621,82.575686
1,1622,366.939799
1,1623,401.971352
1,1624,345.345881
1,1625,323.550553
1,1626,285.810557
1,1627,502.015640
1,1628,80.229515
1,1629,580.985483
1,1630,415.631104
1,1631,118.775415
1,1632,491.669372
1,1633,395.866503
1,1634,492.398020
1,1635,166.844617
1,1636,240.582410
1,1637,146.165393
1,1638,411.005575
1,1639,263.828717
1,1640,165.060990
1,1641,325.972827
1,1642,20.749221
1,1643,303.370052
1,1644,79.465682
1,1645,149.334970
1,1646,260.457290
1,1647,192.550130
1,1648,246.207369
1,1649,6.086288
1,1650,210.217973
1,1651,61.191070
1,1652,325.923797
1,1653,6.086288
1,1654,270.146581
1,1655,94.988307
1,1656,312.326567
1,1657,116.974585
1,1658,99.244931
1,1659,225.290494
1,1660,308.402734
1,1661,183.387200
1,1662,237.433574
1,1663,352.566117
1,1664,74.822636
1,1665,456.427564
1,1666,449.221065
1,1667,125.486034
1,1668,155.429257
1,1669,340.797089
1,1670,25.865084
1,1671,555.650579
1,1672,103.582040
1,1673,544.858469
1,1674,515.988558
1,1675,77.553361
1,1676,398.327594
1,1677,390.397170
1,1678,88.034377
1,1679,282.356802
1,1680,77.772752
1,1681,97.289112
1,1682,494.785182
1,1683,97.040944
1,1684,38.845252
1,1685,472.663716
1,1686,106.602305
1,1687,344.986888
1,1688,190.418056
1,1689,92.836017
1,1690,405.250336
1,1691,377.477549
1,1692,120.356555
1,1693,516.885287
1,1694,491.706996
1,1695,94.625138
1,1696,427.986751
1,1697,444.744584
1,1698,363.933460
1,1699,311.814727
1,1700,301.778942
1,1701,250.879454
1,1702,498.289095
1,1703,82.120937
1,1704,449.031812
1,1705,76.419196
1,1706,20.335722
1,1707,305.076400
1,1708,73.768529
1,1709,145.692507
1,1710,264.069848
1,1711,214.161818
1,1712,366.604414
1,1713,137.012259
1,1714,160.186029
1,1715,233.768898
1,1716,186.189436
1,1717,192.318692
1,1718,556.895916
1,1719,128.944437
1,1720,112.794563
1,1721,417.024645
1,1722,681.666657
1,1723,333.816792
1,1724,53.636108
1,1725,323.926548
1,1726,77.261798
1,1727,451.274369
1,1728,246.342852
1,1729,440.156467
1,1730,199.248215
1,1731,363.852694
1,1732,69.058863
1,1733,227.615909
1,1734,322.756745
1,1735,16.237702
1,1736,413.558023
1,1737,96.807631
1,1738,184.189845
1,1739,451.887588
1,1740,401.006876
1,1741,202.737750
1,1742,79.073964
1,1743,418.148033
1,1744,276.243809
1,1745,17.996569
1,1746,354.186111
1,1747,430.343635
1,1748,87.832100
1,1749,339.400033
1,1750,79.920359
1,1751,506.985822
1,1752,88.682803
1,1753,412.095450
1,1754,158.120521
1,1755,285.744109
1,1756,332.057969
1,1757,195.955916
1,1758,275.318811
1,1759,81.130554
1,1760,454.904946
1,1761,90.018949
1,1762,197.881690
1,1763,148.930090
1,1764,152.773147
1,1765,513.816265
1,1766,107.052109
1,1767,356.089708
1,1768,562.015845
1,1769,14.692333
1,1770,501.721101
1,1771,76.793408
1,1772,83.943599
1,1773,388.033014
1,1774,76.106458
1,1775,19.652100
1,1776,292.090311
1,1777,347.324948
1,1778,73.998230
1,1779,275.471542
1,1780,368.578011
1,1781,403.960352
1,1782,364.066051
1,1783,53.636108
1,1784,383.834757
1,1785,160.599676
1,1786,130.737428
1,1787,466.296376
1,1788,354.860994
1,1789,97.426202
1,1790,493.842076
1,1791,185.865711
1,1792,80.160410
1,1793,229.930436
1,1794,477.244811
1,1795,97.964580
1,1796,261.002455
1,1797,463.681584
1,1798,71.224254
1,1799,226.546867
1,1800,288.083645
1,1801,420.486583
1,1802,94.917930
1,1803,287.447493
1,1804,404.345612
1,1805,92.539967
1,1806,92.243449
1,1807,357.321685
1,1808,516.075533
1,1809,114.750294
1,1810,109.006559
1,1811,209.966318
1,1812,250.032215
1,1813,77.368427
1,1814,161.015386
1,1815,397.045317
1,1816,76.218230
1,1817,36.455947
1,1818,262.842892
1,1819,516.768906
1,1820,248.951377
1,1821,454.989717
1,1822,147.586966
1,1823,322.198145
1,1824,450.520604
1,1825,125.498146
1,1826,479.847498
1,1827,102.949692
1,1828,219.981234
1,1829,448.632819
1,1830,183.223894
1,1831,352.612009
1,1832,83.883165
1,1833,443.526153
1,1834,339.355555
1,1835,142.245764
1,1836,244.742801
1,1837,278.891196
1,1838,102.143383
1,1839,497.173469
1,1840,85.419819
1,1841,433.230538
1,1842,273.298367
1,1843,537.261455
1,1844,634.619960
1,1845,122.107394
1,1846,368.578248
1,1847,293.018388
1,1848,604.305729
1,1849,375.912204
1,1850,205.283600
1,1851,379.156532
1,1852,78.561849
1,1853,410.628878
1,1854,88.831305
1,1855,446.868510
1,1856,408.907984
1,1857,71.321520
1,1858,438.505798
1,1859,83.481737
1,1860,397.705209
1,1861,84.733615
1,1862,621.992869
1,1863,340.375146
1,1864,11.047321
1,1865,306.656621
1,1866,246.210687
1,1867,392.129961
1,1868,80.442562
1,1869,348.977093
1,1870,74.076203
1,1871,286.341441
1,1872,76.635770
1,1873,281.379832
1,1874,575.747636
1,1875,65.352432
1,1876,495.987784
1,1877,302.212364
1,1878,476.201149
1,1879,67.178031
1,1880,426.319581
1,1881,356.847209
1,1882,66.694096
1,1883,174.436798
1,1884,537.491120
1,1885,529.743663
1,1886,2.817475
1,1887,318.685522
1,1888,217.253512
1,1889,327.629313
1,1890,79.541617
1,1891,290.616015
1,1892,451.218669
1,1893,94.161671
1,1894,466.304380
1,1895,414.187538
1,1896,220.479231
1,1897,351.155958
1,1898,82.398973
1,1899,367.595131
1,1900,178.819574
1,1901,82.921652
1,1902,215.707907
1,1903,201.125488
1,1904,271.807763
1,1905,454.005990
1,1906,468.394509
1,1907,442.930333
1,1908,101.349235
1,1909,526.525312
1,1910,92.302487
1,1911,289.926325
1,1912,84.565843
1,1913,121.993468
1,1914,268.177297
1,1915,212.058049
1,1916,86.768604
1,1917,399.488334
1,1918,97.951201
1,1919,239.635724
1,1920,757.681540
1,1921,366.964853
1,1922,213.334094
1,1923,96.579424
1,1924,531.226798
1,1925,315.227319
1,1926,420.431173
1,1927,90.141197
1,1928,555.641194
1,1929,355.216214
1,1930,255.975602
1,1931,190.525459
1,1932,311.016121
1,1933,325.745230
1,1934,247.530263
1,1935,201.609309
1,1936,420.073452
1,1937,361.221413
1,1938,79.026789
1,1939,239.146646
1,1940,269.297463
1,1941,354.985385
1,1942,364.292287
1,1943,307.879006
1,1944,101.056558
1,1945,408.272454
1,1946,81.641729
1,1947,95.691931
1,1948,293.965994
1,1949,84.283650
1,1950,328.786802
1,1951,373.374789
1,1952,56.647918
1,1953,184.601102
1,1954,196.974722
1,1955,67.237025
1,1956,242.361493
1,1957,152.666914
1,1958,266.553782
1,1959,80.726469
1,1960,512.659982
1,1961,187.670636
1,1962,81.460924
1,1963,383.659672
1,1964,291.463733
1,1965,83.000778
1,1966,25.941558
1,1967,325.665833
1,1968,244.023043
1,1969,332.447163
1,1970,267.089617
1,1971,197.586430
1,1972,384.927673
1,1973,270.191691
1,1974,24.861170
1,1975,215.070371
1,1976,224.727870
1,1977,417.025693
1,1978,156.706780
1,1979,456.251702
1,1980,279.941066
1,1981,89.236144
1,1982,163.374671
1,1983,77.795651
1,1984,174.929660
1,1985,370.445533
1,1986,459.185942
1,1987,326.479647
1,1988,84.283951
1,1989,236.578251
1,1990,29.623188
1,1991,477.940649
1,1992,89.135739
1,1993,274.164131
1,1994,262.841229
1,1995,284.640583
1,1996,161.094774
1,1997,321.218753
1,1998,420.703500
1,1999,96.181528
1,2000,26.054588
1,2001,366.022692
1,2002,89.354520
1,2003,145.679796
1,2004,306.372066
1,2005,80.721750
1,2006,410.883873
1,2007,84.096703
1,2008,411.972674
1,2009,250.675936
1,2010,247.369149
1,2011,138.004076
1,2012,318.997731
1,2013,28.036238
1,2014,390.829333
1,2015,142.816940
1,2016,228.916932
1,2017,240.710547
1,2018,94.123525
1,2019,469.201274
1,2020,73.437875
1,2021,246.577330
1,2022,302.692988
1,2023,138.188898
1,2024,569.669988
1,2025,84.091256
1,2026,302.969864
1,2027,357.423776
1,2028,125.032553
1,2029,177.921155
1,2030,367.812442
1,2031,176.198858
1,2032,80.590878
1,2033,287.011087
1,2034,282.527691
1,2035,108.808743
1,2036,151.842708
1,2037,69.723074
1,2038,278.553143
1,2039,364.727298
1,2040,209.511764
1,2041,458.211389
1,2042,182.466816
1,2043,435.226464
1,2044,397.391461
1,2045,408.935813
1,2046,331.215183
1,2047,82.058555
1,2048,195.075719
1,2049,241.106010
1,2050,321.095305
1,2051,88.759744
1,2052,301.529534
1,2053,171.469961
1,2054,402.952790
1,2055,337.679531
1,2056,188.452438
1,2057,94.291187
1,2058,105.959630
1,2059,484.492357
1,2060,356.478560
1,2061,82.209609
1,2062,332.051790
1,2063,96.553351
1,2064,443.158385
1,2065,431.019833
1,2066,88.705107
1,2067,451.923492
1,2068,98.612768
1,2069,351.024680
1,2070,82.772769
1,2071,245.482869
1,2072,27.585981
1,2073,534.204521
1,2074,82.408967
1,2075,211.080450
1,2076,220.527224
1,2077,179.698982
1,2078,172.885541
1,2079,400.593429
1,2080,80.026326
1,2081,382.288617
1,2082,228.693662
1,2083,455.938450
1,2084,252.594537
1,2085,229.981212
1,2086,200.241114
1,2087,142.287461
1,2088,363.816342
1,2089,513.674857
1,2090,106.925091
1,2091,434.571420
1,2092,89.124512
1,2093,145.743655
1,2094,410.164828
1,2095,148.227843
1,2096,146.630457
1,2097,163.052760
1,2098,178.914557
1,2099,261.695776
1,2100,29.556279
1,2101,420.632532
1,2102,102.540906
1,2103,485.339953
1,2104,76.419995
1,2105,224.148241
1,2106,85.682914
1,2107,77.061878
1,2108,169.802948
1,2109,85.194513
1,2110,87.680346
1,2111,336.821334
1,2112,16.101050
1,2113,288.146390
1,2114,427.703636
1,2115,178.218261
1,2116,81.175822
1,2117,279.158414
1,2118,272.976567
1,2119,74.162403
1,2120,295.098907
1,2121,14.520171
1,2122,278.048660
1,2123,78.143456
1,2124,220.955434
1,2125,512.872021
1,2126,402.154692
1,2127,75.011922
1,2128,148.135154
1,2129,132.107876
1,2130,431.768634
1,2131,70.245031
1,2132,513.093553
1,2133,68.588583
1,2134,363.678100
1,2135,106.830447
1,2136,237.527477
1,2137,187.608604
1,2138,327.466476
1,2139,285.512044
1,2140,64.363140
1,2141,183.817363
1,2142,315.876896
1,2143,290.470300
1,2144,497.209771
1,2145,176.650761
1,2146,293.287194
1,2147,76.375108
1,2148,373.119062
1,2149,167.743837
1,2150,336.858081
1,2151,21.453000
1,2152,276.322663
1,2153,76.348403
1,2154,88.924450
1,2155,245.481568
1,2156,86.608010
1,2157,90.127709
1,2158,121.646086
1,2159,253.790660
1,2160,83.259597
1,2161,194.456364
1,2162,82.303308
1,2163,339.674459
1,2164,140.848237
1,2165,141.411021
1,2166,417.004508
1,2167,105.295366
1,2168,88.661869
1,2169,344.292435
1,2170,355.605670
1,2171,178.634313
1,2172,269.571264
1,2173,86.603931
1,2174,279.183531
1,2175,121.943185
1,2176,186.131231
1,2177,451.125482
1,2178,83.934015
1,2179,160.576868
1,2180,393.652529
1,2181,390.800680
1,2182,94.928361
1,2183,242.313453
1,2184,82.657796
1,2185,303.722848
1,2186,109.473083
1,2187,392.051784
1,2188,557.005597
1,2189,139.706254
1,2190,343.692388
1,2191,91.628960
1,2192,260.514826
1,2193,412.355067
1,2194,440.993412
1,2195,79.941167
1,2196,243.091501
1,2197,173.361204
1,2198,77.545053
1,2199,304.951429
1,2200,74.843832
1,2201,403.928741
1,2202,103.768822
1,2203,422.660501
1,2204,133.036955
1,2205,111.788598
1,2206,284.419519
1,2207,475.889599
1,2208,350.662990
1,2209,79.979774
1,2210,136.256716
1,2211,376.984681
1,2212,282.916412
1,2213,126.533622
1,2214,385.897179
1,2215,219.419795
1,2216,89.740133
1,2217,738.528632
1,2218,140.839387
1,2219,108.253444
1,2220,504.166033
1,2221,297.082393
1,2222,525.311236
1,2223,70.603476
1,2224,384.633199
1,2225,216.457196
1,2226,370.641669
1,2227,80.881207
1,2228,246.019785
1,2229,296.664305
1,2230,346.118270
1,2231,387.240508
1,2232,316.775571
1,2233,65.457262
1,2234,191.824777
1,2235,87.931349
1,2236,241.208309
1,2237,178.821285
1,2238,339.302097
1,2239,81.967905
1,2240,201.477580
1,2241,84.299428
1,2242,322.677057
1,2243,79.583014
1,2244,299.447045
1,2245,214.229346
1,2246,84.292361
1,2247,398.627333
1,2248,196.317813
1,2249,196.029886
1,2250,354.608208
1,2251,22.152168
1,2252,338.266397
1,2253,298.938057
1,2254,234.889435
1,2255,530.930952
1,2256,181.210354
1,2257,311.183910
1,2258,89.151845
1,2259,419.420586
1,2260,281.147035
1,2261,196.162492
1,2262,83.119110
1,2263,290.407842
1,2264,235.077826
1,2265,252.693855
1,2266,220.499013
1,2267,88.952714
1,2268,279.318123
1,2269,228.834570
1,2270,24.579367
1,2271,371.607453
1,2272,222.718483
1,2273,260.067124
1,2274,212.804857
1,2275,306.628520
1,2276,411.036978
1,2277,186.663389
1,2278,24.680248
1,2279,406.110871
1,2280,81.667721
1,2281,400.003826
1,2282,73.681193
1,2283,362.930812
1,2284,75.547192
1,2285,83.110075
1,2286,322.326628
1,2287,359.215713
1,2288,80.218950
1,2289,192.402958
1,2290,88.439991
1,2291,239.406541
1,2292,132.587707
1,2293,141.090149
1,2294,195.541055
1,2295,285.902362
1,2296,319.623585
1,2297,80.164609
1,2298,167.334111
1,2299,135.088004
1,2300,477.993634
1,2301,78.531869
1,2302,532.105758
1,2303,99.568817
1,2304,461.337522
1,2305,88.284952
1,2306,315.358371
1,2307,249.189524
1,2308,469.172039
1,2309,138.446198
1,2310,79.742652
1,2311,442.236282
1,2312,137.091993
1,2313,408.845138
1,2314,206.581649
1,2315,289.473458
1,2316,257.984059
1,2317,83.968612
1,2318,335.561788
1,2319,247.184387
1,2320,410.739966
1,2321,317.034969
1,2322,392.312913
1,2323,507.213718
1,2324,545.417228
1,2325,82.282447
1,2326,369.085930
1,2327,84.240854
1,2328,467.402767
1,2329,84.471518
1,2330,396.111488
1,2331,250.989065
1,2332,510.190572
1,2333,87.379147
1,2334,241.218636
1,2335,472.215854
1,2336,120.526769
1,2337,567.699631
1,2338,564.576060
1,2339,602.655472
1,2340,28.393795
1,2341,459.131395
1,2342,525.467001
1,2343,571.471026
1,2344,88.623113
1,2345,455.277610
1,2346,406.051598
1,2347,231.627918
1,2348,93.581498
1,2349,449.566352
1,2350,436.645769
1,2351,359.389898
1,2352,91.980604
1,2353,502.964982
1,2354,92.290061
1,2355,295.609799
1,2356,513.765930
1,2357,321.890841
1,2358,542.260129
1,2359,101.446686
1,2360,423.058290
1,2361,530.521098
1,2362,81.344349
1,2363,389.392542
1,2364,630.533872
1,2365,436.391453
1,2366,573.178652
1,2367,421.803101
1,2368,93.574978
1,2369,376.677474
1,2370,269.113291
1,2371,207.749983
1,2372,244.030808
1,2373,408.310084
1,2374,34.832893
1,2375,420.876318
1,2376,300.107467
1,2377,91.319841
1,2378,293.393916
1,2379,373.204153
1,2380,159.558598
1,2381,465.340813
1,2382,508.541149
1,2383,361.890802
1,2384,67.095331
1,2385,258.144104
1,2386,170.310153
1,2387,301.933479
1,2388,75.276283
1,2389,508.402492
1,2390,146.977552
1,2391,92.883849
1,2392,93.288964
1,2393,505.297778
1,2394,82.171401
1,2395,24.430007
1,2396,208.071273
1,2397,356.424375
1,2398,772.280771
1,2399,606.271587
1,2400,80.817725
1,2401,576.007835
1,2402,123.731943
1,2403,231.659417
1,2404,200.062135
1,2405,536.862307
1,2406,99.627891
1,2407,602.038219
1,2408,83.822116
1,2409,464.442603
1,2410,280.432928
1,2411,489.562102
1,2412,99.507072
1,2413,300.959627
1,2414,189.754002
1,2415,515.559609
1,2416,105.282819
1,2417,520.546040
1,2418,230.022980
1,2419,316.142695
1,2420,465.345768
1,2421,495.193645
1,2422,89.032972
1,2423,228.416306
1,2424,484.699766
1,2425,27.762757
1,2426,441.279685
1,2427,356.656491
1,2428,389.408063
1,2429,366.671767
1,2430,94.497433
1,2431,417.056058
1,2432,359.415457
1,2433,252.225199
1,2434,539.913253
1,2435,87.079447
1,2436,208.816094
1,2437,507.587184
1,2438,81.269627
1,2439,244.511518
1,2440,480.076588
1,2441,538.802610
1,2442,416.852763
1,2443,433.418048
1,2444,449.209716
1,2445,121.830013
1,2446,295.068403
1,2447,396.422403
1,2448,76.650345
1,2449,488.365341
1,2450,73.198828
1,2451,510.324732
1,2452,278.826084
1,2453,477.145649
1,2454,80.661221
1,2455,221.556476
1,2456,439.218794
1,2457,821.165135
1,2458,405.333663
1,2459,434.641620
1,2460,134.824398
1,2461,488.556800
1,2462,91.081721
1,2463,388.446130
1,2464,546.496400
1,2465,231.899711
1,2466,93.498483
1,2467,393.598965
1,2468,328.124772
1,2469,405.912070
1,2470,90.078047
1,2471,417.164524
1,2472,673.785662
1,2473,137.513692
1,2474,190.852918
1,2475,272.243965
1,2476,29.060894
1,2477,634.720151
1,2478,660.508401
1,2479,86.226992
1,2480,700.376403
1,2481,582.676697
1,2482,556.253158
1,2483,90.058409
1,2484,218.618807
1,2485,550.924394
1,2486,540.066601
1,2487,551.529630
1,2488,104.329189
1,2489,552.995111
1,2490,521.307434
1,2491,86.222280
1,2492,485.264376
1,2493,370.430265
1,2494,85.694375
1,2495,487.898936
1,2496,313.758842
1,2497,352.014592
1,2498,181.210153
1,2499,216.121982
1,2500,334.507220
1,2501,87.205713
1,2502,606.715890
1,2503,395.503422
1,2504,449.070393
1,2505,540.473220
1,2506,27.834807
1,2507,537.439029
1,2508,102.630133
1,2509,22.980371
1,2510,541.442822
1,2511,416.438015
1,2512,83.865404
1,2513,311.678452
1,2514,257.449561
1,2515,425.139555
1,2516,87.991925
1,2517,20.604488
1,2518,411.475759
1,2519,551.236400
1,2520,471.057107
1,2521,96.657436
1,2522,382.891645
1,2523,93.044064
1,2524,406.897599
1,2525,505.730891
1,2526,354.762834
1,2527,177.699839
1,2528,408.468417
1,2529,151.513687
1,2530,88.985171
1,2531,305.327091
1,2532,81.371400
1,2533,380.667923
1,2534,401.522927
1,2535,488.378100
1,2536,136.757470
1,2537,423.484411
1,2538,408.358768
1,2539,528.420883
1,2540,410.098165
1,2541,116.313088
1,2542,446.897407
1,2543,206.320048
1,2544,550.610704
1,2545,74.927002
1,2546,413.442896
1,2547,512.365877
1,2548,276.533790
1,2549,423.420334
1,2550,404.474916
1,2551,78.926342
1,2552,412.055160
1,2553,451.127162
1,2554,87.124656
1,2555,469.921187
1,2556,605.497805
1,2557,211.350203
1,2558,590.855300
1,2559,255.111793
1,2560,227.049717
1,2561,418.817517
1,2562,180.983105
1,2563,433.741514
1,2564,145.509710
1,2565,541.974429
1,2566,26.026195
1,2567,533.821764
1,2568,357.206601
1,2569,91.310479
1,2570,384.163200
1,2571,84.992002
1,2572,422.556402
1,2573,152.935015
1,2574,263.538563
1,2575,319.381747
1,2576,199.599021
1,2577,109.205831
1,2578,435.507598
1,2579,345.741999
1,2580,441.307308
1,2581,566.809276
1,2582,409.251808
1,2583,111.773917
1,2584,496.800915
1,2585,293.568808
1,2586,226.416587
1,2587,238.511916
1,2588,89.718562
1,2589,457.795551
1,2590,433.336478
1,2591,544.194382
1,2592,41.262975
1,2593,536.409850
1,2594,469.428868
1,2595,89.360459
1,2596,245.804444
1,2597,569.087777
1,2598,86.762038
1,2599,551.758486
1,2600,81.605363
1,2601,319.931178
1,2602,96.800686
1,2603,532.417452
1,2604,416.224942
1,2605,160.695728
1,2606,179.819013
1,2607,199.145698
1,2608,345.412534
1,2609,396.459290
1,2610,493.585591
1,2611,204.458264
1,2612,461.129587
1,2613,78.681553
1,2614,424.753271
1,2615,464.829833
1,2616,83.312782
1,2617,382.573661
1,2618,322.552739
1,2619,505.706795
1,2620,88.428899
1,2621,582.988465
1,2622,549.118347
1,2623,74.711715
1,2624,79.561902
1,2625,477.241503
1,2626,74.945904
1,2627,188.834149
1,2628,540.791030
1,2629,238.756298
1,2630,570.015749
1,2631,368.350378
1,2632,252.446314
1,2633,361.984996
1,2634,494.470612
1,2635,66.285895
1,2636,5.740196
1,2637,405.514718
1,2638,544.540757
1,2639,74.641856
1,2640,407.234937
1,2641,76.745627
1,2642,466.502834
1,2643,417.597833
1,2644,77.040131
1,2645,191.934829
1,2646,83.016677
1,2647,342.847657
1,2648,382.663433
1,2649,80.737311
1,2650,426.984834
1,2651,284.504441
1,2652,443.775219
1,2653,85.180195
1,2654,337.859530
1,2655,493.745731
1,2656,498.174927
1,2657,268.872408
1,2658,108.165770
1,2659,531.050943
1,2660,327.819533
1,2661,53.748264
1,2662,326.169958
1,2663,281.777149
1,2664,506.979262
1,2665,65.492169
1,2666,296.588200
1,2667,617.978095
1,2668,517.738789
1,2669,171.329828
1,2670,413.366213
1,2671,74.846119
1,2672,208.280448
1,2673,384.361683
1,2674,77.815955
1,2675,280.332816
1,2676,84.819943
1,2677,516.432569
1,2678,195.137212
1,2679,428.926194
1,2680,254.751879
1,2681,216.388410
1,2682,365.665380
1,2683,38.596703
1,2684,234.559168
1,2685,111.910853
1,2686,371.593314
1,2687,17.139122
1,2688,330.340678
1,2689,83.933633
1,2690,441.632160
1,2691,113.701372
1,2692,75.552941
1,2693,218.741623
1,2694,300.970290
1,2695,197.009124
1,2696,158.428625
1,2697,553.278671
1,2698,77.925109
1,2699,473.687296
1,2700,350.561037
1,2701,83.386389
1,2702,306.778407
1,2703,80.368738
1,2704,105.069559
1,2705,472.335284
1,2706,77.857338
1,2707,22.191480
1,2708,402.292303
1,2709,78.043307
1,2710,316.642050
1,2711,132.985974
1,2712,82.575686
1,2713,375.329438
1,2714,409.043609
1,2715,333.281443
1,2716,307.464635
1,2717,260.225627
1,2718,492.377956
1,2719,80.229515
1,2720,592.980585
1,2721,385.955359
1,2722,107.126992
1,2723,462.201635
1,2724,383.732728
1,2725,482.413657
1,2726,140.011642
1,2727,261.452502
1,2728,146.165393
1,2729,390.274155
1,2730,263.828717
1,2731,151.679171
1,2732,331.935710
1,2733,20.749221
1,2734,290.196240
1,2735,69.966670
1,2736,134.913112
1,2737,245.688753
1,2738,218.967090
1,2739,246.207369
1,2740,6.086288
1,2741,189.278546
1,2742,61.191070
1,2743,297.218753
1,2744,6.086288
1,2745,226.742337
1,2746,71.760796
1,2747,293.397879
1,2748,103.800773
1,2749,71.787933
1,2750,221.823702
1,2751,275.052189
1,2752,173.264165
1,2753,225.369136
1,2754,354.022170
1,2755,74.822636
1,2756,473.484184
1,2757,450.469110
1,2758,104.130591
1,2759,140.730056
1,2760,264.874329
1,2761,25.865084
1,2762,451.092112
1,2763,94.221700
1,2764,473.927891
1,2765,469.533537
1,2766,77.553361
1,2767,407.618598
1,2768,387.970415
1,2769,88.034377
1,2770,305.653649
1,2771,77.772752
1,2772,97.289112
1,2773,449.439534
1,2774,80.747018
1,2775,24.284723
1,2776,391.263423
1,2777,84.276160
1,2778,311.081656
1,2779,144.171041
1,2780,80.632907
1,2781,358.517971
1,2782,354.527382
1,2783,104.339973
1,2784,508.148969
1,2785,439.081083
1,2786,78.400549
1,2787,358.789569
1,2788,365.563039
1,2789,368.578962
1,2790,310.011995
1,2791,301.778942
1,2792,263.221236
1,2793,507.025412
1,2794,82.120937
1,2795,419.425403
1,2796,76.419196
1,2797,20.335722
1,2798,305.076400
1,2799,73.768529
1,2800,145.692507
1,2801,253.253454
1,2802,212.913773
1,2803,372.289954
1,2804,137.012259
1,2805,173.914527
1,2806,245.486657
1,2807,199.709927
1,2808,183.998389
1,2809,602.241564
1,2810,108.629032
1,2811,134.080670
1,2812,416.677966
1,2813,691.581684
1,2814,323.416414
1,2815,53.636108
1,2816,323.926548
1,2817,65.890718
1,2818,439.903289
1,2819,246.342852
1,2820,428.438708
1,2821,181.290229
1,2822,385.832160
1,2823,69.058863
1,2824,231.984067
1,2825,302.788019
1,2826,16.237702
1,2827,395.669373
1,2828,87.863306
1,2829,184.189845
1,2830,428.174726
1,2831,401.006876
1,2832,188.801243
1,2833,79.073964
1,2834,409.481052
1,2835,267.507491
1,2836,17.996569
1,2837,332.137309
1,2838,408.988192
1,2839,87.832100
1,2840,339.400033
1,2841,79.920359
1,2842,471.971216
1,2843,88.682803
1,2844,422.079813
1,2845,158.120521
1,2846,281.722629
1,2847,320.964233
1,2848,179.245975
1,2849,257.360825
1,2850,81.130554
1,2851,432.856144
1,2852,79.618572
1,2853,198.713720
1,2854,132.636164
1,2855,138.559297
1,2856,472.908111
1,2857,94.155641
1,2858,329.672748
1,2859,496.770807
1,2860,14.692333
1,2861,470.589302
1,2862,76.793408
1,2863,83.943599
1,2864,398.156049
1,2865,76.106458
1,2866,19.652100
1,2867,292.090311
1,2868,333.111098
1,2869,73.998230
1,2870,275.471542
1,2871,349.163972
1,2872,403.960352
1,2873,331.339528
1,2874,53.636108
1,2875,340.499849
1,2876,86.410313
1,2877,101.616369
1,2878,360.905879
1,2879,317.488969
1,2880,84.668405
1,2881,420.762086
1,2882,169.433114
1,2883,80.160410
1,2884,203.444140
1,2885,395.081824
1,2886,119.597366
1,2887,261.002455
1,2888,430.677717
1,2889,71.224254
1,2890,211.223644
1,2891,251.543650
1,2892,388.453418
1,2893,78.554668
1,2894,287.447493
1,2895,378.622010
1,2896,73.680615
1,2897,84.339162
1,2898,385.472042
1,2899,476.138081
1,2900,96.653636
1,2901,100.408913
1,2902,197.693872
1,2903,230.826184
1,2904,77.368427
1,2905,144.860132
1,2906,380.682055
1,2907,76.218230
1,2908,22.588776
1,2909,257.018680
1,2910,509.973992
1,2911,247.425988
1,2912,449.720192
1,2913,136.423894
1,2914,317.344635
1,2915,431.591916
1,2916,125.498146
1,2917,466.049663
1,2918,78.612808
1,2919,191.553534
1,2920,439.688493
1,2921,183.223894
1,2922,353.444039
1,2923,83.883165
1,2924,433.056439
1,2925,317.168082
1,2926,129.279959
1,2927,215.829750
1,2928,289.291574
1,2929,91.257654
1,2930,470.271158
1,2931,85.419819
1,2932,412.568454
1,2933,283.976089
1,2934,454.543782
1,2935,595.861217
1,2936,90.143566
1,2937,348.540186
1,2938,281.508636
1,2939,519.299973
1,2940,330.566556
1,2941,195.021893
1,2942,374.580366
1,2943,78.561849
1,2944,387.124023
1,2945,88.831305
1,2946,431.961301
1,2947,381.450986
1,2948,71.321520
1,2949,391.357418
1,2950,83.481737
1,2951,388.206197
1,2952,84.733615
1,2953,516.117020
1,2954,318.881032
1,2955,11.047321
1,2956,295.493549
1,2957,246.210687
1,2958,390.049885
1,2959,80.442562
1,2960,357.158724
1,2961,74.076203
1,2962,276.634421
1,2963,76.635770
1,2964,270.702110
1,2965,557.720314
1,2966,65.352432
1,2967,448.839403
1,2968,316.218206
1,2969,474.814432
1,2970,67.178031
1,2971,440.741438
1,2972,357.679240
1,2973,66.694096
1,2974,164.244428
1,2975,564.601439
1,2976,323.620759
1,2977,61.807250
1,2978,166.164822
1,2979,1.004137
1,2980,443.767019
1,2981,66.859304
1,2982,287.840575
1,2983,281.261617
1,2984,263.496625
1,2985,292.731320
1,2986,272.824279
1,2987,19.765671
1,2988,137.778258
1,2989,235.946123
1,2990,73.367273
1,2991,214.031675
1,2992,185.714195
1,2993,192.896058
1,2994,308.486229
1,2995,511.921579
1,2996,93.842878
1,2997,205.248485
1,2998,290.577461
1,2999,219.324133
1,3000,256.488501
1,3001,80.717258
1,3002,156.791401
1,3003,183.507535
1,3004,78.174732
1,3005,24.817710
1,3006,330.277324
1,3007,79.441460
1,3008,188.761918
1,3009,466.864864
1,3010,24.631034
1,3011,276.979653
1,3012,97.534591
1,3013,272.680852
1,3014,79.387923
1,3015,219.334138
1,3016,72.079106
1,3017,343.504359
1,3018,171.636022
1,3019,253.251742
1,3020,384.925763
1,3021,83.460870
1,3022,50.100237
1,3023,306.919019
1,3024,81.047019
1,3025,150.584525
1,3026,144.305489
1,3027,242.664743
1,3028,219.718858
1,3029,72.911898
1,3030,256.409056
1,3031,101.113969
1,3032,240.271512
1,3033,220.105121
1,3034,88.343496
1,3035,445.037034
1,3036,74.411834
1,3037,197.305486
1,3038,73.819767
1,3039,278.384328
1,3040,182.023653
1,3041,226.182884
1,3042,72.345652
1,3043,151.708504
1,3044,176.838725
1,3045,317.224362
1,3046,74.152568
1,3047,302.497379
1,3048,69.998304
1,3049,294.649366
1,3050,299.924694
1,3051,278.953360
1,3052,146.296299
1,3053,90.751841
1,3054,17.591777
1,3055,329.530627
1,3056,67.518373
1,3057,449.908281
1,3058,270.188103
1,3059,307.375222
1,3060,74.986602
1,3061,255.370725
1,3062,135.287918
1,3063,215.624308
1,3064,291.371603
1,3065,290.960056
1,3066,353.422068
1,3067,63.999376
1,3068,79.781452
1,3069,350.432283
1,3070,410.706898
1,3071,503.610022
1,3072,378.097605
1,3073,456.981050
1,3074,323.197240
1,3075,46.370776
1,3076,346.065882
1,3077,64.019758
1,3078,397.714027
1,3079,234.206179
1,3080,325.472113
1,3081,133.205970
1,3082,130.549717
1,3083,257.403820
1,3084,55.352728
1,3085,193.824121
1,3086,465.212034
1,3087,72.568082
1,3088,421.249565
1,3089,65.528302
1,3090,172.169872
1,3091,404.516178
1,3092,406.329213
1,3093,338.168588
1,3094,202.589286
1,3095,79.219112
1,3096,142.043620
1,3097,66.199271
1,3098,203.592376
1,3099,289.667132
1,3100,395.998854
1,3101,179.276829
1,3102,434.586855
1,3103,89.812927
1,3104,133.342552
1,3105,183.909285
1,3106,256.930644
1,3107,64.499585
1,3108,232.760782
1,3109,63.865775
1,3110,117.185320
1,3111,66.378734
1,3112,207.620093
1,3113,319.826272
1,3114,327.801520
1,3115,369.213271
1,3116,299.343473
1,3117,155.501212
1,3118,117.132494
1,3119,285.001089
1,3120,350.336214
1,3121,376.724240
1,3122,63.028795
1,3123,366.203667
1,3124,7.110193
1,3125,307.301178
1,3126,234.128097
1,3127,60.701233
1,3128,185.200943
1,3129,324.966308
1,3130,240.622083
1,3131,314.207126
1,3132,356.813189
1,3133,378.944509
1,3134,418.219474
1,3135,69.814145
1,3136,123.424320
1,3137,345.856852
1,3138,132.553433
1,3139,219.802923
1,3140,142.955919
1,3141,103.200795
1,3142,352.496399
1,3143,47.903801
1,3144,318.709733
1,3145,256.503692
1,3146,226.817131
1,3147,329.255821
1,3148,431.533119
1,3149,56.615610
1,3150,211.224852
1,3151,110.851313
1,3152,298.794857
1,3153,62.012916
1,3154,275.955915
1,3155,124.571374
1,3156,366.513949
1,3157,263.289879
1,3158,64.915353
1,3159,404.040202
1,3160,373.716993
1,3161,357.722823
1,3162,429.580299
1,3163,368.646033
1,3164,64.742383
1,3165,242.039182
1,3166,60.361168
1,3167,238.608259
1,3168,335.803373
1,3169,65.282099
1,3170,167.618889
1,3171,291.436013
1,3172,120.042089
1,3173,162.076712
1,3174,62.087468
1,3175,604.626718
1,3176,58.720776
1,3177,329.495570
1,3178,117.407843
1,3179,256.802893
1,3180,65.530996
1,3181,162.701031
1,3182,331.915982
1,3183,336.087836
1,3184,64.245685
1,3185,12.694553
1,3186,290.532436
1,3187,60.697875
1,3188,313.875110
1,3189,62.146321
1,3190,173.548270
1,3191,480.590421
1,3192,63.213514
1,3193,352.170692
1,3194,59.396652
1,3195,266.505417
1,3196,179.198930
1,3197,196.568330
1,3198,235.606221
1,3199,259.106841
1,3200,136.257015
1,3201,194.110756
1,3202,351.507993
1,3203,56.522717
1,3204,170.145727
1,3205,192.040865
1,3206,240.005720
1,3207,154.225977
1,3208,61.359459
1,3209,289.087531
1,3210,228.000944
1,3211,59.818982
1,3212,187.987208
1,3213,180.109978
1,3214,263.069804
1,3215,115.897302
1,3216,52.264272
1,3217,320.417340
1,3218,151.651550
1,3219,167.889221
1,3220,206.498124
1,3221,243.898608
1,3222,208.900291
1,3223,315.318209
1,3224,106.503811
1,3225,151.951711
1,3226,54.915363
1,3227,159.812468
1,3228,52.401470
1,3229,218.042540
1,3230,48.408508
1,3231,52.861006
1,3232,258.632879
1,3233,288.313366
1,3234,330.250390
1,3235,288.527703
1,3236,146.188278
1,3237,285.593665
1,3238,48.822055
1,3239,287.662600
1,3240,120.599724
1,3241,173.596278
1,3242,256.212119
1,3243,437.851154
1,3244,221.124811
1,3245,283.574953
1,3246,413.167567
1,3247,208.075588
1,3248,429.415780
1,3249,365.118674
1,3250,304.862669
1,3251,221.071533
1,3252,52.581587
1,3253,298.993544
1,3254,55.782564
1,3255,233.206955
1,3256,322.679327
1,3257,281.182344
1,3258,52.284123
1,3259,326.056519
1,3260,281.353363
1,3261,252.027571
1,3262,271.838376
1,3263,361.625942
1,3264,110.225195
1,3265,60.456097
1,3266,74.057885
1,3267,267.048908
1,3268,212.833838
1,3269,293.564601
1,3270,239.031690
1,3271,360.272540
1,3272,251.103262
1,3273,156.418676
1,3274,472.060704
1,3275,64.397897
1,3276,291.867361
1,3277,332.566670
1,3278,346.630108
1,3279,333.826395
1,3280,349.654779
1,3281,60.621197
1,3282,232.311744
1,3283,401.692362
1,3284,108.671614
1,3285,232.063536
1,3286,440.009689
1,3287,383.211010
1,3288,352.386717
1,3289,310.921928
1,3290,106.895431
1,3291,350.513271
1,3292,277.108192
1,3293,326.741815
1,3294,63.914587
1,3295,164.913667
1,3296,236.969104
1,3297,327.801232
1,3298,324.637604
1,3299,55.290188
1,3300,407.722557
1,3301,79.392567
1,3302,456.894655
1,3303,536.395428
1,3304,450.654117
1,3305,52.071695
1,3306,4.154349
1,3307,298.876609
1,3308,54.167987
1,3309,256.678361
1,3310,187.658173
1,3311,272.052441
1,3312,141.060695
1,3313,322.749292
1,3314,237.317727
1,3315,178.207845
1,3316,45.389501
1,3317,162.696890
1,3318,287.436674
1,3319,109.756849
1,3320,191.923790
1,3321,231.992024
1,3322,152.498665
1,3323,75.342987
1,3324,297.704265
1,3325,381.979631
1,3326,232.598647
1,3327,155.711594
1,3328,129.417454
1,3329,113.834372
1,3330,217.007550
1,3331,254.190834
1,3332,58.176574
1,3333,282.490657
1,3334,56.063417
1,3335,168.211271
1,3336,1.576827
1,3337,112.750804
1,3338,236.217130
1,3339,306.944991
1,3340,226.501395
1,3341,305.302160
1,3342,200.250558
1,3343,113.764790
1,3344,252.787655
1,3345,286.691715
1,3346,154.265192
1,3347,231.585814
1,3348,246.735423
1,3349,337.733850
1,3350,214.616562
1,3351,221.863892
1,3352,58.908370
1,3353,415.018087
1,3354,6.986071
1,3355,258.217146
1,3356,57.843462
1,3357,178.758125
1,3358,144.441803
1,3359,309.545752
1,3360,56.061201
1,3361,201.390744
1,3362,649.254446
1,3363,545.146211
1,3364,362.054139
1,3365,363.861792
1,3366,6.875984
1,3367,420.434711
1,3368,381.548339
1,3369,411.848564
1,3370,328.263796
1,3371,268.223795
1,3372,52.449028
1,3373,61.405087
1,3374,450.421987
1,3375,270.000454
1,3376,405.343256
1,3377,499.292549
1,3378,494.346822
1,3379,409.949267
1,3380,365.049419
1,3381,86.272736
1,3382,369.927171
1,3383,243.372344
1,3384,544.691631
1,3385,482.004102
1,3386,379.853713
1,3387,459.101501
1,3388,75.639142
1,3389,353.471719
1,3390,335.376787
1,3391,394.171373
1,3392,501.682264
1,3393,248.617077
1,3394,221.436679
1,3395,476.805716
1,3396,16.890440
1,3397,177.684584
1,3398,342.158265
1,3399,370.608165
1,3400,365.703671
1,3401,268.613484
1,3402,354.629684
1,3403,343.211029
1,3404,93.264762
1,3405,86.962118
1,3406,525.165667
1,3407,132.403997
1,3408,383.269928
1,3409,443.630142
1,3410,64.598833
1,3411,395.156306
1,3412,75.822434
1,3413,168.018473
1,3414,147.328063
1,3415,269.328996
1,3416,294.689742
1,3417,173.551361
1,3418,325.009724
1,3419,43.998053
1,3420,274.551707
1,3421,322.476684
1,3422,55.439253
1,3423,76.813213
1,3424,546.681098
1,3425,336.649492
1,3426,63.241511
1,3427,418.055709
1,3428,284.504250
1,3429,405.262224
1,3430,62.709891
1,3431,226.464310
1,3432,66.339614
1,3433,388.528780
1,3434,173.467125
1,3435,363.957602
1,3436,333.306736
1,3437,371.328466
1,3438,281.807924
1,3439,564.996781
1,3440,317.247418
1,3441,518.501825
1,3442,371.004922
1,3443,556.390743
1,3444,67.611911
1,3445,208.904527
1,3446,106.423828
1,3447,439.418792
1,3448,530.889699
1,3449,80.864341
1,3450,230.162088
1,3451,69.362860
1,3452,212.804810
1,3453,181.634923
1,3454,189.849142
1,3455,74.741446
1,3456,344.873303
1,3457,71.854415
1,3458,332.117906
1,3459,65.832616
1,3460,79.474152
1,3461,417.480489
1,3462,262.027071
1,3463,387.315802
1,3464,266.441080
1,3465,101.780829
1,3466,171.142609
1,3467,251.391882
1,3468,382.059554
1,3469,61.849026
1,3470,423.546116
1,3471,61.248477
1,3472,63.151907
1,3473,455.366148
1,3474,116.116355
1,3475,373.693770
1,3476,362.018123
1,3477,73.918489
1,3478,278.078052
1,3479,288.848597
1,3480,14.263569
1,3481,217.295762
1,3482,76.255468
1,3483,386.371596
1,3484,476.318895
1,3485,407.779433
1,3486,469.530293
1,3487,248.287400
1,3488,299.081187
1,3489,316.133354
1,3490,294.806415
1,3491,367.826451
1,3492,309.613065
1,3493,250.991654
1,3494,81.742279
1,3495,230.641876
1,3496,277.578011
1,3497,358.663526
1,3498,73.565962
1,3499,208.462229
1,3500,385.805487
1,3501,83.840318
1,3502,506.531030
1,3503,130.513971
1,3504,333.550827
1,3505,319.056259
1,3506,177.251049
1,3507,70.006394
1,3508,267.692850
1,3509,65.973945
1,3510,294.598076
1,3511,207.946138
1,3512,274.893496
1,3513,277.643438
1,3514,52.521409
1,3515,230.792575
1,3516,411.613382
1,3517,301.428827
1,3518,264.430483
1,3519,106.948156
1,3520,202.907608
1,3521,308.988130
1,3522,372.452309
1,3523,399.727515
1,3524,9.341696
1,3525,222.064161
1,3526,350.677179
1,3527,66.074978
1,3528,261.962849
1,3529,61.079650
1,3530,71.674038
1,3531,338.637646
1,3532,32.941031
1,3533,147.355763
1,3534,70.769689
1,3535,213.225168
1,3536,181.382930
1,3537,51.396543
1,3538,169.628677
1,3539,224.460949
1,3540,78.257818
1,3541,346.048130
1,3542,84.552615
1,3543,97.600965
1,3544,395.764149
1,3545,64.061187
1,3546,429.695509
1,3547,488.964136
1,3548,182.582637
1,3549,522.719848
1,3550,72.847967
1,3551,318.842274
1,3552,282.383928
1,3553,468.073803
1,3554,262.141913
1,3555,236.856556
1,3556,325.740338
1,3557,190.886637
1,3558,318.346687
1,3559,71.574474
1,3560,586.803237
1,3561,63.931308
1,3562,70.024677
1,3563,505.642103
1,3564,479.831709
1,3565,191.586472
1,3566,322.717014
1,3567,263.819635
1,3568,578.772821
1,3569,65.886329
1,3570,270.287395
1,3571,118.012846
1,3572,331.613354
1,3573,295.970248
1,3574,178.513428
1,3575,295.888150
1,3576,296.238957
1,3577,196.425559
1,3578,371.383305
1,3579,252.486000
1,3580,497.247804
1,3581,342.572651
1,3582,513.718756
1,3583,437.103737
1,3584,336.258918
1,3585,68.968916
1,3586,345.315452
1,3587,321.813352
1,3588,393.815156
1,3589,405.831071
1,3590,63.549483
1,3591,385.741417
1,3592,340.305114
1,3593,361.381823
1,3594,413.073509
1,3595,516.455144
1,3596,246.315789
1,3597,326.501363
1,3598,363.264467
1,3599,115.459620
1,3600,409.560923
1,3601,258.671218
1,3602,162.325021
1,3603,221.209756
1,3604,44.793905
1,3605,130.626305
1,3606,287.707173
1,3607,233.640765
1,3608,263.311881
1,3609,57.479422
1,3610,4.281160
1,3611,61.873327
1,3612,153.095221
1,3613,283.106665
1,3614,226.668831
1,3615,61.910340
1,3616,175.907521
1,3617,63.992580
1,3618,299.411334
1,3619,139.087088
1,3620,234.294123
1,3621,3.876546
1,3622,215.501660
1,3623,75.831850
1,3624,277.181049
1,3625,65.835299
1,3626,176.607539
1,3627,15.570285
1,3628,309.791726
1,3629,219.478159
1,3630,261.555287
1,3631,239.931407
1,3632,71.576495
1,3633,169.340811
1,3634,70.183881
1,3635,291.840471
1,3636,408.328554
1,3637,4.646748
1,3638,248.946360
1,3639,145.608335
1,3640,71.614303
1,3641,127.093098
1,3642,66.657126
1,3643,76.252022
1,3644,13.375311
1,3645,268.922803
1,3646,64.893039
1,3647,130.280037
1,3648,245.093749
1,3649,299.005200
1,3650,65.957251
1,3651,211.791592
1,3652,77.731105
1,3653,249.723184
1,3654,70.829259
1,3655,186.713947
1,3656,77.484659
1,3657,65.873615
1,3658,267.423899
1,3659,122.535794
1,3660,293.486296
1,3661,183.299816
1,3662,72.621803
1,3663,241.979999
1,3664,284.998390
1,3665,316.752501
1,3666,399.179443
1,3667,135.154871
1,3668,67.628711
1,3669,137.262212
1,3670,305.442804
1,3671,375.724225
1,3672,253.582420
1,3673,64.697139
1,3674,233.000891
1,3675,57.943692
1,3676,242.170534
1,3677,249.306059
1,3678,169.340246
1,3679,316.550708
1,3680,63.550923
1,3681,282.031340
1,3682,1189.842263
1,3683,330.176944
1,3684,55.245530
1,3685,371.562286
1,3686,201.448178
1,3687,147.147380
1,3688,326.969514
1,3689,69.948971
1,3690,215.661174
1,3691,66.222499
1,3692,160.932156
1,3693,108.532691
1,3694,315.325200
1,3695,347.646813
1,3696,71.016224
1,3697,467.827056
1,3698,284.833449
1,3699,38.671761
1,3700,170.338319
1,3701,356.061932
1,3702,0.289566
1,3703,224.667435
1,3704,379.061705
1,3705,0.289566
1,3706,272.746246
1,3707,580.972389
1,3708,436.899908
1,3709,296.813362
1,3710,289.490284
1,3711,60.003760
1,3712,198.383792
1,3713,65.018061
1,3714,357.190613
1,3715,285.801933
1,3716,337.532243
1,3717,328.205202
1,3718,451.657650
1,3719,81.107929
1,3720,233.322593
1,3721,237.556890
1,3722,63.390054
1,3723,297.264954
1,3724,274.051461
1,3725,69.082544
1,3726,211.233377
1,3727,64.640371
1,3728,207.636728
1,3729,185.100403
1,3730,110.128687
1,3731,163.472809
1,3732,61.552074
1,3733,208.388719
1,3734,124.236678
1,3735,325.458593
1,3736,63.558083
1,3737,223.307985
1,3738,369.351059
1,3739,10.190094
1,3740,200.894340
1,3741,328.169400
1,3742,58.264812
1,3743,213.832750
1,3744,204.408516
1,3745,410.706446
1,3746,69.224643
1,3747,218.978839
1,3748,275.989514
1,3749,125.522217
1,3750,120.655734
1,3751,206.656324
1,3752,349.571177
1,3753,322.430122
1,3754,64.696773
1,3755,275.680917
1,3756,69.016868
1,3757,166.750674
1,3758,341.133524
1,3759,66.583151
1,3760,295.851242
1,3761,59.506466
1,3762,155.016398
1,3763,68.711606
1,3764,382.911014
1,3765,60.203030
1,3766,121.103780
1,3767,307.251725
1,3768,347.094361
1,3769,373.822725
1,3770,276.516859
1,3771,83.968612
1,3772,351.536188
1,3773,232.415850
1,3774,416.009763
1,3775,320.634020
1,3776,399.177321
1,3777,500.613076
1,3778,558.306489
1,3779,82.282447
1,3780,365.598670
1,3781,84.240854
1,3782,484.273367
1,3783,84.471518
1,3784,396.902675
1,3785,264.467465
1,3786,512.471651
1,3787,87.379147
1,3788,245.843399
1,3789,471.612140
1,3790,120.526769
1,3791,594.276728
1,3792,640.470782
1,3793,629.856569
1,3794,28.393795
1,3795,436.223387
1,3796,494.147231
1,3797,556.259320
1,3798,88.623113
1,3799,453.120197
1,3800,406.390775
1,3801,235.829163
1,3802,93.581498
1,3803,459.876950
1,3804,419.271551
1,3805,363.792918
1,3806,91.980604
1,3807,519.861873
1,3808,92.290061
1,3809,308.832661
1,3810,522.398618
1,3811,334.544101
1,3812,582.959436
1,3813,114.447034
1,3814,424.958714
1,3815,525.188742
1,3816,82.426342
1,3817,402.172575
1,3818,665.734748
1,3819,443.741620
1,3820,546.831255
1,3821,438.421787
1,3822,97.486800
1,3823,397.006138
1,3824,270.403360
1,3825,208.499055
1,3826,235.683443
1,3827,394.165570
1,3828,38.134359
1,3829,452.506613
1,3830,301.466894
1,3831,92.526679
1,3832,322.063895
1,3833,405.776953
1,3834,163.539778
1,3835,476.624832
1,3836,521.762310
1,3837,381.047602
1,3838,78.389731
1,3839,272.620904
1,3840,170.310153
1,3841,353.961570
1,3842,75.276283
1,3843,510.308899
1,3844,146.977552
1,3845,104.927049
1,3846,93.288964
1,3847,488.705225
1,3848,82.171401
1,3849,44.959607
1,3850,195.729491
1,3851,368.107637
1,3852,809.847045
1,3853,553.714783
1,3854,80.817725
1,3855,612.532234
1,3856,89.618703
1,3857,242.267417
1,3858,200.062135
1,3859,509.522629
1,3860,100.557295
1,3861,610.759531
1,3862,85.292517
1,3863,492.140382
1,3864,294.508582
1,3865,444.188801
1,3866,105.194472
1,3867,305.757083
1,3868,191.279890
1,3869,570.041360
1,3870,112.940001
1,3871,556.193033
1,3872,247.682180
1,3873,317.765684
1,3874,473.076659
1,3875,515.632308
1,3876,91.169215
1,3877,243.080306
1,3878,504.772167
1,3879,27.762757
1,3880,458.107263
1,3881,379.883661
1,3882,423.715008
1,3883,377.328023
1,3884,98.450870
1,3885,431.844268
1,3886,366.639849
1,3887,253.931419
1,3888,575.085115
1,3889,88.591463
1,3890,226.392971
1,3891,541.803124
1,3892,82.670669
1,3893,245.032184
1,3894,506.115250
1,3895,557.903074
1,3896,493.298850
1,3897,443.172824
1,3898,458.035156
1,3899,113.232367
1,3900,323.557074
1,3901,379.338629
1,3902,76.650345
1,3903,450.598335
1,3904,73.198828
1,3905,481.716200
1,3906,270.526090
1,3907,509.697233
1,3908,80.661221
1,3909,234.910076
1,3910,454.805512
1,3911,851.652988
1,3912,346.592800
1,3913,400.951354
1,3914,135.989622
1,3915,467.139638
1,3916,101.065721
1,3917,450.494647
1,3918,569.980855
1,3919,215.592231
1,3920,95.190831
1,3921,405.039108
1,3922,321.212039
1,3923,378.323314
1,3924,90.078047
1,3925,385.907949
1,3926,648.685289
1,3927,138.886991
1,3928,190.852918
1,3929,246.305760
1,3930,29.060894
1,3931,595.697914
1,3932,588.212027
1,3933,86.226992
1,3934,581.909059
1,3935,434.305224
1,3936,521.467685
1,3937,104.535209
1,3938,224.817486
1,3939,503.706678
1,3940,486.303934
1,3941,533.682345
1,3942,107.783244
1,3943,560.439500
1,3944,560.342703
1,3945,103.444680
1,3946,511.569795
1,3947,384.816785
1,3948,96.649440
1,3949,461.192008
1,3950,285.623287
1,3951,330.035126
1,3952,186.494615
1,3953,218.327583
1,3954,315.155921
1,3955,87.205713
1,3956,607.034168
1,3957,365.162243
1,3958,457.203155
1,3959,524.888068
1,3960,31.122402
1,3961,492.162716
1,3962,110.814440
1,3963,22.980371
1,3964,491.729014
1,3965,407.986907
1,3966,85.419035
1,3967,313.883236
1,3968,270.700235
1,3969,433.639328
1,3970,91.959234
1,3971,21.908428
1,3972,413.263985
1,3973,523.059751
1,3974,457.232482
1,3975,113.479643
1,3976,386.198618
1,3977,107.890030
1,3978,405.198383
1,3979,525.220726
1,3980,371.945388
1,3981,178.851191
1,3982,395.877217
1,3983,155.730686
1,3984,79.070143
1,3985,308.378866
1,3986,83.230209
1,3987,369.712859
1,3988,391.733404
1,3989,491.637951
1,3990,136.757470
1,3991,426.411341
1,3992,372.858811
1,3993,518.159177
1,3994,410.098165
1,3995,116.313088
1,3996,345.930986
1,3997,192.868892
1,3998,513.960506
1,3999,74.927002
1,4000,348.073625
1,4001,448.660825
1,4002,263.013298
1,4003,415.017187
1,4004,389.817852
1,4005,78.926342
1,4006,388.537251
1,4007,400.165309
1,4008,90.800658
1,4009,431.052311
1,4010,568.652111
1,4011,203.792186
1,4012,445.388680
1,4013,264.555024
1,4014,247.842358
1,4015,396.840024
1,4016,195.335105
1,4017,431.009672
1,4018,180.079310
1,4019,480.487104
1,4020,26.026195
1,4021,526.706508
1,4022,358.821068
1,4023,91.310479
1,4024,356.636866
1,4025,84.992002
1,4026,435.951073
1,4027,172.820602
1,4028,262.082147
1,4029,304.405203
1,4030,202.068184
1,4031,96.656722
1,4032,408.806041
1,4033,354.673291
1,4034,418.891201
1,4035,541.528798
1,4036,390.046230
1,4037,105.742492
1,4038,470.356642
1,4039,275.472151
1,4040,226.416587
1,4041,240.870107
1,4042,107.877597
1,4043,430.636817
1,4044,461.429941
1,4045,553.201402
1,4046,43.274372
1,4047,498.899153
1,4048,450.251238
1,4049,91.247011
1,4050,210.165816
1,4051,560.685015
1,4052,98.368438
1,4053,541.149851
1,4054,83.145123
1,4055,351.070683
1,4056,91.018815
1,4057,556.731374
1,4058,403.412202
1,4059,160.695728
1,4060,167.962922
1,4061,200.574484
1,4062,332.156149
1,4063,361.583355
1,4064,476.405237
1,4065,204.458264
1,4066,474.795504
1,4067,80.817796
1,4068,472.773006
1,4069,493.159320
1,4070,84.408647
1,4071,376.486340
1,4072,317.331244
1,4073,504.256862
1,4074,92.840102
1,4075,559.510537
1,4076,545.214709
1,4077,76.306962
1,4078,79.561902
1,4079,485.589163
1,4080,85.912811
1,4081,188.834149
1,4082,492.769888
1,4083,227.939996
1,4084,570.915676
1,4085,357.187305
1,4086,272.414314
1,4087,358.219644
1,4088,538.088212
1,4089,66.285895
1,4090,5.740196
1,4091,434.873047
1,4092,532.005225
1,4093,75.557388
1,4094,383.646898
1,4095,76.745627
1,4096,493.328783
1,4097,437.823072
1,4098,77.040131
1,4099,193.405230
1,4100,83.016677
1,4101,344.664851
1,4102,385.201956
1,4103,80.737311
1,4104,430.437483
1,4105,286.119474
1,4106,443.511112
1,4107,85.180195
1,4108,362.085147
1,4109,515.073566
1,4110,514.905244
1,4111,250.893093
1,4112,104.645214
1,4113,517.509236
1,4114,327.819533
1,4115,53.748264
1,4116,336.278758
1,4117,305.448487
1,4118,480.139601
1,4119,65.492169
1,4120,259.694568
1,4121,472.095936
1,4122,405.199264
1,4123,159.375978
1,4124,424.349475
1,4125,66.525816
1,4126,209.889566
1,4127,388.383004
1,4128,77.815955
1,4129,292.661044
1,4130,106.035943
1,4131,532.761582
1,4132,173.975542
1,4133,382.393857
1,4134,218.489228
1,4135,193.535322
1,4136,384.954437
1,4137,38.596703
1,4138,235.641161
1,4139,120.084890
1,4140,380.829126
1,4141,17.874323
1,4142,361.465813
1,4143,83.933633
1,4144,416.192452
1,4145,113.701372
1,4146,75.552941
1,4147,225.570808
1,4148,258.120732
1,4149,188.619486
1,4150,138.667907
1,4151,551.975206
1,4152,88.221109
1,4153,476.273508
1,4154,363.755816
1,4155,83.386389
1,4156,322.566197
1,4157,80.368738
1,4158,105.069559
1,4159,475.581377
1,4160,77.857338
1,4161,22.191480
1,4162,453.219113
1,4163,79.042069
1,4164,315.477281
1,4165,141.909174
1,4166,82.575686
1,4167,350.271791
1,4168,384.915140
1,4169,325.946281
1,4170,309.129240
1,4171,271.319409
1,4172,490.512665
1,4173,81.533456
1,4174,593.887685
1,4175,393.906950
1,4176,127.165212
1,4177,448.542471
1,4178,369.796222
1,4179,471.278850
1,4180,140.011642
1,4181,250.816010
1,4182,160.331236
1,4183,388.020161
1,4184,287.103917
1,4185,152.941496
1,4186,326.075821
1,4187,22.580287
1,4188,307.627079
1,4189,69.966670
1,4190,134.913112
1,4191,247.020437
1,4192,193.210770
1,4193,246.207369
1,4194,6.086288
1,4195,189.278546
1,4196,61.191070
1,4197,297.218753
1,4198,6.086288
1,4199,226.742337
1,4200,71.760796
1,4201,296.421911
1,4202,105.035355
1,4203,71.787933
1,4204,221.726622
1,4205,262.946543
1,4206,178.103577
1,4207,183.282272
1,4208,323.008122
1,4209,74.822636
1,4210,430.515651
1,4211,408.388616
1,4212,106.017143
1,4213,140.730056
1,4214,274.047129
1,4215,25.865084
1,4216,452.853819
1,4217,99.118412
1,4218,499.214760
1,4219,456.221053
1,4220,77.553361
1,4221,376.777198
1,4222,381.264964
1,4223,88.034377
1,4224,295.835202
1,4225,78.993462
1,4226,97.289112
1,4227,491.386705
1,4228,80.747018
1,4229,25.963200
1,4230,407.807788
1,4231,84.276160
1,4232,326.217974
1,4233,144.171041
1,4234,92.613707
1,4235,374.313264
1,4236,349.513803
1,4237,117.409816
1,4238,511.234471
1,4239,449.564283
1,4240,79.662874
1,4241,385.371969
1,4242,383.147283
1,4243,345.628795
1,4244,298.502243
1,4245,317.130249
1,4246,263.421854
1,4247,509.854356
1,4248,82.120937
1,4249,429.090853
1,4250,76.419196
1,4251,20.335722
1,4252,324.012569
1,4253,75.183443
1,4254,149.659815
1,4255,257.512069
1,4256,203.068082
1,4257,351.350526
1,4258,138.205226
1,4259,161.406739
1,4260,234.386189
1,4261,186.827534
1,4262,197.353928
1,4263,573.917766
1,4264,105.538555
1,4265,137.569528
1,4266,410.212687
1,4267,629.076580
1,4268,323.416414
1,4269,53.636108
1,4270,323.926548
1,4271,65.890718
1,4272,443.107654
1,4273,247.924227
1,4274,430.685924
1,4275,181.290229
1,4276,387.751894
1,4277,69.058863
1,4278,215.496641
1,4279,302.788019
1,4280,16.237702
1,4281,463.501076
1,4282,101.619503
1,4283,201.607810
1,4284,467.300297
1,4285,404.058652
1,4286,188.801243
1,4287,79.073964
1,4288,396.792590
1,4289,257.731136
1,4290,17.996569
1,4291,334.634216
1,4292,438.378592
1,4293,91.535846
1,4294,357.932833
1,4295,82.542112
1,4296,496.868816
1,4297,91.859423
1,4298,401.417729
1,4299,158.120521
1,4300,267.773181
1,4301,320.964233
1,4302,179.245975
1,4303,269.653625
1,4304,93.077287
1,4305,459.313744
1,4306,81.810301
1,4307,186.787954
1,4308,132.636164
1,4309,146.313581
1,4310,451.760676
1,4311,98.941380
1,4312,330.580482
1,4313,514.367267
1,4314,14.692333
1,4315,524.378102
1,4316,76.793408
1,4317,99.821532
1,4318,409.186614
1,4319,76.106458
1,4320,21.760600
1,4321,278.875564
1,4322,352.358450
1,4323,86.922351
1,4324,288.347498
1,4325,414.594282
1,4326,452.640240
1,4327,331.339528
1,4328,53.636108
1,4329,341.997993
1,4330,86.410313
1,4331,101.616369
1,4332,352.641880
1,4333,337.519369
1,4334,86.235908
1,4335,435.862886
1,4336,169.433114
1,4337,95.822810
1,4338,224.285740
1,4339,405.017410
1,4340,112.781486
1,4341,261.002455
1,4342,453.744592
1,4343,71.224254
1,4344,232.682693
1,4345,275.498791
1,4346,403.305798
1,4347,78.554668
1,4348,315.666664
1,4349,398.902010
1,4350,73.680615
1,4351,84.339162
1,4352,380.222485
1,4353,505.902881
1,4354,96.653636
1,4355,115.628598
1,4356,217.537072
1,4357,230.826184
1,4358,79.379824
1,4359,145.900510
1,4360,395.666193
1,4361,76.218230
1,4362,24.822121
1,4363,248.588084
1,4364,482.239651
1,4365,240.007755
1,4366,437.586417
1,4367,139.489541
1,4368,324.257209
1,4369,434.836308
1,4370,126.344320
1,4371,453.499873
1,4372,78.612808
1,4373,191.553534
1,4374,428.733429
1,4375,183.223894
1,4376,341.448936
1,4377,83.883165
1,4378,473.805181
1,4379,342.689682
1,4380,136.077096
1,4381,216.856257
1,4382,284.842159
1,4383,96.834080
1,4384,459.538857
1,4385,89.068078
1,4386,447.789707
1,4387,277.210189
1,4388,461.179148
1,4389,573.008469
1,4390,93.112111
1,4391,348.540186
1,4392,288.111569
1,4393,555.429573
1,4394,347.791541
1,4395,197.130393
1,4396,373.553859
1,4397,80.462273
1,4398,425.936823
1,4399,93.617044
1,4400,431.961301
1,4401,384.044996
1,4402,72.514486
1,4403,416.567018
1,4404,87.351943
1,4405,397.441465
1,4406,89.117075
1,4407,562.729820
1,4408,339.535432
1,4409,11.047321
1,4410,296.811361
1,4411,248.222084
1,4412,406.398345
1,4413,92.375424
1,4414,353.635968
1,4415,76.808930
1,4416,276.059199
1,4417,78.508451
1,4418,259.775220
1,4419,547.416653
1,4420,66.892192
1,4421,488.000493
1,4422,323.953982
1,4423,456.234702
1,4424,67.178031
1,4425,427.304472
1,4426,367.474442
1,4427,66.966328
1,4428,164.499321
1,4429,575.590480
1,4430,332.031318
1,4431,78.957118
1,4432,166.164822
1,4433,1.004137
1,4434,468.491971
1,4435,67.147142
1,4436,305.486198
1,4437,282.002020
1,4438,285.338722
1,4439,293.508136
1,4440,257.652092
1,4441,20.008425
1,4442,138.099041
1,4443,265.472112
1,4444,73.367273
1,4445,229.873036
1,4446,186.414716
1,4447,204.086806
1,4448,310.382459
1,4449,508.760191
1,4450,107.165539
1,4451,217.489674
1,4452,291.269313
1,4453,220.995674
1,4454,243.886943
1,4455,71.455799
1,4456,157.500592
1,4457,176.088735
1,4458,78.526726
1,4459,24.817710
1,4460,329.433224
1,4461,79.441460
1,4462,189.028948
1,4463,480.189576
1,4464,24.631034
1,4465,290.143492
1,4466,98.802118
1,4467,273.651872
1,4468,79.691366
1,4469,219.334138
1,4470,72.382550
1,4471,334.059599
1,4472,171.974145
1,4473,253.960933
1,4474,367.425861
1,4475,91.614667
1,4476,50.100237
1,4477,318.196374
1,4478,81.581080
1,4479,142.566090
1,4480,136.761912
1,4481,243.566404
1,4482,220.036173
1,4483,73.170259
1,4484,226.393817
1,4485,101.811022
1,4486,228.465571
1,4487,220.105121
1,4488,97.991424
1,4489,428.859851
1,4490,74.411834
1,4491,210.572750
1,4492,73.819767
1,4493,292.632789
1,4494,182.309757
1,4495,226.474190
1,4496,72.345652
1,4497,152.228693
1,4498,177.350244
1,4499,306.205480
1,4500,74.152568
1,4501,302.809492
1,4502,70.332959
1,4503,310.705535
1,4504,300.254147
1,4505,279.468347
1,4506,146.296299
1,4507,105.821680
1,4508,28.430417
1,4509,352.568524
1,4510,67.780202
1,4511,456.358159
1,4512,282.160800
1,4513,276.654691
1,4514,75.671518
1,4515,244.434892
1,4516,135.287918
1,4517,222.046261
1,4518,286.287590
1,4519,277.328795
1,4520,370.622040
1,4521,73.803271
1,4522,79.781452
1,4523,350.746085
1,4524,425.726214
1,4525,523.042263
1,4526,400.242069
1,4527,459.324869
1,4528,311.273865
1,4529,46.370776
1,4530,337.224496
1,4531,64.865932
1,4532,382.101843
1,4533,235.321117
1,4534,327.443630
1,4535,134.782143
1,4536,130.823684
1,4537,258.626264
1,4538,55.702988
1,4539,195.056969
1,4540,438.840815
1,4541,73.421192
1,4542,387.270702
1,4543,66.058895
1,4544,174.524594
1,4545,398.925837
1,4546,407.624483
1,4547,339.909487
1,4548,204.106505
1,4549,80.238682
1,4550,143.083998
1,4551,66.199271
1,4552,204.105630
1,4553,290.537581
1,4554,392.008949
1,4555,180.308537
1,4556,440.719916
1,4557,79.372986
1,4558,133.342552
1,4559,184.973939
1,4560,257.620761
1,4561,64.499585
1,4562,234.099402
1,4563,63.865775
1,4564,117.409001
1,4565,66.378734
1,4566,207.914867
1,4567,301.698675
1,4568,328.991019
1,4569,359.206775
1,4570,300.347438
1,4571,147.604246
1,4572,117.132494
1,4573,298.434950
1,4574,350.636189
1,4575,377.242695
1,4576,63.028795
1,4577,342.718204
1,4578,7.110193
1,4579,293.995902
1,4580,234.511303
1,4581,60.701233
1,4582,176.977902
1,4583,325.209063
1,4584,241.464789
1,4585,315.212824
1,4586,347.584879
1,4587,362.768901
1,4588,406.429274
1,4589,69.814145
1,4590,123.876884
1,4591,346.229654
1,4592,142.440558
1,4593,231.699099
1,4594,143.288839
1,4595,103.200795
1,4596,365.354653
1,4597,47.903801
1,4598,321.581981
1,4599,242.955707
1,4600,227.276632
1,4601,330.230308
1,4602,425.469848
1,4603,56.615610
1,4604,211.975658
1,4605,110.851313
1,4606,299.495379
1,4607,62.012916
1,4608,276.720593
1,4609,125.391539
1,4610,334.638871
1,4611,264.226219
1,4612,65.350578
1,4613,394.900438
1,4614,351.375991
1,4615,359.375290
1,4616,419.984753
1,4617,359.608505
1,4618,65.108249
1,4619,242.394644
1,4620,60.612593
1,4621,239.022677
1,4622,336.431068
1,4623,65.282099
1,4624,167.618889
1,4625,282.127941
1,4626,120.329927
1,4627,162.288255
1,4628,62.087468
1,4629,687.547774
1,4630,58.984338
1,4631,318.776597
1,4632,118.009529
1,4633,257.134080
1,4634,65.530996
1,4635,163.018347
1,4636,332.233297
1,4637,336.982561
1,4638,64.245685
1,4639,13.018804
1,4640,290.894834
1,4641,60.697875
1,4642,325.894579
1,4643,62.527793
1,4644,192.941116
1,4645,544.095341
1,4646,63.213514
1,4647,352.827864
1,4648,59.396652
1,4649,266.850476
1,4650,180.319070
1,4651,197.785572
1,4652,237.142512
1,4653,260.431589
1,4654,137.788105
1,4655,194.296290
1,4656,371.223583
1,4657,56.522717
1,4658,170.145727
1,4659,192.529843
1,4660,240.309164
1,4661,154.548494
1,4662,61.746133
1,4663,290.231947
1,4664,228.287048
1,4665,59.818982
1,4666,188.252505
1,4667,163.344709
1,4668,263.335101
1,4669,115.897302
1,4670,52.264272
1,4671,306.659613
1,4672,151.963664
1,4673,168.248151
1,4674,207.077268
1,4675,244.723975
1,4676,209.240148
1,4677,315.808921
1,4678,106.503811
1,4679,151.951711
1,4680,54.915363
1,4681,160.202609
1,4682,52.401470
1,4683,203.717966
1,4684,48.408508
1,4685,63.956182
1,4686,259.120123
1,4687,270.333270
1,4688,322.942677
1,4689,288.975065
1,4690,146.562814
1,4691,285.956063
1,4692,49.099489
1,4693,260.639320
1,4694,109.391772
1,4695,193.354877
1,4696,248.978717
1,4697,488.725786
1,4698,222.465165
1,4699,284.218253
1,4700,414.906733
1,4701,221.800256
1,4702,472.992763
1,4703,397.655537
1,4704,323.699117
1,4705,221.283077
1,4706,52.581587
1,4707,299.690597
1,4708,55.782564
1,4709,233.765291
1,4710,324.193077
1,4711,282.132556
1,4712,52.284123
1,4713,326.805591
1,4714,282.279299
1,4715,243.976577
1,4716,261.164463
1,4717,343.973315
1,4718,110.225195
1,4719,74.116631
1,4720,83.111382
1,4721,259.330562
1,4722,213.627993
1,4723,294.759302
1,4724,239.616035
1,4725,348.211774
1,4726,240.255839
1,4727,156.966608
1,4728,440.095776
1,4729,64.897278
1,4730,269.014681
1,4731,347.747912
1,4732,359.030777
1,4733,335.168482
1,4734,350.010242
1,4735,60.621197
1,4736,232.311744
1,4737,402.949485
1,4738,109.181399
1,4739,232.063536
1,4740,458.941686
1,4741,384.067588
1,4742,352.731776
1,4743,311.606844
1,4744,107.228352
1,4745,351.870964
1,4746,277.694272
1,4747,327.050460
1,4748,63.914587
1,4749,164.913667
1,4750,237.662690
1,4751,328.527763
1,4752,303.332696
1,4753,55.817313
1,4754,371.250595
1,4755,70.710274
1,4756,404.534651
1,4757,436.887316
1,4758,403.558345
1,4759,52.071695
1,4760,4.154349
1,4761,285.722166
1,4762,54.459293
1,4763,248.635493
1,4764,211.124359
1,4765,287.951159
1,4766,141.719601
1,4767,323.815680
1,4768,238.775990
1,4769,179.187535
1,4770,45.389501
1,4771,163.562137
1,4772,287.774796
1,4773,110.037751
1,4774,192.190820
1,4775,231.992024
1,4776,152.776099
1,4777,76.740561
1,4778,297.704265
1,4779,381.979631
1,4780,232.851805
1,4781,156.096533
1,4782,130.208141
1,4783,113.834372
1,4784,218.136360
1,4785,255.120238
1,4786,58.176574
1,4787,274.418402
1,4788,56.063417
1,4789,168.211271
1,4790,1.576827
1,4791,112.750804
1,4792,237.966699
1,4793,315.225752
1,4794,227.080539
1,4795,306.054700
1,4796,200.826234
1,4797,114.092509
1,4798,253.737867
1,4799,287.125206
1,4800,154.535691
1,4801,223.082119
1,4802,237.231413
1,4803,338.453445
1,4804,215.395112
1,4805,222.869591
1,4806,59.277704
1,4807,416.859556
1,4808,7.544407
1,4809,259.318212
1,4810,57.843462
1,4811,179.448242
1,4812,144.655081
1,4813,310.187318
1,4814,56.061201
1,4815,201.390744
1,4816,644.854908
1,4817,567.049055
1,4818,351.437242
1,4819,364.812004
1,4820,6.875984
1,4821,421.329436
1,4822,372.120806
1,4823,413.296423
1,4824,341.194830
1,4825,268.879233
1,4826,52.449028
1,4827,61.911404
1,4828,459.356112
1,4829,270.710971
1,4830,401.514224
1,4831,457.849100
1,4832,438.601658
1,4833,406.839738
1,4834,391.819700
1,4835,86.272736
1,4836,394.463144
1,4837,244.052057
1,4838,548.579177
1,4839,430.141927
1,4840,336.476272
1,4841,387.561657
1,4842,64.958044
1,4843,344.387510
1,4844,336.786499
1,4845,396.314551
1,4846,504.441000
1,4847,249.607170
1,4848,222.352212
1,4849,411.623872
1,4850,16.890440
1,4851,178.421518
1,4852,305.426595
1,4853,371.402320
1,4854,366.534240
1,4855,269.430181
1,4856,355.446380
1,4857,333.991616
1,4858,82.230138
1,4859,87.591546
1,4860,494.473038
1,4861,132.735184
1,4862,352.833313
1,4863,426.934640
1,4864,64.801707
1,4865,396.226162
1,4866,75.822434
1,4867,168.316715
1,4868,148.042456
1,4869,257.921730
1,4870,283.544440
1,4871,173.551361
1,4872,342.993675
1,4873,44.240808
1,4874,275.730802
1,4875,343.091907
1,4876,55.642126
1,4877,90.621225
1,4878,520.683938
1,4879,363.100610
1,4880,63.241511
1,4881,430.718615
1,4882,293.616860
1,4883,411.033182
1,4884,62.709891
1,4885,238.379628
1,4886,66.570231
1,4887,390.070273
1,4888,174.228335
1,4889,387.008090
1,4890,316.985339
1,4891,343.721248
1,4892,273.449928
1,4893,486.017487
1,4894,332.253554
1,4895,521.416618
1,4896,372.588031
1,4897,570.216480
1,4898,67.611911
1,4899,209.188897
1,4900,83.442721
1,4901,415.640584
1,4902,485.522417
1,4903,81.100160
1,4904,230.971849
1,4905,80.329768
1,4906,213.023290
1,4907,192.570778
1,4908,190.660637
1,4909,74.741446
1,4910,345.601567
1,4911,72.133583
1,4912,318.677358
1,4913,66.090977
1,4914,79.983937
1,4915,399.569978
1,4916,263.357021
1,4917,373.620861
1,4918,265.741557
1,4919,102.068667
1,4920,171.818854
1,4921,252.057724
1,4922,383.425917
1,4923,61.849026
1,4924,397.431546
1,4925,61.638619
1,4926,63.649555
1,4927,441.695233
1,4928,116.700701
1,4929,374.033627
1,4930,355.279150
1,4931,74.577395
1,4932,278.365890
1,4933,289.767598
1,4934,14.263569
1,4935,218.899678
1,4936,65.979981
1,4937,375.455109
1,4938,464.518790
1,4939,380.409609
1,4940,479.975777
1,4941,249.071151
1,4942,299.925627
1,4943,317.253494
1,4944,284.434030
1,4945,351.231474
1,4946,310.873657
1,4947,240.447810
1,4948,82.421993
1,4949,222.025474
1,4950,256.264682
1,4951,372.573955
1,4952,74.039334
1,4953,208.462229
1,4954,386.346483
1,4955,73.296248
1,4956,478.605353
1,4957,131.237033
1,4958,322.107238
1,4959,308.782778
1,4960,178.022662
1,4961,70.006394
1,4962,322.149294
1,4963,66.211498
1,4964,295.815318
1,4965,207.946138
1,4966,295.780542
1,4967,298.040067
1,4968,52.521409
1,4969,231.345709
1,4970,412.952002
1,4971,312.113303
1,4972,281.143846
1,4973,107.393785
1,4974,193.909984
1,4975,310.314613
1,4976,374.266034
1,4977,402.040622
1,4978,9.341696
1,4979,223.075062
1,4980,352.033138
1,4981,66.074978
1,4982,281.936368
1,4983,61.079650
1,4984,72.242778
1,4985,317.450602
1,4986,33.265282
1,4987,148.978753
1,4988,71.080068
1,4989,213.859799
1,4990,182.275921
1,4991,35.305786
1,4992,169.628677
1,4993,225.681660
1,4994,79.027698
1,4995,361.527319
1,4996,84.904610
1,4997,99.015879
1,4998,445.828975
1,4999,64.378502
1,5000,394.293402
1,5001,451.972484
1,5002,183.492968
1,5003,492.298103
1,5004,73.262385
1,5005,303.751719
1,5006,284.449079
1,5007,471.106505
1,5008,277.056081
1,5009,252.692670
1,5010,326.127012
1,5011,192.063998
1,5012,319.414808
1,5013,71.961148
1,5014,571.069994
1,5015,64.234751
1,5016,70.024677
1,5017,538.868947
1,5018,503.011994
1,5019,192.434380
1,5020,303.040138
1,5021,265.212008
1,5022,572.797563
1,5023,66.070130
1,5024,297.321124
1,5025,118.621467
1,5026,358.251717
1,5027,296.897918
1,5028,179.494852
1,5029,296.290429
1,5030,297.300142
1,5031,196.640570
1,5032,373.915764
1,5033,265.235037
1,5034,518.239183
1,5035,357.205712
1,5036,538.401776
1,5037,445.514206
1,5038,335.163506
1,5039,68.968916
1,5040,335.773499
1,5041,315.485034
1,5042,375.290889
1,5043,410.595945
1,5044,63.549483
1,5045,375.707132
1,5046,350.797528
1,5047,362.238401
1,5048,403.847002
1,5049,500.908988
1,5050,247.396049
1,5051,305.103002
1,5052,348.850045
1,5053,129.056020
1,5054,371.806259
1,5055,266.318901
1,5056,173.143125
1,5057,244.946463
1,5058,44.793905
1,5059,143.475730
1,5060,288.936553
1,5061,234.427985
1,5062,263.762711
1,5063,57.860894
1,5064,4.281160
1,5065,61.873327
1,5066,139.292502
1,5067,260.162199
1,5068,250.731318
1,5069,62.218985
1,5070,176.373957
1,5071,78.166186
1,5072,299.747723
1,5073,139.087088
1,5074,234.294123
1,5075,3.876546
1,5076,215.501660
1,5077,76.554913
1,5078,277.397794
1,5079,66.100595
1,5080,176.862432
1,5081,15.570285
1,5082,297.313346
1,5083,197.428009
1,5084,243.099971
1,5085,254.864375
1,5086,71.843526
1,5087,169.677199
1,5088,70.691932
1,5089,292.705718
1,5090,408.961450
1,5091,4.646748
1,5092,249.920847
1,5093,147.014579
1,5094,71.614303
1,5095,127.458964
1,5096,66.657126
1,5097,76.583209
1,5098,13.375311
1,5099,269.267862
1,5100,64.893039
1,5101,130.280037
1,5102,246.049163
1,5103,299.953678
1,5104,66.241621
1,5105,212.327386
1,5106,78.008539
1,5107,250.156675
1,5108,70.829259
1,5109,187.504635
1,5110,64.640300
1,5111,66.133710
1,5112,267.683993
1,5113,122.535794
1,5114,279.059464
1,5115,184.191073
1,5116,64.644780
1,5117,231.559131
1,5118,285.823757
1,5119,305.647035
1,5120,388.054722
1,5121,135.154871
1,5122,68.311893
1,5123,137.262212
1,5124,295.625174
1,5125,367.451238
1,5126,246.808564
1,5127,64.697139
1,5128,233.798515
1,5129,57.943692
1,5130,242.706329
1,5131,239.179783
1,5132,154.467830
1,5133,317.325790
1,5134,63.550923
1,5135,267.353333
1,5136,1285.836834
1,5137,343.492737
1,5138,55.566313
1,5139,371.825848
1,5140,201.801907
1,5141,159.717637
1,5142,349.002256
1,5143,69.948971
1,5144,215.661174
1,5145,66.775633
1,5146,181.855683
1,5147,121.418825
1,5148,317.015814
1,5149,349.399850
1,5150,71.555487
1,5151,439.720525
1,5152,302.775716
1,5153,38.926653
1,5154,190.989569
1,5155,370.851345
1,5156,0.289566
1,5157,242.876642
1,5158,395.520539
1,5159,0.289566
1,5160,289.055891
1,5161,568.972788
1,5162,424.040283
1,5163,322.819010
1,5164,290.405817
1,5165,60.425113
1,5166,199.720678
1,5167,65.505305
1,5168,358.867355
1,5169,270.073460
1,5170,313.459374
1,5171,310.632496
1,5172,409.859351
1,5173,82.356382
1,5174,233.322593
1,5175,238.442946
1,5176,63.390054
1,5177,298.223835
1,5178,274.339298
1,5179,69.082544
1,5180,211.233377
1,5181,64.640371
1,5182,207.926300
1,5183,176.268922
1,5184,110.459875
1,5185,163.817868
1,5186,61.867656
1,5187,195.816569
1,5188,124.599077
1,5189,317.359026
1,5190,63.558083
1,5191,224.943112
1,5192,370.804121
1,5193,10.190094
1,5194,201.234197
1,5195,328.561275
1,5196,58.514502
1,5197,214.261038
1,5198,204.737969
1,5199,411.483262
1,5200,69.774309
1,5201,206.978739
1,5202,276.790605
1,5203,125.522217
1,5204,120.952242
1,5205,226.345451
1,5206,350.611555
1,5207,322.698887
1,5208,64.696773
1,5209,275.925406
1,5210,62.256679
1,5211,167.315946
1,5212,341.754283
1,5213,66.583151
1,5214,296.149484
1,5215,59.506466
1,5216,155.273025
1,5217,68.711606
1,5218,397.320688
1,5219,60.203030
1,5220,121.103780
1,5221,308.118706
1,5222,347.964810
1,5223,364.462725
1,5224,576.294063
1,5225,2.817475
1,5226,349.039348
1,5227,217.253512
1,5228,346.411713
1,5229,79.541617
1,5230,314.593573
1,5231,472.693269
1,5232,94.161671
1,5233,485.961786
1,5234,425.620632
1,5235,227.689978
1,5236,358.492141
1,5237,82.398973
1,5238,341.850972
1,5239,161.597037
1,5240,82.921652
1,5241,203.297175
1,5242,220.282288
1,5243,273.486239
1,5244,468.879426
1,5245,463.700978
1,5246,465.505806
1,5247,112.830835
1,5248,570.455502
1,5249,92.302487
1,5250,299.182424
1,5251,84.565843
1,5252,95.160493
1,5253,277.356715
1,5254,201.310992
1,5255,86.768604
1,5256,411.171164
1,5257,109.245601
1,5258,220.819167
1,5259,815.432776
1,5260,372.985174
1,5261,214.943212
1,5262,108.997024
1,5263,567.413336
1,5264,326.784919
1,5265,403.775607
1,5266,90.141197
1,5267,534.748888
1,5268,369.658425
1,5269,276.276841
1,5270,210.057249
1,5271,354.961271
1,5272,343.689639
1,5273,237.657214
1,5274,190.862252
1,5275,411.856417
1,5276,352.444229
1,5277,79.026789
1,5278,240.242126
1,5279,280.848377
1,5280,329.552409
1,5281,371.156332
1,5282,300.722929
1,5283,89.546806
1,5284,409.756727
1,5285,81.641729
1,5286,95.691931
1,5287,265.690406
1,5288,84.283650
1,5289,318.733239
1,5290,357.691627
1,5291,56.647918
1,5292,184.601102
1,5293,196.974722
1,5294,73.477025
1,5295,242.361493
1,5296,167.954914
1,5297,281.155382
1,5298,80.726469
1,5299,510.316276
1,5300,187.670636
1,5301,92.187310
1,5302,384.138563
1,5303,303.486511
1,5304,83.000778
1,5305,43.795189
1,5306,309.163900
1,5307,246.719798
1,5308,343.645414
1,5309,286.267565
1,5310,198.779396
1,5311,396.825878
1,5312,282.540477
1,5313,24.861170
1,5314,227.023972
1,5315,224.727870
1,5316,432.744396
1,5317,156.706780
1,5318,514.403177
1,5319,304.728373
1,5320,89.236144
1,5321,189.021071
1,5322,87.419486
1,5323,188.949375
1,5324,385.734010
1,5325,481.539990
1,5326,341.671815
1,5327,100.008751
1,5328,256.706524
1,5329,29.623188
1,5330,499.608318
1,5331,89.135739
1,5332,298.624931
1,5333,288.175629
1,5334,284.640583
1,5335,161.094774
1,5336,317.210805
1,5337,454.351743
1,5338,84.047754
1,5339,26.054588
1,5340,390.317757
1,5341,89.354520
1,5342,215.720657
1,5343,322.562045
1,5344,80.721750
1,5345,443.547769
1,5346,84.096703
1,5347,446.667346
1,5348,269.770336
1,5349,259.349949
1,5350,138.004076
1,5351,342.467497
1,5352,28.036238
1,5353,441.936612
1,5354,164.344940
1,5355,241.813446
1,5356,282.200178
1,5357,94.123525
1,5358,488.630409
1,5359,74.159204
1,5360,267.704910
1,5361,328.582801
1,5362,149.545698
1,5363,561.551461
1,5364,84.091256
1,5365,286.662362
1,5366,369.611994
1,5367,125.032553
1,5368,177.921155
1,5369,393.334042
1,5370,176.198858
1,5371,80.590878
1,5372,313.219087
1,5373,317.173131
1,5374,111.290100
1,5375,142.191652
1,5376,82.515074
1,5377,282.207203
1,5378,367.951926
1,5379,226.465049
1,5380,481.628980
1,5381,182.466816
1,5382,448.658286
1,5383,430.145955
1,5384,420.591580
1,5385,361.292709
1,5386,83.168292
1,5387,214.260898
1,5388,243.186766
1,5389,324.582905
1,5390,88.759744
1,5391,377.110441
1,5392,162.415229
1,5393,410.737966
1,5394,345.431184
1,5395,207.907684
1,5396,95.622871
1,5397,125.366030
1,5398,449.409594
1,5399,358.115422
1,5400,82.209609
1,5401,356.825678
1,5402,96.553351
1,5403,436.232053
1,5404,457.526075
1,5405,88.705107
1,5406,395.761451
1,5407,98.612768
1,5408,370.576914
1,5409,85.061601
1,5410,281.418787
1,5411,55.790781
1,5412,554.568704
1,5413,82.408967
1,5414,221.661341
1,5415,233.007224
1,5416,181.072281
1,5417,195.731398
1,5418,428.189098
1,5419,80.026326
1,5420,414.425026
1,5421,245.229662
1,5422,455.341490
1,5423,271.376937
1,5424,228.789243
1,5425,202.738021
1,5426,158.636261
1,5427,365.550306
1,5428,548.107055
1,5429,106.925091
1,5430,427.124990
1,5431,89.124512
1,5432,161.558213
1,5433,416.127938
1,5434,148.227843
1,5435,165.100857
1,5436,174.742889
1,5437,179.691373
1,5438,274.481271
1,5439,37.322031
1,5440,436.669332
1,5441,102.540906
1,5442,496.218451
1,5443,76.419995
1,5444,227.005812
1,5445,85.682914
1,5446,97.800007
1,5447,151.706290
1,5448,97.424913
1,5449,88.776211
1,5450,333.222692
1,5451,16.101050
1,5452,300.875990
1,5453,451.727636
1,5454,185.269461
1,5455,104.326222
1,5456,306.822036
1,5457,287.190848
1,5458,74.162403
1,5459,338.488373
1,5460,14.520171
1,5461,268.744351
1,5462,78.143456
1,5463,229.073825
1,5464,526.585900
1,5465,404.976178
1,5466,75.011922
1,5467,139.676180
1,5468,132.107876
1,5469,354.112478
1,5470,70.245031
1,5471,443.827489
1,5472,83.377383
1,5473,316.537109
1,5474,118.304544
1,5475,255.804444
1,5476,187.608604
1,5477,327.466476
1,5478,339.606657
1,5479,64.363140
1,5480,183.817363
1,5481,348.874212
1,5482,304.309682
1,5483,523.085711
1,5484,196.618761
1,5485,340.461594
1,5486,90.103108
1,5487,373.376052
1,5488,181.257574
1,5489,367.246881
1,5490,21.453000
1,5491,292.395027
1,5492,76.348403
1,5493,88.924450
1,5494,234.803846
1,5495,101.084810
1,5496,90.127709
1,5497,144.145197
1,5498,267.082359
1,5499,83.259597
1,5500,210.632744
1,5501,82.303308
1,5502,351.108165
1,5503,140.848237
1,5504,163.327656
1,5505,425.768682
1,5506,105.295366
1,5507,80.896254
1,5508,346.192858
1,5509,358.477113
1,5510,191.343536
1,5511,279.694548
1,5512,106.322331
1,5513,293.667879
1,5514,141.848785
1,5515,198.736031
1,5516,470.768109
1,5517,83.934015
1,5518,188.471573
1,5519,397.356275
1,5520,382.126241
1,5521,94.928361
1,5522,242.313453
1,5523,82.657796
1,5524,300.491421
1,5525,100.750909
1,5526,408.561084
1,5527,589.509946
1,5528,166.600654
1,5529,347.410006
1,5530,91.628960
1,5531,262.803658
1,5532,416.230327
1,5533,415.755162
1,5534,79.941167
1,5535,232.136436
1,5536,173.361204
1,5537,77.545053
1,5538,329.552262
1,5539,87.663848
1,5540,419.640667
1,5541,105.974424
1,5542,456.046089
1,5543,134.354767
1,5544,123.082998
1,5545,299.493573
1,5546,504.803874
1,5547,369.370774
1,5548,90.587774
1,5549,122.875327
1,5550,379.939355
1,5551,306.566012
1,5552,126.533622
1,5553,424.030673
1,5554,260.291795
1,5555,89.740133
1,5556,800.978113
1,5557,140.839387
1,5558,105.701186
1,5559,552.839053
1,5560,328.664250
1,5561,537.077160
1,5562,70.603476
1,5563,392.917915
1,5564,231.530660
1,5565,337.131735
1,5566,90.802807
1,5567,237.686042
1,5568,311.016305
1,5569,363.153470
1,5570,421.435708
1,5571,316.775571
1,5572,65.457262
1,5573,193.281307
1,5574,87.931349
1,5575,243.094861
1,5576,178.821285
1,5577,341.299623
1,5578,81.967905
1,5579,205.084224
1,5580,85.256576
1,5581,324.466507
1,5582,79.583014
1,5583,302.207515
1,5584,216.518178
1,5585,84.292361
1,5586,423.977782
1,5587,209.671413
1,5588,205.889086
1,5589,373.032257
1,5590,22.152168
1,5591,376.414943
1,5592,334.395719
1,5593,236.484681
1,5594,538.849406
1,5595,181.210354
1,5596,303.030658
1,5597,90.400299
1,5598,399.119166
1,5599,291.747124
1,5600,199.463958
1,5601,83.119110
1,5602,291.850499
1,5603,237.283428
1,5604,254.663638
1,5605,221.372930
1,5606,100.434314
1,5607,279.318123
1,5608,228.834570
1,5609,24.579367
1,5610,351.569844
1,5611,212.623464
1,5612,263.216001
1,5613,203.625053
1,5614,310.762289
1,5615,413.200964
1,5616,186.663389
1,5617,24.680248
1,5618,410.466587
1,5619,83.249096
1,5620,391.825529
1,5621,73.681193
1,5622,366.079690
1,5623,75.547192
1,5624,83.110075
1,5625,330.452931
1,5626,378.768378
1,5627,80.218950
1,5628,194.691790
1,5629,77.207582
1,5630,241.445682
1,5631,133.711315
1,5632,141.090149
1,5633,177.097718
1,5634,248.800381
1,5635,333.643208
1,5636,80.164609
1,5637,152.733032
1,5638,131.794086
1,5639,474.103731
1,5640,78.531869
1,5641,532.693514
1,5642,90.277812
1,5643,464.443264
1,5644,88.284952
1,5645,299.633639
1,5646,250.216030
1,5647,459.521278
1,5648,138.446198
1,5649,81.032721
1,5650,422.475904
1,5651,149.946393
1,5652,376.395913
1,5653,207.552668
1,5654,288.481472
1,5655,335.962541
1,5656,61.807250
1,5657,166.164822
1,5658,1.004137
1,5659,467.410545
1,5660,78.369056
1,5661,301.014387
1,5662,296.446169
1,5663,280.345238
1,5664,306.598491
1,5665,269.288151
1,5666,29.472690
1,5667,150.605391
1,5668,247.178531
1,5669,73.367273
1,5670,225.610763
1,5671,197.085275
1,5672,200.939017
1,5673,311.675678
1,5674,527.452810
1,5675,93.842878
1,5676,217.590267
1,5677,299.868466
1,5678,231.319236
1,5679,243.176018
1,5680,71.218246
1,5681,156.791401
1,5682,175.672584
1,5683,78.174732
1,5684,24.817710
1,5685,330.624004
1,5686,79.441460
1,5687,199.439639
1,5688,491.548428
1,5689,24.631034
1,5690,289.044091
1,5691,97.534591
1,5692,287.588061
1,5693,79.387923
1,5694,219.334138
1,5695,84.212880
1,5696,349.467243
1,5697,185.156514
1,5698,264.206807
1,5699,377.298819
1,5700,83.460870
1,5701,50.100237
1,5702,306.919019
1,5703,81.047019
1,5704,141.778871
1,5705,136.262530
1,5706,256.393242
1,5707,232.407319
1,5708,83.242940
1,5709,225.623937
1,5710,114.426453
1,5711,227.791059
1,5712,220.105121
1,5713,88.343496
1,5714,453.426673
1,5715,74.411834
1,5716,208.884573
1,5717,73.819767
1,5718,289.616736
1,5719,193.464068
1,5720,237.831308
1,5721,72.345652
1,5722,162.940912
1,5723,187.308439
1,5724,316.531003
1,5725,74.152568
1,5726,314.977832
1,5727,83.380123
1,5728,310.943292
1,5729,313.098506
1,5730,299.546109
1,5731,146.296299
1,5732,100.944212
1,5733,17.591777
1,5734,334.176129
1,5735,77.988087
1,5736,448.036213
1,5737,286.066013
1,5738,286.089115
1,5739,74.986602
1,5740,252.666626
1,5741,135.287918
1,5742,216.040324
1,5743,296.571792
1,5744,290.682712
1,5745,356.264838
1,5746,63.999376
1,5747,79.781452
1,5748,337.397142
1,5749,410.706898
1,5750,527.184213
1,5751,378.097605
1,5752,434.446897
1,5753,309.260733
1,5754,46.370776
1,5755,335.180153
1,5756,64.019758
1,5757,380.518735
1,5758,243.150504
1,5759,347.451579
1,5760,142.982326
1,5761,130.549717
1,5762,273.351066
1,5763,55.352728
1,5764,207.829964
1,5765,452.176893
1,5766,72.568082
1,5767,396.080651
1,5768,65.528302
1,5769,186.106378
1,5770,404.377506
1,5771,420.473727
1,5772,347.320921
1,5773,217.565831
1,5774,79.219112
1,5775,153.345364
1,5776,66.199271
1,5777,215.656815
1,5778,308.318476
1,5779,385.529140
1,5780,190.994588
1,5781,437.984312
1,5782,78.441847
1,5783,133.342552
1,5784,195.280365
1,5785,266.568327
1,5786,64.499585
1,5787,244.062527
1,5788,63.865775
1,5789,126.129645
1,5790,66.378734
1,5791,219.407188
1,5792,314.002060
1,5793,342.916736
1,5794,370.253309
1,5795,314.458689
1,5796,158.621326
1,5797,117.132494
1,5798,302.543060
1,5799,362.331316
1,5800,397.455660
1,5801,63.028795
1,5802,356.843326
1,5803,7.110193
1,5804,312.570703
1,5805,249.451321
1,5806,60.701233
1,5807,190.886483
1,5808,334.673328
1,5809,254.766597
1,5810,328.420976
1,5811,372.344420
1,5812,371.456237
1,5813,421.339588
1,5814,69.814145
1,5815,123.424320
1,5816,360.764060
1,5817,132.553433
1,5818,230.480645
1,5819,142.955919
1,5820,103.200795
1,5821,365.462204
1,5822,47.903801
1,5823,305.327914
1,5824,242.220506
1,5825,226.817131
1,5826,329.255821
1,5827,408.652288
1,5828,56.615610
1,5829,221.625230
1,5830,110.851313
1,5831,309.125900
1,5832,62.012916
1,5833,286.425629
1,5834,139.409247
1,5835,343.009095
1,5836,263.289879
1,5837,75.246395
1,5838,411.528474
1,5839,364.772668
1,5840,369.648590
1,5841,435.681855
1,5842,378.630396
1,5843,79.372248
1,5844,256.253032
1,5845,70.414867
1,5846,255.179528
1,5847,360.902952
1,5848,65.282099
1,5849,167.618889
1,5850,292.614722
1,5851,131.551841
1,5852,170.535686
1,5853,62.087468
1,5854,669.594413
1,5855,69.259825
1,5856,330.050257
1,5857,129.541618
1,5858,270.046041
1,5859,65.530996
1,5860,175.389492
1,5861,344.604443
1,5862,371.865137
1,5863,64.245685
1,5864,25.660357
1,5865,305.023629
1,5866,60.697875
1,5867,322.819435
1,5868,62.146321
1,5869,173.548270
1,5870,486.345297
1,5871,63.213514
1,5872,378.448980
1,5873,59.396652
1,5874,280.303252
1,5875,192.858093
1,5876,209.395463
1,5877,246.907965
1,5878,275.192759
1,5879,146.172042
1,5880,194.110756
1,5881,362.463058
1,5882,56.522717
1,5883,170.145727
1,5884,211.593576
1,5885,252.139495
1,5886,167.122446
1,5887,61.359459
1,5888,301.637321
1,5889,239.441360
1,5890,59.818982
1,5891,198.595594
1,5892,162.914686
1,5893,273.678190
1,5894,115.897302
1,5895,52.264272
1,5896,320.764019
1,5897,164.132004
1,5898,182.241742
1,5899,215.650456
1,5900,257.835115
1,5901,222.490118
1,5902,334.940256
1,5903,106.503811
1,5904,151.951711
1,5905,54.915363
1,5906,175.413035
1,5907,52.401470
1,5908,214.159732
1,5909,48.408508
1,5910,52.861006
1,5911,278.116254
1,5912,285.054581
1,5913,348.832399
1,5914,306.416353
1,5915,161.164822
1,5916,300.084858
1,5917,59.915791
1,5918,276.430192
1,5919,120.183709
1,5920,189.196845
1,5921,248.793183
1,5922,477.095247
1,5923,261.062263
1,5924,309.298554
1,5925,471.132341
1,5926,208.075588
1,5927,429.415780
1,5928,381.343264
1,5929,319.492534
1,5930,229.530508
1,5931,52.581587
1,5932,308.353884
1,5933,55.782564
1,5934,243.260654
1,5935,338.002550
1,5936,281.182344
1,5937,52.284123
1,5938,326.056519
1,5939,281.353363
1,5940,257.921118
1,5941,273.987788
1,5942,343.113269
1,5943,110.225195
1,5944,60.456097
1,5945,84.250256
1,5946,295.199264
1,5947,244.589659
1,5948,322.754995
1,5949,250.610777
1,5950,359.995197
1,5951,249.300530
1,5952,156.418676
1,5953,453.409359
1,5954,75.630305
1,5955,278.554878
1,5956,332.566670
1,5957,359.526577
1,5958,361.352729
1,5959,363.868629
1,5960,60.621197
1,5961,232.311744
1,5962,420.551714
1,5963,108.671614
1,5964,232.063536
1,5965,456.303614
1,5966,408.241253
1,5967,366.184552
1,5968,338.309590
1,5969,106.895431
1,5970,364.727121
1,5971,293.055438
1,5972,339.083597
1,5973,63.914587
1,5974,164.913667
1,5975,236.969104
1,5976,339.935007
1,5977,312.919845
1,5978,55.290188
1,5979,384.772389
1,5980,69.824219
1,5981,423.266766
1,5982,450.210962
1,5983,426.941255
1,5984,52.071695
1,5985,4.154349
1,5986,307.543591
1,5987,54.167987
1,5988,248.358059
1,5989,197.642536
1,5990,281.620789
1,5991,151.599745
1,5992,333.427014
1,5993,250.630211
1,5994,196.789854
1,5995,45.389501
1,5996,175.870702
1,5997,300.957165
1,5998,120.989257
1,5999,202.601512
1,6000,231.992024
1,6001,163.592402
1,6002,75.342987
1,6003,297.704265
1,6004,381.979631
1,6005,242.721681
1,6006,155.711594
1,6007,141.620564
1,6008,113.834372
1,6009,227.477264
1,6010,266.116601
1,6011,58.176574
1,6012,286.304129
1,6013,56.063417
1,6014,168.211271
1,6015,1.576827
1,6016,112.750804
1,6017,251.609689
1,6018,318.593414
1,6019,237.387124
1,6020,321.318742
1,6021,200.250558
1,6022,126.869266
1,6023,266.585490
1,6024,295.220025
1,6025,154.265192
1,6026,222.017466
1,6027,236.612388
1,6028,352.987738
1,6029,226.889009
1,6030,233.165636
1,6031,58.908370
1,6032,429.509281
1,6033,6.986071
1,6034,275.551109
1,6035,57.843462
1,6036,190.406548
1,6037,144.441803
1,6038,320.154137
1,6039,56.061201
1,6040,201.390744
1,6041,706.248518
1,6042,587.094403
1,6043,361.568788
1,6044,379.739703
1,6045,6.875984
1,6046,436.589965
1,6047,392.087389
1,6048,433.273343
1,6049,342.962997
1,6050,278.208158
1,6051,52.449028
1,6052,72.152144
1,6053,471.361414
1,6054,256.063947
1,6055,393.486825
1,6056,450.480108
1,6057,445.049030
1,6058,403.154353
1,6059,375.103118
1,6060,86.272736
1,6061,388.717187
1,6062,243.372344
1,6063,657.154385
1,6064,451.496327
1,6065,334.022714
1,6066,395.381852
1,6067,64.684078
1,6068,352.293010
1,6069,350.283996
1,6070,419.409623
1,6071,531.496681
1,6072,259.710814
1,6073,221.436679
1,6074,424.041132
1,6075,16.890440
1,6076,193.909174
1,6077,335.016673
1,6078,381.147214
1,6079,381.165567
1,6080,286.848814
1,6081,368.150175
1,6082,351.670003
1,6083,81.685674
1,6084,99.026556
1,6085,509.079749
1,6086,132.403997
1,6087,348.047314
1,6088,443.560806
1,6089,72.711128
1,6090,412.906285
1,6091,75.822434
1,6092,179.944240
1,6093,160.016524
1,6094,271.478408
1,6095,293.788376
1,6096,173.551361
1,6097,335.826118
1,6098,53.705073
1,6099,285.784115
1,6100,336.274519
1,6101,55.439253
1,6102,76.813213
1,6103,504.871578
1,6104,329.507899
1,6105,63.241511
1,6106,434.349635
1,6107,296.222009
1,6108,405.955582
1,6109,62.709891
1,6110,226.464310
1,6111,75.561283
1,6112,406.140087
1,6113,188.166326
1,6114,384.550350
1,6115,316.180780
1,6116,341.930064
1,6117,284.165343
1,6118,494.343546
1,6119,325.151706
1,6120,560.588689
1,6121,387.090840
1,6122,582.461024
1,6123,67.611911
1,6124,220.275607
1,6125,90.892597
1,6126,434.426611
1,6127,509.603592
1,6128,90.294017
1,6129,241.810512
1,6130,69.362860
1,6131,212.804810
1,6132,181.634923
1,6133,204.687015
1,6134,74.741446
1,6135,357.561764
1,6136,83.017487
1,6137,329.344472
1,6138,76.163659
1,6139,79.474152
1,6140,412.904323
1,6141,275.963578
1,6142,381.422255
1,6143,263.320967
1,6144,101.780829
1,6145,171.142609
1,6146,266.784441
1,6147,412.151315
1,6148,61.849026
1,6149,395.049080
1,6150,61.248477
1,6151,63.151907
1,6152,449.819280
1,6153,116.116355
1,6154,373.693770
1,6155,369.783739
1,6156,84.596210
1,6157,289.587803
1,6158,308.193301
1,6159,14.263569
1,6160,238.720540
1,6161,65.716419
1,6162,390.947762
1,6163,502.527848
1,6164,391.346835
1,6165,480.138679
1,6166,264.442653
1,6167,315.028433
1,6168,331.109898
1,6169,304.097419
1,6170,387.379162
1,6171,335.614010
1,6172,254.181103
1,6173,81.742279
1,6174,221.073528
1,6175,254.697179
1,6176,369.895934
1,6177,73.565962
1,6178,208.462229
1,6179,407.438273
1,6180,83.632310
1,6181,488.018357
1,6182,147.501255
1,6183,334.174849
1,6184,321.413678
1,6185,189.038144
1,6186,70.006394
1,6187,255.004389
1,6188,75.472957
1,6189,305.067789
1,6190,207.946138
1,6191,274.893496
1,6192,277.643438
1,6193,52.521409
1,6194,230.792575
1,6195,411.613382
1,6196,292.969853
1,6197,264.430483
1,6198,106.948156
1,6199,192.576566
1,6200,308.988130
1,6201,372.452309
1,6202,422.816354
1,6203,9.341696
1,6204,236.555355
1,6205,373.350003
1,6206,66.074978
1,6207,275.899355
1,6208,61.079650
1,6209,71.674038
1,6210,316.658181
1,6211,32.941031
1,6212,147.355763
1,6213,83.180806
1,6214,222.516173
1,6215,191.228621
1,6216,34.201252
1,6217,169.628677
1,6218,224.460949
1,6219,78.257818
1,6220,358.459247
1,6221,84.552615
1,6222,108.348022
1,6223,413.860806
1,6224,64.061187
1,6225,414.788300
1,6226,467.678029
1,6227,195.201762
1,6228,505.593892
1,6229,72.847967
1,6230,314.751459
1,6231,316.913184
1,6232,498.789586
1,6233,274.275688
1,6234,236.856556
1,6235,325.740338
1,6236,204.684472
1,6237,331.659171
1,6238,71.574474
1,6239,586.179214
1,6240,63.931308
1,6241,70.024677
1,6242,513.130375
1,6243,483.021158
1,6244,205.314971
1,6245,314.396711
1,6246,275.329387
1,6247,620.790348
1,6248,73.235930
1,6249,281.103788
1,6250,118.012846
1,6251,342.360411
1,6252,310.877456
1,6253,188.983142
1,6254,311.974068
1,6255,317.317056
1,6256,205.023205
1,6257,370.759282
1,6258,266.907858
1,6259,521.515353
1,6260,355.815799
1,6261,502.486348
1,6262,449.237511
1,6263,338.408329
1,6264,68.968916
1,6265,348.574237
1,6266,329.856311
1,6267,385.009502
1,6268,407.980483
1,6269,63.549483
1,6270,385.256066
1,6271,353.062911
1,6272,370.880835
1,6273,405.099886
1,6274,520.823303
1,6275,263.372410
1,6276,316.655672
1,6277,363.125796
1,6278,115.459620
1,6279,385.362710
1,6280,274.687800
1,6281,178.826954
1,6282,231.402127
1,6283,44.793905
1,6284,141.789377
1,6285,302.891725
1,6286,249.657348
1,6287,263.311881
1,6288,57.479422
1,6289,4.281160
1,6290,61.873327
1,6291,138.326685
1,6292,273.676989
1,6293,239.981315
1,6294,61.910340
1,6295,186.793250
1,6296,63.992580
1,6297,299.411334
1,6298,139.087088
1,6299,234.294123
1,6300,3.876546
1,6301,215.501660
1,6302,75.831850
1,6303,277.181049
1,6304,76.443685
1,6305,186.799909
1,6306,15.570285
1,6307,306.948956
1,6308,203.669585
1,6309,242.626599
1,6310,239.931407
1,6311,82.254217
1,6312,169.340811
1,6313,79.890900
1,6314,301.270147
1,6315,417.272879
1,6316,4.646748
1,6317,248.946360
1,6318,158.019453
1,6319,71.614303
1,6320,141.722963
1,6321,66.657126
1,6322,89.495170
1,6323,13.375311
1,6324,282.720638
1,6325,64.893039
1,6326,130.280037
1,6327,258.752912
1,6328,310.722959
1,6329,77.328331
1,6330,211.791592
1,6331,88.824841
1,6332,259.846218
1,6333,70.829259
1,6334,200.095767
1,6335,64.310847
1,6336,76.273993
1,6337,277.824277
1,6338,122.535794
1,6339,290.782198
1,6340,199.385734
1,6341,64.440172
1,6342,243.436052
1,6343,297.617516
1,6344,319.803278
1,6345,402.091549
1,6346,135.154871
1,6347,94.947037
1,6348,137.262212
1,6349,309.325612
1,6350,389.591395
1,6351,259.475968
1,6352,64.697139
1,6353,248.670794
1,6354,57.943692
1,6355,263.595313
1,6356,255.268942
1,6357,154.086358
1,6358,347.543835
1,6359,63.550923
1,6360,280.020601
1,6361,1254.740622
1,6362,330.176944
1,6363,55.245530
1,6364,371.562286
1,6365,201.448178
1,6366,147.147380
1,6367,326.969514
1,6368,69.948971
1,6369,215.661174
1,6370,88.340636
1,6371,173.204602
1,6372,108.532691
1,6373,341.950168
1,6374,373.994437
1,6375,82.109961
1,6376,458.258709
1,6377,294.887148
1,6378,48.864131
1,6379,170.338319
1,6380,366.046295
1,6381,0.289566
1,6382,224.667435
1,6383,379.061705
1,6384,0.289566
1,6385,272.746246
1,6386,544.501730
1,6387,409.650917
1,6388,296.813362
1,6389,301.416051
1,6390,60.003760
1,6391,212.250963
1,6392,65.018061
1,6393,374.385904
1,6394,268.953320
1,6395,311.808641
1,6396,318.567518
1,6397,418.931127
1,6398,81.107929
1,6399,233.322593
1,6400,255.722884
1,6401,63.390054
1,6402,309.884079
1,6403,285.561212
1,6404,69.082544
1,6405,211.233377
1,6406,64.640371
1,6407,219.215816
1,6408,187.527158
1,6409,110.128687
1,6410,177.270644
1,6411,74.171200
1,6412,203.465873
1,6413,124.236678
1,6414,325.181250
1,6415,63.558083
1,6416,251.111662
1,6417,387.725060
1,6418,10.190094
1,6419,214.484167
1,6420,343.839302
1,6421,68.249174
1,6422,230.958705
1,6423,217.582328
1,6424,432.547240
1,6425,69.224643
1,6426,218.493488
1,6427,286.320556
1,6428,125.522217
1,6429,120.655734
1,6430,206.656324
1,6431,366.905141
1,6432,333.177180
1,6433,64.696773
1,6434,285.457272
1,6435,62.083283
1,6436,180.825852
1,6437,355.694053
1,6438,66.583151
1,6439,307.777009
1,6440,59.506466
1,6441,165.278104
1,6442,68.711606
1,6443,398.234237
1,6444,60.203030
1,6445,121.103780
1,6446,331.033922
1,6447,358.673448
1,6448,375.278778
1,6449,257.984059
1,6450,83.968612
1,6451,335.561788
1,6452,232.415850
1,6453,398.120841
1,6454,302.890455
1,6455,370.957470
1,6456,473.308485
1,6457,549.646715
1,6458,82.282447
1,6459,353.138684
1,6460,84.240854
1,6461,467.402767
1,6462,84.471518
1,6463,384.740408
1,6464,266.797639
1,6465,502.424956
1,6466,87.379147
1,6467,247.944214
1,6468,479.218775
1,6469,120.526769
1,6470,585.449609
1,6471,583.851428
1,6472,641.344878
1,6473,28.393795
1,6474,472.305208
1,6475,489.343021
1,6476,566.825523
1,6477,88.623113
1,6478,454.861595
1,6479,411.875810
1,6480,231.558583
1,6481,93.581498
1,6482,425.021460
1,6483,437.061784
1,6484,361.400638
1,6485,91.980604
1,6486,496.863427
1,6487,92.290061
1,6488,301.226003
1,6489,527.494429
1,6490,320.018773
1,6491,568.607754
1,6492,101.446686
1,6493,446.355137
1,6494,548.132405
1,6495,94.656833
1,6496,389.947228
1,6497,637.883472
1,6498,429.041852
1,6499,540.798809
1,6500,431.718128
1,6501,93.574978
1,6502,365.445066
1,6503,277.641601
1,6504,246.162045
1,6505,248.745646
1,6506,407.131375
1,6507,34.832893
1,6508,434.466145
1,6509,315.084011
1,6510,103.106936
1,6511,306.498393
1,6512,385.615270
1,6513,159.558598
1,6514,457.991213
1,6515,489.127110
1,6516,361.890802
1,6517,78.258404
1,6518,258.144104
1,6519,170.310153
1,6520,301.933479
1,6521,75.276283
1,6522,483.233577
1,6523,146.977552
1,6524,92.883849
1,6525,93.288964
1,6526,497.809506
1,6527,82.171401
1,6528,24.430007
1,6529,195.729491
1,6530,356.424375
1,6531,759.176295
1,6532,521.820517
1,6533,80.817725
1,6534,544.044007
1,6535,89.618703
1,6536,240.326399
1,6537,209.075796
1,6538,484.375066
1,6539,99.627891
1,6540,576.591961
1,6541,83.822116
1,6542,452.239492
1,6543,280.432928
1,6544,454.339488
1,6545,99.507072
1,6546,289.657883
1,6547,189.754002
1,6548,531.437520
1,6549,105.282819
1,6550,540.098750
1,6551,240.562030
1,6552,331.951269
1,6553,468.257874
1,6554,490.617479
1,6555,89.032972
1,6556,242.699492
1,6557,489.067925
1,6558,27.762757
1,6559,436.079496
1,6560,374.683813
1,6561,404.869958
1,6562,381.232296
1,6563,94.497433
1,6564,422.117575
1,6565,362.882250
1,6566,268.033773
1,6567,560.991352
1,6568,97.271818
1,6569,208.816094
1,6570,508.141871
1,6571,81.269627
1,6572,251.237096
1,6573,503.096092
1,6574,601.412885
1,6575,432.175987
1,6576,458.378955
1,6577,455.103264
1,6578,113.232367
1,6579,284.182674
1,6580,353.434174
1,6581,85.872013
1,6582,458.065573
1,6583,73.198828
1,6584,494.724164
1,6585,265.929615
1,6586,490.666141
1,6587,80.661221
1,6588,237.503722
1,6589,439.218794
1,6590,883.151388
1,6591,356.451886
1,6592,402.885800
1,6593,134.824398
1,6594,470.044127
1,6595,91.081721
1,6596,406.542788
1,6597,550.309872
1,6598,214.635083
1,6599,93.498483
1,6600,381.326519
1,6601,305.174604
1,6602,375.889646
1,6603,90.078047
1,6604,376.741721
1,6605,636.205629
1,6606,137.513692
1,6607,202.015991
1,6608,249.085790
1,6609,29.060894
1,6610,576.616705
1,6611,590.271181
1,6612,86.226992
1,6613,567.528908
1,6614,440.538197
1,6615,526.924092
1,6616,103.440229
1,6617,211.199870
1,6618,522.288687
1,6619,496.038334
1,6620,536.483750
1,6621,104.329189
1,6622,513.820354
1,6623,554.311301
1,6624,86.222280
1,6625,501.904981
1,6626,361.971291
1,6627,85.694375
1,6628,471.674346
1,6629,311.748102
1,6630,345.843701
1,6631,170.879111
1,6632,230.266496
1,6633,314.677166
1,6634,87.205713
1,6635,576.693466
1,6636,351.544491
1,6637,437.075290
1,6638,549.140202
1,6639,36.016438
1,6640,505.544536
1,6641,102.630133
1,6642,22.980371
1,6643,503.932125
1,6644,437.100100
1,6645,83.865404
1,6646,322.841524
1,6647,257.449561
1,6648,404.616143
1,6649,87.991925
1,6650,20.604488
1,6651,406.483578
1,6652,536.814542
1,6653,459.408684
1,6654,96.657436
1,6655,384.278362
1,6656,93.044064
1,6657,406.550920
1,6658,510.861745
1,6659,380.902451
1,6660,177.699839
1,6661,401.950847
1,6662,164.063477
1,6663,79.070143
1,6664,314.271416
1,6665,81.371400
1,6666,385.244090
1,6667,428.633246
1,6668,520.272593
1,6669,136.757470
1,6670,471.326150
1,6671,384.576570
1,6672,544.784145
1,6673,436.861804
1,6674,132.121663
1,6675,344.557687
1,6676,205.280010
1,6677,533.831427
1,6678,74.927002
1,6679,360.539640
1,6680,458.838598
1,6681,274.176371
1,6682,413.921322
1,6683,388.180991
1,6684,78.926342
1,6685,402.348141
1,6686,416.251228
1,6687,87.124656
1,6688,441.770831
1,6689,571.800580
1,6690,203.445916
1,6691,463.901352
1,6692,255.735816
1,6693,224.969641
1,6694,406.198391
1,6695,180.983105
1,6696,408.156584
1,6697,145.509710
1,6698,452.115163
1,6699,26.026195
1,6700,488.268108
1,6701,329.680268
1,6702,91.310479
1,6703,356.636866
1,6704,84.992002
1,6705,407.995873
1,6706,152.935015
1,6707,252.098147
1,6708,304.405203
1,6709,214.090214
1,6710,94.575966
1,6711,412.488095
1,6712,353.368943
1,6713,411.146212
1,6714,533.042715
1,6715,425.961748
1,6716,114.616687
1,6717,481.547027
1,6718,292.806114
1,6719,239.590399
1,6720,254.043148
1,6721,89.718562
1,6722,440.045572
1,6723,432.920463
1,6724,554.317417
1,6725,41.262975
1,6726,508.259493
1,6727,469.498204
1,6728,89.360459
1,6729,210.165816
1,6730,567.839731
1,6731,86.762038
1,6732,530.264371
1,6733,81.605363
1,6734,353.975082
1,6735,88.757727
1,6736,506.901858
1,6737,412.758149
1,6738,173.176181
1,6739,166.922544
1,6740,208.575374
1,6741,340.559024
1,6742,379.333334
1,6743,497.884414
1,6744,215.205322
1,6745,455.860062
1,6746,78.681553
1,6747,443.889966
1,6748,472.387441
1,6749,83.312782
1,6750,366.487743
1,6751,327.891600
1,6752,527.686261
1,6753,88.428899
1,6754,632.355593
1,6755,565.204265
1,6756,74.711715
1,6757,91.557005
1,6758,474.676076
1,6759,74.945904
1,6760,188.834149
1,6761,499.328189
1,6762,227.662562
1,6763,596.294038
1,6764,372.857208
1,6765,252.446314
1,6766,365.521124
1,6767,517.698122
1,6768,66.285895
1,6769,16.556589
1,6770,425.206100
1,6771,538.993889
1,6772,88.370355
1,6773,374.369742
1,6774,76.745627
1,6775,483.351447
1,6776,428.760905
1,6777,77.040131
1,6778,191.934829
1,6779,94.942444
1,6780,353.386707
1,6781,404.573563
1,6782,80.737311
1,6783,440.643998
1,6784,282.840380
1,6785,434.276207
1,6786,85.180195
1,6787,356.441539
1,6788,509.138290
1,6789,518.004981
1,6790,247.863645
1,6791,99.429452
1,6792,493.332239
1,6793,334.961126
1,6794,53.748264
1,6795,326.169958
1,6796,281.777149
1,6797,484.791789
1,6798,65.492169
1,6799,250.618529
1,6800,483.605211
1,6801,407.425447
1,6802,149.766378
1,6803,421.270501
1,6804,66.525816
1,6805,221.454260
1,6806,379.716181
1,6807,91.197775
1,6808,292.189247
1,6809,84.819943
1,6810,527.734313
1,6811,178.149928
1,6812,353.627457
1,6813,233.049757
1,6814,180.749782
1,6815,419.539338
1,6816,38.596703
1,6817,249.813056
1,6818,111.980188
1,6819,368.542536
1,6820,17.139122
1,6821,351.904128
1,6822,83.933633
1,6823,410.153683
1,6824,128.400573
1,6825,75.552941
1,6826,208.965268
1,6827,273.443956
1,6828,188.619486
1,6829,138.667907
1,6830,552.099961
1,6831,77.925109
1,6832,466.961719
1,6833,364.774887
1,6834,83.386389
1,6835,317.872144
1,6836,80.368738
1,6837,119.075402
1,6838,483.845036
1,6839,77.857338
1,6840,22.191480
1,6841,417.476855
1,6842,78.043307
1,6843,301.804178
1,6844,132.985974
1,6845,82.575686
1,6846,374.705415
1,6847,402.318031
1,6848,351.308765
1,6849,324.451919
1,6850,276.658224
1,6851,491.823269
1,6852,80.229515
1,6853,581.540169
1,6854,375.970996
1,6855,107.126992
1,6856,458.318827
1,6857,383.316713
1,6858,509.038625
1,6859,140.011642
1,6860,249.873414
1,6861,146.165393
1,6862,408.370813
1,6863,296.832584
1,6864,163.188922
1,6865,308.014841
1,6866,20.749221
1,6867,300.249939
1,6868,69.966670
1,6869,134.913112
1,6870,258.585222
1,6871,192.550130
1,6872,246.207369
1,6873,6.086288
1,6874,189.278546
1,6875,61.191070
1,6876,297.218753
1,6877,6.086288
1,6878,226.742337
1,6879,71.760796
1,6880,293.397879
1,6881,103.800773
1,6882,71.787933
1,6883,218.911596
1,6884,276.369570
1,6885,213.548297
1,6886,196.594756
1,6887,321.226311
1,6888,74.822636
1,6889,433.477397
1,6890,407.134202
1,6891,113.144252
1,6892,140.730056
1,6893,276.592089
1,6894,25.865084
1,6895,467.386038
1,6896,94.221700
1,6897,504.158323
1,6898,481.944654
1,6899,77.553361
1,6900,354.437998
1,6901,386.098347
1,6902,107.032400
1,6903,293.866553
1,6904,77.772752
1,6905,113.999052
1,6906,465.664124
1,6907,91.008724
1,6908,24.284723
1,6909,405.269266
1,6910,97.657980
1,6911,325.711521
1,6912,144.171041
1,6913,80.632907
1,6914,372.593149
1,6915,352.655314
1,6916,104.339973
1,6917,504.266161
1,6918,450.382827
1,6919,78.400549
1,6920,386.731918
1,6921,376.864784
1,6922,345.628795
1,6923,312.438750
1,6924,314.536739
1,6925,267.173379
1,6926,519.159186
1,6927,82.120937
1,6928,431.004491
1,6929,87.374261
1,6930,20.335722
1,6931,319.914273
1,6932,73.768529
1,6933,154.844839
1,6934,265.595236
1,6935,217.212596
1,6936,362.721606
1,6937,154.138215
1,6938,175.647924
1,6939,246.734703
1,6940,198.184538
1,6941,183.998389
1,6942,551.071704
1,6943,98.089982
1,6944,112.794563
1,6945,429.643771
1,6946,646.097364
1,6947,332.360739
1,6948,53.636108
1,6949,336.198995
1,6950,65.890718
1,6951,468.469661
1,6952,259.308657
1,6953,454.023638
1,6954,192.591973
1,6955,375.847797
1,6956,69.058863
1,6957,213.540730
1,6958,314.644450
1,6959,16.237702
1,6960,395.669373
1,6961,87.863306
1,6962,184.189845
1,6963,428.174726
1,6964,401.006876
1,6965,188.801243
1,6966,79.073964
1,6967,396.792590
1,6968,273.123695
1,6969,17.996569
1,6970,339.694917
1,6971,419.735250
1,6972,87.832100
1,6973,354.653921
1,6974,79.920359
1,6975,501.993641
1,6976,98.944509
1,6977,431.994841
1,6978,170.808982
1,6979,279.850561
1,6980,328.521841
1,6981,194.915878
1,6982,277.329551
1,6983,81.130554
1,6984,445.128590
1,6985,79.618572
1,6986,186.787954
1,6987,132.636164
1,6988,138.559297
1,6989,451.760676
1,6990,94.155641
1,6991,329.048725
1,6992,538.302983
1,6993,14.692333
1,6994,492.152753
1,6995,76.793408
1,6996,83.943599
1,6997,397.393354
1,6998,90.597651
1,6999,19.652100
1,7000,290.703594
1,7001,358.141341
1,7002,73.998230
1,7003,290.864102
1,7004,397.837741
1,7005,457.903646
1,7006,331.339528
1,7007,53.636108
1,7008,340.499849
1,7009,86.410313
1,7010,101.616369
1,7011,350.089486
1,7012,332.881528
1,7013,94.930111
1,7014,435.114608
1,7015,169.433114
1,7016,94.166253
1,7017,212.249793
1,7018,393.972451
1,7019,97.964580
1,7020,275.701655
1,7021,447.526330
1,7022,71.224254
1,7023,228.557607
1,7024,263.469417
1,7025,416.187760
1,7026,89.856413
1,7027,299.026580
1,7028,409.892480
1,7029,73.680615
1,7030,104.446559
1,7031,366.474018
1,7032,504.288437
1,7033,96.653636
1,7034,100.408913
1,7035,208.371593
1,7036,241.573241
1,7037,77.368427
1,7038,144.860132
1,7039,423.808956
1,7040,90.501416
1,7041,22.588776
1,7042,280.592870
1,7043,541.729813
1,7044,306.222792
1,7045,457.277800
1,7046,136.423894
1,7047,306.528242
1,7048,440.328234
1,7049,137.493249
1,7050,468.337746
1,7051,89.845216
1,7052,191.553534
1,7053,456.537106
1,7054,226.212123
1,7055,357.326847
1,7056,83.883165
1,7057,443.248809
1,7058,345.595782
1,7059,167.206671
1,7060,244.742801
1,7061,315.569863
1,7062,91.257654
1,7063,468.260418
1,7064,85.419819
1,7065,416.381926
1,7066,285.570813
1,7067,448.927577
1,7068,605.498901
1,7069,90.143566
1,7070,363.516731
1,7071,299.951973
1,7072,574.352641
1,7073,352.338014
1,7074,210.622460
1,7075,384.564729
1,7076,92.221012
1,7077,404.874002
1,7078,88.831305
1,7079,455.604827
1,7080,397.952920
1,7081,71.321520
1,7082,400.579086
1,7083,83.481737
1,7084,386.264793
1,7085,84.733615
1,7086,554.390411
1,7087,346.823381
1,7088,11.047321
1,7089,305.269904
1,7090,289.614931
1,7091,548.551647
1,7092,87.792163
1,7093,374.631359
1,7094,83.575215
1,7095,273.722315
1,7096,89.462903
1,7097,273.267537
1,7098,557.720314
1,7099,77.139527
1,7100,460.349155
1,7101,311.295361
1,7102,479.321262
1,7103,67.178031
1,7104,451.280488
1,7105,362.948764
1,7106,77.579825
1,7107,164.244428
1,7108,546.435445
1,7109,575.089311
1,7110,2.817475
1,7111,328.115198
1,7112,228.416585
1,7113,348.360733
1,7114,79.541617
1,7115,303.581819
1,7116,476.942271
1,7117,94.161671
1,7118,556.579661
1,7119,439.079109
1,7120,223.807352
1,7121,351.017286
1,7122,82.398973
1,7123,320.932102
1,7124,160.098893
1,7125,94.570076
1,7126,202.118080
1,7127,201.125488
1,7128,286.645636
1,7129,447.488419
1,7130,472.277317
1,7131,456.104145
1,7132,101.349235
1,7133,529.576089
1,7134,92.302487
1,7135,275.851147
1,7136,96.907625
1,7137,95.160493
1,7138,269.078663
1,7139,201.310992
1,7140,86.768604
1,7141,393.456114
1,7142,109.044938
1,7143,217.170908
1,7144,863.210709
1,7145,380.970696
1,7146,226.161227
1,7147,96.579424
1,7148,590.647624
1,7149,321.744889
1,7150,387.496642
1,7151,90.141197
1,7152,536.227155
1,7153,343.359783
1,7154,255.975602
1,7155,190.525459
1,7156,324.467277
1,7157,347.724695
1,7158,249.818347
1,7159,204.798759
1,7160,411.683814
1,7161,348.116937
1,7162,90.883220
1,7163,241.157386
1,7164,265.206648
1,7165,314.562583
1,7166,364.430959
1,7167,299.766711
1,7168,89.546806
1,7169,419.574198
1,7170,81.641729
1,7171,107.409690
1,7172,270.045124
1,7173,93.921333
1,7174,315.890333
1,7175,421.909887
1,7176,56.647918
1,7177,195.140151
1,7178,205.433697
1,7179,67.237025
1,7180,261.359517
1,7181,167.019436
1,7182,281.391655
1,7183,91.681534
1,7184,539.284950
1,7185,228.648125
1,7186,81.460924
1,7187,374.715347
1,7188,309.213712
1,7189,94.302522
1,7190,25.941558
1,7191,322.961735
1,7192,244.785738
1,7193,351.306515
1,7194,282.066161
1,7195,209.928211
1,7196,398.170821
1,7197,285.029564
1,7198,24.861170
1,7199,231.780311
1,7200,235.405591
1,7201,436.162388
1,7202,170.019264
1,7203,478.300504
1,7204,287.360002
1,7205,89.236144
1,7206,181.679336
1,7207,77.795651
1,7208,176.871064
1,7209,374.675020
1,7210,475.895883
1,7211,338.682757
1,7212,96.140382
1,7213,248.504018
1,7214,29.623188
1,7215,509.072447
1,7216,89.135739
1,7217,285.881890
1,7218,278.511132
1,7219,310.225513
1,7220,189.869153
1,7221,316.850594
1,7222,423.407599
1,7223,84.047754
1,7224,40.684453
1,7225,377.047092
1,7226,89.354520
1,7227,164.123133
1,7228,320.169901
1,7229,92.092830
1,7230,427.455142
1,7231,84.096703
1,7232,428.127928
1,7233,250.675936
1,7234,247.369149
1,7235,138.004076
1,7236,318.997731
1,7237,28.036238
1,7238,405.320526
1,7239,142.816940
1,7240,228.916932
1,7241,255.132404
1,7242,94.123525
1,7243,481.335048
1,7244,85.016963
1,7245,246.577330
1,7246,316.421487
1,7247,138.188898
1,7248,572.928773
1,7249,84.091256
1,7250,297.284324
1,7251,351.876908
1,7252,134.808908
1,7253,190.262937
1,7254,381.956956
1,7255,176.198858
1,7256,94.458048
1,7257,299.838220
1,7258,270.809931
1,7259,87.453300
1,7260,140.679636
1,7261,69.723074
1,7262,262.259217
1,7263,348.156029
1,7264,209.511764
1,7265,458.211389
1,7266,196.958009
1,7267,447.706917
1,7268,428.592595
1,7269,415.037368
1,7270,348.618483
1,7271,82.058555
1,7272,195.075719
1,7273,250.951701
1,7274,325.047448
1,7275,88.759744
1,7276,318.308810
1,7277,173.342029
1,7278,387.837574
1,7279,338.580897
1,7280,188.452438
1,7281,94.291187
1,7282,116.082665
1,7283,458.976762
1,7284,374.297875
1,7285,82.209609
1,7286,355.417972
1,7287,96.553351
1,7288,441.771668
1,7289,415.141923
1,7290,88.705107
1,7291,419.266305
1,7292,98.612768
1,7293,360.870371
1,7294,94.559864
1,7295,236.677216
1,7296,27.585981
1,7297,561.800191
1,7298,82.408967
1,7299,223.144888
1,7300,235.365097
1,7301,194.675526
1,7302,172.885541
1,7303,419.314109
1,7304,80.026326
1,7305,407.665540
1,7306,228.693662
1,7307,436.871090
1,7308,271.453890
1,7309,218.748804
1,7310,200.241114
1,7311,142.287461
1,7312,385.449129
1,7313,530.731477
1,7314,106.925091
1,7315,431.451307
1,7316,89.124512
1,7317,148.309081
1,7318,413.562285
1,7319,161.332319
1,7320,146.630457
1,7321,163.052760
1,7322,178.914557
1,7323,282.565868
1,7324,29.556279
1,7325,434.153023
1,7326,112.455933
1,7327,484.577259
1,7328,76.419995
1,7329,237.044709
1,7330,85.682914
1,7331,77.061878
1,7332,165.920140
1,7333,85.194513
1,7334,101.408845
1,7335,329.610406
1,7336,16.101050
1,7337,296.674700
1,7338,437.896006
1,7339,188.757311
1,7340,81.175822
1,7341,281.585169
1,7342,288.854478
1,7343,74.162403
1,7344,309.382093
1,7345,27.763319
1,7346,267.024259
1,7347,105.669790
1,7348,206.048225
1,7349,502.540979
1,7350,393.349039
1,7351,75.011922
1,7352,139.676180
1,7353,132.107876
1,7354,382.886857
1,7355,70.245031
1,7356,452.910032
1,7357,68.588583
1,7358,318.332452
1,7359,101.560921
1,7360,307.626024
1,7361,187.608604
1,7362,351.179338
1,7363,300.419253
1,7364,79.894372
1,7365,197.823206
1,7366,326.831961
1,7367,306.001532
1,7368,508.303507
1,7369,190.933946
1,7370,307.154364
1,7371,76.375108
1,7372,369.097583
1,7373,167.743837
1,7374,348.991855
1,7375,21.453000
1,7376,289.635147
1,7377,86.679445
1,7378,88.924450
1,7379,249.156368
1,7380,86.608010
1,7381,106.213627
1,7382,132.462480
1,7383,269.460563
1,7384,83.259597
1,7385,194.456364
1,7386,82.303308
1,7387,356.731079
1,7388,140.848237
1,7389,155.555535
1,7390,439.885340
1,7391,117.290468
1,7392,80.896254
1,7393,362.805107
1,7394,378.833181
1,7395,188.480004
1,7396,274.632782
1,7397,86.603931
1,7398,294.229411
1,7399,121.943185
1,7400,186.131231
1,7401,466.171362
1,7402,83.934015
1,7403,178.326847
1,7404,404.746266
1,7405,384.213774
1,7406,94.928361
1,7407,254.169884
1,7408,82.657796
1,7409,274.324446
1,7410,112.385189
1,7411,406.889657
1,7412,627.450825
1,7413,171.808754
1,7414,359.154283
1,7415,91.628960
1,7416,272.509929
1,7417,414.781822
1,7418,460.546123
1,7419,79.941167
1,7420,242.328807
1,7421,173.361204
1,7422,77.545053
1,7423,304.951429
1,7424,74.843832
1,7425,416.963881
1,7426,112.990491
1,7427,435.834313
1,7428,133.036955
1,7429,126.487800
1,7430,296.483957
1,7431,482.823184
1,7432,354.268454
1,7433,91.004174
1,7434,121.557515
1,7435,387.038380
1,7436,296.783583
1,7437,126.533622
1,7438,384.926477
1,7439,229.750838
1,7440,89.740133
1,7441,763.073524
1,7442,155.469253
1,7443,86.481986
1,7444,517.963867
1,7445,310.186869
1,7446,538.623720
1,7447,70.603476
1,7448,390.318739
1,7449,231.087061
1,7450,345.195411
1,7451,80.881207
1,7452,236.382102
1,7453,307.619370
1,7454,385.847714
1,7455,419.065665
1,7456,337.298984
1,7457,81.612516
1,7458,206.662650
1,7459,87.931349
1,7460,255.630166
1,7461,191.093732
1,7462,354.070634
1,7463,81.967905
1,7464,216.107445
1,7465,84.299428
1,7466,336.890907
1,7467,79.583014
1,7468,299.447045
1,7469,244.875793
1,7470,84.292361
1,7471,435.999358
1,7472,196.317813
1,7473,196.029886
1,7474,369.099402
1,7475,31.928523
1,7476,352.549583
1,7477,314.469289
1,7478,247.023209
1,7479,550.552998
1,7480,194.869517
1,7481,313.680001
1,7482,89.151845
1,7483,381.147195
1,7484,265.477132
1,7485,215.160515
1,7486,83.119110
1,7487,309.891217
1,7488,235.077826
1,7489,252.693855
1,7490,231.870093
1,7491,88.952714
1,7492,292.353264
1,7493,242.424398
1,7494,24.579367
1,7495,372.647490
1,7496,226.947970
1,7497,260.067124
1,7498,202.820494
1,7499,306.628520
1,7500,411.036978
1,7501,186.663389
1,7502,24.680248
1,7503,406.110871
1,7504,81.667721
1,7505,381.629824
1,7506,73.681193
1,7507,362.930812
1,7508,75.547192
1,7509,97.670604
1,7510,329.260213
1,7511,359.215713
1,7512,80.218950
1,7513,192.402958
1,7514,77.207582
1,7515,239.406541
1,7516,132.587707
1,7517,141.090149
1,7518,177.097718
1,7519,238.753981
1,7520,331.202672
1,7521,80.164609
1,7522,174.961055
1,7523,119.002086
1,7524,465.721187
1,7525,78.531869
1,7526,480.866562
1,7527,90.277812
1,7528,462.030880
1,7529,88.284952
1,7530,297.677728
1,7531,249.189524
1,7532,525.958104
1,7533,150.094622
1,7534,79.742652
1,7535,427.537081
1,7536,137.091993
1,7537,374.107875
1,7538,206.581649
1,7539,291.969549
1,7540,334.970918
1,7541,70.276979
1,7542,166.164822
1,7543,1.004137
1,7544,463.278341
1,7545,69.448904
1,7546,296.889256
1,7547,287.922817
1,7548,274.814400
1,7549,299.720120
1,7550,263.295569
1,7551,21.949671
1,7552,140.664258
1,7553,248.749672
1,7554,73.367273
1,7555,226.254001
1,7556,192.016595
1,7557,202.644738
1,7558,307.803377
1,7559,516.747028
1,7560,101.702321
1,7561,216.130803
1,7562,296.801861
1,7563,234.362533
1,7564,249.572018
1,7565,73.355446
1,7566,163.171801
1,7567,179.416584
1,7568,81.341532
1,7569,24.817710
1,7570,331.000086
1,7571,79.441460
1,7572,191.164318
1,7573,482.505205
1,7574,24.631034
1,7575,300.598484
1,7576,108.938191
1,7577,281.416852
1,7578,82.117923
1,7579,219.334138
1,7580,74.809106
1,7581,346.691558
1,7582,174.678022
1,7583,259.632142
1,7584,378.851475
1,7585,89.174245
1,7586,50.100237
1,7587,315.229042
1,7588,85.851819
1,7589,148.861271
1,7590,140.755330
1,7591,250.776743
1,7592,222.573658
1,7593,75.236298
1,7594,232.550337
1,7595,107.385169
1,7596,233.859459
1,7597,220.105121
1,7598,94.192130
1,7599,443.654912
1,7600,74.411834
1,7601,206.884385
1,7602,73.819767
1,7603,291.246186
1,7604,184.597653
1,7605,228.803684
1,7606,72.345652
1,7607,156.388504
1,7608,181.440725
1,7609,314.012059
1,7610,74.152568
1,7611,305.305379
1,7612,73.009104
1,7613,303.814115
1,7614,302.888694
1,7615,283.586560
1,7616,146.296299
1,7617,98.250824
1,7618,21.400336
1,7619,336.081806
1,7620,69.873973
1,7621,454.153459
1,7622,285.308390
1,7623,287.705922
1,7624,81.148602
1,7625,248.469909
1,7626,135.287918
1,7627,215.182573
1,7628,287.216614
1,7629,281.433141
1,7630,357.906884
1,7631,69.033354
1,7632,79.781452
1,7633,352.146554
1,7634,454.345713
1,7635,544.257299
1,7636,408.215040
1,7637,465.869638
1,7638,327.372333
1,7639,46.370776
1,7640,353.572553
1,7641,71.632558
1,7642,394.761535
1,7643,244.236979
1,7644,343.209313
1,7645,147.386370
1,7646,133.014517
1,7647,268.401820
1,7648,58.503928
1,7649,204.915721
1,7650,455.285934
1,7651,80.243282
1,7652,409.414763
1,7653,70.301902
1,7654,193.354672
1,7655,437.944864
1,7656,417.982413
1,7657,353.830988
1,7658,216.239286
1,7659,88.391912
1,7660,151.403620
1,7661,66.199271
1,7662,208.209976
1,7663,297.498332
1,7664,401.132801
1,7665,188.558829
1,7666,448.179844
1,7667,86.819047
1,7668,133.342552
1,7669,193.487685
1,7670,263.139444
1,7671,64.499585
1,7672,244.803982
1,7673,63.865775
1,7674,119.197720
1,7675,66.378734
1,7676,210.272093
1,7677,308.104784
1,7678,338.503120
1,7679,369.010063
1,7680,308.375873
1,7681,157.088616
1,7682,117.132494
1,7683,299.405573
1,7684,353.035014
1,7685,381.388640
1,7686,63.028795
1,7687,350.635710
1,7688,7.110193
1,7689,300.707064
1,7690,237.575697
1,7691,60.701233
1,7692,181.636890
1,7693,327.150308
1,7694,248.203683
1,7695,323.255126
1,7696,354.739754
1,7697,373.695338
1,7698,415.275806
1,7699,69.814145
1,7700,127.495920
1,7701,349.210852
1,7702,138.336211
1,7703,228.690169
1,7704,145.951119
1,7705,103.200795
1,7706,363.385676
1,7707,47.903801
1,7708,321.817703
1,7709,248.834906
1,7710,230.951131
1,7711,338.023021
1,7712,429.102749
1,7713,56.615610
1,7714,217.979652
1,7715,110.851313
1,7716,305.097257
1,7717,62.012916
1,7718,282.835515
1,7719,131.950174
1,7720,343.111019
1,7721,271.713879
1,7722,68.830953
1,7723,405.535689
1,7724,369.554365
1,7725,372.589623
1,7726,433.074291
1,7727,369.397927
1,7728,68.033983
1,7729,245.237182
1,7730,62.623168
1,7731,242.336659
1,7732,341.450573
1,7733,65.282099
1,7734,167.618889
1,7735,288.644978
1,7736,122.631689
1,7737,163.979912
1,7738,62.087468
1,7739,659.233328
1,7740,61.091976
1,7741,327.318075
1,7742,122.821043
1,7743,259.782493
1,7744,65.530996
1,7745,165.555831
1,7746,334.770782
1,7747,344.137436
1,7748,64.245685
1,7749,15.611753
1,7750,293.792836
1,7751,60.697875
1,7752,328.307269
1,7753,65.578321
1,7754,183.345819
1,7755,506.892765
1,7756,63.213514
1,7757,358.083092
1,7758,59.396652
1,7759,269.609817
1,7760,189.276530
1,7761,207.519530
1,7762,249.427821
1,7763,271.025241
1,7764,150.031815
1,7765,195.779956
1,7766,369.753783
1,7767,56.522717
1,7768,170.145727
1,7769,196.440065
1,7770,242.735720
1,7771,157.127577
1,7772,64.838259
1,7773,299.383531
1,7774,230.574944
1,7775,59.818982
1,7776,190.374008
1,7777,166.783486
1,7778,265.456604
1,7779,115.897302
1,7780,52.264272
1,7781,312.524946
1,7782,154.459550
1,7783,171.118421
1,7784,211.708524
1,7785,251.324208
1,7786,211.957891
1,7787,319.733009
1,7788,106.503811
1,7789,151.951711
1,7790,54.915363
1,7791,163.322468
1,7792,52.401470
1,7793,208.931596
1,7794,48.408508
1,7795,56.759709
1,7796,263.016479
1,7797,280.691199
1,7798,329.931159
1,7799,292.552503
1,7800,149.557878
1,7801,288.854065
1,7802,51.318055
1,7803,269.652244
1,7804,114.023029
1,7805,183.912106
1,7806,250.462383
1,7807,475.275731
1,7808,233.183611
1,7809,289.362553
1,7810,428.814367
1,7811,212.898261
1,7812,458.294764
1,7813,380.059536
1,7814,314.644595
1,7815,222.974733
1,7816,52.581587
1,7817,305.264744
1,7818,55.782564
1,7819,238.230155
1,7820,336.298127
1,7821,289.731144
1,7822,52.284123
1,7823,332.795719
1,7824,289.683763
1,7825,259.437208
1,7826,269.511817
1,7827,350.850869
1,7828,110.225195
1,7829,65.256234
1,7830,82.321018
1,7831,270.797775
1,7832,219.978638
1,7833,304.313001
1,7834,244.288890
1,7835,353.231279
1,7836,244.443382
1,7837,161.348276
1,7838,455.611871
1,7839,68.890697
1,7840,279.220084
1,7841,351.602671
1,7842,357.838298
1,7843,345.900795
1,7844,352.852779
1,7845,60.621197
1,7846,232.311744
1,7847,413.002362
1,7848,113.258014
1,7849,232.063536
1,7850,455.086928
1,7851,390.917410
1,7852,355.491117
1,7853,317.083928
1,7854,109.890631
1,7855,362.728071
1,7856,282.380992
1,7857,329.518615
1,7858,63.914587
1,7859,164.913667
1,7860,243.209104
1,7861,334.337632
1,7862,309.835867
1,7863,60.032588
1,7864,381.774916
1,7865,77.795819
1,7866,421.631474
1,7867,460.639837
1,7868,418.395004
1,7869,52.071695
1,7870,4.154349
1,7871,293.085031
1,7872,56.788787
1,7873,250.854059
1,7874,198.062552
1,7875,288.117551
1,7876,146.988695
1,7877,332.343292
1,7878,250.437327
1,7879,187.021845
1,7880,45.389501
1,7881,170.481290
1,7882,290.478674
1,7883,112.284049
1,7884,194.326190
1,7885,231.992024
1,7886,154.994665
1,7887,87.916587
1,7888,297.704265
1,7889,381.979631
1,7890,234.876247
1,7891,159.174794
1,7892,136.531054
1,7893,113.834372
1,7894,227.163150
1,7895,262.552434
1,7896,58.176574
1,7897,278.619811
1,7898,56.063417
1,7899,168.211271
1,7900,1.576827
1,7901,112.750804
1,7902,251.957530
1,7903,323.226455
1,7904,231.711795
1,7905,312.072560
1,7906,205.429758
1,7907,116.713190
1,7908,261.336455
1,7909,290.591715
1,7910,156.698792
1,7911,231.595866
1,7912,242.181588
1,7913,344.207850
1,7914,221.620962
1,7915,230.911892
1,7916,62.231170
1,7917,431.585287
1,7918,12.009271
1,7919,268.123146
1,7920,57.843462
1,7921,184.966925
1,7922,146.360603
1,7923,315.317752
1,7924,56.061201
1,7925,201.390744
1,7926,682.861714
1,7927,600.812854
1,7928,355.250402
1,7929,372.410592
1,7930,6.875984
1,7931,428.484311
1,7932,382.118218
1,7933,424.874564
1,7934,338.698944
1,7935,274.120595
1,7936,52.449028
1,7937,65.960287
1,7938,464.264689
1,7939,266.412499
1,7940,402.498712
1,7941,465.766607
1,7942,459.678033
1,7943,411.360066
1,7944,384.664825
1,7945,86.272736
1,7946,388.292757
1,7947,249.487544
1,7948,579.666831
1,7949,455.655434
1,7950,356.096714
1,7951,409.303602
1,7952,67.148878
1,7953,357.130398
1,7954,348.059587
1,7955,413.452973
1,7956,526.501864
1,7957,257.524677
1,7958,229.673479
1,7959,430.980859
1,7960,16.890440
1,7961,184.314584
1,7962,323.299916
1,7963,377.752965
1,7964,373.176071
1,7965,275.961084
1,7966,361.977284
1,7967,346.762236
1,7968,86.584074
1,7969,92.624918
1,7970,509.628616
1,7971,135.383597
1,7972,355.065745
1,7973,440.911605
1,7974,66.424033
1,7975,404.781506
1,7976,75.822434
1,7977,170.701673
1,7978,153.755263
1,7979,263.176958
1,7980,294.221289
1,7981,173.551361
1,7982,342.092382
1,7983,46.182053
1,7984,285.159707
1,7985,341.608240
1,7986,57.264453
1,7987,85.158007
1,7988,528.476651
1,7989,350.621177
1,7990,63.241511
1,7991,441.603453
1,7992,297.180432
1,7993,422.805447
1,7994,62.709891
1,7995,237.187149
1,7996,68.414414
1,7997,402.397180
1,7998,180.315525
1,7999,381.711264
1,8000,323.419180
1,8001,358.044864
1,8002,284.237704
1,8003,514.803379
1,8004,335.262483
1,8005,544.725425
1,8006,385.247722
1,8007,574.320827
1,8008,67.611911
1,8009,211.462927
1,8010,89.848830
1,8011,428.425070
1,8012,507.527817
1,8013,82.985941
1,8014,237.447288
1,8015,73.216491
1,8016,214.770410
1,8017,189.090403
1,8018,197.149942
1,8019,74.741446
1,8020,351.425303
1,8021,74.366015
1,8022,323.752328
1,8023,68.157016
1,8024,84.060552
1,8025,416.028963
1,8026,273.992271
1,8027,388.859635
1,8028,284.543903
1,8029,104.370429
1,8030,177.226609
1,8031,257.382282
1,8032,394.352354
1,8033,61.849026
1,8034,416.483480
1,8035,64.758477
1,8036,67.629107
1,8037,451.027075
1,8038,121.373555
1,8039,376.751370
1,8040,366.815693
1,8041,79.846489
1,8042,280.667652
1,8043,297.116597
1,8044,14.263569
1,8045,231.725762
1,8046,68.087619
1,8047,386.298350
1,8048,485.484237
1,8049,392.750382
1,8050,480.890935
1,8051,255.338600
1,8052,306.678387
1,8053,326.210954
1,8054,290.756943
1,8055,364.903386
1,8056,320.954265
1,8057,250.389759
1,8058,87.857479
1,8059,229.637928
1,8060,268.799579
1,8061,370.702040
1,8062,77.824762
1,8063,208.462229
1,8064,390.672687
1,8065,77.691781
1,8066,504.798296
1,8067,137.019171
1,8068,329.289845
1,8069,317.559979
1,8070,184.193049
1,8071,70.006394
1,8072,281.341548
1,8073,68.111145
1,8074,305.549276
1,8075,207.946138
1,8076,286.490298
1,8077,292.036073
1,8078,52.521409
1,8079,235.768975
1,8080,423.656582
1,8081,307.731635
1,8082,280.062295
1,8083,110.957356
1,8084,204.572966
1,8085,320.922130
1,8086,388.769909
1,8087,420.537915
1,8088,9.341696
1,8089,231.158961
1,8090,362.876379
1,8091,66.074978
1,8092,271.994420
1,8093,61.079650
1,8094,76.790838
1,8095,323.787381
1,8096,35.858231
1,8097,161.957363
1,8098,73.562089
1,8099,218.934768
1,8100,189.416930
1,8101,44.138452
1,8102,169.628677
1,8103,235.443349
1,8104,85.184218
1,8105,360.556697
1,8106,87.719415
1,8107,110.330565
1,8108,424.794197
1,8109,66.915987
1,8110,413.373069
1,8111,470.539107
1,8112,190.772637
1,8113,519.045687
1,8114,76.576367
1,8115,313.374749
1,8116,300.963528
1,8117,495.358203
1,8118,277.666186
1,8119,247.922753
1,8120,329.219138
1,8121,201.479037
1,8122,327.956287
1,8123,75.053274
1,8124,590.524043
1,8125,66.661308
1,8126,70.024677
1,8127,523.463781
1,8128,492.654065
1,8129,199.214872
1,8130,318.681027
1,8131,276.346435
1,8132,609.292971
1,8133,67.539929
1,8134,289.500679
1,8135,123.488446
1,8136,346.715175
1,8137,304.316248
1,8138,187.343028
1,8139,299.507350
1,8140,305.786157
1,8141,198.359959
1,8142,373.097667
1,8143,262.947141
1,8144,516.991239
1,8145,350.577747
1,8146,525.090380
1,8147,446.235240
1,8148,337.493000
1,8149,68.968916
1,8150,345.410395
1,8151,323.097488
1,8152,388.505222
1,8153,404.897004
1,8154,63.549483
1,8155,384.179280
1,8156,354.860277
1,8157,369.088223
1,8158,412.679667
1,8159,517.423437
1,8160,256.034589
1,8161,315.294539
1,8162,361.107621
1,8163,120.237220
1,8164,382.607902
1,8165,264.821369
1,8166,172.602350
1,8167,234.602399
1,8168,44.793905
1,8169,137.554932
1,8170,298.767573
1,8171,240.723165
1,8172,267.367881
1,8173,60.911422
1,8174,4.281160
1,8175,61.873327
1,8176,147.015885
1,8177,272.405909
1,8178,238.002297
1,8179,64.687140
1,8180,180.103921
1,8181,68.973004
1,8182,302.437734
1,8183,139.087088
1,8184,234.294123
1,8185,3.876546
1,8186,215.501660
1,8187,82.337050
1,8188,279.131049
1,8189,68.222099
1,8190,178.900739
1,8191,15.570285
1,8192,305.646834
1,8193,206.843048
1,8194,246.885399
1,8195,248.971309
1,8196,73.978895
1,8197,172.367211
1,8198,74.754681
1,8199,299.624871
1,8200,414.022554
1,8201,4.646748
1,8202,257.713560
1,8203,158.259935
1,8204,71.614303
1,8205,130.384698
1,8206,66.657126
1,8207,79.231622
1,8208,13.375311
1,8209,272.027203
1,8210,64.893039
1,8211,130.280037
1,8212,253.689349
1,8213,307.538400
1,8214,68.515651
1,8215,216.611992
1,8216,80.227105
1,8217,253.623184
1,8218,70.829259
1,8219,193.827547
1,8220,67.274847
1,8221,68.213615
1,8222,269.763899
1,8223,122.535794
1,8224,284.564280
1,8225,191.318216
1,8226,66.280972
1,8227,239.157719
1,8228,292.423990
1,8229,315.533519
1,8230,393.351548
1,8231,135.154871
1,8232,73.775111
1,8233,137.262212
1,8234,303.612011
1,8235,380.027733
1,8236,253.076012
1,8237,64.697139
1,8238,240.176891
1,8239,57.943692
1,8240,246.990934
1,8241,244.698466
1,8242,157.518358
1,8243,323.523908
1,8244,63.550923
1,8245,276.948630
1,8246,1263.373855
1,8247,339.637979
1,8248,58.131530
1,8249,373.933486
1,8250,204.630578
1,8251,151.564407
1,8252,337.784632
1,8253,69.948971
1,8254,215.661174
1,8255,71.198899
1,8256,174.520550
1,8257,122.999553
1,8258,330.535200
1,8259,363.418413
1,8260,75.867824
1,8261,451.714647
1,8262,299.877714
1,8263,40.964961
1,8264,180.368185
1,8265,372.681661
1,8266,0.289566
1,8267,239.895444
1,8268,401.274944
1,8269,0.289566
1,8270,291.953893
1,8271,586.125075
1,8272,434.869658
1,8273,310.658496
1,8274,297.727084
1,8275,63.794560
1,8276,210.411392
1,8277,69.401661
1,8278,372.275813
1,8279,279.030920
1,8280,326.659841
1,8281,322.030378
1,8282,429.909640
1,8283,92.339929
1,8284,233.322593
1,8285,245.528490
1,8286,63.390054
1,8287,305.891754
1,8288,276.641061
1,8289,69.082544
1,8290,211.233377
1,8291,64.640371
1,8292,210.241928
1,8293,180.498063
1,8294,113.108287
1,8295,166.577209
1,8296,64.391274
1,8297,200.073442
1,8298,127.497078
1,8299,331.876766
1,8300,63.558083
1,8301,238.018785
1,8302,382.423859
1,8303,10.190094
1,8304,203.951940
1,8305,331.695000
1,8306,60.511212
1,8307,217.685950
1,8308,207.372516
1,8309,417.695246
1,8310,74.169843
1,8311,211.928914
1,8312,283.196714
1,8313,125.522217
1,8314,123.323334
1,8315,213.574831
1,8316,358.931177
1,8317,324.848122
1,8318,64.696773
1,8319,277.880517
1,8320,63.643283
1,8321,171.836274
1,8322,346.718324
1,8323,66.583151
1,8324,298.534442
1,8325,59.506466
1,8326,157.325198
1,8327,68.711606
1,8328,396.114343
1,8329,60.203030
1,8330,121.103780
1,8331,315.051725
1,8332,354.925561
1,8333,372.782347
1,8334,260.044008
1,8335,83.968612
1,8336,337.337367
1,8337,232.415850
1,8338,422.665461
1,8339,333.335309
1,8340,403.059812
1,8341,503.829996
1,8342,551.595327
1,8343,82.282447
1,8344,373.751899
1,8345,84.240854
1,8346,513.281115
1,8347,84.471518
1,8348,415.427700
1,8349,252.487209
1,8350,510.752263
1,8351,87.379147
1,8352,247.340931
1,8353,459.576420
1,8354,120.526769
1,8355,610.527723
1,8356,633.038586
1,8357,645.552922
1,8358,28.393795
1,8359,449.867567
1,8360,475.455814
1,8361,570.458141
1,8362,88.623113
1,8363,426.996583
1,8364,392.469274
1,8365,223.405194
1,8366,93.581498
1,8367,468.584821
1,8368,452.217254
1,8369,368.507370
1,8370,91.980604
1,8371,513.594424
1,8372,92.290061
1,8373,321.423022
1,8374,531.550202
1,8375,321.510027
1,8376,562.437702
1,8377,111.396506
1,8378,440.155890
1,8379,514.706018
1,8380,91.078749
1,8381,437.281380
1,8382,642.828055
1,8383,457.607657
1,8384,552.377669
1,8385,411.077962
1,8386,128.768578
1,8387,382.141747
1,8388,280.719691
1,8389,214.489183
1,8390,252.100830
1,8391,394.165570
1,8392,64.535293
1,8393,434.869014
1,8394,312.337867
1,8395,102.177441
1,8396,312.357669
1,8397,376.824668
1,8398,195.376198
1,8399,467.057267
1,8400,492.754562
1,8401,364.020110
1,8402,68.350721
1,8403,259.753222
1,8404,170.310153
1,8405,316.467807
1,8406,75.276283
1,8407,502.266598
1,8408,146.977552
1,8409,94.222469
1,8410,93.288964
1,8411,476.891362
1,8412,82.171401
1,8413,26.711903
1,8414,195.729491
1,8415,372.267448
1,8416,812.509324
1,8417,548.168369
1,8418,80.817725
1,8419,570.268555
1,8420,89.618703
1,8421,232.838513
1,8422,200.062135
1,8423,496.044841
1,8424,107.989491
1,8425,582.916529
1,8426,97.050916
1,8427,445.827820
1,8428,306.156053
1,8429,446.185510
1,8430,150.675072
1,8431,291.447333
1,8432,203.482002
1,8433,512.247719
1,8434,174.172419
1,8435,591.190910
1,8436,231.985826
1,8437,330.744295
1,8438,471.690056
1,8439,477.805760
1,8440,108.252172
1,8441,230.046232
1,8442,496.729866
1,8443,27.762757
1,8444,452.394456
1,8445,371.564039
1,8446,413.065892
1,8447,361.077028
1,8448,130.065433
1,8449,404.278587
1,8450,356.767231
1,8451,267.575599
1,8452,520.896644
1,8453,100.682647
1,8454,232.216706
1,8455,509.911240
1,8456,93.874427
1,8457,260.839465
1,8458,495.882115
1,8459,562.049018
1,8460,447.027885
1,8461,424.148622
1,8462,433.242683
1,8463,113.232367
1,8464,288.559198
1,8465,393.537451
1,8466,76.650345
1,8467,456.311143
1,8468,73.198828
1,8469,468.072020
1,8470,258.490370
1,8471,470.595010
1,8472,80.661221
1,8473,223.040748
1,8474,455.249225
1,8475,873.117612
1,8476,358.129342
1,8477,401.561460
1,8478,145.307598
1,8479,483.834346
1,8480,92.191457
1,8481,447.111334
1,8482,579.798009
1,8483,223.246283
1,8484,108.724083
1,8485,398.383411
1,8486,322.487715
1,8487,377.824136
1,8488,90.078047
1,8489,386.573518
1,8490,629.272838
1,8491,149.868892
1,8492,190.852918
1,8493,254.569918
1,8494,29.060894
1,8495,595.254201
1,8496,591.151626
1,8497,86.226992
1,8498,579.357709
1,8499,442.125668
1,8500,529.399058
1,8501,91.667527
1,8502,226.148626
1,8503,503.706678
1,8504,494.956341
1,8505,527.914074
1,8506,135.404389
1,8507,504.642569
1,8508,540.375611
1,8509,88.136576
1,8510,496.816333
1,8511,368.454862
1,8512,96.649440
1,8513,491.586360
1,8514,308.474515
1,8515,330.035126
1,8516,212.673693
1,8517,235.965182
1,8518,323.420079
1,8519,87.205713
1,8520,590.727709
1,8521,369.821232
1,8522,449.049925
1,8523,562.714615
1,8524,57.412407
1,8525,492.162716
1,8526,176.262133
1,8527,22.980371
1,8528,491.729014
1,8529,430.782671
1,8530,97.843004
1,8531,311.553742
1,8532,285.176377
1,8533,414.005020
1,8534,123.684725
1,8535,32.335688
1,8536,397.623095
1,8537,558.334949
1,8538,480.305567
1,8539,145.981633
1,8540,377.712603
1,8541,136.232208
1,8542,393.273592
1,8543,513.628719
1,8544,399.566533
1,8545,188.058239
1,8546,400.536205
1,8547,189.452887
1,8548,79.070143
1,8549,332.783091
1,8550,98.094600
1,8551,369.712859
1,8552,408.816361
1,8553,517.706100
1,8554,136.757470
1,8555,449.817211
1,8556,372.858811
1,8557,518.159177
1,8558,410.098165
1,8559,116.313088
1,8560,356.912887
1,8561,192.868892
1,8562,531.930890
1,8563,74.927002
1,8564,362.050590
1,8565,466.520281
1,8566,263.013298
1,8567,423.780522
1,8568,402.907391
1,8569,78.926342
1,8570,408.393415
1,8571,400.165309
1,8572,120.196656
1,8573,450.686618
1,8574,553.454934
1,8575,193.808640
1,8576,445.388680
1,8577,256.900971
1,8578,218.945537
1,8579,445.093832
1,8580,182.578352
1,8581,430.787815
1,8582,149.352173
1,8583,473.387693
1,8584,26.026195
1,8585,492.540594
1,8586,332.919311
1,8587,91.310479
1,8588,356.636866
1,8589,84.992002
1,8590,411.103136
1,8591,174.373598
1,8592,253.207884
1,8593,304.405203
1,8594,221.813421
1,8595,113.295966
1,8596,400.985596
1,8597,375.084097
1,8598,423.161941
1,8599,526.220693
1,8600,401.139059
1,8601,125.154943
1,8602,480.672974
1,8603,275.472151
1,8604,226.416587
1,8605,259.727916
1,8606,107.267492
1,8607,433.576417
1,8608,426.598457
1,8609,560.356277
1,8610,59.358975
1,8611,498.899153
1,8612,466.557697
1,8613,106.333259
1,8614,210.165816
1,8615,578.877255
1,8616,88.052107
1,8617,535.048795
1,8618,95.458163
1,8619,369.983957
1,8620,109.100127
1,8621,503.874043
1,8622,416.279884
1,8623,160.695728
1,8624,176.282544
1,8625,212.000098
1,8626,347.575182
1,8627,361.583355
1,8628,502.584314
1,8629,204.458264
1,8630,470.413837
1,8631,97.900753
1,8632,417.087002
1,8633,465.205390
1,8634,93.171982
1,8635,385.471532
1,8636,304.962739
1,8637,484.345233
1,8638,128.115299
1,8639,539.765301
1,8640,544.493675
1,8641,89.063715
1,8642,79.561902
1,8643,476.382114
1,8644,78.799534
1,8645,188.834149
1,8646,514.068121
1,8647,230.158562
1,8648,578.112149
1,8649,357.187305
1,8650,254.665787
1,8651,348.069705
1,8652,499.318773
1,8653,66.285895
1,8654,5.740196
1,8655,472.255881
1,8656,541.545058
1,8657,82.878656
1,8658,384.090611
1,8659,76.745627
1,8660,491.054753
1,8661,437.102037
1,8662,77.040131
1,8663,205.163629
1,8664,83.016677
1,8665,359.196457
1,8666,405.501833
1,8667,80.737311
1,8668,423.670857
1,8669,274.083754
1,8670,428.092080
1,8671,85.180195
1,8672,353.987381
1,8673,518.179559
1,8674,504.533449
1,8675,237.969947
1,8676,146.354252
1,8677,507.359297
1,8678,327.819533
1,8679,53.748264
1,8680,327.293566
1,8681,307.334268
1,8682,486.185193
1,8683,65.492169
1,8684,259.084462
1,8685,483.743406
1,8686,392.941688
1,8687,150.834499
1,8688,435.664161
1,8689,66.525816
1,8690,222.757248
1,8691,384.500514
1,8692,77.815955
1,8693,300.315096
1,8694,87.178133
1,8695,543.022449
1,8696,164.990350
1,8697,356.824885
1,8698,218.489228
1,8699,193.757179
1,8700,380.628234
1,8701,38.596703
1,8702,244.293568
1,8703,103.944823
1,8704,387.595752
1,8705,23.753522
1,8706,368.066046
1,8707,83.933633
1,8708,406.819012
1,8709,113.701372
1,8710,75.552941
1,8711,215.864582
1,8712,258.120732
1,8713,188.619486
1,8714,138.667907
1,8715,553.195418
1,8716,79.069525
1,8717,475.885259
1,8718,367.804698
1,8719,83.386389
1,8720,322.954446
1,8721,80.368738
1,8722,105.069559
1,8723,504.311805
1,8724,77.857338
1,8725,22.191480
1,8726,444.067529
1,8727,87.028907
1,8728,317.252133
1,8729,133.977801
1,8730,82.575686
1,8731,358.369556
1,8732,394.898687
1,8733,339.923246
1,8734,322.440635
1,8735,272.428692
1,8736,486.685639
1,8737,91.960715
1,8738,564.547152
1,8739,363.789918
1,8740,131.047703
1,8741,448.542471
1,8742,369.796222
1,8743,484.257460
1,8744,140.011642
1,8745,241.719890
1,8746,173.254382
1,8747,373.876804
1,8748,266.415791
1,8749,163.035971
1,8750,301.394276
1,8751,37.222821
1,8752,302.857162
1,8753,69.966670
1,8754,134.913112
1,8755,257.669553
1,8756,198.493730
1,8757,246.207369
1,8758,6.086288
1,8759,189.278546
1,8760,61.191070
1,8761,297.218753
1,8762,6.086288
1,8763,226.742337
1,8764,71.760796
1,8765,320.604279
1,8766,114.907973
1,8767,71.787933
1,8768,221.504766
1,8769,272.597305
1,8770,172.446234
1,8771,183.282272
1,8772,320.068522
1,8773,74.822636
1,8774,403.504612
1,8775,394.578043
1,8776,121.103391
1,8777,140.730056
1,8778,265.893900
1,8779,25.865084
1,8780,466.941712
1,8781,138.276100
1,8782,501.266934
1,8783,456.221053
1,8784,77.553361
1,8785,356.921034
1,8786,364.792113
1,8787,88.034377
1,8788,283.854946
1,8789,88.755152
1,8790,97.289112
1,8791,466.427839
1,8792,80.747018
1,8793,39.385523
1,8794,428.107666
1,8795,84.276160
1,8796,333.594706
1,8797,144.171041
1,8798,81.964591
1,8799,388.623014
1,8800,334.926732
1,8801,118.241778
1,8802,512.621075
1,8803,440.246307
1,8804,89.757349
1,8805,361.744242
1,8806,399.564671
1,8807,345.628795
1,8808,298.502243
1,8809,325.671728
1,8810,252.273560
1,8811,510.852710
1,8812,82.120937
1,8813,429.867351
1,8814,76.419196
1,8815,20.335722
1,8816,337.379428
1,8817,86.498129
1,8818,181.385307
1,8819,291.567054
1,8820,203.068082
1,8821,351.350526
1,8822,147.745059
1,8823,171.168429
1,8824,239.322498
1,8825,191.930236
1,8826,190.490240
1,8827,571.421880
1,8828,109.656768
1,8829,126.102316
1,8830,417.284366
1,8831,657.640615
1,8832,323.416414
1,8833,53.636108
1,8834,323.926548
1,8835,65.890718
1,8836,468.732089
1,8837,260.570052
1,8838,448.656308
1,8839,181.290229
1,8840,366.509126
1,8841,69.058863
1,8842,231.137530
1,8843,302.788019
1,8844,16.237702
1,8845,474.205656
1,8846,100.732077
1,8847,221.131190
1,8848,451.382087
1,8849,428.462876
1,8850,188.801243
1,8851,79.073964
1,8852,396.792590
1,8853,257.731136
1,8854,17.996569
1,8855,354.601309
1,8856,412.254980
1,8857,121.153700
1,8858,341.459981
1,8859,103.507559
1,8860,474.738622
1,8861,117.262003
1,8862,401.417729
1,8863,158.120521
1,8864,290.402553
1,8865,320.964233
1,8866,179.245975
1,8867,258.727188
1,8868,97.126170
1,8869,435.796946
1,8870,99.336972
1,8871,186.787954
1,8872,132.636164
1,8873,208.322497
1,8874,451.760676
1,8875,137.211641
1,8876,316.769910
1,8877,490.406756
1,8878,14.692333
1,8879,476.568008
1,8880,76.793408
1,8881,100.376173
1,8882,390.384268
1,8883,76.106458
1,8884,38.621700
1,8885,295.182023
1,8886,345.480896
1,8887,84.925642
1,8888,295.391445
1,8889,367.283365
1,8890,432.728611
1,8891,331.339528
1,8892,53.636108
1,8893,353.978249
1,8894,86.410313
1,8895,101.616369
1,8896,373.052686
1,8897,319.715378
1,8898,98.770805
1,8899,422.440563
1,8900,169.433114
1,8901,81.901310
1,8902,205.760715
1,8903,399.082746
1,8904,108.732604
1,8905,261.002455
1,8906,425.291485
1,8907,71.224254
1,8908,222.976468
1,8909,265.792565
1,8910,418.946687
1,8911,78.554668
1,8912,302.909910
1,8913,380.876163
1,8914,73.680615
1,8915,84.339162
1,8916,359.867144
1,8917,479.446483
1,8918,96.653636
1,8919,126.998747
1,8920,199.899473
1,8921,230.826184
1,8922,95.464427
1,8923,154.220132
1,8924,411.806260
1,8925,76.218230
1,8926,42.681576
1,8927,264.339902
1,8928,482.239651
1,8929,257.201640
1,8930,437.586417
1,8931,164.004694
1,8932,319.099043
1,8933,421.968626
1,8934,133.110946
1,8935,453.499873
1,8936,78.612808
1,8937,191.553534
1,8938,428.733429
1,8939,183.223894
1,8940,341.448936
1,8941,83.883165
1,8942,475.302713
1,8943,320.004846
1,8944,190.431959
1,8945,225.064950
1,8946,332.430396
1,8947,141.427254
1,8948,481.280802
1,8949,118.242219
1,8950,414.511219
1,8951,308.491967
1,8952,459.348831
1,8953,581.549948
1,8954,116.850766
1,8955,348.540186
1,8956,340.913436
1,8957,523.315832
1,8958,395.712564
1,8959,213.991493
1,8960,365.345166
1,8961,95.659449
1,8962,391.438124
1,8963,131.887305
1,8964,431.961301
1,8965,404.788586
1,8966,82.054320
1,8967,394.159502
1,8968,118.300937
1,8969,390.896696
1,8970,124.170415
1,8971,521.298103
1,8972,321.176799
1,8973,11.047321
1,8974,307.349549
1,8975,264.306687
1,8976,383.547117
1,8977,96.313378
1,8978,341.544784
1,8979,98.661803
1,8980,282.548504
1,8981,93.483770
1,8982,270.535264
1,8983,538.764246
1,8984,79.205232
1,8985,492.881338
1,8986,314.843996
1,8987,469.559963
1,8988,67.178031
1,8989,435.180381
1,8990,362.080554
1,8991,69.143296
1,8992,166.537628
1,8993,558.673915
1,8994,534.917810
1,8995,2.817475
1,8996,314.540649
1,8997,217.253512
1,8998,329.717005
1,8999,79.541617
1,9000,344.433284
1,9001,504.141440
1,9002,94.161671
1,9003,502.878351
1,9004,416.136263
1,9005,223.252846
1,9006,369.474042
1,9007,82.398973
1,9008,347.785635
1,9009,173.577293
1,9010,82.921652
1,9011,212.726080
1,9012,203.254795
1,9013,286.908563
1,9014,490.787764
1,9015,476.069482
1,9016,458.628252
1,9017,102.625432
1,9018,545.829421
1,9019,92.302487
1,9020,293.358688
1,9021,84.565843
1,9022,95.160493
1,9023,261.493969
1,9024,201.310992
1,9025,86.768604
1,9026,404.792787
1,9027,99.206591
1,9028,249.993308
1,9029,849.765083
1,9030,421.128053
1,9031,227.810894
1,9032,97.959659
1,9033,571.240362
1,9034,309.979282
1,9035,377.041889
1,9036,90.141197
1,9037,500.194725
1,9038,358.731988
1,9039,268.955573
1,9040,207.117649
1,9041,357.068909
1,9042,350.789049
1,9043,246.864263
1,9044,190.862252
1,9045,393.830569
1,9046,370.414613
1,9047,79.026789
1,9048,239.576556
1,9049,270.088332
1,9050,315.242659
1,9051,366.164559
1,9052,285.636682
1,9053,89.546806
1,9054,421.626054
1,9055,81.641729
1,9056,95.691931
1,9057,255.263147
1,9058,84.283650
1,9059,322.061088
1,9060,372.556019
1,9061,56.647918
1,9062,184.601102
1,9063,196.974722
1,9064,67.930610
1,9065,242.361493
1,9066,154.366198
1,9067,268.176772
1,9068,80.726469
1,9069,506.544714
1,9070,187.670636
1,9071,95.348766
1,9072,395.730570
1,9073,302.044443
1,9074,83.000778
1,9075,35.198246
1,9076,309.163900
1,9077,236.680787
1,9078,356.124847
1,9079,277.726086
1,9080,208.319230
1,9081,401.041153
1,9082,284.259866
1,9083,24.861170
1,9084,229.464394
1,9085,224.727870
1,9086,439.233701
1,9087,156.706780
1,9088,502.034672
1,9089,298.349996
1,9090,89.236144
1,9091,166.225307
1,9092,87.863199
1,9093,189.060303
1,9094,383.792765
1,9095,485.644336
1,9096,358.366523
1,9097,86.031786
1,9098,258.536841
1,9099,29.623188
1,9100,504.877412
1,9101,89.135739
1,9102,276.882985
1,9103,265.657186
1,9104,284.640583
1,9105,161.094774
1,9106,309.002111
1,9107,443.425307
1,9108,84.047754
1,9109,26.054588
1,9110,384.993199
1,9111,89.354520
1,9112,161.476721
1,9113,323.948649
1,9114,80.721750
1,9115,438.056819
1,9116,84.096703
1,9117,422.484978
1,9118,252.798308
1,9119,248.700833
1,9120,138.004076
1,9121,332.206630
1,9122,28.036238
1,9123,437.554944
1,9124,145.209809
1,9125,242.922729
1,9126,259.127093
1,9127,94.123525
1,9128,518.691977
1,9129,79.927475
1,9130,290.833459
1,9131,323.812884
1,9132,139.451223
1,9133,578.689882
1,9134,84.091256
1,9135,293.761773
1,9136,344.542200
1,9137,125.032553
1,9138,177.921155
1,9139,370.649206
1,9140,176.198858
1,9141,80.590878
1,9142,289.924145
1,9143,275.963271
1,9144,90.102796
1,9145,154.282836
1,9146,71.144925
1,9147,283.704735
1,9148,380.431359
1,9149,242.826972
1,9150,551.902054
1,9151,182.466816
1,9152,484.543589
1,9153,435.914226
1,9154,430.630591
1,9155,352.307517
1,9156,92.042555
1,9157,212.985223
1,9158,259.826010
1,9159,324.749297
1,9160,88.759744
1,9161,325.584249
1,9162,175.393840
1,9163,380.399078
1,9164,343.101690
1,9165,198.256923
1,9166,106.271987
1,9167,108.116681
1,9168,478.250950
1,9169,371.204960
1,9170,82.209609
1,9171,361.429202
1,9172,96.553351
1,9173,444.052498
1,9174,436.616092
1,9175,88.705107
1,9176,395.761451
1,9177,98.612768
1,9178,358.929443
1,9179,103.364769
1,9180,260.508804
1,9181,30.720987
1,9182,560.503368
1,9183,82.408967
1,9184,227.540541
1,9185,221.914395
1,9186,192.054182
1,9187,188.243738
1,9188,428.189098
1,9189,80.026326
1,9190,395.844537
1,9191,230.531663
1,9192,438.924103
1,9193,254.682229
1,9194,243.653635
1,9195,222.705114
1,9196,144.104655
1,9197,379.416342
1,9198,548.439840
1,9199,106.925091
1,9200,433.004189
1,9201,89.124512
1,9202,138.318735
1,9203,421.674353
1,9204,148.227843
1,9205,148.683469
1,9206,177.294240
1,9207,185.903357
1,9208,273.593845
1,9209,40.649880
1,9210,422.415046
1,9211,102.540906
1,9212,488.952648
1,9213,76.419995
1,9214,249.857041
1,9215,85.682914
1,9216,92.309057
1,9217,151.706290
1,9218,86.553940
1,9219,97.539546
1,9220,330.504949
1,9221,16.101050
1,9222,289.561304
1,9223,430.373940
1,9224,179.002012
1,9225,83.749024
1,9226,272.988907
1,9227,297.729036
1,9228,74.162403
1,9229,316.191786
1,9230,14.520171
1,9231,282.499459
1,9232,78.143456
1,9233,208.607555
1,9234,508.171804
1,9235,393.162315
1,9236,75.011922
1,9237,139.676180
1,9238,132.107876
1,9239,354.112478
1,9240,70.245031
1,9241,454.920318
1,9242,70.232380
1,9243,327.685403
1,9244,94.177640
1,9245,256.691870
1,9246,187.608604
1,9247,327.466476
1,9248,309.766946
1,9249,64.363140
1,9250,183.817363
1,9251,358.247653
1,9252,302.978543
1,9253,518.204866
1,9254,178.870234
1,9255,298.530699
1,9256,77.900996
1,9257,384.302488
1,9258,185.639242
1,9259,340.235842
1,9260,21.453000
1,9261,300.049079
1,9262,76.348403
1,9263,88.924450
1,9264,234.803846
1,9265,88.217128
1,9266,90.127709
1,9267,134.993612
1,9268,267.470608
1,9269,83.259597
1,9270,218.564116
1,9271,82.303308
1,9272,356.599116
1,9273,140.848237
1,9274,152.844932
1,9275,428.763746
1,9276,105.295366
1,9277,80.896254
1,9278,361.390035
1,9279,381.439270
1,9280,190.400646
1,9281,285.795605
1,9282,88.795661
1,9283,295.830981
1,9284,124.155723
1,9285,187.532273
1,9286,465.388087
1,9287,83.934015
1,9288,210.268983
1,9289,426.974129
1,9290,369.314023
1,9291,94.928361
1,9292,242.313453
1,9293,82.657796
1,9294,291.284372
1,9295,107.517535
1,9296,419.154736
1,9297,582.188679
1,9298,142.695607
1,9299,377.138788
1,9300,91.628960
1,9301,281.106826
1,9302,401.199543
1,9303,415.755162
1,9304,79.941167
1,9305,232.136436
1,9306,173.361204
1,9307,77.545053
1,9308,341.088804
1,9309,83.171252
1,9310,429.956998
1,9311,123.612022
1,9312,465.197673
1,9313,144.892955
1,9314,113.043988
1,9315,310.253618
1,9316,534.754513
1,9317,393.109428
1,9318,81.158869
1,9319,133.413515
1,9320,403.567081
1,9321,285.545101
1,9322,126.533622
1,9323,394.080034
1,9324,223.962780
1,9325,89.740133
1,9326,768.642516
1,9327,140.839387
1,9328,88.618229
1,9329,534.535885
1,9330,313.411610
1,9331,528.036505
1,9332,70.603476
1,9333,370.454935
1,9334,227.870027
1,9335,339.183908
1,9336,81.984008
1,9337,248.113302
1,9338,298.259551
1,9339,348.011758
1,9340,391.041356
1,9341,316.775571
1,9342,65.457262
1,9343,204.928777
1,9344,87.931349
1,9345,258.181109
1,9346,178.821285
1,9347,357.273297
1,9348,81.967905
1,9349,233.925580
1,9350,92.910628
1,9351,338.776257
1,9352,79.583014
1,9353,324.282245
1,9354,234.821346
1,9355,84.292361
1,9356,454.815847
1,9357,197.802086
1,9358,197.125751
1,9359,410.026843
1,9360,22.152168
1,9361,375.416588
1,9362,317.423690
1,9363,249.241435
1,9364,546.170673
1,9365,181.210354
1,9366,318.782475
1,9367,100.383845
1,9368,402.003301
1,9369,258.413172
1,9370,225.864892
1,9371,83.119110
1,9372,303.387042
1,9373,254.921026
1,9374,270.415455
1,9375,228.361413
1,9376,90.228911
1,9377,279.318123
1,9378,228.834570
1,9379,24.579367
1,9380,362.662674
1,9381,219.501018
1,9382,288.396724
1,9383,210.058894
1,9384,343.818920
1,9385,430.505778
1,9386,186.663389
1,9387,24.680248
1,9388,445.298071
1,9389,95.894921
1,9390,473.357824
1,9391,73.681193
1,9392,391.260412
1,9393,75.547192
1,9394,83.110075
1,9395,333.891708
1,9396,377.659095
1,9397,80.218950
1,9398,212.994958
1,9399,77.207582
1,9400,257.752141
1,9401,142.696507
1,9402,141.090149
1,9403,177.097718
1,9404,239.870654
1,9405,331.535571
1,9406,80.164609
1,9407,178.468396
1,9408,120.423936
1,9409,470.165777
1,9410,78.531869
1,9411,493.591291
1,9412,90.277812
1,9413,452.130224
1,9414,88.284952
1,9415,315.274528
1,9416,258.424724
1,9417,478.822801
1,9418,138.446198
1,9419,91.349052
1,9420,430.795526
1,9421,138.520779
1,9422,375.286630
1,9423,215.317649
1,9424,276.667609
