subtaskID,datapointID,answer
1,0,212.396785
1,1,5.167936
1,2,181.523673
1,3,0.586221
1,4,392.098304
1,5,67.196198
1,6,308.139953
1,7,252.450536
1,8,278.968657
1,9,266.950673
1,10,277.050573
1,11,34.472874
1,12,160.430455
1,13,257.816318
1,14,83.862761
1,15,176.230241
1,16,150.796211
1,17,147.731153
1,18,325.240115
1,19,451.390203
1,20,58.082696
1,21,167.184861
1,22,265.263192
1,23,81.487696
1,24,234.581965
1,25,77.199515
1,26,105.589102
1,27,163.962444
1,28,46.813810
1,29,48.747645
1,30,304.611134
1,31,96.147425
1,32,224.211664
1,33,436.720687
1,34,48.370105
1,35,72.711467
1,36,0.000000
1,37,229.029773
1,38,56.172972
1,39,254.032733
1,40,77.384327
1,41,263.782101
1,42,187.896569
1,43,219.079826
1,44,307.014433
1,45,50.840244
1,46,99.879937
1,47,288.519535
1,48,26.726965
1,49,84.870504
1,50,113.317498
1,51,206.997878
1,52,250.609978
1,53,80.133381
1,54,251.863862
1,55,74.311913
1,56,206.950885
1,57,255.591991
1,58,64.715599
1,59,375.949125
1,60,85.975329
1,61,177.609750
1,62,84.777908
1,63,222.353030
1,64,210.133482
1,65,264.297360
1,66,81.796607
1,67,149.708775
1,68,158.576018
1,69,285.584462
1,70,85.450973
1,71,332.411095
1,72,72.438890
1,73,318.423551
1,74,326.798470
1,75,306.208646
1,76,181.940374
1,77,100.282839
1,78,29.235867
1,79,336.853470
1,80,69.143424
1,81,380.731410
1,82,168.980423
1,83,253.511998
1,84,0.000000
1,85,258.914539
1,86,159.676636
1,87,212.201369
1,88,290.545180
1,89,276.199103
1,90,375.589418
1,91,32.156753
1,92,96.835031
1,93,256.231824
1,94,0.000000
1,95,105.165887
1,96,70.378970
1,97,198.394345
1,98,124.052382
1,99,29.264076
1,100,139.780277
1,101,0.000000
1,102,262.106634
1,103,118.572170
1,104,178.879386
1,105,0.000000
1,106,114.420414
1,107,164.283171
1,108,0.904389
1,109,96.458936
1,110,342.805704
1,111,0.000000
1,112,214.119359
1,113,0.000000
1,114,0.000000
1,115,0.000000
1,116,327.207086
1,117,185.578236
1,118,75.584104
1,119,0.000000
1,120,54.330914
1,121,69.365938
1,122,183.437734
1,123,259.511184
1,124,195.816367
1,125,91.111409
1,126,265.796665
1,127,0.000000
1,128,155.742257
1,129,95.079122
1,130,226.531009
1,131,65.928436
1,132,119.668493
1,133,64.646594
1,134,121.075934
1,135,69.728895
1,136,226.673387
1,137,308.315410
1,138,255.105688
1,139,306.094235
1,140,250.304445
1,141,65.342735
1,142,122.958452
1,143,219.976866
1,144,381.805438
1,145,408.012075
1,146,62.953851
1,147,359.902659
1,148,12.935331
1,149,317.001135
1,150,247.021704
1,151,58.246509
1,152,186.515743
1,153,354.983002
1,154,181.022862
1,155,252.050907
1,156,376.847935
1,157,301.304069
1,158,385.751896
1,159,76.676786
1,160,74.607151
1,161,371.026181
1,162,66.207403
1,163,159.564575
1,164,90.526327
1,165,94.782479
1,166,300.338596
1,167,32.364526
1,168,201.616900
1,169,200.041843
1,170,175.930162
1,171,230.787187
1,172,293.447589
1,173,49.983602
1,174,158.150475
1,175,110.255162
1,176,256.575831
1,177,60.899302
1,178,227.691886
1,179,57.818968
1,180,347.046703
1,181,248.067761
1,182,35.291780
1,183,350.160179
1,184,222.960708
1,185,218.701245
1,186,334.532094
1,187,323.342316
1,188,61.071972
1,189,263.676616
1,190,54.914149
1,191,255.345385
1,192,367.808682
1,193,67.511014
1,194,184.464429
1,195,256.797315
1,196,125.338296
1,197,171.553051
1,198,61.050082
1,199,619.157221
1,200,51.309889
1,201,273.077697
1,202,69.281702
1,203,294.108620
1,204,68.014400
1,205,170.317557
1,206,367.277290
1,207,362.077214
1,208,65.414937
1,209,18.809892
1,210,307.025126
1,211,58.239717
1,212,286.073420
1,213,10.204711
1,214,128.506995
1,215,434.801852
1,216,63.327440
1,217,377.079203
1,218,55.608081
1,219,285.046875
1,220,82.267944
1,221,101.853977
1,222,97.272258
1,223,153.392816
1,224,0.000000
1,225,179.924537
1,226,249.365549
1,227,49.795728
1,228,189.574801
1,229,190.578658
1,230,260.792659
1,231,153.054444
1,232,7.873450
1,233,204.243645
1,234,236.923300
1,235,56.462215
1,236,187.663343
1,237,168.087711
1,238,279.982410
1,239,120.460360
1,240,41.183300
1,241,319.031060
1,242,148.093549
1,243,179.827470
1,244,170.605694
1,245,189.705840
1,246,197.023904
1,247,329.614050
1,248,101.462619
1,249,152.778564
1,250,46.544961
1,251,162.755600
1,252,41.460769
1,253,201.688313
1,254,33.385267
1,255,38.598863
1,256,265.767026
1,257,222.117879
1,258,329.399944
1,259,327.169307
1,260,135.570115
1,261,297.036774
1,262,30.962740
1,263,267.696340
1,264,88.316196
1,265,166.611818
1,266,252.992706
1,267,271.729277
1,268,147.391764
1,269,286.319654
1,270,389.213626
1,271,225.792663
1,272,258.515154
1,273,376.098257
1,274,313.394863
1,275,224.669997
1,276,41.825044
1,277,255.476955
1,278,48.298819
1,279,198.332183
1,280,198.891648
1,281,187.727959
1,282,41.223453
1,283,256.378348
1,284,191.526616
1,285,85.659597
1,286,217.731412
1,287,318.211713
1,288,108.988879
1,289,52.321321
1,290,17.442399
1,291,224.487225
1,292,225.423362
1,293,249.927971
1,294,209.609403
1,295,360.097841
1,296,249.229532
1,297,127.771631
1,298,378.290564
1,299,26.250906
1,300,226.273013
1,301,155.139171
1,302,304.288401
1,303,272.521290
1,304,379.116781
1,305,58.084639
1,306,249.105286
1,307,332.916457
1,308,36.632056
1,309,248.603304
1,310,418.309566
1,311,401.989062
1,312,408.022786
1,313,340.644289
1,314,58.195810
1,315,250.695314
1,316,274.550031
1,317,333.882507
1,318,64.745312
1,319,178.993295
1,320,163.167194
1,321,290.750340
1,322,313.735849
1,323,0.000000
1,324,386.127828
1,325,0.000000
1,326,389.315885
1,327,452.739633
1,328,427.639033
1,329,40.793826
1,330,6.957321
1,331,298.131306
1,332,6.893658
1,333,242.512507
1,334,166.008614
1,335,132.234028
1,336,64.726265
1,337,228.963541
1,338,84.687467
1,339,110.642328
1,340,27.279513
1,341,84.360980
1,342,301.337485
1,343,104.700883
1,344,195.583872
1,345,248.458664
1,346,150.625849
1,347,0.000000
1,348,326.795289
1,349,406.542848
1,350,246.999969
1,351,108.925036
1,352,66.332278
1,353,116.288207
1,354,116.036528
1,355,191.456538
1,356,53.140550
1,357,290.752592
1,358,48.866827
1,359,185.662483
1,360,1.744453
1,361,114.096767
1,362,76.293000
1,363,172.810852
1,364,183.536577
1,365,275.868991
1,366,136.850760
1,367,111.700943
1,368,189.483510
1,369,266.709944
1,370,122.277183
1,371,133.505167
1,372,196.635268
1,373,319.908454
1,374,164.905314
1,375,145.088322
1,376,5.382554
1,377,267.635706
1,378,0.000000
1,379,186.166528
1,380,52.466855
1,381,138.803427
1,382,110.548703
1,383,287.353008
1,384,48.862343
1,385,217.743363
1,386,335.005295
1,387,54.387047
1,388,322.668568
1,389,339.378104
1,390,12.461663
1,391,417.225905
1,392,348.854649
1,393,331.431543
1,394,287.810493
1,395,226.696692
1,396,41.556950
1,397,17.112303
1,398,407.299136
1,399,230.419025
1,400,330.765184
1,401,388.927015
1,402,274.340678
1,403,290.637059
1,404,281.525349
1,405,109.963231
1,406,320.444545
1,407,244.286650
1,408,480.510401
1,409,309.729096
1,410,204.879350
1,411,343.268988
1,412,63.124561
1,413,240.809407
1,414,238.569712
1,415,249.205935
1,416,321.871507
1,417,169.827202
1,418,131.359400
1,419,385.456184
1,420,32.715259
1,421,142.098677
1,422,276.322565
1,423,341.197469
1,424,359.451685
1,425,253.271062
1,426,334.956180
1,427,265.380375
1,428,54.510688
1,429,52.793234
1,430,473.926714
1,431,110.031880
1,432,375.631209
1,433,371.103933
1,434,64.631236
1,435,366.261581
1,436,88.828167
1,437,181.522226
1,438,114.534366
1,439,279.165728
1,440,217.414151
1,441,196.462476
1,442,207.453868
1,443,22.025560
1,444,167.248380
1,445,211.691330
1,446,22.042698
1,447,17.664457
1,448,428.767235
1,449,233.920264
1,450,63.384058
1,451,172.892673
1,452,166.773700
1,453,176.614697
1,454,62.308889
1,455,148.512516
1,456,67.496604
1,457,285.085808
1,458,124.320077
1,459,316.063718
1,460,292.841037
1,461,253.202037
1,462,190.418608
1,463,370.690680
1,464,184.990130
1,465,338.380637
1,466,263.764250
1,467,526.269863
1,468,72.222907
1,469,229.516793
1,470,82.133898
1,471,395.041649
1,472,411.476131
1,473,96.749077
1,474,190.579185
1,475,72.054711
1,476,213.046146
1,477,142.297150
1,478,150.489260
1,479,86.641939
1,480,326.193674
1,481,77.503259
1,482,348.745347
1,483,65.815990
1,484,26.998731
1,485,290.929326
1,486,154.205703
1,487,240.523227
1,488,0.000000
1,489,54.264164
1,490,98.699898
1,491,234.461870
1,492,327.869239
1,493,60.567850
1,494,223.431302
1,495,7.155737
1,496,0.000000
1,497,396.409615
1,498,41.083595
1,499,365.789186
1,500,268.092509
1,501,19.240945
1,502,309.803239
1,503,251.860735
1,504,27.402577
1,505,106.027763
1,506,65.458130
1,507,331.515136
1,508,335.894419
1,509,347.352069
1,510,431.719929
1,511,210.103165
1,512,274.456908
1,513,267.344302
1,514,329.972747
1,515,334.568232
1,516,258.442631
1,517,180.288265
1,518,7.416394
1,519,147.660081
1,520,189.874353
1,521,317.768722
1,522,20.228961
1,523,232.044990
1,524,425.845929
1,525,65.956991
1,526,246.770393
1,527,92.692668
1,528,309.290059
1,529,276.787080
1,530,124.344951
1,531,77.065609
1,532,269.894060
1,533,66.593251
1,534,200.827717
1,535,231.001224
1,536,211.725282
1,537,167.216569
1,538,41.703340
1,539,170.652368
1,540,300.421887
1,541,206.923294
1,542,133.530913
1,543,42.271675
1,544,72.225318
1,545,164.239939
1,546,175.646613
1,547,208.724986
1,548,17.448404
1,549,151.260073
1,550,268.636413
1,551,69.114569
1,552,281.455006
1,553,59.011832
1,554,2.838168
1,555,314.684790
1,556,21.296024
1,557,0.000000
1,558,74.572306
1,559,176.543374
1,560,111.378373
1,561,0.000000
1,562,188.529092
1,563,94.069390
1,564,0.000000
1,565,285.066120
1,566,59.712671
1,567,0.000000
1,568,317.273338
1,569,23.202617
1,570,311.756718
1,571,407.261931
1,572,116.977165
1,573,277.349648
1,574,27.162192
1,575,258.221286
1,576,163.679661
1,577,259.695859
1,578,150.476644
1,579,179.977112
1,580,307.283990
1,581,98.016595
1,582,249.651823
1,583,28.532660
1,584,414.825601
1,585,24.912962
1,586,77.102584
1,587,411.165384
1,588,399.852359
1,589,146.430050
1,590,188.829494
1,591,144.067945
1,592,248.470347
1,593,67.685608
1,594,184.853649
1,595,41.466337
1,596,299.792923
1,597,253.993825
1,598,94.219627
1,599,316.914796
1,600,248.363222
1,601,205.917009
1,602,322.230242
1,603,211.019566
1,604,461.069170
1,605,370.078396
1,606,462.363144
1,607,379.421824
1,608,286.516293
1,609,74.967375
1,610,288.789457
1,611,280.482720
1,612,293.086174
1,613,419.459908
1,614,64.006918
1,615,336.859224
1,616,253.224931
1,617,311.507486
1,618,280.940892
1,619,397.416258
1,620,164.505290
1,621,271.482784
1,622,281.794817
1,623,163.603377
1,624,386.281087
1,625,353.455167
1,626,95.846050
1,627,176.870312
1,628,26.074960
1,629,131.580825
1,630,194.666150
1,631,179.339953
1,632,222.614741
1,633,0.766211
1,634,7.213789
1,635,60.616990
1,636,64.561108
1,637,207.052901
1,638,239.459943
1,639,20.085800
1,640,166.305251
1,641,59.146011
1,642,285.695640
1,643,167.360206
1,644,253.114524
1,645,6.395487
1,646,246.281787
1,647,0.000000
1,648,283.958916
1,649,65.657606
1,650,199.916896
1,651,30.045326
1,652,259.848918
1,653,152.286372
1,654,262.079814
1,655,215.772363
1,656,77.227852
1,657,143.394824
1,658,31.357877
1,659,243.336134
1,660,394.231161
1,661,7.953171
1,662,147.436819
1,663,11.614292
1,664,80.317493
1,665,137.755626
1,666,70.291922
1,667,85.168538
1,668,25.606124
1,669,289.935887
1,670,66.724168
1,671,149.548512
1,672,172.892303
1,673,250.584608
1,674,65.453755
1,675,165.864189
1,676,89.429433
1,677,252.352038
1,678,78.729799
1,679,144.071792
1,680,61.059234
1,681,65.857948
1,682,288.911152
1,683,133.886274
1,684,292.405099
1,685,128.391842
1,686,64.269403
1,687,199.878878
1,688,241.722479
1,689,255.626960
1,690,418.236705
1,691,159.407551
1,692,59.414971
1,693,163.669513
1,694,265.826994
1,695,293.155836
1,696,220.035388
1,697,66.327978
1,698,206.515804
1,699,52.669566
1,700,259.683145
1,701,241.445401
1,702,151.379669
1,703,349.898578
1,704,64.009831
1,705,216.056533
1,706,842.801485
1,707,274.382567
1,708,4.880259
1,709,372.329991
1,710,170.841161
1,711,138.328911
1,712,314.406228
1,713,76.949468
1,714,246.604391
1,715,59.642472
1,716,114.054030
1,717,0.000000
1,718,236.405451
1,719,237.684441
1,720,32.013232
1,721,434.214098
1,722,184.061262
1,723,10.966810
1,724,125.501259
1,725,215.586407
1,726,0.000000
1,727,96.960792
1,728,154.963231
1,729,0.000000
1,730,90.464977
1,731,217.665774
1,732,239.849436
1,733,243.299023
1,734,236.473298
1,735,0.199095
1,736,90.558692
1,737,0.968368
1,738,249.215690
1,739,204.137129
1,740,204.783686
1,741,239.621967
1,742,313.889197
1,743,0.000000
1,744,251.149652
1,745,209.035266
1,746,63.684479
1,747,247.417458
1,748,301.659715
1,749,75.197171
1,750,237.649454
1,751,66.213165
1,752,226.829898
1,753,186.050210
1,754,64.981490
1,755,171.223175
1,756,55.807421
1,757,191.496988
1,758,89.074710
1,759,179.068592
1,760,64.024306
1,761,126.936948
1,762,260.478074
1,763,19.164230
1,764,212.006203
1,765,357.939086
1,766,50.715355
1,767,236.084698
1,768,219.359123
1,769,416.468005
1,770,0.597323
1,771,208.313218
1,772,222.269171
1,773,139.926133
1,774,91.204315
1,775,219.113657
1,776,300.568449
1,777,349.239435
1,778,66.327239
1,779,305.979019
1,780,60.239905
1,781,142.389136
1,782,341.744934
1,783,70.142310
1,784,319.297332
1,785,55.830169
1,786,156.209236
1,787,74.446976
1,788,334.964758
1,789,57.238924
1,790,130.990118
1,791,289.260730
1,792,307.996824
1,793,318.033573
1,794,504.104168
1,795,3.253764
1,796,261.029746
1,797,199.771741
1,798,328.970690
1,799,92.915417
1,800,279.502018
1,801,394.510620
1,802,122.483548
1,803,487.707953
1,804,358.849236
1,805,231.375786
1,806,332.310279
1,807,98.694245
1,808,323.647191
1,809,137.688643
1,810,97.094961
1,811,243.211918
1,812,111.371311
1,813,191.108692
1,814,400.721661
1,815,423.543615
1,816,389.468827
1,817,71.350421
1,818,455.929965
1,819,44.752542
1,820,209.650329
1,821,53.686465
1,822,114.949712
1,823,241.153546
1,824,201.089744
1,825,107.531537
1,826,378.405561
1,827,123.433635
1,828,256.854829
1,829,473.867716
1,830,353.105405
1,831,176.863121
1,832,123.740570
1,833,282.508322
1,834,262.308308
1,835,349.677497
1,836,114.352391
1,837,390.661696
1,838,318.627329
1,839,212.591262
1,840,168.417990
1,841,232.055255
1,842,354.735211
1,843,291.099958
1,844,220.818928
1,845,332.349885
1,846,382.066415
1,847,89.123357
1,848,254.198303
1,849,291.414669
1,850,329.553902
1,851,413.117015
1,852,300.016046
1,853,110.556890
1,854,367.409648
1,855,68.491241
1,856,62.619255
1,857,234.706910
1,858,100.762881
1,859,281.934727
1,860,354.956342
1,861,46.614381
1,862,0.000000
1,863,143.077986
1,864,67.515497
1,865,225.431316
1,866,108.870906
1,867,161.028067
1,868,43.288022
1,869,261.830530
1,870,38.594918
1,871,89.628314
1,872,222.539488
1,873,284.300662
1,874,16.184605
1,875,41.821758
1,876,310.066564
1,877,169.585948
1,878,267.167988
1,879,215.219852
1,880,234.601125
1,881,359.787876
1,882,288.330873
1,883,47.835726
1,884,242.917294
1,885,189.124871
1,886,387.701820
1,887,147.026822
1,888,340.099347
1,889,240.180022
1,890,112.521981
1,891,194.733219
1,892,84.669376
1,893,75.149450
1,894,386.672656
1,895,324.709971
1,896,172.435547
1,897,92.976786
1,898,171.766039
1,899,57.466599
1,900,277.359536
1,901,112.318919
1,902,201.117065
1,903,230.736004
1,904,253.003190
1,905,197.999022
1,906,180.082672
1,907,241.623983
1,908,99.151958
1,909,46.238655
1,910,263.512447
1,911,112.761386
1,912,114.414429
1,913,245.601779
1,914,92.771772
1,915,166.903955
1,916,102.127788
1,917,198.558725
1,918,116.339866
1,919,184.585526
1,920,132.589470
1,921,208.462526
1,922,54.257093
1,923,367.647546
1,924,163.237963
1,925,103.435517
1,926,203.288408
1,927,122.406395
1,928,227.419434
1,929,76.381212
1,930,194.025360
1,931,281.907096
1,932,159.011820
1,933,419.264055
1,934,102.116768
1,935,239.806719
1,936,282.800353
1,937,32.897379
1,938,42.404326
1,939,341.177293
1,940,126.071574
1,941,49.447050
1,942,274.559596
1,943,254.632158
1,944,89.962924
1,945,159.131118
1,946,69.236344
1,947,322.935278
1,948,351.136624
1,949,183.267977
1,950,550.050167
1,951,157.682161
1,952,387.088109
1,953,348.367019
1,954,404.217819
1,955,284.792453
1,956,54.545331
1,957,58.787924
1,958,156.199567
1,959,288.789083
1,960,66.522270
1,961,291.187917
1,962,177.276494
1,963,365.087838
1,964,266.952947
1,965,94.382897
1,966,53.908445
1,967,60.597365
1,968,393.357396
1,969,320.053012
1,970,98.311268
1,971,375.754198
1,972,127.320558
1,973,463.345273
1,974,355.890236
1,975,32.733675
1,976,329.126416
1,977,131.485600
1,978,286.147736
1,979,87.376727
1,980,153.872332
1,981,41.745385
1,982,487.008174
1,983,30.909938
1,984,199.638220
1,985,208.425880
1,986,112.101438
1,987,218.332588
1,988,353.508935
1,989,93.895709
1,990,361.566795
1,991,103.481144
1,992,188.112644
1,993,254.146463
1,994,131.577610
1,995,152.435571
1,996,135.841003
1,997,381.658506
1,998,430.443234
1,999,0.000000
1,1000,115.362340
1,1001,38.325295
1,1002,48.904579
1,1003,134.389891
1,1004,92.198888
1,1005,105.165577
1,1006,79.364282
1,1007,202.982020
1,1008,164.168845
1,1009,0.000000
1,1010,310.806191
1,1011,0.000000
1,1012,304.818919
1,1013,25.201215
1,1014,150.110616
1,1015,105.335803
1,1016,75.011184
1,1017,141.189662
1,1018,100.809801
1,1019,102.149418
1,1020,348.892035
1,1021,30.118940
1,1022,324.102374
1,1023,408.056289
1,1024,162.502051
1,1025,43.201439
1,1026,260.702994
1,1027,207.168995
1,1028,82.036305
1,1029,258.754963
1,1030,23.493234
1,1031,242.023666
1,1032,80.218888
1,1033,163.117837
1,1034,536.244924
1,1035,402.382685
1,1036,83.754399
1,1037,163.909472
1,1038,115.921392
1,1039,341.140982
1,1040,74.113670
1,1041,337.440010
1,1042,65.934048
1,1043,262.843221
1,1044,77.960821
1,1045,204.836296
1,1046,63.844601
1,1047,177.822610
1,1048,233.232067
1,1049,28.907301
1,1050,119.262361
1,1051,97.954328
1,1052,221.512587
1,1053,372.540632
1,1054,95.191662
1,1055,243.117969
1,1056,82.217223
1,1057,164.195480
1,1058,91.014875
1,1059,159.686075
1,1060,40.942922
1,1061,235.171464
1,1062,84.399394
1,1063,111.891599
1,1064,274.498431
1,1065,102.534667
1,1066,109.653032
1,1067,87.514277
1,1068,283.777587
1,1069,100.434799
1,1070,71.868800
1,1071,98.500760
1,1072,296.220637
1,1073,167.487460
1,1074,28.288618
1,1075,268.288609
1,1076,31.844567
1,1077,94.762473
1,1078,197.083090
1,1079,204.007621
1,1080,10.907795
1,1081,103.717116
1,1082,49.426276
1,1083,167.437417
1,1084,109.409399
1,1085,145.912692
1,1086,386.883514
1,1087,101.798766
1,1088,118.240831
1,1089,289.870198
1,1090,284.914173
1,1091,124.034121
1,1092,294.321501
1,1093,99.217695
1,1094,179.885839
1,1095,69.142019
1,1096,318.630759
1,1097,151.505808
1,1098,87.754058
1,1099,275.855932
1,1100,16.590207
1,1101,173.070851
1,1102,346.761634
1,1103,392.177287
1,1104,44.655380
1,1105,194.624332
1,1106,166.343522
1,1107,88.877498
1,1108,232.249100
1,1109,78.060954
1,1110,288.646797
1,1111,41.240474
1,1112,323.926010
1,1113,148.340376
1,1114,74.201500
1,1115,213.428365
1,1116,314.771165
1,1117,239.140283
1,1118,87.505048
1,1119,62.293754
1,1120,263.401389
1,1121,182.210539
1,1122,54.605024
1,1123,311.063805
1,1124,123.800216
1,1125,113.541263
1,1126,0.000000
1,1127,70.450312
1,1128,90.351622
1,1129,404.079299
1,1130,197.259484
1,1131,423.659271
1,1132,74.838606
1,1133,311.276429
1,1134,162.380042
1,1135,314.994881
1,1136,26.832818
1,1137,225.099890
1,1138,227.466937
1,1139,265.937974
1,1140,278.447237
1,1141,130.520903
1,1142,59.727140
1,1143,143.776549
1,1144,0.000000
1,1145,228.126652
1,1146,127.050127
1,1147,246.612773
1,1148,35.709991
1,1149,229.663123
1,1150,53.407060
1,1151,362.885826
1,1152,92.999139
1,1153,293.573060
1,1154,253.499566
1,1155,102.523493
1,1156,437.888156
1,1157,139.790962
1,1158,169.974166
1,1159,342.917891
1,1160,40.087701
1,1161,369.056978
1,1162,326.652399
1,1163,171.067152
1,1164,623.017178
1,1165,204.948006
1,1166,353.623849
1,1167,28.683199
1,1168,313.664746
1,1169,226.213168
1,1170,217.911384
1,1171,53.691430
1,1172,307.274012
1,1173,229.946743
1,1174,166.509054
1,1175,248.050910
1,1176,108.788465
1,1177,240.555904
1,1178,216.655377
1,1179,47.265789
1,1180,293.109233
1,1181,203.977625
1,1182,290.140119
1,1183,198.063998
1,1184,261.609748
1,1185,399.587787
1,1186,100.512990
1,1187,47.469825
1,1188,352.663643
1,1189,53.324448
1,1190,245.948430
1,1191,40.770258
1,1192,260.240231
1,1193,84.836951
1,1194,96.153216
1,1195,323.288928
1,1196,409.260435
1,1197,94.285287
1,1198,223.395424
1,1199,85.727588
1,1200,242.661277
1,1201,96.694581
1,1202,167.976713
1,1203,194.457259
1,1204,245.609377
1,1205,363.338288
1,1206,61.946323
1,1207,61.166381
1,1208,32.039960
1,1209,319.872490
1,1210,47.734405
1,1211,303.715060
1,1212,14.683219
1,1213,442.723824
1,1214,34.967147
1,1215,335.907115
1,1216,190.000656
1,1217,481.673544
1,1218,105.927818
1,1219,90.098710
1,1220,422.068907
1,1221,156.037500
1,1222,312.723808
1,1223,258.055064
1,1224,292.479115
1,1225,200.375971
1,1226,100.575871
1,1227,296.565393
1,1228,217.672755
1,1229,394.066412
1,1230,303.301748
1,1231,294.886754
1,1232,464.249799
1,1233,463.237670
1,1234,97.165716
1,1235,230.247309
1,1236,101.126465
1,1237,442.352366
1,1238,57.031081
1,1239,391.094943
1,1240,271.811287
1,1241,385.356635
1,1242,107.473464
1,1243,264.014094
1,1244,415.194656
1,1245,174.512407
1,1246,417.426104
1,1247,252.756935
1,1248,382.049856
1,1249,53.687372
1,1250,306.895598
1,1251,410.238278
1,1252,396.441777
1,1253,61.869883
1,1254,305.499020
1,1255,296.827622
1,1256,181.870155
1,1257,120.017326
1,1258,393.631284
1,1259,356.445777
1,1260,339.781591
1,1261,82.416024
1,1262,510.562001
1,1263,117.405472
1,1264,216.167681
1,1265,364.895489
1,1266,285.264411
1,1267,474.970889
1,1268,73.009133
1,1269,161.217594
1,1270,261.551703
1,1271,88.320015
1,1272,213.511367
1,1273,168.954031
1,1274,203.165827
1,1275,256.464645
1,1276,369.861973
1,1277,104.875548
1,1278,390.815109
1,1279,217.622891
1,1280,244.139800
1,1281,202.736282
1,1282,358.517121
1,1283,54.353049
1,1284,403.305609
1,1285,258.118100
1,1286,108.617792
1,1287,199.267963
1,1288,324.293534
1,1289,150.610912
1,1290,469.117321
1,1291,323.122297
1,1292,256.580868
1,1293,59.700995
1,1294,244.371299
1,1295,147.258792
1,1296,264.020190
1,1297,82.996196
1,1298,343.547376
1,1299,98.453419
1,1300,71.813284
1,1301,119.425691
1,1302,409.738942
1,1303,38.386236
1,1304,37.943719
1,1305,167.795542
1,1306,264.583636
1,1307,351.806358
1,1308,332.081831
1,1309,37.545874
1,1310,187.531694
1,1311,99.141909
1,1312,269.162401
1,1313,84.303964
1,1314,346.333433
1,1315,0.000000
1,1316,138.237151
1,1317,96.237430
1,1318,409.979176
1,1319,234.992901
1,1320,477.794426
1,1321,108.809972
1,1322,322.568138
1,1323,220.209728
1,1324,351.263243
1,1325,79.651296
1,1326,383.420445
1,1327,261.081123
1,1328,374.589385
1,1329,507.641963
1,1330,540.965099
1,1331,103.752477
1,1332,204.216998
1,1333,469.686400
1,1334,52.411140
1,1335,431.265241
1,1336,396.718291
1,1337,426.971928
1,1338,415.244855
1,1339,106.552177
1,1340,449.533737
1,1341,386.542613
1,1342,273.258188
1,1343,582.018701
1,1344,99.368880
1,1345,247.634066
1,1346,484.318522
1,1347,91.390138
1,1348,194.299150
1,1349,462.947511
1,1350,494.613974
1,1351,472.171902
1,1352,454.510287
1,1353,457.113118
1,1354,109.072710
1,1355,394.256894
1,1356,371.610660
1,1357,84.221124
1,1358,463.915919
1,1359,78.794685
1,1360,430.635248
1,1361,263.420872
1,1362,476.651941
1,1363,93.886883
1,1364,200.206769
1,1365,430.780599
1,1366,1043.963336
1,1367,258.192889
1,1368,384.483972
1,1369,151.355407
1,1370,453.890869
1,1371,112.557278
1,1372,333.081834
1,1373,413.347203
1,1374,195.629277
1,1375,79.547404
1,1376,392.831634
1,1377,343.708378
1,1378,447.588088
1,1379,112.931816
1,1380,374.939971
1,1381,596.837843
1,1382,155.849468
1,1383,139.505048
1,1384,258.872326
1,1385,55.036542
1,1386,570.006932
1,1387,660.633150
1,1388,105.143311
1,1389,513.468851
1,1390,369.020154
1,1391,528.620949
1,1392,103.235546
1,1393,244.603353
1,1394,463.908313
1,1395,382.015284
1,1396,442.435722
1,1397,128.703954
1,1398,402.321123
1,1399,387.426995
1,1400,71.588687
1,1401,371.713995
1,1402,303.725497
1,1403,98.224931
1,1404,408.096249
1,1405,251.684574
1,1406,373.631234
1,1407,183.610722
1,1408,220.832990
1,1409,299.491528
1,1410,107.122707
1,1411,501.600125
1,1412,306.797893
1,1413,501.006910
1,1414,423.396859
1,1415,37.923032
1,1416,216.808677
1,1417,103.787782
1,1418,42.739067
1,1419,475.455256
1,1420,363.922888
1,1421,95.947024
1,1422,283.609271
1,1423,230.886190
1,1424,406.160826
1,1425,93.332211
1,1426,0.000000
1,1427,200.038628
1,1428,372.260990
1,1429,396.417672
1,1430,99.490435
1,1431,296.481806
1,1432,96.094776
1,1433,357.916131
1,1434,427.726310
1,1435,330.082700
1,1436,158.857040
1,1437,363.324519
1,1438,166.297089
1,1439,88.800055
1,1440,349.690636
1,1441,89.517259
1,1442,360.869348
1,1443,362.918182
1,1444,393.627759
1,1445,157.921290
1,1446,391.038649
1,1447,239.458167
1,1448,214.270855
1,1449,284.193147
1,1450,112.027741
1,1451,354.846693
1,1452,145.192822
1,1453,183.995455
1,1454,54.092623
1,1455,201.654353
1,1456,317.770339
1,1457,166.635977
1,1458,380.549634
1,1459,337.265277
1,1460,90.378201
1,1461,342.784445
1,1462,389.793035
1,1463,92.901025
1,1464,258.779940
1,1465,231.930664
1,1466,166.725986
1,1467,460.785578
1,1468,17.947567
1,1469,182.516993
1,1470,371.726041
1,1471,202.156202
1,1472,358.220067
1,1473,160.808504
1,1474,513.343164
1,1475,48.899050
1,1476,336.281272
1,1477,326.392114
1,1478,115.424332
1,1479,278.700177
1,1480,25.354317
1,1481,289.108381
1,1482,0.000000
1,1483,143.098348
1,1484,283.246560
1,1485,229.998080
1,1486,109.404819
1,1487,299.740647
1,1488,283.070549
1,1489,366.763956
1,1490,431.501191
1,1491,180.372178
1,1492,110.847078
1,1493,386.084075
1,1494,318.970536
1,1495,206.124599
1,1496,193.175073
1,1497,99.367640
1,1498,266.616715
1,1499,232.744534
1,1500,464.936122
1,1501,73.215642
1,1502,155.130640
1,1503,497.806950
1,1504,105.548642
1,1505,116.681590
1,1506,178.992979
1,1507,60.159789
1,1508,375.763063
1,1509,91.439223
1,1510,275.648311
1,1511,100.433193
1,1512,467.124372
1,1513,146.389575
1,1514,0.000000
1,1515,174.245930
1,1516,0.000000
1,1517,305.331297
1,1518,161.079882
1,1519,335.410786
1,1520,34.959198
1,1521,288.853088
1,1522,82.817399
1,1523,448.155608
1,1524,488.570437
1,1525,21.196597
1,1526,319.350963
1,1527,193.757077
1,1528,450.397845
1,1529,92.200259
1,1530,234.050036
1,1531,343.413667
1,1532,77.245303
1,1533,88.849742
1,1534,449.944406
1,1535,78.618642
1,1536,222.643515
1,1537,396.635767
1,1538,262.890115
1,1539,772.120667
1,1540,267.018122
1,1541,167.495191
1,1542,274.434917
1,1543,395.064405
1,1544,64.813715
1,1545,5.593491
1,1546,306.882862
1,1547,493.187483
1,1548,75.442340
1,1549,266.427933
1,1550,85.967855
1,1551,375.340715
1,1552,210.644098
1,1553,86.563467
1,1554,157.185165
1,1555,95.868294
1,1556,305.057756
1,1557,412.367239
1,1558,94.040777
1,1559,374.997058
1,1560,215.079431
1,1561,452.883517
1,1562,103.026228
1,1563,381.372133
1,1564,323.806075
1,1565,527.229460
1,1566,199.968267
1,1567,108.068675
1,1568,540.696637
1,1569,289.002538
1,1570,39.457165
1,1571,352.662337
1,1572,296.374767
1,1573,506.020696
1,1574,63.208453
1,1575,250.428255
1,1576,504.905454
1,1577,379.679045
1,1578,173.395458
1,1579,384.778783
1,1580,64.154352
1,1581,128.610809
1,1582,316.397905
1,1583,84.688764
1,1584,200.498789
1,1585,94.224036
1,1586,499.324327
1,1587,130.210342
1,1588,472.925634
1,1589,187.267404
1,1590,202.130556
1,1591,358.724204
1,1592,74.322104
1,1593,205.477154
1,1594,107.321588
1,1595,427.443814
1,1596,30.221875
1,1597,229.665856
1,1598,100.505131
1,1599,419.207880
1,1600,156.666312
1,1601,54.647034
1,1602,159.283310
1,1603,252.330306
1,1604,209.066235
1,1605,76.853600
1,1606,432.556298
1,1607,85.791404
1,1608,383.347776
1,1609,347.909515
1,1610,74.758738
1,1611,185.857502
1,1612,41.144047
1,1613,42.287096
1,1614,424.164862
1,1615,64.288095
1,1616,41.143588
1,1617,363.628231
1,1618,86.691843
1,1619,262.341249
1,1620,106.725792
1,1621,97.758775
1,1622,338.278131
1,1623,356.495866
1,1624,308.551378
1,1625,275.352032
1,1626,210.756845
1,1627,435.519303
1,1628,89.727516
1,1629,480.801825
1,1630,232.554179
1,1631,72.300183
1,1632,366.542368
1,1633,323.601826
1,1634,446.323538
1,1635,75.352860
1,1636,263.155924
1,1637,211.129004
1,1638,303.527448
1,1639,349.793049
1,1640,117.465531
1,1641,236.676459
1,1642,32.546768
1,1643,283.748800
1,1644,42.400480
1,1645,107.494784
1,1646,223.740349
1,1647,217.849315
1,1648,272.480882
1,1649,8.571867
1,1650,119.529439
1,1651,54.509764
1,1652,311.268592
1,1653,8.571867
1,1654,118.454588
1,1655,0.000000
1,1656,263.932249
1,1657,93.939379
1,1658,0.000000
1,1659,132.434321
1,1660,139.577581
1,1661,127.418633
1,1662,20.448835
1,1663,201.088811
1,1664,82.078723
1,1665,264.401793
1,1666,337.435532
1,1667,45.201762
1,1668,118.310501
1,1669,59.432340
1,1670,48.573213
1,1671,187.370264
1,1672,70.851335
1,1673,302.865199
1,1674,331.101655
1,1675,87.601446
1,1676,264.042109
1,1677,316.309527
1,1678,102.803724
1,1679,308.369317
1,1680,85.136818
1,1681,122.560192
1,1682,365.843120
1,1683,37.623393
1,1684,0.000000
1,1685,179.431961
1,1686,22.284590
1,1687,242.691897
1,1688,17.357479
1,1689,49.964750
1,1690,262.716725
1,1691,238.846077
1,1692,58.032630
1,1693,460.351170
1,1694,333.691802
1,1695,31.860931
1,1696,191.053574
1,1697,161.436072
1,1698,324.571052
1,1699,307.155190
1,1700,316.111630
1,1701,278.127719
1,1702,500.533480
1,1703,96.839064
1,1704,371.186094
1,1705,82.966247
1,1706,37.390440
1,1707,340.508810
1,1708,76.156652
1,1709,157.669716
1,1710,242.567629
1,1711,191.645928
1,1712,324.902975
1,1713,149.037728
1,1714,171.173181
1,1715,259.408478
1,1716,197.437223
1,1717,173.390628
1,1718,498.249999
1,1719,1.466535
1,1720,117.116156
1,1721,362.863336
1,1722,497.500301
1,1723,314.177129
1,1724,39.230331
1,1725,347.652749
1,1726,27.753552
1,1727,436.731558
1,1728,263.452204
1,1729,439.222969
1,1730,144.651750
1,1731,387.648304
1,1732,70.421867
1,1733,188.000316
1,1734,262.386263
1,1735,29.102448
1,1736,386.565597
1,1737,56.274776
1,1738,191.661626
1,1739,395.735033
1,1740,450.122972
1,1741,177.540748
1,1742,90.676766
1,1743,377.630589
1,1744,209.632143
1,1745,32.659656
1,1746,319.489926
1,1747,392.565998
1,1748,94.205808
1,1749,393.541139
1,1750,83.118113
1,1751,414.221619
1,1752,94.768311
1,1753,410.470926
1,1754,197.997883
1,1755,218.455457
1,1756,332.059173
1,1757,142.536367
1,1758,231.038519
1,1759,85.998836
1,1760,414.595297
1,1761,50.083392
1,1762,179.195680
1,1763,96.486219
1,1764,130.169878
1,1765,323.222761
1,1766,58.637909
1,1767,229.769490
1,1768,310.378813
1,1769,25.977046
1,1770,423.596501
1,1771,86.064482
1,1772,89.410955
1,1773,427.289441
1,1774,80.727489
1,1775,29.068095
1,1776,270.078452
1,1777,326.101366
1,1778,73.603806
1,1779,294.378595
1,1780,321.277521
1,1781,433.152200
1,1782,256.275658
1,1783,39.230331
1,1784,232.144178
1,1785,0.000000
1,1786,39.290959
1,1787,24.618884
1,1788,220.728080
1,1789,34.682694
1,1790,238.667569
1,1791,129.831830
1,1792,82.241206
1,1793,136.466391
1,1794,165.663953
1,1795,95.050333
1,1796,298.360813
1,1797,331.496135
1,1798,74.801234
1,1799,171.703030
1,1800,148.383860
1,1801,318.093348
1,1802,32.391433
1,1803,316.001385
1,1804,338.094471
1,1805,17.893793
1,1806,69.287686
1,1807,402.681813
1,1808,402.808403
1,1809,66.964122
1,1810,75.966656
1,1811,170.890959
1,1812,205.816686
1,1813,80.728600
1,1814,118.274499
1,1815,368.008907
1,1816,81.048032
1,1817,0.000000
1,1818,231.824224
1,1819,421.610375
1,1820,224.258676
1,1821,445.590557
1,1822,108.783884
1,1823,373.866368
1,1824,374.946586
1,1825,130.089251
1,1826,427.377094
1,1827,5.103448
1,1828,133.538623
1,1829,417.508411
1,1830,194.404796
1,1831,346.293030
1,1832,100.403067
1,1833,455.261835
1,1834,279.687898
1,1835,79.193354
1,1836,146.860017
1,1837,305.695210
1,1838,56.314824
1,1839,393.267191
1,1840,89.579089
1,1841,309.669327
1,1842,285.973237
1,1843,195.897778
1,1844,481.389511
1,1845,0.000000
1,1846,328.496085
1,1847,250.508838
1,1848,317.551866
1,1849,270.177539
1,1850,171.010475
1,1851,351.488135
1,1852,78.409953
1,1853,343.280531
1,1854,91.313339
1,1855,444.535292
1,1856,329.271181
1,1857,72.215592
1,1858,296.351408
1,1859,84.651589
1,1860,324.858243
1,1861,84.852763
1,1862,245.149901
1,1863,289.862478
1,1864,18.605237
1,1865,284.422168
1,1866,277.288214
1,1867,367.175150
1,1868,70.776128
1,1869,326.137770
1,1870,67.719180
1,1871,213.302427
1,1872,75.092621
1,1873,213.880376
1,1874,513.127035
1,1875,54.445450
1,1876,333.677640
1,1877,317.310321
1,1878,435.335211
1,1879,66.618001
1,1880,460.820709
1,1881,334.387452
1,1882,62.503238
1,1883,139.951775
1,1884,524.961562
1,1885,605.295848
1,1886,3.253764
1,1887,308.951818
1,1888,239.261171
1,1889,367.637429
1,1890,92.915417
1,1891,324.544653
1,1892,503.517910
1,1893,122.483548
1,1894,551.261262
1,1895,347.742835
1,1896,202.992756
1,1897,354.317404
1,1898,98.694245
1,1899,234.795966
1,1900,116.092855
1,1901,97.094961
1,1902,202.899779
1,1903,224.286415
1,1904,304.023796
1,1905,420.260703
1,1906,440.203212
1,1907,506.497413
1,1908,126.471098
1,1909,578.511756
1,1910,111.185288
1,1911,259.217801
1,1912,95.026973
1,1913,35.353820
1,1914,270.153598
1,1915,210.139408
1,1916,107.531537
1,1917,355.987091
1,1918,123.433635
1,1919,190.216406
1,1920,868.762063
1,1921,424.268664
1,1922,234.657557
1,1923,123.740570
1,1924,630.097629
1,1925,326.067294
1,1926,292.500084
1,1927,114.352391
1,1928,376.881527
1,1929,352.357886
1,1930,282.726145
1,1931,220.659221
1,1932,343.324967
1,1933,325.118127
1,1934,258.397769
1,1935,188.939439
1,1936,367.314479
1,1937,300.825123
1,1938,89.123357
1,1939,214.091841
1,1940,239.584783
1,1941,161.518122
1,1942,387.613414
1,1943,228.441441
1,1944,76.414987
1,1945,360.828066
1,1946,95.640233
1,1947,115.888854
1,1948,173.416023
1,1949,100.762881
1,1950,267.743212
1,1951,337.474045
1,1952,46.614381
1,1953,183.840810
1,1954,227.610069
1,1955,67.515497
1,1956,256.488114
1,1957,151.445450
1,1958,291.014122
1,1959,87.507958
1,1960,493.213942
1,1961,216.503045
1,1962,89.628314
1,1963,314.887173
1,1964,325.846838
1,1965,87.553533
1,1966,41.821758
1,1967,292.584267
1,1968,222.238525
1,1969,378.437692
1,1970,294.198722
1,1971,234.601125
1,1972,428.688721
1,1973,288.330873
1,1974,47.835726
1,1975,242.917294
1,1976,281.266887
1,1977,472.233903
1,1978,190.629735
1,1979,508.340804
1,1980,313.811364
1,1981,112.521981
1,1982,194.733219
1,1983,84.669376
1,1984,146.312709
1,1985,401.481193
1,1986,464.568390
1,1987,360.421706
1,1988,92.976786
1,1989,253.624354
1,1990,57.466599
1,1991,539.594069
1,1992,112.318919
1,1993,310.535709
1,1994,287.502063
1,1995,330.542337
1,1996,197.999022
1,1997,307.600636
1,1998,412.744868
1,1999,63.158978
1,2000,46.238655
1,2001,412.420522
1,2002,112.761386
1,2003,154.726559
1,2004,336.921095
1,2005,92.771772
1,2006,454.642089
1,2007,102.127788
1,2008,460.998926
1,2009,281.290532
1,2010,288.656643
1,2011,160.149808
1,2012,363.540828
1,2013,54.257093
1,2014,470.895963
1,2015,163.237963
1,2016,252.754945
1,2017,263.139572
1,2018,122.406395
1,2019,555.675367
1,2020,76.381212
1,2021,270.947493
1,2022,349.985242
1,2023,159.011820
1,2024,548.838756
1,2025,102.116768
1,2026,260.785484
1,2027,326.608943
1,2028,121.337267
1,2029,178.766277
1,2030,393.624201
1,2031,191.064606
1,2032,86.879735
1,2033,314.254703
1,2034,268.206650
1,2035,26.615283
1,2036,126.017584
1,2037,69.236344
1,2038,274.601852
1,2039,341.264269
1,2040,220.495002
1,2041,550.050167
1,2042,201.490751
1,2043,486.428721
1,2044,437.218244
1,2045,445.558326
1,2046,369.941550
1,2047,91.361002
1,2048,210.369767
1,2049,283.511863
1,2050,294.342288
1,2051,107.862769
1,2052,332.734093
1,2053,145.602682
1,2054,352.336037
1,2055,325.981420
1,2056,220.666816
1,2057,111.497204
1,2058,111.810219
1,2059,375.052399
1,2060,392.244648
1,2061,98.311268
1,2062,375.754198
1,2063,127.320558
1,2064,432.905498
1,2065,355.067536
1,2066,103.279912
1,2067,264.544738
1,2068,131.485600
1,2069,344.970540
1,2070,87.376727
1,2071,247.659739
1,2072,41.745385
1,2073,631.185743
1,2074,91.995165
1,2075,233.163100
1,2076,250.383410
1,2077,200.746986
1,2078,218.332588
1,2079,462.104888
1,2080,93.895709
1,2081,460.907415
1,2082,242.516855
1,2083,430.396780
1,2084,303.508249
1,2085,200.067093
1,2086,226.889612
1,2087,162.167296
1,2088,417.857154
1,2089,610.202429
1,2090,116.192073
1,2091,360.114576
1,2092,104.758032
1,2093,118.216770
1,2094,436.525217
1,2095,168.298321
1,2096,163.988381
1,2097,171.917652
1,2098,202.982020
1,2099,280.169063
1,2100,33.141522
1,2101,467.118539
1,2102,111.085842
1,2103,512.138444
1,2104,80.733228
1,2105,243.692354
1,2106,105.335803
1,2107,75.011184
1,2108,110.132865
1,2109,100.809801
1,2110,102.149418
1,2111,292.948659
1,2112,30.118940
1,2113,324.102374
1,2114,476.340103
1,2115,184.509184
1,2116,82.073855
1,2117,297.107311
1,2118,297.048597
1,2119,82.036305
1,2120,329.095514
1,2121,23.493234
1,2122,277.193937
1,2123,80.218888
1,2124,167.848342
1,2125,490.790934
1,2126,318.673311
1,2127,83.754399
1,2128,138.817225
1,2129,147.595204
1,2130,155.005882
1,2131,74.113670
1,2132,194.907831
1,2133,65.934048
1,2134,140.467099
1,2135,31.478463
1,2136,240.829267
1,2137,172.440554
1,2138,348.532150
1,2139,299.664821
1,2140,55.233585
1,2141,198.652576
1,2142,318.437016
1,2143,311.597866
1,2144,533.172139
1,2145,188.567732
1,2146,334.848639
1,2147,82.217223
1,2148,354.855416
1,2149,176.780995
1,2150,410.197184
1,2151,40.942922
1,2152,308.802814
1,2153,84.399394
1,2154,111.891599
1,2155,242.824611
1,2156,102.534667
1,2157,109.653032
1,2158,134.407989
1,2159,283.777587
1,2160,100.434799
1,2161,213.166933
1,2162,98.500760
1,2163,377.256243
1,2164,167.487460
1,2165,156.834951
1,2166,423.366911
1,2167,128.305742
1,2168,71.726963
1,2169,396.381336
1,2170,403.100190
1,2171,187.170531
1,2172,250.979799
1,2173,93.851897
1,2174,307.707190
1,2175,163.501707
1,2176,206.380887
1,2177,541.344785
1,2178,101.798766
1,2179,174.595544
1,2180,476.210975
1,2181,351.552604
1,2182,124.034121
1,2183,294.321501
1,2184,99.217695
1,2185,213.410719
1,2186,76.957638
1,2187,445.120363
1,2188,607.896736
1,2189,146.576871
1,2190,379.104349
1,2191,106.264132
1,2192,284.340555
1,2193,407.024152
1,2194,423.851108
1,2195,89.492338
1,2196,244.808826
1,2197,191.435761
1,2198,88.877498
1,2199,341.873422
1,2200,78.060954
1,2201,443.519422
1,2202,106.644860
1,2203,460.287961
1,2204,148.340376
1,2205,122.329249
1,2206,321.818632
1,2207,491.856601
1,2208,345.473814
1,2209,87.505048
1,2210,92.733512
1,2211,426.500987
1,2212,319.395190
1,2213,129.676080
1,2214,366.184481
1,2215,229.311047
1,2216,113.541263
1,2217,830.293941
1,2218,151.691604
1,2219,25.769953
1,2220,498.483729
1,2221,309.968911
1,2222,526.907696
1,2223,74.838606
1,2224,358.581478
1,2225,231.075202
1,2226,236.633034
1,2227,85.449954
1,2228,230.447409
1,2229,308.913906
1,2230,374.122573
1,2231,401.029028
1,2232,347.712792
1,2233,59.727140
1,2234,190.053230
1,2235,92.990780
1,2236,261.034518
1,2237,191.837473
1,2238,376.598845
1,2239,91.859035
1,2240,229.663123
1,2241,95.775927
1,2242,362.885826
1,2243,92.999139
1,2244,337.175973
1,2245,253.499566
1,2246,102.523493
1,2247,437.888156
1,2248,222.883322
1,2249,228.385625
1,2250,395.776144
1,2251,40.087701
1,2252,369.056978
1,2253,326.652399
1,2254,272.670177
1,2255,594.017125
1,2256,204.948006
1,2257,323.595429
1,2258,99.435104
1,2259,266.771051
1,2260,202.560644
1,2261,217.911384
1,2262,96.265975
1,2263,333.805974
1,2264,269.847527
1,2265,292.381627
1,2266,248.050910
1,2267,108.788465
1,2268,325.293655
1,2269,260.669644
1,2270,47.265789
1,2271,319.229849
1,2272,205.005993
1,2273,290.140119
1,2274,201.766134
1,2275,338.943218
1,2276,484.736875
1,2277,206.023829
1,2278,47.469825
1,2279,500.543341
1,2280,88.494728
1,2281,403.083469
1,2282,77.997275
1,2283,417.992301
1,2284,84.836951
1,2285,96.153216
1,2286,316.707355
1,2287,409.260435
1,2288,94.285287
1,2289,223.395424
1,2290,52.408377
1,2291,279.888294
1,2292,142.559916
1,2293,167.976713
1,2294,139.747945
1,2295,139.481515
1,2296,388.430535
1,2297,92.180421
1,2298,93.045870
1,2299,77.288272
1,2300,402.553496
1,2301,87.429504
1,2302,313.587424
1,2303,73.506032
1,2304,379.993215
1,2305,102.839615
1,2306,283.460207
1,2307,267.128449
1,2308,500.801241
1,2309,153.849898
1,2310,90.098710
1,2311,349.465934
1,2312,156.037500
1,2313,300.383370
1,2314,258.055064
1,2315,250.110239
1,2316,277.915126
1,2317,100.575871
1,2318,380.686121
1,2319,221.580560
1,2320,406.612535
1,2321,293.018038
1,2322,333.964839
1,2323,431.958964
1,2324,503.755469
1,2325,97.165716
1,2326,342.956744
1,2327,101.126465
1,2328,533.260336
1,2329,97.960242
1,2330,395.825448
1,2331,271.811287
1,2332,499.300116
1,2333,107.473464
1,2334,234.602696
1,2335,474.634483
1,2336,174.512407
1,2337,595.539908
1,2338,631.608716
1,2339,618.575118
1,2340,53.687372
1,2341,419.399348
1,2342,374.450975
1,2343,501.335593
1,2344,105.884141
1,2345,384.272212
1,2346,392.260420
1,2347,223.004985
1,2348,120.017326
1,2349,401.241226
1,2350,403.545157
1,2351,360.349019
1,2352,114.501190
1,2353,503.774751
1,2354,117.405472
1,2355,292.061437
1,2356,531.080201
1,2357,301.924017
1,2358,570.609364
1,2359,109.413458
1,2360,477.955772
1,2361,513.091172
1,2362,88.320015
1,2363,369.823723
1,2364,585.032812
1,2365,399.584628
1,2366,448.358618
1,2367,417.372699
1,2368,104.875548
1,2369,381.765445
1,2370,288.991819
1,2371,244.139800
1,2372,231.736334
1,2373,387.311505
1,2374,54.353049
1,2375,467.887278
1,2376,337.919669
1,2377,108.617792
1,2378,324.729190
1,2379,419.932010
1,2380,184.341470
1,2381,460.067657
1,2382,472.030372
1,2383,398.290347
1,2384,59.700995
1,2385,286.534498
1,2386,182.429072
1,2387,331.481313
1,2388,82.996196
1,2389,450.909275
1,2390,170.233693
1,2391,110.480023
1,2392,119.425691
1,2393,438.739003
1,2394,91.450167
1,2395,37.943719
1,2396,189.185653
1,2397,393.952668
1,2398,826.502275
1,2399,334.549922
1,2400,88.964406
1,2401,497.276953
1,2402,0.000000
1,2403,269.162401
1,2404,223.751029
1,2405,421.610175
1,2406,109.370897
1,2407,523.259151
1,2408,96.237430
1,2409,418.411809
1,2410,296.900811
1,2411,307.496240
1,2412,108.809972
1,2413,289.043249
1,2414,220.209728
1,2415,533.284852
1,2416,108.239994
1,2417,580.661954
1,2418,261.081123
1,2419,374.589385
1,2420,467.124164
1,2421,475.355045
1,2422,103.752477
1,2423,260.777380
1,2424,496.424030
1,2425,52.411140
1,2426,429.619850
1,2427,396.718291
1,2428,426.971928
1,2429,392.620690
1,2430,106.552177
1,2431,401.405988
1,2432,339.648910
1,2433,273.258188
1,2434,505.507922
1,2435,99.368880
1,2436,247.634066
1,2437,488.432004
1,2438,91.390138
1,2439,212.809816
1,2440,485.983013
1,2441,535.748804
1,2442,472.171902
1,2443,419.957030
1,2444,400.552719
1,2445,83.569117
1,2446,361.966051
1,2447,244.092696
1,2448,84.221124
1,2449,280.865925
1,2450,78.794685
1,2451,322.244972
1,2452,198.633526
1,2453,489.198056
1,2454,93.886883
1,2455,247.511818
1,2456,493.099863
1,2457,1122.119505
1,2458,211.710540
1,2459,293.370325
1,2460,151.355407
1,2461,359.897785
1,2462,112.557278
1,2463,426.663564
1,2464,555.262359
1,2465,192.955518
1,2466,111.221224
1,2467,386.250061
1,2468,275.630241
1,2469,359.559554
1,2470,112.931816
1,2471,259.351108
1,2472,534.518571
1,2473,155.849468
1,2474,213.959090
1,2475,148.219645
1,2476,55.036542
1,2477,383.666163
1,2478,371.249633
1,2479,105.143311
1,2480,111.170231
1,2481,0.000000
1,2482,414.883145
1,2483,103.235546
1,2484,222.596220
1,2485,414.546519
1,2486,390.859263
1,2487,441.407354
1,2488,128.703954
1,2489,386.895563
1,2490,527.079746
1,2491,96.680934
1,2492,460.770897
1,2493,322.647525
1,2494,98.224931
1,2495,425.372869
1,2496,223.507213
1,2497,308.432534
1,2498,152.965279
1,2499,247.364951
1,2500,229.767991
1,2501,107.122707
1,2502,504.479561
1,2503,251.677225
1,2504,465.425276
1,2505,505.049488
1,2506,37.923032
1,2507,411.582087
1,2508,103.787782
1,2509,42.739067
1,2510,399.561501
1,2511,342.327100
1,2512,95.947024
1,2513,274.353930
1,2514,284.567135
1,2515,395.054425
1,2516,93.332211
1,2517,30.123984
1,2518,392.755301
1,2519,472.424293
1,2520,394.360927
1,2521,99.490435
1,2522,344.198209
1,2523,96.094776
1,2524,390.206965
1,2525,480.790232
1,2526,385.820399
1,2527,193.615965
1,2528,357.565637
1,2529,166.297089
1,2530,59.388657
1,2531,349.690636
1,2532,89.517259
1,2533,377.734631
1,2534,396.237394
1,2535,534.308869
1,2536,157.921290
1,2537,465.081345
1,2538,282.444074
1,2539,557.952340
1,2540,444.618977
1,2541,112.027741
1,2542,145.264746
1,2543,155.682200
1,2544,435.946286
1,2545,80.830261
1,2546,174.299692
1,2547,292.266746
1,2548,225.870127
1,2549,446.776703
1,2550,380.045498
1,2551,90.378201
1,2552,342.167422
1,2553,291.480800
1,2554,92.901025
1,2555,353.390047
1,2556,447.682839
1,2557,170.839477
1,2558,124.302681
1,2559,224.650078
1,2560,193.829071
1,2561,357.740195
1,2562,202.156202
1,2563,384.340691
1,2564,160.808504
1,2565,246.789472
1,2566,48.899050
1,2567,402.919695
1,2568,281.143801
1,2569,115.424332
1,2570,328.679003
1,2571,94.666508
1,2572,409.222081
1,2573,156.088190
1,2574,237.914123
1,2575,304.019648
1,2576,229.998080
1,2577,66.007575
1,2578,333.471213
1,2579,334.694757
1,2580,402.962604
1,2581,445.075683
1,2582,366.301601
1,2583,85.754831
1,2584,451.282767
1,2585,265.289582
1,2586,254.046679
1,2587,270.919897
1,2588,99.367640
1,2589,336.340252
1,2590,433.688171
1,2591,534.042636
1,2592,73.215642
1,2593,449.861684
1,2594,434.870664
1,2595,105.548642
1,2596,127.376646
1,2597,557.433389
1,2598,98.415182
1,2599,443.841200
1,2600,91.439223
1,2601,341.052697
1,2602,76.574991
1,2603,443.883201
1,2604,404.921972
1,2605,165.978702
1,2606,197.692778
1,2607,209.505976
1,2608,400.352749
1,2609,286.129755
1,2610,462.311728
1,2611,223.973735
1,2612,418.016452
1,2613,82.817399
1,2614,404.758364
1,2615,441.059711
1,2616,87.835020
1,2617,357.400671
1,2618,256.487687
1,2619,457.596441
1,2620,92.200259
1,2621,453.710024
1,2622,500.343038
1,2623,77.245303
1,2624,88.849742
1,2625,470.100471
1,2626,78.618642
1,2627,222.643515
1,2628,384.500998
1,2629,229.982249
1,2630,800.915050
1,2631,341.677841
1,2632,262.927998
1,2633,319.888898
1,2634,572.972541
1,2635,64.813715
1,2636,5.593491
1,2637,448.386672
1,2638,442.797320
1,2639,75.442340
1,2640,273.420852
1,2641,85.967855
1,2642,522.603407
1,2643,450.665829
1,2644,86.563467
1,2645,216.624992
1,2646,95.868294
1,2647,376.221015
1,2648,435.608418
1,2649,94.040777
1,2650,409.138961
1,2651,248.398651
1,2652,426.762901
1,2653,103.026228
1,2654,381.372133
1,2655,552.515719
1,2656,460.796706
1,2657,162.741242
1,2658,82.153728
1,2659,392.816922
1,2660,350.087756
1,2661,39.457165
1,2662,352.662337
1,2663,296.374767
1,2664,376.651655
1,2665,63.208453
1,2666,83.009498
1,2667,67.847908
1,2668,38.465651
1,2669,109.430795
1,2670,466.225752
1,2671,39.473459
1,2672,217.256357
1,2673,346.220657
1,2674,84.688764
1,2675,318.761420
1,2676,94.224036
1,2677,520.920115
1,2678,73.444283
1,2679,249.563517
1,2680,124.742472
1,2681,96.414057
1,2682,393.688807
1,2683,74.322104
1,2684,248.668721
1,2685,77.704505
1,2686,429.089205
1,2687,30.221875
1,2688,360.680288
1,2689,100.505131
1,2690,250.349417
1,2691,156.666312
1,2692,82.001695
1,2693,144.269095
1,2694,156.280477
1,2695,231.073368
1,2696,86.725964
1,2697,508.861399
1,2698,85.791404
1,2699,428.184743
1,2700,386.370594
1,2701,98.411263
1,2702,331.063449
1,2703,88.654782
1,2704,127.230516
1,2705,471.881265
1,2706,87.323597
1,2707,41.143588
1,2708,433.968782
1,2709,86.691843
1,2710,289.695910
1,2711,144.158486
1,2712,97.758775
1,2713,313.391561
1,2714,335.517101
1,2715,344.338680
1,2716,323.068435
1,2717,286.650601
1,2718,464.108009
1,2719,89.727516
1,2720,445.220199
1,2721,320.582704
1,2722,106.853440
1,2723,453.953879
1,2724,359.594805
1,2725,475.940613
1,2726,154.948761
1,2727,201.248005
1,2728,211.129004
1,2729,365.024012
1,2730,349.793049
1,2731,157.160638
1,2732,218.988476
1,2733,32.546768
1,2734,322.826885
1,2735,70.577841
1,2736,150.275005
1,2737,267.548939
1,2738,139.487468
1,2739,272.480882
1,2740,8.571867
1,2741,181.643034
1,2742,54.509764
1,2743,396.417689
1,2744,8.571867
1,2745,247.206598
1,2746,67.970234
1,2747,320.081294
1,2748,133.017464
1,2749,66.103893
1,2750,142.718031
1,2751,238.506847
1,2752,157.447062
1,2753,56.236138
1,2754,196.769660
1,2755,82.078723
1,2756,213.805953
1,2757,333.733395
1,2758,108.549394
1,2759,161.913422
1,2760,284.645533
1,2761,48.573213
1,2762,497.526868
1,2763,98.617350
1,2764,513.269846
1,2765,468.903337
1,2766,87.601446
1,2767,236.481779
1,2768,323.508123
1,2769,102.803724
1,2770,239.262803
1,2771,85.136818
1,2772,122.560192
1,2773,500.354011
1,2774,85.956819
1,2775,34.764829
1,2776,420.893397
1,2777,88.511659
1,2778,343.266554
1,2779,154.542130
1,2780,86.163406
1,2781,401.341090
1,2782,306.924214
1,2783,105.543357
1,2784,486.266117
1,2785,489.798473
1,2786,79.988679
1,2787,396.316362
1,2788,396.315944
1,2789,310.790883
1,2790,312.502717
1,2791,316.111630
1,2792,241.517725
1,2793,474.618542
1,2794,96.839064
1,2795,459.008959
1,2796,82.966247
1,2797,37.390440
1,2798,340.508810
1,2799,76.156652
1,2800,157.669716
1,2801,274.652795
1,2802,195.348073
1,2803,308.037692
1,2804,149.037728
1,2805,130.449705
1,2806,224.649544
1,2807,157.330770
1,2808,198.071530
1,2809,363.739116
1,2810,61.729054
1,2811,53.974201
1,2812,363.891705
1,2813,468.088894
1,2814,345.028241
1,2815,39.230331
1,2816,347.652749
1,2817,61.484109
1,2818,470.462115
1,2819,263.452204
1,2820,473.981895
1,2821,197.921358
1,2822,322.449595
1,2823,70.421867
1,2824,175.042847
1,2825,321.620422
1,2826,29.102448
1,2827,439.629528
1,2828,82.806746
1,2829,191.661626
1,2830,466.075592
1,2831,450.122972
1,2832,218.881247
1,2833,90.676766
1,2834,403.339859
1,2835,235.547081
1,2836,32.659656
1,2837,384.894303
1,2838,455.913630
1,2839,94.205808
1,2840,393.541139
1,2841,83.118113
1,2842,518.087067
1,2843,94.768311
1,2844,380.853851
1,2845,197.997883
1,2846,230.384558
1,2847,364.967031
1,2848,192.103838
1,2849,284.308119
1,2850,85.998836
1,2851,479.999674
1,2852,80.934521
1,2853,176.727589
1,2854,144.819645
1,2855,172.333076
1,2856,444.570506
1,2857,96.893302
1,2858,308.131337
1,2859,503.918186
1,2860,25.977046
1,2861,515.944194
1,2862,86.064482
1,2863,89.410955
1,2864,397.261020
1,2865,80.727489
1,2866,29.068095
1,2867,270.078452
1,2868,368.264573
1,2869,73.603806
1,2870,294.378595
1,2871,378.866280
1,2872,433.152200
1,2873,353.353847
1,2874,39.230331
1,2875,360.690519
1,2876,74.448741
1,2877,125.674093
1,2878,337.243580
1,2879,331.586438
1,2880,72.526734
1,2881,455.448112
1,2882,178.576610
1,2883,82.241206
1,2884,215.033915
1,2885,409.387812
1,2886,30.879992
1,2887,298.360813
1,2888,429.397041
1,2889,74.801234
1,2890,217.157011
1,2891,256.774136
1,2892,413.114809
1,2893,80.930536
1,2894,316.001385
1,2895,414.399572
1,2896,73.837161
1,2897,92.734542
1,2898,319.178116
1,2899,521.276711
1,2900,120.645075
1,2901,101.470249
1,2902,207.295276
1,2903,262.788431
1,2904,80.728600
1,2905,166.196579
1,2906,416.548010
1,2907,81.048032
1,2908,28.997300
1,2909,249.100852
1,2910,441.766449
1,2911,228.783504
1,2912,461.221794
1,2913,141.897427
1,2914,388.263560
1,2915,431.095622
1,2916,130.089251
1,2917,468.306247
1,2918,77.295076
1,2919,217.865020
1,2920,444.040381
1,2921,194.404796
1,2922,343.824939
1,2923,100.403067
1,2924,486.318624
1,2925,345.503621
1,2926,117.654416
1,2927,232.626145
1,2928,274.844090
1,2929,88.605667
1,2930,473.068760
1,2931,89.579089
1,2932,370.960222
1,2933,254.299425
1,2934,441.267028
1,2935,596.361352
1,2936,87.081667
1,2937,387.935904
1,2938,284.650741
1,2939,569.708366
1,2940,404.688430
1,2941,201.450250
1,2942,365.062635
1,2943,78.409953
1,2944,413.004059
1,2945,91.313339
1,2946,488.755236
1,2947,410.718133
1,2948,72.215592
1,2949,436.209827
1,2950,84.651589
1,2951,353.035604
1,2952,84.852763
1,2953,559.214319
1,2954,353.621464
1,2955,18.605237
1,2956,317.535702
1,2957,277.288214
1,2958,373.345377
1,2959,70.776128
1,2960,301.868223
1,2961,67.719180
1,2962,242.096802
1,2963,75.092621
1,2964,245.554196
1,2965,566.602320
1,2966,54.445450
1,2967,473.536059
1,2968,275.764136
1,2969,439.448693
1,2970,66.618001
1,2971,418.040496
1,2972,331.919361
1,2973,62.503238
1,2974,170.185873
1,2975,444.542970
1,2976,290.964309
1,2977,38.692825
1,2978,181.523673
1,2979,0.586221
1,2980,470.460159
1,2981,67.196198
1,2982,308.139953
1,2983,295.230757
1,2984,278.968657
1,2985,317.957867
1,2986,229.951192
1,2987,34.472874
1,2988,160.430455
1,2989,257.816318
1,2990,83.862761
1,2991,233.201978
1,2992,200.157997
1,2993,203.674512
1,2994,297.268423
1,2995,486.766160
1,2996,101.685617
1,2997,220.865806
1,2998,319.766837
1,2999,244.175948
1,3000,239.929501
1,3001,49.022163
1,3002,189.709831
1,3003,166.841881
1,3004,88.565654
1,3005,48.747645
1,3006,317.568595
1,3007,96.147425
1,3008,224.211664
1,3009,513.848497
1,3010,48.370105
1,3011,297.513306
1,3012,106.096495
1,3013,299.987364
1,3014,92.165952
1,3015,254.032733
1,3016,77.384327
1,3017,335.356698
1,3018,187.896569
1,3019,270.704034
1,3020,330.666958
1,3021,89.918337
1,3022,99.879937
1,3023,348.165031
1,3024,90.074597
1,3025,126.005326
1,3026,124.835245
1,3027,273.224947
1,3028,250.609978
1,3029,80.133381
1,3030,160.544546
1,3031,117.503488
1,3032,212.915427
1,3033,255.591991
1,3034,98.446165
1,3035,410.091028
1,3036,85.975329
1,3037,210.723285
1,3038,84.777908
1,3039,296.807063
1,3040,210.133482
1,3041,264.297360
1,3042,81.796607
1,3043,178.091796
1,3044,188.193093
1,3045,296.690871
1,3046,85.450973
1,3047,332.411095
1,3048,72.438890
1,3049,318.423551
1,3050,326.798470
1,3051,306.208646
1,3052,181.940374
1,3053,100.282839
1,3054,29.235867
1,3055,301.888859
1,3056,69.143424
1,3057,413.433599
1,3058,271.611817
1,3059,194.894863
1,3060,74.254882
1,3061,224.978305
1,3062,159.676636
1,3063,173.945975
1,3064,242.623108
1,3065,212.028762
1,3066,345.766666
1,3067,53.958210
1,3068,96.835031
1,3069,316.905688
1,3070,391.183937
1,3071,499.237543
1,3072,376.833447
1,3073,375.891135
1,3074,280.159053
1,3075,29.264076
1,3076,317.688404
1,3077,48.266501
1,3078,347.872754
1,3079,224.288678
1,3080,347.532172
1,3081,115.047938
1,3082,146.916934
1,3083,261.978392
1,3084,42.450573
1,3085,201.147075
1,3086,372.422779
1,3087,65.391128
1,3088,290.218792
1,3089,58.770890
1,3090,171.290791
1,3091,364.194663
1,3092,438.888144
1,3093,364.926094
1,3094,211.123372
1,3095,74.910913
1,3096,144.210524
1,3097,69.365938
1,3098,208.529990
1,3099,307.433256
1,3100,316.547098
1,3101,178.728588
1,3102,412.648011
1,3103,33.835907
1,3104,155.742257
1,3105,187.632475
1,3106,279.800609
1,3107,65.928436
1,3108,244.924043
1,3109,64.646594
1,3110,121.075934
1,3111,69.728895
1,3112,226.673387
1,3113,252.166374
1,3114,351.361185
1,3115,348.463102
1,3116,324.552809
1,3117,115.938566
1,3118,122.958452
1,3119,300.806795
1,3120,381.805438
1,3121,408.012075
1,3122,62.953851
1,3123,287.299686
1,3124,12.935331
1,3125,275.043605
1,3126,247.021704
1,3127,58.246509
1,3128,160.395128
1,3129,354.983002
1,3130,239.022966
1,3131,329.178708
1,3132,346.819506
1,3133,329.481430
1,3134,392.950492
1,3135,76.676786
1,3136,128.288105
1,3137,371.026181
1,3138,97.881215
1,3139,192.472441
1,3140,130.015749
1,3141,94.782479
1,3142,349.289036
1,3143,32.364526
1,3144,270.106392
1,3145,202.509934
1,3146,230.433807
1,3147,346.376059
1,3148,357.206575
1,3149,49.983602
1,3150,216.356248
1,3151,110.255162
1,3152,309.022739
1,3153,60.899302
1,3154,287.337381
1,3155,111.088576
1,3156,249.351482
1,3157,359.131796
1,3158,56.270536
1,3159,392.529055
1,3160,300.088518
1,3161,379.332761
1,3162,410.631527
1,3163,347.611863
1,3164,61.071972
1,3165,263.676616
1,3166,54.914149
1,3167,255.345385
1,3168,367.808682
1,3169,67.511014
1,3170,184.464429
1,3171,259.882437
1,3172,125.338296
1,3173,171.553051
1,3174,61.050082
1,3175,775.880923
1,3176,51.309889
1,3177,293.233762
1,3178,104.657659
1,3179,294.108620
1,3180,68.014400
1,3181,170.317557
1,3182,367.277290
1,3183,362.077214
1,3184,65.414937
1,3185,18.809892
1,3186,307.025126
1,3187,58.239717
1,3188,399.605538
1,3189,55.453023
1,3190,169.436156
1,3191,472.440223
1,3192,63.327440
1,3193,377.079203
1,3194,55.608081
1,3195,285.046875
1,3196,174.615628
1,3197,208.187507
1,3198,245.974656
1,3199,262.811460
1,3200,122.151515
1,3201,201.931670
1,3202,372.153009
1,3203,49.795728
1,3204,189.574801
1,3205,190.578658
1,3206,260.792659
1,3207,153.054444
1,3208,53.738785
1,3209,302.761557
1,3210,236.923300
1,3211,56.462215
1,3212,187.663343
1,3213,117.080525
1,3214,279.982410
1,3215,120.460360
1,3216,41.183300
1,3217,276.045170
1,3218,148.093549
1,3219,179.827470
1,3220,212.151878
1,3221,246.266222
1,3222,197.023904
1,3223,329.614050
1,3224,101.462619
1,3225,152.778564
1,3226,46.544961
1,3227,162.755600
1,3228,41.460769
1,3229,157.262701
1,3230,33.385267
1,3231,38.598863
1,3232,265.767026
1,3233,213.890906
1,3234,305.130405
1,3235,327.169307
1,3236,135.570115
1,3237,297.036774
1,3238,30.962740
1,3239,184.192634
1,3240,53.351593
1,3241,166.611818
1,3242,230.985573
1,3243,423.516797
1,3244,187.909571
1,3245,286.319654
1,3246,423.561214
1,3247,225.792663
1,3248,444.650254
1,3249,376.098257
1,3250,313.394863
1,3251,224.669997
1,3252,41.825044
1,3253,310.391946
1,3254,48.298819
1,3255,234.736500
1,3256,332.991186
1,3257,300.437394
1,3258,41.223453
1,3259,345.229573
1,3260,301.356614
1,3261,208.652733
1,3262,230.894550
1,3263,310.396103
1,3264,108.988879
1,3265,52.321321
1,3266,56.931830
1,3267,229.629084
1,3268,225.423362
1,3269,305.048647
1,3270,244.574006
1,3271,322.459470
1,3272,215.498975
1,3273,192.764654
1,3274,362.042304
1,3275,52.165836
1,3276,202.414811
1,3277,343.125331
1,3278,360.026092
1,3279,350.060437
1,3280,379.116781
1,3281,58.084639
1,3282,249.105286
1,3283,426.086841
1,3284,97.100243
1,3285,248.603304
1,3286,485.565012
1,3287,429.343732
1,3288,408.022786
1,3289,340.644289
1,3290,97.685249
1,3291,369.574968
1,3292,296.762842
1,3293,333.882507
1,3294,64.745312
1,3295,178.993295
1,3296,245.436854
1,3297,340.934834
1,3298,248.125794
1,3299,38.146869
1,3300,274.035415
1,3301,24.536922
1,3302,257.684430
1,3303,148.753247
1,3304,282.433094
1,3305,40.793826
1,3306,6.957321
1,3307,256.379453
1,3308,41.446915
1,3309,226.058578
1,3310,166.008614
1,3311,247.617231
1,3312,111.619969
1,3313,323.779316
1,3314,218.169990
1,3315,171.727546
1,3316,27.279513
1,3317,147.914298
1,3318,301.337485
1,3319,104.700883
1,3320,195.583872
1,3321,248.458664
1,3322,150.625849
1,3323,58.143917
1,3324,326.795289
1,3325,406.542848
1,3326,246.999969
1,3327,154.584694
1,3328,123.921037
1,3329,116.288207
1,3330,218.873591
1,3331,266.321934
1,3332,53.140550
1,3333,265.249008
1,3334,48.866827
1,3335,185.662483
1,3336,1.744453
1,3337,114.096767
1,3338,238.158553
1,3339,321.718927
1,3340,219.940902
1,3341,317.620835
1,3342,205.134583
1,3343,111.700943
1,3344,261.263792
1,3345,292.830560
1,3346,154.362341
1,3347,203.023026
1,3348,210.004091
1,3349,360.014916
1,3350,220.848682
1,3351,230.854442
1,3352,49.191144
1,3353,443.075750
1,3354,3.352407
1,3355,265.351075
1,3356,52.466855
1,3357,186.108477
1,3358,135.846627
1,3359,331.984306
1,3360,48.862343
1,3361,217.743363
1,3362,648.247013
1,3363,588.111445
1,3364,281.945092
1,3365,404.988167
1,3366,12.461663
1,3367,475.431678
1,3368,370.861791
1,3369,439.616142
1,3370,325.037518
1,3371,274.824433
1,3372,41.556950
1,3373,45.289655
1,3374,492.036879
1,3375,219.106947
1,3376,345.368053
1,3377,273.543820
1,3378,213.666805
1,3379,345.140704
1,3380,391.766693
1,3381,109.963231
1,3382,398.395037
1,3383,324.910911
1,3384,608.028365
1,3385,288.750331
1,3386,224.007047
1,3387,193.949559
1,3388,30.628049
1,3389,338.298951
1,3390,361.562848
1,3391,428.553785
1,3392,560.659184
1,3393,254.359277
1,3394,239.955344
1,3395,227.498445
1,3396,32.715259
1,3397,181.382439
1,3398,215.854361
1,3399,404.133755
1,3400,412.104262
1,3401,296.051283
1,3402,391.722239
1,3403,333.458521
1,3404,50.397214
1,3405,91.665650
1,3406,456.444400
1,3407,149.315642
1,3408,239.886281
1,3409,414.501186
1,3410,64.631236
1,3411,440.509946
1,3412,88.828167
1,3413,181.522226
1,3414,161.633755
1,3415,243.378434
1,3416,267.392977
1,3417,196.462476
1,3418,323.042731
1,3419,22.025560
1,3420,273.787579
1,3421,333.861775
1,3422,46.106577
1,3423,65.586529
1,3424,428.355881
1,3425,319.275030
1,3426,63.384058
1,3427,386.588102
1,3428,262.000829
1,3429,387.430690
1,3430,62.308889
1,3431,238.186441
1,3432,67.496604
1,3433,415.688886
1,3434,171.008095
1,3435,387.432646
1,3436,286.670818
1,3437,291.251762
1,3438,257.057022
1,3439,272.378437
1,3440,336.366296
1,3441,559.274662
1,3442,403.828346
1,3443,628.284243
1,3444,72.222907
1,3445,229.516793
1,3446,11.587670
1,3447,373.651538
1,3448,372.809392
1,3449,96.749077
1,3450,252.075766
1,3451,72.054711
1,3452,238.961085
1,3453,191.864613
1,3454,202.730500
1,3455,86.641939
1,3456,374.938446
1,3457,77.503259
1,3458,306.993494
1,3459,65.815990
1,3460,87.466918
1,3461,370.936572
1,3462,270.617266
1,3463,345.211366
1,3464,187.752908
1,3465,88.406076
1,3466,178.912822
1,3467,267.781073
1,3468,400.677889
1,3469,60.567850
1,3470,336.963428
1,3471,53.432426
1,3472,54.742905
1,3473,419.239440
1,3474,110.395777
1,3475,406.101317
1,3476,343.369242
1,3477,65.723303
1,3478,309.803239
1,3479,303.484943
1,3480,27.402577
1,3481,232.723027
1,3482,34.195664
1,3483,369.564852
1,3484,440.788235
1,3485,321.848476
1,3486,505.762625
1,3487,255.145800
1,3488,327.315162
1,3489,355.784181
1,3490,296.859204
1,3491,316.468904
1,3492,330.839936
1,3493,213.401799
1,3494,88.040663
1,3495,203.809126
1,3496,240.058839
1,3497,382.556085
1,3498,76.377997
1,3499,232.044990
1,3500,425.845929
1,3501,33.049125
1,3502,412.543750
1,3503,128.068625
1,3504,304.148209
1,3505,298.794213
1,3506,180.905350
1,3507,77.065609
1,3508,232.255689
1,3509,66.593251
1,3510,314.154166
1,3511,231.001224
1,3512,270.136732
1,3513,266.351512
1,3514,41.703340
1,3515,236.262423
1,3516,459.202317
1,3517,266.980144
1,3518,267.424773
1,3519,95.129929
1,3520,169.097830
1,3521,321.580663
1,3522,390.781765
1,3523,414.604797
1,3524,17.448404
1,3525,228.182206
1,3526,362.218143
1,3527,69.114569
1,3528,281.455006
1,3529,59.011832
1,3530,70.299282
1,3531,278.280473
1,3532,59.757095
1,3533,149.044568
1,3534,74.572306
1,3535,224.259778
1,3536,188.094837
1,3537,0.000000
1,3538,188.529092
1,3539,238.863991
1,3540,78.863997
1,3541,372.683300
1,3542,101.464524
1,3543,95.333571
1,3544,420.521763
1,3545,60.840979
1,3546,302.707054
1,3547,395.949853
1,3548,187.523393
1,3549,424.406663
1,3550,76.318310
1,3551,268.093650
1,3552,306.211840
1,3553,528.306296
1,3554,255.576129
1,3555,255.459522
1,3556,353.149317
1,3557,196.740184
1,3558,336.857657
1,3559,74.398003
1,3560,543.577619
1,3561,60.905933
1,3562,77.102584
1,3563,473.278971
1,3564,454.561681
1,3565,206.281223
1,3566,252.999827
1,3567,275.082377
1,3568,571.378744
1,3569,67.685608
1,3570,286.045321
1,3571,113.657965
1,3572,346.686635
1,3573,319.809557
1,3574,179.574401
1,3575,316.914796
1,3576,311.710854
1,3577,205.917009
1,3578,335.393388
1,3579,250.303328
1,3580,558.764391
1,3581,370.078396
1,3582,532.703704
1,3583,428.166596
1,3584,302.353199
1,3585,74.967375
1,3586,326.427819
1,3587,304.752268
1,3588,335.660718
1,3589,377.296718
1,3590,64.006918
1,3591,365.242262
1,3592,364.494644
1,3593,384.933159
1,3594,343.671510
1,3595,472.692991
1,3596,242.044445
1,3597,250.092673
1,3598,322.106956
1,3599,163.603377
1,3600,270.280870
1,3601,353.455167
1,3602,135.746835
1,3603,215.948397
1,3604,26.074960
1,3605,131.580825
1,3606,295.446476
1,3607,225.205288
1,3608,276.090018
1,3609,46.014515
1,3610,7.213789
1,3611,60.616990
1,3612,91.504423
1,3613,198.825937
1,3614,239.459943
1,3615,56.695794
1,3616,189.340753
1,3617,59.146011
1,3618,325.596425
1,3619,167.360206
1,3620,253.114524
1,3621,6.395487
1,3622,246.281787
1,3623,75.063367
1,3624,309.668194
1,3625,65.657606
1,3626,199.916896
1,3627,30.045326
1,3628,271.572350
1,3629,132.130298
1,3630,205.930778
1,3631,267.807917
1,3632,77.227852
1,3633,183.295600
1,3634,62.826029
1,3635,317.995853
1,3636,442.770256
1,3637,7.953171
1,3638,263.025682
1,3639,141.600348
1,3640,80.317493
1,3641,137.755626
1,3642,70.291922
1,3643,85.168538
1,3644,25.606124
1,3645,289.935887
1,3646,66.724168
1,3647,149.548512
1,3648,245.700954
1,3649,328.329441
1,3650,65.453755
1,3651,229.417498
1,3652,89.429433
1,3653,273.742149
1,3654,78.729799
1,3655,198.164100
1,3656,21.981141
1,3657,65.857948
1,3658,288.911152
1,3659,133.886274
1,3660,247.568141
1,3661,186.391955
1,3662,39.999856
1,3663,207.077482
1,3664,302.190674
1,3665,283.392967
1,3666,383.272102
1,3667,159.407551
1,3668,59.414971
1,3669,163.669513
1,3670,276.522058
1,3671,350.950263
1,3672,228.262352
1,3673,66.327978
1,3674,254.643553
1,3675,52.669566
1,3676,259.683145
1,3677,209.360235
1,3678,106.131356
1,3679,349.898578
1,3680,64.009831
1,3681,223.049452
1,3682,1196.355334
1,3683,339.992613
1,3684,42.929975
1,3685,403.592466
1,3686,212.798683
1,3687,138.328911
1,3688,356.569427
1,3689,76.949468
1,3690,246.604391
1,3691,59.642472
1,3692,163.210156
1,3693,114.318316
1,3694,357.958865
1,3695,367.464819
1,3696,63.070030
1,3697,377.036685
1,3698,274.146524
1,3699,10.966810
1,3700,163.550984
1,3701,342.693034
1,3702,0.000000
1,3703,218.102860
1,3704,380.382093
1,3705,0.000000
1,3706,275.366031
1,3707,454.396714
1,3708,354.821285
1,3709,307.880709
1,3710,309.693294
1,3711,50.177912
1,3712,207.998632
1,3713,58.762795
1,3714,397.095396
1,3715,237.044995
1,3716,247.975253
1,3717,268.210673
1,3718,314.094874
1,3719,73.325109
1,3720,251.149652
1,3721,260.248137
1,3722,63.684479
1,3723,323.722568
1,3724,301.659715
1,3725,75.197171
1,3726,237.649454
1,3727,66.213165
1,3728,226.829898
1,3729,158.284195
1,3730,104.265252
1,3731,171.223175
1,3732,55.807421
1,3733,152.624572
1,3734,132.060608
1,3735,306.997902
1,3736,64.024306
1,3737,238.412338
1,3738,378.329351
1,3739,19.164230
1,3740,212.006203
1,3741,357.939086
1,3742,50.715355
1,3743,236.084698
1,3744,219.359123
1,3745,443.822666
1,3746,65.796023
1,3747,170.880524
1,3748,286.645180
1,3749,139.926133
1,3750,126.374595
1,3751,219.113657
1,3752,372.554391
1,3753,349.239435
1,3754,66.327239
1,3755,305.979019
1,3756,39.672494
1,3757,167.687060
1,3758,372.184709
1,3759,70.142310
1,3760,319.297332
1,3761,55.830169
1,3762,156.209236
1,3763,74.446976
1,3764,401.191835
1,3765,57.238924
1,3766,130.990118
1,3767,321.551573
1,3768,376.897669
1,3769,344.565534
1,3770,222.940426
1,3771,100.575871
1,3772,333.300521
1,3773,265.389158
1,3774,390.980496
1,3775,282.342007
1,3776,313.602619
1,3777,451.538751
1,3778,465.521463
1,3779,97.165716
1,3780,353.301161
1,3781,101.126465
1,3782,483.216298
1,3783,97.960242
1,3784,393.478516
1,3785,231.829687
1,3786,492.533639
1,3787,107.473464
1,3788,220.884045
1,3789,476.425305
1,3790,174.512407
1,3791,516.703039
1,3792,406.478693
1,3793,537.887249
1,3794,53.687372
1,3795,487.352427
1,3796,467.356246
1,3797,546.458771
1,3798,105.884141
1,3799,390.671851
1,3800,391.254301
1,3801,210.542637
1,3802,120.017326
1,3803,370.656430
1,3804,455.083099
1,3805,347.288127
1,3806,114.501190
1,3807,453.652721
1,3808,117.405472
1,3809,252.837845
1,3810,505.472656
1,3811,264.390068
1,3812,449.881133
1,3813,70.849929
1,3814,472.318458
1,3815,528.908789
1,3816,85.110449
1,3817,331.913721
1,3818,480.614837
1,3819,377.781491
1,3820,526.514122
1,3821,368.075921
1,3822,93.271731
1,3823,321.463590
1,3824,285.165025
1,3825,241.917798
1,3826,256.497513
1,3827,429.269035
1,3828,44.559751
1,3829,374.060884
1,3830,333.887139
1,3831,105.037881
1,3832,239.684113
1,3833,323.309810
1,3834,172.531915
1,3835,426.595350
1,3836,432.811839
1,3837,341.464647
1,3838,26.197895
1,3839,243.591298
1,3840,182.429072
1,3841,177.147975
1,3842,82.996196
1,3843,445.254217
1,3844,170.233693
1,3845,74.755723
1,3846,119.425691
1,3847,487.958251
1,3848,91.450167
1,3849,0.000000
1,3850,225.795655
1,3851,359.296065
1,3852,715.067698
1,3853,490.451590
1,3854,88.964406
1,3855,388.932933
1,3856,99.141909
1,3857,237.695401
1,3858,223.751029
1,3859,502.709125
1,3860,106.613968
1,3861,497.388720
1,3862,91.875709
1,3863,336.250605
1,3864,255.147550
1,3865,442.089159
1,3866,91.939178
1,3867,274.812338
1,3868,215.683416
1,3869,371.673118
1,3870,85.526141
1,3871,474.920629
1,3872,208.697823
1,3873,369.775036
1,3874,444.191659
1,3875,414.726899
1,3876,97.415645
1,3877,217.278880
1,3878,436.882350
1,3879,52.411140
1,3880,379.703421
1,3881,327.818461
1,3882,325.205659
1,3883,361.010555
1,3884,94.824914
1,3885,357.539037
1,3886,318.218856
1,3887,268.196948
1,3888,401.176001
1,3889,94.883722
1,3890,195.494961
1,3891,386.935686
1,3892,87.234162
1,3893,211.265339
1,3894,408.743330
1,3895,479.090214
1,3896,245.406343
1,3897,391.020987
1,3898,374.373418
1,3899,109.072710
1,3900,277.458794
1,3901,294.769078
1,3902,84.221124
1,3903,392.895940
1,3904,78.794685
1,3905,407.107781
1,3906,223.254172
1,3907,392.638790
1,3908,93.886883
1,3909,207.900418
1,3910,446.864251
1,3911,1031.681984
1,3912,385.956277
1,3913,393.307314
1,3914,147.898950
1,3915,423.428495
1,3916,82.941278
1,3917,242.606179
1,3918,485.599333
1,3919,241.329143
1,3920,106.201130
1,3921,352.314629
1,3922,296.135801
1,3923,441.397352
1,3924,112.931816
1,3925,352.068924
1,3926,608.974967
1,3927,151.775784
1,3928,213.959090
1,3929,225.161331
1,3930,55.036542
1,3931,499.419618
1,3932,585.705707
1,3933,105.143311
1,3934,462.585384
1,3935,403.757564
1,3936,518.068901
1,3937,60.292346
1,3938,204.208795
1,3939,554.610615
1,3940,550.337949
1,3941,494.348573
1,3942,118.458028
1,3943,364.812929
1,3944,411.287628
1,3945,45.593334
1,3946,382.739913
1,3947,279.972126
1,3948,65.728411
1,3949,504.594867
1,3950,306.967009
1,3951,373.631234
1,3952,137.289739
1,3953,240.822382
1,3954,287.170643
1,3955,107.122707
1,3956,503.535438
1,3957,341.679667
1,3958,441.300698
1,3959,551.280450
1,3960,28.170888
1,3961,545.887310
1,3962,79.510292
1,3963,42.739067
1,3964,547.029861
1,3965,367.396014
1,3966,91.338420
1,3967,267.813775
1,3968,245.261056
1,3969,369.841155
1,3970,81.563802
1,3971,26.256044
1,3972,387.450805
1,3973,556.005990
1,3974,435.369556
1,3975,49.589942
1,3976,334.388583
1,3977,52.056502
1,3978,395.247432
1,3979,422.976644
1,3980,334.850989
1,3981,190.200654
1,3982,394.915502
1,3983,153.788007
1,3984,88.800055
1,3985,340.638020
1,3986,84.003391
1,3987,410.231143
1,3988,425.276510
1,3989,524.639017
1,3990,157.921290
1,3991,456.399048
1,3992,387.749228
1,3993,588.392114
1,3994,444.618977
1,3995,112.027741
1,3996,444.766101
1,3997,195.582993
1,3998,544.663458
1,3999,80.830261
1,4000,368.207576
1,4001,481.237978
1,4002,265.976589
1,4003,471.703352
1,4004,423.523421
1,4005,90.378201
1,4006,411.929682
1,4007,442.651289
1,4008,81.996735
1,4009,468.688596
1,4010,556.979915
1,4011,193.259159
1,4012,555.807030
1,4013,196.638187
1,4014,132.150897
1,4015,422.933042
1,4016,159.583202
1,4017,392.444278
1,4018,58.263104
1,4019,429.182160
1,4020,48.899050
1,4021,424.026000
1,4022,276.354739
1,4023,115.424332
1,4024,410.331632
1,4025,94.666508
1,4026,369.488848
1,4027,97.100658
1,4028,242.234357
1,4029,348.445269
1,4030,222.673692
1,4031,103.232578
1,4032,412.677275
1,4033,308.201442
1,4034,469.456535
1,4035,520.066333
1,4036,423.271989
1,4037,103.646128
1,4038,529.725642
1,4039,318.970536
1,4040,254.046679
1,4041,263.924683
1,4042,45.501655
1,4043,416.902449
1,4044,350.353237
1,4045,507.324697
1,4046,67.249138
1,4047,561.131388
1,4048,491.758155
1,4049,99.952474
1,4050,233.093153
1,4051,582.358895
1,4052,63.986582
1,4053,475.310085
1,4054,86.871765
1,4055,248.682132
1,4056,93.726016
1,4057,371.759686
1,4058,442.928998
1,4059,165.978702
1,4060,232.862051
1,4061,205.267709
1,4062,439.675780
1,4063,389.583849
1,4064,513.274602
1,4065,223.973735
1,4066,377.478613
1,4067,76.480566
1,4068,262.315208
1,4069,357.024644
1,4070,84.584300
1,4071,375.457770
1,4072,271.976454
1,4073,461.897446
1,4074,79.115104
1,4075,523.353684
1,4076,511.922584
1,4077,72.513254
1,4078,88.849742
1,4079,445.338413
1,4080,46.086993
1,4081,222.643515
1,4082,526.948326
1,4083,262.067142
1,4084,798.245550
1,4085,374.791367
1,4086,203.695998
1,4087,331.058242
1,4088,443.587641
1,4089,64.813715
1,4090,5.593491
1,4091,361.299711
1,4092,479.982056
1,4093,72.726547
1,4094,343.391143
1,4095,85.967855
1,4096,443.028365
1,4097,390.670770
1,4098,86.563467
1,4099,212.263271
1,4100,95.868294
1,4101,370.830593
1,4102,428.078285
1,4103,94.040777
1,4104,398.897216
1,4105,243.607899
1,4106,427.546332
1,4107,103.026228
1,4108,309.510575
1,4109,489.249977
1,4110,411.168791
1,4111,216.074117
1,4112,92.596919
1,4113,432.986318
1,4114,350.087756
1,4115,39.457165
1,4116,322.676137
1,4117,226.157389
1,4118,456.267382
1,4119,63.208453
1,4120,192.448787
1,4121,500.584887
1,4122,372.296833
1,4123,144.890058
1,4124,433.645593
1,4125,64.154352
1,4126,212.483162
1,4127,334.292034
1,4128,84.688764
1,4129,282.191633
1,4130,31.290036
1,4131,472.482609
1,4132,136.217121
1,4133,387.594534
1,4134,232.310048
1,4135,164.204217
1,4136,336.470794
1,4137,74.322104
1,4138,245.459155
1,4139,53.457488
1,4140,401.692588
1,4141,28.041010
1,4142,268.352353
1,4143,100.505131
1,4144,325.812393
1,4145,156.666312
1,4146,82.001695
1,4147,124.011373
1,4148,283.387104
1,4149,255.959938
1,4150,145.343091
1,4151,512.727922
1,4152,55.249904
1,4153,420.513138
1,4154,347.230309
1,4155,98.411263
1,4156,284.231400
1,4157,88.654782
1,4158,127.230516
1,4159,462.252226
1,4160,87.323597
1,4161,41.143588
1,4162,282.902237
1,4163,83.729176
1,4164,293.151019
1,4165,117.689186
1,4166,97.758775
1,4167,387.721219
1,4168,407.090494
1,4169,366.097302
1,4170,318.130641
1,4171,253.742607
1,4172,469.641106
1,4173,85.859577
1,4174,442.529429
1,4175,296.995545
1,4176,47.413144
1,4177,494.471686
1,4178,400.935304
1,4179,508.970303
1,4180,154.948761
1,4181,232.799524
1,4182,169.108207
1,4183,371.710134
1,4184,280.750749
1,4185,153.416153
1,4186,236.370942
1,4187,27.115200
1,4188,271.120983
1,4189,70.577841
1,4190,150.275005
1,4191,263.598700
1,4192,215.889626
1,4193,272.480882
1,4194,8.571867
1,4195,181.643034
1,4196,54.509764
1,4197,396.417689
1,4198,8.571867
1,4199,247.206598
1,4200,67.970234
1,4201,311.110961
1,4202,129.355270
1,4203,66.103893
1,4204,143.005999
1,4205,274.416383
1,4206,143.091690
1,4207,181.080342
1,4208,288.768054
1,4209,82.078723
1,4210,341.265496
1,4211,458.558712
1,4212,102.953227
1,4213,161.913422
1,4214,257.435833
1,4215,48.573213
1,4216,492.301037
1,4217,84.092003
1,4218,438.260240
1,4219,508.392767
1,4220,87.601446
1,4221,327.968041
1,4222,343.398810
1,4223,102.803724
1,4224,268.387717
1,4225,81.515761
1,4226,122.560192
1,4227,375.924181
1,4228,85.956819
1,4229,29.785889
1,4230,371.817080
1,4231,88.511659
1,4232,298.366995
1,4233,154.542130
1,4234,50.624206
1,4235,354.486783
1,4236,321.796223
1,4237,66.773681
1,4238,477.113448
1,4239,458.701673
1,4240,76.244186
1,4241,317.463762
1,4242,344.154982
1,4243,378.869028
1,4244,346.644620
1,4245,270.574334
1,4246,240.922619
1,4247,466.226918
1,4248,96.839064
1,4249,430.337884
1,4250,82.966247
1,4251,37.390440
1,4252,284.337584
1,4253,71.959531
1,4254,145.901307
1,4255,262.020277
1,4256,224.553794
1,4257,370.151279
1,4258,145.498980
1,4259,167.552133
1,4260,257.577381
1,4261,195.544404
1,4262,158.454378
1,4263,447.757309
1,4264,70.896488
1,4265,43.625038
1,4266,383.069961
1,4267,653.500673
1,4268,345.028241
1,4269,39.230331
1,4270,347.652749
1,4271,61.484109
1,4272,460.956862
1,4273,258.761292
1,4274,467.315872
1,4275,197.921358
1,4276,316.755004
1,4277,70.421867
1,4278,223.950256
1,4279,321.620422
1,4280,29.102448
1,4281,238.417219
1,4282,42.001098
1,4283,139.993909
1,4284,350.015606
1,4285,441.070347
1,4286,218.881247
1,4287,90.676766
1,4288,440.978230
1,4289,264.547142
1,4290,32.659656
1,4291,377.487607
1,4292,368.731530
1,4293,83.219218
1,4294,338.566439
1,4295,75.341089
1,4296,444.232167
1,4297,85.345350
1,4298,442.144738
1,4299,197.997883
1,4300,271.763455
1,4301,364.967031
1,4302,192.103838
1,4303,247.843419
1,4304,50.560687
1,4305,401.517274
1,4306,74.433089
1,4307,212.103537
1,4308,144.819645
1,4309,149.331195
1,4310,507.301124
1,4311,82.697146
1,4312,305.438681
1,4313,451.720993
1,4314,25.977046
1,4315,356.387994
1,4316,86.064482
1,4317,42.311506
1,4318,364.540541
1,4319,80.727489
1,4320,22.813554
1,4321,309.277960
1,4322,311.170262
1,4323,35.266394
1,4324,256.184054
1,4325,184.777332
1,4326,288.750799
1,4327,353.353847
1,4328,39.230331
1,4329,356.246507
1,4330,74.448741
1,4331,125.674093
1,4332,361.757467
1,4333,272.169338
1,4334,67.876976
1,4335,410.653912
1,4336,178.576610
1,4337,35.781106
1,4338,153.210515
1,4339,379.915433
1,4340,51.098258
1,4341,298.360813
1,4342,360.972702
1,4343,74.801234
1,4344,153.502045
1,4345,185.714897
1,4346,369.057511
1,4347,80.930536
1,4348,232.293555
1,4349,354.242072
1,4350,73.837161
1,4351,92.734542
1,4352,334.750113
1,4353,432.984011
1,4354,120.645075
1,4355,56.323397
1,4356,148.433476
1,4357,262.788431
1,4358,74.762104
1,4359,163.110459
1,4360,372.099875
1,4361,81.048032
1,4362,22.372423
1,4363,274.108914
1,4364,524.036109
1,4365,250.788556
1,4366,497.214774
1,4367,132.803648
1,4368,367.758469
1,4369,421.471634
1,4370,127.579204
1,4371,505.533264
1,4372,77.295076
1,4373,217.865020
1,4374,476.536892
1,4375,194.404796
1,4376,379.406573
1,4377,100.403067
1,4378,365.443751
1,4379,269.797721
1,4380,97.491764
1,4381,229.581162
1,4382,288.042597
1,4383,72.064055
1,4384,504.904476
1,4385,78.757091
1,4386,266.481796
1,4387,274.369428
1,4388,421.584236
1,4389,664.150522
1,4390,78.275933
1,4391,387.935904
1,4392,265.064163
1,4393,462.535466
1,4394,353.593160
1,4395,195.195709
1,4396,368.107610
1,4397,72.772639
1,4398,297.871859
1,4399,77.117174
1,4400,488.755236
1,4401,403.023409
1,4402,68.676844
1,4403,361.429427
1,4404,73.171217
1,4405,325.640608
1,4406,71.849908
1,4407,420.944619
1,4408,292.353364
1,4409,18.605237
1,4410,313.626626
1,4411,271.321710
1,4412,324.850184
1,4413,35.379125
1,4414,312.317940
1,4415,59.612974
1,4416,243.803114
1,4417,69.537608
1,4418,277.967128
1,4419,597.166547
1,4420,49.877992
1,4421,357.370713
1,4422,252.817156
1,4423,494.562602
1,4424,66.618001
1,4425,457.899180
1,4426,302.863398
1,4427,61.695704
1,4428,169.429769
1,4429,411.945663
1,4430,266.015675
1,4431,0.000000
1,4432,181.523673
1,4433,0.586221
1,4434,397.117392
1,4435,66.342364
1,4436,255.796928
1,4437,293.034462
1,4438,214.177436
1,4439,315.653557
1,4440,274.957154
1,4441,33.752778
1,4442,159.478899
1,4443,170.232014
1,4444,83.862761
1,4445,186.211013
1,4446,198.080009
1,4447,170.478891
1,4448,291.643552
1,4449,496.143931
1,4450,62.165999
1,4451,184.554202
1,4452,317.714564
1,4453,239.217576
1,4454,277.310091
1,4455,76.494850
1,4456,187.606119
1,4457,188.848613
1,4458,87.521522
1,4459,48.747645
1,4460,320.072489
1,4461,96.147425
1,4462,223.419561
1,4463,474.322777
1,4464,48.370105
1,4465,258.464803
1,4466,102.336571
1,4467,297.106980
1,4468,91.265834
1,4469,254.032733
1,4470,76.484209
1,4471,363.373121
1,4472,186.893574
1,4473,268.600331
1,4474,382.577727
1,4475,65.731354
1,4476,99.879937
1,4477,314.712491
1,4478,88.490391
1,4479,149.790778
1,4480,147.212109
1,4481,270.550308
1,4482,249.668714
1,4483,79.366993
1,4484,249.580137
1,4485,115.435785
1,4486,247.935941
1,4487,255.591991
1,4488,69.827066
1,4489,458.078143
1,4490,85.975329
1,4491,171.367985
1,4492,84.777908
1,4493,254.541201
1,4494,209.284794
1,4495,263.433233
1,4496,81.796607
1,4497,176.548736
1,4498,186.675748
1,4499,329.376691
1,4500,85.450973
1,4501,331.485262
1,4502,71.446188
1,4503,270.795396
1,4504,325.821199
1,4505,304.681008
1,4506,181.940374
1,4507,55.580481
1,4508,0.000000
1,4509,233.550482
1,4510,68.366743
1,4511,394.301029
1,4512,236.096651
1,4513,286.022593
1,4514,72.223178
1,4515,257.417771
1,4516,159.676636
1,4517,154.896243
1,4518,257.704055
1,4519,252.463809
1,4520,294.745602
1,4521,24.876472
1,4522,96.835031
1,4523,315.974845
1,4524,346.631449
1,4525,441.594795
1,4526,311.145300
1,4527,368.938551
1,4528,315.527910
1,4529,29.264076
1,4530,343.915021
1,4531,45.756454
1,4532,394.183898
1,4533,220.981381
1,4534,341.683984
1,4535,110.372465
1,4536,146.104246
1,4537,258.352197
1,4538,41.411579
1,4539,197.490028
1,4540,450.648959
1,4541,62.860504
1,4542,391.011861
1,4543,57.196977
1,4544,164.305870
1,4545,380.777552
1,4546,435.045920
1,4547,359.761977
1,4548,206.622775
1,4549,71.886507
1,4550,141.124404
1,4551,69.365938
1,4552,207.007498
1,4553,304.851210
1,4554,328.382531
1,4555,175.668191
1,4556,394.455229
1,4557,64.804388
1,4558,155.742257
1,4559,184.474356
1,4560,277.753482
1,4561,65.928436
1,4562,240.953244
1,4563,64.646594
1,4564,120.412423
1,4565,69.728895
1,4566,225.798993
1,4567,305.939101
1,4568,347.832713
1,4569,378.145835
1,4570,321.574703
1,4571,139.363702
1,4572,122.958452
1,4573,260.957313
1,4574,380.915596
1,4575,406.474161
1,4576,62.953851
1,4577,356.965699
1,4578,12.935331
1,4579,314.511665
1,4580,245.884980
1,4581,58.246509
1,4582,184.787515
1,4583,354.262907
1,4584,236.523212
1,4585,326.195464
1,4586,374.193865
1,4587,377.463877
1,4588,427.924304
1,4589,76.676786
1,4590,126.945643
1,4591,369.920318
1,4592,68.552586
1,4593,157.184263
1,4594,129.028202
1,4595,94.782479
1,4596,311.147009
1,4597,32.364526
1,4598,261.586304
1,4599,242.697953
1,4600,229.070769
1,4601,343.485391
1,4602,375.192333
1,4603,49.983602
1,4604,214.129108
1,4605,110.255162
1,4606,306.944751
1,4607,60.899302
1,4608,285.069087
1,4609,108.655674
1,4610,343.903997
1,4611,356.354289
1,4612,54.979513
1,4613,419.640752
1,4614,366.359661
1,4615,374.430974
1,4616,439.095235
1,4617,374.420297
1,4618,59.986686
1,4619,262.622191
1,4620,54.168338
1,4621,254.116085
1,4622,365.946724
1,4623,67.511014
1,4624,184.464429
1,4625,287.493395
1,4626,124.484479
1,4627,170.925540
1,4628,61.050082
1,4629,529.908364
1,4630,50.528071
1,4631,325.029944
1,4632,102.872846
1,4633,293.126203
1,4634,68.014400
1,4635,169.376293
1,4636,366.336019
1,4637,359.423144
1,4638,65.414937
1,4639,17.848043
1,4640,305.950124
1,4641,58.239717
1,4642,363.951632
1,4643,54.321445
1,4644,111.910255
1,4645,284.062636
1,4646,63.327440
1,4647,375.129807
1,4648,55.608081
1,4649,284.023320
1,4650,171.292910
1,4651,204.576743
1,4652,241.417482
1,4653,258.881798
1,4654,117.609772
1,4655,201.381312
1,4656,313.669739
1,4657,49.795728
1,4658,189.574801
1,4659,189.128182
1,4660,259.892541
1,4661,152.097749
1,4662,52.591776
1,4663,299.366823
1,4664,236.074621
1,4665,56.462215
1,4666,186.876378
1,4667,166.812110
1,4668,279.195454
1,4669,120.460360
1,4670,41.183300
1,4671,316.855350
1,4672,147.167708
1,4673,178.762761
1,4674,210.433934
1,4675,243.817906
1,4676,196.015780
1,4677,328.158427
1,4678,101.462619
1,4679,152.778564
1,4680,46.544961
1,4681,161.598290
1,4682,41.460769
1,4683,199.754348
1,4684,33.385267
1,4685,5.686729
1,4686,264.321688
1,4687,267.226095
1,4688,326.807605
1,4689,325.842276
1,4690,134.459114
1,4691,295.961772
1,4692,30.139767
1,4693,264.353044
1,4694,86.598260
1,4695,108.000980
1,4696,252.442348
1,4697,272.605020
1,4698,183.933609
1,4699,284.411403
1,4700,418.402243
1,4701,185.080546
1,4702,315.385839
1,4703,279.582647
1,4704,257.519448
1,4705,224.042477
1,4706,41.825044
1,4707,308.324242
1,4708,48.298819
1,4709,233.080287
1,4710,328.500881
1,4711,297.618733
1,4712,41.223453
1,4713,343.007571
1,4714,298.609960
1,4715,232.534756
1,4716,262.557071
1,4717,362.759901
1,4718,108.988879
1,4719,11.799451
1,4720,30.076029
1,4721,252.524370
1,4722,223.067622
1,4723,301.504744
1,4724,242.840631
1,4725,358.235874
1,4726,247.676187
1,4727,191.139294
1,4728,456.861349
1,4729,50.684507
1,4730,270.203777
1,4731,298.092519
1,4732,323.241419
1,4733,346.079345
1,4734,378.062348
1,4735,58.084639
1,4736,249.105286
1,4737,422.357778
1,4738,95.588053
1,4739,248.603304
1,4740,429.406152
1,4741,426.802815
1,4742,406.999223
1,4743,338.612585
1,4744,96.697693
1,4745,365.547584
1,4746,295.024329
1,4747,332.966959
1,4748,64.745312
1,4749,178.993295
1,4750,243.379435
1,4751,338.779684
1,4752,311.323524
1,4753,36.583240
1,4754,382.223889
1,4755,50.291614
1,4756,413.002327
1,4757,443.928761
1,4758,422.135449
1,4759,40.793826
1,4760,6.957321
1,4761,295.400091
1,4762,40.582805
1,4763,249.916507
1,4764,96.399783
1,4765,200.456128
1,4766,109.665426
1,4767,320.616042
1,4768,213.844268
1,4769,168.821448
1,4770,27.279513
1,4771,145.347666
1,4772,300.334490
1,4773,103.867626
1,4774,194.791777
1,4775,248.458664
1,4776,149.802876
1,4777,53.998234
1,4778,326.795289
1,4779,406.542848
1,4780,246.249012
1,4781,153.442831
1,4782,121.575581
1,4783,116.288207
1,4784,215.525157
1,4785,263.564996
1,4786,53.140550
1,4787,289.194110
1,4788,48.866827
1,4789,185.662483
1,4790,1.744453
1,4791,114.096767
1,4792,232.968721
1,4793,297.155326
1,4794,218.222958
1,4795,315.388549
1,4796,203.426923
1,4797,110.728818
1,4798,258.445131
1,4799,291.544675
1,4800,153.559962
1,4801,228.247928
1,4802,238.196277
1,4803,357.880343
1,4804,218.539234
1,4805,227.871190
1,4806,48.095573
1,4807,437.613312
1,4808,1.696194
1,4809,262.084932
1,4810,52.466855
1,4811,184.061350
1,4812,135.213969
1,4813,330.081185
1,4814,48.862343
1,4815,217.743363
1,4816,661.297572
1,4817,523.140024
1,4818,313.438481
1,4819,402.169506
1,4820,12.461663
1,4821,472.777617
1,4822,398.827117
1,4823,435.321298
1,4824,286.679589
1,4825,272.880183
1,4826,41.556950
1,4827,43.787749
1,4828,465.535173
1,4829,216.999318
1,4830,356.726287
1,4831,396.479433
1,4832,379.026258
1,4833,354.364646
1,4834,312.356771
1,4835,109.963231
1,4836,325.612844
1,4837,322.894654
1,4838,596.496563
1,4839,442.591491
1,4840,352.679548
1,4841,406.161501
1,4842,62.311881
1,4843,365.245868
1,4844,357.381149
1,4845,422.196376
1,4846,552.475824
1,4847,251.422317
1,4848,237.239552
1,4849,420.850363
1,4850,32.715259
1,4851,179.196436
1,4852,324.813209
1,4853,401.778015
1,4854,409.640515
1,4855,293.628674
1,4856,389.299638
1,4857,360.806483
1,4858,83.129718
1,4859,89.798546
1,4860,547.489370
1,4861,148.333224
1,4862,330.171817
1,4863,464.025822
1,4864,64.029448
1,4865,437.336379
1,4866,88.828167
1,4867,180.637547
1,4868,159.514613
1,4869,277.216332
1,4870,300.453793
1,4871,196.462476
1,4872,269.696123
1,4873,21.305464
1,4874,270.289976
1,4875,272.709884
1,4876,45.504780
1,4877,24.627180
1,4878,505.472451
1,4879,240.811867
1,4880,63.384058
1,4881,349.025537
1,4882,234.969675
1,4883,370.312030
1,4884,62.308889
1,4885,202.841482
1,4886,66.812516
1,4887,411.116273
1,4888,168.750085
1,4889,319.056921
1,4890,335.085725
1,4891,373.144319
1,4892,281.849737
1,4893,506.658365
1,4894,291.852913
1,4895,550.628382
1,4896,399.132296
1,4897,587.272320
1,4898,72.222907
1,4899,228.673252
1,4900,79.757589
1,4901,444.185938
1,4902,507.384465
1,4903,96.049558
1,4904,249.673725
1,4905,39.523062
1,4906,238.313004
1,4907,159.425079
1,4908,200.323321
1,4909,86.641939
1,4910,372.778167
1,4911,76.675140
1,4912,346.862811
1,4913,65.049602
1,4914,85.954719
1,4915,424.065342
1,4916,266.672173
1,4917,385.835303
1,4918,189.827935
1,4919,87.552250
1,4920,176.906841
1,4921,265.805962
1,4922,396.624782
1,4923,60.567850
1,4924,414.428290
1,4925,52.275133
1,4926,53.266697
1,4927,459.792103
1,4928,108.662403
1,4929,405.093184
1,4930,363.359368
1,4931,63.768752
1,4932,308.949422
1,4933,300.758867
1,4934,27.402577
1,4935,227.965263
1,4936,64.676312
1,4937,401.946923
1,4938,475.791433
1,4939,403.036845
1,4940,474.777706
1,4941,252.820921
1,4942,324.810261
1,4943,352.461454
1,4944,327.627291
1,4945,365.695356
1,4946,327.100580
1,4947,244.678493
1,4948,86.024398
1,4949,229.368356
1,4950,303.281558
1,4951,341.292936
1,4952,74.973813
1,4953,232.044990
1,4954,424.241146
1,4955,64.326493
1,4956,495.380968
1,4957,125.923768
1,4958,338.093857
1,4959,329.268912
1,4960,178.616479
1,4961,77.065609
1,4962,70.719027
1,4963,65.888586
1,4964,310.543402
1,4965,231.001224
1,4966,208.178527
1,4967,205.848051
1,4968,41.703340
1,4969,234.621632
1,4970,455.231510
1,4971,235.286301
1,4972,217.847154
1,4973,93.808045
1,4974,195.787905
1,4975,317.645855
1,4976,385.401627
1,4977,407.743330
1,4978,17.448404
1,4979,225.183523
1,4980,358.195897
1,4981,69.114569
1,4982,222.206629
1,4983,59.011832
1,4984,68.612199
1,4985,341.128579
1,4986,58.795254
1,4987,144.230219
1,4988,73.651620
1,4989,222.377242
1,4990,185.445905
1,4991,30.774149
1,4992,188.529092
1,4993,235.242934
1,4994,76.580272
1,4995,326.766671
1,4996,100.420384
1,4997,91.136450
1,4998,272.012154
1,4999,59.899716
1,5000,407.721952
1,5001,505.679903
1,5002,184.823048
1,5003,514.648094
1,5004,75.089001
1,5005,312.857458
1,5006,300.085891
1,5007,519.310248
1,5008,211.335548
1,5009,208.484125
1,5010,352.002308
1,5011,193.247719
1,5012,333.689245
1,5013,73.250986
1,5014,590.247860
1,5015,60.005815
1,5016,77.102584
1,5017,374.716661
1,5018,385.800932
1,5019,203.766038
1,5020,311.368254
1,5021,270.952116
1,5022,589.103427
1,5023,67.140388
1,5024,205.853930
1,5025,111.852583
1,5026,267.668019
1,5027,317.057765
1,5028,176.663156
1,5029,315.721487
1,5030,308.563011
1,5031,205.279213
1,5032,327.881237
1,5033,212.485268
1,5034,496.496702
1,5035,326.671669
1,5036,459.485320
1,5037,403.218235
1,5038,305.602571
1,5039,74.967375
1,5040,354.732560
1,5041,323.524248
1,5042,390.610096
1,5043,363.162445
1,5044,64.006918
1,5045,395.007414
1,5046,333.370508
1,5047,382.392251
1,5048,371.040527
1,5049,518.808273
1,5050,238.840026
1,5051,313.567618
1,5052,364.865116
1,5053,123.271745
1,5054,382.274272
1,5055,330.769493
1,5056,103.656590
1,5057,145.537102
1,5058,26.074960
1,5059,93.464990
1,5060,291.799713
1,5061,222.870125
1,5062,274.752694
1,5063,44.882937
1,5064,7.213789
1,5065,60.616990
1,5066,132.448069
1,5067,266.887167
1,5068,168.082275
1,5069,55.780246
1,5070,187.957137
1,5071,17.102187
1,5072,324.598568
1,5073,167.360206
1,5074,253.114524
1,5075,6.395487
1,5076,246.281787
1,5077,72.918510
1,5078,309.025243
1,5079,64.870641
1,5080,199.160793
1,5081,30.045326
1,5082,308.587545
1,5083,197.538679
1,5084,260.675630
1,5085,223.511562
1,5086,76.435749
1,5087,182.297752
1,5088,61.318968
1,5089,315.429221
1,5090,440.892867
1,5091,7.953171
1,5092,260.135014
1,5093,137.428941
1,5094,80.317493
1,5095,136.670340
1,5096,70.291922
1,5097,84.186121
1,5098,25.606124
1,5099,288.912324
1,5100,66.724168
1,5101,149.548512
1,5102,242.866862
1,5103,325.515918
1,5104,64.610214
1,5105,227.828146
1,5106,88.606477
1,5107,272.456272
1,5108,78.729799
1,5109,195.818644
1,5110,60.081963
1,5111,65.086422
1,5112,288.139626
1,5113,133.886274
1,5114,290.363119
1,5115,183.748178
1,5116,63.662468
1,5117,237.989387
1,5118,299.742350
1,5119,316.335629
1,5120,416.271878
1,5121,159.407551
1,5122,57.388413
1,5123,163.669513
1,5124,305.644549
1,5125,375.490804
1,5126,248.355952
1,5127,66.327978
1,5128,252.277529
1,5129,52.669566
1,5130,258.093793
1,5131,239.398275
1,5132,150.248091
1,5133,347.599414
1,5134,64.009831
1,5135,266.589507
1,5136,911.602209
1,5137,300.493368
1,5138,41.978419
1,5139,402.810647
1,5140,211.749396
1,5141,101.041170
1,5142,291.212690
1,5143,76.949468
1,5144,246.604391
1,5145,58.001689
1,5146,101.143732
1,5147,76.093579
1,5148,352.943917
1,5149,362.264703
1,5150,61.470393
1,5151,460.410391
1,5152,220.923558
1,5153,10.210706
1,5154,102.292221
1,5155,298.822508
1,5156,0.000000
1,5157,164.088047
1,5158,331.559494
1,5159,0.000000
1,5160,226.985980
1,5161,489.991680
1,5162,392.967384
1,5163,230.738953
1,5164,306.977502
1,5165,48.928035
1,5166,204.032963
1,5167,57.317457
1,5168,392.121594
1,5169,283.701093
1,5170,319.383714
1,5171,320.337404
1,5172,438.083094
1,5173,69.621769
1,5174,251.149652
1,5175,257.619791
1,5176,63.684479
1,5177,320.878192
1,5178,300.805898
1,5179,75.197171
1,5180,237.649454
1,5181,66.213165
1,5182,225.970926
1,5183,184.481426
1,5184,103.282843
1,5185,170.199612
1,5186,54.871287
1,5187,189.917920
1,5188,130.985606
1,5189,331.024024
1,5190,64.024306
1,5191,233.561981
1,5192,374.019077
1,5193,19.164230
1,5194,210.998070
1,5195,356.776638
1,5196,49.974682
1,5197,234.814252
1,5198,218.381843
1,5199,441.518373
1,5200,64.165525
1,5201,206.476966
1,5202,284.268871
1,5203,139.926133
1,5204,125.495054
1,5205,160.708889
1,5206,369.468271
1,5207,348.442186
1,5208,66.327239
1,5209,305.253785
1,5210,59.725546
1,5211,166.010261
1,5212,370.343328
1,5213,70.142310
1,5214,318.412645
1,5215,55.830169
1,5216,155.447994
1,5217,74.446976
1,5218,358.447741
1,5219,57.238924
1,5220,130.990118
1,5221,318.979803
1,5222,374.315606
1,5223,372.330534
1,5224,467.211248
1,5225,3.253764
1,5226,218.911865
1,5227,239.261171
1,5228,311.922329
1,5229,92.915417
1,5230,253.418914
1,5231,439.816816
1,5232,122.483548
1,5233,492.950590
1,5234,313.828313
1,5235,181.603183
1,5236,332.555754
1,5237,98.694245
1,5238,311.162056
1,5239,167.180864
1,5240,97.094961
1,5241,239.714315
1,5242,167.460715
1,5243,299.044847
1,5244,376.140940
1,5245,454.125851
1,5246,439.530746
1,5247,92.412698
1,5248,448.199607
1,5249,111.185288
1,5250,231.761005
1,5251,95.026973
1,5252,114.949712
1,5253,242.924268
1,5254,242.018897
1,5255,107.531537
1,5256,321.331759
1,5257,89.930535
1,5258,246.032822
1,5259,697.451914
1,5260,406.410306
1,5261,229.884354
1,5262,86.905670
1,5263,522.755821
1,5264,291.783450
1,5265,341.906266
1,5266,114.352391
1,5267,438.855331
1,5268,309.517290
1,5269,222.505642
1,5270,162.721172
1,5271,212.968439
1,5272,271.888803
1,5273,287.684655
1,5274,220.818928
1,5275,391.689053
1,5276,326.861297
1,5277,89.123357
1,5278,210.842281
1,5279,205.320783
1,5280,236.961135
1,5281,367.252286
1,5282,249.668846
1,5283,110.556890
1,5284,356.425208
1,5285,95.640233
1,5286,115.888854
1,5287,257.291200
1,5288,100.762881
1,5289,297.565563
1,5290,383.995731
1,5291,46.614381
1,5292,183.840810
1,5293,227.610069
1,5294,49.005497
1,5295,256.488114
1,5296,106.095950
1,5297,247.700722
1,5298,87.507958
1,5299,500.166184
1,5300,216.503045
1,5301,57.810147
1,5302,313.466619
1,5303,290.183109
1,5304,87.553533
1,5305,0.000000
1,5306,341.534699
1,5307,214.239026
1,5308,345.219813
1,5309,237.310292
1,5310,231.062377
1,5311,393.394518
1,5312,251.700097
1,5313,47.835726
1,5314,207.458773
1,5315,281.266887
1,5316,425.606780
1,5317,190.629735
1,5318,335.843395
1,5319,240.283624
1,5320,112.521981
1,5321,118.657119
1,5322,56.121747
1,5323,104.725388
1,5324,356.130277
1,5325,398.258544
1,5326,315.356480
1,5327,46.331586
1,5328,193.916922
1,5329,57.466599
1,5330,475.320263
1,5331,112.318919
1,5332,237.976509
1,5333,212.351463
1,5334,330.542337
1,5335,197.999022
1,5336,319.489598
1,5337,312.932536
1,5338,99.151958
1,5339,46.238655
1,5340,340.352945
1,5341,112.761386
1,5342,0.000000
1,5343,288.896018
1,5344,92.771772
1,5345,357.749665
1,5346,102.127788
1,5347,358.082524
1,5348,224.649932
1,5349,253.117443
1,5350,160.149808
1,5351,293.921380
1,5352,54.257093
1,5353,319.294089
1,5354,99.378463
1,5355,214.499424
1,5356,140.066977
1,5357,122.406395
1,5358,498.041828
1,5359,74.241502
1,5360,208.275774
1,5361,273.187092
1,5362,125.323620
1,5363,572.921130
1,5364,102.116768
1,5365,309.159177
1,5366,290.454478
1,5367,121.337267
1,5368,178.766277
1,5369,317.918301
1,5370,191.064606
1,5371,86.879735
1,5372,236.512703
1,5373,165.436267
1,5374,19.254724
1,5375,154.645951
1,5376,31.290844
1,5377,263.762646
1,5378,331.698906
1,5379,170.205685
1,5380,480.585490
1,5381,201.490751
1,5382,446.585282
1,5383,340.057081
1,5384,410.983281
1,5385,280.721191
1,5386,88.069136
1,5387,153.459890
1,5388,277.339622
1,5389,283.996855
1,5390,107.862769
1,5391,108.534962
1,5392,172.462153
1,5393,329.242515
1,5394,302.987337
1,5395,162.955823
1,5396,107.546965
1,5397,54.244119
1,5398,479.120009
1,5399,387.389145
1,5400,98.311268
1,5401,302.266265
1,5402,127.320558
1,5403,453.451402
1,5404,276.440849
1,5405,103.279912
1,5406,431.140796
1,5407,131.485600
1,5408,286.971835
1,5409,80.587250
1,5410,141.061368
1,5411,0.000000
1,5412,570.778537
1,5413,91.995165
1,5414,201.776523
1,5415,213.363410
1,5416,196.673310
1,5417,150.563875
1,5418,380.246582
1,5419,93.895709
1,5420,365.579695
1,5421,193.465355
1,5422,432.167579
1,5423,247.793149
1,5424,203.602889
1,5425,219.482925
1,5426,113.671096
1,5427,412.713614
1,5428,508.064612
1,5429,116.192073
1,5430,382.203258
1,5431,104.758032
1,5432,71.305313
1,5433,418.836569
1,5434,168.298321
1,5435,109.198781
1,5436,137.240685
1,5437,200.677718
1,5438,242.242860
1,5439,10.105611
1,5440,419.547839
1,5441,111.085842
1,5442,479.869057
1,5443,80.733228
1,5444,235.215803
1,5445,105.335803
1,5446,13.494708
1,5447,163.813818
1,5448,64.530201
1,5449,98.898706
1,5450,303.623487
1,5451,30.118940
1,5452,286.341974
1,5453,405.076603
1,5454,163.592884
1,5455,13.401755
1,5456,215.047440
1,5457,254.884127
1,5458,82.036305
1,5459,200.387346
1,5460,23.493234
1,5461,304.793740
1,5462,80.218888
1,5463,143.766377
1,5464,450.110822
1,5465,310.303800
1,5466,83.754399
1,5467,163.909472
1,5468,147.595204
1,5469,385.360918
1,5470,74.113670
1,5471,400.374948
1,5472,22.065348
1,5473,280.303601
1,5474,0.000000
1,5475,186.613454
1,5476,172.440554
1,5477,348.532150
1,5478,139.201471
1,5479,55.233585
1,5480,198.652576
1,5481,220.555561
1,5482,270.545464
1,5483,456.415143
1,5484,129.335732
1,5485,194.913039
1,5486,41.495223
1,5487,354.093091
1,5488,136.694573
1,5489,320.053484
1,5490,40.942922
1,5491,261.126618
1,5492,84.399394
1,5493,111.891599
1,5494,274.498431
1,5495,59.591467
1,5496,109.653032
1,5497,67.667841
1,5498,244.349802
1,5499,100.434799
1,5500,165.182200
1,5501,98.500760
1,5502,343.339912
1,5503,167.487460
1,5504,91.822630
1,5505,397.369340
1,5506,128.305742
1,5507,94.762473
1,5508,390.744023
1,5509,394.582493
1,5510,149.470574
1,5511,220.950628
1,5512,35.360297
1,5513,264.741596
1,5514,104.454807
1,5515,168.990687
1,5516,483.077963
1,5517,101.798766
1,5518,91.850188
1,5519,465.224377
1,5520,377.283987
1,5521,124.034121
1,5522,294.321501
1,5523,99.217695
1,5524,222.996258
1,5525,102.830620
1,5526,396.148049
1,5527,511.477577
1,5528,66.798771
1,5529,368.076605
1,5530,106.264132
1,5531,277.551095
1,5532,395.528800
1,5533,498.716495
1,5534,89.492338
1,5535,277.305338
1,5536,191.435761
1,5537,88.877498
1,5538,268.898832
1,5539,40.032361
1,5540,396.912416
1,5541,100.102274
1,5542,361.254752
1,5543,144.431291
1,5544,88.826149
1,5545,277.103772
1,5546,406.086855
1,5547,289.980054
1,5548,56.038048
1,5549,132.427348
1,5550,417.736399
1,5551,249.242290
1,5552,129.676080
1,5553,253.067326
1,5554,108.070547
1,5555,113.541263
1,5556,645.047163
1,5557,151.691604
1,5558,33.340822
1,5559,354.102700
1,5560,216.286198
1,5561,492.005891
1,5562,74.838606
1,5563,334.006141
1,5564,186.362082
1,5565,336.035104
1,5566,56.019054
1,5567,255.168185
1,5568,266.340906
1,5569,323.590273
1,5570,299.594228
1,5571,347.712792
1,5572,59.727140
1,5573,185.732663
1,5574,92.990780
1,5575,255.438342
1,5576,191.837473
1,5577,370.673478
1,5578,91.859035
1,5579,218.964578
1,5580,92.936698
1,5581,357.577703
1,5582,92.999139
1,5583,328.987467
1,5584,246.710097
1,5585,102.523493
1,5586,362.689943
1,5587,183.271922
1,5588,199.139825
1,5589,341.124032
1,5590,40.087701
1,5591,255.895179
1,5592,221.472696
1,5593,267.938128
1,5594,570.528245
1,5595,204.948006
1,5596,347.780791
1,5597,95.731764
1,5598,326.992091
1,5599,171.117105
1,5600,208.118086
1,5601,96.265975
1,5602,329.526552
1,5603,263.304950
1,5604,286.538577
1,5605,245.458572
1,5606,74.730065
1,5607,325.293655
1,5608,260.669644
1,5609,47.265789
1,5610,378.668336
1,5611,234.951312
1,5612,280.799458
1,5613,228.996616
1,5614,326.681036
1,5615,478.317743
1,5616,206.023829
1,5617,47.469825
1,5618,487.622786
1,5619,83.803816
1,5620,427.343128
1,5621,77.997275
1,5622,408.651640
1,5623,84.836951
1,5624,96.153216
1,5625,292.601938
1,5626,351.260458
1,5627,94.285287
1,5628,216.605956
1,5629,85.727588
1,5630,273.839507
1,5631,139.226913
1,5632,167.976713
1,5633,194.457259
1,5634,249.538834
1,5635,346.843478
1,5636,92.180421
1,5637,136.357717
1,5638,87.059167
1,5639,414.092297
1,5640,87.429504
1,5641,311.843942
1,5642,101.066370
1,5643,370.780512
1,5644,102.839615
1,5645,330.105202
1,5646,264.083482
1,5647,529.428739
1,5648,153.849898
1,5649,86.271925
1,5650,408.082054
1,5651,117.906900
1,5652,396.638996
1,5653,255.174680
1,5654,253.052815
1,5655,254.354307
1,5656,38.692825
1,5657,181.523673
1,5658,0.586221
1,5659,400.325277
1,5660,33.054287
1,5661,269.061868
1,5662,250.188122
1,5663,228.989840
1,5664,276.823037
1,5665,240.440579
1,5666,5.678499
1,5667,122.380739
1,5668,224.497107
1,5669,83.862761
1,5670,198.854389
1,5671,166.427440
1,5672,179.816319
1,5673,287.807413
1,5674,440.695156
1,5675,101.685617
1,5676,184.255804
1,5677,292.206507
1,5678,208.594314
1,5679,279.418932
1,5680,77.199515
1,5681,189.709831
1,5682,190.083060
1,5683,88.565654
1,5684,48.747645
1,5685,316.540235
1,5686,96.147425
1,5687,192.537852
1,5688,440.628492
1,5689,48.370105
1,5690,261.726012
1,5691,106.096495
1,5692,255.767420
1,5693,92.165952
1,5694,254.032733
1,5695,41.391356
1,5696,317.668715
1,5697,147.790107
1,5698,238.207514
1,5699,353.291114
1,5700,89.918337
1,5701,99.879937
1,5702,348.165031
1,5703,90.074597
1,5704,152.125941
1,5705,148.693447
1,5706,232.501471
1,5707,212.971607
1,5708,49.487938
1,5709,251.863862
1,5710,78.014058
1,5711,249.936775
1,5712,255.591991
1,5713,98.446165
1,5714,385.204458
1,5715,85.975329
1,5716,176.375705
1,5717,84.777908
1,5718,263.487860
1,5719,176.197239
1,5720,229.744095
1,5721,81.796607
1,5722,144.772593
1,5723,157.136304
1,5724,298.747617
1,5725,85.450973
1,5726,295.389746
1,5727,32.743774
1,5728,270.090134
1,5729,287.720385
1,5730,245.123419
1,5731,181.940374
1,5732,70.048741
1,5733,29.235867
1,5734,288.108690
1,5735,38.086618
1,5736,418.986795
1,5737,224.512437
1,5738,258.036826
1,5739,74.254882
1,5740,232.999592
1,5741,159.676636
1,5742,172.711930
1,5743,227.197548
1,5744,212.851462
1,5745,337.334033
1,5746,53.958210
1,5747,96.835031
1,5748,355.572427
1,5749,391.183937
1,5750,429.308338
1,5751,376.833447
1,5752,442.735226
1,5753,321.499560
1,5754,29.264076
1,5755,349.979247
1,5756,48.266501
1,5757,398.879939
1,5758,197.756708
1,5759,282.333480
1,5760,86.047894
1,5761,146.916934
1,5762,214.673334
1,5763,42.450573
1,5764,159.600900
1,5765,411.089518
1,5766,65.391128
1,5767,364.878503
1,5768,58.770890
1,5769,129.950292
1,5770,364.606017
1,5771,396.930614
1,5772,337.777102
1,5773,166.697760
1,5774,74.910913
1,5775,110.685636
1,5776,69.365938
1,5777,172.742687
1,5778,252.106911
1,5779,347.603887
1,5780,143.969671
1,5781,402.569979
1,5782,67.566464
1,5783,155.742257
1,5784,153.901918
1,5785,251.211902
1,5786,65.928436
1,5787,211.399163
1,5788,64.646594
1,5789,94.543973
1,5790,69.728895
1,5791,191.708793
1,5792,269.443002
1,5793,306.524227
1,5794,345.377997
1,5795,279.715851
1,5796,106.683234
1,5797,122.958452
1,5798,248.771241
1,5799,346.223804
1,5800,346.515511
1,5801,62.953851
1,5802,315.065701
1,5803,12.935331
1,5804,259.412376
1,5805,201.567715
1,5806,58.246509
1,5807,143.529845
1,5808,326.188619
1,5809,197.065445
1,5810,287.015509
1,5811,300.748502
1,5812,351.694232
1,5813,383.695151
1,5814,76.676786
1,5815,128.288105
1,5816,326.806237
1,5817,97.881215
1,5818,160.798621
1,5819,130.015749
1,5820,94.782479
1,5821,310.827974
1,5822,32.364526
1,5823,309.801499
1,5824,244.878801
1,5825,230.433807
1,5826,346.376059
1,5827,425.079035
1,5828,49.983602
1,5829,185.505136
1,5830,110.255162
1,5831,278.377287
1,5832,60.899302
1,5833,256.280592
1,5834,67.074301
1,5835,319.075019
1,5836,359.131796
1,5837,25.625093
1,5838,370.316236
1,5839,326.620479
1,5840,343.956804
1,5841,392.532199
1,5842,317.994780
1,5843,17.674728
1,5844,221.513409
1,5845,25.091397
1,5846,206.189268
1,5847,293.354640
1,5848,67.511014
1,5849,184.464429
1,5850,256.385969
1,5851,91.196393
1,5852,146.460804
1,5853,61.050082
1,5854,583.164258
1,5855,20.047423
1,5856,291.588371
1,5857,68.664688
1,5858,254.824850
1,5859,68.014400
1,5860,132.679186
1,5861,329.638920
1,5862,255.949352
1,5863,65.414937
1,5864,0.000000
1,5865,264.039219
1,5866,58.239717
1,5867,373.073585
1,5868,55.453023
1,5869,169.436156
1,5870,455.369263
1,5871,63.327440
1,5872,299.128702
1,5873,55.608081
1,5874,244.117730
1,5875,134.097821
1,5876,170.137791
1,5877,212.449776
1,5878,215.095057
1,5879,92.740117
1,5880,201.931670
1,5881,339.656497
1,5882,49.795728
1,5883,189.574801
1,5884,132.578545
1,5885,224.799688
1,5886,114.799050
1,5887,53.738785
1,5888,265.534549
1,5889,202.987066
1,5890,56.462215
1,5891,156.195200
1,5892,168.087711
1,5893,248.514267
1,5894,120.460360
1,5895,41.183300
1,5896,275.016793
1,5897,111.072201
1,5898,137.252917
1,5899,185.002886
1,5900,204.925723
1,5901,156.711782
1,5902,271.408268
1,5903,101.462619
1,5904,152.778564
1,5905,46.544961
1,5906,116.478911
1,5907,41.460769
1,5908,168.780447
1,5909,33.385267
1,5910,38.598863
1,5911,207.972590
1,5912,223.557593
1,5913,250.009729
1,5914,274.105376
1,5915,91.144511
1,5916,254.050884
1,5917,0.000000
1,5918,217.511846
1,5919,54.585647
1,5920,120.335137
1,5921,252.992706
1,5922,307.105225
1,5923,69.441263
1,5924,210.014544
1,5925,251.617629
1,5926,225.792663
1,5927,444.650254
1,5928,327.970508
1,5929,269.997627
1,5930,199.577750
1,5931,41.825044
1,5932,282.625939
1,5933,48.298819
1,5934,204.913756
1,5935,287.537196
1,5936,300.437394
1,5937,41.223453
1,5938,345.229573
1,5939,301.356614
1,5940,191.170428
1,5941,224.518654
1,5942,365.311094
1,5943,108.988879
1,5944,52.321321
1,5945,26.697732
1,5946,146.125387
1,5947,131.224601
1,5948,218.459836
1,5949,210.226426
1,5950,323.282170
1,5951,220.846511
1,5952,192.764654
1,5953,417.368657
1,5954,18.846633
1,5955,241.904250
1,5956,343.125331
1,5957,321.770707
1,5958,268.407808
1,5959,336.953574
1,5960,58.084639
1,5961,249.105286
1,5962,370.143482
1,5963,97.100243
1,5964,248.603304
1,5965,437.231586
1,5966,355.095359
1,5967,367.093633
1,5968,259.403006
1,5969,97.685249
1,5970,327.411778
1,5971,249.457784
1,5972,297.272505
1,5973,64.745312
1,5974,178.993295
1,5975,245.436854
1,5976,304.941846
1,5977,282.884720
1,5978,38.146869
1,5979,342.113561
1,5980,52.919960
1,5981,357.436388
1,5982,404.406215
1,5983,352.773645
1,5984,40.793826
1,5985,6.957321
1,5986,230.670183
1,5987,41.446915
1,5988,250.739471
1,5989,136.391539
1,5990,219.234193
1,5991,80.357503
1,5992,292.105496
1,5993,178.680551
1,5994,116.606879
1,5995,27.279513
1,5996,108.836205
1,5997,261.231023
1,5998,71.381663
1,5999,163.910060
1,6000,248.458664
1,6001,117.717983
1,6002,58.143917
1,6003,326.795289
1,6004,406.542848
1,6005,216.971549
1,6006,154.584694
1,6007,87.722389
1,6008,116.288207
1,6009,187.816793
1,6010,230.945977
1,6011,53.140550
1,6012,253.936930
1,6013,48.866827
1,6014,185.662483
1,6015,1.744453
1,6016,114.096767
1,6017,192.498895
1,6018,287.165679
1,6019,187.650068
1,6020,270.110109
1,6021,205.134583
1,6022,72.828535
1,6023,220.334630
1,6024,267.532644
1,6025,154.362341
1,6026,231.406056
1,6027,240.032512
1,6028,314.766595
1,6029,184.444357
1,6030,197.329553
1,6031,49.191144
1,6032,400.089852
1,6033,3.352407
1,6034,213.932535
1,6035,52.466855
1,6036,151.555220
1,6037,135.846627
1,6038,300.516154
1,6039,48.862343
1,6040,217.743363
1,6041,479.182865
1,6042,463.678586
1,6043,283.384806
1,6044,357.888778
1,6045,12.461663
1,6046,427.509606
1,6047,339.599316
1,6048,376.062833
1,6049,281.434597
1,6050,245.207366
1,6051,41.556950
1,6052,13.410166
1,6053,429.923292
1,6054,260.447446
1,6055,380.538333
1,6056,418.338421
1,6057,359.901112
1,6058,365.296769
1,6059,361.943941
1,6060,109.963231
1,6061,342.657347
1,6062,324.910911
1,6063,274.424913
1,6064,379.246956
1,6065,359.957652
1,6066,382.964087
1,6067,63.124561
1,6068,341.795410
1,6069,317.342913
1,6070,353.688398
1,6071,472.219313
1,6072,221.451411
1,6073,239.955344
1,6074,384.016470
1,6075,32.715259
1,6076,133.254690
1,6077,237.038803
1,6078,372.871289
1,6079,366.238927
1,6080,241.958984
1,6081,351.615786
1,6082,308.366274
1,6083,84.744794
1,6084,55.878348
1,6085,504.160812
1,6086,149.315642
1,6087,344.368743
1,6088,414.706854
1,6089,40.567374
1,6090,387.857369
1,6091,88.828167
1,6092,146.146269
1,6093,123.995376
1,6094,237.002538
1,6095,270.066736
1,6096,196.462476
1,6097,290.957565
1,6098,0.000000
1,6099,240.468376
1,6100,292.932622
1,6101,46.106577
1,6102,65.586529
1,6103,552.377394
1,6104,340.459463
1,6105,63.384058
1,6106,338.254685
1,6107,227.241895
1,6108,385.373944
1,6109,62.308889
1,6110,238.186441
1,6111,40.141943
1,6112,363.447655
1,6113,127.405182
1,6114,326.347427
1,6115,337.472327
1,6116,378.457596
1,6117,250.064103
1,6118,481.960393
1,6119,312.919440
1,6120,434.430458
1,6121,356.111943
1,6122,550.950764
1,6123,72.222907
1,6124,195.786236
1,6125,57.658674
1,6126,388.460076
1,6127,435.951355
1,6128,68.777393
1,6129,217.522509
1,6130,72.054711
1,6131,238.961085
1,6132,191.864613
1,6133,158.716233
1,6134,86.641939
1,6135,337.300084
1,6136,44.389716
1,6137,315.220458
1,6138,35.170538
1,6139,87.466918
1,6140,384.511064
1,6141,229.276767
1,6142,362.693672
1,6143,197.008249
1,6144,88.406076
1,6145,178.912822
1,6146,222.121415
1,6147,311.415302
1,6148,60.567850
1,6149,421.495502
1,6150,53.432426
1,6151,54.742905
1,6152,435.693377
1,6153,110.395777
1,6154,406.101317
1,6155,320.333740
1,6156,34.049474
1,6157,275.661328
1,6158,246.101862
1,6159,27.402577
1,6160,169.169718
1,6161,65.458130
1,6162,355.990352
1,6163,363.043403
1,6164,370.593248
1,6165,474.294473
1,6166,207.223728
1,6167,280.010104
1,6168,311.358569
1,6169,269.298866
1,6170,258.468799
1,6171,253.712135
1,6172,203.940789
1,6173,88.040663
1,6174,232.192155
1,6175,307.931316
1,6176,349.236874
1,6177,76.377997
1,6178,232.044990
1,6179,361.675597
1,6180,33.666156
1,6181,467.458741
1,6182,77.678462
1,6183,302.297132
1,6184,291.801286
1,6185,145.940739
1,6186,77.065609
1,6187,269.894060
1,6188,38.415899
1,6189,283.097369
1,6190,231.001224
1,6191,270.136732
1,6192,266.351512
1,6193,41.703340
1,6194,236.262423
1,6195,459.202317
1,6196,292.072391
1,6197,267.424773
1,6198,95.129929
1,6199,199.743282
1,6200,321.580663
1,6201,390.781765
1,6202,346.115314
1,6203,17.448404
1,6204,185.196308
1,6205,294.962697
1,6206,69.114569
1,6207,240.114508
1,6208,59.011832
1,6209,70.299282
1,6210,343.479182
1,6211,59.757095
1,6212,149.044568
1,6213,37.756635
1,6214,196.699448
1,6215,158.889099
1,6216,34.050576
1,6217,188.529092
1,6218,238.863991
1,6219,78.863997
1,6220,335.867637
1,6221,101.464524
1,6222,63.454082
1,6223,366.840809
1,6224,60.840979
1,6225,346.926989
1,6226,459.091817
1,6227,150.090708
1,6228,475.208180
1,6229,76.318310
1,6230,280.228419
1,6231,203.786123
1,6232,437.192649
1,6233,219.583158
1,6234,255.459522
1,6235,353.149317
1,6236,155.811031
1,6237,297.368218
1,6238,74.398003
1,6239,545.428687
1,6240,60.905933
1,6241,77.102584
1,6242,451.066169
1,6243,445.100671
1,6244,165.557747
1,6245,277.680728
1,6246,240.940474
1,6247,446.740216
1,6248,45.884143
1,6249,253.960155
1,6250,113.657965
1,6251,314.807138
1,6252,275.589613
1,6253,148.517595
1,6254,269.198393
1,6255,249.185922
1,6256,180.413416
1,6257,337.244457
1,6258,207.523098
1,6259,486.778440
1,6260,330.794625
1,6261,566.022915
1,6262,392.173625
1,6263,295.977303
1,6264,74.967375
1,6265,316.761141
1,6266,280.894066
1,6267,361.781334
1,6268,370.920822
1,6269,64.006918
1,6270,366.681976
1,6271,326.650596
1,6272,356.755790
1,6273,367.324035
1,6274,459.735522
1,6275,191.448614
1,6276,279.298403
1,6277,322.518302
1,6278,163.603377
1,6279,342.061143
1,6280,305.944441
1,6281,86.796394
1,6282,185.714291
1,6283,26.074960
1,6284,98.467299
1,6285,250.403841
1,6286,177.694562
1,6287,276.090018
1,6288,46.014515
1,6289,7.213789
1,6290,60.616990
1,6291,135.313013
1,6292,226.797621
1,6293,199.970504
1,6294,56.695794
1,6295,157.049910
1,6296,59.146011
1,6297,325.596425
1,6298,167.360206
1,6299,253.114524
1,6300,6.395487
1,6301,246.281787
1,6302,75.063367
1,6303,309.668194
1,6304,34.189463
1,6305,169.682790
1,6306,30.045326
1,6307,280.004991
1,6308,179.024010
1,6309,262.079814
1,6310,267.807917
1,6311,45.554031
1,6312,183.295600
1,6313,34.031645
1,6314,290.024169
1,6315,416.238295
1,6316,7.953171
1,6317,263.025682
1,6318,104.784677
1,6319,80.317493
1,6320,94.358390
1,6321,70.291922
1,6322,45.884776
1,6323,25.606124
1,6324,249.006734
1,6325,66.724168
1,6326,149.548512
1,6327,205.183138
1,6328,293.570507
1,6329,31.723198
1,6330,229.417498
1,6331,56.521567
1,6332,243.713728
1,6333,78.729799
1,6334,158.468984
1,6335,61.059234
1,6336,35.006836
1,6337,258.060031
1,6338,133.886274
1,6339,255.589437
1,6340,138.675552
1,6341,64.269403
1,6342,202.758323
1,6343,264.757981
1,6344,274.343303
1,6345,374.633792
1,6346,159.407551
1,6347,0.000000
1,6348,163.669513
1,6349,265.004303
1,6350,309.815433
1,6351,210.780055
1,6352,66.327978
1,6353,208.161196
1,6354,52.669566
1,6355,196.129836
1,6356,191.672261
1,6357,151.379669
1,6358,257.962231
1,6359,64.009831
1,6360,229.014011
1,6361,1003.844329
1,6362,339.992613
1,6363,42.929975
1,6364,403.592466
1,6365,212.798683
1,6366,138.328911
1,6367,356.569427
1,6368,76.949468
1,6369,246.604391
1,6370,0.000000
1,6371,126.805839
1,6372,114.318316
1,6373,278.980004
1,6374,289.308650
1,6375,30.162164
1,6376,405.419714
1,6377,244.323780
1,6378,0.000000
1,6379,163.550984
1,6380,313.075950
1,6381,0.000000
1,6382,218.102860
1,6383,380.382093
1,6384,0.000000
1,6385,275.366031
1,6386,562.581313
1,6387,435.651223
1,6388,307.880709
1,6389,274.317346
1,6390,50.177912
1,6391,166.863802
1,6392,58.762795
1,6393,346.088210
1,6394,287.023812
1,6395,324.280363
1,6396,296.799388
1,6397,411.173072
1,6398,73.325109
1,6399,251.149652
1,6400,206.361515
1,6401,63.684479
1,6402,286.289866
1,6403,267.517812
1,6404,75.197171
1,6405,237.649454
1,6406,66.213165
1,6407,192.482318
1,6408,151.085599
1,6409,104.265252
1,6410,130.294022
1,6411,18.374719
1,6412,167.227441
1,6413,132.060608
1,6414,307.820602
1,6415,64.024306
1,6416,155.937009
1,6417,323.825706
1,6418,19.164230
1,6419,171.694081
1,6420,311.456728
1,6421,21.098280
1,6422,185.283189
1,6423,180.281038
1,6424,379.035320
1,6425,65.796023
1,6426,172.320238
1,6427,255.999728
1,6428,139.926133
1,6429,126.374595
1,6430,219.113657
1,6431,321.135860
1,6432,317.359938
1,6433,66.327239
1,6434,276.978958
1,6435,60.239905
1,6436,125.935207
1,6437,328.993142
1,6438,70.142310
1,6439,283.921384
1,6440,55.830169
1,6441,125.769461
1,6442,74.446976
1,6443,355.737846
1,6444,57.238924
1,6445,130.990118
1,6446,251.005345
1,6447,342.550089
1,6448,340.246375
1,6449,277.915126
1,6450,100.575871
1,6451,380.686121
1,6452,265.389158
1,6453,444.045229
1,6454,334.975568
1,6455,397.312471
1,6456,532.533613
1,6457,491.209345
1,6458,97.165716
1,6459,390.261793
1,6460,101.126465
1,6461,533.260336
1,6462,97.960242
1,6463,429.556014
1,6464,224.917583
1,6465,522.335618
1,6466,107.473464
1,6467,214.652299
1,6468,453.861395
1,6469,174.512407
1,6470,542.887331
1,6471,574.431303
1,6472,503.808946
1,6473,53.687372
1,6474,380.321263
1,6475,481.607206
1,6476,515.115762
1,6477,105.884141
1,6478,385.506258
1,6479,374.983792
1,6480,223.210662
1,6481,120.017326
1,6482,474.049876
1,6483,402.311112
1,6484,354.384460
1,6485,114.501190
1,6486,521.874079
1,6487,117.405472
1,6488,275.401831
1,6489,490.356716
1,6490,307.477222
1,6491,492.453195
1,6492,109.413458
1,6493,408.849258
1,6494,460.849949
1,6495,48.830584
1,6496,368.178332
1,6497,563.231356
1,6498,421.386093
1,6499,544.408447
1,6500,387.961293
1,6501,104.875548
1,6502,415.084657
1,6503,263.693895
1,6504,130.196328
1,6505,217.750488
1,6506,390.807964
1,6507,54.353049
1,6508,427.575156
1,6509,293.494057
1,6510,73.653181
1,6511,285.856782
1,6512,383.116339
1,6513,184.341470
1,6514,481.869122
1,6515,529.619139
1,6516,398.290347
1,6517,26.587469
1,6518,286.534498
1,6519,182.429072
1,6520,331.481313
1,6521,82.996196
1,6522,525.568993
1,6523,170.233693
1,6524,110.480023
1,6525,119.425691
1,6526,460.951805
1,6527,91.450167
1,6528,37.943719
1,6529,225.795655
1,6530,393.952668
1,6531,865.374691
1,6532,585.061031
1,6533,88.964406
1,6534,592.092728
1,6535,99.141909
1,6536,243.453140
1,6537,197.013390
1,6538,577.305500
1,6539,109.370897
1,6540,598.741561
1,6541,96.237430
1,6542,454.610457
1,6543,296.900811
1,6544,411.978703
1,6545,108.809972
1,6546,322.568138
1,6547,220.209728
1,6548,486.185480
1,6549,108.239994
1,6550,522.661841
1,6551,229.818640
1,6552,327.695690
1,6553,458.485846
1,6554,488.929545
1,6555,103.752477
1,6556,218.408513
1,6557,483.466569
1,6558,52.411140
1,6559,445.045410
1,6560,343.243015
1,6561,381.106593
1,6562,349.429123
1,6563,106.552177
1,6564,386.391782
1,6565,329.365200
1,6566,226.364476
1,6567,442.982982
1,6568,69.134782
1,6569,247.634066
1,6570,486.786613
1,6571,91.390138
1,6572,192.859427
1,6573,417.699199
1,6574,350.025050
1,6575,426.717912
1,6576,345.914343
1,6577,383.070422
1,6578,109.072710
1,6579,394.256894
1,6580,371.610660
1,6581,56.866463
1,6582,370.745535
1,6583,78.794685
1,6584,368.521653
1,6585,236.888919
1,6586,449.091603
1,6587,93.886883
1,6588,200.206769
1,6589,493.099863
1,6590,938.246828
1,6591,356.710810
1,6592,387.569086
1,6593,151.355407
1,6594,414.812776
1,6595,112.557278
1,6596,372.982610
1,6597,543.950281
1,6598,244.168372
1,6599,111.221224
1,6600,422.654378
1,6601,343.708378
1,6602,448.616456
1,6603,112.931816
1,6604,379.259130
1,6605,645.993952
1,6606,155.849468
1,6607,180.845547
1,6608,216.914805
1,6609,55.036542
1,6610,556.021094
1,6611,579.597535
1,6612,105.143311
1,6613,505.241887
1,6614,385.268405
1,6615,501.883302
1,6616,63.540439
1,6617,244.603353
1,6618,499.489947
1,6619,521.462349
1,6620,486.038643
1,6621,128.703954
1,6622,503.101449
1,6623,429.178848
1,6624,96.680934
1,6625,411.409102
1,6626,347.739772
1,6627,98.224931
1,6628,473.500618
1,6629,229.471764
1,6630,326.737531
1,6631,183.610722
1,6632,205.407438
1,6633,288.590804
1,6634,107.122707
1,6635,593.536463
1,6636,382.074635
1,6637,501.006910
1,6638,479.340218
1,6639,13.653484
1,6640,506.192194
1,6641,103.787782
1,6642,42.739067
1,6643,510.831213
1,6644,281.036213
1,6645,95.947024
1,6646,241.240395
1,6647,284.567135
1,6648,455.933966
1,6649,93.332211
1,6650,30.123984
1,6651,407.563847
1,6652,515.204514
1,6653,428.914184
1,6654,99.490435
1,6655,340.084727
1,6656,96.094776
1,6657,391.235342
1,6658,465.570349
1,6659,308.281235
1,6660,193.615965
1,6661,376.899011
1,6662,129.070064
1,6663,88.800055
1,6664,323.158675
1,6665,89.517259
1,6666,364.160139
1,6667,315.818810
1,6668,439.698763
1,6669,157.921290
1,6670,323.166189
1,6671,352.990302
1,6672,509.413245
1,6673,365.228753
1,6674,65.134037
1,6675,448.839777
1,6676,158.767322
1,6677,485.719435
1,6678,80.830261
1,6679,331.229063
1,6680,451.047185
1,6681,232.863046
1,6682,474.954063
1,6683,428.378924
1,6684,90.378201
1,6685,370.961806
1,6686,394.934894
1,6687,92.901025
1,6688,436.893753
1,6689,547.640474
1,6690,194.286324
1,6691,500.892031
1,6692,222.799018
1,6693,199.999299
1,6694,395.172880
1,6695,202.156202
1,6696,460.234447
1,6697,160.808504
1,6698,513.343164
1,6699,48.899050
1,6700,538.047600
1,6701,362.796439
1,6702,115.424332
1,6703,410.331632
1,6704,94.666508
1,6705,452.413648
1,6706,156.088190
1,6707,271.850357
1,6708,348.445269
1,6709,187.012190
1,6710,109.404819
1,6711,401.755027
1,6712,312.070601
1,6713,492.430860
1,6714,545.238986
1,6715,316.734138
1,6716,77.322190
1,6717,496.531088
1,6718,267.551996
1,6719,214.968586
1,6720,224.848893
1,6721,99.367640
1,6722,388.992829
1,6723,434.922216
1,6724,504.014216
1,6725,73.215642
1,6726,533.365390
1,6727,434.664995
1,6728,105.548642
1,6729,233.093153
1,6730,561.135534
1,6731,98.415182
1,6732,507.600186
1,6733,91.439223
1,6734,240.066686
1,6735,100.433193
1,6736,519.571280
1,6737,415.205681
1,6738,128.957354
1,6739,235.948171
1,6740,181.534292
1,6741,414.749941
1,6742,336.931272
1,6743,449.559927
1,6744,192.094246
1,6745,433.647689
1,6746,82.817399
1,6747,347.992288
1,6748,418.641223
1,6749,87.835020
1,6750,405.117074
1,6751,240.650781
1,6752,392.397732
1,6753,92.200259
1,6754,307.270032
1,6755,452.626643
1,6756,77.245303
1,6757,53.268117
1,6758,477.710413
1,6759,78.618642
1,6760,222.643515
1,6761,507.494134
1,6762,262.890115
1,6763,722.964549
1,6764,328.309018
1,6765,262.927998
1,6766,309.399528
1,6767,504.071704
1,6768,64.813715
1,6769,0.000000
1,6770,389.975222
1,6771,459.251257
1,6772,34.718847
1,6773,370.910404
1,6774,85.967855
1,6775,472.624590
1,6776,417.552286
1,6777,86.563467
1,6778,216.624992
1,6779,60.492346
1,6780,344.958549
1,6781,370.615386
1,6782,94.040777
1,6783,368.621154
1,6784,253.334825
1,6785,454.940262
1,6786,103.026228
1,6787,326.251465
1,6788,506.856061
1,6789,401.973910
1,6790,225.060506
1,6791,108.068675
1,6792,504.703657
1,6793,328.903322
1,6794,39.457165
1,6795,352.662337
1,6796,296.374767
1,6797,442.467378
1,6798,63.208453
1,6799,219.371457
1,6800,466.444392
1,6801,365.693207
1,6802,173.395458
1,6803,442.778896
1,6804,64.154352
1,6805,178.178272
1,6806,360.000818
1,6807,44.993657
1,6808,283.591149
1,6809,94.224036
1,6810,487.395226
1,6811,123.834446
1,6812,472.925634
1,6813,189.118481
1,6814,202.130556
1,6815,233.880008
1,6816,74.322104
1,6817,203.420417
1,6818,77.498836
1,6819,438.138869
1,6820,30.221875
1,6821,296.715624
1,6822,100.505131
1,6823,343.725478
1,6824,113.063382
1,6825,82.001695
1,6826,173.269156
1,6827,237.933123
1,6828,255.959938
1,6829,145.343091
1,6830,512.357859
1,6831,85.791404
1,6832,448.135131
1,6833,344.207387
1,6834,98.411263
1,6835,298.155583
1,6836,88.654782
1,6837,85.684340
1,6838,437.739354
1,6839,87.323597
1,6840,41.143588
1,6841,388.926147
1,6842,86.691843
1,6843,333.710168
1,6844,144.158486
1,6845,97.758775
1,6846,315.242638
1,6847,355.467489
1,6848,290.863404
1,6849,272.678264
1,6850,237.905829
1,6851,465.753401
1,6852,89.727516
1,6853,479.156425
1,6854,350.199787
1,6855,106.853440
1,6856,465.471634
1,6857,360.828842
1,6858,396.961735
1,6859,154.948761
1,6860,235.595585
1,6861,211.129004
1,6862,311.343058
1,6863,251.892151
1,6864,123.018727
1,6865,289.946058
1,6866,32.546768
1,6867,293.004133
1,6868,70.577841
1,6869,150.275005
1,6870,229.293545
1,6871,217.849315
1,6872,272.480882
1,6873,8.571867
1,6874,181.643034
1,6875,54.509764
1,6876,396.417689
1,6877,8.571867
1,6878,247.206598
1,6879,67.970234
1,6880,320.081294
1,6881,133.017464
1,6882,66.103893
1,6883,151.356341
1,6884,234.599033
1,6885,37.950377
1,6886,141.590903
1,6887,294.053526
1,6888,82.078723
1,6889,332.479930
1,6890,462.279736
1,6891,81.811756
1,6892,161.913422
1,6893,249.886599
1,6894,48.573213
1,6895,449.193442
1,6896,98.617350
1,6897,423.595921
1,6898,432.087666
1,6899,87.601446
1,6900,394.233841
1,6901,329.061319
1,6902,46.449019
1,6903,274.227414
1,6904,85.136818
1,6905,72.992720
1,6906,452.226262
1,6907,55.517044
1,6908,34.764829
1,6909,379.347213
1,6910,48.816551
1,6911,299.869310
1,6912,154.542130
1,6913,86.163406
1,6914,359.589237
1,6915,312.477419
1,6916,105.543357
1,6917,497.783872
1,6918,456.273593
1,6919,79.988679
1,6920,313.429679
1,6921,362.791055
1,6922,378.869028
1,6923,305.304130
1,6924,278.267591
1,6925,229.794293
1,6926,438.625562
1,6927,96.839064
1,6928,424.661379
1,6929,50.469744
1,6930,37.390440
1,6931,296.494543
1,6932,76.156652
1,6933,130.520723
1,6934,238.042801
1,6935,182.596264
1,6936,336.420722
1,6937,98.236211
1,6938,125.307846
1,6939,220.947407
1,6940,161.855598
1,6941,198.071530
1,6942,515.526636
1,6943,92.991528
1,6944,117.116156
1,6945,325.430643
1,6946,603.011140
1,6947,318.496280
1,6948,39.230331
1,6949,311.248424
1,6950,61.484109
1,6951,385.724372
1,6952,224.991142
1,6953,398.088139
1,6954,164.396469
1,6955,352.066679
1,6956,70.421867
1,6957,229.752169
1,6958,286.450142
1,6959,29.102448
1,6960,439.629528
1,6961,82.806746
1,6962,191.661626
1,6963,466.075592
1,6964,450.122972
1,6965,218.881247
1,6966,90.676766
1,6967,440.978230
1,6968,218.887484
1,6969,32.659656
1,6970,362.475824
1,6971,424.034141
1,6972,94.205808
1,6973,348.292818
1,6974,83.118113
1,6975,429.030156
1,6976,64.328545
1,6977,351.442445
1,6978,160.359521
1,6979,235.937754
1,6980,342.548552
1,6981,145.621489
1,6982,225.073960
1,6983,85.998836
1,6984,443.595349
1,6985,80.934521
1,6986,212.103537
1,6987,144.819645
1,6988,172.333076
1,6989,507.301124
1,6990,96.893302
1,6991,309.982405
1,6992,380.719372
1,6993,25.977046
1,6994,451.979539
1,6995,86.064482
1,6996,89.410955
1,6997,399.523435
1,6998,37.741591
1,6999,29.068095
1,7000,274.191926
1,7001,294.016200
1,7002,73.603806
1,7003,248.718937
1,7004,234.483033
1,7005,273.137716
1,7006,353.353847
1,7007,39.230331
1,7008,360.690519
1,7009,74.448741
1,7010,125.674093
1,7011,369.328746
1,7012,285.926772
1,7013,42.086959
1,7014,412.873568
1,7015,178.576610
1,7016,40.695030
1,7017,188.913291
1,7018,412.678594
1,7019,95.050333
1,7020,254.757900
1,7021,379.418215
1,7022,74.801234
1,7023,165.738480
1,7024,221.398179
1,7025,330.845157
1,7026,47.405639
1,7027,281.653805
1,7028,321.640534
1,7029,73.837161
1,7030,33.089046
1,7031,375.532829
1,7032,437.773014
1,7033,120.645075
1,7034,101.470249
1,7035,175.621464
1,7036,230.908933
1,7037,80.728600
1,7038,166.196579
1,7039,288.618692
1,7040,38.679156
1,7041,28.997300
1,7042,179.171638
1,7043,347.567688
1,7044,54.371828
1,7045,438.803315
1,7046,141.897427
1,7047,420.348726
1,7048,405.180684
1,7049,94.507626
1,7050,461.518997
1,7051,43.975856
1,7052,217.865020
1,7053,394.061563
1,7054,66.886832
1,7055,332.307184
1,7056,100.403067
1,7057,456.084526
1,7058,261.177224
1,7059,5.150666
1,7060,146.860017
1,7061,196.893597
1,7062,88.605667
1,7063,479.033302
1,7064,89.579089
1,7065,359.648144
1,7066,249.568912
1,7067,457.926633
1,7068,567.772654
1,7069,87.081667
1,7070,343.510291
1,7071,229.941419
1,7072,406.403100
1,7073,340.106753
1,7074,155.173561
1,7075,335.445552
1,7076,37.892145
1,7077,360.351482
1,7078,91.313339
1,7079,418.620354
1,7080,361.767693
1,7081,72.215592
1,7082,408.855166
1,7083,84.651589
1,7084,358.794486
1,7085,84.852763
1,7086,445.682193
1,7087,270.734781
1,7088,18.605237
1,7089,288.535650
1,7090,148.536196
1,7091,0.000000
1,7092,48.974672
1,7093,250.038338
1,7094,39.541828
1,7095,250.735129
1,7096,37.042905
1,7097,237.944246
1,7098,566.602320
1,7099,19.480847
1,7100,439.394148
1,7101,290.367005
1,7102,426.079878
1,7103,66.618001
1,7104,386.778022
1,7105,316.288124
1,7106,30.212395
1,7107,170.185873
1,7108,498.429592
1,7109,470.784965
1,7110,3.253764
1,7111,280.980134
1,7112,206.147637
1,7113,306.140865
1,7114,92.915417
1,7115,286.083591
1,7116,427.212800
1,7117,122.483548
1,7118,283.473533
1,7119,273.905816
1,7120,193.120392
1,7121,354.728758
1,7122,98.694245
1,7123,373.214671
1,7124,171.624877
1,7125,62.541696
1,7126,243.211918
1,7127,224.286415
1,7128,260.009529
1,7129,439.594077
1,7130,428.685465
1,7131,467.419320
1,7132,126.471098
1,7133,569.462100
1,7134,111.185288
1,7135,300.969654
1,7136,58.416979
1,7137,114.949712
1,7138,267.479847
1,7139,242.018897
1,7140,107.531537
1,7141,373.880733
1,7142,90.525769
1,7143,256.854829
1,7144,555.726022
1,7145,382.722488
1,7146,196.607832
1,7147,123.740570
1,7148,453.834876
1,7149,306.733920
1,7150,390.195305
1,7151,114.352391
1,7152,434.470285
1,7153,387.528166
1,7154,282.726145
1,7155,220.659221
1,7156,303.424183
1,7157,259.919427
1,7158,251.610519
1,7159,179.478421
1,7160,392.201049
1,7161,339.697539
1,7162,53.953077
1,7163,208.127299
1,7164,251.719561
1,7165,281.426153
1,7166,387.202077
1,7167,252.505311
1,7168,110.556890
1,7169,327.303186
1,7170,95.640233
1,7171,81.129920
1,7172,244.373597
1,7173,72.174166
1,7174,305.998605
1,7175,193.502135
1,7176,46.614381
1,7177,152.578344
1,7178,202.517822
1,7179,67.515497
1,7180,200.133392
1,7181,108.870906
1,7182,246.999855
1,7183,55.011446
1,7184,414.235073
1,7185,94.949631
1,7186,89.628314
1,7187,341.419134
1,7188,273.194261
1,7189,54.028653
1,7190,41.821758
1,7191,300.605546
1,7192,219.976111
1,7193,322.494333
1,7194,249.773109
1,7195,197.991123
1,7196,389.404951
1,7197,244.316606
1,7198,47.835726
1,7199,193.349822
1,7200,249.593075
1,7201,415.467835
1,7202,151.140313
1,7203,442.936418
1,7204,291.804230
1,7205,112.521981
1,7206,140.435243
1,7207,84.669376
1,7208,140.553836
1,7209,388.935070
1,7210,415.000919
1,7211,324.223058
1,7212,57.806515
1,7213,218.248397
1,7214,57.466599
1,7215,447.246376
1,7216,112.318919
1,7217,275.776775
1,7218,241.019705
1,7219,254.648581
1,7220,112.644257
1,7221,320.558114
1,7222,404.723581
1,7223,99.151958
1,7224,2.841411
1,7225,379.718333
1,7226,112.761386
1,7227,100.017237
1,7228,295.991942
1,7229,59.041215
1,7230,405.485963
1,7231,102.127788
1,7232,413.076854
1,7233,281.290532
1,7234,288.656643
1,7235,160.149808
1,7236,363.540828
1,7237,54.257093
1,7238,427.910073
1,7239,163.237963
1,7240,252.754945
1,7241,220.359359
1,7242,122.406395
1,7243,519.682396
1,7244,42.033624
1,7245,270.947493
1,7246,309.261766
1,7247,159.011820
1,7248,539.172069
1,7249,102.116768
1,7250,277.650758
1,7251,343.062880
1,7252,92.337206
1,7253,142.156283
1,7254,351.666680
1,7255,191.064606
1,7256,45.744913
1,7257,276.204987
1,7258,302.965567
1,7259,89.962924
1,7260,159.131118
1,7261,69.236344
1,7262,322.935278
1,7263,390.420386
1,7264,220.495002
1,7265,550.050167
1,7266,158.504861
1,7267,449.407373
1,7268,344.664891
1,7269,427.458998
1,7270,318.317341
1,7271,91.361002
1,7272,210.369767
1,7273,254.306133
1,7274,282.618864
1,7275,107.862769
1,7276,282.960952
1,7277,140.049477
1,7278,397.173004
1,7279,323.307652
1,7280,220.666816
1,7281,111.497204
1,7282,81.781799
1,7283,450.740486
1,7284,339.386386
1,7285,98.311268
1,7286,306.442016
1,7287,127.320558
1,7288,437.018989
1,7289,402.166916
1,7290,103.279912
1,7291,361.417259
1,7292,131.485600
1,7293,315.764811
1,7294,52.412116
1,7295,273.780363
1,7296,41.745385
1,7297,549.327437
1,7298,91.995165
1,7299,197.375806
1,7300,206.369143
1,7301,156.321382
1,7302,218.332588
1,7303,406.572866
1,7304,93.895709
1,7305,385.630674
1,7306,242.516855
1,7307,486.957179
1,7308,247.564881
1,7309,233.386304
1,7310,226.889612
1,7311,162.167296
1,7312,353.686822
1,7313,559.606597
1,7314,116.192073
1,7315,369.369909
1,7316,104.758032
1,7317,110.606820
1,7318,426.447176
1,7319,129.425913
1,7320,163.988381
1,7321,171.917652
1,7322,202.982020
1,7323,218.261145
1,7324,33.141522
1,7325,427.012077
1,7326,81.674444
1,7327,514.400858
1,7328,80.733228
1,7329,205.436961
1,7330,105.335803
1,7331,75.011184
1,7332,121.650620
1,7333,100.809801
1,7334,61.425933
1,7335,314.338778
1,7336,30.118940
1,7337,298.804459
1,7338,446.106005
1,7339,153.246718
1,7340,82.073855
1,7341,289.908715
1,7342,249.949216
1,7343,82.036305
1,7344,286.726647
1,7345,0.000000
1,7346,309.896126
1,7347,0.000000
1,7348,212.068277
1,7349,521.436386
1,7350,344.793926
1,7351,83.754399
1,7352,163.909472
1,7353,147.595204
1,7354,300.006152
1,7355,74.113670
1,7356,373.432989
1,7357,65.934048
1,7358,274.977990
1,7359,47.109700
1,7360,32.892711
1,7361,172.440554
1,7362,278.191599
1,7363,255.444877
1,7364,9.162582
1,7365,157.106400
1,7366,285.940504
1,7367,265.526854
1,7368,500.264273
1,7369,146.198856
1,7370,293.713800
1,7371,82.217223
1,7372,366.784517
1,7373,176.780995
1,7374,374.204204
1,7375,40.942922
1,7376,269.313367
1,7377,53.753950
1,7378,111.891599
1,7379,231.923887
1,7380,102.534667
1,7381,61.936637
1,7382,102.322823
1,7383,237.295229
1,7384,100.434799
1,7385,213.166933
1,7386,98.500760
1,7387,326.660412
1,7388,167.487460
1,7389,114.877429
1,7390,355.494443
1,7391,92.724117
1,7392,94.762473
1,7393,341.466345
1,7394,334.199353
1,7395,157.964801
1,7396,235.965585
1,7397,93.851897
1,7398,263.075892
1,7399,163.501707
1,7400,206.380887
1,7401,496.713504
1,7402,101.798766
1,7403,121.942959
1,7404,443.303109
1,7405,371.091638
1,7406,124.034121
1,7407,259.151230
1,7408,99.217695
1,7409,300.616561
1,7410,68.319319
1,7411,401.106088
1,7412,398.931803
1,7413,51.349733
1,7414,333.239014
1,7415,106.264132
1,7416,248.758938
1,7417,399.825565
1,7418,365.850995
1,7419,89.492338
1,7420,247.071240
1,7421,191.435761
1,7422,88.877498
1,7423,341.873422
1,7424,78.060954
1,7425,404.852683
1,7426,79.290199
1,7427,421.209876
1,7428,148.340376
1,7429,78.726337
1,7430,286.031330
1,7431,471.289190
1,7432,334.778759
1,7433,54.802859
1,7434,136.336442
1,7435,396.678235
1,7436,278.260360
1,7437,129.676080
1,7438,369.063918
1,7439,198.665604
1,7440,113.541263
1,7441,757.485299
1,7442,108.294360
1,7443,90.351622
1,7444,457.554576
1,7445,271.096503
1,7446,487.418257
1,7447,74.838606
1,7448,341.716195
1,7449,187.677958
1,7450,312.115453
1,7451,85.449954
1,7452,259.036124
1,7453,276.417386
1,7454,256.271287
1,7455,306.624598
1,7456,286.833251
1,7457,11.805060
1,7458,146.038963
1,7459,92.990780
1,7460,218.254297
1,7461,155.433156
1,7462,332.790247
1,7463,91.859035
1,7464,186.265879
1,7465,95.775927
1,7466,320.722627
1,7467,92.999139
1,7468,337.175973
1,7469,162.591587
1,7470,102.523493
1,7471,327.029789
1,7472,222.883322
1,7473,228.385625
1,7474,352.790246
1,7475,11.087640
1,7476,326.688102
1,7477,280.581387
1,7478,236.677206
1,7479,535.811344
1,7480,164.430190
1,7481,316.191156
1,7482,99.435104
1,7483,380.303169
1,7484,249.042993
1,7485,161.556670
1,7486,96.265975
1,7487,276.011546
1,7488,269.847527
1,7489,292.381627
1,7490,214.320353
1,7491,108.788465
1,7492,286.626916
1,7493,220.357514
1,7494,47.265789
1,7495,316.144735
1,7496,192.459878
1,7497,290.140119
1,7498,231.383209
1,7499,338.943218
1,7500,484.736875
1,7501,206.023829
1,7502,47.469825
1,7503,500.543341
1,7504,88.494728
1,7505,457.587122
1,7506,77.997275
1,7507,417.992301
1,7508,84.836951
1,7509,52.961649
1,7510,296.139944
1,7511,409.260435
1,7512,94.285287
1,7513,223.395424
1,7514,85.727588
1,7515,279.888294
1,7516,142.559916
1,7517,167.976713
1,7518,194.457259
1,7519,279.339934
1,7520,354.082955
1,7521,92.180421
1,7522,70.421705
1,7523,125.004667
1,7524,438.957821
1,7525,87.429504
1,7526,465.580621
1,7527,101.066370
1,7528,377.936469
1,7529,102.839615
1,7530,335.907115
1,7531,267.128449
1,7532,332.354115
1,7533,119.296642
1,7534,90.098710
1,7535,393.068855
1,7536,156.037500
1,7537,403.426110
1,7538,258.055064
1,7539,242.705975
1,7540,257.295808
1,7541,13.568667
1,7542,181.523673
1,7543,0.586221
1,7544,412.582826
1,7545,59.514548
1,7546,281.298431
1,7547,275.471332
1,7548,245.396222
1,7549,297.226667
1,7550,258.216648
1,7551,27.994374
1,7552,151.869580
1,7553,219.836561
1,7554,83.862761
1,7555,196.946326
1,7556,181.462897
1,7557,174.756555
1,7558,299.294008
1,7559,472.452206
1,7560,78.371791
1,7561,188.585085
1,7562,301.303112
1,7563,199.566848
1,7564,260.446182
1,7565,70.859840
1,7566,170.783356
1,7567,178.977060
1,7568,79.171829
1,7569,48.747645
1,7570,315.424642
1,7571,96.147425
1,7572,217.085314
1,7573,467.453833
1,7574,48.370105
1,7575,227.451676
1,7576,72.269470
1,7577,274.073364
1,7578,84.067827
1,7579,254.032733
1,7580,69.286202
1,7581,325.902361
1,7582,178.872944
1,7583,251.777559
1,7584,348.685403
1,7585,72.970490
1,7586,99.879937
1,7587,323.514624
1,7588,75.821897
1,7589,131.117091
1,7590,135.366247
1,7591,249.161947
1,7592,242.141653
1,7593,73.238406
1,7594,231.317762
1,7595,98.900938
1,7596,231.935800
1,7597,255.591991
1,7598,81.097094
1,7599,414.190879
1,7600,85.975329
1,7601,182.308959
1,7602,84.777908
1,7603,258.654342
1,7604,202.498107
1,7605,256.523160
1,7606,81.796607
1,7607,164.209296
1,7608,174.541968
1,7609,306.219672
1,7610,85.450973
1,7611,324.081595
1,7612,63.507815
1,7613,291.237732
1,7614,318.006220
1,7615,292.464971
1,7616,181.940374
1,7617,78.038263
1,7618,17.938367
1,7619,282.455801
1,7620,62.155899
1,7621,400.840927
1,7622,226.759812
1,7623,253.240817
1,7624,55.976257
1,7625,245.448514
1,7626,159.676636
1,7627,175.256313
1,7628,254.948243
1,7629,240.288892
1,7630,332.463150
1,7631,39.025689
1,7632,96.835031
1,7633,311.820567
1,7634,261.736111
1,7635,378.663653
1,7636,287.494704
1,7637,349.524498
1,7638,267.774285
1,7639,29.264076
1,7640,295.421022
1,7641,25.684301
1,7642,356.630864
1,7643,194.533853
1,7644,294.917497
1,7645,72.983963
1,7646,139.605484
1,7647,229.354517
1,7648,33.103023
1,7649,168.245550
1,7650,401.867035
1,7651,42.623828
1,7652,325.324916
1,7653,44.610740
1,7654,108.449341
1,7655,265.033611
1,7656,404.320719
1,7657,318.465994
1,7658,170.632747
1,7659,47.701213
1,7660,116.445524
1,7661,69.365938
1,7662,194.832590
1,7663,284.203206
1,7664,301.318031
1,7665,151.194963
1,7666,372.326501
1,7667,42.716789
1,7668,155.742257
1,7669,159.219625
1,7670,261.383159
1,7671,65.928436
1,7672,209.199743
1,7673,64.646594
1,7674,115.106459
1,7675,69.728895
1,7676,218.806637
1,7677,286.936360
1,7678,319.616535
1,7679,349.065889
1,7680,297.759584
1,7681,111.229782
1,7682,122.958452
1,7683,258.078115
1,7684,373.799863
1,7685,394.175850
1,7686,62.953851
1,7687,333.479634
1,7688,12.935331
1,7689,294.604035
1,7690,236.794929
1,7691,58.246509
1,7692,170.967343
1,7693,348.504502
1,7694,216.533316
1,7695,302.339208
1,7696,352.970035
1,7697,345.052284
1,7698,401.682427
1,7699,76.676786
1,7700,116.210330
1,7701,361.077056
1,7702,80.727495
1,7703,166.109791
1,7704,121.130949
1,7705,94.782479
1,7706,316.987678
1,7707,32.364526
1,7708,260.887075
1,7709,225.258201
1,7710,218.170932
1,7711,320.369509
1,7712,364.415890
1,7713,49.983602
1,7714,196.319173
1,7715,110.255162
1,7716,290.327639
1,7717,60.899302
1,7718,266.930106
1,7719,89.200501
1,7720,318.772678
1,7721,334.143296
1,7722,44.655511
1,7723,388.092919
1,7724,312.436312
1,7725,335.232686
1,7726,400.267130
1,7727,345.381488
1,7728,51.307947
1,7729,254.190241
1,7730,48.204274
1,7731,244.285660
1,7732,351.057132
1,7733,67.511014
1,7734,184.464429
1,7735,268.161599
1,7736,117.656646
1,7737,165.907501
1,7738,61.050082
1,7739,613.898822
1,7740,44.276089
1,7741,299.692956
1,7742,88.600234
1,7743,285.270095
1,7744,68.014400
1,7745,161.849232
1,7746,358.808965
1,7747,338.199314
1,7748,65.414937
1,7749,10.156467
1,7750,297.353651
1,7751,58.239717
1,7752,356.794762
1,7753,45.272523
1,7754,140.373238
1,7755,394.418365
1,7756,63.327440
1,7757,359.540978
1,7758,55.608081
1,7759,275.838150
1,7760,144.721978
1,7761,175.702457
1,7762,204.975006
1,7763,227.457360
1,7764,81.290690
1,7765,196.980245
1,7766,318.029677
1,7767,49.795728
1,7768,189.574801
1,7769,177.529108
1,7770,252.694534
1,7771,144.447294
1,7772,43.419460
1,7773,272.220057
1,7774,229.287925
1,7775,56.462215
1,7776,180.583268
1,7777,156.611511
1,7778,272.902335
1,7779,120.460360
1,7780,41.183300
1,7781,299.456735
1,7782,139.764049
1,7783,170.248545
1,7784,196.696028
1,7785,224.239322
1,7786,187.954004
1,7787,316.518225
1,7788,101.462619
1,7789,152.778564
1,7790,46.544961
1,7791,152.343725
1,7792,41.460769
1,7793,184.288913
1,7794,33.385267
1,7795,27.033971
1,7796,252.763751
1,7797,236.500894
1,7798,306.077344
1,7799,315.230357
1,7800,125.574715
1,7801,287.365299
1,7802,23.558740
1,7803,237.617590
1,7804,72.860346
1,7805,136.011506
1,7806,248.041281
1,7807,312.502545
1,7808,152.138996
1,7809,269.151629
1,7810,377.147389
1,7811,211.486946
1,7812,358.985194
1,7813,331.778484
1,7814,284.378288
1,7815,219.024447
1,7816,41.825044
1,7817,291.789396
1,7818,48.298819
1,7819,219.835950
1,7820,292.593111
1,7821,275.078694
1,7822,41.223453
1,7823,325.238773
1,7824,276.645764
1,7825,186.673183
1,7826,237.795934
1,7827,342.358694
1,7828,108.988879
1,7829,38.082465
1,7830,32.420521
1,7831,218.508643
1,7832,204.229412
1,7833,273.165172
1,7834,228.979331
1,7835,343.346291
1,7836,235.254482
1,7837,178.141754
1,7838,410.835236
1,7839,38.838636
1,7840,239.931016
1,7841,286.657968
1,7842,326.778717
1,7843,314.243587
1,7844,369.630406
1,7845,58.084639
1,7846,249.105286
1,7847,392.537466
1,7848,83.495393
1,7849,248.603304
1,7850,440.840703
1,7851,406.483882
1,7852,398.814061
1,7853,322.365664
1,7854,88.800449
1,7855,333.341643
1,7856,281.121892
1,7857,325.645557
1,7858,64.745312
1,7859,178.993295
1,7860,226.926854
1,7861,321.545609
1,7862,292.032874
1,7863,24.079269
1,7864,351.005103
1,7865,29.273435
1,7866,362.287231
1,7867,373.470558
1,7868,378.124783
1,7869,40.793826
1,7870,6.957321
1,7871,273.559281
1,7872,33.672715
1,7873,243.335471
1,7874,135.145623
1,7875,199.962551
1,7876,94.035469
1,7877,295.320191
1,7878,179.252715
1,7879,145.582171
1,7880,27.279513
1,7881,124.823073
1,7882,292.313860
1,7883,97.204333
1,7884,188.457522
1,7885,248.458664
1,7886,143.221849
1,7887,20.846267
1,7888,326.795289
1,7889,406.542848
1,7890,240.243819
1,7891,144.311644
1,7892,102.819637
1,7893,116.288207
1,7894,188.748566
1,7895,241.518534
1,7896,53.140550
1,7897,276.731267
1,7898,48.866827
1,7899,185.662483
1,7900,1.744453
1,7901,114.096767
1,7902,191.467078
1,7903,273.422473
1,7904,204.485052
1,7905,297.537485
1,7906,189.771283
1,7907,102.954968
1,7908,235.905092
1,7909,281.261810
1,7910,147.143441
1,7911,202.993206
1,7912,223.512337
1,7913,340.810791
1,7914,200.071207
1,7915,204.014942
1,7916,39.334569
1,7917,393.931700
1,7918,0.000000
1,7919,235.966450
1,7920,52.466855
1,7921,167.691027
1,7922,130.154802
1,7923,314.862556
1,7924,48.862343
1,7925,217.743363
1,7926,548.556231
1,7927,422.984920
1,7928,302.127324
1,7929,379.629467
1,7930,12.461663
1,7931,451.553778
1,7932,369.171328
1,7933,400.976517
1,7934,294.083256
1,7935,257.332483
1,7936,41.556950
1,7937,31.777355
1,7938,450.974636
1,7939,229.750069
1,7940,353.805952
1,7941,372.993368
1,7942,316.506436
1,7943,340.955786
1,7944,333.580610
1,7945,109.963231
1,7946,343.916348
1,7947,306.771111
1,7948,504.279815
1,7949,366.909606
1,7950,294.478527
1,7951,341.667362
1,7952,55.813111
1,7953,327.446046
1,7954,323.941273
1,7955,371.357885
1,7956,487.035659
1,7957,227.936252
1,7958,215.522144
1,7959,363.430837
1,7960,32.715259
1,7961,161.715564
1,7962,271.794758
1,7963,382.939805
1,7964,389.938537
1,7965,274.255758
1,7966,369.926714
1,7967,322.924412
1,7968,70.214444
1,7969,74.867825
1,7970,502.532677
1,7971,140.477117
1,7972,323.549653
1,7973,422.565308
1,7974,59.217061
1,7975,411.958271
1,7976,88.828167
1,7977,173.562926
1,7978,142.568455
1,7979,261.627503
1,7980,268.782566
1,7981,196.462476
1,7982,272.369661
1,7983,15.547060
1,7984,242.320579
1,7985,277.110950
1,7986,40.692402
1,7987,40.832989
1,7988,482.356577
1,7989,277.830178
1,7990,63.384058
1,7991,316.737347
1,7992,224.398893
1,7993,335.391414
1,7994,62.308889
1,7995,206.378788
1,7996,61.342029
1,7997,374.550411
1,7998,150.693370
1,7999,334.769136
1,8000,316.000727
1,8001,330.655521
1,8002,249.849456
1,8003,421.269441
1,8004,282.927377
1,8005,481.486387
1,8006,361.579271
1,8007,575.097412
1,8008,72.222907
1,8009,221.927693
1,8010,60.754848
1,8011,406.262721
1,8012,442.108823
1,8013,90.455677
1,8014,230.465341
1,8015,60.623515
1,8016,233.130435
1,8017,169.749081
1,8018,181.073800
1,8019,86.641939
1,8020,355.502946
1,8021,70.052984
1,8022,331.808697
1,8023,58.921015
1,8024,73.862068
1,8025,375.242297
1,8026,235.124341
1,8027,340.631822
1,8028,134.053672
1,8029,80.724426
1,8030,160.865572
1,8031,250.011473
1,8032,364.213189
1,8033,60.567850
1,8034,357.913652
1,8035,43.020551
1,8036,41.461980
1,8037,432.110632
1,8038,94.801102
1,8039,397.031417
1,8040,329.137998
1,8041,48.138803
1,8042,302.121589
1,8043,278.959193
1,8044,27.402577
1,8045,189.918652
1,8046,58.424330
1,8047,369.782119
1,8048,413.600657
1,8049,366.429846
1,8050,472.063023
1,8051,234.229500
1,8052,304.779237
1,8053,325.890531
1,8054,308.871347
1,8055,325.139730
1,8056,297.198011
1,8057,215.187227
1,8058,69.900863
1,8059,206.787180
1,8060,266.098716
1,8061,346.845680
1,8062,63.744922
1,8063,232.044990
1,8064,411.408129
1,8065,51.287816
1,8066,417.683637
1,8067,108.771950
1,8068,316.787753
1,8069,303.232696
1,8070,160.312975
1,8071,77.065609
1,8072,191.768924
1,8073,60.253576
1,8074,281.669116
1,8075,231.001224
1,8076,235.736613
1,8077,223.657969
1,8078,41.703340
1,8079,221.500698
1,8080,423.478017
1,8081,248.283841
1,8082,221.055406
1,8083,83.237254
1,8084,164.157807
1,8085,286.180288
1,8086,342.378115
1,8087,352.873947
1,8088,17.448404
1,8089,201.203881
1,8090,326.031093
1,8091,69.114569
1,8092,251.697895
1,8093,59.011832
1,8094,55.121082
1,8095,322.331507
1,8096,51.103670
1,8097,105.731168
1,8098,66.289081
1,8099,207.323128
1,8100,164.263212
1,8101,4.573401
1,8102,188.529092
1,8103,206.286391
1,8104,58.317897
1,8105,329.645869
1,8106,92.070699
1,8107,57.573171
1,8108,334.408582
1,8109,52.372654
1,8110,351.125058
1,8111,450.604868
1,8112,163.229018
1,8113,435.305500
1,8114,65.258585
1,8115,284.312226
1,8116,251.098315
1,8117,447.371321
1,8118,209.525762
1,8119,222.633351
1,8120,342.829992
1,8121,165.319459
1,8122,308.352257
1,8123,64.078678
1,8124,532.540425
1,8125,52.807808
1,8126,77.102584
1,8127,420.413711
1,8128,416.526133
1,8129,183.652748
1,8130,264.971959
1,8131,237.923552
1,8132,480.845418
1,8133,62.780458
1,8134,229.052069
1,8135,97.415440
1,8136,301.889406
1,8137,295.052432
1,8138,153.382751
1,8139,306.178996
1,8140,283.390554
1,8141,200.178909
1,8142,330.307995
1,8143,219.271964
1,8144,500.198523
1,8145,346.332502
1,8146,498.971534
1,8147,401.079403
1,8148,298.692481
1,8149,74.967375
1,8150,326.146191
1,8151,300.943072
1,8152,351.411816
1,8153,380.067483
1,8154,64.006918
1,8155,369.876094
1,8156,321.318994
1,8157,362.073309
1,8158,344.839787
1,8159,469.820697
1,8160,213.215120
1,8161,283.335994
1,8162,328.504905
1,8163,149.431356
1,8164,350.232862
1,8165,335.211688
1,8166,105.260725
1,8167,176.221174
1,8168,26.074960
1,8169,111.028128
1,8170,262.637501
1,8171,204.196438
1,8172,264.058518
1,8173,35.834015
1,8174,7.213789
1,8175,60.616990
1,8176,109.537838
1,8177,230.568085
1,8178,205.840952
1,8179,48.458844
1,8180,176.892778
1,8181,44.372347
1,8182,316.619075
1,8183,167.360206
1,8184,253.114524
1,8185,6.395487
1,8186,246.281787
1,8187,55.766692
1,8188,303.883819
1,8189,58.577531
1,8190,193.114471
1,8191,30.045326
1,8192,283.867528
1,8193,169.610410
1,8194,249.446739
1,8195,240.992434
1,8196,70.101502
1,8197,174.318250
1,8198,49.267454
1,8199,294.904628
1,8200,425.879881
1,8201,7.953171
1,8202,237.019132
1,8203,104.071323
1,8204,80.317493
1,8205,127.991601
1,8206,70.291922
1,8207,76.330013
1,8208,25.606124
1,8209,280.727162
1,8210,66.724168
1,8211,149.548512
1,8212,220.203429
1,8213,303.017016
1,8214,57.864655
1,8215,215.118523
1,8216,82.025433
1,8217,262.173399
1,8218,78.729799
1,8219,177.062700
1,8220,52.266984
1,8221,58.916698
1,8222,281.969902
1,8223,133.886274
1,8224,274.033924
1,8225,162.606605
1,8226,58.808953
1,8227,215.449331
1,8228,280.163774
1,8229,287.008895
1,8230,400.559655
1,8231,159.407551
1,8232,41.182621
1,8233,163.669513
1,8234,281.952824
1,8235,338.184576
1,8236,229.764531
1,8237,66.327978
1,8238,233.357053
1,8239,52.669566
1,8240,245.384170
1,8241,223.027951
1,8242,141.199169
1,8243,329.213653
1,8244,64.009831
1,8245,238.126541
1,8246,978.235172
1,8247,311.927910
1,8248,34.369100
1,8249,396.558666
1,8250,203.358583
1,8251,125.226472
1,8252,324.488042
1,8253,76.949468
1,8254,246.604391
1,8255,44.880747
1,8256,122.902276
1,8257,71.404595
1,8258,312.840740
1,8259,320.680794
1,8260,48.678505
1,8261,424.831667
1,8262,229.520031
1,8263,4.164385
1,8264,133.798925
1,8265,293.393158
1,8266,0.000000
1,8267,172.931309
1,8268,314.489933
1,8269,0.000000
1,8270,218.389507
1,8271,439.112069
1,8272,360.843709
1,8273,266.811247
1,8274,285.260094
1,8275,38.933087
1,8276,172.320607
1,8277,45.759520
1,8278,352.347471
1,8279,257.130162
1,8280,280.226563
1,8281,286.527345
1,8282,378.607002
1,8283,40.007109
1,8284,251.149652
1,8285,236.601612
1,8286,63.684479
1,8287,298.132493
1,8288,293.978065
1,8289,75.197171
1,8290,237.649454
1,8291,66.213165
1,8292,219.101973
1,8293,171.936335
1,8294,95.426727
1,8295,162.014450
1,8296,47.385371
1,8297,177.290563
1,8298,122.389133
1,8299,287.959383
1,8300,64.024306
1,8301,194.775013
1,8302,339.550901
1,8303,19.164230
1,8304,202.936303
1,8305,347.480936
1,8306,44.051755
1,8307,224.654773
1,8308,210.566873
1,8309,423.091466
1,8310,51.126848
1,8311,191.793043
1,8312,265.266130
1,8313,139.926133
1,8314,118.461570
1,8315,198.590968
1,8316,344.789391
1,8317,342.066810
1,8318,66.327239
1,8319,299.454244
1,8320,55.612405
1,8321,152.601410
1,8322,355.618259
1,8323,70.142310
1,8324,311.338032
1,8325,55.830169
1,8326,149.360536
1,8327,74.446976
1,8328,362.026185
1,8329,57.238924
1,8330,130.990118
1,8331,298.414073
1,8332,353.667619
1,8333,347.651663
1,8334,271.804608
1,8335,100.575871
1,8336,375.419136
1,8337,265.389158
1,8338,371.237389
1,8339,244.665588
1,8340,302.085819
1,8341,441.996252
1,8342,485.429093
1,8343,97.165716
1,8344,329.115859
1,8345,101.126465
1,8346,397.169274
1,8347,97.960242
1,8348,338.526876
1,8349,267.367274
1,8350,497.633943
1,8351,107.473464
1,8352,216.441850
1,8353,512.127415
1,8354,174.512407
1,8355,468.496958
1,8356,428.525163
1,8357,491.326431
1,8358,53.687372
1,8359,446.879076
1,8360,522.801472
1,8361,504.340156
1,8362,105.884141
1,8363,468.163530
1,8364,432.550293
1,8365,247.396425
1,8366,120.017326
1,8367,344.825865
1,8368,357.354743
1,8369,333.303441
1,8370,114.501190
1,8371,472.244151
1,8372,117.405472
1,8373,215.490480
1,8374,478.325890
1,8375,303.053642
1,8376,510.755700
1,8377,79.898851
1,8378,427.238372
1,8379,560.004181
1,8380,59.444415
1,8381,227.768845
1,8382,548.564017
1,8383,336.650031
1,8384,510.061533
1,8385,449.187172
1,8386,0.479148
1,8387,365.556522
1,8388,254.563219
1,8389,224.149000
1,8390,207.797863
1,8391,429.269035
1,8392,0.000000
1,8393,426.380098
1,8394,301.640069
1,8395,76.410392
1,8396,268.476142
1,8397,409.192311
1,8398,78.094070
1,8399,454.976059
1,8400,518.858863
1,8401,391.974092
1,8402,55.977078
1,8403,281.761303
1,8404,182.429072
1,8405,288.367464
1,8406,82.996196
1,8407,469.110465
1,8408,170.233693
1,8409,106.509207
1,8410,119.425691
1,8411,523.002261
1,8412,91.450167
1,8413,31.174819
1,8414,225.795655
1,8415,346.956625
1,8416,707.170462
1,8417,506.904179
1,8418,88.964406
1,8419,514.301640
1,8420,99.141909
1,8421,265.664798
1,8422,223.751029
1,8423,542.688899
1,8424,84.567497
1,8425,579.980703
1,8426,56.996230
1,8427,473.629697
1,8428,220.597117
1,8429,436.166223
1,8430,0.000000
1,8431,317.260007
1,8432,179.487728
1,8433,543.109066
1,8434,0.000000
1,8435,371.104807
1,8436,255.258633
1,8437,331.275985
1,8438,448.304808
1,8439,526.933526
1,8440,46.741677
1,8441,255.942463
1,8442,460.738589
1,8443,52.411140
1,8444,396.649596
1,8445,352.497341
1,8446,356.794620
1,8447,409.216628
1,8448,1.045177
1,8449,439.308389
1,8450,347.504462
1,8451,227.723588
1,8452,561.917772
1,8453,59.017080
1,8454,178.219749
1,8455,481.538046
1,8456,53.999938
1,8457,164.375475
1,8458,439.098348
1,8459,466.791911
1,8460,382.662041
1,8461,447.453351
1,8462,447.916471
1,8463,109.072710
1,8464,381.274616
1,8465,252.650455
1,8466,84.221124
1,8467,375.949774
1,8468,78.794685
1,8469,447.581133
1,8470,258.956291
1,8471,508.629521
1,8472,93.886883
1,8473,243.108951
1,8474,445.548051
1,8475,968.010468
1,8476,351.734890
1,8477,391.497528
1,8478,120.258607
1,8479,373.906213
1,8480,109.265412
1,8481,252.642264
1,8482,456.478267
1,8483,218.624572
1,8484,66.056824
1,8485,372.057736
1,8486,292.351706
1,8487,442.878092
1,8488,112.931816
1,8489,350.094623
1,8490,666.559008
1,8491,119.199668
1,8492,213.959090
1,8493,200.646983
1,8494,55.036542
1,8495,500.735835
1,8496,576.985831
1,8497,105.143311
1,8498,470.153574
1,8499,380.559416
1,8500,494.541699
1,8501,98.462343
1,8502,200.260168
1,8503,554.610615
1,8504,524.671915
1,8505,511.459262
1,8506,36.524154
1,8507,530.325933
1,8508,470.516932
1,8509,91.002467
1,8510,426.503791
1,8511,328.507245
1,8512,65.728411
1,8513,414.434694
1,8514,239.182352
1,8515,373.631234
1,8516,59.633528
1,8517,188.503151
1,8518,262.656287
1,8519,107.122707
1,8520,551.906042
1,8521,327.859495
1,8522,465.485992
1,8523,439.073815
1,8524,0.000000
1,8525,545.887310
1,8526,0.000000
1,8527,42.739067
1,8528,547.029861
1,8529,299.775888
1,8530,54.484624
1,8531,274.723857
1,8532,202.319801
1,8533,428.083305
1,8534,0.000000
1,8535,0.000000
1,8536,433.847100
1,8537,451.367545
1,8538,366.926799
1,8539,0.000000
1,8540,359.561040
1,8541,0.000000
1,8542,430.620488
1,8543,457.362537
1,8544,252.917114
1,8545,162.889365
1,8546,381.095322
1,8547,53.756289
1,8548,88.800055
1,8549,268.246636
1,8550,39.910459
1,8551,410.231143
1,8552,374.602542
1,8553,447.311869
1,8554,157.921290
1,8555,386.969145
1,8556,387.749228
1,8557,588.392114
1,8558,444.618977
1,8559,112.027741
1,8560,412.189977
1,8561,195.582993
1,8562,491.357081
1,8563,80.830261
1,8564,326.747070
1,8565,428.260656
1,8566,265.976589
1,8567,445.708263
1,8568,384.695324
1,8569,90.378201
1,8570,353.029432
1,8571,442.651289
1,8572,0.000000
1,8573,410.446446
1,8574,602.060010
1,8575,222.873819
1,8576,555.807030
1,8577,219.342766
1,8578,217.868875
1,8579,279.795547
1,8580,197.424144
1,8581,393.102378
1,8582,149.410423
1,8583,450.241476
1,8584,48.899050
1,8585,525.373936
1,8586,353.188318
1,8587,115.424332
1,8588,410.331632
1,8589,94.666508
1,8590,443.196432
1,8591,92.493931
1,8592,268.558500
1,8593,348.445269
1,8594,164.102480
1,8595,53.874819
1,8596,435.875414
1,8597,247.655929
1,8598,456.788049
1,8599,565.475474
1,8600,390.366819
1,8601,46.062078
1,8602,499.123836
1,8603,318.970536
1,8604,254.046679
1,8605,207.985897
1,8606,47.311441
1,8607,408.182581
1,8608,453.675473
1,8609,486.100858
1,8610,19.536642
1,8611,561.131388
1,8612,443.387550
1,8613,55.201442
1,8614,233.093153
1,8615,528.394418
1,8616,94.588389
1,8617,493.407929
1,8618,50.347023
1,8619,192.578823
1,8620,40.090593
1,8621,528.552831
1,8622,404.758993
1,8623,165.978702
1,8624,208.183171
1,8625,171.375376
1,8626,393.937593
1,8627,389.583849
1,8628,435.618400
1,8629,223.973735
1,8630,390.476153
1,8631,25.806599
1,8632,427.499166
1,8633,439.945681
1,8634,58.589220
1,8635,348.804582
1,8636,308.665719
1,8637,520.962227
1,8638,0.000000
1,8639,581.924888
1,8640,514.061416
1,8641,34.672303
1,8642,88.849742
1,8643,472.649710
1,8644,67.187437
1,8645,222.643515
1,8646,463.770395
1,8647,255.486115
1,8648,776.898325
1,8649,374.791367
1,8650,256.344266
1,8651,361.166471
1,8652,558.591208
1,8653,64.813715
1,8654,5.593491
1,8655,250.409276
1,8656,451.683604
1,8657,51.009140
1,8658,342.074943
1,8659,85.967855
1,8660,449.773915
1,8661,392.809602
1,8662,86.563467
1,8663,177.383792
1,8664,95.868294
1,8665,327.724815
1,8666,367.861818
1,8667,94.040777
1,8668,418.969369
1,8669,279.310010
1,8670,473.284519
1,8671,103.026228
1,8672,333.531346
1,8673,480.036532
1,8674,441.935129
1,8675,254.408645
1,8676,0.000000
1,8677,463.094547
1,8678,350.087756
1,8679,39.457165
1,8680,349.329317
1,8681,220.563508
1,8682,438.334061
1,8683,63.208453
1,8684,194.258565
1,8685,466.034454
1,8686,408.657044
1,8687,170.227038
1,8688,400.082314
1,8689,64.154352
1,8690,174.313157
1,8691,345.808834
1,8692,84.688764
1,8693,259.487063
1,8694,87.228831
1,8695,442.045325
1,8696,162.870310
1,8697,463.440950
1,8698,232.310048
1,8699,163.546117
1,8700,349.303802
1,8701,74.322104
1,8702,219.793121
1,8703,101.334507
1,8704,381.620435
1,8705,10.601275
1,8706,248.773786
1,8707,100.505131
1,8708,353.617268
1,8709,156.666312
1,8710,82.001695
1,8711,152.803402
1,8712,283.387104
1,8713,255.959938
1,8714,145.343091
1,8715,509.108359
1,8716,82.396670
1,8717,421.664824
1,8718,335.219923
1,8719,98.411263
1,8720,283.079722
1,8721,88.654782
1,8722,127.230516
1,8723,377.027825
1,8724,87.323597
1,8725,41.143588
1,8726,310.049002
1,8727,60.037443
1,8728,287.886192
1,8729,141.216388
1,8730,97.758775
1,8731,363.700439
1,8732,377.475834
1,8733,324.636796
1,8734,278.644435
1,8735,250.452089
1,8736,480.993400
1,8737,54.928716
1,8738,529.563599
1,8739,386.333078
1,8740,35.896335
1,8741,494.471686
1,8742,400.935304
1,8743,470.471261
1,8744,154.948761
1,8745,259.781758
1,8746,130.773687
1,8747,413.664226
1,8748,342.118885
1,8749,123.472438
1,8750,309.584949
1,8751,0.000000
1,8752,285.270209
1,8753,70.577841
1,8754,150.275005
1,8755,232.009739
1,8756,200.218540
1,8757,272.480882
1,8758,8.571867
1,8759,181.643034
1,8760,54.509764
1,8761,396.417689
1,8762,8.571867
1,8763,247.206598
1,8764,67.970234
1,8765,239.377694
1,8766,100.069664
1,8767,66.103893
1,8768,143.664108
1,8769,245.788877
1,8770,159.873325
1,8771,181.080342
1,8772,297.487930
1,8773,82.078723
1,8774,421.389593
1,8775,499.525649
1,8776,58.202194
1,8777,161.913422
1,8778,281.621127
1,8779,48.573213
1,8780,450.511468
1,8781,0.000000
1,8782,432.172782
1,8783,508.392767
1,8784,87.601446
1,8785,386.868299
1,8786,392.262992
1,8787,102.803724
1,8788,303.925296
1,8789,52.559218
1,8790,122.560192
1,8791,449.960811
1,8792,85.956819
1,8793,0.000000
1,8794,311.600613
1,8795,88.511659
1,8796,276.485056
1,8797,154.542130
1,8798,82.213176
1,8799,312.039106
1,8800,365.066532
1,8801,64.305786
1,8802,473.000307
1,8803,486.342025
1,8804,46.300479
1,8805,387.551782
1,8806,295.455332
1,8807,378.869028
1,8808,346.644620
1,8809,245.237355
1,8810,273.992320
1,8811,463.265446
1,8812,96.839064
1,8813,428.034521
1,8814,82.966247
1,8815,37.390440
1,8816,244.686856
1,8817,38.396252
1,8818,51.792516
1,8819,161.001395
1,8820,224.553794
1,8821,370.151279
1,8822,117.200528
1,8823,138.595581
1,8824,242.934578
1,8825,180.408023
1,8826,178.814448
1,8827,455.160976
1,8828,58.680434
1,8829,77.640757
1,8830,362.092911
1,8831,568.769858
1,8832,345.028241
1,8833,39.230331
1,8834,347.652749
1,8835,61.484109
1,8836,384.945915
1,8837,221.249404
1,8838,414.009495
1,8839,197.921358
1,8840,379.768403
1,8841,70.421867
1,8842,177.553969
1,8843,321.620422
1,8844,29.102448
1,8845,206.663727
1,8846,44.633516
1,8847,82.080814
1,8848,397.234525
1,8849,368.678972
1,8850,218.881247
1,8851,90.676766
1,8852,440.978230
1,8853,264.547142
1,8854,32.659656
1,8855,318.258303
1,8856,446.223218
1,8857,0.000000
1,8858,387.430612
1,8859,13.150313
1,8860,509.877975
1,8861,9.992511
1,8862,442.144738
1,8863,197.997883
1,8864,204.636898
1,8865,364.967031
1,8866,192.103838
1,8867,280.255011
1,8868,38.550302
1,8869,471.276232
1,8870,22.442921
1,8871,212.103537
1,8872,144.819645
1,8873,0.000000
1,8874,507.301124
1,8875,0.000000
1,8876,346.405618
1,8877,522.796159
1,8878,25.977046
1,8879,498.209281
1,8880,86.064482
1,8881,40.666243
1,8882,420.314813
1,8883,80.727489
1,8884,0.000000
1,8885,260.907356
1,8886,331.571469
1,8887,41.189321
1,8888,235.289261
1,8889,325.117879
1,8890,347.815580
1,8891,353.353847
1,8892,39.230331
1,8893,320.708919
1,8894,74.448741
1,8895,125.674093
1,8896,301.211946
1,8897,324.982138
1,8898,30.694134
1,8899,450.469172
1,8900,178.576610
1,8901,77.077106
1,8902,208.162147
1,8903,397.519700
1,8904,63.108643
1,8905,298.360813
1,8906,445.374463
1,8907,74.801234
1,8908,182.294074
1,8909,214.506917
1,8910,322.661224
1,8911,80.930536
1,8912,270.134497
1,8913,407.712972
1,8914,73.837161
1,8915,92.734542
1,8916,395.131103
1,8917,511.462845
1,8918,120.645075
1,8919,22.595596
1,8920,200.752707
1,8921,262.788431
1,8922,27.049600
1,8923,138.431579
1,8924,324.222848
1,8925,81.048032
1,8926,0.000000
1,8927,227.383572
1,8928,524.036109
1,8929,199.785542
1,8930,497.214774
1,8931,60.083227
1,8932,383.059372
1,8933,459.641631
1,8934,107.507051
1,8935,505.533264
1,8936,77.295076
1,8937,217.865020
1,8938,476.536892
1,8939,194.404796
1,8940,379.406573
1,8941,100.403067
1,8942,361.001556
1,8943,337.088793
1,8944,0.000000
1,8945,205.231345
1,8946,146.879410
1,8947,0.000000
1,8948,440.410336
1,8949,0.000000
1,8950,365.197305
1,8951,181.576837
1,8952,427.013594
1,8953,638.813534
1,8954,7.858867
1,8955,387.935904
1,8956,108.435541
1,8957,557.795935
1,8958,211.442819
1,8959,145.179850
1,8960,392.457435
1,8961,27.692553
1,8962,400.206941
1,8963,0.000000
1,8964,488.755236
1,8965,341.490733
1,8966,40.378392
1,8967,427.897867
1,8968,0.000000
1,8969,345.054652
1,8970,0.000000
1,8971,543.845431
1,8972,346.811427
1,8973,18.605237
1,8974,282.366702
1,8975,223.609214
1,8976,392.634841
1,8977,23.697794
1,8978,348.184573
1,8979,0.000000
1,8980,224.553593
1,8981,25.115621
1,8982,246.049113
1,8983,622.832581
1,8984,13.353250
1,8985,342.892433
1,8986,279.840527
1,8987,455.035268
1,8988,66.618001
1,8989,434.536509
1,8990,318.863539
1,8991,55.238063
1,8992,163.383448
1,8993,462.126054
1,8994,589.947537
1,8995,3.253764
1,8996,321.246938
1,8997,239.261171
1,8998,361.444611
1,8999,92.915417
1,9000,164.904012
1,9001,346.530656
1,9002,122.483548
1,9003,442.770208
1,9004,341.962241
1,9005,194.765246
1,9006,299.979630
1,9007,98.694245
1,9008,293.557790
1,9009,131.643277
1,9010,97.094961
1,9011,211.744918
1,9012,217.970160
1,9013,259.229596
1,9014,311.153232
1,9015,417.436586
1,9016,459.931945
1,9017,122.685450
1,9018,521.249091
1,9019,111.185288
1,9020,249.036226
1,9021,95.026973
1,9022,114.949712
1,9023,289.978672
1,9024,242.018897
1,9025,107.531537
1,9026,340.252234
1,9027,119.709710
1,9028,159.492229
1,9029,595.610401
1,9030,263.601864
1,9031,191.714357
1,9032,119.646309
1,9033,511.403544
1,9034,341.634786
1,9035,421.207723
1,9036,114.352391
1,9037,541.354944
1,9038,341.928874
1,9039,244.223058
1,9040,171.441048
1,9041,206.716458
1,9042,250.829487
1,9043,260.373358
1,9044,220.818928
1,9045,445.159953
1,9046,273.554920
1,9047,89.123357
1,9048,212.816590
1,9049,237.238798
1,9050,279.408813
1,9051,382.059612
1,9052,294.419870
1,9053,110.556890
1,9054,321.216666
1,9055,95.640233
1,9056,115.888854
1,9057,288.222061
1,9058,100.762881
1,9059,287.694001
1,9060,339.902799
1,9061,46.614381
1,9062,183.840810
1,9063,227.610069
1,9064,65.458078
1,9065,256.488114
1,9066,146.404787
1,9067,286.199773
1,9068,87.507958
1,9069,511.353947
1,9070,216.503045
1,9071,48.432171
1,9072,279.080709
1,9073,294.460790
1,9074,87.553533
1,9075,14.363213
1,9076,341.534699
1,9077,244.018201
1,9078,308.201494
1,9079,262.647272
1,9080,202.763925
1,9081,380.890547
1,9082,246.599793
1,9083,47.835726
1,9084,200.219637
1,9085,281.266887
1,9086,406.357259
1,9087,190.629735
1,9088,372.532660
1,9089,259.204108
1,9090,112.521981
1,9091,186.277245
1,9092,54.805538
1,9093,104.396325
1,9094,361.888681
1,9095,386.083627
1,9096,265.834198
1,9097,87.792109
1,9098,188.487564
1,9099,57.466599
1,9100,459.690305
1,9101,112.318919
1,9102,302.470640
1,9103,279.148966
1,9104,330.542337
1,9105,197.999022
1,9106,343.839432
1,9107,345.344129
1,9108,99.151958
1,9109,46.238655
1,9110,356.147434
1,9111,112.761386
1,9112,107.867415
1,9113,284.782869
1,9114,92.771772
1,9115,374.037723
1,9116,102.127788
1,9117,429.815791
1,9118,274.994837
1,9119,284.706404
1,9120,160.149808
1,9121,324.358655
1,9122,54.257093
1,9123,332.291629
1,9124,156.139881
1,9125,211.208906
1,9126,208.509726
1,9127,122.406395
1,9128,408.868809
1,9129,57.130812
1,9130,139.668493
1,9131,287.336318
1,9132,155.267318
1,9133,522.082631
1,9134,102.116768
1,9135,288.099861
1,9136,364.820162
1,9137,121.337267
1,9138,178.766277
1,9139,385.209381
1,9140,191.064606
1,9141,86.879735
1,9142,305.613561
1,9143,287.678987
1,9144,82.103600
1,9145,118.779318
1,9146,65.018646
1,9147,259.320451
1,9148,294.680587
1,9149,121.670558
1,9150,272.131223
1,9151,201.490751
1,9152,340.137051
1,9153,322.946400
1,9154,381.204106
1,9155,307.374388
1,9156,61.745002
1,9157,157.243977
1,9158,227.981863
1,9159,283.503278
1,9160,107.862769
1,9161,261.379480
1,9162,133.963094
1,9163,419.238157
1,9164,309.897418
1,9165,191.583329
1,9166,75.958004
1,9167,105.411664
1,9168,393.566571
1,9169,348.561048
1,9170,98.311268
1,9171,288.610625
1,9172,127.320558
1,9173,430.253254
1,9174,338.467102
1,9175,103.279912
1,9176,431.140796
1,9177,131.485600
1,9178,321.522268
1,9179,26.293727
1,9180,203.087621
1,9181,32.445878
1,9182,553.174262
1,9183,91.995165
1,9184,184.336779
1,9185,246.268580
1,9186,164.097186
1,9187,172.774860
1,9188,380.246582
1,9189,93.895709
1,9190,420.695858
1,9191,237.064710
1,9192,480.867229
1,9193,297.315439
1,9194,159.509957
1,9195,160.253612
1,9196,156.776873
1,9197,371.582154
1,9198,507.077466
1,9199,116.192073
1,9200,364.763523
1,9201,104.758032
1,9202,140.241648
1,9203,402.383980
1,9204,168.298321
1,9205,157.898440
1,9206,129.672495
1,9207,182.250820
1,9208,244.875278
1,9209,0.234057
1,9210,461.830985
1,9211,111.085842
1,9212,501.421950
1,9213,80.733228
1,9214,167.431154
1,9215,105.335803
1,9216,29.782766
1,9217,163.813818
1,9218,96.777262
1,9219,72.903618
1,9220,311.685246
1,9221,30.118940
1,9222,319.905253
1,9223,468.419056
1,9224,182.184305
1,9225,74.440845
1,9226,315.408204
1,9227,223.624203
1,9228,82.036305
1,9229,266.526740
1,9230,23.493234
1,9231,263.991326
1,9232,80.218888
1,9233,204.476413
1,9234,504.733408
1,9235,345.347810
1,9236,83.754399
1,9237,163.909472
1,9238,147.595204
1,9239,385.360918
1,9240,74.113670
1,9241,367.469778
1,9242,61.057976
1,9243,247.233900
1,9244,69.011065
1,9245,183.981036
1,9246,172.440554
1,9247,348.532150
1,9248,227.716382
1,9249,55.233585
1,9250,198.652576
1,9251,192.750678
1,9252,274.494082
1,9253,470.893415
1,9254,181.984009
1,9255,319.294574
1,9256,77.690919
1,9257,321.681498
1,9258,123.697024
1,9259,400.177572
1,9260,40.942922
1,9261,238.422039
1,9262,84.399394
1,9263,111.891599
1,9264,274.498431
1,9265,97.761463
1,9266,109.653032
1,9267,94.814598
1,9268,243.198125
1,9269,100.434799
1,9270,141.654998
1,9271,98.500760
1,9272,327.051846
1,9273,167.487460
1,9274,122.918022
1,9275,388.484941
1,9276,128.305742
1,9277,94.762473
1,9278,345.663936
1,9279,326.468790
1,9280,152.267506
1,9281,202.852793
1,9282,87.350465
1,9283,258.325083
1,9284,156.938552
1,9285,202.224920
1,9286,499.036967
1,9287,101.798766
1,9288,27.191526
1,9289,377.367575
1,9290,415.289461
1,9291,124.034121
1,9292,294.321501
1,9293,99.217695
1,9294,250.307546
1,9295,82.758467
1,9296,364.723619
1,9297,533.194993
1,9298,137.709406
1,9299,279.890749
1,9300,106.264132
1,9301,223.257555
1,9302,440.115301
1,9303,498.716495
1,9304,89.492338
1,9305,277.305338
1,9306,191.435761
1,9307,88.877498
1,9308,234.677453
1,9309,53.358955
1,9310,366.310601
1,9311,47.783060
1,9312,334.107986
1,9313,113.171376
1,9314,118.605333
1,9315,245.185756
1,9316,317.242899
1,9317,219.562987
1,9318,84.007445
1,9319,101.167442
1,9320,347.648387
1,9321,311.597589
1,9322,129.676080
1,9323,341.911291
1,9324,215.834987
1,9325,113.541263
1,9326,740.965740
1,9327,151.691604
1,9328,84.014790
1,9329,408.396240
1,9330,261.530799
1,9331,518.823603
1,9332,74.838606
1,9333,400.639112
1,9334,197.220790
1,9335,329.947646
1,9336,82.178665
1,9337,224.237324
1,9338,304.181848
1,9339,368.505828
1,9340,389.754393
1,9341,347.712792
1,9342,59.727140
1,9343,151.182230
1,9344,92.990780
1,9345,210.687318
1,9346,191.837473
1,9347,323.290045
1,9348,91.859035
1,9349,133.411123
1,9350,70.232127
1,9351,315.130026
1,9352,92.999139
1,9353,263.506173
1,9354,192.416566
1,9355,102.523493
1,9356,271.213569
1,9357,218.480455
1,9358,225.134905
1,9359,231.385291
1,9360,40.087701
1,9361,258.856651
1,9362,271.817618
1,9363,230.097177
1,9364,548.810829
1,9365,204.948006
1,9366,301.055449
1,9367,66.117104
1,9368,318.436738
1,9369,269.997146
1,9370,129.803784
1,9371,96.265975
1,9372,295.305174
1,9373,210.985727
1,9374,239.813227
1,9375,224.728310
1,9376,105.002825
1,9377,325.293655
1,9378,260.669644
1,9379,47.265789
1,9380,345.763158
1,9381,214.550105
1,9382,206.104719
1,9383,209.911609
1,9384,228.623618
1,9385,426.985675
1,9386,206.023829
1,9387,47.469825
1,9388,384.300541
1,9389,46.291928
1,9390,185.490122
1,9391,77.997275
1,9392,333.956901
1,9393,84.836951
1,9394,96.153216
1,9395,282.401330
1,9396,354.550976
1,9397,94.285287
1,9398,162.312424
1,9399,85.727588
1,9400,225.468894
1,9401,112.573716
1,9402,167.976713
1,9403,194.457259
1,9404,276.027500
1,9405,353.095468
1,9406,92.180421
1,9407,60.017715
1,9408,120.786977
1,9409,425.773637
1,9410,87.429504
1,9411,427.834664
1,9412,101.066370
1,9413,407.305254
1,9414,102.839615
1,9415,283.708915
1,9416,239.733649
1,9417,472.173735
1,9418,153.849898
1,9419,55.670110
1,9420,383.403175
1,9421,151.799224
1,9422,399.929514
1,9423,232.141064
1,9424,288.096825
