subtaskID,datapointID,answer
1,0,294.517673
1,1,98.420278
1,2,32.654375
1,3,0.000000
1,4,307.798316
1,5,44.596907
1,6,147.835382
1,7,139.937634
1,8,167.074880
1,9,146.243459
1,10,131.090013
1,11,29.857095
1,12,61.638338
1,13,169.934031
1,14,14.615521
1,15,178.495611
1,16,116.699974
1,17,148.876481
1,18,155.402774
1,19,345.557027
1,20,101.341924
1,21,164.728173
1,22,136.518984
1,23,237.165430
1,24,129.668186
1,25,41.476699
1,26,112.282527
1,27,82.704520
1,28,56.085053
1,29,0.000000
1,30,206.571520
1,31,16.445280
1,32,66.665849
1,33,277.335076
1,34,0.000000
1,35,346.653692
1,36,167.503023
1,37,166.580597
1,38,51.094076
1,39,44.550023
1,40,49.175665
1,41,250.289324
1,42,73.069155
1,43,133.067439
1,44,241.190281
1,45,80.045251
1,46,7.611633
1,47,153.518092
1,48,79.248856
1,49,121.147257
1,50,85.975517
1,51,152.896710
1,52,80.054605
1,53,44.888814
1,54,135.696499
1,55,100.740313
1,56,125.171255
1,57,45.731832
1,58,81.065834
1,59,302.406560
1,60,17.589188
1,61,146.660484
1,62,17.636293
1,63,205.609973
1,64,69.772714
1,65,78.779699
1,66,17.694608
1,67,90.535712
1,68,95.942656
1,69,175.948237
1,70,18.153628
1,71,97.605560
1,72,54.425086
1,73,156.612759
1,74,99.398931
1,75,116.255272
1,76,31.687906
1,77,95.794423
1,78,37.863076
1,79,256.692623
1,80,46.236284
1,81,341.545436
1,82,239.577865
1,83,219.613697
1,84,98.541502
1,85,109.770170
1,86,30.933488
1,87,179.190376
1,88,199.065377
1,89,204.062190
1,90,222.160813
1,91,68.629391
1,92,20.144068
1,93,247.013159
1,94,631.071673
1,95,604.188925
1,96,436.728088
1,97,463.455773
1,98,292.409872
1,99,6.354080
1,100,300.856669
1,101,107.246086
1,102,256.714176
1,103,172.618528
1,104,289.332859
1,105,206.460113
1,106,52.443286
1,107,189.044818
1,108,47.879421
1,109,177.131133
1,110,324.188473
1,111,109.806961
1,112,398.604970
1,113,70.835168
1,114,304.768513
1,115,645.066627
1,116,226.215009
1,117,264.968121
1,118,212.741685
1,119,130.870837
1,120,144.977974
1,121,10.267903
1,122,95.344032
1,123,153.756242
1,124,436.085665
1,125,152.238686
1,126,385.628367
1,127,121.466207
1,128,23.126896
1,129,156.957200
1,130,126.552290
1,131,10.678794
1,132,198.603712
1,133,10.723595
1,134,45.379764
1,135,11.294907
1,136,71.074068
1,137,149.955775
1,138,199.989153
1,139,210.751287
1,140,172.315757
1,141,164.719451
1,142,21.997442
1,143,223.611705
1,144,100.215822
1,145,130.274212
1,146,11.408601
1,147,180.253516
1,148,0.000000
1,149,151.779558
1,150,87.847167
1,151,11.424137
1,152,99.164809
1,153,89.289384
1,154,144.295546
1,155,177.319864
1,156,168.385530
1,157,229.712678
1,158,206.864658
1,159,13.016596
1,160,75.751722
1,161,108.985121
1,162,84.242269
1,163,138.692465
1,164,62.748330
1,165,16.864205
1,166,189.421659
1,167,0.000000
1,168,250.580219
1,169,128.963015
1,170,93.942973
1,171,173.882140
1,172,323.423618
1,173,7.574412
1,174,123.704218
1,175,18.497290
1,176,135.405283
1,177,8.506290
1,178,138.364181
1,179,115.377706
1,180,184.631504
1,181,151.402255
1,182,57.624087
1,183,227.559416
1,184,331.717180
1,185,258.730341
1,186,269.488401
1,187,208.476727
1,188,49.791683
1,189,83.382481
1,190,36.244229
1,191,89.855359
1,192,132.562615
1,193,9.926154
1,194,30.118831
1,195,146.114675
1,196,52.450130
1,197,52.154475
1,198,9.843755
1,199,710.303077
1,200,38.054343
1,201,184.117514
1,202,89.610036
1,203,83.406335
1,204,10.631255
1,205,64.861131
1,206,97.316372
1,207,164.169092
1,208,10.716688
1,209,38.319698
1,210,95.750700
1,211,10.464081
1,212,226.778400
1,213,54.238208
1,214,133.059201
1,215,436.613023
1,216,11.072641
1,217,141.265303
1,218,10.725902
1,219,89.284962
1,220,164.050792
1,221,177.767443
1,222,223.292181
1,223,203.982328
1,224,204.189491
1,225,58.368122
1,226,279.447248
1,227,10.912454
1,228,32.482984
1,229,92.485136
1,230,79.647788
1,231,65.982089
1,232,55.894839
1,233,188.798434
1,234,76.366497
1,235,11.933495
1,236,66.668101
1,237,81.366891
1,238,80.840695
1,239,23.100081
1,240,11.164103
1,241,143.959637
1,242,65.125664
1,243,72.544733
1,244,106.798270
1,245,143.498844
1,246,80.912071
1,247,117.639066
1,248,22.483866
1,249,31.503190
1,250,12.079646
1,251,75.612595
1,252,11.890259
1,253,115.624504
1,254,11.519928
1,255,45.936744
1,256,106.779002
1,257,205.175081
1,258,163.995696
1,259,106.094083
1,260,72.685569
1,261,98.178135
1,262,42.133834
1,263,182.744325
1,264,89.584568
1,265,141.262066
1,266,72.231611
1,267,504.921826
1,268,194.133591
1,269,123.757950
1,270,274.644567
1,271,77.908770
1,272,398.840380
1,273,215.059956
1,274,154.909050
1,275,62.561671
1,276,6.460751
1,277,134.248228
1,278,6.993780
1,279,105.210933
1,280,235.229273
1,281,160.992272
1,282,6.837815
1,283,146.764181
1,284,158.333787
1,285,269.497611
1,286,167.959212
1,287,163.181091
1,288,18.528132
1,289,50.329496
1,290,104.680303
1,291,211.767201
1,292,127.029544
1,293,191.316778
1,294,109.972736
1,295,136.578398
1,296,102.875383
1,297,88.294392
1,298,310.240041
1,299,65.581431
1,300,198.326390
1,301,291.196934
1,302,193.549907
1,303,217.165851
1,304,104.755160
1,305,9.308195
1,306,43.345441
1,307,221.338836
1,308,78.271608
1,309,43.497872
1,310,252.339111
1,311,167.912882
1,312,102.586268
1,313,134.666779
1,314,57.447367
1,315,223.992000
1,316,117.818016
1,317,97.368214
1,318,10.499218
1,319,30.526583
1,320,122.685999
1,321,144.374361
1,322,152.479682
1,323,68.499575
1,324,225.571643
1,325,113.323546
1,326,328.779980
1,327,435.010072
1,328,295.107038
1,329,9.710399
1,330,0.000000
1,331,160.509360
1,332,41.830242
1,333,80.338443
1,334,134.055194
1,335,238.135536
1,336,99.444201
1,337,182.195250
1,338,212.430446
1,339,142.590980
1,340,0.000000
1,341,127.310140
1,342,89.083402
1,343,47.677751
1,344,62.496817
1,345,41.104386
1,346,56.119748
1,347,173.001201
1,348,53.699736
1,349,71.025442
1,350,68.964305
1,351,70.642954
1,352,111.640470
1,353,18.361945
1,354,169.083766
1,355,152.551443
1,356,7.534694
1,357,108.502070
1,358,7.403310
1,359,28.797005
1,360,0.000000
1,361,18.737992
1,362,246.242901
1,363,257.053833
1,364,107.590152
1,365,142.255943
1,366,102.544644
1,367,55.038672
1,368,155.724221
1,369,102.049403
1,370,58.234950
1,371,163.947582
1,372,115.157894
1,373,144.699499
1,374,128.264210
1,375,156.385416
1,376,50.901149
1,377,292.162543
1,378,64.523328
1,379,175.162428
1,380,8.976252
1,381,110.768040
1,382,50.715542
1,383,130.844096
1,384,8.999844
1,385,37.277190
1,386,680.186444
1,387,808.087872
1,388,255.349211
1,389,178.709803
1,390,0.000000
1,391,182.494408
1,392,216.307360
1,393,248.140845
1,394,181.595669
1,395,126.960088
1,396,10.174571
1,397,68.448934
1,398,253.666883
1,399,164.332959
1,400,286.579851
1,401,430.428880
1,402,575.520741
1,403,338.118299
1,404,290.167963
1,405,15.307205
1,406,277.542920
1,407,121.679480
1,408,551.933522
1,409,459.805246
1,410,353.871270
1,411,393.819719
1,412,43.589863
1,413,252.123379
1,414,229.045527
1,415,326.350896
1,416,418.177358
1,417,163.929840
1,418,149.720315
1,419,364.183097
1,420,0.000000
1,421,119.485185
1,422,320.440374
1,423,163.865988
1,424,165.978380
1,425,145.787292
1,426,163.054435
1,427,250.955613
1,428,78.684152
1,429,88.587026
1,430,317.461219
1,431,64.061823
1,432,274.331271
1,433,287.863859
1,434,35.758794
1,435,200.748325
1,436,15.719859
1,437,67.151982
1,438,111.004164
1,439,126.236853
1,440,211.863345
1,441,35.529612
1,442,262.064352
1,443,34.656566
1,444,189.973793
1,445,284.308877
1,446,32.551303
1,447,102.690707
1,448,386.593920
1,449,293.615091
1,450,11.521533
1,451,503.749631
1,452,308.579742
1,453,411.969768
1,454,11.740152
1,455,166.880677
1,456,37.037775
1,457,254.349446
1,458,120.885842
1,459,270.390996
1,460,154.854852
1,461,276.120857
1,462,209.701617
1,463,518.409265
1,464,276.450490
1,465,440.660207
1,466,255.846847
1,467,321.160865
1,468,13.250484
1,469,71.985599
1,470,107.762446
1,471,267.254321
1,472,418.797760
1,473,40.640134
1,474,137.740342
1,475,47.302367
1,476,66.159012
1,477,117.249283
1,478,130.257766
1,479,14.803814
1,480,151.041714
1,481,44.864264
1,482,134.768233
1,483,41.861273
1,484,74.378358
1,485,319.671094
1,486,207.156400
1,487,296.837079
1,488,443.885737
1,489,51.659946
1,490,109.918203
1,491,122.789495
1,492,230.713811
1,493,10.640687
1,494,355.904080
1,495,55.228793
1,496,68.283330
1,497,220.885508
1,498,89.398098
1,499,110.650626
1,500,236.090234
1,501,88.300922
1,502,84.337873
1,503,160.914266
1,504,0.000000
1,505,227.190468
1,506,41.524998
1,507,229.437436
1,508,396.298772
1,509,253.647263
1,510,223.974068
1,511,138.038172
1,512,154.139090
1,513,189.546261
1,514,142.866157
1,515,265.703662
1,516,205.214378
1,517,191.019598
1,518,93.730890
1,519,153.818628
1,520,230.868477
1,521,207.402721
1,522,68.370209
1,523,41.060451
1,524,135.455338
1,525,76.413752
1,526,478.605711
1,527,108.298758
1,528,166.555949
1,529,187.318541
1,530,123.931228
1,531,14.111870
1,532,298.739030
1,533,39.254165
1,534,199.342681
1,535,41.667620
1,536,174.621207
1,537,213.832637
1,538,8.747140
1,539,107.518980
1,540,232.621338
1,541,223.145741
1,542,232.082795
1,543,71.131360
1,544,191.034183
1,545,213.611605
1,546,282.874304
1,547,346.978755
1,548,0.000000
1,549,158.730267
1,550,224.714866
1,551,11.396835
1,552,150.508255
1,553,10.918058
1,554,77.959982
1,555,152.220497
1,556,41.181418
1,557,216.565137
1,558,46.300002
1,559,113.057254
1,560,137.310756
1,561,133.198246
1,562,32.384595
1,563,185.027882
1,564,103.250462
1,565,234.566874
1,566,54.871761
1,567,182.062723
1,568,387.965843
1,569,48.163688
1,570,356.871513
1,571,358.147079
1,572,140.393165
1,573,489.047850
1,574,61.058770
1,575,199.259072
1,576,294.466869
1,577,443.404527
1,578,235.076471
1,579,168.344712
1,580,108.378051
1,581,173.930789
1,582,186.287245
1,583,58.160453
1,584,497.107905
1,585,47.477863
1,586,14.058734
1,587,467.074816
1,588,365.695268
1,589,135.156340
1,590,289.102242
1,591,214.292478
1,592,646.498447
1,593,33.316977
1,594,267.462833
1,595,95.090899
1,596,225.823401
1,597,165.539808
1,598,149.860648
1,599,104.277483
1,600,181.476571
1,601,63.786275
1,602,266.182932
1,603,169.611183
1,604,326.284055
1,605,150.566793
1,606,344.631558
1,607,317.190897
1,608,214.612761
1,609,15.304159
1,610,207.245973
1,611,173.486595
1,612,268.919368
1,613,224.771466
1,614,14.937952
1,615,198.566562
1,616,244.155284
1,617,171.982252
1,618,346.237227
1,619,342.674918
1,620,176.886872
1,621,210.984673
1,622,249.743736
1,623,64.217879
1,624,232.704196
1,625,115.534903
1,626,148.441536
1,627,182.080546
1,628,7.410222
1,629,93.025039
1,630,196.595187
1,631,134.483586
1,632,101.417402
1,633,52.782373
1,634,0.000000
1,635,9.990822
1,636,137.490961
1,637,227.042525
1,638,154.364470
1,639,45.115742
1,640,84.087664
1,641,54.345487
1,642,94.984540
1,643,24.334414
1,644,44.667131
1,645,0.000000
1,646,40.165813
1,647,96.481583
1,648,76.450868
1,649,40.106302
1,650,60.137742
1,651,0.000000
1,652,177.491255
1,653,173.983577
1,654,100.695266
1,655,141.269758
1,656,41.446749
1,657,70.313461
1,658,69.890312
1,659,155.266859
1,660,150.817378
1,661,0.000000
1,662,161.522799
1,663,191.179916
1,664,13.046323
1,665,64.348930
1,666,12.562240
1,667,50.059043
1,668,0.000000
1,669,90.651642
1,670,12.589734
1,671,24.860071
1,672,159.011359
1,673,167.058870
1,674,43.850253
1,675,103.075785
1,676,44.756588
1,677,96.910267
1,678,13.798786
1,679,127.045313
1,680,50.430410
1,681,41.474711
1,682,81.499186
1,683,24.635721
1,684,133.865987
1,685,138.995323
1,686,36.002709
1,687,155.343516
1,688,151.509604
1,689,204.196659
1,690,151.660556
1,691,26.799008
1,692,90.913861
1,693,27.175865
1,694,174.165344
1,695,256.103230
1,696,139.530657
1,697,14.184218
1,698,137.522607
1,699,13.477146
1,700,108.856126
1,701,127.449343
1,702,76.383667
1,703,149.952590
1,704,14.459367
1,705,193.918784
1,706,1222.172326
1,707,166.933363
1,708,44.739909
1,709,99.541863
1,710,77.220686
1,711,65.867012
1,712,170.337961
1,713,10.688637
1,714,39.027251
1,715,71.784191
1,716,175.998855
1,717,189.011464
1,718,253.332479
1,719,269.141152
1,720,72.028680
1,721,257.674861
1,722,225.191420
1,723,33.533933
1,724,131.568104
1,725,265.243238
1,726,0.000000
1,727,215.771520
1,728,340.986222
1,729,0.000000
1,730,280.142463
1,731,622.183818
1,732,390.557233
1,733,199.699491
1,734,158.806316
1,735,57.288921
1,736,190.492970
1,737,65.849233
1,738,260.504115
1,739,180.682401
1,740,252.666759
1,741,224.336193
1,742,370.622044
1,743,158.465373
1,744,43.848438
1,745,144.672885
1,746,10.214312
1,747,165.813572
1,748,82.705483
1,749,11.099253
1,750,39.050805
1,751,10.680942
1,752,70.221012
1,753,91.724478
1,754,58.157594
1,755,68.486004
1,756,45.083998
1,757,97.886998
1,758,63.911397
1,759,271.177170
1,760,11.103623
1,761,231.069722
1,762,240.660971
1,763,0.000000
1,764,75.905516
1,765,106.313972
1,766,37.729088
1,767,87.821082
1,768,75.383600
1,769,167.036521
1,770,75.823416
1,771,110.335198
1,772,145.874853
1,773,23.683051
1,774,56.550301
1,775,101.380552
1,776,187.749123
1,777,92.203998
1,778,12.331565
1,779,79.819934
1,780,30.936542
1,781,96.454984
1,782,136.300429
1,783,12.861522
1,784,90.834298
1,785,12.115562
1,786,59.174756
1,787,13.360529
1,788,227.470956
1,789,12.439187
1,790,24.159824
1,791,159.512175
1,792,168.023436
1,793,192.725840
1,794,406.507820
1,795,0.000000
1,796,283.196056
1,797,99.430322
1,798,189.893493
1,799,16.544877
1,800,305.012868
1,801,410.975639
1,802,18.706602
1,803,479.629131
1,804,472.253631
1,805,161.690239
1,806,283.522385
1,807,17.478013
1,808,325.340436
1,809,137.161907
1,810,42.726659
1,811,98.701386
1,812,180.422809
1,813,215.222028
1,814,445.841089
1,815,365.239652
1,816,300.583054
1,817,93.471917
1,818,488.456608
1,819,70.386309
1,820,258.534134
1,821,78.665077
1,822,81.291144
1,823,183.951646
1,824,97.372793
1,825,19.166858
1,826,340.964438
1,827,74.376015
1,828,182.550808
1,829,1065.740059
1,830,301.206147
1,831,155.504744
1,832,51.628632
1,833,700.468440
1,834,227.901081
1,835,360.238787
1,836,20.253950
1,837,570.359928
1,838,250.602446
1,839,185.809545
1,840,163.873169
1,841,395.309881
1,842,308.845085
1,843,128.377833
1,844,96.659603
1,845,341.306693
1,846,295.885147
1,847,45.014729
1,848,181.224162
1,849,234.573046
1,850,347.359661
1,851,171.699559
1,852,196.397329
1,853,46.691462
1,854,393.211892
1,855,40.336817
1,856,90.266877
1,857,259.814636
1,858,41.289756
1,859,247.404693
1,860,335.903879
1,861,12.858020
1,862,215.923819
1,863,122.766400
1,864,29.181600
1,865,115.846469
1,866,135.291927
1,867,225.370763
1,868,75.399013
1,869,630.094069
1,870,272.354694
1,871,73.454720
1,872,438.782007
1,873,183.152763
1,874,98.635218
1,875,66.881022
1,876,154.742241
1,877,179.754104
1,878,278.237868
1,879,219.824494
1,880,94.259838
1,881,226.560775
1,882,148.850094
1,883,0.000000
1,884,141.095114
1,885,139.244349
1,886,282.519025
1,887,95.440972
1,888,522.136399
1,889,232.164418
1,890,18.865590
1,891,141.270726
1,892,62.527656
1,893,280.357656
1,894,287.376174
1,895,477.832001
1,896,354.802373
1,897,86.002282
1,898,239.923113
1,899,6.436647
1,900,489.284858
1,901,19.530464
1,902,232.203943
1,903,199.410056
1,904,177.406704
1,905,96.709878
1,906,267.909634
1,907,480.798894
1,908,46.276707
1,909,38.345744
1,910,318.787491
1,911,20.163141
1,912,305.061027
1,913,246.543786
1,914,43.643740
1,915,490.585000
1,916,19.820838
1,917,434.482593
1,918,232.486147
1,919,163.868813
1,920,51.168559
1,921,273.164369
1,922,7.414152
1,923,423.669717
1,924,86.175251
1,925,227.463394
1,926,272.615459
1,927,21.704576
1,928,544.930938
1,929,61.085208
1,930,265.845345
1,931,258.159409
1,932,59.681902
1,933,489.022545
1,934,20.894038
1,935,204.716032
1,936,279.772143
1,937,116.305452
1,938,170.442025
1,939,211.144930
1,940,84.632818
1,941,76.051866
1,942,183.054484
1,943,237.183910
1,944,129.813653
1,945,88.326518
1,946,46.494524
1,947,182.375886
1,948,260.276520
1,949,187.588232
1,950,358.184100
1,951,103.558508
1,952,340.439380
1,953,390.747225
1,954,315.905382
1,955,294.107065
1,956,71.046673
1,957,244.146616
1,958,217.414550
1,959,214.657932
1,960,49.106681
1,961,363.596767
1,962,122.087977
1,963,302.449130
1,964,253.642394
1,965,204.438261
1,966,95.382842
1,967,134.908737
1,968,371.369702
1,969,205.667846
1,970,17.775509
1,971,244.413115
1,972,19.652748
1,973,325.914610
1,974,451.961033
1,975,73.034209
1,976,345.448785
1,977,20.352696
1,978,330.628885
1,979,98.358747
1,980,325.073044
1,981,77.887899
1,982,391.773330
1,983,65.299397
1,984,160.123323
1,985,142.478770
1,986,171.896015
1,987,123.625731
1,988,339.161727
1,989,18.664076
1,990,318.824112
1,991,201.337536
1,992,413.783796
1,993,179.484890
1,994,235.725017
1,995,159.929335
1,996,93.270115
1,997,190.200921
1,998,445.694426
1,999,199.819614
1,1000,549.926008
1,1001,71.412836
1,1002,231.411250
1,1003,500.000749
1,1004,121.779847
1,1005,127.021356
1,1006,168.418702
1,1007,56.187447
1,1008,253.422943
1,1009,96.855514
1,1010,280.335593
1,1011,186.518332
1,1012,449.258514
1,1013,61.987449
1,1014,218.252088
1,1015,21.048509
1,1016,104.166870
1,1017,125.435935
1,1018,51.369640
1,1019,77.404965
1,1020,202.848664
1,1021,7.058446
1,1022,112.769970
1,1023,227.118045
1,1024,98.240889
1,1025,111.764415
1,1026,261.342516
1,1027,258.554750
1,1028,20.265990
1,1029,303.047234
1,1030,35.978274
1,1031,174.864673
1,1032,81.942044
1,1033,178.834724
1,1034,371.871154
1,1035,309.963892
1,1036,20.841192
1,1037,51.379683
1,1038,55.696564
1,1039,357.068954
1,1040,20.493553
1,1041,568.096512
1,1042,57.395289
1,1043,384.896285
1,1044,154.873286
1,1045,329.006410
1,1046,122.282543
1,1047,253.299483
1,1048,326.910833
1,1049,68.106065
1,1050,129.933603
1,1051,441.235071
1,1052,225.253722
1,1053,360.272194
1,1054,191.731720
1,1055,283.006711
1,1056,49.330427
1,1057,389.608701
1,1058,173.385321
1,1059,367.181883
1,1060,0.000000
1,1061,236.609656
1,1062,37.502185
1,1063,17.106220
1,1064,102.298247
1,1065,53.130016
1,1066,52.484794
1,1067,169.246753
1,1068,146.665808
1,1069,16.800091
1,1070,243.921692
1,1071,16.809687
1,1072,236.054904
1,1073,28.247755
1,1074,240.324852
1,1075,405.396825
1,1076,123.111546
1,1077,33.750902
1,1078,309.015215
1,1079,346.296835
1,1080,254.145959
1,1081,352.320408
1,1082,104.459862
1,1083,274.292080
1,1084,117.435788
1,1085,118.395323
1,1086,322.662168
1,1087,17.997761
1,1088,301.553982
1,1089,335.390845
1,1090,310.357702
1,1091,19.585146
1,1092,73.630019
1,1093,18.205628
1,1094,322.848832
1,1095,119.707576
1,1096,315.906376
1,1097,774.815637
1,1098,218.600748
1,1099,273.733628
1,1100,88.946406
1,1101,221.821066
1,1102,268.901767
1,1103,325.790435
1,1104,52.443962
1,1105,158.560590
1,1106,56.053297
1,1107,18.421391
1,1108,290.960924
1,1109,66.479470
1,1110,333.607692
1,1111,147.051332
1,1112,404.163544
1,1113,59.091698
1,1114,123.903957
1,1115,268.739123
1,1116,557.612538
1,1117,396.102620
1,1118,71.093025
1,1119,148.826982
1,1120,297.529765
1,1121,259.555869
1,1122,87.239363
1,1123,389.166706
1,1124,261.646026
1,1125,20.983063
1,1126,1096.238462
1,1127,129.098627
1,1128,122.533174
1,1129,536.335651
1,1130,297.169758
1,1131,399.597869
1,1132,19.056888
1,1133,312.421038
1,1134,196.669085
1,1135,301.277532
1,1136,92.060896
1,1137,129.028101
1,1138,183.283861
1,1139,287.179266
1,1140,333.910811
1,1141,278.575296
1,1142,48.016957
1,1143,140.328391
1,1144,114.763362
1,1145,147.990143
1,1146,113.301484
1,1147,247.219408
1,1148,58.120873
1,1149,155.578975
1,1150,70.617775
1,1151,136.295719
1,1152,15.286145
1,1153,156.733533
1,1154,164.275137
1,1155,16.061011
1,1156,354.359720
1,1157,138.074768
1,1158,108.709885
1,1159,316.713853
1,1160,25.640963
1,1161,276.030120
1,1162,218.861860
1,1163,188.716695
1,1164,288.592512
1,1165,65.707040
1,1166,154.506019
1,1167,102.249056
1,1168,417.599416
1,1169,281.687186
1,1170,159.739871
1,1171,49.056354
1,1172,154.206721
1,1173,129.124921
1,1174,195.157329
1,1175,89.505293
1,1176,46.493206
1,1177,150.759906
1,1178,110.831761
1,1179,0.000000
1,1180,275.439438
1,1181,148.021704
1,1182,124.358476
1,1183,107.054227
1,1184,220.435365
1,1185,198.229606
1,1186,119.817088
1,1187,0.000000
1,1188,298.429258
1,1189,82.030161
1,1190,526.541812
1,1191,44.906253
1,1192,271.533545
1,1193,17.339054
1,1194,49.904917
1,1195,238.339646
1,1196,160.840117
1,1197,18.150029
1,1198,91.596271
1,1199,42.739122
1,1200,125.094196
1,1201,90.822424
1,1202,30.106205
1,1203,79.655995
1,1204,208.795596
1,1205,168.105476
1,1206,41.088342
1,1207,276.914970
1,1208,169.065389
1,1209,470.670088
1,1210,48.577864
1,1211,640.939654
1,1212,109.596374
1,1213,427.495967
1,1214,72.200049
1,1215,148.586746
1,1216,137.298209
1,1217,375.209179
1,1218,94.404669
1,1219,48.125558
1,1220,339.461872
1,1221,62.710406
1,1222,357.284251
1,1223,64.037811
1,1224,162.837239
1,1225,161.983028
1,1226,17.425079
1,1227,174.357540
1,1228,118.296597
1,1229,247.355383
1,1230,231.329152
1,1231,349.884784
1,1232,364.865153
1,1233,448.280251
1,1234,17.578121
1,1235,312.071616
1,1236,17.959198
1,1237,310.465757
1,1238,48.956104
1,1239,233.265200
1,1240,122.378801
1,1241,393.748886
1,1242,18.746918
1,1243,178.499734
1,1244,288.361415
1,1245,23.218657
1,1246,575.143924
1,1247,799.151080
1,1248,707.346524
1,1249,0.000000
1,1250,419.940111
1,1251,409.242157
1,1252,524.813150
1,1253,52.861453
1,1254,449.967773
1,1255,315.911803
1,1256,182.095044
1,1257,20.455290
1,1258,394.560530
1,1259,371.801589
1,1260,250.721533
1,1261,44.371720
1,1262,344.986922
1,1263,20.666228
1,1264,346.779127
1,1265,444.358897
1,1266,255.324409
1,1267,485.748814
1,1268,103.781563
1,1269,431.491519
1,1270,497.087395
1,1271,73.757573
1,1272,504.266635
1,1273,901.488197
1,1274,522.488066
1,1275,622.738084
1,1276,325.006229
1,1277,108.856227
1,1278,232.698998
1,1279,161.561300
1,1280,146.512081
1,1281,202.882732
1,1282,199.583766
1,1283,82.516506
1,1284,276.619715
1,1285,189.645085
1,1286,75.274214
1,1287,304.798391
1,1288,267.501743
1,1289,151.649643
1,1290,275.858724
1,1291,390.366770
1,1292,233.315986
1,1293,68.546117
1,1294,121.806134
1,1295,61.387044
1,1296,268.162162
1,1297,16.017968
1,1298,408.626402
1,1299,84.280794
1,1300,79.645474
1,1301,18.516729
1,1302,344.077687
1,1303,57.684975
1,1304,56.499184
1,1305,113.988764
1,1306,236.209224
1,1307,827.965749
1,1308,646.321498
1,1309,56.623669
1,1310,732.471979
1,1311,97.030104
1,1312,92.993970
1,1313,169.724947
1,1314,488.058774
1,1315,156.984618
1,1316,754.097527
1,1317,50.304434
1,1318,375.566586
1,1319,198.148509
1,1320,333.673942
1,1321,147.971952
1,1322,127.601919
1,1323,72.647291
1,1324,531.513508
1,1325,217.397252
1,1326,556.638370
1,1327,117.039308
1,1328,135.557882
1,1329,256.860980
1,1330,296.720844
1,1331,66.885338
1,1332,161.256553
1,1333,330.376215
1,1334,6.907180
1,1335,304.652599
1,1336,201.308727
1,1337,248.910856
1,1338,187.822871
1,1339,109.191632
1,1340,248.525567
1,1341,236.229475
1,1342,128.118884
1,1343,431.983095
1,1344,77.081952
1,1345,138.068735
1,1346,408.340778
1,1347,50.252949
1,1348,248.991038
1,1349,391.807868
1,1350,536.569540
1,1351,368.576780
1,1352,248.670327
1,1353,258.338158
1,1354,42.722546
1,1355,177.134287
1,1356,326.447628
1,1357,35.113684
1,1358,429.165151
1,1359,15.362188
1,1360,460.191060
1,1361,157.789744
1,1362,326.440606
1,1363,16.563931
1,1364,150.007503
1,1365,207.335155
1,1366,548.931159
1,1367,375.474397
1,1368,321.016531
1,1369,52.728459
1,1370,444.869159
1,1371,42.886229
1,1372,480.407436
1,1373,479.154694
1,1374,142.471351
1,1375,82.831306
1,1376,223.548043
1,1377,190.941280
1,1378,278.857584
1,1379,18.758259
1,1380,328.967612
1,1381,536.297656
1,1382,59.568516
1,1383,122.622493
1,1384,240.229935
1,1385,0.000000
1,1386,587.640839
1,1387,527.396605
1,1388,18.844759
1,1389,783.241574
1,1390,655.934636
1,1391,407.199542
1,1392,87.588942
1,1393,125.034990
1,1394,326.961969
1,1395,415.596965
1,1396,456.624802
1,1397,98.424577
1,1398,554.554877
1,1399,585.665807
1,1400,83.827637
1,1401,512.032764
1,1402,351.622365
1,1403,69.497162
1,1404,370.345119
1,1405,315.305839
1,1406,155.148930
1,1407,190.685536
1,1408,146.849245
1,1409,306.431253
1,1410,20.295482
1,1411,518.409093
1,1412,311.948872
1,1413,189.090855
1,1414,445.013144
1,1415,99.857718
1,1416,500.692452
1,1417,206.540430
1,1418,7.225224
1,1419,301.395005
1,1420,429.700376
1,1421,54.323378
1,1422,252.600407
1,1423,190.495794
1,1424,260.663028
1,1425,109.726649
1,1426,66.525071
1,1427,380.013433
1,1428,485.834222
1,1429,420.613220
1,1430,174.079120
1,1431,331.290742
1,1432,154.872892
1,1433,247.812443
1,1434,422.297155
1,1435,322.492602
1,1436,93.501545
1,1437,291.720679
1,1438,158.223277
1,1439,43.017756
1,1440,152.822505
1,1441,62.114142
1,1442,176.607272
1,1443,302.372738
1,1444,358.986101
1,1445,32.645607
1,1446,323.709742
1,1447,301.651576
1,1448,476.427492
1,1449,268.759171
1,1450,58.446269
1,1451,407.663938
1,1452,136.294291
1,1453,588.027140
1,1454,34.748960
1,1455,437.381195
1,1456,462.595479
1,1457,187.188201
1,1458,200.219246
1,1459,222.820885
1,1460,16.010459
1,1461,293.373914
1,1462,276.092821
1,1463,99.057692
1,1464,443.690269
1,1465,631.540753
1,1466,183.679420
1,1467,543.195041
1,1468,364.941910
1,1469,214.976214
1,1470,371.890632
1,1471,73.053106
1,1472,330.273358
1,1473,118.392429
1,1474,415.399446
1,1475,0.000000
1,1476,466.405721
1,1477,236.526859
1,1478,18.679381
1,1479,241.268930
1,1480,71.767837
1,1481,319.536261
1,1482,305.211331
1,1483,205.162119
1,1484,147.904576
1,1485,129.015032
1,1486,101.382747
1,1487,328.686855
1,1488,341.754802
1,1489,400.410661
1,1490,504.166038
1,1491,442.772307
1,1492,121.252487
1,1493,335.218766
1,1494,137.520536
1,1495,114.447802
1,1496,198.362051
1,1497,102.611124
1,1498,448.187338
1,1499,428.041408
1,1500,389.614577
1,1501,52.194959
1,1502,532.374732
1,1503,233.327139
1,1504,61.339797
1,1505,222.969224
1,1506,701.896284
1,1507,80.231853
1,1508,523.933099
1,1509,52.836930
1,1510,387.236102
1,1511,89.658318
1,1512,427.827513
1,1513,415.344772
1,1514,259.425335
1,1515,133.897692
1,1516,365.500847
1,1517,277.726490
1,1518,380.563348
1,1519,428.290919
1,1520,217.342008
1,1521,480.658148
1,1522,66.761102
1,1523,360.941321
1,1524,327.413122
1,1525,98.014780
1,1526,248.964186
1,1527,299.912104
1,1528,383.596587
1,1529,119.887229
1,1530,786.166222
1,1531,520.868100
1,1532,54.616045
1,1533,46.315160
1,1534,305.859798
1,1535,53.501588
1,1536,41.701806
1,1537,413.779587
1,1538,80.476878
1,1539,206.662279
1,1540,216.685901
1,1541,177.545450
1,1542,249.425891
1,1543,404.323707
1,1544,13.318000
1,1545,25.466858
1,1546,465.252097
1,1547,441.334915
1,1548,66.222571
1,1549,377.333146
1,1550,15.057396
1,1551,367.108228
1,1552,389.177123
1,1553,15.301037
1,1554,118.328543
1,1555,41.778610
1,1556,188.865064
1,1557,200.797874
1,1558,16.084995
1,1559,311.676220
1,1560,195.439797
1,1561,207.925652
1,1562,16.885942
1,1563,201.249749
1,1564,419.957004
1,1565,405.052452
1,1566,235.859800
1,1567,157.121494
1,1568,554.474969
1,1569,127.003012
1,1570,10.999075
1,1571,88.585580
1,1572,170.955305
1,1573,334.646800
1,1574,12.826383
1,1575,292.511755
1,1576,494.762348
1,1577,468.241379
1,1578,102.555511
1,1579,239.611336
1,1580,31.433393
1,1581,177.005028
1,1582,318.131868
1,1583,43.895492
1,1584,250.169699
1,1585,69.645692
1,1586,403.873825
1,1587,192.769891
1,1588,318.327277
1,1589,194.902730
1,1590,176.615177
1,1591,302.547509
1,1592,0.000000
1,1593,139.063917
1,1594,111.380448
1,1595,273.840050
1,1596,19.119442
1,1597,382.703499
1,1598,16.695503
1,1599,396.318912
1,1600,52.691784
1,1601,35.996968
1,1602,265.253407
1,1603,209.267949
1,1604,90.161812
1,1605,129.078459
1,1606,473.658580
1,1607,41.839484
1,1608,370.452629
1,1609,203.459068
1,1610,34.591062
1,1611,275.964935
1,1612,53.134062
1,1613,119.164217
1,1614,377.525775
1,1615,33.732421
1,1616,0.000000
1,1617,391.480989
1,1618,39.119973
1,1619,220.186343
1,1620,80.561008
1,1621,17.932938
1,1622,254.488217
1,1623,252.091100
1,1624,236.950411
1,1625,175.822596
1,1626,204.841883
1,1627,310.451046
1,1628,46.191400
1,1629,568.285792
1,1630,393.998384
1,1631,151.904959
1,1632,244.630446
1,1633,198.891043
1,1634,305.897894
1,1635,91.926841
1,1636,145.495224
1,1637,121.952741
1,1638,337.509094
1,1639,187.182122
1,1640,117.546812
1,1641,302.352692
1,1642,45.995286
1,1643,183.072486
1,1644,38.551904
1,1645,62.608835
1,1646,143.990591
1,1647,117.126034
1,1648,52.472823
1,1649,0.000000
1,1650,85.054938
1,1651,11.547520
1,1652,117.749854
1,1653,0.000000
1,1654,142.571670
1,1655,66.055659
1,1656,171.720470
1,1657,76.657465
1,1658,76.164767
1,1659,281.173153
1,1660,252.256812
1,1661,273.348681
1,1662,293.009187
1,1663,377.875541
1,1664,14.206752
1,1665,545.232868
1,1666,418.898193
1,1667,132.352571
1,1668,60.026851
1,1669,278.568395
1,1670,0.000000
1,1671,408.359109
1,1672,149.660391
1,1673,455.013346
1,1674,319.036795
1,1675,15.248866
1,1676,358.098489
1,1677,299.915589
1,1678,58.351830
1,1679,169.752262
1,1680,42.693167
1,1681,54.486373
1,1682,373.312371
1,1683,77.185348
1,1684,75.907621
1,1685,427.624331
1,1686,99.273397
1,1687,263.635163
1,1688,135.053729
1,1689,75.542080
1,1690,321.716165
1,1691,310.559576
1,1692,119.814173
1,1693,334.121915
1,1694,261.273364
1,1695,83.127037
1,1696,367.144631
1,1697,406.645203
1,1698,166.809561
1,1699,146.656179
1,1700,179.371754
1,1701,147.563920
1,1702,343.105426
1,1703,17.518779
1,1704,225.688042
1,1705,40.354842
1,1706,0.000000
1,1707,211.284469
1,1708,47.435685
1,1709,139.934926
1,1710,199.859225
1,1711,121.181992
1,1712,182.041336
1,1713,94.480480
1,1714,126.986308
1,1715,117.658524
1,1716,111.634163
1,1717,103.380931
1,1718,594.389601
1,1719,162.709426
1,1720,163.284310
1,1721,349.564470
1,1722,695.376516
1,1723,105.762779
1,1724,9.907009
1,1725,88.913619
1,1726,36.904912
1,1727,251.182534
1,1728,113.020093
1,1729,218.878994
1,1730,100.929587
1,1731,210.371291
1,1732,12.609711
1,1733,160.760132
1,1734,131.907602
1,1735,0.000000
1,1736,463.704843
1,1737,97.813139
1,1738,162.436474
1,1739,283.204587
1,1740,144.261244
1,1741,66.964351
1,1742,14.510234
1,1743,156.477995
1,1744,151.419050
1,1745,0.000000
1,1746,187.988177
1,1747,230.152778
1,1748,98.436392
1,1749,147.578101
1,1750,73.091364
1,1751,306.930322
1,1752,111.317003
1,1753,220.807283
1,1754,56.764173
1,1755,240.498667
1,1756,104.412345
1,1757,110.303409
1,1758,168.757371
1,1759,79.737238
1,1760,233.106335
1,1761,89.484778
1,1762,90.095433
1,1763,63.632290
1,1764,233.472702
1,1765,284.537886
1,1766,157.040304
1,1767,266.538692
1,1768,484.046154
1,1769,0.000000
1,1770,356.447639
1,1771,16.027244
1,1772,91.702978
1,1773,175.442066
1,1774,47.548081
1,1775,50.433367
1,1776,204.260556
1,1777,230.735463
1,1778,70.641946
1,1779,164.785421
1,1780,426.588680
1,1781,385.186217
1,1782,137.862897
1,1783,9.360976
1,1784,201.069094
1,1785,185.695071
1,1786,82.690301
1,1787,421.993989
1,1788,234.778712
1,1789,103.275455
1,1790,320.994814
1,1791,69.008459
1,1792,85.855478
1,1793,173.934223
1,1794,442.166389
1,1795,126.766365
1,1796,80.886147
1,1797,343.318288
1,1798,12.875493
1,1799,193.498174
1,1800,252.454116
1,1801,320.747318
1,1802,77.366858
1,1803,181.707626
1,1804,256.804052
1,1805,56.730134
1,1806,78.242893
1,1807,215.170644
1,1808,327.894261
1,1809,58.133859
1,1810,133.825900
1,1811,142.031384
1,1812,112.987391
1,1813,58.727396
1,1814,88.160267
1,1815,318.834066
1,1816,45.578047
1,1817,85.856976
1,1818,231.881416
1,1819,376.371948
1,1820,298.870162
1,1821,197.096611
1,1822,122.178974
1,1823,187.117993
1,1824,263.551264
1,1825,70.600931
1,1826,212.033314
1,1827,98.211551
1,1828,102.759622
1,1829,218.752095
1,1830,132.160281
1,1831,155.678276
1,1832,16.536123
1,1833,326.816209
1,1834,245.803364
1,1835,299.084751
1,1836,200.226216
1,1837,299.051021
1,1838,169.738773
1,1839,305.569710
1,1840,98.420206
1,1841,417.632345
1,1842,195.291493
1,1843,460.348825
1,1844,416.381941
1,1845,163.370554
1,1846,150.447083
1,1847,275.396882
1,1848,525.413034
1,1849,410.798778
1,1850,146.645375
1,1851,202.481623
1,1852,91.010926
1,1853,275.306628
1,1854,125.431808
1,1855,173.952754
1,1856,237.626312
1,1857,42.105506
1,1858,276.712700
1,1859,104.280191
1,1860,335.121321
1,1861,116.235691
1,1862,564.621516
1,1863,231.403736
1,1864,0.000000
1,1865,137.275511
1,1866,194.553490
1,1867,573.393166
1,1868,98.265880
1,1869,246.162238
1,1870,100.466553
1,1871,239.023955
1,1872,89.319371
1,1873,200.999238
1,1874,313.540400
1,1875,77.919173
1,1876,424.015638
1,1877,196.592839
1,1878,285.754340
1,1879,17.286291
1,1880,199.441372
1,1881,246.651447
1,1882,46.898701
1,1883,65.475796
1,1884,480.418191
1,1885,406.507820
1,1886,0.000000
1,1887,283.196056
1,1888,99.430322
1,1889,189.893493
1,1890,16.544877
1,1891,305.012868
1,1892,410.975639
1,1893,18.706602
1,1894,479.629131
1,1895,472.253631
1,1896,161.690239
1,1897,283.522385
1,1898,17.478013
1,1899,325.340436
1,1900,137.161907
1,1901,42.726659
1,1902,98.701386
1,1903,180.422809
1,1904,215.222028
1,1905,445.841089
1,1906,365.239652
1,1907,300.583054
1,1908,93.471917
1,1909,488.456608
1,1910,70.386309
1,1911,258.534134
1,1912,78.665077
1,1913,81.291144
1,1914,183.951646
1,1915,97.372793
1,1916,19.166858
1,1917,340.964438
1,1918,74.376015
1,1919,182.550808
1,1920,1065.740059
1,1921,301.206147
1,1922,155.504744
1,1923,51.628632
1,1924,700.468440
1,1925,227.901081
1,1926,360.238787
1,1927,20.253950
1,1928,570.359928
1,1929,250.602446
1,1930,185.809545
1,1931,163.873169
1,1932,395.309881
1,1933,308.845085
1,1934,128.377833
1,1935,96.659603
1,1936,341.306693
1,1937,295.885147
1,1938,45.014729
1,1939,181.224162
1,1940,234.573046
1,1941,347.359661
1,1942,171.699559
1,1943,196.397329
1,1944,46.691462
1,1945,393.211892
1,1946,40.336817
1,1947,90.266877
1,1948,259.814636
1,1949,41.289756
1,1950,247.404693
1,1951,335.903879
1,1952,12.858020
1,1953,215.923819
1,1954,122.766400
1,1955,29.181600
1,1956,115.846469
1,1957,135.291927
1,1958,225.370763
1,1959,75.399013
1,1960,630.094069
1,1961,272.354694
1,1962,73.454720
1,1963,438.782007
1,1964,183.152763
1,1965,98.635218
1,1966,66.881022
1,1967,154.742241
1,1968,179.754104
1,1969,278.237868
1,1970,219.824494
1,1971,94.259838
1,1972,226.560775
1,1973,148.850094
1,1974,0.000000
1,1975,141.095114
1,1976,139.244349
1,1977,282.519025
1,1978,95.440972
1,1979,522.136399
1,1980,232.164418
1,1981,18.865590
1,1982,141.270726
1,1983,62.527656
1,1984,280.357656
1,1985,287.376174
1,1986,477.832001
1,1987,354.802373
1,1988,86.002282
1,1989,239.923113
1,1990,6.436647
1,1991,489.284858
1,1992,19.530464
1,1993,232.203943
1,1994,199.410056
1,1995,177.406704
1,1996,96.709878
1,1997,267.909634
1,1998,480.798894
1,1999,46.276707
1,2000,38.345744
1,2001,318.787491
1,2002,20.163141
1,2003,305.061027
1,2004,246.543786
1,2005,43.643740
1,2006,490.585000
1,2007,19.820838
1,2008,434.482593
1,2009,232.486147
1,2010,163.868813
1,2011,51.168559
1,2012,273.164369
1,2013,7.414152
1,2014,423.669717
1,2015,86.175251
1,2016,227.463394
1,2017,272.615459
1,2018,21.704576
1,2019,544.930938
1,2020,61.085208
1,2021,265.845345
1,2022,258.159409
1,2023,59.681902
1,2024,489.022545
1,2025,20.894038
1,2026,204.716032
1,2027,279.772143
1,2028,116.305452
1,2029,170.442025
1,2030,211.144930
1,2031,84.632818
1,2032,76.051866
1,2033,183.054484
1,2034,237.183910
1,2035,129.813653
1,2036,88.326518
1,2037,46.494524
1,2038,182.375886
1,2039,260.276520
1,2040,187.588232
1,2041,358.184100
1,2042,103.558508
1,2043,340.439380
1,2044,390.747225
1,2045,315.905382
1,2046,294.107065
1,2047,71.046673
1,2048,244.146616
1,2049,217.414550
1,2050,214.657932
1,2051,49.106681
1,2052,363.596767
1,2053,122.087977
1,2054,302.449130
1,2055,253.642394
1,2056,204.438261
1,2057,95.382842
1,2058,134.908737
1,2059,371.369702
1,2060,205.667846
1,2061,17.775509
1,2062,244.413115
1,2063,19.652748
1,2064,325.914610
1,2065,451.961033
1,2066,73.034209
1,2067,345.448785
1,2068,20.352696
1,2069,330.628885
1,2070,98.358747
1,2071,325.073044
1,2072,77.887899
1,2073,391.773330
1,2074,65.299397
1,2075,160.123323
1,2076,142.478770
1,2077,171.896015
1,2078,123.625731
1,2079,339.161727
1,2080,18.664076
1,2081,318.824112
1,2082,201.337536
1,2083,413.783796
1,2084,179.484890
1,2085,235.725017
1,2086,159.929335
1,2087,93.270115
1,2088,190.200921
1,2089,445.694426
1,2090,199.819614
1,2091,549.926008
1,2092,71.412836
1,2093,231.411250
1,2094,500.000749
1,2095,121.779847
1,2096,127.021356
1,2097,168.418702
1,2098,56.187447
1,2099,253.422943
1,2100,96.855514
1,2101,280.335593
1,2102,186.518332
1,2103,449.258514
1,2104,61.987449
1,2105,218.252088
1,2106,21.048509
1,2107,104.166870
1,2108,125.435935
1,2109,51.369640
1,2110,77.404965
1,2111,202.848664
1,2112,7.058446
1,2113,112.769970
1,2114,227.118045
1,2115,98.240889
1,2116,111.764415
1,2117,261.342516
1,2118,258.554750
1,2119,20.265990
1,2120,303.047234
1,2121,35.978274
1,2122,174.864673
1,2123,81.942044
1,2124,178.834724
1,2125,371.871154
1,2126,309.963892
1,2127,20.841192
1,2128,51.379683
1,2129,55.696564
1,2130,357.068954
1,2131,20.493553
1,2132,568.096512
1,2133,57.395289
1,2134,384.896285
1,2135,154.873286
1,2136,329.006410
1,2137,122.282543
1,2138,253.299483
1,2139,326.910833
1,2140,68.106065
1,2141,129.933603
1,2142,441.235071
1,2143,225.253722
1,2144,360.272194
1,2145,191.731720
1,2146,283.006711
1,2147,49.330427
1,2148,389.608701
1,2149,173.385321
1,2150,367.181883
1,2151,0.000000
1,2152,236.609656
1,2153,37.502185
1,2154,17.106220
1,2155,102.298247
1,2156,53.130016
1,2157,52.484794
1,2158,169.246753
1,2159,146.665808
1,2160,16.800091
1,2161,243.921692
1,2162,16.809687
1,2163,236.054904
1,2164,28.247755
1,2165,240.324852
1,2166,405.396825
1,2167,123.111546
1,2168,33.750902
1,2169,309.015215
1,2170,346.296835
1,2171,254.145959
1,2172,352.320408
1,2173,104.459862
1,2174,274.292080
1,2175,117.435788
1,2176,118.395323
1,2177,322.662168
1,2178,17.997761
1,2179,301.553982
1,2180,335.390845
1,2181,310.357702
1,2182,19.585146
1,2183,73.630019
1,2184,18.205628
1,2185,322.848832
1,2186,119.707576
1,2187,315.906376
1,2188,774.815637
1,2189,218.600748
1,2190,273.733628
1,2191,88.946406
1,2192,221.821066
1,2193,268.901767
1,2194,325.790435
1,2195,52.443962
1,2196,158.560590
1,2197,56.053297
1,2198,18.421391
1,2199,290.960924
1,2200,66.479470
1,2201,333.607692
1,2202,147.051332
1,2203,404.163544
1,2204,59.091698
1,2205,123.903957
1,2206,268.739123
1,2207,557.612538
1,2208,396.102620
1,2209,71.093025
1,2210,148.826982
1,2211,297.529765
1,2212,259.555869
1,2213,87.239363
1,2214,389.166706
1,2215,261.646026
1,2216,20.983063
1,2217,1096.238462
1,2218,129.098627
1,2219,122.533174
1,2220,536.335651
1,2221,297.169758
1,2222,399.597869
1,2223,19.056888
1,2224,312.421038
1,2225,196.669085
1,2226,301.277532
1,2227,92.060896
1,2228,129.028101
1,2229,183.283861
1,2230,287.179266
1,2231,333.910811
1,2232,278.575296
1,2233,48.016957
1,2234,140.328391
1,2235,114.763362
1,2236,147.990143
1,2237,113.301484
1,2238,247.219408
1,2239,58.120873
1,2240,155.578975
1,2241,70.617775
1,2242,136.295719
1,2243,15.286145
1,2244,156.733533
1,2245,164.275137
1,2246,16.061011
1,2247,354.359720
1,2248,138.074768
1,2249,108.709885
1,2250,316.713853
1,2251,25.640963
1,2252,276.030120
1,2253,218.861860
1,2254,188.716695
1,2255,288.592512
1,2256,65.707040
1,2257,154.506019
1,2258,102.249056
1,2259,417.599416
1,2260,281.687186
1,2261,159.739871
1,2262,49.056354
1,2263,154.206721
1,2264,129.124921
1,2265,195.157329
1,2266,89.505293
1,2267,46.493206
1,2268,150.759906
1,2269,110.831761
1,2270,0.000000
1,2271,275.439438
1,2272,148.021704
1,2273,124.358476
1,2274,107.054227
1,2275,220.435365
1,2276,198.229606
1,2277,119.817088
1,2278,0.000000
1,2279,298.429258
1,2280,82.030161
1,2281,526.541812
1,2282,44.906253
1,2283,271.533545
1,2284,17.339054
1,2285,49.904917
1,2286,238.339646
1,2287,160.840117
1,2288,18.150029
1,2289,91.596271
1,2290,42.739122
1,2291,125.094196
1,2292,90.822424
1,2293,30.106205
1,2294,79.655995
1,2295,208.795596
1,2296,168.105476
1,2297,41.088342
1,2298,276.914970
1,2299,169.065389
1,2300,470.670088
1,2301,48.577864
1,2302,640.939654
1,2303,109.596374
1,2304,427.495967
1,2305,72.200049
1,2306,148.586746
1,2307,137.298209
1,2308,375.209179
1,2309,94.404669
1,2310,48.125558
1,2311,339.461872
1,2312,62.710406
1,2313,357.284251
1,2314,64.037811
1,2315,162.837239
1,2316,161.983028
1,2317,17.425079
1,2318,174.357540
1,2319,118.296597
1,2320,247.355383
1,2321,231.329152
1,2322,349.884784
1,2323,364.865153
1,2324,448.280251
1,2325,17.578121
1,2326,312.071616
1,2327,17.959198
1,2328,310.465757
1,2329,48.956104
1,2330,233.265200
1,2331,122.378801
1,2332,393.748886
1,2333,18.746918
1,2334,178.499734
1,2335,288.361415
1,2336,23.218657
1,2337,575.143924
1,2338,799.151080
1,2339,707.346524
1,2340,0.000000
1,2341,419.940111
1,2342,409.242157
1,2343,524.813150
1,2344,52.861453
1,2345,449.967773
1,2346,315.911803
1,2347,182.095044
1,2348,20.455290
1,2349,394.560530
1,2350,371.801589
1,2351,250.721533
1,2352,44.371720
1,2353,344.986922
1,2354,20.666228
1,2355,346.779127
1,2356,444.358897
1,2357,255.324409
1,2358,485.748814
1,2359,103.781563
1,2360,431.491519
1,2361,497.087395
1,2362,73.757573
1,2363,504.266635
1,2364,901.488197
1,2365,522.488066
1,2366,622.738084
1,2367,325.006229
1,2368,108.856227
1,2369,232.698998
1,2370,161.561300
1,2371,146.512081
1,2372,202.882732
1,2373,199.583766
1,2374,82.516506
1,2375,276.619715
1,2376,189.645085
1,2377,75.274214
1,2378,304.798391
1,2379,267.501743
1,2380,151.649643
1,2381,275.858724
1,2382,390.366770
1,2383,233.315986
1,2384,68.546117
1,2385,121.806134
1,2386,61.387044
1,2387,268.162162
1,2388,16.017968
1,2389,408.626402
1,2390,84.280794
1,2391,79.645474
1,2392,18.516729
1,2393,344.077687
1,2394,57.684975
1,2395,56.499184
1,2396,113.988764
1,2397,236.209224
1,2398,827.965749
1,2399,646.321498
1,2400,56.623669
1,2401,732.471979
1,2402,97.030104
1,2403,92.993970
1,2404,169.724947
1,2405,488.058774
1,2406,156.984618
1,2407,754.097527
1,2408,50.304434
1,2409,375.566586
1,2410,198.148509
1,2411,333.673942
1,2412,147.971952
1,2413,127.601919
1,2414,72.647291
1,2415,531.513508
1,2416,217.397252
1,2417,556.638370
1,2418,117.039308
1,2419,135.557882
1,2420,256.860980
1,2421,296.720844
1,2422,66.885338
1,2423,161.256553
1,2424,330.376215
1,2425,6.907180
1,2426,304.652599
1,2427,201.308727
1,2428,248.910856
1,2429,187.822871
1,2430,109.191632
1,2431,248.525567
1,2432,236.229475
1,2433,128.118884
1,2434,431.983095
1,2435,77.081952
1,2436,138.068735
1,2437,408.340778
1,2438,50.252949
1,2439,248.991038
1,2440,391.807868
1,2441,536.569540
1,2442,368.576780
1,2443,248.670327
1,2444,258.338158
1,2445,42.722546
1,2446,177.134287
1,2447,326.447628
1,2448,35.113684
1,2449,429.165151
1,2450,15.362188
1,2451,460.191060
1,2452,157.789744
1,2453,326.440606
1,2454,16.563931
1,2455,150.007503
1,2456,207.335155
1,2457,548.931159
1,2458,375.474397
1,2459,321.016531
1,2460,52.728459
1,2461,444.869159
1,2462,42.886229
1,2463,480.407436
1,2464,479.154694
1,2465,142.471351
1,2466,82.831306
1,2467,223.548043
1,2468,190.941280
1,2469,278.857584
1,2470,18.758259
1,2471,328.967612
1,2472,536.297656
1,2473,59.568516
1,2474,122.622493
1,2475,240.229935
1,2476,0.000000
1,2477,587.640839
1,2478,527.396605
1,2479,18.844759
1,2480,783.241574
1,2481,655.934636
1,2482,407.199542
1,2483,87.588942
1,2484,125.034990
1,2485,326.961969
1,2486,415.596965
1,2487,456.624802
1,2488,98.424577
1,2489,554.554877
1,2490,585.665807
1,2491,83.827637
1,2492,512.032764
1,2493,351.622365
1,2494,69.497162
1,2495,370.345119
1,2496,315.305839
1,2497,155.148930
1,2498,190.685536
1,2499,146.849245
1,2500,306.431253
1,2501,20.295482
1,2502,518.409093
1,2503,311.948872
1,2504,189.090855
1,2505,445.013144
1,2506,99.857718
1,2507,500.692452
1,2508,206.540430
1,2509,7.225224
1,2510,301.395005
1,2511,429.700376
1,2512,54.323378
1,2513,252.600407
1,2514,190.495794
1,2515,260.663028
1,2516,109.726649
1,2517,66.525071
1,2518,380.013433
1,2519,485.834222
1,2520,420.613220
1,2521,174.079120
1,2522,331.290742
1,2523,154.872892
1,2524,247.812443
1,2525,422.297155
1,2526,322.492602
1,2527,93.501545
1,2528,291.720679
1,2529,158.223277
1,2530,43.017756
1,2531,152.822505
1,2532,62.114142
1,2533,176.607272
1,2534,302.372738
1,2535,358.986101
1,2536,32.645607
1,2537,323.709742
1,2538,301.651576
1,2539,476.427492
1,2540,268.759171
1,2541,58.446269
1,2542,407.663938
1,2543,136.294291
1,2544,588.027140
1,2545,34.748960
1,2546,437.381195
1,2547,462.595479
1,2548,187.188201
1,2549,200.219246
1,2550,222.820885
1,2551,16.010459
1,2552,293.373914
1,2553,276.092821
1,2554,99.057692
1,2555,443.690269
1,2556,631.540753
1,2557,183.679420
1,2558,543.195041
1,2559,364.941910
1,2560,214.976214
1,2561,371.890632
1,2562,73.053106
1,2563,330.273358
1,2564,118.392429
1,2565,415.399446
1,2566,0.000000
1,2567,466.405721
1,2568,236.526859
1,2569,18.679381
1,2570,241.268930
1,2571,71.767837
1,2572,319.536261
1,2573,305.211331
1,2574,205.162119
1,2575,147.904576
1,2576,129.015032
1,2577,101.382747
1,2578,328.686855
1,2579,341.754802
1,2580,400.410661
1,2581,504.166038
1,2582,442.772307
1,2583,121.252487
1,2584,335.218766
1,2585,137.520536
1,2586,114.447802
1,2587,198.362051
1,2588,102.611124
1,2589,448.187338
1,2590,428.041408
1,2591,389.614577
1,2592,52.194959
1,2593,532.374732
1,2594,233.327139
1,2595,61.339797
1,2596,222.969224
1,2597,701.896284
1,2598,80.231853
1,2599,523.933099
1,2600,52.836930
1,2601,387.236102
1,2602,89.658318
1,2603,427.827513
1,2604,415.344772
1,2605,259.425335
1,2606,133.897692
1,2607,365.500847
1,2608,277.726490
1,2609,380.563348
1,2610,428.290919
1,2611,217.342008
1,2612,480.658148
1,2613,66.761102
1,2614,360.941321
1,2615,327.413122
1,2616,98.014780
1,2617,248.964186
1,2618,299.912104
1,2619,383.596587
1,2620,119.887229
1,2621,786.166222
1,2622,520.868100
1,2623,54.616045
1,2624,46.315160
1,2625,305.859798
1,2626,53.501588
1,2627,41.701806
1,2628,413.779587
1,2629,80.476878
1,2630,206.662279
1,2631,216.685901
1,2632,177.545450
1,2633,249.425891
1,2634,404.323707
1,2635,13.318000
1,2636,25.466858
1,2637,465.252097
1,2638,441.334915
1,2639,66.222571
1,2640,377.333146
1,2641,15.057396
1,2642,367.108228
1,2643,389.177123
1,2644,15.301037
1,2645,118.328543
1,2646,41.778610
1,2647,188.865064
1,2648,200.797874
1,2649,16.084995
1,2650,311.676220
1,2651,195.439797
1,2652,207.925652
1,2653,16.885942
1,2654,201.249749
1,2655,419.957004
1,2656,405.052452
1,2657,235.859800
1,2658,157.121494
1,2659,554.474969
1,2660,127.003012
1,2661,10.999075
1,2662,88.585580
1,2663,170.955305
1,2664,334.646800
1,2665,12.826383
1,2666,292.511755
1,2667,494.762348
1,2668,468.241379
1,2669,102.555511
1,2670,239.611336
1,2671,31.433393
1,2672,177.005028
1,2673,318.131868
1,2674,43.895492
1,2675,250.169699
1,2676,69.645692
1,2677,403.873825
1,2678,192.769891
1,2679,318.327277
1,2680,194.902730
1,2681,176.615177
1,2682,302.547509
1,2683,0.000000
1,2684,139.063917
1,2685,111.380448
1,2686,273.840050
1,2687,19.119442
1,2688,382.703499
1,2689,16.695503
1,2690,396.318912
1,2691,52.691784
1,2692,35.996968
1,2693,265.253407
1,2694,209.267949
1,2695,90.161812
1,2696,129.078459
1,2697,473.658580
1,2698,41.839484
1,2699,370.452629
1,2700,203.459068
1,2701,34.591062
1,2702,275.964935
1,2703,53.134062
1,2704,119.164217
1,2705,377.525775
1,2706,33.732421
1,2707,0.000000
1,2708,391.480989
1,2709,39.119973
1,2710,220.186343
1,2711,80.561008
1,2712,17.932938
1,2713,254.488217
1,2714,252.091100
1,2715,236.950411
1,2716,175.822596
1,2717,204.841883
1,2718,310.451046
1,2719,46.191400
1,2720,568.285792
1,2721,393.998384
1,2722,151.904959
1,2723,244.630446
1,2724,198.891043
1,2725,305.897894
1,2726,91.926841
1,2727,145.495224
1,2728,121.952741
1,2729,337.509094
1,2730,187.182122
1,2731,117.546812
1,2732,302.352692
1,2733,45.995286
1,2734,183.072486
1,2735,38.551904
1,2736,62.608835
1,2737,143.990591
1,2738,117.126034
1,2739,52.472823
1,2740,0.000000
1,2741,85.054938
1,2742,11.547520
1,2743,117.749854
1,2744,0.000000
1,2745,142.571670
1,2746,66.055659
1,2747,171.720470
1,2748,76.657465
1,2749,76.164767
1,2750,281.173153
1,2751,252.256812
1,2752,273.348681
1,2753,293.009187
1,2754,377.875541
1,2755,14.206752
1,2756,545.232868
1,2757,418.898193
1,2758,132.352571
1,2759,60.026851
1,2760,278.568395
1,2761,0.000000
1,2762,408.359109
1,2763,149.660391
1,2764,455.013346
1,2765,319.036795
1,2766,15.248866
1,2767,358.098489
1,2768,299.915589
1,2769,58.351830
1,2770,169.752262
1,2771,42.693167
1,2772,54.486373
1,2773,373.312371
1,2774,77.185348
1,2775,75.907621
1,2776,427.624331
1,2777,99.273397
1,2778,263.635163
1,2779,135.053729
1,2780,75.542080
1,2781,321.716165
1,2782,310.559576
1,2783,119.814173
1,2784,334.121915
1,2785,261.273364
1,2786,83.127037
1,2787,367.144631
1,2788,406.645203
1,2789,166.809561
1,2790,146.656179
1,2791,179.371754
1,2792,147.563920
1,2793,343.105426
1,2794,17.518779
1,2795,225.688042
1,2796,40.354842
1,2797,0.000000
1,2798,211.284469
1,2799,47.435685
1,2800,139.934926
1,2801,199.859225
1,2802,121.181992
1,2803,182.041336
1,2804,94.480480
1,2805,126.986308
1,2806,117.658524
1,2807,111.634163
1,2808,103.380931
1,2809,594.389601
1,2810,162.709426
1,2811,163.284310
1,2812,349.564470
1,2813,695.376516
1,2814,105.762779
1,2815,9.907009
1,2816,88.913619
1,2817,36.904912
1,2818,251.182534
1,2819,113.020093
1,2820,218.878994
1,2821,100.929587
1,2822,210.371291
1,2823,12.609711
1,2824,160.760132
1,2825,131.907602
1,2826,0.000000
1,2827,463.704843
1,2828,97.813139
1,2829,162.436474
1,2830,283.204587
1,2831,144.261244
1,2832,66.964351
1,2833,14.510234
1,2834,156.477995
1,2835,151.419050
1,2836,0.000000
1,2837,187.988177
1,2838,230.152778
1,2839,98.436392
1,2840,147.578101
1,2841,73.091364
1,2842,306.930322
1,2843,111.317003
1,2844,220.807283
1,2845,56.764173
1,2846,240.498667
1,2847,104.412345
1,2848,110.303409
1,2849,168.757371
1,2850,79.737238
1,2851,233.106335
1,2852,89.484778
1,2853,90.095433
1,2854,63.632290
1,2855,233.472702
1,2856,284.537886
1,2857,157.040304
1,2858,266.538692
1,2859,484.046154
1,2860,0.000000
1,2861,356.447639
1,2862,16.027244
1,2863,91.702978
1,2864,175.442066
1,2865,47.548081
1,2866,50.433367
1,2867,204.260556
1,2868,230.735463
1,2869,70.641946
1,2870,164.785421
1,2871,426.588680
1,2872,385.186217
1,2873,137.862897
1,2874,9.360976
1,2875,201.069094
1,2876,185.695071
1,2877,82.690301
1,2878,421.993989
1,2879,234.778712
1,2880,103.275455
1,2881,320.994814
1,2882,69.008459
1,2883,85.855478
1,2884,173.934223
1,2885,442.166389
1,2886,126.766365
1,2887,80.886147
1,2888,343.318288
1,2889,12.875493
1,2890,193.498174
1,2891,252.454116
1,2892,320.747318
1,2893,77.366858
1,2894,181.707626
1,2895,256.804052
1,2896,56.730134
1,2897,78.242893
1,2898,215.170644
1,2899,327.894261
1,2900,58.133859
1,2901,133.825900
1,2902,142.031384
1,2903,112.987391
1,2904,58.727396
1,2905,88.160267
1,2906,318.834066
1,2907,45.578047
1,2908,85.856976
1,2909,231.881416
1,2910,376.371948
1,2911,298.870162
1,2912,197.096611
1,2913,122.178974
1,2914,187.117993
1,2915,263.551264
1,2916,70.600931
1,2917,212.033314
1,2918,98.211551
1,2919,102.759622
1,2920,218.752095
1,2921,132.160281
1,2922,155.678276
1,2923,16.536123
1,2924,326.816209
1,2925,245.803364
1,2926,299.084751
1,2927,200.226216
1,2928,299.051021
1,2929,169.738773
1,2930,305.569710
1,2931,98.420206
1,2932,417.632345
1,2933,195.291493
1,2934,460.348825
1,2935,416.381941
1,2936,163.370554
1,2937,150.447083
1,2938,275.396882
1,2939,525.413034
1,2940,410.798778
1,2941,146.645375
1,2942,202.481623
1,2943,91.010926
1,2944,275.306628
1,2945,125.431808
1,2946,173.952754
1,2947,237.626312
1,2948,42.105506
1,2949,276.712700
1,2950,104.280191
1,2951,335.121321
1,2952,116.235691
1,2953,564.621516
1,2954,231.403736
1,2955,0.000000
1,2956,137.275511
1,2957,194.553490
1,2958,573.393166
1,2959,98.265880
1,2960,246.162238
1,2961,100.466553
1,2962,239.023955
1,2963,89.319371
1,2964,200.999238
1,2965,313.540400
1,2966,77.919173
1,2967,424.015638
1,2968,196.592839
1,2969,285.754340
1,2970,17.286291
1,2971,199.441372
1,2972,246.651447
1,2973,46.898701
1,2974,65.475796
1,2975,480.418191
1,2976,294.517673
1,2977,98.420278
1,2978,32.654375
1,2979,0.000000
1,2980,307.798316
1,2981,44.596907
1,2982,147.835382
1,2983,139.937634
1,2984,167.074880
1,2985,146.243459
1,2986,131.090013
1,2987,29.857095
1,2988,61.638338
1,2989,169.934031
1,2990,14.615521
1,2991,178.495611
1,2992,116.699974
1,2993,148.876481
1,2994,155.402774
1,2995,345.557027
1,2996,101.341924
1,2997,164.728173
1,2998,136.518984
1,2999,237.165430
1,3000,129.668186
1,3001,41.476699
1,3002,112.282527
1,3003,82.704520
1,3004,56.085053
1,3005,0.000000
1,3006,206.571520
1,3007,16.445280
1,3008,66.665849
1,3009,277.335076
1,3010,0.000000
1,3011,346.653692
1,3012,167.503023
1,3013,166.580597
1,3014,51.094076
1,3015,44.550023
1,3016,49.175665
1,3017,250.289324
1,3018,73.069155
1,3019,133.067439
1,3020,241.190281
1,3021,80.045251
1,3022,7.611633
1,3023,153.518092
1,3024,79.248856
1,3025,121.147257
1,3026,85.975517
1,3027,152.896710
1,3028,80.054605
1,3029,44.888814
1,3030,135.696499
1,3031,100.740313
1,3032,125.171255
1,3033,45.731832
1,3034,81.065834
1,3035,302.406560
1,3036,17.589188
1,3037,146.660484
1,3038,17.636293
1,3039,205.609973
1,3040,69.772714
1,3041,78.779699
1,3042,17.694608
1,3043,90.535712
1,3044,95.942656
1,3045,175.948237
1,3046,18.153628
1,3047,97.605560
1,3048,54.425086
1,3049,156.612759
1,3050,99.398931
1,3051,116.255272
1,3052,31.687906
1,3053,95.794423
1,3054,37.863076
1,3055,256.692623
1,3056,46.236284
1,3057,341.545436
1,3058,239.577865
1,3059,219.613697
1,3060,98.541502
1,3061,109.770170
1,3062,30.933488
1,3063,179.190376
1,3064,199.065377
1,3065,204.062190
1,3066,222.160813
1,3067,68.629391
1,3068,20.144068
1,3069,247.013159
1,3070,631.071673
1,3071,604.188925
1,3072,436.728088
1,3073,463.455773
1,3074,292.409872
1,3075,6.354080
1,3076,300.856669
1,3077,107.246086
1,3078,256.714176
1,3079,172.618528
1,3080,289.332859
1,3081,206.460113
1,3082,52.443286
1,3083,189.044818
1,3084,47.879421
1,3085,177.131133
1,3086,324.188473
1,3087,109.806961
1,3088,398.604970
1,3089,70.835168
1,3090,304.768513
1,3091,645.066627
1,3092,226.215009
1,3093,264.968121
1,3094,212.741685
1,3095,130.870837
1,3096,144.977974
1,3097,10.267903
1,3098,95.344032
1,3099,153.756242
1,3100,436.085665
1,3101,152.238686
1,3102,385.628367
1,3103,121.466207
1,3104,23.126896
1,3105,156.957200
1,3106,126.552290
1,3107,10.678794
1,3108,198.603712
1,3109,10.723595
1,3110,45.379764
1,3111,11.294907
1,3112,71.074068
1,3113,149.955775
1,3114,199.989153
1,3115,210.751287
1,3116,172.315757
1,3117,164.719451
1,3118,21.997442
1,3119,223.611705
1,3120,100.215822
1,3121,130.274212
1,3122,11.408601
1,3123,180.253516
1,3124,0.000000
1,3125,151.779558
1,3126,87.847167
1,3127,11.424137
1,3128,99.164809
1,3129,89.289384
1,3130,144.295546
1,3131,177.319864
1,3132,168.385530
1,3133,229.712678
1,3134,206.864658
1,3135,13.016596
1,3136,75.751722
1,3137,108.985121
1,3138,84.242269
1,3139,138.692465
1,3140,62.748330
1,3141,16.864205
1,3142,189.421659
1,3143,0.000000
1,3144,250.580219
1,3145,128.963015
1,3146,93.942973
1,3147,173.882140
1,3148,323.423618
1,3149,7.574412
1,3150,123.704218
1,3151,18.497290
1,3152,135.405283
1,3153,8.506290
1,3154,138.364181
1,3155,115.377706
1,3156,184.631504
1,3157,151.402255
1,3158,57.624087
1,3159,227.559416
1,3160,331.717180
1,3161,258.730341
1,3162,269.488401
1,3163,208.476727
1,3164,49.791683
1,3165,83.382481
1,3166,36.244229
1,3167,89.855359
1,3168,132.562615
1,3169,9.926154
1,3170,30.118831
1,3171,146.114675
1,3172,52.450130
1,3173,52.154475
1,3174,9.843755
1,3175,710.303077
1,3176,38.054343
1,3177,184.117514
1,3178,89.610036
1,3179,83.406335
1,3180,10.631255
1,3181,64.861131
1,3182,97.316372
1,3183,164.169092
1,3184,10.716688
1,3185,38.319698
1,3186,95.750700
1,3187,10.464081
1,3188,226.778400
1,3189,54.238208
1,3190,133.059201
1,3191,436.613023
1,3192,11.072641
1,3193,141.265303
1,3194,10.725902
1,3195,89.284962
1,3196,164.050792
1,3197,177.767443
1,3198,223.292181
1,3199,203.982328
1,3200,204.189491
1,3201,58.368122
1,3202,279.447248
1,3203,10.912454
1,3204,32.482984
1,3205,92.485136
1,3206,79.647788
1,3207,65.982089
1,3208,55.894839
1,3209,188.798434
1,3210,76.366497
1,3211,11.933495
1,3212,66.668101
1,3213,81.366891
1,3214,80.840695
1,3215,23.100081
1,3216,11.164103
1,3217,143.959637
1,3218,65.125664
1,3219,72.544733
1,3220,106.798270
1,3221,143.498844
1,3222,80.912071
1,3223,117.639066
1,3224,22.483866
1,3225,31.503190
1,3226,12.079646
1,3227,75.612595
1,3228,11.890259
1,3229,115.624504
1,3230,11.519928
1,3231,45.936744
1,3232,106.779002
1,3233,205.175081
1,3234,163.995696
1,3235,106.094083
1,3236,72.685569
1,3237,98.178135
1,3238,42.133834
1,3239,182.744325
1,3240,89.584568
1,3241,141.262066
1,3242,72.231611
1,3243,504.921826
1,3244,194.133591
1,3245,123.757950
1,3246,274.644567
1,3247,77.908770
1,3248,398.840380
1,3249,215.059956
1,3250,154.909050
1,3251,62.561671
1,3252,6.460751
1,3253,134.248228
1,3254,6.993780
1,3255,105.210933
1,3256,235.229273
1,3257,160.992272
1,3258,6.837815
1,3259,146.764181
1,3260,158.333787
1,3261,269.497611
1,3262,167.959212
1,3263,163.181091
1,3264,18.528132
1,3265,50.329496
1,3266,104.680303
1,3267,211.767201
1,3268,127.029544
1,3269,191.316778
1,3270,109.972736
1,3271,136.578398
1,3272,102.875383
1,3273,88.294392
1,3274,310.240041
1,3275,65.581431
1,3276,198.326390
1,3277,291.196934
1,3278,193.549907
1,3279,217.165851
1,3280,104.755160
1,3281,9.308195
1,3282,43.345441
1,3283,221.338836
1,3284,78.271608
1,3285,43.497872
1,3286,252.339111
1,3287,167.912882
1,3288,102.586268
1,3289,134.666779
1,3290,57.447367
1,3291,223.992000
1,3292,117.818016
1,3293,97.368214
1,3294,10.499218
1,3295,30.526583
1,3296,122.685999
1,3297,144.374361
1,3298,152.479682
1,3299,68.499575
1,3300,225.571643
1,3301,113.323546
1,3302,328.779980
1,3303,435.010072
1,3304,295.107038
1,3305,9.710399
1,3306,0.000000
1,3307,160.509360
1,3308,41.830242
1,3309,80.338443
1,3310,134.055194
1,3311,238.135536
1,3312,99.444201
1,3313,182.195250
1,3314,212.430446
1,3315,142.590980
1,3316,0.000000
1,3317,127.310140
1,3318,89.083402
1,3319,47.677751
1,3320,62.496817
1,3321,41.104386
1,3322,56.119748
1,3323,173.001201
1,3324,53.699736
1,3325,71.025442
1,3326,68.964305
1,3327,70.642954
1,3328,111.640470
1,3329,18.361945
1,3330,169.083766
1,3331,152.551443
1,3332,7.534694
1,3333,108.502070
1,3334,7.403310
1,3335,28.797005
1,3336,0.000000
1,3337,18.737992
1,3338,246.242901
1,3339,257.053833
1,3340,107.590152
1,3341,142.255943
1,3342,102.544644
1,3343,55.038672
1,3344,155.724221
1,3345,102.049403
1,3346,58.234950
1,3347,163.947582
1,3348,115.157894
1,3349,144.699499
1,3350,128.264210
1,3351,156.385416
1,3352,50.901149
1,3353,292.162543
1,3354,64.523328
1,3355,175.162428
1,3356,8.976252
1,3357,110.768040
1,3358,50.715542
1,3359,130.844096
1,3360,8.999844
1,3361,37.277190
1,3362,680.186444
1,3363,808.087872
1,3364,255.349211
1,3365,178.709803
1,3366,0.000000
1,3367,182.494408
1,3368,216.307360
1,3369,248.140845
1,3370,181.595669
1,3371,126.960088
1,3372,10.174571
1,3373,68.448934
1,3374,253.666883
1,3375,164.332959
1,3376,286.579851
1,3377,430.428880
1,3378,575.520741
1,3379,338.118299
1,3380,290.167963
1,3381,15.307205
1,3382,277.542920
1,3383,121.679480
1,3384,551.933522
1,3385,459.805246
1,3386,353.871270
1,3387,393.819719
1,3388,43.589863
1,3389,252.123379
1,3390,229.045527
1,3391,326.350896
1,3392,418.177358
1,3393,163.929840
1,3394,149.720315
1,3395,364.183097
1,3396,0.000000
1,3397,119.485185
1,3398,320.440374
1,3399,163.865988
1,3400,165.978380
1,3401,145.787292
1,3402,163.054435
1,3403,250.955613
1,3404,78.684152
1,3405,88.587026
1,3406,317.461219
1,3407,64.061823
1,3408,274.331271
1,3409,287.863859
1,3410,35.758794
1,3411,200.748325
1,3412,15.719859
1,3413,67.151982
1,3414,111.004164
1,3415,126.236853
1,3416,211.863345
1,3417,35.529612
1,3418,262.064352
1,3419,34.656566
1,3420,189.973793
1,3421,284.308877
1,3422,32.551303
1,3423,102.690707
1,3424,386.593920
1,3425,293.615091
1,3426,11.521533
1,3427,503.749631
1,3428,308.579742
1,3429,411.969768
1,3430,11.740152
1,3431,166.880677
1,3432,37.037775
1,3433,254.349446
1,3434,120.885842
1,3435,270.390996
1,3436,154.854852
1,3437,276.120857
1,3438,209.701617
1,3439,518.409265
1,3440,276.450490
1,3441,440.660207
1,3442,255.846847
1,3443,321.160865
1,3444,13.250484
1,3445,71.985599
1,3446,107.762446
1,3447,267.254321
1,3448,418.797760
1,3449,40.640134
1,3450,137.740342
1,3451,47.302367
1,3452,66.159012
1,3453,117.249283
1,3454,130.257766
1,3455,14.803814
1,3456,151.041714
1,3457,44.864264
1,3458,134.768233
1,3459,41.861273
1,3460,74.378358
1,3461,319.671094
1,3462,207.156400
1,3463,296.837079
1,3464,443.885737
1,3465,51.659946
1,3466,109.918203
1,3467,122.789495
1,3468,230.713811
1,3469,10.640687
1,3470,355.904080
1,3471,55.228793
1,3472,68.283330
1,3473,220.885508
1,3474,89.398098
1,3475,110.650626
1,3476,236.090234
1,3477,88.300922
1,3478,84.337873
1,3479,160.914266
1,3480,0.000000
1,3481,227.190468
1,3482,41.524998
1,3483,229.437436
1,3484,396.298772
1,3485,253.647263
1,3486,223.974068
1,3487,138.038172
1,3488,154.139090
1,3489,189.546261
1,3490,142.866157
1,3491,265.703662
1,3492,205.214378
1,3493,191.019598
1,3494,93.730890
1,3495,153.818628
1,3496,230.868477
1,3497,207.402721
1,3498,68.370209
1,3499,41.060451
1,3500,135.455338
1,3501,76.413752
1,3502,478.605711
1,3503,108.298758
1,3504,166.555949
1,3505,187.318541
1,3506,123.931228
1,3507,14.111870
1,3508,298.739030
1,3509,39.254165
1,3510,199.342681
1,3511,41.667620
1,3512,174.621207
1,3513,213.832637
1,3514,8.747140
1,3515,107.518980
1,3516,232.621338
1,3517,223.145741
1,3518,232.082795
1,3519,71.131360
1,3520,191.034183
1,3521,213.611605
1,3522,282.874304
1,3523,346.978755
1,3524,0.000000
1,3525,158.730267
1,3526,224.714866
1,3527,11.396835
1,3528,150.508255
1,3529,10.918058
1,3530,77.959982
1,3531,152.220497
1,3532,41.181418
1,3533,216.565137
1,3534,46.300002
1,3535,113.057254
1,3536,137.310756
1,3537,133.198246
1,3538,32.384595
1,3539,185.027882
1,3540,103.250462
1,3541,234.566874
1,3542,54.871761
1,3543,182.062723
1,3544,387.965843
1,3545,48.163688
1,3546,356.871513
1,3547,358.147079
1,3548,140.393165
1,3549,489.047850
1,3550,61.058770
1,3551,199.259072
1,3552,294.466869
1,3553,443.404527
1,3554,235.076471
1,3555,168.344712
1,3556,108.378051
1,3557,173.930789
1,3558,186.287245
1,3559,58.160453
1,3560,497.107905
1,3561,47.477863
1,3562,14.058734
1,3563,467.074816
1,3564,365.695268
1,3565,135.156340
1,3566,289.102242
1,3567,214.292478
1,3568,646.498447
1,3569,33.316977
1,3570,267.462833
1,3571,95.090899
1,3572,225.823401
1,3573,165.539808
1,3574,149.860648
1,3575,104.277483
1,3576,181.476571
1,3577,63.786275
1,3578,266.182932
1,3579,169.611183
1,3580,326.284055
1,3581,150.566793
1,3582,344.631558
1,3583,317.190897
1,3584,214.612761
1,3585,15.304159
1,3586,207.245973
1,3587,173.486595
1,3588,268.919368
1,3589,224.771466
1,3590,14.937952
1,3591,198.566562
1,3592,244.155284
1,3593,171.982252
1,3594,346.237227
1,3595,342.674918
1,3596,176.886872
1,3597,210.984673
1,3598,249.743736
1,3599,64.217879
1,3600,232.704196
1,3601,115.534903
1,3602,148.441536
1,3603,182.080546
1,3604,7.410222
1,3605,93.025039
1,3606,196.595187
1,3607,134.483586
1,3608,101.417402
1,3609,52.782373
1,3610,0.000000
1,3611,9.990822
1,3612,137.490961
1,3613,227.042525
1,3614,154.364470
1,3615,45.115742
1,3616,84.087664
1,3617,54.345487
1,3618,94.984540
1,3619,24.334414
1,3620,44.667131
1,3621,0.000000
1,3622,40.165813
1,3623,96.481583
1,3624,76.450868
1,3625,40.106302
1,3626,60.137742
1,3627,0.000000
1,3628,177.491255
1,3629,173.983577
1,3630,100.695266
1,3631,141.269758
1,3632,41.446749
1,3633,70.313461
1,3634,69.890312
1,3635,155.266859
1,3636,150.817378
1,3637,0.000000
1,3638,161.522799
1,3639,191.179916
1,3640,13.046323
1,3641,64.348930
1,3642,12.562240
1,3643,50.059043
1,3644,0.000000
1,3645,90.651642
1,3646,12.589734
1,3647,24.860071
1,3648,159.011359
1,3649,167.058870
1,3650,43.850253
1,3651,103.075785
1,3652,44.756588
1,3653,96.910267
1,3654,13.798786
1,3655,127.045313
1,3656,50.430410
1,3657,41.474711
1,3658,81.499186
1,3659,24.635721
1,3660,133.865987
1,3661,138.995323
1,3662,36.002709
1,3663,155.343516
1,3664,151.509604
1,3665,204.196659
1,3666,151.660556
1,3667,26.799008
1,3668,90.913861
1,3669,27.175865
1,3670,174.165344
1,3671,256.103230
1,3672,139.530657
1,3673,14.184218
1,3674,137.522607
1,3675,13.477146
1,3676,108.856126
1,3677,127.449343
1,3678,76.383667
1,3679,149.952590
1,3680,14.459367
1,3681,193.918784
1,3682,1222.172326
1,3683,166.933363
1,3684,44.739909
1,3685,99.541863
1,3686,77.220686
1,3687,65.867012
1,3688,170.337961
1,3689,10.688637
1,3690,39.027251
1,3691,71.784191
1,3692,175.998855
1,3693,189.011464
1,3694,253.332479
1,3695,269.141152
1,3696,72.028680
1,3697,257.674861
1,3698,225.191420
1,3699,33.533933
1,3700,131.568104
1,3701,265.243238
1,3702,0.000000
1,3703,215.771520
1,3704,340.986222
1,3705,0.000000
1,3706,280.142463
1,3707,622.183818
1,3708,390.557233
1,3709,199.699491
1,3710,158.806316
1,3711,57.288921
1,3712,190.492970
1,3713,65.849233
1,3714,260.504115
1,3715,180.682401
1,3716,252.666759
1,3717,224.336193
1,3718,370.622044
1,3719,158.465373
1,3720,43.848438
1,3721,144.672885
1,3722,10.214312
1,3723,165.813572
1,3724,82.705483
1,3725,11.099253
1,3726,39.050805
1,3727,10.680942
1,3728,70.221012
1,3729,91.724478
1,3730,58.157594
1,3731,68.486004
1,3732,45.083998
1,3733,97.886998
1,3734,63.911397
1,3735,271.177170
1,3736,11.103623
1,3737,231.069722
1,3738,240.660971
1,3739,0.000000
1,3740,75.905516
1,3741,106.313972
1,3742,37.729088
1,3743,87.821082
1,3744,75.383600
1,3745,167.036521
1,3746,75.823416
1,3747,110.335198
1,3748,145.874853
1,3749,23.683051
1,3750,56.550301
1,3751,101.380552
1,3752,187.749123
1,3753,92.203998
1,3754,12.331565
1,3755,79.819934
1,3756,30.936542
1,3757,96.454984
1,3758,136.300429
1,3759,12.861522
1,3760,90.834298
1,3761,12.115562
1,3762,59.174756
1,3763,13.360529
1,3764,227.470956
1,3765,12.439187
1,3766,24.159824
1,3767,159.512175
1,3768,168.023436
1,3769,192.725840
1,3770,161.983028
1,3771,17.425079
1,3772,174.357540
1,3773,118.296597
1,3774,247.355383
1,3775,231.329152
1,3776,349.884784
1,3777,364.865153
1,3778,448.280251
1,3779,17.578121
1,3780,312.071616
1,3781,17.959198
1,3782,310.465757
1,3783,48.956104
1,3784,233.265200
1,3785,122.378801
1,3786,393.748886
1,3787,18.746918
1,3788,178.499734
1,3789,288.361415
1,3790,23.218657
1,3791,575.143924
1,3792,799.151080
1,3793,707.346524
1,3794,0.000000
1,3795,419.940111
1,3796,409.242157
1,3797,524.813150
1,3798,52.861453
1,3799,449.967773
1,3800,315.911803
1,3801,182.095044
1,3802,20.455290
1,3803,394.560530
1,3804,371.801589
1,3805,250.721533
1,3806,44.371720
1,3807,344.986922
1,3808,20.666228
1,3809,346.779127
1,3810,444.358897
1,3811,255.324409
1,3812,485.748814
1,3813,103.781563
1,3814,431.491519
1,3815,497.087395
1,3816,73.757573
1,3817,504.266635
1,3818,901.488197
1,3819,522.488066
1,3820,622.738084
1,3821,325.006229
1,3822,108.856227
1,3823,232.698998
1,3824,161.561300
1,3825,146.512081
1,3826,202.882732
1,3827,199.583766
1,3828,82.516506
1,3829,276.619715
1,3830,189.645085
1,3831,75.274214
1,3832,304.798391
1,3833,267.501743
1,3834,151.649643
1,3835,275.858724
1,3836,390.366770
1,3837,233.315986
1,3838,68.546117
1,3839,121.806134
1,3840,61.387044
1,3841,268.162162
1,3842,16.017968
1,3843,408.626402
1,3844,84.280794
1,3845,79.645474
1,3846,18.516729
1,3847,344.077687
1,3848,57.684975
1,3849,56.499184
1,3850,113.988764
1,3851,236.209224
1,3852,827.965749
1,3853,646.321498
1,3854,56.623669
1,3855,732.471979
1,3856,97.030104
1,3857,92.993970
1,3858,169.724947
1,3859,488.058774
1,3860,156.984618
1,3861,754.097527
1,3862,50.304434
1,3863,375.566586
1,3864,198.148509
1,3865,333.673942
1,3866,147.971952
1,3867,127.601919
1,3868,72.647291
1,3869,531.513508
1,3870,217.397252
1,3871,556.638370
1,3872,117.039308
1,3873,135.557882
1,3874,256.860980
1,3875,296.720844
1,3876,66.885338
1,3877,161.256553
1,3878,330.376215
1,3879,6.907180
1,3880,304.652599
1,3881,201.308727
1,3882,248.910856
1,3883,187.822871
1,3884,109.191632
1,3885,248.525567
1,3886,236.229475
1,3887,128.118884
1,3888,431.983095
1,3889,77.081952
1,3890,138.068735
1,3891,408.340778
1,3892,50.252949
1,3893,248.991038
1,3894,391.807868
1,3895,536.569540
1,3896,368.576780
1,3897,248.670327
1,3898,258.338158
1,3899,42.722546
1,3900,177.134287
1,3901,326.447628
1,3902,35.113684
1,3903,429.165151
1,3904,15.362188
1,3905,460.191060
1,3906,157.789744
1,3907,326.440606
1,3908,16.563931
1,3909,150.007503
1,3910,207.335155
1,3911,548.931159
1,3912,375.474397
1,3913,321.016531
1,3914,52.728459
1,3915,444.869159
1,3916,42.886229
1,3917,480.407436
1,3918,479.154694
1,3919,142.471351
1,3920,82.831306
1,3921,223.548043
1,3922,190.941280
1,3923,278.857584
1,3924,18.758259
1,3925,328.967612
1,3926,536.297656
1,3927,59.568516
1,3928,122.622493
1,3929,240.229935
1,3930,0.000000
1,3931,587.640839
1,3932,527.396605
1,3933,18.844759
1,3934,783.241574
1,3935,655.934636
1,3936,407.199542
1,3937,87.588942
1,3938,125.034990
1,3939,326.961969
1,3940,415.596965
1,3941,456.624802
1,3942,98.424577
1,3943,554.554877
1,3944,585.665807
1,3945,83.827637
1,3946,512.032764
1,3947,351.622365
1,3948,69.497162
1,3949,370.345119
1,3950,315.305839
1,3951,155.148930
1,3952,190.685536
1,3953,146.849245
1,3954,306.431253
1,3955,20.295482
1,3956,518.409093
1,3957,311.948872
1,3958,189.090855
1,3959,445.013144
1,3960,99.857718
1,3961,500.692452
1,3962,206.540430
1,3963,7.225224
1,3964,301.395005
1,3965,429.700376
1,3966,54.323378
1,3967,252.600407
1,3968,190.495794
1,3969,260.663028
1,3970,109.726649
1,3971,66.525071
1,3972,380.013433
1,3973,485.834222
1,3974,420.613220
1,3975,174.079120
1,3976,331.290742
1,3977,154.872892
1,3978,247.812443
1,3979,422.297155
1,3980,322.492602
1,3981,93.501545
1,3982,291.720679
1,3983,158.223277
1,3984,43.017756
1,3985,152.822505
1,3986,62.114142
1,3987,176.607272
1,3988,302.372738
1,3989,358.986101
1,3990,32.645607
1,3991,323.709742
1,3992,301.651576
1,3993,476.427492
1,3994,268.759171
1,3995,58.446269
1,3996,407.663938
1,3997,136.294291
1,3998,588.027140
1,3999,34.748960
1,4000,437.381195
1,4001,462.595479
1,4002,187.188201
1,4003,200.219246
1,4004,222.820885
1,4005,16.010459
1,4006,293.373914
1,4007,276.092821
1,4008,99.057692
1,4009,443.690269
1,4010,631.540753
1,4011,183.679420
1,4012,543.195041
1,4013,364.941910
1,4014,214.976214
1,4015,371.890632
1,4016,73.053106
1,4017,330.273358
1,4018,118.392429
1,4019,415.399446
1,4020,0.000000
1,4021,466.405721
1,4022,236.526859
1,4023,18.679381
1,4024,241.268930
1,4025,71.767837
1,4026,319.536261
1,4027,305.211331
1,4028,205.162119
1,4029,147.904576
1,4030,129.015032
1,4031,101.382747
1,4032,328.686855
1,4033,341.754802
1,4034,400.410661
1,4035,504.166038
1,4036,442.772307
1,4037,121.252487
1,4038,335.218766
1,4039,137.520536
1,4040,114.447802
1,4041,198.362051
1,4042,102.611124
1,4043,448.187338
1,4044,428.041408
1,4045,389.614577
1,4046,52.194959
1,4047,532.374732
1,4048,233.327139
1,4049,61.339797
1,4050,222.969224
1,4051,701.896284
1,4052,80.231853
1,4053,523.933099
1,4054,52.836930
1,4055,387.236102
1,4056,89.658318
1,4057,427.827513
1,4058,415.344772
1,4059,259.425335
1,4060,133.897692
1,4061,365.500847
1,4062,277.726490
1,4063,380.563348
1,4064,428.290919
1,4065,217.342008
1,4066,480.658148
1,4067,66.761102
1,4068,360.941321
1,4069,327.413122
1,4070,98.014780
1,4071,248.964186
1,4072,299.912104
1,4073,383.596587
1,4074,119.887229
1,4075,786.166222
1,4076,520.868100
1,4077,54.616045
1,4078,46.315160
1,4079,305.859798
1,4080,53.501588
1,4081,41.701806
1,4082,413.779587
1,4083,80.476878
1,4084,206.662279
1,4085,216.685901
1,4086,177.545450
1,4087,249.425891
1,4088,404.323707
1,4089,13.318000
1,4090,25.466858
1,4091,465.252097
1,4092,441.334915
1,4093,66.222571
1,4094,377.333146
1,4095,15.057396
1,4096,367.108228
1,4097,389.177123
1,4098,15.301037
1,4099,118.328543
1,4100,41.778610
1,4101,188.865064
1,4102,200.797874
1,4103,16.084995
1,4104,311.676220
1,4105,195.439797
1,4106,207.925652
1,4107,16.885942
1,4108,201.249749
1,4109,419.957004
1,4110,405.052452
1,4111,235.859800
1,4112,157.121494
1,4113,554.474969
1,4114,127.003012
1,4115,10.999075
1,4116,88.585580
1,4117,170.955305
1,4118,334.646800
1,4119,12.826383
1,4120,292.511755
1,4121,494.762348
1,4122,468.241379
1,4123,102.555511
1,4124,239.611336
1,4125,31.433393
1,4126,177.005028
1,4127,318.131868
1,4128,43.895492
1,4129,250.169699
1,4130,69.645692
1,4131,403.873825
1,4132,192.769891
1,4133,318.327277
1,4134,194.902730
1,4135,176.615177
1,4136,302.547509
1,4137,0.000000
1,4138,139.063917
1,4139,111.380448
1,4140,273.840050
1,4141,19.119442
1,4142,382.703499
1,4143,16.695503
1,4144,396.318912
1,4145,52.691784
1,4146,35.996968
1,4147,265.253407
1,4148,209.267949
1,4149,90.161812
1,4150,129.078459
1,4151,473.658580
1,4152,41.839484
1,4153,370.452629
1,4154,203.459068
1,4155,34.591062
1,4156,275.964935
1,4157,53.134062
1,4158,119.164217
1,4159,377.525775
1,4160,33.732421
1,4161,0.000000
1,4162,391.480989
1,4163,39.119973
1,4164,220.186343
1,4165,80.561008
1,4166,17.932938
1,4167,254.488217
1,4168,252.091100
1,4169,236.950411
1,4170,175.822596
1,4171,204.841883
1,4172,310.451046
1,4173,46.191400
1,4174,568.285792
1,4175,393.998384
1,4176,151.904959
1,4177,244.630446
1,4178,198.891043
1,4179,305.897894
1,4180,91.926841
1,4181,145.495224
1,4182,121.952741
1,4183,337.509094
1,4184,187.182122
1,4185,117.546812
1,4186,302.352692
1,4187,45.995286
1,4188,183.072486
1,4189,38.551904
1,4190,62.608835
1,4191,143.990591
1,4192,117.126034
1,4193,52.472823
1,4194,0.000000
1,4195,85.054938
1,4196,11.547520
1,4197,117.749854
1,4198,0.000000
1,4199,142.571670
1,4200,66.055659
1,4201,171.720470
1,4202,76.657465
1,4203,76.164767
1,4204,281.173153
1,4205,252.256812
1,4206,273.348681
1,4207,293.009187
1,4208,377.875541
1,4209,14.206752
1,4210,545.232868
1,4211,418.898193
1,4212,132.352571
1,4213,60.026851
1,4214,278.568395
1,4215,0.000000
1,4216,408.359109
1,4217,149.660391
1,4218,455.013346
1,4219,319.036795
1,4220,15.248866
1,4221,358.098489
1,4222,299.915589
1,4223,58.351830
1,4224,169.752262
1,4225,42.693167
1,4226,54.486373
1,4227,373.312371
1,4228,77.185348
1,4229,75.907621
1,4230,427.624331
1,4231,99.273397
1,4232,263.635163
1,4233,135.053729
1,4234,75.542080
1,4235,321.716165
1,4236,310.559576
1,4237,119.814173
1,4238,334.121915
1,4239,261.273364
1,4240,83.127037
1,4241,367.144631
1,4242,406.645203
1,4243,166.809561
1,4244,146.656179
1,4245,179.371754
1,4246,147.563920
1,4247,343.105426
1,4248,17.518779
1,4249,225.688042
1,4250,40.354842
1,4251,0.000000
1,4252,211.284469
1,4253,47.435685
1,4254,139.934926
1,4255,199.859225
1,4256,121.181992
1,4257,182.041336
1,4258,94.480480
1,4259,126.986308
1,4260,117.658524
1,4261,111.634163
1,4262,103.380931
1,4263,594.389601
1,4264,162.709426
1,4265,163.284310
1,4266,349.564470
1,4267,695.376516
1,4268,105.762779
1,4269,9.907009
1,4270,88.913619
1,4271,36.904912
1,4272,251.182534
1,4273,113.020093
1,4274,218.878994
1,4275,100.929587
1,4276,210.371291
1,4277,12.609711
1,4278,160.760132
1,4279,131.907602
1,4280,0.000000
1,4281,463.704843
1,4282,97.813139
1,4283,162.436474
1,4284,283.204587
1,4285,144.261244
1,4286,66.964351
1,4287,14.510234
1,4288,156.477995
1,4289,151.419050
1,4290,0.000000
1,4291,187.988177
1,4292,230.152778
1,4293,98.436392
1,4294,147.578101
1,4295,73.091364
1,4296,306.930322
1,4297,111.317003
1,4298,220.807283
1,4299,56.764173
1,4300,240.498667
1,4301,104.412345
1,4302,110.303409
1,4303,168.757371
1,4304,79.737238
1,4305,233.106335
1,4306,89.484778
1,4307,90.095433
1,4308,63.632290
1,4309,233.472702
1,4310,284.537886
1,4311,157.040304
1,4312,266.538692
1,4313,484.046154
1,4314,0.000000
1,4315,356.447639
1,4316,16.027244
1,4317,91.702978
1,4318,175.442066
1,4319,47.548081
1,4320,50.433367
1,4321,204.260556
1,4322,230.735463
1,4323,70.641946
1,4324,164.785421
1,4325,426.588680
1,4326,385.186217
1,4327,137.862897
1,4328,9.360976
1,4329,201.069094
1,4330,185.695071
1,4331,82.690301
1,4332,421.993989
1,4333,234.778712
1,4334,103.275455
1,4335,320.994814
1,4336,69.008459
1,4337,85.855478
1,4338,173.934223
1,4339,442.166389
1,4340,126.766365
1,4341,80.886147
1,4342,343.318288
1,4343,12.875493
1,4344,193.498174
1,4345,252.454116
1,4346,320.747318
1,4347,77.366858
1,4348,181.707626
1,4349,256.804052
1,4350,56.730134
1,4351,78.242893
1,4352,215.170644
1,4353,327.894261
1,4354,58.133859
1,4355,133.825900
1,4356,142.031384
1,4357,112.987391
1,4358,58.727396
1,4359,88.160267
1,4360,318.834066
1,4361,45.578047
1,4362,85.856976
1,4363,231.881416
1,4364,376.371948
1,4365,298.870162
1,4366,197.096611
1,4367,122.178974
1,4368,187.117993
1,4369,263.551264
1,4370,70.600931
1,4371,212.033314
1,4372,98.211551
1,4373,102.759622
1,4374,218.752095
1,4375,132.160281
1,4376,155.678276
1,4377,16.536123
1,4378,326.816209
1,4379,245.803364
1,4380,299.084751
1,4381,200.226216
1,4382,299.051021
1,4383,169.738773
1,4384,305.569710
1,4385,98.420206
1,4386,417.632345
1,4387,195.291493
1,4388,460.348825
1,4389,416.381941
1,4390,163.370554
1,4391,150.447083
1,4392,275.396882
1,4393,525.413034
1,4394,410.798778
1,4395,146.645375
1,4396,202.481623
1,4397,91.010926
1,4398,275.306628
1,4399,125.431808
1,4400,173.952754
1,4401,237.626312
1,4402,42.105506
1,4403,276.712700
1,4404,104.280191
1,4405,335.121321
1,4406,116.235691
1,4407,564.621516
1,4408,231.403736
1,4409,0.000000
1,4410,137.275511
1,4411,194.553490
1,4412,573.393166
1,4413,98.265880
1,4414,246.162238
1,4415,100.466553
1,4416,239.023955
1,4417,89.319371
1,4418,200.999238
1,4419,313.540400
1,4420,77.919173
1,4421,424.015638
1,4422,196.592839
1,4423,285.754340
1,4424,17.286291
1,4425,199.441372
1,4426,246.651447
1,4427,46.898701
1,4428,65.475796
1,4429,480.418191
1,4430,294.517673
1,4431,98.420278
1,4432,32.654375
1,4433,0.000000
1,4434,307.798316
1,4435,44.596907
1,4436,147.835382
1,4437,139.937634
1,4438,167.074880
1,4439,146.243459
1,4440,131.090013
1,4441,29.857095
1,4442,61.638338
1,4443,169.934031
1,4444,14.615521
1,4445,178.495611
1,4446,116.699974
1,4447,148.876481
1,4448,155.402774
1,4449,345.557027
1,4450,101.341924
1,4451,164.728173
1,4452,136.518984
1,4453,237.165430
1,4454,129.668186
1,4455,41.476699
1,4456,112.282527
1,4457,82.704520
1,4458,56.085053
1,4459,0.000000
1,4460,206.571520
1,4461,16.445280
1,4462,66.665849
1,4463,277.335076
1,4464,0.000000
1,4465,346.653692
1,4466,167.503023
1,4467,166.580597
1,4468,51.094076
1,4469,44.550023
1,4470,49.175665
1,4471,250.289324
1,4472,73.069155
1,4473,133.067439
1,4474,241.190281
1,4475,80.045251
1,4476,7.611633
1,4477,153.518092
1,4478,79.248856
1,4479,121.147257
1,4480,85.975517
1,4481,152.896710
1,4482,80.054605
1,4483,44.888814
1,4484,135.696499
1,4485,100.740313
1,4486,125.171255
1,4487,45.731832
1,4488,81.065834
1,4489,302.406560
1,4490,17.589188
1,4491,146.660484
1,4492,17.636293
1,4493,205.609973
1,4494,69.772714
1,4495,78.779699
1,4496,17.694608
1,4497,90.535712
1,4498,95.942656
1,4499,175.948237
1,4500,18.153628
1,4501,97.605560
1,4502,54.425086
1,4503,156.612759
1,4504,99.398931
1,4505,116.255272
1,4506,31.687906
1,4507,95.794423
1,4508,37.863076
1,4509,256.692623
1,4510,46.236284
1,4511,341.545436
1,4512,239.577865
1,4513,219.613697
1,4514,98.541502
1,4515,109.770170
1,4516,30.933488
1,4517,179.190376
1,4518,199.065377
1,4519,204.062190
1,4520,222.160813
1,4521,68.629391
1,4522,20.144068
1,4523,247.013159
1,4524,631.071673
1,4525,604.188925
1,4526,436.728088
1,4527,463.455773
1,4528,292.409872
1,4529,6.354080
1,4530,300.856669
1,4531,107.246086
1,4532,256.714176
1,4533,172.618528
1,4534,289.332859
1,4535,206.460113
1,4536,52.443286
1,4537,189.044818
1,4538,47.879421
1,4539,177.131133
1,4540,324.188473
1,4541,109.806961
1,4542,398.604970
1,4543,70.835168
1,4544,304.768513
1,4545,645.066627
1,4546,226.215009
1,4547,264.968121
1,4548,212.741685
1,4549,130.870837
1,4550,144.977974
1,4551,10.267903
1,4552,95.344032
1,4553,153.756242
1,4554,436.085665
1,4555,152.238686
1,4556,385.628367
1,4557,121.466207
1,4558,23.126896
1,4559,156.957200
1,4560,126.552290
1,4561,10.678794
1,4562,198.603712
1,4563,10.723595
1,4564,45.379764
1,4565,11.294907
1,4566,71.074068
1,4567,149.955775
1,4568,199.989153
1,4569,210.751287
1,4570,172.315757
1,4571,164.719451
1,4572,21.997442
1,4573,223.611705
1,4574,100.215822
1,4575,130.274212
1,4576,11.408601
1,4577,180.253516
1,4578,0.000000
1,4579,151.779558
1,4580,87.847167
1,4581,11.424137
1,4582,99.164809
1,4583,89.289384
1,4584,144.295546
1,4585,177.319864
1,4586,168.385530
1,4587,229.712678
1,4588,206.864658
1,4589,13.016596
1,4590,75.751722
1,4591,108.985121
1,4592,84.242269
1,4593,138.692465
1,4594,62.748330
1,4595,16.864205
1,4596,189.421659
1,4597,0.000000
1,4598,250.580219
1,4599,128.963015
1,4600,93.942973
1,4601,173.882140
1,4602,323.423618
1,4603,7.574412
1,4604,123.704218
1,4605,18.497290
1,4606,135.405283
1,4607,8.506290
1,4608,138.364181
1,4609,115.377706
1,4610,184.631504
1,4611,151.402255
1,4612,57.624087
1,4613,227.559416
1,4614,331.717180
1,4615,258.730341
1,4616,269.488401
1,4617,208.476727
1,4618,49.791683
1,4619,83.382481
1,4620,36.244229
1,4621,89.855359
1,4622,132.562615
1,4623,9.926154
1,4624,30.118831
1,4625,146.114675
1,4626,52.450130
1,4627,52.154475
1,4628,9.843755
1,4629,710.303077
1,4630,38.054343
1,4631,184.117514
1,4632,89.610036
1,4633,83.406335
1,4634,10.631255
1,4635,64.861131
1,4636,97.316372
1,4637,164.169092
1,4638,10.716688
1,4639,38.319698
1,4640,95.750700
1,4641,10.464081
1,4642,226.778400
1,4643,54.238208
1,4644,133.059201
1,4645,436.613023
1,4646,11.072641
1,4647,141.265303
1,4648,10.725902
1,4649,89.284962
1,4650,164.050792
1,4651,177.767443
1,4652,223.292181
1,4653,203.982328
1,4654,204.189491
1,4655,58.368122
1,4656,279.447248
1,4657,10.912454
1,4658,32.482984
1,4659,92.485136
1,4660,79.647788
1,4661,65.982089
1,4662,55.894839
1,4663,188.798434
1,4664,76.366497
1,4665,11.933495
1,4666,66.668101
1,4667,81.366891
1,4668,80.840695
1,4669,23.100081
1,4670,11.164103
1,4671,143.959637
1,4672,65.125664
1,4673,72.544733
1,4674,106.798270
1,4675,143.498844
1,4676,80.912071
1,4677,117.639066
1,4678,22.483866
1,4679,31.503190
1,4680,12.079646
1,4681,75.612595
1,4682,11.890259
1,4683,115.624504
1,4684,11.519928
1,4685,45.936744
1,4686,106.779002
1,4687,205.175081
1,4688,163.995696
1,4689,106.094083
1,4690,72.685569
1,4691,98.178135
1,4692,42.133834
1,4693,182.744325
1,4694,89.584568
1,4695,141.262066
1,4696,72.231611
1,4697,504.921826
1,4698,194.133591
1,4699,123.757950
1,4700,274.644567
1,4701,77.908770
1,4702,398.840380
1,4703,215.059956
1,4704,154.909050
1,4705,62.561671
1,4706,6.460751
1,4707,134.248228
1,4708,6.993780
1,4709,105.210933
1,4710,235.229273
1,4711,160.992272
1,4712,6.837815
1,4713,146.764181
1,4714,158.333787
1,4715,269.497611
1,4716,167.959212
1,4717,163.181091
1,4718,18.528132
1,4719,50.329496
1,4720,104.680303
1,4721,211.767201
1,4722,127.029544
1,4723,191.316778
1,4724,109.972736
1,4725,136.578398
1,4726,102.875383
1,4727,88.294392
1,4728,310.240041
1,4729,65.581431
1,4730,198.326390
1,4731,291.196934
1,4732,193.549907
1,4733,217.165851
1,4734,104.755160
1,4735,9.308195
1,4736,43.345441
1,4737,221.338836
1,4738,78.271608
1,4739,43.497872
1,4740,252.339111
1,4741,167.912882
1,4742,102.586268
1,4743,134.666779
1,4744,57.447367
1,4745,223.992000
1,4746,117.818016
1,4747,97.368214
1,4748,10.499218
1,4749,30.526583
1,4750,122.685999
1,4751,144.374361
1,4752,152.479682
1,4753,68.499575
1,4754,225.571643
1,4755,113.323546
1,4756,328.779980
1,4757,435.010072
1,4758,295.107038
1,4759,9.710399
1,4760,0.000000
1,4761,160.509360
1,4762,41.830242
1,4763,80.338443
1,4764,134.055194
1,4765,238.135536
1,4766,99.444201
1,4767,182.195250
1,4768,212.430446
1,4769,142.590980
1,4770,0.000000
1,4771,127.310140
1,4772,89.083402
1,4773,47.677751
1,4774,62.496817
1,4775,41.104386
1,4776,56.119748
1,4777,173.001201
1,4778,53.699736
1,4779,71.025442
1,4780,68.964305
1,4781,70.642954
1,4782,111.640470
1,4783,18.361945
1,4784,169.083766
1,4785,152.551443
1,4786,7.534694
1,4787,108.502070
1,4788,7.403310
1,4789,28.797005
1,4790,0.000000
1,4791,18.737992
1,4792,246.242901
1,4793,257.053833
1,4794,107.590152
1,4795,142.255943
1,4796,102.544644
1,4797,55.038672
1,4798,155.724221
1,4799,102.049403
1,4800,58.234950
1,4801,163.947582
1,4802,115.157894
1,4803,144.699499
1,4804,128.264210
1,4805,156.385416
1,4806,50.901149
1,4807,292.162543
1,4808,64.523328
1,4809,175.162428
1,4810,8.976252
1,4811,110.768040
1,4812,50.715542
1,4813,130.844096
1,4814,8.999844
1,4815,37.277190
1,4816,680.186444
1,4817,808.087872
1,4818,255.349211
1,4819,178.709803
1,4820,0.000000
1,4821,182.494408
1,4822,216.307360
1,4823,248.140845
1,4824,181.595669
1,4825,126.960088
1,4826,10.174571
1,4827,68.448934
1,4828,253.666883
1,4829,164.332959
1,4830,286.579851
1,4831,430.428880
1,4832,575.520741
1,4833,338.118299
1,4834,290.167963
1,4835,15.307205
1,4836,277.542920
1,4837,121.679480
1,4838,551.933522
1,4839,459.805246
1,4840,353.871270
1,4841,393.819719
1,4842,43.589863
1,4843,252.123379
1,4844,229.045527
1,4845,326.350896
1,4846,418.177358
1,4847,163.929840
1,4848,149.720315
1,4849,364.183097
1,4850,0.000000
1,4851,119.485185
1,4852,320.440374
1,4853,163.865988
1,4854,165.978380
1,4855,145.787292
1,4856,163.054435
1,4857,250.955613
1,4858,78.684152
1,4859,88.587026
1,4860,317.461219
1,4861,64.061823
1,4862,274.331271
1,4863,287.863859
1,4864,35.758794
1,4865,200.748325
1,4866,15.719859
1,4867,67.151982
1,4868,111.004164
1,4869,126.236853
1,4870,211.863345
1,4871,35.529612
1,4872,262.064352
1,4873,34.656566
1,4874,189.973793
1,4875,284.308877
1,4876,32.551303
1,4877,102.690707
1,4878,386.593920
1,4879,293.615091
1,4880,11.521533
1,4881,503.749631
1,4882,308.579742
1,4883,411.969768
1,4884,11.740152
1,4885,166.880677
1,4886,37.037775
1,4887,254.349446
1,4888,120.885842
1,4889,270.390996
1,4890,154.854852
1,4891,276.120857
1,4892,209.701617
1,4893,518.409265
1,4894,276.450490
1,4895,440.660207
1,4896,255.846847
1,4897,321.160865
1,4898,13.250484
1,4899,71.985599
1,4900,107.762446
1,4901,267.254321
1,4902,418.797760
1,4903,40.640134
1,4904,137.740342
1,4905,47.302367
1,4906,66.159012
1,4907,117.249283
1,4908,130.257766
1,4909,14.803814
1,4910,151.041714
1,4911,44.864264
1,4912,134.768233
1,4913,41.861273
1,4914,74.378358
1,4915,319.671094
1,4916,207.156400
1,4917,296.837079
1,4918,443.885737
1,4919,51.659946
1,4920,109.918203
1,4921,122.789495
1,4922,230.713811
1,4923,10.640687
1,4924,355.904080
1,4925,55.228793
1,4926,68.283330
1,4927,220.885508
1,4928,89.398098
1,4929,110.650626
1,4930,236.090234
1,4931,88.300922
1,4932,84.337873
1,4933,160.914266
1,4934,0.000000
1,4935,227.190468
1,4936,41.524998
1,4937,229.437436
1,4938,396.298772
1,4939,253.647263
1,4940,223.974068
1,4941,138.038172
1,4942,154.139090
1,4943,189.546261
1,4944,142.866157
1,4945,265.703662
1,4946,205.214378
1,4947,191.019598
1,4948,93.730890
1,4949,153.818628
1,4950,230.868477
1,4951,207.402721
1,4952,68.370209
1,4953,41.060451
1,4954,135.455338
1,4955,76.413752
1,4956,478.605711
1,4957,108.298758
1,4958,166.555949
1,4959,187.318541
1,4960,123.931228
1,4961,14.111870
1,4962,298.739030
1,4963,39.254165
1,4964,199.342681
1,4965,41.667620
1,4966,174.621207
1,4967,213.832637
1,4968,8.747140
1,4969,107.518980
1,4970,232.621338
1,4971,223.145741
1,4972,232.082795
1,4973,71.131360
1,4974,191.034183
1,4975,213.611605
1,4976,282.874304
1,4977,346.978755
1,4978,0.000000
1,4979,158.730267
1,4980,224.714866
1,4981,11.396835
1,4982,150.508255
1,4983,10.918058
1,4984,77.959982
1,4985,152.220497
1,4986,41.181418
1,4987,216.565137
1,4988,46.300002
1,4989,113.057254
1,4990,137.310756
1,4991,133.198246
1,4992,32.384595
1,4993,185.027882
1,4994,103.250462
1,4995,234.566874
1,4996,54.871761
1,4997,182.062723
1,4998,387.965843
1,4999,48.163688
1,5000,356.871513
1,5001,358.147079
1,5002,140.393165
1,5003,489.047850
1,5004,61.058770
1,5005,199.259072
1,5006,294.466869
1,5007,443.404527
1,5008,235.076471
1,5009,168.344712
1,5010,108.378051
1,5011,173.930789
1,5012,186.287245
1,5013,58.160453
1,5014,497.107905
1,5015,47.477863
1,5016,14.058734
1,5017,467.074816
1,5018,365.695268
1,5019,135.156340
1,5020,289.102242
1,5021,214.292478
1,5022,646.498447
1,5023,33.316977
1,5024,267.462833
1,5025,95.090899
1,5026,225.823401
1,5027,165.539808
1,5028,149.860648
1,5029,104.277483
1,5030,181.476571
1,5031,63.786275
1,5032,266.182932
1,5033,169.611183
1,5034,326.284055
1,5035,150.566793
1,5036,344.631558
1,5037,317.190897
1,5038,214.612761
1,5039,15.304159
1,5040,207.245973
1,5041,173.486595
1,5042,268.919368
1,5043,224.771466
1,5044,14.937952
1,5045,198.566562
1,5046,244.155284
1,5047,171.982252
1,5048,346.237227
1,5049,342.674918
1,5050,176.886872
1,5051,210.984673
1,5052,249.743736
1,5053,64.217879
1,5054,232.704196
1,5055,115.534903
1,5056,148.441536
1,5057,182.080546
1,5058,7.410222
1,5059,93.025039
1,5060,196.595187
1,5061,134.483586
1,5062,101.417402
1,5063,52.782373
1,5064,0.000000
1,5065,9.990822
1,5066,137.490961
1,5067,227.042525
1,5068,154.364470
1,5069,45.115742
1,5070,84.087664
1,5071,54.345487
1,5072,94.984540
1,5073,24.334414
1,5074,44.667131
1,5075,0.000000
1,5076,40.165813
1,5077,96.481583
1,5078,76.450868
1,5079,40.106302
1,5080,60.137742
1,5081,0.000000
1,5082,177.491255
1,5083,173.983577
1,5084,100.695266
1,5085,141.269758
1,5086,41.446749
1,5087,70.313461
1,5088,69.890312
1,5089,155.266859
1,5090,150.817378
1,5091,0.000000
1,5092,161.522799
1,5093,191.179916
1,5094,13.046323
1,5095,64.348930
1,5096,12.562240
1,5097,50.059043
1,5098,0.000000
1,5099,90.651642
1,5100,12.589734
1,5101,24.860071
1,5102,159.011359
1,5103,167.058870
1,5104,43.850253
1,5105,103.075785
1,5106,44.756588
1,5107,96.910267
1,5108,13.798786
1,5109,127.045313
1,5110,50.430410
1,5111,41.474711
1,5112,81.499186
1,5113,24.635721
1,5114,133.865987
1,5115,138.995323
1,5116,36.002709
1,5117,155.343516
1,5118,151.509604
1,5119,204.196659
1,5120,151.660556
1,5121,26.799008
1,5122,90.913861
1,5123,27.175865
1,5124,174.165344
1,5125,256.103230
1,5126,139.530657
1,5127,14.184218
1,5128,137.522607
1,5129,13.477146
1,5130,108.856126
1,5131,127.449343
1,5132,76.383667
1,5133,149.952590
1,5134,14.459367
1,5135,193.918784
1,5136,1222.172326
1,5137,166.933363
1,5138,44.739909
1,5139,99.541863
1,5140,77.220686
1,5141,65.867012
1,5142,170.337961
1,5143,10.688637
1,5144,39.027251
1,5145,71.784191
1,5146,175.998855
1,5147,189.011464
1,5148,253.332479
1,5149,269.141152
1,5150,72.028680
1,5151,257.674861
1,5152,225.191420
1,5153,33.533933
1,5154,131.568104
1,5155,265.243238
1,5156,0.000000
1,5157,215.771520
1,5158,340.986222
1,5159,0.000000
1,5160,280.142463
1,5161,622.183818
1,5162,390.557233
1,5163,199.699491
1,5164,158.806316
1,5165,57.288921
1,5166,190.492970
1,5167,65.849233
1,5168,260.504115
1,5169,180.682401
1,5170,252.666759
1,5171,224.336193
1,5172,370.622044
1,5173,158.465373
1,5174,43.848438
1,5175,144.672885
1,5176,10.214312
1,5177,165.813572
1,5178,82.705483
1,5179,11.099253
1,5180,39.050805
1,5181,10.680942
1,5182,70.221012
1,5183,91.724478
1,5184,58.157594
1,5185,68.486004
1,5186,45.083998
1,5187,97.886998
1,5188,63.911397
1,5189,271.177170
1,5190,11.103623
1,5191,231.069722
1,5192,240.660971
1,5193,0.000000
1,5194,75.905516
1,5195,106.313972
1,5196,37.729088
1,5197,87.821082
1,5198,75.383600
1,5199,167.036521
1,5200,75.823416
1,5201,110.335198
1,5202,145.874853
1,5203,23.683051
1,5204,56.550301
1,5205,101.380552
1,5206,187.749123
1,5207,92.203998
1,5208,12.331565
1,5209,79.819934
1,5210,30.936542
1,5211,96.454984
1,5212,136.300429
1,5213,12.861522
1,5214,90.834298
1,5215,12.115562
1,5216,59.174756
1,5217,13.360529
1,5218,227.470956
1,5219,12.439187
1,5220,24.159824
1,5221,159.512175
1,5222,168.023436
1,5223,192.725840
1,5224,406.507820
1,5225,0.000000
1,5226,283.196056
1,5227,99.430322
1,5228,189.893493
1,5229,16.544877
1,5230,305.012868
1,5231,410.975639
1,5232,18.706602
1,5233,479.629131
1,5234,472.253631
1,5235,161.690239
1,5236,283.522385
1,5237,17.478013
1,5238,325.340436
1,5239,137.161907
1,5240,42.726659
1,5241,98.701386
1,5242,180.422809
1,5243,215.222028
1,5244,445.841089
1,5245,365.239652
1,5246,300.583054
1,5247,93.471917
1,5248,488.456608
1,5249,70.386309
1,5250,258.534134
1,5251,78.665077
1,5252,81.291144
1,5253,183.951646
1,5254,97.372793
1,5255,19.166858
1,5256,340.964438
1,5257,74.376015
1,5258,182.550808
1,5259,1065.740059
1,5260,301.206147
1,5261,155.504744
1,5262,51.628632
1,5263,700.468440
1,5264,227.901081
1,5265,360.238787
1,5266,20.253950
1,5267,570.359928
1,5268,250.602446
1,5269,185.809545
1,5270,163.873169
1,5271,395.309881
1,5272,308.845085
1,5273,128.377833
1,5274,96.659603
1,5275,341.306693
1,5276,295.885147
1,5277,45.014729
1,5278,181.224162
1,5279,234.573046
1,5280,347.359661
1,5281,171.699559
1,5282,196.397329
1,5283,46.691462
1,5284,393.211892
1,5285,40.336817
1,5286,90.266877
1,5287,259.814636
1,5288,41.289756
1,5289,247.404693
1,5290,335.903879
1,5291,12.858020
1,5292,215.923819
1,5293,122.766400
1,5294,29.181600
1,5295,115.846469
1,5296,135.291927
1,5297,225.370763
1,5298,75.399013
1,5299,630.094069
1,5300,272.354694
1,5301,73.454720
1,5302,438.782007
1,5303,183.152763
1,5304,98.635218
1,5305,66.881022
1,5306,154.742241
1,5307,179.754104
1,5308,278.237868
1,5309,219.824494
1,5310,94.259838
1,5311,226.560775
1,5312,148.850094
1,5313,0.000000
1,5314,141.095114
1,5315,139.244349
1,5316,282.519025
1,5317,95.440972
1,5318,522.136399
1,5319,232.164418
1,5320,18.865590
1,5321,141.270726
1,5322,62.527656
1,5323,280.357656
1,5324,287.376174
1,5325,477.832001
1,5326,354.802373
1,5327,86.002282
1,5328,239.923113
1,5329,6.436647
1,5330,489.284858
1,5331,19.530464
1,5332,232.203943
1,5333,199.410056
1,5334,177.406704
1,5335,96.709878
1,5336,267.909634
1,5337,480.798894
1,5338,46.276707
1,5339,38.345744
1,5340,318.787491
1,5341,20.163141
1,5342,305.061027
1,5343,246.543786
1,5344,43.643740
1,5345,490.585000
1,5346,19.820838
1,5347,434.482593
1,5348,232.486147
1,5349,163.868813
1,5350,51.168559
1,5351,273.164369
1,5352,7.414152
1,5353,423.669717
1,5354,86.175251
1,5355,227.463394
1,5356,272.615459
1,5357,21.704576
1,5358,544.930938
1,5359,61.085208
1,5360,265.845345
1,5361,258.159409
1,5362,59.681902
1,5363,489.022545
1,5364,20.894038
1,5365,204.716032
1,5366,279.772143
1,5367,116.305452
1,5368,170.442025
1,5369,211.144930
1,5370,84.632818
1,5371,76.051866
1,5372,183.054484
1,5373,237.183910
1,5374,129.813653
1,5375,88.326518
1,5376,46.494524
1,5377,182.375886
1,5378,260.276520
1,5379,187.588232
1,5380,358.184100
1,5381,103.558508
1,5382,340.439380
1,5383,390.747225
1,5384,315.905382
1,5385,294.107065
1,5386,71.046673
1,5387,244.146616
1,5388,217.414550
1,5389,214.657932
1,5390,49.106681
1,5391,363.596767
1,5392,122.087977
1,5393,302.449130
1,5394,253.642394
1,5395,204.438261
1,5396,95.382842
1,5397,134.908737
1,5398,371.369702
1,5399,205.667846
1,5400,17.775509
1,5401,244.413115
1,5402,19.652748
1,5403,325.914610
1,5404,451.961033
1,5405,73.034209
1,5406,345.448785
1,5407,20.352696
1,5408,330.628885
1,5409,98.358747
1,5410,325.073044
1,5411,77.887899
1,5412,391.773330
1,5413,65.299397
1,5414,160.123323
1,5415,142.478770
1,5416,171.896015
1,5417,123.625731
1,5418,339.161727
1,5419,18.664076
1,5420,318.824112
1,5421,201.337536
1,5422,413.783796
1,5423,179.484890
1,5424,235.725017
1,5425,159.929335
1,5426,93.270115
1,5427,190.200921
1,5428,445.694426
1,5429,199.819614
1,5430,549.926008
1,5431,71.412836
1,5432,231.411250
1,5433,500.000749
1,5434,121.779847
1,5435,127.021356
1,5436,168.418702
1,5437,56.187447
1,5438,253.422943
1,5439,96.855514
1,5440,280.335593
1,5441,186.518332
1,5442,449.258514
1,5443,61.987449
1,5444,218.252088
1,5445,21.048509
1,5446,104.166870
1,5447,125.435935
1,5448,51.369640
1,5449,77.404965
1,5450,202.848664
1,5451,7.058446
1,5452,112.769970
1,5453,227.118045
1,5454,98.240889
1,5455,111.764415
1,5456,261.342516
1,5457,258.554750
1,5458,20.265990
1,5459,303.047234
1,5460,35.978274
1,5461,174.864673
1,5462,81.942044
1,5463,178.834724
1,5464,371.871154
1,5465,309.963892
1,5466,20.841192
1,5467,51.379683
1,5468,55.696564
1,5469,357.068954
1,5470,20.493553
1,5471,568.096512
1,5472,57.395289
1,5473,384.896285
1,5474,154.873286
1,5475,329.006410
1,5476,122.282543
1,5477,253.299483
1,5478,326.910833
1,5479,68.106065
1,5480,129.933603
1,5481,441.235071
1,5482,225.253722
1,5483,360.272194
1,5484,191.731720
1,5485,283.006711
1,5486,49.330427
1,5487,389.608701
1,5488,173.385321
1,5489,367.181883
1,5490,0.000000
1,5491,236.609656
1,5492,37.502185
1,5493,17.106220
1,5494,102.298247
1,5495,53.130016
1,5496,52.484794
1,5497,169.246753
1,5498,146.665808
1,5499,16.800091
1,5500,243.921692
1,5501,16.809687
1,5502,236.054904
1,5503,28.247755
1,5504,240.324852
1,5505,405.396825
1,5506,123.111546
1,5507,33.750902
1,5508,309.015215
1,5509,346.296835
1,5510,254.145959
1,5511,352.320408
1,5512,104.459862
1,5513,274.292080
1,5514,117.435788
1,5515,118.395323
1,5516,322.662168
1,5517,17.997761
1,5518,301.553982
1,5519,335.390845
1,5520,310.357702
1,5521,19.585146
1,5522,73.630019
1,5523,18.205628
1,5524,322.848832
1,5525,119.707576
1,5526,315.906376
1,5527,774.815637
1,5528,218.600748
1,5529,273.733628
1,5530,88.946406
1,5531,221.821066
1,5532,268.901767
1,5533,325.790435
1,5534,52.443962
1,5535,158.560590
1,5536,56.053297
1,5537,18.421391
1,5538,290.960924
1,5539,66.479470
1,5540,333.607692
1,5541,147.051332
1,5542,404.163544
1,5543,59.091698
1,5544,123.903957
1,5545,268.739123
1,5546,557.612538
1,5547,396.102620
1,5548,71.093025
1,5549,148.826982
1,5550,297.529765
1,5551,259.555869
1,5552,87.239363
1,5553,389.166706
1,5554,261.646026
1,5555,20.983063
1,5556,1096.238462
1,5557,129.098627
1,5558,122.533174
1,5559,536.335651
1,5560,297.169758
1,5561,399.597869
1,5562,19.056888
1,5563,312.421038
1,5564,196.669085
1,5565,301.277532
1,5566,92.060896
1,5567,129.028101
1,5568,183.283861
1,5569,287.179266
1,5570,333.910811
1,5571,278.575296
1,5572,48.016957
1,5573,140.328391
1,5574,114.763362
1,5575,147.990143
1,5576,113.301484
1,5577,247.219408
1,5578,58.120873
1,5579,155.578975
1,5580,70.617775
1,5581,136.295719
1,5582,15.286145
1,5583,156.733533
1,5584,164.275137
1,5585,16.061011
1,5586,354.359720
1,5587,138.074768
1,5588,108.709885
1,5589,316.713853
1,5590,25.640963
1,5591,276.030120
1,5592,218.861860
1,5593,188.716695
1,5594,288.592512
1,5595,65.707040
1,5596,154.506019
1,5597,102.249056
1,5598,417.599416
1,5599,281.687186
1,5600,159.739871
1,5601,49.056354
1,5602,154.206721
1,5603,129.124921
1,5604,195.157329
1,5605,89.505293
1,5606,46.493206
1,5607,150.759906
1,5608,110.831761
1,5609,0.000000
1,5610,275.439438
1,5611,148.021704
1,5612,124.358476
1,5613,107.054227
1,5614,220.435365
1,5615,198.229606
1,5616,119.817088
1,5617,0.000000
1,5618,298.429258
1,5619,82.030161
1,5620,526.541812
1,5621,44.906253
1,5622,271.533545
1,5623,17.339054
1,5624,49.904917
1,5625,238.339646
1,5626,160.840117
1,5627,18.150029
1,5628,91.596271
1,5629,42.739122
1,5630,125.094196
1,5631,90.822424
1,5632,30.106205
1,5633,79.655995
1,5634,208.795596
1,5635,168.105476
1,5636,41.088342
1,5637,276.914970
1,5638,169.065389
1,5639,470.670088
1,5640,48.577864
1,5641,640.939654
1,5642,109.596374
1,5643,427.495967
1,5644,72.200049
1,5645,148.586746
1,5646,137.298209
1,5647,375.209179
1,5648,94.404669
1,5649,48.125558
1,5650,339.461872
1,5651,62.710406
1,5652,357.284251
1,5653,64.037811
1,5654,162.837239
1,5655,294.517673
1,5656,98.420278
1,5657,32.654375
1,5658,0.000000
1,5659,307.798316
1,5660,44.596907
1,5661,147.835382
1,5662,139.937634
1,5663,167.074880
1,5664,146.243459
1,5665,131.090013
1,5666,29.857095
1,5667,61.638338
1,5668,169.934031
1,5669,14.615521
1,5670,178.495611
1,5671,116.699974
1,5672,148.876481
1,5673,155.402774
1,5674,345.557027
1,5675,101.341924
1,5676,164.728173
1,5677,136.518984
1,5678,237.165430
1,5679,129.668186
1,5680,41.476699
1,5681,112.282527
1,5682,82.704520
1,5683,56.085053
1,5684,0.000000
1,5685,206.571520
1,5686,16.445280
1,5687,66.665849
1,5688,277.335076
1,5689,0.000000
1,5690,346.653692
1,5691,167.503023
1,5692,166.580597
1,5693,51.094076
1,5694,44.550023
1,5695,49.175665
1,5696,250.289324
1,5697,73.069155
1,5698,133.067439
1,5699,241.190281
1,5700,80.045251
1,5701,7.611633
1,5702,153.518092
1,5703,79.248856
1,5704,121.147257
1,5705,85.975517
1,5706,152.896710
1,5707,80.054605
1,5708,44.888814
1,5709,135.696499
1,5710,100.740313
1,5711,125.171255
1,5712,45.731832
1,5713,81.065834
1,5714,302.406560
1,5715,17.589188
1,5716,146.660484
1,5717,17.636293
1,5718,205.609973
1,5719,69.772714
1,5720,78.779699
1,5721,17.694608
1,5722,90.535712
1,5723,95.942656
1,5724,175.948237
1,5725,18.153628
1,5726,97.605560
1,5727,54.425086
1,5728,156.612759
1,5729,99.398931
1,5730,116.255272
1,5731,31.687906
1,5732,95.794423
1,5733,37.863076
1,5734,256.692623
1,5735,46.236284
1,5736,341.545436
1,5737,239.577865
1,5738,219.613697
1,5739,98.541502
1,5740,109.770170
1,5741,30.933488
1,5742,179.190376
1,5743,199.065377
1,5744,204.062190
1,5745,222.160813
1,5746,68.629391
1,5747,20.144068
1,5748,247.013159
1,5749,631.071673
1,5750,604.188925
1,5751,436.728088
1,5752,463.455773
1,5753,292.409872
1,5754,6.354080
1,5755,300.856669
1,5756,107.246086
1,5757,256.714176
1,5758,172.618528
1,5759,289.332859
1,5760,206.460113
1,5761,52.443286
1,5762,189.044818
1,5763,47.879421
1,5764,177.131133
1,5765,324.188473
1,5766,109.806961
1,5767,398.604970
1,5768,70.835168
1,5769,304.768513
1,5770,645.066627
1,5771,226.215009
1,5772,264.968121
1,5773,212.741685
1,5774,130.870837
1,5775,144.977974
1,5776,10.267903
1,5777,95.344032
1,5778,153.756242
1,5779,436.085665
1,5780,152.238686
1,5781,385.628367
1,5782,121.466207
1,5783,23.126896
1,5784,156.957200
1,5785,126.552290
1,5786,10.678794
1,5787,198.603712
1,5788,10.723595
1,5789,45.379764
1,5790,11.294907
1,5791,71.074068
1,5792,149.955775
1,5793,199.989153
1,5794,210.751287
1,5795,172.315757
1,5796,164.719451
1,5797,21.997442
1,5798,223.611705
1,5799,100.215822
1,5800,130.274212
1,5801,11.408601
1,5802,180.253516
1,5803,0.000000
1,5804,151.779558
1,5805,87.847167
1,5806,11.424137
1,5807,99.164809
1,5808,89.289384
1,5809,144.295546
1,5810,177.319864
1,5811,168.385530
1,5812,229.712678
1,5813,206.864658
1,5814,13.016596
1,5815,75.751722
1,5816,108.985121
1,5817,84.242269
1,5818,138.692465
1,5819,62.748330
1,5820,16.864205
1,5821,189.421659
1,5822,0.000000
1,5823,250.580219
1,5824,128.963015
1,5825,93.942973
1,5826,173.882140
1,5827,323.423618
1,5828,7.574412
1,5829,123.704218
1,5830,18.497290
1,5831,135.405283
1,5832,8.506290
1,5833,138.364181
1,5834,115.377706
1,5835,184.631504
1,5836,151.402255
1,5837,57.624087
1,5838,227.559416
1,5839,331.717180
1,5840,258.730341
1,5841,269.488401
1,5842,208.476727
1,5843,49.791683
1,5844,83.382481
1,5845,36.244229
1,5846,89.855359
1,5847,132.562615
1,5848,9.926154
1,5849,30.118831
1,5850,146.114675
1,5851,52.450130
1,5852,52.154475
1,5853,9.843755
1,5854,710.303077
1,5855,38.054343
1,5856,184.117514
1,5857,89.610036
1,5858,83.406335
1,5859,10.631255
1,5860,64.861131
1,5861,97.316372
1,5862,164.169092
1,5863,10.716688
1,5864,38.319698
1,5865,95.750700
1,5866,10.464081
1,5867,226.778400
1,5868,54.238208
1,5869,133.059201
1,5870,436.613023
1,5871,11.072641
1,5872,141.265303
1,5873,10.725902
1,5874,89.284962
1,5875,164.050792
1,5876,177.767443
1,5877,223.292181
1,5878,203.982328
1,5879,204.189491
1,5880,58.368122
1,5881,279.447248
1,5882,10.912454
1,5883,32.482984
1,5884,92.485136
1,5885,79.647788
1,5886,65.982089
1,5887,55.894839
1,5888,188.798434
1,5889,76.366497
1,5890,11.933495
1,5891,66.668101
1,5892,81.366891
1,5893,80.840695
1,5894,23.100081
1,5895,11.164103
1,5896,143.959637
1,5897,65.125664
1,5898,72.544733
1,5899,106.798270
1,5900,143.498844
1,5901,80.912071
1,5902,117.639066
1,5903,22.483866
1,5904,31.503190
1,5905,12.079646
1,5906,75.612595
1,5907,11.890259
1,5908,115.624504
1,5909,11.519928
1,5910,45.936744
1,5911,106.779002
1,5912,205.175081
1,5913,163.995696
1,5914,106.094083
1,5915,72.685569
1,5916,98.178135
1,5917,42.133834
1,5918,182.744325
1,5919,89.584568
1,5920,141.262066
1,5921,72.231611
1,5922,504.921826
1,5923,194.133591
1,5924,123.757950
1,5925,274.644567
1,5926,77.908770
1,5927,398.840380
1,5928,215.059956
1,5929,154.909050
1,5930,62.561671
1,5931,6.460751
1,5932,134.248228
1,5933,6.993780
1,5934,105.210933
1,5935,235.229273
1,5936,160.992272
1,5937,6.837815
1,5938,146.764181
1,5939,158.333787
1,5940,269.497611
1,5941,167.959212
1,5942,163.181091
1,5943,18.528132
1,5944,50.329496
1,5945,104.680303
1,5946,211.767201
1,5947,127.029544
1,5948,191.316778
1,5949,109.972736
1,5950,136.578398
1,5951,102.875383
1,5952,88.294392
1,5953,310.240041
1,5954,65.581431
1,5955,198.326390
1,5956,291.196934
1,5957,193.549907
1,5958,217.165851
1,5959,104.755160
1,5960,9.308195
1,5961,43.345441
1,5962,221.338836
1,5963,78.271608
1,5964,43.497872
1,5965,252.339111
1,5966,167.912882
1,5967,102.586268
1,5968,134.666779
1,5969,57.447367
1,5970,223.992000
1,5971,117.818016
1,5972,97.368214
1,5973,10.499218
1,5974,30.526583
1,5975,122.685999
1,5976,144.374361
1,5977,152.479682
1,5978,68.499575
1,5979,225.571643
1,5980,113.323546
1,5981,328.779980
1,5982,435.010072
1,5983,295.107038
1,5984,9.710399
1,5985,0.000000
1,5986,160.509360
1,5987,41.830242
1,5988,80.338443
1,5989,134.055194
1,5990,238.135536
1,5991,99.444201
1,5992,182.195250
1,5993,212.430446
1,5994,142.590980
1,5995,0.000000
1,5996,127.310140
1,5997,89.083402
1,5998,47.677751
1,5999,62.496817
1,6000,41.104386
1,6001,56.119748
1,6002,173.001201
1,6003,53.699736
1,6004,71.025442
1,6005,68.964305
1,6006,70.642954
1,6007,111.640470
1,6008,18.361945
1,6009,169.083766
1,6010,152.551443
1,6011,7.534694
1,6012,108.502070
1,6013,7.403310
1,6014,28.797005
1,6015,0.000000
1,6016,18.737992
1,6017,246.242901
1,6018,257.053833
1,6019,107.590152
1,6020,142.255943
1,6021,102.544644
1,6022,55.038672
1,6023,155.724221
1,6024,102.049403
1,6025,58.234950
1,6026,163.947582
1,6027,115.157894
1,6028,144.699499
1,6029,128.264210
1,6030,156.385416
1,6031,50.901149
1,6032,292.162543
1,6033,64.523328
1,6034,175.162428
1,6035,8.976252
1,6036,110.768040
1,6037,50.715542
1,6038,130.844096
1,6039,8.999844
1,6040,37.277190
1,6041,680.186444
1,6042,808.087872
1,6043,255.349211
1,6044,178.709803
1,6045,0.000000
1,6046,182.494408
1,6047,216.307360
1,6048,248.140845
1,6049,181.595669
1,6050,126.960088
1,6051,10.174571
1,6052,68.448934
1,6053,253.666883
1,6054,164.332959
1,6055,286.579851
1,6056,430.428880
1,6057,575.520741
1,6058,338.118299
1,6059,290.167963
1,6060,15.307205
1,6061,277.542920
1,6062,121.679480
1,6063,551.933522
1,6064,459.805246
1,6065,353.871270
1,6066,393.819719
1,6067,43.589863
1,6068,252.123379
1,6069,229.045527
1,6070,326.350896
1,6071,418.177358
1,6072,163.929840
1,6073,149.720315
1,6074,364.183097
1,6075,0.000000
1,6076,119.485185
1,6077,320.440374
1,6078,163.865988
1,6079,165.978380
1,6080,145.787292
1,6081,163.054435
1,6082,250.955613
1,6083,78.684152
1,6084,88.587026
1,6085,317.461219
1,6086,64.061823
1,6087,274.331271
1,6088,287.863859
1,6089,35.758794
1,6090,200.748325
1,6091,15.719859
1,6092,67.151982
1,6093,111.004164
1,6094,126.236853
1,6095,211.863345
1,6096,35.529612
1,6097,262.064352
1,6098,34.656566
1,6099,189.973793
1,6100,284.308877
1,6101,32.551303
1,6102,102.690707
1,6103,386.593920
1,6104,293.615091
1,6105,11.521533
1,6106,503.749631
1,6107,308.579742
1,6108,411.969768
1,6109,11.740152
1,6110,166.880677
1,6111,37.037775
1,6112,254.349446
1,6113,120.885842
1,6114,270.390996
1,6115,154.854852
1,6116,276.120857
1,6117,209.701617
1,6118,518.409265
1,6119,276.450490
1,6120,440.660207
1,6121,255.846847
1,6122,321.160865
1,6123,13.250484
1,6124,71.985599
1,6125,107.762446
1,6126,267.254321
1,6127,418.797760
1,6128,40.640134
1,6129,137.740342
1,6130,47.302367
1,6131,66.159012
1,6132,117.249283
1,6133,130.257766
1,6134,14.803814
1,6135,151.041714
1,6136,44.864264
1,6137,134.768233
1,6138,41.861273
1,6139,74.378358
1,6140,319.671094
1,6141,207.156400
1,6142,296.837079
1,6143,443.885737
1,6144,51.659946
1,6145,109.918203
1,6146,122.789495
1,6147,230.713811
1,6148,10.640687
1,6149,355.904080
1,6150,55.228793
1,6151,68.283330
1,6152,220.885508
1,6153,89.398098
1,6154,110.650626
1,6155,236.090234
1,6156,88.300922
1,6157,84.337873
1,6158,160.914266
1,6159,0.000000
1,6160,227.190468
1,6161,41.524998
1,6162,229.437436
1,6163,396.298772
1,6164,253.647263
1,6165,223.974068
1,6166,138.038172
1,6167,154.139090
1,6168,189.546261
1,6169,142.866157
1,6170,265.703662
1,6171,205.214378
1,6172,191.019598
1,6173,93.730890
1,6174,153.818628
1,6175,230.868477
1,6176,207.402721
1,6177,68.370209
1,6178,41.060451
1,6179,135.455338
1,6180,76.413752
1,6181,478.605711
1,6182,108.298758
1,6183,166.555949
1,6184,187.318541
1,6185,123.931228
1,6186,14.111870
1,6187,298.739030
1,6188,39.254165
1,6189,199.342681
1,6190,41.667620
1,6191,174.621207
1,6192,213.832637
1,6193,8.747140
1,6194,107.518980
1,6195,232.621338
1,6196,223.145741
1,6197,232.082795
1,6198,71.131360
1,6199,191.034183
1,6200,213.611605
1,6201,282.874304
1,6202,346.978755
1,6203,0.000000
1,6204,158.730267
1,6205,224.714866
1,6206,11.396835
1,6207,150.508255
1,6208,10.918058
1,6209,77.959982
1,6210,152.220497
1,6211,41.181418
1,6212,216.565137
1,6213,46.300002
1,6214,113.057254
1,6215,137.310756
1,6216,133.198246
1,6217,32.384595
1,6218,185.027882
1,6219,103.250462
1,6220,234.566874
1,6221,54.871761
1,6222,182.062723
1,6223,387.965843
1,6224,48.163688
1,6225,356.871513
1,6226,358.147079
1,6227,140.393165
1,6228,489.047850
1,6229,61.058770
1,6230,199.259072
1,6231,294.466869
1,6232,443.404527
1,6233,235.076471
1,6234,168.344712
1,6235,108.378051
1,6236,173.930789
1,6237,186.287245
1,6238,58.160453
1,6239,497.107905
1,6240,47.477863
1,6241,14.058734
1,6242,467.074816
1,6243,365.695268
1,6244,135.156340
1,6245,289.102242
1,6246,214.292478
1,6247,646.498447
1,6248,33.316977
1,6249,267.462833
1,6250,95.090899
1,6251,225.823401
1,6252,165.539808
1,6253,149.860648
1,6254,104.277483
1,6255,181.476571
1,6256,63.786275
1,6257,266.182932
1,6258,169.611183
1,6259,326.284055
1,6260,150.566793
1,6261,344.631558
1,6262,317.190897
1,6263,214.612761
1,6264,15.304159
1,6265,207.245973
1,6266,173.486595
1,6267,268.919368
1,6268,224.771466
1,6269,14.937952
1,6270,198.566562
1,6271,244.155284
1,6272,171.982252
1,6273,346.237227
1,6274,342.674918
1,6275,176.886872
1,6276,210.984673
1,6277,249.743736
1,6278,64.217879
1,6279,232.704196
1,6280,115.534903
1,6281,148.441536
1,6282,182.080546
1,6283,7.410222
1,6284,93.025039
1,6285,196.595187
1,6286,134.483586
1,6287,101.417402
1,6288,52.782373
1,6289,0.000000
1,6290,9.990822
1,6291,137.490961
1,6292,227.042525
1,6293,154.364470
1,6294,45.115742
1,6295,84.087664
1,6296,54.345487
1,6297,94.984540
1,6298,24.334414
1,6299,44.667131
1,6300,0.000000
1,6301,40.165813
1,6302,96.481583
1,6303,76.450868
1,6304,40.106302
1,6305,60.137742
1,6306,0.000000
1,6307,177.491255
1,6308,173.983577
1,6309,100.695266
1,6310,141.269758
1,6311,41.446749
1,6312,70.313461
1,6313,69.890312
1,6314,155.266859
1,6315,150.817378
1,6316,0.000000
1,6317,161.522799
1,6318,191.179916
1,6319,13.046323
1,6320,64.348930
1,6321,12.562240
1,6322,50.059043
1,6323,0.000000
1,6324,90.651642
1,6325,12.589734
1,6326,24.860071
1,6327,159.011359
1,6328,167.058870
1,6329,43.850253
1,6330,103.075785
1,6331,44.756588
1,6332,96.910267
1,6333,13.798786
1,6334,127.045313
1,6335,50.430410
1,6336,41.474711
1,6337,81.499186
1,6338,24.635721
1,6339,133.865987
1,6340,138.995323
1,6341,36.002709
1,6342,155.343516
1,6343,151.509604
1,6344,204.196659
1,6345,151.660556
1,6346,26.799008
1,6347,90.913861
1,6348,27.175865
1,6349,174.165344
1,6350,256.103230
1,6351,139.530657
1,6352,14.184218
1,6353,137.522607
1,6354,13.477146
1,6355,108.856126
1,6356,127.449343
1,6357,76.383667
1,6358,149.952590
1,6359,14.459367
1,6360,193.918784
1,6361,1222.172326
1,6362,166.933363
1,6363,44.739909
1,6364,99.541863
1,6365,77.220686
1,6366,65.867012
1,6367,170.337961
1,6368,10.688637
1,6369,39.027251
1,6370,71.784191
1,6371,175.998855
1,6372,189.011464
1,6373,253.332479
1,6374,269.141152
1,6375,72.028680
1,6376,257.674861
1,6377,225.191420
1,6378,33.533933
1,6379,131.568104
1,6380,265.243238
1,6381,0.000000
1,6382,215.771520
1,6383,340.986222
1,6384,0.000000
1,6385,280.142463
1,6386,622.183818
1,6387,390.557233
1,6388,199.699491
1,6389,158.806316
1,6390,57.288921
1,6391,190.492970
1,6392,65.849233
1,6393,260.504115
1,6394,180.682401
1,6395,252.666759
1,6396,224.336193
1,6397,370.622044
1,6398,158.465373
1,6399,43.848438
1,6400,144.672885
1,6401,10.214312
1,6402,165.813572
1,6403,82.705483
1,6404,11.099253
1,6405,39.050805
1,6406,10.680942
1,6407,70.221012
1,6408,91.724478
1,6409,58.157594
1,6410,68.486004
1,6411,45.083998
1,6412,97.886998
1,6413,63.911397
1,6414,271.177170
1,6415,11.103623
1,6416,231.069722
1,6417,240.660971
1,6418,0.000000
1,6419,75.905516
1,6420,106.313972
1,6421,37.729088
1,6422,87.821082
1,6423,75.383600
1,6424,167.036521
1,6425,75.823416
1,6426,110.335198
1,6427,145.874853
1,6428,23.683051
1,6429,56.550301
1,6430,101.380552
1,6431,187.749123
1,6432,92.203998
1,6433,12.331565
1,6434,79.819934
1,6435,30.936542
1,6436,96.454984
1,6437,136.300429
1,6438,12.861522
1,6439,90.834298
1,6440,12.115562
1,6441,59.174756
1,6442,13.360529
1,6443,227.470956
1,6444,12.439187
1,6445,24.159824
1,6446,159.512175
1,6447,168.023436
1,6448,192.725840
1,6449,161.983028
1,6450,17.425079
1,6451,174.357540
1,6452,118.296597
1,6453,247.355383
1,6454,231.329152
1,6455,349.884784
1,6456,364.865153
1,6457,448.280251
1,6458,17.578121
1,6459,312.071616
1,6460,17.959198
1,6461,310.465757
1,6462,48.956104
1,6463,233.265200
1,6464,122.378801
1,6465,393.748886
1,6466,18.746918
1,6467,178.499734
1,6468,288.361415
1,6469,23.218657
1,6470,575.143924
1,6471,799.151080
1,6472,707.346524
1,6473,0.000000
1,6474,419.940111
1,6475,409.242157
1,6476,524.813150
1,6477,52.861453
1,6478,449.967773
1,6479,315.911803
1,6480,182.095044
1,6481,20.455290
1,6482,394.560530
1,6483,371.801589
1,6484,250.721533
1,6485,44.371720
1,6486,344.986922
1,6487,20.666228
1,6488,346.779127
1,6489,444.358897
1,6490,255.324409
1,6491,485.748814
1,6492,103.781563
1,6493,431.491519
1,6494,497.087395
1,6495,73.757573
1,6496,504.266635
1,6497,901.488197
1,6498,522.488066
1,6499,622.738084
1,6500,325.006229
1,6501,108.856227
1,6502,232.698998
1,6503,161.561300
1,6504,146.512081
1,6505,202.882732
1,6506,199.583766
1,6507,82.516506
1,6508,276.619715
1,6509,189.645085
1,6510,75.274214
1,6511,304.798391
1,6512,267.501743
1,6513,151.649643
1,6514,275.858724
1,6515,390.366770
1,6516,233.315986
1,6517,68.546117
1,6518,121.806134
1,6519,61.387044
1,6520,268.162162
1,6521,16.017968
1,6522,408.626402
1,6523,84.280794
1,6524,79.645474
1,6525,18.516729
1,6526,344.077687
1,6527,57.684975
1,6528,56.499184
1,6529,113.988764
1,6530,236.209224
1,6531,827.965749
1,6532,646.321498
1,6533,56.623669
1,6534,732.471979
1,6535,97.030104
1,6536,92.993970
1,6537,169.724947
1,6538,488.058774
1,6539,156.984618
1,6540,754.097527
1,6541,50.304434
1,6542,375.566586
1,6543,198.148509
1,6544,333.673942
1,6545,147.971952
1,6546,127.601919
1,6547,72.647291
1,6548,531.513508
1,6549,217.397252
1,6550,556.638370
1,6551,117.039308
1,6552,135.557882
1,6553,256.860980
1,6554,296.720844
1,6555,66.885338
1,6556,161.256553
1,6557,330.376215
1,6558,6.907180
1,6559,304.652599
1,6560,201.308727
1,6561,248.910856
1,6562,187.822871
1,6563,109.191632
1,6564,248.525567
1,6565,236.229475
1,6566,128.118884
1,6567,431.983095
1,6568,77.081952
1,6569,138.068735
1,6570,408.340778
1,6571,50.252949
1,6572,248.991038
1,6573,391.807868
1,6574,536.569540
1,6575,368.576780
1,6576,248.670327
1,6577,258.338158
1,6578,42.722546
1,6579,177.134287
1,6580,326.447628
1,6581,35.113684
1,6582,429.165151
1,6583,15.362188
1,6584,460.191060
1,6585,157.789744
1,6586,326.440606
1,6587,16.563931
1,6588,150.007503
1,6589,207.335155
1,6590,548.931159
1,6591,375.474397
1,6592,321.016531
1,6593,52.728459
1,6594,444.869159
1,6595,42.886229
1,6596,480.407436
1,6597,479.154694
1,6598,142.471351
1,6599,82.831306
1,6600,223.548043
1,6601,190.941280
1,6602,278.857584
1,6603,18.758259
1,6604,328.967612
1,6605,536.297656
1,6606,59.568516
1,6607,122.622493
1,6608,240.229935
1,6609,0.000000
1,6610,587.640839
1,6611,527.396605
1,6612,18.844759
1,6613,783.241574
1,6614,655.934636
1,6615,407.199542
1,6616,87.588942
1,6617,125.034990
1,6618,326.961969
1,6619,415.596965
1,6620,456.624802
1,6621,98.424577
1,6622,554.554877
1,6623,585.665807
1,6624,83.827637
1,6625,512.032764
1,6626,351.622365
1,6627,69.497162
1,6628,370.345119
1,6629,315.305839
1,6630,155.148930
1,6631,190.685536
1,6632,146.849245
1,6633,306.431253
1,6634,20.295482
1,6635,518.409093
1,6636,311.948872
1,6637,189.090855
1,6638,445.013144
1,6639,99.857718
1,6640,500.692452
1,6641,206.540430
1,6642,7.225224
1,6643,301.395005
1,6644,429.700376
1,6645,54.323378
1,6646,252.600407
1,6647,190.495794
1,6648,260.663028
1,6649,109.726649
1,6650,66.525071
1,6651,380.013433
1,6652,485.834222
1,6653,420.613220
1,6654,174.079120
1,6655,331.290742
1,6656,154.872892
1,6657,247.812443
1,6658,422.297155
1,6659,322.492602
1,6660,93.501545
1,6661,291.720679
1,6662,158.223277
1,6663,43.017756
1,6664,152.822505
1,6665,62.114142
1,6666,176.607272
1,6667,302.372738
1,6668,358.986101
1,6669,32.645607
1,6670,323.709742
1,6671,301.651576
1,6672,476.427492
1,6673,268.759171
1,6674,58.446269
1,6675,407.663938
1,6676,136.294291
1,6677,588.027140
1,6678,34.748960
1,6679,437.381195
1,6680,462.595479
1,6681,187.188201
1,6682,200.219246
1,6683,222.820885
1,6684,16.010459
1,6685,293.373914
1,6686,276.092821
1,6687,99.057692
1,6688,443.690269
1,6689,631.540753
1,6690,183.679420
1,6691,543.195041
1,6692,364.941910
1,6693,214.976214
1,6694,371.890632
1,6695,73.053106
1,6696,330.273358
1,6697,118.392429
1,6698,415.399446
1,6699,0.000000
1,6700,466.405721
1,6701,236.526859
1,6702,18.679381
1,6703,241.268930
1,6704,71.767837
1,6705,319.536261
1,6706,305.211331
1,6707,205.162119
1,6708,147.904576
1,6709,129.015032
1,6710,101.382747
1,6711,328.686855
1,6712,341.754802
1,6713,400.410661
1,6714,504.166038
1,6715,442.772307
1,6716,121.252487
1,6717,335.218766
1,6718,137.520536
1,6719,114.447802
1,6720,198.362051
1,6721,102.611124
1,6722,448.187338
1,6723,428.041408
1,6724,389.614577
1,6725,52.194959
1,6726,532.374732
1,6727,233.327139
1,6728,61.339797
1,6729,222.969224
1,6730,701.896284
1,6731,80.231853
1,6732,523.933099
1,6733,52.836930
1,6734,387.236102
1,6735,89.658318
1,6736,427.827513
1,6737,415.344772
1,6738,259.425335
1,6739,133.897692
1,6740,365.500847
1,6741,277.726490
1,6742,380.563348
1,6743,428.290919
1,6744,217.342008
1,6745,480.658148
1,6746,66.761102
1,6747,360.941321
1,6748,327.413122
1,6749,98.014780
1,6750,248.964186
1,6751,299.912104
1,6752,383.596587
1,6753,119.887229
1,6754,786.166222
1,6755,520.868100
1,6756,54.616045
1,6757,46.315160
1,6758,305.859798
1,6759,53.501588
1,6760,41.701806
1,6761,413.779587
1,6762,80.476878
1,6763,206.662279
1,6764,216.685901
1,6765,177.545450
1,6766,249.425891
1,6767,404.323707
1,6768,13.318000
1,6769,25.466858
1,6770,465.252097
1,6771,441.334915
1,6772,66.222571
1,6773,377.333146
1,6774,15.057396
1,6775,367.108228
1,6776,389.177123
1,6777,15.301037
1,6778,118.328543
1,6779,41.778610
1,6780,188.865064
1,6781,200.797874
1,6782,16.084995
1,6783,311.676220
1,6784,195.439797
1,6785,207.925652
1,6786,16.885942
1,6787,201.249749
1,6788,419.957004
1,6789,405.052452
1,6790,235.859800
1,6791,157.121494
1,6792,554.474969
1,6793,127.003012
1,6794,10.999075
1,6795,88.585580
1,6796,170.955305
1,6797,334.646800
1,6798,12.826383
1,6799,292.511755
1,6800,494.762348
1,6801,468.241379
1,6802,102.555511
1,6803,239.611336
1,6804,31.433393
1,6805,177.005028
1,6806,318.131868
1,6807,43.895492
1,6808,250.169699
1,6809,69.645692
1,6810,403.873825
1,6811,192.769891
1,6812,318.327277
1,6813,194.902730
1,6814,176.615177
1,6815,302.547509
1,6816,0.000000
1,6817,139.063917
1,6818,111.380448
1,6819,273.840050
1,6820,19.119442
1,6821,382.703499
1,6822,16.695503
1,6823,396.318912
1,6824,52.691784
1,6825,35.996968
1,6826,265.253407
1,6827,209.267949
1,6828,90.161812
1,6829,129.078459
1,6830,473.658580
1,6831,41.839484
1,6832,370.452629
1,6833,203.459068
1,6834,34.591062
1,6835,275.964935
1,6836,53.134062
1,6837,119.164217
1,6838,377.525775
1,6839,33.732421
1,6840,0.000000
1,6841,391.480989
1,6842,39.119973
1,6843,220.186343
1,6844,80.561008
1,6845,17.932938
1,6846,254.488217
1,6847,252.091100
1,6848,236.950411
1,6849,175.822596
1,6850,204.841883
1,6851,310.451046
1,6852,46.191400
1,6853,568.285792
1,6854,393.998384
1,6855,151.904959
1,6856,244.630446
1,6857,198.891043
1,6858,305.897894
1,6859,91.926841
1,6860,145.495224
1,6861,121.952741
1,6862,337.509094
1,6863,187.182122
1,6864,117.546812
1,6865,302.352692
1,6866,45.995286
1,6867,183.072486
1,6868,38.551904
1,6869,62.608835
1,6870,143.990591
1,6871,117.126034
1,6872,52.472823
1,6873,0.000000
1,6874,85.054938
1,6875,11.547520
1,6876,117.749854
1,6877,0.000000
1,6878,142.571670
1,6879,66.055659
1,6880,171.720470
1,6881,76.657465
1,6882,76.164767
1,6883,281.173153
1,6884,252.256812
1,6885,273.348681
1,6886,293.009187
1,6887,377.875541
1,6888,14.206752
1,6889,545.232868
1,6890,418.898193
1,6891,132.352571
1,6892,60.026851
1,6893,278.568395
1,6894,0.000000
1,6895,408.359109
1,6896,149.660391
1,6897,455.013346
1,6898,319.036795
1,6899,15.248866
1,6900,358.098489
1,6901,299.915589
1,6902,58.351830
1,6903,169.752262
1,6904,42.693167
1,6905,54.486373
1,6906,373.312371
1,6907,77.185348
1,6908,75.907621
1,6909,427.624331
1,6910,99.273397
1,6911,263.635163
1,6912,135.053729
1,6913,75.542080
1,6914,321.716165
1,6915,310.559576
1,6916,119.814173
1,6917,334.121915
1,6918,261.273364
1,6919,83.127037
1,6920,367.144631
1,6921,406.645203
1,6922,166.809561
1,6923,146.656179
1,6924,179.371754
1,6925,147.563920
1,6926,343.105426
1,6927,17.518779
1,6928,225.688042
1,6929,40.354842
1,6930,0.000000
1,6931,211.284469
1,6932,47.435685
1,6933,139.934926
1,6934,199.859225
1,6935,121.181992
1,6936,182.041336
1,6937,94.480480
1,6938,126.986308
1,6939,117.658524
1,6940,111.634163
1,6941,103.380931
1,6942,594.389601
1,6943,162.709426
1,6944,163.284310
1,6945,349.564470
1,6946,695.376516
1,6947,105.762779
1,6948,9.907009
1,6949,88.913619
1,6950,36.904912
1,6951,251.182534
1,6952,113.020093
1,6953,218.878994
1,6954,100.929587
1,6955,210.371291
1,6956,12.609711
1,6957,160.760132
1,6958,131.907602
1,6959,0.000000
1,6960,463.704843
1,6961,97.813139
1,6962,162.436474
1,6963,283.204587
1,6964,144.261244
1,6965,66.964351
1,6966,14.510234
1,6967,156.477995
1,6968,151.419050
1,6969,0.000000
1,6970,187.988177
1,6971,230.152778
1,6972,98.436392
1,6973,147.578101
1,6974,73.091364
1,6975,306.930322
1,6976,111.317003
1,6977,220.807283
1,6978,56.764173
1,6979,240.498667
1,6980,104.412345
1,6981,110.303409
1,6982,168.757371
1,6983,79.737238
1,6984,233.106335
1,6985,89.484778
1,6986,90.095433
1,6987,63.632290
1,6988,233.472702
1,6989,284.537886
1,6990,157.040304
1,6991,266.538692
1,6992,484.046154
1,6993,0.000000
1,6994,356.447639
1,6995,16.027244
1,6996,91.702978
1,6997,175.442066
1,6998,47.548081
1,6999,50.433367
1,7000,204.260556
1,7001,230.735463
1,7002,70.641946
1,7003,164.785421
1,7004,426.588680
1,7005,385.186217
1,7006,137.862897
1,7007,9.360976
1,7008,201.069094
1,7009,185.695071
1,7010,82.690301
1,7011,421.993989
1,7012,234.778712
1,7013,103.275455
1,7014,320.994814
1,7015,69.008459
1,7016,85.855478
1,7017,173.934223
1,7018,442.166389
1,7019,126.766365
1,7020,80.886147
1,7021,343.318288
1,7022,12.875493
1,7023,193.498174
1,7024,252.454116
1,7025,320.747318
1,7026,77.366858
1,7027,181.707626
1,7028,256.804052
1,7029,56.730134
1,7030,78.242893
1,7031,215.170644
1,7032,327.894261
1,7033,58.133859
1,7034,133.825900
1,7035,142.031384
1,7036,112.987391
1,7037,58.727396
1,7038,88.160267
1,7039,318.834066
1,7040,45.578047
1,7041,85.856976
1,7042,231.881416
1,7043,376.371948
1,7044,298.870162
1,7045,197.096611
1,7046,122.178974
1,7047,187.117993
1,7048,263.551264
1,7049,70.600931
1,7050,212.033314
1,7051,98.211551
1,7052,102.759622
1,7053,218.752095
1,7054,132.160281
1,7055,155.678276
1,7056,16.536123
1,7057,326.816209
1,7058,245.803364
1,7059,299.084751
1,7060,200.226216
1,7061,299.051021
1,7062,169.738773
1,7063,305.569710
1,7064,98.420206
1,7065,417.632345
1,7066,195.291493
1,7067,460.348825
1,7068,416.381941
1,7069,163.370554
1,7070,150.447083
1,7071,275.396882
1,7072,525.413034
1,7073,410.798778
1,7074,146.645375
1,7075,202.481623
1,7076,91.010926
1,7077,275.306628
1,7078,125.431808
1,7079,173.952754
1,7080,237.626312
1,7081,42.105506
1,7082,276.712700
1,7083,104.280191
1,7084,335.121321
1,7085,116.235691
1,7086,564.621516
1,7087,231.403736
1,7088,0.000000
1,7089,137.275511
1,7090,194.553490
1,7091,573.393166
1,7092,98.265880
1,7093,246.162238
1,7094,100.466553
1,7095,239.023955
1,7096,89.319371
1,7097,200.999238
1,7098,313.540400
1,7099,77.919173
1,7100,424.015638
1,7101,196.592839
1,7102,285.754340
1,7103,17.286291
1,7104,199.441372
1,7105,246.651447
1,7106,46.898701
1,7107,65.475796
1,7108,480.418191
1,7109,406.507820
1,7110,0.000000
1,7111,283.196056
1,7112,99.430322
1,7113,189.893493
1,7114,16.544877
1,7115,305.012868
1,7116,410.975639
1,7117,18.706602
1,7118,479.629131
1,7119,472.253631
1,7120,161.690239
1,7121,283.522385
1,7122,17.478013
1,7123,325.340436
1,7124,137.161907
1,7125,42.726659
1,7126,98.701386
1,7127,180.422809
1,7128,215.222028
1,7129,445.841089
1,7130,365.239652
1,7131,300.583054
1,7132,93.471917
1,7133,488.456608
1,7134,70.386309
1,7135,258.534134
1,7136,78.665077
1,7137,81.291144
1,7138,183.951646
1,7139,97.372793
1,7140,19.166858
1,7141,340.964438
1,7142,74.376015
1,7143,182.550808
1,7144,1065.740059
1,7145,301.206147
1,7146,155.504744
1,7147,51.628632
1,7148,700.468440
1,7149,227.901081
1,7150,360.238787
1,7151,20.253950
1,7152,570.359928
1,7153,250.602446
1,7154,185.809545
1,7155,163.873169
1,7156,395.309881
1,7157,308.845085
1,7158,128.377833
1,7159,96.659603
1,7160,341.306693
1,7161,295.885147
1,7162,45.014729
1,7163,181.224162
1,7164,234.573046
1,7165,347.359661
1,7166,171.699559
1,7167,196.397329
1,7168,46.691462
1,7169,393.211892
1,7170,40.336817
1,7171,90.266877
1,7172,259.814636
1,7173,41.289756
1,7174,247.404693
1,7175,335.903879
1,7176,12.858020
1,7177,215.923819
1,7178,122.766400
1,7179,29.181600
1,7180,115.846469
1,7181,135.291927
1,7182,225.370763
1,7183,75.399013
1,7184,630.094069
1,7185,272.354694
1,7186,73.454720
1,7187,438.782007
1,7188,183.152763
1,7189,98.635218
1,7190,66.881022
1,7191,154.742241
1,7192,179.754104
1,7193,278.237868
1,7194,219.824494
1,7195,94.259838
1,7196,226.560775
1,7197,148.850094
1,7198,0.000000
1,7199,141.095114
1,7200,139.244349
1,7201,282.519025
1,7202,95.440972
1,7203,522.136399
1,7204,232.164418
1,7205,18.865590
1,7206,141.270726
1,7207,62.527656
1,7208,280.357656
1,7209,287.376174
1,7210,477.832001
1,7211,354.802373
1,7212,86.002282
1,7213,239.923113
1,7214,6.436647
1,7215,489.284858
1,7216,19.530464
1,7217,232.203943
1,7218,199.410056
1,7219,177.406704
1,7220,96.709878
1,7221,267.909634
1,7222,480.798894
1,7223,46.276707
1,7224,38.345744
1,7225,318.787491
1,7226,20.163141
1,7227,305.061027
1,7228,246.543786
1,7229,43.643740
1,7230,490.585000
1,7231,19.820838
1,7232,434.482593
1,7233,232.486147
1,7234,163.868813
1,7235,51.168559
1,7236,273.164369
1,7237,7.414152
1,7238,423.669717
1,7239,86.175251
1,7240,227.463394
1,7241,272.615459
1,7242,21.704576
1,7243,544.930938
1,7244,61.085208
1,7245,265.845345
1,7246,258.159409
1,7247,59.681902
1,7248,489.022545
1,7249,20.894038
1,7250,204.716032
1,7251,279.772143
1,7252,116.305452
1,7253,170.442025
1,7254,211.144930
1,7255,84.632818
1,7256,76.051866
1,7257,183.054484
1,7258,237.183910
1,7259,129.813653
1,7260,88.326518
1,7261,46.494524
1,7262,182.375886
1,7263,260.276520
1,7264,187.588232
1,7265,358.184100
1,7266,103.558508
1,7267,340.439380
1,7268,390.747225
1,7269,315.905382
1,7270,294.107065
1,7271,71.046673
1,7272,244.146616
1,7273,217.414550
1,7274,214.657932
1,7275,49.106681
1,7276,363.596767
1,7277,122.087977
1,7278,302.449130
1,7279,253.642394
1,7280,204.438261
1,7281,95.382842
1,7282,134.908737
1,7283,371.369702
1,7284,205.667846
1,7285,17.775509
1,7286,244.413115
1,7287,19.652748
1,7288,325.914610
1,7289,451.961033
1,7290,73.034209
1,7291,345.448785
1,7292,20.352696
1,7293,330.628885
1,7294,98.358747
1,7295,325.073044
1,7296,77.887899
1,7297,391.773330
1,7298,65.299397
1,7299,160.123323
1,7300,142.478770
1,7301,171.896015
1,7302,123.625731
1,7303,339.161727
1,7304,18.664076
1,7305,318.824112
1,7306,201.337536
1,7307,413.783796
1,7308,179.484890
1,7309,235.725017
1,7310,159.929335
1,7311,93.270115
1,7312,190.200921
1,7313,445.694426
1,7314,199.819614
1,7315,549.926008
1,7316,71.412836
1,7317,231.411250
1,7318,500.000749
1,7319,121.779847
1,7320,127.021356
1,7321,168.418702
1,7322,56.187447
1,7323,253.422943
1,7324,96.855514
1,7325,280.335593
1,7326,186.518332
1,7327,449.258514
1,7328,61.987449
1,7329,218.252088
1,7330,21.048509
1,7331,104.166870
1,7332,125.435935
1,7333,51.369640
1,7334,77.404965
1,7335,202.848664
1,7336,7.058446
1,7337,112.769970
1,7338,227.118045
1,7339,98.240889
1,7340,111.764415
1,7341,261.342516
1,7342,258.554750
1,7343,20.265990
1,7344,303.047234
1,7345,35.978274
1,7346,174.864673
1,7347,81.942044
1,7348,178.834724
1,7349,371.871154
1,7350,309.963892
1,7351,20.841192
1,7352,51.379683
1,7353,55.696564
1,7354,357.068954
1,7355,20.493553
1,7356,568.096512
1,7357,57.395289
1,7358,384.896285
1,7359,154.873286
1,7360,329.006410
1,7361,122.282543
1,7362,253.299483
1,7363,326.910833
1,7364,68.106065
1,7365,129.933603
1,7366,441.235071
1,7367,225.253722
1,7368,360.272194
1,7369,191.731720
1,7370,283.006711
1,7371,49.330427
1,7372,389.608701
1,7373,173.385321
1,7374,367.181883
1,7375,0.000000
1,7376,236.609656
1,7377,37.502185
1,7378,17.106220
1,7379,102.298247
1,7380,53.130016
1,7381,52.484794
1,7382,169.246753
1,7383,146.665808
1,7384,16.800091
1,7385,243.921692
1,7386,16.809687
1,7387,236.054904
1,7388,28.247755
1,7389,240.324852
1,7390,405.396825
1,7391,123.111546
1,7392,33.750902
1,7393,309.015215
1,7394,346.296835
1,7395,254.145959
1,7396,352.320408
1,7397,104.459862
1,7398,274.292080
1,7399,117.435788
1,7400,118.395323
1,7401,322.662168
1,7402,17.997761
1,7403,301.553982
1,7404,335.390845
1,7405,310.357702
1,7406,19.585146
1,7407,73.630019
1,7408,18.205628
1,7409,322.848832
1,7410,119.707576
1,7411,315.906376
1,7412,774.815637
1,7413,218.600748
1,7414,273.733628
1,7415,88.946406
1,7416,221.821066
1,7417,268.901767
1,7418,325.790435
1,7419,52.443962
1,7420,158.560590
1,7421,56.053297
1,7422,18.421391
1,7423,290.960924
1,7424,66.479470
1,7425,333.607692
1,7426,147.051332
1,7427,404.163544
1,7428,59.091698
1,7429,123.903957
1,7430,268.739123
1,7431,557.612538
1,7432,396.102620
1,7433,71.093025
1,7434,148.826982
1,7435,297.529765
1,7436,259.555869
1,7437,87.239363
1,7438,389.166706
1,7439,261.646026
1,7440,20.983063
1,7441,1096.238462
1,7442,129.098627
1,7443,122.533174
1,7444,536.335651
1,7445,297.169758
1,7446,399.597869
1,7447,19.056888
1,7448,312.421038
1,7449,196.669085
1,7450,301.277532
1,7451,92.060896
1,7452,129.028101
1,7453,183.283861
1,7454,287.179266
1,7455,333.910811
1,7456,278.575296
1,7457,48.016957
1,7458,140.328391
1,7459,114.763362
1,7460,147.990143
1,7461,113.301484
1,7462,247.219408
1,7463,58.120873
1,7464,155.578975
1,7465,70.617775
1,7466,136.295719
1,7467,15.286145
1,7468,156.733533
1,7469,164.275137
1,7470,16.061011
1,7471,354.359720
1,7472,138.074768
1,7473,108.709885
1,7474,316.713853
1,7475,25.640963
1,7476,276.030120
1,7477,218.861860
1,7478,188.716695
1,7479,288.592512
1,7480,65.707040
1,7481,154.506019
1,7482,102.249056
1,7483,417.599416
1,7484,281.687186
1,7485,159.739871
1,7486,49.056354
1,7487,154.206721
1,7488,129.124921
1,7489,195.157329
1,7490,89.505293
1,7491,46.493206
1,7492,150.759906
1,7493,110.831761
1,7494,0.000000
1,7495,275.439438
1,7496,148.021704
1,7497,124.358476
1,7498,107.054227
1,7499,220.435365
1,7500,198.229606
1,7501,119.817088
1,7502,0.000000
1,7503,298.429258
1,7504,82.030161
1,7505,526.541812
1,7506,44.906253
1,7507,271.533545
1,7508,17.339054
1,7509,49.904917
1,7510,238.339646
1,7511,160.840117
1,7512,18.150029
1,7513,91.596271
1,7514,42.739122
1,7515,125.094196
1,7516,90.822424
1,7517,30.106205
1,7518,79.655995
1,7519,208.795596
1,7520,168.105476
1,7521,41.088342
1,7522,276.914970
1,7523,169.065389
1,7524,470.670088
1,7525,48.577864
1,7526,640.939654
1,7527,109.596374
1,7528,427.495967
1,7529,72.200049
1,7530,148.586746
1,7531,137.298209
1,7532,375.209179
1,7533,94.404669
1,7534,48.125558
1,7535,339.461872
1,7536,62.710406
1,7537,357.284251
1,7538,64.037811
1,7539,162.837239
1,7540,294.517673
1,7541,98.420278
1,7542,32.654375
1,7543,0.000000
1,7544,307.798316
1,7545,44.596907
1,7546,147.835382
1,7547,139.937634
1,7548,167.074880
1,7549,146.243459
1,7550,131.090013
1,7551,29.857095
1,7552,61.638338
1,7553,169.934031
1,7554,14.615521
1,7555,178.495611
1,7556,116.699974
1,7557,148.876481
1,7558,155.402774
1,7559,345.557027
1,7560,101.341924
1,7561,164.728173
1,7562,136.518984
1,7563,237.165430
1,7564,129.668186
1,7565,41.476699
1,7566,112.282527
1,7567,82.704520
1,7568,56.085053
1,7569,0.000000
1,7570,206.571520
1,7571,16.445280
1,7572,66.665849
1,7573,277.335076
1,7574,0.000000
1,7575,346.653692
1,7576,167.503023
1,7577,166.580597
1,7578,51.094076
1,7579,44.550023
1,7580,49.175665
1,7581,250.289324
1,7582,73.069155
1,7583,133.067439
1,7584,241.190281
1,7585,80.045251
1,7586,7.611633
1,7587,153.518092
1,7588,79.248856
1,7589,121.147257
1,7590,85.975517
1,7591,152.896710
1,7592,80.054605
1,7593,44.888814
1,7594,135.696499
1,7595,100.740313
1,7596,125.171255
1,7597,45.731832
1,7598,81.065834
1,7599,302.406560
1,7600,17.589188
1,7601,146.660484
1,7602,17.636293
1,7603,205.609973
1,7604,69.772714
1,7605,78.779699
1,7606,17.694608
1,7607,90.535712
1,7608,95.942656
1,7609,175.948237
1,7610,18.153628
1,7611,97.605560
1,7612,54.425086
1,7613,156.612759
1,7614,99.398931
1,7615,116.255272
1,7616,31.687906
1,7617,95.794423
1,7618,37.863076
1,7619,256.692623
1,7620,46.236284
1,7621,341.545436
1,7622,239.577865
1,7623,219.613697
1,7624,98.541502
1,7625,109.770170
1,7626,30.933488
1,7627,179.190376
1,7628,199.065377
1,7629,204.062190
1,7630,222.160813
1,7631,68.629391
1,7632,20.144068
1,7633,247.013159
1,7634,631.071673
1,7635,604.188925
1,7636,436.728088
1,7637,463.455773
1,7638,292.409872
1,7639,6.354080
1,7640,300.856669
1,7641,107.246086
1,7642,256.714176
1,7643,172.618528
1,7644,289.332859
1,7645,206.460113
1,7646,52.443286
1,7647,189.044818
1,7648,47.879421
1,7649,177.131133
1,7650,324.188473
1,7651,109.806961
1,7652,398.604970
1,7653,70.835168
1,7654,304.768513
1,7655,645.066627
1,7656,226.215009
1,7657,264.968121
1,7658,212.741685
1,7659,130.870837
1,7660,144.977974
1,7661,10.267903
1,7662,95.344032
1,7663,153.756242
1,7664,436.085665
1,7665,152.238686
1,7666,385.628367
1,7667,121.466207
1,7668,23.126896
1,7669,156.957200
1,7670,126.552290
1,7671,10.678794
1,7672,198.603712
1,7673,10.723595
1,7674,45.379764
1,7675,11.294907
1,7676,71.074068
1,7677,149.955775
1,7678,199.989153
1,7679,210.751287
1,7680,172.315757
1,7681,164.719451
1,7682,21.997442
1,7683,223.611705
1,7684,100.215822
1,7685,130.274212
1,7686,11.408601
1,7687,180.253516
1,7688,0.000000
1,7689,151.779558
1,7690,87.847167
1,7691,11.424137
1,7692,99.164809
1,7693,89.289384
1,7694,144.295546
1,7695,177.319864
1,7696,168.385530
1,7697,229.712678
1,7698,206.864658
1,7699,13.016596
1,7700,75.751722
1,7701,108.985121
1,7702,84.242269
1,7703,138.692465
1,7704,62.748330
1,7705,16.864205
1,7706,189.421659
1,7707,0.000000
1,7708,250.580219
1,7709,128.963015
1,7710,93.942973
1,7711,173.882140
1,7712,323.423618
1,7713,7.574412
1,7714,123.704218
1,7715,18.497290
1,7716,135.405283
1,7717,8.506290
1,7718,138.364181
1,7719,115.377706
1,7720,184.631504
1,7721,151.402255
1,7722,57.624087
1,7723,227.559416
1,7724,331.717180
1,7725,258.730341
1,7726,269.488401
1,7727,208.476727
1,7728,49.791683
1,7729,83.382481
1,7730,36.244229
1,7731,89.855359
1,7732,132.562615
1,7733,9.926154
1,7734,30.118831
1,7735,146.114675
1,7736,52.450130
1,7737,52.154475
1,7738,9.843755
1,7739,710.303077
1,7740,38.054343
1,7741,184.117514
1,7742,89.610036
1,7743,83.406335
1,7744,10.631255
1,7745,64.861131
1,7746,97.316372
1,7747,164.169092
1,7748,10.716688
1,7749,38.319698
1,7750,95.750700
1,7751,10.464081
1,7752,226.778400
1,7753,54.238208
1,7754,133.059201
1,7755,436.613023
1,7756,11.072641
1,7757,141.265303
1,7758,10.725902
1,7759,89.284962
1,7760,164.050792
1,7761,177.767443
1,7762,223.292181
1,7763,203.982328
1,7764,204.189491
1,7765,58.368122
1,7766,279.447248
1,7767,10.912454
1,7768,32.482984
1,7769,92.485136
1,7770,79.647788
1,7771,65.982089
1,7772,55.894839
1,7773,188.798434
1,7774,76.366497
1,7775,11.933495
1,7776,66.668101
1,7777,81.366891
1,7778,80.840695
1,7779,23.100081
1,7780,11.164103
1,7781,143.959637
1,7782,65.125664
1,7783,72.544733
1,7784,106.798270
1,7785,143.498844
1,7786,80.912071
1,7787,117.639066
1,7788,22.483866
1,7789,31.503190
1,7790,12.079646
1,7791,75.612595
1,7792,11.890259
1,7793,115.624504
1,7794,11.519928
1,7795,45.936744
1,7796,106.779002
1,7797,205.175081
1,7798,163.995696
1,7799,106.094083
1,7800,72.685569
1,7801,98.178135
1,7802,42.133834
1,7803,182.744325
1,7804,89.584568
1,7805,141.262066
1,7806,72.231611
1,7807,504.921826
1,7808,194.133591
1,7809,123.757950
1,7810,274.644567
1,7811,77.908770
1,7812,398.840380
1,7813,215.059956
1,7814,154.909050
1,7815,62.561671
1,7816,6.460751
1,7817,134.248228
1,7818,6.993780
1,7819,105.210933
1,7820,235.229273
1,7821,160.992272
1,7822,6.837815
1,7823,146.764181
1,7824,158.333787
1,7825,269.497611
1,7826,167.959212
1,7827,163.181091
1,7828,18.528132
1,7829,50.329496
1,7830,104.680303
1,7831,211.767201
1,7832,127.029544
1,7833,191.316778
1,7834,109.972736
1,7835,136.578398
1,7836,102.875383
1,7837,88.294392
1,7838,310.240041
1,7839,65.581431
1,7840,198.326390
1,7841,291.196934
1,7842,193.549907
1,7843,217.165851
1,7844,104.755160
1,7845,9.308195
1,7846,43.345441
1,7847,221.338836
1,7848,78.271608
1,7849,43.497872
1,7850,252.339111
1,7851,167.912882
1,7852,102.586268
1,7853,134.666779
1,7854,57.447367
1,7855,223.992000
1,7856,117.818016
1,7857,97.368214
1,7858,10.499218
1,7859,30.526583
1,7860,122.685999
1,7861,144.374361
1,7862,152.479682
1,7863,68.499575
1,7864,225.571643
1,7865,113.323546
1,7866,328.779980
1,7867,435.010072
1,7868,295.107038
1,7869,9.710399
1,7870,0.000000
1,7871,160.509360
1,7872,41.830242
1,7873,80.338443
1,7874,134.055194
1,7875,238.135536
1,7876,99.444201
1,7877,182.195250
1,7878,212.430446
1,7879,142.590980
1,7880,0.000000
1,7881,127.310140
1,7882,89.083402
1,7883,47.677751
1,7884,62.496817
1,7885,41.104386
1,7886,56.119748
1,7887,173.001201
1,7888,53.699736
1,7889,71.025442
1,7890,68.964305
1,7891,70.642954
1,7892,111.640470
1,7893,18.361945
1,7894,169.083766
1,7895,152.551443
1,7896,7.534694
1,7897,108.502070
1,7898,7.403310
1,7899,28.797005
1,7900,0.000000
1,7901,18.737992
1,7902,246.242901
1,7903,257.053833
1,7904,107.590152
1,7905,142.255943
1,7906,102.544644
1,7907,55.038672
1,7908,155.724221
1,7909,102.049403
1,7910,58.234950
1,7911,163.947582
1,7912,115.157894
1,7913,144.699499
1,7914,128.264210
1,7915,156.385416
1,7916,50.901149
1,7917,292.162543
1,7918,64.523328
1,7919,175.162428
1,7920,8.976252
1,7921,110.768040
1,7922,50.715542
1,7923,130.844096
1,7924,8.999844
1,7925,37.277190
1,7926,680.186444
1,7927,808.087872
1,7928,255.349211
1,7929,178.709803
1,7930,0.000000
1,7931,182.494408
1,7932,216.307360
1,7933,248.140845
1,7934,181.595669
1,7935,126.960088
1,7936,10.174571
1,7937,68.448934
1,7938,253.666883
1,7939,164.332959
1,7940,286.579851
1,7941,430.428880
1,7942,575.520741
1,7943,338.118299
1,7944,290.167963
1,7945,15.307205
1,7946,277.542920
1,7947,121.679480
1,7948,551.933522
1,7949,459.805246
1,7950,353.871270
1,7951,393.819719
1,7952,43.589863
1,7953,252.123379
1,7954,229.045527
1,7955,326.350896
1,7956,418.177358
1,7957,163.929840
1,7958,149.720315
1,7959,364.183097
1,7960,0.000000
1,7961,119.485185
1,7962,320.440374
1,7963,163.865988
1,7964,165.978380
1,7965,145.787292
1,7966,163.054435
1,7967,250.955613
1,7968,78.684152
1,7969,88.587026
1,7970,317.461219
1,7971,64.061823
1,7972,274.331271
1,7973,287.863859
1,7974,35.758794
1,7975,200.748325
1,7976,15.719859
1,7977,67.151982
1,7978,111.004164
1,7979,126.236853
1,7980,211.863345
1,7981,35.529612
1,7982,262.064352
1,7983,34.656566
1,7984,189.973793
1,7985,284.308877
1,7986,32.551303
1,7987,102.690707
1,7988,386.593920
1,7989,293.615091
1,7990,11.521533
1,7991,503.749631
1,7992,308.579742
1,7993,411.969768
1,7994,11.740152
1,7995,166.880677
1,7996,37.037775
1,7997,254.349446
1,7998,120.885842
1,7999,270.390996
1,8000,154.854852
1,8001,276.120857
1,8002,209.701617
1,8003,518.409265
1,8004,276.450490
1,8005,440.660207
1,8006,255.846847
1,8007,321.160865
1,8008,13.250484
1,8009,71.985599
1,8010,107.762446
1,8011,267.254321
1,8012,418.797760
1,8013,40.640134
1,8014,137.740342
1,8015,47.302367
1,8016,66.159012
1,8017,117.249283
1,8018,130.257766
1,8019,14.803814
1,8020,151.041714
1,8021,44.864264
1,8022,134.768233
1,8023,41.861273
1,8024,74.378358
1,8025,319.671094
1,8026,207.156400
1,8027,296.837079
1,8028,443.885737
1,8029,51.659946
1,8030,109.918203
1,8031,122.789495
1,8032,230.713811
1,8033,10.640687
1,8034,355.904080
1,8035,55.228793
1,8036,68.283330
1,8037,220.885508
1,8038,89.398098
1,8039,110.650626
1,8040,236.090234
1,8041,88.300922
1,8042,84.337873
1,8043,160.914266
1,8044,0.000000
1,8045,227.190468
1,8046,41.524998
1,8047,229.437436
1,8048,396.298772
1,8049,253.647263
1,8050,223.974068
1,8051,138.038172
1,8052,154.139090
1,8053,189.546261
1,8054,142.866157
1,8055,265.703662
1,8056,205.214378
1,8057,191.019598
1,8058,93.730890
1,8059,153.818628
1,8060,230.868477
1,8061,207.402721
1,8062,68.370209
1,8063,41.060451
1,8064,135.455338
1,8065,76.413752
1,8066,478.605711
1,8067,108.298758
1,8068,166.555949
1,8069,187.318541
1,8070,123.931228
1,8071,14.111870
1,8072,298.739030
1,8073,39.254165
1,8074,199.342681
1,8075,41.667620
1,8076,174.621207
1,8077,213.832637
1,8078,8.747140
1,8079,107.518980
1,8080,232.621338
1,8081,223.145741
1,8082,232.082795
1,8083,71.131360
1,8084,191.034183
1,8085,213.611605
1,8086,282.874304
1,8087,346.978755
1,8088,0.000000
1,8089,158.730267
1,8090,224.714866
1,8091,11.396835
1,8092,150.508255
1,8093,10.918058
1,8094,77.959982
1,8095,152.220497
1,8096,41.181418
1,8097,216.565137
1,8098,46.300002
1,8099,113.057254
1,8100,137.310756
1,8101,133.198246
1,8102,32.384595
1,8103,185.027882
1,8104,103.250462
1,8105,234.566874
1,8106,54.871761
1,8107,182.062723
1,8108,387.965843
1,8109,48.163688
1,8110,356.871513
1,8111,358.147079
1,8112,140.393165
1,8113,489.047850
1,8114,61.058770
1,8115,199.259072
1,8116,294.466869
1,8117,443.404527
1,8118,235.076471
1,8119,168.344712
1,8120,108.378051
1,8121,173.930789
1,8122,186.287245
1,8123,58.160453
1,8124,497.107905
1,8125,47.477863
1,8126,14.058734
1,8127,467.074816
1,8128,365.695268
1,8129,135.156340
1,8130,289.102242
1,8131,214.292478
1,8132,646.498447
1,8133,33.316977
1,8134,267.462833
1,8135,95.090899
1,8136,225.823401
1,8137,165.539808
1,8138,149.860648
1,8139,104.277483
1,8140,181.476571
1,8141,63.786275
1,8142,266.182932
1,8143,169.611183
1,8144,326.284055
1,8145,150.566793
1,8146,344.631558
1,8147,317.190897
1,8148,214.612761
1,8149,15.304159
1,8150,207.245973
1,8151,173.486595
1,8152,268.919368
1,8153,224.771466
1,8154,14.937952
1,8155,198.566562
1,8156,244.155284
1,8157,171.982252
1,8158,346.237227
1,8159,342.674918
1,8160,176.886872
1,8161,210.984673
1,8162,249.743736
1,8163,64.217879
1,8164,232.704196
1,8165,115.534903
1,8166,148.441536
1,8167,182.080546
1,8168,7.410222
1,8169,93.025039
1,8170,196.595187
1,8171,134.483586
1,8172,101.417402
1,8173,52.782373
1,8174,0.000000
1,8175,9.990822
1,8176,137.490961
1,8177,227.042525
1,8178,154.364470
1,8179,45.115742
1,8180,84.087664
1,8181,54.345487
1,8182,94.984540
1,8183,24.334414
1,8184,44.667131
1,8185,0.000000
1,8186,40.165813
1,8187,96.481583
1,8188,76.450868
1,8189,40.106302
1,8190,60.137742
1,8191,0.000000
1,8192,177.491255
1,8193,173.983577
1,8194,100.695266
1,8195,141.269758
1,8196,41.446749
1,8197,70.313461
1,8198,69.890312
1,8199,155.266859
1,8200,150.817378
1,8201,0.000000
1,8202,161.522799
1,8203,191.179916
1,8204,13.046323
1,8205,64.348930
1,8206,12.562240
1,8207,50.059043
1,8208,0.000000
1,8209,90.651642
1,8210,12.589734
1,8211,24.860071
1,8212,159.011359
1,8213,167.058870
1,8214,43.850253
1,8215,103.075785
1,8216,44.756588
1,8217,96.910267
1,8218,13.798786
1,8219,127.045313
1,8220,50.430410
1,8221,41.474711
1,8222,81.499186
1,8223,24.635721
1,8224,133.865987
1,8225,138.995323
1,8226,36.002709
1,8227,155.343516
1,8228,151.509604
1,8229,204.196659
1,8230,151.660556
1,8231,26.799008
1,8232,90.913861
1,8233,27.175865
1,8234,174.165344
1,8235,256.103230
1,8236,139.530657
1,8237,14.184218
1,8238,137.522607
1,8239,13.477146
1,8240,108.856126
1,8241,127.449343
1,8242,76.383667
1,8243,149.952590
1,8244,14.459367
1,8245,193.918784
1,8246,1222.172326
1,8247,166.933363
1,8248,44.739909
1,8249,99.541863
1,8250,77.220686
1,8251,65.867012
1,8252,170.337961
1,8253,10.688637
1,8254,39.027251
1,8255,71.784191
1,8256,175.998855
1,8257,189.011464
1,8258,253.332479
1,8259,269.141152
1,8260,72.028680
1,8261,257.674861
1,8262,225.191420
1,8263,33.533933
1,8264,131.568104
1,8265,265.243238
1,8266,0.000000
1,8267,215.771520
1,8268,340.986222
1,8269,0.000000
1,8270,280.142463
1,8271,622.183818
1,8272,390.557233
1,8273,199.699491
1,8274,158.806316
1,8275,57.288921
1,8276,190.492970
1,8277,65.849233
1,8278,260.504115
1,8279,180.682401
1,8280,252.666759
1,8281,224.336193
1,8282,370.622044
1,8283,158.465373
1,8284,43.848438
1,8285,144.672885
1,8286,10.214312
1,8287,165.813572
1,8288,82.705483
1,8289,11.099253
1,8290,39.050805
1,8291,10.680942
1,8292,70.221012
1,8293,91.724478
1,8294,58.157594
1,8295,68.486004
1,8296,45.083998
1,8297,97.886998
1,8298,63.911397
1,8299,271.177170
1,8300,11.103623
1,8301,231.069722
1,8302,240.660971
1,8303,0.000000
1,8304,75.905516
1,8305,106.313972
1,8306,37.729088
1,8307,87.821082
1,8308,75.383600
1,8309,167.036521
1,8310,75.823416
1,8311,110.335198
1,8312,145.874853
1,8313,23.683051
1,8314,56.550301
1,8315,101.380552
1,8316,187.749123
1,8317,92.203998
1,8318,12.331565
1,8319,79.819934
1,8320,30.936542
1,8321,96.454984
1,8322,136.300429
1,8323,12.861522
1,8324,90.834298
1,8325,12.115562
1,8326,59.174756
1,8327,13.360529
1,8328,227.470956
1,8329,12.439187
1,8330,24.159824
1,8331,159.512175
1,8332,168.023436
1,8333,192.725840
1,8334,161.983028
1,8335,17.425079
1,8336,174.357540
1,8337,118.296597
1,8338,247.355383
1,8339,231.329152
1,8340,349.884784
1,8341,364.865153
1,8342,448.280251
1,8343,17.578121
1,8344,312.071616
1,8345,17.959198
1,8346,310.465757
1,8347,48.956104
1,8348,233.265200
1,8349,122.378801
1,8350,393.748886
1,8351,18.746918
1,8352,178.499734
1,8353,288.361415
1,8354,23.218657
1,8355,575.143924
1,8356,799.151080
1,8357,707.346524
1,8358,0.000000
1,8359,419.940111
1,8360,409.242157
1,8361,524.813150
1,8362,52.861453
1,8363,449.967773
1,8364,315.911803
1,8365,182.095044
1,8366,20.455290
1,8367,394.560530
1,8368,371.801589
1,8369,250.721533
1,8370,44.371720
1,8371,344.986922
1,8372,20.666228
1,8373,346.779127
1,8374,444.358897
1,8375,255.324409
1,8376,485.748814
1,8377,103.781563
1,8378,431.491519
1,8379,497.087395
1,8380,73.757573
1,8381,504.266635
1,8382,901.488197
1,8383,522.488066
1,8384,622.738084
1,8385,325.006229
1,8386,108.856227
1,8387,232.698998
1,8388,161.561300
1,8389,146.512081
1,8390,202.882732
1,8391,199.583766
1,8392,82.516506
1,8393,276.619715
1,8394,189.645085
1,8395,75.274214
1,8396,304.798391
1,8397,267.501743
1,8398,151.649643
1,8399,275.858724
1,8400,390.366770
1,8401,233.315986
1,8402,68.546117
1,8403,121.806134
1,8404,61.387044
1,8405,268.162162
1,8406,16.017968
1,8407,408.626402
1,8408,84.280794
1,8409,79.645474
1,8410,18.516729
1,8411,344.077687
1,8412,57.684975
1,8413,56.499184
1,8414,113.988764
1,8415,236.209224
1,8416,827.965749
1,8417,646.321498
1,8418,56.623669
1,8419,732.471979
1,8420,97.030104
1,8421,92.993970
1,8422,169.724947
1,8423,488.058774
1,8424,156.984618
1,8425,754.097527
1,8426,50.304434
1,8427,375.566586
1,8428,198.148509
1,8429,333.673942
1,8430,147.971952
1,8431,127.601919
1,8432,72.647291
1,8433,531.513508
1,8434,217.397252
1,8435,556.638370
1,8436,117.039308
1,8437,135.557882
1,8438,256.860980
1,8439,296.720844
1,8440,66.885338
1,8441,161.256553
1,8442,330.376215
1,8443,6.907180
1,8444,304.652599
1,8445,201.308727
1,8446,248.910856
1,8447,187.822871
1,8448,109.191632
1,8449,248.525567
1,8450,236.229475
1,8451,128.118884
1,8452,431.983095
1,8453,77.081952
1,8454,138.068735
1,8455,408.340778
1,8456,50.252949
1,8457,248.991038
1,8458,391.807868
1,8459,536.569540
1,8460,368.576780
1,8461,248.670327
1,8462,258.338158
1,8463,42.722546
1,8464,177.134287
1,8465,326.447628
1,8466,35.113684
1,8467,429.165151
1,8468,15.362188
1,8469,460.191060
1,8470,157.789744
1,8471,326.440606
1,8472,16.563931
1,8473,150.007503
1,8474,207.335155
1,8475,548.931159
1,8476,375.474397
1,8477,321.016531
1,8478,52.728459
1,8479,444.869159
1,8480,42.886229
1,8481,480.407436
1,8482,479.154694
1,8483,142.471351
1,8484,82.831306
1,8485,223.548043
1,8486,190.941280
1,8487,278.857584
1,8488,18.758259
1,8489,328.967612
1,8490,536.297656
1,8491,59.568516
1,8492,122.622493
1,8493,240.229935
1,8494,0.000000
1,8495,587.640839
1,8496,527.396605
1,8497,18.844759
1,8498,783.241574
1,8499,655.934636
1,8500,407.199542
1,8501,87.588942
1,8502,125.034990
1,8503,326.961969
1,8504,415.596965
1,8505,456.624802
1,8506,98.424577
1,8507,554.554877
1,8508,585.665807
1,8509,83.827637
1,8510,512.032764
1,8511,351.622365
1,8512,69.497162
1,8513,370.345119
1,8514,315.305839
1,8515,155.148930
1,8516,190.685536
1,8517,146.849245
1,8518,306.431253
1,8519,20.295482
1,8520,518.409093
1,8521,311.948872
1,8522,189.090855
1,8523,445.013144
1,8524,99.857718
1,8525,500.692452
1,8526,206.540430
1,8527,7.225224
1,8528,301.395005
1,8529,429.700376
1,8530,54.323378
1,8531,252.600407
1,8532,190.495794
1,8533,260.663028
1,8534,109.726649
1,8535,66.525071
1,8536,380.013433
1,8537,485.834222
1,8538,420.613220
1,8539,174.079120
1,8540,331.290742
1,8541,154.872892
1,8542,247.812443
1,8543,422.297155
1,8544,322.492602
1,8545,93.501545
1,8546,291.720679
1,8547,158.223277
1,8548,43.017756
1,8549,152.822505
1,8550,62.114142
1,8551,176.607272
1,8552,302.372738
1,8553,358.986101
1,8554,32.645607
1,8555,323.709742
1,8556,301.651576
1,8557,476.427492
1,8558,268.759171
1,8559,58.446269
1,8560,407.663938
1,8561,136.294291
1,8562,588.027140
1,8563,34.748960
1,8564,437.381195
1,8565,462.595479
1,8566,187.188201
1,8567,200.219246
1,8568,222.820885
1,8569,16.010459
1,8570,293.373914
1,8571,276.092821
1,8572,99.057692
1,8573,443.690269
1,8574,631.540753
1,8575,183.679420
1,8576,543.195041
1,8577,364.941910
1,8578,214.976214
1,8579,371.890632
1,8580,73.053106
1,8581,330.273358
1,8582,118.392429
1,8583,415.399446
1,8584,0.000000
1,8585,466.405721
1,8586,236.526859
1,8587,18.679381
1,8588,241.268930
1,8589,71.767837
1,8590,319.536261
1,8591,305.211331
1,8592,205.162119
1,8593,147.904576
1,8594,129.015032
1,8595,101.382747
1,8596,328.686855
1,8597,341.754802
1,8598,400.410661
1,8599,504.166038
1,8600,442.772307
1,8601,121.252487
1,8602,335.218766
1,8603,137.520536
1,8604,114.447802
1,8605,198.362051
1,8606,102.611124
1,8607,448.187338
1,8608,428.041408
1,8609,389.614577
1,8610,52.194959
1,8611,532.374732
1,8612,233.327139
1,8613,61.339797
1,8614,222.969224
1,8615,701.896284
1,8616,80.231853
1,8617,523.933099
1,8618,52.836930
1,8619,387.236102
1,8620,89.658318
1,8621,427.827513
1,8622,415.344772
1,8623,259.425335
1,8624,133.897692
1,8625,365.500847
1,8626,277.726490
1,8627,380.563348
1,8628,428.290919
1,8629,217.342008
1,8630,480.658148
1,8631,66.761102
1,8632,360.941321
1,8633,327.413122
1,8634,98.014780
1,8635,248.964186
1,8636,299.912104
1,8637,383.596587
1,8638,119.887229
1,8639,786.166222
1,8640,520.868100
1,8641,54.616045
1,8642,46.315160
1,8643,305.859798
1,8644,53.501588
1,8645,41.701806
1,8646,413.779587
1,8647,80.476878
1,8648,206.662279
1,8649,216.685901
1,8650,177.545450
1,8651,249.425891
1,8652,404.323707
1,8653,13.318000
1,8654,25.466858
1,8655,465.252097
1,8656,441.334915
1,8657,66.222571
1,8658,377.333146
1,8659,15.057396
1,8660,367.108228
1,8661,389.177123
1,8662,15.301037
1,8663,118.328543
1,8664,41.778610
1,8665,188.865064
1,8666,200.797874
1,8667,16.084995
1,8668,311.676220
1,8669,195.439797
1,8670,207.925652
1,8671,16.885942
1,8672,201.249749
1,8673,419.957004
1,8674,405.052452
1,8675,235.859800
1,8676,157.121494
1,8677,554.474969
1,8678,127.003012
1,8679,10.999075
1,8680,88.585580
1,8681,170.955305
1,8682,334.646800
1,8683,12.826383
1,8684,292.511755
1,8685,494.762348
1,8686,468.241379
1,8687,102.555511
1,8688,239.611336
1,8689,31.433393
1,8690,177.005028
1,8691,318.131868
1,8692,43.895492
1,8693,250.169699
1,8694,69.645692
1,8695,403.873825
1,8696,192.769891
1,8697,318.327277
1,8698,194.902730
1,8699,176.615177
1,8700,302.547509
1,8701,0.000000
1,8702,139.063917
1,8703,111.380448
1,8704,273.840050
1,8705,19.119442
1,8706,382.703499
1,8707,16.695503
1,8708,396.318912
1,8709,52.691784
1,8710,35.996968
1,8711,265.253407
1,8712,209.267949
1,8713,90.161812
1,8714,129.078459
1,8715,473.658580
1,8716,41.839484
1,8717,370.452629
1,8718,203.459068
1,8719,34.591062
1,8720,275.964935
1,8721,53.134062
1,8722,119.164217
1,8723,377.525775
1,8724,33.732421
1,8725,0.000000
1,8726,391.480989
1,8727,39.119973
1,8728,220.186343
1,8729,80.561008
1,8730,17.932938
1,8731,254.488217
1,8732,252.091100
1,8733,236.950411
1,8734,175.822596
1,8735,204.841883
1,8736,310.451046
1,8737,46.191400
1,8738,568.285792
1,8739,393.998384
1,8740,151.904959
1,8741,244.630446
1,8742,198.891043
1,8743,305.897894
1,8744,91.926841
1,8745,145.495224
1,8746,121.952741
1,8747,337.509094
1,8748,187.182122
1,8749,117.546812
1,8750,302.352692
1,8751,45.995286
1,8752,183.072486
1,8753,38.551904
1,8754,62.608835
1,8755,143.990591
1,8756,117.126034
1,8757,52.472823
1,8758,0.000000
1,8759,85.054938
1,8760,11.547520
1,8761,117.749854
1,8762,0.000000
1,8763,142.571670
1,8764,66.055659
1,8765,171.720470
1,8766,76.657465
1,8767,76.164767
1,8768,281.173153
1,8769,252.256812
1,8770,273.348681
1,8771,293.009187
1,8772,377.875541
1,8773,14.206752
1,8774,545.232868
1,8775,418.898193
1,8776,132.352571
1,8777,60.026851
1,8778,278.568395
1,8779,0.000000
1,8780,408.359109
1,8781,149.660391
1,8782,455.013346
1,8783,319.036795
1,8784,15.248866
1,8785,358.098489
1,8786,299.915589
1,8787,58.351830
1,8788,169.752262
1,8789,42.693167
1,8790,54.486373
1,8791,373.312371
1,8792,77.185348
1,8793,75.907621
1,8794,427.624331
1,8795,99.273397
1,8796,263.635163
1,8797,135.053729
1,8798,75.542080
1,8799,321.716165
1,8800,310.559576
1,8801,119.814173
1,8802,334.121915
1,8803,261.273364
1,8804,83.127037
1,8805,367.144631
1,8806,406.645203
1,8807,166.809561
1,8808,146.656179
1,8809,179.371754
1,8810,147.563920
1,8811,343.105426
1,8812,17.518779
1,8813,225.688042
1,8814,40.354842
1,8815,0.000000
1,8816,211.284469
1,8817,47.435685
1,8818,139.934926
1,8819,199.859225
1,8820,121.181992
1,8821,182.041336
1,8822,94.480480
1,8823,126.986308
1,8824,117.658524
1,8825,111.634163
1,8826,103.380931
1,8827,594.389601
1,8828,162.709426
1,8829,163.284310
1,8830,349.564470
1,8831,695.376516
1,8832,105.762779
1,8833,9.907009
1,8834,88.913619
1,8835,36.904912
1,8836,251.182534
1,8837,113.020093
1,8838,218.878994
1,8839,100.929587
1,8840,210.371291
1,8841,12.609711
1,8842,160.760132
1,8843,131.907602
1,8844,0.000000
1,8845,463.704843
1,8846,97.813139
1,8847,162.436474
1,8848,283.204587
1,8849,144.261244
1,8850,66.964351
1,8851,14.510234
1,8852,156.477995
1,8853,151.419050
1,8854,0.000000
1,8855,187.988177
1,8856,230.152778
1,8857,98.436392
1,8858,147.578101
1,8859,73.091364
1,8860,306.930322
1,8861,111.317003
1,8862,220.807283
1,8863,56.764173
1,8864,240.498667
1,8865,104.412345
1,8866,110.303409
1,8867,168.757371
1,8868,79.737238
1,8869,233.106335
1,8870,89.484778
1,8871,90.095433
1,8872,63.632290
1,8873,233.472702
1,8874,284.537886
1,8875,157.040304
1,8876,266.538692
1,8877,484.046154
1,8878,0.000000
1,8879,356.447639
1,8880,16.027244
1,8881,91.702978
1,8882,175.442066
1,8883,47.548081
1,8884,50.433367
1,8885,204.260556
1,8886,230.735463
1,8887,70.641946
1,8888,164.785421
1,8889,426.588680
1,8890,385.186217
1,8891,137.862897
1,8892,9.360976
1,8893,201.069094
1,8894,185.695071
1,8895,82.690301
1,8896,421.993989
1,8897,234.778712
1,8898,103.275455
1,8899,320.994814
1,8900,69.008459
1,8901,85.855478
1,8902,173.934223
1,8903,442.166389
1,8904,126.766365
1,8905,80.886147
1,8906,343.318288
1,8907,12.875493
1,8908,193.498174
1,8909,252.454116
1,8910,320.747318
1,8911,77.366858
1,8912,181.707626
1,8913,256.804052
1,8914,56.730134
1,8915,78.242893
1,8916,215.170644
1,8917,327.894261
1,8918,58.133859
1,8919,133.825900
1,8920,142.031384
1,8921,112.987391
1,8922,58.727396
1,8923,88.160267
1,8924,318.834066
1,8925,45.578047
1,8926,85.856976
1,8927,231.881416
1,8928,376.371948
1,8929,298.870162
1,8930,197.096611
1,8931,122.178974
1,8932,187.117993
1,8933,263.551264
1,8934,70.600931
1,8935,212.033314
1,8936,98.211551
1,8937,102.759622
1,8938,218.752095
1,8939,132.160281
1,8940,155.678276
1,8941,16.536123
1,8942,326.816209
1,8943,245.803364
1,8944,299.084751
1,8945,200.226216
1,8946,299.051021
1,8947,169.738773
1,8948,305.569710
1,8949,98.420206
1,8950,417.632345
1,8951,195.291493
1,8952,460.348825
1,8953,416.381941
1,8954,163.370554
1,8955,150.447083
1,8956,275.396882
1,8957,525.413034
1,8958,410.798778
1,8959,146.645375
1,8960,202.481623
1,8961,91.010926
1,8962,275.306628
1,8963,125.431808
1,8964,173.952754
1,8965,237.626312
1,8966,42.105506
1,8967,276.712700
1,8968,104.280191
1,8969,335.121321
1,8970,116.235691
1,8971,564.621516
1,8972,231.403736
1,8973,0.000000
1,8974,137.275511
1,8975,194.553490
1,8976,573.393166
1,8977,98.265880
1,8978,246.162238
1,8979,100.466553
1,8980,239.023955
1,8981,89.319371
1,8982,200.999238
1,8983,313.540400
1,8984,77.919173
1,8985,424.015638
1,8986,196.592839
1,8987,285.754340
1,8988,17.286291
1,8989,199.441372
1,8990,246.651447
1,8991,46.898701
1,8992,65.475796
1,8993,480.418191
1,8994,406.507820
1,8995,0.000000
1,8996,283.196056
1,8997,99.430322
1,8998,189.893493
1,8999,16.544877
1,9000,305.012868
1,9001,410.975639
1,9002,18.706602
1,9003,479.629131
1,9004,472.253631
1,9005,161.690239
1,9006,283.522385
1,9007,17.478013
1,9008,325.340436
1,9009,137.161907
1,9010,42.726659
1,9011,98.701386
1,9012,180.422809
1,9013,215.222028
1,9014,445.841089
1,9015,365.239652
1,9016,300.583054
1,9017,93.471917
1,9018,488.456608
1,9019,70.386309
1,9020,258.534134
1,9021,78.665077
1,9022,81.291144
1,9023,183.951646
1,9024,97.372793
1,9025,19.166858
1,9026,340.964438
1,9027,74.376015
1,9028,182.550808
1,9029,1065.740059
1,9030,301.206147
1,9031,155.504744
1,9032,51.628632
1,9033,700.468440
1,9034,227.901081
1,9035,360.238787
1,9036,20.253950
1,9037,570.359928
1,9038,250.602446
1,9039,185.809545
1,9040,163.873169
1,9041,395.309881
1,9042,308.845085
1,9043,128.377833
1,9044,96.659603
1,9045,341.306693
1,9046,295.885147
1,9047,45.014729
1,9048,181.224162
1,9049,234.573046
1,9050,347.359661
1,9051,171.699559
1,9052,196.397329
1,9053,46.691462
1,9054,393.211892
1,9055,40.336817
1,9056,90.266877
1,9057,259.814636
1,9058,41.289756
1,9059,247.404693
1,9060,335.903879
1,9061,12.858020
1,9062,215.923819
1,9063,122.766400
1,9064,29.181600
1,9065,115.846469
1,9066,135.291927
1,9067,225.370763
1,9068,75.399013
1,9069,630.094069
1,9070,272.354694
1,9071,73.454720
1,9072,438.782007
1,9073,183.152763
1,9074,98.635218
1,9075,66.881022
1,9076,154.742241
1,9077,179.754104
1,9078,278.237868
1,9079,219.824494
1,9080,94.259838
1,9081,226.560775
1,9082,148.850094
1,9083,0.000000
1,9084,141.095114
1,9085,139.244349
1,9086,282.519025
1,9087,95.440972
1,9088,522.136399
1,9089,232.164418
1,9090,18.865590
1,9091,141.270726
1,9092,62.527656
1,9093,280.357656
1,9094,287.376174
1,9095,477.832001
1,9096,354.802373
1,9097,86.002282
1,9098,239.923113
1,9099,6.436647
1,9100,489.284858
1,9101,19.530464
1,9102,232.203943
1,9103,199.410056
1,9104,177.406704
1,9105,96.709878
1,9106,267.909634
1,9107,480.798894
1,9108,46.276707
1,9109,38.345744
1,9110,318.787491
1,9111,20.163141
1,9112,305.061027
1,9113,246.543786
1,9114,43.643740
1,9115,490.585000
1,9116,19.820838
1,9117,434.482593
1,9118,232.486147
1,9119,163.868813
1,9120,51.168559
1,9121,273.164369
1,9122,7.414152
1,9123,423.669717
1,9124,86.175251
1,9125,227.463394
1,9126,272.615459
1,9127,21.704576
1,9128,544.930938
1,9129,61.085208
1,9130,265.845345
1,9131,258.159409
1,9132,59.681902
1,9133,489.022545
1,9134,20.894038
1,9135,204.716032
1,9136,279.772143
1,9137,116.305452
1,9138,170.442025
1,9139,211.144930
1,9140,84.632818
1,9141,76.051866
1,9142,183.054484
1,9143,237.183910
1,9144,129.813653
1,9145,88.326518
1,9146,46.494524
1,9147,182.375886
1,9148,260.276520
1,9149,187.588232
1,9150,358.184100
1,9151,103.558508
1,9152,340.439380
1,9153,390.747225
1,9154,315.905382
1,9155,294.107065
1,9156,71.046673
1,9157,244.146616
1,9158,217.414550
1,9159,214.657932
1,9160,49.106681
1,9161,363.596767
1,9162,122.087977
1,9163,302.449130
1,9164,253.642394
1,9165,204.438261
1,9166,95.382842
1,9167,134.908737
1,9168,371.369702
1,9169,205.667846
1,9170,17.775509
1,9171,244.413115
1,9172,19.652748
1,9173,325.914610
1,9174,451.961033
1,9175,73.034209
1,9176,345.448785
1,9177,20.352696
1,9178,330.628885
1,9179,98.358747
1,9180,325.073044
1,9181,77.887899
1,9182,391.773330
1,9183,65.299397
1,9184,160.123323
1,9185,142.478770
1,9186,171.896015
1,9187,123.625731
1,9188,339.161727
1,9189,18.664076
1,9190,318.824112
1,9191,201.337536
1,9192,413.783796
1,9193,179.484890
1,9194,235.725017
1,9195,159.929335
1,9196,93.270115
1,9197,190.200921
1,9198,445.694426
1,9199,199.819614
1,9200,549.926008
1,9201,71.412836
1,9202,231.411250
1,9203,500.000749
1,9204,121.779847
1,9205,127.021356
1,9206,168.418702
1,9207,56.187447
1,9208,253.422943
1,9209,96.855514
1,9210,280.335593
1,9211,186.518332
1,9212,449.258514
1,9213,61.987449
1,9214,218.252088
1,9215,21.048509
1,9216,104.166870
1,9217,125.435935
1,9218,51.369640
1,9219,77.404965
1,9220,202.848664
1,9221,7.058446
1,9222,112.769970
1,9223,227.118045
1,9224,98.240889
1,9225,111.764415
1,9226,261.342516
1,9227,258.554750
1,9228,20.265990
1,9229,303.047234
1,9230,35.978274
1,9231,174.864673
1,9232,81.942044
1,9233,178.834724
1,9234,371.871154
1,9235,309.963892
1,9236,20.841192
1,9237,51.379683
1,9238,55.696564
1,9239,357.068954
1,9240,20.493553
1,9241,568.096512
1,9242,57.395289
1,9243,384.896285
1,9244,154.873286
1,9245,329.006410
1,9246,122.282543
1,9247,253.299483
1,9248,326.910833
1,9249,68.106065
1,9250,129.933603
1,9251,441.235071
1,9252,225.253722
1,9253,360.272194
1,9254,191.731720
1,9255,283.006711
1,9256,49.330427
1,9257,389.608701
1,9258,173.385321
1,9259,367.181883
1,9260,0.000000
1,9261,236.609656
1,9262,37.502185
1,9263,17.106220
1,9264,102.298247
1,9265,53.130016
1,9266,52.484794
1,9267,169.246753
1,9268,146.665808
1,9269,16.800091
1,9270,243.921692
1,9271,16.809687
1,9272,236.054904
1,9273,28.247755
1,9274,240.324852
1,9275,405.396825
1,9276,123.111546
1,9277,33.750902
1,9278,309.015215
1,9279,346.296835
1,9280,254.145959
1,9281,352.320408
1,9282,104.459862
1,9283,274.292080
1,9284,117.435788
1,9285,118.395323
1,9286,322.662168
1,9287,17.997761
1,9288,301.553982
1,9289,335.390845
1,9290,310.357702
1,9291,19.585146
1,9292,73.630019
1,9293,18.205628
1,9294,322.848832
1,9295,119.707576
1,9296,315.906376
1,9297,774.815637
1,9298,218.600748
1,9299,273.733628
1,9300,88.946406
1,9301,221.821066
1,9302,268.901767
1,9303,325.790435
1,9304,52.443962
1,9305,158.560590
1,9306,56.053297
1,9307,18.421391
1,9308,290.960924
1,9309,66.479470
1,9310,333.607692
1,9311,147.051332
1,9312,404.163544
1,9313,59.091698
1,9314,123.903957
1,9315,268.739123
1,9316,557.612538
1,9317,396.102620
1,9318,71.093025
1,9319,148.826982
1,9320,297.529765
1,9321,259.555869
1,9322,87.239363
1,9323,389.166706
1,9324,261.646026
1,9325,20.983063
1,9326,1096.238462
1,9327,129.098627
1,9328,122.533174
1,9329,536.335651
1,9330,297.169758
1,9331,399.597869
1,9332,19.056888
1,9333,312.421038
1,9334,196.669085
1,9335,301.277532
1,9336,92.060896
1,9337,129.028101
1,9338,183.283861
1,9339,287.179266
1,9340,333.910811
1,9341,278.575296
1,9342,48.016957
1,9343,140.328391
1,9344,114.763362
1,9345,147.990143
1,9346,113.301484
1,9347,247.219408
1,9348,58.120873
1,9349,155.578975
1,9350,70.617775
1,9351,136.295719
1,9352,15.286145
1,9353,156.733533
1,9354,164.275137
1,9355,16.061011
1,9356,354.359720
1,9357,138.074768
1,9358,108.709885
1,9359,316.713853
1,9360,25.640963
1,9361,276.030120
1,9362,218.861860
1,9363,188.716695
1,9364,288.592512
1,9365,65.707040
1,9366,154.506019
1,9367,102.249056
1,9368,417.599416
1,9369,281.687186
1,9370,159.739871
1,9371,49.056354
1,9372,154.206721
1,9373,129.124921
1,9374,195.157329
1,9375,89.505293
1,9376,46.493206
1,9377,150.759906
1,9378,110.831761
1,9379,0.000000
1,9380,275.439438
1,9381,148.021704
1,9382,124.358476
1,9383,107.054227
1,9384,220.435365
1,9385,198.229606
1,9386,119.817088
1,9387,0.000000
1,9388,298.429258
1,9389,82.030161
1,9390,526.541812
1,9391,44.906253
1,9392,271.533545
1,9393,17.339054
1,9394,49.904917
1,9395,238.339646
1,9396,160.840117
1,9397,18.150029
1,9398,91.596271
1,9399,42.739122
1,9400,125.094196
1,9401,90.822424
1,9402,30.106205
1,9403,79.655995
1,9404,208.795596
1,9405,168.105476
1,9406,41.088342
1,9407,276.914970
1,9408,169.065389
1,9409,470.670088
1,9410,48.577864
1,9411,640.939654
1,9412,109.596374
1,9413,427.495967
1,9414,72.200049
1,9415,148.586746
1,9416,137.298209
1,9417,375.209179
1,9418,94.404669
1,9419,48.125558
1,9420,339.461872
1,9421,62.710406
1,9422,357.284251
1,9423,64.037811
1,9424,162.837239
