subtaskID,datapointID,answer
1,0,336.671892
1,1,69.785330
1,2,161.115699
1,3,0.905946
1,4,453.818380
1,5,64.187680
1,6,278.900609
1,7,284.749126
1,8,255.785027
1,9,297.776005
1,10,248.782410
1,11,18.280405
1,12,132.498924
1,13,228.546538
1,14,70.702634
1,15,223.503112
1,16,193.516089
1,17,202.433723
1,18,289.285973
1,19,504.994202
1,20,102.551035
1,21,213.963913
1,22,296.254318
1,23,258.347553
1,24,247.346692
1,25,68.161665
1,26,174.433572
1,27,176.824263
1,28,86.541425
1,29,23.059438
1,30,321.706924
1,31,76.353381
1,32,181.643296
1,33,474.175398
1,34,22.885775
1,35,332.629992
1,36,136.521141
1,37,284.056584
1,38,85.974691
1,39,212.075490
1,40,69.068765
1,41,351.698791
1,42,165.825916
1,43,259.751550
1,44,377.839161
1,45,90.893935
1,46,46.579481
1,47,313.278488
1,48,95.571044
1,49,155.819388
1,50,141.146072
1,51,253.295638
1,52,212.020258
1,53,69.770804
1,54,218.243473
1,55,109.113733
1,56,232.385067
1,57,212.792725
1,58,94.037572
1,59,439.627151
1,60,71.674378
1,61,200.291005
1,62,71.123584
1,63,291.088990
1,64,175.405525
1,65,217.991726
1,66,69.752233
1,67,153.695680
1,68,179.227099
1,69,308.608454
1,70,71.433185
1,71,292.455076
1,72,67.183350
1,73,285.499663
1,74,290.089697
1,75,269.863997
1,76,140.830699
1,77,87.054612
1,78,16.241656
1,79,308.822730
1,80,64.758863
1,81,444.443083
1,82,292.060606
1,83,277.551309
1,84,95.200803
1,85,236.018270
1,86,130.589730
1,87,196.847203
1,88,267.225946
1,89,261.874089
1,90,332.591480
1,91,67.665897
1,92,76.669671
1,93,355.595104
1,94,550.095989
1,95,603.125721
1,96,455.560436
1,97,493.345972
1,98,356.447369
1,99,45.588104
1,100,384.900058
1,101,90.629460
1,102,408.074741
1,103,257.756988
1,104,364.134025
1,105,174.724911
1,106,134.823632
1,107,277.904461
1,108,65.249828
1,109,217.788462
1,110,457.259874
1,111,98.824060
1,112,427.694934
1,113,81.013064
1,114,235.133150
1,115,530.572408
1,116,425.052970
1,117,378.345412
1,118,235.183690
1,119,110.824065
1,120,163.081661
1,121,64.034324
1,122,204.250236
1,123,294.401860
1,124,417.354776
1,125,198.907621
1,126,462.320341
1,127,97.749027
1,128,128.779978
1,129,204.629362
1,130,263.498389
1,131,62.453127
1,132,261.212940
1,133,61.863500
1,134,113.184969
1,135,64.201278
1,136,200.728566
1,137,292.065028
1,138,345.009668
1,139,368.289056
1,140,310.996704
1,141,164.056357
1,142,113.699948
1,143,299.832100
1,144,338.710075
1,145,364.396786
1,146,61.084866
1,147,331.489721
1,148,6.586339
1,149,283.997272
1,150,226.818078
1,151,58.919563
1,152,170.567925
1,153,314.168634
1,154,250.285135
1,155,326.581712
1,156,335.522333
1,157,373.335900
1,158,405.579500
1,159,67.397199
1,160,134.431425
1,161,334.660413
1,162,138.664976
1,163,223.734738
1,164,150.225162
1,165,100.739449
1,166,356.398322
1,167,47.014260
1,168,327.829830
1,169,247.854650
1,170,235.444107
1,171,351.795763
1,172,434.995313
1,173,55.118755
1,174,221.251742
1,175,107.856637
1,176,304.435539
1,177,60.139807
1,178,284.325609
1,179,136.409091
1,180,323.543291
1,181,283.241238
1,182,68.250193
1,183,402.198722
1,184,382.425255
1,185,392.337483
1,186,436.751127
1,187,363.144425
1,188,62.344158
1,189,234.132931
1,190,58.083820
1,191,231.036251
1,192,324.870970
1,193,63.181089
1,194,162.468400
1,195,282.023966
1,196,115.946044
1,197,156.728882
1,198,60.209162
1,199,632.961076
1,200,56.577355
1,201,323.865933
1,202,124.066994
1,203,247.828296
1,204,63.412636
1,205,157.480243
1,206,320.754069
1,207,325.566207
1,208,62.216926
1,209,11.675646
1,210,281.405315
1,211,58.916439
1,212,333.685809
1,213,72.659698
1,214,180.320534
1,215,476.878314
1,216,61.256709
1,217,340.992669
1,218,57.705926
1,219,258.009798
1,220,200.488779
1,221,220.670522
1,222,270.772472
1,223,282.975952
1,224,175.886110
1,225,194.164305
1,226,376.271296
1,227,55.032338
1,228,164.819089
1,229,186.548557
1,230,232.157341
1,231,149.604386
1,232,72.109335
1,233,308.311349
1,234,220.961475
1,235,58.098815
1,236,182.416786
1,237,157.860752
1,238,254.685065
1,239,112.550864
1,240,51.070756
1,241,296.685335
1,242,147.192650
1,243,162.373863
1,244,211.754048
1,245,252.879440
1,246,203.279037
1,247,305.592966
1,248,103.812206
1,249,147.893405
1,250,53.537035
1,251,154.910484
1,252,51.198389
1,253,197.177298
1,254,47.483784
1,255,51.184798
1,256,250.915350
1,257,275.814700
1,258,312.404153
1,259,278.661848
1,260,142.210890
1,261,276.810833
1,262,47.391059
1,263,252.333387
1,264,106.055772
1,265,169.105970
1,266,241.275068
1,267,474.037127
1,268,228.105724
1,269,275.385820
1,270,410.933553
1,271,201.275338
1,272,471.745194
1,273,354.714462
1,274,295.988831
1,275,214.394891
1,276,51.365950
1,277,305.229906
1,278,54.343782
1,279,236.462456
1,280,351.456196
1,281,304.287572
1,282,51.089224
1,283,340.948220
1,284,303.598994
1,285,279.122961
1,286,266.168068
1,287,345.790104
1,288,107.274167
1,289,58.362267
1,290,82.886068
1,291,259.956436
1,292,206.384137
1,293,300.877527
1,294,241.623518
1,295,336.854414
1,296,232.206148
1,297,168.455847
1,298,449.957648
1,299,69.398875
1,300,273.784598
1,301,376.462451
1,302,352.049748
1,303,346.440883
1,304,338.165620
1,305,58.845106
1,306,225.435225
1,307,415.865193
1,308,122.705245
1,309,225.204320
1,310,445.311734
1,311,377.879180
1,312,339.842495
1,313,300.893503
1,314,114.876963
1,315,373.629671
1,316,274.315254
1,317,316.774457
1,318,61.908909
1,319,159.951765
1,320,253.062380
1,321,331.889653
1,322,293.387557
1,323,71.367569
1,324,359.148222
1,325,89.494311
1,326,399.920271
1,327,422.350192
1,328,390.550940
1,329,50.891604
1,330,3.836551
1,331,276.381335
1,332,62.089039
1,333,243.104680
1,334,183.176005
1,335,298.408885
1,336,151.140414
1,337,340.220584
1,338,269.441726
1,339,190.875707
1,340,44.675235
1,341,176.542838
1,342,278.486217
1,343,106.366621
1,344,186.081739
1,345,225.137792
1,346,147.924789
1,347,120.417664
1,348,288.417617
1,349,370.108531
1,350,225.185538
1,351,163.908064
1,352,141.890256
1,353,110.631743
1,354,239.831090
1,355,267.638885
1,356,56.570902
1,357,265.058251
1,358,54.605057
1,359,163.019486
1,360,1.438713
1,361,109.623713
1,362,275.788560
1,363,339.836171
1,364,230.320080
1,365,307.847588
1,366,213.499442
1,367,110.170657
1,368,265.656983
1,369,285.114671
1,370,158.566311
1,371,242.912293
1,372,241.724069
1,373,338.373950
1,374,223.967881
1,375,239.420762
1,376,69.223632
1,377,451.995231
1,378,24.884935
1,379,273.343573
1,380,56.261012
1,381,186.465608
1,382,147.429634
1,383,312.147355
1,384,54.602994
1,385,195.382956
1,386,720.707013
1,387,683.455119
1,388,337.543596
1,389,370.479089
1,390,6.368459
1,391,422.565537
1,392,374.544633
1,393,430.089355
1,394,329.569667
1,395,273.654645
1,396,51.242631
1,397,67.312224
1,398,460.030046
1,399,257.109458
1,400,395.254275
1,401,445.736500
1,402,458.113366
1,403,411.830676
1,404,385.990418
1,405,82.708437
1,406,381.813634
1,407,255.751046
1,408,566.036498
1,409,458.074696
1,410,369.858516
1,411,394.633128
1,412,62.141722
1,413,368.567254
1,414,359.933233
1,415,433.573827
1,416,554.128643
1,417,265.203533
1,418,245.076099
1,419,410.099956
1,420,15.684792
1,421,183.416492
1,422,311.365440
1,423,376.149429
1,424,368.275704
1,425,272.016097
1,426,358.974198
1,427,350.669288
1,428,86.881452
1,429,94.513018
1,430,499.772928
1,431,138.546739
1,432,327.225344
1,433,440.111565
1,434,61.947779
1,435,403.236915
1,436,72.986642
1,437,162.396240
1,438,155.486223
1,439,248.957661
1,440,298.156023
1,441,167.987311
1,442,349.230532
1,443,42.847422
1,444,296.979815
1,445,348.596372
1,446,60.183723
1,447,88.057738
1,448,525.701649
1,449,351.230346
1,450,61.282754
1,451,467.508661
1,452,303.002512
1,453,451.860193
1,454,60.788194
1,455,244.956264
1,456,63.611945
1,457,413.758496
1,458,181.712179
1,459,374.316083
1,460,318.948200
1,461,367.521835
1,462,290.924887
1,463,512.357558
1,464,350.660003
1,465,566.756623
1,466,399.199412
1,467,567.075611
1,468,65.348486
1,469,201.906683
1,470,79.610586
1,471,417.136517
1,472,500.200261
1,473,77.132520
1,474,240.001848
1,475,66.530689
1,476,212.705584
1,477,189.782402
1,478,198.630391
1,479,71.981011
1,480,347.408080
1,481,68.820594
1,482,307.551579
1,483,63.185030
1,484,93.260149
1,485,425.508611
1,486,287.474659
1,487,403.548772
1,488,332.851333
1,489,108.544653
1,490,188.435461
1,491,252.814767
1,492,391.712630
1,493,59.987343
1,494,440.351933
1,495,72.127185
1,496,77.651914
1,497,445.575700
1,498,132.234575
1,499,372.608986
1,500,371.553054
1,501,84.488596
1,502,268.683414
1,503,294.860550
1,504,13.241043
1,505,247.098879
1,506,63.085321
1,507,383.658506
1,508,492.010916
1,509,384.767449
1,510,474.932488
1,511,253.716541
1,512,304.476244
1,513,330.807489
1,514,273.699813
1,515,349.919549
1,516,321.174982
1,517,251.604347
1,518,101.303887
1,519,238.089201
1,520,279.515847
1,521,365.930690
1,522,86.492315
1,523,201.961477
1,524,372.881315
1,525,70.126995
1,526,535.843502
1,527,136.519396
1,528,320.002420
1,529,313.831810
1,530,187.834151
1,531,67.576048
1,532,248.168848
1,533,63.282952
1,534,317.526610
1,535,201.481363
1,536,284.194071
1,537,298.945553
1,538,51.309967
1,539,242.412020
1,540,442.760941
1,541,309.238897
1,542,295.263246
1,543,118.861646
1,544,222.865615
1,545,344.309436
1,546,422.134136
1,547,447.141482
1,548,8.662281
1,549,237.400723
1,550,367.358380
1,551,63.918697
1,552,253.910429
1,553,59.271599
1,554,88.062433
1,555,314.529778
1,556,41.310352
1,557,197.564621
1,558,67.861815
1,559,219.862189
1,560,197.397615
1,561,55.141688
1,562,164.338082
1,563,258.546029
1,564,101.210841
1,565,360.412035
1,566,92.474696
1,567,132.970079
1,568,415.442405
1,569,72.200792
1,570,411.663567
1,571,466.438425
1,572,197.048043
1,573,546.172797
1,574,83.765733
1,575,310.220635
1,576,315.467067
1,577,530.270651
1,578,285.243595
1,579,250.974535
1,580,327.999502
1,581,213.265299
1,582,333.302374
1,583,81.612244
1,584,602.744006
1,585,71.595582
1,586,67.593056
1,587,508.929002
1,588,480.781376
1,589,202.385376
1,590,329.430020
1,591,293.120369
1,592,654.538221
1,593,63.114766
1,594,291.852448
1,595,134.846533
1,596,335.272625
1,597,305.326587
1,598,197.363050
1,599,286.451985
1,600,305.554687
1,601,190.185800
1,602,362.606949
1,603,256.623306
1,604,509.667450
1,605,331.593388
1,606,516.339372
1,607,437.046760
1,608,329.274081
1,609,66.610895
1,610,343.915985
1,611,317.880765
1,612,391.843796
1,613,379.800907
1,614,61.569258
1,615,380.124476
1,616,361.336206
1,617,370.533122
1,618,416.711468
1,619,520.597115
1,620,261.748808
1,621,308.094588
1,622,362.103408
1,623,109.528614
1,624,359.699455
1,625,247.057292
1,626,170.014065
1,627,226.367621
1,628,44.121160
1,629,126.424465
1,630,308.042759
1,631,240.345237
1,632,270.224998
1,633,68.318137
1,634,3.954523
1,635,60.009947
1,636,154.404942
1,637,269.992558
1,638,219.923411
1,639,69.897143
1,640,176.278199
1,641,61.674586
1,642,300.827216
1,643,134.124053
1,644,227.279410
1,645,3.578115
1,646,208.510179
1,647,97.319189
1,648,274.953314
1,649,63.198710
1,650,170.316647
1,651,14.456666
1,652,301.924880
1,653,204.294609
1,654,234.869534
1,655,246.752164
1,656,68.542475
1,657,174.891818
1,658,76.419041
1,659,303.408800
1,660,408.291057
1,661,4.294625
1,662,274.013496
1,663,178.385303
1,664,69.071866
1,665,122.631343
1,666,64.460261
1,667,72.995520
1,668,12.414706
1,669,260.258664
1,670,62.819151
1,671,125.930955
1,672,258.787149
1,673,311.287306
1,674,63.342918
1,675,222.843324
1,676,74.284814
1,677,247.164859
1,678,68.341549
1,679,196.095842
1,680,61.883987
1,681,63.225966
1,682,258.727241
1,683,118.726575
1,684,269.814338
1,685,194.403309
1,686,61.802975
1,687,235.147699
1,688,293.250462
1,689,313.708051
1,690,374.712940
1,691,130.465957
1,692,65.540967
1,693,132.426392
1,694,297.816691
1,695,380.245243
1,696,247.062264
1,697,62.636909
1,698,239.133576
1,699,56.354255
1,700,234.545923
1,701,231.475353
1,702,149.569569
1,703,306.275292
1,704,61.570598
1,705,274.161578
1,706,1260.776556
1,707,338.890558
1,708,64.120785
1,709,367.961968
1,710,206.863402
1,711,143.047211
1,712,328.515032
1,713,67.522627
1,714,208.658573
1,715,64.023074
1,716,170.384631
1,717,143.529877
1,718,340.201475
1,719,374.829037
1,720,77.191215
1,721,433.727797
1,722,303.197083
1,723,37.912008
1,724,176.473965
1,725,382.690562
1,726,0.241188
1,727,253.443603
1,728,432.664853
1,729,0.241188
1,730,317.927659
1,731,629.320520
1,732,454.160959
1,733,306.853669
1,734,301.123433
1,735,72.059109
1,736,225.778601
1,737,79.024688
1,738,387.882126
1,739,284.371849
1,740,337.341519
1,741,324.329691
1,742,433.899121
1,743,120.573575
1,744,226.375605
1,745,244.527460
1,746,61.420942
1,747,309.358674
1,748,264.937522
1,749,66.716600
1,750,204.539444
1,751,62.584098
1,752,200.735654
1,753,169.889242
1,754,117.824275
1,755,158.242956
1,756,59.295164
1,757,189.493240
1,758,132.038645
1,759,350.416303
1,760,61.577257
1,761,248.956464
1,762,392.246309
1,763,9.451536
1,764,194.544375
1,765,317.388901
1,766,56.130808
1,767,206.723431
1,768,197.796796
1,769,404.838432
1,770,85.117758
1,771,200.234072
1,772,285.740231
1,773,121.504811
1,774,126.406501
1,775,200.215053
1,776,359.258084
1,777,311.851192
1,778,62.636569
1,779,266.383485
1,780,59.560058
1,781,168.644895
1,782,338.404960
1,783,64.391443
1,784,286.249882
1,785,57.808085
1,786,150.233452
1,787,66.371520
1,788,390.361479
1,789,58.456090
1,790,117.394389
1,791,306.994614
1,792,355.326644
1,793,368.591252
1,794,544.093834
1,795,2.873617
1,796,323.076101
1,797,221.736711
1,798,328.910689
1,799,77.410959
1,800,295.736370
1,801,470.643334
1,802,91.011827
1,803,471.427005
1,804,399.275461
1,805,204.828497
1,806,345.688218
1,807,80.069125
1,808,326.481223
1,809,165.378003
1,810,80.131541
1,811,195.110017
1,812,227.231328
1,813,296.142016
1,814,446.044064
1,815,458.005410
1,816,462.438757
1,817,112.990847
1,818,544.775764
1,819,107.803929
1,820,294.702044
1,821,93.314566
1,822,91.929164
1,823,266.842515
1,824,205.812068
1,825,84.134141
1,826,380.069016
1,827,94.048181
1,828,210.461057
1,829,857.374874
1,830,376.351406
1,831,223.720161
1,832,92.895525
1,833,617.424370
1,834,322.924347
1,835,387.167863
1,836,87.271626
1,837,532.254993
1,838,352.819532
1,839,268.647189
1,840,199.787464
1,841,336.589453
1,842,308.216470
1,843,228.252905
1,844,184.604243
1,845,414.722051
1,846,324.715551
1,847,76.513838
1,848,219.128690
1,849,244.794690
1,850,291.374242
1,851,343.640968
1,852,276.644243
1,853,86.291082
1,854,394.092758
1,855,86.496398
1,856,107.133972
1,857,263.170823
1,858,81.344039
1,859,312.779982
1,860,356.336467
1,861,56.113215
1,862,235.937823
1,863,214.358623
1,864,65.412395
1,865,244.179925
1,866,161.255346
1,867,296.194892
1,868,90.524107
1,869,561.948267
1,870,232.929769
1,871,78.737690
1,872,398.584938
1,873,294.421328
1,874,100.588025
1,875,23.965530
1,876,308.786663
1,877,250.893176
1,878,354.586929
1,879,282.080280
1,880,190.850065
1,881,392.736864
1,882,262.760717
1,883,23.380613
1,884,208.724539
1,885,242.527624
1,886,428.797488
1,887,163.418064
1,888,494.649337
1,889,292.994691
1,890,86.429666
1,891,158.125200
1,892,75.133255
1,893,190.161754
1,894,361.616098
1,895,486.982733
1,896,371.117179
1,897,81.553396
1,898,254.152349
1,899,27.810662
1,900,539.774243
1,901,86.336260
1,902,297.346830
1,903,271.964137
1,904,297.544450
1,905,155.602769
1,906,345.666227
1,907,458.598960
1,908,81.192309
1,909,24.147898
1,910,397.951271
1,911,86.539789
1,912,153.843909
1,913,323.872540
1,914,78.077472
1,915,482.489459
1,916,81.648503
1,917,474.890829
1,918,289.979816
1,919,268.717353
1,920,141.331941
1,921,353.590242
1,922,26.334342
1,923,410.084645
1,924,138.467432
1,925,264.811991
1,926,251.733503
1,927,90.976340
1,928,548.490774
1,929,71.022317
1,930,262.493048
1,931,313.511427
1,932,133.855393
1,933,587.799563
1,934,81.643435
1,935,297.883540
1,936,358.056288
1,937,146.848602
1,938,211.937108
1,939,372.435574
1,940,189.518898
1,941,88.528886
1,942,290.168723
1,943,276.918941
1,944,85.288900
1,945,136.181823
1,946,67.922658
1,947,253.849927
1,948,349.459061
1,949,214.844525
1,950,442.829815
1,951,189.295300
1,952,450.605366
1,953,413.778041
1,954,406.998694
1,955,346.796367
1,956,89.595550
1,957,233.391037
1,958,269.650953
1,959,312.677231
1,960,97.232900
1,961,305.786640
1,962,156.139945
1,963,384.663099
1,964,343.732129
1,965,218.336016
1,966,107.175000
1,967,117.587955
1,968,462.113344
1,969,366.732543
1,970,79.892962
1,971,323.297446
1,972,93.236778
1,973,418.051268
1,974,417.693456
1,975,105.649992
1,976,414.948247
1,977,95.152631
1,978,357.430280
1,979,80.325725
1,980,264.825730
1,981,26.025892
1,982,558.900762
1,983,97.049636
1,984,214.283358
1,985,225.825257
1,986,199.771512
1,987,166.610958
1,988,420.599812
1,989,77.861877
1,990,399.122092
1,991,261.819897
1,992,509.096802
1,993,258.696367
1,994,241.885548
1,995,215.308767
1,996,145.053766
1,997,362.628829
1,998,550.072671
1,999,167.921097
1,1000,490.761881
1,1001,104.847496
1,1002,160.303345
1,1003,481.874619
1,1004,165.031279
1,1005,158.837001
1,1006,185.000414
1,1007,173.411866
1,1008,287.736025
1,1009,44.282625
1,1010,452.273433
1,1011,150.160167
1,1012,527.287424
1,1013,89.868069
1,1014,244.937491
1,1015,83.124138
1,1016,75.109683
1,1017,153.684993
1,1018,82.298630
1,1019,84.532672
1,1020,308.757188
1,1021,15.231174
1,1022,278.920417
1,1023,433.761730
1,1024,179.315193
1,1025,89.919620
1,1026,279.216732
1,1027,291.464934
1,1028,72.406739
1,1029,307.528758
1,1030,13.393339
1,1031,277.886298
1,1032,76.117222
1,1033,215.069169
1,1034,481.053451
1,1035,364.739750
1,1036,73.197036
1,1037,135.126124
1,1038,137.039438
1,1039,357.813234
1,1040,68.762452
1,1041,450.828662
1,1042,66.927450
1,1043,312.758434
1,1044,89.712114
1,1045,243.075805
1,1046,214.272488
1,1047,366.677142
1,1048,298.229238
1,1049,70.193187
1,1050,200.950924
1,1051,373.212004
1,1052,308.133013
1,1053,528.868786
1,1054,198.817826
1,1055,311.295403
1,1056,74.139186
1,1057,415.054441
1,1058,187.875803
1,1059,397.281103
1,1060,20.210032
1,1061,289.607451
1,1062,73.980782
1,1063,86.139700
1,1064,226.991690
1,1065,83.681310
1,1066,86.955646
1,1067,131.441505
1,1068,246.404721
1,1069,80.869753
1,1070,229.720389
1,1071,79.980127
1,1072,352.920596
1,1073,136.726834
1,1074,174.152455
1,1075,448.990850
1,1076,128.672964
1,1077,78.141993
1,1078,390.783870
1,1079,402.688934
1,1080,223.792699
1,1081,303.784259
1,1082,96.498938
1,1083,311.377626
1,1084,132.252344
1,1085,197.574807
1,1086,480.001137
1,1087,81.497157
1,1088,173.540583
1,1089,433.833608
1,1090,395.440786
1,1091,91.725069
1,1092,233.999101
1,1093,80.309905
1,1094,302.638119
1,1095,106.939118
1,1096,416.566470
1,1097,674.436737
1,1098,153.806002
1,1099,363.743354
1,1100,113.915911
1,1101,285.016579
1,1102,415.553919
1,1103,433.745720
1,1104,90.042845
1,1105,247.766310
1,1106,175.310213
1,1107,75.553578
1,1108,328.505371
1,1109,72.420294
1,1110,436.497106
1,1111,119.619463
1,1112,451.525184
1,1113,129.077648
1,1114,122.197203
1,1115,307.168356
1,1116,514.328713
1,1117,371.803125
1,1118,77.295895
1,1119,139.016930
1,1120,411.960733
1,1121,313.946758
1,1122,144.436388
1,1123,390.057340
1,1124,244.305562
1,1125,86.898521
1,1126,960.716626
1,1127,159.741696
1,1128,84.198011
1,1129,518.811883
1,1130,322.015316
1,1131,538.392333
1,1132,69.095910
1,1133,385.817659
1,1134,230.237301
1,1135,332.460341
1,1136,94.882108
1,1137,238.924676
1,1138,311.780856
1,1139,368.170297
1,1140,413.778391
1,1141,369.031860
1,1142,64.006895
1,1143,200.517333
1,1144,121.448582
1,1145,243.762626
1,1146,191.947567
1,1147,366.512345
1,1148,95.208124
1,1149,195.413499
1,1150,93.237581
1,1151,312.473567
1,1152,77.449470
1,1153,302.452831
1,1154,207.539300
1,1155,81.830521
1,1156,388.922120
1,1157,213.705611
1,1158,206.024400
1,1159,359.728133
1,1160,20.515920
1,1161,329.642744
1,1162,291.038485
1,1163,256.485760
1,1164,503.707205
1,1165,175.707516
1,1166,291.263271
1,1167,106.196400
1,1168,390.648407
1,1169,263.953108
1,1170,190.618092
1,1171,92.343283
1,1172,288.690769
1,1173,238.860661
1,1174,280.391873
1,1175,213.481177
1,1176,85.772267
1,1177,294.082132
1,1178,233.949484
1,1179,23.118453
1,1180,366.469061
1,1181,214.648683
1,1182,252.334320
1,1183,205.620456
1,1184,319.666595
1,1185,421.108172
1,1186,211.001678
1,1187,23.212304
1,1188,434.187544
1,1189,88.935070
1,1190,431.785048
1,1191,82.012833
1,1192,396.325428
1,1193,73.694992
1,1194,80.385836
1,1195,309.948044
1,1196,347.642453
1,1197,78.041075
1,1198,186.370058
1,1199,74.804521
1,1200,242.033289
1,1201,141.548721
1,1202,136.951882
1,1203,172.011375
1,1204,240.947939
1,1205,315.478443
1,1206,86.016751
1,1207,171.762956
1,1208,142.433426
1,1209,485.928774
1,1210,87.240960
1,1211,517.831021
1,1212,111.605533
1,1213,428.323164
1,1214,104.483895
1,1215,288.423197
1,1216,263.675910
1,1217,458.864558
1,1218,147.621734
1,1219,77.208014
1,1220,404.983354
1,1221,132.880101
1,1222,386.969093
1,1223,199.202913
1,1224,267.869041
1,1225,272.886991
1,1226,81.892367
1,1227,348.993115
1,1228,238.785509
1,1229,400.864056
1,1230,303.649313
1,1231,392.040966
1,1232,480.313494
1,1233,541.109340
1,1234,80.323748
1,1235,388.971849
1,1236,82.145631
1,1237,479.171788
1,1238,93.487373
1,1239,384.052460
1,1240,243.950037
1,1241,525.310809
1,1242,85.065150
1,1243,224.756308
1,1244,473.074458
1,1245,115.902000
1,1246,603.408070
1,1247,662.358068
1,1248,656.107236
1,1249,27.029999
1,1250,476.057267
1,1251,494.684204
1,1252,583.094528
1,1253,98.244054
1,1254,463.042985
1,1255,419.897626
1,1256,235.117592
1,1257,90.835126
1,1258,437.795667
1,1259,436.094320
1,1260,353.513504
1,1261,97.908759
1,1262,483.990410
1,1263,89.633716
1,1264,308.891121
1,1265,545.633182
1,1266,316.078172
1,1267,555.038714
1,1268,108.915331
1,1269,501.060800
1,1270,584.921452
1,1271,78.979144
1,1272,423.757648
1,1273,732.278958
1,1274,479.693152
1,1275,607.262522
1,1276,422.294625
1,1277,91.150167
1,1278,361.182184
1,1279,281.843043
1,1280,201.226122
1,1281,244.268356
1,1282,402.740584
1,1283,33.175785
1,1284,426.947337
1,1285,314.123872
1,1286,88.252549
1,1287,321.817403
1,1288,389.748006
1,1289,164.358688
1,1290,446.512851
1,1291,534.647681
1,1292,391.402491
1,1293,65.709425
1,1294,262.423277
1,1295,175.756911
1,1296,313.121605
1,1297,73.805994
1,1298,522.497045
1,1299,162.864036
1,1300,100.672583
1,1301,90.562984
1,1302,495.775395
1,1303,94.865962
1,1304,23.221572
1,1305,206.060774
1,1306,382.788919
1,1307,884.630275
1,1308,582.383506
1,1309,93.129587
1,1310,647.315116
1,1311,87.334247
1,1312,224.238639
1,1313,233.572800
1,1314,536.371376
1,1315,138.163056
1,1316,691.792240
1,1317,81.415030
1,1318,451.528078
1,1319,290.960624
1,1320,420.201702
1,1321,97.150297
1,1322,280.961222
1,1323,184.061866
1,1324,553.057263
1,1325,111.045790
1,1326,564.452358
1,1327,223.081379
1,1328,305.747416
1,1329,438.308792
1,1330,459.116007
1,1331,86.443218
1,1332,237.997648
1,1333,477.127336
1,1334,26.442952
1,1335,426.428288
1,1336,346.586731
1,1337,378.905726
1,1338,347.763595
1,1339,92.019603
1,1340,389.562701
1,1341,334.035416
1,1342,245.186826
1,1343,500.810153
1,1344,84.350512
1,1345,202.336523
1,1346,492.558836
1,1347,79.021667
1,1348,242.645180
1,1349,473.004646
1,1350,536.226647
1,1351,405.202659
1,1352,410.096867
1,1353,419.000694
1,1354,110.892540
1,1355,272.706504
1,1356,346.236747
1,1357,74.594603
1,1358,417.692261
1,1359,71.873364
1,1360,460.911480
1,1361,250.632191
1,1362,465.384883
1,1363,78.815539
1,1364,228.943768
1,1365,443.485644
1,1366,812.344316
1,1367,373.765487
1,1368,390.629514
1,1369,131.062128
1,1370,444.553210
1,1371,88.070736
1,1372,407.567297
1,1373,571.818363
1,1374,222.068381
1,1375,99.303349
1,1376,378.543921
1,1377,296.793657
1,1378,360.892806
1,1379,87.575905
1,1380,366.698758
1,1381,630.048730
1,1382,133.620381
1,1383,206.259967
1,1384,229.181771
1,1385,27.650595
1,1386,556.875935
1,1387,547.550311
1,1388,83.993314
1,1389,551.269010
1,1390,433.526253
1,1391,501.949120
1,1392,87.310029
1,1393,204.650401
1,1394,515.161449
1,1395,519.556078
1,1396,532.213009
1,1397,101.030530
1,1398,529.936109
1,1399,548.776506
1,1400,90.637076
1,1401,498.103868
1,1402,364.127052
1,1403,82.937813
1,1404,476.175554
1,1405,295.005223
1,1406,319.909075
1,1407,166.754450
1,1408,217.243522
1,1409,301.605512
1,1410,84.903806
1,1411,587.364442
1,1412,364.238186
1,1413,423.021314
1,1414,547.693114
1,1415,26.497206
1,1416,571.897227
1,1417,100.732857
1,1418,21.993953
1,1419,497.255810
1,1420,398.313089
1,1421,81.477873
1,1422,299.388577
1,1423,265.722005
1,1424,406.840572
1,1425,85.971366
1,1426,30.012997
1,1427,452.466387
1,1428,562.013964
1,1429,455.343838
1,1430,94.564923
1,1431,384.485684
1,1432,90.919559
1,1433,402.313043
1,1434,506.148661
1,1435,361.975051
1,1436,182.429378
1,1437,392.555678
1,1438,147.546312
1,1439,76.864525
1,1440,295.790156
1,1441,79.240500
1,1442,372.588074
1,1443,398.846601
1,1444,515.858141
1,1445,133.284268
1,1446,433.830948
1,1447,405.693685
1,1448,608.139546
1,1449,443.648327
1,1450,113.954138
1,1451,360.045037
1,1452,202.655858
1,1453,603.418417
1,1454,80.493527
1,1455,387.690506
1,1456,484.085035
1,1457,284.820018
1,1458,427.238815
1,1459,402.973354
1,1460,77.201602
1,1461,398.230183
1,1462,404.093254
1,1463,85.085547
1,1464,479.692356
1,1465,643.991345
1,1466,203.764655
1,1467,459.028026
1,1468,306.057731
1,1469,223.044254
1,1470,400.676103
1,1471,175.921214
1,1472,426.431895
1,1473,141.728672
1,1474,440.232424
1,1475,24.827448
1,1476,534.575261
1,1477,331.214183
1,1478,88.722422
1,1479,382.993660
1,1480,102.200960
1,1481,443.045594
1,1482,214.115845
1,1483,281.787607
1,1484,313.316769
1,1485,193.660826
1,1486,91.747045
1,1487,428.427168
1,1488,350.703841
1,1489,432.417991
1,1490,548.580948
1,1491,449.329227
1,1492,100.595629
1,1493,496.639310
1,1494,266.921488
1,1495,233.193388
1,1496,254.210590
1,1497,87.260328
1,1498,461.398956
1,1499,477.070513
1,1500,547.784997
1,1501,38.807722
1,1502,599.302695
1,1503,435.400806
1,1504,86.680154
1,1505,237.724618
1,1506,657.702337
1,1507,94.835923
1,1508,552.869108
1,1509,79.371620
1,1510,332.810175
1,1511,86.029901
1,1512,507.504552
1,1513,475.595871
1,1514,226.833594
1,1515,177.399136
1,1516,291.083595
1,1517,357.565988
1,1518,417.730520
1,1519,514.328947
1,1520,252.162644
1,1521,484.787731
1,1522,76.813413
1,1523,399.808439
1,1524,436.671776
1,1525,99.843082
1,1526,380.470102
1,1527,330.794351
1,1528,491.710303
1,1529,86.498272
1,1530,628.700502
1,1531,577.045497
1,1532,72.973589
1,1533,77.378437
1,1534,466.969015
1,1535,73.051961
1,1536,183.532143
1,1537,516.874864
1,1538,220.673314
1,1539,553.511939
1,1540,378.090094
1,1541,273.057315
1,1542,363.590965
1,1543,531.038757
1,1544,65.442341
1,1545,5.509217
1,1546,436.770056
1,1547,512.863555
1,1548,72.678930
1,1549,394.000506
1,1550,75.172909
1,1551,495.696087
1,1552,474.629807
1,1553,75.446883
1,1554,203.069567
1,1555,80.590492
1,1556,353.155264
1,1557,377.423044
1,1558,78.886327
1,1559,423.330068
1,1560,285.056902
1,1561,419.968242
1,1562,83.019490
1,1563,328.359952
1,1564,544.713184
1,1565,464.353559
1,1566,247.360488
1,1567,96.838331
1,1568,467.270667
1,1569,335.403611
1,1570,53.778728
1,1571,316.714060
1,1572,274.497239
1,1573,451.241827
1,1574,64.703947
1,1575,235.391472
1,1576,458.372793
1,1577,391.596080
1,1578,145.191240
1,1579,423.552073
1,1580,65.151415
1,1581,228.496720
1,1582,380.721565
1,1583,75.791825
1,1584,305.884883
1,1585,82.584081
1,1586,507.246975
1,1587,170.490690
1,1588,341.035592
1,1589,226.143738
1,1590,176.122138
1,1591,366.163625
1,1592,36.521648
1,1593,240.634427
1,1594,99.351779
1,1595,357.214224
1,1596,16.019451
1,1597,361.052009
1,1598,81.859828
1,1599,376.552708
1,1600,109.211357
1,1601,81.254730
1,1602,207.216475
1,1603,260.086776
1,1604,194.191577
1,1605,154.606877
1,1606,557.548386
1,1607,75.840699
1,1608,471.787293
1,1609,351.330739
1,1610,87.468699
1,1611,339.983077
1,1612,91.578868
1,1613,125.590459
1,1614,471.875437
1,1615,82.146186
1,1616,21.260057
1,1617,413.210002
1,1618,75.911151
1,1619,313.780753
1,1620,139.746446
1,1621,80.596546
1,1622,354.589703
1,1623,388.954145
1,1624,332.746622
1,1625,313.177421
1,1626,274.589535
1,1627,484.193874
1,1628,78.027727
1,1629,564.068061
1,1630,398.725745
1,1631,114.845786
1,1632,470.940193
1,1633,381.230640
1,1634,475.436638
1,1635,158.649792
1,1636,233.908518
1,1637,139.888706
1,1638,395.226695
1,1639,254.273154
1,1640,159.183800
1,1641,315.305776
1,1642,19.675104
1,1643,292.830578
1,1644,76.296419
1,1645,143.232340
1,1646,251.413795
1,1647,187.129579
1,1648,239.689596
1,1649,6.277583
1,1650,202.711930
1,1651,60.702685
1,1652,309.806383
1,1653,6.277583
1,1654,256.885232
1,1655,89.772857
1,1656,301.023778
1,1657,110.905698
1,1658,93.435728
1,1659,218.482128
1,1660,294.358665
1,1661,175.930464
1,1662,225.904250
1,1663,338.414353
1,1664,73.383972
1,1665,440.918790
1,1666,427.927712
1,1667,119.533119
1,1668,148.882308
1,1669,321.535783
1,1670,24.677568
1,1671,526.126094
1,1672,99.744223
1,1673,522.393474
1,1674,493.090681
1,1675,75.924335
1,1676,383.235777
1,1677,377.181767
1,1678,85.450276
1,1679,274.722632
1,1680,75.719655
1,1681,93.997773
1,1682,475.363810
1,1683,92.075859
1,1684,35.168063
1,1685,450.095936
1,1686,100.751123
1,1687,331.446440
1,1688,179.216542
1,1689,88.543958
1,1690,388.196310
1,1691,362.038273
1,1692,115.480369
1,1693,499.188673
1,1694,469.724473
1,1695,89.948736
1,1696,408.671974
1,1697,423.126953
1,1698,350.739891
1,1699,300.359330
1,1700,294.155157
1,1701,243.953706
1,1702,483.596878
1,1703,80.173496
1,1704,431.451204
1,1705,74.426595
1,1706,19.533668
1,1707,296.929074
1,1708,72.047243
1,1709,141.839493
1,1710,255.706514
1,1711,206.574534
1,1712,354.585258
1,1713,133.243103
1,1714,156.213973
1,1715,227.032494
1,1716,181.335118
1,1717,185.825270
1,1718,541.890149
1,1719,121.738655
1,1720,110.728681
1,1721,404.190598
1,1722,657.239964
1,1723,322.580561
1,1724,53.674390
1,1725,314.655259
1,1726,74.114707
1,1727,437.184400
1,1728,239.538289
1,1729,425.588916
1,1730,191.191429
1,1731,354.175670
1,1732,68.022001
1,1733,220.094435
1,1734,310.923817
1,1735,15.721326
1,1736,401.959196
1,1737,93.448636
1,1738,179.815003
1,1739,436.816215
1,1740,388.490700
1,1741,194.747956
1,1742,77.338934
1,1743,402.177298
1,1744,266.776324
1,1745,17.357581
1,1746,340.260400
1,1747,414.781695
1,1748,85.751199
1,1749,328.543729
1,1750,78.097539
1,1751,488.911540
1,1752,86.366445
1,1753,398.722062
1,1754,152.762458
1,1755,276.382159
1,1756,319.914147
1,1757,188.409444
1,1758,265.517764
1,1759,78.927672
1,1760,438.530331
1,1761,86.308655
1,1762,190.354895
1,1763,142.724218
1,1764,146.157498
1,1765,489.693520
1,1766,102.831024
1,1767,340.933008
1,1768,538.546651
1,1769,14.283688
1,1770,484.370771
1,1771,75.217358
1,1772,81.745363
1,1773,376.311059
1,1774,74.231598
1,1775,18.729711
1,1776,281.849596
1,1777,335.885176
1,1778,72.133433
1,1779,268.325220
1,1780,358.178462
1,1781,395.549459
1,1782,349.365397
1,1783,53.674390
1,1784,367.295945
1,1785,147.231565
1,1786,122.615977
1,1787,438.969485
1,1788,341.236282
1,1789,93.948312
1,1790,470.404829
1,1791,178.876804
1,1792,78.181213
1,1793,220.651484
1,1794,450.889871
1,1795,96.061048
1,1796,253.112236
1,1797,446.610613
1,1798,70.036440
1,1799,219.374629
1,1800,276.707983
1,1801,406.507917
1,1802,90.149036
1,1803,279.631912
1,1804,390.561010
1,1805,87.801947
1,1806,88.420160
1,1807,346.905874
1,1808,497.338833
1,1809,108.517519
1,1810,105.346759
1,1811,203.062559
1,1812,239.823536
1,1813,75.557965
1,1814,153.889392
1,1815,384.800306
1,1816,74.329936
1,1817,33.181821
1,1818,253.755104
1,1819,499.279023
1,1820,241.523623
1,1821,438.417791
1,1822,142.383552
1,1823,307.498694
1,1824,433.613158
1,1825,122.176913
1,1826,461.597696
1,1827,97.104708
1,1828,209.771728
1,1829,432.507472
1,1830,178.739438
1,1831,340.633231
1,1832,81.812878
1,1833,429.427091
1,1834,328.242301
1,1835,139.285965
1,1836,234.808846
1,1837,272.435886
1,1838,98.549815
1,1839,477.124077
1,1840,83.492032
1,1841,418.642750
1,1842,266.500484
1,1843,509.765452
1,1844,607.140456
1,1845,115.366591
1,1846,354.626180
1,1847,285.061714
1,1848,579.177548
1,1849,359.855123
1,1850,198.977292
1,1851,366.131431
1,1852,76.736754
1,1853,397.078917
1,1854,86.974207
1,1855,430.450630
1,1856,394.407661
1,1857,69.710623
1,1858,419.598711
1,1859,81.749254
1,1860,384.408489
1,1861,83.053066
1,1862,593.816995
1,1863,328.856987
1,1864,10.892774
1,1865,296.481876
1,1866,239.433550
1,1867,381.910347
1,1868,78.861908
1,1869,339.090613
1,1870,72.600612
1,1871,276.012919
1,1872,74.894036
1,1873,270.812581
1,1874,552.475337
1,1875,64.225852
1,1876,479.146816
1,1877,294.346439
1,1878,460.221445
1,1879,66.272285
1,1880,413.816661
1,1881,346.106388
1,1882,65.336255
1,1883,168.632376
1,1884,523.429797
1,1885,515.679801
1,1886,2.873617
1,1887,309.619862
1,1888,210.648307
1,1889,318.053294
1,1890,77.410959
1,1891,283.088660
1,1892,440.034720
1,1893,91.011827
1,1894,453.581606
1,1895,402.394074
1,1896,212.798287
1,1897,339.508743
1,1898,80.069125
1,1899,351.430131
1,1900,171.441972
1,1901,80.131541
1,1902,206.429427
1,1903,195.525426
1,1904,264.436114
1,1905,440.557614
1,1906,453.327488
1,1907,429.577813
1,1908,97.513286
1,1909,510.355514
1,1910,89.150000
1,1911,280.783789
1,1912,81.706396
1,1913,114.279227
1,1914,258.699468
1,1915,203.270976
1,1916,84.134141
1,1917,386.363996
1,1918,94.048181
1,1919,229.172737
1,1920,746.490842
1,1921,356.369181
1,1922,207.491821
1,1923,92.895525
1,1924,519.823324
1,1925,305.021196
1,1926,403.222947
1,1927,87.271626
1,1928,536.124384
1,1929,343.348188
1,1930,248.953724
1,1931,185.118431
1,1932,305.345567
1,1933,316.532771
1,1934,237.435489
1,1935,193.555819
1,1936,404.904192
1,1937,347.527629
1,1938,76.513838
1,1939,230.390349
1,1940,259.348218
1,1941,338.557706
1,1942,350.802228
1,1943,296.741973
1,1944,95.877931
1,1945,395.940824
1,1946,78.873122
1,1947,92.176177
1,1948,280.380950
1,1949,81.344039
1,1950,316.764877
1,1951,361.245396
1,1952,56.113215
1,1953,180.322552
1,1954,190.622512
1,1955,65.412395
1,1956,235.459359
1,1957,149.300661
1,1958,259.695565
1,1959,78.107405
1,1960,496.977156
1,1961,182.974202
1,1962,78.737690
1,1963,372.654245
1,1964,282.755404
1,1965,80.548046
1,1966,23.965530
1,1967,313.695593
1,1968,236.108638
1,1969,323.343043
1,1970,259.903474
1,1971,190.850065
1,1972,373.389911
1,1973,262.760717
1,1974,23.380613
1,1975,208.724539
1,1976,216.654684
1,1977,405.061377
1,1978,151.174619
1,1979,447.408121
1,1980,272.319440
1,1981,86.429666
1,1982,158.125200
1,1983,75.133255
1,1984,170.179528
1,1985,357.457946
1,1986,447.711306
1,1987,318.331758
1,1988,81.553396
1,1989,231.167015
1,1990,27.810662
1,1991,466.140317
1,1992,86.336260
1,1993,266.622713
1,1994,256.024557
1,1995,275.771907
1,1996,155.602769
1,1997,309.859924
1,1998,410.549213
1,1999,91.298925
1,2000,24.147898
1,2001,356.138750
1,2002,86.539789
1,2003,142.524497
1,2004,298.230607
1,2005,78.077472
1,2006,401.694273
1,2007,81.648503
1,2008,401.199150
1,2009,243.662633
1,2010,239.494792
1,2011,133.593160
1,2012,310.045159
1,2013,26.334342
1,2014,381.093091
1,2015,138.467432
1,2016,222.883966
1,2017,234.927640
1,2018,90.976340
1,2019,456.318423
1,2020,71.022317
1,2021,240.893764
1,2022,294.395483
1,2023,133.855393
1,2024,551.415739
1,2025,81.643435
1,2026,291.992826
1,2027,345.755091
1,2028,122.015200
1,2029,173.647465
1,2030,357.708788
1,2031,171.269235
1,2032,78.018002
1,2033,279.022567
1,2034,273.107302
1,2035,103.076545
1,2036,145.479912
1,2037,67.922658
1,2038,267.421670
1,2039,352.231163
1,2040,204.391396
1,2041,442.829815
1,2042,176.994103
1,2043,422.711103
1,2044,388.829134
1,2045,395.390523
1,2046,322.886998
1,2047,79.257924
1,2048,190.827740
1,2049,233.902404
1,2050,311.117925
1,2051,85.624728
1,2052,294.120716
1,2053,165.033770
1,2054,388.243728
1,2055,327.157276
1,2056,182.876227
1,2057,91.004412
1,2058,103.207681
1,2059,467.253281
1,2060,346.461558
1,2061,79.892962
1,2062,323.297446
1,2063,93.236778
1,2064,426.598578
1,2065,417.924463
1,2066,85.841023
1,2067,433.082407
1,2068,95.152631
1,2069,340.913179
1,2070,80.325725
1,2071,238.490773
1,2072,26.025892
1,2073,518.416539
1,2074,79.897264
1,2075,204.869765
1,2076,214.043829
1,2077,174.880356
1,2078,166.610958
1,2079,390.106704
1,2080,77.861877
1,2081,371.227829
1,2082,222.779477
1,2083,441.064829
1,2084,244.835862
1,2085,222.654098
1,2086,194.402507
1,2087,137.661498
1,2088,352.464460
1,2089,499.597335
1,2090,104.220532
1,2091,422.036884
1,2092,86.193566
1,2093,140.840888
1,2094,397.036787
1,2095,143.663002
1,2096,142.319900
1,2097,159.011970
1,2098,173.411866
1,2099,255.163842
1,2100,28.112037
1,2101,408.381838
1,2102,99.684833
1,2103,469.073306
1,2104,74.275001
1,2105,218.660286
1,2106,83.124138
1,2107,75.109683
1,2108,162.405561
1,2109,82.298630
1,2110,84.532672
1,2111,324.465758
1,2112,15.231174
1,2113,278.920417
1,2114,414.588032
1,2115,173.135717
1,2116,79.004473
1,2117,268.994609
1,2118,266.227267
1,2119,72.406739
1,2120,287.777539
1,2121,13.393339
1,2122,268.010688
1,2123,76.117222
1,2124,213.740871
1,2125,493.816664
1,2126,388.244855
1,2127,73.197036
1,2128,142.171880
1,2129,128.145614
1,2130,410.078884
1,2131,68.762452
1,2132,490.850866
1,2133,66.927450
1,2134,347.120932
1,2135,102.764088
1,2136,232.969187
1,2137,183.779380
1,2138,318.742900
1,2139,279.575310
1,2140,62.800917
1,2141,178.658613
1,2142,311.301755
1,2143,282.837594
1,2144,483.764397
1,2145,172.598375
1,2146,285.537967
1,2147,74.139186
1,2148,361.518246
1,2149,163.793178
1,2150,326.939047
1,2151,20.210032
1,2152,268.932200
1,2153,73.980782
1,2154,86.139700
1,2155,235.885513
1,2156,83.681310
1,2157,86.955646
1,2158,118.274027
1,2159,246.404721
1,2160,80.869753
1,2161,190.044697
1,2162,79.980127
1,2163,330.166268
1,2164,136.726834
1,2165,138.057393
1,2166,405.445766
1,2167,101.587230
1,2168,84.610227
1,2169,334.822086
1,2170,346.784901
1,2171,174.299149
1,2172,262.433755
1,2173,84.024486
1,2174,271.990696
1,2175,117.063543
1,2176,180.595689
1,2177,436.629309
1,2178,81.497157
1,2179,157.716507
1,2180,381.510206
1,2181,376.729106
1,2182,91.725069
1,2183,233.999101
1,2184,80.309905
1,2185,293.224526
1,2186,104.744539
1,2187,381.048930
1,2188,546.284830
1,2189,137.288903
1,2190,334.751800
1,2191,88.735996
1,2192,253.772692
1,2193,398.632553
1,2194,424.851898
1,2195,77.452887
1,2196,233.674798
1,2197,168.264457
1,2198,75.553578
1,2199,297.723503
1,2200,72.420294
1,2201,393.009774
1,2202,101.254297
1,2203,413.235541
1,2204,129.077648
1,2205,108.683212
1,2206,276.732999
1,2207,464.604156
1,2208,341.945290
1,2209,77.295895
1,2210,130.469617
1,2211,366.163319
1,2212,275.426108
1,2213,123.356871
1,2214,374.579778
1,2215,214.678734
1,2216,86.898521
1,2217,720.929910
1,2218,136.929618
1,2219,102.332172
1,2220,492.303669
1,2221,290.367166
1,2222,509.400780
1,2223,69.095910
1,2224,372.534676
1,2225,210.948100
1,2226,354.463891
1,2227,78.422761
1,2228,237.423120
1,2229,288.911026
1,2230,337.792693
1,2231,379.358140
1,2232,308.045642
1,2233,64.006895
1,2234,187.523110
1,2235,85.642281
1,2236,234.522290
1,2237,173.755654
1,2238,330.013020
1,2239,79.441800
1,2240,195.413499
1,2241,81.340648
1,2242,312.473567
1,2243,77.449470
1,2244,290.209385
1,2245,207.539300
1,2246,81.830521
1,2247,388.922120
1,2248,190.373764
1,2249,189.622804
1,2250,344.885842
1,2251,20.515920
1,2252,329.642744
1,2253,291.038485
1,2254,227.956223
1,2255,511.850251
1,2256,175.707516
1,2257,299.695079
1,2258,86.329678
1,2259,403.815887
1,2260,270.594600
1,2261,190.618092
1,2262,80.388598
1,2263,281.240748
1,2264,227.656754
1,2265,245.047588
1,2266,213.481177
1,2267,85.772267
1,2268,270.288268
1,2269,221.590534
1,2270,23.118453
1,2271,359.134545
1,2272,214.359921
1,2273,252.334320
1,2274,204.580918
1,2275,297.951805
1,2276,397.198802
1,2277,181.374851
1,2278,23.212304
1,2279,392.663783
1,2280,79.059462
1,2281,387.662443
1,2282,71.559703
1,2283,352.029568
1,2284,73.694992
1,2285,80.385836
1,2286,311.796111
1,2287,347.642453
1,2288,78.041075
1,2289,186.370058
1,2290,84.160361
1,2291,231.580159
1,2292,128.670004
1,2293,136.951882
1,2294,187.373434
1,2295,270.748021
1,2296,308.432686
1,2297,77.527192
1,2298,162.811380
1,2299,129.727964
1,2300,462.712430
1,2301,76.094803
1,2302,515.058921
1,2303,95.088434
1,2304,445.937555
1,2305,85.425702
1,2306,303.149982
1,2307,242.018871
1,2308,453.493613
1,2309,134.165495
1,2310,77.208014
1,2311,425.369845
1,2312,132.880101
1,2313,390.434221
1,2314,199.202913
1,2315,279.765972
1,2316,251.114450
1,2317,81.892367
1,2318,325.372507
1,2319,237.688218
1,2320,397.341177
1,2321,306.536917
1,2322,381.068067
1,2323,489.380573
1,2324,529.732176
1,2325,80.323748
1,2326,357.323699
1,2327,82.145631
1,2328,453.645360
1,2329,81.994705
1,2330,382.724161
1,2331,243.950037
1,2332,493.316147
1,2333,85.065150
1,2334,233.014859
1,2335,456.384102
1,2336,115.902000
1,2337,553.394752
1,2338,555.978703
1,2339,589.692322
1,2340,27.029999
1,2341,444.466868
1,2342,504.733069
1,2343,553.640957
1,2344,85.885103
1,2345,440.923929
1,2346,393.100652
1,2347,223.567172
1,2348,90.835126
1,2349,435.658839
1,2350,422.869089
1,2351,347.738296
1,2352,88.899432
1,2353,485.896229
1,2354,89.633716
1,2355,287.580596
1,2356,498.969487
1,2357,311.400253
1,2358,528.183988
1,2359,98.693209
1,2360,412.122568
1,2361,514.290634
1,2362,78.979144
1,2363,379.866053
1,2364,615.446461
1,2365,424.539896
1,2366,553.379812
1,2367,408.953890
1,2368,91.150167
1,2369,363.723276
1,2370,261.803065
1,2371,201.226122
1,2372,236.125310
1,2373,394.655291
1,2374,33.175785
1,2375,408.813176
1,2376,291.716057
1,2377,88.252549
1,2378,286.588622
1,2379,362.893280
1,2380,154.887345
1,2381,449.053943
1,2382,492.835160
1,2383,351.611294
1,2384,65.709425
1,2385,250.584097
1,2386,165.881302
1,2387,294.178918
1,2388,73.805994
1,2389,492.350449
1,2390,142.708553
1,2391,89.815189
1,2392,90.562984
1,2393,487.632351
1,2394,79.965921
1,2395,23.221572
1,2396,200.054556
1,2397,346.462848
1,2398,751.338429
1,2399,581.690481
1,2400,78.691562
1,2401,560.340455
1,2402,115.748280
1,2403,224.238639
1,2404,194.416876
1,2405,515.234109
1,2406,96.985809
1,2407,583.680310
1,2408,81.415030
1,2409,449.160241
1,2410,273.577242
1,2411,468.020440
1,2412,97.150297
1,2413,290.374813
1,2414,184.061866
1,2415,501.946654
1,2416,103.018247
1,2417,509.068095
1,2418,223.081379
1,2419,305.747416
1,2420,449.685956
1,2421,477.538926
1,2422,86.443218
1,2423,222.115820
1,2424,469.619562
1,2425,26.442952
1,2426,426.890305
1,2427,346.586731
1,2428,378.905726
1,2429,354.116324
1,2430,92.019603
1,2431,403.076693
1,2432,347.202895
1,2433,245.186826
1,2434,522.293934
1,2435,84.350512
1,2436,202.336523
1,2437,491.403794
1,2438,79.021667
1,2439,237.447491
1,2440,466.536411
1,2441,524.676227
1,2442,405.202659
1,2443,419.799219
1,2444,434.882520
1,2445,118.053800
1,2446,281.773583
1,2447,382.043050
1,2448,74.594603
1,2449,469.091628
1,2450,71.873364
1,2451,491.346836
1,2452,268.824104
1,2453,461.862003
1,2454,78.815539
1,2455,215.660785
1,2456,425.986758
1,2457,790.398517
1,2458,386.817463
1,2459,416.213694
1,2460,131.062128
1,2461,470.945919
1,2462,88.070736
1,2463,381.290092
1,2464,531.969414
1,2465,222.819160
1,2466,90.409526
1,2467,380.391988
1,2468,315.909603
1,2469,385.610703
1,2470,87.575905
1,2471,399.155439
1,2472,647.547615
1,2473,133.620381
1,2474,185.353707
1,2475,260.252402
1,2476,27.650595
1,2477,609.199337
1,2478,628.807514
1,2479,83.993314
1,2480,664.232116
1,2481,547.355639
1,2482,533.886030
1,2483,87.310029
1,2484,210.829876
1,2485,529.021953
1,2486,517.072737
1,2487,532.501770
1,2488,101.030530
1,2489,534.267516
1,2490,509.562833
1,2491,83.591320
1,2492,473.097209
1,2493,358.813860
1,2494,82.937813
1,2495,471.324377
1,2496,302.917260
1,2497,338.216491
1,2498,175.359514
1,2499,209.793501
1,2500,321.183473
1,2501,84.903806
1,2502,586.555912
1,2503,379.715749
1,2504,433.012426
1,2505,524.765529
1,2506,26.497206
1,2507,517.205989
1,2508,100.732857
1,2509,21.993953
1,2510,518.566336
1,2511,404.377059
1,2512,81.477873
1,2513,301.987421
1,2514,250.648706
1,2515,409.959185
1,2516,85.971366
1,2517,19.386611
1,2518,398.352671
1,2519,533.888691
1,2520,455.921358
1,2521,94.564923
1,2522,371.087197
1,2523,90.919559
1,2524,393.245962
1,2525,491.248618
1,2526,346.324233
1,2527,172.669272
1,2528,394.172736
1,2529,147.546312
1,2530,85.123076
1,2531,295.790156
1,2532,79.240500
1,2533,367.852402
1,2534,389.490762
1,2535,476.355704
1,2536,133.284268
1,2537,413.040192
1,2538,393.623498
1,2539,511.635788
1,2540,398.601690
1,2541,113.954138
1,2542,418.894427
1,2543,199.710500
1,2544,532.672096
1,2545,72.985754
1,2546,395.371535
1,2547,491.246295
1,2548,268.187413
1,2549,408.642638
1,2550,390.960917
1,2551,77.201602
1,2552,398.403439
1,2553,431.698758
1,2554,85.085547
1,2555,453.126390
1,2556,583.409393
1,2557,202.609615
1,2558,553.510460
1,2559,248.016871
1,2560,219.867888
1,2561,404.603245
1,2562,175.921214
1,2563,419.097379
1,2564,141.728672
1,2565,515.079144
1,2566,24.827448
1,2567,515.863581
1,2568,343.919644
1,2569,88.722422
1,2570,368.959902
1,2571,82.738503
1,2572,409.318368
1,2573,150.935049
1,2574,255.163889
1,2575,307.483807
1,2576,193.660826
1,2577,103.932738
1,2578,418.955825
1,2579,336.208064
1,2580,422.253621
1,2581,544.769309
1,2582,397.121329
1,2583,107.641385
1,2584,478.331894
1,2585,281.994786
1,2586,219.737149
1,2587,232.380296
1,2588,87.260328
1,2589,441.820995
1,2590,420.646711
1,2591,528.380292
1,2592,38.807722
1,2593,516.543936
1,2594,453.072949
1,2595,86.680154
1,2596,234.721509
1,2597,551.438473
1,2598,84.094032
1,2599,533.753162
1,2600,79.371620
1,2601,314.445009
1,2602,92.729144
1,2603,514.030540
1,2604,403.001483
1,2605,157.242314
1,2606,170.815397
1,2607,194.984103
1,2608,330.884518
1,2609,382.617243
1,2610,478.695901
1,2611,199.088465
1,2612,448.519413
1,2613,76.813413
1,2614,411.994132
1,2615,450.012511
1,2616,81.131402
1,2617,369.785962
1,2618,313.179961
1,2619,489.688979
1,2620,86.498272
1,2621,567.021260
1,2622,532.980646
1,2623,72.973589
1,2624,77.378437
1,2625,461.309309
1,2626,73.051961
1,2627,183.532143
1,2628,520.282239
1,2629,229.913650
1,2630,545.426645
1,2631,357.126083
1,2632,246.260342
1,2633,350.827751
1,2634,481.083192
1,2635,65.442341
1,2636,5.509217
1,2637,397.036611
1,2638,527.012820
1,2639,72.678930
1,2640,392.036935
1,2641,75.172909
1,2642,454.345585
1,2643,407.233109
1,2644,75.446883
1,2645,186.379210
1,2646,80.590492
1,2647,333.173038
1,2648,370.897057
1,2649,78.886327
1,2650,413.743218
1,2651,275.701063
1,2652,427.302758
1,2653,83.019490
1,2654,328.359952
1,2655,480.492849
1,2656,483.007487
1,2657,257.813617
1,2658,104.115094
1,2659,508.794425
1,2660,318.251237
1,2661,53.778728
1,2662,316.714060
1,2663,274.497239
1,2664,487.567897
1,2665,64.703947
1,2666,282.401681
1,2667,581.096005
1,2668,487.406814
1,2669,163.152142
1,2670,400.682243
1,2671,72.081668
1,2672,203.605564
1,2673,372.347511
1,2674,75.791825
1,2675,272.677426
1,2676,82.584081
1,2677,501.183005
1,2678,186.430269
1,2679,403.754371
1,2680,243.700378
1,2681,205.806719
1,2682,356.345768
1,2683,36.521648
1,2684,228.506486
1,2685,107.668081
1,2686,356.752207
1,2687,16.019451
1,2688,324.263922
1,2689,81.859828
1,2690,423.967182
1,2691,109.211357
1,2692,73.573701
1,2693,211.432377
1,2694,287.057006
1,2695,188.012102
1,2696,151.834778
1,2697,536.122356
1,2698,75.840699
1,2699,459.197336
1,2700,340.531099
1,2701,80.827207
1,2702,299.210095
1,2703,78.238134
1,2704,101.738842
1,2705,458.476950
1,2706,75.677951
1,2707,21.260057
1,2708,393.458784
1,2709,75.911151
1,2710,306.099724
1,2711,129.235564
1,2712,80.596546
1,2713,361.577707
1,2714,394.844859
1,2715,322.697756
1,2716,299.778934
1,2717,253.279010
1,2718,476.166332
1,2719,78.027727
1,2720,574.059173
1,2721,374.007845
1,2722,105.143433
1,2723,446.395551
1,2724,371.124023
1,2725,467.120336
1,2726,136.299731
1,2727,251.291899
1,2728,139.888706
1,2729,377.958817
1,2730,254.273154
1,2731,148.037644
1,2732,320.272455
1,2733,19.675104
1,2734,281.857679
1,2735,68.384382
1,2736,131.219902
1,2737,239.112598
1,2738,209.133128
1,2739,239.689596
1,2740,6.277583
1,2741,185.270796
1,2742,60.702685
1,2743,285.897014
1,2744,6.277583
1,2745,220.732418
1,2746,70.425903
1,2747,285.257456
1,2748,99.932800
1,2749,70.565898
1,2750,215.594523
1,2751,266.579905
1,2752,167.498658
1,2753,215.855386
1,2754,339.627147
1,2755,73.383972
1,2756,455.125806
1,2757,428.967249
1,2758,101.745472
1,2759,136.638864
1,2760,258.297235
1,2761,24.677568
1,2762,439.035927
1,2763,91.947691
1,2764,463.313076
1,2765,454.396776
1,2766,75.924335
1,2767,390.974559
1,2768,375.160443
1,2769,85.450276
1,2770,294.127337
1,2771,75.719655
1,2772,93.997773
1,2773,437.593937
1,2774,78.504116
1,2775,23.040122
1,2776,382.294970
1,2777,82.154946
1,2778,303.205664
1,2779,140.695891
1,2780,78.379588
1,2781,349.271394
1,2782,342.922327
1,2783,102.139634
1,2784,491.911909
1,2785,425.890629
1,2786,76.434743
1,2787,351.035378
1,2788,357.174057
1,2789,354.609281
1,2790,298.857775
1,2791,294.155157
1,2792,254.233580
1,2793,490.873644
1,2794,80.173496
1,2795,406.791059
1,2796,74.426595
1,2797,19.533668
1,2798,296.929074
1,2799,72.047243
1,2800,141.839493
1,2801,246.697186
1,2802,205.534997
1,2803,359.320930
1,2804,133.243103
1,2805,167.648890
1,2806,236.792598
1,2807,192.596778
1,2808,178.895019
1,2809,579.660023
1,2810,104.817290
1,2811,128.458577
1,2812,403.901838
1,2813,665.498513
1,2814,313.917744
1,2815,53.674390
1,2816,314.655259
1,2817,64.643362
1,2818,427.713055
1,2819,239.538289
1,2820,415.828811
1,2821,176.233635
1,2822,372.483085
1,2823,68.022001
1,2824,223.732818
1,2825,294.291213
1,2826,15.721326
1,2827,387.059154
1,2828,85.998617
1,2829,179.815003
1,2830,417.064998
1,2831,388.490700
1,2832,183.139784
1,2833,77.338934
1,2834,394.958286
1,2835,259.499558
1,2836,17.357581
1,2837,321.895232
1,2838,396.994047
1,2839,85.751199
1,2840,328.543729
1,2841,78.097539
1,2842,459.746730
1,2843,86.366445
1,2844,407.038364
1,2845,152.762458
1,2846,273.032538
1,2847,310.673811
1,2848,174.491188
1,2849,250.559971
1,2850,78.927672
1,2851,420.165163
1,2852,77.645841
1,2853,191.047920
1,2854,129.152475
1,2855,134.318317
1,2856,455.619781
1,2857,92.089133
1,2858,318.929458
1,2859,484.201927
1,2860,14.283688
1,2861,458.440079
1,2862,75.217358
1,2863,81.745363
1,2864,384.742865
1,2865,74.231598
1,2866,18.729711
1,2867,281.849596
1,2868,324.045996
1,2869,72.133433
1,2870,268.325220
1,2871,342.007875
1,2872,395.549459
1,2873,322.106405
1,2874,53.674390
1,2875,331.200883
1,2876,85.436819
1,2877,98.360095
1,2878,351.186294
1,2879,310.107900
1,2880,83.321926
1,2881,409.534116
1,2882,165.189558
1,2883,78.181213
1,2884,198.590183
1,2885,382.453634
1,2886,114.079701
1,2887,253.112236
1,2888,419.120615
1,2889,70.036440
1,2890,206.611415
1,2891,246.272627
1,2892,379.826448
1,2893,76.519542
1,2894,279.631912
1,2895,369.134980
1,2896,72.093377
1,2897,81.836422
1,2898,370.353227
1,2899,464.073624
1,2900,93.444221
1,2901,98.185499
1,2902,192.840436
1,2903,223.826206
1,2904,75.557965
1,2905,140.433153
1,2906,371.170811
1,2907,74.329936
1,2908,21.631401
1,2909,248.903928
1,2910,493.619319
1,2911,240.253077
1,2912,434.028632
1,2913,133.085465
1,2914,303.456047
1,2915,417.846834
1,2916,122.176913
1,2917,450.105028
1,2918,76.833722
1,2919,186.093367
1,2920,425.057452
1,2921,178.739438
1,2922,341.326256
1,2923,81.812878
1,2924,420.706523
1,2925,309.761628
1,2926,128.486322
1,2927,210.726222
1,2928,281.098701
1,2929,89.482736
1,2930,454.716262
1,2931,83.492032
1,2932,401.432625
1,2933,275.394308
1,2934,440.867198
1,2935,574.857033
1,2936,88.742874
1,2937,337.935822
1,2938,275.474866
1,2939,508.373475
1,2940,322.085251
1,2941,190.429982
1,2942,362.319793
1,2943,76.736754
1,2944,377.500954
1,2945,86.974207
1,2946,418.033929
1,2947,371.537828
1,2948,69.710623
1,2949,380.327284
1,2950,81.749254
1,2951,376.496452
1,2952,83.053066
1,2953,505.629540
1,2954,310.953836
1,2955,10.892774
1,2956,287.183787
1,2957,239.433550
1,2958,380.177784
1,2959,78.861908
1,2960,345.905361
1,2961,72.600612
1,2962,267.927624
1,2963,74.894036
1,2964,261.918758
1,2965,537.459792
1,2966,64.225852
1,2967,439.875389
1,2968,306.012361
1,2969,459.066403
1,2970,66.272285
1,2971,425.829099
1,2972,346.799413
1,2973,65.336255
1,2974,160.142818
1,2975,546.010867
1,2976,314.610590
1,2977,60.371739
1,2978,161.115699
1,2979,0.905946
1,2980,431.814832
1,2981,64.187680
1,2982,278.900609
1,2983,272.736690
1,2984,255.785027
1,2985,283.453486
1,2986,262.007640
1,2987,18.280405
1,2988,132.498924
1,2989,228.546538
1,2990,70.702634
1,2991,207.505781
1,2992,179.655584
1,2993,186.725150
1,2994,297.140257
1,2995,495.060841
1,2996,90.307590
1,2997,198.890614
1,2998,280.950011
1,2999,212.665643
1,3000,245.845138
1,3001,76.073704
1,3002,150.812965
1,3003,176.015734
1,3004,74.817747
1,3005,23.059438
1,3006,318.068541
1,3007,76.353381
1,3008,181.643296
1,3009,452.518362
1,3010,22.885775
1,3011,269.506947
1,3012,94.304356
1,3013,264.132112
1,3014,75.868075
1,3015,212.075490
1,3016,69.068765
1,3017,331.601060
1,3018,165.825916
1,3019,245.255773
1,3020,371.197670
1,3021,79.921036
1,3022,46.579481
1,3023,296.530379
1,3024,77.783397
1,3025,144.268968
1,3026,137.911954
1,3027,234.699462
1,3028,212.020258
1,3029,69.770804
1,3030,243.885406
1,3031,96.985792
1,3032,230.710255
1,3033,212.792725
1,3034,84.566229
1,3035,430.040302
1,3036,71.674378
1,3037,190.992917
1,3038,71.123584
1,3039,270.182728
1,3040,175.405525
1,3041,217.991726
1,3042,69.752233
1,3043,145.725889
1,3044,170.910797
1,3045,305.489841
1,3046,71.433185
1,3047,292.455076
1,3048,67.183350
1,3049,285.499663
1,3050,290.089697
1,3051,269.863997
1,3052,140.830699
1,3053,87.054612
1,3054,16.241656
1,3055,318.640586
1,3056,64.758863
1,3057,435.260500
1,3058,263.242308
1,3059,294.010657
1,3060,72.388725
1,3061,245.547367
1,3062,130.589730
1,3063,207.589092
1,3064,280.682186
1,3065,279.892742
1,3066,340.965535
1,3067,61.544175
1,3068,76.669671
1,3069,338.558234
1,3070,402.308366
1,3071,492.472699
1,3072,369.509809
1,3073,443.505911
1,3074,312.613526
1,3075,45.588104
1,3076,334.944491
1,3077,62.446435
1,3078,383.992116
1,3079,228.072410
1,3080,316.777302
1,3081,130.371299
1,3082,125.698801
1,3083,250.472214
1,3084,53.583905
1,3085,188.392643
1,3086,448.943571
1,3087,70.410028
1,3088,406.326657
1,3089,63.340920
1,3090,168.313970
1,3091,394.104197
1,3092,393.693580
1,3093,327.985582
1,3094,197.125057
1,3095,76.865832
1,3096,137.843994
1,3097,64.034324
1,3098,197.204482
1,3099,280.945620
1,3100,383.454296
1,3101,174.305225
1,3102,421.085343
1,3103,85.678837
1,3104,128.779978
1,3105,178.640916
1,3106,248.540596
1,3107,62.453127
1,3108,226.041911
1,3109,61.863500
1,3110,113.184969
1,3111,64.201278
1,3112,200.728566
1,3113,307.831352
1,3114,317.981685
1,3115,356.392123
1,3116,290.148195
1,3117,149.849339
1,3118,113.699948
1,3119,277.135523
1,3120,338.710075
1,3121,364.396786
1,3122,61.084866
1,3123,351.876212
1,3124,6.586339
1,3125,295.778699
1,3126,226.818078
1,3127,58.919563
1,3128,177.902443
1,3129,314.168634
1,3130,233.999042
1,3131,304.924674
1,3132,343.954139
1,3133,365.423863
1,3134,403.558177
1,3135,67.397199
1,3136,119.358128
1,3137,334.660413
1,3138,129.771152
1,3139,214.494403
1,3140,139.136757
1,3141,100.739449
1,3142,342.653321
1,3143,47.014260
1,3144,308.598382
1,3145,247.161625
1,3146,220.139800
1,3147,319.339083
1,3148,417.092162
1,3149,55.118755
1,3150,204.907896
1,3151,107.856637
1,3152,289.708754
1,3153,60.139807
1,3154,267.577499
1,3155,121.451298
1,3156,350.975537
1,3157,252.055103
1,3158,62.359477
1,3159,390.301790
1,3160,360.768219
1,3161,347.233096
1,3162,415.382851
1,3163,356.329676
1,3164,62.344158
1,3165,234.132931
1,3166,58.083820
1,3167,231.036251
1,3168,324.870970
1,3169,63.181089
1,3170,162.468400
1,3171,281.157685
1,3172,115.946044
1,3173,156.728882
1,3174,60.209162
1,3175,588.953977
1,3176,56.577355
1,3177,318.206228
1,3178,114.133634
1,3179,247.828296
1,3180,63.412636
1,3181,157.480243
1,3182,320.754069
1,3183,325.566207
1,3184,62.216926
1,3185,11.675646
1,3186,281.405315
1,3187,58.916439
1,3188,301.806648
1,3189,59.954236
1,3190,168.827866
1,3191,466.309681
1,3192,61.256709
1,3193,340.992669
1,3194,57.705926
1,3195,258.009798
1,3196,174.558085
1,3197,190.812686
1,3198,229.017703
1,3199,252.251835
1,3200,133.149555
1,3201,187.984831
1,3202,341.793293
1,3203,55.032338
1,3204,164.819089
1,3205,186.548557
1,3206,232.157341
1,3207,149.604386
1,3208,59.230617
1,3209,280.648093
1,3210,220.961475
1,3211,58.098815
1,3212,182.416786
1,3213,172.183273
1,3214,254.685065
1,3215,112.550864
1,3216,51.070756
1,3217,308.755524
1,3218,147.192650
1,3219,162.373863
1,3220,200.088124
1,3221,236.997612
1,3222,203.279037
1,3223,305.592966
1,3224,103.812206
1,3225,147.893405
1,3226,53.537035
1,3227,154.910484
1,3228,51.198389
1,3229,209.651752
1,3230,47.483784
1,3231,51.184798
1,3232,250.915350
1,3233,278.124782
1,3234,319.218902
1,3235,278.661848
1,3236,142.210890
1,3237,276.810833
1,3238,47.391059
1,3239,275.780739
1,3240,115.873628
1,3241,169.105970
1,3242,247.454542
1,3243,431.416078
1,3244,216.728560
1,3245,275.385820
1,3246,401.288953
1,3247,201.275338
1,3248,419.479544
1,3249,354.714462
1,3250,295.988831
1,3251,214.394891
1,3252,51.365950
1,3253,289.810095
1,3254,54.343782
1,3255,226.240334
1,3256,313.801828
1,3257,272.639422
1,3258,51.089224
1,3259,315.999313
1,3260,272.759373
1,3261,244.587206
1,3262,262.471932
1,3263,347.984685
1,3264,107.274167
1,3265,58.362267
1,3266,71.797665
1,3267,258.512634
1,3268,206.384137
1,3269,285.399965
1,3270,231.805661
1,3271,347.423047
1,3272,241.677493
1,3273,150.206183
1,3274,454.520063
1,3275,62.122109
1,3276,280.483841
1,3277,323.677032
1,3278,336.398929
1,3279,324.668342
1,3280,338.165620
1,3281,58.845106
1,3282,225.435225
1,3283,389.703492
1,3284,105.726126
1,3285,225.204320
1,3286,426.426798
1,3287,370.198152
1,3288,339.842495
1,3289,300.893503
1,3290,103.788560
1,3291,340.248957
1,3292,268.078028
1,3293,316.774457
1,3294,61.908909
1,3295,159.951765
1,3296,229.961540
1,3297,317.798141
1,3298,311.810476
1,3299,53.810929
1,3300,390.623115
1,3301,75.922566
1,3302,436.881614
1,3303,507.707794
1,3304,431.323922
1,3305,50.891604
1,3306,3.836551
1,3307,288.105011
1,3308,52.386686
1,3309,247.724848
1,3310,183.176005
1,3311,266.009959
1,3312,137.972936
1,3313,313.596865
1,3314,231.960614
1,3315,173.723333
1,3316,44.675235
1,3317,158.697440
1,3318,278.486217
1,3319,106.366621
1,3320,186.081739
1,3321,225.137792
1,3322,147.924789
1,3323,73.869471
1,3324,288.417617
1,3325,370.108531
1,3326,225.185538
1,3327,151.087098
1,3328,125.719668
1,3329,110.631743
1,3330,210.955039
1,3331,246.617123
1,3332,56.570902
1,3333,272.219513
1,3334,54.605057
1,3335,163.019486
1,3336,1.438713
1,3337,109.623713
1,3338,230.337659
1,3339,298.023650
1,3340,220.097959
1,3341,296.123911
1,3342,194.325747
1,3343,110.170657
1,3344,245.501502
1,3345,277.780154
1,3346,149.556983
1,3347,223.392082
1,3348,237.970183
1,3349,327.112292
1,3350,208.259311
1,3351,215.338137
1,3352,56.922435
1,3353,402.732690
1,3354,6.288759
1,3355,251.109015
1,3356,56.261012
1,3357,173.182626
1,3358,140.326126
1,3359,299.615151
1,3360,54.602994
1,3361,195.382956
1,3362,632.750566
1,3363,533.588422
1,3364,348.978512
1,3365,352.056171
1,3366,6.368459
1,3367,406.221692
1,3368,368.365159
1,3369,399.711750
1,3370,319.116537
1,3371,260.140653
1,3372,51.242631
1,3373,59.400185
1,3374,436.236181
1,3375,260.285823
1,3376,391.153877
1,3377,478.135427
1,3378,475.150235
1,3379,396.526369
1,3380,355.035293
1,3381,82.708437
1,3382,359.925587
1,3383,233.112223
1,3384,530.230196
1,3385,463.965409
1,3386,364.487571
1,3387,436.561152
1,3388,71.266554
1,3389,341.192760
1,3390,325.397477
1,3391,383.213996
1,3392,487.078456
1,3393,241.467421
1,3394,214.582990
1,3395,454.453569
1,3396,15.684792
1,3397,172.385841
1,3398,328.344556
1,3399,358.477286
1,3400,353.491166
1,3401,260.003660
1,3402,343.034617
1,3403,331.553344
1,3404,88.036495
1,3405,83.597872
1,3406,504.681854
1,3407,127.516088
1,3408,365.341731
1,3409,427.925873
1,3410,61.947779
1,3411,382.388407
1,3412,72.986642
1,3413,162.396240
1,3414,142.260994
1,3415,259.006527
1,3416,284.122265
1,3417,167.987311
1,3418,316.773852
1,3419,42.847422
1,3420,267.064226
1,3421,314.291625
1,3422,53.426728
1,3423,74.601498
1,3424,525.817153
1,3425,327.263225
1,3426,61.282754
1,3427,407.504229
1,3428,276.263290
1,3429,392.664291
1,3430,60.788194
1,3431,219.776349
1,3432,63.611945
1,3433,377.085913
1,3434,168.602451
1,3435,354.276105
1,3436,320.680764
1,3437,356.837698
1,3438,272.213205
1,3439,539.963061
1,3440,308.154458
1,3441,504.730868
1,3442,359.870233
1,3443,538.430570
1,3444,65.348486
1,3445,201.906683
1,3446,99.419557
1,3447,423.142735
1,3448,511.057656
1,3449,77.132520
1,3450,222.733972
1,3451,66.530689
1,3452,205.428820
1,3453,175.864146
1,3454,183.961359
1,3455,71.981011
1,3456,333.720833
1,3457,68.820594
1,3458,319.275255
1,3459,63.185030
1,3460,76.281031
1,3461,403.043045
1,3462,254.786971
1,3463,374.152953
1,3464,259.563919
1,3465,98.957806
1,3466,165.912144
1,3467,243.458925
1,3468,371.268387
1,3469,59.987343
1,3470,408.472774
1,3471,59.132963
1,3472,61.077063
1,3473,439.165217
1,3474,112.772117
1,3475,361.289575
1,3476,350.415785
1,3477,71.436622
1,3478,268.683414
1,3479,280.364773
1,3480,13.241043
1,3481,211.523585
1,3482,71.863641
1,3483,372.974367
1,3484,462.557346
1,3485,391.928709
1,3486,454.141733
1,3487,241.068830
1,3488,289.633954
1,3489,305.974086
1,3490,282.997900
1,3491,355.001733
1,3492,300.846244
1,3493,242.306259
1,3494,78.665064
1,3495,222.322878
1,3496,265.424334
1,3497,347.738779
1,3498,70.725991
1,3499,201.961477
1,3500,372.881315
1,3501,79.367331
1,3502,489.295309
1,3503,126.586036
1,3504,321.446223
1,3505,307.652335
1,3506,171.952325
1,3507,67.576048
1,3508,258.737481
1,3509,63.282952
1,3510,285.705202
1,3511,201.481363
1,3512,267.792473
1,3513,271.109042
1,3514,51.309967
1,3515,223.989101
1,3516,398.176319
1,3517,292.375284
1,3518,257.666628
1,3519,104.019357
1,3520,195.664375
1,3521,300.129080
1,3522,361.725440
1,3523,389.331631
1,3524,8.662281
1,3525,215.801439
1,3526,341.081174
1,3527,63.918697
1,3528,253.910429
1,3529,59.271599
1,3530,69.119743
1,3531,324.751900
1,3532,30.510711
1,3533,143.508657
1,3534,67.861815
1,3535,206.463703
1,3536,175.856083
1,3537,46.998641
1,3538,164.338082
1,3539,217.888552
1,3540,75.568908
1,3541,335.809640
1,3542,80.751020
1,3543,94.795940
1,3544,386.450852
1,3545,61.632157
1,3546,414.204659
1,3547,469.614790
1,3548,177.239072
1,3549,504.880046
1,3550,69.962982
1,3551,307.448535
1,3552,275.444863
1,3553,454.846411
1,3554,255.732272
1,3555,229.779515
1,3556,315.120783
1,3557,185.544292
1,3558,308.815483
1,3559,68.733527
1,3560,566.591192
1,3561,61.488963
1,3562,67.593056
1,3563,491.487868
1,3564,465.419317
1,3565,185.579515
1,3566,311.411366
1,3567,256.332282
1,3568,563.867425
1,3569,63.114766
1,3570,263.438414
1,3571,114.575547
1,3572,322.105147
1,3573,286.845917
1,3574,173.395929
1,3575,286.451985
1,3576,287.767040
1,3577,190.185800
1,3578,358.910815
1,3579,245.592655
1,3580,482.235204
1,3581,331.593388
1,3582,496.588155
1,3583,423.359513
1,3584,324.827170
1,3585,66.610895
1,3586,333.347350
1,3587,311.066017
1,3588,379.889111
1,3589,391.640089
1,3590,61.569258
1,3591,372.154688
1,3592,330.092321
1,3593,349.915623
1,3594,399.097079
1,3595,499.459846
1,3596,239.976267
1,3597,314.100806
1,3598,350.783997
1,3599,109.528614
1,3600,392.271639
1,3601,247.057292
1,3602,158.810158
1,3603,215.394722
1,3604,44.121160
1,3605,126.424465
1,3606,279.744230
1,3607,227.466519
1,3608,255.209452
1,3609,55.612674
1,3610,3.954523
1,3611,60.009947
1,3612,146.839417
1,3613,272.302642
1,3614,219.923411
1,3615,59.617269
1,3616,169.809963
1,3617,61.674586
1,3618,289.623310
1,3619,134.124053
1,3620,227.279410
1,3621,3.578115
1,3622,208.510179
1,3623,73.236563
1,3624,267.734303
1,3625,63.198710
1,3626,170.316647
1,3627,14.456666
1,3628,298.633011
1,3629,209.954314
1,3630,250.635859
1,3631,232.140882
1,3632,68.542475
1,3633,163.687910
1,3634,67.582971
1,3635,282.444789
1,3636,394.661561
1,3637,4.294625
1,3638,241.556815
1,3639,141.885976
1,3640,69.071866
1,3641,122.631343
1,3642,64.460261
1,3643,72.995520
1,3644,12.414706
1,3645,260.258664
1,3646,62.819151
1,3647,125.930955
1,3648,238.342907
1,3649,289.457014
1,3650,63.342918
1,3651,204.997925
1,3652,74.284814
1,3653,241.158641
1,3654,68.341549
1,3655,180.907041
1,3656,72.856885
1,3657,63.225966
1,3658,258.727241
1,3659,118.726575
1,3660,282.404297
1,3661,178.117218
1,3662,68.617723
1,3663,233.126377
1,3664,276.271344
1,3665,305.911518
1,3666,384.530796
1,3667,130.465957
1,3668,65.540967
1,3669,132.426392
1,3670,294.813583
1,3671,364.016902
1,3672,244.752180
1,3673,62.636909
1,3674,225.619585
1,3675,56.354255
1,3676,234.545923
1,3677,240.484681
1,3678,162.275030
1,3679,306.275292
1,3680,61.570598
1,3681,272.198007
1,3682,1161.500698
1,3683,320.467638
1,3684,53.436646
1,3685,359.183650
1,3686,195.081974
1,3687,143.047211
1,3688,316.675853
1,3689,67.522627
1,3690,208.658573
1,3691,64.023074
1,3692,156.581880
1,3693,105.240236
1,3694,306.069984
1,3695,338.387462
1,3696,68.470649
1,3697,449.782881
1,3698,277.901661
1,3699,37.912008
1,3700,165.789828
1,3701,346.999766
1,3702,0.241188
1,3703,219.427616
1,3704,369.368553
1,3705,0.241188
1,3706,266.008521
1,3707,562.847855
1,3708,421.877535
1,3709,288.719510
1,3710,280.563686
1,3711,58.025348
1,3712,192.802154
1,3713,62.796347
1,3714,346.358366
1,3715,275.131514
1,3716,325.213577
1,3717,316.302149
1,3718,433.841369
1,3719,78.992064
1,3720,226.375605
1,3721,230.147188
1,3722,61.420942
1,3723,287.932646
1,3724,264.937522
1,3725,66.716600
1,3726,204.539444
1,3727,62.584098
1,3728,200.735654
1,3729,177.685775
1,3730,106.793624
1,3731,158.242956
1,3732,59.295164
1,3733,200.408387
1,3734,119.968456
1,3735,314.494496
1,3736,61.577257
1,3737,217.654827
1,3738,359.154355
1,3739,9.451536
1,3740,194.544375
1,3741,317.388901
1,3742,56.130808
1,3743,206.723431
1,3744,197.796796
1,3745,397.157403
1,3746,66.810342
1,3747,210.744954
1,3748,267.663825
1,3749,121.504811
1,3750,116.530893
1,3751,200.215053
1,3752,339.044848
1,3753,311.851192
1,3754,62.636569
1,3755,266.383485
1,3756,65.335268
1,3757,161.541387
1,3758,329.857650
1,3759,64.391443
1,3760,286.249882
1,3761,57.808085
1,3762,150.233452
1,3763,66.371520
1,3764,371.765303
1,3765,58.456090
1,3766,117.394389
1,3767,297.927535
1,3768,335.979691
1,3769,361.141231
1,3770,266.551025
1,3771,81.892367
1,3772,338.678107
1,3773,225.387022
1,3774,401.730564
1,3775,309.534684
1,3776,386.785656
1,3777,483.882683
1,3778,540.468062
1,3779,80.323748
1,3780,354.419046
1,3781,82.145631
1,3782,467.697434
1,3783,81.994705
1,3784,383.383167
1,3785,255.176637
1,3786,495.216132
1,3787,85.065150
1,3788,236.866974
1,3789,455.881248
1,3790,115.902000
1,3791,575.531685
1,3792,619.193896
1,3793,612.349005
1,3794,27.029999
1,3795,425.386039
1,3796,478.645808
1,3797,540.970630
1,3798,85.885103
1,3799,439.126951
1,3800,393.383162
1,3801,227.066525
1,3802,90.835126
1,3803,444.246873
1,3804,408.397536
1,3805,351.405714
1,3806,88.899432
1,3807,499.970201
1,3808,89.633716
1,3809,298.594350
1,3810,506.159934
1,3811,321.939567
1,3812,562.083772
1,3813,109.521625
1,3814,413.705492
1,3815,509.849141
1,3816,79.880371
1,3817,390.510962
1,3818,644.766422
1,3819,430.662092
1,3820,531.434204
1,3821,422.796137
1,3822,94.408451
1,3823,380.655686
1,3824,262.877604
1,3825,201.850050
1,3826,229.172517
1,3827,382.873863
1,3828,35.925683
1,3829,435.159084
1,3830,292.848369
1,3831,89.257763
1,3832,310.468785
1,3833,390.024230
1,3834,158.203399
1,3835,458.452771
1,3836,503.847498
1,3837,367.567619
1,3838,75.116900
1,3839,262.642297
1,3840,165.881302
1,3841,337.514814
1,3842,73.805994
1,3843,493.938359
1,3844,142.708553
1,3845,99.846363
1,3846,90.562984
1,3847,473.811870
1,3848,79.965921
1,3849,40.321347
1,3850,189.774682
1,3851,356.194218
1,3852,782.628606
1,3853,537.914201
1,3854,78.691562
1,3855,590.762819
1,3856,87.334247
1,3857,233.074389
1,3858,194.416876
1,3859,492.461997
1,3860,97.759942
1,3861,590.944576
1,3862,82.639774
1,3863,472.230626
1,3864,285.301315
1,3865,430.227536
1,3866,101.887519
1,3867,294.370772
1,3868,185.332828
1,3869,547.326285
1,3870,109.396164
1,3871,538.759641
1,3872,237.790304
1,3873,307.099257
1,3874,456.125268
1,3875,494.562957
1,3876,88.222565
1,3877,234.329945
1,3878,486.338522
1,3879,26.442952
1,3880,440.906544
1,3881,365.933400
1,3882,407.481102
1,3883,362.992270
1,3884,95.312549
1,3885,415.394276
1,3886,353.220326
1,3887,246.607992
1,3888,551.589728
1,3889,85.609921
1,3890,216.976878
1,3891,519.903368
1,3892,80.188641
1,3893,237.881169
1,3894,488.224862
1,3895,540.585628
1,3896,468.877102
1,3897,427.924292
1,3898,442.233520
1,3899,110.892540
1,3900,305.502729
1,3901,367.813415
1,3902,74.594603
1,3903,437.634254
1,3904,71.873364
1,3905,467.517855
1,3906,261.910766
1,3907,488.975282
1,3908,78.815539
1,3909,226.783434
1,3910,438.969443
1,3911,815.792847
1,3912,337.890278
1,3913,388.151970
1,3914,132.032680
1,3915,453.106863
1,3916,96.386737
1,3917,432.972329
1,3918,551.530383
1,3919,209.236126
1,3920,91.819138
1,3921,389.920857
1,3922,310.151762
1,3923,362.631126
1,3924,87.575905
1,3925,373.120814
1,3926,626.640694
1,3927,134.764246
1,3928,185.353707
1,3929,238.647622
1,3930,27.650595
1,3931,576.696440
1,3932,568.589501
1,3933,83.993314
1,3934,565.556793
1,3935,423.772189
1,3936,504.912072
1,3937,99.368229
1,3938,215.992959
1,3939,489.692774
1,3940,472.292054
1,3941,517.636182
1,3942,103.907524
1,3943,540.468191
1,3944,542.076584
1,3945,97.936420
1,3946,495.007852
1,3947,370.796864
1,3948,92.062644
1,3949,449.079304
1,3950,279.482237
1,3951,319.909075
1,3952,179.761116
1,3953,211.630620
1,3954,305.065144
1,3955,84.903806
1,3956,586.821017
1,3957,354.443589
1,3958,439.786470
1,3959,511.784146
1,3960,29.235550
1,3961,479.493869
1,3962,107.549834
1,3963,21.993953
1,3964,477.158080
1,3965,397.337854
1,3966,82.771943
1,3967,303.823858
1,3968,261.685627
1,3969,417.038923
1,3970,89.275866
1,3971,20.472705
1,3972,399.842143
1,3973,510.419440
1,3974,444.406376
1,3975,108.576689
1,3976,373.841684
1,3977,103.285248
1,3978,391.830630
1,3979,507.482339
1,3980,360.636143
1,3981,173.628270
1,3982,383.685114
1,3983,151.058788
1,3984,76.864525
1,3985,298.332081
1,3986,80.788763
1,3987,358.727571
1,3988,381.336747
1,3989,479.070940
1,3990,133.284268
1,3991,415.478127
1,3992,364.054423
1,3993,503.088476
1,3994,398.601690
1,3995,113.954138
1,3996,334.796194
1,3997,188.506594
1,3998,502.144948
1,3999,72.985754
1,4000,340.923332
1,4001,438.184273
1,4002,256.925754
1,4003,401.643383
1,4004,378.752568
1,4005,77.201602
1,4006,378.814604
1,4007,389.250965
1,4008,88.147410
1,4009,420.751234
1,4010,552.719409
1,4011,196.314295
1,4012,432.346555
1,4013,255.882446
1,4014,237.186758
1,4015,386.297472
1,4016,187.875464
1,4017,416.821939
1,4018,170.522822
1,4019,463.864340
1,4020,24.827448
1,4021,509.937050
1,4022,345.264387
1,4023,88.722422
1,4024,346.032317
1,4025,82.738503
1,4026,420.475227
1,4027,167.498405
1,4028,253.950792
1,4029,295.009354
1,4030,195.717474
1,4031,93.480175
1,4032,396.715226
1,4033,343.647228
1,4034,403.582513
1,4035,523.712373
1,4036,381.124375
1,4037,102.617614
1,4038,456.305595
1,4039,266.921488
1,4040,219.737149
1,4041,234.344509
1,4042,102.385583
1,4043,419.199597
1,4044,444.046676
1,4045,535.882534
1,4046,40.483080
1,4047,485.300049
1,4048,437.099274
1,4049,88.251525
1,4050,205.036929
1,4051,544.439539
1,4052,93.761382
1,4053,524.916883
1,4054,80.654136
1,4055,340.382118
1,4056,87.913234
1,4057,534.282399
1,4058,392.329334
1,4059,157.242314
1,4060,160.940072
1,4061,196.174186
1,4062,319.842843
1,4063,353.567937
1,4064,464.385822
1,4065,199.088465
1,4066,459.902203
1,4067,78.592759
1,4068,451.991339
1,4069,473.609067
1,4070,82.044183
1,4071,364.715633
1,4072,308.830807
1,4073,488.481282
1,4074,90.172507
1,4075,547.465727
1,4076,529.729178
1,4077,74.302322
1,4078,77.378437
1,4079,468.262347
1,4080,82.186657
1,4081,183.532143
1,4082,480.283861
1,4083,220.904397
1,4084,546.176223
1,4085,347.827993
1,4086,262.892342
1,4087,347.691467
1,4088,517.413717
1,4089,65.442341
1,4090,5.509217
1,4091,421.490125
1,4092,516.571566
1,4093,73.441506
1,4094,372.389686
1,4095,75.172909
1,4096,476.689796
1,4097,424.079372
1,4098,75.446883
1,4099,187.603955
1,4100,80.590492
1,4101,334.686639
1,4102,373.011475
1,4103,78.886327
1,4104,416.619044
1,4105,277.046276
1,4106,427.082774
1,4107,83.019490
1,4108,348.538260
1,4109,498.257500
1,4110,496.942715
1,4111,242.838057
1,4112,101.182710
1,4113,497.515095
1,4114,318.251237
1,4115,53.778728
1,4116,325.134010
1,4117,294.213871
1,4118,465.212265
1,4119,64.703947
1,4120,251.671768
1,4121,459.585985
1,4122,393.668963
1,4123,153.195390
1,4124,409.830561
1,4125,65.151415
1,4126,204.945852
1,4127,375.697001
1,4128,75.791825
1,4129,282.946010
1,4130,100.255581
1,4131,514.783974
1,4132,168.804022
1,4133,364.996067
1,4134,213.496030
1,4135,186.771633
1,4136,372.412256
1,4137,36.521648
1,4138,229.407713
1,4139,114.476504
1,4140,364.445017
1,4141,16.631823
1,4142,350.189063
1,4143,81.859828
1,4144,402.777617
1,4145,109.211357
1,4146,73.573701
1,4147,217.120629
1,4148,251.366210
1,4149,181.024098
1,4150,135.375428
1,4151,535.036658
1,4152,84.416574
1,4153,461.351474
1,4154,351.521461
1,4155,80.827207
1,4156,312.360262
1,4157,78.238134
1,4158,101.738842
1,4159,461.180727
1,4160,75.677951
1,4161,21.260057
1,4162,435.877389
1,4163,76.743054
1,4164,305.129549
1,4165,136.667990
1,4166,80.596546
1,4167,340.706376
1,4168,374.747468
1,4169,316.588060
1,4170,301.165438
1,4171,262.519385
1,4172,474.612670
1,4173,79.113822
1,4174,574.814727
1,4175,380.630987
1,4176,121.833923
1,4177,435.018387
1,4178,359.515851
1,4179,457.845790
1,4180,136.299731
1,4181,242.432418
1,4182,151.687900
1,4183,376.081391
1,4184,273.659829
1,4185,149.089078
1,4186,315.391563
1,4187,21.200258
1,4188,296.376394
1,4189,68.384382
1,4190,131.219902
1,4191,240.221800
1,4192,187.679847
1,4193,239.689596
1,4194,6.277583
1,4195,185.270796
1,4196,60.702685
1,4197,285.897014
1,4198,6.277583
1,4199,220.732418
1,4200,70.425903
1,4201,287.776271
1,4202,100.961124
1,4203,70.565898
1,4204,215.513662
1,4205,256.496717
1,4206,171.529561
1,4207,180.799861
1,4208,313.794532
1,4209,73.383972
1,4210,419.335910
1,4211,393.917030
1,4212,103.316844
1,4213,136.638864
1,4214,265.937560
1,4215,24.677568
1,4216,440.503310
1,4217,96.026322
1,4218,484.375337
1,4219,443.308372
1,4220,75.924335
1,4221,365.285749
1,4222,369.575254
1,4223,85.450276
1,4224,285.949232
1,4225,76.736423
1,4226,93.997773
1,4227,472.533106
1,4228,78.504116
1,4229,24.438180
1,4230,396.075312
1,4231,82.154946
1,4232,315.813199
1,4233,140.695891
1,4234,88.358788
1,4235,362.427810
1,4236,338.746353
1,4237,113.025933
1,4238,494.481925
1,4239,434.622429
1,4240,77.486176
1,4241,373.176728
1,4242,371.820547
1,4243,335.493336
1,4244,289.270926
1,4245,306.941762
1,4246,254.400681
1,4247,493.229964
1,4248,80.173496
1,4249,414.841727
1,4250,74.426595
1,4251,19.533668
1,4252,312.701628
1,4253,73.225773
1,4254,145.143994
1,4255,250.244327
1,4256,197.334198
1,4257,341.879795
1,4258,134.236765
1,4259,157.230743
1,4260,227.546656
1,4261,181.866612
1,4262,190.019283
1,4263,556.068205
1,4264,102.243132
1,4265,131.364560
1,4266,398.516695
1,4267,613.435970
1,4268,313.917744
1,4269,53.674390
1,4270,314.655259
1,4271,64.643362
1,4272,430.382075
1,4273,240.855467
1,4274,417.700591
1,4275,176.233635
1,4276,374.082095
1,4277,68.022001
1,4278,209.999900
1,4279,294.291213
1,4280,15.721326
1,4281,443.558398
1,4282,97.456602
1,4283,194.322995
1,4284,449.653966
1,4285,391.032623
1,4286,183.139784
1,4287,77.338934
1,4288,384.389653
1,4289,251.356514
1,4290,17.357581
1,4291,323.974987
1,4292,421.474272
1,4293,88.836170
1,4294,343.980304
1,4295,80.281283
1,4296,480.484755
1,4297,89.012356
1,4298,389.828238
1,4299,152.762458
1,4300,261.413587
1,4301,310.673811
1,4302,174.491188
1,4303,260.799046
1,4304,88.878496
1,4305,442.202563
1,4306,79.471404
1,4307,181.114558
1,4308,129.152475
1,4309,140.777116
1,4310,438.005392
1,4311,96.075332
1,4312,319.685540
1,4313,498.858594
1,4314,14.283688
1,4315,503.242530
1,4316,75.217358
1,4317,94.970612
1,4318,393.930584
1,4319,74.231598
1,4320,20.485949
1,4321,270.842600
1,4322,340.077745
1,4323,82.898358
1,4324,279.050025
1,4325,396.506919
1,4326,436.096529
1,4327,322.106405
1,4328,53.674390
1,4329,332.448737
1,4330,85.436819
1,4331,98.360095
1,4332,344.302940
1,4333,326.791875
1,4334,84.627550
1,4335,422.112066
1,4336,165.189558
1,4337,91.226938
1,4338,215.949833
1,4339,390.729308
1,4340,108.402534
1,4341,253.112236
1,4342,438.333769
1,4343,70.036440
1,4344,224.485360
1,4345,266.225647
1,4346,392.197481
1,4347,76.519542
1,4348,303.136582
1,4349,386.026855
1,4350,72.093377
1,4351,81.836422
1,4352,365.980699
1,4353,488.865699
1,4354,93.444221
1,4355,110.862472
1,4356,209.368486
1,4357,223.826206
1,4358,77.233325
1,4359,141.299718
1,4360,383.651590
1,4361,74.329936
1,4362,23.491627
1,4363,241.881808
1,4364,470.518480
1,4365,234.074188
1,4366,423.922016
1,4367,135.638942
1,4368,309.213755
1,4369,420.549195
1,4370,122.881719
1,4371,439.651898
1,4372,76.833722
1,4373,186.093367
1,4374,415.932619
1,4375,178.739438
1,4376,331.335144
1,4377,81.812878
1,4378,454.647483
1,4379,331.019404
1,4380,134.147880
1,4381,211.581232
1,4382,277.392637
1,4383,94.127523
1,4384,445.776978
1,4385,86.530788
1,4386,430.769558
1,4387,269.758769
1,4388,446.394011
1,4389,555.822233
1,4390,91.215472
1,4391,337.935822
1,4392,280.974665
1,4393,538.467000
1,4394,336.432504
1,4395,192.186219
1,4396,361.464783
1,4397,78.319679
1,4398,409.829404
1,4399,90.960404
1,4400,418.033929
1,4401,373.698464
1,4402,70.704285
1,4403,401.325184
1,4404,84.972876
1,4405,384.188810
1,4406,86.704194
1,4407,544.454865
1,4408,328.157561
1,4409,10.892774
1,4410,288.281438
1,4411,241.108908
1,4412,393.794951
1,4413,88.801178
1,4414,342.971143
1,4415,74.876790
1,4416,267.448503
1,4417,76.453854
1,4418,252.817393
1,4419,528.877536
1,4420,65.508368
1,4421,472.493941
1,4422,312.455743
1,4423,443.590737
1,4424,66.272285
1,4425,414.637009
1,4426,354.958157
1,4427,65.563006
1,4428,160.355125
1,4429,555.163997
1,4430,321.616019
1,4431,74.656425
1,4432,161.115699
1,4433,0.905946
1,4434,452.409053
1,4435,64.427429
1,4436,293.598225
1,4437,273.353395
1,4438,273.978024
1,4439,284.100520
1,4440,249.370229
1,4441,18.482603
1,4442,132.766114
1,4443,253.139701
1,4444,70.702634
1,4445,220.700568
1,4446,180.239071
1,4447,196.046291
1,4448,298.719690
1,4449,492.427617
1,4450,101.404471
1,4451,209.086701
1,4452,281.526276
1,4453,214.057923
1,4454,235.348889
1,4455,68.359531
1,4456,151.403672
1,4457,169.836373
1,4458,75.110936
1,4459,23.059438
1,4460,317.365462
1,4461,76.353381
1,4462,181.865715
1,4463,463.616949
1,4464,22.885775
1,4465,280.471540
1,4466,95.360121
1,4467,264.940905
1,4468,76.120823
1,4469,212.075490
1,4470,69.321513
1,4471,323.734210
1,4472,166.107549
1,4473,245.846481
1,4474,356.621429
1,4475,86.712600
1,4476,46.579481
1,4477,305.923657
1,4478,78.228233
1,4479,137.590152
1,4480,131.628662
1,4481,235.450484
1,4482,212.284560
1,4483,69.986000
1,4484,218.884732
1,4485,97.566391
1,4486,220.876701
1,4487,212.792725
1,4488,92.602303
1,4489,416.565796
1,4490,71.674378
1,4491,202.043656
1,4492,71.123584
1,4493,282.050739
1,4494,175.643830
1,4495,218.234362
1,4496,69.752233
1,4497,146.159172
1,4498,171.336858
1,4499,296.311855
1,4500,71.433185
1,4501,292.715046
1,4502,67.462096
1,4503,298.873370
1,4504,290.364110
1,4505,270.292946
1,4506,140.830699
1,4507,99.606773
1,4508,25.269514
1,4509,337.829603
1,4510,64.976947
1,4511,440.632814
1,4512,273.214759
1,4513,268.422522
1,4514,72.959213
1,4515,236.438555
1,4516,130.589730
1,4517,212.938148
1,4518,276.447545
1,4519,268.538821
1,4520,355.291954
1,4521,69.710160
1,4522,76.669671
1,4523,338.819609
1,4524,414.818446
1,4525,508.658448
1,4526,387.954656
1,4527,445.458154
1,4528,302.682157
1,4529,45.588104
1,4530,327.580213
1,4531,63.151241
1,4532,370.988219
1,4533,229.001077
1,4534,318.419444
1,4535,131.684145
1,4536,125.926996
1,4537,251.490427
1,4538,53.875649
1,4539,189.419524
1,4540,426.978122
1,4541,71.120610
1,4542,378.024552
1,4543,63.782870
1,4544,170.275295
1,4545,389.447820
1,4546,394.772453
1,4547,329.435633
1,4548,198.388798
1,4549,77.715065
1,4550,138.710560
1,4551,64.034324
1,4552,197.631986
1,4553,281.670647
1,4554,380.130972
1,4555,175.164570
1,4556,426.193771
1,4557,76.983069
1,4558,128.779978
1,4559,179.527703
1,4560,249.115417
1,4561,62.453127
1,4562,227.156893
1,4563,61.863500
1,4564,113.371281
1,4565,64.201278
1,4566,200.974094
1,4567,292.732284
1,4568,318.972457
1,4569,348.057385
1,4570,290.984430
1,4571,143.271698
1,4572,113.699948
1,4573,288.325026
1,4574,338.959933
1,4575,364.828624
1,4576,61.084866
1,4577,332.314401
1,4578,6.586339
1,4579,284.696301
1,4580,227.137263
1,4581,58.919563
1,4582,171.053202
1,4583,314.370833
1,4584,234.700961
1,4585,305.762354
1,4586,336.267578
1,4587,351.950670
1,4588,393.737734
1,4589,67.397199
1,4590,119.735083
1,4591,334.970932
1,4592,138.006462
1,4593,224.403117
1,4594,139.414059
1,4595,100.739449
1,4596,353.363382
1,4597,47.014260
1,4598,310.990769
1,4599,235.877066
1,4600,220.522533
1,4601,320.150766
1,4602,412.041864
1,4603,55.118755
1,4604,205.533269
1,4605,107.856637
1,4606,290.292240
1,4607,60.139807
1,4608,268.214425
1,4609,122.134439
1,4610,324.425741
1,4611,252.835012
1,4612,62.721991
1,4613,382.688981
1,4614,342.159669
1,4615,348.609490
1,4616,407.390405
1,4617,348.802023
1,4618,62.648900
1,4619,234.429007
1,4620,58.293240
1,4621,231.381434
1,4622,325.393798
1,4623,63.181089
1,4624,162.468400
1,4625,273.404687
1,4626,116.185795
1,4627,156.905084
1,4628,60.209162
1,4629,658.021635
1,4630,56.796885
1,4631,309.278043
1,4632,114.634797
1,4633,248.104152
1,4634,63.412636
1,4635,157.744545
1,4636,321.018371
1,4637,326.311451
1,4638,62.216926
1,4639,11.945724
1,4640,281.707168
1,4641,58.916439
1,4642,311.818057
1,4643,60.271977
1,4644,184.980801
1,4645,519.205003
1,4646,61.256709
1,4647,341.540050
1,4648,57.705926
1,4649,258.297210
1,4650,175.491088
1,4651,191.826567
1,4652,230.297331
1,4653,253.355261
1,4654,134.424849
1,4655,188.139368
1,4656,358.215051
1,4657,55.032338
1,4658,164.819089
1,4659,186.955843
1,4660,232.410089
1,4661,149.873021
1,4662,59.552690
1,4663,281.601314
1,4664,221.199781
1,4665,58.098815
1,4666,182.637760
1,4667,158.218932
1,4668,254.906040
1,4669,112.550864
1,4670,51.070756
1,4671,297.296264
1,4672,147.452618
1,4673,162.672829
1,4674,200.570512
1,4675,237.685087
1,4676,203.562117
1,4677,306.001695
1,4678,103.812206
1,4679,147.893405
1,4680,53.537035
1,4681,155.235444
1,4682,51.198389
1,4683,197.720346
1,4684,47.483784
1,4685,60.426332
1,4686,251.321191
1,4687,263.148572
1,4688,313.132068
1,4689,279.034471
1,4690,142.522854
1,4691,277.112685
1,4692,47.622142
1,4693,253.272166
1,4694,106.538160
1,4695,185.563554
1,4696,241.429605
1,4697,473.791222
1,4698,217.844984
1,4699,275.921646
1,4700,402.737559
1,4701,212.707063
1,4702,455.776238
1,4703,381.815477
1,4704,311.678325
1,4705,214.571092
1,4706,51.365950
1,4707,290.390693
1,4708,54.343782
1,4709,226.705391
1,4710,315.062680
1,4711,273.430884
1,4712,51.089224
1,4713,316.623241
1,4714,273.530615
1,4715,237.881269
1,4716,253.581281
1,4717,333.281234
1,4718,107.274167
1,4719,69.740574
1,4720,79.338619
1,4721,252.083773
1,4722,207.045615
1,4723,286.395070
1,4724,232.292381
1,4725,337.377240
1,4726,232.642319
1,4727,150.662573
1,4728,427.895431
1,4729,62.538061
1,4730,261.449097
1,4731,336.321987
1,4732,346.727852
1,4733,325.786211
1,4734,338.461695
1,4735,58.845106
1,4736,225.435225
1,4737,390.750591
1,4738,106.150745
1,4739,225.204320
1,4740,442.195877
1,4741,370.911623
1,4742,340.129907
1,4743,301.463991
1,4744,104.065861
1,4745,341.379825
1,4746,268.566193
1,4747,317.031539
1,4748,61.908909
1,4749,159.951765
1,4750,230.539250
1,4751,318.403291
1,4752,294.064921
1,4753,54.249989
1,4754,360.244427
1,4755,68.690802
1,4756,393.269255
1,4757,424.824235
1,4758,392.096314
1,4759,50.891604
1,4760,3.836551
1,4761,277.148245
1,4762,52.629325
1,4763,241.025680
1,4764,202.721758
1,4765,279.252521
1,4766,138.521760
1,4767,314.485094
1,4768,233.175248
1,4769,174.539349
1,4770,44.675235
1,4771,159.418133
1,4772,278.767850
1,4773,106.600593
1,4774,186.304159
1,4775,225.137792
1,4776,148.155872
1,4777,75.033558
1,4778,288.417617
1,4779,370.108531
1,4780,225.396403
1,4781,151.407727
1,4782,126.378256
1,4783,110.631743
1,4784,211.895263
1,4785,247.391254
1,4786,56.570902
1,4787,265.495868
1,4788,54.605057
1,4789,163.019486
1,4790,1.438713
1,4791,109.623713
1,4792,231.794932
1,4793,304.920968
1,4794,220.580346
1,4795,296.750727
1,4796,194.805245
1,4797,110.443625
1,4798,246.292964
1,4799,278.141223
1,4800,149.782292
1,4801,216.309078
1,4802,230.053983
1,4803,327.711665
1,4804,208.907790
1,4805,216.175816
1,4806,57.230066
1,4807,404.266509
1,4808,6.753816
1,4809,252.026130
1,4810,56.261012
1,4811,173.757447
1,4812,140.503772
1,4813,300.149531
1,4814,54.602994
1,4815,195.382956
1,4816,629.086047
1,4817,551.832015
1,4818,340.135352
1,4819,352.847633
1,4820,6.368459
1,4821,406.966938
1,4822,360.512658
1,4823,400.917721
1,4824,329.887218
1,4825,260.686589
1,4826,51.242631
1,4827,59.821914
1,4828,443.677706
1,4829,260.877637
1,4830,387.964550
1,4831,443.615823
1,4832,428.718265
1,4833,393.936342
1,4834,377.333134
1,4835,82.708437
1,4836,380.362401
1,4837,233.678380
1,4838,533.468260
1,4839,420.767708
1,4840,328.357081
1,4841,376.973276
1,4842,62.369917
1,4843,333.626226
1,4844,326.571672
1,4845,384.999120
1,4846,489.376297
1,4847,242.292102
1,4848,215.345567
1,4849,400.161480
1,4850,15.684792
1,4851,172.999658
1,4852,297.749546
1,4853,359.138764
1,4854,354.182974
1,4855,260.683913
1,4856,343.714872
1,4857,323.874193
1,4858,78.845396
1,4859,84.122144
1,4860,479.116962
1,4861,127.791944
1,4862,339.990079
1,4863,414.019643
1,4864,62.116760
1,4865,383.279524
1,4866,72.986642
1,4867,162.644656
1,4868,142.856034
1,4869,249.505041
1,4870,274.838977
1,4871,167.987311
1,4872,331.753274
1,4873,43.049621
1,4874,268.046333
1,4875,331.462717
1,4876,53.595707
1,4877,86.102641
1,4878,504.163268
1,4879,349.295227
1,4880,61.282754
1,4881,418.051576
1,4882,283.853482
1,4883,397.471110
1,4884,60.788194
1,4885,229.701007
1,4886,63.804034
1,4887,378.369872
1,4888,169.236487
1,4889,373.475609
1,4890,307.086138
1,4891,333.842743
1,4892,265.251558
1,4893,474.178626
1,4894,320.653560
1,4895,507.158694
1,4896,361.188855
1,4897,549.946478
1,4898,65.348486
1,4899,202.143544
1,4900,80.277842
1,4901,403.337089
1,4902,473.269764
1,4903,77.328941
1,4904,223.408447
1,4905,75.665385
1,4906,205.610799
1,4907,184.972977
1,4908,184.637279
1,4909,71.981011
1,4910,334.327429
1,4911,69.053121
1,4912,308.080183
1,4913,63.400227
1,4914,76.705648
1,4915,388.124794
1,4916,255.894729
1,4917,362.745989
1,4918,258.981263
1,4919,99.197555
1,4920,166.475411
1,4921,244.013528
1,4922,372.406476
1,4923,59.987343
1,4924,386.721096
1,4925,59.457926
1,4926,61.491568
1,4927,427.778263
1,4928,113.258838
1,4929,361.572652
1,4930,344.802674
1,4931,71.985445
1,4932,268.923165
1,4933,281.130239
1,4934,13.241043
1,4935,212.859540
1,4936,63.304851
1,4937,363.881668
1,4938,452.728654
1,4939,369.131488
1,4940,462.842118
1,4941,241.721642
1,4942,290.337316
1,4943,306.907087
1,4944,274.358402
1,4945,341.179235
1,4946,301.896230
1,4947,233.523947
1,4948,79.231221
1,4949,215.145995
1,4950,247.671767
1,4951,359.325230
1,4952,71.120278
1,4953,201.961477
1,4954,373.331929
1,4955,70.584831
1,4956,466.035100
1,4957,127.188299
1,4958,311.914484
1,4959,299.095217
1,4960,172.595028
1,4961,67.576048
1,4962,304.096034
1,4963,63.480818
1,4964,286.719083
1,4965,201.481363
1,4966,285.189977
1,4967,288.098061
1,4968,51.309967
1,4969,224.449824
1,4970,399.291300
1,4971,301.274735
1,4972,271.587736
1,4973,104.390536
1,4974,188.169960
1,4975,301.233950
1,4976,363.236151
1,4977,391.258295
1,4978,8.662281
1,4979,216.643451
1,4980,342.210597
1,4981,63.918697
1,4982,270.547026
1,4983,59.271599
1,4984,69.593465
1,4985,307.104518
1,4986,30.780790
1,4987,144.860498
1,4988,68.120341
1,4989,206.992307
1,4990,176.599883
1,4991,33.596124
1,4992,164.338082
1,4993,218.905320
1,4994,76.210167
1,4995,348.702764
1,4996,81.044208
1,4997,95.974469
1,4998,428.151482
1,4999,61.896460
1,5000,384.717086
1,5001,438.803235
1,5002,177.997318
1,5003,479.540781
1,5004,70.308163
1,5005,294.879118
1,5006,277.164994
1,5007,457.372447
1,5008,268.154770
1,5009,242.969932
1,5010,315.442856
1,5011,186.524954
1,5012,309.705158
1,5013,69.055599
1,5014,553.486459
1,5015,61.741711
1,5016,67.593056
1,5017,519.163595
1,5018,484.726936
1,5019,186.285766
1,5020,295.021853
1,5021,257.492034
1,5022,558.890437
1,5023,63.267859
1,5024,285.955693
1,5025,115.082487
1,5026,344.293110
1,5027,287.618603
1,5028,174.213388
1,5029,286.787056
1,5030,288.650937
1,5031,190.364890
1,5032,361.020182
1,5033,256.211743
1,5034,499.719610
1,5035,343.781741
1,5036,517.147448
1,5037,430.364867
1,5038,323.914766
1,5039,66.610895
1,5040,325.399546
1,5041,305.794953
1,5042,364.459643
1,5043,395.608907
1,5044,61.569258
1,5045,363.796802
1,5046,338.831795
1,5047,350.629095
1,5048,391.412019
1,5049,486.510944
1,5050,240.876051
1,5051,296.277412
1,5052,338.777753
1,5053,120.853500
1,5054,360.824545
1,5055,253.427298
1,5056,167.820910
1,5057,235.165800
1,5058,44.121160
1,5059,137.127172
1,5060,280.768222
1,5061,228.122221
1,5062,255.584963
1,5063,55.930414
1,5064,3.954523
1,5065,60.009947
1,5066,135.342682
1,5067,253.191446
1,5068,239.965844
1,5069,59.874350
1,5070,170.198472
1,5071,73.480246
1,5072,289.903497
1,5073,134.124053
1,5074,227.279410
1,5075,3.578115
1,5076,208.510179
1,5077,73.838825
1,5078,267.914836
1,5079,63.419684
1,5080,170.528955
1,5081,14.456666
1,5082,288.239361
1,5083,191.588024
1,5084,235.263822
1,5085,244.579040
1,5086,68.764894
1,5087,163.968099
1,5088,68.006143
1,5089,283.165481
1,5090,395.188722
1,5091,4.294625
1,5092,242.368497
1,5093,143.057283
1,5094,69.071866
1,5095,122.936085
1,5096,64.460261
1,5097,73.271376
1,5098,12.414706
1,5099,260.546075
1,5100,62.819151
1,5101,125.930955
1,5102,239.138702
1,5103,290.247031
1,5104,63.579779
1,5105,205.444206
1,5106,74.515899
1,5107,241.519710
1,5108,68.341549
1,5109,181.565630
1,5110,62.158399
1,5111,63.442608
1,5112,258.943883
1,5113,118.726575
1,5114,270.387716
1,5115,178.859576
1,5116,61.973399
1,5117,224.446496
1,5118,276.958819
1,5119,296.661413
1,5120,375.264653
1,5121,130.465957
1,5122,66.110011
1,5123,132.426392
1,5124,286.636158
1,5125,357.126061
1,5126,239.110013
1,5127,62.636909
1,5128,226.283952
1,5129,56.354255
1,5130,234.992205
1,5131,232.050175
1,5132,149.887309
1,5133,306.920882
1,5134,61.570598
1,5135,259.972215
1,5136,1241.457714
1,5137,331.558799
1,5138,53.703837
1,5139,359.403179
1,5140,195.376605
1,5141,153.517388
1,5142,335.027644
1,5143,67.522627
1,5144,208.658573
1,5145,64.483798
1,5146,174.009770
1,5147,115.973516
1,5148,307.478152
1,5149,339.847623
1,5150,68.919819
1,5151,426.372033
1,5152,292.846364
1,5153,38.124315
1,5154,182.990927
1,5155,359.318350
1,5156,0.241188
1,5157,234.594660
1,5158,383.077653
1,5159,0.241188
1,5160,279.593358
1,5161,552.852994
1,5162,411.166334
1,5163,310.380464
1,5164,281.326262
1,5165,58.376307
1,5166,193.915689
1,5167,63.202188
1,5168,347.754980
1,5169,262.030756
1,5170,305.162498
1,5171,301.665268
1,5172,399.026199
1,5173,80.031943
1,5174,226.375605
1,5175,230.885213
1,5176,61.420942
1,5177,288.731330
1,5178,265.177274
1,5179,66.716600
1,5180,204.539444
1,5181,62.584098
1,5182,200.976848
1,5183,170.329745
1,5184,107.069482
1,5185,158.530367
1,5186,59.558020
1,5187,189.936632
1,5188,120.270309
1,5189,307.748102
1,5190,61.577257
1,5191,219.016777
1,5192,360.364659
1,5193,9.451536
1,5194,194.827452
1,5195,317.715306
1,5196,56.338783
1,5197,207.080167
1,5198,198.071207
1,5199,397.804440
1,5200,67.268177
1,5201,200.749676
1,5202,268.331080
1,5203,121.504811
1,5204,116.777864
1,5205,216.614770
1,5206,339.911413
1,5207,312.075055
1,5208,62.636569
1,5209,266.587128
1,5210,59.704485
1,5211,162.012219
1,5212,330.374702
1,5213,64.391443
1,5214,286.498297
1,5215,57.808085
1,5216,150.447205
1,5217,66.371520
1,5218,383.767590
1,5219,58.456090
1,5220,117.394389
1,5221,298.649672
1,5222,336.704716
1,5223,353.344981
1,5224,554.453151
1,5225,2.873617
1,5226,334.902556
1,5227,210.648307
1,5228,333.697769
1,5229,77.410959
1,5230,303.060353
1,5231,457.921618
1,5232,91.011827
1,5233,469.954902
1,5234,411.917072
1,5235,218.804354
1,5236,345.619290
1,5237,80.069125
1,5238,329.986978
1,5239,157.096759
1,5240,80.131541
1,5241,196.092124
1,5242,211.481751
1,5243,265.834170
1,5244,452.946186
1,5245,449.418093
1,5246,448.381662
1,5247,107.076686
1,5248,546.946405
1,5249,89.150000
1,5250,288.493495
1,5251,81.706396
1,5252,91.929164
1,5253,266.345306
1,5254,194.319400
1,5255,84.134141
1,5256,396.095006
1,5257,103.455657
1,5258,213.499810
1,5259,794.593736
1,5260,361.383702
1,5261,208.832109
1,5262,103.238550
1,5263,549.964273
1,5264,314.647898
1,5265,389.349983
1,5266,87.271626
1,5267,518.722498
1,5268,355.377578
1,5269,265.863288
1,5270,201.387097
1,5271,341.948919
1,5272,331.479257
1,5273,229.211904
1,5274,184.604243
1,5275,398.059954
1,5276,340.216826
1,5277,76.513838
1,5278,231.302811
1,5279,268.969352
1,5280,317.373749
1,5281,356.519516
1,5282,290.781443
1,5283,86.291082
1,5284,397.177124
1,5285,78.873122
1,5286,92.176177
1,5287,256.829288
1,5288,81.344039
1,5289,308.390937
1,5290,348.182377
1,5291,56.113215
1,5292,180.322552
1,5293,190.622512
1,5294,70.609895
1,5295,235.459359
1,5296,162.034536
1,5297,271.857715
1,5298,78.107405
1,5299,495.025006
1,5300,182.974202
1,5301,87.672049
1,5302,373.053129
1,5303,292.769568
1,5304,80.548046
1,5305,38.836402
1,5306,299.950591
1,5307,238.354853
1,5308,332.670433
1,5309,275.877414
1,5310,191.843727
1,5311,383.300314
1,5312,273.046424
1,5313,23.380613
1,5314,218.681084
1,5315,216.654684
1,5316,418.153997
1,5317,151.174619
1,5318,495.844384
1,5319,292.965597
1,5320,86.429666
1,5321,179.486924
1,5322,83.149261
1,5323,181.857007
1,5324,370.192218
1,5325,466.330723
1,5326,330.985812
1,5327,94.651096
1,5328,247.932510
1,5329,27.810662
1,5330,484.188028
1,5331,86.336260
1,5332,286.996913
1,5333,277.126407
1,5334,275.771907
1,5335,155.602769
1,5336,306.521574
1,5337,438.575935
1,5338,81.192309
1,5339,24.147898
1,5340,376.374903
1,5341,86.539789
1,5342,200.863820
1,5343,311.715770
1,5344,78.077472
1,5345,428.901100
1,5346,81.648503
1,5347,430.097477
1,5348,259.566983
1,5349,249.473992
1,5350,133.593160
1,5351,329.593896
1,5352,26.334342
1,5353,423.662015
1,5354,156.398807
1,5355,233.625896
1,5356,269.485712
1,5357,90.976340
1,5358,472.501586
1,5359,71.623136
1,5360,258.491616
1,5361,315.959953
1,5362,143.314843
1,5363,544.653554
1,5364,81.643435
1,5365,278.409774
1,5366,355.907058
1,5367,122.015200
1,5368,173.647465
1,5369,378.966564
1,5370,171.269235
1,5371,78.018002
1,5372,300.852067
1,5373,301.964620
1,5374,105.143350
1,5375,137.441230
1,5376,78.577534
1,5377,270.465257
1,5378,354.917060
1,5379,218.512341
1,5380,462.335094
1,5381,176.994103
1,5382,433.898906
1,5383,416.111423
1,5384,405.098993
1,5385,347.939551
1,5386,80.182260
1,5387,206.807703
1,5388,235.635534
1,5389,314.022861
1,5390,85.624728
1,5391,357.074525
1,5392,157.491787
1,5393,394.728256
1,5394,333.613882
1,5395,199.081138
1,5396,92.113614
1,5397,119.371906
1,5398,438.031700
1,5399,347.824952
1,5400,79.892962
1,5401,343.932428
1,5402,93.236778
1,5403,420.829411
1,5404,440.002379
1,5405,85.841023
1,5406,386.303207
1,5407,95.152631
1,5408,357.198873
1,5409,82.232166
1,5410,268.422974
1,5411,49.518591
1,5412,535.378534
1,5413,79.897264
1,5414,213.682937
1,5415,224.438829
1,5416,176.024223
1,5417,185.640020
1,5418,413.092040
1,5419,77.861877
1,5420,397.995293
1,5421,236.552852
1,5422,440.567603
1,5423,260.480337
1,5424,221.661269
1,5425,196.482264
1,5426,151.278949
1,5427,353.908734
1,5428,528.277039
1,5429,104.220532
1,5430,415.834507
1,5431,86.193566
1,5432,154.013349
1,5433,402.003657
1,5434,143.663002
1,5435,157.704500
1,5436,168.749062
1,5437,174.058901
1,5438,265.813299
1,5439,34.580386
1,5440,421.739412
1,5441,99.684833
1,5442,478.134364
1,5443,74.275001
1,5444,221.040451
1,5445,83.124138
1,5446,92.383147
1,5447,147.332263
1,5448,92.485730
1,5449,85.445454
1,5450,321.468332
1,5451,15.231174
1,5452,289.523318
1,5453,434.598407
1,5454,179.008893
1,5455,98.287198
1,5456,292.036546
1,5457,278.066807
1,5458,72.406739
1,5459,323.918044
1,5460,13.393339
1,5461,260.260825
1,5462,76.117222
1,5463,220.502943
1,5464,505.239401
1,5465,390.594962
1,5466,73.197036
1,5467,135.126124
1,5468,128.145614
1,5469,345.396533
1,5470,68.762452
1,5471,433.156896
1,5472,79.245525
1,5473,307.855660
1,5474,112.321239
1,5475,248.192670
1,5476,183.779380
1,5477,318.742900
1,5478,324.632481
1,5479,62.800917
1,5480,178.658613
1,5481,338.786299
1,5482,294.364868
1,5483,505.317314
1,5484,189.230374
1,5485,324.831067
1,5486,85.573686
1,5487,361.732300
1,5488,175.049212
1,5489,352.250872
1,5490,20.210032
1,5491,282.319397
1,5492,73.980782
1,5493,86.139700
1,5494,226.991690
1,5495,95.739510
1,5496,86.955646
1,5497,137.014272
1,5498,257.475811
1,5499,80.869753
1,5500,203.518533
1,5501,79.980127
1,5502,339.689776
1,5503,136.726834
1,5504,156.312475
1,5505,412.745734
1,5506,101.587230
1,5507,78.141993
1,5508,336.405012
1,5509,349.176620
1,5510,184.885077
1,5511,270.865769
1,5512,100.448586
1,5513,284.055183
1,5514,133.643568
1,5515,191.094639
1,5516,452.990296
1,5517,81.497157
1,5518,180.950919
1,5519,384.595177
1,5520,369.503882
1,5521,91.725069
1,5522,233.999101
1,5523,80.309905
1,5524,290.532966
1,5525,97.479555
1,5526,394.800064
1,5527,573.358763
1,5528,159.690128
1,5529,337.848324
1,5530,88.735996
1,5531,255.679136
1,5532,401.860385
1,5533,403.830133
1,5534,77.452887
1,5535,224.549966
1,5536,168.264457
1,5537,75.553578
1,5538,318.214340
1,5539,83.098506
1,5540,406.096752
1,5541,103.091413
1,5542,441.043489
1,5543,130.175297
1,5544,118.090687
1,5545,289.288673
1,5546,488.687801
1,5547,357.527615
1,5548,86.131645
1,5549,119.323821
1,5550,368.624363
1,5551,295.124633
1,5552,123.356871
1,5553,406.342411
1,5554,248.722359
1,5555,86.898521
1,5556,772.946124
1,5557,136.929618
1,5558,100.206311
1,5559,532.845019
1,5560,316.672729
1,5561,519.201003
1,5562,69.095910
1,5563,379.435286
1,5564,223.503281
1,5565,326.552372
1,5566,86.686786
1,5567,230.481674
1,5568,300.865276
1,5569,351.981868
1,5570,407.840440
1,5571,308.045642
1,5572,64.006895
1,5573,188.736302
1,5574,85.642281
1,5575,236.093660
1,5576,173.755654
1,5577,331.676823
1,5578,79.441800
1,5579,198.417592
1,5580,82.137888
1,5581,313.964059
1,5582,77.449470
1,5583,292.508671
1,5584,209.445742
1,5585,81.830521
1,5586,410.037337
1,5587,201.496414
1,5588,197.834854
1,5589,360.231835
1,5590,20.515920
1,5591,361.417914
1,5592,320.572330
1,5593,229.284956
1,5594,518.445789
1,5595,175.707516
1,5596,292.903968
1,5597,87.369556
1,5598,386.906171
1,5599,279.423760
1,5600,193.367990
1,5601,80.388598
1,5602,282.442384
1,5603,229.493872
1,5604,246.688285
1,5605,214.209093
1,5606,95.335667
1,5607,270.288268
1,5608,221.590534
1,5609,23.118453
1,5610,342.444567
1,5611,205.951450
1,5612,254.957123
1,5613,196.934760
1,5614,301.394957
1,5615,399.001257
1,5616,181.374851
1,5617,23.212304
1,5618,396.291803
1,5619,80.376639
1,5620,380.850473
1,5621,71.559703
1,5622,354.652371
1,5623,73.694992
1,5624,80.385836
1,5625,318.564775
1,5626,363.928506
1,5627,78.041075
1,5628,188.276501
1,5629,74.804521
1,5630,233.278628
1,5631,129.605895
1,5632,136.951882
1,5633,172.011375
1,5634,239.844569
1,5635,320.110089
1,5636,77.527192
1,5637,150.649664
1,5638,126.984351
1,5639,459.472403
1,5640,76.094803
1,5641,515.548482
1,5642,87.349653
1,5643,448.524430
1,5644,85.425702
1,5645,290.052338
1,5646,242.873883
1,5647,445.455179
1,5648,134.165495
1,5649,78.282556
1,5650,408.910780
1,5651,143.586951
1,5652,363.406199
1,5653,200.011707
1,5654,278.939716
1,5655,324.890463
1,5656,60.371739
1,5657,161.115699
1,5658,0.905946
1,5659,451.508298
1,5660,73.774528
1,5661,289.873508
1,5662,285.384400
1,5663,269.818788
1,5664,295.003905
1,5665,259.062284
1,5666,26.365700
1,5667,143.183063
1,5668,237.902379
1,5669,70.702634
1,5670,217.150380
1,5671,189.126929
1,5672,193.424395
1,5673,299.796854
1,5674,507.997312
1,5675,90.307590
1,5676,209.170487
1,5677,288.688792
1,5678,222.656755
1,5679,234.756735
1,5680,68.161665
1,5681,150.812965
1,5682,169.489747
1,5683,74.817747
1,5684,23.059438
1,5685,318.357303
1,5686,76.353381
1,5687,190.537120
1,5688,473.078107
1,5689,22.885775
1,5690,279.555814
1,5691,94.304356
1,5692,276.548813
1,5693,75.868075
1,5694,212.075490
1,5695,79.175383
1,5696,336.567740
1,5697,177.087574
1,5698,254.380604
1,5699,364.844939
1,5700,79.921036
1,5701,46.579481
1,5702,296.530379
1,5703,77.783397
1,5704,136.934451
1,5705,131.212711
1,5706,246.134378
1,5707,222.588892
1,5708,78.375867
1,5709,218.243473
1,5710,108.074196
1,5711,220.314877
1,5712,212.792725
1,5713,84.566229
1,5714,437.028306
1,5715,71.674378
1,5716,200.637518
1,5717,71.123584
1,5718,279.538570
1,5719,184.934620
1,5720,227.694078
1,5721,69.752233
1,5722,155.081730
1,5723,179.631365
1,5724,304.912321
1,5725,71.433185
1,5726,302.850453
1,5727,78.329505
1,5728,299.071407
1,5729,301.062596
1,5730,287.016369
1,5731,140.830699
1,5732,95.544171
1,5733,16.241656
1,5734,322.509976
1,5735,73.479429
1,5736,433.701192
1,5737,276.467539
1,5738,276.280762
1,5739,72.388725
1,5740,243.295034
1,5741,130.589730
1,5742,207.935605
1,5743,285.013594
1,5744,279.661735
1,5745,343.333372
1,5746,61.544175
1,5747,76.669671
1,5748,327.700839
1,5749,402.308366
1,5750,512.108413
1,5751,369.509809
1,5752,424.736477
1,5753,301.005354
1,5754,45.588104
1,5755,325.877412
1,5756,62.446435
1,5757,369.669595
1,5758,235.522429
1,5759,335.084719
1,5760,138.514346
1,5761,125.698801
1,5762,263.755196
1,5763,53.583905
1,5764,200.058568
1,5765,438.086176
1,5766,70.410028
1,5767,385.362646
1,5768,63.340920
1,5769,179.922142
1,5770,393.988694
1,5771,405.475007
1,5772,335.608859
1,5773,209.599512
1,5774,76.865832
1,5775,147.257587
1,5776,64.034324
1,5777,207.253347
1,5778,296.480935
1,5779,374.733728
1,5780,184.065332
1,5781,423.915197
1,5782,76.207493
1,5783,128.779978
1,5784,188.112261
1,5785,256.568137
1,5786,62.453127
1,5787,235.455504
1,5788,61.863500
1,5789,120.634990
1,5790,64.201278
1,5791,210.546425
1,5792,302.980175
1,5793,330.571643
1,5794,357.258405
1,5795,302.738154
1,5796,152.448185
1,5797,113.699948
1,5798,291.746805
1,5799,348.701187
1,5800,381.664664
1,5801,61.084866
1,5802,344.079679
1,5803,6.586339
1,5804,300.167859
1,5805,239.581292
1,5806,58.919563
1,5807,182.638114
1,5808,322.253928
1,5809,245.780472
1,5810,316.763854
1,5811,356.890610
1,5812,359.186636
1,5813,406.157021
1,5814,67.397199
1,5815,119.358128
1,5816,347.077114
1,5817,129.771152
1,5818,223.388226
1,5819,139.136757
1,5820,100.739449
1,5821,353.452964
1,5822,47.014260
1,5823,297.452226
1,5824,235.264692
1,5825,220.139800
1,5826,319.339083
1,5827,398.033969
1,5828,55.118755
1,5829,213.570713
1,5830,107.856637
1,5831,298.313815
1,5832,60.139807
1,5833,276.298067
1,5834,133.810247
1,5835,331.397576
1,5836,252.055103
1,5837,70.964541
1,5838,396.539015
1,5839,353.318198
1,5840,357.166456
1,5841,420.465035
1,5842,364.645978
1,5843,74.529852
1,5844,245.972111
1,5845,66.457874
1,5846,244.839003
1,5847,345.777230
1,5848,63.181089
1,5849,162.468400
1,5850,282.139470
1,5851,125.532893
1,5852,163.774638
1,5853,60.209162
1,5854,643.067695
1,5855,65.355674
1,5856,318.668245
1,5857,124.240252
1,5858,258.858946
1,5859,63.412636
1,5860,168.048877
1,5861,331.322703
1,5862,355.366289
1,5863,62.216926
1,5864,22.475287
1,5865,293.475502
1,5866,58.916439
1,5867,309.256671
1,5868,59.954236
1,5869,168.827866
1,5870,471.103104
1,5871,61.256709
1,5872,362.880714
1,5873,57.705926
1,5874,269.502467
1,5875,185.935248
1,5876,201.496825
1,5877,238.431297
1,5878,265.650322
1,5879,141.408106
1,5880,187.984831
1,5881,350.918125
1,5882,55.032338
1,5883,164.819089
1,5884,202.834648
1,5885,242.263959
1,5886,160.346276
1,5887,59.230617
1,5888,291.101225
1,5889,230.490572
1,5890,58.098815
1,5891,191.252858
1,5892,157.860752
1,5893,263.521136
1,5894,112.550864
1,5895,51.070756
1,5896,309.044284
1,5897,157.588027
1,5898,174.328547
1,5899,207.711401
1,5900,248.605784
1,5901,214.598450
1,5902,321.936810
1,5903,103.812206
1,5904,147.893405
1,5905,53.537035
1,5906,167.904705
1,5907,51.198389
1,5908,206.417633
1,5909,47.483784
1,5910,51.184798
1,5911,267.143690
1,5912,275.410434
1,5913,334.696464
1,5914,293.561889
1,5915,154.685345
1,5916,288.881022
1,5917,56.631394
1,5918,266.424899
1,5919,115.527117
1,5920,182.100192
1,5921,241.275068
1,5922,464.103765
1,5923,249.993769
1,5924,296.811848
1,5925,449.569708
1,5926,201.275338
1,5927,419.479544
1,5928,368.228453
1,5929,308.174525
1,5930,221.440647
1,5931,51.365950
1,5932,297.606628
1,5933,54.343782
1,5934,234.614389
1,5935,326.565041
1,5936,272.639422
1,5937,51.089224
1,5938,315.999313
1,5939,272.759373
1,5940,249.496134
1,5941,264.262248
1,5942,332.564874
1,5943,107.274167
1,5944,58.362267
1,5945,80.287223
1,5946,281.959988
1,5947,232.834598
1,5948,309.713599
1,5949,241.450262
1,5950,347.192039
1,5951,240.175939
1,5952,150.206183
1,5953,438.984749
1,5954,71.477950
1,5955,269.395438
1,5956,323.677032
1,5957,347.140820
1,5958,347.595926
1,5959,350.004799
1,5960,58.845106
1,5961,225.435225
1,5962,405.412064
1,5963,105.726126
1,5964,225.204320
1,5965,439.998541
1,5966,391.046659
1,5967,351.335164
1,5968,323.705583
1,5969,103.788560
1,5970,352.088139
1,5971,281.361010
1,5972,327.054330
1,5973,61.908909
1,5974,159.951765
1,5975,229.961540
1,5976,327.904757
1,5977,302.050371
1,5978,53.810929
1,5979,371.507171
1,5980,67.952777
1,5981,408.871846
1,5982,435.921936
1,5983,411.572704
1,5984,50.891604
1,5985,3.836551
1,5986,295.324023
1,5987,52.386686
1,5988,240.794595
1,5989,191.492307
1,5990,273.979748
1,5991,146.751256
1,5992,322.490688
1,5993,243.049016
1,5994,189.200897
1,5995,44.675235
1,5996,169.670339
1,5997,289.747876
1,5998,115.722460
1,5999,194.975563
1,6000,225.137792
1,6001,157.165124
1,6002,73.869471
1,6003,288.417617
1,6004,370.108531
1,6005,233.617346
1,6006,151.087098
1,6007,135.884038
1,6008,110.631743
1,6009,219.675606
1,6010,256.550483
1,6011,56.570902
1,6012,275.395879
1,6013,54.605057
1,6014,163.019486
1,6015,1.438713
1,6016,109.623713
1,6017,243.158625
1,6018,307.726005
1,6019,229.165040
1,6020,309.464646
1,6021,194.325747
1,6022,121.085804
1,6023,256.994168
1,6024,284.883663
1,6025,149.556983
1,6026,215.422293
1,6027,229.538376
1,6028,339.817752
1,6029,218.481432
1,6030,224.751728
1,6031,56.922435
1,6032,414.802879
1,6033,6.288759
1,6034,265.547039
1,6035,56.261012
1,6036,182.884978
1,6037,140.326126
1,6038,308.451221
1,6039,54.602994
1,6040,195.382956
1,6041,680.222791
1,6042,568.528441
1,6043,348.574247
1,6044,365.281400
1,6045,6.368459
1,6046,419.677931
1,6047,377.143477
1,6048,417.557149
1,6049,331.359982
1,6050,268.456956
1,6051,51.242631
1,6052,68.351761
1,6053,453.677315
1,6054,248.677651
1,6055,381.278268
1,6056,437.477950
1,6057,434.088492
1,6058,390.866663
1,6059,363.409347
1,6060,82.708437
1,6061,375.576407
1,6062,233.112223
1,6063,623.904102
1,6064,438.554486
1,6065,326.313432
1,6066,383.486971
1,6067,62.141722
1,6068,340.210973
1,6069,337.814180
1,6070,404.235760
1,6071,511.911859
1,6072,250.707756
1,6073,214.582990
1,6074,410.504222
1,6075,15.684792
1,6076,185.899833
1,6077,322.396091
1,6078,367.255606
1,6079,366.369884
1,6080,275.192462
1,6081,354.296278
1,6082,338.599100
1,6083,78.391894
1,6084,93.646737
1,6085,491.283369
1,6086,127.516088
1,6087,336.003664
1,6088,427.868120
1,6089,68.704776
1,6090,397.172945
1,6091,72.986642
1,6092,172.329600
1,6093,152.829626
1,6094,260.796842
1,6095,283.371486
1,6096,167.987311
1,6097,325.783179
1,6098,50.932717
1,6099,276.420067
1,6100,325.784293
1,6101,53.426728
1,6102,74.601498
1,6103,490.992637
1,6104,321.314758
1,6105,61.282754
1,6106,421.075973
1,6107,286.023394
1,6108,393.241811
1,6109,60.788194
1,6110,219.776349
1,6111,71.292974
1,6112,391.754947
1,6113,180.845896
1,6114,371.428478
1,6115,306.415995
1,6116,332.350808
1,6117,274.176777
1,6118,481.113673
1,6119,314.738197
1,6120,539.786392
1,6121,373.268720
1,6122,560.145359
1,6123,65.348486
1,6124,211.378028
1,6125,86.483086
1,6126,418.984584
1,6127,493.327761
1,6128,84.986805
1,6129,232.436324
1,6130,66.530689
1,6131,205.428820
1,6132,175.864146
1,6133,196.320308
1,6134,71.981011
1,6135,344.289468
1,6136,78.118681
1,6137,316.965171
1,6138,71.790092
1,6139,76.281031
1,6140,399.231406
1,6141,266.395143
1,6142,369.244025
1,6143,256.965075
1,6144,98.957806
1,6145,165.912144
1,6146,256.279892
1,6147,396.332798
1,6148,59.987343
1,6149,384.736661
1,6150,59.132963
1,6151,61.077063
1,6152,434.545050
1,6153,112.772117
1,6154,361.289575
1,6155,356.884020
1,6156,80.330444
1,6157,278.270262
1,6158,296.477610
1,6159,13.241043
1,6160,229.368984
1,6161,63.085321
1,6162,376.786005
1,6163,484.387639
1,6164,378.241462
1,6165,462.977803
1,6166,254.525070
1,6167,302.916936
1,6168,318.448540
1,6169,290.736681
1,6170,371.287825
1,6171,322.503281
1,6172,244.962855
1,6173,78.665064
1,6174,214.353088
1,6175,246.366143
1,6176,357.094620
1,6177,70.725991
1,6178,201.961477
1,6179,390.899970
1,6180,79.194075
1,6181,473.875499
1,6182,140.735301
1,6183,321.965990
1,6184,309.615906
1,6185,181.770181
1,6186,67.576048
1,6187,248.168848
1,6188,71.194991
1,6189,294.425769
1,6190,201.481363
1,6191,267.792473
1,6192,271.109042
1,6193,51.309967
1,6194,223.989101
1,6195,398.176319
1,6196,285.329529
1,6197,257.666628
1,6198,104.019357
1,6199,187.059313
1,6200,300.129080
1,6201,361.725440
1,6202,408.563080
1,6203,8.662281
1,6204,227.871628
1,6205,359.966110
1,6206,63.918697
1,6207,265.518602
1,6208,59.271599
1,6209,69.119743
1,6210,306.444485
1,6211,30.510711
1,6212,143.508657
1,6213,78.199440
1,6214,214.202485
1,6215,184.056879
1,6216,32.676121
1,6217,164.338082
1,6218,217.888552
1,6219,75.568908
1,6220,346.147267
1,6221,80.751020
1,6222,103.747516
1,6223,401.524149
1,6224,61.632157
1,6225,401.787957
1,6226,451.884897
1,6227,187.749956
1,6228,490.615278
1,6229,69.962982
1,6230,304.041160
1,6231,304.205409
1,6232,480.430590
1,6233,265.838890
1,6234,229.779515
1,6235,315.120783
1,6236,197.036960
1,6237,319.903886
1,6238,68.733527
1,6239,566.071423
1,6240,61.488963
1,6241,67.593056
1,6242,497.725096
1,6243,468.075914
1,6244,197.014431
1,6245,304.481114
1,6246,265.919131
1,6247,598.865197
1,6248,69.236487
1,6249,272.447742
1,6250,114.575547
1,6251,331.056722
1,6252,299.262617
1,6253,182.116495
1,6254,299.850472
1,6255,305.323680
1,6256,197.347060
1,6257,358.391047
1,6258,257.605090
1,6259,502.448438
1,6260,342.624037
1,6261,487.232315
1,6262,433.466131
1,6263,326.617485
1,6264,66.610895
1,6265,336.061700
1,6266,317.765260
1,6267,372.554595
1,6268,393.430405
1,6269,61.569258
1,6270,371.750422
1,6271,340.718706
1,6272,357.827659
1,6273,392.455587
1,6274,503.098229
1,6275,254.183284
1,6276,305.900009
1,6277,350.668493
1,6278,109.528614
1,6279,372.116156
1,6280,260.398027
1,6281,172.555158
1,6282,223.884279
1,6283,44.121160
1,6284,135.722555
1,6285,292.391941
1,6286,240.807255
1,6287,255.209452
1,6288,55.612674
1,6289,3.954523
1,6290,60.009947
1,6291,134.538220
1,6292,264.448357
1,6293,231.011814
1,6294,59.617269
1,6295,178.877043
1,6296,61.674586
1,6297,289.623310
1,6298,134.124053
1,6299,227.279410
1,6300,3.578115
1,6301,208.510179
1,6302,73.236563
1,6303,267.734303
1,6304,72.034782
1,6305,178.806205
1,6306,14.456666
1,6307,296.265175
1,6308,196.786836
1,6309,234.869534
1,6310,232.140882
1,6311,77.436298
1,6312,163.687910
1,6313,75.668264
1,6314,290.299075
1,6315,402.111583
1,6316,4.294625
1,6317,241.556815
1,6318,152.223602
1,6319,69.071866
1,6320,134.817037
1,6321,64.460261
1,6322,84.026171
1,6323,12.414706
1,6324,271.751332
1,6325,62.819151
1,6326,125.930955
1,6327,249.720069
1,6328,299.217119
1,6329,72.814262
1,6330,204.997925
1,6331,83.525149
1,6332,249.590448
1,6333,68.341549
1,6334,192.053195
1,6335,61.883987
1,6336,71.888782
1,6337,267.390056
1,6338,118.726575
1,6339,280.151966
1,6340,191.515705
1,6341,61.802975
1,6342,234.339171
1,6343,286.782227
1,6344,308.452610
1,6345,386.956385
1,6346,130.465957
1,6347,88.295294
1,6348,132.426392
1,6349,298.047701
1,6350,375.567321
1,6351,249.661109
1,6352,62.636909
1,6353,238.671559
1,6354,56.354255
1,6355,252.391322
1,6356,245.451362
1,6357,149.569569
1,6358,332.090480
1,6359,61.570598
1,6360,270.523197
1,6361,1215.556661
1,6362,320.467638
1,6363,53.436646
1,6364,359.183650
1,6365,195.081974
1,6366,143.047211
1,6367,316.675853
1,6368,67.522627
1,6369,208.658573
1,6370,82.445993
1,6371,166.804002
1,6372,105.240236
1,6373,328.246792
1,6374,360.333261
1,6375,77.710985
1,6376,441.813090
1,6377,286.275716
1,6378,46.401566
1,6379,165.789828
1,6380,355.316067
1,6381,0.241188
1,6382,219.427616
1,6383,369.368553
1,6384,0.241188
1,6385,266.008521
1,6386,532.470251
1,6387,399.180961
1,6388,288.719510
1,6389,290.497048
1,6390,58.025348
1,6391,204.352573
1,6392,62.796347
1,6393,360.680887
1,6394,261.097754
1,6395,303.787549
1,6396,308.274608
1,6397,406.582379
1,6398,78.992064
1,6399,226.375605
1,6400,245.278239
1,6401,61.420942
1,6402,298.443527
1,6403,274.524371
1,6404,66.716600
1,6405,204.539444
1,6406,62.584098
1,6407,210.380255
1,6408,179.707098
1,6409,106.793624
1,6410,169.735624
1,6411,69.806045
1,6412,196.307988
1,6413,119.968456
1,6414,314.263488
1,6415,61.577257
1,6416,240.813419
1,6417,374.458662
1,6418,9.451536
1,6419,205.863788
1,6420,330.440875
1,6421,64.447110
1,6422,220.988199
1,6423,208.769696
1,6424,415.349316
1,6425,66.810342
1,6426,210.340688
1,6427,276.268887
1,6428,121.504811
1,6429,116.530893
1,6430,200.215053
1,6431,353.482873
1,6432,320.802767
1,6433,62.636569
1,6434,274.526530
1,6435,59.560058
1,6436,173.265063
1,6437,341.985591
1,6438,64.391443
1,6439,296.183244
1,6440,57.808085
1,6441,158.780763
1,6442,66.371520
1,6443,384.528517
1,6444,58.456090
1,6445,117.394389
1,6446,317.736506
1,6447,345.624292
1,6448,362.354025
1,6449,251.114450
1,6450,81.892367
1,6451,325.372507
1,6452,225.387022
1,6453,386.830295
1,6454,294.755490
1,6455,363.280420
1,6456,461.139796
1,6457,533.255053
1,6458,80.323748
1,6459,344.040716
1,6460,82.145631
1,6461,453.645360
1,6462,81.994705
1,6463,373.252818
1,6464,257.117515
1,6465,486.847912
1,6466,85.065150
1,6467,238.616812
1,6468,462.217063
1,6469,115.902000
1,6470,568.179289
1,6471,572.033786
1,6472,621.917993
1,6473,27.029999
1,6474,455.439767
1,6475,474.644226
1,6476,549.771567
1,6477,85.885103
1,6478,440.577418
1,6479,397.951828
1,6480,223.509420
1,6481,90.835126
1,6482,415.214596
1,6483,423.215603
1,6484,349.413106
1,6485,88.899432
1,6486,480.814045
1,6487,89.633716
1,6488,292.258516
1,6489,510.404402
1,6490,309.840947
1,6491,550.129787
1,6492,98.693209
1,6493,431.527272
1,6494,528.959668
1,6495,90.067547
1,6496,380.328070
1,6497,621.568184
1,6498,418.418175
1,6499,526.409583
1,6500,417.212440
1,6501,91.150167
1,6502,354.367437
1,6503,268.906572
1,6504,233.220786
1,6505,240.052452
1,6506,393.673505
1,6507,33.175785
1,6508,420.132589
1,6509,304.190511
1,6510,98.070405
1,6511,297.503769
1,6512,373.230906
1,6513,154.887345
1,6514,442.932221
1,6515,476.664574
1,6516,351.611294
1,6517,75.007515
1,6518,250.584097
1,6519,165.881302
1,6520,294.178918
1,6521,73.805994
1,6522,471.386437
1,6523,142.708553
1,6524,89.815189
1,6525,90.562984
1,6526,481.395123
1,6527,79.965921
1,6528,23.221572
1,6529,189.774682
1,6530,346.462848
1,6531,740.423283
1,6532,511.348425
1,6533,78.691562
1,6534,533.716736
1,6535,87.334247
1,6536,231.457652
1,6537,201.924649
1,6538,471.515769
1,6539,96.985809
1,6540,562.485290
1,6541,81.415030
1,6542,438.995871
1,6543,273.577242
1,6544,438.682374
1,6545,97.150297
1,6546,280.961222
1,6547,184.061866
1,6548,515.171886
1,6549,103.018247
1,6550,525.354186
1,6551,231.859696
1,6552,318.914896
1,6553,452.111544
1,6554,473.727288
1,6555,86.443218
1,6556,234.012753
1,6557,473.257946
1,6558,26.442952
1,6559,422.558897
1,6560,361.602277
1,6561,391.784444
1,6562,366.244265
1,6563,92.019603
1,6564,407.292597
1,6565,350.090499
1,6566,258.354304
1,6567,539.850573
1,6568,92.840071
1,6569,202.336523
1,6570,491.865811
1,6571,79.021667
1,6572,243.049444
1,6573,485.710108
1,6574,576.826372
1,6575,417.965871
1,6576,440.589976
1,6577,439.791449
1,6578,110.892540
1,6579,272.706504
1,6580,346.236747
1,6581,82.275632
1,6582,443.853962
1,6583,71.873364
1,6584,478.352613
1,6585,258.082213
1,6586,473.123664
1,6587,78.815539
1,6588,228.943768
1,6589,425.986758
1,6590,842.028895
1,6591,346.102233
1,6592,389.763233
1,6593,131.062128
1,6594,455.526108
1,6595,88.070736
1,6596,396.363389
1,6597,535.145780
1,6598,208.438886
1,6599,90.409526
1,6600,370.169866
1,6601,296.793657
1,6602,360.604044
1,6603,87.575905
1,6604,365.485964
1,6605,616.245977
1,6606,133.620381
1,6607,194.651794
1,6608,240.963200
1,6609,27.650595
1,6610,560.803078
1,6611,570.304637
1,6612,83.993314
1,6613,553.579094
1,6614,428.963836
1,6615,509.456891
1,6616,98.456185
1,6617,204.650401
1,6618,505.170337
1,6619,480.400154
1,6620,519.969564
1,6621,101.030530
1,6622,501.637580
1,6623,537.052831
1,6624,83.591320
1,6625,486.957712
1,6626,351.768104
1,6627,82.937813
1,6628,457.810385
1,6629,301.242450
1,6630,333.076554
1,6631,166.754450
1,6632,221.574931
1,6633,304.666374
1,6634,84.903806
1,6635,561.549253
1,6636,343.100919
1,6637,423.021314
1,6638,531.984542
1,6639,33.311953
1,6640,490.640023
1,6641,100.732857
1,6642,21.993953
1,6643,487.322450
1,6644,421.587185
1,6645,81.477873
1,6646,311.285509
1,6647,250.648706
1,6648,392.864563
1,6649,85.971366
1,6650,19.386611
1,6651,394.194521
1,6652,521.876254
1,6653,446.219006
1,6654,94.564923
1,6655,372.242240
1,6656,90.919559
1,6657,392.957203
1,6658,495.522274
1,6659,368.096773
1,6660,172.669272
1,6661,388.744039
1,6662,157.999442
1,6663,76.864525
1,6664,303.240177
1,6665,79.240500
1,6666,371.664041
1,6667,412.071833
1,6668,502.921670
1,6669,133.284268
1,6670,452.889141
1,6671,373.814528
1,6672,525.265283
1,6673,420.893999
1,6674,127.121617
1,6675,333.652328
1,6676,198.844220
1,6677,518.696089
1,6678,72.985754
1,6679,351.306684
1,6680,446.661675
1,6681,266.223841
1,6682,400.730600
1,6683,377.389174
1,6684,77.201602
1,6685,390.318146
1,6686,402.649452
1,6687,85.085547
1,6688,429.679039
1,6689,555.341873
1,6690,196.025874
1,6691,447.766366
1,6692,248.536641
1,6693,218.135326
1,6694,394.092362
1,6695,175.921214
1,6696,397.786855
1,6697,141.728672
1,6698,440.232424
1,6699,24.827448
1,6700,477.920450
1,6701,320.992062
1,6702,88.722422
1,6703,346.032317
1,6704,82.738503
1,6705,397.190427
1,6706,150.935049
1,6707,245.634792
1,6708,295.009354
1,6709,205.731016
1,6710,91.747045
1,6711,399.782128
1,6712,342.560795
1,6713,397.131459
1,6714,516.644036
1,6715,411.039586
1,6716,110.009221
1,6717,465.626433
1,6718,281.359512
1,6719,230.710047
1,6720,245.316767
1,6721,87.260328
1,6722,427.036457
1,6723,420.300198
1,6724,536.812099
1,6725,38.807722
1,6726,493.096584
1,6727,453.130702
1,6728,86.680154
1,6729,205.036929
1,6730,550.398937
1,6731,84.094032
1,6732,515.850012
1,6733,79.371620
1,6734,342.801289
1,6735,86.029901
1,6736,492.777767
1,6737,400.113878
1,6738,167.637692
1,6739,160.073506
1,6740,202.838388
1,6741,326.841871
1,6742,368.352475
1,6743,482.276531
1,6744,208.040041
1,6745,444.130254
1,6746,76.813413
1,6747,427.933710
1,6748,456.307489
1,6749,81.131402
1,6750,356.387475
1,6751,317.626873
1,6752,507.996394
1,6753,86.498272
1,6754,608.140755
1,6755,546.379134
1,6756,72.973589
1,6757,87.369550
1,6758,459.172482
1,6759,73.051961
1,6760,183.532143
1,6761,485.746483
1,6762,220.673314
1,6763,567.314690
1,6764,360.879969
1,6765,246.260342
1,6766,353.773109
1,6767,500.430145
1,6768,65.442341
1,6769,14.518544
1,6770,413.438208
1,6771,522.392653
1,6772,84.113844
1,6773,364.662441
1,6774,75.172909
1,6775,468.379345
1,6776,416.531196
1,6777,75.446883
1,6778,186.379210
1,6779,90.523854
1,6780,341.951358
1,6781,389.146720
1,6782,78.886327
1,6783,425.120382
1,6784,274.315013
1,6785,419.390721
1,6786,83.019490
1,6787,343.837514
1,6788,493.313815
1,6789,499.524588
1,6790,240.314731
1,6791,96.838331
1,6792,477.377283
1,6793,324.199703
1,6794,53.778728
1,6795,316.714060
1,6796,274.497239
1,6797,469.087225
1,6798,64.703947
1,6799,244.112039
1,6800,469.172437
1,6801,395.523223
1,6802,145.191240
1,6803,407.265982
1,6804,65.151415
1,6805,214.578463
1,6806,368.478120
1,6807,86.937981
1,6808,282.553036
1,6809,82.584081
1,6810,510.596596
1,6811,172.281005
1,6812,341.035592
1,6813,225.623971
1,6814,176.122138
1,6815,401.219150
1,6816,36.521648
1,6817,241.211948
1,6818,107.725833
1,6819,354.211114
1,6820,16.019451
1,6821,342.224824
1,6822,81.859828
1,6823,397.747729
1,6824,121.454800
1,6825,73.573701
1,6826,203.289332
1,6827,264.129425
1,6828,181.024098
1,6829,135.375428
1,6830,535.140571
1,6831,75.840699
1,6832,453.595382
1,6833,352.370278
1,6834,80.827207
1,6835,308.450431
1,6836,78.238134
1,6837,113.404766
1,6838,468.063799
1,6839,75.677951
1,6840,21.260057
1,6841,406.106494
1,6842,75.911151
1,6843,293.740773
1,6844,129.235564
1,6845,80.596546
1,6846,361.057940
1,6847,389.242904
1,6848,337.713303
1,6849,313.928197
1,6850,266.966258
1,6851,475.704316
1,6852,78.027727
1,6853,564.530076
1,6854,365.691543
1,6855,105.143433
1,6856,443.161434
1,6857,370.777510
1,6858,489.297141
1,6859,136.299731
1,6860,241.647298
1,6861,139.888706
1,6862,393.032114
1,6863,281.763151
1,6864,157.624492
1,6865,300.347981
1,6866,19.675104
1,6867,290.231733
1,6868,68.384382
1,6869,131.219902
1,6870,249.854487
1,6871,187.129579
1,6872,239.689596
1,6873,6.277583
1,6874,185.270796
1,6875,60.702685
1,6876,285.897014
1,6877,6.277583
1,6878,220.732418
1,6879,70.425903
1,6880,285.257456
1,6881,99.932800
1,6882,70.565898
1,6883,213.168935
1,6884,267.677194
1,6885,201.052627
1,6886,191.888264
1,6887,312.310403
1,6888,73.383972
1,6889,421.802844
1,6890,392.872187
1,6891,109.253245
1,6892,136.638864
1,6893,268.057339
1,6894,24.677568
1,6895,452.607670
1,6896,91.947691
1,6897,488.492991
1,6898,464.734402
1,6899,75.924335
1,6900,346.678699
1,6901,373.601136
1,6902,101.274353
1,6903,284.309482
1,6904,75.719655
1,6905,107.916028
1,6906,451.107928
1,6907,87.051427
1,6908,23.040122
1,6909,393.960893
1,6910,93.301101
1,6911,315.391357
1,6912,140.695891
1,6913,78.379588
1,6914,360.995070
1,6915,341.363021
1,6916,102.139634
1,6917,488.677792
1,6918,435.304222
1,6919,76.434743
1,6920,374.309473
1,6921,366.587648
1,6922,335.493336
1,6923,300.879100
1,6924,304.781544
1,6925,257.525449
1,6926,500.980260
1,6927,80.173496
1,6928,416.435660
1,6929,83.551429
1,6930,19.533668
1,6931,309.288024
1,6932,72.047243
1,6933,149.462769
1,6934,256.977060
1,6935,209.115626
1,6936,351.351140
1,6937,147.507871
1,6938,169.092691
1,6939,237.832135
1,6940,191.326232
1,6941,178.895019
1,6942,537.038974
1,6943,96.038971
1,6944,110.728681
1,6945,414.701481
1,6946,627.613138
1,6947,321.367766
1,6948,53.674390
1,6949,324.877380
1,6950,64.643362
1,6951,451.506921
1,6952,250.337932
1,6953,437.139336
1,6954,185.647227
1,6955,364.166784
1,6956,68.022001
1,6957,208.370759
1,6958,304.166822
1,6959,15.721326
1,6960,387.059154
1,6961,85.998617
1,6962,179.815003
1,6963,417.064998
1,6964,388.490700
1,6965,183.139784
1,6966,77.338934
1,6967,384.389653
1,6968,264.177480
1,6969,17.357581
1,6970,328.190211
1,6971,405.945623
1,6972,85.751199
1,6973,341.249189
1,6974,78.097539
1,6975,484.753388
1,6976,94.913757
1,6977,415.296914
1,6978,163.331093
1,6979,271.473230
1,6980,316.968790
1,6981,187.543164
1,6982,267.192574
1,6983,78.927672
1,6984,430.387285
1,6985,77.645841
1,6986,181.114558
1,6987,129.152475
1,6988,134.318317
1,6989,438.005392
1,6990,92.089133
1,6991,318.409689
1,6992,518.795434
1,6993,14.283688
1,6994,476.400983
1,6995,75.217358
1,6996,81.745363
1,6997,384.107593
1,6998,86.301787
1,6999,18.729711
1,7000,280.694552
1,7001,344.894503
1,7002,72.133433
1,7003,281.146186
1,7004,382.549848
1,7005,440.480592
1,7006,322.106405
1,7007,53.674390
1,7008,331.200883
1,7009,85.436819
1,7010,98.360095
1,7011,342.176967
1,7012,322.928865
1,7013,91.869236
1,7014,421.488801
1,7015,165.189558
1,7016,89.847137
1,7017,205.924698
1,7018,381.529600
1,7019,96.061048
1,7020,265.355682
1,7021,433.154374
1,7022,70.036440
1,7023,221.049441
1,7024,256.205987
1,7025,402.927289
1,7026,85.933132
1,7027,289.276513
1,7028,395.181177
1,7029,72.093377
1,7030,98.584531
1,7031,354.529151
1,7032,487.520977
1,7033,93.444221
1,7034,98.185499
1,7035,201.734260
1,7036,232.777780
1,7037,75.557965
1,7038,140.433153
1,7039,407.092617
1,7040,86.226867
1,7041,21.631401
1,7042,268.539640
1,7043,520.069780
1,7044,289.226856
1,7045,440.323611
1,7046,133.085465
1,7047,294.446719
1,7048,425.123600
1,7049,132.168026
1,7050,452.010847
1,7051,86.189561
1,7052,186.093367
1,7053,439.091211
1,7054,214.545740
1,7055,344.560373
1,7056,81.812878
1,7057,429.196081
1,7058,333.439990
1,7059,160.076721
1,7060,234.808846
1,7061,302.986747
1,7062,89.482736
1,7063,453.041450
1,7064,83.492032
1,7065,404.608990
1,7066,276.722605
1,7067,436.189277
1,7068,582.884576
1,7069,88.742874
1,7070,350.410276
1,7071,290.836924
1,7072,554.228642
1,7073,340.219411
1,7074,203.424203
1,7075,370.636095
1,7076,88.113917
1,7077,392.285492
1,7078,86.974207
1,7079,437.727395
1,7080,385.282829
1,7081,69.710623
1,7082,388.008313
1,7083,81.749254
1,7084,374.879394
1,7085,83.053066
1,7086,537.508699
1,7087,334.227932
1,7088,10.892774
1,7089,295.326834
1,7090,275.586363
1,7091,512.199084
1,7092,84.983631
1,7093,360.458890
1,7094,80.512651
1,7095,265.502038
1,7096,85.578175
1,7097,264.055585
1,7098,537.459792
1,7099,74.043709
1,7100,449.462237
1,7101,301.911963
1,7102,462.820290
1,7103,66.272285
1,7104,434.607418
1,7105,351.188573
1,7106,74.403334
1,7107,160.142818
1,7108,530.879816
1,7109,553.449675
1,7110,2.873617
1,7111,317.474147
1,7112,219.946395
1,7113,335.321173
1,7114,77.410959
1,7115,293.888303
1,7116,461.460749
1,7117,91.011827
1,7118,528.774840
1,7119,423.127078
1,7120,215.570387
1,7121,339.393239
1,7122,80.069125
1,7123,312.562969
1,7124,155.848906
1,7125,89.833893
1,7126,195.110017
1,7127,195.525426
1,7128,276.795063
1,7129,435.128918
1,7130,456.561606
1,7131,440.550711
1,7132,97.513286
1,7133,512.896607
1,7134,89.150000
1,7135,269.060113
1,7136,91.986270
1,7137,91.929164
1,7138,259.450247
1,7139,194.319400
1,7140,84.134141
1,7141,381.339562
1,7142,103.288517
1,7143,210.461057
1,7144,834.389538
1,7145,368.035104
1,7146,218.175958
1,7147,92.895525
1,7148,569.316871
1,7149,310.449893
1,7150,375.790701
1,7151,87.271626
1,7152,519.953795
1,7153,333.472579
1,7154,248.953724
1,7155,185.118431
1,7156,316.549474
1,7157,334.840188
1,7158,239.341308
1,7159,196.212414
1,7160,397.916188
1,7161,336.612483
1,7162,86.389447
1,7163,232.065161
1,7164,255.940845
1,7165,304.888233
1,7166,350.917734
1,7167,289.984976
1,7168,86.291082
1,7169,405.354417
1,7170,78.873122
1,7171,101.936282
1,7172,260.456475
1,7173,89.371579
1,7174,306.022987
1,7175,401.671863
1,7176,56.113215
1,7177,189.100872
1,7178,197.668268
1,7179,65.412395
1,7180,251.283432
1,7181,161.255346
1,7182,272.054514
1,7183,87.232237
1,7184,519.153963
1,7185,217.105693
1,7186,78.737690
1,7187,365.204224
1,7188,297.539942
1,7189,89.961639
1,7190,23.965530
1,7191,311.443259
1,7192,236.743911
1,7193,339.051615
1,7194,272.377927
1,7195,201.129938
1,7196,384.420562
1,7197,275.119666
1,7198,23.380613
1,7199,222.642795
1,7200,225.548508
1,7201,421.000955
1,7202,162.263024
1,7203,465.773287
1,7204,278.498914
1,7205,86.429666
1,7206,173.371754
1,7207,75.133255
1,7208,171.796587
1,7209,360.980824
1,7210,461.629562
1,7211,328.496128
1,7212,91.429006
1,7213,241.100375
1,7214,27.810662
1,7215,492.071009
1,7216,86.336260
1,7217,276.382817
1,7218,269.076531
1,7219,297.082432
1,7220,179.569892
1,7221,306.221544
1,7222,412.801546
1,7223,81.192309
1,7224,36.333591
1,7225,365.321334
1,7226,86.539789
1,7227,157.886556
1,7228,309.723275
1,7229,87.548817
1,7230,415.497024
1,7231,81.648503
1,7232,414.655389
1,7233,243.662633
1,7234,239.494792
1,7235,133.593160
1,7236,310.045159
1,7237,26.334342
1,7238,393.163281
1,7239,138.467432
1,7240,222.883966
1,7241,246.940078
1,7242,90.976340
1,7243,466.425041
1,7244,80.666917
1,7245,240.893764
1,7246,305.830399
1,7247,133.855393
1,7248,554.130088
1,7249,81.643435
1,7250,287.257153
1,7251,341.134924
1,7252,130.158245
1,7253,183.927339
1,7254,369.490218
1,7255,171.269235
1,7256,89.568422
1,7257,289.706705
1,7258,263.347195
1,7259,85.288900
1,7260,136.181823
1,7261,67.922658
1,7262,253.849927
1,7263,338.428410
1,7264,204.391396
1,7265,442.829815
1,7266,189.064292
1,7267,433.106480
1,7268,414.817580
1,7269,400.472707
1,7270,337.382775
1,7271,79.257924
1,7272,190.827740
1,7273,242.103201
1,7274,314.409795
1,7275,85.624728
1,7276,308.096724
1,7277,166.593076
1,7278,375.653772
1,7279,327.908052
1,7280,182.876227
1,7281,91.004412
1,7282,111.639489
1,7283,446.000509
1,7284,361.303846
1,7285,79.892962
1,7286,342.759905
1,7287,93.236778
1,7288,425.443538
1,7289,404.699232
1,7290,85.841023
1,7291,405.881168
1,7292,95.152631
1,7293,349.113977
1,7294,90.143581
1,7295,231.156257
1,7296,26.025892
1,7297,541.401875
1,7298,79.897264
1,7299,214.918631
1,7300,226.402778
1,7301,187.354811
1,7302,166.610958
1,7303,405.699770
1,7304,77.861877
1,7305,392.365097
1,7306,222.779477
1,7307,425.183003
1,7308,260.544433
1,7309,213.298258
1,7310,194.402507
1,7311,137.661498
1,7312,370.483114
1,7313,513.804352
1,7314,104.220532
1,7315,419.438039
1,7316,86.193566
1,7317,142.977715
1,7318,399.866639
1,7319,154.578149
1,7320,142.319900
1,7321,159.011970
1,7322,173.411866
1,7323,272.547224
1,7324,28.112037
1,7325,419.643496
1,7326,107.943384
1,7327,468.438033
1,7328,74.275001
1,7329,229.402177
1,7330,83.124138
1,7331,75.109683
1,7332,159.171443
1,7333,82.298630
1,7334,95.967587
1,7335,318.459540
1,7336,15.231174
1,7337,286.023927
1,7338,423.077591
1,7339,181.914037
1,7340,79.004473
1,7341,271.015933
1,7342,279.452497
1,7343,72.406739
1,7344,299.674473
1,7345,24.423989
1,7346,258.828105
1,7347,99.044807
1,7348,201.324169
1,7349,485.211601
1,7350,380.910338
1,7351,73.197036
1,7352,135.126124
1,7353,128.145614
1,7354,369.363654
1,7355,68.762452
1,7356,440.722044
1,7357,66.927450
1,7358,309.351059
1,7359,98.374929
1,7360,291.356559
1,7361,183.779380
1,7362,338.494119
1,7363,291.992011
1,7364,75.737389
1,7365,190.324537
1,7366,320.426586
1,7367,295.774064
1,7368,493.004732
1,7369,184.495306
1,7370,297.088385
1,7371,74.139186
1,7372,358.168624
1,7373,163.793178
1,7374,337.045663
1,7375,20.210032
1,7376,280.020602
1,7377,82.585844
1,7378,86.139700
1,7379,238.946375
1,7380,83.681310
1,7381,100.354133
1,7382,127.283355
1,7383,259.456696
1,7384,80.869753
1,7385,190.044697
1,7386,79.980127
1,7387,344.373286
1,7388,136.726834
1,7389,149.838821
1,7390,424.503960
1,7391,111.578344
1,7392,78.141993
1,7393,350.241897
1,7394,366.131855
1,7395,182.499946
1,7396,266.649658
1,7397,84.024486
1,7398,284.522900
1,7399,117.063543
1,7400,180.595689
1,7401,449.161515
1,7402,81.497157
1,7403,172.501044
1,7404,390.750541
1,7405,371.242655
1,7406,91.725069
1,7407,243.874712
1,7408,80.309905
1,7409,268.737637
1,7410,107.170126
1,7411,393.407879
1,7412,604.960962
1,7413,164.028124
1,7414,347.630518
1,7415,88.735996
1,7416,263.763806
1,7417,400.653878
1,7418,441.137989
1,7419,77.452887
1,7420,233.039525
1,7421,168.264457
1,7422,75.553578
1,7423,297.723503
1,7424,72.420294
1,7425,403.867169
1,7426,108.935326
1,7427,424.208440
1,7428,129.077648
1,7429,120.926659
1,7430,286.781864
1,7431,470.379366
1,7432,344.948399
1,7433,86.478479
1,7434,118.226174
1,7435,374.537373
1,7436,286.976527
1,7437,123.356871
1,7438,373.771249
1,7439,223.283798
1,7440,86.898521
1,7441,741.374153
1,7442,149.115311
1,7443,84.198011
1,7444,503.796338
1,7445,301.282313
1,7446,520.489183
1,7447,69.095910
1,7448,377.270347
1,7449,223.133793
1,7450,333.268872
1,7451,78.422761
1,7452,229.395579
1,7453,298.035857
1,7454,370.884645
1,7455,405.866354
1,7456,325.140264
1,7457,77.463133
1,7458,199.882059
1,7459,85.642281
1,7460,246.534727
1,7461,183.977776
1,7462,342.314217
1,7463,79.441800
1,7464,207.599192
1,7465,81.340648
1,7466,324.312747
1,7467,77.449470
1,7468,290.209385
1,7469,233.065727
1,7470,81.830521
1,7471,420.050501
1,7472,190.373764
1,7473,189.622804
1,7474,356.956031
1,7475,28.658965
1,7476,341.539676
1,7477,303.974955
1,7478,238.062841
1,7479,528.194095
1,7480,187.084678
1,7481,301.774154
1,7482,86.329678
1,7483,371.936727
1,7484,257.542625
1,7485,206.442167
1,7486,80.388598
1,7487,297.469088
1,7488,227.656754
1,7489,245.047588
1,7490,222.952522
1,7491,85.772267
1,7492,281.145662
1,7493,232.909946
1,7494,23.118453
1,7495,360.000826
1,7496,217.882800
1,7497,252.334320
1,7498,196.264615
1,7499,297.951805
1,7500,397.198802
1,7501,181.374851
1,7502,23.212304
1,7503,392.663783
1,7504,79.059462
1,7505,372.358137
1,7506,71.559703
1,7507,352.029568
1,7508,73.694992
1,7509,92.513778
1,7510,317.571321
1,7511,347.642453
1,7512,78.041075
1,7513,186.370058
1,7514,74.804521
1,7515,231.580159
1,7516,128.670004
1,7517,136.951882
1,7518,172.011375
1,7519,231.476594
1,7520,318.077287
1,7521,77.527192
1,7522,169.164109
1,7523,116.329476
1,7524,452.490308
1,7525,76.094803
1,7526,472.380120
1,7527,87.349653
1,7528,446.515074
1,7529,85.425702
1,7530,288.423197
1,7531,242.018871
1,7532,500.792582
1,7533,143.867849
1,7534,77.208014
1,7535,413.126401
1,7536,132.880101
1,7537,361.500418
1,7538,199.202913
1,7539,281.845049
1,7540,324.064509
1,7541,67.426452
1,7542,161.115699
1,7543,0.905946
1,7544,448.066450
1,7545,66.344643
1,7546,286.437550
1,7547,278.285021
1,7548,265.211973
1,7549,289.274686
1,7550,254.070866
1,7551,20.099530
1,7552,134.902767
1,7553,239.211033
1,7554,70.702634
1,7555,217.686154
1,7556,184.905059
1,7557,194.845145
1,7558,296.571488
1,7559,499.080115
1,7560,96.853977
1,7561,207.954852
1,7562,286.134517
1,7563,225.191618
1,7564,240.084173
1,7565,69.941809
1,7566,156.127409
1,7567,172.608247
1,7568,77.455478
1,7569,23.059438
1,7570,318.670554
1,7571,76.353381
1,7572,183.644334
1,7573,465.545713
1,7574,22.885775
1,7575,289.179843
1,7576,103.802787
1,7577,271.408612
1,7578,78.141982
1,7579,212.075490
1,7580,71.342672
1,7581,334.255782
1,7582,168.359697
1,7583,250.570217
1,7584,366.138198
1,7585,84.679893
1,7586,46.579481
1,7587,303.452069
1,7588,81.785472
1,7589,142.833613
1,7590,134.954911
1,7591,241.456212
1,7592,214.398114
1,7593,71.706873
1,7594,224.012698
1,7595,102.209280
1,7596,225.369446
1,7597,212.792725
1,7598,89.437748
1,7599,428.889087
1,7600,71.674378
1,7601,198.971496
1,7602,71.123584
1,7603,280.895791
1,7604,177.549494
1,7605,220.174676
1,7606,69.752233
1,7607,149.624014
1,7608,174.743953
1,7609,302.814209
1,7610,71.433185
1,7611,294.793951
1,7612,69.691144
1,7613,293.133281
1,7614,292.558510
1,7615,273.723141
1,7616,140.830699
1,7617,93.300760
1,7618,19.413930
1,7619,324.097278
1,7620,66.720919
1,7621,438.796446
1,7622,275.836490
1,7623,277.627454
1,7624,77.521256
1,7625,239.799452
1,7626,130.589730
1,7627,207.221157
1,7628,277.221359
1,7629,271.957465
1,7630,344.701085
1,7631,65.737139
1,7632,76.669671
1,7633,339.986107
1,7634,438.656563
1,7635,526.329144
1,7636,394.595604
1,7637,450.909506
1,7638,316.091098
1,7639,45.588104
1,7640,341.197044
1,7641,68.787385
1,7642,381.532889
1,7643,236.427391
1,7644,331.551196
1,7645,142.182618
1,7646,127.751814
1,7647,259.632808
1,7648,56.208642
1,7649,197.631199
1,7650,440.675799
1,7651,76.802953
1,7652,396.469065
1,7653,67.317008
1,7654,185.959483
1,7655,421.948044
1,7656,403.399911
1,7657,341.031307
1,7658,208.494589
1,7659,84.506157
1,7660,145.640245
1,7661,64.034324
1,7662,201.050632
1,7663,287.468483
1,7664,387.730527
1,7665,182.036507
1,7666,432.407389
1,7667,83.185136
1,7668,128.779978
1,7669,186.619079
1,7670,253.712108
1,7671,62.453127
1,7672,236.073086
1,7673,61.863500
1,7674,114.861163
1,7675,64.201278
1,7676,202.937504
1,7677,298.068140
1,7678,326.895397
1,7679,356.222864
1,7680,297.671576
1,7681,151.171540
1,7682,113.699948
1,7683,289.133490
1,7684,340.957994
1,7685,368.281917
1,7686,61.084866
1,7687,338.909152
1,7688,6.586339
1,7689,290.286247
1,7690,229.689697
1,7691,58.919563
1,7692,174.933825
1,7693,315.987759
1,7694,240.314005
1,7695,312.461049
1,7696,342.227108
1,7697,361.051657
1,7698,401.106298
1,7699,67.397199
1,7700,122.749496
1,7701,337.454069
1,7702,134.587817
1,7703,221.896881
1,7704,141.631556
1,7705,100.739449
1,7706,351.723356
1,7707,47.014260
1,7708,311.187111
1,7709,240.774042
1,7710,223.583144
1,7711,326.641571
1,7712,415.067826
1,7713,55.118755
1,7714,210.534190
1,7715,107.856637
1,7716,294.958229
1,7717,60.139807
1,7718,273.307742
1,7719,127.597342
1,7720,331.482472
1,7721,259.071728
1,7722,65.620909
1,7723,391.547428
1,7724,357.301030
1,7725,359.616140
1,7726,418.293110
1,7727,356.955954
1,7728,65.085840
1,7729,236.796650
1,7730,59.967914
1,7731,234.141757
1,7732,329.574708
1,7733,63.181089
1,7734,162.468400
1,7735,278.832939
1,7736,118.103007
1,7737,158.314119
1,7738,60.209162
1,7739,634.437608
1,7740,58.552405
1,7741,316.392519
1,7742,118.642465
1,7743,250.310102
1,7744,63.412636
1,7745,159.858099
1,7746,323.131925
1,7747,332.270982
1,7748,62.216926
1,7749,14.105477
1,7750,284.121009
1,7751,58.916439
1,7752,313.827666
1,7753,62.812861
1,7754,176.988565
1,7755,488.217763
1,7756,61.256709
1,7757,345.917300
1,7758,57.705926
1,7759,260.595554
1,7760,182.952047
1,7761,199.934299
1,7762,240.530166
1,7763,262.179060
1,7764,144.623036
1,7765,189.375162
1,7766,356.990807
1,7767,55.032338
1,7768,164.819089
1,7769,190.212795
1,7770,234.431248
1,7771,152.021224
1,7772,62.128223
1,7773,289.223968
1,7774,223.105444
1,7775,58.098815
1,7776,184.404830
1,7777,161.083202
1,7778,256.673109
1,7779,112.550864
1,7780,51.070756
1,7781,302.181691
1,7782,149.531525
1,7783,165.063570
1,7784,204.428037
1,7785,243.182637
1,7786,205.825812
1,7787,309.270197
1,7788,103.812206
1,7789,147.893405
1,7790,53.537035
1,7791,157.834077
1,7792,51.198389
1,7793,202.062948
1,7794,47.483784
1,7795,54.432156
1,7796,254.566594
1,7797,271.776030
1,7798,318.953003
1,7799,282.014235
1,7800,145.017540
1,7801,279.526526
1,7802,49.470059
1,7803,260.779325
1,7804,110.395684
1,7805,177.698361
1,7806,242.665399
1,7807,462.588231
1,7808,226.772729
1,7809,280.206501
1,7810,414.321684
1,7811,205.292300
1,7812,443.533795
1,7813,367.159195
1,7814,304.136517
1,7815,215.980128
1,7816,51.365950
1,7817,295.033582
1,7818,54.343782
1,7819,230.424321
1,7820,325.145372
1,7821,279.759997
1,7822,51.089224
1,7823,321.612613
1,7824,279.698036
1,7825,250.758934
1,7826,260.534065
1,7827,339.009774
1,7828,107.274167
1,7829,62.360460
1,7830,78.680299
1,7831,261.635188
1,7832,212.335274
1,7833,294.352659
1,7834,236.184555
1,7835,341.558151
1,7836,236.130260
1,7837,154.312207
1,7838,440.819293
1,7839,65.864309
1,7840,269.949510
1,7841,339.532740
1,7842,345.734596
1,7843,334.725504
1,7844,340.829339
1,7845,58.845106
1,7846,225.435225
1,7847,399.123960
1,7848,109.546289
1,7849,225.204320
1,7850,438.985124
1,7851,376.617065
1,7852,342.428252
1,7853,306.026035
1,7854,106.283360
1,7855,350.423064
1,7856,272.469916
1,7857,319.087345
1,7858,61.908909
1,7859,159.951765
1,7860,235.159041
1,7861,323.242522
1,7862,299.481625
1,7863,57.761029
1,7864,369.010478
1,7865,74.592583
1,7866,407.509759
1,7867,444.608486
1,7868,404.454253
1,7869,50.891604
1,7870,3.836551
1,7871,283.281016
1,7872,54.569637
1,7873,242.873595
1,7874,191.842153
1,7875,279.391115
1,7876,142.910561
1,7877,321.588021
1,7878,242.888357
1,7879,181.064802
1,7880,44.675235
1,7881,165.181322
1,7882,281.019999
1,7883,108.471609
1,7884,188.082777
1,7885,225.137792
1,7886,150.003789
1,7887,84.342434
1,7888,288.417617
1,7889,370.108531
1,7890,227.082626
1,7891,153.971711
1,7892,131.644818
1,7893,110.631743
1,7894,219.413971
1,7895,253.581773
1,7896,56.570902
1,7897,268.995357
1,7898,54.605057
1,7899,163.019486
1,7900,1.438713
1,7901,109.623713
1,7902,243.448353
1,7903,311.585016
1,7904,224.437871
1,7905,301.763198
1,7906,198.639671
1,7907,112.626475
1,7908,252.622077
1,7909,281.028592
1,7910,151.584008
1,7911,223.400455
1,7912,234.177145
1,7913,332.504698
1,7914,214.093504
1,7915,222.874512
1,7916,59.690104
1,7917,416.532053
1,7918,10.472746
1,7919,259.360047
1,7920,56.261012
1,7921,178.354139
1,7922,141.924358
1,7923,304.422839
1,7924,54.602994
1,7925,195.382956
1,7926,660.743159
1,7927,579.954989
1,7928,343.311457
1,7929,359.176746
1,7930,6.368459
1,7931,412.926467
1,7932,368.839829
1,7933,410.561532
1,7934,327.808313
1,7935,265.052290
1,7936,51.242631
1,7937,63.194360
1,7938,447.766221
1,7939,257.297300
1,7940,388.784563
1,7941,450.210573
1,7942,446.273468
1,7943,397.701471
1,7944,371.373606
1,7945,82.708437
1,7946,375.222885
1,7947,238.205773
1,7948,559.362183
1,7949,442.018743
1,7950,344.699589
1,7951,395.082853
1,7952,64.194734
1,7953,344.240192
1,7954,335.961396
1,7955,399.274271
1,7956,507.751512
1,7957,248.886853
1,7958,221.443690
1,7959,416.284548
1,7960,15.684792
1,7961,177.908185
1,7962,312.636821
1,7963,364.428424
1,7964,359.715172
1,7965,266.123716
1,7966,349.154674
1,7967,334.511261
1,7968,82.471932
1,7969,88.314603
1,7970,491.740537
1,7971,129.997894
1,7972,341.849545
1,7973,425.661515
1,7974,63.468048
1,7975,390.405551
1,7976,72.986642
1,7977,164.631165
1,7978,147.614419
1,7979,253.882292
1,7980,283.732073
1,7981,167.987311
1,7982,331.002557
1,7983,44.666547
1,7984,275.899976
1,7985,330.226922
1,7986,54.946997
1,7987,81.552150
1,7988,510.654074
1,7989,338.900698
1,7990,61.282754
1,7991,427.117915
1,7992,286.821698
1,7993,407.276614
1,7994,60.788194
1,7995,228.707751
1,7996,65.340114
1,7997,388.637357
1,7998,174.306707
1,7999,369.063709
1,8000,312.445095
1,8001,345.773351
1,8002,274.237050
1,8003,498.155336
1,8004,323.159795
1,8005,526.573361
1,8006,371.733527
1,8007,553.365124
1,8008,65.348486
1,8009,204.037658
1,8010,85.613699
1,8011,413.985704
1,8012,491.598780
1,8013,78.899670
1,8014,228.802053
1,8015,69.740506
1,8016,207.066033
1,8017,182.074059
1,8018,190.042434
1,8019,71.981011
1,8020,339.178208
1,8021,70.912588
1,8022,312.307292
1,8023,65.121099
1,8024,80.101193
1,8025,401.834021
1,8026,264.753177
1,8027,375.438862
1,8028,274.642352
1,8029,101.114768
1,8030,170.979706
1,8031,248.448525
1,8032,381.507462
1,8033,59.987343
1,8034,402.590073
1,8035,62.056557
1,8036,64.806270
1,8037,435.551061
1,8038,117.151010
1,8039,363.836349
1,8040,354.411839
1,8041,76.374247
1,8042,270.840377
1,8043,287.251460
1,8044,13.241043
1,8045,223.542803
1,8046,65.060371
1,8047,372.913358
1,8048,470.191460
1,8049,379.410522
1,8050,463.604383
1,8051,246.942005
1,8052,295.961910
1,8053,314.368048
1,8054,279.624963
1,8055,352.567017
1,8056,310.292700
1,8057,241.804920
1,8058,83.758615
1,8059,221.486657
1,8060,258.112493
1,8061,357.766051
1,8062,74.273285
1,8063,201.961477
1,8064,376.935365
1,8065,74.246014
1,8066,487.852059
1,8067,132.004430
1,8068,317.897112
1,8069,306.406035
1,8070,177.734544
1,8071,67.576048
1,8072,270.105928
1,8073,65.063096
1,8074,294.826815
1,8075,201.481363
1,8076,277.451830
1,8077,283.097138
1,8078,51.309967
1,8079,228.134107
1,8080,408.207494
1,8081,297.625101
1,8082,270.686876
1,8083,107.358751
1,8084,197.051507
1,8085,310.069299
1,8086,375.316902
1,8087,406.665293
1,8088,8.662281
1,8089,223.376795
1,8090,351.242287
1,8091,63.918697
1,8092,262.266053
1,8093,59.271599
1,8094,73.381693
1,8095,312.382629
1,8096,32.940542
1,8097,155.670806
1,8098,70.187696
1,8099,211.219416
1,8100,182.547864
1,8101,40.953140
1,8102,164.338082
1,8103,227.036152
1,8104,81.338133
1,8105,347.894300
1,8106,83.388751
1,8107,105.398840
1,8108,410.630928
1,8109,64.010013
1,8110,400.609164
1,8111,454.267981
1,8112,184.060791
1,8113,501.819719
1,8114,73.068488
1,8115,302.894455
1,8116,290.920419
1,8117,477.572479
1,8118,268.662946
1,8119,238.996913
1,8120,318.018389
1,8121,194.367048
1,8122,316.819634
1,8123,71.631134
1,8124,569.690375
1,8125,63.762870
1,8126,67.593056
1,8127,506.332127
1,8128,476.099477
1,8129,191.933459
1,8130,308.049661
1,8131,266.766263
1,8132,589.288656
1,8133,64.492103
1,8134,279.441788
1,8135,119.136353
1,8136,334.683947
1,8137,293.797573
1,8138,180.750392
1,8139,289.466535
1,8140,295.719215
1,8141,191.797025
1,8142,360.338764
1,8143,254.306081
1,8144,498.680155
1,8145,338.261092
1,8146,506.059953
1,8147,430.965440
1,8148,325.855077
1,8149,66.610895
1,8150,333.426431
1,8151,312.135615
1,8152,375.466294
1,8153,390.862073
1,8154,61.569258
1,8155,370.853532
1,8156,342.215792
1,8157,356.334535
1,8158,398.769035
1,8159,500.266369
1,8160,248.071373
1,8161,304.766276
1,8162,348.987489
1,8163,113.508034
1,8164,369.821586
1,8165,252.179954
1,8166,167.370482
1,8167,226.549891
1,8168,44.121160
1,8169,132.195547
1,8170,288.956799
1,8171,233.365682
1,8172,258.587827
1,8173,58.471299
1,8174,3.954523
1,8175,60.009947
1,8176,141.775739
1,8177,263.389633
1,8178,229.363425
1,8179,61.930156
1,8180,173.305282
1,8181,65.822944
1,8182,292.144097
1,8183,134.124053
1,8184,227.279410
1,8185,3.578115
1,8186,208.510179
1,8187,78.654956
1,8188,269.358521
1,8189,65.186754
1,8190,172.226728
1,8191,14.456666
1,8192,295.180595
1,8193,199.430117
1,8194,238.416828
1,8195,239.670512
1,8196,70.543513
1,8197,166.208697
1,8198,71.390140
1,8199,288.928671
1,8200,399.404280
1,8201,4.294625
1,8202,248.859303
1,8203,152.423907
1,8204,69.071866
1,8205,125.373024
1,8206,64.460261
1,8207,75.477326
1,8208,12.414706
1,8209,262.844421
1,8210,62.819151
1,8211,125.930955
1,8212,245.502463
1,8213,296.564596
1,8214,65.473893
1,8215,209.012993
1,8216,76.363814
1,8217,244.407078
1,8218,68.341549
1,8219,186.832191
1,8220,64.352799
1,8221,65.175028
1,8222,260.676304
1,8223,118.726575
1,8224,274.972857
1,8225,184.796006
1,8226,63.336237
1,8227,230.775606
1,8228,282.456369
1,8229,304.896189
1,8230,379.676552
1,8231,130.465957
1,8232,70.660505
1,8233,132.426392
1,8234,293.288656
1,8235,367.601436
1,8236,244.330375
1,8237,62.636909
1,8238,231.596710
1,8239,56.354255
1,8240,238.560992
1,8241,236.646866
1,8242,152.428194
1,8243,312.083498
1,8244,61.570598
1,8245,267.964452
1,8246,1222.747563
1,8247,328.348043
1,8248,55.840490
1,8249,361.158699
1,8250,197.732699
1,8251,146.726296
1,8252,325.684118
1,8253,67.522627
1,8254,208.658573
1,8255,68.168081
1,8256,167.900097
1,8257,117.290157
1,8258,318.738890
1,8259,351.524143
1,8260,72.511706
1,8261,436.362328
1,8262,290.432523
1,8263,39.822089
1,8264,174.144029
1,8265,360.842880
1,8266,0.241188
1,8267,232.111522
1,8268,387.870685
1,8269,0.241188
1,8270,282.007199
1,8271,567.139696
1,8272,420.186474
1,8273,300.251575
1,8274,287.424386
1,8275,61.182829
1,8276,202.820335
1,8277,66.447591
1,8278,358.923322
1,8279,269.491716
1,8280,316.157599
1,8281,311.158937
1,8282,415.726741
1,8283,88.347564
1,8284,226.375605
1,8285,236.786994
1,8286,61.420942
1,8287,295.118190
1,8288,267.094485
1,8289,66.716600
1,8290,204.539444
1,8291,62.584098
1,8292,202.905611
1,8293,173.852336
1,8294,109.275430
1,8295,160.828713
1,8296,61.660027
1,8297,193.482322
1,8298,122.684150
1,8299,319.840403
1,8300,61.577257
1,8301,229.907933
1,8302,370.043118
1,8303,9.451536
1,8304,197.091150
1,8305,320.325488
1,8306,58.001908
1,8307,209.932887
1,8308,200.265609
1,8309,402.978603
1,8310,70.929360
1,8311,204.872840
1,8312,273.666937
1,8313,121.504811
1,8314,118.752824
1,8315,205.977703
1,8316,346.841097
1,8317,313.865223
1,8318,62.636569
1,8319,268.215603
1,8320,60.859433
1,8321,165.777350
1,8322,334.509413
1,8323,64.391443
1,8324,288.484807
1,8325,57.808085
1,8326,152.156527
1,8327,66.371520
1,8328,382.762787
1,8329,58.456090
1,8330,117.394389
1,8331,304.424410
1,8332,342.502554
1,8333,360.274667
1,8334,252.830249
1,8335,81.892367
1,8336,326.851444
1,8337,225.387022
1,8338,407.274312
1,8339,320.114004
1,8340,390.019510
1,8341,486.562162
1,8342,534.878117
1,8343,80.323748
1,8344,361.210137
1,8345,82.145631
1,8346,491.858936
1,8347,81.994705
1,8348,398.813265
1,8349,245.197890
1,8350,493.783997
1,8351,85.065150
1,8352,238.114319
1,8353,445.856303
1,8354,115.902000
1,8355,589.067670
1,8356,613.003378
1,8357,625.423011
1,8358,27.029999
1,8359,436.750724
1,8360,463.077117
1,8361,552.797293
1,8362,85.885103
1,8363,417.367739
1,8364,381.787489
1,8365,216.718195
1,8366,90.835126
1,8367,451.499943
1,8368,435.839089
1,8369,355.332537
1,8370,88.899432
1,8371,494.749840
1,8372,89.633716
1,8373,309.081274
1,8374,513.782588
1,8375,311.083060
1,8376,544.990548
1,8377,106.980740
1,8378,426.363718
1,8379,501.117738
1,8380,87.087244
1,8381,419.754232
1,8382,625.686690
1,8383,442.211568
1,8384,536.053994
1,8385,400.020572
1,8386,120.464067
1,8387,368.274649
1,8388,271.470415
1,8389,206.839422
1,8390,242.847096
1,8391,382.873863
1,8392,57.915884
1,8393,420.468151
1,8394,301.903157
1,8395,97.296199
1,8396,302.384153
1,8397,365.908926
1,8398,184.720994
1,8399,450.483633
1,8400,479.685996
1,8401,353.384865
1,8402,66.755080
1,8403,251.924385
1,8404,165.881302
1,8405,306.285034
1,8406,73.805994
1,8407,487.239663
1,8408,142.708553
1,8409,90.930168
1,8410,90.562984
1,8411,463.971717
1,8412,79.965921
1,8413,25.122236
1,8414,189.774682
1,8415,359.659060
1,8416,784.846107
1,8417,533.294411
1,8418,78.691562
1,8419,555.560020
1,8420,87.334247
1,8421,225.220746
1,8422,194.416876
1,8423,481.235905
1,8424,103.950459
1,8425,567.753230
1,8426,92.433730
1,8427,433.655379
1,8428,295.002874
1,8429,431.890659
1,8430,139.769797
1,8431,282.451713
1,8432,195.496366
1,8433,499.188073
1,8434,160.398647
1,8435,567.910516
1,8436,224.716297
1,8437,317.909566
1,8438,454.970320
1,8439,463.055987
1,8440,102.451518
1,8441,223.473439
1,8442,479.639825
1,8443,26.442952
1,8444,436.148162
1,8445,359.003716
1,8446,398.611105
1,8447,349.456285
1,8448,121.645353
1,8449,392.433920
1,8450,344.997100
1,8451,257.972676
1,8452,506.454380
1,8453,95.681062
1,8454,221.827658
1,8455,493.339574
1,8456,89.520617
1,8457,251.047572
1,8458,479.701349
1,8459,544.038921
1,8460,430.336504
1,8461,412.078411
1,8462,421.583057
1,8463,110.892540
1,8464,276.351855
1,8465,379.640077
1,8466,74.594603
1,8467,442.392638
1,8468,71.873364
1,8469,456.153171
1,8470,251.885823
1,8471,456.405763
1,8472,78.815539
1,8473,216.897084
1,8474,439.339028
1,8475,833.671433
1,8476,347.499440
1,8477,388.660146
1,8478,139.793928
1,8479,467.012431
1,8480,88.995072
1,8481,430.154258
1,8482,559.707414
1,8483,215.611436
1,8484,103.091426
1,8485,384.377110
1,8486,311.214314
1,8487,362.215346
1,8488,87.575905
1,8489,373.675190
1,8490,610.471428
1,8491,143.911431
1,8492,185.353707
1,8493,245.531110
1,8494,27.650595
1,8495,576.326858
1,8496,571.037989
1,8497,83.993314
1,8498,563.431690
1,8499,430.286093
1,8500,511.518372
1,8501,88.650316
1,8502,217.101708
1,8503,489.692774
1,8504,479.498927
1,8505,512.831600
1,8506,126.914080
1,8507,493.993102
1,8508,525.445339
1,8509,85.185799
1,8510,482.719211
1,8511,357.168482
1,8512,92.062644
1,8513,474.395754
1,8514,298.515772
1,8515,319.909075
1,8516,201.566524
1,8517,226.321551
1,8518,311.948631
1,8519,84.903806
1,8520,573.238834
1,8521,358.324212
1,8522,432.995378
1,8523,543.291115
1,8524,51.133356
1,8525,479.493869
1,8526,162.063357
1,8527,21.993953
1,8528,477.158080
1,8529,416.325192
1,8530,93.120273
1,8531,301.883546
1,8532,273.743277
1,8533,400.684866
1,8534,115.701066
1,8535,29.157911
1,8536,386.814334
1,8537,539.801305
1,8538,463.624703
1,8539,135.648658
1,8540,366.773405
1,8541,126.892377
1,8542,381.898081
1,8543,497.826977
1,8544,383.642698
1,8545,181.297122
1,8546,387.565737
1,8547,179.147112
1,8548,76.864525
1,8549,318.659156
1,8550,93.169800
1,8551,358.727571
1,8552,395.565700
1,8553,500.783954
1,8554,133.284268
1,8555,434.973642
1,8556,364.054423
1,8557,503.088476
1,8558,398.601690
1,8559,113.954138
1,8560,343.943378
1,8561,188.506594
1,8562,517.113068
1,8563,72.985754
1,8564,352.565204
1,8565,453.059999
1,8566,256.925754
1,8567,408.942650
1,8568,389.655274
1,8569,77.201602
1,8570,395.353453
1,8571,389.250965
1,8572,112.632297
1,8573,437.105290
1,8574,540.061185
1,8575,187.998673
1,8576,432.346555
1,8577,249.507138
1,8578,213.117653
1,8579,426.489647
1,8580,177.249946
1,8581,416.637147
1,8582,144.929184
1,8583,457.951010
1,8584,24.827448
1,8585,481.479144
1,8586,323.689968
1,8587,88.722422
1,8588,346.032317
1,8589,82.738503
1,8590,399.778567
1,8591,168.791945
1,8592,246.559129
1,8593,295.009354
1,8594,212.163926
1,8595,107.339545
1,8596,390.201320
1,8597,360.648056
1,8598,407.139752
1,8599,510.961753
1,8600,390.363955
1,8601,118.786879
1,8602,464.898406
1,8603,266.921488
1,8604,219.737149
1,8605,250.051796
1,8606,101.877406
1,8607,421.648086
1,8608,415.034394
1,8609,541.842062
1,8610,53.880472
1,8611,485.300049
1,8612,450.681456
1,8613,100.817354
1,8614,205.036929
1,8615,559.592451
1,8616,85.168573
1,8617,519.835114
1,8618,90.910070
1,8619,356.135604
1,8620,102.973751
1,8621,490.255801
1,8622,403.047246
1,8623,157.242314
1,8624,167.869756
1,8625,205.690953
1,8626,332.685859
1,8627,353.567937
1,8628,486.191232
1,8629,199.088465
1,8630,456.252568
1,8631,92.821713
1,8632,405.608647
1,8633,450.325325
1,8634,89.343452
1,8635,372.199694
1,8636,298.528675
1,8637,471.896235
1,8638,119.554372
1,8639,531.019274
1,8640,529.128605
1,8641,84.927839
1,8642,77.378437
1,8643,460.593496
1,8644,76.261776
1,8645,183.532143
1,8646,498.023854
1,8647,222.752314
1,8648,552.170401
1,8649,347.827993
1,8650,248.109013
1,8651,339.237251
1,8652,485.121383
1,8653,65.442341
1,8654,5.509217
1,8655,452.627508
1,8656,524.517604
1,8657,79.539630
1,8658,372.759270
1,8659,75.172909
1,8660,474.795681
1,8661,423.478798
1,8662,75.446883
1,8663,197.397910
1,8664,80.590492
1,8665,346.790488
1,8666,389.919907
1,8667,78.886327
1,8668,410.982900
1,8669,267.021333
1,8670,414.239758
1,8671,83.019490
1,8672,341.793366
1,8673,500.844583
1,8674,488.303707
1,8675,232.073947
1,8676,135.923531
1,8677,489.060879
1,8678,318.251237
1,8679,53.778728
1,8680,317.649949
1,8681,295.784600
1,8682,470.247836
1,8683,64.703947
1,8684,251.163590
1,8685,469.287544
1,8686,383.459227
1,8687,146.080913
1,8688,419.254932
1,8689,65.151415
1,8690,215.663764
1,8691,372.463147
1,8692,75.791825
1,8693,289.321320
1,8694,84.548296
1,8695,523.330585
1,8696,161.319963
1,8697,343.698833
1,8698,213.496030
1,8699,186.956425
1,8700,368.808818
1,8701,36.521648
1,8702,236.614585
1,8703,101.032914
1,8704,370.081161
1,8705,21.528801
1,8706,355.686614
1,8707,81.859828
1,8708,394.970173
1,8709,109.211357
1,8710,73.573701
1,8711,209.035997
1,8712,251.366210
1,8713,181.024098
1,8714,135.375428
1,8715,536.053013
1,8716,76.793921
1,8717,461.028090
1,8718,354.893907
1,8719,80.827207
1,8720,312.683647
1,8721,78.238134
1,8722,101.738842
1,8723,485.111238
1,8724,75.677951
1,8725,21.260057
1,8726,428.254735
1,8727,83.395551
1,8728,306.607881
1,8729,130.061690
1,8730,80.596546
1,8731,347.451268
1,8732,383.063090
1,8733,328.229932
1,8734,312.252934
1,8735,263.443342
1,8736,471.425017
1,8737,87.799027
1,8738,550.376036
1,8739,355.545525
1,8740,125.067775
1,8741,435.018387
1,8742,359.515851
1,8743,468.656100
1,8744,136.299731
1,8745,234.855961
1,8746,162.452011
1,8747,364.300926
1,8748,256.428010
1,8749,157.497094
1,8750,294.833497
1,8751,33.396504
1,8752,292.403375
1,8753,68.384382
1,8754,131.219902
1,8755,249.091797
1,8756,192.080198
1,8757,239.689596
1,8758,6.277583
1,8759,185.270796
1,8760,60.702685
1,8761,285.897014
1,8762,6.277583
1,8763,220.732418
1,8764,70.425903
1,8765,307.918556
1,8766,109.184349
1,8767,70.565898
1,8768,215.328872
1,8769,264.535151
1,8770,166.817375
1,8771,180.799861
1,8772,311.346044
1,8773,73.383972
1,8774,396.837533
1,8775,382.413753
1,8776,115.882672
1,8777,136.638864
1,8778,259.146468
1,8779,24.677568
1,8780,452.237577
1,8781,128.642041
1,8782,486.084659
1,8783,443.308372
1,8784,75.924335
1,8785,348.746900
1,8786,355.854478
1,8787,85.450276
1,8788,275.970485
1,8789,84.867255
1,8790,93.997773
1,8791,451.744050
1,8792,78.504116
1,8793,35.618072
1,8794,412.983743
1,8795,82.154946
1,8796,321.957520
1,8797,140.695891
1,8798,79.488793
1,8799,374.346868
1,8800,326.596307
1,8801,113.718901
1,8802,495.636873
1,8803,426.861183
1,8804,85.894194
1,8805,353.496422
1,8806,385.495127
1,8807,335.493336
1,8808,289.270926
1,8809,314.056240
1,8810,245.114903
1,8811,494.061525
1,8812,80.173496
1,8813,415.488497
1,8814,74.426595
1,8815,19.533668
1,8816,323.835324
1,8817,82.650143
1,8818,171.569193
1,8819,278.609836
1,8820,197.334198
1,8821,341.879795
1,8822,142.182803
1,8823,165.361573
1,8824,231.658269
1,8825,186.116818
1,8826,184.302292
1,8827,553.989300
1,8828,105.673324
1,8829,121.813144
1,8830,404.406927
1,8831,637.227889
1,8832,313.917744
1,8833,53.674390
1,8834,314.655259
1,8835,64.643362
1,8836,451.725505
1,8837,251.388589
1,8838,432.668711
1,8839,176.233635
1,8840,356.388299
1,8841,68.022001
1,8842,223.027709
1,8843,294.291213
1,8844,15.721326
1,8845,452.474593
1,8846,96.717436
1,8847,210.584657
1,8848,436.395168
1,8849,411.359700
1,8850,183.139784
1,8851,77.338934
1,8852,384.389653
1,8853,251.356514
1,8854,17.357581
1,8855,340.606232
1,8856,399.715062
1,8857,113.505849
1,8858,330.259526
1,8859,97.744089
1,8860,462.051791
1,8861,110.170996
1,8862,389.828238
1,8863,152.762458
1,8864,280.262329
1,8865,310.673811
1,8866,174.491188
1,8867,251.698058
1,8868,92.250943
1,8869,422.614652
1,8870,94.069941
1,8871,181.114558
1,8872,129.152475
1,8873,192.426367
1,8874,438.005392
1,8875,127.951883
1,8876,308.182262
1,8877,478.901099
1,8878,14.283688
1,8879,463.419938
1,8880,75.217358
1,8881,95.432591
1,8882,378.269497
1,8883,74.231598
1,8884,34.530111
1,8885,284.424783
1,8886,334.349205
1,8887,81.235232
1,8888,284.917157
1,8889,357.100109
1,8890,419.511482
1,8891,322.106405
1,8892,53.674390
1,8893,342.427483
1,8894,85.436819
1,8895,98.360095
1,8896,361.303767
1,8897,311.962349
1,8898,95.068276
1,8899,410.932174
1,8900,165.189558
1,8901,79.631266
1,8902,200.519734
1,8903,385.786133
1,8904,105.030086
1,8905,253.112236
1,8906,414.634245
1,8907,70.036440
1,8908,216.400727
1,8909,258.141013
1,8910,405.225290
1,8911,76.519542
1,8912,292.511064
1,8913,371.012537
1,8914,72.093377
1,8915,81.836422
1,8916,349.026069
1,8917,466.829300
1,8918,93.444221
1,8919,120.333042
1,8920,194.677555
1,8921,223.826206
1,8922,90.630715
1,8923,148.229403
1,8924,397.095179
1,8925,74.329936
1,8926,38.367352
1,8927,255.002012
1,8928,470.518480
1,8929,248.395538
1,8930,423.922016
1,8931,156.058415
1,8932,304.917349
1,8933,409.831282
1,8934,128.517863
1,8935,439.651898
1,8936,76.833722
1,8937,186.093367
1,8938,415.932619
1,8939,178.739438
1,8940,331.335144
1,8941,81.812878
1,8942,455.894827
1,8943,312.124462
1,8944,179.421822
1,8945,218.418522
1,8946,317.030436
1,8947,131.270636
1,8948,463.886554
1,8949,110.830883
1,8950,403.050817
1,8951,295.814384
1,8952,444.869481
1,8953,562.936709
1,8954,110.988174
1,8955,337.935822
1,8956,324.955065
1,8957,511.718415
1,8958,376.347491
1,8959,206.230382
1,8960,354.627493
1,8961,90.977904
1,8962,381.094310
1,8963,122.836957
1,8964,418.033929
1,8965,390.976478
1,8966,78.650323
1,8967,382.661231
1,8968,110.751305
1,8969,378.737456
1,8970,115.901266
1,8971,509.945033
1,8972,312.866057
1,8973,10.892774
1,8974,297.059037
1,8975,254.506300
1,8976,374.761416
1,8977,92.081229
1,8978,332.900000
1,8979,93.078762
1,8980,272.853658
1,8981,88.927286
1,8982,261.779786
1,8983,521.670663
1,8984,75.764302
1,8985,476.559356
1,8986,304.867737
1,8987,454.689784
1,8988,66.272285
1,8989,421.197111
1,8990,350.465412
1,8991,67.376274
1,8992,162.052899
1,8993,541.073639
1,8994,519.989517
1,8995,2.873617
1,8996,306.167460
1,8997,210.648307
1,8998,319.792201
1,8999,77.410959
1,9000,327.914825
1,9001,484.115827
1,9002,91.011827
1,9003,484.045263
1,9004,404.017231
1,9005,215.108521
1,9006,354.766473
1,9007,80.069125
1,9008,334.930154
1,9009,167.075506
1,9010,80.131541
1,9011,203.945767
1,9012,197.298996
1,9013,277.014064
1,9014,471.194358
1,9015,459.720224
1,9016,442.653122
1,9017,98.576271
1,9018,526.434538
1,9019,89.150000
1,9020,283.642716
1,9021,81.706396
1,9022,91.929164
1,9023,253.132707
1,9024,194.319400
1,9025,84.134141
1,9026,390.782247
1,9027,95.093836
1,9028,237.799907
1,9029,823.190236
1,9030,401.483480
1,9031,219.550022
1,9032,94.045167
1,9033,553.151930
1,9034,300.649934
1,9035,367.082594
1,9036,87.271626
1,9037,489.941207
1,9038,346.276590
1,9039,259.765166
1,9040,198.938609
1,9041,343.704439
1,9042,337.392587
1,9043,236.880755
1,9044,184.604243
1,9045,383.045636
1,9046,355.184946
1,9047,76.513838
1,9048,230.748435
1,9049,260.006959
1,9050,305.454692
1,9051,352.361705
1,9052,278.215612
1,9053,86.291082
1,9054,407.063474
1,9055,78.873122
1,9056,92.176177
1,9057,248.144083
1,9058,81.344039
1,9059,311.162809
1,9060,360.563414
1,9061,56.113215
1,9062,180.322552
1,9063,190.622512
1,9064,65.990105
1,9065,235.459359
1,9066,150.716050
1,9067,261.047406
1,9068,78.107405
1,9069,491.883550
1,9070,182.974202
1,9071,90.305329
1,9072,382.708490
1,9073,291.568424
1,9074,80.548046
1,9075,31.675727
1,9076,299.950591
1,9077,229.993033
1,9078,343.064960
1,9079,268.762937
1,9080,199.789765
1,9081,386.811354
1,9082,274.478559
1,9083,23.380613
1,9084,220.713792
1,9085,216.654684
1,9086,423.559153
1,9087,151.174619
1,9088,485.542252
1,9089,287.652840
1,9090,86.429666
1,9091,160.499587
1,9092,83.518844
1,9093,181.949401
1,9094,368.575291
1,9095,469.749367
1,9096,344.891381
1,9097,83.009226
1,9098,249.457041
1,9099,27.810662
1,9100,488.576828
1,9101,86.336260
1,9102,268.887335
1,9103,258.370060
1,9104,275.771907
1,9105,155.602769
1,9106,299.684286
1,9107,429.474949
1,9108,81.192309
1,9109,24.147898
1,9110,371.939906
1,9111,86.539789
1,9112,155.682274
1,9113,312.870717
1,9114,78.077472
1,9115,424.327507
1,9116,81.648503
1,9117,409.955192
1,9118,245.430424
1,9119,240.603994
1,9120,133.593160
1,9121,321.047283
1,9122,26.334342
1,9123,420.012381
1,9124,140.460531
1,9125,234.549853
1,9126,250.267384
1,9127,90.976340
1,9128,497.540848
1,9129,76.427717
1,9130,277.756140
1,9131,311.986934
1,9132,134.906824
1,9133,558.928704
1,9134,81.643435
1,9135,284.323104
1,9136,335.025605
1,9137,122.015200
1,9138,173.647465
1,9139,360.071623
1,9140,171.269235
1,9141,78.018002
1,9142,281.448949
1,9143,267.639581
1,9144,87.495751
1,9145,147.512373
1,9146,69.106964
1,9147,271.712601
1,9148,365.311588
1,9149,232.140722
1,9150,520.867833
1,9151,176.994103
1,9152,463.788948
1,9153,420.916005
1,9154,413.460813
1,9155,340.455493
1,9156,87.573925
1,9157,205.745150
1,9158,249.494904
1,9159,314.161454
1,9160,85.624728
1,9161,314.156674
1,9162,168.302096
1,9163,369.458004
1,9164,331.673569
1,9165,191.042704
1,9166,100.983612
1,9167,105.004359
1,9168,462.054610
1,9169,358.727658
1,9170,79.892962
1,9171,347.766855
1,9172,93.236778
1,9173,427.343314
1,9174,422.585771
1,9175,85.841023
1,9176,386.303207
1,9177,95.152631
1,9178,347.497314
1,9179,97.477475
1,9180,251.006366
1,9181,28.637141
1,9182,540.321708
1,9183,79.897264
1,9184,218.579914
1,9185,215.199249
1,9186,185.171406
1,9187,179.403303
1,9188,413.092040
1,9189,77.861877
1,9190,382.518996
1,9191,224.310408
1,9192,426.893024
1,9193,246.574770
1,9194,234.042306
1,9195,213.113507
1,9196,139.175098
1,9197,365.458210
1,9198,528.554228
1,9199,104.220532
1,9200,420.731486
1,9201,86.193566
1,9202,134.656429
1,9203,406.623447
1,9204,143.663002
1,9205,144.029922
1,9206,170.874165
1,9207,179.233065
1,9208,265.074133
1,9209,37.352259
1,9210,409.866552
1,9211,99.684833
1,9212,472.082440
1,9213,74.275001
1,9214,240.073986
1,9215,83.124138
1,9216,87.809555
1,9217,147.332263
1,9218,83.430940
1,9219,92.744722
1,9220,319.204634
1,9221,15.231174
1,9222,280.098947
1,9223,416.812215
1,9224,173.788530
1,9225,81.147776
1,9226,263.855825
1,9227,286.844406
1,9228,72.406739
1,9229,305.346488
1,9230,13.393339
1,9231,271.717905
1,9232,76.117222
1,9233,203.455917
1,9234,489.901699
1,9235,380.754809
1,9236,73.197036
1,9237,135.126124
1,9238,128.145614
1,9239,345.396533
1,9240,68.762452
1,9241,442.396476
1,9242,68.296622
1,9243,317.141438
1,9244,92.225152
1,9245,248.931836
1,9246,183.779380
1,9247,318.742900
1,9248,299.778011
1,9249,62.800917
1,9250,178.658613
1,9251,346.593742
1,9252,293.256118
1,9253,501.251898
1,9254,174.447047
1,9255,289.905452
1,9256,75.410149
1,9257,370.833286
1,9258,178.698845
1,9259,329.752493
1,9260,20.210032
1,9261,288.694706
1,9262,73.980782
1,9263,86.139700
1,9264,226.991690
1,9265,85.021596
1,9266,86.955646
1,9267,129.391617
1,9268,257.799197
1,9269,80.869753
1,9270,210.124832
1,9271,79.980127
1,9272,344.263368
1,9273,136.726834
1,9274,147.581072
1,9275,415.240421
1,9276,101.587230
1,9277,78.141993
1,9278,349.063236
1,9279,368.302552
1,9280,184.099711
1,9281,275.947540
1,9282,85.850048
1,9283,285.856900
1,9284,118.906437
1,9285,181.762665
1,9286,448.509100
1,9287,81.497157
1,9288,199.106694
1,9289,409.264856
1,9290,358.832167
1,9291,91.725069
1,9292,233.999101
1,9293,80.309905
1,9294,282.864113
1,9295,103.115699
1,9296,403.623864
1,9297,567.260640
1,9298,139.778832
1,9299,362.610400
1,9300,88.735996
1,9301,270.924442
1,9302,389.340753
1,9303,403.830133
1,9304,77.452887
1,9305,224.549966
1,9306,168.264457
1,9307,75.553578
1,9308,327.823503
1,9309,79.356476
1,9310,414.689561
1,9311,117.782346
1,9312,448.666142
1,9313,138.952898
1,9314,109.728868
1,9315,298.251065
1,9316,513.634669
1,9317,377.300316
1,9318,78.278002
1,9319,128.101424
1,9320,388.304669
1,9321,277.615628
1,9322,123.356871
1,9323,381.395545
1,9324,218.462735
1,9325,86.898521
1,9326,746.012748
1,9327,136.929618
1,9328,85.977358
1,9329,517.599713
1,9330,303.968304
1,9331,511.670746
1,9332,69.095910
1,9333,360.725136
1,9334,220.454220
1,9335,328.261695
1,9336,79.341319
1,9337,239.166879
1,9338,290.239757
1,9339,339.369840
1,9340,382.523990
1,9341,308.045642
1,9342,64.006895
1,9343,198.437860
1,9344,85.642281
1,9345,248.659490
1,9346,173.755654
1,9347,344.981820
1,9348,79.441800
1,9349,222.440499
1,9350,88.513198
1,9351,325.883117
1,9352,77.449470
1,9353,310.895435
1,9354,224.691050
1,9355,81.830521
1,9356,435.723370
1,9357,191.610063
1,9358,190.535585
1,9359,391.045835
1,9360,20.515920
1,9361,360.586353
1,9362,306.435773
1,9363,239.910473
1,9364,524.543912
1,9365,175.707516
1,9366,306.024171
1,9367,95.685178
1,9368,389.308460
1,9369,251.658822
1,9370,215.358192
1,9371,80.388598
1,9372,292.051548
1,9373,244.184804
1,9374,259.808488
1,9375,220.030027
1,9376,86.835253
1,9377,270.288268
1,9378,221.590534
1,9379,23.118453
1,9380,351.684146
1,9381,211.679990
1,9382,275.930970
1,9383,202.293715
1,9384,328.928905
1,9385,413.415002
1,9386,181.374851
1,9387,23.212304
1,9388,425.304083
1,9389,90.909762
1,9390,448.761388
1,9391,71.559703
1,9392,375.626218
1,9393,73.694992
1,9394,80.385836
1,9395,321.429044
1,9396,363.004549
1,9397,78.041075
1,9398,203.521808
1,9399,74.804521
1,9400,246.860809
1,9401,137.089953
1,9402,136.951882
1,9403,172.011375
1,9404,232.406708
1,9405,318.354570
1,9406,77.527192
1,9407,172.085489
1,9408,117.513783
1,9409,456.192353
1,9410,76.094803
1,9411,482.978961
1,9412,87.349653
1,9413,438.268496
1,9414,85.425702
1,9415,303.080147
1,9416,249.711172
1,9417,461.532047
1,9418,134.165495
1,9419,86.875364
1,9420,415.840465
1,9421,134.070183
1,9422,362.482242
1,9423,206.479413
1,9424,269.099563
