subtaskID,datapointID,answer
1,0,273.458696
1,1,76.605647
1,2,94.161950
1,3,51.924838
1,4,367.475504
1,5,60.185882
1,6,235.745738
1,7,255.321638
1,8,320.547988
1,9,300.267204
1,10,350.824442
1,11,62.348059
1,12,114.107253
1,13,250.889370
1,14,118.430863
1,15,251.175647
1,16,190.585464
1,17,213.305757
1,18,327.785441
1,19,491.532810
1,20,96.958747
1,21,231.216366
1,22,318.214342
1,23,315.575408
1,24,223.817882
1,25,87.879687
1,26,175.143440
1,27,178.741106
1,28,81.775789
1,29,44.500447
1,30,323.113490
1,31,115.378168
1,32,216.332173
1,33,479.308798
1,34,33.673716
1,35,382.836267
1,36,154.089184
1,37,410.157688
1,38,85.508393
1,39,201.120885
1,40,80.831782
1,41,354.380173
1,42,174.987814
1,43,373.056797
1,44,362.955078
1,45,95.080051
1,46,42.889577
1,47,296.076109
1,48,93.696935
1,49,184.839226
1,50,175.866589
1,51,261.024450
1,52,240.662777
1,53,71.119221
1,54,239.458026
1,55,129.469320
1,56,260.097217
1,57,215.903502
1,58,94.900195
1,59,395.616246
1,60,86.085421
1,61,186.751097
1,62,81.524551
1,63,318.879155
1,64,190.286699
1,65,254.328613
1,66,86.804842
1,67,197.206004
1,68,156.616105
1,69,344.216203
1,70,91.849924
1,71,351.819704
1,72,96.368299
1,73,302.290530
1,74,309.240773
1,75,289.807825
1,76,73.645397
1,77,95.268107
1,78,59.164341
1,79,341.602990
1,80,94.251039
1,81,399.374569
1,82,325.916064
1,83,337.722960
1,84,109.112121
1,85,314.397868
1,86,74.172848
1,87,227.217986
1,88,331.118822
1,89,330.418784
1,90,366.579955
1,91,88.396142
1,92,72.084103
1,93,356.227371
1,94,666.017262
1,95,684.630517
1,96,389.453265
1,97,380.127627
1,98,253.385351
1,99,55.062894
1,100,299.048847
1,101,92.310092
1,102,305.301103
1,103,188.662223
1,104,306.101972
1,105,131.089696
1,106,110.417703
1,107,212.388961
1,108,75.114432
1,109,202.119129
1,110,352.483398
1,111,89.494844
1,112,395.636188
1,113,78.671281
1,114,216.532157
1,115,499.135005
1,116,362.996454
1,117,308.407102
1,118,231.932805
1,119,97.770239
1,120,175.694002
1,121,108.587092
1,122,184.869419
1,123,296.194646
1,124,422.790801
1,125,193.540496
1,126,357.531648
1,127,91.606886
1,128,140.331464
1,129,206.678881
1,130,272.645340
1,131,99.703358
1,132,262.587793
1,133,116.584970
1,134,152.993651
1,135,53.109273
1,136,191.835505
1,137,293.609202
1,138,348.147673
1,139,311.960968
1,140,304.142201
1,141,199.491191
1,142,80.807739
1,143,280.077000
1,144,359.378100
1,145,588.424879
1,146,101.171462
1,147,322.012365
1,148,68.233708
1,149,281.118110
1,150,262.994285
1,151,74.342080
1,152,174.678053
1,153,341.428539
1,154,272.383665
1,155,337.182649
1,156,335.393228
1,157,361.060913
1,158,441.941385
1,159,71.247450
1,160,129.248462
1,161,360.358452
1,162,127.307888
1,163,189.395809
1,164,143.542021
1,165,53.974443
1,166,243.259031
1,167,54.455300
1,168,227.357956
1,169,197.633183
1,170,215.547892
1,171,240.148186
1,172,298.631359
1,173,61.049187
1,174,230.766820
1,175,95.041098
1,176,328.887498
1,177,68.330066
1,178,299.900411
1,179,107.921162
1,180,324.816431
1,181,368.745301
1,182,60.998492
1,183,454.139490
1,184,335.097073
1,185,477.370088
1,186,494.691367
1,187,364.162811
1,188,74.572816
1,189,232.159814
1,190,65.483879
1,191,335.965410
1,192,372.556929
1,193,70.950549
1,194,168.950453
1,195,279.901617
1,196,122.025919
1,197,214.811324
1,198,119.925619
1,199,778.107199
1,200,73.137888
1,201,337.689039
1,202,119.893748
1,203,254.766417
1,204,53.463020
1,205,189.709857
1,206,342.681376
1,207,368.902977
1,208,96.538090
1,209,52.521622
1,210,326.157984
1,211,86.721904
1,212,403.484217
1,213,100.688368
1,214,187.674976
1,215,472.749577
1,216,59.626000
1,217,377.323748
1,218,58.873776
1,219,271.113122
1,220,221.080726
1,221,219.894799
1,222,268.508668
1,223,274.944506
1,224,163.377547
1,225,225.349914
1,226,375.393425
1,227,61.614846
1,228,149.662507
1,229,228.571840
1,230,204.655182
1,231,172.043219
1,232,128.935719
1,233,348.000620
1,234,208.570623
1,235,51.665026
1,236,201.780852
1,237,165.819293
1,238,272.278361
1,239,77.249026
1,240,68.705432
1,241,356.720901
1,242,166.422041
1,243,162.522815
1,244,241.352937
1,245,280.619920
1,246,223.078518
1,247,398.818975
1,248,82.649159
1,249,156.783659
1,250,63.181731
1,251,157.511095
1,252,65.265443
1,253,247.433352
1,254,68.387657
1,255,71.328711
1,256,261.025755
1,257,286.337642
1,258,345.943187
1,259,299.376314
1,260,153.238925
1,261,339.943288
1,262,89.337168
1,263,262.385573
1,264,102.829299
1,265,207.283493
1,266,230.547453
1,267,523.089312
1,268,155.016977
1,269,235.592907
1,270,324.976157
1,271,211.975760
1,272,305.029177
1,273,254.639493
1,274,228.216789
1,275,227.217427
1,276,61.801225
1,277,296.744649
1,278,65.174118
1,279,230.243469
1,280,310.416636
1,281,307.083628
1,282,84.167958
1,283,382.377216
1,284,306.932288
1,285,234.466062
1,286,269.464604
1,287,398.947203
1,288,115.474340
1,289,72.404302
1,290,109.283403
1,291,263.711470
1,292,260.066837
1,293,311.431467
1,294,235.390686
1,295,470.715814
1,296,282.111135
1,297,165.978833
1,298,359.556092
1,299,79.288567
1,300,319.564469
1,301,333.656925
1,302,320.178586
1,303,359.260682
1,304,367.137600
1,305,100.863378
1,306,265.054700
1,307,368.581288
1,308,142.341929
1,309,259.471171
1,310,356.119830
1,311,367.172825
1,312,346.349306
1,313,337.803476
1,314,133.869159
1,315,330.845964
1,316,275.846765
1,317,370.762849
1,318,95.809909
1,319,141.326725
1,320,299.634822
1,321,348.757131
1,322,321.544368
1,323,63.485528
1,324,382.117218
1,325,82.243972
1,326,436.992662
1,327,483.147079
1,328,414.537585
1,329,33.245418
1,330,68.247128
1,331,326.933318
1,332,60.310569
1,333,308.531975
1,334,161.121434
1,335,208.682078
1,336,139.717160
1,337,204.753217
1,338,157.447167
1,339,138.107781
1,340,82.297835
1,341,163.398608
1,342,229.547905
1,343,105.943685
1,344,188.387129
1,345,264.527994
1,346,180.355144
1,347,194.702939
1,348,319.134866
1,349,345.411077
1,350,222.875552
1,351,188.657750
1,352,109.334470
1,353,116.366907
1,354,265.985475
1,355,284.842327
1,356,82.488873
1,357,282.205629
1,358,87.048253
1,359,182.631758
1,360,78.215772
1,361,146.751833
1,362,316.618196
1,363,351.333442
1,364,274.264225
1,365,318.496706
1,366,223.114489
1,367,108.640769
1,368,357.620178
1,369,303.099599
1,370,210.534867
1,371,265.243502
1,372,309.545875
1,373,360.735682
1,374,233.673953
1,375,298.276681
1,376,88.109492
1,377,367.824591
1,378,80.670750
1,379,334.722452
1,380,91.194989
1,381,191.027740
1,382,279.987724
1,383,337.111266
1,384,63.405944
1,385,221.159378
1,386,683.051331
1,387,752.805003
1,388,250.099124
1,389,224.999336
1,390,64.883367
1,391,349.453255
1,392,281.152777
1,393,336.544675
1,394,227.855960
1,395,211.669354
1,396,67.215149
1,397,57.666230
1,398,371.056768
1,399,233.485711
1,400,275.114670
1,401,372.575940
1,402,380.257719
1,403,308.838009
1,404,286.579189
1,405,57.539119
1,406,289.605418
1,407,363.452522
1,408,486.400689
1,409,386.681257
1,410,285.011931
1,411,401.231646
1,412,62.785117
1,413,390.956036
1,414,381.237511
1,415,357.151436
1,416,401.310484
1,417,278.114806
1,418,236.088674
1,419,367.323978
1,420,82.656987
1,421,156.185943
1,422,362.456888
1,423,375.517553
1,424,423.888198
1,425,315.385861
1,426,349.310862
1,427,326.748617
1,428,84.364587
1,429,87.195119
1,430,443.226466
1,431,126.217201
1,432,354.433104
1,433,405.939382
1,434,110.028544
1,435,371.955672
1,436,92.120918
1,437,181.332327
1,438,156.064238
1,439,334.433938
1,440,309.347009
1,441,122.641714
1,442,255.466455
1,443,83.478544
1,444,217.908935
1,445,230.107040
1,446,67.064183
1,447,61.645785
1,448,357.890799
1,449,239.093842
1,450,75.335477
1,451,367.030805
1,452,289.361448
1,453,340.207200
1,454,113.709148
1,455,241.626541
1,456,70.574250
1,457,393.547443
1,458,192.397250
1,459,307.576413
1,460,299.258523
1,461,327.175983
1,462,305.753444
1,463,464.308305
1,464,309.629186
1,465,426.899516
1,466,363.555217
1,467,439.625259
1,468,176.724862
1,469,206.976155
1,470,115.596790
1,471,417.024061
1,472,376.189075
1,473,81.536293
1,474,249.377839
1,475,69.153300
1,476,211.624809
1,477,145.873431
1,478,154.488780
1,479,100.011628
1,480,360.754320
1,481,89.211921
1,482,351.636866
1,483,78.181851
1,484,82.932827
1,485,347.174963
1,486,314.876302
1,487,366.059586
1,488,285.470236
1,489,116.876279
1,490,153.738606
1,491,261.502325
1,492,277.982664
1,493,42.943254
1,494,298.111363
1,495,71.733898
1,496,66.350726
1,497,436.861078
1,498,116.098335
1,499,350.004190
1,500,328.779585
1,501,79.549683
1,502,274.022492
1,503,294.583589
1,504,80.772700
1,505,212.733762
1,506,62.206598
1,507,328.069109
1,508,364.248359
1,509,473.071267
1,510,443.722605
1,511,257.109754
1,512,279.448158
1,513,322.450727
1,514,278.815589
1,515,374.982646
1,516,312.504448
1,517,241.956804
1,518,81.583446
1,519,219.471533
1,520,283.020476
1,521,332.191617
1,522,66.368245
1,523,169.152860
1,524,366.019328
1,525,85.943587
1,526,391.046429
1,527,131.602796
1,528,361.649682
1,529,317.047985
1,530,168.803586
1,531,85.592822
1,532,320.493007
1,533,81.801137
1,534,313.656268
1,535,182.809004
1,536,200.124692
1,537,193.940465
1,538,61.800852
1,539,212.201464
1,540,302.283820
1,541,206.721002
1,542,172.656404
1,543,117.068995
1,544,180.789406
1,545,301.613789
1,546,300.871630
1,547,411.379400
1,548,75.578888
1,549,230.929529
1,550,344.907109
1,551,130.654875
1,552,300.091635
1,553,140.385141
1,554,102.770963
1,555,314.054373
1,556,66.671856
1,557,163.846475
1,558,75.616164
1,559,204.575412
1,560,182.234586
1,561,126.312067
1,562,178.623873
1,563,257.603471
1,564,63.026477
1,565,300.903873
1,566,78.923824
1,567,202.115961
1,568,413.354081
1,569,86.737000
1,570,333.934629
1,571,447.413647
1,572,166.192795
1,573,407.232849
1,574,83.988662
1,575,306.354142
1,576,393.519114
1,577,417.239701
1,578,289.393878
1,579,240.068602
1,580,340.149982
1,581,214.207271
1,582,336.894135
1,583,86.323985
1,584,458.954953
1,585,74.556788
1,586,124.672495
1,587,391.689063
1,588,405.815999
1,589,191.809785
1,590,475.367078
1,591,329.162779
1,592,500.673374
1,593,65.789540
1,594,361.067249
1,595,115.826968
1,596,339.538101
1,597,309.437030
1,598,194.730151
1,599,336.516159
1,600,326.265897
1,601,215.595418
1,602,353.329743
1,603,307.396557
1,604,558.523233
1,605,425.188188
1,606,581.940769
1,607,475.523822
1,608,356.199973
1,609,81.797036
1,610,364.230839
1,611,285.686995
1,612,474.755570
1,613,441.850619
1,614,70.996025
1,615,428.946699
1,616,349.836822
1,617,422.733210
1,618,469.290577
1,619,555.725132
1,620,286.024340
1,621,328.891784
1,622,346.338869
1,623,141.685690
1,624,380.085319
1,625,340.937059
1,626,130.905181
1,627,176.326944
1,628,63.305859
1,629,94.051800
1,630,220.146410
1,631,196.258641
1,632,202.398324
1,633,90.644241
1,634,72.854220
1,635,64.863238
1,636,111.396749
1,637,205.385786
1,638,222.196761
1,639,54.990952
1,640,183.698962
1,641,75.199980
1,642,301.920009
1,643,62.647756
1,644,250.906703
1,645,66.843138
1,646,188.991927
1,647,80.557432
1,648,263.507572
1,649,73.962054
1,650,160.435002
1,651,113.702998
1,652,314.685637
1,653,211.419793
1,654,311.674132
1,655,216.111687
1,656,69.970384
1,657,160.455876
1,658,72.316145
1,659,300.978425
1,660,378.115298
1,661,66.461994
1,662,358.652529
1,663,181.934702
1,664,64.770981
1,665,137.358353
1,666,94.933371
1,667,110.727837
1,668,83.835831
1,669,256.476813
1,670,88.588299
1,671,83.668836
1,672,348.946492
1,673,299.759695
1,674,93.297899
1,675,197.840995
1,676,78.232732
1,677,368.146280
1,678,160.728548
1,679,180.921921
1,680,109.279675
1,681,108.767134
1,682,286.123120
1,683,72.318381
1,684,306.381540
1,685,165.546621
1,686,116.019124
1,687,258.910544
1,688,290.983315
1,689,338.594653
1,690,358.119300
1,691,59.841268
1,692,83.157600
1,693,59.841268
1,694,327.513515
1,695,374.072933
1,696,345.541914
1,697,82.731352
1,698,243.075821
1,699,81.282631
1,700,365.667073
1,701,291.081536
1,702,279.457104
1,703,322.654253
1,704,70.811697
1,705,248.785901
1,706,902.607154
1,707,210.036677
1,708,69.097573
1,709,302.193054
1,710,208.491599
1,711,295.660485
1,712,232.329791
1,713,35.168286
1,714,211.069960
1,715,87.706169
1,716,252.916236
1,717,144.493484
1,718,291.608056
1,719,364.445920
1,720,86.656858
1,721,404.120886
1,722,215.478000
1,723,81.885939
1,724,157.303469
1,725,238.272099
1,726,81.244424
1,727,180.116020
1,728,271.428847
1,729,75.406301
1,730,195.402045
1,731,476.428877
1,732,367.047579
1,733,298.769652
1,734,266.202047
1,735,59.055123
1,736,226.574048
1,737,71.484151
1,738,292.325613
1,739,294.844519
1,740,326.831556
1,741,329.324369
1,742,365.751875
1,743,110.651235
1,744,242.492642
1,745,202.279415
1,746,95.354400
1,747,295.099113
1,748,255.381279
1,749,102.740396
1,750,145.174697
1,751,74.271069
1,752,180.669006
1,753,189.013361
1,754,97.161340
1,755,177.264987
1,756,79.052798
1,757,171.205261
1,758,140.939617
1,759,318.977563
1,760,103.707701
1,761,237.815844
1,762,373.034618
1,763,75.520551
1,764,190.299186
1,765,387.390800
1,766,80.885831
1,767,237.868217
1,768,203.030893
1,769,396.788753
1,770,84.529532
1,771,197.030062
1,772,255.451731
1,773,73.966527
1,774,149.404932
1,775,225.771875
1,776,337.644309
1,777,336.753605
1,778,94.061865
1,779,262.178133
1,780,82.109966
1,781,157.310552
1,782,350.976341
1,783,71.997810
1,784,337.314232
1,785,68.541233
1,786,188.034687
1,787,74.633949
1,788,412.744809
1,789,79.017386
1,790,75.737496
1,791,319.398219
1,792,342.181881
1,793,361.071723
1,794,526.498362
1,795,26.472421
1,796,362.523425
1,797,231.659387
1,798,316.833650
1,799,106.189518
1,800,258.659492
1,801,435.095328
1,802,76.582350
1,803,395.292133
1,804,383.999083
1,805,234.321805
1,806,339.739017
1,807,83.116410
1,808,334.030614
1,809,196.895310
1,810,105.340564
1,811,208.653189
1,812,284.554186
1,813,325.304929
1,814,439.827852
1,815,422.864607
1,816,482.946349
1,817,177.668124
1,818,551.915367
1,819,182.474082
1,820,274.542301
1,821,151.222496
1,822,151.700370
1,823,324.444233
1,824,179.459222
1,825,71.788320
1,826,408.979589
1,827,129.350597
1,828,188.697822
1,829,891.939777
1,830,478.205437
1,831,180.237166
1,832,88.993113
1,833,847.071558
1,834,305.482822
1,835,403.265781
1,836,73.472251
1,837,470.305036
1,838,424.464853
1,839,253.692130
1,840,199.422604
1,841,297.798061
1,842,299.021822
1,843,205.770472
1,844,196.636431
1,845,409.474983
1,846,325.650288
1,847,92.252315
1,848,205.450646
1,849,196.195086
1,850,337.725942
1,851,411.652072
1,852,332.944027
1,853,86.286710
1,854,393.847140
1,855,124.331981
1,856,146.263521
1,857,284.681109
1,858,112.003784
1,859,347.222676
1,860,357.197471
1,861,68.560057
1,862,240.828840
1,863,184.245983
1,864,91.351175
1,865,282.157730
1,866,125.922163
1,867,263.190728
1,868,128.934600
1,869,441.613173
1,870,249.988229
1,871,80.774936
1,872,361.508221
1,873,345.363364
1,874,121.868057
1,875,114.844567
1,876,432.413340
1,877,266.445643
1,878,389.243217
1,879,284.942971
1,880,205.524266
1,881,395.074443
1,882,327.824767
1,883,106.454921
1,884,217.962053
1,885,236.774361
1,886,418.904621
1,887,161.259168
1,888,459.184385
1,889,312.222644
1,890,75.799187
1,891,265.701434
1,892,117.666338
1,893,144.418373
1,894,300.699043
1,895,483.950743
1,896,351.574430
1,897,146.873911
1,898,275.552846
1,899,96.240630
1,900,587.108860
1,901,87.207606
1,902,398.736409
1,903,285.665747
1,904,279.706479
1,905,155.356745
1,906,336.268276
1,907,438.928203
1,908,113.084407
1,909,103.033570
1,910,379.524879
1,911,90.139714
1,912,272.937209
1,913,337.735634
1,914,85.166202
1,915,433.161836
1,916,80.262581
1,917,481.351321
1,918,380.789830
1,919,282.193328
1,920,136.840407
1,921,340.497951
1,922,28.221397
1,923,344.127674
1,924,136.681239
1,925,185.517830
1,926,275.499169
1,927,80.080862
1,928,484.566165
1,929,82.717187
1,930,199.301085
1,931,283.817990
1,932,134.084054
1,933,524.422664
1,934,86.547267
1,935,314.209253
1,936,344.841131
1,937,111.075805
1,938,220.445548
1,939,304.502843
1,940,159.907923
1,941,167.522047
1,942,258.655951
1,943,300.491045
1,944,169.684412
1,945,135.113982
1,946,84.633904
1,947,209.234877
1,948,302.331533
1,949,202.393106
1,950,415.815210
1,951,226.164202
1,952,437.163198
1,953,412.281845
1,954,367.805394
1,955,332.140177
1,956,125.024378
1,957,202.173552
1,958,237.314673
1,959,339.667448
1,960,107.422785
1,961,492.500487
1,962,173.263439
1,963,397.330183
1,964,361.759646
1,965,261.722438
1,966,124.959891
1,967,167.211354
1,968,417.033567
1,969,407.126986
1,970,99.302271
1,971,329.987131
1,972,100.072014
1,973,353.309800
1,974,443.832569
1,975,124.801842
1,976,481.011367
1,977,138.003595
1,978,343.315995
1,979,91.692061
1,980,235.078130
1,981,173.925270
1,982,471.580797
1,983,114.081533
1,984,218.454093
1,985,231.156538
1,986,204.763468
1,987,145.514279
1,988,389.159719
1,989,125.945647
1,990,309.207225
1,991,237.564979
1,992,506.381404
1,993,193.284412
1,994,181.010078
1,995,174.870954
1,996,141.616358
1,997,409.348992
1,998,491.407563
1,999,137.649476
1,1000,346.106082
1,1001,126.426690
1,1002,154.148080
1,1003,392.464025
1,1004,140.847360
1,1005,134.463893
1,1006,143.981129
1,1007,244.066609
1,1008,291.640299
1,1009,116.726431
1,1010,411.366540
1,1011,136.829969
1,1012,527.688203
1,1013,112.425559
1,1014,237.718368
1,1015,121.332218
1,1016,123.987740
1,1017,138.190533
1,1018,95.949693
1,1019,96.099169
1,1020,411.347902
1,1021,73.707647
1,1022,415.212461
1,1023,489.853352
1,1024,179.240973
1,1025,177.720310
1,1026,290.091120
1,1027,282.499548
1,1028,102.431940
1,1029,288.102275
1,1030,68.461090
1,1031,278.614114
1,1032,177.007039
1,1033,206.127573
1,1034,428.799273
1,1035,398.409874
1,1036,127.741032
1,1037,131.110011
1,1038,136.527291
1,1039,401.573277
1,1040,158.174603
1,1041,362.235098
1,1042,118.385759
1,1043,381.705322
1,1044,145.514652
1,1045,236.192860
1,1046,227.841795
1,1047,336.100162
1,1048,266.495966
1,1049,131.999596
1,1050,180.477036
1,1051,355.520809
1,1052,263.052062
1,1053,406.354633
1,1054,165.547553
1,1055,268.627018
1,1056,77.303635
1,1057,371.793709
1,1058,178.093067
1,1059,372.181749
1,1060,39.749471
1,1061,327.683679
1,1062,83.290301
1,1063,64.814407
1,1064,308.803529
1,1065,112.413444
1,1066,110.123038
1,1067,160.686986
1,1068,270.961596
1,1069,70.652902
1,1070,215.130217
1,1071,64.115674
1,1072,353.235435
1,1073,160.993951
1,1074,156.627661
1,1075,544.565155
1,1076,148.577411
1,1077,114.112658
1,1078,346.060047
1,1079,342.373479
1,1080,284.335750
1,1081,297.958905
1,1082,135.112118
1,1083,390.961254
1,1084,95.388880
1,1085,184.243747
1,1086,433.100704
1,1087,87.598815
1,1088,170.682282
1,1089,367.982267
1,1090,400.487622
1,1091,94.617459
1,1092,254.280528
1,1093,99.818167
1,1094,302.259777
1,1095,131.990650
1,1096,402.537787
1,1097,657.329597
1,1098,139.820600
1,1099,382.682504
1,1100,140.292697
1,1101,215.750299
1,1102,518.160344
1,1103,459.026523
1,1104,98.641373
1,1105,217.768965
1,1106,210.605877
1,1107,83.596521
1,1108,285.599210
1,1109,78.568587
1,1110,438.940318
1,1111,126.847160
1,1112,487.860593
1,1113,95.547115
1,1114,115.076981
1,1115,291.541518
1,1116,461.678131
1,1117,324.966838
1,1118,129.442296
1,1119,106.482133
1,1120,355.982283
1,1121,306.982610
1,1122,154.818670
1,1123,469.833871
1,1124,303.175455
1,1125,106.267425
1,1126,938.935879
1,1127,151.458451
1,1128,126.070894
1,1129,438.556751
1,1130,307.961657
1,1131,484.011875
1,1132,115.720173
1,1133,422.399592
1,1134,221.580593
1,1135,305.290107
1,1136,133.258956
1,1137,256.695248
1,1138,279.494380
1,1139,266.793053
1,1140,290.677654
1,1141,268.731763
1,1142,73.208712
1,1143,156.858025
1,1144,147.878678
1,1145,228.855695
1,1146,182.654310
1,1147,298.524378
1,1148,109.708346
1,1149,198.661807
1,1150,84.766233
1,1151,299.790634
1,1152,39.753199
1,1153,281.530566
1,1154,229.792433
1,1155,57.434561
1,1156,396.038393
1,1157,265.037926
1,1158,246.714676
1,1159,382.430334
1,1160,69.601541
1,1161,381.762913
1,1162,290.322230
1,1163,294.449024
1,1164,501.230646
1,1165,230.888526
1,1166,300.529811
1,1167,95.332966
1,1168,398.638374
1,1169,311.034667
1,1170,254.981125
1,1171,100.574118
1,1172,294.728965
1,1173,260.201589
1,1174,306.227591
1,1175,235.547804
1,1176,91.879185
1,1177,267.557578
1,1178,261.545005
1,1179,82.103629
1,1180,372.461690
1,1181,221.482185
1,1182,226.354308
1,1183,265.734982
1,1184,324.711872
1,1185,377.370715
1,1186,234.716742
1,1187,72.949273
1,1188,392.711722
1,1189,99.406270
1,1190,342.297809
1,1191,104.096860
1,1192,394.674847
1,1193,76.853531
1,1194,98.816941
1,1195,291.276674
1,1196,388.775034
1,1197,70.970119
1,1198,244.431166
1,1199,76.442007
1,1200,245.852116
1,1201,141.876356
1,1202,129.250326
1,1203,218.019458
1,1204,212.350008
1,1205,256.112815
1,1206,79.586400
1,1207,147.773933
1,1208,161.907393
1,1209,461.192428
1,1210,83.064411
1,1211,404.149589
1,1212,113.571787
1,1213,449.871235
1,1214,94.944926
1,1215,355.600020
1,1216,297.344974
1,1217,418.996692
1,1218,154.022834
1,1219,89.964704
1,1220,423.419456
1,1221,129.757834
1,1222,381.990854
1,1223,248.449488
1,1224,249.033784
1,1225,242.629817
1,1226,58.720200
1,1227,324.816617
1,1228,264.510848
1,1229,375.376092
1,1230,239.142674
1,1231,376.707394
1,1232,497.853094
1,1233,468.031963
1,1234,65.087079
1,1235,406.615936
1,1236,74.372459
1,1237,531.394900
1,1238,115.679915
1,1239,406.572883
1,1240,254.286492
1,1241,448.477496
1,1242,67.115250
1,1243,248.411094
1,1244,454.207146
1,1245,77.723919
1,1246,585.796196
1,1247,548.431952
1,1248,581.280057
1,1249,41.980422
1,1250,455.663694
1,1251,542.008787
1,1252,530.287625
1,1253,131.801476
1,1254,494.116390
1,1255,416.260655
1,1256,221.364208
1,1257,78.933889
1,1258,427.048433
1,1259,440.340580
1,1260,399.118485
1,1261,81.846054
1,1262,460.937649
1,1263,125.951238
1,1264,321.959620
1,1265,492.142827
1,1266,302.656391
1,1267,555.273723
1,1268,96.763422
1,1269,452.699529
1,1270,617.800752
1,1271,110.572024
1,1272,336.975769
1,1273,629.959717
1,1274,444.579760
1,1275,601.914588
1,1276,436.448063
1,1277,82.380215
1,1278,441.422135
1,1279,283.877259
1,1280,232.534808
1,1281,236.239082
1,1282,457.085017
1,1283,45.035354
1,1284,450.019406
1,1285,309.299482
1,1286,76.273521
1,1287,351.354876
1,1288,427.482136
1,1289,146.087766
1,1290,449.337633
1,1291,352.456373
1,1292,346.963796
1,1293,64.073552
1,1294,235.906396
1,1295,189.968551
1,1296,242.773887
1,1297,70.946262
1,1298,439.590406
1,1299,151.997085
1,1300,88.740570
1,1301,66.939123
1,1302,481.546273
1,1303,87.884533
1,1304,108.382635
1,1305,212.046211
1,1306,448.876532
1,1307,794.853873
1,1308,607.869756
1,1309,100.444026
1,1310,692.848135
1,1311,104.632698
1,1312,255.858781
1,1313,237.234716
1,1314,505.981250
1,1315,140.672536
1,1316,643.280567
1,1317,73.547734
1,1318,472.721993
1,1319,265.582152
1,1320,459.384742
1,1321,66.519585
1,1322,276.755920
1,1323,205.180211
1,1324,564.751819
1,1325,64.678723
1,1326,492.634307
1,1327,268.478661
1,1328,348.582122
1,1329,471.189589
1,1330,460.092981
1,1331,113.326327
1,1332,247.299159
1,1333,453.581473
1,1334,36.224307
1,1335,442.967213
1,1336,409.223745
1,1337,455.233346
1,1338,449.448528
1,1339,92.177018
1,1340,446.021772
1,1341,392.503164
1,1342,292.344810
1,1343,528.995462
1,1344,52.770810
1,1345,159.451296
1,1346,478.572789
1,1347,87.725552
1,1348,198.022901
1,1349,483.230949
1,1350,513.285426
1,1351,463.185933
1,1352,310.031018
1,1353,358.872269
1,1354,109.061985
1,1355,390.927706
1,1356,346.656831
1,1357,62.017237
1,1358,362.896182
1,1359,74.614192
1,1360,477.492166
1,1361,246.255998
1,1362,509.576306
1,1363,75.480853
1,1364,249.445122
1,1365,516.256673
1,1366,689.082169
1,1367,273.711985
1,1368,435.902533
1,1369,113.566755
1,1370,441.235383
1,1371,66.138440
1,1372,284.101845
1,1373,528.088358
1,1374,223.877337
1,1375,67.675504
1,1376,430.693066
1,1377,266.912708
1,1378,526.506563
1,1379,68.261292
1,1380,388.116185
1,1381,575.547611
1,1382,107.523057
1,1383,260.631937
1,1384,230.990102
1,1385,53.851247
1,1386,581.908339
1,1387,515.821106
1,1388,96.359167
1,1389,677.878208
1,1390,550.851146
1,1391,444.609581
1,1392,83.809552
1,1393,182.448735
1,1394,469.869655
1,1395,471.489472
1,1396,533.530985
1,1397,72.359198
1,1398,575.850290
1,1399,558.783977
1,1400,98.430206
1,1401,502.878046
1,1402,334.084478
1,1403,58.552646
1,1404,448.289999
1,1405,279.341550
1,1406,367.003221
1,1407,145.158296
1,1408,157.032102
1,1409,321.079913
1,1410,70.700429
1,1411,505.206474
1,1412,418.833797
1,1413,459.767005
1,1414,455.762661
1,1415,51.026866
1,1416,539.138184
1,1417,72.229292
1,1418,56.879712
1,1419,471.095281
1,1420,420.658816
1,1421,78.936311
1,1422,281.190239
1,1423,308.122129
1,1424,420.102662
1,1425,116.796882
1,1426,66.003316
1,1427,429.010813
1,1428,471.412497
1,1429,411.310067
1,1430,87.801781
1,1431,411.727369
1,1432,86.026898
1,1433,422.417671
1,1434,496.992211
1,1435,386.773514
1,1436,168.849063
1,1437,419.713504
1,1438,108.117605
1,1439,89.845236
1,1440,334.906407
1,1441,140.048914
1,1442,438.338128
1,1443,418.457685
1,1444,445.751150
1,1445,118.357989
1,1446,474.661821
1,1447,357.020225
1,1448,496.826707
1,1449,357.357198
1,1450,120.744753
1,1451,491.965022
1,1452,207.703777
1,1453,466.885921
1,1454,62.382539
1,1455,288.050461
1,1456,440.244036
1,1457,257.770466
1,1458,492.874922
1,1459,422.801611
1,1460,150.320982
1,1461,456.362055
1,1462,430.530544
1,1463,115.142586
1,1464,424.071221
1,1465,635.239263
1,1466,167.213591
1,1467,706.681898
1,1468,262.115137
1,1469,216.901746
1,1470,393.980028
1,1471,187.483006
1,1472,406.774172
1,1473,141.653074
1,1474,448.856403
1,1475,55.296426
1,1476,482.424675
1,1477,386.440456
1,1478,81.491189
1,1479,416.660809
1,1480,112.093992
1,1481,459.130895
1,1482,184.468333
1,1483,287.711252
1,1484,371.191520
1,1485,169.358435
1,1486,146.200339
1,1487,458.966695
1,1488,316.324091
1,1489,504.191829
1,1490,465.102278
1,1491,448.762096
1,1492,105.437108
1,1493,436.570700
1,1494,271.004650
1,1495,302.664405
1,1496,222.339713
1,1497,114.497343
1,1498,466.817706
1,1499,485.365543
1,1500,469.436698
1,1501,60.462281
1,1502,570.230044
1,1503,469.368111
1,1504,57.683563
1,1505,220.460085
1,1506,554.225716
1,1507,91.057069
1,1508,459.667106
1,1509,61.200154
1,1510,323.285890
1,1511,59.693097
1,1512,495.923889
1,1513,457.833514
1,1514,269.769705
1,1515,154.448709
1,1516,331.013891
1,1517,468.677578
1,1518,414.186634
1,1519,428.552508
1,1520,228.825501
1,1521,431.227786
1,1522,134.019008
1,1523,452.174874
1,1524,459.018695
1,1525,102.878689
1,1526,411.843482
1,1527,334.532905
1,1528,527.045942
1,1529,144.002749
1,1530,458.976014
1,1531,500.317764
1,1532,144.611275
1,1533,83.318631
1,1534,448.953320
1,1535,84.403354
1,1536,194.441077
1,1537,482.401937
1,1538,232.705344
1,1539,456.499229
1,1540,318.764346
1,1541,215.286589
1,1542,276.177028
1,1543,390.038121
1,1544,85.247463
1,1545,47.497787
1,1546,309.975105
1,1547,372.958016
1,1548,95.646269
1,1549,400.885913
1,1550,73.306933
1,1551,459.796080
1,1552,417.485348
1,1553,154.941680
1,1554,222.646120
1,1555,61.943991
1,1556,391.384334
1,1557,402.611220
1,1558,136.267665
1,1559,428.149930
1,1560,309.437775
1,1561,486.035015
1,1562,78.093135
1,1563,395.625564
1,1564,462.485336
1,1565,441.900755
1,1566,258.944092
1,1567,46.410268
1,1568,665.302500
1,1569,279.409764
1,1570,80.452501
1,1571,299.066367
1,1572,274.577713
1,1573,351.220310
1,1574,70.265421
1,1575,224.700198
1,1576,429.395498
1,1577,511.372995
1,1578,129.295429
1,1579,493.290173
1,1580,57.336526
1,1581,241.332063
1,1582,334.554152
1,1583,73.142361
1,1584,289.839323
1,1585,78.048218
1,1586,436.419547
1,1587,151.757775
1,1588,526.510104
1,1589,201.452267
1,1590,177.729070
1,1591,376.950618
1,1592,59.792809
1,1593,248.609773
1,1594,78.293119
1,1595,399.507271
1,1596,54.637578
1,1597,325.790631
1,1598,60.828888
1,1599,420.567304
1,1600,106.883592
1,1601,64.577706
1,1602,189.509873
1,1603,293.498493
1,1604,172.154114
1,1605,197.412511
1,1606,495.509756
1,1607,59.827848
1,1608,431.470264
1,1609,380.713788
1,1610,57.621126
1,1611,320.236550
1,1612,89.685323
1,1613,88.481877
1,1614,444.128165
1,1615,56.952586
1,1616,50.851111
1,1617,354.301707
1,1618,48.378985
1,1619,285.788757
1,1620,148.466888
1,1621,47.596195
1,1622,393.724689
1,1623,438.234129
1,1624,286.691762
1,1625,265.006055
1,1626,298.781767
1,1627,449.882231
1,1628,56.877848
1,1629,500.493892
1,1630,363.544221
1,1631,59.873325
1,1632,417.818779
1,1633,448.743458
1,1634,428.084325
1,1635,116.166550
1,1636,289.292115
1,1637,98.312042
1,1638,435.266982
1,1639,240.695953
1,1640,112.477931
1,1641,336.534051
1,1642,59.015424
1,1643,275.783210
1,1644,101.401639
1,1645,97.437740
1,1646,284.935703
1,1647,177.756281
1,1648,249.137970
1,1649,52.122213
1,1650,208.668845
1,1651,76.942620
1,1652,257.013024
1,1653,58.660932
1,1654,226.247326
1,1655,78.432903
1,1656,264.242649
1,1657,78.453405
1,1658,65.241773
1,1659,188.190872
1,1660,272.665842
1,1661,215.137859
1,1662,298.018733
1,1663,315.560125
1,1664,104.048774
1,1665,497.159393
1,1666,691.960227
1,1667,66.901102
1,1668,139.847811
1,1669,295.177951
1,1670,48.590898
1,1671,448.353181
1,1672,56.997690
1,1673,462.033368
1,1674,425.280818
1,1675,57.013159
1,1676,266.059840
1,1677,345.852980
1,1678,79.487619
1,1679,278.638903
1,1680,120.604596
1,1681,97.469238
1,1682,418.454703
1,1683,77.621411
1,1684,87.707660
1,1685,466.836344
1,1686,57.674430
1,1687,293.018382
1,1688,210.206468
1,1689,86.166309
1,1690,376.859851
1,1691,340.713218
1,1692,55.582517
1,1693,427.731324
1,1694,418.998369
1,1695,82.027587
1,1696,320.004136
1,1697,384.014738
1,1698,408.914729
1,1699,279.572100
1,1700,253.825950
1,1701,283.614651
1,1702,448.232035
1,1703,53.565901
1,1704,441.574965
1,1705,57.961267
1,1706,43.750087
1,1707,264.741398
1,1708,61.045832
1,1709,111.913204
1,1710,268.926156
1,1711,276.296869
1,1712,400.114679
1,1713,120.305645
1,1714,107.932531
1,1715,281.237765
1,1716,196.933145
1,1717,182.158916
1,1718,451.489373
1,1719,101.441524
1,1720,102.546563
1,1721,334.444748
1,1722,522.254895
1,1723,251.003992
1,1724,73.602157
1,1725,282.615662
1,1726,69.517857
1,1727,424.662973
1,1728,239.109312
1,1729,429.340889
1,1730,246.751579
1,1731,350.063458
1,1732,51.077002
1,1733,272.382547
1,1734,311.292242
1,1735,50.693807
1,1736,342.635340
1,1737,83.320122
1,1738,237.187749
1,1739,387.265740
1,1740,400.289315
1,1741,233.079965
1,1742,38.351632
1,1743,438.011780
1,1744,248.798575
1,1745,48.712230
1,1746,317.047985
1,1747,391.202615
1,1748,46.071619
1,1749,343.864507
1,1750,42.782223
1,1751,435.193549
1,1752,65.949266
1,1753,408.001102
1,1754,119.421092
1,1755,297.456615
1,1756,329.856294
1,1757,301.556198
1,1758,299.041579
1,1759,59.558345
1,1760,410.187695
1,1761,61.661627
1,1762,235.981320
1,1763,144.153156
1,1764,98.948152
1,1765,430.900505
1,1766,93.172839
1,1767,300.702398
1,1768,517.883012
1,1769,39.925040
1,1770,468.885949
1,1771,51.869670
1,1772,80.871480
1,1773,420.918628
1,1774,96.972352
1,1775,40.049727
1,1776,284.735532
1,1777,354.018971
1,1778,96.365317
1,1779,272.662301
1,1780,364.446293
1,1781,394.856194
1,1782,273.695584
1,1783,75.027021
1,1784,305.404170
1,1785,205.306575
1,1786,58.201695
1,1787,320.208034
1,1788,310.152724
1,1789,82.509748
1,1790,326.275775
1,1791,211.186633
1,1792,65.653670
1,1793,197.771103
1,1794,344.942707
1,1795,62.437521
1,1796,251.692661
1,1797,396.293173
1,1798,59.104886
1,1799,239.023019
1,1800,232.037363
1,1801,349.231465
1,1802,64.257135
1,1803,261.209897
1,1804,345.500165
1,1805,70.977387
1,1806,64.293479
1,1807,340.283243
1,1808,432.326115
1,1809,79.915917
1,1810,92.513618
1,1811,271.935797
1,1812,276.290719
1,1813,143.209894
1,1814,137.659540
1,1815,331.854645
1,1816,105.538871
1,1817,80.821717
1,1818,248.741729
1,1819,474.164004
1,1820,250.082537
1,1821,424.767905
1,1822,119.328462
1,1823,409.832830
1,1824,420.443735
1,1825,123.455257
1,1826,439.810892
1,1827,51.806674
1,1828,268.969955
1,1829,409.991252
1,1830,269.073581
1,1831,335.848737
1,1832,50.281165
1,1833,399.091088
1,1834,313.989513
1,1835,78.368043
1,1836,203.002191
1,1837,293.388344
1,1838,54.051790
1,1839,395.853319
1,1840,60.394253
1,1841,430.417971
1,1842,251.383832
1,1843,474.441335
1,1844,465.790760
1,1845,62.050040
1,1846,375.801967
1,1847,255.350341
1,1848,445.892611
1,1849,260.927906
1,1850,223.161643
1,1851,398.232814
1,1852,98.072172
1,1853,370.858275
1,1854,115.759872
1,1855,459.108902
1,1856,378.403625
1,1857,147.122912
1,1858,380.501316
1,1859,150.476981
1,1860,374.537388
1,1861,160.976245
1,1862,432.938555
1,1863,293.658220
1,1864,66.858421
1,1865,310.432664
1,1866,302.528535
1,1867,470.571744
1,1868,87.692750
1,1869,311.028703
1,1870,104.763163
1,1871,305.940381
1,1872,92.052890
1,1873,287.238037
1,1874,442.007363
1,1875,86.645302
1,1876,428.853509
1,1877,329.894688
1,1878,416.235121
1,1879,160.661825
1,1880,473.086363
1,1881,279.678895
1,1882,94.182824
1,1883,209.244009
1,1884,624.444589
1,1885,526.498362
1,1886,26.472421
1,1887,362.523425
1,1888,231.659387
1,1889,316.833650
1,1890,106.189518
1,1891,258.659492
1,1892,435.095328
1,1893,76.582350
1,1894,395.292133
1,1895,383.999083
1,1896,234.321805
1,1897,339.739017
1,1898,83.116410
1,1899,334.030614
1,1900,196.895310
1,1901,105.340564
1,1902,208.653189
1,1903,284.554186
1,1904,325.304929
1,1905,439.827852
1,1906,422.864607
1,1907,482.946349
1,1908,177.668124
1,1909,551.915367
1,1910,182.474082
1,1911,274.542301
1,1912,151.222496
1,1913,151.700370
1,1914,324.444233
1,1915,179.459222
1,1916,71.788320
1,1917,408.979589
1,1918,129.350597
1,1919,188.697822
1,1920,891.939777
1,1921,478.205437
1,1922,180.237166
1,1923,88.993113
1,1924,847.071558
1,1925,305.482822
1,1926,403.265781
1,1927,73.472251
1,1928,470.305036
1,1929,424.464853
1,1930,253.692130
1,1931,199.422604
1,1932,297.798061
1,1933,299.021822
1,1934,205.770472
1,1935,196.636431
1,1936,409.474983
1,1937,325.650288
1,1938,92.252315
1,1939,205.450646
1,1940,196.195086
1,1941,337.725942
1,1942,411.652072
1,1943,332.944027
1,1944,86.286710
1,1945,393.847140
1,1946,124.331981
1,1947,146.263521
1,1948,284.681109
1,1949,112.003784
1,1950,347.222676
1,1951,357.197471
1,1952,68.560057
1,1953,240.828840
1,1954,184.245983
1,1955,91.351175
1,1956,282.157730
1,1957,125.922163
1,1958,263.190728
1,1959,128.934600
1,1960,441.613173
1,1961,249.988229
1,1962,80.774936
1,1963,361.508221
1,1964,345.363364
1,1965,121.868057
1,1966,114.844567
1,1967,432.413340
1,1968,266.445643
1,1969,389.243217
1,1970,284.942971
1,1971,205.524266
1,1972,395.074443
1,1973,327.824767
1,1974,106.454921
1,1975,217.962053
1,1976,236.774361
1,1977,418.904621
1,1978,161.259168
1,1979,459.184385
1,1980,312.222644
1,1981,75.799187
1,1982,265.701434
1,1983,117.666338
1,1984,144.418373
1,1985,300.699043
1,1986,483.950743
1,1987,351.574430
1,1988,146.873911
1,1989,275.552846
1,1990,96.240630
1,1991,587.108860
1,1992,87.207606
1,1993,398.736409
1,1994,285.665747
1,1995,279.706479
1,1996,155.356745
1,1997,336.268276
1,1998,438.928203
1,1999,113.084407
1,2000,103.033570
1,2001,379.524879
1,2002,90.139714
1,2003,272.937209
1,2004,337.735634
1,2005,85.166202
1,2006,433.161836
1,2007,80.262581
1,2008,481.351321
1,2009,380.789830
1,2010,282.193328
1,2011,136.840407
1,2012,340.497951
1,2013,28.221397
1,2014,344.127674
1,2015,136.681239
1,2016,185.517830
1,2017,275.499169
1,2018,80.080862
1,2019,484.566165
1,2020,82.717187
1,2021,199.301085
1,2022,283.817990
1,2023,134.084054
1,2024,524.422664
1,2025,86.547267
1,2026,314.209253
1,2027,344.841131
1,2028,111.075805
1,2029,220.445548
1,2030,304.502843
1,2031,159.907923
1,2032,167.522047
1,2033,258.655951
1,2034,300.491045
1,2035,169.684412
1,2036,135.113982
1,2037,84.633904
1,2038,209.234877
1,2039,302.331533
1,2040,202.393106
1,2041,415.815210
1,2042,226.164202
1,2043,437.163198
1,2044,412.281845
1,2045,367.805394
1,2046,332.140177
1,2047,125.024378
1,2048,202.173552
1,2049,237.314673
1,2050,339.667448
1,2051,107.422785
1,2052,492.500487
1,2053,173.263439
1,2054,397.330183
1,2055,361.759646
1,2056,261.722438
1,2057,124.959891
1,2058,167.211354
1,2059,417.033567
1,2060,407.126986
1,2061,99.302271
1,2062,329.987131
1,2063,100.072014
1,2064,353.309800
1,2065,443.832569
1,2066,124.801842
1,2067,481.011367
1,2068,138.003595
1,2069,343.315995
1,2070,91.692061
1,2071,235.078130
1,2072,173.925270
1,2073,471.580797
1,2074,114.081533
1,2075,218.454093
1,2076,231.156538
1,2077,204.763468
1,2078,145.514279
1,2079,389.159719
1,2080,125.945647
1,2081,309.207225
1,2082,237.564979
1,2083,506.381404
1,2084,193.284412
1,2085,181.010078
1,2086,174.870954
1,2087,141.616358
1,2088,409.348992
1,2089,491.407563
1,2090,137.649476
1,2091,346.106082
1,2092,126.426690
1,2093,154.148080
1,2094,392.464025
1,2095,140.847360
1,2096,134.463893
1,2097,143.981129
1,2098,244.066609
1,2099,291.640299
1,2100,116.726431
1,2101,411.366540
1,2102,136.829969
1,2103,527.688203
1,2104,112.425559
1,2105,237.718368
1,2106,121.332218
1,2107,123.987740
1,2108,138.190533
1,2109,95.949693
1,2110,96.099169
1,2111,411.347902
1,2112,73.707647
1,2113,415.212461
1,2114,489.853352
1,2115,179.240973
1,2116,177.720310
1,2117,290.091120
1,2118,282.499548
1,2119,102.431940
1,2120,288.102275
1,2121,68.461090
1,2122,278.614114
1,2123,177.007039
1,2124,206.127573
1,2125,428.799273
1,2126,398.409874
1,2127,127.741032
1,2128,131.110011
1,2129,136.527291
1,2130,401.573277
1,2131,158.174603
1,2132,362.235098
1,2133,118.385759
1,2134,381.705322
1,2135,145.514652
1,2136,236.192860
1,2137,227.841795
1,2138,336.100162
1,2139,266.495966
1,2140,131.999596
1,2141,180.477036
1,2142,355.520809
1,2143,263.052062
1,2144,406.354633
1,2145,165.547553
1,2146,268.627018
1,2147,77.303635
1,2148,371.793709
1,2149,178.093067
1,2150,372.181749
1,2151,39.749471
1,2152,327.683679
1,2153,83.290301
1,2154,64.814407
1,2155,308.803529
1,2156,112.413444
1,2157,110.123038
1,2158,160.686986
1,2159,270.961596
1,2160,70.652902
1,2161,215.130217
1,2162,64.115674
1,2163,353.235435
1,2164,160.993951
1,2165,156.627661
1,2166,544.565155
1,2167,148.577411
1,2168,114.112658
1,2169,346.060047
1,2170,342.373479
1,2171,284.335750
1,2172,297.958905
1,2173,135.112118
1,2174,390.961254
1,2175,95.388880
1,2176,184.243747
1,2177,433.100704
1,2178,87.598815
1,2179,170.682282
1,2180,367.982267
1,2181,400.487622
1,2182,94.617459
1,2183,254.280528
1,2184,99.818167
1,2185,302.259777
1,2186,131.990650
1,2187,402.537787
1,2188,657.329597
1,2189,139.820600
1,2190,382.682504
1,2191,140.292697
1,2192,215.750299
1,2193,518.160344
1,2194,459.026523
1,2195,98.641373
1,2196,217.768965
1,2197,210.605877
1,2198,83.596521
1,2199,285.599210
1,2200,78.568587
1,2201,438.940318
1,2202,126.847160
1,2203,487.860593
1,2204,95.547115
1,2205,115.076981
1,2206,291.541518
1,2207,461.678131
1,2208,324.966838
1,2209,129.442296
1,2210,106.482133
1,2211,355.982283
1,2212,306.982610
1,2213,154.818670
1,2214,469.833871
1,2215,303.175455
1,2216,106.267425
1,2217,938.935879
1,2218,151.458451
1,2219,126.070894
1,2220,438.556751
1,2221,307.961657
1,2222,484.011875
1,2223,115.720173
1,2224,422.399592
1,2225,221.580593
1,2226,305.290107
1,2227,133.258956
1,2228,256.695248
1,2229,279.494380
1,2230,266.793053
1,2231,290.677654
1,2232,268.731763
1,2233,73.208712
1,2234,156.858025
1,2235,147.878678
1,2236,228.855695
1,2237,182.654310
1,2238,298.524378
1,2239,109.708346
1,2240,198.661807
1,2241,84.766233
1,2242,299.790634
1,2243,39.753199
1,2244,281.530566
1,2245,229.792433
1,2246,57.434561
1,2247,396.038393
1,2248,265.037926
1,2249,246.714676
1,2250,382.430334
1,2251,69.601541
1,2252,381.762913
1,2253,290.322230
1,2254,294.449024
1,2255,501.230646
1,2256,230.888526
1,2257,300.529811
1,2258,95.332966
1,2259,398.638374
1,2260,311.034667
1,2261,254.981125
1,2262,100.574118
1,2263,294.728965
1,2264,260.201589
1,2265,306.227591
1,2266,235.547804
1,2267,91.879185
1,2268,267.557578
1,2269,261.545005
1,2270,82.103629
1,2271,372.461690
1,2272,221.482185
1,2273,226.354308
1,2274,265.734982
1,2275,324.711872
1,2276,377.370715
1,2277,234.716742
1,2278,72.949273
1,2279,392.711722
1,2280,99.406270
1,2281,342.297809
1,2282,104.096860
1,2283,394.674847
1,2284,76.853531
1,2285,98.816941
1,2286,291.276674
1,2287,388.775034
1,2288,70.970119
1,2289,244.431166
1,2290,76.442007
1,2291,245.852116
1,2292,141.876356
1,2293,129.250326
1,2294,218.019458
1,2295,212.350008
1,2296,256.112815
1,2297,79.586400
1,2298,147.773933
1,2299,161.907393
1,2300,461.192428
1,2301,83.064411
1,2302,404.149589
1,2303,113.571787
1,2304,449.871235
1,2305,94.944926
1,2306,355.600020
1,2307,297.344974
1,2308,418.996692
1,2309,154.022834
1,2310,89.964704
1,2311,423.419456
1,2312,129.757834
1,2313,381.990854
1,2314,248.449488
1,2315,249.033784
1,2316,242.629817
1,2317,58.720200
1,2318,324.816617
1,2319,264.510848
1,2320,375.376092
1,2321,239.142674
1,2322,376.707394
1,2323,497.853094
1,2324,468.031963
1,2325,65.087079
1,2326,406.615936
1,2327,74.372459
1,2328,531.394900
1,2329,115.679915
1,2330,406.572883
1,2331,254.286492
1,2332,448.477496
1,2333,67.115250
1,2334,248.411094
1,2335,454.207146
1,2336,77.723919
1,2337,585.796196
1,2338,548.431952
1,2339,581.280057
1,2340,41.980422
1,2341,455.663694
1,2342,542.008787
1,2343,530.287625
1,2344,131.801476
1,2345,494.116390
1,2346,416.260655
1,2347,221.364208
1,2348,78.933889
1,2349,427.048433
1,2350,440.340580
1,2351,399.118485
1,2352,81.846054
1,2353,460.937649
1,2354,125.951238
1,2355,321.959620
1,2356,492.142827
1,2357,302.656391
1,2358,555.273723
1,2359,96.763422
1,2360,452.699529
1,2361,617.800752
1,2362,110.572024
1,2363,336.975769
1,2364,629.959717
1,2365,444.579760
1,2366,601.914588
1,2367,436.448063
1,2368,82.380215
1,2369,441.422135
1,2370,283.877259
1,2371,232.534808
1,2372,236.239082
1,2373,457.085017
1,2374,45.035354
1,2375,450.019406
1,2376,309.299482
1,2377,76.273521
1,2378,351.354876
1,2379,427.482136
1,2380,146.087766
1,2381,449.337633
1,2382,352.456373
1,2383,346.963796
1,2384,64.073552
1,2385,235.906396
1,2386,189.968551
1,2387,242.773887
1,2388,70.946262
1,2389,439.590406
1,2390,151.997085
1,2391,88.740570
1,2392,66.939123
1,2393,481.546273
1,2394,87.884533
1,2395,108.382635
1,2396,212.046211
1,2397,448.876532
1,2398,794.853873
1,2399,607.869756
1,2400,100.444026
1,2401,692.848135
1,2402,104.632698
1,2403,255.858781
1,2404,237.234716
1,2405,505.981250
1,2406,140.672536
1,2407,643.280567
1,2408,73.547734
1,2409,472.721993
1,2410,265.582152
1,2411,459.384742
1,2412,66.519585
1,2413,276.755920
1,2414,205.180211
1,2415,564.751819
1,2416,64.678723
1,2417,492.634307
1,2418,268.478661
1,2419,348.582122
1,2420,471.189589
1,2421,460.092981
1,2422,113.326327
1,2423,247.299159
1,2424,453.581473
1,2425,36.224307
1,2426,442.967213
1,2427,409.223745
1,2428,455.233346
1,2429,449.448528
1,2430,92.177018
1,2431,446.021772
1,2432,392.503164
1,2433,292.344810
1,2434,528.995462
1,2435,52.770810
1,2436,159.451296
1,2437,478.572789
1,2438,87.725552
1,2439,198.022901
1,2440,483.230949
1,2441,513.285426
1,2442,463.185933
1,2443,310.031018
1,2444,358.872269
1,2445,109.061985
1,2446,390.927706
1,2447,346.656831
1,2448,62.017237
1,2449,362.896182
1,2450,74.614192
1,2451,477.492166
1,2452,246.255998
1,2453,509.576306
1,2454,75.480853
1,2455,249.445122
1,2456,516.256673
1,2457,689.082169
1,2458,273.711985
1,2459,435.902533
1,2460,113.566755
1,2461,441.235383
1,2462,66.138440
1,2463,284.101845
1,2464,528.088358
1,2465,223.877337
1,2466,67.675504
1,2467,430.693066
1,2468,266.912708
1,2469,526.506563
1,2470,68.261292
1,2471,388.116185
1,2472,575.547611
1,2473,107.523057
1,2474,260.631937
1,2475,230.990102
1,2476,53.851247
1,2477,581.908339
1,2478,515.821106
1,2479,96.359167
1,2480,677.878208
1,2481,550.851146
1,2482,444.609581
1,2483,83.809552
1,2484,182.448735
1,2485,469.869655
1,2486,471.489472
1,2487,533.530985
1,2488,72.359198
1,2489,575.850290
1,2490,558.783977
1,2491,98.430206
1,2492,502.878046
1,2493,334.084478
1,2494,58.552646
1,2495,448.289999
1,2496,279.341550
1,2497,367.003221
1,2498,145.158296
1,2499,157.032102
1,2500,321.079913
1,2501,70.700429
1,2502,505.206474
1,2503,418.833797
1,2504,459.767005
1,2505,455.762661
1,2506,51.026866
1,2507,539.138184
1,2508,72.229292
1,2509,56.879712
1,2510,471.095281
1,2511,420.658816
1,2512,78.936311
1,2513,281.190239
1,2514,308.122129
1,2515,420.102662
1,2516,116.796882
1,2517,66.003316
1,2518,429.010813
1,2519,471.412497
1,2520,411.310067
1,2521,87.801781
1,2522,411.727369
1,2523,86.026898
1,2524,422.417671
1,2525,496.992211
1,2526,386.773514
1,2527,168.849063
1,2528,419.713504
1,2529,108.117605
1,2530,89.845236
1,2531,334.906407
1,2532,140.048914
1,2533,438.338128
1,2534,418.457685
1,2535,445.751150
1,2536,118.357989
1,2537,474.661821
1,2538,357.020225
1,2539,496.826707
1,2540,357.357198
1,2541,120.744753
1,2542,491.965022
1,2543,207.703777
1,2544,466.885921
1,2545,62.382539
1,2546,288.050461
1,2547,440.244036
1,2548,257.770466
1,2549,492.874922
1,2550,422.801611
1,2551,150.320982
1,2552,456.362055
1,2553,430.530544
1,2554,115.142586
1,2555,424.071221
1,2556,635.239263
1,2557,167.213591
1,2558,706.681898
1,2559,262.115137
1,2560,216.901746
1,2561,393.980028
1,2562,187.483006
1,2563,406.774172
1,2564,141.653074
1,2565,448.856403
1,2566,55.296426
1,2567,482.424675
1,2568,386.440456
1,2569,81.491189
1,2570,416.660809
1,2571,112.093992
1,2572,459.130895
1,2573,184.468333
1,2574,287.711252
1,2575,371.191520
1,2576,169.358435
1,2577,146.200339
1,2578,458.966695
1,2579,316.324091
1,2580,504.191829
1,2581,465.102278
1,2582,448.762096
1,2583,105.437108
1,2584,436.570700
1,2585,271.004650
1,2586,302.664405
1,2587,222.339713
1,2588,114.497343
1,2589,466.817706
1,2590,485.365543
1,2591,469.436698
1,2592,60.462281
1,2593,570.230044
1,2594,469.368111
1,2595,57.683563
1,2596,220.460085
1,2597,554.225716
1,2598,91.057069
1,2599,459.667106
1,2600,61.200154
1,2601,323.285890
1,2602,59.693097
1,2603,495.923889
1,2604,457.833514
1,2605,269.769705
1,2606,154.448709
1,2607,331.013891
1,2608,468.677578
1,2609,414.186634
1,2610,428.552508
1,2611,228.825501
1,2612,431.227786
1,2613,134.019008
1,2614,452.174874
1,2615,459.018695
1,2616,102.878689
1,2617,411.843482
1,2618,334.532905
1,2619,527.045942
1,2620,144.002749
1,2621,458.976014
1,2622,500.317764
1,2623,144.611275
1,2624,83.318631
1,2625,448.953320
1,2626,84.403354
1,2627,194.441077
1,2628,482.401937
1,2629,232.705344
1,2630,456.499229
1,2631,318.764346
1,2632,215.286589
1,2633,276.177028
1,2634,390.038121
1,2635,85.247463
1,2636,47.497787
1,2637,309.975105
1,2638,372.958016
1,2639,95.646269
1,2640,400.885913
1,2641,73.306933
1,2642,459.796080
1,2643,417.485348
1,2644,154.941680
1,2645,222.646120
1,2646,61.943991
1,2647,391.384334
1,2648,402.611220
1,2649,136.267665
1,2650,428.149930
1,2651,309.437775
1,2652,486.035015
1,2653,78.093135
1,2654,395.625564
1,2655,462.485336
1,2656,441.900755
1,2657,258.944092
1,2658,46.410268
1,2659,665.302500
1,2660,279.409764
1,2661,80.452501
1,2662,299.066367
1,2663,274.577713
1,2664,351.220310
1,2665,70.265421
1,2666,224.700198
1,2667,429.395498
1,2668,511.372995
1,2669,129.295429
1,2670,493.290173
1,2671,57.336526
1,2672,241.332063
1,2673,334.554152
1,2674,73.142361
1,2675,289.839323
1,2676,78.048218
1,2677,436.419547
1,2678,151.757775
1,2679,526.510104
1,2680,201.452267
1,2681,177.729070
1,2682,376.950618
1,2683,59.792809
1,2684,248.609773
1,2685,78.293119
1,2686,399.507271
1,2687,54.637578
1,2688,325.790631
1,2689,60.828888
1,2690,420.567304
1,2691,106.883592
1,2692,64.577706
1,2693,189.509873
1,2694,293.498493
1,2695,172.154114
1,2696,197.412511
1,2697,495.509756
1,2698,59.827848
1,2699,431.470264
1,2700,380.713788
1,2701,57.621126
1,2702,320.236550
1,2703,89.685323
1,2704,88.481877
1,2705,444.128165
1,2706,56.952586
1,2707,50.851111
1,2708,354.301707
1,2709,48.378985
1,2710,285.788757
1,2711,148.466888
1,2712,47.596195
1,2713,393.724689
1,2714,438.234129
1,2715,286.691762
1,2716,265.006055
1,2717,298.781767
1,2718,449.882231
1,2719,56.877848
1,2720,500.493892
1,2721,363.544221
1,2722,59.873325
1,2723,417.818779
1,2724,448.743458
1,2725,428.084325
1,2726,116.166550
1,2727,289.292115
1,2728,98.312042
1,2729,435.266982
1,2730,240.695953
1,2731,112.477931
1,2732,336.534051
1,2733,59.015424
1,2734,275.783210
1,2735,101.401639
1,2736,97.437740
1,2737,284.935703
1,2738,177.756281
1,2739,249.137970
1,2740,52.122213
1,2741,208.668845
1,2742,76.942620
1,2743,257.013024
1,2744,58.660932
1,2745,226.247326
1,2746,78.432903
1,2747,264.242649
1,2748,78.453405
1,2749,65.241773
1,2750,188.190872
1,2751,272.665842
1,2752,215.137859
1,2753,298.018733
1,2754,315.560125
1,2755,104.048774
1,2756,497.159393
1,2757,691.960227
1,2758,66.901102
1,2759,139.847811
1,2760,295.177951
1,2761,48.590898
1,2762,448.353181
1,2763,56.997690
1,2764,462.033368
1,2765,425.280818
1,2766,57.013159
1,2767,266.059840
1,2768,345.852980
1,2769,79.487619
1,2770,278.638903
1,2771,120.604596
1,2772,97.469238
1,2773,418.454703
1,2774,77.621411
1,2775,87.707660
1,2776,466.836344
1,2777,57.674430
1,2778,293.018382
1,2779,210.206468
1,2780,86.166309
1,2781,376.859851
1,2782,340.713218
1,2783,55.582517
1,2784,427.731324
1,2785,418.998369
1,2786,82.027587
1,2787,320.004136
1,2788,384.014738
1,2789,408.914729
1,2790,279.572100
1,2791,253.825950
1,2792,283.614651
1,2793,448.232035
1,2794,53.565901
1,2795,441.574965
1,2796,57.961267
1,2797,43.750087
1,2798,264.741398
1,2799,61.045832
1,2800,111.913204
1,2801,268.926156
1,2802,276.296869
1,2803,400.114679
1,2804,120.305645
1,2805,107.932531
1,2806,281.237765
1,2807,196.933145
1,2808,182.158916
1,2809,451.489373
1,2810,101.441524
1,2811,102.546563
1,2812,334.444748
1,2813,522.254895
1,2814,251.003992
1,2815,73.602157
1,2816,282.615662
1,2817,69.517857
1,2818,424.662973
1,2819,239.109312
1,2820,429.340889
1,2821,246.751579
1,2822,350.063458
1,2823,51.077002
1,2824,272.382547
1,2825,311.292242
1,2826,50.693807
1,2827,342.635340
1,2828,83.320122
1,2829,237.187749
1,2830,387.265740
1,2831,400.289315
1,2832,233.079965
1,2833,38.351632
1,2834,438.011780
1,2835,248.798575
1,2836,48.712230
1,2837,317.047985
1,2838,391.202615
1,2839,46.071619
1,2840,343.864507
1,2841,42.782223
1,2842,435.193549
1,2843,65.949266
1,2844,408.001102
1,2845,119.421092
1,2846,297.456615
1,2847,329.856294
1,2848,301.556198
1,2849,299.041579
1,2850,59.558345
1,2851,410.187695
1,2852,61.661627
1,2853,235.981320
1,2854,144.153156
1,2855,98.948152
1,2856,430.900505
1,2857,93.172839
1,2858,300.702398
1,2859,517.883012
1,2860,39.925040
1,2861,468.885949
1,2862,51.869670
1,2863,80.871480
1,2864,420.918628
1,2865,96.972352
1,2866,40.049727
1,2867,284.735532
1,2868,354.018971
1,2869,96.365317
1,2870,272.662301
1,2871,364.446293
1,2872,394.856194
1,2873,273.695584
1,2874,75.027021
1,2875,305.404170
1,2876,205.306575
1,2877,58.201695
1,2878,320.208034
1,2879,310.152724
1,2880,82.509748
1,2881,326.275775
1,2882,211.186633
1,2883,65.653670
1,2884,197.771103
1,2885,344.942707
1,2886,62.437521
1,2887,251.692661
1,2888,396.293173
1,2889,59.104886
1,2890,239.023019
1,2891,232.037363
1,2892,349.231465
1,2893,64.257135
1,2894,261.209897
1,2895,345.500165
1,2896,70.977387
1,2897,64.293479
1,2898,340.283243
1,2899,432.326115
1,2900,79.915917
1,2901,92.513618
1,2902,271.935797
1,2903,276.290719
1,2904,143.209894
1,2905,137.659540
1,2906,331.854645
1,2907,105.538871
1,2908,80.821717
1,2909,248.741729
1,2910,474.164004
1,2911,250.082537
1,2912,424.767905
1,2913,119.328462
1,2914,409.832830
1,2915,420.443735
1,2916,123.455257
1,2917,439.810892
1,2918,51.806674
1,2919,268.969955
1,2920,409.991252
1,2921,269.073581
1,2922,335.848737
1,2923,50.281165
1,2924,399.091088
1,2925,313.989513
1,2926,78.368043
1,2927,203.002191
1,2928,293.388344
1,2929,54.051790
1,2930,395.853319
1,2931,60.394253
1,2932,430.417971
1,2933,251.383832
1,2934,474.441335
1,2935,465.790760
1,2936,62.050040
1,2937,375.801967
1,2938,255.350341
1,2939,445.892611
1,2940,260.927906
1,2941,223.161643
1,2942,398.232814
1,2943,98.072172
1,2944,370.858275
1,2945,115.759872
1,2946,459.108902
1,2947,378.403625
1,2948,147.122912
1,2949,380.501316
1,2950,150.476981
1,2951,374.537388
1,2952,160.976245
1,2953,432.938555
1,2954,293.658220
1,2955,66.858421
1,2956,310.432664
1,2957,302.528535
1,2958,470.571744
1,2959,87.692750
1,2960,311.028703
1,2961,104.763163
1,2962,305.940381
1,2963,92.052890
1,2964,287.238037
1,2965,442.007363
1,2966,86.645302
1,2967,428.853509
1,2968,329.894688
1,2969,416.235121
1,2970,160.661825
1,2971,473.086363
1,2972,279.678895
1,2973,94.182824
1,2974,209.244009
1,2975,624.444589
1,2976,273.458696
1,2977,76.605647
1,2978,94.161950
1,2979,51.924838
1,2980,367.475504
1,2981,60.185882
1,2982,235.745738
1,2983,255.321638
1,2984,320.547988
1,2985,300.267204
1,2986,350.824442
1,2987,62.348059
1,2988,114.107253
1,2989,250.889370
1,2990,118.430863
1,2991,251.175647
1,2992,190.585464
1,2993,213.305757
1,2994,327.785441
1,2995,491.532810
1,2996,96.958747
1,2997,231.216366
1,2998,318.214342
1,2999,315.575408
1,3000,223.817882
1,3001,87.879687
1,3002,175.143440
1,3003,178.741106
1,3004,81.775789
1,3005,44.500447
1,3006,323.113490
1,3007,115.378168
1,3008,216.332173
1,3009,479.308798
1,3010,33.673716
1,3011,382.836267
1,3012,154.089184
1,3013,410.157688
1,3014,85.508393
1,3015,201.120885
1,3016,80.831782
1,3017,354.380173
1,3018,174.987814
1,3019,373.056797
1,3020,362.955078
1,3021,95.080051
1,3022,42.889577
1,3023,296.076109
1,3024,93.696935
1,3025,184.839226
1,3026,175.866589
1,3027,261.024450
1,3028,240.662777
1,3029,71.119221
1,3030,239.458026
1,3031,129.469320
1,3032,260.097217
1,3033,215.903502
1,3034,94.900195
1,3035,395.616246
1,3036,86.085421
1,3037,186.751097
1,3038,81.524551
1,3039,318.879155
1,3040,190.286699
1,3041,254.328613
1,3042,86.804842
1,3043,197.206004
1,3044,156.616105
1,3045,344.216203
1,3046,91.849924
1,3047,351.819704
1,3048,96.368299
1,3049,302.290530
1,3050,309.240773
1,3051,289.807825
1,3052,73.645397
1,3053,95.268107
1,3054,59.164341
1,3055,341.602990
1,3056,94.251039
1,3057,399.374569
1,3058,325.916064
1,3059,337.722960
1,3060,109.112121
1,3061,314.397868
1,3062,74.172848
1,3063,227.217986
1,3064,331.118822
1,3065,330.418784
1,3066,366.579955
1,3067,88.396142
1,3068,72.084103
1,3069,356.227371
1,3070,666.017262
1,3071,684.630517
1,3072,389.453265
1,3073,380.127627
1,3074,253.385351
1,3075,55.062894
1,3076,299.048847
1,3077,92.310092
1,3078,305.301103
1,3079,188.662223
1,3080,306.101972
1,3081,131.089696
1,3082,110.417703
1,3083,212.388961
1,3084,75.114432
1,3085,202.119129
1,3086,352.483398
1,3087,89.494844
1,3088,395.636188
1,3089,78.671281
1,3090,216.532157
1,3091,499.135005
1,3092,362.996454
1,3093,308.407102
1,3094,231.932805
1,3095,97.770239
1,3096,175.694002
1,3097,108.587092
1,3098,184.869419
1,3099,296.194646
1,3100,422.790801
1,3101,193.540496
1,3102,357.531648
1,3103,91.606886
1,3104,140.331464
1,3105,206.678881
1,3106,272.645340
1,3107,99.703358
1,3108,262.587793
1,3109,116.584970
1,3110,152.993651
1,3111,53.109273
1,3112,191.835505
1,3113,293.609202
1,3114,348.147673
1,3115,311.960968
1,3116,304.142201
1,3117,199.491191
1,3118,80.807739
1,3119,280.077000
1,3120,359.378100
1,3121,588.424879
1,3122,101.171462
1,3123,322.012365
1,3124,68.233708
1,3125,281.118110
1,3126,262.994285
1,3127,74.342080
1,3128,174.678053
1,3129,341.428539
1,3130,272.383665
1,3131,337.182649
1,3132,335.393228
1,3133,361.060913
1,3134,441.941385
1,3135,71.247450
1,3136,129.248462
1,3137,360.358452
1,3138,127.307888
1,3139,189.395809
1,3140,143.542021
1,3141,53.974443
1,3142,243.259031
1,3143,54.455300
1,3144,227.357956
1,3145,197.633183
1,3146,215.547892
1,3147,240.148186
1,3148,298.631359
1,3149,61.049187
1,3150,230.766820
1,3151,95.041098
1,3152,328.887498
1,3153,68.330066
1,3154,299.900411
1,3155,107.921162
1,3156,324.816431
1,3157,368.745301
1,3158,60.998492
1,3159,454.139490
1,3160,335.097073
1,3161,477.370088
1,3162,494.691367
1,3163,364.162811
1,3164,74.572816
1,3165,232.159814
1,3166,65.483879
1,3167,335.965410
1,3168,372.556929
1,3169,70.950549
1,3170,168.950453
1,3171,279.901617
1,3172,122.025919
1,3173,214.811324
1,3174,119.925619
1,3175,778.107199
1,3176,73.137888
1,3177,337.689039
1,3178,119.893748
1,3179,254.766417
1,3180,53.463020
1,3181,189.709857
1,3182,342.681376
1,3183,368.902977
1,3184,96.538090
1,3185,52.521622
1,3186,326.157984
1,3187,86.721904
1,3188,403.484217
1,3189,100.688368
1,3190,187.674976
1,3191,472.749577
1,3192,59.626000
1,3193,377.323748
1,3194,58.873776
1,3195,271.113122
1,3196,221.080726
1,3197,219.894799
1,3198,268.508668
1,3199,274.944506
1,3200,163.377547
1,3201,225.349914
1,3202,375.393425
1,3203,61.614846
1,3204,149.662507
1,3205,228.571840
1,3206,204.655182
1,3207,172.043219
1,3208,128.935719
1,3209,348.000620
1,3210,208.570623
1,3211,51.665026
1,3212,201.780852
1,3213,165.819293
1,3214,272.278361
1,3215,77.249026
1,3216,68.705432
1,3217,356.720901
1,3218,166.422041
1,3219,162.522815
1,3220,241.352937
1,3221,280.619920
1,3222,223.078518
1,3223,398.818975
1,3224,82.649159
1,3225,156.783659
1,3226,63.181731
1,3227,157.511095
1,3228,65.265443
1,3229,247.433352
1,3230,68.387657
1,3231,71.328711
1,3232,261.025755
1,3233,286.337642
1,3234,345.943187
1,3235,299.376314
1,3236,153.238925
1,3237,339.943288
1,3238,89.337168
1,3239,262.385573
1,3240,102.829299
1,3241,207.283493
1,3242,230.547453
1,3243,523.089312
1,3244,155.016977
1,3245,235.592907
1,3246,324.976157
1,3247,211.975760
1,3248,305.029177
1,3249,254.639493
1,3250,228.216789
1,3251,227.217427
1,3252,61.801225
1,3253,296.744649
1,3254,65.174118
1,3255,230.243469
1,3256,310.416636
1,3257,307.083628
1,3258,84.167958
1,3259,382.377216
1,3260,306.932288
1,3261,234.466062
1,3262,269.464604
1,3263,398.947203
1,3264,115.474340
1,3265,72.404302
1,3266,109.283403
1,3267,263.711470
1,3268,260.066837
1,3269,311.431467
1,3270,235.390686
1,3271,470.715814
1,3272,282.111135
1,3273,165.978833
1,3274,359.556092
1,3275,79.288567
1,3276,319.564469
1,3277,333.656925
1,3278,320.178586
1,3279,359.260682
1,3280,367.137600
1,3281,100.863378
1,3282,265.054700
1,3283,368.581288
1,3284,142.341929
1,3285,259.471171
1,3286,356.119830
1,3287,367.172825
1,3288,346.349306
1,3289,337.803476
1,3290,133.869159
1,3291,330.845964
1,3292,275.846765
1,3293,370.762849
1,3294,95.809909
1,3295,141.326725
1,3296,299.634822
1,3297,348.757131
1,3298,321.544368
1,3299,63.485528
1,3300,382.117218
1,3301,82.243972
1,3302,436.992662
1,3303,483.147079
1,3304,414.537585
1,3305,33.245418
1,3306,68.247128
1,3307,326.933318
1,3308,60.310569
1,3309,308.531975
1,3310,161.121434
1,3311,208.682078
1,3312,139.717160
1,3313,204.753217
1,3314,157.447167
1,3315,138.107781
1,3316,82.297835
1,3317,163.398608
1,3318,229.547905
1,3319,105.943685
1,3320,188.387129
1,3321,264.527994
1,3322,180.355144
1,3323,194.702939
1,3324,319.134866
1,3325,345.411077
1,3326,222.875552
1,3327,188.657750
1,3328,109.334470
1,3329,116.366907
1,3330,265.985475
1,3331,284.842327
1,3332,82.488873
1,3333,282.205629
1,3334,87.048253
1,3335,182.631758
1,3336,78.215772
1,3337,146.751833
1,3338,316.618196
1,3339,351.333442
1,3340,274.264225
1,3341,318.496706
1,3342,223.114489
1,3343,108.640769
1,3344,357.620178
1,3345,303.099599
1,3346,210.534867
1,3347,265.243502
1,3348,309.545875
1,3349,360.735682
1,3350,233.673953
1,3351,298.276681
1,3352,88.109492
1,3353,367.824591
1,3354,80.670750
1,3355,334.722452
1,3356,91.194989
1,3357,191.027740
1,3358,279.987724
1,3359,337.111266
1,3360,63.405944
1,3361,221.159378
1,3362,683.051331
1,3363,752.805003
1,3364,250.099124
1,3365,224.999336
1,3366,64.883367
1,3367,349.453255
1,3368,281.152777
1,3369,336.544675
1,3370,227.855960
1,3371,211.669354
1,3372,67.215149
1,3373,57.666230
1,3374,371.056768
1,3375,233.485711
1,3376,275.114670
1,3377,372.575940
1,3378,380.257719
1,3379,308.838009
1,3380,286.579189
1,3381,57.539119
1,3382,289.605418
1,3383,363.452522
1,3384,486.400689
1,3385,386.681257
1,3386,285.011931
1,3387,401.231646
1,3388,62.785117
1,3389,390.956036
1,3390,381.237511
1,3391,357.151436
1,3392,401.310484
1,3393,278.114806
1,3394,236.088674
1,3395,367.323978
1,3396,82.656987
1,3397,156.185943
1,3398,362.456888
1,3399,375.517553
1,3400,423.888198
1,3401,315.385861
1,3402,349.310862
1,3403,326.748617
1,3404,84.364587
1,3405,87.195119
1,3406,443.226466
1,3407,126.217201
1,3408,354.433104
1,3409,405.939382
1,3410,110.028544
1,3411,371.955672
1,3412,92.120918
1,3413,181.332327
1,3414,156.064238
1,3415,334.433938
1,3416,309.347009
1,3417,122.641714
1,3418,255.466455
1,3419,83.478544
1,3420,217.908935
1,3421,230.107040
1,3422,67.064183
1,3423,61.645785
1,3424,357.890799
1,3425,239.093842
1,3426,75.335477
1,3427,367.030805
1,3428,289.361448
1,3429,340.207200
1,3430,113.709148
1,3431,241.626541
1,3432,70.574250
1,3433,393.547443
1,3434,192.397250
1,3435,307.576413
1,3436,299.258523
1,3437,327.175983
1,3438,305.753444
1,3439,464.308305
1,3440,309.629186
1,3441,426.899516
1,3442,363.555217
1,3443,439.625259
1,3444,176.724862
1,3445,206.976155
1,3446,115.596790
1,3447,417.024061
1,3448,376.189075
1,3449,81.536293
1,3450,249.377839
1,3451,69.153300
1,3452,211.624809
1,3453,145.873431
1,3454,154.488780
1,3455,100.011628
1,3456,360.754320
1,3457,89.211921
1,3458,351.636866
1,3459,78.181851
1,3460,82.932827
1,3461,347.174963
1,3462,314.876302
1,3463,366.059586
1,3464,285.470236
1,3465,116.876279
1,3466,153.738606
1,3467,261.502325
1,3468,277.982664
1,3469,42.943254
1,3470,298.111363
1,3471,71.733898
1,3472,66.350726
1,3473,436.861078
1,3474,116.098335
1,3475,350.004190
1,3476,328.779585
1,3477,79.549683
1,3478,274.022492
1,3479,294.583589
1,3480,80.772700
1,3481,212.733762
1,3482,62.206598
1,3483,328.069109
1,3484,364.248359
1,3485,473.071267
1,3486,443.722605
1,3487,257.109754
1,3488,279.448158
1,3489,322.450727
1,3490,278.815589
1,3491,374.982646
1,3492,312.504448
1,3493,241.956804
1,3494,81.583446
1,3495,219.471533
1,3496,283.020476
1,3497,332.191617
1,3498,66.368245
1,3499,169.152860
1,3500,366.019328
1,3501,85.943587
1,3502,391.046429
1,3503,131.602796
1,3504,361.649682
1,3505,317.047985
1,3506,168.803586
1,3507,85.592822
1,3508,320.493007
1,3509,81.801137
1,3510,313.656268
1,3511,182.809004
1,3512,200.124692
1,3513,193.940465
1,3514,61.800852
1,3515,212.201464
1,3516,302.283820
1,3517,206.721002
1,3518,172.656404
1,3519,117.068995
1,3520,180.789406
1,3521,301.613789
1,3522,300.871630
1,3523,411.379400
1,3524,75.578888
1,3525,230.929529
1,3526,344.907109
1,3527,130.654875
1,3528,300.091635
1,3529,140.385141
1,3530,102.770963
1,3531,314.054373
1,3532,66.671856
1,3533,163.846475
1,3534,75.616164
1,3535,204.575412
1,3536,182.234586
1,3537,126.312067
1,3538,178.623873
1,3539,257.603471
1,3540,63.026477
1,3541,300.903873
1,3542,78.923824
1,3543,202.115961
1,3544,413.354081
1,3545,86.737000
1,3546,333.934629
1,3547,447.413647
1,3548,166.192795
1,3549,407.232849
1,3550,83.988662
1,3551,306.354142
1,3552,393.519114
1,3553,417.239701
1,3554,289.393878
1,3555,240.068602
1,3556,340.149982
1,3557,214.207271
1,3558,336.894135
1,3559,86.323985
1,3560,458.954953
1,3561,74.556788
1,3562,124.672495
1,3563,391.689063
1,3564,405.815999
1,3565,191.809785
1,3566,475.367078
1,3567,329.162779
1,3568,500.673374
1,3569,65.789540
1,3570,361.067249
1,3571,115.826968
1,3572,339.538101
1,3573,309.437030
1,3574,194.730151
1,3575,336.516159
1,3576,326.265897
1,3577,215.595418
1,3578,353.329743
1,3579,307.396557
1,3580,558.523233
1,3581,425.188188
1,3582,581.940769
1,3583,475.523822
1,3584,356.199973
1,3585,81.797036
1,3586,364.230839
1,3587,285.686995
1,3588,474.755570
1,3589,441.850619
1,3590,70.996025
1,3591,428.946699
1,3592,349.836822
1,3593,422.733210
1,3594,469.290577
1,3595,555.725132
1,3596,286.024340
1,3597,328.891784
1,3598,346.338869
1,3599,141.685690
1,3600,380.085319
1,3601,340.937059
1,3602,130.905181
1,3603,176.326944
1,3604,63.305859
1,3605,94.051800
1,3606,220.146410
1,3607,196.258641
1,3608,202.398324
1,3609,90.644241
1,3610,72.854220
1,3611,64.863238
1,3612,111.396749
1,3613,205.385786
1,3614,222.196761
1,3615,54.990952
1,3616,183.698962
1,3617,75.199980
1,3618,301.920009
1,3619,62.647756
1,3620,250.906703
1,3621,66.843138
1,3622,188.991927
1,3623,80.557432
1,3624,263.507572
1,3625,73.962054
1,3626,160.435002
1,3627,113.702998
1,3628,314.685637
1,3629,211.419793
1,3630,311.674132
1,3631,216.111687
1,3632,69.970384
1,3633,160.455876
1,3634,72.316145
1,3635,300.978425
1,3636,378.115298
1,3637,66.461994
1,3638,358.652529
1,3639,181.934702
1,3640,64.770981
1,3641,137.358353
1,3642,94.933371
1,3643,110.727837
1,3644,83.835831
1,3645,256.476813
1,3646,88.588299
1,3647,83.668836
1,3648,348.946492
1,3649,299.759695
1,3650,93.297899
1,3651,197.840995
1,3652,78.232732
1,3653,368.146280
1,3654,160.728548
1,3655,180.921921
1,3656,109.279675
1,3657,108.767134
1,3658,286.123120
1,3659,72.318381
1,3660,306.381540
1,3661,165.546621
1,3662,116.019124
1,3663,258.910544
1,3664,290.983315
1,3665,338.594653
1,3666,358.119300
1,3667,59.841268
1,3668,83.157600
1,3669,59.841268
1,3670,327.513515
1,3671,374.072933
1,3672,345.541914
1,3673,82.731352
1,3674,243.075821
1,3675,81.282631
1,3676,365.667073
1,3677,291.081536
1,3678,279.457104
1,3679,322.654253
1,3680,70.811697
1,3681,248.785901
1,3682,902.607154
1,3683,210.036677
1,3684,69.097573
1,3685,302.193054
1,3686,208.491599
1,3687,295.660485
1,3688,232.329791
1,3689,35.168286
1,3690,211.069960
1,3691,87.706169
1,3692,252.916236
1,3693,144.493484
1,3694,291.608056
1,3695,364.445920
1,3696,86.656858
1,3697,404.120886
1,3698,215.478000
1,3699,81.885939
1,3700,157.303469
1,3701,238.272099
1,3702,81.244424
1,3703,180.116020
1,3704,271.428847
1,3705,75.406301
1,3706,195.402045
1,3707,476.428877
1,3708,367.047579
1,3709,298.769652
1,3710,266.202047
1,3711,59.055123
1,3712,226.574048
1,3713,71.484151
1,3714,292.325613
1,3715,294.844519
1,3716,326.831556
1,3717,329.324369
1,3718,365.751875
1,3719,110.651235
1,3720,242.492642
1,3721,202.279415
1,3722,95.354400
1,3723,295.099113
1,3724,255.381279
1,3725,102.740396
1,3726,145.174697
1,3727,74.271069
1,3728,180.669006
1,3729,189.013361
1,3730,97.161340
1,3731,177.264987
1,3732,79.052798
1,3733,171.205261
1,3734,140.939617
1,3735,318.977563
1,3736,103.707701
1,3737,237.815844
1,3738,373.034618
1,3739,75.520551
1,3740,190.299186
1,3741,387.390800
1,3742,80.885831
1,3743,237.868217
1,3744,203.030893
1,3745,396.788753
1,3746,84.529532
1,3747,197.030062
1,3748,255.451731
1,3749,73.966527
1,3750,149.404932
1,3751,225.771875
1,3752,337.644309
1,3753,336.753605
1,3754,94.061865
1,3755,262.178133
1,3756,82.109966
1,3757,157.310552
1,3758,350.976341
1,3759,71.997810
1,3760,337.314232
1,3761,68.541233
1,3762,188.034687
1,3763,74.633949
1,3764,412.744809
1,3765,79.017386
1,3766,75.737496
1,3767,319.398219
1,3768,342.181881
1,3769,361.071723
1,3770,242.629817
1,3771,58.720200
1,3772,324.816617
1,3773,264.510848
1,3774,375.376092
1,3775,239.142674
1,3776,376.707394
1,3777,497.853094
1,3778,468.031963
1,3779,65.087079
1,3780,406.615936
1,3781,74.372459
1,3782,531.394900
1,3783,115.679915
1,3784,406.572883
1,3785,254.286492
1,3786,448.477496
1,3787,67.115250
1,3788,248.411094
1,3789,454.207146
1,3790,77.723919
1,3791,585.796196
1,3792,548.431952
1,3793,581.280057
1,3794,41.980422
1,3795,455.663694
1,3796,542.008787
1,3797,530.287625
1,3798,131.801476
1,3799,494.116390
1,3800,416.260655
1,3801,221.364208
1,3802,78.933889
1,3803,427.048433
1,3804,440.340580
1,3805,399.118485
1,3806,81.846054
1,3807,460.937649
1,3808,125.951238
1,3809,321.959620
1,3810,492.142827
1,3811,302.656391
1,3812,555.273723
1,3813,96.763422
1,3814,452.699529
1,3815,617.800752
1,3816,110.572024
1,3817,336.975769
1,3818,629.959717
1,3819,444.579760
1,3820,601.914588
1,3821,436.448063
1,3822,82.380215
1,3823,441.422135
1,3824,283.877259
1,3825,232.534808
1,3826,236.239082
1,3827,457.085017
1,3828,45.035354
1,3829,450.019406
1,3830,309.299482
1,3831,76.273521
1,3832,351.354876
1,3833,427.482136
1,3834,146.087766
1,3835,449.337633
1,3836,352.456373
1,3837,346.963796
1,3838,64.073552
1,3839,235.906396
1,3840,189.968551
1,3841,242.773887
1,3842,70.946262
1,3843,439.590406
1,3844,151.997085
1,3845,88.740570
1,3846,66.939123
1,3847,481.546273
1,3848,87.884533
1,3849,108.382635
1,3850,212.046211
1,3851,448.876532
1,3852,794.853873
1,3853,607.869756
1,3854,100.444026
1,3855,692.848135
1,3856,104.632698
1,3857,255.858781
1,3858,237.234716
1,3859,505.981250
1,3860,140.672536
1,3861,643.280567
1,3862,73.547734
1,3863,472.721993
1,3864,265.582152
1,3865,459.384742
1,3866,66.519585
1,3867,276.755920
1,3868,205.180211
1,3869,564.751819
1,3870,64.678723
1,3871,492.634307
1,3872,268.478661
1,3873,348.582122
1,3874,471.189589
1,3875,460.092981
1,3876,113.326327
1,3877,247.299159
1,3878,453.581473
1,3879,36.224307
1,3880,442.967213
1,3881,409.223745
1,3882,455.233346
1,3883,449.448528
1,3884,92.177018
1,3885,446.021772
1,3886,392.503164
1,3887,292.344810
1,3888,528.995462
1,3889,52.770810
1,3890,159.451296
1,3891,478.572789
1,3892,87.725552
1,3893,198.022901
1,3894,483.230949
1,3895,513.285426
1,3896,463.185933
1,3897,310.031018
1,3898,358.872269
1,3899,109.061985
1,3900,390.927706
1,3901,346.656831
1,3902,62.017237
1,3903,362.896182
1,3904,74.614192
1,3905,477.492166
1,3906,246.255998
1,3907,509.576306
1,3908,75.480853
1,3909,249.445122
1,3910,516.256673
1,3911,689.082169
1,3912,273.711985
1,3913,435.902533
1,3914,113.566755
1,3915,441.235383
1,3916,66.138440
1,3917,284.101845
1,3918,528.088358
1,3919,223.877337
1,3920,67.675504
1,3921,430.693066
1,3922,266.912708
1,3923,526.506563
1,3924,68.261292
1,3925,388.116185
1,3926,575.547611
1,3927,107.523057
1,3928,260.631937
1,3929,230.990102
1,3930,53.851247
1,3931,581.908339
1,3932,515.821106
1,3933,96.359167
1,3934,677.878208
1,3935,550.851146
1,3936,444.609581
1,3937,83.809552
1,3938,182.448735
1,3939,469.869655
1,3940,471.489472
1,3941,533.530985
1,3942,72.359198
1,3943,575.850290
1,3944,558.783977
1,3945,98.430206
1,3946,502.878046
1,3947,334.084478
1,3948,58.552646
1,3949,448.289999
1,3950,279.341550
1,3951,367.003221
1,3952,145.158296
1,3953,157.032102
1,3954,321.079913
1,3955,70.700429
1,3956,505.206474
1,3957,418.833797
1,3958,459.767005
1,3959,455.762661
1,3960,51.026866
1,3961,539.138184
1,3962,72.229292
1,3963,56.879712
1,3964,471.095281
1,3965,420.658816
1,3966,78.936311
1,3967,281.190239
1,3968,308.122129
1,3969,420.102662
1,3970,116.796882
1,3971,66.003316
1,3972,429.010813
1,3973,471.412497
1,3974,411.310067
1,3975,87.801781
1,3976,411.727369
1,3977,86.026898
1,3978,422.417671
1,3979,496.992211
1,3980,386.773514
1,3981,168.849063
1,3982,419.713504
1,3983,108.117605
1,3984,89.845236
1,3985,334.906407
1,3986,140.048914
1,3987,438.338128
1,3988,418.457685
1,3989,445.751150
1,3990,118.357989
1,3991,474.661821
1,3992,357.020225
1,3993,496.826707
1,3994,357.357198
1,3995,120.744753
1,3996,491.965022
1,3997,207.703777
1,3998,466.885921
1,3999,62.382539
1,4000,288.050461
1,4001,440.244036
1,4002,257.770466
1,4003,492.874922
1,4004,422.801611
1,4005,150.320982
1,4006,456.362055
1,4007,430.530544
1,4008,115.142586
1,4009,424.071221
1,4010,635.239263
1,4011,167.213591
1,4012,706.681898
1,4013,262.115137
1,4014,216.901746
1,4015,393.980028
1,4016,187.483006
1,4017,406.774172
1,4018,141.653074
1,4019,448.856403
1,4020,55.296426
1,4021,482.424675
1,4022,386.440456
1,4023,81.491189
1,4024,416.660809
1,4025,112.093992
1,4026,459.130895
1,4027,184.468333
1,4028,287.711252
1,4029,371.191520
1,4030,169.358435
1,4031,146.200339
1,4032,458.966695
1,4033,316.324091
1,4034,504.191829
1,4035,465.102278
1,4036,448.762096
1,4037,105.437108
1,4038,436.570700
1,4039,271.004650
1,4040,302.664405
1,4041,222.339713
1,4042,114.497343
1,4043,466.817706
1,4044,485.365543
1,4045,469.436698
1,4046,60.462281
1,4047,570.230044
1,4048,469.368111
1,4049,57.683563
1,4050,220.460085
1,4051,554.225716
1,4052,91.057069
1,4053,459.667106
1,4054,61.200154
1,4055,323.285890
1,4056,59.693097
1,4057,495.923889
1,4058,457.833514
1,4059,269.769705
1,4060,154.448709
1,4061,331.013891
1,4062,468.677578
1,4063,414.186634
1,4064,428.552508
1,4065,228.825501
1,4066,431.227786
1,4067,134.019008
1,4068,452.174874
1,4069,459.018695
1,4070,102.878689
1,4071,411.843482
1,4072,334.532905
1,4073,527.045942
1,4074,144.002749
1,4075,458.976014
1,4076,500.317764
1,4077,144.611275
1,4078,83.318631
1,4079,448.953320
1,4080,84.403354
1,4081,194.441077
1,4082,482.401937
1,4083,232.705344
1,4084,456.499229
1,4085,318.764346
1,4086,215.286589
1,4087,276.177028
1,4088,390.038121
1,4089,85.247463
1,4090,47.497787
1,4091,309.975105
1,4092,372.958016
1,4093,95.646269
1,4094,400.885913
1,4095,73.306933
1,4096,459.796080
1,4097,417.485348
1,4098,154.941680
1,4099,222.646120
1,4100,61.943991
1,4101,391.384334
1,4102,402.611220
1,4103,136.267665
1,4104,428.149930
1,4105,309.437775
1,4106,486.035015
1,4107,78.093135
1,4108,395.625564
1,4109,462.485336
1,4110,441.900755
1,4111,258.944092
1,4112,46.410268
1,4113,665.302500
1,4114,279.409764
1,4115,80.452501
1,4116,299.066367
1,4117,274.577713
1,4118,351.220310
1,4119,70.265421
1,4120,224.700198
1,4121,429.395498
1,4122,511.372995
1,4123,129.295429
1,4124,493.290173
1,4125,57.336526
1,4126,241.332063
1,4127,334.554152
1,4128,73.142361
1,4129,289.839323
1,4130,78.048218
1,4131,436.419547
1,4132,151.757775
1,4133,526.510104
1,4134,201.452267
1,4135,177.729070
1,4136,376.950618
1,4137,59.792809
1,4138,248.609773
1,4139,78.293119
1,4140,399.507271
1,4141,54.637578
1,4142,325.790631
1,4143,60.828888
1,4144,420.567304
1,4145,106.883592
1,4146,64.577706
1,4147,189.509873
1,4148,293.498493
1,4149,172.154114
1,4150,197.412511
1,4151,495.509756
1,4152,59.827848
1,4153,431.470264
1,4154,380.713788
1,4155,57.621126
1,4156,320.236550
1,4157,89.685323
1,4158,88.481877
1,4159,444.128165
1,4160,56.952586
1,4161,50.851111
1,4162,354.301707
1,4163,48.378985
1,4164,285.788757
1,4165,148.466888
1,4166,47.596195
1,4167,393.724689
1,4168,438.234129
1,4169,286.691762
1,4170,265.006055
1,4171,298.781767
1,4172,449.882231
1,4173,56.877848
1,4174,500.493892
1,4175,363.544221
1,4176,59.873325
1,4177,417.818779
1,4178,448.743458
1,4179,428.084325
1,4180,116.166550
1,4181,289.292115
1,4182,98.312042
1,4183,435.266982
1,4184,240.695953
1,4185,112.477931
1,4186,336.534051
1,4187,59.015424
1,4188,275.783210
1,4189,101.401639
1,4190,97.437740
1,4191,284.935703
1,4192,177.756281
1,4193,249.137970
1,4194,52.122213
1,4195,208.668845
1,4196,76.942620
1,4197,257.013024
1,4198,58.660932
1,4199,226.247326
1,4200,78.432903
1,4201,264.242649
1,4202,78.453405
1,4203,65.241773
1,4204,188.190872
1,4205,272.665842
1,4206,215.137859
1,4207,298.018733
1,4208,315.560125
1,4209,104.048774
1,4210,497.159393
1,4211,691.960227
1,4212,66.901102
1,4213,139.847811
1,4214,295.177951
1,4215,48.590898
1,4216,448.353181
1,4217,56.997690
1,4218,462.033368
1,4219,425.280818
1,4220,57.013159
1,4221,266.059840
1,4222,345.852980
1,4223,79.487619
1,4224,278.638903
1,4225,120.604596
1,4226,97.469238
1,4227,418.454703
1,4228,77.621411
1,4229,87.707660
1,4230,466.836344
1,4231,57.674430
1,4232,293.018382
1,4233,210.206468
1,4234,86.166309
1,4235,376.859851
1,4236,340.713218
1,4237,55.582517
1,4238,427.731324
1,4239,418.998369
1,4240,82.027587
1,4241,320.004136
1,4242,384.014738
1,4243,408.914729
1,4244,279.572100
1,4245,253.825950
1,4246,283.614651
1,4247,448.232035
1,4248,53.565901
1,4249,441.574965
1,4250,57.961267
1,4251,43.750087
1,4252,264.741398
1,4253,61.045832
1,4254,111.913204
1,4255,268.926156
1,4256,276.296869
1,4257,400.114679
1,4258,120.305645
1,4259,107.932531
1,4260,281.237765
1,4261,196.933145
1,4262,182.158916
1,4263,451.489373
1,4264,101.441524
1,4265,102.546563
1,4266,334.444748
1,4267,522.254895
1,4268,251.003992
1,4269,73.602157
1,4270,282.615662
1,4271,69.517857
1,4272,424.662973
1,4273,239.109312
1,4274,429.340889
1,4275,246.751579
1,4276,350.063458
1,4277,51.077002
1,4278,272.382547
1,4279,311.292242
1,4280,50.693807
1,4281,342.635340
1,4282,83.320122
1,4283,237.187749
1,4284,387.265740
1,4285,400.289315
1,4286,233.079965
1,4287,38.351632
1,4288,438.011780
1,4289,248.798575
1,4290,48.712230
1,4291,317.047985
1,4292,391.202615
1,4293,46.071619
1,4294,343.864507
1,4295,42.782223
1,4296,435.193549
1,4297,65.949266
1,4298,408.001102
1,4299,119.421092
1,4300,297.456615
1,4301,329.856294
1,4302,301.556198
1,4303,299.041579
1,4304,59.558345
1,4305,410.187695
1,4306,61.661627
1,4307,235.981320
1,4308,144.153156
1,4309,98.948152
1,4310,430.900505
1,4311,93.172839
1,4312,300.702398
1,4313,517.883012
1,4314,39.925040
1,4315,468.885949
1,4316,51.869670
1,4317,80.871480
1,4318,420.918628
1,4319,96.972352
1,4320,40.049727
1,4321,284.735532
1,4322,354.018971
1,4323,96.365317
1,4324,272.662301
1,4325,364.446293
1,4326,394.856194
1,4327,273.695584
1,4328,75.027021
1,4329,305.404170
1,4330,205.306575
1,4331,58.201695
1,4332,320.208034
1,4333,310.152724
1,4334,82.509748
1,4335,326.275775
1,4336,211.186633
1,4337,65.653670
1,4338,197.771103
1,4339,344.942707
1,4340,62.437521
1,4341,251.692661
1,4342,396.293173
1,4343,59.104886
1,4344,239.023019
1,4345,232.037363
1,4346,349.231465
1,4347,64.257135
1,4348,261.209897
1,4349,345.500165
1,4350,70.977387
1,4351,64.293479
1,4352,340.283243
1,4353,432.326115
1,4354,79.915917
1,4355,92.513618
1,4356,271.935797
1,4357,276.290719
1,4358,143.209894
1,4359,137.659540
1,4360,331.854645
1,4361,105.538871
1,4362,80.821717
1,4363,248.741729
1,4364,474.164004
1,4365,250.082537
1,4366,424.767905
1,4367,119.328462
1,4368,409.832830
1,4369,420.443735
1,4370,123.455257
1,4371,439.810892
1,4372,51.806674
1,4373,268.969955
1,4374,409.991252
1,4375,269.073581
1,4376,335.848737
1,4377,50.281165
1,4378,399.091088
1,4379,313.989513
1,4380,78.368043
1,4381,203.002191
1,4382,293.388344
1,4383,54.051790
1,4384,395.853319
1,4385,60.394253
1,4386,430.417971
1,4387,251.383832
1,4388,474.441335
1,4389,465.790760
1,4390,62.050040
1,4391,375.801967
1,4392,255.350341
1,4393,445.892611
1,4394,260.927906
1,4395,223.161643
1,4396,398.232814
1,4397,98.072172
1,4398,370.858275
1,4399,115.759872
1,4400,459.108902
1,4401,378.403625
1,4402,147.122912
1,4403,380.501316
1,4404,150.476981
1,4405,374.537388
1,4406,160.976245
1,4407,432.938555
1,4408,293.658220
1,4409,66.858421
1,4410,310.432664
1,4411,302.528535
1,4412,470.571744
1,4413,87.692750
1,4414,311.028703
1,4415,104.763163
1,4416,305.940381
1,4417,92.052890
1,4418,287.238037
1,4419,442.007363
1,4420,86.645302
1,4421,428.853509
1,4422,329.894688
1,4423,416.235121
1,4424,160.661825
1,4425,473.086363
1,4426,279.678895
1,4427,94.182824
1,4428,209.244009
1,4429,624.444589
1,4430,273.458696
1,4431,76.605647
1,4432,94.161950
1,4433,51.924838
1,4434,367.475504
1,4435,60.185882
1,4436,235.745738
1,4437,255.321638
1,4438,320.547988
1,4439,300.267204
1,4440,350.824442
1,4441,62.348059
1,4442,114.107253
1,4443,250.889370
1,4444,118.430863
1,4445,251.175647
1,4446,190.585464
1,4447,213.305757
1,4448,327.785441
1,4449,491.532810
1,4450,96.958747
1,4451,231.216366
1,4452,318.214342
1,4453,315.575408
1,4454,223.817882
1,4455,87.879687
1,4456,175.143440
1,4457,178.741106
1,4458,81.775789
1,4459,44.500447
1,4460,323.113490
1,4461,115.378168
1,4462,216.332173
1,4463,479.308798
1,4464,33.673716
1,4465,382.836267
1,4466,154.089184
1,4467,410.157688
1,4468,85.508393
1,4469,201.120885
1,4470,80.831782
1,4471,354.380173
1,4472,174.987814
1,4473,373.056797
1,4474,362.955078
1,4475,95.080051
1,4476,42.889577
1,4477,296.076109
1,4478,93.696935
1,4479,184.839226
1,4480,175.866589
1,4481,261.024450
1,4482,240.662777
1,4483,71.119221
1,4484,239.458026
1,4485,129.469320
1,4486,260.097217
1,4487,215.903502
1,4488,94.900195
1,4489,395.616246
1,4490,86.085421
1,4491,186.751097
1,4492,81.524551
1,4493,318.879155
1,4494,190.286699
1,4495,254.328613
1,4496,86.804842
1,4497,197.206004
1,4498,156.616105
1,4499,344.216203
1,4500,91.849924
1,4501,351.819704
1,4502,96.368299
1,4503,302.290530
1,4504,309.240773
1,4505,289.807825
1,4506,73.645397
1,4507,95.268107
1,4508,59.164341
1,4509,341.602990
1,4510,94.251039
1,4511,399.374569
1,4512,325.916064
1,4513,337.722960
1,4514,109.112121
1,4515,314.397868
1,4516,74.172848
1,4517,227.217986
1,4518,331.118822
1,4519,330.418784
1,4520,366.579955
1,4521,88.396142
1,4522,72.084103
1,4523,356.227371
1,4524,666.017262
1,4525,684.630517
1,4526,389.453265
1,4527,380.127627
1,4528,253.385351
1,4529,55.062894
1,4530,299.048847
1,4531,92.310092
1,4532,305.301103
1,4533,188.662223
1,4534,306.101972
1,4535,131.089696
1,4536,110.417703
1,4537,212.388961
1,4538,75.114432
1,4539,202.119129
1,4540,352.483398
1,4541,89.494844
1,4542,395.636188
1,4543,78.671281
1,4544,216.532157
1,4545,499.135005
1,4546,362.996454
1,4547,308.407102
1,4548,231.932805
1,4549,97.770239
1,4550,175.694002
1,4551,108.587092
1,4552,184.869419
1,4553,296.194646
1,4554,422.790801
1,4555,193.540496
1,4556,357.531648
1,4557,91.606886
1,4558,140.331464
1,4559,206.678881
1,4560,272.645340
1,4561,99.703358
1,4562,262.587793
1,4563,116.584970
1,4564,152.993651
1,4565,53.109273
1,4566,191.835505
1,4567,293.609202
1,4568,348.147673
1,4569,311.960968
1,4570,304.142201
1,4571,199.491191
1,4572,80.807739
1,4573,280.077000
1,4574,359.378100
1,4575,588.424879
1,4576,101.171462
1,4577,322.012365
1,4578,68.233708
1,4579,281.118110
1,4580,262.994285
1,4581,74.342080
1,4582,174.678053
1,4583,341.428539
1,4584,272.383665
1,4585,337.182649
1,4586,335.393228
1,4587,361.060913
1,4588,441.941385
1,4589,71.247450
1,4590,129.248462
1,4591,360.358452
1,4592,127.307888
1,4593,189.395809
1,4594,143.542021
1,4595,53.974443
1,4596,243.259031
1,4597,54.455300
1,4598,227.357956
1,4599,197.633183
1,4600,215.547892
1,4601,240.148186
1,4602,298.631359
1,4603,61.049187
1,4604,230.766820
1,4605,95.041098
1,4606,328.887498
1,4607,68.330066
1,4608,299.900411
1,4609,107.921162
1,4610,324.816431
1,4611,368.745301
1,4612,60.998492
1,4613,454.139490
1,4614,335.097073
1,4615,477.370088
1,4616,494.691367
1,4617,364.162811
1,4618,74.572816
1,4619,232.159814
1,4620,65.483879
1,4621,335.965410
1,4622,372.556929
1,4623,70.950549
1,4624,168.950453
1,4625,279.901617
1,4626,122.025919
1,4627,214.811324
1,4628,119.925619
1,4629,778.107199
1,4630,73.137888
1,4631,337.689039
1,4632,119.893748
1,4633,254.766417
1,4634,53.463020
1,4635,189.709857
1,4636,342.681376
1,4637,368.902977
1,4638,96.538090
1,4639,52.521622
1,4640,326.157984
1,4641,86.721904
1,4642,403.484217
1,4643,100.688368
1,4644,187.674976
1,4645,472.749577
1,4646,59.626000
1,4647,377.323748
1,4648,58.873776
1,4649,271.113122
1,4650,221.080726
1,4651,219.894799
1,4652,268.508668
1,4653,274.944506
1,4654,163.377547
1,4655,225.349914
1,4656,375.393425
1,4657,61.614846
1,4658,149.662507
1,4659,228.571840
1,4660,204.655182
1,4661,172.043219
1,4662,128.935719
1,4663,348.000620
1,4664,208.570623
1,4665,51.665026
1,4666,201.780852
1,4667,165.819293
1,4668,272.278361
1,4669,77.249026
1,4670,68.705432
1,4671,356.720901
1,4672,166.422041
1,4673,162.522815
1,4674,241.352937
1,4675,280.619920
1,4676,223.078518
1,4677,398.818975
1,4678,82.649159
1,4679,156.783659
1,4680,63.181731
1,4681,157.511095
1,4682,65.265443
1,4683,247.433352
1,4684,68.387657
1,4685,71.328711
1,4686,261.025755
1,4687,286.337642
1,4688,345.943187
1,4689,299.376314
1,4690,153.238925
1,4691,339.943288
1,4692,89.337168
1,4693,262.385573
1,4694,102.829299
1,4695,207.283493
1,4696,230.547453
1,4697,523.089312
1,4698,155.016977
1,4699,235.592907
1,4700,324.976157
1,4701,211.975760
1,4702,305.029177
1,4703,254.639493
1,4704,228.216789
1,4705,227.217427
1,4706,61.801225
1,4707,296.744649
1,4708,65.174118
1,4709,230.243469
1,4710,310.416636
1,4711,307.083628
1,4712,84.167958
1,4713,382.377216
1,4714,306.932288
1,4715,234.466062
1,4716,269.464604
1,4717,398.947203
1,4718,115.474340
1,4719,72.404302
1,4720,109.283403
1,4721,263.711470
1,4722,260.066837
1,4723,311.431467
1,4724,235.390686
1,4725,470.715814
1,4726,282.111135
1,4727,165.978833
1,4728,359.556092
1,4729,79.288567
1,4730,319.564469
1,4731,333.656925
1,4732,320.178586
1,4733,359.260682
1,4734,367.137600
1,4735,100.863378
1,4736,265.054700
1,4737,368.581288
1,4738,142.341929
1,4739,259.471171
1,4740,356.119830
1,4741,367.172825
1,4742,346.349306
1,4743,337.803476
1,4744,133.869159
1,4745,330.845964
1,4746,275.846765
1,4747,370.762849
1,4748,95.809909
1,4749,141.326725
1,4750,299.634822
1,4751,348.757131
1,4752,321.544368
1,4753,63.485528
1,4754,382.117218
1,4755,82.243972
1,4756,436.992662
1,4757,483.147079
1,4758,414.537585
1,4759,33.245418
1,4760,68.247128
1,4761,326.933318
1,4762,60.310569
1,4763,308.531975
1,4764,161.121434
1,4765,208.682078
1,4766,139.717160
1,4767,204.753217
1,4768,157.447167
1,4769,138.107781
1,4770,82.297835
1,4771,163.398608
1,4772,229.547905
1,4773,105.943685
1,4774,188.387129
1,4775,264.527994
1,4776,180.355144
1,4777,194.702939
1,4778,319.134866
1,4779,345.411077
1,4780,222.875552
1,4781,188.657750
1,4782,109.334470
1,4783,116.366907
1,4784,265.985475
1,4785,284.842327
1,4786,82.488873
1,4787,282.205629
1,4788,87.048253
1,4789,182.631758
1,4790,78.215772
1,4791,146.751833
1,4792,316.618196
1,4793,351.333442
1,4794,274.264225
1,4795,318.496706
1,4796,223.114489
1,4797,108.640769
1,4798,357.620178
1,4799,303.099599
1,4800,210.534867
1,4801,265.243502
1,4802,309.545875
1,4803,360.735682
1,4804,233.673953
1,4805,298.276681
1,4806,88.109492
1,4807,367.824591
1,4808,80.670750
1,4809,334.722452
1,4810,91.194989
1,4811,191.027740
1,4812,279.987724
1,4813,337.111266
1,4814,63.405944
1,4815,221.159378
1,4816,683.051331
1,4817,752.805003
1,4818,250.099124
1,4819,224.999336
1,4820,64.883367
1,4821,349.453255
1,4822,281.152777
1,4823,336.544675
1,4824,227.855960
1,4825,211.669354
1,4826,67.215149
1,4827,57.666230
1,4828,371.056768
1,4829,233.485711
1,4830,275.114670
1,4831,372.575940
1,4832,380.257719
1,4833,308.838009
1,4834,286.579189
1,4835,57.539119
1,4836,289.605418
1,4837,363.452522
1,4838,486.400689
1,4839,386.681257
1,4840,285.011931
1,4841,401.231646
1,4842,62.785117
1,4843,390.956036
1,4844,381.237511
1,4845,357.151436
1,4846,401.310484
1,4847,278.114806
1,4848,236.088674
1,4849,367.323978
1,4850,82.656987
1,4851,156.185943
1,4852,362.456888
1,4853,375.517553
1,4854,423.888198
1,4855,315.385861
1,4856,349.310862
1,4857,326.748617
1,4858,84.364587
1,4859,87.195119
1,4860,443.226466
1,4861,126.217201
1,4862,354.433104
1,4863,405.939382
1,4864,110.028544
1,4865,371.955672
1,4866,92.120918
1,4867,181.332327
1,4868,156.064238
1,4869,334.433938
1,4870,309.347009
1,4871,122.641714
1,4872,255.466455
1,4873,83.478544
1,4874,217.908935
1,4875,230.107040
1,4876,67.064183
1,4877,61.645785
1,4878,357.890799
1,4879,239.093842
1,4880,75.335477
1,4881,367.030805
1,4882,289.361448
1,4883,340.207200
1,4884,113.709148
1,4885,241.626541
1,4886,70.574250
1,4887,393.547443
1,4888,192.397250
1,4889,307.576413
1,4890,299.258523
1,4891,327.175983
1,4892,305.753444
1,4893,464.308305
1,4894,309.629186
1,4895,426.899516
1,4896,363.555217
1,4897,439.625259
1,4898,176.724862
1,4899,206.976155
1,4900,115.596790
1,4901,417.024061
1,4902,376.189075
1,4903,81.536293
1,4904,249.377839
1,4905,69.153300
1,4906,211.624809
1,4907,145.873431
1,4908,154.488780
1,4909,100.011628
1,4910,360.754320
1,4911,89.211921
1,4912,351.636866
1,4913,78.181851
1,4914,82.932827
1,4915,347.174963
1,4916,314.876302
1,4917,366.059586
1,4918,285.470236
1,4919,116.876279
1,4920,153.738606
1,4921,261.502325
1,4922,277.982664
1,4923,42.943254
1,4924,298.111363
1,4925,71.733898
1,4926,66.350726
1,4927,436.861078
1,4928,116.098335
1,4929,350.004190
1,4930,328.779585
1,4931,79.549683
1,4932,274.022492
1,4933,294.583589
1,4934,80.772700
1,4935,212.733762
1,4936,62.206598
1,4937,328.069109
1,4938,364.248359
1,4939,473.071267
1,4940,443.722605
1,4941,257.109754
1,4942,279.448158
1,4943,322.450727
1,4944,278.815589
1,4945,374.982646
1,4946,312.504448
1,4947,241.956804
1,4948,81.583446
1,4949,219.471533
1,4950,283.020476
1,4951,332.191617
1,4952,66.368245
1,4953,169.152860
1,4954,366.019328
1,4955,85.943587
1,4956,391.046429
1,4957,131.602796
1,4958,361.649682
1,4959,317.047985
1,4960,168.803586
1,4961,85.592822
1,4962,320.493007
1,4963,81.801137
1,4964,313.656268
1,4965,182.809004
1,4966,200.124692
1,4967,193.940465
1,4968,61.800852
1,4969,212.201464
1,4970,302.283820
1,4971,206.721002
1,4972,172.656404
1,4973,117.068995
1,4974,180.789406
1,4975,301.613789
1,4976,300.871630
1,4977,411.379400
1,4978,75.578888
1,4979,230.929529
1,4980,344.907109
1,4981,130.654875
1,4982,300.091635
1,4983,140.385141
1,4984,102.770963
1,4985,314.054373
1,4986,66.671856
1,4987,163.846475
1,4988,75.616164
1,4989,204.575412
1,4990,182.234586
1,4991,126.312067
1,4992,178.623873
1,4993,257.603471
1,4994,63.026477
1,4995,300.903873
1,4996,78.923824
1,4997,202.115961
1,4998,413.354081
1,4999,86.737000
1,5000,333.934629
1,5001,447.413647
1,5002,166.192795
1,5003,407.232849
1,5004,83.988662
1,5005,306.354142
1,5006,393.519114
1,5007,417.239701
1,5008,289.393878
1,5009,240.068602
1,5010,340.149982
1,5011,214.207271
1,5012,336.894135
1,5013,86.323985
1,5014,458.954953
1,5015,74.556788
1,5016,124.672495
1,5017,391.689063
1,5018,405.815999
1,5019,191.809785
1,5020,475.367078
1,5021,329.162779
1,5022,500.673374
1,5023,65.789540
1,5024,361.067249
1,5025,115.826968
1,5026,339.538101
1,5027,309.437030
1,5028,194.730151
1,5029,336.516159
1,5030,326.265897
1,5031,215.595418
1,5032,353.329743
1,5033,307.396557
1,5034,558.523233
1,5035,425.188188
1,5036,581.940769
1,5037,475.523822
1,5038,356.199973
1,5039,81.797036
1,5040,364.230839
1,5041,285.686995
1,5042,474.755570
1,5043,441.850619
1,5044,70.996025
1,5045,428.946699
1,5046,349.836822
1,5047,422.733210
1,5048,469.290577
1,5049,555.725132
1,5050,286.024340
1,5051,328.891784
1,5052,346.338869
1,5053,141.685690
1,5054,380.085319
1,5055,340.937059
1,5056,130.905181
1,5057,176.326944
1,5058,63.305859
1,5059,94.051800
1,5060,220.146410
1,5061,196.258641
1,5062,202.398324
1,5063,90.644241
1,5064,72.854220
1,5065,64.863238
1,5066,111.396749
1,5067,205.385786
1,5068,222.196761
1,5069,54.990952
1,5070,183.698962
1,5071,75.199980
1,5072,301.920009
1,5073,62.647756
1,5074,250.906703
1,5075,66.843138
1,5076,188.991927
1,5077,80.557432
1,5078,263.507572
1,5079,73.962054
1,5080,160.435002
1,5081,113.702998
1,5082,314.685637
1,5083,211.419793
1,5084,311.674132
1,5085,216.111687
1,5086,69.970384
1,5087,160.455876
1,5088,72.316145
1,5089,300.978425
1,5090,378.115298
1,5091,66.461994
1,5092,358.652529
1,5093,181.934702
1,5094,64.770981
1,5095,137.358353
1,5096,94.933371
1,5097,110.727837
1,5098,83.835831
1,5099,256.476813
1,5100,88.588299
1,5101,83.668836
1,5102,348.946492
1,5103,299.759695
1,5104,93.297899
1,5105,197.840995
1,5106,78.232732
1,5107,368.146280
1,5108,160.728548
1,5109,180.921921
1,5110,109.279675
1,5111,108.767134
1,5112,286.123120
1,5113,72.318381
1,5114,306.381540
1,5115,165.546621
1,5116,116.019124
1,5117,258.910544
1,5118,290.983315
1,5119,338.594653
1,5120,358.119300
1,5121,59.841268
1,5122,83.157600
1,5123,59.841268
1,5124,327.513515
1,5125,374.072933
1,5126,345.541914
1,5127,82.731352
1,5128,243.075821
1,5129,81.282631
1,5130,365.667073
1,5131,291.081536
1,5132,279.457104
1,5133,322.654253
1,5134,70.811697
1,5135,248.785901
1,5136,902.607154
1,5137,210.036677
1,5138,69.097573
1,5139,302.193054
1,5140,208.491599
1,5141,295.660485
1,5142,232.329791
1,5143,35.168286
1,5144,211.069960
1,5145,87.706169
1,5146,252.916236
1,5147,144.493484
1,5148,291.608056
1,5149,364.445920
1,5150,86.656858
1,5151,404.120886
1,5152,215.478000
1,5153,81.885939
1,5154,157.303469
1,5155,238.272099
1,5156,81.244424
1,5157,180.116020
1,5158,271.428847
1,5159,75.406301
1,5160,195.402045
1,5161,476.428877
1,5162,367.047579
1,5163,298.769652
1,5164,266.202047
1,5165,59.055123
1,5166,226.574048
1,5167,71.484151
1,5168,292.325613
1,5169,294.844519
1,5170,326.831556
1,5171,329.324369
1,5172,365.751875
1,5173,110.651235
1,5174,242.492642
1,5175,202.279415
1,5176,95.354400
1,5177,295.099113
1,5178,255.381279
1,5179,102.740396
1,5180,145.174697
1,5181,74.271069
1,5182,180.669006
1,5183,189.013361
1,5184,97.161340
1,5185,177.264987
1,5186,79.052798
1,5187,171.205261
1,5188,140.939617
1,5189,318.977563
1,5190,103.707701
1,5191,237.815844
1,5192,373.034618
1,5193,75.520551
1,5194,190.299186
1,5195,387.390800
1,5196,80.885831
1,5197,237.868217
1,5198,203.030893
1,5199,396.788753
1,5200,84.529532
1,5201,197.030062
1,5202,255.451731
1,5203,73.966527
1,5204,149.404932
1,5205,225.771875
1,5206,337.644309
1,5207,336.753605
1,5208,94.061865
1,5209,262.178133
1,5210,82.109966
1,5211,157.310552
1,5212,350.976341
1,5213,71.997810
1,5214,337.314232
1,5215,68.541233
1,5216,188.034687
1,5217,74.633949
1,5218,412.744809
1,5219,79.017386
1,5220,75.737496
1,5221,319.398219
1,5222,342.181881
1,5223,361.071723
1,5224,526.498362
1,5225,26.472421
1,5226,362.523425
1,5227,231.659387
1,5228,316.833650
1,5229,106.189518
1,5230,258.659492
1,5231,435.095328
1,5232,76.582350
1,5233,395.292133
1,5234,383.999083
1,5235,234.321805
1,5236,339.739017
1,5237,83.116410
1,5238,334.030614
1,5239,196.895310
1,5240,105.340564
1,5241,208.653189
1,5242,284.554186
1,5243,325.304929
1,5244,439.827852
1,5245,422.864607
1,5246,482.946349
1,5247,177.668124
1,5248,551.915367
1,5249,182.474082
1,5250,274.542301
1,5251,151.222496
1,5252,151.700370
1,5253,324.444233
1,5254,179.459222
1,5255,71.788320
1,5256,408.979589
1,5257,129.350597
1,5258,188.697822
1,5259,891.939777
1,5260,478.205437
1,5261,180.237166
1,5262,88.993113
1,5263,847.071558
1,5264,305.482822
1,5265,403.265781
1,5266,73.472251
1,5267,470.305036
1,5268,424.464853
1,5269,253.692130
1,5270,199.422604
1,5271,297.798061
1,5272,299.021822
1,5273,205.770472
1,5274,196.636431
1,5275,409.474983
1,5276,325.650288
1,5277,92.252315
1,5278,205.450646
1,5279,196.195086
1,5280,337.725942
1,5281,411.652072
1,5282,332.944027
1,5283,86.286710
1,5284,393.847140
1,5285,124.331981
1,5286,146.263521
1,5287,284.681109
1,5288,112.003784
1,5289,347.222676
1,5290,357.197471
1,5291,68.560057
1,5292,240.828840
1,5293,184.245983
1,5294,91.351175
1,5295,282.157730
1,5296,125.922163
1,5297,263.190728
1,5298,128.934600
1,5299,441.613173
1,5300,249.988229
1,5301,80.774936
1,5302,361.508221
1,5303,345.363364
1,5304,121.868057
1,5305,114.844567
1,5306,432.413340
1,5307,266.445643
1,5308,389.243217
1,5309,284.942971
1,5310,205.524266
1,5311,395.074443
1,5312,327.824767
1,5313,106.454921
1,5314,217.962053
1,5315,236.774361
1,5316,418.904621
1,5317,161.259168
1,5318,459.184385
1,5319,312.222644
1,5320,75.799187
1,5321,265.701434
1,5322,117.666338
1,5323,144.418373
1,5324,300.699043
1,5325,483.950743
1,5326,351.574430
1,5327,146.873911
1,5328,275.552846
1,5329,96.240630
1,5330,587.108860
1,5331,87.207606
1,5332,398.736409
1,5333,285.665747
1,5334,279.706479
1,5335,155.356745
1,5336,336.268276
1,5337,438.928203
1,5338,113.084407
1,5339,103.033570
1,5340,379.524879
1,5341,90.139714
1,5342,272.937209
1,5343,337.735634
1,5344,85.166202
1,5345,433.161836
1,5346,80.262581
1,5347,481.351321
1,5348,380.789830
1,5349,282.193328
1,5350,136.840407
1,5351,340.497951
1,5352,28.221397
1,5353,344.127674
1,5354,136.681239
1,5355,185.517830
1,5356,275.499169
1,5357,80.080862
1,5358,484.566165
1,5359,82.717187
1,5360,199.301085
1,5361,283.817990
1,5362,134.084054
1,5363,524.422664
1,5364,86.547267
1,5365,314.209253
1,5366,344.841131
1,5367,111.075805
1,5368,220.445548
1,5369,304.502843
1,5370,159.907923
1,5371,167.522047
1,5372,258.655951
1,5373,300.491045
1,5374,169.684412
1,5375,135.113982
1,5376,84.633904
1,5377,209.234877
1,5378,302.331533
1,5379,202.393106
1,5380,415.815210
1,5381,226.164202
1,5382,437.163198
1,5383,412.281845
1,5384,367.805394
1,5385,332.140177
1,5386,125.024378
1,5387,202.173552
1,5388,237.314673
1,5389,339.667448
1,5390,107.422785
1,5391,492.500487
1,5392,173.263439
1,5393,397.330183
1,5394,361.759646
1,5395,261.722438
1,5396,124.959891
1,5397,167.211354
1,5398,417.033567
1,5399,407.126986
1,5400,99.302271
1,5401,329.987131
1,5402,100.072014
1,5403,353.309800
1,5404,443.832569
1,5405,124.801842
1,5406,481.011367
1,5407,138.003595
1,5408,343.315995
1,5409,91.692061
1,5410,235.078130
1,5411,173.925270
1,5412,471.580797
1,5413,114.081533
1,5414,218.454093
1,5415,231.156538
1,5416,204.763468
1,5417,145.514279
1,5418,389.159719
1,5419,125.945647
1,5420,309.207225
1,5421,237.564979
1,5422,506.381404
1,5423,193.284412
1,5424,181.010078
1,5425,174.870954
1,5426,141.616358
1,5427,409.348992
1,5428,491.407563
1,5429,137.649476
1,5430,346.106082
1,5431,126.426690
1,5432,154.148080
1,5433,392.464025
1,5434,140.847360
1,5435,134.463893
1,5436,143.981129
1,5437,244.066609
1,5438,291.640299
1,5439,116.726431
1,5440,411.366540
1,5441,136.829969
1,5442,527.688203
1,5443,112.425559
1,5444,237.718368
1,5445,121.332218
1,5446,123.987740
1,5447,138.190533
1,5448,95.949693
1,5449,96.099169
1,5450,411.347902
1,5451,73.707647
1,5452,415.212461
1,5453,489.853352
1,5454,179.240973
1,5455,177.720310
1,5456,290.091120
1,5457,282.499548
1,5458,102.431940
1,5459,288.102275
1,5460,68.461090
1,5461,278.614114
1,5462,177.007039
1,5463,206.127573
1,5464,428.799273
1,5465,398.409874
1,5466,127.741032
1,5467,131.110011
1,5468,136.527291
1,5469,401.573277
1,5470,158.174603
1,5471,362.235098
1,5472,118.385759
1,5473,381.705322
1,5474,145.514652
1,5475,236.192860
1,5476,227.841795
1,5477,336.100162
1,5478,266.495966
1,5479,131.999596
1,5480,180.477036
1,5481,355.520809
1,5482,263.052062
1,5483,406.354633
1,5484,165.547553
1,5485,268.627018
1,5486,77.303635
1,5487,371.793709
1,5488,178.093067
1,5489,372.181749
1,5490,39.749471
1,5491,327.683679
1,5492,83.290301
1,5493,64.814407
1,5494,308.803529
1,5495,112.413444
1,5496,110.123038
1,5497,160.686986
1,5498,270.961596
1,5499,70.652902
1,5500,215.130217
1,5501,64.115674
1,5502,353.235435
1,5503,160.993951
1,5504,156.627661
1,5505,544.565155
1,5506,148.577411
1,5507,114.112658
1,5508,346.060047
1,5509,342.373479
1,5510,284.335750
1,5511,297.958905
1,5512,135.112118
1,5513,390.961254
1,5514,95.388880
1,5515,184.243747
1,5516,433.100704
1,5517,87.598815
1,5518,170.682282
1,5519,367.982267
1,5520,400.487622
1,5521,94.617459
1,5522,254.280528
1,5523,99.818167
1,5524,302.259777
1,5525,131.990650
1,5526,402.537787
1,5527,657.329597
1,5528,139.820600
1,5529,382.682504
1,5530,140.292697
1,5531,215.750299
1,5532,518.160344
1,5533,459.026523
1,5534,98.641373
1,5535,217.768965
1,5536,210.605877
1,5537,83.596521
1,5538,285.599210
1,5539,78.568587
1,5540,438.940318
1,5541,126.847160
1,5542,487.860593
1,5543,95.547115
1,5544,115.076981
1,5545,291.541518
1,5546,461.678131
1,5547,324.966838
1,5548,129.442296
1,5549,106.482133
1,5550,355.982283
1,5551,306.982610
1,5552,154.818670
1,5553,469.833871
1,5554,303.175455
1,5555,106.267425
1,5556,938.935879
1,5557,151.458451
1,5558,126.070894
1,5559,438.556751
1,5560,307.961657
1,5561,484.011875
1,5562,115.720173
1,5563,422.399592
1,5564,221.580593
1,5565,305.290107
1,5566,133.258956
1,5567,256.695248
1,5568,279.494380
1,5569,266.793053
1,5570,290.677654
1,5571,268.731763
1,5572,73.208712
1,5573,156.858025
1,5574,147.878678
1,5575,228.855695
1,5576,182.654310
1,5577,298.524378
1,5578,109.708346
1,5579,198.661807
1,5580,84.766233
1,5581,299.790634
1,5582,39.753199
1,5583,281.530566
1,5584,229.792433
1,5585,57.434561
1,5586,396.038393
1,5587,265.037926
1,5588,246.714676
1,5589,382.430334
1,5590,69.601541
1,5591,381.762913
1,5592,290.322230
1,5593,294.449024
1,5594,501.230646
1,5595,230.888526
1,5596,300.529811
1,5597,95.332966
1,5598,398.638374
1,5599,311.034667
1,5600,254.981125
1,5601,100.574118
1,5602,294.728965
1,5603,260.201589
1,5604,306.227591
1,5605,235.547804
1,5606,91.879185
1,5607,267.557578
1,5608,261.545005
1,5609,82.103629
1,5610,372.461690
1,5611,221.482185
1,5612,226.354308
1,5613,265.734982
1,5614,324.711872
1,5615,377.370715
1,5616,234.716742
1,5617,72.949273
1,5618,392.711722
1,5619,99.406270
1,5620,342.297809
1,5621,104.096860
1,5622,394.674847
1,5623,76.853531
1,5624,98.816941
1,5625,291.276674
1,5626,388.775034
1,5627,70.970119
1,5628,244.431166
1,5629,76.442007
1,5630,245.852116
1,5631,141.876356
1,5632,129.250326
1,5633,218.019458
1,5634,212.350008
1,5635,256.112815
1,5636,79.586400
1,5637,147.773933
1,5638,161.907393
1,5639,461.192428
1,5640,83.064411
1,5641,404.149589
1,5642,113.571787
1,5643,449.871235
1,5644,94.944926
1,5645,355.600020
1,5646,297.344974
1,5647,418.996692
1,5648,154.022834
1,5649,89.964704
1,5650,423.419456
1,5651,129.757834
1,5652,381.990854
1,5653,248.449488
1,5654,249.033784
1,5655,273.458696
1,5656,76.605647
1,5657,94.161950
1,5658,51.924838
1,5659,367.475504
1,5660,60.185882
1,5661,235.745738
1,5662,255.321638
1,5663,320.547988
1,5664,300.267204
1,5665,350.824442
1,5666,62.348059
1,5667,114.107253
1,5668,250.889370
1,5669,118.430863
1,5670,251.175647
1,5671,190.585464
1,5672,213.305757
1,5673,327.785441
1,5674,491.532810
1,5675,96.958747
1,5676,231.216366
1,5677,318.214342
1,5678,315.575408
1,5679,223.817882
1,5680,87.879687
1,5681,175.143440
1,5682,178.741106
1,5683,81.775789
1,5684,44.500447
1,5685,323.113490
1,5686,115.378168
1,5687,216.332173
1,5688,479.308798
1,5689,33.673716
1,5690,382.836267
1,5691,154.089184
1,5692,410.157688
1,5693,85.508393
1,5694,201.120885
1,5695,80.831782
1,5696,354.380173
1,5697,174.987814
1,5698,373.056797
1,5699,362.955078
1,5700,95.080051
1,5701,42.889577
1,5702,296.076109
1,5703,93.696935
1,5704,184.839226
1,5705,175.866589
1,5706,261.024450
1,5707,240.662777
1,5708,71.119221
1,5709,239.458026
1,5710,129.469320
1,5711,260.097217
1,5712,215.903502
1,5713,94.900195
1,5714,395.616246
1,5715,86.085421
1,5716,186.751097
1,5717,81.524551
1,5718,318.879155
1,5719,190.286699
1,5720,254.328613
1,5721,86.804842
1,5722,197.206004
1,5723,156.616105
1,5724,344.216203
1,5725,91.849924
1,5726,351.819704
1,5727,96.368299
1,5728,302.290530
1,5729,309.240773
1,5730,289.807825
1,5731,73.645397
1,5732,95.268107
1,5733,59.164341
1,5734,341.602990
1,5735,94.251039
1,5736,399.374569
1,5737,325.916064
1,5738,337.722960
1,5739,109.112121
1,5740,314.397868
1,5741,74.172848
1,5742,227.217986
1,5743,331.118822
1,5744,330.418784
1,5745,366.579955
1,5746,88.396142
1,5747,72.084103
1,5748,356.227371
1,5749,666.017262
1,5750,684.630517
1,5751,389.453265
1,5752,380.127627
1,5753,253.385351
1,5754,55.062894
1,5755,299.048847
1,5756,92.310092
1,5757,305.301103
1,5758,188.662223
1,5759,306.101972
1,5760,131.089696
1,5761,110.417703
1,5762,212.388961
1,5763,75.114432
1,5764,202.119129
1,5765,352.483398
1,5766,89.494844
1,5767,395.636188
1,5768,78.671281
1,5769,216.532157
1,5770,499.135005
1,5771,362.996454
1,5772,308.407102
1,5773,231.932805
1,5774,97.770239
1,5775,175.694002
1,5776,108.587092
1,5777,184.869419
1,5778,296.194646
1,5779,422.790801
1,5780,193.540496
1,5781,357.531648
1,5782,91.606886
1,5783,140.331464
1,5784,206.678881
1,5785,272.645340
1,5786,99.703358
1,5787,262.587793
1,5788,116.584970
1,5789,152.993651
1,5790,53.109273
1,5791,191.835505
1,5792,293.609202
1,5793,348.147673
1,5794,311.960968
1,5795,304.142201
1,5796,199.491191
1,5797,80.807739
1,5798,280.077000
1,5799,359.378100
1,5800,588.424879
1,5801,101.171462
1,5802,322.012365
1,5803,68.233708
1,5804,281.118110
1,5805,262.994285
1,5806,74.342080
1,5807,174.678053
1,5808,341.428539
1,5809,272.383665
1,5810,337.182649
1,5811,335.393228
1,5812,361.060913
1,5813,441.941385
1,5814,71.247450
1,5815,129.248462
1,5816,360.358452
1,5817,127.307888
1,5818,189.395809
1,5819,143.542021
1,5820,53.974443
1,5821,243.259031
1,5822,54.455300
1,5823,227.357956
1,5824,197.633183
1,5825,215.547892
1,5826,240.148186
1,5827,298.631359
1,5828,61.049187
1,5829,230.766820
1,5830,95.041098
1,5831,328.887498
1,5832,68.330066
1,5833,299.900411
1,5834,107.921162
1,5835,324.816431
1,5836,368.745301
1,5837,60.998492
1,5838,454.139490
1,5839,335.097073
1,5840,477.370088
1,5841,494.691367
1,5842,364.162811
1,5843,74.572816
1,5844,232.159814
1,5845,65.483879
1,5846,335.965410
1,5847,372.556929
1,5848,70.950549
1,5849,168.950453
1,5850,279.901617
1,5851,122.025919
1,5852,214.811324
1,5853,119.925619
1,5854,778.107199
1,5855,73.137888
1,5856,337.689039
1,5857,119.893748
1,5858,254.766417
1,5859,53.463020
1,5860,189.709857
1,5861,342.681376
1,5862,368.902977
1,5863,96.538090
1,5864,52.521622
1,5865,326.157984
1,5866,86.721904
1,5867,403.484217
1,5868,100.688368
1,5869,187.674976
1,5870,472.749577
1,5871,59.626000
1,5872,377.323748
1,5873,58.873776
1,5874,271.113122
1,5875,221.080726
1,5876,219.894799
1,5877,268.508668
1,5878,274.944506
1,5879,163.377547
1,5880,225.349914
1,5881,375.393425
1,5882,61.614846
1,5883,149.662507
1,5884,228.571840
1,5885,204.655182
1,5886,172.043219
1,5887,128.935719
1,5888,348.000620
1,5889,208.570623
1,5890,51.665026
1,5891,201.780852
1,5892,165.819293
1,5893,272.278361
1,5894,77.249026
1,5895,68.705432
1,5896,356.720901
1,5897,166.422041
1,5898,162.522815
1,5899,241.352937
1,5900,280.619920
1,5901,223.078518
1,5902,398.818975
1,5903,82.649159
1,5904,156.783659
1,5905,63.181731
1,5906,157.511095
1,5907,65.265443
1,5908,247.433352
1,5909,68.387657
1,5910,71.328711
1,5911,261.025755
1,5912,286.337642
1,5913,345.943187
1,5914,299.376314
1,5915,153.238925
1,5916,339.943288
1,5917,89.337168
1,5918,262.385573
1,5919,102.829299
1,5920,207.283493
1,5921,230.547453
1,5922,523.089312
1,5923,155.016977
1,5924,235.592907
1,5925,324.976157
1,5926,211.975760
1,5927,305.029177
1,5928,254.639493
1,5929,228.216789
1,5930,227.217427
1,5931,61.801225
1,5932,296.744649
1,5933,65.174118
1,5934,230.243469
1,5935,310.416636
1,5936,307.083628
1,5937,84.167958
1,5938,382.377216
1,5939,306.932288
1,5940,234.466062
1,5941,269.464604
1,5942,398.947203
1,5943,115.474340
1,5944,72.404302
1,5945,109.283403
1,5946,263.711470
1,5947,260.066837
1,5948,311.431467
1,5949,235.390686
1,5950,470.715814
1,5951,282.111135
1,5952,165.978833
1,5953,359.556092
1,5954,79.288567
1,5955,319.564469
1,5956,333.656925
1,5957,320.178586
1,5958,359.260682
1,5959,367.137600
1,5960,100.863378
1,5961,265.054700
1,5962,368.581288
1,5963,142.341929
1,5964,259.471171
1,5965,356.119830
1,5966,367.172825
1,5967,346.349306
1,5968,337.803476
1,5969,133.869159
1,5970,330.845964
1,5971,275.846765
1,5972,370.762849
1,5973,95.809909
1,5974,141.326725
1,5975,299.634822
1,5976,348.757131
1,5977,321.544368
1,5978,63.485528
1,5979,382.117218
1,5980,82.243972
1,5981,436.992662
1,5982,483.147079
1,5983,414.537585
1,5984,33.245418
1,5985,68.247128
1,5986,326.933318
1,5987,60.310569
1,5988,308.531975
1,5989,161.121434
1,5990,208.682078
1,5991,139.717160
1,5992,204.753217
1,5993,157.447167
1,5994,138.107781
1,5995,82.297835
1,5996,163.398608
1,5997,229.547905
1,5998,105.943685
1,5999,188.387129
1,6000,264.527994
1,6001,180.355144
1,6002,194.702939
1,6003,319.134866
1,6004,345.411077
1,6005,222.875552
1,6006,188.657750
1,6007,109.334470
1,6008,116.366907
1,6009,265.985475
1,6010,284.842327
1,6011,82.488873
1,6012,282.205629
1,6013,87.048253
1,6014,182.631758
1,6015,78.215772
1,6016,146.751833
1,6017,316.618196
1,6018,351.333442
1,6019,274.264225
1,6020,318.496706
1,6021,223.114489
1,6022,108.640769
1,6023,357.620178
1,6024,303.099599
1,6025,210.534867
1,6026,265.243502
1,6027,309.545875
1,6028,360.735682
1,6029,233.673953
1,6030,298.276681
1,6031,88.109492
1,6032,367.824591
1,6033,80.670750
1,6034,334.722452
1,6035,91.194989
1,6036,191.027740
1,6037,279.987724
1,6038,337.111266
1,6039,63.405944
1,6040,221.159378
1,6041,683.051331
1,6042,752.805003
1,6043,250.099124
1,6044,224.999336
1,6045,64.883367
1,6046,349.453255
1,6047,281.152777
1,6048,336.544675
1,6049,227.855960
1,6050,211.669354
1,6051,67.215149
1,6052,57.666230
1,6053,371.056768
1,6054,233.485711
1,6055,275.114670
1,6056,372.575940
1,6057,380.257719
1,6058,308.838009
1,6059,286.579189
1,6060,57.539119
1,6061,289.605418
1,6062,363.452522
1,6063,486.400689
1,6064,386.681257
1,6065,285.011931
1,6066,401.231646
1,6067,62.785117
1,6068,390.956036
1,6069,381.237511
1,6070,357.151436
1,6071,401.310484
1,6072,278.114806
1,6073,236.088674
1,6074,367.323978
1,6075,82.656987
1,6076,156.185943
1,6077,362.456888
1,6078,375.517553
1,6079,423.888198
1,6080,315.385861
1,6081,349.310862
1,6082,326.748617
1,6083,84.364587
1,6084,87.195119
1,6085,443.226466
1,6086,126.217201
1,6087,354.433104
1,6088,405.939382
1,6089,110.028544
1,6090,371.955672
1,6091,92.120918
1,6092,181.332327
1,6093,156.064238
1,6094,334.433938
1,6095,309.347009
1,6096,122.641714
1,6097,255.466455
1,6098,83.478544
1,6099,217.908935
1,6100,230.107040
1,6101,67.064183
1,6102,61.645785
1,6103,357.890799
1,6104,239.093842
1,6105,75.335477
1,6106,367.030805
1,6107,289.361448
1,6108,340.207200
1,6109,113.709148
1,6110,241.626541
1,6111,70.574250
1,6112,393.547443
1,6113,192.397250
1,6114,307.576413
1,6115,299.258523
1,6116,327.175983
1,6117,305.753444
1,6118,464.308305
1,6119,309.629186
1,6120,426.899516
1,6121,363.555217
1,6122,439.625259
1,6123,176.724862
1,6124,206.976155
1,6125,115.596790
1,6126,417.024061
1,6127,376.189075
1,6128,81.536293
1,6129,249.377839
1,6130,69.153300
1,6131,211.624809
1,6132,145.873431
1,6133,154.488780
1,6134,100.011628
1,6135,360.754320
1,6136,89.211921
1,6137,351.636866
1,6138,78.181851
1,6139,82.932827
1,6140,347.174963
1,6141,314.876302
1,6142,366.059586
1,6143,285.470236
1,6144,116.876279
1,6145,153.738606
1,6146,261.502325
1,6147,277.982664
1,6148,42.943254
1,6149,298.111363
1,6150,71.733898
1,6151,66.350726
1,6152,436.861078
1,6153,116.098335
1,6154,350.004190
1,6155,328.779585
1,6156,79.549683
1,6157,274.022492
1,6158,294.583589
1,6159,80.772700
1,6160,212.733762
1,6161,62.206598
1,6162,328.069109
1,6163,364.248359
1,6164,473.071267
1,6165,443.722605
1,6166,257.109754
1,6167,279.448158
1,6168,322.450727
1,6169,278.815589
1,6170,374.982646
1,6171,312.504448
1,6172,241.956804
1,6173,81.583446
1,6174,219.471533
1,6175,283.020476
1,6176,332.191617
1,6177,66.368245
1,6178,169.152860
1,6179,366.019328
1,6180,85.943587
1,6181,391.046429
1,6182,131.602796
1,6183,361.649682
1,6184,317.047985
1,6185,168.803586
1,6186,85.592822
1,6187,320.493007
1,6188,81.801137
1,6189,313.656268
1,6190,182.809004
1,6191,200.124692
1,6192,193.940465
1,6193,61.800852
1,6194,212.201464
1,6195,302.283820
1,6196,206.721002
1,6197,172.656404
1,6198,117.068995
1,6199,180.789406
1,6200,301.613789
1,6201,300.871630
1,6202,411.379400
1,6203,75.578888
1,6204,230.929529
1,6205,344.907109
1,6206,130.654875
1,6207,300.091635
1,6208,140.385141
1,6209,102.770963
1,6210,314.054373
1,6211,66.671856
1,6212,163.846475
1,6213,75.616164
1,6214,204.575412
1,6215,182.234586
1,6216,126.312067
1,6217,178.623873
1,6218,257.603471
1,6219,63.026477
1,6220,300.903873
1,6221,78.923824
1,6222,202.115961
1,6223,413.354081
1,6224,86.737000
1,6225,333.934629
1,6226,447.413647
1,6227,166.192795
1,6228,407.232849
1,6229,83.988662
1,6230,306.354142
1,6231,393.519114
1,6232,417.239701
1,6233,289.393878
1,6234,240.068602
1,6235,340.149982
1,6236,214.207271
1,6237,336.894135
1,6238,86.323985
1,6239,458.954953
1,6240,74.556788
1,6241,124.672495
1,6242,391.689063
1,6243,405.815999
1,6244,191.809785
1,6245,475.367078
1,6246,329.162779
1,6247,500.673374
1,6248,65.789540
1,6249,361.067249
1,6250,115.826968
1,6251,339.538101
1,6252,309.437030
1,6253,194.730151
1,6254,336.516159
1,6255,326.265897
1,6256,215.595418
1,6257,353.329743
1,6258,307.396557
1,6259,558.523233
1,6260,425.188188
1,6261,581.940769
1,6262,475.523822
1,6263,356.199973
1,6264,81.797036
1,6265,364.230839
1,6266,285.686995
1,6267,474.755570
1,6268,441.850619
1,6269,70.996025
1,6270,428.946699
1,6271,349.836822
1,6272,422.733210
1,6273,469.290577
1,6274,555.725132
1,6275,286.024340
1,6276,328.891784
1,6277,346.338869
1,6278,141.685690
1,6279,380.085319
1,6280,340.937059
1,6281,130.905181
1,6282,176.326944
1,6283,63.305859
1,6284,94.051800
1,6285,220.146410
1,6286,196.258641
1,6287,202.398324
1,6288,90.644241
1,6289,72.854220
1,6290,64.863238
1,6291,111.396749
1,6292,205.385786
1,6293,222.196761
1,6294,54.990952
1,6295,183.698962
1,6296,75.199980
1,6297,301.920009
1,6298,62.647756
1,6299,250.906703
1,6300,66.843138
1,6301,188.991927
1,6302,80.557432
1,6303,263.507572
1,6304,73.962054
1,6305,160.435002
1,6306,113.702998
1,6307,314.685637
1,6308,211.419793
1,6309,311.674132
1,6310,216.111687
1,6311,69.970384
1,6312,160.455876
1,6313,72.316145
1,6314,300.978425
1,6315,378.115298
1,6316,66.461994
1,6317,358.652529
1,6318,181.934702
1,6319,64.770981
1,6320,137.358353
1,6321,94.933371
1,6322,110.727837
1,6323,83.835831
1,6324,256.476813
1,6325,88.588299
1,6326,83.668836
1,6327,348.946492
1,6328,299.759695
1,6329,93.297899
1,6330,197.840995
1,6331,78.232732
1,6332,368.146280
1,6333,160.728548
1,6334,180.921921
1,6335,109.279675
1,6336,108.767134
1,6337,286.123120
1,6338,72.318381
1,6339,306.381540
1,6340,165.546621
1,6341,116.019124
1,6342,258.910544
1,6343,290.983315
1,6344,338.594653
1,6345,358.119300
1,6346,59.841268
1,6347,83.157600
1,6348,59.841268
1,6349,327.513515
1,6350,374.072933
1,6351,345.541914
1,6352,82.731352
1,6353,243.075821
1,6354,81.282631
1,6355,365.667073
1,6356,291.081536
1,6357,279.457104
1,6358,322.654253
1,6359,70.811697
1,6360,248.785901
1,6361,902.607154
1,6362,210.036677
1,6363,69.097573
1,6364,302.193054
1,6365,208.491599
1,6366,295.660485
1,6367,232.329791
1,6368,35.168286
1,6369,211.069960
1,6370,87.706169
1,6371,252.916236
1,6372,144.493484
1,6373,291.608056
1,6374,364.445920
1,6375,86.656858
1,6376,404.120886
1,6377,215.478000
1,6378,81.885939
1,6379,157.303469
1,6380,238.272099
1,6381,81.244424
1,6382,180.116020
1,6383,271.428847
1,6384,75.406301
1,6385,195.402045
1,6386,476.428877
1,6387,367.047579
1,6388,298.769652
1,6389,266.202047
1,6390,59.055123
1,6391,226.574048
1,6392,71.484151
1,6393,292.325613
1,6394,294.844519
1,6395,326.831556
1,6396,329.324369
1,6397,365.751875
1,6398,110.651235
1,6399,242.492642
1,6400,202.279415
1,6401,95.354400
1,6402,295.099113
1,6403,255.381279
1,6404,102.740396
1,6405,145.174697
1,6406,74.271069
1,6407,180.669006
1,6408,189.013361
1,6409,97.161340
1,6410,177.264987
1,6411,79.052798
1,6412,171.205261
1,6413,140.939617
1,6414,318.977563
1,6415,103.707701
1,6416,237.815844
1,6417,373.034618
1,6418,75.520551
1,6419,190.299186
1,6420,387.390800
1,6421,80.885831
1,6422,237.868217
1,6423,203.030893
1,6424,396.788753
1,6425,84.529532
1,6426,197.030062
1,6427,255.451731
1,6428,73.966527
1,6429,149.404932
1,6430,225.771875
1,6431,337.644309
1,6432,336.753605
1,6433,94.061865
1,6434,262.178133
1,6435,82.109966
1,6436,157.310552
1,6437,350.976341
1,6438,71.997810
1,6439,337.314232
1,6440,68.541233
1,6441,188.034687
1,6442,74.633949
1,6443,412.744809
1,6444,79.017386
1,6445,75.737496
1,6446,319.398219
1,6447,342.181881
1,6448,361.071723
1,6449,242.629817
1,6450,58.720200
1,6451,324.816617
1,6452,264.510848
1,6453,375.376092
1,6454,239.142674
1,6455,376.707394
1,6456,497.853094
1,6457,468.031963
1,6458,65.087079
1,6459,406.615936
1,6460,74.372459
1,6461,531.394900
1,6462,115.679915
1,6463,406.572883
1,6464,254.286492
1,6465,448.477496
1,6466,67.115250
1,6467,248.411094
1,6468,454.207146
1,6469,77.723919
1,6470,585.796196
1,6471,548.431952
1,6472,581.280057
1,6473,41.980422
1,6474,455.663694
1,6475,542.008787
1,6476,530.287625
1,6477,131.801476
1,6478,494.116390
1,6479,416.260655
1,6480,221.364208
1,6481,78.933889
1,6482,427.048433
1,6483,440.340580
1,6484,399.118485
1,6485,81.846054
1,6486,460.937649
1,6487,125.951238
1,6488,321.959620
1,6489,492.142827
1,6490,302.656391
1,6491,555.273723
1,6492,96.763422
1,6493,452.699529
1,6494,617.800752
1,6495,110.572024
1,6496,336.975769
1,6497,629.959717
1,6498,444.579760
1,6499,601.914588
1,6500,436.448063
1,6501,82.380215
1,6502,441.422135
1,6503,283.877259
1,6504,232.534808
1,6505,236.239082
1,6506,457.085017
1,6507,45.035354
1,6508,450.019406
1,6509,309.299482
1,6510,76.273521
1,6511,351.354876
1,6512,427.482136
1,6513,146.087766
1,6514,449.337633
1,6515,352.456373
1,6516,346.963796
1,6517,64.073552
1,6518,235.906396
1,6519,189.968551
1,6520,242.773887
1,6521,70.946262
1,6522,439.590406
1,6523,151.997085
1,6524,88.740570
1,6525,66.939123
1,6526,481.546273
1,6527,87.884533
1,6528,108.382635
1,6529,212.046211
1,6530,448.876532
1,6531,794.853873
1,6532,607.869756
1,6533,100.444026
1,6534,692.848135
1,6535,104.632698
1,6536,255.858781
1,6537,237.234716
1,6538,505.981250
1,6539,140.672536
1,6540,643.280567
1,6541,73.547734
1,6542,472.721993
1,6543,265.582152
1,6544,459.384742
1,6545,66.519585
1,6546,276.755920
1,6547,205.180211
1,6548,564.751819
1,6549,64.678723
1,6550,492.634307
1,6551,268.478661
1,6552,348.582122
1,6553,471.189589
1,6554,460.092981
1,6555,113.326327
1,6556,247.299159
1,6557,453.581473
1,6558,36.224307
1,6559,442.967213
1,6560,409.223745
1,6561,455.233346
1,6562,449.448528
1,6563,92.177018
1,6564,446.021772
1,6565,392.503164
1,6566,292.344810
1,6567,528.995462
1,6568,52.770810
1,6569,159.451296
1,6570,478.572789
1,6571,87.725552
1,6572,198.022901
1,6573,483.230949
1,6574,513.285426
1,6575,463.185933
1,6576,310.031018
1,6577,358.872269
1,6578,109.061985
1,6579,390.927706
1,6580,346.656831
1,6581,62.017237
1,6582,362.896182
1,6583,74.614192
1,6584,477.492166
1,6585,246.255998
1,6586,509.576306
1,6587,75.480853
1,6588,249.445122
1,6589,516.256673
1,6590,689.082169
1,6591,273.711985
1,6592,435.902533
1,6593,113.566755
1,6594,441.235383
1,6595,66.138440
1,6596,284.101845
1,6597,528.088358
1,6598,223.877337
1,6599,67.675504
1,6600,430.693066
1,6601,266.912708
1,6602,526.506563
1,6603,68.261292
1,6604,388.116185
1,6605,575.547611
1,6606,107.523057
1,6607,260.631937
1,6608,230.990102
1,6609,53.851247
1,6610,581.908339
1,6611,515.821106
1,6612,96.359167
1,6613,677.878208
1,6614,550.851146
1,6615,444.609581
1,6616,83.809552
1,6617,182.448735
1,6618,469.869655
1,6619,471.489472
1,6620,533.530985
1,6621,72.359198
1,6622,575.850290
1,6623,558.783977
1,6624,98.430206
1,6625,502.878046
1,6626,334.084478
1,6627,58.552646
1,6628,448.289999
1,6629,279.341550
1,6630,367.003221
1,6631,145.158296
1,6632,157.032102
1,6633,321.079913
1,6634,70.700429
1,6635,505.206474
1,6636,418.833797
1,6637,459.767005
1,6638,455.762661
1,6639,51.026866
1,6640,539.138184
1,6641,72.229292
1,6642,56.879712
1,6643,471.095281
1,6644,420.658816
1,6645,78.936311
1,6646,281.190239
1,6647,308.122129
1,6648,420.102662
1,6649,116.796882
1,6650,66.003316
1,6651,429.010813
1,6652,471.412497
1,6653,411.310067
1,6654,87.801781
1,6655,411.727369
1,6656,86.026898
1,6657,422.417671
1,6658,496.992211
1,6659,386.773514
1,6660,168.849063
1,6661,419.713504
1,6662,108.117605
1,6663,89.845236
1,6664,334.906407
1,6665,140.048914
1,6666,438.338128
1,6667,418.457685
1,6668,445.751150
1,6669,118.357989
1,6670,474.661821
1,6671,357.020225
1,6672,496.826707
1,6673,357.357198
1,6674,120.744753
1,6675,491.965022
1,6676,207.703777
1,6677,466.885921
1,6678,62.382539
1,6679,288.050461
1,6680,440.244036
1,6681,257.770466
1,6682,492.874922
1,6683,422.801611
1,6684,150.320982
1,6685,456.362055
1,6686,430.530544
1,6687,115.142586
1,6688,424.071221
1,6689,635.239263
1,6690,167.213591
1,6691,706.681898
1,6692,262.115137
1,6693,216.901746
1,6694,393.980028
1,6695,187.483006
1,6696,406.774172
1,6697,141.653074
1,6698,448.856403
1,6699,55.296426
1,6700,482.424675
1,6701,386.440456
1,6702,81.491189
1,6703,416.660809
1,6704,112.093992
1,6705,459.130895
1,6706,184.468333
1,6707,287.711252
1,6708,371.191520
1,6709,169.358435
1,6710,146.200339
1,6711,458.966695
1,6712,316.324091
1,6713,504.191829
1,6714,465.102278
1,6715,448.762096
1,6716,105.437108
1,6717,436.570700
1,6718,271.004650
1,6719,302.664405
1,6720,222.339713
1,6721,114.497343
1,6722,466.817706
1,6723,485.365543
1,6724,469.436698
1,6725,60.462281
1,6726,570.230044
1,6727,469.368111
1,6728,57.683563
1,6729,220.460085
1,6730,554.225716
1,6731,91.057069
1,6732,459.667106
1,6733,61.200154
1,6734,323.285890
1,6735,59.693097
1,6736,495.923889
1,6737,457.833514
1,6738,269.769705
1,6739,154.448709
1,6740,331.013891
1,6741,468.677578
1,6742,414.186634
1,6743,428.552508
1,6744,228.825501
1,6745,431.227786
1,6746,134.019008
1,6747,452.174874
1,6748,459.018695
1,6749,102.878689
1,6750,411.843482
1,6751,334.532905
1,6752,527.045942
1,6753,144.002749
1,6754,458.976014
1,6755,500.317764
1,6756,144.611275
1,6757,83.318631
1,6758,448.953320
1,6759,84.403354
1,6760,194.441077
1,6761,482.401937
1,6762,232.705344
1,6763,456.499229
1,6764,318.764346
1,6765,215.286589
1,6766,276.177028
1,6767,390.038121
1,6768,85.247463
1,6769,47.497787
1,6770,309.975105
1,6771,372.958016
1,6772,95.646269
1,6773,400.885913
1,6774,73.306933
1,6775,459.796080
1,6776,417.485348
1,6777,154.941680
1,6778,222.646120
1,6779,61.943991
1,6780,391.384334
1,6781,402.611220
1,6782,136.267665
1,6783,428.149930
1,6784,309.437775
1,6785,486.035015
1,6786,78.093135
1,6787,395.625564
1,6788,462.485336
1,6789,441.900755
1,6790,258.944092
1,6791,46.410268
1,6792,665.302500
1,6793,279.409764
1,6794,80.452501
1,6795,299.066367
1,6796,274.577713
1,6797,351.220310
1,6798,70.265421
1,6799,224.700198
1,6800,429.395498
1,6801,511.372995
1,6802,129.295429
1,6803,493.290173
1,6804,57.336526
1,6805,241.332063
1,6806,334.554152
1,6807,73.142361
1,6808,289.839323
1,6809,78.048218
1,6810,436.419547
1,6811,151.757775
1,6812,526.510104
1,6813,201.452267
1,6814,177.729070
1,6815,376.950618
1,6816,59.792809
1,6817,248.609773
1,6818,78.293119
1,6819,399.507271
1,6820,54.637578
1,6821,325.790631
1,6822,60.828888
1,6823,420.567304
1,6824,106.883592
1,6825,64.577706
1,6826,189.509873
1,6827,293.498493
1,6828,172.154114
1,6829,197.412511
1,6830,495.509756
1,6831,59.827848
1,6832,431.470264
1,6833,380.713788
1,6834,57.621126
1,6835,320.236550
1,6836,89.685323
1,6837,88.481877
1,6838,444.128165
1,6839,56.952586
1,6840,50.851111
1,6841,354.301707
1,6842,48.378985
1,6843,285.788757
1,6844,148.466888
1,6845,47.596195
1,6846,393.724689
1,6847,438.234129
1,6848,286.691762
1,6849,265.006055
1,6850,298.781767
1,6851,449.882231
1,6852,56.877848
1,6853,500.493892
1,6854,363.544221
1,6855,59.873325
1,6856,417.818779
1,6857,448.743458
1,6858,428.084325
1,6859,116.166550
1,6860,289.292115
1,6861,98.312042
1,6862,435.266982
1,6863,240.695953
1,6864,112.477931
1,6865,336.534051
1,6866,59.015424
1,6867,275.783210
1,6868,101.401639
1,6869,97.437740
1,6870,284.935703
1,6871,177.756281
1,6872,249.137970
1,6873,52.122213
1,6874,208.668845
1,6875,76.942620
1,6876,257.013024
1,6877,58.660932
1,6878,226.247326
1,6879,78.432903
1,6880,264.242649
1,6881,78.453405
1,6882,65.241773
1,6883,188.190872
1,6884,272.665842
1,6885,215.137859
1,6886,298.018733
1,6887,315.560125
1,6888,104.048774
1,6889,497.159393
1,6890,691.960227
1,6891,66.901102
1,6892,139.847811
1,6893,295.177951
1,6894,48.590898
1,6895,448.353181
1,6896,56.997690
1,6897,462.033368
1,6898,425.280818
1,6899,57.013159
1,6900,266.059840
1,6901,345.852980
1,6902,79.487619
1,6903,278.638903
1,6904,120.604596
1,6905,97.469238
1,6906,418.454703
1,6907,77.621411
1,6908,87.707660
1,6909,466.836344
1,6910,57.674430
1,6911,293.018382
1,6912,210.206468
1,6913,86.166309
1,6914,376.859851
1,6915,340.713218
1,6916,55.582517
1,6917,427.731324
1,6918,418.998369
1,6919,82.027587
1,6920,320.004136
1,6921,384.014738
1,6922,408.914729
1,6923,279.572100
1,6924,253.825950
1,6925,283.614651
1,6926,448.232035
1,6927,53.565901
1,6928,441.574965
1,6929,57.961267
1,6930,43.750087
1,6931,264.741398
1,6932,61.045832
1,6933,111.913204
1,6934,268.926156
1,6935,276.296869
1,6936,400.114679
1,6937,120.305645
1,6938,107.932531
1,6939,281.237765
1,6940,196.933145
1,6941,182.158916
1,6942,451.489373
1,6943,101.441524
1,6944,102.546563
1,6945,334.444748
1,6946,522.254895
1,6947,251.003992
1,6948,73.602157
1,6949,282.615662
1,6950,69.517857
1,6951,424.662973
1,6952,239.109312
1,6953,429.340889
1,6954,246.751579
1,6955,350.063458
1,6956,51.077002
1,6957,272.382547
1,6958,311.292242
1,6959,50.693807
1,6960,342.635340
1,6961,83.320122
1,6962,237.187749
1,6963,387.265740
1,6964,400.289315
1,6965,233.079965
1,6966,38.351632
1,6967,438.011780
1,6968,248.798575
1,6969,48.712230
1,6970,317.047985
1,6971,391.202615
1,6972,46.071619
1,6973,343.864507
1,6974,42.782223
1,6975,435.193549
1,6976,65.949266
1,6977,408.001102
1,6978,119.421092
1,6979,297.456615
1,6980,329.856294
1,6981,301.556198
1,6982,299.041579
1,6983,59.558345
1,6984,410.187695
1,6985,61.661627
1,6986,235.981320
1,6987,144.153156
1,6988,98.948152
1,6989,430.900505
1,6990,93.172839
1,6991,300.702398
1,6992,517.883012
1,6993,39.925040
1,6994,468.885949
1,6995,51.869670
1,6996,80.871480
1,6997,420.918628
1,6998,96.972352
1,6999,40.049727
1,7000,284.735532
1,7001,354.018971
1,7002,96.365317
1,7003,272.662301
1,7004,364.446293
1,7005,394.856194
1,7006,273.695584
1,7007,75.027021
1,7008,305.404170
1,7009,205.306575
1,7010,58.201695
1,7011,320.208034
1,7012,310.152724
1,7013,82.509748
1,7014,326.275775
1,7015,211.186633
1,7016,65.653670
1,7017,197.771103
1,7018,344.942707
1,7019,62.437521
1,7020,251.692661
1,7021,396.293173
1,7022,59.104886
1,7023,239.023019
1,7024,232.037363
1,7025,349.231465
1,7026,64.257135
1,7027,261.209897
1,7028,345.500165
1,7029,70.977387
1,7030,64.293479
1,7031,340.283243
1,7032,432.326115
1,7033,79.915917
1,7034,92.513618
1,7035,271.935797
1,7036,276.290719
1,7037,143.209894
1,7038,137.659540
1,7039,331.854645
1,7040,105.538871
1,7041,80.821717
1,7042,248.741729
1,7043,474.164004
1,7044,250.082537
1,7045,424.767905
1,7046,119.328462
1,7047,409.832830
1,7048,420.443735
1,7049,123.455257
1,7050,439.810892
1,7051,51.806674
1,7052,268.969955
1,7053,409.991252
1,7054,269.073581
1,7055,335.848737
1,7056,50.281165
1,7057,399.091088
1,7058,313.989513
1,7059,78.368043
1,7060,203.002191
1,7061,293.388344
1,7062,54.051790
1,7063,395.853319
1,7064,60.394253
1,7065,430.417971
1,7066,251.383832
1,7067,474.441335
1,7068,465.790760
1,7069,62.050040
1,7070,375.801967
1,7071,255.350341
1,7072,445.892611
1,7073,260.927906
1,7074,223.161643
1,7075,398.232814
1,7076,98.072172
1,7077,370.858275
1,7078,115.759872
1,7079,459.108902
1,7080,378.403625
1,7081,147.122912
1,7082,380.501316
1,7083,150.476981
1,7084,374.537388
1,7085,160.976245
1,7086,432.938555
1,7087,293.658220
1,7088,66.858421
1,7089,310.432664
1,7090,302.528535
1,7091,470.571744
1,7092,87.692750
1,7093,311.028703
1,7094,104.763163
1,7095,305.940381
1,7096,92.052890
1,7097,287.238037
1,7098,442.007363
1,7099,86.645302
1,7100,428.853509
1,7101,329.894688
1,7102,416.235121
1,7103,160.661825
1,7104,473.086363
1,7105,279.678895
1,7106,94.182824
1,7107,209.244009
1,7108,624.444589
1,7109,526.498362
1,7110,26.472421
1,7111,362.523425
1,7112,231.659387
1,7113,316.833650
1,7114,106.189518
1,7115,258.659492
1,7116,435.095328
1,7117,76.582350
1,7118,395.292133
1,7119,383.999083
1,7120,234.321805
1,7121,339.739017
1,7122,83.116410
1,7123,334.030614
1,7124,196.895310
1,7125,105.340564
1,7126,208.653189
1,7127,284.554186
1,7128,325.304929
1,7129,439.827852
1,7130,422.864607
1,7131,482.946349
1,7132,177.668124
1,7133,551.915367
1,7134,182.474082
1,7135,274.542301
1,7136,151.222496
1,7137,151.700370
1,7138,324.444233
1,7139,179.459222
1,7140,71.788320
1,7141,408.979589
1,7142,129.350597
1,7143,188.697822
1,7144,891.939777
1,7145,478.205437
1,7146,180.237166
1,7147,88.993113
1,7148,847.071558
1,7149,305.482822
1,7150,403.265781
1,7151,73.472251
1,7152,470.305036
1,7153,424.464853
1,7154,253.692130
1,7155,199.422604
1,7156,297.798061
1,7157,299.021822
1,7158,205.770472
1,7159,196.636431
1,7160,409.474983
1,7161,325.650288
1,7162,92.252315
1,7163,205.450646
1,7164,196.195086
1,7165,337.725942
1,7166,411.652072
1,7167,332.944027
1,7168,86.286710
1,7169,393.847140
1,7170,124.331981
1,7171,146.263521
1,7172,284.681109
1,7173,112.003784
1,7174,347.222676
1,7175,357.197471
1,7176,68.560057
1,7177,240.828840
1,7178,184.245983
1,7179,91.351175
1,7180,282.157730
1,7181,125.922163
1,7182,263.190728
1,7183,128.934600
1,7184,441.613173
1,7185,249.988229
1,7186,80.774936
1,7187,361.508221
1,7188,345.363364
1,7189,121.868057
1,7190,114.844567
1,7191,432.413340
1,7192,266.445643
1,7193,389.243217
1,7194,284.942971
1,7195,205.524266
1,7196,395.074443
1,7197,327.824767
1,7198,106.454921
1,7199,217.962053
1,7200,236.774361
1,7201,418.904621
1,7202,161.259168
1,7203,459.184385
1,7204,312.222644
1,7205,75.799187
1,7206,265.701434
1,7207,117.666338
1,7208,144.418373
1,7209,300.699043
1,7210,483.950743
1,7211,351.574430
1,7212,146.873911
1,7213,275.552846
1,7214,96.240630
1,7215,587.108860
1,7216,87.207606
1,7217,398.736409
1,7218,285.665747
1,7219,279.706479
1,7220,155.356745
1,7221,336.268276
1,7222,438.928203
1,7223,113.084407
1,7224,103.033570
1,7225,379.524879
1,7226,90.139714
1,7227,272.937209
1,7228,337.735634
1,7229,85.166202
1,7230,433.161836
1,7231,80.262581
1,7232,481.351321
1,7233,380.789830
1,7234,282.193328
1,7235,136.840407
1,7236,340.497951
1,7237,28.221397
1,7238,344.127674
1,7239,136.681239
1,7240,185.517830
1,7241,275.499169
1,7242,80.080862
1,7243,484.566165
1,7244,82.717187
1,7245,199.301085
1,7246,283.817990
1,7247,134.084054
1,7248,524.422664
1,7249,86.547267
1,7250,314.209253
1,7251,344.841131
1,7252,111.075805
1,7253,220.445548
1,7254,304.502843
1,7255,159.907923
1,7256,167.522047
1,7257,258.655951
1,7258,300.491045
1,7259,169.684412
1,7260,135.113982
1,7261,84.633904
1,7262,209.234877
1,7263,302.331533
1,7264,202.393106
1,7265,415.815210
1,7266,226.164202
1,7267,437.163198
1,7268,412.281845
1,7269,367.805394
1,7270,332.140177
1,7271,125.024378
1,7272,202.173552
1,7273,237.314673
1,7274,339.667448
1,7275,107.422785
1,7276,492.500487
1,7277,173.263439
1,7278,397.330183
1,7279,361.759646
1,7280,261.722438
1,7281,124.959891
1,7282,167.211354
1,7283,417.033567
1,7284,407.126986
1,7285,99.302271
1,7286,329.987131
1,7287,100.072014
1,7288,353.309800
1,7289,443.832569
1,7290,124.801842
1,7291,481.011367
1,7292,138.003595
1,7293,343.315995
1,7294,91.692061
1,7295,235.078130
1,7296,173.925270
1,7297,471.580797
1,7298,114.081533
1,7299,218.454093
1,7300,231.156538
1,7301,204.763468
1,7302,145.514279
1,7303,389.159719
1,7304,125.945647
1,7305,309.207225
1,7306,237.564979
1,7307,506.381404
1,7308,193.284412
1,7309,181.010078
1,7310,174.870954
1,7311,141.616358
1,7312,409.348992
1,7313,491.407563
1,7314,137.649476
1,7315,346.106082
1,7316,126.426690
1,7317,154.148080
1,7318,392.464025
1,7319,140.847360
1,7320,134.463893
1,7321,143.981129
1,7322,244.066609
1,7323,291.640299
1,7324,116.726431
1,7325,411.366540
1,7326,136.829969
1,7327,527.688203
1,7328,112.425559
1,7329,237.718368
1,7330,121.332218
1,7331,123.987740
1,7332,138.190533
1,7333,95.949693
1,7334,96.099169
1,7335,411.347902
1,7336,73.707647
1,7337,415.212461
1,7338,489.853352
1,7339,179.240973
1,7340,177.720310
1,7341,290.091120
1,7342,282.499548
1,7343,102.431940
1,7344,288.102275
1,7345,68.461090
1,7346,278.614114
1,7347,177.007039
1,7348,206.127573
1,7349,428.799273
1,7350,398.409874
1,7351,127.741032
1,7352,131.110011
1,7353,136.527291
1,7354,401.573277
1,7355,158.174603
1,7356,362.235098
1,7357,118.385759
1,7358,381.705322
1,7359,145.514652
1,7360,236.192860
1,7361,227.841795
1,7362,336.100162
1,7363,266.495966
1,7364,131.999596
1,7365,180.477036
1,7366,355.520809
1,7367,263.052062
1,7368,406.354633
1,7369,165.547553
1,7370,268.627018
1,7371,77.303635
1,7372,371.793709
1,7373,178.093067
1,7374,372.181749
1,7375,39.749471
1,7376,327.683679
1,7377,83.290301
1,7378,64.814407
1,7379,308.803529
1,7380,112.413444
1,7381,110.123038
1,7382,160.686986
1,7383,270.961596
1,7384,70.652902
1,7385,215.130217
1,7386,64.115674
1,7387,353.235435
1,7388,160.993951
1,7389,156.627661
1,7390,544.565155
1,7391,148.577411
1,7392,114.112658
1,7393,346.060047
1,7394,342.373479
1,7395,284.335750
1,7396,297.958905
1,7397,135.112118
1,7398,390.961254
1,7399,95.388880
1,7400,184.243747
1,7401,433.100704
1,7402,87.598815
1,7403,170.682282
1,7404,367.982267
1,7405,400.487622
1,7406,94.617459
1,7407,254.280528
1,7408,99.818167
1,7409,302.259777
1,7410,131.990650
1,7411,402.537787
1,7412,657.329597
1,7413,139.820600
1,7414,382.682504
1,7415,140.292697
1,7416,215.750299
1,7417,518.160344
1,7418,459.026523
1,7419,98.641373
1,7420,217.768965
1,7421,210.605877
1,7422,83.596521
1,7423,285.599210
1,7424,78.568587
1,7425,438.940318
1,7426,126.847160
1,7427,487.860593
1,7428,95.547115
1,7429,115.076981
1,7430,291.541518
1,7431,461.678131
1,7432,324.966838
1,7433,129.442296
1,7434,106.482133
1,7435,355.982283
1,7436,306.982610
1,7437,154.818670
1,7438,469.833871
1,7439,303.175455
1,7440,106.267425
1,7441,938.935879
1,7442,151.458451
1,7443,126.070894
1,7444,438.556751
1,7445,307.961657
1,7446,484.011875
1,7447,115.720173
1,7448,422.399592
1,7449,221.580593
1,7450,305.290107
1,7451,133.258956
1,7452,256.695248
1,7453,279.494380
1,7454,266.793053
1,7455,290.677654
1,7456,268.731763
1,7457,73.208712
1,7458,156.858025
1,7459,147.878678
1,7460,228.855695
1,7461,182.654310
1,7462,298.524378
1,7463,109.708346
1,7464,198.661807
1,7465,84.766233
1,7466,299.790634
1,7467,39.753199
1,7468,281.530566
1,7469,229.792433
1,7470,57.434561
1,7471,396.038393
1,7472,265.037926
1,7473,246.714676
1,7474,382.430334
1,7475,69.601541
1,7476,381.762913
1,7477,290.322230
1,7478,294.449024
1,7479,501.230646
1,7480,230.888526
1,7481,300.529811
1,7482,95.332966
1,7483,398.638374
1,7484,311.034667
1,7485,254.981125
1,7486,100.574118
1,7487,294.728965
1,7488,260.201589
1,7489,306.227591
1,7490,235.547804
1,7491,91.879185
1,7492,267.557578
1,7493,261.545005
1,7494,82.103629
1,7495,372.461690
1,7496,221.482185
1,7497,226.354308
1,7498,265.734982
1,7499,324.711872
1,7500,377.370715
1,7501,234.716742
1,7502,72.949273
1,7503,392.711722
1,7504,99.406270
1,7505,342.297809
1,7506,104.096860
1,7507,394.674847
1,7508,76.853531
1,7509,98.816941
1,7510,291.276674
1,7511,388.775034
1,7512,70.970119
1,7513,244.431166
1,7514,76.442007
1,7515,245.852116
1,7516,141.876356
1,7517,129.250326
1,7518,218.019458
1,7519,212.350008
1,7520,256.112815
1,7521,79.586400
1,7522,147.773933
1,7523,161.907393
1,7524,461.192428
1,7525,83.064411
1,7526,404.149589
1,7527,113.571787
1,7528,449.871235
1,7529,94.944926
1,7530,355.600020
1,7531,297.344974
1,7532,418.996692
1,7533,154.022834
1,7534,89.964704
1,7535,423.419456
1,7536,129.757834
1,7537,381.990854
1,7538,248.449488
1,7539,249.033784
1,7540,273.458696
1,7541,76.605647
1,7542,94.161950
1,7543,51.924838
1,7544,367.475504
1,7545,60.185882
1,7546,235.745738
1,7547,255.321638
1,7548,320.547988
1,7549,300.267204
1,7550,350.824442
1,7551,62.348059
1,7552,114.107253
1,7553,250.889370
1,7554,118.430863
1,7555,251.175647
1,7556,190.585464
1,7557,213.305757
1,7558,327.785441
1,7559,491.532810
1,7560,96.958747
1,7561,231.216366
1,7562,318.214342
1,7563,315.575408
1,7564,223.817882
1,7565,87.879687
1,7566,175.143440
1,7567,178.741106
1,7568,81.775789
1,7569,44.500447
1,7570,323.113490
1,7571,115.378168
1,7572,216.332173
1,7573,479.308798
1,7574,33.673716
1,7575,382.836267
1,7576,154.089184
1,7577,410.157688
1,7578,85.508393
1,7579,201.120885
1,7580,80.831782
1,7581,354.380173
1,7582,174.987814
1,7583,373.056797
1,7584,362.955078
1,7585,95.080051
1,7586,42.889577
1,7587,296.076109
1,7588,93.696935
1,7589,184.839226
1,7590,175.866589
1,7591,261.024450
1,7592,240.662777
1,7593,71.119221
1,7594,239.458026
1,7595,129.469320
1,7596,260.097217
1,7597,215.903502
1,7598,94.900195
1,7599,395.616246
1,7600,86.085421
1,7601,186.751097
1,7602,81.524551
1,7603,318.879155
1,7604,190.286699
1,7605,254.328613
1,7606,86.804842
1,7607,197.206004
1,7608,156.616105
1,7609,344.216203
1,7610,91.849924
1,7611,351.819704
1,7612,96.368299
1,7613,302.290530
1,7614,309.240773
1,7615,289.807825
1,7616,73.645397
1,7617,95.268107
1,7618,59.164341
1,7619,341.602990
1,7620,94.251039
1,7621,399.374569
1,7622,325.916064
1,7623,337.722960
1,7624,109.112121
1,7625,314.397868
1,7626,74.172848
1,7627,227.217986
1,7628,331.118822
1,7629,330.418784
1,7630,366.579955
1,7631,88.396142
1,7632,72.084103
1,7633,356.227371
1,7634,666.017262
1,7635,684.630517
1,7636,389.453265
1,7637,380.127627
1,7638,253.385351
1,7639,55.062894
1,7640,299.048847
1,7641,92.310092
1,7642,305.301103
1,7643,188.662223
1,7644,306.101972
1,7645,131.089696
1,7646,110.417703
1,7647,212.388961
1,7648,75.114432
1,7649,202.119129
1,7650,352.483398
1,7651,89.494844
1,7652,395.636188
1,7653,78.671281
1,7654,216.532157
1,7655,499.135005
1,7656,362.996454
1,7657,308.407102
1,7658,231.932805
1,7659,97.770239
1,7660,175.694002
1,7661,108.587092
1,7662,184.869419
1,7663,296.194646
1,7664,422.790801
1,7665,193.540496
1,7666,357.531648
1,7667,91.606886
1,7668,140.331464
1,7669,206.678881
1,7670,272.645340
1,7671,99.703358
1,7672,262.587793
1,7673,116.584970
1,7674,152.993651
1,7675,53.109273
1,7676,191.835505
1,7677,293.609202
1,7678,348.147673
1,7679,311.960968
1,7680,304.142201
1,7681,199.491191
1,7682,80.807739
1,7683,280.077000
1,7684,359.378100
1,7685,588.424879
1,7686,101.171462
1,7687,322.012365
1,7688,68.233708
1,7689,281.118110
1,7690,262.994285
1,7691,74.342080
1,7692,174.678053
1,7693,341.428539
1,7694,272.383665
1,7695,337.182649
1,7696,335.393228
1,7697,361.060913
1,7698,441.941385
1,7699,71.247450
1,7700,129.248462
1,7701,360.358452
1,7702,127.307888
1,7703,189.395809
1,7704,143.542021
1,7705,53.974443
1,7706,243.259031
1,7707,54.455300
1,7708,227.357956
1,7709,197.633183
1,7710,215.547892
1,7711,240.148186
1,7712,298.631359
1,7713,61.049187
1,7714,230.766820
1,7715,95.041098
1,7716,328.887498
1,7717,68.330066
1,7718,299.900411
1,7719,107.921162
1,7720,324.816431
1,7721,368.745301
1,7722,60.998492
1,7723,454.139490
1,7724,335.097073
1,7725,477.370088
1,7726,494.691367
1,7727,364.162811
1,7728,74.572816
1,7729,232.159814
1,7730,65.483879
1,7731,335.965410
1,7732,372.556929
1,7733,70.950549
1,7734,168.950453
1,7735,279.901617
1,7736,122.025919
1,7737,214.811324
1,7738,119.925619
1,7739,778.107199
1,7740,73.137888
1,7741,337.689039
1,7742,119.893748
1,7743,254.766417
1,7744,53.463020
1,7745,189.709857
1,7746,342.681376
1,7747,368.902977
1,7748,96.538090
1,7749,52.521622
1,7750,326.157984
1,7751,86.721904
1,7752,403.484217
1,7753,100.688368
1,7754,187.674976
1,7755,472.749577
1,7756,59.626000
1,7757,377.323748
1,7758,58.873776
1,7759,271.113122
1,7760,221.080726
1,7761,219.894799
1,7762,268.508668
1,7763,274.944506
1,7764,163.377547
1,7765,225.349914
1,7766,375.393425
1,7767,61.614846
1,7768,149.662507
1,7769,228.571840
1,7770,204.655182
1,7771,172.043219
1,7772,128.935719
1,7773,348.000620
1,7774,208.570623
1,7775,51.665026
1,7776,201.780852
1,7777,165.819293
1,7778,272.278361
1,7779,77.249026
1,7780,68.705432
1,7781,356.720901
1,7782,166.422041
1,7783,162.522815
1,7784,241.352937
1,7785,280.619920
1,7786,223.078518
1,7787,398.818975
1,7788,82.649159
1,7789,156.783659
1,7790,63.181731
1,7791,157.511095
1,7792,65.265443
1,7793,247.433352
1,7794,68.387657
1,7795,71.328711
1,7796,261.025755
1,7797,286.337642
1,7798,345.943187
1,7799,299.376314
1,7800,153.238925
1,7801,339.943288
1,7802,89.337168
1,7803,262.385573
1,7804,102.829299
1,7805,207.283493
1,7806,230.547453
1,7807,523.089312
1,7808,155.016977
1,7809,235.592907
1,7810,324.976157
1,7811,211.975760
1,7812,305.029177
1,7813,254.639493
1,7814,228.216789
1,7815,227.217427
1,7816,61.801225
1,7817,296.744649
1,7818,65.174118
1,7819,230.243469
1,7820,310.416636
1,7821,307.083628
1,7822,84.167958
1,7823,382.377216
1,7824,306.932288
1,7825,234.466062
1,7826,269.464604
1,7827,398.947203
1,7828,115.474340
1,7829,72.404302
1,7830,109.283403
1,7831,263.711470
1,7832,260.066837
1,7833,311.431467
1,7834,235.390686
1,7835,470.715814
1,7836,282.111135
1,7837,165.978833
1,7838,359.556092
1,7839,79.288567
1,7840,319.564469
1,7841,333.656925
1,7842,320.178586
1,7843,359.260682
1,7844,367.137600
1,7845,100.863378
1,7846,265.054700
1,7847,368.581288
1,7848,142.341929
1,7849,259.471171
1,7850,356.119830
1,7851,367.172825
1,7852,346.349306
1,7853,337.803476
1,7854,133.869159
1,7855,330.845964
1,7856,275.846765
1,7857,370.762849
1,7858,95.809909
1,7859,141.326725
1,7860,299.634822
1,7861,348.757131
1,7862,321.544368
1,7863,63.485528
1,7864,382.117218
1,7865,82.243972
1,7866,436.992662
1,7867,483.147079
1,7868,414.537585
1,7869,33.245418
1,7870,68.247128
1,7871,326.933318
1,7872,60.310569
1,7873,308.531975
1,7874,161.121434
1,7875,208.682078
1,7876,139.717160
1,7877,204.753217
1,7878,157.447167
1,7879,138.107781
1,7880,82.297835
1,7881,163.398608
1,7882,229.547905
1,7883,105.943685
1,7884,188.387129
1,7885,264.527994
1,7886,180.355144
1,7887,194.702939
1,7888,319.134866
1,7889,345.411077
1,7890,222.875552
1,7891,188.657750
1,7892,109.334470
1,7893,116.366907
1,7894,265.985475
1,7895,284.842327
1,7896,82.488873
1,7897,282.205629
1,7898,87.048253
1,7899,182.631758
1,7900,78.215772
1,7901,146.751833
1,7902,316.618196
1,7903,351.333442
1,7904,274.264225
1,7905,318.496706
1,7906,223.114489
1,7907,108.640769
1,7908,357.620178
1,7909,303.099599
1,7910,210.534867
1,7911,265.243502
1,7912,309.545875
1,7913,360.735682
1,7914,233.673953
1,7915,298.276681
1,7916,88.109492
1,7917,367.824591
1,7918,80.670750
1,7919,334.722452
1,7920,91.194989
1,7921,191.027740
1,7922,279.987724
1,7923,337.111266
1,7924,63.405944
1,7925,221.159378
1,7926,683.051331
1,7927,752.805003
1,7928,250.099124
1,7929,224.999336
1,7930,64.883367
1,7931,349.453255
1,7932,281.152777
1,7933,336.544675
1,7934,227.855960
1,7935,211.669354
1,7936,67.215149
1,7937,57.666230
1,7938,371.056768
1,7939,233.485711
1,7940,275.114670
1,7941,372.575940
1,7942,380.257719
1,7943,308.838009
1,7944,286.579189
1,7945,57.539119
1,7946,289.605418
1,7947,363.452522
1,7948,486.400689
1,7949,386.681257
1,7950,285.011931
1,7951,401.231646
1,7952,62.785117
1,7953,390.956036
1,7954,381.237511
1,7955,357.151436
1,7956,401.310484
1,7957,278.114806
1,7958,236.088674
1,7959,367.323978
1,7960,82.656987
1,7961,156.185943
1,7962,362.456888
1,7963,375.517553
1,7964,423.888198
1,7965,315.385861
1,7966,349.310862
1,7967,326.748617
1,7968,84.364587
1,7969,87.195119
1,7970,443.226466
1,7971,126.217201
1,7972,354.433104
1,7973,405.939382
1,7974,110.028544
1,7975,371.955672
1,7976,92.120918
1,7977,181.332327
1,7978,156.064238
1,7979,334.433938
1,7980,309.347009
1,7981,122.641714
1,7982,255.466455
1,7983,83.478544
1,7984,217.908935
1,7985,230.107040
1,7986,67.064183
1,7987,61.645785
1,7988,357.890799
1,7989,239.093842
1,7990,75.335477
1,7991,367.030805
1,7992,289.361448
1,7993,340.207200
1,7994,113.709148
1,7995,241.626541
1,7996,70.574250
1,7997,393.547443
1,7998,192.397250
1,7999,307.576413
1,8000,299.258523
1,8001,327.175983
1,8002,305.753444
1,8003,464.308305
1,8004,309.629186
1,8005,426.899516
1,8006,363.555217
1,8007,439.625259
1,8008,176.724862
1,8009,206.976155
1,8010,115.596790
1,8011,417.024061
1,8012,376.189075
1,8013,81.536293
1,8014,249.377839
1,8015,69.153300
1,8016,211.624809
1,8017,145.873431
1,8018,154.488780
1,8019,100.011628
1,8020,360.754320
1,8021,89.211921
1,8022,351.636866
1,8023,78.181851
1,8024,82.932827
1,8025,347.174963
1,8026,314.876302
1,8027,366.059586
1,8028,285.470236
1,8029,116.876279
1,8030,153.738606
1,8031,261.502325
1,8032,277.982664
1,8033,42.943254
1,8034,298.111363
1,8035,71.733898
1,8036,66.350726
1,8037,436.861078
1,8038,116.098335
1,8039,350.004190
1,8040,328.779585
1,8041,79.549683
1,8042,274.022492
1,8043,294.583589
1,8044,80.772700
1,8045,212.733762
1,8046,62.206598
1,8047,328.069109
1,8048,364.248359
1,8049,473.071267
1,8050,443.722605
1,8051,257.109754
1,8052,279.448158
1,8053,322.450727
1,8054,278.815589
1,8055,374.982646
1,8056,312.504448
1,8057,241.956804
1,8058,81.583446
1,8059,219.471533
1,8060,283.020476
1,8061,332.191617
1,8062,66.368245
1,8063,169.152860
1,8064,366.019328
1,8065,85.943587
1,8066,391.046429
1,8067,131.602796
1,8068,361.649682
1,8069,317.047985
1,8070,168.803586
1,8071,85.592822
1,8072,320.493007
1,8073,81.801137
1,8074,313.656268
1,8075,182.809004
1,8076,200.124692
1,8077,193.940465
1,8078,61.800852
1,8079,212.201464
1,8080,302.283820
1,8081,206.721002
1,8082,172.656404
1,8083,117.068995
1,8084,180.789406
1,8085,301.613789
1,8086,300.871630
1,8087,411.379400
1,8088,75.578888
1,8089,230.929529
1,8090,344.907109
1,8091,130.654875
1,8092,300.091635
1,8093,140.385141
1,8094,102.770963
1,8095,314.054373
1,8096,66.671856
1,8097,163.846475
1,8098,75.616164
1,8099,204.575412
1,8100,182.234586
1,8101,126.312067
1,8102,178.623873
1,8103,257.603471
1,8104,63.026477
1,8105,300.903873
1,8106,78.923824
1,8107,202.115961
1,8108,413.354081
1,8109,86.737000
1,8110,333.934629
1,8111,447.413647
1,8112,166.192795
1,8113,407.232849
1,8114,83.988662
1,8115,306.354142
1,8116,393.519114
1,8117,417.239701
1,8118,289.393878
1,8119,240.068602
1,8120,340.149982
1,8121,214.207271
1,8122,336.894135
1,8123,86.323985
1,8124,458.954953
1,8125,74.556788
1,8126,124.672495
1,8127,391.689063
1,8128,405.815999
1,8129,191.809785
1,8130,475.367078
1,8131,329.162779
1,8132,500.673374
1,8133,65.789540
1,8134,361.067249
1,8135,115.826968
1,8136,339.538101
1,8137,309.437030
1,8138,194.730151
1,8139,336.516159
1,8140,326.265897
1,8141,215.595418
1,8142,353.329743
1,8143,307.396557
1,8144,558.523233
1,8145,425.188188
1,8146,581.940769
1,8147,475.523822
1,8148,356.199973
1,8149,81.797036
1,8150,364.230839
1,8151,285.686995
1,8152,474.755570
1,8153,441.850619
1,8154,70.996025
1,8155,428.946699
1,8156,349.836822
1,8157,422.733210
1,8158,469.290577
1,8159,555.725132
1,8160,286.024340
1,8161,328.891784
1,8162,346.338869
1,8163,141.685690
1,8164,380.085319
1,8165,340.937059
1,8166,130.905181
1,8167,176.326944
1,8168,63.305859
1,8169,94.051800
1,8170,220.146410
1,8171,196.258641
1,8172,202.398324
1,8173,90.644241
1,8174,72.854220
1,8175,64.863238
1,8176,111.396749
1,8177,205.385786
1,8178,222.196761
1,8179,54.990952
1,8180,183.698962
1,8181,75.199980
1,8182,301.920009
1,8183,62.647756
1,8184,250.906703
1,8185,66.843138
1,8186,188.991927
1,8187,80.557432
1,8188,263.507572
1,8189,73.962054
1,8190,160.435002
1,8191,113.702998
1,8192,314.685637
1,8193,211.419793
1,8194,311.674132
1,8195,216.111687
1,8196,69.970384
1,8197,160.455876
1,8198,72.316145
1,8199,300.978425
1,8200,378.115298
1,8201,66.461994
1,8202,358.652529
1,8203,181.934702
1,8204,64.770981
1,8205,137.358353
1,8206,94.933371
1,8207,110.727837
1,8208,83.835831
1,8209,256.476813
1,8210,88.588299
1,8211,83.668836
1,8212,348.946492
1,8213,299.759695
1,8214,93.297899
1,8215,197.840995
1,8216,78.232732
1,8217,368.146280
1,8218,160.728548
1,8219,180.921921
1,8220,109.279675
1,8221,108.767134
1,8222,286.123120
1,8223,72.318381
1,8224,306.381540
1,8225,165.546621
1,8226,116.019124
1,8227,258.910544
1,8228,290.983315
1,8229,338.594653
1,8230,358.119300
1,8231,59.841268
1,8232,83.157600
1,8233,59.841268
1,8234,327.513515
1,8235,374.072933
1,8236,345.541914
1,8237,82.731352
1,8238,243.075821
1,8239,81.282631
1,8240,365.667073
1,8241,291.081536
1,8242,279.457104
1,8243,322.654253
1,8244,70.811697
1,8245,248.785901
1,8246,902.607154
1,8247,210.036677
1,8248,69.097573
1,8249,302.193054
1,8250,208.491599
1,8251,295.660485
1,8252,232.329791
1,8253,35.168286
1,8254,211.069960
1,8255,87.706169
1,8256,252.916236
1,8257,144.493484
1,8258,291.608056
1,8259,364.445920
1,8260,86.656858
1,8261,404.120886
1,8262,215.478000
1,8263,81.885939
1,8264,157.303469
1,8265,238.272099
1,8266,81.244424
1,8267,180.116020
1,8268,271.428847
1,8269,75.406301
1,8270,195.402045
1,8271,476.428877
1,8272,367.047579
1,8273,298.769652
1,8274,266.202047
1,8275,59.055123
1,8276,226.574048
1,8277,71.484151
1,8278,292.325613
1,8279,294.844519
1,8280,326.831556
1,8281,329.324369
1,8282,365.751875
1,8283,110.651235
1,8284,242.492642
1,8285,202.279415
1,8286,95.354400
1,8287,295.099113
1,8288,255.381279
1,8289,102.740396
1,8290,145.174697
1,8291,74.271069
1,8292,180.669006
1,8293,189.013361
1,8294,97.161340
1,8295,177.264987
1,8296,79.052798
1,8297,171.205261
1,8298,140.939617
1,8299,318.977563
1,8300,103.707701
1,8301,237.815844
1,8302,373.034618
1,8303,75.520551
1,8304,190.299186
1,8305,387.390800
1,8306,80.885831
1,8307,237.868217
1,8308,203.030893
1,8309,396.788753
1,8310,84.529532
1,8311,197.030062
1,8312,255.451731
1,8313,73.966527
1,8314,149.404932
1,8315,225.771875
1,8316,337.644309
1,8317,336.753605
1,8318,94.061865
1,8319,262.178133
1,8320,82.109966
1,8321,157.310552
1,8322,350.976341
1,8323,71.997810
1,8324,337.314232
1,8325,68.541233
1,8326,188.034687
1,8327,74.633949
1,8328,412.744809
1,8329,79.017386
1,8330,75.737496
1,8331,319.398219
1,8332,342.181881
1,8333,361.071723
1,8334,242.629817
1,8335,58.720200
1,8336,324.816617
1,8337,264.510848
1,8338,375.376092
1,8339,239.142674
1,8340,376.707394
1,8341,497.853094
1,8342,468.031963
1,8343,65.087079
1,8344,406.615936
1,8345,74.372459
1,8346,531.394900
1,8347,115.679915
1,8348,406.572883
1,8349,254.286492
1,8350,448.477496
1,8351,67.115250
1,8352,248.411094
1,8353,454.207146
1,8354,77.723919
1,8355,585.796196
1,8356,548.431952
1,8357,581.280057
1,8358,41.980422
1,8359,455.663694
1,8360,542.008787
1,8361,530.287625
1,8362,131.801476
1,8363,494.116390
1,8364,416.260655
1,8365,221.364208
1,8366,78.933889
1,8367,427.048433
1,8368,440.340580
1,8369,399.118485
1,8370,81.846054
1,8371,460.937649
1,8372,125.951238
1,8373,321.959620
1,8374,492.142827
1,8375,302.656391
1,8376,555.273723
1,8377,96.763422
1,8378,452.699529
1,8379,617.800752
1,8380,110.572024
1,8381,336.975769
1,8382,629.959717
1,8383,444.579760
1,8384,601.914588
1,8385,436.448063
1,8386,82.380215
1,8387,441.422135
1,8388,283.877259
1,8389,232.534808
1,8390,236.239082
1,8391,457.085017
1,8392,45.035354
1,8393,450.019406
1,8394,309.299482
1,8395,76.273521
1,8396,351.354876
1,8397,427.482136
1,8398,146.087766
1,8399,449.337633
1,8400,352.456373
1,8401,346.963796
1,8402,64.073552
1,8403,235.906396
1,8404,189.968551
1,8405,242.773887
1,8406,70.946262
1,8407,439.590406
1,8408,151.997085
1,8409,88.740570
1,8410,66.939123
1,8411,481.546273
1,8412,87.884533
1,8413,108.382635
1,8414,212.046211
1,8415,448.876532
1,8416,794.853873
1,8417,607.869756
1,8418,100.444026
1,8419,692.848135
1,8420,104.632698
1,8421,255.858781
1,8422,237.234716
1,8423,505.981250
1,8424,140.672536
1,8425,643.280567
1,8426,73.547734
1,8427,472.721993
1,8428,265.582152
1,8429,459.384742
1,8430,66.519585
1,8431,276.755920
1,8432,205.180211
1,8433,564.751819
1,8434,64.678723
1,8435,492.634307
1,8436,268.478661
1,8437,348.582122
1,8438,471.189589
1,8439,460.092981
1,8440,113.326327
1,8441,247.299159
1,8442,453.581473
1,8443,36.224307
1,8444,442.967213
1,8445,409.223745
1,8446,455.233346
1,8447,449.448528
1,8448,92.177018
1,8449,446.021772
1,8450,392.503164
1,8451,292.344810
1,8452,528.995462
1,8453,52.770810
1,8454,159.451296
1,8455,478.572789
1,8456,87.725552
1,8457,198.022901
1,8458,483.230949
1,8459,513.285426
1,8460,463.185933
1,8461,310.031018
1,8462,358.872269
1,8463,109.061985
1,8464,390.927706
1,8465,346.656831
1,8466,62.017237
1,8467,362.896182
1,8468,74.614192
1,8469,477.492166
1,8470,246.255998
1,8471,509.576306
1,8472,75.480853
1,8473,249.445122
1,8474,516.256673
1,8475,689.082169
1,8476,273.711985
1,8477,435.902533
1,8478,113.566755
1,8479,441.235383
1,8480,66.138440
1,8481,284.101845
1,8482,528.088358
1,8483,223.877337
1,8484,67.675504
1,8485,430.693066
1,8486,266.912708
1,8487,526.506563
1,8488,68.261292
1,8489,388.116185
1,8490,575.547611
1,8491,107.523057
1,8492,260.631937
1,8493,230.990102
1,8494,53.851247
1,8495,581.908339
1,8496,515.821106
1,8497,96.359167
1,8498,677.878208
1,8499,550.851146
1,8500,444.609581
1,8501,83.809552
1,8502,182.448735
1,8503,469.869655
1,8504,471.489472
1,8505,533.530985
1,8506,72.359198
1,8507,575.850290
1,8508,558.783977
1,8509,98.430206
1,8510,502.878046
1,8511,334.084478
1,8512,58.552646
1,8513,448.289999
1,8514,279.341550
1,8515,367.003221
1,8516,145.158296
1,8517,157.032102
1,8518,321.079913
1,8519,70.700429
1,8520,505.206474
1,8521,418.833797
1,8522,459.767005
1,8523,455.762661
1,8524,51.026866
1,8525,539.138184
1,8526,72.229292
1,8527,56.879712
1,8528,471.095281
1,8529,420.658816
1,8530,78.936311
1,8531,281.190239
1,8532,308.122129
1,8533,420.102662
1,8534,116.796882
1,8535,66.003316
1,8536,429.010813
1,8537,471.412497
1,8538,411.310067
1,8539,87.801781
1,8540,411.727369
1,8541,86.026898
1,8542,422.417671
1,8543,496.992211
1,8544,386.773514
1,8545,168.849063
1,8546,419.713504
1,8547,108.117605
1,8548,89.845236
1,8549,334.906407
1,8550,140.048914
1,8551,438.338128
1,8552,418.457685
1,8553,445.751150
1,8554,118.357989
1,8555,474.661821
1,8556,357.020225
1,8557,496.826707
1,8558,357.357198
1,8559,120.744753
1,8560,491.965022
1,8561,207.703777
1,8562,466.885921
1,8563,62.382539
1,8564,288.050461
1,8565,440.244036
1,8566,257.770466
1,8567,492.874922
1,8568,422.801611
1,8569,150.320982
1,8570,456.362055
1,8571,430.530544
1,8572,115.142586
1,8573,424.071221
1,8574,635.239263
1,8575,167.213591
1,8576,706.681898
1,8577,262.115137
1,8578,216.901746
1,8579,393.980028
1,8580,187.483006
1,8581,406.774172
1,8582,141.653074
1,8583,448.856403
1,8584,55.296426
1,8585,482.424675
1,8586,386.440456
1,8587,81.491189
1,8588,416.660809
1,8589,112.093992
1,8590,459.130895
1,8591,184.468333
1,8592,287.711252
1,8593,371.191520
1,8594,169.358435
1,8595,146.200339
1,8596,458.966695
1,8597,316.324091
1,8598,504.191829
1,8599,465.102278
1,8600,448.762096
1,8601,105.437108
1,8602,436.570700
1,8603,271.004650
1,8604,302.664405
1,8605,222.339713
1,8606,114.497343
1,8607,466.817706
1,8608,485.365543
1,8609,469.436698
1,8610,60.462281
1,8611,570.230044
1,8612,469.368111
1,8613,57.683563
1,8614,220.460085
1,8615,554.225716
1,8616,91.057069
1,8617,459.667106
1,8618,61.200154
1,8619,323.285890
1,8620,59.693097
1,8621,495.923889
1,8622,457.833514
1,8623,269.769705
1,8624,154.448709
1,8625,331.013891
1,8626,468.677578
1,8627,414.186634
1,8628,428.552508
1,8629,228.825501
1,8630,431.227786
1,8631,134.019008
1,8632,452.174874
1,8633,459.018695
1,8634,102.878689
1,8635,411.843482
1,8636,334.532905
1,8637,527.045942
1,8638,144.002749
1,8639,458.976014
1,8640,500.317764
1,8641,144.611275
1,8642,83.318631
1,8643,448.953320
1,8644,84.403354
1,8645,194.441077
1,8646,482.401937
1,8647,232.705344
1,8648,456.499229
1,8649,318.764346
1,8650,215.286589
1,8651,276.177028
1,8652,390.038121
1,8653,85.247463
1,8654,47.497787
1,8655,309.975105
1,8656,372.958016
1,8657,95.646269
1,8658,400.885913
1,8659,73.306933
1,8660,459.796080
1,8661,417.485348
1,8662,154.941680
1,8663,222.646120
1,8664,61.943991
1,8665,391.384334
1,8666,402.611220
1,8667,136.267665
1,8668,428.149930
1,8669,309.437775
1,8670,486.035015
1,8671,78.093135
1,8672,395.625564
1,8673,462.485336
1,8674,441.900755
1,8675,258.944092
1,8676,46.410268
1,8677,665.302500
1,8678,279.409764
1,8679,80.452501
1,8680,299.066367
1,8681,274.577713
1,8682,351.220310
1,8683,70.265421
1,8684,224.700198
1,8685,429.395498
1,8686,511.372995
1,8687,129.295429
1,8688,493.290173
1,8689,57.336526
1,8690,241.332063
1,8691,334.554152
1,8692,73.142361
1,8693,289.839323
1,8694,78.048218
1,8695,436.419547
1,8696,151.757775
1,8697,526.510104
1,8698,201.452267
1,8699,177.729070
1,8700,376.950618
1,8701,59.792809
1,8702,248.609773
1,8703,78.293119
1,8704,399.507271
1,8705,54.637578
1,8706,325.790631
1,8707,60.828888
1,8708,420.567304
1,8709,106.883592
1,8710,64.577706
1,8711,189.509873
1,8712,293.498493
1,8713,172.154114
1,8714,197.412511
1,8715,495.509756
1,8716,59.827848
1,8717,431.470264
1,8718,380.713788
1,8719,57.621126
1,8720,320.236550
1,8721,89.685323
1,8722,88.481877
1,8723,444.128165
1,8724,56.952586
1,8725,50.851111
1,8726,354.301707
1,8727,48.378985
1,8728,285.788757
1,8729,148.466888
1,8730,47.596195
1,8731,393.724689
1,8732,438.234129
1,8733,286.691762
1,8734,265.006055
1,8735,298.781767
1,8736,449.882231
1,8737,56.877848
1,8738,500.493892
1,8739,363.544221
1,8740,59.873325
1,8741,417.818779
1,8742,448.743458
1,8743,428.084325
1,8744,116.166550
1,8745,289.292115
1,8746,98.312042
1,8747,435.266982
1,8748,240.695953
1,8749,112.477931
1,8750,336.534051
1,8751,59.015424
1,8752,275.783210
1,8753,101.401639
1,8754,97.437740
1,8755,284.935703
1,8756,177.756281
1,8757,249.137970
1,8758,52.122213
1,8759,208.668845
1,8760,76.942620
1,8761,257.013024
1,8762,58.660932
1,8763,226.247326
1,8764,78.432903
1,8765,264.242649
1,8766,78.453405
1,8767,65.241773
1,8768,188.190872
1,8769,272.665842
1,8770,215.137859
1,8771,298.018733
1,8772,315.560125
1,8773,104.048774
1,8774,497.159393
1,8775,691.960227
1,8776,66.901102
1,8777,139.847811
1,8778,295.177951
1,8779,48.590898
1,8780,448.353181
1,8781,56.997690
1,8782,462.033368
1,8783,425.280818
1,8784,57.013159
1,8785,266.059840
1,8786,345.852980
1,8787,79.487619
1,8788,278.638903
1,8789,120.604596
1,8790,97.469238
1,8791,418.454703
1,8792,77.621411
1,8793,87.707660
1,8794,466.836344
1,8795,57.674430
1,8796,293.018382
1,8797,210.206468
1,8798,86.166309
1,8799,376.859851
1,8800,340.713218
1,8801,55.582517
1,8802,427.731324
1,8803,418.998369
1,8804,82.027587
1,8805,320.004136
1,8806,384.014738
1,8807,408.914729
1,8808,279.572100
1,8809,253.825950
1,8810,283.614651
1,8811,448.232035
1,8812,53.565901
1,8813,441.574965
1,8814,57.961267
1,8815,43.750087
1,8816,264.741398
1,8817,61.045832
1,8818,111.913204
1,8819,268.926156
1,8820,276.296869
1,8821,400.114679
1,8822,120.305645
1,8823,107.932531
1,8824,281.237765
1,8825,196.933145
1,8826,182.158916
1,8827,451.489373
1,8828,101.441524
1,8829,102.546563
1,8830,334.444748
1,8831,522.254895
1,8832,251.003992
1,8833,73.602157
1,8834,282.615662
1,8835,69.517857
1,8836,424.662973
1,8837,239.109312
1,8838,429.340889
1,8839,246.751579
1,8840,350.063458
1,8841,51.077002
1,8842,272.382547
1,8843,311.292242
1,8844,50.693807
1,8845,342.635340
1,8846,83.320122
1,8847,237.187749
1,8848,387.265740
1,8849,400.289315
1,8850,233.079965
1,8851,38.351632
1,8852,438.011780
1,8853,248.798575
1,8854,48.712230
1,8855,317.047985
1,8856,391.202615
1,8857,46.071619
1,8858,343.864507
1,8859,42.782223
1,8860,435.193549
1,8861,65.949266
1,8862,408.001102
1,8863,119.421092
1,8864,297.456615
1,8865,329.856294
1,8866,301.556198
1,8867,299.041579
1,8868,59.558345
1,8869,410.187695
1,8870,61.661627
1,8871,235.981320
1,8872,144.153156
1,8873,98.948152
1,8874,430.900505
1,8875,93.172839
1,8876,300.702398
1,8877,517.883012
1,8878,39.925040
1,8879,468.885949
1,8880,51.869670
1,8881,80.871480
1,8882,420.918628
1,8883,96.972352
1,8884,40.049727
1,8885,284.735532
1,8886,354.018971
1,8887,96.365317
1,8888,272.662301
1,8889,364.446293
1,8890,394.856194
1,8891,273.695584
1,8892,75.027021
1,8893,305.404170
1,8894,205.306575
1,8895,58.201695
1,8896,320.208034
1,8897,310.152724
1,8898,82.509748
1,8899,326.275775
1,8900,211.186633
1,8901,65.653670
1,8902,197.771103
1,8903,344.942707
1,8904,62.437521
1,8905,251.692661
1,8906,396.293173
1,8907,59.104886
1,8908,239.023019
1,8909,232.037363
1,8910,349.231465
1,8911,64.257135
1,8912,261.209897
1,8913,345.500165
1,8914,70.977387
1,8915,64.293479
1,8916,340.283243
1,8917,432.326115
1,8918,79.915917
1,8919,92.513618
1,8920,271.935797
1,8921,276.290719
1,8922,143.209894
1,8923,137.659540
1,8924,331.854645
1,8925,105.538871
1,8926,80.821717
1,8927,248.741729
1,8928,474.164004
1,8929,250.082537
1,8930,424.767905
1,8931,119.328462
1,8932,409.832830
1,8933,420.443735
1,8934,123.455257
1,8935,439.810892
1,8936,51.806674
1,8937,268.969955
1,8938,409.991252
1,8939,269.073581
1,8940,335.848737
1,8941,50.281165
1,8942,399.091088
1,8943,313.989513
1,8944,78.368043
1,8945,203.002191
1,8946,293.388344
1,8947,54.051790
1,8948,395.853319
1,8949,60.394253
1,8950,430.417971
1,8951,251.383832
1,8952,474.441335
1,8953,465.790760
1,8954,62.050040
1,8955,375.801967
1,8956,255.350341
1,8957,445.892611
1,8958,260.927906
1,8959,223.161643
1,8960,398.232814
1,8961,98.072172
1,8962,370.858275
1,8963,115.759872
1,8964,459.108902
1,8965,378.403625
1,8966,147.122912
1,8967,380.501316
1,8968,150.476981
1,8969,374.537388
1,8970,160.976245
1,8971,432.938555
1,8972,293.658220
1,8973,66.858421
1,8974,310.432664
1,8975,302.528535
1,8976,470.571744
1,8977,87.692750
1,8978,311.028703
1,8979,104.763163
1,8980,305.940381
1,8981,92.052890
1,8982,287.238037
1,8983,442.007363
1,8984,86.645302
1,8985,428.853509
1,8986,329.894688
1,8987,416.235121
1,8988,160.661825
1,8989,473.086363
1,8990,279.678895
1,8991,94.182824
1,8992,209.244009
1,8993,624.444589
1,8994,526.498362
1,8995,26.472421
1,8996,362.523425
1,8997,231.659387
1,8998,316.833650
1,8999,106.189518
1,9000,258.659492
1,9001,435.095328
1,9002,76.582350
1,9003,395.292133
1,9004,383.999083
1,9005,234.321805
1,9006,339.739017
1,9007,83.116410
1,9008,334.030614
1,9009,196.895310
1,9010,105.340564
1,9011,208.653189
1,9012,284.554186
1,9013,325.304929
1,9014,439.827852
1,9015,422.864607
1,9016,482.946349
1,9017,177.668124
1,9018,551.915367
1,9019,182.474082
1,9020,274.542301
1,9021,151.222496
1,9022,151.700370
1,9023,324.444233
1,9024,179.459222
1,9025,71.788320
1,9026,408.979589
1,9027,129.350597
1,9028,188.697822
1,9029,891.939777
1,9030,478.205437
1,9031,180.237166
1,9032,88.993113
1,9033,847.071558
1,9034,305.482822
1,9035,403.265781
1,9036,73.472251
1,9037,470.305036
1,9038,424.464853
1,9039,253.692130
1,9040,199.422604
1,9041,297.798061
1,9042,299.021822
1,9043,205.770472
1,9044,196.636431
1,9045,409.474983
1,9046,325.650288
1,9047,92.252315
1,9048,205.450646
1,9049,196.195086
1,9050,337.725942
1,9051,411.652072
1,9052,332.944027
1,9053,86.286710
1,9054,393.847140
1,9055,124.331981
1,9056,146.263521
1,9057,284.681109
1,9058,112.003784
1,9059,347.222676
1,9060,357.197471
1,9061,68.560057
1,9062,240.828840
1,9063,184.245983
1,9064,91.351175
1,9065,282.157730
1,9066,125.922163
1,9067,263.190728
1,9068,128.934600
1,9069,441.613173
1,9070,249.988229
1,9071,80.774936
1,9072,361.508221
1,9073,345.363364
1,9074,121.868057
1,9075,114.844567
1,9076,432.413340
1,9077,266.445643
1,9078,389.243217
1,9079,284.942971
1,9080,205.524266
1,9081,395.074443
1,9082,327.824767
1,9083,106.454921
1,9084,217.962053
1,9085,236.774361
1,9086,418.904621
1,9087,161.259168
1,9088,459.184385
1,9089,312.222644
1,9090,75.799187
1,9091,265.701434
1,9092,117.666338
1,9093,144.418373
1,9094,300.699043
1,9095,483.950743
1,9096,351.574430
1,9097,146.873911
1,9098,275.552846
1,9099,96.240630
1,9100,587.108860
1,9101,87.207606
1,9102,398.736409
1,9103,285.665747
1,9104,279.706479
1,9105,155.356745
1,9106,336.268276
1,9107,438.928203
1,9108,113.084407
1,9109,103.033570
1,9110,379.524879
1,9111,90.139714
1,9112,272.937209
1,9113,337.735634
1,9114,85.166202
1,9115,433.161836
1,9116,80.262581
1,9117,481.351321
1,9118,380.789830
1,9119,282.193328
1,9120,136.840407
1,9121,340.497951
1,9122,28.221397
1,9123,344.127674
1,9124,136.681239
1,9125,185.517830
1,9126,275.499169
1,9127,80.080862
1,9128,484.566165
1,9129,82.717187
1,9130,199.301085
1,9131,283.817990
1,9132,134.084054
1,9133,524.422664
1,9134,86.547267
1,9135,314.209253
1,9136,344.841131
1,9137,111.075805
1,9138,220.445548
1,9139,304.502843
1,9140,159.907923
1,9141,167.522047
1,9142,258.655951
1,9143,300.491045
1,9144,169.684412
1,9145,135.113982
1,9146,84.633904
1,9147,209.234877
1,9148,302.331533
1,9149,202.393106
1,9150,415.815210
1,9151,226.164202
1,9152,437.163198
1,9153,412.281845
1,9154,367.805394
1,9155,332.140177
1,9156,125.024378
1,9157,202.173552
1,9158,237.314673
1,9159,339.667448
1,9160,107.422785
1,9161,492.500487
1,9162,173.263439
1,9163,397.330183
1,9164,361.759646
1,9165,261.722438
1,9166,124.959891
1,9167,167.211354
1,9168,417.033567
1,9169,407.126986
1,9170,99.302271
1,9171,329.987131
1,9172,100.072014
1,9173,353.309800
1,9174,443.832569
1,9175,124.801842
1,9176,481.011367
1,9177,138.003595
1,9178,343.315995
1,9179,91.692061
1,9180,235.078130
1,9181,173.925270
1,9182,471.580797
1,9183,114.081533
1,9184,218.454093
1,9185,231.156538
1,9186,204.763468
1,9187,145.514279
1,9188,389.159719
1,9189,125.945647
1,9190,309.207225
1,9191,237.564979
1,9192,506.381404
1,9193,193.284412
1,9194,181.010078
1,9195,174.870954
1,9196,141.616358
1,9197,409.348992
1,9198,491.407563
1,9199,137.649476
1,9200,346.106082
1,9201,126.426690
1,9202,154.148080
1,9203,392.464025
1,9204,140.847360
1,9205,134.463893
1,9206,143.981129
1,9207,244.066609
1,9208,291.640299
1,9209,116.726431
1,9210,411.366540
1,9211,136.829969
1,9212,527.688203
1,9213,112.425559
1,9214,237.718368
1,9215,121.332218
1,9216,123.987740
1,9217,138.190533
1,9218,95.949693
1,9219,96.099169
1,9220,411.347902
1,9221,73.707647
1,9222,415.212461
1,9223,489.853352
1,9224,179.240973
1,9225,177.720310
1,9226,290.091120
1,9227,282.499548
1,9228,102.431940
1,9229,288.102275
1,9230,68.461090
1,9231,278.614114
1,9232,177.007039
1,9233,206.127573
1,9234,428.799273
1,9235,398.409874
1,9236,127.741032
1,9237,131.110011
1,9238,136.527291
1,9239,401.573277
1,9240,158.174603
1,9241,362.235098
1,9242,118.385759
1,9243,381.705322
1,9244,145.514652
1,9245,236.192860
1,9246,227.841795
1,9247,336.100162
1,9248,266.495966
1,9249,131.999596
1,9250,180.477036
1,9251,355.520809
1,9252,263.052062
1,9253,406.354633
1,9254,165.547553
1,9255,268.627018
1,9256,77.303635
1,9257,371.793709
1,9258,178.093067
1,9259,372.181749
1,9260,39.749471
1,9261,327.683679
1,9262,83.290301
1,9263,64.814407
1,9264,308.803529
1,9265,112.413444
1,9266,110.123038
1,9267,160.686986
1,9268,270.961596
1,9269,70.652902
1,9270,215.130217
1,9271,64.115674
1,9272,353.235435
1,9273,160.993951
1,9274,156.627661
1,9275,544.565155
1,9276,148.577411
1,9277,114.112658
1,9278,346.060047
1,9279,342.373479
1,9280,284.335750
1,9281,297.958905
1,9282,135.112118
1,9283,390.961254
1,9284,95.388880
1,9285,184.243747
1,9286,433.100704
1,9287,87.598815
1,9288,170.682282
1,9289,367.982267
1,9290,400.487622
1,9291,94.617459
1,9292,254.280528
1,9293,99.818167
1,9294,302.259777
1,9295,131.990650
1,9296,402.537787
1,9297,657.329597
1,9298,139.820600
1,9299,382.682504
1,9300,140.292697
1,9301,215.750299
1,9302,518.160344
1,9303,459.026523
1,9304,98.641373
1,9305,217.768965
1,9306,210.605877
1,9307,83.596521
1,9308,285.599210
1,9309,78.568587
1,9310,438.940318
1,9311,126.847160
1,9312,487.860593
1,9313,95.547115
1,9314,115.076981
1,9315,291.541518
1,9316,461.678131
1,9317,324.966838
1,9318,129.442296
1,9319,106.482133
1,9320,355.982283
1,9321,306.982610
1,9322,154.818670
1,9323,469.833871
1,9324,303.175455
1,9325,106.267425
1,9326,938.935879
1,9327,151.458451
1,9328,126.070894
1,9329,438.556751
1,9330,307.961657
1,9331,484.011875
1,9332,115.720173
1,9333,422.399592
1,9334,221.580593
1,9335,305.290107
1,9336,133.258956
1,9337,256.695248
1,9338,279.494380
1,9339,266.793053
1,9340,290.677654
1,9341,268.731763
1,9342,73.208712
1,9343,156.858025
1,9344,147.878678
1,9345,228.855695
1,9346,182.654310
1,9347,298.524378
1,9348,109.708346
1,9349,198.661807
1,9350,84.766233
1,9351,299.790634
1,9352,39.753199
1,9353,281.530566
1,9354,229.792433
1,9355,57.434561
1,9356,396.038393
1,9357,265.037926
1,9358,246.714676
1,9359,382.430334
1,9360,69.601541
1,9361,381.762913
1,9362,290.322230
1,9363,294.449024
1,9364,501.230646
1,9365,230.888526
1,9366,300.529811
1,9367,95.332966
1,9368,398.638374
1,9369,311.034667
1,9370,254.981125
1,9371,100.574118
1,9372,294.728965
1,9373,260.201589
1,9374,306.227591
1,9375,235.547804
1,9376,91.879185
1,9377,267.557578
1,9378,261.545005
1,9379,82.103629
1,9380,372.461690
1,9381,221.482185
1,9382,226.354308
1,9383,265.734982
1,9384,324.711872
1,9385,377.370715
1,9386,234.716742
1,9387,72.949273
1,9388,392.711722
1,9389,99.406270
1,9390,342.297809
1,9391,104.096860
1,9392,394.674847
1,9393,76.853531
1,9394,98.816941
1,9395,291.276674
1,9396,388.775034
1,9397,70.970119
1,9398,244.431166
1,9399,76.442007
1,9400,245.852116
1,9401,141.876356
1,9402,129.250326
1,9403,218.019458
1,9404,212.350008
1,9405,256.112815
1,9406,79.586400
1,9407,147.773933
1,9408,161.907393
1,9409,461.192428
1,9410,83.064411
1,9411,404.149589
1,9412,113.571787
1,9413,449.871235
1,9414,94.944926
1,9415,355.600020
1,9416,297.344974
1,9417,418.996692
1,9418,154.022834
1,9419,89.964704
1,9420,423.419456
1,9421,129.757834
1,9422,381.990854
1,9423,248.449488
1,9424,249.033784
