subtaskID,datapointID,answer
1,0,325.795114
1,1,90.349144
1,2,161.562187
1,3,30.282713
1,4,425.135595
1,5,83.266839
1,6,275.509342
1,7,277.995461
1,8,260.963209
1,9,301.926399
1,10,269.545504
1,11,44.008205
1,12,137.308131
1,13,246.142495
1,14,84.961819
1,15,229.651184
1,16,199.697842
1,17,212.592030
1,18,290.254827
1,19,501.558209
1,20,114.915823
1,21,221.168646
1,22,293.116379
1,23,263.943040
1,24,254.662101
1,25,84.702543
1,26,176.243631
1,27,185.242971
1,28,99.879023
1,29,47.513062
1,30,326.851461
1,31,88.700106
1,32,186.766953
1,33,471.181286
1,34,47.375679
1,35,335.375357
1,36,149.174782
1,37,291.612110
1,38,97.442322
1,39,217.624778
1,40,86.328378
1,41,350.950902
1,42,176.648662
1,43,269.725516
1,44,380.742123
1,45,106.478467
1,46,65.860033
1,47,315.011752
1,48,108.821184
1,49,162.793314
1,50,149.639265
1,51,260.704729
1,52,224.367146
1,53,87.680523
1,54,226.721342
1,55,122.315361
1,56,243.173441
1,57,221.668989
1,58,107.406187
1,59,431.574646
1,60,86.029237
1,61,211.338756
1,62,85.170130
1,63,299.409182
1,64,180.951521
1,65,229.709592
1,66,84.116289
1,67,159.007920
1,68,185.961606
1,69,309.180557
1,70,82.856983
1,71,303.255673
1,72,84.147650
1,73,292.787360
1,74,297.329553
1,75,274.851390
1,76,139.266371
1,77,102.799884
1,78,43.850758
1,79,321.631651
1,80,81.254409
1,81,443.375633
1,82,296.042305
1,83,284.825563
1,84,107.859673
1,85,243.235674
1,86,132.541690
1,87,208.818087
1,88,274.460239
1,89,271.405053
1,90,336.785527
1,91,87.078633
1,92,85.595406
1,93,348.812056
1,94,531.980597
1,95,573.677598
1,96,429.396001
1,97,457.535985
1,98,330.607872
1,99,65.357892
1,100,356.890862
1,101,104.114537
1,102,385.560212
1,103,249.635002
1,104,343.776501
1,105,179.945600
1,106,138.329644
1,107,273.263959
1,108,84.904516
1,109,219.016913
1,110,440.546594
1,111,112.810282
1,112,415.544738
1,113,96.640094
1,114,235.637786
1,115,521.921068
1,116,414.445096
1,117,369.389320
1,118,234.989625
1,119,124.357345
1,120,169.092073
1,121,79.998149
1,122,208.010893
1,123,291.060565
1,124,416.497429
1,125,205.245348
1,126,453.948999
1,127,112.214139
1,128,130.727450
1,129,209.280624
1,130,262.599784
1,131,79.125580
1,132,264.407468
1,133,78.741642
1,134,123.693271
1,135,81.827460
1,136,208.399617
1,137,298.550019
1,138,339.383073
1,139,361.108861
1,140,307.692279
1,141,171.597415
1,142,121.420611
1,143,296.731743
1,144,339.541150
1,145,384.015253
1,146,77.997219
1,147,336.053537
1,148,36.212163
1,149,286.791814
1,150,234.302590
1,151,76.344924
1,152,175.945783
1,153,319.276137
1,154,255.226568
1,155,325.427222
1,156,337.054587
1,157,366.256249
1,158,405.113498
1,159,81.307514
1,160,139.868742
1,161,334.491921
1,162,142.024429
1,163,217.532288
1,164,152.174613
1,165,107.464243
1,166,326.919650
1,167,66.064997
1,168,304.998648
1,169,235.502016
1,170,227.018551
1,171,328.919809
1,172,407.631709
1,173,72.482564
1,174,221.535951
1,175,116.523354
1,176,307.593129
1,177,76.912351
1,178,290.443768
1,179,145.460372
1,180,329.414180
1,181,290.025777
1,182,87.555050
1,183,411.497825
1,184,371.590408
1,185,391.338510
1,186,441.817740
1,187,360.451668
1,188,82.104701
1,189,237.826770
1,190,77.522694
1,191,238.301252
1,192,329.698545
1,193,79.482761
1,194,166.513810
1,195,280.714591
1,196,126.180724
1,197,164.716353
1,198,77.582314
1,199,664.571133
1,200,76.835390
1,201,324.051186
1,202,135.327232
1,203,247.811355
1,204,79.257426
1,205,165.704672
1,206,324.835000
1,207,340.918739
1,208,78.517769
1,209,41.285704
1,210,289.242715
1,211,76.475182
1,212,345.160381
1,213,90.396620
1,214,187.429025
1,215,503.590203
1,216,77.724504
1,217,345.991537
1,218,75.366374
1,219,264.230713
1,220,205.568870
1,221,220.826046
1,222,271.213228
1,223,283.662666
1,224,185.201624
1,225,203.222751
1,226,378.397743
1,227,73.598837
1,228,166.975972
1,229,201.041431
1,230,235.162537
1,231,160.128709
1,232,89.399864
1,233,306.088057
1,234,228.469236
1,235,76.177455
1,236,189.794907
1,237,165.892517
1,238,260.892555
1,239,119.776375
1,240,70.617949
1,241,301.385201
1,242,158.650856
1,243,168.171268
1,244,218.173544
1,245,259.602607
1,246,218.340051
1,247,323.714744
1,248,114.054104
1,249,156.353471
1,250,71.616482
1,251,165.832253
1,252,70.095728
1,253,211.915599
1,254,67.747704
1,255,73.704490
1,256,256.249843
1,257,280.247239
1,258,321.264272
1,259,278.079112
1,260,156.848269
1,261,284.631234
1,262,70.000320
1,263,259.274068
1,264,122.035001
1,265,182.171295
1,266,246.444277
1,267,482.962000
1,268,223.301970
1,269,275.414384
1,270,380.808611
1,271,194.541712
1,272,431.211642
1,273,335.313667
1,274,281.418385
1,275,216.022409
1,276,69.665317
1,277,298.661587
1,278,71.985804
1,279,237.281757
1,280,344.463110
1,281,302.565100
1,282,71.716990
1,283,339.404926
1,284,301.093009
1,285,278.482279
1,286,268.220188
1,287,348.859199
1,288,117.722162
1,289,81.914218
1,290,102.198483
1,291,270.290596
1,292,223.847990
1,293,302.750383
1,294,247.478604
1,295,351.081289
1,296,237.626956
1,297,165.296248
1,298,437.004558
1,299,89.491288
1,300,277.851539
1,301,374.181558
1,302,351.399135
1,303,343.285820
1,304,337.210702
1,305,77.262487
1,306,231.700792
1,307,406.480720
1,308,135.140472
1,309,231.746953
1,310,426.680528
1,311,369.502541
1,312,338.123057
1,313,305.606874
1,314,126.747294
1,315,369.395946
1,316,279.417236
1,317,324.896415
1,318,78.328314
1,319,164.991089
1,320,254.186206
1,321,332.093750
1,322,304.372875
1,323,86.542505
1,324,365.160349
1,325,99.112048
1,326,405.340405
1,327,457.948271
1,328,395.538169
1,329,71.210110
1,330,34.432330
1,331,287.494693
1,332,79.723878
1,333,254.727036
1,334,183.287721
1,335,278.377209
1,336,154.578513
1,337,310.703004
1,338,255.439336
1,339,185.543682
1,340,65.086115
1,341,176.150839
1,342,265.695774
1,343,114.585758
1,344,190.734683
1,345,222.792847
1,346,156.236352
1,347,135.498379
1,348,293.907642
1,349,365.597308
1,350,234.617095
1,351,172.135170
1,352,149.103715
1,353,120.073252
1,354,248.334734
1,355,273.760166
1,356,77.013962
1,357,274.160898
1,358,75.693910
1,359,168.680295
1,360,34.052104
1,361,120.745759
1,362,281.856608
1,363,338.054467
1,364,241.862804
1,365,313.002421
1,366,222.694951
1,367,124.443530
1,368,272.154300
1,369,292.808845
1,370,170.508904
1,371,251.338386
1,372,249.748748
1,373,346.084897
1,374,234.091052
1,375,253.623965
1,376,90.471466
1,377,437.166725
1,378,54.290505
1,379,277.858534
1,380,75.891997
1,381,191.219013
1,382,170.933655
1,383,314.723602
1,384,74.347326
1,385,196.882496
1,386,675.793039
1,387,655.763191
1,388,323.321089
1,389,338.990633
1,390,34.903638
1,391,389.446758
1,392,360.058073
1,393,402.451669
1,394,312.878320
1,395,268.968228
1,396,74.173558
1,397,91.010458
1,398,434.267521
1,399,254.790326
1,400,379.449345
1,401,439.885253
1,402,442.483185
1,403,400.137192
1,404,377.370786
1,405,97.796701
1,406,373.846224
1,407,267.809149
1,408,560.280317
1,409,442.850289
1,410,355.771236
1,411,394.808006
1,412,80.698097
1,413,367.387282
1,414,363.196959
1,415,421.962813
1,416,534.374719
1,417,272.340281
1,418,249.298815
1,419,419.341683
1,420,42.519221
1,421,190.775494
1,422,310.034586
1,423,372.274341
1,424,366.998844
1,425,272.607510
1,426,356.371076
1,427,344.241029
1,428,100.859135
1,429,106.973300
1,430,492.054407
1,431,142.684966
1,432,336.144994
1,433,430.656237
1,434,80.847666
1,435,397.291398
1,436,85.999988
1,437,171.260128
1,438,158.712780
1,439,257.686558
1,440,298.689558
1,441,168.271653
1,442,321.525833
1,443,63.586822
1,444,280.111430
1,445,333.030737
1,446,75.669078
1,447,100.019621
1,448,487.399159
1,449,333.517028
1,450,76.038435
1,451,448.657848
1,452,304.248346
1,453,430.276632
1,454,76.532032
1,455,247.644738
1,456,81.458671
1,457,406.181435
1,458,190.080408
1,459,367.585116
1,460,317.649297
1,461,357.516027
1,462,291.202985
1,463,513.235316
1,464,343.151053
1,465,535.990258
1,466,393.714696
1,467,528.941680
1,468,81.493406
1,469,213.729708
1,470,98.889982
1,471,410.238867
1,472,485.536556
1,473,91.257915
1,474,245.460064
1,475,84.539720
1,476,221.631237
1,477,194.840207
1,478,201.602112
1,479,85.656846
1,480,349.624733
1,481,85.385829
1,482,313.181084
1,483,81.855705
1,484,105.009844
1,485,415.286448
1,486,293.231376
1,487,397.424809
1,488,323.202277
1,489,114.197606
1,490,181.174042
1,491,240.417165
1,492,358.691335
1,493,74.363080
1,494,405.279228
1,495,87.401094
1,496,91.741979
1,497,425.420738
1,498,136.632129
1,499,371.046002
1,500,367.813944
1,501,99.469102
1,502,273.483985
1,503,296.996655
1,504,40.488933
1,505,243.990487
1,506,80.836086
1,507,375.862609
1,508,473.541804
1,509,391.601514
1,510,466.754920
1,511,258.094778
1,512,305.347023
1,513,326.032678
1,514,268.352590
1,515,362.833818
1,516,321.886736
1,517,251.035490
1,518,113.869447
1,519,237.879129
1,520,266.632247
1,521,364.327105
1,522,100.683148
1,523,209.617065
1,524,376.388622
1,525,89.651733
1,526,523.849344
1,527,146.606589
1,528,336.661650
1,529,314.859046
1,530,194.075025
1,531,82.434917
1,532,280.589233
1,533,81.360724
1,534,319.839220
1,535,201.740338
1,536,263.127733
1,537,277.081261
1,538,67.763544
1,539,233.127392
1,540,392.478641
1,541,290.042112
1,542,278.024808
1,543,125.925088
1,544,213.315135
1,545,326.007549
1,546,391.562042
1,547,441.739482
1,548,36.528352
1,549,239.213220
1,550,364.912317
1,551,79.708870
1,552,269.419444
1,553,77.086142
1,554,101.994714
1,555,315.034879
1,556,63.017962
1,557,204.219224
1,558,84.354821
1,559,219.644750
1,560,201.840331
1,561,81.018983
1,562,168.353960
1,563,261.175966
1,564,112.819948
1,565,356.123760
1,566,104.705026
1,567,144.685304
1,568,417.912367
1,569,88.147506
1,570,398.337926
1,571,451.895049
1,572,202.546145
1,573,528.185886
1,574,98.312908
1,575,308.286711
1,576,316.267852
1,577,511.891261
1,578,293.434576
1,579,257.259657
1,580,330.738273
1,581,218.474453
1,582,334.706689
1,583,96.587854
1,584,576.299629
1,585,87.263867
1,586,81.988479
1,587,509.527447
1,588,475.156350
1,589,205.237930
1,590,327.558918
1,591,294.721200
1,592,626.854258
1,593,80.008723
1,594,312.558016
1,595,143.426990
1,596,344.626275
1,597,305.093682
1,598,203.832956
1,599,299.029381
1,600,306.476550
1,601,195.856631
1,602,368.507291
1,603,265.904782
1,604,500.244046
1,605,340.853448
1,606,514.341244
1,607,438.600629
1,608,338.776670
1,609,80.248149
1,610,342.454015
1,611,320.954937
1,612,391.669844
1,613,388.296987
1,614,76.959120
1,615,380.994098
1,616,359.721296
1,617,372.663952
1,618,422.521174
1,619,516.699540
1,620,268.486618
1,621,311.818171
1,622,354.975744
1,623,121.987621
1,624,365.243426
1,625,247.578596
1,626,165.868992
1,627,219.033075
1,628,63.476631
1,629,130.955523
1,630,286.421679
1,631,230.618888
1,632,255.518912
1,633,84.760109
1,634,33.505928
1,635,75.128446
1,636,154.132228
1,637,259.026378
1,638,226.190976
1,639,84.872840
1,640,181.155280
1,641,83.626661
1,642,297.935557
1,643,134.445719
1,644,231.555103
1,645,32.375663
1,646,211.535843
1,647,109.633164
1,648,274.487503
1,649,80.893668
1,650,173.596000
1,651,40.963970
1,652,304.020167
1,653,209.667264
1,654,242.025964
1,655,249.855329
1,656,84.382295
1,657,178.494446
1,658,93.512523
1,659,306.194466
1,660,400.793096
1,661,33.320825
1,662,280.220139
1,663,185.457300
1,664,83.185385
1,665,131.202704
1,666,80.360574
1,667,88.748116
1,668,39.591408
1,669,269.207386
1,670,79.286928
1,671,129.095389
1,672,265.776495
1,673,310.189344
1,674,81.086512
1,675,221.008738
1,676,88.888773
1,677,251.969702
1,678,82.342723
1,679,205.475825
1,680,81.415106
1,681,80.546155
1,682,269.378064
1,683,124.094273
1,684,273.255849
1,685,200.077767
1,686,79.037532
1,687,241.467699
1,688,297.944118
1,689,313.757466
1,690,374.914377
1,691,131.895289
1,692,87.590679
1,693,132.996469
1,694,300.341380
1,695,376.691591
1,696,253.774323
1,697,78.052670
1,698,242.279231
1,699,74.004452
1,700,241.720456
1,701,242.279963
1,702,168.169674
1,703,308.638757
1,704,76.932366
1,705,274.034149
1,706,1175.008324
1,707,313.631008
1,708,79.857519
1,709,344.718812
1,710,203.475478
1,711,158.959164
1,712,307.741305
1,713,81.441923
1,714,200.356648
1,715,82.110757
1,716,174.683459
1,717,152.387226
1,718,321.347372
1,719,363.480499
1,720,93.786176
1,721,419.965800
1,722,280.794559
1,723,61.866791
1,724,177.267068
1,725,355.019681
1,726,31.058801
1,727,245.384966
1,728,404.020223
1,729,31.059014
1,730,305.363762
1,731,597.093534
1,732,433.209502
1,733,305.902414
1,734,295.307300
1,735,90.234558
1,736,228.224993
1,737,96.050596
1,738,373.336062
1,739,285.912701
1,740,334.470840
1,741,323.747369
1,742,417.748981
1,743,137.158022
1,744,234.707601
1,745,249.541096
1,746,79.360595
1,747,309.795204
1,748,271.679180
1,749,82.634070
1,750,210.504014
1,751,80.228997
1,752,210.636430
1,753,178.371572
1,754,129.817045
1,755,169.253016
1,756,79.653000
1,757,200.455466
1,758,140.237918
1,759,344.413823
1,760,79.582739
1,761,245.113384
1,762,389.142988
1,763,38.475583
1,764,206.616625
1,765,333.103159
1,766,76.896710
1,767,226.590651
1,768,208.414982
1,769,398.588294
1,770,100.942069
1,771,208.347253
1,772,289.087287
1,773,127.050006
1,774,133.342281
1,775,213.824332
1,776,359.864183
1,777,315.711576
1,778,79.600852
1,779,270.250027
1,780,78.334998
1,781,178.176234
1,782,341.025913
1,783,80.513667
1,784,291.227837
1,785,76.445314
1,786,162.106040
1,787,81.554047
1,788,396.148253
1,789,76.673383
1,790,123.699373
1,791,312.012771
1,792,354.229888
1,793,366.067467
1,794,499.316987
1,795,31.669539
1,796,332.653282
1,797,220.018145
1,798,322.139501
1,799,87.988926
1,800,280.747860
1,801,466.471508
1,802,104.031544
1,803,481.120229
1,804,410.899823
1,805,216.542806
1,806,342.403845
1,807,92.020199
1,808,327.039871
1,809,170.191939
1,810,95.389202
1,811,196.730573
1,812,239.645594
1,813,295.912376
1,814,447.134422
1,815,455.433260
1,816,469.756134
1,817,125.769418
1,818,543.658624
1,819,118.778177
1,820,296.368214
1,821,112.073579
1,822,109.988873
1,823,278.822447
1,824,208.487365
1,825,95.536113
1,826,390.144101
1,827,110.840272
1,828,209.639600
1,829,888.426753
1,830,363.099898
1,831,224.948710
1,832,106.449015
1,833,659.018867
1,834,329.766588
1,835,401.160434
1,836,97.113875
1,837,536.605548
1,838,360.253534
1,839,271.902095
1,840,199.487913
1,841,336.723275
1,842,309.184961
1,843,221.265932
1,844,193.919261
1,845,428.594875
1,846,326.520095
1,847,92.928793
1,848,226.419837
1,849,246.821034
1,850,310.863389
1,851,344.645949
1,852,292.090088
1,853,98.047784
1,854,396.795510
1,855,98.167354
1,856,120.287785
1,857,267.150574
1,858,94.258070
1,859,316.712319
1,860,361.041618
1,861,67.671087
1,862,234.748700
1,863,206.326619
1,864,80.970450
1,865,245.666562
1,866,169.191203
1,867,288.705819
1,868,105.943861
1,869,537.532958
1,870,234.755830
1,871,92.897579
1,872,389.490578
1,873,298.194492
1,874,118.517211
1,875,56.723417
1,876,317.012457
1,877,261.276448
1,878,344.561190
1,879,288.953974
1,880,193.790278
1,881,390.232373
1,882,271.089894
1,883,48.734180
1,884,212.446557
1,885,241.142542
1,886,423.810572
1,887,170.741928
1,888,489.304506
1,889,296.383620
1,890,96.899430
1,891,175.621805
1,892,92.365496
1,893,191.068584
1,894,353.657820
1,895,489.781033
1,896,367.084568
1,897,105.232492
1,898,254.414380
1,899,51.442852
1,900,531.932838
1,901,96.668952
1,902,307.514721
1,903,283.753431
1,904,303.775687
1,905,164.917003
1,906,350.319951
1,907,464.866456
1,908,95.647590
1,909,52.924085
1,910,391.446255
1,911,96.180046
1,912,180.413782
1,913,323.804766
1,914,93.343891
1,915,475.696755
1,916,92.871986
1,917,479.143768
1,918,301.948283
1,919,274.975353
1,920,144.822730
1,921,350.309684
1,922,48.646961
1,923,394.515378
1,924,150.518087
1,925,261.817172
1,926,258.961989
1,927,98.566760
1,928,526.751531
1,929,88.654209
1,930,252.714999
1,931,306.038887
1,932,141.077677
1,933,567.362373
1,934,92.564013
1,935,299.992355
1,936,359.807606
1,937,146.473913
1,938,213.683995
1,939,355.570382
1,940,187.460325
1,941,104.468071
1,942,284.925649
1,943,284.630476
1,944,111.804094
1,945,139.518766
1,946,89.077254
1,947,237.793433
1,948,337.915475
1,949,215.445886
1,950,423.416404
1,951,201.824532
1,952,442.112446
1,953,405.729492
1,954,386.584535
1,955,345.378334
1,956,102.383057
1,957,230.230937
1,958,260.620456
1,959,327.831754
1,960,108.782856
1,961,332.963426
1,962,161.068898
1,963,398.441273
1,964,355.176076
1,965,219.440794
1,966,117.389540
1,967,136.843393
1,968,458.177944
1,969,362.582920
1,970,93.082882
1,971,318.484284
1,972,101.159551
1,973,406.724658
1,974,435.308182
1,975,118.776016
1,976,428.928789
1,977,104.149440
1,978,361.874075
1,979,95.454286
1,980,263.429775
1,981,62.171930
1,982,541.173375
1,983,111.590343
1,984,216.703939
1,985,233.227250
1,986,200.187620
1,987,170.572678
1,988,410.147302
1,989,91.059741
1,990,384.470428
1,991,271.494043
1,992,509.230841
1,993,252.439537
1,994,241.928436
1,995,212.378556
1,996,156.041039
1,997,353.454520
1,998,528.133878
1,999,177.441333
1,1000,483.032367
1,1001,115.513575
1,1002,173.686104
1,1003,462.910861
1,1004,172.017067
1,1005,170.996369
1,1006,189.528300
1,1007,178.851010
1,1008,295.462348
1,1009,70.963277
1,1010,448.159817
1,1011,161.879805
1,1012,512.415388
1,1013,104.956049
1,1014,237.019281
1,1015,94.867722
1,1016,95.712604
1,1017,163.119649
1,1018,97.470854
1,1019,97.730696
1,1020,313.132850
1,1021,41.964155
1,1022,284.391493
1,1023,433.893602
1,1024,188.992668
1,1025,112.625531
1,1026,272.589199
1,1027,286.370369
1,1028,85.784553
1,1029,307.436982
1,1030,43.974924
1,1031,268.119620
1,1032,96.943588
1,1033,218.502798
1,1034,470.615693
1,1035,369.179212
1,1036,85.744396
1,1037,137.038072
1,1038,139.954938
1,1039,371.461049
1,1040,82.834511
1,1041,449.548544
1,1042,88.363516
1,1043,324.076175
1,1044,113.665327
1,1045,253.157337
1,1046,200.968899
1,1047,349.435391
1,1048,290.732216
1,1049,89.585045
1,1050,198.641730
1,1051,349.037587
1,1052,294.445772
1,1053,495.266637
1,1054,198.392755
1,1055,305.908799
1,1056,92.694659
1,1057,400.920233
1,1058,189.168979
1,1059,383.375916
1,1060,46.697255
1,1061,289.466444
1,1062,91.144580
1,1063,96.281771
1,1064,236.020128
1,1065,101.945866
1,1066,102.970927
1,1067,145.784749
1,1068,252.271126
1,1069,93.232315
1,1070,224.906439
1,1071,92.744403
1,1072,345.622515
1,1073,140.441451
1,1074,180.215952
1,1075,452.993310
1,1076,141.336449
1,1077,93.181549
1,1078,377.989846
1,1079,384.742807
1,1080,228.036129
1,1081,303.867539
1,1082,117.404904
1,1083,314.905203
1,1084,142.213428
1,1085,208.599826
1,1086,466.368441
1,1087,93.763397
1,1088,173.761520
1,1089,404.894567
1,1090,403.434874
1,1091,99.660697
1,1092,235.714514
1,1093,92.673367
1,1094,300.559364
1,1095,121.409421
1,1096,406.668050
1,1097,675.835126
1,1098,166.352745
1,1099,359.691440
1,1100,124.752832
1,1101,277.491962
1,1102,420.348105
1,1103,418.592388
1,1104,104.830971
1,1105,242.434586
1,1106,181.599017
1,1107,89.116267
1,1108,315.690285
1,1109,91.871145
1,1110,429.719436
1,1111,126.894513
1,1112,439.746102
1,1113,134.837098
1,1114,136.895194
1,1115,301.181373
1,1116,504.862012
1,1117,364.568615
1,1118,98.058187
1,1119,142.515399
1,1120,397.991179
1,1121,317.776123
1,1122,152.467267
1,1123,409.028705
1,1124,256.927360
1,1125,95.153201
1,1126,1056.550015
1,1127,170.402899
1,1128,109.696096
1,1129,514.556292
1,1130,329.140051
1,1131,531.455104
1,1132,84.014890
1,1133,392.907604
1,1134,228.722663
1,1135,331.310666
1,1136,111.028892
1,1137,232.928569
1,1138,289.835045
1,1139,345.351295
1,1140,390.769935
1,1141,352.041289
1,1142,83.921559
1,1143,194.084064
1,1144,132.313088
1,1145,232.262687
1,1146,192.376587
1,1147,342.601446
1,1148,106.304480
1,1149,190.540416
1,1150,103.402819
1,1151,309.963791
1,1152,91.078944
1,1153,295.402714
1,1154,211.453827
1,1155,93.641295
1,1156,386.260768
1,1157,222.753539
1,1158,211.023644
1,1159,350.501927
1,1160,47.748159
1,1161,339.769082
1,1162,301.204352
1,1163,249.888057
1,1164,488.012119
1,1165,184.024320
1,1166,284.525169
1,1167,118.403018
1,1168,391.450316
1,1169,274.785533
1,1170,195.558723
1,1171,105.640106
1,1172,286.031111
1,1173,240.658604
1,1174,280.255992
1,1175,217.832217
1,1176,101.331281
1,1177,295.425993
1,1178,244.370450
1,1179,48.560271
1,1180,365.672449
1,1181,218.379828
1,1182,255.556707
1,1183,205.990571
1,1184,312.562196
1,1185,409.986531
1,1186,217.385544
1,1187,48.285667
1,1188,413.108093
1,1189,100.563283
1,1190,396.418144
1,1191,96.950322
1,1192,386.887431
1,1193,88.046178
1,1194,96.170697
1,1195,310.993377
1,1196,347.209091
1,1197,90.414461
1,1198,186.916411
1,1199,90.619883
1,1200,240.456535
1,1201,148.880633
1,1202,138.774649
1,1203,182.038309
1,1204,243.337299
1,1205,303.487220
1,1206,97.621443
1,1207,171.208076
1,1208,154.642622
1,1209,481.999330
1,1210,100.618127
1,1211,523.084382
1,1212,126.923736
1,1213,433.881328
1,1214,115.366675
1,1215,289.568167
1,1216,266.569934
1,1217,447.870229
1,1218,154.610598
1,1219,89.617050
1,1220,405.443185
1,1221,140.176195
1,1222,392.405517
1,1223,192.378374
1,1224,275.291580
1,1225,262.822795
1,1226,89.464378
1,1227,332.803207
1,1228,241.432021
1,1229,377.670523
1,1230,293.792081
1,1231,382.176177
1,1232,466.567529
1,1233,554.843359
1,1234,90.399069
1,1235,390.466935
1,1236,91.973556
1,1237,470.912899
1,1238,104.690452
1,1239,381.342799
1,1240,257.403346
1,1241,514.203408
1,1242,94.558228
1,1243,228.493160
1,1244,472.377088
1,1245,117.787754
1,1246,613.067126
1,1247,656.764104
1,1248,657.382472
1,1249,50.406149
1,1250,478.104970
1,1251,502.466103
1,1252,587.736681
1,1253,109.912532
1,1254,471.052840
1,1255,427.622933
1,1256,242.114905
1,1257,98.599373
1,1258,433.111928
1,1259,425.770417
1,1260,356.070062
1,1261,106.151772
1,1262,485.823902
1,1263,97.513363
1,1264,300.148902
1,1265,538.386897
1,1266,322.783887
1,1267,566.426737
1,1268,119.814802
1,1269,493.487134
1,1270,601.344236
1,1271,95.465281
1,1272,415.171419
1,1273,758.804432
1,1274,476.034469
1,1275,621.715513
1,1276,426.409257
1,1277,99.533612
1,1278,371.930717
1,1279,283.272154
1,1280,211.513369
1,1281,243.053388
1,1282,406.444289
1,1283,54.349517
1,1284,433.090791
1,1285,308.079339
1,1286,98.797318
1,1287,322.936488
1,1288,395.138493
1,1289,159.936856
1,1290,443.676448
1,1291,496.468336
1,1292,367.755398
1,1293,84.354161
1,1294,255.812855
1,1295,173.847059
1,1296,308.581577
1,1297,84.724404
1,1298,498.817872
1,1299,160.326648
1,1300,111.687013
1,1301,96.418551
1,1302,496.265656
1,1303,106.174142
1,1304,54.485393
1,1305,208.373100
1,1306,381.791756
1,1307,851.733626
1,1308,595.916720
1,1309,105.992966
1,1310,672.584984
1,1311,106.144301
1,1312,224.773989
1,1313,237.072627
1,1314,527.084810
1,1315,148.149726
1,1316,688.053063
1,1317,93.265333
1,1318,466.894259
1,1319,288.019066
1,1320,440.164695
1,1321,103.874065
1,1322,287.436776
1,1323,187.472370
1,1324,582.990043
1,1325,114.411088
1,1326,555.435316
1,1327,229.666361
1,1328,308.356688
1,1329,444.313360
1,1330,470.533536
1,1331,96.585440
1,1332,238.942971
1,1333,478.635025
1,1334,49.536139
1,1335,435.873419
1,1336,352.884343
1,1337,391.394058
1,1338,360.555919
1,1339,100.010599
1,1340,400.795192
1,1341,344.469156
1,1342,251.130461
1,1343,527.982687
1,1344,95.439774
1,1345,200.435371
1,1346,502.971950
1,1347,90.998562
1,1348,242.489896
1,1349,475.490829
1,1350,541.279118
1,1351,426.565299
1,1352,378.611039
1,1353,394.456708
1,1354,118.247428
1,1355,293.504161
1,1356,331.905621
1,1357,87.291201
1,1358,409.562681
1,1359,84.827168
1,1360,470.540557
1,1361,257.585781
1,1362,474.302073
1,1363,89.920791
1,1364,229.836877
1,1365,432.744428
1,1366,798.828878
1,1367,371.955310
1,1368,398.648064
1,1369,136.209839
1,1370,443.879494
1,1371,99.233996
1,1372,399.723936
1,1373,571.430884
1,1374,219.306909
1,1375,106.037765
1,1376,382.566099
1,1377,293.656682
1,1378,377.144650
1,1379,96.333008
1,1380,373.222667
1,1381,629.189113
1,1382,138.077960
1,1383,212.401119
1,1384,234.650606
1,1385,50.805545
1,1386,577.401962
1,1387,558.707002
1,1388,94.363346
1,1389,607.052518
1,1390,482.238546
1,1391,502.371674
1,1392,105.813252
1,1393,203.804890
1,1394,511.532586
1,1395,527.493799
1,1396,545.812447
1,1397,105.270527
1,1398,548.929323
1,1399,554.876697
1,1400,108.271723
1,1401,507.466344
1,1402,364.176322
1,1403,95.834915
1,1404,462.159215
1,1405,280.961216
1,1406,326.841322
1,1407,164.627061
1,1408,209.586752
1,1409,305.691436
1,1410,93.809981
1,1411,597.941812
1,1412,364.991818
1,1413,416.043743
1,1414,531.629790
1,1415,50.512581
1,1416,575.042191
1,1417,105.423097
1,1418,46.106835
1,1419,492.541347
1,1420,399.460435
1,1421,92.039883
1,1422,304.871640
1,1423,260.464278
1,1424,408.200817
1,1425,95.087105
1,1426,53.677306
1,1427,454.481260
1,1428,550.024117
1,1429,443.442847
1,1430,102.947511
1,1431,381.990075
1,1432,100.009137
1,1433,405.850408
1,1434,509.454127
1,1435,355.235034
1,1436,183.299424
1,1437,386.212421
1,1438,146.229612
1,1439,89.079947
1,1440,293.103689
1,1441,89.980777
1,1442,372.020966
1,1443,386.591566
1,1444,490.882329
1,1445,133.527870
1,1446,417.130147
1,1447,375.150178
1,1448,566.439822
1,1449,415.265861
1,1450,123.787768
1,1451,387.824117
1,1452,200.559515
1,1453,577.546334
1,1454,91.457975
1,1455,365.757728
1,1456,465.726553
1,1457,285.461177
1,1458,409.641568
1,1459,389.852508
1,1460,89.962698
1,1461,394.633314
1,1462,408.810568
1,1463,95.617486
1,1464,467.104387
1,1465,641.299004
1,1466,207.997149
1,1467,502.666956
1,1468,307.159648
1,1469,234.051883
1,1470,384.257621
1,1471,182.884629
1,1472,414.552772
1,1473,156.231345
1,1474,452.269592
1,1475,48.831149
1,1476,525.512638
1,1477,341.307121
1,1478,96.962935
1,1479,380.671944
1,1480,113.087542
1,1481,446.723375
1,1482,215.375954
1,1483,287.286766
1,1484,316.764602
1,1485,193.527229
1,1486,102.182619
1,1487,437.311258
1,1488,344.396596
1,1489,440.946890
1,1490,537.788194
1,1491,446.784614
1,1492,109.432179
1,1493,484.067363
1,1494,268.172237
1,1495,240.253264
1,1496,242.950757
1,1497,101.575395
1,1498,465.120884
1,1499,484.925672
1,1500,546.662482
1,1501,55.831123
1,1502,596.171734
1,1503,426.360644
1,1504,95.576904
1,1505,241.850645
1,1506,631.453293
1,1507,108.532901
1,1508,550.509096
1,1509,91.017678
1,1510,325.959615
1,1511,95.687845
1,1512,521.358202
1,1513,470.327203
1,1514,234.768140
1,1515,174.116521
1,1516,284.065352
1,1517,357.675418
1,1518,420.062285
1,1519,500.431764
1,1520,253.053260
1,1521,487.697873
1,1522,89.086061
1,1523,424.360981
1,1524,451.324283
1,1525,109.751781
1,1526,375.627468
1,1527,340.574420
1,1528,495.355976
1,1529,95.110600
1,1530,661.204230
1,1531,578.080239
1,1532,86.170393
1,1533,89.986557
1,1534,463.175381
1,1535,87.919849
1,1536,179.761034
1,1537,505.717168
1,1538,212.002203
1,1539,525.565453
1,1540,345.594308
1,1541,262.316321
1,1542,341.905912
1,1543,489.198397
1,1544,79.225359
1,1545,36.068560
1,1546,399.108792
1,1547,486.302487
1,1548,88.222623
1,1549,385.869111
1,1550,86.789661
1,1551,479.299304
1,1552,462.974565
1,1553,88.932317
1,1554,202.555730
1,1555,93.457875
1,1556,348.598201
1,1557,371.390416
1,1558,90.472419
1,1559,425.508939
1,1560,292.654481
1,1561,426.243089
1,1562,93.156821
1,1563,328.582655
1,1564,530.358460
1,1565,470.259891
1,1566,251.485013
1,1567,103.768510
1,1568,484.355572
1,1569,306.841797
1,1570,69.731371
1,1571,297.647806
1,1572,264.171453
1,1573,418.079638
1,1574,78.786152
1,1575,234.878040
1,1576,470.476966
1,1577,408.475889
1,1578,148.608600
1,1579,398.894145
1,1580,82.956474
1,1581,224.664104
1,1582,376.815702
1,1583,92.906365
1,1584,296.142170
1,1585,100.261080
1,1586,487.583739
1,1587,184.337118
1,1588,376.122871
1,1589,231.244860
1,1590,180.147210
1,1591,370.775802
1,1592,54.186855
1,1593,237.195169
1,1594,116.698395
1,1595,360.169443
1,1596,43.478830
1,1597,346.541050
1,1598,92.308244
1,1599,388.199915
1,1600,114.946688
1,1601,94.196294
1,1602,211.854840
1,1603,270.766818
1,1604,195.085796
1,1605,166.551897
1,1606,544.290497
1,1607,91.300456
1,1608,464.436162
1,1609,349.562889
1,1610,97.667185
1,1611,334.431290
1,1612,104.114777
1,1613,135.326179
1,1614,454.654021
1,1615,94.144246
1,1616,46.207197
1,1617,410.155404
1,1618,88.724583
1,1619,306.997490
1,1620,147.110187
1,1621,90.817640
1,1622,349.554380
1,1623,384.637302
1,1624,318.083560
1,1625,304.168295
1,1626,274.069621
1,1627,473.002950
1,1628,90.559191
1,1629,573.234369
1,1630,394.391406
1,1631,121.486746
1,1632,453.987150
1,1633,379.539704
1,1634,458.708174
1,1635,159.572799
1,1636,242.518908
1,1637,141.224797
1,1638,396.279787
1,1639,271.995839
1,1640,157.997690
1,1641,322.053696
1,1642,44.801469
1,1643,286.488864
1,1644,89.448771
1,1645,144.419130
1,1646,247.957790
1,1647,188.650223
1,1648,235.901153
1,1649,32.721214
1,1650,197.584831
1,1651,74.644303
1,1652,294.921037
1,1653,35.740715
1,1654,244.587861
1,1655,101.715082
1,1656,281.214673
1,1657,113.647642
1,1658,106.611125
1,1659,214.523037
1,1660,289.049824
1,1661,196.900849
1,1662,232.490156
1,1663,341.874457
1,1664,86.343875
1,1665,443.375146
1,1666,457.745296
1,1667,124.122756
1,1668,149.206773
1,1669,320.805762
1,1670,48.099919
1,1671,505.647119
1,1672,105.556887
1,1673,506.432562
1,1674,474.336532
1,1675,88.173311
1,1676,382.875906
1,1677,371.769821
1,1678,99.294914
1,1679,280.478688
1,1680,88.679121
1,1681,104.251980
1,1682,470.922153
1,1683,106.522160
1,1684,58.837154
1,1685,439.449602
1,1686,115.090227
1,1687,320.336122
1,1688,184.875929
1,1689,104.102889
1,1690,372.062474
1,1691,357.400705
1,1692,122.225532
1,1693,482.744592
1,1694,452.782872
1,1695,102.634192
1,1696,400.299291
1,1697,412.609474
1,1698,350.874698
1,1699,290.693816
1,1700,289.533598
1,1701,249.746711
1,1702,474.057353
1,1703,90.358802
1,1704,421.996118
1,1705,88.454890
1,1706,44.489766
1,1707,285.674859
1,1708,86.816591
1,1709,142.071778
1,1710,248.940748
1,1711,206.547020
1,1712,354.141949
1,1713,139.640893
1,1714,156.556040
1,1715,229.469343
1,1716,184.782912
1,1717,188.613398
1,1718,537.830103
1,1719,133.532941
1,1720,125.247349
1,1721,397.586507
1,1722,616.951082
1,1723,295.231748
1,1724,69.789077
1,1725,294.081577
1,1726,86.041250
1,1727,399.868484
1,1728,230.844018
1,1729,390.516541
1,1730,187.736574
1,1731,342.280733
1,1732,81.671870
1,1733,208.366663
1,1734,307.134255
1,1735,42.506177
1,1736,401.237185
1,1737,107.257289
1,1738,183.557481
1,1739,421.693050
1,1740,376.322153
1,1741,191.701255
1,1742,88.729600
1,1743,392.184970
1,1744,271.516027
1,1745,43.576436
1,1746,335.472643
1,1747,406.584136
1,1748,95.244963
1,1749,329.662110
1,1750,90.415105
1,1751,472.418756
1,1752,97.763933
1,1753,394.130956
1,1754,152.260370
1,1755,274.204446
1,1756,324.072921
1,1757,195.510422
1,1758,268.417192
1,1759,92.725286
1,1760,430.747175
1,1761,97.310803
1,1762,195.685111
1,1763,147.654607
1,1764,139.067333
1,1765,476.298870
1,1766,109.323988
1,1767,336.995052
1,1768,541.649449
1,1769,41.656785
1,1770,482.155727
1,1771,87.467694
1,1772,97.288532
1,1773,373.867216
1,1774,90.501473
1,1775,44.894298
1,1776,273.834033
1,1777,333.472531
1,1778,89.513327
1,1779,266.247854
1,1780,376.745099
1,1781,396.190863
1,1782,320.008571
1,1783,69.938743
1,1784,335.082314
1,1785,156.097777
1,1786,125.174240
1,1787,411.126969
1,1788,325.609161
1,1789,103.608116
1,1790,439.857583
1,1791,178.272757
1,1792,96.576005
1,1793,224.113019
1,1794,426.466629
1,1795,111.847048
1,1796,251.591247
1,1797,436.997514
1,1798,84.284175
1,1799,223.397063
1,1800,278.669147
1,1801,391.937994
1,1802,105.289655
1,1803,283.178128
1,1804,381.283037
1,1805,101.771371
1,1806,103.868277
1,1807,351.667719
1,1808,482.447327
1,1809,115.443737
1,1810,113.301564
1,1811,211.403965
1,1812,242.513224
1,1813,88.926307
1,1814,157.392332
1,1815,375.567367
1,1816,90.903372
1,1817,57.554487
1,1818,249.741116
1,1819,491.767498
1,1820,250.094385
1,1821,420.687464
1,1822,144.351779
1,1823,308.982649
1,1824,429.041450
1,1825,131.097522
1,1826,446.140235
1,1827,112.662401
1,1828,207.750726
1,1829,419.936584
1,1830,193.670550
1,1831,336.134695
1,1832,91.449002
1,1833,420.568359
1,1834,326.309408
1,1835,146.279297
1,1836,234.664063
1,1837,271.981630
1,1838,104.745470
1,1839,450.230436
1,1840,93.242013
1,1841,432.440344
1,1842,261.128813
1,1843,500.828513
1,1844,562.433339
1,1845,122.507991
1,1846,350.139886
1,1847,278.387546
1,1848,559.032134
1,1849,325.359214
1,1850,198.264916
1,1851,364.767310
1,1852,91.083612
1,1853,395.146366
1,1854,95.043247
1,1855,416.087405
1,1856,381.672038
1,1857,83.685079
1,1858,420.555673
1,1859,92.330622
1,1860,387.323884
1,1861,92.267027
1,1862,577.421982
1,1863,318.265034
1,1864,38.233853
1,1865,295.017345
1,1866,249.750083
1,1867,426.466575
1,1868,94.762956
1,1869,343.229904
1,1870,86.440662
1,1871,279.715184
1,1872,88.246878
1,1873,268.134007
1,1874,520.145787
1,1875,81.252293
1,1876,465.487581
1,1877,302.219848
1,1878,442.961951
1,1879,80.027459
1,1880,408.045531
1,1881,350.006856
1,1882,81.148822
1,1883,172.408981
1,1884,527.279091
1,1885,478.720778
1,1886,31.669539
1,1887,321.346755
1,1888,212.949079
1,1889,314.525402
1,1890,87.997107
1,1891,271.285050
1,1892,445.370999
1,1893,104.041551
1,1894,472.356400
1,1895,414.261420
1,1896,222.066636
1,1897,337.875124
1,1898,92.031451
1,1899,343.980077
1,1900,174.623906
1,1901,96.341930
1,1902,204.997676
1,1903,215.287039
1,1904,274.254050
1,1905,443.498502
1,1906,453.210328
1,1907,446.483932
1,1908,113.601269
1,1909,519.963950
1,1910,105.333913
1,1911,285.003214
1,1912,104.704703
1,1913,126.141312
1,1914,272.463163
1,1915,206.757036
1,1916,95.549892
1,1917,394.545661
1,1918,110.747593
1,1919,223.283396
1,1920,806.213807
1,1921,349.893050
1,1922,214.305589
1,1923,105.368240
1,1924,590.147380
1,1925,316.748239
1,1926,412.227788
1,1927,97.127985
1,1928,540.489179
1,1929,352.536328
1,1930,256.493819
1,1931,187.447155
1,1932,312.454548
1,1933,315.815139
1,1934,228.998730
1,1935,201.529913
1,1936,421.912672
1,1937,343.300397
1,1938,93.899043
1,1939,234.749488
1,1940,256.278151
1,1941,344.247977
1,1942,349.949309
1,1943,306.738783
1,1944,104.988399
1,1945,399.261498
1,1946,92.685728
1,1947,110.451592
1,1948,279.940001
1,1949,95.050437
1,1950,319.798188
1,1951,368.634747
1,1952,67.674824
1,1953,195.482698
1,1954,189.905931
1,1955,80.421424
1,1956,240.897145
1,1957,160.391135
1,1958,262.387768
1,1959,97.878095
1,1960,492.609849
1,1961,201.970066
1,1962,92.086925
1,1963,370.698865
1,1964,290.378128
1,1965,104.978519
1,1966,55.195612
1,1967,321.725292
1,1968,250.552279
1,1969,322.889810
1,1970,272.779601
1,1971,194.817377
1,1972,376.913227
1,1973,271.527642
1,1974,48.737481
1,1975,212.937364
1,1976,223.373355
1,1977,407.521810
1,1978,162.998155
1,1979,455.215443
1,1980,280.504648
1,1981,96.912780
1,1982,174.898292
1,1983,91.624089
1,1984,175.731826
1,1985,350.446525
1,1986,462.169113
1,1987,329.311500
1,1988,104.808658
1,1989,237.401355
1,1990,51.446432
1,1991,479.929930
1,1992,96.682734
1,1993,284.526829
1,1994,271.613842
1,1995,290.006474
1,1996,167.220190
1,1997,324.694759
1,1998,429.822522
1,1999,102.963344
1,2000,54.114796
1,2001,361.047984
1,2002,96.193794
1,2003,167.696336
1,2004,305.485450
1,2005,94.275141
1,2006,417.194605
1,2007,92.885616
1,2008,425.748123
1,2009,267.285493
1,2010,253.143952
1,2011,139.286155
1,2012,317.707517
1,2013,48.650540
1,2014,371.918077
1,2015,148.705647
1,2016,230.746336
1,2017,244.857949
1,2018,98.579964
1,2019,460.876397
1,2020,89.602464
1,2021,235.969765
1,2022,291.636008
1,2023,140.140398
1,2024,542.405676
1,2025,92.576863
1,2026,296.759274
1,2027,350.369077
1,2028,129.351952
1,2029,187.062859
1,2030,344.274397
1,2031,174.332331
1,2032,98.011743
1,2033,275.913673
1,2034,278.398783
1,2035,122.535677
1,2036,146.269153
1,2037,87.949760
1,2038,246.213234
1,2039,339.220563
1,2040,206.896215
1,2041,424.259484
1,2042,194.134467
1,2043,422.857514
1,2044,388.199823
1,2045,378.456183
1,2046,327.647910
1,2047,94.941621
1,2048,198.083491
1,2049,235.665208
1,2050,327.162432
1,2051,100.423109
1,2052,320.898002
1,2053,168.522850
1,2054,400.248586
1,2055,343.247069
1,2056,192.320137
1,2057,105.740767
1,2058,125.578192
1,2059,463.138593
1,2060,349.364302
1,2061,93.096165
1,2062,318.778725
1,2063,101.172913
1,2064,413.769445
1,2065,434.794781
1,2066,104.498237
1,2067,443.672380
1,2068,104.163471
1,2069,349.788045
1,2070,96.420116
1,2071,241.004058
1,2072,59.640091
1,2073,513.103635
1,2074,99.230190
1,2075,210.199634
1,2076,224.914295
1,2077,183.446398
1,2078,168.800898
1,2079,388.235925
1,2080,91.073149
1,2081,364.236345
1,2082,242.258777
1,2083,460.130534
1,2084,242.408486
1,2085,227.600569
1,2086,197.398275
1,2087,149.351146
1,2088,347.734514
1,2089,492.210263
1,2090,131.481991
1,2091,434.222175
1,2092,102.068877
1,2093,158.389379
1,2094,401.912686
1,2095,157.671429
1,2096,157.533020
1,2097,169.950603
1,2098,178.941440
1,2099,272.705226
1,2100,58.703045
1,2101,416.946691
1,2102,126.265860
1,2103,470.622363
1,2104,93.719831
1,2105,219.130377
1,2106,94.880521
1,2107,94.025689
1,2108,170.577246
1,2109,96.400992
1,2110,98.850778
1,2111,324.625351
1,2112,41.967265
1,2113,284.333292
1,2114,420.133490
1,2115,184.829384
1,2116,102.713875
1,2117,263.196864
1,2118,268.565689
1,2119,85.796063
1,2120,291.290040
1,2121,45.053102
1,2122,261.154773
1,2123,99.171912
1,2124,215.746444
1,2125,480.027907
1,2126,386.145602
1,2127,85.755396
1,2128,142.164255
1,2129,133.575057
1,2130,411.214630
1,2131,82.845252
1,2132,479.517729
1,2133,87.061291
1,2134,349.332461
1,2135,121.529717
1,2136,249.835681
1,2137,178.997666
1,2138,316.698571
1,2139,274.248899
1,2140,85.513724
1,2141,183.699822
1,2142,303.098442
1,2143,276.478473
1,2144,462.865639
1,2145,178.893084
1,2146,284.817527
1,2147,91.484038
1,2148,362.458769
1,2149,170.828540
1,2150,331.314678
1,2151,46.700059
1,2152,274.615311
1,2153,91.991165
1,2154,96.293145
1,2155,243.624686
1,2156,100.674959
1,2157,104.279834
1,2158,135.284552
1,2159,252.617050
1,2160,93.244554
1,2161,195.167910
1,2162,92.756851
1,2163,329.953133
1,2164,140.472869
1,2165,153.470602
1,2166,422.813248
1,2167,122.769200
1,2168,97.869827
1,2169,339.072010
1,2170,346.153736
1,2171,192.152333
1,2172,273.870498
1,2173,106.676328
1,2174,286.748929
1,2175,129.509007
1,2176,195.404045
1,2177,435.491827
1,2178,93.776592
1,2179,161.792997
1,2180,368.185758
1,2181,390.414061
1,2182,99.673902
1,2183,236.719207
1,2184,92.686559
1,2185,292.015417
1,2186,120.846708
1,2187,381.618123
1,2188,584.736203
1,2189,154.638267
1,2190,340.053530
1,2191,106.597729
1,2192,255.971743
1,2193,408.630701
1,2194,415.123776
1,2195,95.763202
1,2196,233.133585
1,2197,176.602098
1,2198,89.129106
1,2199,292.219994
1,2200,90.824100
1,2201,398.936227
1,2202,114.400970
1,2203,412.315018
1,2204,134.886026
1,2205,127.337136
1,2206,279.324943
1,2207,469.976858
1,2208,342.841812
1,2209,98.017980
1,2210,136.370000
1,2211,365.944370
1,2212,289.317316
1,2213,137.295332
1,2214,396.522517
1,2215,233.163455
1,2216,95.165169
1,2217,887.521224
1,2218,155.133831
1,2219,121.100963
1,2220,496.408326
1,2221,305.416334
1,2222,511.508400
1,2223,84.026453
1,2224,383.446827
1,2225,214.842826
1,2226,348.019389
1,2227,98.285569
1,2228,231.999558
1,2229,273.047796
1,2230,325.077895
1,2231,365.773563
1,2232,309.650655
1,2233,85.235941
1,2234,185.918705
1,2235,106.480858
1,2236,226.780880
1,2237,180.261828
1,2238,317.487203
1,2239,94.938945
1,2240,191.740832
1,2241,94.832891
1,2242,311.163138
1,2243,91.089473
1,2244,286.862329
1,2245,213.863930
1,2246,93.652420
1,2247,387.572018
1,2248,204.890783
1,2249,198.449414
1,2250,340.276575
1,2251,48.545328
1,2252,339.135588
1,2253,300.172460
1,2254,230.311947
1,2255,495.128285
1,2256,185.149474
1,2257,291.696354
1,2258,104.086020
1,2259,400.561634
1,2260,277.570261
1,2261,197.086751
1,2262,97.030528
1,2263,282.193224
1,2264,232.742353
1,2265,254.929028
1,2266,218.806178
1,2267,100.331615
1,2268,279.361940
1,2269,236.582123
1,2270,48.563632
1,2271,362.057471
1,2272,219.415219
1,2273,255.785408
1,2274,205.344538
1,2275,297.280425
1,2276,393.330832
1,2277,196.084927
1,2278,48.289021
1,2279,383.616854
1,2280,93.457485
1,2281,365.000461
1,2282,89.424718
1,2283,355.390401
1,2284,88.058930
1,2285,97.357279
1,2286,312.621493
1,2287,346.779341
1,2288,90.427090
1,2289,187.008315
1,2290,97.391841
1,2291,233.076584
1,2292,139.636139
1,2293,138.804873
1,2294,193.214518
1,2295,264.156136
1,2296,298.496697
1,2297,91.512358
1,2298,166.800544
1,2299,144.362417
1,2300,465.661070
1,2301,92.591217
1,2302,521.326811
1,2303,115.024566
1,2304,447.139269
1,2305,101.628543
1,2306,300.510218
1,2307,251.160096
1,2308,447.712467
1,2309,145.859358
1,2310,89.635151
1,2311,421.036421
1,2312,139.098467
1,2313,395.142810
1,2314,192.459438
1,2315,284.255086
1,2316,245.582345
1,2317,89.468938
1,2318,314.692259
1,2319,240.716951
1,2320,374.473363
1,2321,294.941316
1,2322,372.927234
1,2323,472.604694
1,2324,547.354752
1,2325,90.407737
1,2326,367.209016
1,2327,91.982813
1,2328,452.648470
1,2329,96.410010
1,2330,380.357390
1,2331,257.651166
1,2332,491.499463
1,2333,94.568765
1,2334,234.734088
1,2335,461.237173
1,2336,117.799280
1,2337,578.416811
1,2338,580.646709
1,2339,610.802164
1,2340,50.409127
1,2341,457.669650
1,2342,510.467266
1,2343,567.757113
1,2344,101.009769
1,2345,455.558069
1,2346,408.985251
1,2347,233.455581
1,2348,98.611364
1,2349,431.151945
1,2350,417.808558
1,2351,352.222920
1,2352,99.667322
1,2353,487.824047
1,2354,97.525544
1,2355,284.527021
1,2356,505.784447
1,2357,318.749506
1,2358,548.442055
1,2359,111.390363
1,2360,430.982164
1,2361,551.833094
1,2362,96.552034
1,2363,383.744435
1,2364,677.013413
1,2365,436.272162
1,2366,583.917760
1,2367,416.945685
1,2368,99.552772
1,2369,372.660556
1,2370,269.616337
1,2371,214.501181
1,2372,238.415618
1,2373,401.778336
1,2374,54.354418
1,2375,419.985981
1,2376,293.146549
1,2377,99.761665
1,2378,296.614468
1,2379,375.151140
1,2380,153.159673
1,2381,445.572516
1,2382,464.204153
1,2383,337.741093
1,2384,84.250858
1,2385,246.176974
1,2386,166.763054
1,2387,291.235643
1,2388,84.731788
1,2389,476.504320
1,2390,145.807867
1,2391,102.788417
1,2392,96.427330
1,2393,491.342779
1,2394,95.433633
1,2395,52.639570
1,2396,204.114730
1,2397,355.303169
1,2398,758.262642
1,2399,597.009370
1,2400,95.587624
1,2401,611.853391
1,2402,126.669080
1,2403,224.687828
1,2404,209.587878
1,2405,511.526385
1,2406,118.452007
1,2407,610.580634
1,2408,93.282889
1,2409,464.529268
1,2410,274.912004
1,2411,475.807750
1,2412,103.892684
1,2413,293.455680
1,2414,187.559073
1,2415,548.178166
1,2416,108.650007
1,2417,516.824937
1,2418,229.187717
1,2419,309.653681
1,2420,453.168963
1,2421,484.000179
1,2422,96.604002
1,2423,227.434964
1,2424,473.757282
1,2425,49.539255
1,2426,436.425131
1,2427,353.013983
1,2428,391.214123
1,2429,365.698979
1,2430,100.029443
1,2431,410.597462
1,2432,354.104829
1,2433,252.424569
1,2434,544.631687
1,2435,96.276479
1,2436,199.283555
1,2437,502.792277
1,2438,91.016765
1,2439,239.469252
1,2440,471.527321
1,2441,534.997617
1,2442,426.371570
1,2443,386.698429
1,2444,405.821317
1,2445,123.434884
1,2446,296.755928
1,2447,356.552531
1,2448,88.045814
1,2449,447.558208
1,2450,84.834783
1,2451,493.624502
1,2452,270.467905
1,2453,471.413894
1,2454,89.929646
1,2455,220.413205
1,2456,419.867087
1,2457,783.888163
1,2458,382.394260
1,2459,417.719453
1,2460,136.248505
1,2461,463.860150
1,2462,98.359234
1,2463,379.295749
1,2464,543.929870
1,2465,219.943608
1,2466,99.637405
1,2467,383.281141
1,2468,306.683707
1,2469,395.049284
1,2470,96.344194
1,2471,396.621178
1,2472,643.376898
1,2473,138.122213
1,2474,198.248399
1,2475,257.488803
1,2476,50.808543
1,2477,616.886201
1,2478,618.689182
1,2479,94.374954
1,2480,690.593985
1,2481,565.407301
1,2482,526.562321
1,2483,105.617376
1,2484,207.366749
1,2485,522.926588
1,2486,526.977019
1,2487,547.296443
1,2488,105.288913
1,2489,552.709944
1,2490,527.649378
1,2491,101.676799
1,2492,490.107385
1,2493,359.333890
1,2494,94.977563
1,2495,459.920982
1,2496,288.922867
1,2497,341.354477
1,2498,169.949704
1,2499,205.373973
1,2500,320.102450
1,2501,93.821454
1,2502,599.569417
1,2503,375.894172
1,2504,423.053172
1,2505,516.606172
1,2506,51.181050
1,2507,536.826896
1,2508,105.441463
1,2509,46.109751
1,2510,509.127205
1,2511,405.866636
1,2512,92.057002
1,2513,307.585524
1,2514,248.945145
1,2515,409.651942
1,2516,95.104296
1,2517,46.012383
1,2518,415.421580
1,2519,531.106008
1,2520,444.727692
1,2521,101.956508
1,2522,372.565030
1,2523,99.131285
1,2524,399.786324
1,2525,499.490556
1,2526,345.045082
1,2527,176.332692
1,2528,388.205073
1,2529,147.262891
1,2530,95.056310
1,2531,293.957810
1,2532,89.996413
1,2533,369.887548
1,2534,382.472020
1,2535,464.398507
1,2536,133.551842
1,2537,405.075622
1,2538,367.436039
1,2539,498.780967
1,2540,384.768918
1,2541,125.074503
1,2542,430.401928
1,2543,199.456603
1,2544,528.097922
1,2545,86.050363
1,2546,372.502574
1,2547,472.067179
1,2548,274.418149
1,2549,396.621343
1,2550,381.566688
1,2551,89.971824
1,2552,396.090168
1,2553,430.055708
1,2554,95.632749
1,2555,449.105394
1,2556,598.659440
1,2557,207.094058
1,2558,572.301136
1,2559,264.656014
1,2560,229.907728
1,2561,388.374044
1,2562,181.745504
1,2563,408.705720
1,2564,153.268928
1,2565,506.465822
1,2566,48.834016
1,2567,511.531097
1,2568,349.088764
1,2569,96.974108
1,2570,370.940668
1,2571,99.056850
1,2572,421.672432
1,2573,168.236081
1,2574,267.455367
1,2575,312.837267
1,2576,194.717284
1,2577,110.998627
1,2578,431.229765
1,2579,334.357821
1,2580,433.466807
1,2581,535.948569
1,2582,411.625619
1,2583,115.443620
1,2584,472.047152
1,2585,280.449970
1,2586,231.639843
1,2587,228.464316
1,2588,100.137774
1,2589,452.043206
1,2590,443.821589
1,2591,533.888022
1,2592,55.835812
1,2593,537.605489
1,2594,440.650447
1,2595,95.594347
1,2596,239.783298
1,2597,555.848608
1,2598,99.765014
1,2599,537.598667
1,2600,91.034832
1,2601,313.308323
1,2602,100.543432
1,2603,526.624243
1,2604,418.978291
1,2605,185.570928
1,2606,169.385825
1,2607,215.499543
1,2608,339.301679
1,2609,396.136370
1,2610,476.383044
1,2611,215.656527
1,2612,461.414512
1,2613,89.102476
1,2614,432.732014
1,2615,461.090033
1,2616,96.264608
1,2617,367.843838
1,2618,328.712487
1,2619,495.388519
1,2620,95.126796
1,2621,619.250869
1,2622,547.697039
1,2623,86.185974
1,2624,90.966334
1,2625,459.399949
1,2626,86.982735
1,2627,179.806346
1,2628,509.266828
1,2629,218.789013
1,2630,521.546945
1,2631,331.744074
1,2632,241.365341
1,2633,333.302592
1,2634,452.162037
1,2635,79.231370
1,2636,36.949339
1,2637,370.506449
1,2638,497.586923
1,2639,89.341504
1,2640,384.287151
1,2641,86.797875
1,2642,449.525882
1,2643,414.286814
1,2644,88.941242
1,2645,190.581511
1,2646,94.431795
1,2647,335.149208
1,2648,368.321506
1,2649,90.482207
1,2650,419.593656
1,2651,285.796758
1,2652,431.684814
1,2653,93.167096
1,2654,328.498915
1,2655,484.542248
1,2656,484.719198
1,2657,258.799912
1,2658,109.045716
1,2659,513.308876
1,2660,295.102477
1,2661,69.735292
1,2662,297.005867
1,2663,262.654975
1,2664,445.042893
1,2665,78.792497
1,2666,268.201017
1,2667,560.296015
1,2668,478.130311
1,2669,160.762344
1,2670,382.743252
1,2671,87.971129
1,2672,207.785399
1,2673,370.578209
1,2674,93.997396
1,2675,272.357653
1,2676,98.381149
1,2677,483.968083
1,2678,196.130449
1,2679,419.586089
1,2680,245.111687
1,2681,200.632880
1,2682,366.002764
1,2683,54.189563
1,2684,229.692721
1,2685,121.910164
1,2686,359.302483
1,2687,43.483044
1,2688,319.665404
1,2689,92.318832
1,2690,422.604075
1,2691,116.144148
1,2692,88.668524
1,2693,213.602326
1,2694,291.490934
1,2695,190.672677
1,2696,164.596896
1,2697,529.854961
1,2698,90.399308
1,2699,455.847336
1,2700,342.263857
1,2701,92.890060
1,2702,304.954358
1,2703,94.502167
1,2704,119.253451
1,2705,446.168064
1,2706,89.492184
1,2707,46.210045
1,2708,395.261555
1,2709,88.741538
1,2710,300.832637
1,2711,138.789180
1,2712,90.828511
1,2713,356.474267
1,2714,390.336654
1,2715,312.878884
1,2716,295.870398
1,2717,259.242594
1,2718,468.054133
1,2719,90.575711
1,2720,582.268739
1,2721,375.617575
1,2722,112.944477
1,2723,437.311745
1,2724,373.421127
1,2725,454.971093
1,2726,143.478230
1,2727,255.067479
1,2728,140.242908
1,2729,385.278211
1,2730,272.631892
1,2731,150.902371
1,2732,324.450628
1,2733,44.805582
1,2734,278.255089
1,2735,83.753326
1,2736,135.785284
1,2737,240.156815
1,2738,204.603736
1,2739,236.012755
1,2740,32.721214
1,2741,185.038838
1,2742,74.648907
1,2743,277.726425
1,2744,35.740715
1,2745,218.557428
1,2746,87.760960
1,2747,270.025314
1,2748,105.740554
1,2749,90.115665
1,2750,212.271129
1,2751,270.204648
1,2752,193.618667
1,2753,226.330472
1,2754,342.824478
1,2755,86.352782
1,2756,454.021930
1,2757,458.596359
1,2758,112.025873
1,2759,140.404143
1,2760,275.424936
1,2761,48.102452
1,2762,444.128753
1,2763,99.951798
1,2764,464.701077
1,2765,448.178146
1,2766,88.183479
1,2767,387.300654
1,2768,370.850660
1,2769,100.837995
1,2770,294.479021
1,2771,88.695421
1,2772,105.611027
1,2773,443.765957
1,2774,97.567973
1,2775,50.088500
1,2776,391.040902
1,2777,102.760335
1,2778,300.245748
1,2779,157.108887
1,2780,95.716966
1,2781,344.364600
1,2782,343.967243
1,2783,111.579118
1,2784,478.212103
1,2785,421.723652
1,2786,92.898379
1,2787,358.890943
1,2788,365.176383
1,2789,354.086261
1,2790,290.774587
1,2791,289.760677
1,2792,257.488842
1,2793,480.465215
1,2794,90.369395
1,2795,404.859382
1,2796,89.351279
1,2797,44.492506
1,2798,285.766443
1,2799,86.832763
1,2800,142.839528
1,2801,243.482581
1,2802,206.958886
1,2803,358.612578
1,2804,141.032280
1,2805,166.069734
1,2806,237.594785
1,2807,193.907822
1,2808,182.608613
1,2809,565.744573
1,2810,120.782916
1,2811,135.967001
1,2812,398.930037
1,2813,624.288686
1,2814,289.750333
1,2815,69.792827
1,2816,295.115760
1,2817,79.212902
1,2818,395.080399
1,2819,231.922125
1,2820,385.353789
1,2821,177.876017
1,2822,354.996906
1,2823,81.679291
1,2824,211.064214
1,2825,296.160102
1,2826,42.508442
1,2827,388.528107
1,2828,100.782615
1,2829,182.515028
1,2830,406.126142
1,2831,376.711182
1,2832,183.385294
1,2833,88.738885
1,2834,387.421649
1,2835,267.527961
1,2836,43.578939
1,2837,322.983300
1,2838,393.240416
1,2839,95.260507
1,2840,329.667221
1,2841,90.430727
1,2842,452.117580
1,2843,98.606355
1,2844,402.196315
1,2845,153.301383
1,2846,273.016129
1,2847,318.176539
1,2848,186.743238
1,2849,258.225194
1,2850,91.826824
1,2851,417.395349
1,2852,91.076986
1,2853,196.264370
1,2854,137.896595
1,2855,130.552580
1,2856,452.374817
1,2857,101.593909
1,2858,321.149546
1,2859,503.902447
1,2860,41.659512
1,2861,463.204879
1,2862,87.478148
1,2863,96.040641
1,2864,379.789938
1,2865,91.682104
1,2866,44.898505
1,2867,274.987557
1,2868,325.558791
1,2869,88.474973
1,2870,266.698434
1,2871,364.267035
1,2872,396.796470
1,2873,300.418052
1,2874,69.942412
1,2875,309.212236
1,2876,111.503851
1,2877,107.675717
1,2878,347.985215
1,2879,302.852629
1,2880,96.777821
1,2881,396.158092
1,2882,168.442802
1,2883,96.315821
1,2884,207.165314
1,2885,376.485339
1,2886,123.639088
1,2887,252.800630
1,2888,417.188659
1,2889,84.292853
1,2890,213.869537
1,2891,255.919030
1,2892,373.932328
1,2893,96.376592
1,2894,282.163806
1,2895,366.698893
1,2896,90.447626
1,2897,100.748668
1,2898,368.128740
1,2899,458.906323
1,2900,104.579546
1,2901,107.048109
1,2902,203.252746
1,2903,231.883283
1,2904,88.941830
1,2905,147.720997
1,2906,367.798264
1,2907,92.067221
1,2908,49.222668
1,2909,248.900122
1,2910,490.805252
1,2911,254.423384
1,2912,419.018501
1,2913,137.688260
1,2914,304.812931
1,2915,418.399680
1,2916,132.084455
1,2917,439.106964
1,2918,98.951060
1,2919,190.728219
1,2920,416.455117
1,2921,197.062762
1,2922,337.937476
1,2923,91.459203
1,2924,414.261452
1,2925,313.225137
1,2926,141.535013
1,2927,219.562505
1,2928,280.975502
1,2929,98.224921
1,2930,435.182049
1,2931,93.257819
1,2932,419.218714
1,2933,268.606389
1,2934,451.082500
1,2935,541.070882
1,2936,103.310492
1,2937,339.342268
1,2938,272.939082
1,2939,509.211850
1,2940,299.008945
1,2941,193.369249
1,2942,362.994006
1,2943,92.197578
1,2944,380.297741
1,2945,95.058462
1,2946,408.840367
1,2947,366.507546
1,2948,83.699654
1,2949,391.698298
1,2950,92.345758
1,2951,381.354293
1,2952,92.281730
1,2953,514.127618
1,2954,305.894203
1,2955,38.236236
1,2956,289.193220
1,2957,253.070853
1,2958,433.892892
1,2959,94.451436
1,2960,349.662821
1,2961,87.220376
1,2962,273.928109
1,2963,89.293669
1,2964,262.934799
1,2965,510.324423
1,2966,82.215260
1,2967,436.840596
1,2968,309.989195
1,2969,443.912675
1,2970,80.035902
1,2971,418.515160
1,2972,350.517483
1,2973,82.038513
1,2974,166.338158
1,2975,543.736584
1,2976,310.300863
1,2977,82.089067
1,2978,161.587339
1,2979,30.282713
1,2980,409.583525
1,2981,84.206552
1,2982,275.332935
1,2983,270.575117
1,2984,260.694923
1,2985,292.750886
1,2986,280.139673
1,2987,44.799404
1,2988,138.359355
1,2989,244.843347
1,2990,84.972200
1,2991,217.842235
1,2992,190.643717
1,2993,201.093366
1,2994,296.288171
1,2995,495.813388
1,2996,104.976601
1,2997,210.381980
1,2998,282.947908
1,2999,231.978925
1,3000,253.732162
1,3001,90.431604
1,3002,159.239276
1,3003,184.749508
1,3004,91.435590
1,3005,47.516269
1,3006,324.657828
1,3007,88.712539
1,3008,187.667204
1,3009,456.727354
1,3010,47.378952
1,3011,290.032502
1,3012,118.722091
1,3013,278.465554
1,3014,90.166723
1,3015,217.718897
1,3016,87.320345
1,3017,337.816709
1,3018,177.763680
1,3019,260.229790
1,3020,377.035288
1,3021,97.903211
1,3022,65.863429
1,3023,302.526247
1,3024,96.001469
1,3025,154.510163
1,3026,147.355484
1,3027,248.425429
1,3028,225.430685
1,3029,88.527891
1,3030,245.380697
1,3031,114.648938
1,3032,242.119671
1,3033,221.761750
1,3034,99.780730
1,3035,426.429563
1,3036,86.041655
1,3037,204.570238
1,3038,85.182475
1,3039,284.375209
1,3040,181.909037
1,3041,230.697643
1,3042,84.128470
1,3043,154.184750
1,3044,180.842600
1,3045,307.943849
1,3046,82.868984
1,3047,304.346528
1,3048,85.239477
1,3049,293.048923
1,3050,298.463660
1,3051,276.459148
1,3052,139.295967
1,3053,102.354264
1,3054,42.905812
1,3055,327.938359
1,3056,82.112286
1,3057,437.124231
1,3058,275.765660
1,3059,297.669332
1,3060,91.411260
1,3061,250.920885
1,3062,132.569891
1,3063,216.160294
1,3064,285.103564
1,3065,285.576535
1,3066,342.372909
1,3067,81.844188
1,3068,85.606204
1,3069,336.168822
1,3070,424.838059
1,3071,494.567367
1,3072,366.203179
1,3073,420.481044
1,3074,299.151625
1,3075,65.363937
1,3076,321.100985
1,3077,83.783092
1,3078,368.537802
1,3079,229.002518
1,3080,311.313116
1,3081,148.744032
1,3082,131.774365
1,3083,254.767142
1,3084,76.497232
1,3085,198.950493
1,3086,435.830175
1,3087,92.315203
1,3088,401.182431
1,3089,83.898712
1,3090,188.553028
1,3091,424.447639
1,3092,393.027945
1,3093,333.943512
1,3094,208.746995
1,3095,99.861739
1,3096,151.809282
1,3097,80.008119
1,3098,203.939036
1,3099,282.832064
1,3100,392.086009
1,3101,188.465077
1,3102,424.670225
1,3103,103.520589
1,3104,130.752458
1,3105,191.474052
1,3106,252.662848
1,3107,79.135948
1,3108,239.986794
1,3109,78.752044
1,3110,124.438448
1,3111,81.838308
1,3112,209.390709
1,3113,311.062505
1,3114,321.131950
1,3115,353.623296
1,3116,293.894770
1,3117,162.347907
1,3118,121.445904
1,3119,280.853856
1,3120,340.618435
1,3121,385.590348
1,3122,78.007575
1,3123,352.029217
1,3124,36.214850
1,3125,296.828578
1,3126,235.559660
1,3127,76.355175
1,3128,182.427449
1,3129,320.198715
1,3130,244.647522
1,3131,310.994104
1,3132,345.012944
1,3133,361.525904
1,3134,404.969837
1,3135,81.317525
1,3136,129.025129
1,3137,335.736980
1,3138,134.794049
1,3139,210.810451
1,3140,144.201416
1,3141,107.476337
1,3142,317.239658
1,3143,66.070909
1,3144,290.175493
1,3145,235.121097
1,3146,216.081714
1,3147,305.711260
1,3148,394.222833
1,3149,72.490283
1,3150,210.621360
1,3151,116.543597
1,3152,297.894590
1,3153,76.920837
1,3154,279.281396
1,3155,135.875024
1,3156,350.142582
1,3157,267.581389
1,3158,84.149224
1,3159,404.331043
1,3160,357.249343
1,3161,359.871388
1,3162,427.777091
1,3163,357.091680
1,3164,83.296371
1,3165,239.003544
1,3166,78.346211
1,3167,239.647621
1,3168,331.577125
1,3169,79.492720
1,3170,166.559743
1,3171,281.087783
1,3172,127.128286
1,3173,165.438056
1,3174,77.592433
1,3175,632.354404
1,3176,77.698135
1,3177,321.051272
1,3178,129.155098
1,3179,248.920926
1,3180,79.267624
1,3181,166.752552
1,3182,325.940131
1,3183,343.465264
1,3184,78.527965
1,3185,42.341301
1,3186,290.452593
1,3187,76.485354
1,3188,322.116460
1,3189,81.241437
1,3190,177.659878
1,3191,495.864871
1,3192,77.734596
1,3193,347.912825
1,3194,75.376424
1,3195,265.386574
1,3196,187.978169
1,3197,200.337714
1,3198,242.040716
1,3199,262.800840
1,3200,155.181704
1,3201,198.872371
1,3202,353.356353
1,3203,73.608629
1,3204,167.020797
1,3205,202.611792
1,3206,236.189561
1,3207,161.191812
1,3208,80.118843
1,3209,287.200098
1,3210,229.446703
1,3211,76.187340
1,3212,190.695488
1,3213,176.297367
1,3214,261.825837
1,3215,119.799048
1,3216,70.627238
1,3217,311.330414
1,3218,159.681066
1,3219,169.346544
1,3220,210.546083
1,3221,249.297646
1,3222,219.470397
1,3223,325.255010
1,3224,114.075805
1,3225,156.394288
1,3226,71.625320
1,3227,167.104203
1,3228,70.104473
1,3229,221.856819
1,3230,67.756353
1,3231,72.752589
1,3232,257.799936
1,3233,283.222303
1,3234,328.158519
1,3235,279.518109
1,3236,158.071468
1,3237,285.835311
1,3238,70.906759
1,3239,277.568734
1,3240,130.056055
1,3241,181.828961
1,3242,251.086545
1,3243,451.454119
1,3244,218.241459
1,3245,277.441231
1,3246,377.809492
1,3247,193.463663
1,3248,391.142904
1,3249,334.513948
1,3250,281.269417
1,3251,216.763254
1,3252,69.672387
1,3253,288.386357
1,3254,71.993354
1,3255,230.774035
1,3256,318.552470
1,3257,279.886023
1,3258,71.725290
1,3259,321.657063
1,3260,279.007077
1,3261,254.852685
1,3262,266.707045
1,3263,350.775164
1,3264,117.744180
1,3265,80.741055
1,3266,94.295252
1,3267,272.051931
1,3268,226.338985
1,3269,293.777586
1,3270,241.381964
1,3271,359.813826
1,3272,245.315454
1,3273,152.160208
1,3274,441.581225
1,3275,85.157929
1,3276,283.635373
1,3277,335.630234
1,3278,340.514689
1,3279,329.614632
1,3280,338.414356
1,3281,77.272422
1,3282,231.810024
1,3283,389.061434
1,3284,122.921125
1,3285,231.856463
1,3286,413.468630
1,3287,365.770213
1,3288,339.295180
1,3289,307.662783
1,3290,118.780122
1,3291,346.512800
1,3292,276.219461
1,3293,325.989705
1,3294,78.338236
1,3295,165.036598
1,3296,237.660124
1,3297,322.997588
1,3298,318.634126
1,3299,73.884978
1,3300,389.133830
1,3301,89.333438
1,3302,433.560818
1,3303,520.898658
1,3304,426.731567
1,3305,71.219781
1,3306,34.434841
1,3307,297.713847
1,3308,72.735263
1,3309,258.283940
1,3310,182.132658
1,3311,254.618067
1,3312,145.943390
1,3313,292.418655
1,3314,229.490556
1,3315,174.670205
1,3316,65.092138
1,3317,164.352211
1,3318,266.826418
1,3319,115.507371
1,3320,191.630839
1,3321,222.871986
1,3322,157.155581
1,3323,101.912777
1,3324,294.050516
1,3325,365.845581
1,3326,235.493115
1,3327,162.938572
1,3328,138.434073
1,3329,120.094273
1,3330,228.387165
1,3331,259.601925
1,3332,77.022919
1,3333,280.390871
1,3334,75.703033
1,3335,168.722548
1,3336,34.054517
1,3337,120.768422
1,3338,250.314136
1,3339,308.421932
1,3340,235.424701
1,3341,305.850546
1,3342,208.959068
1,3343,125.516627
1,3344,258.757361
1,3345,288.341931
1,3346,164.075380
1,3347,237.380727
1,3348,247.212626
1,3349,339.221129
1,3350,223.781592
1,3351,237.200693
1,3352,81.607502
1,3353,402.855652
1,3354,40.896198
1,3355,263.211710
1,3356,75.901751
1,3357,182.600588
1,3358,165.877001
1,3359,306.640590
1,3360,74.357045
1,3361,196.956176
1,3362,616.691233
1,3363,549.398125
1,3364,332.517569
1,3365,326.992709
1,3366,34.903638
1,3367,378.969263
1,3368,357.231779
1,3369,382.148766
1,3370,305.570649
1,3371,260.066259
1,3372,74.178796
1,3373,86.177464
1,3374,418.211849
1,3375,256.135933
1,3376,376.401492
1,3377,463.549699
1,3378,455.721467
1,3379,389.362318
1,3380,354.365917
1,3381,97.806531
1,3382,358.040177
1,3383,251.541270
1,3384,539.385271
1,3385,448.846846
1,3386,352.136592
1,3387,426.108485
1,3388,87.300433
1,3389,348.557427
1,3390,339.517833
1,3391,387.426694
1,3392,487.793562
1,3393,256.180395
1,3394,227.409050
1,3395,452.635259
1,3396,42.522234
1,3397,184.135104
1,3398,324.694401
1,3399,360.553029
1,3400,357.610568
1,3401,265.398528
1,3402,346.040190
1,3403,331.957138
1,3404,101.712583
1,3405,100.081809
1,3406,496.933626
1,3407,134.767196
1,3408,363.816851
1,3409,423.289041
1,3410,81.516789
1,3411,383.647857
1,3412,86.012166
1,3413,172.252897
1,3414,150.210492
1,3415,266.124747
1,3416,289.573939
1,3417,168.328919
1,3418,297.678860
1,3419,64.379089
1,3420,259.475133
1,3421,307.952834
1,3422,70.801818
1,3423,89.151550
1,3424,487.570570
1,3425,314.319231
1,3426,76.046551
1,3427,406.022803
1,3428,285.313753
1,3429,387.773774
1,3430,76.541300
1,3431,228.717058
1,3432,82.215193
1,3433,381.115236
1,3434,181.822067
1,3435,353.334524
1,3436,319.227148
1,3437,350.112566
1,3438,278.735194
1,3439,534.367774
1,3440,312.384220
1,3441,493.570372
1,3442,366.648842
1,3443,509.473992
1,3444,81.504721
1,3445,214.693149
1,3446,113.868762
1,3447,416.098482
1,3448,495.060098
1,3449,92.032682
1,3450,233.986167
1,3451,83.607592
1,3452,216.509648
1,3453,184.028882
1,3454,192.230331
1,3455,85.668690
1,3456,340.872930
1,3457,86.299568
1,3458,322.673451
1,3459,82.702680
1,3460,92.772560
1,3461,400.359226
1,3462,270.808480
1,3463,377.210469
1,3464,270.354962
1,3465,107.293764
1,3466,164.952275
1,3467,234.923187
1,3468,346.169275
1,3469,74.369833
1,3470,382.611972
1,3471,78.033714
1,3472,79.790695
1,3473,421.764432
1,3474,122.615210
1,3475,363.259477
1,3476,353.866087
1,3477,90.922727
1,3478,274.480330
1,3479,288.068584
1,3480,40.491504
1,3481,220.032459
1,3482,87.187601
1,3483,369.511954
1,3484,454.596910
1,3485,397.899910
1,3486,452.431593
1,3487,250.283689
1,3488,295.939598
1,3489,309.352827
1,3490,276.674694
1,3491,369.076460
1,3492,309.177717
1,3493,245.556791
1,3494,97.546842
1,3495,226.653724
1,3496,256.566453
1,3497,351.506074
1,3498,89.320651
1,3499,209.702534
1,3500,377.999166
1,3501,97.212850
1,3502,491.464823
1,3503,140.817570
1,3504,338.835834
1,3505,311.564839
1,3506,183.595940
1,3507,82.446572
1,3508,283.994385
1,3509,82.140770
1,3510,297.833461
1,3511,201.828720
1,3512,249.690052
1,3513,255.532155
1,3514,67.768444
1,3515,219.917209
1,3516,360.527607
1,3517,276.708372
1,3518,249.830790
1,3519,115.239113
1,3520,193.751078
1,3521,294.316748
1,3522,348.236349
1,3523,401.715082
1,3524,36.530660
1,3525,224.816385
1,3526,347.663931
1,3527,79.718351
1,3528,269.107443
1,3529,77.095959
1,3530,88.337314
1,3531,322.740088
1,3532,55.227455
1,3533,165.238382
1,3534,85.368224
1,3535,210.786514
1,3536,187.127083
1,3537,75.146752
1,3538,168.403676
1,3539,231.941830
1,3540,94.328539
1,3541,338.568566
1,3542,96.260949
1,3543,118.014732
1,3544,395.966386
1,3545,80.536243
1,3546,401.847756
1,3547,455.598816
1,3548,189.295812
1,3549,499.731584
1,3550,88.367484
1,3551,307.357719
1,3552,290.020684
1,3553,459.422457
1,3554,272.201522
1,3555,240.938139
1,3556,321.804026
1,3557,199.604199
1,3558,318.183218
1,3559,87.309445
1,3560,551.569922
1,3561,79.986311
1,3562,81.999830
1,3563,497.429617
1,3564,464.525866
1,3565,194.239692
1,3566,315.684234
1,3567,269.173432
1,3568,563.629976
1,3569,80.615873
1,3570,291.045769
1,3571,128.835555
1,3572,334.576326
1,3573,292.992349
1,3574,187.418199
1,3575,300.343067
1,3576,295.281727
1,3577,196.615008
1,3578,366.119300
1,3579,258.251492
1,3580,481.290325
1,3581,341.154668
1,3582,500.173318
1,3583,429.521924
1,3584,336.164124
1,3585,80.258760
1,3586,336.017943
1,3587,317.306860
1,3588,384.108274
1,3589,397.238585
1,3590,76.969499
1,3591,376.271526
1,3592,337.700272
1,3593,358.747458
1,3594,410.441320
1,3595,502.996170
1,3596,254.153340
1,3597,317.258682
1,3598,348.106402
1,3599,120.823946
1,3600,390.012062
1,3601,248.286292
1,3602,158.256409
1,3603,210.025186
1,3604,63.481423
1,3605,130.785448
1,3606,267.244258
1,3607,222.629435
1,3608,244.825671
1,3609,75.600665
1,3610,33.505928
1,3611,75.136346
1,3612,148.706650
1,3613,261.928515
1,3614,225.409589
1,3615,77.466553
1,3616,177.394627
1,3617,82.409305
1,3618,290.106375
1,3619,134.470002
1,3620,231.662127
1,3621,32.378299
1,3622,211.613063
1,3623,92.266051
1,3624,269.496267
1,3625,81.762080
1,3626,174.452121
1,3627,40.966707
1,3628,302.607758
1,3629,214.406986
1,3630,253.589696
1,3631,238.323342
1,3632,85.256541
1,3633,170.482062
1,3634,87.931786
1,3635,291.944101
1,3636,391.930624
1,3637,33.323768
1,3638,256.971166
1,3639,160.135954
1,3640,83.196485
1,3641,132.397110
1,3642,80.371703
1,3643,89.828601
1,3644,39.594310
1,3645,270.367005
1,3646,79.298077
1,3647,129.122472
1,3648,252.165964
1,3649,295.464159
1,3650,82.016603
1,3651,208.251550
1,3652,89.796788
1,3653,248.530008
1,3654,82.353793
1,3655,195.617222
1,3656,89.351915
1,3657,81.398206
1,3658,270.309523
1,3659,124.120892
1,3660,283.417932
1,3661,189.633667
1,3662,83.972841
1,3663,241.083329
1,3664,286.774862
1,3665,309.400536
1,3666,383.247136
1,3667,131.922352
1,3668,89.802851
1,3669,133.023341
1,3670,299.398339
1,3671,366.713819
1,3672,253.235995
1,3673,78.063134
1,3674,233.806193
1,3675,74.014829
1,3676,243.413985
1,3677,250.143044
1,3678,177.416787
1,3679,310.928348
1,3680,76.942517
1,3681,273.777350
1,3682,1101.272668
1,3683,299.501613
1,3684,72.153498
1,3685,338.610353
1,3686,195.039022
1,3687,157.943698
1,3688,297.879170
1,3689,81.449310
1,3690,200.415339
1,3691,83.906164
1,3692,164.008724
1,3693,123.751032
1,3694,298.774504
1,3695,339.156672
1,3696,88.399129
1,3697,433.062425
1,3698,261.991126
1,3699,62.698100
1,3700,167.861504
1,3701,329.215554
1,3702,31.058801
1,3703,219.518915
1,3704,357.810398
1,3705,31.059014
1,3706,266.933570
1,3707,549.131616
1,3708,409.609371
1,3709,291.187877
1,3710,281.493252
1,3711,80.118210
1,3712,205.563887
1,3713,84.350778
1,3714,344.752157
1,3715,279.427259
1,3716,325.974811
1,3717,318.827081
1,3718,418.791153
1,3719,107.159852
1,3720,234.815069
1,3721,240.627152
1,3722,79.370566
1,3723,295.414006
1,3724,272.679487
1,3725,82.644264
1,3726,210.580023
1,3727,80.239310
1,3728,211.611873
1,3729,184.979650
1,3730,121.893311
1,3731,170.386731
1,3732,80.683146
1,3733,209.066290
1,3734,131.566763
1,3735,319.393406
1,3736,79.593358
1,3737,224.725837
1,3738,366.699576
1,3739,38.478357
1,3740,207.742112
1,3741,334.392238
1,3742,77.715144
1,3743,227.978666
1,3744,209.509604
1,3745,394.644919
1,3746,87.744185
1,3747,216.955230
1,3748,276.980719
1,3749,127.075773
1,3750,126.252806
1,3751,212.393113
1,3752,346.664961
1,3753,316.701348
1,3754,79.611356
1,3755,271.135460
1,3756,82.519354
1,3757,174.205271
1,3758,336.081469
1,3759,80.524035
1,3760,292.272791
1,3761,76.455618
1,3762,162.967095
1,3763,81.564283
1,3764,383.246932
1,3765,76.683547
1,3766,123.723977
1,3767,307.267760
1,3768,341.314369
1,3769,361.778552
1,3770,259.102965
1,3771,89.494696
1,3772,327.270667
1,3773,233.489458
1,3774,380.626178
1,3775,298.920720
1,3776,380.991485
1,3777,473.126087
1,3778,560.614225
1,3779,90.456698
1,3780,370.058014
1,3781,92.035096
1,3782,467.653880
1,3783,97.598786
1,3784,384.183504
1,3785,265.770503
1,3786,498.389189
1,3787,94.628275
1,3788,236.917278
1,3789,464.959654
1,3790,117.864378
1,3791,601.512909
1,3792,633.007123
1,3793,634.325260
1,3794,50.425951
1,3795,447.909251
1,3796,497.220926
1,3797,564.843591
1,3798,102.295294
1,3799,458.455304
1,3800,413.234542
1,3801,237.632493
1,3802,98.679089
1,3803,442.485256
1,3804,411.348933
1,3805,357.500388
1,3806,100.634353
1,3807,504.055488
1,3808,97.594345
1,3809,294.869703
1,3810,516.758542
1,3811,328.682629
1,3812,580.618309
1,3813,120.315335
1,3814,438.864257
1,3815,554.890934
1,3816,96.251137
1,3817,396.875170
1,3818,703.407602
1,3819,446.990206
1,3820,574.838493
1,3821,430.643749
1,3822,102.012649
1,3823,388.332806
1,3824,272.709027
1,3825,212.675668
1,3826,234.416504
1,3827,396.739350
1,3828,56.366833
1,3829,443.427480
1,3830,296.051738
1,3831,99.653720
1,3832,317.056644
1,3833,398.680716
1,3834,156.760025
1,3835,456.830802
1,3836,478.030922
1,3837,353.578675
1,3838,90.189701
1,3839,256.550744
1,3840,167.935559
1,3841,325.259471
1,3842,84.773494
1,3843,483.507928
1,3844,147.886011
1,3845,111.157710
1,3846,96.476912
1,3847,485.465260
1,3848,96.947433
1,3849,65.005342
1,3850,198.607598
1,3851,366.839545
1,3852,785.563009
1,3853,572.175909
1,3854,97.064283
1,3855,639.778955
1,3856,106.257393
1,3857,231.252483
1,3858,212.947164
1,3859,501.610984
1,3860,123.078610
1,3861,623.491047
1,3862,94.266001
1,3863,486.259255
1,3864,286.172008
1,3865,452.370812
1,3866,107.416921
1,3867,298.216923
1,3868,188.966092
1,3869,588.501782
1,3870,114.198945
1,3871,545.226130
1,3872,240.039679
1,3873,311.336892
1,3874,462.081061
1,3875,501.528285
1,3876,97.993078
1,3877,237.198032
1,3878,491.286395
1,3879,49.556854
1,3880,451.636255
1,3881,368.786625
1,3882,415.166957
1,3883,373.672514
1,3884,102.512549
1,3885,422.360982
1,3886,359.844455
1,3887,253.609326
1,3888,573.974107
1,3889,96.482845
1,3890,210.473248
1,3891,530.008304
1,3892,91.961838
1,3893,240.472721
1,3894,491.672766
1,3895,550.625278
1,3896,478.694209
1,3897,391.225897
1,3898,411.292371
1,3899,118.372618
1,3900,314.314439
1,3901,348.095159
1,3902,87.359196
1,3903,426.015177
1,3904,84.877797
1,3905,479.304963
1,3906,265.906479
1,3907,494.474869
1,3908,89.979659
1,3909,228.882802
1,3910,433.125269
1,3911,813.109286
1,3912,350.775379
1,3913,400.351293
1,3914,137.167384
1,3915,454.898682
1,3916,104.455912
1,3917,420.544851
1,3918,564.910888
1,3919,211.891603
1,3920,101.614276
1,3921,393.762672
1,3922,304.057927
1,3923,379.801439
1,3924,96.407374
1,3925,380.516609
1,3926,636.153628
1,3927,139.197742
1,3928,199.779887
1,3929,241.642949
1,3930,50.825475
1,3931,602.343276
1,3932,583.342499
1,3933,94.440519
1,3934,629.247483
1,3935,480.592510
1,3936,511.296692
1,3937,113.370410
1,3938,211.712331
1,3939,499.735515
1,3940,501.029969
1,3941,543.514143
1,3942,107.469225
1,3943,563.933414
1,3944,557.667978
1,3945,112.830073
1,3946,511.526411
1,3947,371.085749
1,3948,101.679556
1,3949,448.576908
1,3950,272.249985
1,3951,329.397626
1,3952,173.506872
1,3953,206.855220
1,3954,309.613789
1,3955,93.886248
1,3956,608.056167
1,3957,361.419848
1,3958,431.785209
1,3959,513.304586
1,3960,52.527545
1,3961,516.669884
1,3962,110.465337
1,3963,46.126215
1,3964,484.094924
1,3965,403.086522
1,3966,93.087683
1,3967,309.632132
1,3968,259.132310
1,3969,418.882250
1,3970,97.586409
1,3971,47.855946
1,3972,422.533158
1,3973,520.132088
1,3974,440.466916
1,3975,112.221007
1,3976,377.634894
1,3977,108.197338
1,3978,402.021106
1,3979,517.309878
1,3980,357.190939
1,3981,178.348367
1,3982,383.515448
1,3983,149.114123
1,3984,89.184796
1,3985,296.799886
1,3986,91.202180
1,3987,365.504694
1,3988,377.873609
1,3989,470.249552
1,3990,133.687244
1,3991,408.421053
1,3992,349.640326
1,3993,500.393604
1,3994,387.900191
1,3995,123.922637
1,3996,372.626937
1,3997,192.023343
1,3998,513.656737
1,3999,86.838839
1,4000,337.506936
1,4001,438.954036
1,4002,268.757090
1,4003,395.492379
1,4004,376.562209
1,4005,90.023362
1,4006,384.759661
1,4007,402.092794
1,4008,97.928850
1,4009,431.316435
1,4010,583.544208
1,4011,203.578900
1,4012,488.466575
1,4013,276.043434
1,4014,243.509771
1,4015,377.992229
1,4016,190.835214
1,4017,411.644042
1,4018,174.337743
1,4019,474.902676
1,4020,48.850207
1,4021,513.600381
1,4022,353.122720
1,4023,97.037217
1,4024,358.980148
1,4025,101.021563
1,4026,435.335347
1,4027,186.373100
1,4028,270.550593
1,4029,306.759210
1,4030,195.647480
1,4031,103.573179
1,4032,419.977009
1,4033,342.232223
1,4034,424.237550
1,4035,527.006685
1,4036,404.719097
1,4037,111.037860
1,4038,461.291373
1,4039,269.591043
1,4040,232.604419
1,4041,231.245494
1,4042,111.179742
1,4043,440.731014
1,4044,466.945212
1,4045,546.027204
1,4046,57.071482
1,4047,522.916705
1,4048,432.116095
1,4049,96.827001
1,4050,221.832682
1,4051,559.129835
1,4052,107.882616
1,4053,537.505033
1,4054,92.057369
1,4055,332.734661
1,4056,97.182900
1,4057,548.021972
1,4058,418.394160
1,4059,191.392810
1,4060,164.037105
1,4061,224.889079
1,4062,334.671832
1,4063,380.519574
1,4064,471.095076
1,4065,220.150502
1,4066,475.088295
1,4067,90.479430
1,4068,465.606987
1,4069,482.746260
1,4070,98.822472
1,4071,368.041871
1,4072,328.012272
1,4073,498.264634
1,4074,97.870148
1,4075,610.520417
1,4076,551.056950
1,4077,87.232989
1,4078,90.086659
1,4079,468.916694
1,4080,93.666800
1,4081,180.062269
1,4082,485.670754
1,4083,212.950916
1,4084,524.208389
1,4085,327.204007
1,4086,256.267830
1,4087,332.877874
1,4088,482.666254
1,4089,79.265321
1,4090,36.085463
1,4091,391.772309
1,4092,494.335895
1,4093,88.858250
1,4094,374.149536
1,4095,86.844263
1,4096,470.154507
1,4097,432.460550
1,4098,88.991650
1,4099,193.395493
1,4100,93.550895
1,4101,338.810898
1,4102,371.470122
1,4103,90.537494
1,4104,424.732121
1,4105,288.853612
1,4106,435.145472
1,4107,93.225131
1,4108,343.876957
1,4109,503.328719
1,4110,499.915573
1,4111,249.262476
1,4112,107.071700
1,4113,506.976741
1,4114,296.680183
1,4115,69.757438
1,4116,304.006015
1,4117,277.819339
1,4118,430.472625
1,4119,78.828337
1,4120,245.748108
1,4121,477.044823
1,4122,412.890360
1,4123,153.781249
1,4124,392.811581
1,4125,83.041297
1,4126,210.429470
1,4127,375.823486
1,4128,92.995362
1,4129,282.578142
1,4130,111.225638
1,4131,498.646443
1,4132,183.523825
1,4133,393.200976
1,4134,223.867196
1,4135,187.213744
1,4136,377.811244
1,4137,54.204852
1,4138,231.060299
1,4139,126.138891
1,4140,366.422309
1,4141,43.948820
1,4142,341.233654
1,4143,92.378633
1,4144,409.355683
1,4145,115.057443
1,4146,89.497964
1,4147,218.491726
1,4148,266.326110
1,4149,187.124652
1,4150,154.776194
1,4151,535.018643
1,4152,96.688533
1,4153,462.452569
1,4154,352.441831
1,4155,93.621284
1,4156,318.272438
1,4157,95.876531
1,4158,120.526102
1,4159,452.613042
1,4160,90.206814
1,4161,46.226131
1,4162,430.379962
1,4163,89.437727
1,4164,303.117867
1,4165,145.393290
1,4166,90.889912
1,4167,342.932304
1,4168,378.662598
1,4169,309.415738
1,4170,298.404359
1,4171,267.455668
1,4172,471.754882
1,4173,91.452900
1,4174,591.945294
1,4175,384.645811
1,4176,126.052336
1,4177,433.719766
1,4178,368.038738
1,4179,451.341139
1,4180,145.795239
1,4181,248.887150
1,4182,148.885802
1,4183,386.255698
1,4184,284.739719
1,4185,152.049903
1,4186,323.421442
1,4187,45.929595
1,4188,290.218616
1,4189,84.600331
1,4190,137.123520
1,4191,241.816865
1,4192,189.529346
1,4193,236.643094
1,4194,32.721214
1,4195,186.914645
1,4196,74.674910
1,4197,280.279982
1,4198,35.740715
1,4199,222.246007
1,4200,89.687870
1,4201,274.189854
1,4202,107.613107
1,4203,92.388438
1,4204,213.012592
1,4205,265.927214
1,4206,194.226931
1,4207,204.488548
1,4208,327.477503
1,4209,86.403089
1,4210,431.709212
1,4211,437.487269
1,4212,114.247133
1,4213,141.754875
1,4214,286.333793
1,4215,48.116758
1,4216,452.149016
1,4217,103.766096
1,4218,485.119224
1,4219,444.697353
1,4220,88.240907
1,4221,373.216368
1,4222,369.173284
1,4223,99.397419
1,4224,289.140700
1,4225,89.521335
1,4226,104.356188
1,4227,474.603936
1,4228,98.146035
1,4229,52.303322
1,4230,406.950831
1,4231,103.573213
1,4232,312.031880
1,4233,160.952472
1,4234,104.000295
1,4235,357.797687
1,4236,344.034870
1,4237,120.832933
1,4238,485.363262
1,4239,432.964655
1,4240,95.056519
1,4241,379.009314
1,4242,381.629198
1,4243,343.574429
1,4244,284.930402
1,4245,300.085737
1,4246,257.336605
1,4247,487.095255
1,4248,90.429232
1,4249,414.573872
1,4250,88.560410
1,4251,44.507986
1,4252,297.658200
1,4253,87.774704
1,4254,144.807399
1,4255,246.824549
1,4256,201.266825
1,4257,348.525897
1,4258,140.642159
1,4259,157.602346
1,4260,230.685184
1,4261,185.692297
1,4262,191.734722
1,4263,554.834195
1,4264,121.499953
1,4265,138.188408
1,4266,396.737437
1,4267,593.169777
1,4268,290.391111
1,4269,69.814012
1,4270,295.047703
1,4271,80.174273
1,4272,398.113093
1,4273,232.542121
1,4274,387.897833
1,4275,178.673699
1,4276,357.607691
1,4277,81.721208
1,4278,202.626783
1,4279,297.996185
1,4280,42.520424
1,4281,433.977969
1,4282,109.863643
1,4283,193.516282
1,4284,433.959776
1,4285,380.743076
1,4286,184.805636
1,4287,88.791332
1,4288,383.348212
1,4289,262.872136
1,4290,43.593079
1,4291,326.924068
1,4292,414.491619
1,4293,97.574875
1,4294,341.844753
1,4295,92.095070
1,4296,470.908575
1,4297,99.810060
1,4298,391.553964
1,4299,152.524756
1,4300,265.977796
1,4301,320.024372
1,4302,187.240868
1,4303,266.297392
1,4304,99.117572
1,4305,437.272975
1,4306,93.330988
1,4307,190.378412
1,4308,139.387763
1,4309,136.509091
1,4310,445.558189
1,4311,105.627247
1,4312,324.817772
1,4313,519.447718
1,4314,41.674910
1,4315,500.761038
1,4316,87.537189
1,4317,105.697798
1,4318,389.092024
1,4319,90.605181
1,4320,46.189830
1,4321,268.024208
1,4322,338.372960
1,4323,96.350668
1,4324,274.682352
1,4325,404.765354
1,4326,426.250122
1,4327,303.351928
1,4328,69.963131
1,4329,314.096280
1,4330,117.542155
1,4331,110.073173
1,4332,352.027532
1,4333,317.450802
1,4334,97.987447
1,4335,410.573366
1,4336,169.995422
1,4337,104.682839
1,4338,221.468589
1,4339,389.207963
1,4340,119.641841
1,4341,252.482136
1,4342,434.697963
1,4343,84.341863
1,4344,227.128993
1,4345,272.956704
1,4346,385.554100
1,4347,96.864768
1,4348,299.670744
1,4349,380.615774
1,4350,92.040783
1,4351,99.857434
1,4352,367.033605
1,4353,480.958395
1,4354,106.115931
1,4355,117.001192
1,4356,215.813548
1,4357,233.167579
1,4358,90.238699
1,4359,149.841519
1,4360,378.066924
1,4361,91.004051
1,4362,51.714945
1,4363,243.040680
1,4364,476.725502
1,4365,246.247550
1,4366,414.459639
1,4367,140.667348
1,4368,310.767791
1,4369,423.863376
1,4370,131.885847
1,4371,435.186500
1,4372,100.096032
1,4373,193.280295
1,4374,412.402216
1,4375,194.121123
1,4376,332.237993
1,4377,91.516821
1,4378,443.825324
1,4379,329.588473
1,4380,143.784542
1,4381,220.699743
1,4382,276.923605
1,4383,102.576984
1,4384,433.282393
1,4385,95.540303
1,4386,444.796614
1,4387,265.076019
1,4388,461.999911
1,4389,532.225960
1,4390,107.755392
1,4391,341.531400
1,4392,277.873569
1,4393,535.918162
1,4394,311.845588
1,4395,194.692473
1,4396,364.472912
1,4397,92.338173
1,4398,406.935157
1,4399,98.021431
1,4400,411.011610
1,4401,370.932740
1,4402,84.499150
1,4403,411.335924
1,4404,94.757886
1,4405,389.857310
1,4406,94.999966
1,4407,548.376052
1,4408,319.055065
1,4409,38.249697
1,4410,291.333577
1,4411,251.855206
1,4412,436.925521
1,4413,101.133441
1,4414,348.170729
1,4415,88.194407
1,4416,275.353831
1,4417,89.474525
1,4418,257.660552
1,4419,508.187464
1,4420,82.275606
1,4421,465.552659
1,4422,315.553584
1,4423,435.070566
1,4424,80.083589
1,4425,411.644163
1,4426,357.934722
1,4427,81.395469
1,4428,167.596418
1,4429,555.709529
1,4430,316.994769
1,4431,93.359405
1,4432,161.729398
1,4433,30.282713
1,4434,426.988779
1,4435,83.516677
1,4436,286.246619
1,4437,272.036426
1,4438,273.694097
1,4439,294.631982
1,4440,271.191451
1,4441,44.179285
1,4442,137.741135
1,4443,262.747849
1,4444,85.030838
1,4445,228.464410
1,4446,191.906618
1,4447,209.143900
1,4448,298.408923
1,4449,498.640357
1,4450,114.273584
1,4451,218.718563
1,4452,285.475713
1,4453,236.752699
1,4454,248.081703
1,4455,84.968765
1,4456,162.128483
1,4457,181.455200
1,4458,92.875424
1,4459,47.534384
1,4460,326.339498
1,4461,88.782762
1,4462,187.539380
1,4463,469.194912
1,4464,47.397438
1,4465,303.365601
1,4466,123.641852
1,4467,280.877896
1,4468,91.425455
1,4469,218.250486
1,4470,86.637778
1,4471,335.045057
1,4472,177.435015
1,4473,262.332699
1,4474,370.151219
1,4475,103.977929
1,4476,65.882609
1,4477,312.299978
1,4478,98.134913
1,4479,151.746155
1,4480,144.030565
1,4481,250.426816
1,4482,225.493276
1,4483,87.962215
1,4484,228.196967
1,4485,115.282852
1,4486,236.909336
1,4487,222.285669
1,4488,106.607835
1,4489,420.195129
1,4490,86.111791
1,4491,213.102449
1,4492,85.252197
1,4493,295.287653
1,4494,181.724152
1,4495,230.827257
1,4496,84.197275
1,4497,154.637280
1,4498,181.599049
1,4499,303.265631
1,4500,82.936767
1,4501,305.586528
1,4502,84.467539
1,4503,303.456346
1,4504,299.693875
1,4505,276.932078
1,4506,139.463129
1,4507,110.719262
1,4508,49.449376
1,4509,343.239395
1,4510,81.526797
1,4511,445.392870
1,4512,285.478892
1,4513,280.666997
1,4514,94.109650
1,4515,244.933826
1,4516,132.729172
1,4517,219.638557
1,4518,281.993131
1,4519,277.422278
1,4520,354.547362
1,4521,88.430498
1,4522,85.667193
1,4523,340.394482
1,4524,446.852940
1,4525,514.567558
1,4526,387.553044
1,4527,428.587779
1,4528,297.577046
1,4529,65.398079
1,4530,321.738809
1,4531,87.074812
1,4532,363.741659
1,4533,232.358853
1,4534,315.994701
1,4535,153.320679
1,4536,132.977697
1,4537,257.545071
1,4538,77.905019
1,4539,201.703257
1,4540,423.862929
1,4541,95.643225
1,4542,385.671483
1,4543,85.998486
1,4544,195.409972
1,4545,432.302265
1,4546,397.516340
1,4547,339.850697
1,4548,212.433579
1,4549,103.828088
1,4550,154.153590
1,4551,80.064431
1,4552,204.658429
1,4553,284.561374
1,4554,394.590550
1,4555,190.876925
1,4556,433.427251
1,4557,99.416068
1,4558,130.893704
1,4559,194.065509
1,4560,254.650619
1,4561,79.194507
1,4562,243.777586
1,4563,78.810788
1,4564,124.087655
1,4565,81.899579
1,4566,209.349027
1,4567,301.283309
1,4568,324.639669
1,4569,350.535000
1,4570,296.498253
1,4571,158.938497
1,4572,121.588761
1,4573,290.768856
1,4574,342.286541
1,4575,387.148094
1,4576,78.066069
1,4577,339.375630
1,4578,36.230028
1,4579,289.005113
1,4580,235.628253
1,4581,76.413071
1,4582,176.821561
1,4583,321.617540
1,4584,246.504309
1,4585,313.985449
1,4586,340.194810
1,4587,354.992802
1,4588,400.717973
1,4589,81.374072
1,4590,130.922105
1,4591,337.221235
1,4592,141.711107
1,4593,218.391288
1,4594,145.623347
1,4595,107.544642
1,4596,326.600459
1,4597,66.104302
1,4598,295.451163
1,4599,228.745510
1,4600,218.319480
1,4601,310.077564
1,4602,395.247659
1,4603,72.533883
1,4604,212.294292
1,4605,116.657928
1,4606,300.132800
1,4607,76.968763
1,4608,281.511917
1,4609,136.804074
1,4610,332.603280
1,4611,271.376930
1,4612,84.229831
1,4613,401.584581
1,4614,347.555250
1,4615,365.373241
1,4616,425.705466
1,4617,353.661384
1,4618,82.421076
1,4619,239.081455
1,4620,77.772096
1,4621,239.600292
1,4622,332.167857
1,4623,79.548970
1,4624,166.819176
1,4625,276.893769
1,4626,126.608269
1,4627,165.308926
1,4628,77.649590
1,4629,684.984090
1,4630,77.095502
1,4631,316.765181
1,4632,129.716890
1,4633,249.144550
1,4634,79.325226
1,4635,166.363150
1,4636,327.213575
1,4637,343.579144
1,4638,78.585556
1,4639,41.507109
1,4640,291.281402
1,4641,76.542803
1,4642,332.297780
1,4643,82.779116
1,4644,190.862651
1,4645,540.287382
1,4646,77.791599
1,4647,348.827842
1,4648,75.433184
1,4649,265.867478
1,4650,190.410956
1,4651,203.256444
1,4652,246.515274
1,4653,266.042410
1,4654,159.590709
1,4655,200.145480
1,4656,368.960536
1,4657,73.663935
1,4658,167.273970
1,4659,202.048180
1,4660,236.381908
1,4661,160.764931
1,4662,81.672786
1,4663,290.537036
1,4664,229.687835
1,4665,76.243173
1,4666,190.672859
1,4667,166.600448
1,4668,262.393970
1,4669,119.927102
1,4670,70.679703
1,4671,303.701291
1,4672,159.260504
1,4673,168.806014
1,4674,211.852837
1,4675,251.024769
1,4676,219.531935
1,4677,325.917626
1,4678,114.198372
1,4679,156.624822
1,4680,71.675242
1,4681,166.468346
1,4682,70.153863
1,4683,213.040507
1,4684,67.805206
1,4685,79.501740
1,4686,257.782689
1,4687,273.422918
1,4688,323.975583
1,4689,279.540386
1,4690,157.455549
1,4691,286.335282
1,4692,70.249730
1,4693,261.064160
1,4694,122.602476
1,4695,192.916648
1,4696,247.767392
1,4697,483.906938
1,4698,217.411953
1,4699,276.588029
1,4700,377.672206
1,4701,202.103549
1,4702,422.913351
1,4703,355.092445
1,4704,292.871211
1,4705,216.880510
1,4706,69.712320
1,4707,290.603196
1,4708,72.035997
1,4709,232.019104
1,4710,322.842539
1,4711,284.018105
1,4712,71.772163
1,4713,325.436752
1,4714,283.084944
1,4715,253.289289
1,4716,261.379512
1,4717,342.937459
1,4718,117.868538
1,4719,89.038803
1,4720,100.079414
1,4721,266.605090
1,4722,225.003953
1,4723,295.051170
1,4724,242.641548
1,4725,354.098158
1,4726,239.140407
1,4727,154.415349
1,4728,426.117614
1,4729,85.343887
1,4730,271.363499
1,4731,350.390559
1,4732,350.485633
1,4733,331.924998
1,4734,339.866509
1,4735,77.328537
1,4736,232.426979
1,4737,393.033358
1,4738,125.031865
1,4739,232.474984
1,4740,428.295836
1,4741,367.833241
1,4742,340.466847
1,4743,307.772282
1,4744,120.230068
1,4745,350.846260
1,4746,277.305226
1,4747,327.534580
1,4748,78.394280
1,4749,165.293638
1,4750,240.863208
1,4751,325.564772
1,4752,307.032808
1,4753,75.973520
1,4754,369.369168
1,4755,86.280623
1,4756,404.817287
1,4757,466.761788
1,4758,400.347415
1,4759,71.274404
1,4760,34.449021
1,4761,289.688539
1,4762,73.925010
1,4763,254.883282
1,4764,195.680922
1,4765,266.913009
1,4766,146.928678
1,4767,295.507023
1,4768,233.284638
1,4769,175.647594
1,4770,65.126154
1,4771,165.780428
1,4772,267.089150
1,4773,114.922628
1,4774,191.426223
1,4775,223.318972
1,4776,156.751862
1,4777,107.316603
1,4778,294.857487
1,4779,367.247850
1,4780,235.692835
1,4781,164.678258
1,4782,139.665849
1,4783,120.212999
1,4784,231.471738
1,4785,261.974647
1,4786,77.073511
1,4787,275.906022
1,4788,75.754568
1,4789,168.961195
1,4790,34.068147
1,4791,120.896429
1,4792,254.922104
1,4793,317.269258
1,4794,236.762471
1,4795,307.693861
1,4796,211.583006
1,4797,124.878871
1,4798,260.995317
1,4799,290.168094
1,4800,165.451364
1,4801,235.378394
1,4802,243.478866
1,4803,341.397601
1,4804,225.380531
1,4805,239.767399
1,4806,83.096399
1,4807,408.859749
1,4808,43.062830
1,4809,265.478766
1,4810,75.956842
1,4811,183.741900
1,4812,167.050824
1,4813,308.853774
1,4814,74.411935
1,4815,197.372328
1,4816,618.624516
1,4817,572.564488
1,4818,326.551078
1,4819,329.155584
1,4820,34.906252
1,4821,381.523756
1,4822,353.119048
1,4823,385.986251
1,4824,313.923465
1,4825,261.482602
1,4826,74.208379
1,4827,86.433224
1,4828,426.212507
1,4829,258.133488
1,4830,377.127536
1,4831,442.286933
1,4832,426.132093
1,4833,391.218204
1,4834,374.050045
1,4835,97.862053
1,4836,375.314153
1,4837,254.421757
1,4838,543.195398
1,4839,421.551924
1,4840,330.779432
1,4841,386.491757
1,4842,80.972539
1,4843,347.005663
1,4844,343.811919
1,4845,392.951321
1,4846,495.033323
1,4847,259.101245
1,4848,231.291205
1,4849,417.419108
1,4850,42.539249
1,4851,184.827808
1,4852,302.800476
1,4853,364.254536
1,4854,360.574120
1,4855,266.769966
1,4856,349.124779
1,4857,329.026881
1,4858,96.004761
1,4859,100.649247
1,4860,483.263715
1,4861,136.246586
1,4862,347.352370
1,4863,417.049032
1,4864,81.091736
1,4865,387.361406
1,4866,86.080954
1,4867,171.998536
1,4868,151.151258
1,4869,259.545917
1,4870,285.337359
1,4871,168.652364
1,4872,311.207228
1,4873,63.775512
1,4874,262.682581
1,4875,323.219398
1,4876,71.632015
1,4877,98.821546
1,4878,477.157473
1,4879,334.115667
1,4880,76.092387
1,4881,418.801053
1,4882,293.037858
1,4883,397.271531
1,4884,76.593646
1,4885,238.797437
1,4886,81.694694
1,4887,385.802008
1,4888,182.767195
1,4889,369.595692
1,4890,312.120906
1,4891,337.753264
1,4892,276.198621
1,4893,492.407382
1,4894,325.744563
1,4895,500.104760
1,4896,371.597274
1,4897,522.287713
1,4898,81.568622
1,4899,214.744607
1,4900,99.512776
1,4901,404.791252
1,4902,472.285876
1,4903,91.521047
1,4904,235.907648
1,4905,90.308239
1,4906,218.002598
1,4907,192.383001
1,4908,193.408584
1,4909,85.735587
1,4910,343.825679
1,4911,85.672475
1,4912,315.972323
1,4913,82.130206
1,4914,94.809099
1,4915,393.855541
1,4916,274.517236
1,4917,373.685864
1,4918,277.314610
1,4919,108.477024
1,4920,167.684351
1,4921,235.593362
1,4922,348.043550
1,4923,74.407981
1,4924,372.677041
1,4925,79.587465
1,4926,81.756976
1,4927,416.903828
1,4928,124.985226
1,4929,366.342911
1,4930,352.759020
1,4931,91.802532
1,4932,275.015481
1,4933,289.723124
1,4934,40.506025
1,4935,223.054897
1,4936,81.099451
1,4937,365.622698
1,4938,451.413032
1,4939,384.445878
1,4940,462.945869
1,4941,251.708104
1,4942,298.001318
1,4943,312.475200
1,4944,270.275141
1,4945,359.839274
1,4946,311.265879
1,4947,240.631888
1,4948,100.228204
1,4949,224.339660
1,4950,247.281584
1,4951,362.988783
1,4952,91.216383
1,4953,210.185277
1,4954,379.854351
1,4955,90.109586
1,4956,481.068438
1,4957,141.108917
1,4958,333.864315
1,4959,307.331167
1,4960,185.089974
1,4961,82.512395
1,4962,318.619253
1,4963,81.620318
1,4964,301.889072
1,4965,202.327904
1,4966,264.204506
1,4967,270.891071
1,4968,67.796122
1,4969,222.396016
1,4970,366.099539
1,4971,286.192220
1,4972,263.929773
1,4973,117.070795
1,4974,192.013698
1,4975,299.792727
1,4976,355.379938
1,4977,407.886552
1,4978,36.543701
1,4979,226.884998
1,4980,350.828944
1,4981,79.771899
1,4982,281.297227
1,4983,77.151407
1,4984,90.586576
1,4985,312.404036
1,4986,56.496390
1,4987,171.529654
1,4988,84.645868
1,4989,212.378179
1,4990,189.331636
1,4991,67.685988
1,4992,168.684475
1,4993,236.882855
1,4994,97.348623
1,4995,350.962336
1,4996,97.697799
1,4997,121.782779
1,4998,430.068014
1,4999,81.837326
1,5000,383.750558
1,5001,437.334923
1,5002,191.160403
1,5003,487.575807
1,5004,90.038310
1,5005,300.425173
1,5006,293.053343
1,5007,466.955776
1,5008,284.032391
1,5009,253.131563
1,5010,324.916059
1,5011,202.273044
1,5012,321.662784
1,5013,88.875126
1,5014,547.779466
1,5015,81.235781
1,5016,82.063942
1,5017,523.385302
1,5018,484.102980
1,5019,195.720544
1,5020,307.121028
1,5021,273.383890
1,5022,566.243491
1,5023,80.231799
1,5024,309.965628
1,5025,131.331806
1,5026,353.259625
1,5027,295.443900
1,5028,189.865702
1,5029,301.236669
1,5030,297.325760
1,5031,196.819344
1,5032,370.457680
1,5033,267.041434
1,5034,498.251421
1,5035,351.711666
1,5036,520.952223
1,5037,438.309884
1,5038,337.887237
1,5039,80.318688
1,5040,332.766161
1,5041,315.510439
1,5042,376.634389
1,5043,402.623135
1,5044,77.028118
1,5045,373.326815
1,5046,347.411689
1,5047,362.527661
1,5048,409.065871
1,5049,498.115811
1,5050,256.415456
1,5051,306.117699
1,5052,342.193414
1,5053,129.094854
1,5054,369.458088
1,5055,252.157382
1,5056,164.662179
1,5057,224.881944
1,5058,63.508494
1,5059,137.757416
1,5060,270.133073
1,5061,223.670901
1,5062,247.184239
1,5063,77.119137
1,5064,33.515865
1,5065,75.180964
1,5066,142.484706
1,5067,249.302686
1,5068,239.652416
1,5069,78.718417
1,5070,177.803809
1,5071,91.016822
1,5072,292.596465
1,5073,134.607162
1,5074,232.266609
1,5075,32.393192
1,5076,212.049208
1,5077,95.103796
1,5078,271.426201
1,5079,81.156552
1,5080,174.228686
1,5081,40.982163
1,5082,297.027810
1,5083,202.344483
1,5084,243.536584
1,5085,249.381697
1,5086,84.651243
1,5087,172.122150
1,5088,88.405055
1,5089,294.916532
1,5090,395.653858
1,5091,33.340391
1,5092,261.223748
1,5093,163.699890
1,5094,83.259184
1,5095,131.691535
1,5096,80.434561
1,5097,89.058301
1,5098,39.610703
1,5099,271.004184
1,5100,79.361047
1,5101,129.275440
1,5102,254.570545
1,5103,298.423007
1,5104,81.368707
1,5105,210.814564
1,5106,89.171139
1,5107,249.638230
1,5108,82.416312
1,5109,196.913107
1,5110,81.727129
1,5111,80.812692
1,5112,271.107041
1,5113,124.271240
1,5114,275.489588
1,5115,190.878064
1,5116,79.272085
1,5117,235.669438
1,5118,289.162778
1,5119,304.650659
1,5120,378.718461
1,5121,132.075209
1,5122,88.105799
1,5123,133.175121
1,5124,294.974017
1,5125,364.415678
1,5126,250.018277
1,5127,78.122232
1,5128,235.033116
1,5129,74.073443
1,5130,243.135372
1,5131,243.979346
1,5132,168.910722
1,5133,310.889486
1,5134,76.999850
1,5135,266.392425
1,5136,1163.759551
1,5137,309.948351
1,5138,73.423749
1,5139,340.729535
1,5140,196.708863
1,5141,165.783047
1,5142,313.426728
1,5143,81.491029
1,5144,200.746833
1,5145,82.519452
1,5146,177.160550
1,5147,135.279753
1,5148,301.707829
1,5149,342.791942
1,5150,88.750923
1,5151,418.766251
1,5152,274.777061
1,5153,62.058264
1,5154,181.513030
1,5155,341.616376
1,5156,31.058801
1,5157,234.043475
1,5158,374.037356
1,5159,31.063665
1,5160,282.032558
1,5161,549.714190
1,5162,407.683605
1,5163,309.550504
1,5164,283.999998
1,5165,81.797016
1,5166,208.724593
1,5167,86.283080
1,5168,349.409320
1,5169,272.906348
1,5170,315.484996
1,5171,310.913365
1,5172,397.843882
1,5173,111.998784
1,5174,235.422059
1,5175,241.767256
1,5176,79.426883
1,5177,298.166310
1,5178,273.300129
1,5179,82.701839
1,5180,211.009333
1,5181,80.297557
1,5182,211.578266
1,5183,179.216382
1,5184,123.344936
1,5185,169.940724
1,5186,79.947758
1,5187,201.675646
1,5188,133.148235
1,5189,318.782198
1,5190,79.653335
1,5191,226.901225
1,5192,371.165051
1,5193,38.494030
1,5194,207.608604
1,5195,335.616793
1,5196,77.153634
1,5197,227.632329
1,5198,209.400985
1,5199,397.483913
1,5200,89.924778
1,5201,209.617491
1,5202,279.657252
1,5203,127.221307
1,5204,127.577517
1,5205,224.986873
1,5206,349.726905
1,5207,318.136689
1,5208,79.670692
1,5209,271.899045
1,5210,78.546339
1,5211,174.551030
1,5212,338.198720
1,5213,80.582595
1,5214,293.261849
1,5215,76.513817
1,5216,162.732703
1,5217,81.622098
1,5218,394.938256
1,5219,76.740955
1,5220,123.862943
1,5221,308.687245
1,5222,344.475338
1,5223,358.992533
1,5224,507.823984
1,5225,31.669539
1,5226,341.096993
1,5227,213.559699
1,5228,326.635125
1,5229,88.043311
1,5230,286.868982
1,5231,462.273050
1,5232,104.098074
1,5233,483.986965
1,5234,422.244839
1,5235,226.049452
1,5236,344.498035
1,5237,92.095011
1,5238,331.033461
1,5239,165.466095
1,5240,95.508699
1,5241,198.086545
1,5242,230.232941
1,5243,277.842856
1,5244,457.627228
1,5245,455.195026
1,5246,465.154214
1,5247,122.114386
1,5248,553.412387
1,5249,107.232262
1,5250,293.980653
1,5251,104.950307
1,5252,110.130662
1,5253,279.799920
1,5254,201.897706
1,5255,95.627721
1,5256,405.229161
1,5257,116.789095
1,5258,212.754773
1,5259,853.266723
1,5260,356.723532
1,5261,216.413042
1,5262,112.963254
1,5263,617.829137
1,5264,326.455561
1,5265,405.651054
1,5266,97.207684
1,5267,534.289085
1,5268,365.191227
1,5269,271.551912
1,5270,200.954850
1,5271,341.882635
1,5272,326.639922
1,5273,222.748410
1,5274,194.638752
1,5275,420.798600
1,5276,339.773249
1,5277,93.068578
1,5278,235.108815
1,5279,263.255592
1,5280,330.059606
1,5281,356.590349
1,5282,303.338758
1,5283,98.189572
1,5284,403.492355
1,5285,93.531738
1,5286,111.071664
1,5287,263.998648
1,5288,94.394286
1,5289,316.208463
1,5290,358.830436
1,5291,67.695932
1,5292,200.132631
1,5293,191.727747
1,5294,84.232858
1,5295,241.017533
1,5296,169.789504
1,5297,273.973137
1,5298,98.275021
1,5299,496.282515
1,5300,203.689349
1,5301,98.639837
1,5302,375.320087
1,5303,298.655708
1,5304,106.100882
1,5305,65.960985
1,5306,313.246796
1,5307,254.314627
1,5308,332.372217
1,5309,286.203970
1,5310,195.133669
1,5311,387.593000
1,5312,279.509123
1,5313,48.756119
1,5314,219.552432
1,5315,225.447542
1,5316,421.036102
1,5317,163.396455
1,5318,496.064075
1,5319,297.925250
1,5320,96.988183
1,5321,189.292823
1,5322,97.543112
1,5323,186.110933
1,5324,362.082135
1,5325,481.088255
1,5326,343.359590
1,5327,113.459937
1,5328,251.463260
1,5329,51.466652
1,5330,498.890841
1,5331,96.760574
1,5332,302.165448
1,5333,288.306809
1,5334,291.380112
1,5335,165.258266
1,5336,326.822723
1,5337,455.905396
1,5338,95.789363
1,5339,52.959806
1,5340,380.248056
1,5341,96.271446
1,5342,209.691591
1,5343,318.027178
1,5344,93.480695
1,5345,443.417382
1,5346,92.962597
1,5347,452.881583
1,5348,283.666408
1,5349,263.798238
1,5350,140.283904
1,5351,336.733928
1,5352,48.670764
1,5353,406.093220
1,5354,161.963057
1,5355,242.864171
1,5356,271.152992
1,5357,98.654549
1,5358,479.764805
1,5359,89.232084
1,5360,251.376912
1,5361,309.174782
1,5362,147.257092
1,5363,543.884557
1,5364,92.649447
1,5365,289.255049
1,5366,361.481179
1,5367,131.044559
1,5368,189.926704
1,5369,361.339180
1,5370,176.290495
1,5371,97.974730
1,5372,292.741774
1,5373,301.363443
1,5374,124.134645
1,5375,140.690408
1,5376,95.728549
1,5377,249.019897
1,5378,344.019859
1,5379,218.632335
1,5380,444.553977
1,5381,194.597204
1,5382,435.702496
1,5383,410.770777
1,5384,388.517184
1,5385,348.372419
1,5386,96.711499
1,5387,213.912830
1,5388,239.964659
1,5389,331.580982
1,5390,101.641723
1,5391,368.218751
1,5392,162.442771
1,5393,408.460547
1,5394,351.286235
1,5395,207.658619
1,5396,108.214582
1,5397,137.961214
1,5398,447.262289
1,5399,353.173728
1,5400,93.171185
1,5401,334.346339
1,5402,101.248380
1,5403,412.467712
1,5404,455.766161
1,5405,106.508000
1,5406,413.637895
1,5407,104.242722
1,5408,364.555515
1,5409,96.995846
1,5410,266.219864
1,5411,76.631442
1,5412,530.995257
1,5413,100.985894
1,5414,217.218502
1,5415,233.034003
1,5416,185.754489
1,5417,182.921901
1,5418,408.604731
1,5419,91.148871
1,5420,386.306921
1,5421,256.496297
1,5422,467.107523
1,5423,254.227497
1,5424,230.140548
1,5425,201.354800
1,5426,160.199617
1,5427,350.814010
1,5428,518.832713
1,5429,137.708661
1,5430,436.568180
1,5431,103.965496
1,5432,169.725045
1,5433,413.138902
1,5434,158.939189
1,5435,170.492801
1,5436,179.727708
1,5437,179.919199
1,5438,282.725008
1,5439,64.976567
1,5440,431.596030
1,5441,130.438515
1,5442,483.405002
1,5443,95.319554
1,5444,222.894655
1,5445,94.952806
1,5446,106.633547
1,5447,159.487114
1,5448,103.865471
1,5449,98.524749
1,5450,324.038740
1,5451,41.984832
1,5452,293.176255
1,5453,439.002970
1,5454,189.353623
1,5455,117.807820
1,5456,281.324071
1,5457,279.218716
1,5458,85.861081
1,5459,319.367402
1,5460,44.004493
1,5461,258.067666
1,5462,97.053786
1,5463,222.476112
1,5464,493.453654
1,5465,390.575821
1,5466,85.817524
1,5467,137.310132
1,5468,134.633771
1,5469,366.100414
1,5470,82.905912
1,5471,441.839337
1,5472,96.051255
1,5473,322.616896
1,5474,127.736129
1,5475,257.231615
1,5476,182.086244
1,5477,319.943480
1,5478,308.075597
1,5479,85.034706
1,5480,184.988410
1,5481,328.323349
1,5482,286.832319
1,5483,483.778292
1,5484,192.496070
1,5485,315.433853
1,5486,99.827121
1,5487,368.466290
1,5488,181.497159
1,5489,355.589625
1,5490,46.715894
1,5491,286.156599
1,5492,91.256574
1,5493,96.357387
1,5494,236.976049
1,5495,109.487464
1,5496,103.088741
1,5497,149.357334
1,5498,260.524234
1,5499,93.313683
1,5500,208.924895
1,5501,92.827155
1,5502,339.549278
1,5503,140.650323
1,5504,169.123609
1,5505,432.519064
1,5506,124.528701
1,5507,93.313469
1,5508,344.798423
1,5509,352.231738
1,5510,203.969071
1,5511,283.964825
1,5512,119.862853
1,5513,298.784377
1,5514,143.066929
1,5515,205.090967
1,5516,452.238970
1,5517,93.851116
1,5518,178.880223
1,5519,375.513795
1,5520,389.174110
1,5521,99.748485
1,5522,236.691946
1,5523,92.761066
1,5524,293.883274
1,5525,115.717809
1,5526,395.970437
1,5527,610.841579
1,5528,170.007331
1,5529,345.703272
1,5530,109.120234
1,5531,260.162616
1,5532,415.177510
1,5533,401.645280
1,5534,97.078719
1,5535,228.438159
1,5536,177.733011
1,5537,89.201623
1,5538,310.820946
1,5539,98.662513
1,5540,413.425463
1,5541,116.889276
1,5542,437.769978
1,5543,135.954603
1,5544,134.383013
1,5545,291.237987
1,5546,493.967730
1,5547,358.276144
1,5548,103.634023
1,5549,130.446087
1,5550,372.527839
1,5551,306.838500
1,5552,139.513499
1,5553,423.672992
1,5554,260.383598
1,5555,95.232772
1,5556,925.735964
1,5557,156.393473
1,5558,119.702260
1,5559,532.651319
1,5560,327.787194
1,5561,524.250049
1,5562,84.091757
1,5563,391.354352
1,5564,225.146795
1,5565,329.525187
1,5566,105.941424
1,5567,228.661775
1,5568,283.444642
1,5569,335.927273
1,5570,388.362403
1,5571,314.275915
1,5572,83.990468
1,5573,187.195514
1,5574,110.005620
1,5575,228.307924
1,5576,181.361582
1,5577,321.952139
1,5578,96.537227
1,5579,193.326367
1,5580,96.646571
1,5581,313.200872
1,5582,91.148944
1,5583,291.066875
1,5584,213.491525
1,5585,93.715253
1,5586,404.964297
1,5587,215.551788
1,5588,206.372997
1,5589,354.047531
1,5590,47.779089
1,5591,364.626568
1,5592,322.508532
1,5593,233.487277
1,5594,504.794321
1,5595,184.589663
1,5596,287.416555
1,5597,106.861532
1,5598,392.234169
1,5599,285.429600
1,5600,198.317107
1,5601,98.283622
1,5602,283.760972
1,5603,235.953048
1,5604,260.038979
1,5605,219.431402
1,5606,107.357120
1,5607,281.654385
1,5608,237.507830
1,5609,48.582614
1,5610,352.665375
1,5611,213.675056
1,5612,258.970133
1,5613,201.240972
1,5614,303.346242
1,5615,399.095001
1,5616,199.230462
1,5617,48.307964
1,5618,391.291472
1,5619,95.476960
1,5620,366.182132
1,5621,90.534722
1,5622,362.493569
1,5623,88.130955
1,5624,96.297376
1,5625,318.926076
1,5626,361.615764
1,5627,90.498419
1,5628,188.903372
1,5629,90.748858
1,5630,236.098819
1,5631,141.797394
1,5632,138.975579
1,5633,182.627829
1,5634,243.412632
1,5635,308.266504
1,5636,92.430547
1,5637,158.439358
1,5638,145.016590
1,5639,468.644555
1,5640,93.762561
1,5641,528.259365
1,5642,111.885442
1,5643,452.381502
1,5644,103.557433
1,5645,292.825011
1,5646,254.718562
1,5647,443.051007
1,5648,146.462524
1,5649,90.512937
1,5650,412.228109
1,5651,147.084700
1,5652,379.423538
1,5653,193.501033
1,5654,283.978890
1,5655,318.019566
1,5656,82.713171
1,5657,161.669137
1,5658,30.282713
1,5659,424.936893
1,5660,90.467006
1,5661,283.577653
1,5662,279.789213
1,5663,270.932660
1,5664,301.371455
1,5665,278.230273
1,5666,50.056609
1,5667,145.425781
1,5668,252.093280
1,5669,85.005964
1,5670,225.124070
1,5671,197.404379
1,5672,206.340765
1,5673,298.940024
1,5674,507.703231
1,5675,105.616091
1,5676,217.997778
1,5677,289.285759
1,5678,239.897880
1,5679,246.731715
1,5680,84.971584
1,5681,159.936818
1,5682,180.644719
1,5683,91.776283
1,5684,47.526700
1,5685,326.031863
1,5686,88.752973
1,5687,193.777405
1,5688,473.892122
1,5689,47.389596
1,5690,298.809991
1,5691,119.793774
1,5692,287.801704
1,5693,90.470743
1,5694,218.024988
1,5695,93.946749
1,5696,342.413496
1,5697,185.403978
1,5698,267.287830
1,5699,374.300355
1,5700,98.405600
1,5701,65.874473
1,5702,304.054775
1,5703,96.489026
1,5704,150.001106
1,5705,143.072953
1,5706,256.839600
1,5707,232.820214
1,5708,94.178715
1,5709,227.913786
1,5710,122.211402
1,5711,235.597038
1,5712,222.063425
1,5713,100.279107
1,5714,433.110022
1,5715,86.082039
1,5716,211.686886
1,5717,85.222621
1,5718,292.078990
1,5719,188.427898
1,5720,237.523173
1,5721,84.168088
1,5722,160.621872
1,5723,187.012806
1,5724,308.404035
1,5725,82.908014
1,5726,312.312887
1,5727,92.536270
1,5728,303.343899
1,5729,306.827657
1,5730,288.687014
1,5731,139.392219
1,5732,108.258917
1,5733,43.159083
1,5734,332.033717
1,5735,87.831769
1,5736,438.504722
1,5737,286.045832
1,5738,285.854748
1,5739,92.013116
1,5740,249.716342
1,5741,132.661605
1,5742,216.624889
1,5743,288.377788
1,5744,285.640564
1,5745,345.496693
1,5746,82.259844
1,5747,85.641321
1,5748,330.458739
1,5749,428.732787
1,5750,510.987794
1,5751,369.072474
1,5752,409.961636
1,5753,292.751819
1,5754,65.383596
1,5755,316.715117
1,5756,84.496813
1,5757,360.266985
1,5758,234.991300
1,5759,325.066291
1,5760,155.212192
1,5761,132.090670
1,5762,264.580977
1,5763,76.819891
1,5764,207.465306
1,5765,429.891486
1,5766,93.042755
1,5767,388.199270
1,5768,84.368988
1,5769,197.839889
1,5770,427.829328
1,5771,402.968795
1,5772,341.045786
1,5773,218.028678
1,5774,100.725739
1,5775,158.665855
1,5776,80.040543
1,5777,211.072655
1,5778,294.190784
1,5779,387.939375
1,5780,195.660266
1,5781,429.029196
1,5782,97.489084
1,5783,130.833788
1,5784,198.518216
1,5785,258.848461
1,5786,79.169667
1,5787,247.382026
1,5788,78.785868
1,5789,129.412341
1,5790,81.873588
1,5791,216.195375
1,5792,308.331518
1,5793,331.060339
1,5794,355.539452
1,5795,303.447032
1,5796,164.340705
1,5797,121.528162
1,5798,291.893156
1,5799,348.555866
1,5800,398.550819
1,5801,78.041256
1,5802,347.408938
1,5803,36.223590
1,5804,300.089054
1,5805,244.482597
1,5806,76.388511
1,5807,185.435371
1,5808,326.657278
1,5809,253.320480
1,5810,320.263130
1,5811,354.626836
1,5812,358.556798
1,5813,408.270076
1,5814,81.350085
1,5815,129.497461
1,5816,345.260897
1,5817,135.284990
1,5818,217.292947
1,5819,144.562266
1,5820,107.515667
1,5821,325.697999
1,5822,66.090137
1,5823,283.886182
1,5824,227.459549
1,5825,216.775070
1,5826,307.063101
1,5827,382.958282
1,5828,72.515388
1,5829,216.966954
1,5830,116.609429
1,5831,304.668924
1,5832,76.948433
1,5833,286.037124
1,5834,144.380260
1,5835,337.296419
1,5836,268.509737
1,5837,89.925806
1,5838,409.984856
1,5839,353.243188
1,5840,368.629067
1,5841,433.035068
1,5842,363.861556
1,5843,91.255210
1,5844,247.287770
1,5845,83.831366
1,5846,249.226310
1,5847,346.498643
1,5848,79.525109
1,5849,166.709126
1,5850,282.407274
1,5851,133.489183
1,5852,170.260979
1,5853,77.625345
1,5854,672.709081
1,5855,83.447674
1,5856,322.323079
1,5857,136.092916
1,5858,256.728000
1,5859,79.300791
1,5860,173.874199
1,5861,334.047340
1,5862,364.313937
1,5863,78.561126
1,5864,49.360050
1,5865,299.344418
1,5866,76.518433
1,5867,328.429923
1,5868,81.596329
1,5869,178.602041
1,5870,503.007175
1,5871,77.767419
1,5872,363.717041
1,5873,75.409106
1,5874,273.668590
1,5875,196.255621
1,5876,208.258066
1,5877,249.576217
1,5878,272.872949
1,5879,161.712198
1,5880,199.365621
1,5881,361.550948
1,5882,73.640475
1,5883,167.166575
1,5884,213.612947
1,5885,243.333952
1,5886,168.411879
1,5887,80.475552
1,5888,295.437592
1,5889,236.217451
1,5890,76.219489
1,5891,196.827569
1,5892,166.509425
1,5893,268.306625
1,5894,119.872782
1,5895,70.657447
1,5896,311.957555
1,5897,166.663619
1,5898,177.343631
1,5899,216.147004
1,5900,257.778319
1,5901,227.382595
1,5902,337.032033
1,5903,114.146380
1,5904,156.527030
1,5905,71.654066
1,5906,175.768491
1,5907,70.132912
1,5908,219.533929
1,5909,67.784483
1,5910,73.039148
1,5911,269.088539
1,5912,281.613224
1,5913,339.263597
1,5914,289.903694
1,5915,166.385661
1,5916,294.531600
1,5917,76.945571
1,5918,270.942774
1,5919,129.468899
1,5920,190.940515
1,5921,247.346423
1,5922,475.422460
1,5923,240.428951
1,5924,291.852063
1,5925,411.081028
1,5926,193.971596
1,5927,393.885534
1,5928,345.168989
1,5929,290.373818
1,5930,221.730967
1,5931,69.695380
1,5932,294.545204
1,5933,72.017908
1,5934,236.928746
1,5935,328.646330
1,5936,281.081532
1,5937,71.752280
1,5938,322.973767
1,5939,280.210597
1,5940,259.054233
1,5941,268.296297
1,5942,341.227521
1,5943,117.815785
1,5944,81.086732
1,5945,100.312582
1,5946,287.960107
1,5947,243.962189
1,5948,310.907362
1,5949,248.454963
1,5950,360.567847
1,5951,244.505887
1,5952,152.708064
1,5953,432.409845
1,5954,91.459017
1,5955,276.406228
1,5956,337.989867
1,5957,349.441549
1,5958,346.211348
1,5959,347.515445
1,5960,77.304734
1,5961,232.165269
1,5962,401.612750
1,5963,123.437973
1,5964,232.212611
1,5965,425.036312
1,5966,381.305549
1,5967,347.987475
1,5968,323.624524
1,5969,119.159162
1,5970,356.251359
1,5971,285.881547
1,5972,334.055998
1,5973,78.370506
1,5974,165.184603
1,5975,238.631224
1,5976,331.080289
1,5977,312.491337
1,5978,74.353882
1,5979,376.871228
1,5980,84.346096
1,5981,415.178079
1,5982,472.548264
1,5983,413.878351
1,5984,71.251233
1,5985,34.443006
1,5986,302.807452
1,5987,73.014960
1,5988,254.187477
1,5989,188.168071
1,5990,261.181840
1,5991,152.065539
1,5992,299.408497
1,5993,237.919266
1,5994,185.284714
1,5995,65.111725
1,5996,172.072057
1,5997,274.817781
1,5998,121.669256
1,5999,197.695695
1,6000,223.129362
1,6001,163.344058
1,6002,103.073307
1,6003,294.515174
1,6004,366.653014
1,6005,241.474766
1,6006,163.421434
1,6007,145.538744
1,6008,120.162636
1,6009,235.109306
1,6010,267.097000
1,6011,77.052051
1,6012,282.884987
1,6013,75.732707
1,6014,168.859961
1,6015,34.062365
1,6016,120.842129
1,6017,260.146652
1,6018,316.619195
1,6019,242.125555
1,6020,315.818171
1,6021,209.720134
1,6022,132.732258
1,6023,267.301768
1,6024,294.100602
1,6025,164.506549
1,6026,232.824471
1,6027,242.119417
1,6028,348.982388
1,6029,231.206337
1,6030,244.300948
1,6031,81.950979
1,6032,413.440156
1,6033,41.360821
1,6034,273.748737
1,6035,75.933473
1,6036,189.470715
1,6037,166.268546
1,6038,313.656131
1,6039,74.388651
1,6040,197.195799
1,6041,650.823187
1,6042,576.815088
1,6043,332.571188
1,6044,336.794578
1,6045,34.903638
1,6046,389.307266
1,6047,364.047612
1,6048,395.907470
1,6049,314.498843
1,6050,266.136653
1,6051,74.195830
1,6052,92.209383
1,6053,431.744882
1,6054,248.949078
1,6055,371.007172
1,6056,436.766192
1,6057,428.413098
1,6058,387.161533
1,6059,362.120665
1,6060,97.838501
1,6061,370.494921
1,6062,252.293119
1,6063,606.578516
1,6064,432.488373
1,6065,326.965757
1,6066,390.201233
1,6067,80.987930
1,6068,349.382596
1,6069,349.566197
1,6070,403.857296
1,6071,508.026395
1,6072,263.449777
1,6073,228.464145
1,6074,423.514112
1,6075,42.532031
1,6076,193.493263
1,6077,320.374304
1,6078,368.347504
1,6079,367.887715
1,6080,276.337016
1,6081,355.217583
1,6082,337.867681
1,6083,95.251279
1,6084,106.933624
1,6085,489.957728
1,6086,135.168187
1,6087,344.380611
1,6088,425.069157
1,6089,85.964994
1,6090,395.568278
1,6091,86.051775
1,6092,179.012164
1,6093,157.556863
1,6094,267.602053
1,6095,289.912828
1,6096,168.515160
1,6097,305.019139
1,6098,69.646040
1,6099,266.684802
1,6100,317.180612
1,6101,70.996624
1,6102,89.808388
1,6103,465.531892
1,6104,312.230744
1,6105,76.072944
1,6106,417.530528
1,6107,292.920814
1,6108,390.530370
1,6109,76.571441
1,6110,229.913461
1,6111,87.249911
1,6112,393.007290
1,6113,190.353551
1,6114,366.807569
1,6115,310.467972
1,6116,334.521075
1,6117,280.914410
1,6118,495.214858
1,6119,318.819051
1,6120,520.565917
1,6121,377.720483
1,6122,527.420166
1,6123,81.541515
1,6124,221.311499
1,6125,104.580203
1,6126,414.679348
1,6127,484.759415
1,6128,97.193122
1,6129,241.190455
1,6130,83.906788
1,6131,217.091524
1,6132,184.863915
1,6133,200.921832
1,6134,85.707210
1,6135,349.558552
1,6136,92.396247
1,6137,321.872956
1,6138,88.349492
1,6139,93.237429
1,6140,399.500434
1,6141,279.875750
1,6142,375.756968
1,6143,270.484896
1,6144,107.574971
1,6145,165.597925
1,6146,243.860799
1,6147,364.019898
1,6148,74.391799
1,6149,367.979226
1,6150,78.384290
1,6151,80.229049
1,6152,420.135334
1,6153,123.176005
1,6154,364.691029
1,6155,359.582149
1,6156,97.061145
1,6157,281.465177
1,6158,299.735438
1,6159,40.499866
1,6160,232.765182
1,6161,81.114626
1,6162,373.382947
1,6163,471.918338
1,6164,389.683713
1,6165,461.020705
1,6166,260.011809
1,6167,305.879188
1,6168,319.011239
1,6169,282.098172
1,6170,380.893364
1,6171,324.783383
1,6172,247.786998
1,6173,98.146643
1,6174,222.075102
1,6175,244.314377
1,6176,359.799569
1,6177,89.754757
1,6178,209.980500
1,6179,391.663891
1,6180,96.717054
1,6181,483.397072
1,6182,150.411321
1,6183,340.159621
1,6184,313.759473
1,6185,190.654465
1,6186,82.484473
1,6187,278.700524
1,6188,87.336188
1,6189,305.192516
1,6190,202.116152
1,6191,250.754057
1,6192,256.914626
1,6193,67.784381
1,6194,220.615148
1,6195,362.146761
1,6196,273.245368
1,6197,251.437126
1,6198,115.679232
1,6199,188.784708
1,6200,295.854597
1,6201,350.262069
1,6202,417.023671
1,6203,36.538169
1,6204,233.565359
1,6205,361.827056
1,6206,79.749184
1,6207,277.774569
1,6208,77.127886
1,6209,88.841104
1,6210,311.056377
1,6211,55.503590
1,6212,166.630844
1,6213,92.131798
1,6214,216.575074
1,6215,193.242820
1,6216,65.720197
1,6217,168.565361
1,6218,233.200582
1,6219,94.997042
1,6220,347.397504
1,6221,96.599701
1,6222,124.813715
1,6223,409.128382
1,6224,80.844689
1,6225,394.450735
1,6226,444.921627
1,6227,196.893420
1,6228,492.374352
1,6229,88.753943
1,6230,305.869538
1,6231,310.281634
1,6232,479.825236
1,6233,280.521623
1,6234,242.193953
1,6235,323.194958
1,6236,208.037834
1,6237,327.153318
1,6238,87.673946
1,6239,554.123409
1,6240,80.284387
1,6241,82.036746
1,6242,505.424554
1,6243,469.730852
1,6244,202.378956
1,6245,311.867348
1,6246,276.966291
1,6247,591.603102
1,6248,84.646367
1,6249,298.690497
1,6250,129.441149
1,6251,342.580979
1,6252,302.427390
1,6253,193.942072
1,6254,310.201017
1,6255,308.084008
1,6256,201.714345
1,6257,367.339458
1,6258,267.331972
1,6259,498.108252
1,6260,350.188318
1,6261,496.944860
1,6262,438.776590
1,6263,338.699201
1,6264,80.293267
1,6265,338.996506
1,6266,322.966937
1,6267,380.541853
1,6268,400.182172
1,6269,77.003252
1,6270,377.487729
1,6271,346.682250
1,6272,365.872408
1,6273,407.716194
1,6274,507.773513
1,6275,264.548304
1,6276,312.234905
1,6277,349.146801
1,6278,121.174431
1,6279,377.004486
1,6280,257.429008
1,6281,167.759549
1,6282,216.505759
1,6283,63.497011
1,6284,137.177686
1,6285,276.642140
1,6286,232.008052
1,6287,245.615994
1,6288,75.942835
1,6289,33.511128
1,6290,75.162037
1,6291,140.703765
1,6292,256.674273
1,6293,233.573770
1,6294,77.757613
1,6295,183.672500
1,6296,82.766818
1,6297,291.156009
1,6298,134.548979
1,6299,232.010190
1,6300,32.386874
1,6301,211.864197
1,6302,92.893878
1,6303,270.351826
1,6304,87.550084
1,6305,180.224439
1,6306,40.975606
1,6307,301.749233
1,6308,205.530259
1,6309,243.134273
1,6310,239.401826
1,6311,91.084855
1,6312,170.978974
1,6313,93.451450
1,6314,298.415498
1,6315,398.945513
1,6316,33.333339
1,6317,258.218805
1,6318,167.884131
1,6319,83.232588
1,6320,140.456899
1,6321,80.407897
1,6322,97.045987
1,6323,39.603749
1,6324,278.741831
1,6325,79.334335
1,6326,129.210552
1,6327,260.735593
1,6328,303.229922
1,6329,88.221522
1,6330,209.040538
1,6331,95.854141
1,6332,254.821024
1,6333,82.389792
1,6334,203.509631
1,6335,81.751980
1,6336,87.077500
1,6337,276.804842
1,6338,124.207463
1,6339,282.309980
1,6340,199.017991
1,6341,79.272874
1,6342,242.170606
1,6343,294.891620
1,6344,311.934611
1,6345,386.231776
1,6346,132.010368
1,6347,104.628480
1,6348,133.110737
1,6349,302.297584
1,6350,376.022438
1,6351,257.009153
1,6352,78.097163
1,6353,243.076010
1,6354,74.048579
1,6355,255.673742
1,6356,253.657351
1,6357,168.786682
1,6358,328.898183
1,6359,76.975530
1,6360,273.105888
1,6361,1141.392841
1,6362,300.653291
1,6363,72.436280
1,6364,339.521883
1,6365,195.527357
1,6366,158.370877
1,6367,299.294506
1,6368,81.473332
1,6369,200.606215
1,6370,95.901597
1,6371,171.554375
1,6372,124.984602
1,6373,314.635494
1,6374,355.317037
1,6375,94.654684
1,6376,428.812890
1,6377,268.657144
1,6378,68.224836
1,6379,168.678531
1,6380,336.492147
1,6381,31.058801
1,6382,220.938862
1,6383,360.347796
1,6384,31.059188
1,6385,268.865334
1,6386,531.056452
1,6387,396.018742
1,6388,292.760293
1,6389,289.111633
1,6390,80.497823
1,6391,214.091059
1,6392,84.784755
1,6393,356.054340
1,6394,270.665276
1,6395,312.399824
1,6396,314.178393
1,6397,401.294063
1,6398,108.206715
1,6399,235.164577
1,6400,251.256605
1,6401,79.402994
1,6402,303.577376
1,6403,279.714887
1,6404,82.677416
1,6405,210.827222
1,6406,80.272849
1,6407,218.300623
1,6408,186.195546
1,6409,122.276288
1,6410,178.118242
1,6411,87.559553
1,6412,206.332524
1,6413,131.982882
1,6414,320.687719
1,6415,79.627893
1,6416,240.837076
1,6417,379.040796
1,6418,38.487381
1,6419,215.538494
1,6420,344.205423
1,6421,83.167560
1,6422,237.700911
1,6423,217.079319
1,6424,408.815125
1,6425,88.235546
1,6426,216.661418
1,6427,283.907124
1,6428,127.159572
1,6429,126.610341
1,6430,213.212435
1,6431,357.889093
1,6432,323.774737
1,6433,79.645523
1,6434,277.248213
1,6435,78.542559
1,6436,182.271263
1,6437,345.501971
1,6438,80.557754
1,6439,299.767943
1,6440,76.489129
1,6441,168.773153
1,6442,81.597573
1,6443,393.912687
1,6444,76.716603
1,6445,123.803994
1,6446,321.605141
1,6447,349.264285
1,6448,364.008436
1,6449,245.802999
1,6450,89.483769
1,6451,315.301325
1,6452,232.088670
1,6453,369.512303
1,6454,289.257509
1,6455,363.124313
1,6456,455.514971
1,6457,553.034621
1,6458,90.435929
1,6459,359.931305
1,6460,92.012918
1,6461,456.656859
1,6462,96.456733
1,6463,376.710749
1,6464,266.699258
1,6465,489.539750
1,6466,94.603031
1,6467,239.101552
1,6468,466.815526
1,6469,117.836763
1,6470,593.299933
1,6471,596.240939
1,6472,638.648288
1,6473,50.418815
1,6474,466.386587
1,6475,491.549524
1,6476,568.539341
1,6477,101.065981
1,6478,455.763447
1,6479,413.213949
1,6480,233.066341
1,6481,98.650361
1,6482,420.271165
1,6483,420.800780
1,6484,355.206801
1,6485,99.725905
1,6486,487.771918
1,6487,97.565159
1,6488,290.000870
1,6489,517.096980
1,6490,318.713964
1,6491,568.953034
1,6492,112.229647
1,6493,446.458730
1,6494,564.813335
1,6495,104.419589
1,6496,388.215733
1,6497,687.266868
1,6498,435.072195
1,6499,568.242911
1,6500,424.030895
1,6501,102.745982
1,6502,368.350498
1,6503,275.790588
1,6504,235.614585
1,6505,242.021630
1,6506,402.242865
1,6507,57.044301
1,6508,430.533810
1,6509,302.824659
1,6510,106.932082
1,6511,305.565057
1,6512,383.910224
1,6513,156.432160
1,6514,443.890124
1,6515,453.448155
1,6516,338.376902
1,6517,90.089132
1,6518,246.541623
1,6519,166.905155
1,6520,292.617086
1,6521,84.755803
1,6522,464.176308
1,6523,145.900216
1,6524,102.836358
1,6525,96.455879
1,6526,488.021661
1,6527,95.477750
1,6528,52.653415
1,6529,196.944385
1,6530,357.456040
1,6531,754.237225
1,6532,550.661676
1,6533,95.637292
1,6534,597.300598
1,6535,106.216636
1,6536,229.739639
1,6537,214.633854
1,6538,482.684095
1,6539,119.264983
1,6540,599.025370
1,6541,94.517961
1,6542,459.706446
1,6543,277.501373
1,6544,456.907283
1,6545,108.508703
1,6546,287.742322
1,6547,188.990812
1,6548,563.895594
1,6549,114.823049
1,6550,532.572979
1,6551,235.343140
1,6552,320.126112
1,6553,457.634373
1,6554,484.109821
1,6555,98.374484
1,6556,235.310256
1,6557,479.601801
1,6558,49.549388
1,6559,436.508023
1,6560,365.161514
1,6561,402.927125
1,6562,374.863674
1,6563,103.255796
1,6564,414.922562
1,6565,357.156538
1,6566,262.695254
1,6567,562.074752
1,6568,102.861496
1,6569,201.424152
1,6570,506.959212
1,6571,92.197735
1,6572,244.769149
1,6573,487.910874
1,6574,574.655823
1,6575,439.250043
1,6576,399.865337
1,6577,408.794300
1,6578,118.327501
1,6579,290.460559
1,6580,334.268444
1,6581,92.878458
1,6582,430.781808
1,6583,84.859550
1,6584,485.280284
1,6585,262.696305
1,6586,480.885965
1,6587,89.958443
1,6588,229.046124
1,6589,422.318986
1,6590,826.676496
1,6591,354.193817
1,6592,400.206807
1,6593,137.290655
1,6594,455.642586
1,6595,98.413718
1,6596,393.798992
1,6597,550.284269
1,6598,210.588831
1,6599,101.052857
1,6600,378.440734
1,6601,294.865542
1,6602,377.880021
1,6603,96.380574
1,6604,374.316733
1,6605,625.805923
1,6606,139.340962
1,6607,204.400193
1,6608,244.470030
1,6609,50.818292
1,6610,586.531425
1,6611,580.775817
1,6612,94.412707
1,6613,615.905043
1,6614,482.477328
1,6615,512.241208
1,6616,112.660763
1,6617,204.378982
1,6618,508.278177
1,6619,504.127412
1,6620,542.427768
1,6621,108.114808
1,6622,533.351839
1,6623,551.354745
1,6624,101.749191
1,6625,503.176581
1,6626,355.837863
1,6627,95.920059
1,6628,453.286257
1,6629,288.128899
1,6630,337.979964
1,6631,167.422845
1,6632,214.778735
1,6633,309.604239
1,6634,93.858763
1,6635,586.632374
1,6636,351.885300
1,6637,418.430767
1,6638,525.436309
1,6639,58.116520
1,6640,520.221199
1,6641,112.060640
1,6642,46.119231
1,6643,488.953200
1,6644,420.046223
1,6645,93.357812
1,6646,314.491105
1,6647,251.566444
1,6648,399.613443
1,6649,98.340783
1,6650,47.083738
1,6651,413.416607
1,6652,525.942568
1,6653,440.728073
1,6654,106.292673
1,6655,374.348905
1,6656,102.936781
1,6657,400.472468
1,6658,506.091120
1,6659,363.233064
1,6660,177.459703
1,6661,385.784557
1,6662,157.279347
1,6663,89.147010
1,6664,301.575848
1,6665,91.538945
1,6666,373.031101
1,6667,399.026313
1,6668,485.504800
1,6669,133.629807
1,6670,434.451410
1,6671,352.802324
1,6672,507.878601
1,6673,399.979555
1,6674,133.377631
1,6675,370.234337
1,6676,198.040610
1,6677,519.815820
1,6678,86.086489
1,6679,341.863787
1,6680,442.316280
1,6681,272.750691
1,6682,392.804572
1,6683,373.921792
1,6684,90.001499
1,6685,392.045814
1,6686,409.798183
1,6687,98.634082
1,6688,434.340246
1,6689,581.736758
1,6690,201.678183
1,6691,496.948006
1,6692,265.423500
1,6693,228.343705
1,6694,384.554180
1,6695,182.011385
1,6696,396.136628
1,6697,153.434009
1,6698,455.893267
1,6699,48.843339
1,6700,487.018007
1,6701,333.959310
1,6702,97.010447
1,6703,355.685675
1,6704,99.109850
1,6705,415.045417
1,6706,170.048494
1,6707,261.143468
1,6708,304.752903
1,6709,204.493066
1,6710,103.934224
1,6711,419.009056
1,6712,341.473102
1,6713,417.096435
1,6714,519.159303
1,6715,421.681902
1,6716,118.257797
1,6717,465.229743
1,6718,279.500336
1,6719,239.045628
1,6720,238.730524
1,6721,101.604742
1,6722,443.171705
1,6723,445.889389
1,6724,543.897275
1,6725,57.480335
1,6726,523.490763
1,6727,442.763487
1,6728,97.162690
1,6729,218.684190
1,6730,557.927785
1,6731,99.828254
1,6732,528.245763
1,6733,92.324599
1,6734,335.778493
1,6735,97.581973
1,6736,515.353920
1,6737,418.615388
1,6738,192.300235
1,6739,162.532401
1,6740,221.739992
1,6741,337.413459
1,6742,386.048440
1,6743,481.426268
1,6744,221.638115
1,6745,460.973326
1,6746,90.869114
1,6747,446.130875
1,6748,468.269521
1,6749,97.200587
1,6750,360.610969
1,6751,331.223538
1,6752,509.817192
1,6753,98.719097
1,6754,650.667199
1,6755,560.032390
1,6756,87.516834
1,6757,97.261649
1,6758,460.330426
1,6759,87.272990
1,6760,179.953707
1,6761,487.325118
1,6762,212.705118
1,6763,538.187940
1,6764,333.699326
1,6765,241.642308
1,6766,334.753290
1,6767,466.375472
1,6768,79.250919
1,6769,42.581835
1,6770,386.493590
1,6771,496.948219
1,6772,97.266685
1,6773,366.306453
1,6774,86.824585
1,6775,461.803913
1,6776,422.889398
1,6777,88.970267
1,6778,191.938776
1,6779,100.686755
1,6780,342.970454
1,6781,383.011395
1,6782,90.514041
1,6783,428.876516
1,6784,284.841757
1,6785,427.750396
1,6786,93.200513
1,6787,340.535178
1,6788,496.493406
1,6789,499.537696
1,6790,245.706656
1,6791,108.030742
1,6792,492.677577
1,6793,299.206189
1,6794,69.748044
1,6795,297.537372
1,6796,265.001455
1,6797,433.281769
1,6798,78.813134
1,6799,241.487417
1,6800,482.253314
1,6801,412.554768
1,6802,147.917238
1,6803,389.748442
1,6804,83.010728
1,6805,216.161685
1,6806,369.193504
1,6807,101.008004
1,6808,280.611826
1,6809,98.433041
1,6810,493.948684
1,6811,184.969173
1,6812,375.233671
1,6813,231.266648
1,6814,180.401831
1,6815,397.665343
1,6816,54.198366
1,6817,238.985596
1,6818,121.215876
1,6819,359.534226
1,6820,44.092488
1,6821,334.544885
1,6822,92.353266
1,6823,405.239084
1,6824,123.854208
1,6825,88.720545
1,6826,208.403769
1,6827,274.410502
1,6828,185.781641
1,6829,152.866207
1,6830,532.485865
1,6831,90.456661
1,6832,454.667675
1,6833,352.324899
1,6834,92.943257
1,6835,312.787926
1,6836,94.554322
1,6837,126.610891
1,6838,456.293962
1,6839,89.545430
1,6840,46.219308
1,6841,407.619859
1,6842,89.597168
1,6843,293.765064
1,6844,138.936553
1,6845,90.863866
1,6846,356.351239
1,6847,387.650058
1,6848,323.855425
1,6849,306.975212
1,6850,269.358914
1,6851,470.249276
1,6852,91.674960
1,6853,581.336922
1,6854,369.931086
1,6855,114.967885
1,6856,436.528246
1,6857,373.838798
1,6858,472.229592
1,6859,143.597069
1,6860,247.946771
1,6861,142.607338
1,6862,395.495767
1,6863,290.336535
1,6864,158.048182
1,6865,310.221523
1,6866,46.302882
1,6867,285.170295
1,6868,83.802273
1,6869,135.902706
1,6870,248.357544
1,6871,189.462474
1,6872,236.375707
1,6873,32.721214
1,6874,185.175783
1,6875,74.663880
1,6876,277.927815
1,6877,35.740715
1,6878,218.761618
1,6879,87.791863
1,6880,272.714648
1,6881,106.774758
1,6882,90.150762
1,6883,210.896186
1,6884,271.197120
1,6885,214.555560
1,6886,208.162911
1,6887,323.728588
1,6888,86.381749
1,6889,429.608618
1,6890,432.626283
1,6891,118.290763
1,6892,140.514886
1,6893,282.131240
1,6894,48.110689
1,6895,455.795824
1,6896,103.934326
1,6897,485.087079
1,6898,456.390436
1,6899,88.216546
1,6900,356.481259
1,6901,369.677915
1,6902,110.781471
1,6903,287.391162
1,6904,89.727397
1,6905,114.364104
1,6906,456.480791
1,6907,102.969123
1,6908,51.463295
1,6909,402.332581
1,6910,109.788480
1,6911,310.457785
1,6912,157.223221
1,6913,95.777498
1,6914,355.073318
1,6915,342.542360
1,6916,112.766617
1,6917,478.986812
1,6918,430.003168
1,6919,93.967539
1,6920,374.954040
1,6921,374.628988
1,6922,341.651512
1,6923,291.938545
1,6924,299.198041
1,6925,259.211995
1,6926,490.584803
1,6927,90.403849
1,6928,413.618585
1,6929,95.108211
1,6930,44.501420
1,6931,296.733320
1,6932,88.020223
1,6933,150.884662
1,6934,253.551010
1,6935,208.736586
1,6936,353.592199
1,6937,151.053155
1,6938,167.004271
1,6939,238.251820
1,6940,192.814169
1,6941,183.306276
1,6942,538.652512
1,6943,115.476380
1,6944,124.189858
1,6945,407.462930
1,6946,600.758349
1,6947,294.766386
1,6948,69.805026
1,6949,302.077317
1,6950,79.237537
1,6951,413.614323
1,6952,240.280592
1,6953,401.679859
1,6954,183.952657
1,6955,349.538126
1,6956,81.703427
1,6957,201.704528
1,6958,303.279591
1,6959,42.515341
1,6960,393.667596
1,6961,101.860334
1,6962,185.777204
1,6963,408.956594
1,6964,379.651891
1,6965,183.587622
1,6966,88.769084
1,6967,381.247443
1,6968,270.429617
1,6969,43.587081
1,6970,329.510548
1,6971,401.076843
1,6972,98.284343
1,6973,339.044148
1,6974,92.585747
1,6975,471.245059
1,6976,106.559551
1,6977,408.255630
1,6978,160.057364
1,6979,273.368069
1,6980,323.203090
1,6981,195.212829
1,6982,269.287891
1,6983,93.210050
1,6984,426.441582
1,6985,92.891965
1,6986,189.352134
1,6987,138.018114
1,6988,136.807238
1,6989,441.836073
1,6990,105.487793
1,6991,320.704299
1,6992,530.256064
1,6993,41.668378
1,6994,478.735070
1,6995,87.512144
1,6996,97.425032
1,6997,380.680674
1,6998,99.279439
1,6999,46.620830
1,7000,275.122583
1,7001,340.887269
1,7002,89.390840
1,7003,277.020824
1,7004,393.200675
1,7005,429.379441
1,7006,300.689937
1,7007,69.954342
1,7008,310.834511
1,7009,111.524350
1,7010,107.702087
1,7011,343.890219
1,7012,311.684608
1,7013,103.420618
1,7014,405.227471
1,7015,168.601470
1,7016,103.653564
1,7017,212.042548
1,7018,376.821505
1,7019,111.514090
1,7020,260.997751
1,7021,427.898610
1,7022,84.321073
1,7023,224.073522
1,7024,263.703851
1,7025,392.275842
1,7026,102.310276
1,7027,290.013307
1,7028,384.932890
1,7029,90.492776
1,7030,111.273175
1,7031,357.685863
1,7032,477.091882
1,7033,104.628106
1,7034,109.355009
1,7035,209.167156
1,7036,237.947167
1,7037,90.606654
1,7038,148.670129
1,7039,394.670544
1,7040,99.554354
1,7041,51.046995
1,7042,262.307110
1,7043,509.758641
1,7044,286.573256
1,7045,424.301718
1,7046,140.237378
1,7047,299.564945
1,7048,424.603072
1,7049,139.150889
1,7050,441.699361
1,7051,104.858319
1,7052,190.947092
1,7053,426.998494
1,7054,219.801866
1,7055,340.363252
1,7056,91.492380
1,7057,423.985083
1,7058,329.325845
1,7059,166.808249
1,7060,235.849266
1,7061,298.944536
1,7062,102.750324
1,7063,436.608630
1,7064,96.237287
1,7065,423.555490
1,7066,272.079809
1,7067,449.999687
1,7068,548.557310
1,7069,105.747231
1,7070,348.585988
1,7071,287.918244
1,7072,543.275868
1,7073,316.109477
1,7074,203.425610
1,7075,369.318016
1,7076,100.890292
1,7077,391.982856
1,7078,98.951454
1,7079,423.393234
1,7080,378.258107
1,7081,84.705188
1,7082,398.381184
1,7083,95.502977
1,7084,381.756065
1,7085,95.851280
1,7086,538.916558
1,7087,321.507962
1,7088,38.243987
1,7089,296.018750
1,7090,277.867450
1,7091,520.771553
1,7092,99.647965
1,7093,359.401166
1,7094,94.413520
1,7095,273.370883
1,7096,97.526547
1,7097,264.786176
1,7098,511.523723
1,7099,89.637399
1,7100,447.216946
1,7101,308.029157
1,7102,447.641426
1,7103,80.063360
1,7104,425.466411
1,7105,354.672807
1,7106,87.965063
1,7107,166.719135
1,7108,536.090875
1,7109,504.351750
1,7110,31.669539
1,7111,326.402253
1,7112,219.073125
1,7113,326.399217
1,7114,88.023712
1,7115,282.757706
1,7116,464.099706
1,7117,104.074097
1,7118,525.828602
1,7119,429.436840
1,7120,224.326744
1,7121,340.001667
1,7122,92.068049
1,7123,318.541916
1,7124,164.710982
1,7125,102.468286
1,7126,198.024201
1,7127,215.661099
1,7128,283.878901
1,7129,443.494785
1,7130,458.414836
1,7131,457.040552
1,7132,113.676767
1,7133,526.066470
1,7134,105.396256
1,7135,278.469034
1,7136,111.206760
1,7137,110.079563
1,7138,273.090472
1,7139,200.633505
1,7140,95.594706
1,7141,393.435226
1,7142,116.610099
1,7143,212.857359
1,7144,879.825143
1,7145,362.158221
1,7146,222.633763
1,7147,105.443070
1,7148,628.013825
1,7149,320.980256
1,7150,393.429588
1,7151,97.173876
1,7152,532.522133
1,7153,347.760062
1,7154,258.052012
1,7155,188.931255
1,7156,323.498271
1,7157,330.311391
1,7158,230.616446
1,7159,202.757630
1,7160,417.695415
1,7161,338.102382
1,7162,100.145901
1,7163,236.297494
1,7164,254.611784
1,7165,321.026038
1,7166,351.743890
1,7167,301.965983
1,7168,98.138473
1,7169,408.339631
1,7170,92.752261
1,7171,116.631392
1,7172,264.895369
1,7173,100.139055
1,7174,313.576379
1,7175,396.680997
1,7176,67.686978
1,7177,201.142958
1,7178,194.480308
1,7179,80.456058
1,7180,251.368773
1,7181,168.008950
1,7182,270.649679
1,7183,103.629540
1,7184,508.532643
1,7185,223.527723
1,7186,93.290857
1,7187,367.822433
1,7188,301.311814
1,7189,110.926359
1,7190,55.876573
1,7191,320.199894
1,7192,250.927108
1,7193,335.559236
1,7194,282.063808
1,7195,202.502934
1,7196,386.821887
1,7197,281.257683
1,7198,48.748213
1,7199,223.204705
1,7200,229.326554
1,7201,421.333731
1,7202,170.134529
1,7203,471.987540
1,7204,286.439425
1,7205,96.956197
1,7206,184.714057
1,7207,92.507896
1,7208,177.986003
1,7209,354.835626
1,7210,475.288061
1,7211,339.088105
1,7212,111.073293
1,7213,245.795207
1,7214,51.458075
1,7215,501.208871
1,7216,96.727554
1,7217,291.571113
1,7218,280.716403
1,7219,304.514857
1,7220,182.433500
1,7221,322.531599
1,7222,434.539873
1,7223,95.738270
1,7224,61.741931
1,7225,369.648491
1,7226,96.238506
1,7227,178.201587
1,7228,315.070486
1,7229,100.267316
1,7230,429.492373
1,7231,92.929942
1,7232,437.402781
1,7233,268.005586
1,7234,253.771214
1,7235,139.445102
1,7236,319.519664
1,7237,48.662186
1,7238,383.693343
1,7239,148.887300
1,7240,232.196587
1,7241,254.156662
1,7242,98.622910
1,7243,471.917668
1,7244,96.283175
1,7245,239.826710
1,7246,301.128880
1,7247,140.307011
1,7248,548.081644
1,7249,92.618658
1,7250,294.050605
1,7251,348.234465
1,7252,134.493087
1,7253,193.643838
1,7254,352.762026
1,7255,174.474326
1,7256,105.267769
1,7257,283.344256
1,7258,271.948431
1,7259,109.759239
1,7260,140.875322
1,7261,88.000808
1,7262,238.369898
1,7263,332.385842
1,7264,209.870751
1,7265,429.168445
1,7266,202.002398
1,7267,434.085947
1,7268,409.011166
1,7269,384.495094
1,7270,339.421602
1,7271,95.893121
1,7272,199.668627
1,7273,242.751925
1,7274,330.919444
1,7275,100.483039
1,7276,332.203198
1,7277,170.121211
1,7278,392.465493
1,7279,345.412499
1,7280,193.204763
1,7281,106.875853
1,7282,130.945599
1,7283,451.124878
1,7284,361.451402
1,7285,93.139361
1,7286,334.325691
1,7287,101.216368
1,7288,414.915248
1,7289,428.431095
1,7290,104.561016
1,7291,425.033321
1,7292,104.209105
1,7293,356.997655
1,7294,104.468706
1,7295,237.651052
1,7296,59.660557
1,7297,532.821250
1,7298,99.293725
1,7299,218.235051
1,7300,233.136263
1,7301,192.546921
1,7302,170.128970
1,7303,401.631382
1,7304,91.116750
1,7305,380.107832
1,7306,242.946175
1,7307,451.165513
1,7308,252.771863
1,7309,223.237779
1,7310,199.598322
1,7311,149.545728
1,7312,361.954146
1,7313,505.846358
1,7314,131.535350
1,7315,434.217372
1,7316,102.129814
1,7317,159.020651
1,7318,405.589262
1,7319,164.702761
1,7320,157.721927
1,7321,171.276340
1,7322,179.818494
1,7323,285.284122
1,7324,59.654359
1,7325,426.710459
1,7326,131.516429
1,7327,472.603898
1,7328,93.778521
1,7329,228.427974
1,7330,94.922143
1,7331,95.266275
1,7332,167.311909
1,7333,96.465460
1,7334,106.946111
1,7335,321.575571
1,7336,41.977380
1,7337,289.919190
1,7338,428.300661
1,7339,190.674078
1,7340,102.790908
1,7341,264.201803
1,7342,279.460869
1,7343,85.833500
1,7344,300.941191
1,7345,51.955185
1,7346,256.263972
1,7347,113.562008
1,7348,207.157155
1,7349,476.886799
1,7350,382.749439
1,7351,85.791170
1,7352,137.212085
1,7353,133.702602
1,7354,381.629403
1,7355,82.880180
1,7356,445.506408
1,7357,87.118537
1,7358,323.553301
1,7359,117.611461
1,7360,288.606130
1,7361,179.118336
1,7362,329.792903
1,7363,284.060121
1,7364,93.631365
1,7365,191.207210
1,7366,312.545914
1,7367,286.188811
1,7368,472.210973
1,7369,186.513096
1,7370,292.865953
1,7371,91.536008
1,7372,362.137998
1,7373,172.437523
1,7374,338.474662
1,7375,46.709176
1,7376,284.029460
1,7377,97.426899
1,7378,96.330136
1,7379,245.259815
1,7380,100.738024
1,7381,112.716612
1,7382,141.984181
1,7383,262.468060
1,7384,93.284358
1,7385,197.319035
1,7386,92.797333
1,7387,341.495994
1,7388,140.575048
1,7389,161.750429
1,7390,438.057326
1,7391,129.093870
1,7392,93.265926
1,7393,351.168643
1,7394,361.467398
1,7395,198.432138
1,7396,278.265501
1,7397,106.758205
1,7398,296.614600
1,7399,129.590687
1,7400,195.758314
1,7401,446.606218
1,7402,93.819503
1,7403,175.319688
1,7404,377.650518
1,7405,387.137700
1,7406,99.716847
1,7407,243.467392
1,7408,92.729460
1,7409,276.027917
1,7410,122.355747
1,7411,393.035334
1,7412,631.549475
1,7413,171.494601
1,7414,351.888165
1,7415,106.657730
1,7416,264.559056
1,7417,411.616153
1,7418,425.737168
1,7419,95.825014
1,7420,232.260176
1,7421,176.889397
1,7422,89.170862
1,7423,295.479852
1,7424,91.518975
1,7425,409.437327
1,7426,121.048241
1,7427,423.714237
1,7428,136.072267
1,7429,135.080596
1,7430,288.302556
1,7431,478.218153
1,7432,348.633924
1,7433,103.832941
1,7434,128.660401
1,7435,374.492967
1,7436,297.390471
1,7437,137.432454
1,7438,398.183257
1,7439,239.159704
1,7440,95.204095
1,7441,909.382304
1,7442,162.941599
1,7443,108.090769
1,7444,508.769282
1,7445,314.526432
1,7446,522.513863
1,7447,84.064055
1,7448,387.110932
1,7449,223.723438
1,7450,333.359636
1,7451,98.350703
1,7452,227.630289
1,7453,279.131252
1,7454,346.643263
1,7455,383.733997
1,7456,321.164208
1,7457,93.677646
1,7458,195.014669
1,7459,106.516285
1,7460,236.142733
1,7461,186.910036
1,7462,327.529232
1,7463,94.983751
1,7464,202.438943
1,7465,95.654424
1,7466,320.947545
1,7467,91.123716
1,7468,289.516545
1,7469,232.007137
1,7470,93.688599
1,7471,412.905634
1,7472,205.211417
1,7473,198.755713
1,7474,352.794261
1,7475,53.645168
1,7476,350.511803
1,7477,310.642785
1,7478,238.227022
1,7479,509.846617
1,7480,192.597364
1,7481,294.459658
1,7482,105.153387
1,7483,380.206422
1,7484,267.923059
1,7485,209.901002
1,7486,97.091312
1,7487,294.364814
1,7488,234.833742
1,7489,256.880368
1,7490,225.967828
1,7491,100.402520
1,7492,287.095003
1,7493,244.272495
1,7494,48.574562
1,7495,363.524805
1,7496,221.825034
1,7497,258.602344
1,7498,200.277555
1,7499,300.836785
1,7500,396.157933
1,7501,196.353179
1,7502,48.299928
1,7503,387.334260
1,7504,94.790943
1,7505,360.926523
1,7506,89.486249
1,7507,358.490730
1,7508,88.100402
1,7509,105.005038
1,7510,318.189901
1,7511,349.358428
1,7512,90.468162
1,7513,189.024922
1,7514,90.702377
1,7515,235.040996
1,7516,140.675452
1,7517,138.903166
1,7518,182.415373
1,7519,236.242694
1,7520,306.343572
1,7521,91.571665
1,7522,172.016440
1,7523,134.774234
1,7524,460.836408
1,7525,92.649121
1,7526,494.364548
1,7527,109.510704
1,7528,449.475910
1,7529,101.684088
1,7530,292.071117
1,7531,252.557442
1,7532,481.754067
1,7533,152.096216
1,7534,90.727010
1,7535,414.333793
1,7536,139.247362
1,7537,375.551742
1,7538,193.458189
1,7539,285.470355
1,7540,316.720229
1,7541,87.221137
1,7542,161.706232
1,7543,30.282713
1,7544,422.165047
1,7545,84.889781
1,7546,280.881812
1,7547,274.453090
1,7548,267.196171
1,7549,297.045866
1,7550,275.495460
1,7551,45.342815
1,7552,139.249988
1,7553,252.539527
1,7554,85.021276
1,7555,224.774893
1,7556,193.946131
1,7557,206.787320
1,7558,297.122992
1,7559,502.449679
1,7560,109.797034
1,7561,216.471710
1,7562,287.432596
1,7563,240.666567
1,7564,251.235958
1,7565,86.853553
1,7566,163.281863
1,7567,183.301931
1,7568,93.424955
1,7569,47.531430
1,7570,326.719854
1,7571,88.771310
1,7572,188.738320
1,7573,469.299315
1,7574,47.394424
1,7575,304.382383
1,7576,125.658802
1,7577,283.792241
1,7578,91.896919
1,7579,218.163798
1,7580,88.078952
1,7581,340.966578
1,7582,178.979716
1,7583,264.411815
1,7584,376.206064
1,7585,101.440516
1,7586,65.879481
1,7587,309.065773
1,7588,98.977327
1,7589,154.408538
1,7590,146.084388
1,7591,253.059428
1,7592,226.889140
1,7593,89.186742
1,7594,233.927827
1,7595,117.452842
1,7596,239.872817
1,7597,222.200233
1,7598,103.397311
1,7599,428.118027
1,7600,86.100353
1,7601,209.967703
1,7602,85.240827
1,7603,292.664667
1,7604,183.016347
1,7605,232.097092
1,7606,84.186054
1,7607,156.349696
1,7608,183.230675
1,7609,307.464110
1,7610,82.925714
1,7611,306.790045
1,7612,86.059905
1,7613,299.024879
1,7614,300.977558
1,7615,279.162441
1,7616,139.435869
1,7617,106.148141
1,7618,45.218600
1,7619,333.542814
1,7620,82.769575
1,7621,443.103169
1,7622,284.943476
1,7623,288.351376
1,7624,95.192028
1,7625,247.922175
1,7626,132.703198
1,7627,216.360423
1,7628,283.359811
1,7629,281.016376
1,7630,346.981562
1,7631,84.958256
1,7632,85.657247
1,7633,339.808960
1,7634,452.368878
1,7635,519.273854
1,7636,385.664237
1,7637,428.808140
1,7638,303.468970
1,7639,65.392511
1,7640,327.546234
1,7641,88.405011
1,7642,369.415658
1,7643,235.057560
1,7644,321.542954
1,7645,156.674042
1,7646,133.400525
1,7647,260.974445
1,7648,78.451058
1,7649,204.875912
1,7650,432.854070
1,7651,96.989268
1,7652,397.257473
1,7653,86.832026
1,7654,200.437995
1,7655,446.726681
1,7656,401.544384
1,7657,344.484973
1,7658,216.208626
1,7659,105.440787
1,7660,156.744646
1,7661,80.055248
1,7662,206.402736
1,7663,287.502956
1,7664,397.504054
1,7665,193.534843
1,7666,435.394129
1,7667,102.716383
1,7668,130.870671
1,7669,196.758478
1,7670,256.582608
1,7671,79.184958
1,7672,247.080718
1,7673,78.801208
1,7674,125.126965
1,7675,81.889588
1,7676,210.659131
1,7677,305.900051
1,7678,328.194572
1,7679,355.324666
1,7680,299.521071
1,7681,163.268211
1,7682,121.565465
1,7683,289.375461
1,7684,343.373266
1,7685,389.249648
1,7686,78.056531
1,7687,345.029946
1,7688,36.227553
1,7689,293.690507
1,7690,237.318721
1,7691,76.403630
1,7692,180.215246
1,7693,322.480387
1,7694,249.059730
1,7695,317.012685
1,7696,344.671012
1,7697,360.705697
1,7698,405.462102
1,7699,81.364851
1,7700,131.640693
1,7701,338.666356
1,7702,138.372457
1,7703,215.673310
1,7704,146.143067
1,7705,107.533503
1,7706,324.153287
1,7707,66.098857
1,7708,293.861798
1,7709,232.113395
1,7710,219.082257
1,7711,312.007549
1,7712,395.959035
1,7713,72.526773
1,7714,214.359360
1,7715,116.639283
1,7716,302.158530
1,7717,76.960947
1,7718,283.669007
1,7719,139.300406
1,7720,339.125974
1,7721,272.948815
1,7722,85.741104
1,7723,406.880642
1,7724,356.650285
1,7725,370.163281
1,7726,431.984980
1,7727,358.764581
1,7728,84.166573
1,7729,240.646074
1,7730,78.967176
1,7731,241.447093
1,7732,334.895592
1,7733,79.539797
1,7734,166.776870
1,7735,280.516107
1,7736,127.956752
1,7737,166.261417
1,7738,77.640269
1,7739,665.553300
1,7740,78.348459
1,7741,321.216690
1,7742,131.638105
1,7743,250.579568
1,7744,79.315833
1,7745,167.823805
1,7746,328.435922
1,7747,347.586362
1,7748,78.576164
1,7749,43.062237
1,7750,292.771325
1,7751,76.533435
1,7752,330.946257
1,7753,83.375347
1,7754,183.981687
1,7755,516.922684
1,7756,77.782303
1,7757,351.648897
1,7758,75.423927
1,7759,267.328280
1,7760,193.372027
1,7761,206.330275
1,7762,250.200780
1,7763,269.744786
1,7764,162.905238
1,7765,200.394124
1,7766,365.503930
1,7767,73.654916
1,7768,167.232685
1,7769,204.300126
1,7770,237.697013
1,7771,162.254109
1,7772,82.277149
1,7773,293.700570
1,7774,230.918244
1,7775,76.234068
1,7776,191.848700
1,7777,169.920275
1,7778,263.483433
1,7779,119.906220
1,7780,70.671148
1,7781,307.850374
1,7782,160.702482
1,7783,170.473481
1,7784,213.511136
1,7785,253.520300
1,7786,221.028932
1,7787,328.012337
1,7788,114.178384
1,7789,156.587228
1,7790,71.667101
1,7791,168.288272
1,7792,70.145809
1,7793,217.172124
1,7794,67.797239
1,7795,75.162558
1,7796,259.953268
1,7797,279.681144
1,7798,328.343549
1,7799,281.525836
1,7800,159.203144
1,7801,287.871566
1,7802,71.572013
1,7803,268.282875
1,7804,126.286883
1,7805,187.173158
1,7806,248.996015
1,7807,472.221336
1,7808,222.751152
1,7809,279.571594
1,7810,385.072991
1,7811,196.688514
1,7812,410.296501
1,7813,344.189715
1,7814,287.221189
1,7815,217.796215
1,7816,69.705808
1,7817,292.546655
1,7818,72.029043
1,7819,233.704496
1,7820,327.107181
1,7821,285.795355
1,7822,71.764520
1,7823,326.932562
1,7824,284.830452
1,7825,259.475501
1,7826,265.939500
1,7827,346.930187
1,7828,117.848258
1,7829,83.698282
1,7830,98.522504
1,7831,273.210686
1,7832,228.727746
1,7833,299.390057
1,7834,244.485379
1,7835,357.416217
1,7836,242.267553
1,7837,155.292082
1,7838,435.153596
1,7839,87.029757
1,7840,277.858560
1,7841,348.966613
1,7842,348.430647
1,7843,336.550818
1,7844,341.237013
1,7845,77.319387
1,7846,232.326371
1,7847,397.196305
1,7848,125.845166
1,7849,232.374121
1,7850,424.579379
1,7851,371.100839
1,7852,341.829696
1,7853,310.821970
1,7854,120.750249
1,7855,354.886718
1,7856,279.429426
1,7857,328.678561
1,7858,78.385140
1,7859,165.251722
1,7860,242.105814
1,7861,327.795925
1,7862,311.922498
1,7863,76.801857
1,7864,376.926932
1,7865,89.219521
1,7866,416.395844
1,7867,481.315125
1,7868,410.845359
1,7869,71.265497
1,7870,34.446709
1,7871,294.781423
1,7872,74.377156
1,7873,256.374897
1,7874,187.791304
1,7875,264.043941
1,7876,148.818268
1,7877,298.288688
1,7878,236.877847
1,7879,178.707875
1,7880,65.120608
1,7881,168.229302
1,7882,268.549753
1,7883,116.249754
1,7884,192.636370
1,7885,223.246081
1,7886,158.037279
1,7887,109.521059
1,7888,294.725893
1,7889,367.019179
1,7890,236.781912
1,7891,165.289539
1,7892,141.905383
1,7893,120.193638
1,7894,234.263903
1,7895,264.540794
1,7896,77.065261
1,7897,278.798510
1,7898,75.746164
1,7899,168.922278
1,7900,34.065924
1,7901,120.875554
1,7902,259.296632
1,7903,318.701173
1,7904,238.547636
1,7905,310.202419
1,7906,212.558064
1,7907,126.421320
1,7908,263.744943
1,7909,291.463247
1,7910,165.864261
1,7911,238.693644
1,7912,245.990010
1,7913,343.787181
1,7914,227.645855
1,7915,242.400115
1,7916,83.673126
1,7917,414.665213
1,7918,43.933413
1,7919,268.785312
1,7920,75.947858
1,7921,185.781568
1,7922,167.362779
1,7923,310.770874
1,7924,74.402984
1,7925,197.304465
1,7926,635.047209
1,7927,582.344570
1,7928,329.517382
1,7929,332.079899
1,7930,34.904648
1,7931,384.409159
1,7932,358.411521
1,7933,390.684951
1,7934,311.404375
1,7935,263.342878
1,7936,74.203555
1,7937,88.092562
1,7938,427.335443
1,7939,255.680735
1,7940,377.117482
1,7941,448.127920
1,7942,439.466827
1,7943,392.636224
1,7944,367.416015
1,7945,97.852999
1,7946,369.863105
1,7947,255.556190
1,7948,560.151316
1,7949,436.778578
1,7950,341.956396
1,7951,401.531516
1,7952,83.152419
1,7953,352.523763
1,7954,347.964192
1,7955,399.920140
1,7956,505.401583
1,7957,261.793922
1,7958,232.921244
1,7959,430.132422
1,7960,42.536474
1,7961,187.299037
1,7962,314.735783
1,7963,366.671840
1,7964,363.295293
1,7965,269.555035
1,7966,351.705173
1,7967,335.086180
1,7968,98.715256
1,7969,102.610223
1,7970,491.782694
1,7971,136.764430
1,7972,350.658147
1,7973,424.359544
1,7974,82.050107
1,7975,390.937505
1,7976,86.069738
1,7977,173.354834
1,7978,153.306478
1,7979,263.290987
1,7980,290.463395
1,7981,168.599619
1,7982,307.728984
1,7983,64.936602
1,7984,265.651671
1,7985,319.354099
1,7986,71.944390
1,7987,94.226471
1,7988,481.270369
1,7989,324.644750
1,7990,76.084913
1,7991,421.121310
1,7992,292.777658
1,7993,400.292077
1,7994,76.585109
1,7995,235.792942
1,7996,82.789865
1,7997,390.653896
1,7998,185.164981
1,7999,364.804761
1,8000,315.818887
1,8001,345.332412
1,8002,281.008795
1,8003,509.864367
1,8004,324.314890
1,8005,511.163071
1,8006,376.481483
1,8007,523.254881
1,8008,81.558201
1,8009,215.994757
1,8010,105.242855
1,8011,412.270193
1,8012,485.177587
1,8013,92.637903
1,8014,238.202221
1,8015,86.014407
1,8016,218.307716
1,8017,188.961972
1,8018,195.911309
1,8019,85.724678
1,8020,346.119102
1,8021,86.998080
1,8022,319.464764
1,8023,83.355729
1,8024,95.611810
1,8025,402.092515
1,8026,278.164120
1,8027,380.810300
1,8028,281.730756
1,8029,108.923559
1,8030,168.772345
1,8031,237.872136
1,8032,352.852118
1,8033,74.401761
1,8034,381.610840
1,8035,80.196627
1,8036,82.536979
1,8037,421.724139
1,8038,125.917811
1,8039,366.909183
1,8040,357.968723
1,8041,93.699110
1,8042,276.211020
1,8043,292.809950
1,8044,40.503657
1,8045,227.473022
1,8046,83.197192
1,8047,371.113778
1,8048,462.273512
1,8049,391.853765
1,8050,462.101774
1,8051,254.279922
1,8052,300.717722
1,8053,315.792482
1,8054,274.607182
1,8055,368.017945
1,8056,315.576599
1,8057,245.687746
1,8058,101.303076
1,8059,227.449186
1,8060,253.474576
1,8061,360.418155
1,8062,91.960388
1,8063,210.106555
1,8064,382.020029
1,8065,93.621399
1,8066,494.508638
1,8067,143.613413
1,8068,337.943297
1,8069,311.898202
1,8070,187.291777
1,8071,82.501661
1,8072,294.507072
1,8073,82.746144
1,8074,305.193058
1,8075,202.246501
1,8076,257.063309
1,8077,264.741142
1,8078,67.791609
1,8079,223.317848
1,8080,368.844520
1,8081,282.027616
1,8082,259.973081
1,8083,117.774189
1,8084,195.864860
1,8085,302.418899
1,8086,359.341909
1,8087,415.182597
1,8088,36.541575
1,8089,229.748108
1,8090,355.259388
1,8091,79.763166
1,8092,275.133901
1,8093,77.142365
1,8094,91.481659
1,8095,316.632021
1,8096,57.000615
1,8097,174.176814
1,8098,86.123506
1,8099,214.156745
1,8100,191.602871
1,8101,72.199697
1,8102,168.638684
1,8103,239.065548
1,8104,98.566215
1,8105,348.471505
1,8106,98.247272
1,8107,124.906314
1,8108,415.598234
1,8109,82.331056
1,8110,394.949485
1,8111,448.130676
1,8112,193.674943
1,8113,501.530062
1,8114,90.687741
1,8115,305.739640
1,8116,299.480394
1,8117,477.560838
1,8118,281.937787
1,8119,248.345571
1,8120,325.601546
1,8121,205.364767
1,8122,324.843584
1,8123,89.480100
1,8124,557.863875
1,8125,81.707266
1,8126,82.053487
1,8127,513.095988
1,8128,476.819042
1,8129,198.206622
1,8130,314.925026
1,8131,276.993806
1,8132,585.556559
1,8133,81.099798
1,8134,302.804256
1,8135,132.312165
1,8136,345.150001
1,8137,298.288617
1,8138,192.347598
1,8139,302.898278
1,8140,300.860244
1,8141,197.737515
1,8142,369.337606
1,8143,264.603171
1,8144,495.970219
1,8145,347.322507
1,8146,511.831781
1,8147,437.605399
1,8148,338.648859
1,8149,80.308916
1,8150,337.537609
1,8151,319.311068
1,8152,383.479460
1,8153,399.223253
1,8154,77.018559
1,8155,377.548379
1,8156,347.478600
1,8157,365.049410
1,8158,412.983539
1,8159,506.634687
1,8160,259.665701
1,8161,312.432586
1,8162,348.490708
1,8163,123.777429
1,8164,377.251922
1,8165,251.177010
1,8166,163.245044
1,8167,217.595694
1,8168,63.504079
1,8169,134.175416
1,8170,273.514761
1,8171,226.223307
1,8172,247.945639
1,8173,77.714434
1,8174,33.514045
1,8175,75.173688
1,8176,146.380855
1,8177,256.754187
1,8178,231.877490
1,8179,79.198228
1,8180,179.391869
1,8181,85.476024
1,8182,293.141606
1,8183,134.584795
1,8184,232.168034
1,8185,32.390763
1,8186,211.978085
1,8187,96.245178
1,8188,271.704098
1,8189,82.417606
1,8190,175.387625
1,8191,40.979643
1,8192,301.551454
1,8193,208.428823
1,8194,246.930165
1,8195,244.469301
1,8196,85.919937
1,8197,172.651297
1,8198,89.982272
1,8199,297.278164
1,8200,397.531371
1,8201,33.337680
1,8202,263.076364
1,8203,167.007644
1,8204,83.248960
1,8205,133.413138
1,8206,80.424311
1,8207,90.635050
1,8208,39.608030
1,8209,272.442815
1,8210,79.350779
1,8211,129.250495
1,8212,257.345942
1,8213,301.124703
1,8214,82.720368
1,8215,211.729382
1,8216,90.488855
1,8217,251.063827
1,8218,82.406117
1,8219,199.266763
1,8220,84.350424
1,8221,82.047798
1,8222,272.139538
1,8223,124.246723
1,8224,279.476751
1,8225,193.615491
1,8226,80.895802
1,8227,239.937583
1,8228,291.623253
1,8229,309.772656
1,8230,381.949745
1,8231,132.050283
1,8232,91.375643
1,8233,133.150371
1,8234,299.308879
1,8235,370.622771
1,8236,253.424588
1,8237,78.112595
1,8238,237.584945
1,8239,74.063885
1,8240,245.559736
1,8241,247.846971
1,8242,171.829353
1,8243,314.368326
1,8244,76.990500
1,8245,271.818541
1,8246,1142.446875
1,8247,305.946217
1,8248,73.922663
1,8249,341.110175
1,8250,197.267783
1,8251,160.835519
1,8252,305.561240
1,8253,81.484226
1,8254,200.692775
1,8255,85.168022
1,8256,171.416290
1,8257,132.533460
1,8258,306.858212
1,8259,348.296419
1,8260,90.489719
1,8261,426.287935
1,8262,270.676265
1,8263,63.278331
1,8264,174.085771
1,8265,339.805132
1,8266,31.058801
1,8267,229.120542
1,8268,373.029197
1,8269,31.062000
1,8270,279.314787
1,8271,556.939352
1,8272,411.811451
1,8273,300.631234
1,8274,286.573924
1,8275,82.456156
1,8276,212.072166
1,8277,87.047284
1,8278,354.254575
1,8279,277.373169
1,8280,322.276771
1,8281,316.932323
1,8282,409.499453
1,8283,113.974558
1,8284,235.323076
1,8285,244.667321
1,8286,79.417700
1,8287,300.921357
1,8288,274.483276
1,8289,82.692451
1,8290,210.939324
1,8291,80.288059
1,8292,212.863979
1,8293,182.393286
1,8294,123.862359
1,8295,171.533012
1,8296,81.450323
1,8297,205.047337
1,8298,133.718154
1,8299,324.631769
1,8300,79.643554
1,8301,231.860492
1,8302,375.852140
1,8303,38.491474
1,8304,209.133297
1,8305,337.185079
1,8306,78.339191
1,8307,229.582628
1,8308,210.875626
1,8309,400.344899
1,8310,90.790135
1,8311,213.371761
1,8312,281.929070
1,8313,127.197575
1,8314,128.037169
1,8315,217.186097
1,8316,353.085289
1,8317,319.115142
1,8318,79.661016
1,8319,272.866297
1,8320,79.920957
1,8321,176.552825
1,8322,340.293174
1,8323,80.573046
1,8324,294.438650
1,8325,76.504327
1,8326,163.900957
1,8327,81.612670
1,8328,392.759630
1,8329,76.731593
1,8330,123.840282
1,8331,311.936451
1,8332,347.059730
1,8333,363.157572
1,8334,247.141439
1,8335,89.490496
1,8336,316.644951
1,8337,233.321392
1,8338,384.069230
1,8339,306.614806
1,8340,382.274221
1,8341,474.875951
1,8342,555.559987
1,8343,90.448714
1,8344,372.415438
1,8345,92.026570
1,8346,483.519903
1,8347,96.477922
1,8348,394.808693
1,8349,258.386887
1,8350,495.638328
1,8351,94.618570
1,8352,238.437805
1,8353,456.467522
1,8354,117.853762
1,8355,611.357269
1,8356,628.061596
1,8357,644.627088
1,8358,50.423208
1,8359,454.022299
1,8360,485.376517
1,8361,572.309287
1,8362,101.091473
1,8363,441.148009
1,8364,402.995314
1,8365,229.048230
1,8366,98.668045
1,8367,446.964526
1,8368,430.018551
1,8369,359.600343
1,8370,99.752472
1,8371,499.313934
1,8372,97.583125
1,8373,300.535211
1,8374,520.612923
1,8375,320.222414
1,8376,567.784069
1,8377,117.483001
1,8378,442.680357
1,8379,546.353470
1,8380,101.433924
1,8381,415.403229
1,8382,693.409059
1,8383,452.243819
1,8384,576.867393
1,8385,413.073512
1,8386,120.800588
1,8387,379.024118
1,8388,277.158400
1,8389,216.178097
1,8390,243.468746
1,8391,395.848023
1,8392,72.233701
1,8393,431.582923
1,8394,300.655568
1,8395,105.437310
1,8396,308.300476
1,8397,379.474830
1,8398,174.969707
1,8399,450.448512
1,8400,457.231462
1,8401,339.945309
1,8402,84.146264
1,8403,247.674338
1,8404,166.969598
1,8405,301.039111
1,8406,84.766693
1,8407,476.802377
1,8408,145.942095
1,8409,103.662832
1,8410,96.468826
1,8411,477.456356
1,8412,95.497758
1,8413,54.031495
1,8414,197.992906
1,8415,366.649587
1,8416,790.232292
1,8417,567.721835
1,8418,95.659817
1,8419,615.002451
1,8420,108.975643
1,8421,225.451134
1,8422,209.354986
1,8423,492.073996
1,8424,123.582125
1,8425,604.501238
1,8426,101.318598
1,8427,457.603176
1,8428,291.642443
1,8429,454.296830
1,8430,134.741228
1,8431,289.954762
1,8432,196.221747
1,8433,554.463994
1,8434,150.219151
1,8435,566.208015
1,8436,230.443569
1,8437,318.861498
1,8438,460.749206
1,8439,478.100264
1,8440,108.245699
1,8441,227.864792
1,8442,485.481392
1,8443,49.553984
1,8444,447.400244
1,8445,363.337642
1,8446,408.123992
1,8447,363.811165
1,8448,121.500840
1,8449,405.721526
1,8450,354.299378
1,8451,261.610440
1,8452,539.555561
1,8453,103.733093
1,8454,213.872687
1,8455,509.760439
1,8456,98.680407
1,8457,249.408934
1,8458,484.588631
1,8459,552.103949
1,8460,449.811371
1,8461,380.366394
1,8462,397.235121
1,8463,119.042878
1,8464,294.029470
1,8465,358.871302
1,8466,87.349775
1,8467,431.928679
1,8468,84.870782
1,8469,471.753489
1,8470,259.983698
1,8471,470.208729
1,8472,89.971504
1,8473,220.471397
1,8474,432.020067
1,8475,825.806797
1,8476,358.402564
1,8477,401.656993
1,8478,142.733436
1,8479,465.070217
1,8480,99.105563
1,8481,416.813431
1,8482,570.298466
1,8483,216.476321
1,8484,108.879118
1,8485,389.340078
1,8486,305.997969
1,8487,381.207039
1,8488,96.397071
1,8489,382.391103
1,8490,622.728167
1,8491,145.758944
1,8492,197.820164
1,8493,249.155709
1,8494,50.822714
1,8495,598.987903
1,8496,582.626406
1,8497,94.429827
1,8498,622.186091
1,8499,489.259621
1,8500,515.449888
1,8501,105.615026
1,8502,212.955898
1,8503,499.245460
1,8504,505.294208
1,8505,538.921450
1,8506,124.057223
1,8507,529.309365
1,8508,544.943989
1,8509,102.932831
1,8510,501.490903
1,8511,360.550137
1,8512,101.660613
1,8513,466.039347
1,8514,286.535855
1,8515,330.224268
1,8516,189.972945
1,8517,216.705910
1,8518,315.854668
1,8519,93.875682
1,8520,596.834003
1,8521,364.775299
1,8522,426.640340
1,8523,535.005421
1,8524,68.326897
1,8525,514.351439
1,8526,149.793442
1,8527,46.123530
1,8528,483.978670
1,8529,416.477475
1,8530,100.540801
1,8531,308.153544
1,8532,266.435778
1,8533,406.664152
1,8534,116.642908
1,8535,53.086775
1,8536,409.539080
1,8537,540.004979
1,8538,453.774982
1,8539,131.735434
1,8540,371.340077
1,8541,125.212718
1,8542,393.915374
1,8543,509.328506
1,8544,372.461257
1,8545,182.926664
1,8546,385.976825
1,8547,169.338408
1,8548,89.965452
1,8549,311.213004
1,8550,100.123767
1,8551,364.853370
1,8552,387.197896
1,8553,483.626272
1,8554,133.665164
1,8555,420.935956
1,8556,348.485577
1,8557,492.924417
1,8558,384.284344
1,8559,123.903952
1,8560,384.424744
1,8561,191.701142
1,8562,520.172072
1,8563,86.102872
1,8564,346.233249
1,8565,449.513003
1,8566,267.223277
1,8567,399.231724
1,8568,383.315509
1,8569,90.014958
1,8570,396.336357
1,8571,403.292868
1,8572,115.586709
1,8573,441.192179
1,8574,572.609586
1,8575,197.420237
1,8576,493.331906
1,8577,266.234264
1,8578,225.752317
1,8579,406.846736
1,8580,183.090969
1,8581,410.655917
1,8582,155.818836
1,8583,471.367627
1,8584,48.847566
1,8585,491.818876
1,8586,337.935468
1,8587,97.026926
1,8588,357.734599
1,8589,99.133885
1,8590,418.376677
1,8591,181.262967
1,8592,262.854378
1,8593,306.082448
1,8594,207.429578
1,8595,114.724702
1,8596,414.310912
1,8597,353.217903
1,8598,425.812406
1,8599,516.854338
1,8600,407.711603
1,8601,123.362305
1,8602,466.199697
1,8603,270.588429
1,8604,231.328764
1,8605,240.556281
1,8606,110.792526
1,8607,441.077901
1,8608,443.543993
1,8609,549.443193
1,8610,66.736702
1,8611,519.841328
1,8612,441.979707
1,8613,105.880296
1,8614,221.479930
1,8615,565.302914
1,8616,100.632481
1,8617,532.778153
1,8618,99.443769
1,8619,342.504524
1,8620,108.676314
1,8621,515.115344
1,8622,421.306892
1,8623,184.886399
1,8624,168.388948
1,8625,222.788198
1,8626,341.498314
1,8627,377.842138
1,8628,484.826311
1,8629,215.326564
1,8630,470.434318
1,8631,100.734028
1,8632,431.578810
1,8633,465.322911
1,8634,102.276453
1,8635,372.416595
1,8636,319.025045
1,8637,485.517599
1,8638,119.061529
1,8639,596.868660
1,8640,549.057645
1,8641,94.887583
1,8642,90.072790
1,8643,462.521101
1,8644,89.375671
1,8645,180.020535
1,8646,497.957157
1,8647,214.983597
1,8648,527.646608
1,8649,325.269598
1,8650,243.102185
1,8651,325.570939
1,8652,456.005558
1,8653,79.259784
1,8654,36.083122
1,8655,411.331521
1,8656,499.691915
1,8657,93.247749
1,8658,373.963887
1,8659,86.836699
1,8660,466.295759
1,8661,427.632199
1,8662,88.983430
1,8663,198.874639
1,8664,93.538008
1,8665,345.871538
1,8666,382.891992
1,8667,90.528478
1,8668,419.692737
1,8669,280.686712
1,8670,425.598155
1,8671,93.215667
1,8672,338.692579
1,8673,502.340712
1,8674,492.851725
1,8675,242.305566
1,8676,132.817320
1,8677,503.006550
1,8678,295.069249
1,8679,69.753827
1,8680,298.453883
1,8681,278.800711
1,8682,435.760973
1,8683,78.822493
1,8684,249.529751
1,8685,487.404484
1,8686,410.928145
1,8687,150.310909
1,8688,397.877463
1,8689,83.698652
1,8690,215.828050
1,8691,372.611767
1,8692,92.983032
1,8693,284.233918
1,8694,99.874241
1,8695,503.887781
1,8696,179.563652
1,8697,382.264772
1,8698,225.362799
1,8699,190.052207
1,8700,374.232309
1,8701,54.202358
1,8702,235.100387
1,8703,117.213382
1,8704,370.238259
1,8705,47.479323
1,8706,342.211046
1,8707,92.368881
1,8708,405.579084
1,8709,115.042098
1,8710,88.744137
1,8711,212.971881
1,8712,268.424429
1,8713,186.504563
1,8714,154.476289
1,8715,534.648056
1,8716,91.170656
1,8717,461.155031
1,8718,353.839809
1,8719,92.967382
1,8720,315.207947
1,8721,94.577973
1,8722,118.218682
1,8723,468.796926
1,8724,89.569576
1,8725,46.223508
1,8726,423.593459
1,8727,94.223537
1,8728,303.376013
1,8729,139.599640
1,8730,90.879900
1,8731,347.944078
1,8732,384.513826
1,8733,316.832145
1,8734,305.178589
1,8735,266.201804
1,8736,468.511082
1,8737,97.706214
1,8738,572.388564
1,8739,364.578340
1,8740,127.437550
1,8741,432.058662
1,8742,367.047018
1,8743,458.215661
1,8744,143.650961
1,8745,244.739309
1,8746,156.634092
1,8747,376.313329
1,8748,272.205915
1,8749,157.033159
1,8750,308.758020
1,8751,54.728420
1,8752,286.293447
1,8753,83.824470
1,8754,135.955957
1,8755,247.040905
1,8756,194.650480
1,8757,236.540304
1,8758,32.721214
1,8759,185.237888
1,8760,74.670670
1,8761,278.019144
1,8762,35.740715
1,8763,218.854217
1,8764,87.805877
1,8765,287.278824
1,8766,112.477306
1,8767,90.166678
1,8768,212.561585
1,8769,269.196887
1,8770,189.999064
1,8771,203.506521
1,8772,325.617655
1,8773,86.394885
1,8774,416.010906
1,8775,429.019263
1,8776,121.591056
1,8777,140.565107
1,8778,275.928913
1,8779,48.114425
1,8780,455.642607
1,8781,126.540060
1,8782,483.631815
1,8783,442.313618
1,8784,88.231542
1,8785,361.526145
1,8786,358.796503
1,8787,99.383217
1,8788,283.222341
1,8789,95.374733
1,8790,104.341751
1,8791,458.132604
1,8792,96.825556
1,8793,59.188647
1,8794,415.086809
1,8795,101.769880
1,8796,314.131441
1,8797,157.275070
1,8798,96.605514
1,8799,363.581020
1,8800,333.612535
1,8801,120.035802
1,8802,485.248479
1,8803,424.809436
1,8804,99.810246
1,8805,360.394273
1,8806,386.978693
1,8807,343.446523
1,8808,284.627745
1,8809,304.914751
1,8810,251.350910
1,8811,486.912338
1,8812,90.419474
1,8813,413.360583
1,8814,88.545792
1,8815,44.505462
1,8816,305.452748
1,8817,94.561829
1,8818,163.831159
1,8819,266.398714
1,8820,201.097831
1,8821,348.447349
1,8822,146.337837
1,8823,164.497598
1,8824,234.380856
1,8825,189.709447
1,8826,186.906818
1,8827,552.645732
1,8828,122.333994
1,8829,132.972555
1,8830,400.581149
1,8831,609.378976
1,8832,289.531545
1,8833,69.810557
1,8834,294.913852
1,8835,79.248709
1,8836,412.565615
1,8837,240.040829
1,8838,397.731401
1,8839,177.233889
1,8840,345.672818
1,8841,81.714373
1,8842,212.299116
1,8843,296.506429
1,8844,42.518470
1,8845,439.249838
1,8846,108.598321
1,8847,205.166652
1,8848,422.962110
1,8849,395.055788
1,8850,183.679377
1,8851,88.782779
1,8852,382.527281
1,8853,262.113459
1,8854,43.590774
1,8855,337.332569
1,8856,397.428617
1,8857,115.365847
1,8858,331.622957
1,8859,104.684426
1,8860,455.889158
1,8861,115.062360
1,8862,391.549154
1,8863,152.488126
1,8864,279.152101
1,8865,319.095330
1,8866,185.906233
1,8867,258.330485
1,8868,101.533893
1,8869,421.814372
1,8870,103.018738
1,8871,190.370498
1,8872,138.073221
1,8873,172.634468
1,8874,443.532224
1,8875,127.585828
1,8876,314.623208
1,8877,502.931310
1,8878,41.672399
1,8879,470.766332
1,8880,87.527561
1,8881,106.012989
1,8882,377.698281
1,8883,90.590813
1,8884,56.322300
1,8885,277.683363
1,8886,333.129153
1,8887,95.133004
1,8888,278.707765
1,8889,374.998412
1,8890,413.800255
1,8891,300.813235
1,8892,69.959752
1,8893,318.172771
1,8894,111.533646
1,8895,107.714047
1,8896,357.019359
1,8897,304.062182
1,8898,104.485547
1,8899,398.184104
1,8900,168.673424
1,8901,96.300845
1,8902,208.258203
1,8903,380.001131
1,8904,118.923713
1,8905,252.358710
1,8906,415.720996
1,8907,84.333871
1,8908,220.067753
1,8909,264.443369
1,8910,393.013511
1,8911,95.538041
1,8912,291.786637
1,8913,368.059612
1,8914,90.513251
1,8915,99.209120
1,8916,355.765456
1,8917,463.218794
1,8918,104.650127
1,8919,123.131387
1,8920,204.211461
1,8921,231.666469
1,8922,99.893940
1,8923,153.540205
1,8924,386.581238
1,8925,90.990103
1,8926,61.323895
1,8927,251.988900
1,8928,475.904731
1,8929,256.375020
1,8930,413.763889
1,8931,154.492794
1,8932,307.208889
1,8933,414.861166
1,8934,135.914982
1,8935,434.128687
1,8936,98.131395
1,8937,191.046349
1,8938,411.543758
1,8939,194.058699
1,8940,331.992261
1,8941,91.507425
1,8942,443.741303
1,8943,314.335705
1,8944,175.407397
1,8945,223.400242
1,8946,306.034485
1,8947,128.496790
1,8948,444.824569
1,8949,113.064289
1,8950,423.530334
1,8951,284.343295
1,8952,456.909441
1,8953,535.629212
1,8954,119.451614
1,8955,340.099001
1,8956,308.663093
1,8957,513.843292
1,8958,337.320399
1,8959,203.981133
1,8960,358.919248
1,8961,101.458691
1,8962,384.743352
1,8963,121.014252
1,8964,409.891879
1,8965,381.634619
1,8966,90.220762
1,8967,395.251985
1,8968,113.349473
1,8969,385.061121
1,8970,116.059350
1,8971,520.336233
1,8972,306.416164
1,8973,38.247502
1,8974,296.741044
1,8975,261.400619
1,8976,422.689711
1,8977,103.484769
1,8978,340.995100
1,8979,101.316275
1,8980,278.434747
1,8981,98.463088
1,8982,263.245128
1,8983,501.777829
1,8984,89.664275
1,8985,466.518721
1,8986,310.701070
1,8987,442.606847
1,8988,80.075813
1,8989,416.662344
1,8990,354.429612
1,8991,82.692693
1,8992,167.983827
1,8993,544.931928
1,8994,480.715711
1,8995,31.669539
1,8996,319.096854
1,8997,212.482651
1,8998,315.550423
1,8999,88.035776
1,9000,303.610292
1,9001,479.380609
1,9002,104.088857
1,9003,492.800783
1,9004,416.290007
1,9005,223.985384
1,9006,350.381781
1,9007,92.084646
1,9008,336.261099
1,9009,173.182333
1,9010,95.492143
1,9011,204.674985
1,9012,217.110804
1,9013,283.148437
1,9014,469.892410
1,9015,461.748354
1,9016,459.403020
1,9017,114.478213
1,9018,538.046009
1,9019,105.424528
1,9020,289.203091
1,9021,103.819149
1,9022,112.252927
1,9023,269.426582
1,9024,201.579811
1,9025,95.615029
1,9026,401.040748
1,9027,110.731532
1,9028,231.770446
1,9029,890.582814
1,9030,384.139226
1,9031,222.626135
1,9032,106.306757
1,9033,616.870598
1,9034,314.835894
1,9035,390.024208
1,9036,97.194688
1,9037,512.517409
1,9038,357.660684
1,9039,265.422561
1,9040,197.784421
1,9041,340.596842
1,9042,331.146440
1,9043,228.975680
1,9044,195.328857
1,9045,408.983104
1,9046,351.524278
1,9047,93.049212
1,9048,235.531169
1,9049,257.830582
1,9050,324.306705
1,9051,353.482414
1,9052,295.351839
1,9053,99.088376
1,9054,410.065485
1,9055,92.782433
1,9056,109.620017
1,9057,259.060656
1,9058,94.375414
1,9059,318.154579
1,9060,367.626014
1,9061,67.692490
1,9062,194.876153
1,9063,189.464388
1,9064,80.888725
1,9065,240.147309
1,9066,160.458405
1,9067,262.900372
1,9068,97.065071
1,9069,489.886328
1,9070,198.960291
1,9071,100.523352
1,9072,380.273398
1,9073,296.678137
1,9074,104.159421
1,9075,60.787508
1,9076,313.332645
1,9077,246.904754
1,9078,337.368056
1,9079,279.115437
1,9080,200.781947
1,9081,388.689947
1,9082,280.294643
1,9083,48.753080
1,9084,220.910572
1,9085,223.059600
1,9086,423.434861
1,9087,162.209969
1,9088,487.177625
1,9089,292.303673
1,9090,96.975887
1,9091,175.525263
1,9092,97.788089
1,9093,184.259281
1,9094,360.273895
1,9095,481.984778
1,9096,349.615810
1,9097,105.033950
1,9098,250.491970
1,9099,51.463355
1,9100,499.365292
1,9101,96.747880
1,9102,286.515723
1,9103,273.324873
1,9104,289.506065
1,9105,165.210987
1,9106,319.052947
1,9107,447.176142
1,9108,96.737982
1,9109,52.954857
1,9110,374.343238
1,9111,96.258783
1,9112,175.980789
1,9113,316.801736
1,9114,93.461742
1,9115,435.728729
1,9116,92.950044
1,9117,434.820442
1,9118,269.608043
1,9119,254.856237
1,9120,139.517184
1,9121,327.283700
1,9122,48.667466
1,9123,401.343136
1,9124,150.408193
1,9125,239.785661
1,9126,255.740081
1,9127,98.642386
1,9128,494.005798
1,9129,92.679797
1,9130,263.327097
1,9131,304.635757
1,9132,141.141437
1,9133,553.217291
1,9134,92.637611
1,9135,292.844810
1,9136,345.299426
1,9137,128.638546
1,9138,186.285348
1,9139,346.371112
1,9140,174.538720
1,9141,96.948417
1,9142,277.663140
1,9143,276.114711
1,9144,113.088221
1,9145,148.798935
1,9146,88.878728
1,9147,251.019589
1,9148,351.361560
1,9149,227.449033
1,9150,485.786108
1,9151,193.410285
1,9152,455.721660
1,9153,412.500706
1,9154,393.475829
1,9155,341.074034
1,9156,101.036912
1,9157,209.176362
1,9158,246.722960
1,9159,331.191036
1,9160,100.510216
1,9161,336.146349
1,9162,171.012088
1,9163,389.911485
1,9164,348.506525
1,9165,198.543560
1,9166,113.048717
1,9167,126.196808
1,9168,463.972053
1,9169,359.467754
1,9170,93.158951
1,9171,336.777491
1,9172,101.236074
1,9173,417.040660
1,9174,442.457486
1,9175,104.589486
1,9176,413.981059
1,9177,104.229798
1,9178,356.189170
1,9179,107.976174
1,9180,251.237983
1,9181,61.554502
1,9182,533.245801
1,9183,99.322538
1,9184,219.823511
1,9185,225.230803
1,9186,190.003300
1,9187,178.357485
1,9188,406.598176
1,9189,91.136523
1,9190,373.078265
1,9191,244.362851
1,9192,454.046322
1,9193,242.877263
1,9194,237.310387
1,9195,211.417059
1,9196,150.726407
1,9197,358.152830
1,9198,517.438477
1,9199,131.559548
1,9200,435.984455
1,9201,102.157449
1,9202,153.880142
1,9203,410.283101
1,9204,156.904627
1,9205,159.041799
1,9206,178.808376
1,9207,183.570351
1,9208,279.407528
1,9209,65.400994
1,9210,420.644333
1,9211,125.592775
1,9212,476.203728
1,9213,93.805136
1,9214,234.242616
1,9215,94.941018
1,9216,103.309610
1,9217,160.248496
1,9218,97.311938
1,9219,103.774242
1,9220,323.035883
1,9221,41.981967
1,9222,286.093071
1,9223,424.870103
1,9224,184.948113
1,9225,104.372767
1,9226,259.985679
1,9227,283.362455
1,9228,85.850478
1,9229,304.244995
1,9230,44.000396
1,9231,265.367007
1,9232,97.038519
1,9233,209.954331
1,9234,481.726291
1,9235,383.921927
1,9236,85.807392
1,9237,137.935300
1,9238,133.760443
1,9239,369.031089
1,9240,82.896020
1,9241,449.799706
1,9242,88.132695
1,9243,331.758629
1,9244,114.456064
1,9245,256.775827
1,9246,179.173059
1,9247,315.779791
1,9248,288.418049
1,9249,84.310034
1,9250,182.868881
1,9251,328.785838
1,9252,283.806557
1,9253,478.679833
1,9254,179.330710
1,9255,287.984282
1,9256,92.476890
1,9257,371.078201
1,9258,181.844429
1,9259,333.526151
1,9260,46.713311
1,9261,288.920824
1,9262,91.241058
1,9263,96.346911
1,9264,237.600747
1,9265,101.733972
1,9266,103.072419
1,9267,142.576619
1,9268,260.591394
1,9269,93.302410
1,9270,209.993263
1,9271,92.815690
1,9272,341.065533
1,9273,140.621386
1,9274,159.363389
1,9275,431.822025
1,9276,121.915902
1,9277,93.915664
1,9278,349.604628
1,9279,361.831914
1,9280,198.798757
1,9281,284.014424
1,9282,108.112932
1,9283,296.784421
1,9284,130.957833
1,9285,196.761235
1,9286,446.657210
1,9287,93.838963
1,9288,190.458134
1,9289,389.872161
1,9290,379.978243
1,9291,99.736322
1,9292,236.556530
1,9293,92.748916
1,9294,287.416368
1,9295,119.553760
1,9296,400.207741
1,9297,606.902114
1,9298,154.040945
1,9299,361.470970
1,9300,106.684939
1,9301,268.478758
1,9302,404.865814
1,9303,400.728277
1,9304,95.853045
1,9305,227.096987
1,9306,177.019685
1,9307,89.189798
1,9308,315.221851
1,9309,95.940277
1,9310,417.294234
1,9311,125.717068
1,9312,441.566928
1,9313,142.244753
1,9314,127.035078
1,9315,295.130954
1,9316,511.143318
1,9317,370.431978
1,9318,97.945910
1,9319,135.943084
1,9320,383.730835
1,9321,290.945742
1,9322,137.494639
1,9323,404.439983
1,9324,235.917936
1,9325,95.221748
1,9326,918.154346
1,9327,154.218839
1,9328,111.144011
1,9329,520.914595
1,9330,316.194809
1,9331,517.605904
1,9332,84.081108
1,9333,376.668093
1,9334,221.151316
1,9335,332.055369
1,9336,99.043208
1,9337,234.665103
1,9338,273.650648
1,9339,324.138145
1,9340,367.293153
1,9341,309.104226
1,9342,83.980922
1,9343,192.943432
1,9344,106.532350
1,9345,236.464032
1,9346,179.631309
1,9347,328.582517
1,9348,95.004070
1,9349,210.579264
1,9350,100.088406
1,9351,321.503992
1,9352,91.139245
1,9353,303.193048
1,9354,224.403116
1,9355,93.705006
1,9356,422.894817
1,9357,206.249118
1,9358,199.553416
1,9359,375.021155
1,9360,47.774805
1,9361,363.500504
1,9362,311.986362
1,9363,238.537875
1,9364,508.385007
1,9365,184.511340
1,9366,297.284365
1,9367,110.941227
1,9368,394.248481
1,9369,265.788563
1,9370,214.081306
1,9371,97.118877
1,9372,289.905232
1,9373,245.475725
1,9374,266.446304
1,9375,223.483880
1,9376,101.201883
1,9377,279.607585
1,9378,236.328989
1,9379,48.579519
1,9380,358.513965
1,9381,217.683394
1,9382,273.897319
1,9383,204.923171
1,9384,321.485567
1,9385,407.875030
1,9386,196.474829
1,9387,48.304875
1,9388,409.436562
1,9389,102.113950
1,9390,412.055243
1,9391,89.514153
1,9392,374.659083
1,9393,88.119209
1,9394,96.279826
1,9395,320.796276
1,9396,360.446311
1,9397,90.486787
1,9398,199.821992
1,9399,91.628879
1,9400,244.883307
1,9401,145.952852
1,9402,138.947741
1,9403,183.928488
1,9404,240.510905
1,9405,306.231358
1,9406,91.598560
1,9407,173.032772
1,9408,136.945603
1,9409,464.831117
1,9410,92.675381
1,9411,503.783690
1,9412,110.284135
1,9413,444.900410
1,9414,101.709277
1,9415,302.978965
1,9416,257.757073
1,9417,453.861388
1,9418,145.161189
1,9419,96.698107
1,9420,417.567160
1,9421,140.173824
1,9422,378.663085
1,9423,198.094425
1,9424,277.545025
