subtaskID,datapointID,answer
1,0,323.204614
1,1,91.630541
1,2,159.351245
1,3,34.084779
1,4,418.033440
1,5,84.757686
1,6,272.625563
1,7,274.352697
1,8,260.904863
1,9,302.511071
1,10,275.325282
1,11,47.388010
1,12,135.927794
1,13,249.881314
1,14,85.477921
1,15,230.730016
1,16,199.808542
1,17,214.058564
1,18,288.664953
1,19,497.557703
1,20,115.192965
1,21,222.229229
1,22,290.361856
1,23,265.617938
1,24,256.546803
1,25,85.748376
1,26,175.113924
1,27,185.578916
1,28,100.218383
1,29,50.842209
1,30,327.165656
1,31,88.985215
1,32,186.601295
1,33,467.871458
1,34,50.749678
1,35,337.018148
1,36,150.604065
1,37,293.387718
1,38,97.252561
1,39,218.502816
1,40,87.653531
1,41,351.067452
1,42,177.674978
1,43,271.270504
1,44,380.075304
1,45,107.651954
1,46,68.863966
1,47,314.345684
1,48,109.491952
1,49,162.771763
1,50,149.773704
1,51,262.697767
1,52,226.898908
1,53,89.394867
1,54,228.375151
1,55,123.928151
1,56,245.692486
1,57,223.916570
1,58,108.102371
1,59,428.714537
1,60,86.999625
1,61,213.432644
1,62,86.019355
1,63,301.222529
1,64,180.839588
1,65,232.474664
1,66,85.035319
1,67,158.871534
1,68,186.053486
1,69,308.759618
1,70,82.874818
1,71,305.048035
1,72,85.533772
1,73,293.463944
1,74,297.713677
1,75,274.829691
1,76,137.033711
1,77,104.325143
1,78,47.635187
1,79,324.211826
1,80,82.436031
1,81,441.445992
1,82,296.613427
1,83,287.037463
1,84,108.374783
1,85,243.816311
1,86,131.070114
1,87,211.663504
1,88,276.258206
1,89,273.630728
1,90,336.704657
1,91,88.869922
1,92,85.221703
1,93,345.766658
1,94,528.270076
1,95,567.945800
1,96,422.293846
1,97,450.433830
1,98,323.505717
1,99,65.779419
1,100,349.788707
1,101,103.227830
1,102,378.458057
1,103,244.156863
1,104,337.349338
1,105,178.278436
1,106,135.787913
1,107,270.145700
1,108,85.626772
1,109,217.554927
1,110,435.055730
1,111,112.600580
1,112,413.007047
1,113,96.561805
1,114,234.536149
1,115,520.294985
1,116,409.533951
1,117,365.200572
1,118,233.513950
1,119,124.436747
1,120,168.083415
1,121,80.268602
1,122,206.120265
1,123,288.042905
1,124,417.237825
1,125,204.756660
1,126,449.873463
1,127,112.621705
1,128,128.150301
1,129,208.462883
1,130,260.436434
1,131,79.636782
1,132,264.042585
1,133,79.308581
1,134,122.874372
1,135,82.817989
1,136,208.291688
1,137,297.897144
1,138,336.169375
1,139,357.319554
1,140,305.437486
1,141,171.576058
1,142,120.142446
1,143,294.883107
1,144,337.362575
1,145,388.600847
1,146,78.641589
1,147,335.433370
1,148,40.351847
1,149,286.238033
1,150,234.136551
1,151,77.091332
1,152,174.973107
1,153,318.733816
1,154,254.548138
1,155,323.364723
1,156,335.687963
1,157,362.790612
1,158,403.422084
1,159,81.361654
1,160,138.035764
1,161,331.954652
1,162,137.920429
1,163,212.112690
1,164,148.439416
1,165,104.803405
1,166,319.817495
1,167,66.249516
1,168,297.896493
1,169,229.160143
1,170,221.296757
1,171,321.817654
1,172,400.529554
1,173,72.566160
1,174,219.069378
1,175,114.936203
1,176,306.421577
1,177,77.095630
1,178,290.420690
1,179,144.438624
1,180,328.802757
1,181,294.283862
1,182,88.420444
1,183,413.942570
1,184,369.334707
1,185,389.306830
1,186,442.656801
1,187,358.165744
1,188,83.190237
1,189,236.535943
1,190,78.308526
1,191,238.072064
1,192,329.411021
1,193,79.792676
1,194,165.018429
1,195,277.890443
1,196,125.322446
1,197,163.777464
1,198,78.143074
1,199,670.692078
1,200,77.899525
1,201,322.261454
1,202,134.748250
1,203,245.960807
1,204,79.510090
1,205,164.921030
1,206,324.099300
1,207,344.343579
1,208,78.897141
1,209,45.637500
1,210,289.098927
1,211,77.137159
1,212,351.281326
1,213,91.029202
1,214,186.241129
1,215,506.566039
1,216,78.176509
1,217,345.485853
1,218,76.056089
1,219,263.828688
1,220,204.847037
1,221,219.295621
1,222,270.215471
1,223,282.478238
1,224,185.375494
1,225,203.203822
1,226,378.469783
1,227,74.534401
1,228,165.245016
1,229,202.722728
1,230,233.885464
1,231,159.971540
1,232,90.002278
1,233,304.000542
1,234,228.159620
1,235,77.197103
1,236,188.863384
1,237,165.547307
1,238,260.637395
1,239,118.464029
1,240,71.789154
1,241,301.205824
1,242,158.815896
1,243,167.195247
1,244,217.984725
1,245,260.065642
1,246,219.881129
1,247,327.836655
1,248,113.397934
1,249,156.109318
1,250,72.496967
1,251,166.322717
1,252,71.150217
1,253,214.554132
1,254,69.092021
1,255,75.402620
1,256,255.731801
1,257,281.421984
1,258,322.090477
1,259,277.157366
1,260,158.047880
1,261,285.240680
1,262,71.915265
1,263,260.833848
1,264,123.253153
1,265,183.537079
1,266,245.654166
1,267,489.082945
1,268,218.713266
1,269,273.500314
1,270,373.706456
1,271,189.130675
1,272,424.109487
1,273,328.211512
1,274,274.316230
1,275,213.273681
1,276,69.790648
1,277,294.328231
1,278,72.059943
1,279,234.621858
1,280,340.762911
1,281,300.662479
1,282,72.684547
1,283,337.200791
1,284,298.831762
1,285,277.400588
1,286,267.303192
1,287,348.411488
1,288,116.720598
1,289,83.611278
1,290,103.309315
1,291,271.773783
1,292,227.219872
1,293,301.855815
1,294,246.701107
1,295,353.064159
1,296,236.526374
1,297,161.798170
1,298,432.035746
1,299,90.660168
1,300,277.970928
1,301,371.357791
1,302,348.757416
1,303,341.356978
1,304,334.339539
1,305,78.066268
1,306,231.706570
1,307,401.608185
1,308,134.676795
1,309,231.858715
1,310,419.578373
1,311,364.977347
1,312,336.440543
1,313,305.388389
1,314,125.988817
1,315,366.336039
1,316,278.789536
1,317,324.121069
1,318,78.710867
1,319,163.810425
1,320,251.909379
1,321,329.593600
1,322,305.662539
1,323,85.678555
1,324,364.861256
1,325,97.149934
1,326,406.059561
1,327,464.069216
1,328,396.367590
1,329,72.440485
1,330,38.762071
1,331,289.580937
1,332,79.793231
1,333,255.349625
1,334,179.069150
1,335,271.275054
1,336,151.062589
1,337,303.600849
1,338,248.404868
1,339,180.867848
1,340,65.495146
1,341,172.353407
1,342,258.823165
1,343,112.272287
1,344,188.720448
1,345,219.823413
1,346,154.777408
1,347,135.756969
1,348,294.754158
1,349,363.276057
1,350,234.871929
1,351,170.971654
1,352,147.584418
1,353,118.833591
1,354,248.905421
1,355,273.935749
1,356,78.209535
1,357,274.745808
1,358,77.022122
1,359,167.632671
1,360,39.002604
1,361,120.088947
1,362,282.637483
1,363,336.243950
1,364,242.403810
1,365,312.463611
1,366,222.841338
1,367,124.525407
1,368,272.357294
1,369,292.096209
1,370,170.582162
1,371,252.205583
1,372,249.685641
1,373,346.718461
1,374,235.105110
1,375,256.471202
1,376,91.962751
1,377,430.630438
1,378,58.234493
1,379,277.751799
1,380,76.980425
1,381,190.033276
1,382,174.576936
1,383,313.588596
1,384,75.417148
1,385,194.961263
1,386,671.054617
1,387,655.506197
1,388,318.403279
1,389,331.888478
1,390,38.650196
1,391,382.344603
1,392,355.532392
1,393,395.349514
1,394,306.921992
1,395,266.311336
1,396,76.447213
1,397,93.689027
1,398,427.165366
1,399,252.393458
1,400,374.035692
1,401,437.902615
1,402,440.860294
1,403,395.634358
1,404,374.259284
1,405,99.154904
1,406,371.180664
1,407,273.156294
1,408,560.080229
1,409,440.670794
1,410,353.795685
1,411,395.577333
1,412,81.954629
1,413,366.462841
1,414,363.444284
1,415,418.290002
1,416,527.886409
1,417,272.643095
1,418,249.291975
1,419,420.268524
1,420,46.193925
1,421,190.738238
1,422,312.020909
1,423,368.593310
1,424,365.483612
1,425,271.649106
1,426,353.945933
1,427,342.377608
1,428,101.511261
1,429,107.273621
1,430,488.719335
1,431,140.952312
1,432,338.513556
1,433,427.394165
1,434,82.260007
1,435,394.254562
1,436,86.295778
1,437,171.342384
1,438,157.390643
1,439,258.942291
1,440,298.531066
1,441,166.275131
1,442,314.423678
1,443,64.277542
1,444,273.320680
1,445,328.421798
1,446,75.224632
1,447,99.039739
1,448,480.297004
1,449,326.698103
1,450,75.977592
1,451,444.268397
1,452,305.076746
1,453,423.174477
1,454,76.815274
1,455,246.704330
1,456,82.338725
1,457,402.783436
1,458,190.189425
1,459,364.787843
1,460,315.535596
1,461,355.330149
1,462,290.465116
1,463,514.266550
1,464,339.527912
1,465,528.888103
1,466,390.961039
1,467,521.839525
1,468,82.270939
1,469,215.283714
1,470,101.322522
1,471,407.341643
1,472,480.789753
1,473,91.710579
1,474,245.888561
1,475,85.424152
1,476,222.512448
1,477,193.872225
1,478,200.711039
1,479,86.024970
1,480,348.289853
1,481,86.270066
1,482,313.127448
1,483,83.187111
1,484,104.833420
1,485,411.976715
1,486,293.789197
1,487,394.070971
1,488,320.245144
1,489,111.252656
1,490,176.124537
1,491,234.816719
1,492,351.589180
1,493,74.015470
1,494,398.177073
1,495,87.182618
1,496,91.242472
1,497,418.318583
1,498,134.010884
1,499,368.752283
1,500,365.646961
1,501,99.742179
1,502,273.349184
1,503,296.360638
1,504,44.174897
1,505,242.568757
1,506,81.737477
1,507,372.808601
1,508,467.029726
1,509,393.361894
1,510,461.653086
1,511,257.474192
1,512,304.456264
1,513,323.984591
1,514,265.783006
1,515,366.623175
1,516,321.561852
1,517,249.829861
1,518,114.001322
1,519,235.832799
1,520,263.934063
1,521,361.582593
1,522,100.919953
1,523,210.477511
1,524,375.432149
1,525,91.550579
1,526,520.034029
1,527,146.617711
1,528,340.560379
1,529,314.364700
1,530,193.676233
1,531,82.959675
1,532,286.710178
1,533,82.468100
1,534,319.100395
1,535,200.042236
1,536,256.025578
1,537,269.979106
1,538,67.580116
1,539,227.875785
1,540,385.376486
1,541,282.939957
1,542,270.922653
1,543,123.673244
1,544,208.386603
1,545,319.021933
1,546,384.459887
1,547,439.725788
1,548,40.176893
1,549,238.083860
1,550,363.115847
1,551,80.075397
1,552,272.479874
1,553,77.918013
1,554,101.893365
1,555,313.432040
1,556,65.693160
1,557,204.264943
1,558,84.899676
1,559,217.078966
1,560,200.911905
1,561,85.271458
1,562,167.185036
1,563,260.778115
1,564,112.374140
1,565,353.439241
1,566,104.721215
1,567,145.341412
1,568,417.596864
1,569,88.393832
1,570,394.916995
1,571,448.855872
1,572,202.116493
1,573,523.088861
1,574,98.590521
1,575,306.385141
1,576,317.990120
1,577,507.222916
1,578,294.199936
1,579,257.828872
1,580,329.340801
1,581,218.500006
1,582,333.388804
1,583,97.016096
1,584,569.197474
1,585,87.533133
1,586,82.347760
1,587,506.137416
1,588,468.560225
1,589,204.450932
1,590,327.763556
1,591,293.957626
1,592,619.752103
1,593,80.749586
1,594,318.678961
1,595,142.621929
1,596,345.389545
1,597,303.944322
1,598,203.768499
1,599,301.006479
1,600,305.834567
1,601,194.823911
1,602,368.961998
1,603,266.868774
1,604,497.112210
1,605,341.427604
1,606,511.588931
1,607,437.741889
1,608,339.708918
1,609,80.484942
1,610,341.282353
1,611,320.008391
1,612,391.340373
1,613,389.147201
1,614,77.573441
1,615,379.862078
1,616,358.470820
1,617,371.349365
1,618,423.954636
1,619,515.563667
1,620,269.251156
1,621,312.720254
1,622,352.725466
1,623,123.632784
1,624,365.250415
1,625,249.422176
1,626,160.947632
1,627,214.307097
1,628,63.858755
1,629,128.334019
1,630,279.319524
1,631,224.904115
1,632,248.485995
1,633,84.627666
1,634,37.480522
1,635,74.939020
1,636,151.031499
1,637,255.521258
1,638,225.648932
1,639,84.464946
1,640,179.922775
1,641,85.192672
1,642,294.844173
1,643,131.675038
1,644,231.141586
1,645,36.065196
1,646,210.996320
1,647,109.182744
1,648,272.350225
1,649,81.559390
1,650,171.893103
1,651,44.456689
1,652,303.366868
1,653,209.891855
1,654,242.130613
1,655,249.306079
1,656,84.745669
1,657,176.715779
1,658,94.260313
1,659,305.532258
1,660,395.557468
1,661,37.112613
1,662,280.625136
1,663,185.329975
1,664,83.365042
1,665,130.368012
1,666,80.926589
1,667,89.396148
1,668,43.200558
1,669,269.746466
1,670,79.993802
1,671,127.051640
1,672,265.924075
1,673,308.637890
1,674,81.968946
1,675,218.169598
1,676,89.310208
1,677,251.523370
1,678,82.559433
1,679,206.679870
1,680,83.044608
1,681,81.341025
1,682,270.591468
1,683,122.527247
1,684,272.176091
1,685,199.896106
1,686,79.885536
1,687,242.349613
1,688,297.954862
1,689,313.092665
1,690,372.614455
1,691,129.681244
1,692,90.140547
1,693,130.608881
1,694,300.005213
1,695,374.592765
1,696,254.011455
1,697,78.611355
1,698,242.310863
1,699,75.014471
1,700,242.176775
1,701,243.575887
1,702,171.196298
1,703,308.396516
1,704,77.473719
1,705,273.133841
1,706,1172.602727
1,707,306.528853
1,708,79.310601
1,709,337.616657
1,710,199.763639
1,711,159.827565
1,712,300.639150
1,713,81.218009
1,714,195.922187
1,715,82.725830
1,716,173.437638
1,717,152.077395
1,718,316.338893
1,719,359.895169
1,720,94.216969
1,721,414.223028
1,722,273.692404
1,723,63.161957
1,724,173.904318
1,725,347.917526
1,726,35.341165
1,727,240.652649
1,728,396.918068
1,729,35.341452
1,730,299.961370
1,731,589.991379
1,732,427.458926
1,733,303.733591
1,734,292.011920
1,735,90.755933
1,736,227.497597
1,737,96.459286
1,738,368.658566
1,739,285.526455
1,740,333.377641
1,741,323.015085
1,742,414.019870
1,743,138.502466
1,744,235.562120
1,745,250.011881
1,746,80.217746
1,747,308.704647
1,748,271.699526
1,749,83.100139
1,750,210.704584
1,751,81.086517
1,752,211.283540
1,753,178.295175
1,754,129.318678
1,755,169.503511
1,756,80.978832
1,757,200.694688
1,758,139.159236
1,759,341.844697
1,760,80.583323
1,761,243.624638
1,762,385.905467
1,763,42.567609
1,764,207.731066
1,765,336.192171
1,766,78.290877
1,767,231.112187
1,768,209.236638
1,769,393.913639
1,770,101.417524
1,771,208.281666
1,772,287.761053
1,773,125.527868
1,774,131.766770
1,775,215.153862
1,776,358.673244
1,777,314.507818
1,778,80.446450
1,779,269.520348
1,780,79.450891
1,781,178.236222
1,782,340.150015
1,783,81.204426
1,784,290.557676
1,785,77.668781
1,786,162.512994
1,787,82.059893
1,788,396.377189
1,789,77.820123
1,790,122.368765
1,791,311.664536
1,792,352.595913
1,793,363.142787
1,794,492.214832
1,795,35.441197
1,796,336.723721
1,797,218.140526
1,798,320.024007
1,799,87.719386
1,800,276.878158
1,801,466.531387
1,802,105.401449
1,803,487.241174
1,804,416.543195
1,805,219.342838
1,806,342.207608
1,807,92.423033
1,808,329.848038
1,809,170.313479
1,810,96.639416
1,811,196.292447
1,812,242.300227
1,813,296.549367
1,814,445.776362
1,815,452.731246
1,816,470.560786
1,817,126.899333
1,818,539.754056
1,819,119.188835
1,820,296.840176
1,821,114.816888
1,822,113.048138
1,823,282.121317
1,824,208.388997
1,825,96.100975
1,826,391.844355
1,827,113.103343
1,828,209.163041
1,829,888.768384
1,830,358.988300
1,831,224.798972
1,832,107.516895
1,833,665.139812
1,834,331.580049
1,835,407.281379
1,836,97.395372
1,837,537.602537
1,838,361.517675
1,839,271.920843
1,840,198.747375
1,841,339.364738
1,842,310.475663
1,843,219.378836
1,844,195.595252
1,845,434.715820
1,846,327.606666
1,847,94.660526
1,848,228.576374
1,849,247.919326
1,850,316.984334
1,851,343.349596
1,852,295.881037
1,853,98.852230
1,854,396.548497
1,855,98.551851
1,856,121.951082
1,857,270.011017
1,858,95.151033
1,859,317.484729
1,860,362.971644
1,861,66.494571
1,862,232.767509
1,863,202.510917
1,864,81.241325
1,865,244.578908
1,866,169.232095
1,867,286.354479
1,868,107.152453
1,869,535.265879
1,870,235.696964
1,871,93.382954
1,872,388.151177
1,873,299.160059
1,874,120.783425
1,875,62.320882
1,876,319.120084
1,877,263.284580
1,878,342.633379
1,879,291.033473
1,880,193.438465
1,881,387.945909
1,882,272.042137
1,883,52.612778
1,884,212.582226
1,885,240.683377
1,886,421.104223
1,887,171.501965
1,888,487.091014
1,889,297.311953
1,890,97.187281
1,891,179.209737
1,892,93.843412
1,893,190.879706
1,894,351.587758
1,895,489.912151
1,896,366.457626
1,897,109.005406
1,898,254.486691
1,899,55.097962
1,900,530.065477
1,901,96.991567
1,902,310.697818
1,903,286.790379
1,904,305.754172
1,905,166.485210
1,906,352.055157
1,907,466.002559
1,908,96.949061
1,909,57.947551
1,910,389.258484
1,911,96.355144
1,912,186.430230
1,913,323.680778
1,914,94.704545
1,915,475.059351
1,916,93.372920
1,917,480.191812
1,918,305.160860
1,919,276.348256
1,920,143.545759
1,921,349.415733
1,922,51.917121
1,923,392.995856
1,924,151.550815
1,925,260.782053
1,926,260.975151
1,927,98.408039
1,928,521.907295
1,929,90.605425
1,930,250.134003
1,931,304.855645
1,932,140.716364
1,933,560.260218
1,934,93.115130
1,935,300.692710
1,936,359.121335
1,937,143.038460
1,938,212.402841
1,939,349.794062
1,940,184.626477
1,941,105.778616
1,942,282.233701
1,943,286.138367
1,944,116.497705
1,945,138.075017
1,946,91.101075
1,947,233.412388
1,948,334.270583
1,949,214.310156
1,950,416.314249
1,951,204.129695
1,952,437.768938
1,953,404.252642
1,954,380.869343
1,955,345.205235
1,956,102.813046
1,957,228.720078
1,958,258.388995
1,959,330.234020
1,960,109.067855
1,961,339.084371
1,962,160.963342
1,963,402.835614
1,964,357.322575
1,965,219.012176
1,966,117.701779
1,967,139.978193
1,968,455.772688
1,969,360.268865
1,970,93.929669
1,971,316.940160
1,972,100.917981
1,973,404.127261
1,974,439.324170
1,975,119.732414
1,976,433.804319
1,977,104.444834
1,978,362.937313
1,979,96.857330
1,980,264.023145
1,981,68.292875
1,982,535.358929
1,983,112.779884
1,984,216.438042
1,985,234.937958
1,986,199.808136
1,987,170.262725
1,988,407.975423
1,989,91.953961
1,990,381.620429
1,991,272.779772
1,992,508.584069
1,993,250.901705
1,994,241.699061
1,995,210.643914
1,996,156.831745
1,997,349.925308
1,998,521.888973
1,999,178.333587
1,1000,482.015854
1,1001,115.851653
1,1002,176.796692
1,1003,460.544818
1,1004,172.524283
1,1005,172.648158
1,1006,189.579428
1,1007,178.811775
1,1008,298.261914
1,1009,75.477344
1,1010,445.429768
1,1011,163.380603
1,1012,508.466652
1,1013,106.291306
1,1014,234.682505
1,1015,95.785113
1,1016,98.376712
1,1017,164.667264
1,1018,98.784624
1,1019,98.996869
1,1020,313.625416
1,1021,46.325077
1,1022,284.463753
1,1023,431.499162
1,1024,190.026696
1,1025,116.140688
1,1026,271.610913
1,1027,285.552903
1,1028,86.779965
1,1029,308.090439
1,1030,49.357748
1,1031,265.925594
1,1032,100.302737
1,1033,218.442509
1,1034,465.865165
1,1035,369.486941
1,1036,86.563567
1,1037,135.661714
1,1038,138.563233
1,1039,377.479466
1,1040,83.976993
1,1041,451.633579
1,1042,91.125638
1,1043,330.051100
1,1044,118.047991
1,1045,257.187057
1,1046,193.866744
1,1047,344.504618
1,1048,288.302343
1,1049,91.129631
1,1050,196.038894
1,1051,343.225009
1,1052,289.802722
1,1053,488.164482
1,1054,196.657032
1,1055,303.949685
1,1056,94.052899
1,1057,397.027175
1,1058,187.932446
1,1059,381.434920
1,1060,50.599078
1,1061,289.832337
1,1062,92.550139
1,1063,96.225345
1,1064,238.002051
1,1065,103.742615
1,1066,104.660897
1,1067,148.037760
1,1068,253.250711
1,1069,93.704142
1,1070,223.021126
1,1071,93.322494
1,1072,342.726425
1,1073,139.369106
1,1074,180.895245
1,1075,454.328249
1,1076,142.917037
1,1077,94.271377
1,1078,375.728340
1,1079,381.176313
1,1080,228.440147
1,1081,304.852902
1,1082,120.226508
1,1083,316.665842
1,1084,143.095460
1,1085,210.057499
1,1086,462.571289
1,1087,94.378207
1,1088,173.730546
1,1089,397.792412
1,1090,406.985357
1,1091,99.359578
1,1092,235.629136
1,1093,93.306428
1,1094,301.762723
1,1095,123.443950
1,1096,402.896198
1,1097,675.101051
1,1098,168.812176
1,1099,358.258487
1,1100,125.139066
1,1101,275.010937
1,1102,420.516812
1,1103,417.239889
1,1104,106.016671
1,1105,241.038332
1,1106,181.443035
1,1107,90.025131
1,1108,312.642847
1,1109,93.955798
1,1110,426.328427
1,1111,126.887049
1,1112,434.466465
1,1113,134.033512
1,1114,139.233415
1,1115,300.235843
1,1116,498.778095
1,1117,362.324351
1,1118,100.964085
1,1119,142.189917
1,1120,393.767115
1,1121,319.734942
1,1122,152.282778
1,1123,413.819400
1,1124,259.755475
1,1125,94.989757
1,1126,1062.670960
1,1127,171.963071
1,1128,114.651775
1,1129,509.426744
1,1130,330.694394
1,1131,527.094038
1,1132,85.259356
1,1133,396.465007
1,1134,227.792099
1,1135,332.032365
1,1136,112.712940
1,1137,230.245297
1,1138,282.732890
1,1139,339.569280
1,1140,384.573062
1,1141,347.064646
1,1142,85.569394
1,1143,190.169987
1,1144,132.127508
1,1145,227.583252
1,1146,190.265455
1,1147,335.499291
1,1148,105.887776
1,1149,187.578191
1,1150,102.857668
1,1151,307.804218
1,1152,91.678378
1,1153,291.780129
1,1154,212.216837
1,1155,93.867264
1,1156,384.229635
1,1157,223.953466
1,1158,210.865649
1,1159,347.078893
1,1160,51.909362
1,1161,340.468275
1,1162,302.699349
1,1163,248.002800
1,1164,481.220635
1,1165,184.559251
1,1166,282.232050
1,1167,119.027390
1,1168,392.943320
1,1169,278.497429
1,1170,195.717837
1,1171,106.197057
1,1172,284.672466
1,1173,240.133400
1,1174,280.051407
1,1175,217.286327
1,1176,102.518370
1,1177,295.272844
1,1178,246.593090
1,1179,52.418823
1,1180,365.985282
1,1181,218.895341
1,1182,255.112619
1,1183,204.881391
1,1184,308.760752
1,1185,405.320915
1,1186,217.866470
1,1187,52.087066
1,1188,408.156252
1,1189,100.726431
1,1190,389.342654
1,1191,97.758421
1,1192,383.668503
1,1193,89.013914
1,1194,97.653653
1,1195,310.555106
1,1196,344.442673
1,1197,90.965046
1,1198,185.646844
1,1199,91.984297
1,1200,239.234040
1,1201,148.620372
1,1202,137.318254
1,1203,183.372214
1,1204,244.466330
1,1205,300.007558
1,1206,97.727106
1,1207,171.438135
1,1208,156.654269
1,1209,481.042819
1,1210,101.299309
1,1211,524.146088
1,1212,129.015590
1,1213,436.111698
1,1214,115.723243
1,1215,289.063705
1,1216,265.956939
1,1217,446.106751
1,1218,154.627541
1,1219,90.100258
1,1220,405.539044
1,1221,139.685019
1,1222,396.766301
1,1223,189.576234
1,1224,276.641945
1,1225,259.062159
1,1226,88.456901
1,1227,328.058983
1,1228,242.212369
1,1229,371.254206
1,1230,291.377258
1,1231,381.097640
1,1232,463.887753
1,1233,558.306911
1,1234,90.180150
1,1235,392.957562
1,1236,91.781607
1,1237,468.417775
1,1238,104.771688
1,1239,380.043181
1,1240,260.041220
1,1241,510.652676
1,1242,94.451425
1,1243,229.761205
1,1244,472.116429
1,1245,116.774444
1,1246,613.306535
1,1247,658.064657
1,1248,656.226436
1,1249,53.910615
1,1250,481.988984
1,1251,504.418327
1,1252,588.556506
1,1253,110.469841
1,1254,477.173785
1,1255,430.742618
1,1256,244.173031
1,1257,98.320579
1,1258,431.392595
1,1259,423.723461
1,1260,356.571216
1,1261,105.740565
1,1262,482.866671
1,1263,97.256823
1,1264,299.365866
1,1265,535.168617
1,1266,324.172572
1,1267,565.746595
1,1268,120.347902
1,1269,493.341495
1,1270,606.971212
1,1271,97.333698
1,1272,412.686284
1,1273,764.342117
1,1274,476.660358
1,1275,626.395387
1,1276,427.989176
1,1277,99.033576
1,1278,374.135672
1,1279,282.918337
1,1280,214.188527
1,1281,243.540823
1,1282,406.836145
1,1283,57.210014
1,1284,432.999807
1,1285,306.748189
1,1286,99.237633
1,1287,324.671180
1,1288,395.953934
1,1289,156.930777
1,1290,440.699852
1,1291,489.366181
1,1292,360.848442
1,1293,85.539953
1,1294,252.674565
1,1295,170.883749
1,1296,306.167042
1,1297,84.357632
1,1298,492.355194
1,1299,157.260556
1,1300,111.651557
1,1301,95.232587
1,1302,497.845010
1,1303,106.109808
1,1304,59.309294
1,1305,208.197823
1,1306,381.397653
1,1307,844.631471
1,1308,598.368682
1,1309,106.437902
1,1310,678.493501
1,1311,109.153687
1,1312,223.429730
1,1313,237.169585
1,1314,527.534726
1,1315,148.695697
1,1316,688.663224
1,1317,93.419478
1,1318,470.535460
1,1319,285.920144
1,1320,445.248917
1,1321,102.703363
1,1322,287.436772
1,1323,187.007019
1,1324,586.675294
1,1325,112.253205
1,1326,548.788206
1,1327,229.971302
1,1328,309.012895
1,1329,444.029478
1,1330,471.423841
1,1331,96.460250
1,1332,239.122164
1,1333,475.995716
1,1334,53.002765
1,1335,435.252583
1,1336,353.548420
1,1337,392.779688
1,1338,363.857148
1,1339,99.321953
1,1340,402.916817
1,1341,347.695961
1,1342,251.558079
1,1343,532.518854
1,1344,95.700328
1,1345,198.641877
1,1346,501.594835
1,1347,91.315202
1,1348,242.340071
1,1349,474.814305
1,1350,542.812561
1,1351,427.501632
1,1352,371.508884
1,1353,387.572779
1,1354,116.880043
1,1355,299.625106
1,1356,328.326043
1,1357,87.242767
1,1358,409.706371
1,1359,85.007792
1,1360,474.729982
1,1361,258.243849
1,1362,476.647864
1,1363,89.864381
1,1364,229.516047
1,1365,429.089646
1,1366,798.621571
1,1367,374.354087
1,1368,401.174414
1,1369,134.984443
1,1370,443.645676
1,1371,99.109663
1,1372,397.724119
1,1373,567.089307
1,1374,218.006976
1,1375,105.064759
1,1376,382.208285
1,1377,292.600539
1,1378,383.265595
1,1379,96.056132
1,1380,375.519522
1,1381,626.791947
1,1382,136.913022
1,1383,213.037980
1,1384,236.901864
1,1385,54.212153
1,1386,580.138497
1,1387,560.494017
1,1388,94.524147
1,1389,613.173463
1,1390,488.359491
1,1391,500.398441
1,1392,108.243430
1,1393,202.335041
1,1394,508.934056
1,1395,527.614691
1,1396,546.271428
1,1397,103.733000
1,1398,554.391488
1,1399,555.585078
1,1400,110.213651
1,1401,509.529803
1,1402,364.705312
1,1403,96.293451
1,1404,458.585042
1,1405,279.631064
1,1406,328.302116
1,1407,162.224422
1,1408,206.566837
1,1409,308.276516
1,1410,93.693154
1,1411,596.187414
1,1412,366.020586
1,1413,412.104529
1,1414,524.527635
1,1415,53.928328
1,1416,576.942378
1,1417,103.716072
1,1418,49.809895
1,1419,490.058387
1,1420,399.740933
1,1421,92.035421
1,1422,306.178567
1,1423,258.579497
1,1424,407.938291
1,1425,94.614438
1,1426,57.022011
1,1427,457.029698
1,1428,547.055842
1,1429,440.710867
1,1430,102.283670
1,1431,382.059152
1,1432,99.501082
1,1433,407.479700
1,1434,507.348089
1,1435,353.774123
1,1436,181.943857
1,1437,384.683930
1,1438,143.883377
1,1439,89.746205
1,1440,291.784396
1,1441,90.064047
1,1442,372.249286
1,1443,384.629814
1,1444,484.823881
1,1445,131.785777
1,1446,413.290227
1,1447,368.048023
1,1448,559.337667
1,1449,408.163706
1,1450,123.232010
1,1451,393.945062
1,1452,198.446846
1,1453,573.595837
1,1454,90.743312
1,1455,361.304861
1,1456,461.754189
1,1457,284.909212
1,1458,404.735152
1,1459,386.260110
1,1460,90.346327
1,1461,394.927624
1,1462,411.225832
1,1463,95.098772
1,1464,466.331528
1,1465,641.439339
1,1466,209.427059
1,1467,508.787901
1,1468,307.892712
1,1469,236.368787
1,1470,380.932697
1,1471,182.656143
1,1472,411.627389
1,1473,157.506380
1,1474,454.611800
1,1475,52.271420
1,1476,523.677144
1,1477,343.469030
1,1478,96.537257
1,1479,380.551268
1,1480,113.120871
1,1481,447.186211
1,1482,215.324672
1,1483,288.800717
1,1484,317.636628
1,1485,192.152723
1,1486,102.564860
1,1487,439.766346
1,1488,342.828868
1,1489,447.067835
1,1490,533.982605
1,1491,449.290118
1,1492,109.448818
1,1493,480.219307
1,1494,268.297129
1,1495,241.606884
1,1496,239.908179
1,1497,102.502892
1,1498,467.334505
1,1499,486.343343
1,1500,541.286738
1,1501,57.420783
1,1502,595.554977
1,1503,422.476638
1,1504,95.076336
1,1505,243.737644
1,1506,627.795903
1,1507,109.469215
1,1508,548.576956
1,1509,91.153837
1,1510,325.761630
1,1511,95.523246
1,1512,522.465180
1,1513,470.970687
1,1514,236.517469
1,1515,173.797405
1,1516,282.590360
1,1517,363.796363
1,1518,423.446867
1,1519,497.906586
1,1520,252.945445
1,1521,489.828449
1,1522,89.354664
1,1523,429.230677
1,1524,453.171358
1,1525,109.759674
1,1526,374.629828
1,1527,345.094571
1,1528,496.917867
1,1529,94.465287
1,1530,667.325175
1,1531,578.112961
1,1532,86.695163
1,1533,90.603355
1,1534,460.692868
1,1535,88.776271
1,1536,177.858303
1,1537,503.605741
1,1538,208.414029
1,1539,524.196216
1,1540,338.492153
1,1541,257.562602
1,1542,335.984185
1,1543,482.096242
1,1544,79.193520
1,1545,40.487730
1,1546,392.006637
1,1547,479.200332
1,1548,88.981001
1,1549,384.477449
1,1550,86.576567
1,1551,475.579295
1,1552,460.292268
1,1553,89.408727
1,1554,200.999791
1,1555,93.697219
1,1556,346.925907
1,1557,369.215557
1,1558,90.510136
1,1559,425.532620
1,1560,294.089651
1,1561,426.452752
1,1562,92.946146
1,1563,328.179262
1,1564,526.233400
1,1565,469.854498
1,1566,253.414009
1,1567,102.563667
1,1568,490.476517
1,1569,299.739642
1,1570,69.728410
1,1571,290.545651
1,1572,259.266315
1,1573,410.977483
1,1574,78.760019
1,1575,235.200720
1,1576,472.875934
1,1577,414.596834
1,1578,147.177410
1,1579,391.791990
1,1580,84.097324
1,1581,222.607973
1,1582,376.248719
1,1583,94.283793
1,1584,293.935657
1,1585,101.405285
1,1586,480.481584
1,1587,187.389280
1,1588,382.243816
1,1589,232.705505
1,1590,180.409411
1,1591,371.481052
1,1592,55.851432
1,1593,234.783232
1,1594,118.717855
1,1595,364.948083
1,1596,47.426591
1,1597,344.283026
1,1598,92.133232
1,1599,392.718876
1,1600,114.339615
1,1601,94.242788
1,1602,212.555779
1,1603,274.452340
1,1604,195.270816
1,1605,168.252934
1,1606,538.104487
1,1607,91.944312
1,1608,460.085807
1,1609,348.049670
1,1610,97.228178
1,1611,332.887298
1,1612,104.362823
1,1613,135.971040
1,1614,447.551866
1,1615,94.091539
1,1616,49.808383
1,1617,407.095649
1,1618,88.992942
1,1619,304.958646
1,1620,146.477454
1,1621,90.682444
1,1622,348.938423
1,1623,382.619587
1,1624,314.772496
1,1625,300.267560
1,1626,273.992305
1,1627,466.912625
1,1628,90.805620
1,1629,570.182469
1,1630,395.445527
1,1631,120.551106
1,1632,447.782252
1,1633,378.614220
1,1634,452.747184
1,1635,157.585305
1,1636,244.576079
1,1637,140.676821
1,1638,398.663371
1,1639,278.116784
1,1640,155.596354
1,1641,325.849656
1,1642,48.247692
1,1643,284.057245
1,1644,89.647887
1,1645,142.301404
1,1646,246.570513
1,1647,188.216773
1,1648,234.088845
1,1649,35.666818
1,1650,193.150939
1,1651,74.263597
1,1652,292.599855
1,1653,39.743144
1,1654,239.404289
1,1655,100.997077
1,1656,274.112518
1,1657,111.525318
1,1658,106.344118
1,1659,212.637900
1,1660,287.913757
1,1661,203.021794
1,1662,234.817581
1,1663,344.728831
1,1664,86.409028
1,1665,448.528428
1,1666,463.866241
1,1667,122.568452
1,1668,146.570245
1,1669,320.701323
1,1670,51.073751
1,1671,499.808530
1,1672,103.605920
1,1673,501.788069
1,1674,468.698566
1,1675,88.212971
1,1676,385.145000
1,1677,371.096651
1,1678,100.048998
1,1679,281.385177
1,1680,88.778334
1,1681,104.268449
1,1682,466.494888
1,1683,107.375691
1,1684,61.824332
1,1685,436.378809
1,1686,116.125746
1,1687,317.121135
1,1688,184.410416
1,1689,104.915952
1,1690,367.519723
1,1691,357.717982
1,1692,121.130893
1,1693,475.642437
1,1694,446.238732
1,1695,102.866495
1,1696,399.888132
1,1697,410.375888
1,1698,349.575511
1,1699,287.977037
1,1700,285.876050
1,1701,250.976310
1,1702,467.666030
1,1703,90.141513
1,1704,417.465358
1,1705,88.963778
1,1706,48.016354
1,1707,281.509476
1,1708,87.442054
1,1709,139.436659
1,1710,246.090252
1,1711,205.606415
1,1712,352.799559
1,1713,139.055281
1,1714,155.008220
1,1715,229.493536
1,1716,184.277335
1,1717,187.289278
1,1718,536.228073
1,1719,134.601806
1,1720,127.403131
1,1721,396.559193
1,1722,609.848927
1,1723,288.129593
1,1724,69.689508
1,1725,286.979422
1,1726,84.930793
1,1727,392.766329
1,1728,226.438180
1,1729,383.414386
1,1730,184.391598
1,1731,336.803585
1,1732,81.576008
1,1733,203.795906
1,1734,304.308311
1,1735,46.136161
1,1736,399.536699
1,1737,107.471275
1,1738,182.208235
1,1739,415.219269
1,1740,371.490331
1,1741,188.862350
1,1742,88.430383
1,1743,387.816233
1,1744,271.741977
1,1745,47.098646
1,1746,334.245097
1,1747,402.076328
1,1748,94.209743
1,1749,328.837102
1,1750,90.069399
1,1751,466.477992
1,1752,97.543589
1,1753,391.818874
1,1754,150.078115
1,1755,273.938739
1,1756,324.451117
1,1757,195.772740
1,1758,268.934085
1,1759,92.813262
1,1760,426.102415
1,1761,96.757205
1,1762,195.788081
1,1763,146.293979
1,1764,134.869046
1,1765,470.982528
1,1766,107.833141
1,1767,336.641207
1,1768,543.084651
1,1769,45.581927
1,1770,478.442476
1,1771,87.584817
1,1772,98.154772
1,1773,370.609528
1,1774,91.644668
1,1775,48.387677
1,1776,272.234022
1,1777,332.318470
1,1778,90.604096
1,1779,264.199532
1,1780,382.533847
1,1781,396.507491
1,1782,312.906416
1,1783,69.816746
1,1784,327.980159
1,1785,154.953714
1,1786,122.624442
1,1787,404.024814
1,1788,320.101807
1,1789,102.592664
1,1790,432.755428
1,1791,175.255781
1,1792,97.797777
1,1793,223.366406
1,1794,421.756010
1,1795,113.280416
1,1796,250.031878
1,1797,433.690019
1,1798,84.494687
1,1799,223.229790
1,1800,278.326630
1,1801,387.460249
1,1802,106.007068
1,1803,282.916558
1,1804,378.461295
1,1805,101.897059
1,1806,104.895479
1,1807,352.009261
1,1808,477.025728
1,1809,114.328400
1,1810,112.064194
1,1811,211.961398
1,1812,242.270852
1,1813,88.838557
1,1814,156.009732
1,1815,372.139541
1,1816,91.957936
1,1817,60.543535
1,1818,249.394642
1,1819,490.073108
1,1820,253.357107
1,1821,414.693273
1,1822,141.857970
1,1823,313.207537
1,1824,427.042046
1,1825,130.472237
1,1826,440.550389
1,1827,113.828942
1,1828,205.579728
1,1829,415.209497
1,1830,196.540410
1,1831,334.225649
1,1832,90.970135
1,1833,413.620721
1,1834,325.932977
1,1835,146.923635
1,1836,234.228226
1,1837,272.287692
1,1838,102.902866
1,1839,443.128281
1,1840,92.384469
1,1841,435.022489
1,1842,257.863896
1,1843,499.053607
1,1844,555.331184
1,1845,121.725578
1,1846,347.887594
1,1847,274.872164
1,1848,554.349258
1,1849,318.623057
1,1850,196.500696
1,1851,363.290001
1,1852,91.788858
1,1853,392.697041
1,1854,93.797350
1,1855,411.071058
1,1856,377.431632
1,1857,83.942974
1,1858,420.705626
1,1859,91.799360
1,1860,388.903914
1,1861,91.308073
1,1862,573.631334
1,1863,315.748081
1,1864,42.192814
1,1865,293.871154
1,1866,253.044267
1,1867,432.587520
1,1868,95.756111
1,1869,343.824557
1,1870,86.783899
1,1871,281.074224
1,1872,88.677761
1,1873,268.098813
1,1874,513.043632
1,1875,82.415631
1,1876,460.898834
1,1877,304.062795
1,1878,439.636487
1,1879,80.533124
1,1880,406.233510
1,1881,350.814531
1,1882,82.035745
1,1883,171.354108
1,1884,527.799072
1,1885,472.149503
1,1886,35.441197
1,1887,326.956137
1,1888,212.033638
1,1889,313.446271
1,1890,87.726454
1,1891,268.703342
1,1892,448.302891
1,1893,105.410094
1,1894,478.477345
1,1895,419.447241
1,1896,224.114814
1,1897,338.295296
1,1898,92.432753
1,1899,344.482494
1,1900,174.142206
1,1901,97.462467
1,1902,203.434305
1,1903,221.257142
1,1904,277.838979
1,1905,442.635331
1,1906,450.810880
1,1907,450.456189
1,1908,116.387404
1,1909,519.284491
1,1910,107.574485
1,1911,287.022079
1,1912,108.450998
1,1913,127.002050
1,1914,276.627602
1,1915,206.894185
1,1916,96.112878
1,1917,395.646814
1,1918,113.023279
1,1919,220.949765
1,1920,812.334752
1,1921,347.579050
1,1922,215.604498
1,1923,106.583225
1,1924,596.268325
1,1925,320.333642
1,1926,417.059800
1,1927,97.407561
1,1928,540.957562
1,1929,354.850866
1,1930,258.609805
1,1931,188.345498
1,1932,318.399254
1,1933,316.203400
1,1934,226.059114
1,1935,202.170010
1,1936,428.033617
1,1937,342.102983
1,1938,95.498714
1,1939,235.772267
1,1940,256.089224
1,1941,346.768391
1,1942,347.931110
1,1943,308.535882
1,1944,104.848150
1,1945,398.678837
1,1946,93.816335
1,1947,113.453704
1,1948,281.059661
1,1949,95.835550
1,1950,320.150577
1,1951,369.531263
1,1952,66.497800
1,1953,198.846046
1,1954,188.325267
1,1955,80.767028
1,1956,240.458662
1,1957,161.629814
1,1958,263.618607
1,1959,100.184527
1,1960,496.457304
1,1961,207.373706
1,1962,92.682639
1,1963,371.917224
1,1964,292.407589
1,1965,109.087499
1,1966,61.001028
1,1967,323.191450
1,1968,254.020089
1,1969,323.911715
1,1970,277.060613
1,1971,194.325764
1,1972,376.439647
1,1973,272.420303
1,1974,52.615630
1,1975,213.006228
1,1976,225.332774
1,1977,407.032543
1,1978,164.812206
1,1979,457.641852
1,1980,283.594286
1,1981,97.198814
1,1982,178.584702
1,1983,93.202919
1,1984,177.630451
1,1985,348.813555
1,1986,466.058520
1,1987,333.825892
1,1988,108.639261
1,1989,239.789328
1,1990,55.101054
1,1991,485.140743
1,1992,97.003473
1,1993,290.647774
1,1994,276.303123
1,1995,293.859101
1,1996,168.474907
1,1997,329.917838
1,1998,435.728494
1,1999,103.269059
1,2000,58.976193
1,2001,362.997755
1,2002,96.367021
1,2003,173.817281
1,2004,307.854925
1,2005,95.509041
1,2006,423.315550
1,2007,93.384695
1,2008,431.869068
1,2009,273.406438
1,2010,257.488351
1,2011,138.762773
1,2012,321.251083
1,2013,51.920213
1,2014,373.474299
1,2015,149.985068
1,2016,233.940303
1,2017,248.790827
1,2018,98.419445
1,2019,464.998498
1,2020,91.424612
1,2021,235.667981
1,2022,292.413158
1,2023,139.906659
1,2024,537.225588
1,2025,93.126231
1,2026,297.899687
1,2027,350.967495
1,2028,128.246988
1,2029,189.405138
1,2030,340.035586
1,2031,173.285349
1,2032,100.201066
1,2033,274.448355
1,2034,280.754876
1,2035,125.768600
1,2036,143.906601
1,2037,90.127045
1,2038,240.686160
1,2039,335.398034
1,2040,206.924191
1,2041,417.157329
1,2042,197.486333
1,2043,421.134816
1,2044,389.108955
1,2045,373.847350
1,2046,329.888118
1,2047,96.384472
1,2048,200.948256
1,2049,236.830433
1,2050,329.655800
1,2051,101.845963
1,2052,327.018947
1,2053,167.402728
1,2054,404.396932
1,2055,347.017238
1,2056,195.582942
1,2057,107.638534
1,2058,130.246311
1,2059,460.058138
1,2060,348.849448
1,2061,93.941144
1,2062,317.194524
1,2063,100.929525
1,2064,410.213174
1,2065,438.880648
1,2066,107.397999
1,2067,446.541143
1,2068,104.456955
1,2069,352.496326
1,2070,97.691700
1,2071,244.649817
1,2072,65.761036
1,2073,511.109792
1,2074,102.102085
1,2075,210.819045
1,2076,227.756489
1,2077,185.345580
1,2078,168.732104
1,2079,389.046428
1,2080,91.965544
1,2081,364.140430
1,2082,247.523750
1,2083,466.166859
1,2084,242.235991
1,2085,229.321376
1,2086,197.702615
1,2087,151.052420
1,2088,344.983858
1,2089,490.854961
1,2090,137.602936
1,2091,439.849271
1,2092,104.236928
1,2093,163.582021
1,2094,407.849172
1,2095,160.131246
1,2096,161.017320
1,2097,172.666473
1,2098,178.889897
1,2099,278.602290
1,2100,64.823990
1,2101,418.465096
1,2102,132.386805
1,2103,472.362121
1,2104,96.584462
1,2105,219.228480
1,2106,95.796170
1,2107,96.919405
1,2108,171.109799
1,2109,97.860382
1,2110,99.964496
1,2111,323.553660
1,2112,46.327763
1,2113,284.413474
1,2114,419.611954
1,2115,186.430082
1,2116,107.578119
1,2117,263.496979
1,2118,270.171638
1,2119,86.789908
1,2120,294.141275
1,2121,50.289174
1,2122,259.908739
1,2123,102.227762
1,2124,216.061326
1,2125,473.996272
1,2126,384.144017
1,2127,86.573070
1,2128,140.090167
1,2129,133.051724
1,2130,411.822142
1,2131,83.986273
1,2132,477.523625
1,2133,90.000660
1,2134,351.869725
1,2135,124.841951
1,2136,254.317515
1,2137,174.790999
1,2138,316.223643
1,2139,274.062588
1,2140,87.612462
1,2141,183.130745
1,2142,303.538692
1,2143,274.280972
1,2144,455.763484
1,2145,179.811483
1,2146,285.729169
1,2147,93.007056
1,2148,363.800743
1,2149,172.088345
1,2150,336.459795
1,2151,50.601501
1,2152,277.002608
1,2153,93.281494
1,2154,96.235171
1,2155,244.571544
1,2156,102.644693
1,2157,105.791647
1,2158,138.966756
1,2159,253.549550
1,2160,93.714715
1,2161,197.330342
1,2162,93.333248
1,2163,329.189820
1,2164,139.396248
1,2165,157.790234
1,2166,428.256029
1,2167,126.876997
1,2168,98.321528
1,2169,342.107653
1,2170,347.839644
1,2171,197.440535
1,2172,278.938791
1,2173,110.958210
1,2174,292.341949
1,2175,132.120252
1,2176,198.657811
1,2177,435.897325
1,2178,94.389606
1,2179,163.391071
1,2180,365.515930
1,2181,395.736821
1,2182,99.370986
1,2183,236.497079
1,2184,93.317825
1,2185,294.381702
1,2186,122.957829
1,2187,381.255844
1,2188,590.857148
1,2189,158.692168
1,2190,341.293515
1,2191,109.455074
1,2192,256.419859
1,2193,410.394277
1,2194,414.243393
1,2195,98.183126
1,2196,233.003301
1,2197,177.126252
1,2198,90.036222
1,2199,292.367123
1,2200,93.051268
1,2201,399.735154
1,2202,116.094016
1,2203,410.769056
1,2204,134.075780
1,2205,130.976315
1,2206,281.354316
1,2207,468.641198
1,2208,343.554807
1,2209,100.929351
1,2210,136.880976
1,2211,366.082233
1,2212,295.149695
1,2213,139.175912
1,2214,402.643462
1,2215,239.226101
1,2216,95.000095
1,2217,893.642169
1,2218,158.772293
1,2219,124.504313
1,2220,493.748919
1,2221,310.199739
1,2222,509.862301
1,2223,85.269346
1,2224,388.291947
1,2225,215.801462
1,2226,346.466845
1,2227,101.704125
1,2228,229.442734
1,2229,267.832273
1,2230,322.055315
1,2231,362.978975
1,2232,310.443849
1,2233,86.704874
1,2234,183.116024
1,2235,109.811332
1,2236,222.847580
1,2237,179.799650
1,2238,313.801555
1,2239,96.069216
1,2240,188.615217
1,2241,95.454203
1,2242,308.840320
1,2243,91.687474
1,2244,284.402185
1,2245,214.298898
1,2246,93.876875
1,2247,385.362410
1,2248,208.522030
1,2249,200.002912
1,2250,338.245325
1,2251,52.598027
1,2252,339.921007
1,2253,301.807909
1,2254,231.091217
1,2255,488.026130
1,2256,185.531259
1,2257,288.427157
1,2258,106.659095
1,2259,400.814487
1,2260,280.903125
1,2261,197.037883
1,2262,98.759338
1,2263,281.356958
1,2264,233.294638
1,2265,258.171725
1,2266,218.127721
1,2267,101.654770
1,2268,281.395287
1,2269,239.864841
1,2270,52.421726
1,2271,362.862343
1,2272,219.789803
1,2273,255.310192
1,2274,204.323290
1,2275,295.559000
1,2276,390.932241
1,2277,199.465103
1,2278,52.089963
1,2279,382.679098
1,2280,94.587811
1,2281,362.201266
1,2282,91.257136
1,2283,356.458568
1,2284,89.024930
1,2285,98.678728
1,2286,311.961617
1,2287,344.071417
1,2288,90.975957
1,2289,185.726238
1,2290,97.834516
1,2291,232.858582
1,2292,140.634156
1,2293,137.344364
1,2294,193.027217
1,2295,262.451492
1,2296,295.696300
1,2297,92.449535
1,2298,167.630517
1,2299,147.773314
1,2300,466.928378
1,2301,94.364950
1,2302,522.627742
1,2303,118.736030
1,2304,447.565086
1,2305,103.855024
1,2306,298.516421
1,2307,252.644552
1,2308,445.970462
1,2309,147.067442
1,2310,90.115895
1,2311,419.009867
1,2312,138.753982
1,2313,399.131018
1,2314,189.646265
1,2315,284.385419
1,2316,244.168326
1,2317,88.460840
1,2318,312.413136
1,2319,241.594628
1,2320,368.492215
1,2321,292.370070
1,2322,373.107581
1,2323,469.103192
1,2324,551.837587
1,2325,90.187638
1,2326,372.865304
1,2327,91.789604
1,2328,452.639337
1,2329,97.618306
1,2330,379.191898
1,2331,260.255309
1,2332,491.038990
1,2333,94.460528
1,2334,235.152673
1,2335,462.492780
1,2336,116.784401
1,2337,583.372513
1,2338,586.767654
1,2339,615.986225
1,2340,53.913188
1,2341,463.790595
1,2342,511.330442
1,2343,571.296379
1,2344,102.778842
1,2345,461.679014
1,2346,414.641732
1,2347,236.692337
1,2348,98.330938
1,2349,429.699388
1,2350,416.845299
1,2351,353.247713
1,2352,100.138721
1,2353,484.594574
1,2354,97.267345
1,2355,285.870296
1,2356,507.003722
1,2357,320.687315
1,2358,550.209828
1,2359,113.070123
1,2360,437.103109
1,2361,557.954039
1,2362,98.272532
1,2363,385.536861
1,2364,683.134358
1,2365,442.310143
1,2366,590.038705
1,2367,419.813701
1,2368,99.050128
1,2369,374.766172
1,2370,271.121228
1,2371,216.769664
1,2372,239.534305
1,2373,402.805280
1,2374,57.214248
1,2375,421.678707
1,2376,293.847918
1,2377,100.070722
1,2378,301.931880
1,2379,378.687082
1,2380,151.076045
1,2381,442.337844
1,2382,460.232068
1,2383,334.919417
1,2384,85.450711
1,2385,244.350235
1,2386,164.763956
1,2387,291.182083
1,2388,84.364011
1,2389,473.078764
1,2390,144.717942
1,2391,103.964158
1,2392,95.240171
1,2393,493.592191
1,2394,96.831202
1,2395,57.714708
1,2396,204.519065
1,2397,358.514457
1,2398,761.405643
1,2399,599.312610
1,2400,97.448843
1,2401,617.974336
1,2402,126.884815
1,2403,223.355297
1,2404,213.425816
1,2405,514.093975
1,2406,123.040167
1,2407,616.701579
1,2408,93.434644
1,2409,468.492370
1,2410,274.597099
1,2411,476.040556
1,2412,102.719448
1,2413,292.636437
1,2414,187.081921
1,2415,554.299111
1,2416,107.276271
1,2417,515.433128
1,2418,229.557806
1,2419,310.133353
1,2420,451.679735
1,2421,483.057524
1,2422,96.476286
1,2423,229.180524
1,2424,471.781888
1,2425,53.005457
1,2426,435.729202
1,2427,353.660414
1,2428,392.624244
1,2429,368.300180
1,2430,99.338232
1,2431,411.384889
1,2432,356.020112
1,2433,252.676045
1,2434,546.901740
1,2435,96.423148
1,2436,197.646836
1,2437,501.439618
1,2438,91.330927
1,2439,239.730570
1,2440,471.390274
1,2441,537.386042
1,2442,427.334272
1,2443,379.596274
1,2444,398.719162
1,2445,121.361429
1,2446,302.876873
1,2447,349.618234
1,2448,87.894669
1,2449,442.530285
1,2450,85.014370
1,2451,494.671946
1,2452,269.372572
1,2453,474.152798
1,2454,89.872031
1,2455,221.375041
1,2456,417.965054
1,2457,785.714453
1,2458,383.372180
1,2459,417.649974
1,2460,135.017847
1,2461,460.906742
1,2462,98.353966
1,2463,380.076436
1,2464,543.331487
1,2465,218.557013
1,2466,99.535559
1,2467,382.826002
1,2468,303.854441
1,2469,401.170229
1,2470,96.065795
1,2471,395.733236
1,2472,639.048617
1,2473,136.951252
1,2474,200.811602
1,2475,256.631529
1,2476,54.214743
1,2477,614.248492
1,2478,612.311956
1,2479,94.534175
1,2480,692.224004
1,2481,571.515819
1,2482,521.296472
1,2483,108.074215
1,2484,205.412091
1,2485,518.777208
1,2486,527.168251
1,2487,547.553435
1,2488,103.748883
1,2489,557.657525
1,2490,532.063700
1,2491,104.516370
1,2492,494.533591
1,2493,360.521989
1,2494,95.552795
1,2495,456.651457
1,2496,286.509047
1,2497,340.839869
1,2498,166.822594
1,2499,202.927464
1,2500,320.726031
1,2501,93.703065
1,2502,597.593483
1,2503,375.439008
1,2504,418.159897
1,2505,511.293077
1,2506,54.505811
1,2507,542.947841
1,2508,103.731938
1,2509,49.812415
1,2510,504.386726
1,2511,405.275178
1,2512,92.050210
1,2513,308.523062
1,2514,248.628246
1,2515,409.191902
1,2516,94.629289
1,2517,50.400369
1,2518,421.542525
1,2519,530.712698
1,2520,441.820830
1,2521,101.427554
1,2522,373.916960
1,2523,98.742715
1,2524,402.241006
1,2525,498.740671
1,2526,344.971137
1,2527,175.925374
1,2528,386.405360
1,2529,144.776015
1,2530,94.909119
1,2531,292.522262
1,2532,90.077555
1,2533,370.406249
1,2534,381.070984
1,2535,461.944802
1,2536,131.806486
1,2537,402.876457
1,2538,361.016444
1,2539,500.211791
1,2540,381.142933
1,2541,124.343605
1,2542,436.522873
1,2543,197.494052
1,2544,530.877904
1,2545,86.071736
1,2546,367.131658
1,2547,467.231785
1,2548,275.369263
1,2549,393.487124
1,2550,379.102082
1,2551,90.354211
1,2552,396.186185
1,2553,429.579273
1,2554,95.111957
1,2555,450.782398
1,2556,604.603494
1,2557,208.646888
1,2558,578.422081
1,2559,270.776959
1,2560,232.788697
1,2561,384.488829
1,2562,181.672065
1,2563,406.576186
1,2564,154.947181
1,2565,501.431321
1,2566,52.273897
1,2567,511.598646
1,2568,350.191504
1,2569,96.546909
1,2570,372.144527
1,2571,100.999912
1,2572,425.544980
1,2573,174.357026
1,2574,271.668592
1,2575,314.243848
1,2576,193.180798
1,2577,110.180911
1,2578,434.512611
1,2579,334.156481
1,2580,439.587752
1,2581,532.393373
1,2582,417.746564
1,2583,114.642035
1,2584,469.835180
1,2585,278.903726
1,2586,234.165845
1,2587,227.393504
1,2588,101.260947
1,2589,456.036845
1,2590,449.942534
1,2591,530.251024
1,2592,57.424834
1,2593,543.726434
1,2594,434.821440
1,2595,95.091405
1,2596,241.951686
1,2597,561.969553
1,2598,101.894734
1,2599,537.423780
1,2600,91.168656
1,2601,314.832320
1,2602,99.717934
1,2603,527.014454
1,2604,425.099236
1,2605,191.691873
1,2606,169.710609
1,2607,221.620488
1,2608,345.422624
1,2609,402.257315
1,2610,477.131165
1,2611,220.638824
1,2612,467.122546
1,2613,89.368845
1,2614,436.462319
1,2615,461.607881
1,2616,98.108255
1,2617,367.905637
1,2618,334.833432
1,2619,496.945981
1,2620,94.479279
1,2621,625.371814
1,2622,551.865252
1,2623,86.708623
1,2624,91.449773
1,2625,457.431314
1,2626,87.966709
1,2627,177.897448
1,2628,506.672253
1,2629,214.277079
1,2630,520.724672
1,2631,324.641919
1,2632,239.463283
1,2633,328.551873
1,2634,447.083267
1,2635,79.198713
1,2636,41.248625
1,2637,365.269144
1,2638,490.484768
1,2639,89.947590
1,2640,383.110812
1,2641,86.583663
1,2642,449.858366
1,2643,418.231460
1,2644,89.416437
1,2645,190.655396
1,2646,94.538578
1,2647,335.307471
1,2648,366.564360
1,2649,90.518592
1,2650,420.422472
1,2651,288.165340
1,2652,431.153798
1,2653,92.955023
1,2654,328.106920
1,2655,486.653284
1,2656,482.345732
1,2657,259.733269
1,2658,107.122586
1,2659,519.429821
1,2660,288.000322
1,2661,69.731798
1,2662,289.904420
1,2663,257.956246
1,2664,437.940738
1,2665,78.765500
1,2666,263.988069
1,2667,553.193860
1,2668,475.049046
1,2669,157.676895
1,2670,376.833978
1,2671,88.429429
1,2672,208.026647
1,2673,370.860218
1,2674,95.226322
1,2675,273.388477
1,2676,99.781233
1,2677,476.865928
1,2678,197.577408
1,2679,425.707034
1,2680,244.684903
1,2681,198.106754
1,2682,367.357677
1,2683,55.853771
1,2684,228.301951
1,2685,123.220244
1,2686,364.199126
1,2687,47.430232
1,2688,321.065454
1,2689,92.142380
1,2690,422.440247
1,2691,115.374088
1,2692,89.467409
1,2693,214.065413
1,2694,292.355673
1,2695,191.458372
1,2696,166.564030
1,2697,525.633787
1,2698,91.165821
1,2699,452.666016
1,2700,341.744117
1,2701,93.101272
1,2702,307.422504
1,2703,96.058596
1,2704,122.085988
1,2705,440.162180
1,2706,90.072674
1,2707,49.810844
1,2708,394.229018
1,2709,89.007589
1,2710,299.632898
1,2711,139.289029
1,2712,90.691835
1,2713,354.916437
1,2714,387.543194
1,2715,310.276234
1,2716,293.099099
1,2717,261.183401
1,2718,462.637397
1,2719,90.819892
1,2720,577.987161
1,2721,379.227023
1,2722,113.171535
1,2723,433.376555
1,2724,373.328449
1,2725,449.518761
1,2726,143.681386
1,2727,255.416650
1,2728,139.828578
1,2729,389.159231
1,2730,278.752837
1,2731,149.466787
1,2732,327.920338
1,2733,48.251245
1,2734,276.944178
1,2735,84.727656
1,2736,134.842720
1,2737,239.831337
1,2738,201.998835
1,2739,234.185256
1,2740,35.666818
1,2741,182.312595
1,2742,74.267574
1,2743,277.745621
1,2744,39.743144
1,2745,216.916887
1,2746,88.942266
1,2747,264.367859
1,2748,104.694473
1,2749,92.093873
1,2750,210.692502
1,2751,271.633618
1,2752,199.739612
1,2753,229.496299
1,2754,345.549543
1,2755,86.416723
1,2756,457.726067
1,2757,464.717304
1,2758,112.118089
1,2759,138.965751
1,2760,281.497332
1,2761,51.075939
1,2762,446.663497
1,2763,98.763746
1,2764,465.736702
1,2765,446.100627
1,2766,88.221755
1,2767,388.967492
1,2768,370.302598
1,2769,101.382049
1,2770,293.479909
1,2771,88.792416
1,2772,105.442514
1,2773,443.034952
1,2774,99.640268
1,2775,54.266467
1,2776,394.559072
1,2777,105.474089
1,2778,299.765284
1,2779,160.422778
1,2780,97.671446
1,2781,343.591837
1,2782,346.112963
1,2783,111.933575
1,2784,471.109948
1,2785,419.407017
1,2786,94.455835
1,2787,364.115920
1,2788,369.398968
1,2789,352.349945
1,2790,288.046814
1,2791,286.072221
1,2792,257.664651
1,2793,473.363060
1,2794,90.150664
1,2795,402.661122
1,2796,89.738159
1,2797,48.018721
1,2798,281.588594
1,2799,87.456025
1,2800,140.099910
1,2801,241.375002
1,2802,205.962221
1,2803,356.661686
1,2804,140.257284
1,2805,163.226994
1,2806,236.513015
1,2807,192.160243
1,2808,182.101811
1,2809,560.343073
1,2810,123.587201
1,2811,136.663719
1,2812,397.719853
1,2813,617.186531
1,2814,282.648178
1,2815,69.692748
1,2816,288.013605
1,2817,79.031859
1,2818,387.978244
1,2819,227.369545
1,2820,378.251634
1,2821,175.873172
1,2822,347.894751
1,2823,81.582419
1,2824,206.126290
1,2825,294.827862
1,2826,46.138118
1,2827,388.557468
1,2828,101.877876
1,2829,181.307671
1,2830,401.771191
1,2831,371.826408
1,2832,181.678284
1,2833,88.438404
1,2834,383.701253
1,2835,268.296731
1,2836,47.100808
1,2837,323.455693
1,2838,390.548837
1,2839,94.223171
1,2840,328.841517
1,2841,90.082895
1,2842,448.940031
1,2843,98.271348
1,2844,398.786448
1,2845,150.977434
1,2846,272.912165
1,2847,319.357298
1,2848,188.198867
1,2849,260.129332
1,2850,92.037091
1,2851,414.567921
1,2852,91.371880
1,2853,196.288496
1,2854,137.864141
1,2855,127.513245
1,2856,450.314804
1,2857,101.155211
1,2858,322.952450
1,2859,510.023392
1,2860,45.584283
1,2861,462.071049
1,2862,87.593849
1,2863,97.076732
1,2864,375.726101
1,2865,92.664602
1,2866,48.391311
1,2867,273.230538
1,2868,325.481878
1,2869,89.707074
1,2870,264.588783
1,2871,370.387980
1,2872,397.030668
1,2873,293.686901
1,2874,69.819916
1,2875,302.110081
1,2876,116.429517
1,2877,107.507662
1,2878,349.401574
1,2879,300.442691
1,2880,96.692048
1,2881,392.460955
1,2882,166.763791
1,2883,97.573007
1,2884,208.725472
1,2885,378.577729
1,2886,123.467428
1,2887,251.076650
1,2888,416.577369
1,2889,84.502184
1,2890,214.999066
1,2891,258.673057
1,2892,371.905354
1,2893,98.307172
1,2894,282.040297
1,2895,365.862215
1,2896,92.114601
1,2897,102.200483
1,2898,366.229754
1,2899,456.688916
1,2900,104.942946
1,2901,106.661903
1,2902,204.919651
1,2903,233.087764
1,2904,88.851967
1,2905,147.654773
1,2906,365.427899
1,2907,92.963372
1,2908,53.345768
1,2909,248.668117
1,2910,489.241835
1,2911,257.096881
1,2912,413.251475
1,2913,136.101430
1,2914,309.605364
1,2915,417.848739
1,2916,131.324837
1,2917,434.474424
1,2918,101.983866
1,2919,190.874174
1,2920,412.201897
1,2921,199.470904
1,2922,335.783051
1,2923,90.978948
1,2924,408.172255
1,2925,314.629621
1,2926,142.825101
1,2927,221.182157
1,2928,280.057398
1,2929,97.269836
1,2930,428.378920
1,2931,92.398124
1,2932,423.600470
1,2933,264.323690
1,2934,456.078580
1,2935,533.968727
1,2936,105.141071
1,2937,338.559652
1,2938,270.165297
1,2939,511.310068
1,2940,295.859352
1,2941,192.271384
1,2942,361.758064
1,2943,92.751201
1,2944,379.869479
1,2945,93.810494
1,2946,404.810422
1,2947,364.331196
1,2948,83.955565
1,2949,395.776061
1,2950,91.812436
1,2951,383.746851
1,2952,91.320775
1,2953,518.952036
1,2954,305.061058
1,2955,42.194872
1,2956,288.839757
1,2957,255.913043
1,2958,440.013837
1,2959,95.486992
1,2960,349.381883
1,2961,87.457485
1,2962,276.074834
1,2963,89.582072
1,2964,263.607275
1,2965,504.014680
1,2966,83.247528
1,2967,436.151022
1,2968,310.774648
1,2969,440.457807
1,2970,80.540418
1,2971,415.278106
1,2972,351.255657
1,2973,82.804339
1,2974,166.109591
1,2975,542.016517
1,2976,309.819303
1,2977,84.494753
1,2978,159.372974
1,2979,34.084779
1,2980,402.970716
1,2981,85.569494
1,2982,272.473167
1,2983,267.942345
1,2984,260.673093
1,2985,294.584447
1,2986,284.477467
1,2987,48.071519
1,2988,136.835934
1,2989,248.758994
1,2990,85.486888
1,2991,220.528396
1,2992,191.986784
1,2993,204.124996
1,2994,293.877092
1,2995,492.594816
1,2996,106.606581
1,2997,212.910749
1,2998,281.577427
1,2999,238.004494
1,3000,255.743439
1,3001,90.697648
1,3002,160.424051
1,3003,185.152619
1,3004,92.924195
1,3005,50.844979
1,3006,325.270600
1,3007,88.995956
1,3008,187.379012
1,3009,455.384866
1,3010,50.752505
1,3011,296.153447
1,3012,124.296324
1,3013,282.030554
1,3014,90.967252
1,3015,218.584125
1,3016,88.510480
1,3017,339.720969
1,3018,178.638230
1,3019,263.067251
1,3020,376.873011
1,3021,100.243886
1,3022,68.866900
1,3023,303.559595
1,3024,98.417143
1,3025,155.616041
1,3026,147.800771
1,3027,252.089817
1,3028,227.817687
1,3029,90.126899
1,3030,244.494761
1,3031,117.305214
1,3032,244.782145
1,3033,223.996706
1,3034,101.514824
1,3035,424.269757
1,3036,87.010352
1,3037,207.585397
1,3038,86.030020
1,3039,288.234847
1,3040,181.666775
1,3041,233.328230
1,3042,85.045842
1,3043,154.704851
1,3044,181.631234
1,3045,307.691240
1,3046,82.885185
1,3047,305.990412
1,3048,86.476989
1,3049,293.689906
1,3050,298.693419
1,3051,276.218615
1,3052,137.059278
1,3053,103.940177
1,3054,46.818859
1,3055,329.660121
1,3056,83.177142
1,3057,436.045476
1,3058,279.096658
1,3059,298.133052
1,3060,94.165181
1,3061,250.455479
1,3062,131.094477
1,3063,218.006355
1,3064,285.452856
1,3065,285.873314
1,3066,341.531534
1,3067,84.347943
1,3068,85.231031
1,3069,334.844308
1,3070,430.959004
1,3071,499.603351
1,3072,366.693234
1,3073,415.808691
1,3074,294.831421
1,3075,65.784641
1,3076,316.126481
1,3077,85.663720
1,3078,362.745219
1,3079,226.332689
1,3080,309.304580
1,3081,151.323748
1,3082,130.124881
1,3083,254.166505
1,3084,78.363813
1,3085,200.219769
1,3086,430.981268
1,3087,94.895109
1,3088,400.599610
1,3089,85.554666
1,3090,193.860150
1,3091,430.568584
1,3092,391.031913
1,3093,334.579332
1,3094,210.843234
1,3095,103.275265
1,3096,153.153004
1,3097,80.277215
1,3098,202.602633
1,3099,280.934394
1,3100,396.149070
1,3101,190.260371
1,3102,424.579855
1,3103,105.111443
1,3104,128.171905
1,3105,193.079984
1,3106,251.852026
1,3107,79.645739
1,3108,242.945836
1,3109,79.317568
1,3110,123.518122
1,3111,82.827361
1,3112,209.147882
1,3113,308.706542
1,3114,320.402433
1,3115,350.852857
1,3116,293.517970
1,3117,163.585511
1,3118,120.164296
1,3119,281.166377
1,3120,338.293230
1,3121,389.961554
1,3122,78.650535
1,3123,349.234583
1,3124,40.354169
1,3125,294.908682
1,3126,235.222519
1,3127,77.100187
1,3128,180.572547
1,3129,319.530821
1,3130,245.409018
1,3131,310.896113
1,3132,342.563099
1,3133,358.704120
1,3134,403.297977
1,3135,81.370303
1,3136,128.668087
1,3137,333.030244
1,3138,131.674184
1,3139,206.305770
1,3140,141.551460
1,3141,104.813853
1,3142,310.137503
1,3143,66.254623
1,3144,283.764054
1,3145,228.831071
1,3146,211.848545
1,3147,299.924988
1,3148,387.120678
1,3149,72.572828
1,3150,209.640384
1,3151,114.953691
1,3152,298.043117
1,3153,77.102961
1,3154,280.777641
1,3155,136.157949
1,3156,346.709793
1,3157,273.702334
1,3158,85.478189
1,3159,407.751267
1,3160,356.945620
1,3161,362.122733
1,3162,430.527240
1,3163,355.263087
1,3164,84.219708
1,3165,237.552546
1,3166,79.019953
1,3167,239.235177
1,3168,331.033905
1,3169,79.801279
1,3170,165.058110
1,3171,278.212839
1,3172,126.141035
1,3173,164.400935
1,3174,78.151816
1,3175,638.475349
1,3176,78.644841
1,3177,319.669862
1,3178,129.416212
1,3179,246.919353
1,3180,79.518900
1,3181,165.826282
1,3182,325.054011
1,3183,346.543493
1,3184,78.905949
1,3185,46.549419
1,3186,290.144127
1,3187,77.145947
1,3188,328.237405
1,3189,83.120141
1,3190,177.801671
1,3191,499.892211
1,3192,78.185227
1,3193,347.145632
1,3194,76.064771
1,3195,264.827223
1,3196,189.650625
1,3197,201.595978
1,3198,245.013663
1,3199,264.455939
1,3200,159.441619
1,3201,199.445577
1,3202,356.836804
1,3203,74.542860
1,3204,165.283740
1,3205,204.079346
1,3206,234.772699
1,3207,160.889943
1,3208,81.984507
1,3209,287.683444
1,3210,229.004043
1,3211,77.205643
1,3212,189.641386
1,3213,174.535941
1,3214,261.443647
1,3215,118.483616
1,3216,71.797179
1,3217,309.797383
1,3218,159.705883
1,3219,168.210555
1,3220,211.395446
1,3221,251.163300
1,3222,220.857622
1,3223,329.167274
1,3224,113.416682
1,3225,156.144579
1,3226,72.504602
1,3227,167.421540
1,3228,71.157772
1,3229,223.142242
1,3230,69.099492
1,3231,74.580283
1,3232,257.070909
1,3233,283.992108
1,3234,328.046340
1,3235,278.400499
1,3236,159.104588
1,3237,286.280869
1,3238,72.698328
1,3239,276.638407
1,3240,130.182452
1,3241,183.241340
1,3242,249.664570
1,3243,457.575064
1,3244,214.341547
1,3245,275.251284
1,3246,370.707337
1,3247,188.199360
1,3248,384.040749
1,3249,327.411793
1,3250,274.167262
1,3251,213.913689
1,3252,69.796755
1,3253,285.451574
1,3254,72.066465
1,3255,228.999910
1,3256,318.378996
1,3257,281.070276
1,3258,72.691718
1,3259,321.868609
1,3260,279.751970
1,3261,256.987244
1,3262,265.996005
1,3263,350.066669
1,3264,116.739619
1,3265,82.597796
1,3266,96.481802
1,3267,273.295381
1,3268,229.371815
1,3269,294.104314
1,3270,241.434287
1,3271,360.608101
1,3272,243.168382
1,3273,150.450091
1,3274,435.989477
1,3275,86.916628
1,3276,282.967518
1,3277,338.053730
1,3278,339.354464
1,3279,329.546591
1,3280,335.379363
1,3281,78.074851
1,3282,231.800934
1,3283,386.559858
1,3284,124.120637
1,3285,231.953320
1,3286,407.788075
1,3287,361.753030
1,3288,337.453127
1,3289,307.164467
1,3290,119.106066
1,3291,346.567544
1,3292,276.027014
1,3293,325.065550
1,3294,78.719438
1,3295,163.849739
1,3296,237.632680
1,3297,321.735527
1,3298,317.982675
1,3299,74.743858
1,3300,385.571680
1,3301,88.702302
1,3302,430.438862
1,3303,519.569654
1,3304,423.315220
1,3305,72.448840
1,3306,38.764240
1,3307,298.409150
1,3308,73.755844
1,3309,258.422395
1,3310,178.071303
1,3311,249.300830
1,3312,143.602802
1,3313,285.316500
1,3314,225.988006
1,3315,171.474372
1,3316,65.500349
1,3317,162.160703
1,3318,259.799916
1,3319,113.068458
1,3320,189.494627
1,3321,219.891780
1,3322,155.571520
1,3323,106.742741
1,3324,294.877585
1,3325,363.490537
1,3326,235.628713
1,3327,163.026816
1,3328,138.367032
1,3329,118.851751
1,3330,231.672937
1,3331,261.704602
1,3332,78.217272
1,3333,280.127812
1,3334,77.030002
1,3335,167.669173
1,3336,39.004689
1,3337,120.108525
1,3338,255.388292
1,3339,310.644733
1,3340,236.842004
1,3341,306.285185
1,3342,210.975061
1,3343,125.452443
1,3344,260.783827
1,3345,288.237291
1,3346,165.024312
1,3347,240.147717
1,3348,247.494713
1,3349,340.788928
1,3350,226.198882
1,3351,242.283321
1,3352,84.305271
1,3353,400.989483
1,3354,46.663300
1,3355,265.098570
1,3356,76.988851
1,3357,182.587914
1,3358,170.208548
1,3359,306.605772
1,3360,75.425544
1,3361,195.024914
1,3362,619.997224
1,3363,555.519070
1,3364,326.348015
1,3365,319.890554
1,3366,38.650196
1,3367,371.867108
1,3368,353.090788
1,3369,375.597646
1,3370,300.608977
1,3371,258.621024
1,3372,76.451738
1,3373,89.513857
1,3374,412.603941
1,3375,253.555913
1,3376,371.402686
1,3377,458.346067
1,3378,452.296699
1,3379,386.326064
1,3380,354.385633
1,3381,99.163396
1,3382,357.525996
1,3383,257.662215
1,3384,542.029231
1,3385,445.851153
1,3386,350.655757
1,3387,422.617469
1,3388,87.658314
1,3389,350.195939
1,3390,342.988151
1,3391,388.454632
1,3392,487.645465
1,3393,258.682749
1,3394,230.381650
1,3395,449.030474
1,3396,46.196528
1,3397,185.001680
1,3398,324.685360
1,3399,358.467399
1,3400,357.373184
1,3401,265.421347
1,3402,345.021196
1,3403,331.765691
1,3404,102.248545
1,3405,101.320138
1,3406,492.934438
1,3407,134.112239
1,3408,362.418966
1,3409,421.029726
1,3410,82.838055
1,3411,382.468058
1,3412,86.306298
1,3413,172.200026
1,3414,150.045611
1,3415,266.231949
1,3416,290.656184
1,3417,166.324603
1,3418,292.025384
1,3419,64.961973
1,3420,255.493212
1,3421,306.757277
1,3422,71.019860
1,3423,89.650933
1,3424,480.468415
1,3425,310.113339
1,3426,75.984603
1,3427,407.436455
1,3428,288.719362
1,3429,386.145243
1,3430,76.823281
1,3431,230.352917
1,3432,82.992276
1,3433,381.129025
1,3434,183.055136
1,3435,352.476915
1,3436,316.898683
1,3437,348.934381
1,3438,279.694330
1,3439,532.522646
1,3440,312.948787
1,3441,489.949283
1,3442,367.579149
1,3443,502.371837
1,3444,82.280714
1,3445,216.116020
1,3446,114.262523
1,3447,412.403700
1,3448,489.017035
1,3449,92.379891
1,3450,235.976389
1,3451,84.618897
1,3452,218.087964
1,3453,184.532442
1,3454,192.614861
1,3455,86.035202
1,3456,340.729267
1,3457,87.059435
1,3458,321.327799
1,3459,83.918804
1,3460,94.261767
1,3461,399.081254
1,3462,274.418306
1,3463,376.608028
1,3464,274.590936
1,3465,105.288504
1,3466,162.110732
1,3467,230.070533
1,3468,339.067120
1,3469,74.021303
1,3470,375.627436
1,3471,79.090243
1,3472,80.917891
1,3473,414.662277
1,3474,121.901823
1,3475,362.025590
1,3476,353.597562
1,3477,92.359061
1,3478,274.209915
1,3479,288.647777
1,3480,44.177118
1,3481,221.871682
1,3482,87.224480
1,3483,367.322341
1,3484,450.663443
1,3485,398.803008
1,3486,449.279323
1,3487,250.726279
1,3488,296.329294
1,3489,309.575053
1,3490,272.972379
1,3491,372.016124
1,3492,310.582671
1,3493,245.096875
1,3494,99.900404
1,3495,226.135296
1,3496,255.238335
1,3497,350.506646
1,3498,91.104018
1,3499,210.551346
1,3500,376.823480
1,3501,98.082544
1,3502,492.057401
1,3503,141.616641
1,3504,342.438633
1,3505,311.518871
1,3506,184.623468
1,3507,82.969744
1,3508,290.115330
1,3509,83.141972
1,3510,300.089864
1,3511,200.118588
1,3512,243.029106
1,3513,249.695168
1,3514,67.584349
1,3515,216.463655
1,3516,353.425452
1,3517,270.627388
1,3518,246.444487
1,3519,114.441749
1,3520,191.485431
1,3521,291.644602
1,3522,343.903737
1,3523,405.149154
1,3524,40.178887
1,3525,225.646594
1,3526,348.215158
1,3527,80.083587
1,3528,272.210341
1,3529,77.926494
1,3530,90.094888
1,3531,320.088484
1,3532,58.963027
1,3533,170.589827
1,3534,85.775144
1,3535,209.426434
1,3536,188.201293
1,3537,80.198503
1,3538,167.227985
1,3539,235.523070
1,3540,96.399617
1,3541,338.273504
1,3542,97.426471
1,3543,122.301001
1,3544,398.637975
1,3545,81.818546
1,3546,397.949099
1,3547,452.055515
1,3548,190.669677
1,3549,498.507506
1,3550,89.998779
1,3551,305.582596
1,3552,295.315484
1,3553,461.895699
1,3554,275.856937
1,3555,243.728894
1,3556,321.622605
1,3557,202.198204
1,3558,319.114361
1,3559,89.000582
1,3560,547.167362
1,3561,81.246133
1,3562,82.357566
1,3563,495.686235
1,3564,459.376668
1,3565,194.949677
1,3566,317.505148
1,3567,271.887193
1,3568,564.270157
1,3569,81.274096
1,3570,297.166714
1,3571,130.016551
1,3572,336.707505
1,3573,293.490114
1,3574,189.587973
1,3575,302.141357
1,3576,296.163484
1,3577,195.479064
1,3578,366.899040
1,3579,260.257182
1,3580,480.738301
1,3581,341.687825
1,3582,499.349418
1,3583,429.898897
1,3584,337.451969
1,3585,80.494109
1,3586,335.722302
1,3587,316.856858
1,3588,384.808016
1,3589,396.871749
1,3590,77.582407
1,3591,375.782301
1,3592,339.447102
1,3593,359.327061
1,3594,413.518984
1,3595,503.725478
1,3596,256.868796
1,3597,317.420251
1,3598,346.791118
1,3599,122.627498
1,3600,386.647765
1,3601,250.033547
1,3602,154.371206
1,3603,206.525282
1,3604,63.862894
1,3605,128.187093
1,3606,261.707778
1,3607,218.002115
1,3608,239.248223
1,3609,76.714924
1,3610,37.480522
1,3611,74.945845
1,3612,146.344403
1,3613,258.028382
1,3614,224.973900
1,3615,78.066737
1,3616,176.673988
1,3617,84.141011
1,3618,288.080630
1,3619,131.696016
1,3620,231.234042
1,3621,36.067473
1,3622,211.063030
1,3623,94.179488
1,3624,268.038351
1,3625,82.309601
1,3626,172.632696
1,3627,44.459054
1,3628,302.146703
1,3629,213.986449
1,3630,252.120393
1,3631,239.343723
1,3632,85.500921
1,3633,169.793969
1,3634,89.439176
1,3635,293.221526
1,3636,387.901277
1,3637,37.115155
1,3638,260.540607
1,3639,163.455145
1,3640,83.374631
1,3641,131.399847
1,3642,80.936203
1,3643,90.329568
1,3644,43.203064
1,3645,270.748248
1,3646,80.003433
1,3647,127.075036
1,3648,254.166089
1,3649,295.916966
1,3650,82.772441
1,3651,207.148805
1,3652,90.094632
1,3653,248.551857
1,3654,82.568997
1,3655,198.163133
1,3656,89.901129
1,3657,82.077102
1,3658,271.396145
1,3659,122.550243
1,3660,280.955002
1,3661,190.873564
1,3662,84.149094
1,3663,242.017560
1,3664,288.305865
1,3665,309.328762
1,3666,379.813032
1,3667,129.704624
1,3668,92.051618
1,3669,130.632095
1,3670,299.190530
1,3671,365.973079
1,3672,253.546400
1,3673,78.620395
1,3674,234.991099
1,3675,75.023436
1,3676,243.639796
1,3677,250.368715
1,3678,179.184776
1,3679,310.374468
1,3680,77.482488
1,3681,272.911995
1,3682,1107.393613
1,3683,292.399458
1,3684,72.655183
1,3685,331.508198
1,3686,192.475478
1,3687,158.950316
1,3688,290.777015
1,3689,81.224391
1,3690,195.972890
1,3691,84.276861
1,3692,164.215853
1,3693,127.338905
1,3694,296.838444
1,3695,338.882086
1,3696,89.563158
1,3697,425.960270
1,3698,256.176410
1,3699,63.880116
1,3700,165.778955
1,3701,322.131433
1,3702,35.341165
1,3703,218.307254
1,3704,353.124679
1,3705,35.341452
1,3706,266.761954
1,3707,546.842510
1,3708,407.071035
1,3709,291.021866
1,3710,280.078118
1,3711,82.016532
1,3712,207.920919
1,3713,86.351944
1,3714,343.965248
1,3715,279.923754
1,3716,326.038016
1,3717,318.764503
1,3718,414.920191
1,3719,112.587380
1,3720,235.654960
1,3721,242.311224
1,3722,80.226360
1,3723,296.280889
1,3724,272.563680
1,3725,83.108945
1,3726,210.770247
1,3727,81.095427
1,3728,212.126214
1,3729,184.003821
1,3730,122.473452
1,3731,170.482914
1,3732,81.868763
1,3733,208.133483
1,3734,131.668321
1,3735,320.229836
1,3736,80.592496
1,3737,226.012063
1,3738,366.516853
1,3739,42.570005
1,3740,208.703361
1,3741,337.305792
1,3742,78.997913
1,3743,232.311278
1,3744,210.182269
1,3745,390.507002
1,3746,90.016019
1,3747,215.718002
1,3748,277.302324
1,3749,125.550128
1,3750,125.642251
1,3751,213.917448
1,3752,347.270583
1,3753,315.362871
1,3754,80.455524
1,3755,270.285264
1,3756,83.065709
1,3757,174.805751
1,3758,335.878565
1,3759,81.213383
1,3760,291.460400
1,3761,77.677683
1,3762,163.256851
1,3763,82.068735
1,3764,385.231881
1,3765,77.828903
1,3766,122.390020
1,3767,307.565374
1,3768,341.438340
1,3769,359.437640
1,3770,255.848639
1,3771,88.483092
1,3772,323.279483
1,3773,235.350877
1,3774,373.807563
1,3775,295.807833
1,3776,380.074197
1,3777,469.553618
1,3778,563.292299
1,3779,90.229935
1,3780,375.326522
1,3781,91.834770
1,3782,465.602345
1,3783,98.645277
1,3784,382.497235
1,3785,267.269514
1,3786,496.990948
1,3787,94.511938
1,3788,237.038707
1,3789,465.708590
1,3790,116.840638
1,3791,603.324976
1,3792,637.541265
1,3793,636.307566
1,3794,53.927722
1,3795,454.030196
1,3796,499.887077
1,3797,568.779420
1,3798,103.889393
1,3799,464.576249
1,3800,418.312647
1,3801,240.300725
1,3802,98.389445
1,3803,439.490109
1,3804,411.264901
1,3805,357.806859
1,3806,100.974128
1,3807,498.616735
1,3808,97.326782
1,3809,294.805225
1,3810,516.484121
1,3811,329.268429
1,3812,578.006537
1,3813,120.780308
1,3814,444.985202
1,3815,561.011879
1,3816,98.012591
1,3817,396.880357
1,3818,709.528547
1,3819,451.569342
1,3820,580.959438
1,3821,431.647307
1,3822,101.175189
1,3823,388.305255
1,3824,273.792969
1,3825,215.192624
1,3826,236.079515
1,3827,398.452156
1,3828,58.952751
1,3829,441.929558
1,3830,296.357679
1,3831,99.977470
1,3832,319.591648
1,3833,399.014021
1,3834,154.186349
1,3835,452.063753
1,3836,472.176860
1,3837,348.601328
1,3838,90.581211
1,3839,253.312019
1,3840,165.776870
1,3841,320.574890
1,3842,84.400041
1,3843,479.129104
1,3844,146.513227
1,3845,111.194297
1,3846,95.283004
1,3847,488.514668
1,3848,98.138957
1,3849,68.397361
1,3850,199.761514
1,3851,368.480604
1,3852,784.990127
1,3853,577.859259
1,3854,98.724513
1,3855,645.899900
1,3856,109.251386
1,3857,229.026429
1,3858,216.327865
1,3859,505.528170
1,3860,127.037038
1,3861,629.611992
1,3862,94.283944
1,3863,487.264665
1,3864,284.324491
1,3865,455.793646
1,3866,105.763997
1,3867,296.749621
1,3868,188.297429
1,3869,591.436824
1,3870,112.069937
1,3871,539.968603
1,3872,238.932695
1,3873,311.587460
1,3874,459.378797
1,3875,498.199860
1,3876,97.676293
1,3877,237.614730
1,3878,486.925093
1,3879,53.020661
1,3880,448.869923
1,3881,367.286225
1,3882,413.316831
1,3883,375.188429
1,3884,101.483359
1,3885,421.547263
1,3886,360.978510
1,3887,253.699543
1,3888,572.250331
1,3889,96.601425
1,3890,207.313488
1,3891,524.951241
1,3892,92.147365
1,3893,240.597456
1,3894,488.793700
1,3895,550.886604
1,3896,472.535218
1,3897,384.123742
1,3898,404.190216
1,3899,116.988193
1,3900,320.435384
1,3901,342.312005
1,3902,87.301507
1,3903,423.919500
1,3904,85.051530
1,3905,482.301455
1,3906,265.432007
1,3907,494.074918
1,3908,89.915237
1,3909,228.691832
1,3910,429.418650
1,3911,810.958257
1,3912,356.056980
1,3913,402.645814
1,3914,135.811656
1,3915,453.165029
1,3916,103.620818
1,3917,415.711076
1,3918,561.456755
1,3919,211.600976
1,3920,101.243356
1,3921,391.880880
1,3922,301.586059
1,3923,385.922384
1,3924,96.120376
1,3925,381.820678
1,3926,632.808514
1,3927,137.880389
1,3928,202.134638
1,3929,242.942472
1,3930,54.229371
1,3931,601.685021
1,3932,581.776349
1,3933,94.590816
1,3934,635.368428
1,3935,486.713455
1,3936,508.108665
1,3937,114.771976
1,3938,209.166191
1,3939,498.742698
1,3940,504.752883
1,3941,544.285949
1,3942,105.632431
1,3943,567.353356
1,3944,557.996435
1,3945,114.151559
1,3946,513.037250
1,3947,370.674289
1,3948,101.342572
1,3949,446.851438
1,3950,272.105529
1,3951,330.510478
1,3952,169.895592
1,3953,204.207097
1,3954,311.664993
1,3955,93.759040
1,3956,604.925093
1,3957,362.934800
1,3958,425.703407
1,3959,508.440874
1,3960,55.669033
1,3961,522.790829
1,3962,108.072007
1,3963,49.826638
1,3964,482.761616
1,3965,402.873469
1,3966,92.940604
1,3967,310.291104
1,3968,257.428825
1,3969,417.165862
1,3970,96.773559
1,3971,51.993002
1,3972,428.654103
1,3973,521.232450
1,3974,438.139993
1,3975,110.294940
1,3976,378.296760
1,3977,106.574777
1,3978,404.171609
1,3979,514.134585
1,3980,355.463808
1,3981,177.666693
1,3982,382.354045
1,3983,146.375274
1,3984,89.836783
1,3985,294.977500
1,3986,91.119204
1,3987,366.619950
1,3988,377.098468
1,3989,466.999454
1,3990,131.923458
1,3991,405.766537
1,3992,345.642926
1,3993,501.604930
1,3994,383.848004
1,3995,123.348521
1,3996,378.747882
1,3997,191.072542
1,3998,518.402325
1,3999,86.752892
1,4000,336.899316
1,4001,438.625709
1,4002,270.478737
1,4003,392.511825
1,4004,374.778769
1,4005,90.398734
1,4006,386.397885
1,4007,405.422422
1,4008,97.095533
1,4009,435.414714
1,4010,589.665153
1,4011,205.610182
1,4012,494.587520
1,4013,281.011761
1,4014,244.539351
1,4015,375.520094
1,4016,189.524565
1,4017,409.114570
1,4018,173.148296
1,4019,474.164270
1,4020,52.287884
1,4021,513.386278
1,4022,353.676394
1,4023,96.601428
1,4024,361.811967
1,4025,102.697206
1,4026,437.348221
1,4027,190.269429
1,4028,274.342523
1,4029,308.993082
1,4030,193.984384
1,4031,103.766149
1,4032,424.791481
1,4033,340.959090
1,4034,430.358495
1,4035,524.668579
1,4036,410.840042
1,4037,110.835948
1,4038,460.543382
1,4039,269.522819
1,4040,234.999132
1,4041,229.796133
1,4042,110.799980
1,4043,446.264368
1,4044,470.810224
1,4045,540.737929
1,4046,58.492315
1,4047,529.037650
1,4048,427.448708
1,4049,96.156281
1,4050,226.444349
1,4051,565.250780
1,4052,108.907441
1,4053,537.342890
1,4054,92.052014
1,4055,331.614518
1,4056,96.814807
1,4057,545.499714
1,4058,424.515105
1,4059,197.513755
1,4060,165.089909
1,4061,231.010024
1,4062,340.792777
1,4063,386.640519
1,4064,472.562948
1,4065,224.521119
1,4066,478.935175
1,4067,90.558380
1,4068,464.862643
1,4069,480.316455
1,4070,100.317966
1,4071,368.076716
1,4072,334.133217
1,4073,499.430625
1,4074,96.849230
1,4075,616.641362
1,4076,554.767843
1,4077,87.613127
1,4078,90.689832
1,4079,465.652725
1,4080,93.740998
1,4081,178.118537
1,4082,486.287867
1,4083,209.233612
1,4084,523.023864
1,4085,320.620469
1,4086,252.337378
1,4087,328.184963
1,4088,475.564099
1,4089,79.228043
1,4090,40.502332
1,4091,384.670154
1,4092,487.233740
1,4093,89.530112
1,4094,374.353039
1,4095,86.623736
1,4096,467.679206
1,4097,433.931549
1,4098,89.459984
1,4099,193.086364
1,4100,93.777578
1,4101,338.470764
1,4102,369.284414
1,4103,90.566354
1,4104,424.861535
1,4105,290.806123
1,4106,434.143422
1,4107,93.005158
1,4108,341.391840
1,4109,502.882707
1,4110,495.473712
1,4111,251.493984
1,4112,105.417256
1,4113,513.097686
1,4114,289.578028
1,4115,69.750929
1,4116,296.903860
1,4117,271.056572
1,4118,423.370470
1,4119,78.796463
1,4120,244.591251
1,4121,478.549832
1,4122,418.688977
1,4123,151.646005
1,4124,385.709426
1,4125,84.170602
1,4126,210.310831
1,4127,375.391555
1,4128,94.360676
1,4129,282.217844
1,4130,110.877444
1,4131,491.544288
1,4132,186.686686
1,4133,399.321921
1,4134,226.332023
1,4135,186.514111
1,4136,377.558892
1,4137,55.866979
1,4138,229.483386
1,4139,126.873395
1,4140,370.349864
1,4141,47.832610
1,4142,339.698025
1,4143,92.194041
1,4144,410.995109
1,4145,114.435296
1,4146,90.183953
1,4147,218.289312
1,4148,270.616061
1,4149,188.393272
1,4150,158.080034
1,4151,530.094635
1,4152,96.599012
1,4153,458.372203
1,4154,350.536756
1,4155,93.732969
1,4156,318.927846
1,4157,97.245894
1,4158,123.185417
1,4159,445.729925
1,4160,90.690035
1,4161,49.824740
1,4162,424.567420
1,4163,89.609019
1,4164,301.607083
1,4165,144.994246
1,4166,90.744879
1,4167,343.217685
1,4168,377.458107
1,4169,307.284460
1,4170,295.288160
1,4171,268.278584
1,4172,465.834433
1,4173,91.577686
1,4174,586.346630
1,4175,387.026416
1,4176,124.495268
1,4177,430.273484
1,4178,368.678663
1,4179,446.382884
1,4180,145.683024
1,4181,250.077533
1,4182,147.295078
1,4183,390.003672
1,4184,290.746855
1,4185,150.458127
1,4186,327.031236
1,4187,49.222267
1,4188,287.279337
1,4189,85.459374
1,4190,135.998808
1,4191,241.265436
1,4192,188.976237
1,4193,234.729799
1,4194,35.666818
1,4195,183.933083
1,4196,74.290038
1,4197,279.951610
1,4198,39.743144
1,4199,220.103410
1,4200,90.606902
1,4201,267.965559
1,4202,106.312151
1,4203,94.057296
1,4204,211.333044
1,4205,267.938391
1,4206,200.347876
1,4207,210.609493
1,4208,332.291462
1,4209,86.460182
1,4210,437.830157
1,4211,443.608214
1,4212,114.037011
1,4213,140.132633
1,4214,290.921372
1,4215,51.088298
1,4216,453.592113
1,4217,102.058875
1,4218,483.375713
1,4219,443.093609
1,4220,88.271367
1,4221,376.800233
1,4222,368.853531
1,4223,100.137552
1,4224,288.868193
1,4225,89.505914
1,4226,104.358473
1,4227,469.675539
1,4228,100.139650
1,4229,56.179827
1,4230,408.303482
1,4231,106.176325
1,4232,309.947193
1,4233,163.743208
1,4234,104.827322
1,4235,355.196531
1,4236,346.171385
1,4237,119.927842
1,4238,478.261107
1,4239,429.117994
1,4240,96.320228
1,4241,381.495957
1,4242,383.612372
1,4243,343.268890
1,4244,282.998088
1,4245,294.991926
1,4246,257.533135
1,4247,479.993100
1,4248,90.202357
1,4249,411.053362
1,4250,89.054936
1,4251,48.032094
1,4252,291.861751
1,4253,88.269757
1,4254,141.799931
1,4255,244.262092
1,4256,201.044913
1,4257,347.947914
1,4258,139.920264
1,4259,155.912112
1,4260,230.543888
1,4261,185.062942
1,4262,189.985755
1,4263,550.917719
1,4264,124.206641
1,4265,138.582768
1,4266,395.825691
1,4267,586.067622
1,4268,283.288956
1,4269,69.711049
1,4270,287.945548
1,4271,79.862377
1,4272,391.010938
1,4273,227.905153
1,4274,380.795678
1,4275,176.562281
1,4276,350.505536
1,4277,81.618630
1,4278,198.837287
1,4279,296.414033
1,4280,46.148469
1,4281,427.821099
1,4282,109.722875
1,4283,190.811532
1,4284,426.857621
1,4285,375.309517
1,4286,182.905302
1,4287,88.483713
1,4288,380.182255
1,4289,264.274616
1,4290,47.113024
1,4291,326.860078
1,4292,408.907515
1,4293,96.222528
1,4294,339.361551
1,4295,91.520702
1,4296,465.173363
1,4297,99.311215
1,4298,389.592639
1,4299,150.306515
1,4300,266.831828
1,4301,320.953620
1,4302,188.628764
1,4303,267.102813
1,4304,98.335487
1,4305,431.739981
1,4306,93.319087
1,4307,191.203683
1,4308,139.152344
1,4309,132.659009
1,4310,444.425995
1,4311,104.639567
1,4312,326.121390
1,4313,523.904822
1,4314,45.597585
1,4315,494.515398
1,4316,87.644853
1,4317,105.419443
1,4318,383.762070
1,4319,91.734260
1,4320,49.506872
1,4321,267.214978
1,4322,336.551897
1,4323,96.510799
1,4324,271.486001
1,4325,406.740234
1,4326,422.475351
1,4327,296.249773
1,4328,69.837815
1,4329,306.994125
1,4330,121.645941
1,4331,109.578798
1,4332,352.893687
1,4333,313.053891
1,4334,97.737030
1,4335,404.914150
1,4336,168.105083
1,4337,104.801181
1,4338,221.081912
1,4339,389.568662
1,4340,120.014252
1,4341,250.801507
1,4342,431.703463
1,4343,84.544523
1,4344,226.453763
1,4345,273.391714
1,4346,381.945273
1,4347,98.728902
1,4348,297.164346
1,4349,377.884853
1,4350,93.490912
1,4351,101.430556
1,4352,365.283679
1,4353,475.739455
1,4354,106.270213
1,4355,115.260261
1,4356,215.770788
1,4357,234.197253
1,4358,89.972318
1,4359,149.486668
1,4360,374.298880
1,4361,92.044911
1,4362,55.498819
1,4363,243.606210
1,4364,477.078495
1,4365,250.033869
1,4366,409.313125
1,4367,138.675031
1,4368,314.749701
1,4369,422.568765
1,4370,131.153262
1,4371,431.087579
1,4372,102.972995
1,4373,193.078884
1,4374,408.700641
1,4375,196.929655
1,4376,330.859331
1,4377,91.028723
1,4378,436.723169
1,4379,328.765725
1,4380,144.768444
1,4381,222.164605
1,4382,276.557009
1,4383,101.029535
1,4384,426.737829
1,4385,94.369937
1,4386,445.696933
1,4387,261.273843
1,4388,465.510010
1,4389,525.123805
1,4390,108.980971
1,4391,340.450819
1,4392,274.428146
1,4393,534.381354
1,4394,306.948786
1,4395,193.414502
1,4396,363.035674
1,4397,92.872660
1,4398,402.881247
1,4399,96.370170
1,4400,406.686135
1,4401,368.154072
1,4402,84.646241
1,4403,412.740788
1,4404,93.896247
1,4405,391.092512
1,4406,93.669028
1,4407,548.538878
1,4408,316.430581
1,4409,42.206501
1,4410,290.688788
1,4411,254.862859
1,4412,443.046466
1,4413,101.259502
1,4414,348.092881
1,4415,88.298940
1,4416,277.306499
1,4417,89.738312
1,4418,259.050911
1,4419,502.168585
1,4420,83.299659
1,4421,460.955054
1,4422,315.581662
1,4423,432.819207
1,4424,80.581614
1,4425,409.342328
1,4426,357.663327
1,4427,82.248820
1,4428,167.196588
1,4429,552.359811
1,4430,315.602094
1,4431,94.231073
1,4432,159.495697
1,4433,34.084779
1,4434,419.886624
1,4435,84.973518
1,4436,281.901377
1,4437,269.204753
1,4438,271.902935
1,4439,296.209505
1,4440,276.747198
1,4441,47.535805
1,4442,136.301861
1,4443,264.226494
1,4444,85.537545
1,4445,229.704775
1,4446,193.077790
1,4447,211.079763
1,4448,295.709186
1,4449,495.037003
1,4450,114.638142
1,4451,220.112630
1,4452,283.761170
1,4453,242.128504
1,4454,250.862070
1,4455,85.978362
1,4456,162.920005
1,4457,182.306703
1,4458,94.168052
1,4459,50.860629
1,4460,326.723377
1,4461,89.056621
1,4462,187.268586
1,4463,466.155451
1,4464,50.768475
1,4465,309.365275
1,4466,128.546451
1,4467,284.114549
1,4468,92.054656
1,4469,219.043359
1,4470,87.920818
1,4471,337.326569
1,4472,178.354300
1,4473,264.883931
1,4474,370.925940
1,4475,105.491768
1,4476,68.883469
1,4477,312.003013
1,4478,100.260202
1,4479,153.228245
1,4480,144.928410
1,4481,253.818792
1,4482,227.871759
1,4483,89.638217
1,4484,229.649928
1,4485,117.852845
1,4486,240.280994
1,4487,224.449313
1,4488,107.412684
1,4489,418.883898
1,4490,87.070942
1,4491,214.956279
1,4492,86.090252
1,4493,297.661986
1,4494,181.507055
1,4495,233.440202
1,4496,85.105282
1,4497,155.095787
1,4498,182.284722
1,4499,303.649779
1,4500,82.943742
1,4501,307.061634
1,4502,85.810121
1,4503,302.680763
1,4504,299.756188
1,4505,276.627174
1,4506,137.203688
1,4507,111.166606
1,4508,52.471771
1,4509,342.878516
1,4510,82.671344
1,4511,443.188661
1,4512,287.487811
1,4513,283.444924
1,4514,96.496291
1,4515,245.283325
1,4516,131.232078
1,4517,221.011188
1,4518,282.765788
1,4519,278.828942
1,4520,352.048909
1,4521,90.037783
1,4522,85.283719
1,4523,338.494809
1,4524,452.973885
1,4525,516.881294
1,4526,385.137145
1,4527,422.812009
1,4528,293.471159
1,4529,65.814136
1,4530,316.677490
1,4531,88.507401
1,4532,358.601885
1,4533,229.232190
1,4534,313.348950
1,4535,155.277463
1,4536,131.164426
1,4537,256.566327
1,4538,79.579984
1,4539,202.597851
1,4540,420.642898
1,4541,97.770149
1,4542,387.199874
1,4543,87.368638
1,4544,199.783788
1,4545,438.423210
1,4546,394.909387
1,4547,339.682484
1,4548,214.028033
1,4549,106.701750
1,4550,155.178225
1,4551,80.325862
1,4552,203.224109
1,4553,282.428326
1,4554,398.312715
1,4555,192.343940
1,4556,432.144953
1,4557,101.565593
1,4558,128.293926
1,4559,195.318714
1,4560,253.569239
1,4561,79.696327
1,4562,246.220659
1,4563,79.368316
1,4564,123.215076
1,4565,82.880292
1,4566,209.111873
1,4567,300.258403
1,4568,323.432712
1,4569,348.184913
1,4570,295.767090
1,4571,160.640160
1,4572,120.287708
1,4573,289.731835
1,4574,339.734288
1,4575,391.307274
1,4576,78.701067
1,4577,338.303290
1,4578,40.367281
1,4579,288.150077
1,4580,235.281776
1,4581,77.150203
1,4582,175.729682
1,4583,320.756528
1,4584,247.013075
1,4585,313.480303
1,4586,338.400767
1,4587,353.060246
1,4588,399.624839
1,4589,81.419153
1,4590,130.306863
1,4591,334.312476
1,4592,137.649754
1,4593,212.854771
1,4594,142.779850
1,4595,104.872861
1,4596,319.498304
1,4597,66.283471
1,4598,288.349008
1,4599,223.323272
1,4600,213.781726
1,4601,303.696989
1,4602,388.145504
1,4603,72.610494
1,4604,211.085611
1,4605,115.052460
1,4606,299.976681
1,4607,77.144364
1,4608,282.704564
1,4609,136.960545
1,4610,331.557785
1,4611,277.497875
1,4612,85.547824
1,4613,405.378629
1,4614,348.571000
1,4615,366.875722
1,4616,428.737587
1,4617,352.299693
1,4618,83.463550
1,4619,237.619852
1,4620,78.523981
1,4621,239.194291
1,4622,331.544233
1,4623,79.849873
1,4624,165.282231
1,4625,274.589677
1,4626,125.691798
1,4627,164.289381
1,4628,78.201193
1,4629,691.105035
1,4630,78.124233
1,4631,315.967155
1,4632,129.901538
1,4633,247.112539
1,4634,79.568662
1,4635,165.489881
1,4636,326.154125
1,4637,346.641873
1,4638,78.955701
1,4639,45.828770
1,4640,290.860126
1,4641,77.195576
1,4642,338.418725
1,4643,84.448525
1,4644,189.207400
1,4645,538.268325
1,4646,78.234471
1,4647,347.936105
1,4648,76.113806
1,4649,265.242671
1,4650,191.752283
1,4651,204.117436
1,4652,248.879183
1,4653,267.256295
1,4654,163.250509
1,4655,200.545401
1,4656,370.317085
1,4657,74.590638
1,4658,165.502453
1,4659,203.592448
1,4660,234.938865
1,4661,160.521165
1,4662,83.326942
1,4663,290.566188
1,4664,229.212354
1,4665,77.253876
1,4666,189.621837
1,4667,166.158881
1,4668,261.934451
1,4669,118.594241
1,4670,71.842503
1,4671,303.206669
1,4672,159.342565
1,4673,167.743597
1,4674,212.524337
1,4675,252.655343
1,4676,220.910785
1,4677,329.739701
1,4678,113.522566
1,4679,156.343735
1,4680,72.547729
1,4681,166.872230
1,4682,71.200440
1,4683,215.525928
1,4684,69.141696
1,4685,80.410800
1,4686,257.056010
1,4687,275.526529
1,4688,324.432748
1,4689,278.419744
1,4690,158.572502
1,4691,286.712788
1,4692,72.130728
1,4693,262.380288
1,4694,123.743388
1,4695,192.819870
1,4696,246.797191
1,4697,490.027883
1,4698,213.624946
1,4699,274.514213
1,4700,370.570051
1,4701,195.663262
1,4702,415.811196
1,4703,347.990290
1,4704,285.769056
1,4705,214.014985
1,4706,69.831253
1,4707,287.366677
1,4708,72.103304
1,4709,230.075511
1,4710,322.085139
1,4711,284.639936
1,4712,72.732211
1,4713,325.133841
1,4714,283.274795
1,4715,255.636644
1,4716,261.393608
1,4717,343.295763
1,4718,116.847051
1,4719,89.766128
1,4720,101.478675
1,4721,268.589916
1,4722,228.218496
1,4723,295.204550
1,4724,242.522428
1,4725,355.670399
1,4726,237.833828
1,4727,152.398282
1,4728,422.630636
1,4729,87.077275
1,4730,272.365982
1,4731,350.805011
1,4732,347.968252
1,4733,331.542490
1,4734,336.633861
1,4735,78.123328
1,4736,232.333915
1,4737,389.991159
1,4738,125.944082
1,4739,232.487653
1,4740,421.193681
1,4741,363.535257
1,4742,338.465317
1,4743,307.259062
1,4744,120.358658
1,4745,350.311172
1,4746,276.964994
1,4747,326.400151
1,4748,78.767855
1,4749,164.071793
1,4750,240.399789
1,4751,323.953289
1,4752,307.960425
1,4753,76.548126
1,4754,368.497208
1,4755,86.065009
1,4756,405.607645
1,4757,472.801413
1,4758,400.522245
1,4759,72.496028
1,4760,38.776490
1,4761,291.476176
1,4762,74.783653
1,4763,255.484604
1,4764,189.775498
1,4765,259.922294
1,4766,144.453982
1,4767,288.404868
1,4768,229.265671
1,4769,172.318728
1,4770,65.529735
1,4771,163.394524
1,4772,260.026887
1,4773,112.563305
1,4774,189.317861
1,4775,220.277926
1,4776,155.222751
1,4777,111.411046
1,4778,295.574718
1,4779,364.701941
1,4780,235.801249
1,4781,164.529711
1,4782,139.431150
1,4783,118.954317
1,4784,234.337666
1,4785,263.754371
1,4786,78.260978
1,4787,276.253402
1,4788,77.074523
1,4789,167.875338
1,4790,39.016464
1,4791,120.219109
1,4792,259.369064
1,4793,318.287839
1,4794,237.997689
1,4795,307.877605
1,4796,213.241852
1,4797,124.901493
1,4798,262.717172
1,4799,289.814893
1,4800,166.213009
1,4801,238.417923
1,4802,244.269159
1,4803,342.669158
1,4804,227.580188
1,4805,244.500669
1,4806,85.591513
1,4807,406.176356
1,4808,48.535029
1,4809,267.057055
1,4810,77.036444
1,4811,183.573881
1,4812,171.222601
1,4813,308.517717
1,4814,75.472963
1,4815,195.384424
1,4816,621.667365
1,4817,578.685433
1,4818,321.193630
1,4819,322.053429
1,4820,38.652454
1,4821,374.421601
1,4822,349.537846
1,4823,378.912807
1,4824,307.824881
1,4825,259.844586
1,4826,76.477295
1,4827,89.734805
1,4828,419.515621
1,4829,255.281579
1,4830,372.029907
1,4831,439.977400
1,4832,426.734767
1,4833,387.929343
1,4834,371.390532
1,4835,99.211361
1,4836,372.448792
1,4837,260.542702
1,4838,545.320757
1,4839,422.271373
1,4840,332.205544
1,4841,388.393018
1,4842,82.191717
1,4843,348.855387
1,4844,346.697764
1,4845,393.227296
1,4846,493.899814
1,4847,261.206039
1,4848,233.735401
1,4849,418.607633
1,4850,46.211227
1,4851,185.600099
1,4852,305.771442
1,4853,361.665089
1,4854,359.933364
1,4855,266.606117
1,4856,347.685938
1,4857,329.234275
1,4858,97.317621
1,4859,101.810342
1,4860,481.125154
1,4861,135.390268
1,4862,348.195484
1,4863,415.639051
1,4864,82.470857
1,4865,385.676152
1,4866,86.365723
1,4867,171.980286
1,4868,150.858328
1,4869,260.548570
1,4870,286.996250
1,4871,166.604024
1,4872,304.105073
1,4873,64.440550
1,4874,258.264091
1,4875,319.945891
1,4876,71.737058
1,4877,98.004735
1,4878,470.055318
1,4879,327.215261
1,4880,76.024200
1,4881,418.475443
1,4882,295.392130
1,4883,394.350250
1,4884,76.868502
1,4885,239.061245
1,4886,82.542623
1,4887,385.177875
1,4888,183.871621
1,4889,366.524757
1,4890,310.759680
1,4891,338.257318
1,4892,277.503013
1,4893,496.273530
1,4894,324.490639
1,4895,495.594268
1,4896,371.854044
1,4897,515.185558
1,4898,82.335917
1,4899,216.160474
1,4900,101.860546
1,4901,402.635509
1,4902,469.342637
1,4903,91.937896
1,4904,237.636335
1,4905,90.407511
1,4906,219.377707
1,4907,191.749472
1,4908,193.632741
1,4909,86.092994
1,4910,343.280114
1,4911,86.517696
1,4912,315.538769
1,4913,83.424250
1,4914,96.021110
1,4915,393.462793
1,4916,277.622259
1,4917,373.563161
1,4918,280.603299
1,4919,106.310709
1,4920,164.470942
1,4921,230.649489
1,4922,340.941395
1,4923,74.054259
1,4924,367.044759
1,4925,80.432511
1,4926,82.616539
1,4927,410.267411
1,4928,123.949254
1,4929,364.689335
1,4930,352.641179
1,4931,93.119115
1,4932,274.672226
1,4933,290.077116
1,4934,44.189662
1,4935,224.482733
1,4936,81.964995
1,4937,363.962456
1,4938,447.912926
1,4939,387.180219
1,4940,458.362489
1,4941,251.956815
1,4942,298.110391
1,4943,312.272436
1,4944,267.443876
1,4945,364.036222
1,4946,312.386612
1,4947,240.842306
1,4948,102.216803
1,4949,224.136202
1,4950,247.217240
1,4951,360.426431
1,4952,92.741720
1,4953,210.968382
1,4954,378.426154
1,4955,91.946113
1,4956,483.076080
1,4957,141.868333
1,4958,338.143793
1,4959,307.861449
1,4960,185.914148
1,4961,83.026608
1,4962,320.814116
1,4963,82.692360
1,4964,303.593461
1,4965,200.549827
1,4966,257.102351
1,4967,263.788916
1,4968,67.608259
1,4969,218.605069
1,4970,358.997384
1,4971,279.090065
1,4972,258.624442
1,4973,116.024119
1,4974,189.984528
1,4975,296.375239
1,4976,350.075004
1,4977,410.480618
1,4978,40.190153
1,4979,227.433646
1,4980,350.949377
1,4981,80.129847
1,4982,282.740960
1,4983,77.974395
1,4984,92.038001
1,4985,311.159284
1,4986,60.059246
1,4987,176.024787
1,4988,85.151108
1,4989,210.801456
1,4990,190.105782
1,4991,73.753232
1,4992,167.470564
1,4993,239.791567
1,4994,99.008634
1,4995,348.980344
1,4996,98.667749
1,4997,125.556175
1,4998,428.097993
1,4999,82.942537
1,5000,382.315130
1,5001,436.277540
1,5002,192.280477
1,5003,488.006265
1,5004,91.442188
1,5005,299.593646
1,5006,297.935364
1,5007,468.403650
1,5008,286.077493
1,5009,254.262658
1,5010,324.311055
1,5011,204.503789
1,5012,322.120319
1,5013,90.353156
1,5014,543.892829
1,5015,82.325536
1,5016,82.412952
1,5017,518.109063
1,5018,477.000825
1,5019,196.228968
1,5020,310.107490
1,5021,275.524561
1,5022,566.527943
1,5023,80.942299
1,5024,316.086573
1,5025,132.173034
1,5026,352.847800
1,5027,295.607982
1,5028,191.702343
1,5029,302.913330
1,5030,297.929301
1,5031,195.655588
1,5032,370.646918
1,5033,267.850715
1,5034,495.390803
1,5035,350.807898
1,5036,517.300083
1,5037,437.490718
1,5038,338.940547
1,5039,80.545880
1,5040,332.913123
1,5041,315.304950
1,5042,378.351410
1,5043,401.523401
1,5044,77.633048
1,5045,373.238398
1,5046,347.836687
1,5047,362.592736
1,5048,412.330749
1,5049,499.509390
1,5050,258.823014
1,5051,307.795680
1,5052,341.682953
1,5053,129.772644
1,5054,368.891415
1,5055,253.377738
1,5056,159.905080
1,5057,219.359870
1,5058,63.886280
1,5059,134.210099
1,5060,264.203393
1,5061,218.901826
1,5062,241.285764
1,5063,78.026715
1,5064,37.489107
1,5065,74.984390
1,5066,140.969334
1,5067,247.121069
1,5068,237.278120
1,5069,79.148208
1,5070,177.027476
1,5071,91.576950
1,5072,290.231791
1,5073,131.814507
1,5074,231.756248
1,5075,36.080339
1,5076,211.439811
1,5077,96.630984
1,5078,269.705600
1,5079,81.786492
1,5080,172.439673
1,5081,44.472406
1,5082,297.326248
1,5083,203.565786
1,5084,243.435621
1,5085,248.896913
1,5086,84.978011
1,5087,171.210823
1,5088,89.848028
1,5089,295.789376
1,5090,391.117738
1,5091,37.129516
1,5092,264.214365
1,5093,166.533990
1,5094,83.428797
1,5095,130.790308
1,5096,80.990505
1,5097,89.664114
1,5098,43.217227
1,5099,271.298700
1,5100,80.057832
1,5101,127.207184
1,5102,256.243380
1,5103,298.473082
1,5104,82.212731
1,5105,209.362965
1,5106,89.554141
1,5107,249.509237
1,5108,82.623006
1,5109,199.282634
1,5110,83.314161
1,5111,81.571283
1,5112,272.085112
1,5113,122.680127
1,5114,274.105794
1,5115,191.948585
1,5116,80.088164
1,5117,237.340559
1,5118,290.368759
1,5119,305.225396
1,5120,375.900760
1,5121,129.836675
1,5122,90.585554
1,5123,130.763216
1,5124,295.368408
1,5125,363.987740
1,5126,250.766649
1,5127,78.671449
1,5128,236.051025
1,5129,75.074072
1,5130,243.399105
1,5131,245.043965
1,5132,171.836481
1,5133,310.340895
1,5134,77.532017
1,5135,266.532241
1,5136,1162.885037
1,5137,302.846196
1,5138,73.752539
1,5139,333.627380
1,5140,193.918035
1,5141,165.722642
1,5142,306.324573
1,5143,81.260431
1,5144,196.259264
1,5145,83.078897
1,5146,175.577569
1,5147,137.298440
1,5148,299.372511
1,5149,342.022555
1,5150,89.867069
1,5151,413.186751
1,5152,267.674906
1,5153,63.327369
1,5154,177.572357
1,5155,334.514221
1,5156,35.341165
1,5157,230.854861
1,5158,367.142967
1,5159,35.345470
1,5160,279.805802
1,5161,547.345789
1,5162,405.407387
1,5163,306.885136
1,5164,282.243668
1,5165,83.466834
1,5166,210.651418
1,5167,88.021238
1,5168,347.988519
1,5169,274.290411
1,5170,316.975981
1,5171,311.927932
1,5172,396.824076
1,5173,116.767680
1,5174,236.179332
1,5175,243.296147
1,5176,80.275011
1,5177,298.658574
1,5178,273.099846
1,5179,83.158684
1,5180,211.141123
1,5181,81.145746
1,5182,212.097182
1,5183,179.024997
1,5184,123.727495
1,5185,170.097614
1,5186,81.233470
1,5187,201.748788
1,5188,133.034538
1,5189,319.701821
1,5190,80.644310
1,5191,227.891356
1,5192,370.374527
1,5193,42.583545
1,5194,208.588025
1,5195,338.363671
1,5196,78.512831
1,5197,232.012081
1,5198,210.088435
1,5199,392.959577
1,5200,91.899809
1,5201,209.379010
1,5202,279.614551
1,5203,125.675853
1,5204,126.786654
1,5205,224.797057
1,5206,349.915762
1,5207,316.602846
1,5208,80.506784
1,5209,270.944916
1,5210,79.633466
1,5211,175.104448
1,5212,337.707634
1,5213,81.263973
1,5214,292.314836
1,5215,77.727960
1,5216,163.054362
1,5217,82.118681
1,5218,395.331886
1,5219,77.878498
1,5220,122.510071
1,5221,308.791651
1,5222,344.169065
1,5223,357.030830
1,5224,500.721829
1,5225,35.441197
1,5226,344.018149
1,5227,212.561146
1,5228,323.907726
1,5229,87.766369
1,5230,282.166127
1,5231,462.904385
1,5232,105.458924
1,5233,490.107910
1,5234,426.344028
1,5235,227.555524
1,5236,344.016756
1,5237,92.487662
1,5238,333.298057
1,5239,166.230874
1,5240,96.742648
1,5241,197.463856
1,5242,234.168741
1,5243,280.939309
1,5244,454.840981
1,5245,452.525438
1,5246,466.585238
1,5247,123.741791
1,5248,548.180224
1,5249,109.214447
1,5250,294.777589
1,5251,108.663173
1,5252,113.170627
1,5253,282.965745
1,5254,202.696264
1,5255,96.180114
1,5256,404.876171
1,5257,118.242465
1,5258,211.854204
1,5259,858.394025
1,5260,353.479828
1,5261,217.425103
1,5262,113.144473
1,5263,623.950082
1,5264,328.719689
1,5265,411.378233
1,5266,97.476413
1,5267,535.601370
1,5268,365.783293
1,5269,271.618323
1,5270,200.014645
1,5271,343.821852
1,5272,325.554810
1,5273,220.659532
1,5274,196.216813
1,5275,426.919545
1,5276,339.055919
1,5277,94.781285
1,5278,236.082685
1,5279,262.116958
1,5280,334.511215
1,5281,353.668230
1,5282,305.598639
1,5283,98.974719
1,5284,402.333827
1,5285,94.547194
1,5286,113.989377
1,5287,267.288103
1,5288,95.268708
1,5289,317.049453
1,5290,361.061428
1,5291,66.516034
1,5292,202.863072
1,5293,189.899114
1,5294,84.059683
1,5295,240.562664
1,5296,169.748960
1,5297,273.627079
1,5298,100.527427
1,5299,499.630079
1,5300,208.858976
1,5301,98.343626
1,5302,375.909447
1,5303,299.558498
1,5304,110.057096
1,5305,70.301114
1,5306,315.866972
1,5307,257.270340
1,5308,332.103461
1,5309,288.657776
1,5310,194.599006
1,5311,385.665784
1,5312,279.315415
1,5313,52.631731
1,5314,218.720912
1,5315,227.124640
1,5316,418.707389
1,5317,165.156293
1,5318,492.930531
1,5319,298.643750
1,5320,97.263953
1,5321,191.019978
1,5322,98.316297
1,5323,186.596847
1,5324,358.865430
1,5325,482.402557
1,5326,345.961881
1,5327,116.113005
1,5328,251.937251
1,5329,55.118522
1,5330,501.520863
1,5331,97.070718
1,5332,306.076641
1,5333,290.723991
1,5334,295.045772
1,5335,166.780023
1,5336,331.756162
1,5337,458.261199
1,5338,97.071537
1,5339,57.978410
1,5340,379.584484
1,5341,96.434104
1,5342,211.723004
1,5343,318.689584
1,5344,94.822728
1,5345,447.173559
1,5346,93.451197
1,5347,457.504202
1,5348,289.367351
1,5349,266.692470
1,5350,139.624718
1,5351,337.687788
1,5352,51.937684
1,5353,402.997825
1,5354,161.437997
1,5355,244.408765
1,5356,271.506823
1,5357,98.483879
1,5358,481.315984
1,5359,91.104645
1,5360,248.978045
1,5361,307.564710
1,5362,146.054692
1,5363,538.503177
1,5364,93.188936
1,5365,291.416870
1,5366,360.567116
1,5367,129.709212
1,5368,191.879181
1,5369,354.777662
1,5370,174.976986
1,5371,100.169091
1,5372,288.985965
1,5373,300.593791
1,5374,127.149931
1,5375,139.087185
1,5376,96.847054
1,5377,243.110805
1,5378,339.544092
1,5379,217.062894
1,5380,437.451822
1,5381,197.886087
1,5382,432.231453
1,5383,408.607752
1,5384,382.538938
1,5385,347.791791
1,5386,97.913450
1,5387,214.623046
1,5388,240.544681
1,5389,333.472936
1,5390,102.898710
1,5391,370.911671
1,5392,162.150216
1,5393,411.491154
1,5394,353.962184
1,5395,208.833686
1,5396,109.775635
1,5397,140.943866
1,5398,446.342776
1,5399,352.140369
1,5400,94.005953
1,5401,330.643213
1,5402,100.994720
1,5403,409.088622
1,5404,456.997591
1,5405,109.134211
1,5406,419.758840
1,5407,104.525419
1,5408,365.253780
1,5409,98.189067
1,5410,266.433471
1,5411,81.164013
1,5412,526.566166
1,5413,103.618818
1,5414,216.882567
1,5415,234.771014
1,5416,187.339514
1,5417,180.931081
1,5418,406.642813
1,5419,92.030960
1,5420,383.206955
1,5421,259.823386
1,5422,472.194203
1,5423,252.446304
1,5424,231.515636
1,5425,201.120613
1,5426,160.424294
1,5427,347.644201
1,5428,513.853799
1,5429,143.829606
1,5430,441.875958
1,5431,105.875396
1,5432,173.374777
1,5433,417.547375
1,5434,161.226450
1,5435,172.213131
1,5436,181.112805
1,5437,179.734572
1,5438,287.258268
1,5439,70.305492
1,5440,431.120497
1,5441,136.218822
1,5442,483.404902
1,5443,97.966445
1,5444,222.480398
1,5445,95.858616
1,5446,107.811193
1,5447,161.529157
1,5448,104.308863
1,5449,99.682843
1,5450,323.046893
1,5451,46.342939
1,5452,292.052811
1,5453,435.913088
1,5454,190.338521
1,5455,120.617611
1,5456,279.156871
1,5457,279.374670
1,5458,86.846077
1,5459,318.396997
1,5460,49.383292
1,5461,257.241822
1,5462,100.397936
1,5463,221.875011
1,5464,486.351499
1,5465,387.971234
1,5466,86.626742
1,5467,135.896743
1,5468,133.966335
1,5469,372.221359
1,5470,84.038676
1,5471,444.973681
1,5472,97.766990
1,5473,328.737841
1,5474,130.203601
1,5475,260.706780
1,5476,177.459187
1,5477,319.026884
1,5478,303.285097
1,5479,87.198644
1,5480,184.243942
1,5481,325.330209
1,5482,283.225544
1,5483,476.676137
1,5484,191.562951
1,5485,312.178273
1,5486,100.214554
1,5487,368.990574
1,5488,181.304846
1,5489,357.430652
1,5490,50.615181
1,5491,286.972999
1,5492,92.646889
1,5493,96.290669
1,5494,238.827860
1,5495,110.257718
1,5496,104.762675
1,5497,151.124076
1,5498,260.380478
1,5499,93.774435
1,5500,209.214848
1,5501,93.393983
1,5502,337.479823
1,5503,139.549548
1,5504,171.312693
1,5505,436.640776
1,5506,128.397011
1,5507,94.385341
1,5508,347.054638
1,5509,353.090362
1,5510,207.648884
1,5511,287.659168
1,5512,122.349903
1,5513,302.739239
1,5514,143.832790
1,5515,207.026235
1,5516,450.364996
1,5517,94.453987
1,5518,178.152536
1,5519,371.846540
1,5520,394.665641
1,5521,99.435417
1,5522,236.473528
1,5523,93.382190
1,5524,295.995323
1,5525,118.527030
1,5526,393.654649
1,5527,616.962524
1,5528,171.969332
1,5529,346.174264
1,5530,111.634238
1,5531,260.040308
1,5532,416.049992
1,5533,402.599470
1,5534,99.319587
1,5535,228.946974
1,5536,178.103235
1,5537,90.098869
1,5538,308.436279
1,5539,99.822785
1,5540,412.252245
1,5541,118.243635
1,5542,432.759313
1,5543,134.998912
1,5544,137.063170
1,5545,291.645862
1,5546,489.366646
1,5547,356.888355
1,5548,105.780988
1,5549,131.763373
1,5550,371.769618
1,5551,310.286051
1,5552,141.092162
1,5553,426.470437
1,5554,262.741281
1,5555,95.058497
1,5556,931.856909
1,5557,159.860483
1,5558,123.295989
1,5559,525.549164
1,5560,329.525675
1,5561,520.869670
1,5562,85.325761
1,5563,395.123170
1,5564,224.702946
1,5565,330.489909
1,5566,108.317933
1,5567,226.559261
1,5568,276.813993
1,5569,331.427972
1,5570,382.493223
1,5571,314.439559
1,5572,85.628923
1,5573,184.219045
1,5574,112.856335
1,5575,224.166776
1,5576,180.749715
1,5577,317.658764
1,5578,97.449954
1,5579,189.984943
1,5580,97.021020
1,5581,310.600696
1,5582,91.738850
1,5583,288.034446
1,5584,213.977182
1,5585,93.931155
1,5586,400.387406
1,5587,217.731954
1,5588,206.848007
1,5589,350.141901
1,5590,51.936082
1,5591,361.942381
1,5592,321.103793
1,5593,233.834349
1,5594,497.692166
1,5595,185.047645
1,5596,284.729886
1,5597,109.056829
1,5598,393.620482
1,5599,287.692721
1,5600,198.100774
1,5601,99.841872
1,5602,282.711319
1,5603,236.068322
1,5604,262.586154
1,5605,218.667845
1,5606,107.724026
1,5607,283.375705
1,5608,240.664549
1,5609,52.438124
1,5610,354.748615
1,5611,214.830940
1,5612,258.061440
1,5613,200.778265
1,5614,300.799192
1,5615,395.911843
1,5616,202.182496
1,5617,52.106328
1,5618,389.309116
1,5619,96.332413
1,5620,363.222099
1,5621,92.216056
1,5622,362.594916
1,5623,89.087152
1,5624,97.763090
1,5625,317.408076
1,5626,356.888438
1,5627,91.037577
1,5628,187.363357
1,5629,92.095717
1,5630,235.469457
1,5631,142.501240
1,5632,137.491835
1,5633,183.881494
1,5634,244.531410
1,5635,304.136328
1,5636,93.242748
1,5637,160.407381
1,5638,148.338447
1,5639,469.505777
1,5640,95.376861
1,5641,528.616699
1,5642,116.024175
1,5643,452.093793
1,5644,105.521371
1,5645,291.877256
1,5646,255.718671
1,5647,441.943479
1,5648,147.588511
1,5649,90.874204
1,5650,411.400464
1,5651,145.653200
1,5652,385.544483
1,5653,190.546087
1,5654,284.146816
1,5655,316.487405
1,5656,85.033909
1,5657,159.443638
1,5658,34.084779
1,5659,417.834738
1,5660,90.977830
1,5661,279.595687
1,5662,275.902300
1,5663,269.517360
1,5664,302.031661
1,5665,282.827958
1,5666,52.613160
1,5667,142.940541
1,5668,255.022131
1,5669,85.516057
1,5670,226.819093
1,5671,197.827245
1,5672,208.658165
1,5673,296.167999
1,5674,502.866319
1,5675,107.159030
1,5676,219.489952
1,5677,287.052626
1,5678,244.845591
1,5679,249.695831
1,5680,85.980797
1,5681,161.026650
1,5682,181.606537
1,5683,93.218516
1,5684,50.853991
1,5685,326.457614
1,5686,89.030886
1,5687,192.657546
1,5688,470.213319
1,5689,50.761701
1,5690,304.930936
1,5691,125.222139
1,5692,290.095950
1,5693,91.229891
1,5694,218.848553
1,5695,94.234957
1,5696,343.692082
1,5697,185.238598
1,5698,269.164614
1,5699,374.510333
1,5700,100.677895
1,5701,68.876440
1,5702,304.880073
1,5703,98.838338
1,5704,151.720716
1,5705,144.101140
1,5706,259.358725
1,5707,234.201419
1,5708,95.008582
1,5709,229.405291
1,5710,123.838342
1,5711,239.147315
1,5712,224.257319
1,5713,101.945366
1,5714,430.040931
1,5715,87.045240
1,5716,213.733390
1,5717,86.064701
1,5718,294.890058
1,5719,187.298346
1,5720,239.224730
1,5721,85.080067
1,5722,160.265809
1,5723,186.961606
1,5724,308.088789
1,5725,82.918903
1,5726,312.872461
1,5727,92.780608
1,5728,302.583621
1,5729,305.918983
1,5730,286.782133
1,5731,137.142429
1,5732,109.041141
1,5733,47.037656
1,5734,333.198055
1,5735,88.118139
1,5736,437.238067
1,5737,287.977584
1,5738,287.926565
1,5739,94.685118
1,5740,249.414888
1,5741,131.173707
1,5742,218.407714
1,5743,288.281422
1,5744,285.928628
1,5745,344.230136
1,5746,84.707023
1,5747,85.261368
1,5748,329.911431
1,5749,434.853732
1,5750,513.788775
1,5751,369.171986
1,5752,406.721091
1,5753,289.302700
1,5754,65.801624
1,5755,312.337579
1,5756,86.280296
1,5757,355.600153
1,5758,231.506331
1,5759,321.185795
1,5760,156.911520
1,5761,130.398133
1,5762,262.644568
1,5763,78.642554
1,5764,207.575621
1,5765,425.850901
1,5766,95.523633
1,5767,389.383601
1,5768,85.960933
1,5769,201.882966
1,5770,433.950273
1,5771,399.619702
1,5772,340.714908
1,5773,218.861577
1,5774,104.021665
1,5775,159.076321
1,5776,80.305226
1,5777,208.765288
1,5778,290.747066
1,5779,392.566839
1,5780,196.476214
1,5781,428.345521
1,5782,99.900893
1,5783,128.242165
1,5784,199.165358
1,5785,257.195708
1,5786,79.674868
1,5787,249.334495
1,5788,79.346787
1,5789,127.815013
1,5790,82.857839
1,5791,215.026357
1,5792,306.347273
1,5793,328.979457
1,5794,352.508203
1,5795,301.770064
1,5796,165.307067
1,5797,120.235358
1,5798,290.703105
1,5799,345.150288
1,5800,401.157961
1,5801,78.679632
1,5802,345.243175
1,5803,40.361719
1,5804,297.725371
1,5805,242.930946
1,5806,77.128986
1,5807,183.171057
1,5808,325.110301
1,5809,252.901490
1,5810,318.903522
1,5811,350.868434
1,5812,356.139142
1,5813,406.149017
1,5814,81.398431
1,5815,129.076130
1,5816,341.257850
1,5817,132.098302
1,5818,211.905926
1,5819,141.863194
1,5820,104.847829
1,5821,318.595844
1,5822,66.271234
1,5823,278.330788
1,5824,222.212345
1,5825,212.447528
1,5826,301.092828
1,5827,377.109697
1,5828,72.594516
1,5829,215.122272
1,5830,115.010563
1,5831,303.895389
1,5832,77.126801
1,5833,286.613840
1,5834,143.505528
1,5835,335.612135
1,5836,274.630682
1,5837,90.468514
1,5838,412.635534
1,5839,353.484747
1,5840,369.688394
1,5841,435.069548
1,5842,361.111508
1,5843,91.095260
1,5844,244.709196
1,5845,83.758517
1,5846,247.510101
1,5847,343.924439
1,5848,79.829259
1,5849,165.187161
1,5850,279.352733
1,5851,131.636143
1,5852,168.567405
1,5853,78.180248
1,5854,678.830026
1,5855,83.611804
1,5856,320.768562
1,5857,135.409716
1,5858,253.663797
1,5859,79.547553
1,5860,171.978593
1,5861,332.057738
1,5862,364.554430
1,5863,78.934596
1,5864,52.612838
1,5865,297.825676
1,5866,77.174523
1,5867,334.550868
1,5868,83.426729
1,5869,178.615595
1,5870,506.062368
1,5871,78.213583
1,5872,360.798719
1,5873,76.093005
1,5874,271.981965
1,5875,196.801424
1,5876,208.438282
1,5877,251.523498
1,5878,273.157122
1,5879,165.083240
1,5880,199.871690
1,5881,363.916024
1,5882,74.570371
1,5883,165.409675
1,5884,213.583121
1,5885,240.944659
1,5886,167.127279
1,5887,82.292664
1,5888,294.799724
1,5889,234.853217
1,5890,77.233416
1,5891,194.938822
1,5892,166.080247
1,5893,267.042328
1,5894,118.547314
1,5895,71.823276
1,5896,310.339163
1,5897,165.738034
1,5898,175.119150
1,5899,216.234019
1,5900,258.489659
1,5901,227.692883
1,5902,339.341313
1,5903,113.477651
1,5904,156.259253
1,5905,72.529435
1,5906,174.906523
1,5907,71.182340
1,5908,221.135523
1,5909,69.123794
1,5910,74.827838
1,5911,266.823008
1,5912,282.602043
1,5913,337.639893
1,5914,287.372491
1,5915,166.287127
1,5916,293.793496
1,5917,77.915190
1,5918,270.914313
1,5919,129.675215
1,5920,191.112711
1,5921,246.433520
1,5922,481.543405
1,5923,233.509075
1,5924,287.700642
1,5925,403.978873
1,5926,188.638158
1,5927,386.783379
1,5928,338.066834
1,5929,283.271663
1,5930,218.205241
1,5931,69.816619
1,5932,290.772134
1,5933,72.087677
1,5934,234.316896
1,5935,327.098970
1,5936,282.103063
1,5937,72.715034
1,5938,323.006095
1,5939,280.791678
1,5940,260.616915
1,5941,267.368942
1,5942,341.818566
1,5943,116.801478
1,5944,82.896422
1,5945,101.680106
1,5946,287.038277
1,5947,244.596305
1,5948,308.902538
1,5949,247.544573
1,5950,361.259491
1,5951,242.469006
1,5952,150.923378
1,5953,428.066424
1,5954,92.360067
1,5955,276.722340
1,5956,340.092191
1,5957,347.066279
1,5958,343.884309
1,5959,343.241693
1,5960,78.102765
1,5961,232.107826
1,5962,397.402800
1,5963,124.567136
1,5964,232.260993
1,5965,417.934157
1,5966,375.173835
1,5967,344.962304
1,5968,320.953637
1,5969,119.433514
1,5970,354.980577
1,5971,284.373982
1,5972,332.033931
1,5973,78.747316
1,5974,163.977599
1,5975,238.471603
1,5976,328.718083
1,5977,312.675988
1,5978,75.148939
1,5979,374.978154
1,5980,84.393793
1,5981,414.558218
1,5982,477.800285
1,5983,412.211469
1,5984,72.476011
1,5985,38.771294
1,5986,302.809459
1,5987,73.997471
1,5988,254.883506
1,5989,183.285230
1,5990,254.971200
1,5991,148.891659
1,5992,292.306342
1,5993,233.269475
1,5994,180.644129
1,5995,65.517270
1,5996,168.829792
1,5997,267.715626
1,5998,118.391643
1,5999,194.733989
1,6000,220.114124
1,6001,160.917676
1,6002,107.745310
1,6003,295.278998
1,6004,364.188069
1,6005,240.796194
1,6006,163.443955
1,6007,144.504679
1,6008,118.910809
1,6009,237.480120
1,6010,268.179515
1,6011,78.242440
1,6012,282.282452
1,6013,77.055637
1,6014,167.787882
1,6015,39.011469
1,6016,120.172200
1,6017,263.882493
1,6018,317.726257
1,6019,242.630797
1,6020,314.896106
1,6021,211.632538
1,6022,131.685947
1,6023,268.165245
1,6024,293.212143
1,6025,165.396794
1,6026,236.211618
1,6027,243.094746
1,6028,349.221571
1,6029,232.613037
1,6030,248.417152
1,6031,84.601997
1,6032,410.133318
1,6033,47.064682
1,6034,274.201391
1,6035,77.016255
1,6036,188.522941
1,6037,170.546800
1,6038,312.666420
1,6039,75.452848
1,6040,195.231922
1,6041,649.483439
1,6042,582.936033
1,6043,326.394337
1,6044,329.692423
1,6045,38.650196
1,6046,382.205111
1,6047,358.978911
1,6048,388.805315
1,6049,308.321944
1,6050,263.865169
1,6051,76.466454
1,6052,94.724765
1,6053,424.642727
1,6054,247.347269
1,6055,366.742592
1,6056,435.208093
1,6057,428.705302
1,6058,384.424830
1,6059,361.084873
1,6060,99.191015
1,6061,368.285511
1,6062,258.414064
1,6063,600.076729
1,6064,431.719250
1,6065,328.910952
1,6066,391.597593
1,6067,82.205013
1,6068,350.908793
1,6069,351.668821
1,6070,402.648847
1,6071,505.124385
1,6072,264.962688
1,6073,231.293135
1,6074,423.873039
1,6075,46.204992
1,6076,193.086089
1,6077,320.953276
1,6078,365.200959
1,6079,366.251497
1,6080,274.870985
1,6081,352.949443
1,6082,336.871743
1,6083,96.666696
1,6084,107.239345
1,6085,486.908037
1,6086,134.458651
1,6087,345.628214
1,6088,422.567548
1,6089,86.680810
1,6090,392.765977
1,6091,86.340516
1,6092,178.039282
1,6093,156.392059
1,6094,267.508177
1,6095,290.948947
1,6096,166.485495
1,6097,298.366570
1,6098,69.512034
1,6099,261.721565
1,6100,314.729052
1,6101,71.188151
1,6102,90.218368
1,6103,458.429737
1,6104,308.309119
1,6105,76.007404
1,6106,417.377851
1,6107,295.291017
1,6108,388.526636
1,6109,76.849319
1,6110,231.386477
1,6111,87.341713
1,6112,391.402438
1,6113,190.425390
1,6114,364.116129
1,6115,309.331728
1,6116,335.465066
1,6117,281.576931
1,6118,498.698877
1,6119,318.507766
1,6120,513.463762
1,6121,377.143816
1,6122,520.318011
1,6123,82.312500
1,6124,221.833539
1,6125,106.238240
1,6126,411.177725
1,6127,480.118389
1,6128,96.837938
1,6129,242.200093
1,6130,84.877369
1,6131,218.590641
1,6132,185.253817
1,6133,200.123352
1,6134,86.068480
1,6135,348.232680
1,6136,92.326288
1,6137,320.636260
1,6138,88.797022
1,6139,94.663362
1,6140,398.339353
1,6141,282.251420
1,6142,375.352364
1,6143,274.703185
1,6144,105.531436
1,6145,162.668502
1,6146,237.791636
1,6147,356.917743
1,6148,74.040280
1,6149,362.986369
1,6150,79.393101
1,6151,81.296580
1,6152,413.059073
1,6153,122.386288
1,6154,363.262292
1,6155,358.535604
1,6156,97.661972
1,6157,280.244047
1,6158,298.726643
1,6159,44.184342
1,6160,232.871341
1,6161,81.978105
1,6162,370.666449
1,6163,465.627232
1,6164,391.705127
1,6165,456.699361
1,6166,259.130294
1,6167,304.915995
1,6168,317.918848
1,6169,277.657661
1,6170,382.224616
1,6171,324.064233
1,6172,247.023525
1,6173,100.418566
1,6174,222.179875
1,6175,244.653903
1,6176,357.671305
1,6177,91.479038
1,6178,210.791478
1,6179,388.628285
1,6180,97.654231
1,6181,485.087760
1,6182,149.904576
1,6183,343.582238
1,6184,313.414791
1,6185,190.721250
1,6186,83.002486
1,6187,284.821469
1,6188,87.630236
1,6189,306.447270
1,6190,200.366897
1,6191,243.948288
1,6192,250.889469
1,6193,67.598116
1,6194,217.066597
1,6195,355.044606
1,6196,267.635737
1,6197,247.832183
1,6198,114.821963
1,6199,187.195039
1,6200,292.973132
1,6201,345.653734
1,6202,418.374074
1,6203,40.185374
1,6204,233.204736
1,6205,360.450524
1,6206,80.110223
1,6207,279.697775
1,6208,77.954075
1,6209,90.530107
1,6210,309.995056
1,6211,59.201577
1,6212,171.792759
1,6213,91.618120
1,6214,214.427107
1,6215,193.484610
1,6216,71.841142
1,6217,167.367663
1,6218,236.610492
1,6219,96.977129
1,6220,345.900726
1,6221,97.719115
1,6222,128.174567
1,6223,410.008477
1,6224,82.085009
1,6225,391.558894
1,6226,442.831610
1,6227,197.233166
1,6228,492.151674
1,6229,90.332637
1,6230,304.296973
1,6231,312.818693
1,6232,479.521433
1,6233,283.044579
1,6234,244.813778
1,6235,322.824215
1,6236,209.483927
1,6237,326.863531
1,6238,89.315470
1,6239,549.373291
1,6240,81.503637
1,6241,82.389458
1,6242,502.592972
1,6243,463.873198
1,6244,201.981096
1,6245,314.207783
1,6246,278.619357
1,6247,588.435830
1,6248,84.755995
1,6249,304.811442
1,6250,130.539716
1,6251,343.622636
1,6252,301.640941
1,6253,195.223874
1,6254,310.657531
1,6255,307.223233
1,6256,199.884325
1,6257,367.953121
1,6258,268.101708
1,6259,495.267121
1,6260,349.491894
1,6261,496.560389
1,6262,437.893899
1,6263,339.641994
1,6264,80.523919
1,6265,338.295449
1,6266,321.746536
1,6267,381.727025
1,6268,399.414681
1,6269,77.611566
1,6270,376.832965
1,6271,347.206533
1,6272,365.482226
1,6273,411.164778
1,6274,507.852572
1,6275,265.848890
1,6276,313.080266
1,6277,347.689907
1,6278,122.930278
1,6279,375.410664
1,6280,257.931837
1,6281,162.580863
1,6282,212.123777
1,6283,63.876361
1,6284,133.709276
1,6285,269.826504
1,6286,226.104198
1,6287,239.930974
1,6288,77.010521
1,6289,37.485015
1,6290,74.968039
1,6291,139.430799
1,6292,253.489301
1,6293,232.026846
1,6294,78.318180
1,6295,182.097373
1,6296,84.449863
1,6297,288.987397
1,6298,131.764244
1,6299,231.534730
1,6300,36.074881
1,6301,211.279982
1,6302,94.721860
1,6303,268.777459
1,6304,87.309794
1,6305,177.619338
1,6306,44.466742
1,6307,301.405033
1,6308,206.317943
1,6309,243.088068
1,6310,240.275414
1,6311,90.535937
1,6312,170.223246
1,6313,94.207553
1,6314,298.812095
1,6315,393.961362
1,6316,37.123424
1,6317,261.618428
1,6318,170.148710
1,6319,83.405821
1,6320,138.362609
1,6321,80.967471
1,6322,96.564587
1,6323,43.211219
1,6324,277.983167
1,6325,80.034756
1,6326,127.151128
1,6327,261.569296
1,6328,302.625722
1,6329,88.132802
1,6330,207.830403
1,6331,95.327512
1,6332,253.986596
1,6333,82.600096
1,6334,204.981297
1,6335,83.335630
1,6336,86.983381
1,6337,277.007379
1,6338,122.625031
1,6339,279.997855
1,6340,198.980578
1,6341,80.088845
1,6342,242.956846
1,6343,295.317843
1,6344,311.517921
1,6345,382.391430
1,6346,129.780660
1,6347,104.859314
1,6348,130.707595
1,6349,301.695156
1,6350,374.014691
1,6351,256.805989
1,6352,78.649792
1,6353,242.999191
1,6354,75.052592
1,6355,254.230864
1,6356,253.404686
1,6357,171.729324
1,6358,325.898409
1,6359,77.511008
1,6360,272.331926
1,6361,1143.562685
1,6362,293.551136
1,6363,72.899476
1,6364,332.419728
1,6365,192.897345
1,6366,159.319351
1,6367,292.192351
1,6368,81.245143
1,6369,196.137786
1,6370,94.639583
1,6371,170.734457
1,6372,128.404573
1,6373,310.540577
1,6374,352.842845
1,6375,94.967263
1,6376,421.865931
1,6377,261.935109
1,6378,68.654601
1,6379,166.484776
1,6380,329.389992
1,6381,35.341165
1,6382,219.533931
1,6383,355.316709
1,6384,35.341603
1,6385,268.430784
1,6386,531.227576
1,6387,395.330242
1,6388,292.380259
1,6389,286.659552
1,6390,82.344476
1,6391,215.287449
1,6392,86.726852
1,6393,353.729078
1,6394,272.354374
1,6395,314.310735
1,6396,314.748553
1,6397,399.804649
1,6398,113.491754
1,6399,235.956896
1,6400,251.493890
1,6401,80.254374
1,6402,303.333134
1,6403,278.641484
1,6404,83.137585
1,6405,210.983799
1,6406,81.124401
1,6407,217.904551
1,6408,185.054219
1,6409,122.804301
1,6410,177.162081
1,6411,87.809215
1,6412,205.771813
1,6413,132.027802
1,6414,321.347979
1,6415,80.622331
1,6416,239.930383
1,6417,377.178295
1,6418,42.577801
1,6419,215.438569
1,6420,345.783293
1,6421,83.708194
1,6422,240.710217
1,6423,216.721662
1,6424,402.748485
1,6425,90.440500
1,6426,215.464181
1,6427,283.285969
1,6428,125.622520
1,6429,125.951122
1,6430,214.625251
1,6431,356.966985
1,6432,321.473493
1,6433,80.485041
1,6434,275.566003
1,6435,79.630200
1,6436,181.773872
1,6437,344.016832
1,6438,81.242513
1,6439,297.935378
1,6440,77.706632
1,6441,168.272639
1,6442,82.097494
1,6443,394.445908
1,6444,77.857460
1,6445,122.459146
1,6446,319.951278
1,6447,348.306184
1,6448,361.364012
1,6449,244.358946
1,6450,88.473653
1,6451,312.939301
1,6452,234.140752
1,6453,364.206410
1,6454,287.459892
1,6455,364.638946
1,6456,454.339571
1,6457,556.744363
1,6458,90.211993
1,6459,366.052250
1,6460,91.815611
1,6461,456.102140
1,6462,97.658669
1,6463,376.041605
1,6464,268.071855
1,6465,489.346016
1,6466,94.490130
1,6467,238.925677
1,6468,467.311857
1,6469,116.816782
1,6470,596.229877
1,6471,602.361884
1,6472,640.042182
1,6473,53.921557
1,6474,471.865603
1,6475,494.987615
1,6476,571.972137
1,6477,102.827403
1,6478,461.884392
1,6479,418.294857
1,6480,236.356077
1,6481,98.364628
1,6482,420.299602
1,6483,419.430246
1,6484,355.825455
1,6485,100.189330
1,6486,484.549540
1,6487,97.301568
1,6488,290.599094
1,6489,516.776494
1,6490,320.656610
1,6491,567.929035
1,6492,113.795171
1,6493,452.579675
1,6494,570.934280
1,6495,105.069226
1,6496,389.399566
1,6497,693.387813
1,6498,441.193140
1,6499,574.363856
1,6500,425.934536
1,6501,101.808707
1,6502,371.042761
1,6503,276.455095
1,6504,235.009300
1,6505,242.649498
1,6506,403.206581
1,6507,59.538008
1,6508,430.790859
1,6509,302.208730
1,6510,106.265165
1,6511,309.664194
1,6512,386.253957
1,6513,153.903109
1,6514,440.884445
1,6515,450.940082
1,6516,335.468685
1,6517,90.494331
1,6518,244.665251
1,6519,164.886715
1,6520,292.375496
1,6521,84.384758
1,6522,462.428732
1,6523,144.797721
1,6524,104.005574
1,6525,95.264834
1,6526,490.723114
1,6527,96.869314
1,6528,57.726669
1,6529,198.324683
1,6530,360.374298
1,6531,757.928130
1,6532,556.782621
1,6533,97.491751
1,6534,603.421543
1,6535,109.216176
1,6536,227.719500
1,6537,217.784978
1,6538,488.805040
1,6539,123.742488
1,6540,605.146315
1,6541,94.501609
1,6542,464.325989
1,6543,276.834026
1,6544,459.712652
1,6545,106.707176
1,6546,287.700730
1,6547,188.318785
1,6548,570.016539
1,6549,112.609093
1,6550,529.037687
1,6551,234.875408
1,6552,319.180369
1,6553,455.537353
1,6554,483.152242
1,6555,98.005785
1,6556,235.983902
1,6557,476.830902
1,6558,53.014211
1,6559,435.800811
1,6560,364.154531
1,6561,402.742976
1,6562,376.217459
1,6563,102.125442
1,6564,415.121295
1,6565,358.656449
1,6566,261.548775
1,6567,561.970610
1,6568,102.111871
1,6569,199.496074
1,6570,505.039387
1,6571,92.351154
1,6572,244.309092
1,6573,485.543844
1,6574,571.646325
1,6575,438.459842
1,6576,392.763182
1,6577,401.692145
1,6578,116.949217
1,6579,296.581504
1,6580,330.367259
1,6581,92.069536
1,6582,428.037339
1,6583,85.035766
1,6584,487.463468
1,6585,262.658773
1,6586,482.335615
1,6587,89.896908
1,6588,228.832924
1,6589,420.083222
1,6590,822.678818
1,6591,359.010130
1,6592,402.520994
1,6593,135.918149
1,6594,453.807680
1,6595,98.401034
1,6596,392.605626
1,6597,548.820981
1,6598,210.475526
1,6599,100.758352
1,6600,378.644428
1,6601,293.644859
1,6602,384.000966
1,6603,96.097224
1,6604,376.464674
1,6605,623.869247
1,6606,138.004116
1,6607,206.126069
1,6608,245.384755
1,6609,54.223165
1,6610,588.025339
1,6611,579.559021
1,6612,94.566790
1,6613,622.025988
1,6614,488.598273
1,6615,508.924622
1,6616,114.158919
1,6617,202.830993
1,6618,506.122609
1,6619,507.428729
1,6620,543.347441
1,6621,106.190142
1,6622,539.472784
1,6623,552.542503
1,6624,104.578908
1,6625,505.823924
1,6626,357.501810
1,6627,96.367007
1,6628,450.919792
1,6629,285.823146
1,6630,337.924665
1,6631,164.639668
1,6632,211.052134
1,6633,311.656743
1,6634,93.735296
1,6635,586.417316
1,6636,354.698010
1,6637,414.166653
1,6638,518.921334
1,6639,60.497286
1,6640,526.342144
1,6641,109.450171
1,6642,49.820604
1,6643,486.958627
1,6644,417.524766
1,6645,93.173965
1,6646,314.488716
1,6647,250.892757
1,6648,400.519754
1,6649,97.425254
1,6650,51.325900
1,6651,419.537552
1,6652,526.252059
1,6653,438.365604
1,6654,105.173518
1,6655,375.458030
1,6656,102.030240
1,6657,402.833758
1,6658,504.442824
1,6659,360.683533
1,6660,176.898987
1,6661,384.314303
1,6662,153.429121
1,6663,89.804141
1,6664,299.103400
1,6665,91.410131
1,6666,373.121930
1,6667,395.372054
1,6668,480.178293
1,6669,131.873839
1,6670,428.253873
1,6671,348.374540
1,6672,508.071136
1,6673,394.283233
1,6674,131.516585
1,6675,376.355282
1,6676,196.270792
1,6677,523.723088
1,6678,86.102945
1,6679,340.663151
1,6680,441.530314
1,6681,273.928764
1,6682,390.189858
1,6683,372.497742
1,6684,90.379847
1,6685,392.692312
1,6686,412.079022
1,6687,97.704776
1,6688,438.026951
1,6689,587.857703
1,6690,203.968174
1,6691,503.068951
1,6692,271.544445
1,6693,231.437556
1,6694,381.188891
1,6695,181.901757
1,6696,395.717887
1,6697,155.089792
1,6698,457.742253
1,6699,52.281951
1,6700,490.422060
1,6701,337.121337
1,6702,96.578302
1,6703,358.965908
1,6704,101.045698
1,6705,419.819976
1,6706,176.166783
1,6707,266.215812
1,6708,307.259855
1,6709,201.625988
1,6710,104.078052
1,6711,423.955277
1,6712,340.303293
1,6713,423.217380
1,6714,517.889313
1,6715,427.604164
1,6716,117.073172
1,6717,463.945696
1,6718,278.083348
1,6719,240.563621
1,6720,236.262367
1,6721,102.528244
1,6722,448.372853
1,6723,452.010334
1,6724,538.897907
1,6725,58.845519
1,6726,529.611708
1,6727,436.646872
1,6728,96.446279
1,6729,223.724401
1,6730,564.048730
1,6731,101.949367
1,6732,529.343910
1,6733,92.282872
1,6734,334.244050
1,6735,97.159562
1,6736,517.278147
1,6737,424.736333
1,6738,198.421180
1,6739,163.790012
1,6740,227.860937
1,6741,343.534404
1,6742,392.169385
1,6743,481.487950
1,6744,225.806251
1,6745,466.741410
1,6746,90.895023
1,6747,448.037446
1,6748,467.810161
1,6749,98.916838
1,6750,361.657242
1,6751,337.016448
1,6752,509.410751
1,6753,97.582627
1,6754,656.788144
1,6755,562.521625
1,6756,87.858338
1,6757,96.888226
1,6758,458.235143
1,6759,88.217457
1,6760,178.024751
1,6761,487.717053
1,6762,209.021270
1,6763,535.100643
1,6764,326.597171
1,6765,239.702552
1,6766,329.805115
1,6767,459.362096
1,6768,79.215601
1,6769,46.114476
1,6770,379.391435
1,6771,489.846064
1,6772,96.794066
1,6773,367.577486
1,6774,86.606737
1,6775,460.465221
1,6776,425.663137
1,6777,89.441512
1,6778,191.827923
1,6779,99.942168
1,6780,342.064158
1,6781,379.254791
1,6782,90.546093
1,6783,428.441832
1,6784,287.340325
1,6785,427.754898
1,6786,92.983891
1,6787,338.504914
1,6788,496.977757
1,6789,495.147268
1,6790,248.422150
1,6791,106.245762
1,6792,498.798522
1,6793,292.104034
1,6794,69.742814
1,6795,290.435217
1,6796,259.983344
1,6797,426.179614
1,6798,78.783329
1,6799,240.910487
1,6800,483.049390
1,6801,418.399063
1,6802,146.580151
1,6803,382.885684
1,6804,84.144194
1,6805,215.262828
1,6806,369.663987
1,6807,101.282709
1,6808,280.519165
1,6809,99.826062
1,6810,486.846529
1,6811,187.935306
1,6812,381.354616
1,6813,232.724327
1,6814,180.629375
1,6815,394.710628
1,6816,55.861376
1,6817,236.329962
1,6818,122.620457
1,6819,364.399326
1,6820,47.956724
1,6821,333.919672
1,6822,92.172127
1,6823,407.438825
1,6824,122.034723
1,6825,89.512349
1,6826,209.574437
1,6827,277.600078
1,6828,187.233060
1,6829,156.430018
1,6830,527.906596
1,6831,91.215367
1,6832,451.646919
1,6833,350.435740
1,6834,93.147229
1,6835,314.189837
1,6836,96.103652
1,6837,128.441999
1,6838,449.191807
1,6839,90.118673
1,6840,49.818846
1,6841,404.905220
1,6842,89.746759
1,6843,293.527300
1,6844,139.416343
1,6845,90.722378
1,6846,354.810154
1,6847,385.222273
1,6848,319.758746
1,6849,302.692424
1,6850,269.922777
1,6851,464.533757
1,6852,91.769521
1,6853,577.182175
1,6854,374.314528
1,6855,114.919534
1,6856,432.699699
1,6857,373.689271
1,6858,465.127437
1,6859,143.784050
1,6860,249.265150
1,6861,141.871183
1,6862,397.986064
1,6863,295.581883
1,6864,155.639973
1,6865,315.627973
1,6866,49.544745
1,6867,282.918148
1,6868,84.769941
1,6869,134.944160
1,6870,246.915856
1,6871,188.918467
1,6872,234.498806
1,6873,35.666818
1,6874,182.430900
1,6875,74.280509
1,6876,277.919599
1,6877,39.743144
1,6878,217.093285
1,6879,88.968963
1,6880,266.691145
1,6881,105.587910
1,6882,92.124193
1,6883,209.504704
1,6884,272.491004
1,6885,218.488101
1,6886,213.801545
1,6887,329.052816
1,6888,86.441747
1,6889,435.729563
1,6890,438.747228
1,6891,117.530258
1,6892,139.061421
1,6893,287.290834
1,6894,51.083055
1,6895,456.742550
1,6896,102.204207
1,6897,483.347943
1,6898,453.195133
1,6899,88.250321
1,6900,362.342958
1,6901,369.289476
1,6902,109.972108
1,6903,287.356786
1,6904,89.683928
1,6905,113.004200
1,6906,454.019156
1,6907,104.306262
1,6908,55.454137
1,6909,404.313827
1,6910,111.545626
1,6911,308.587350
1,6912,160.521550
1,6913,97.723739
1,6914,352.842979
1,6915,344.882022
1,6916,112.959442
1,6917,471.884657
1,6918,426.559599
1,6919,95.379471
1,6920,377.992651
1,6921,377.564969
1,6922,341.607703
1,6923,289.052345
1,6924,294.225055
1,6925,259.153264
1,6926,483.482648
1,6927,90.180429
1,6928,410.228100
1,6929,94.711508
1,6930,48.026422
1,6931,291.062757
1,6932,88.481858
1,6933,147.050011
1,6934,250.073006
1,6935,207.497957
1,6936,352.324636
1,6937,148.914207
1,6938,164.034331
1,6939,237.080621
1,6940,191.215448
1,6941,182.704514
1,6942,536.938543
1,6943,119.002944
1,6944,126.489576
1,6945,405.091325
1,6946,593.656194
1,6947,287.664231
1,6948,69.703287
1,6949,294.975162
1,6950,79.053141
1,6951,406.512168
1,6952,234.590332
1,6953,394.577704
1,6954,181.122714
1,6955,343.073166
1,6956,81.603270
1,6957,198.040562
1,6958,300.978309
1,6959,46.144078
1,6960,392.997415
1,6961,102.808906
1,6962,184.125829
1,6963,404.216386
1,6964,374.366854
1,6965,181.853073
1,6966,88.464493
1,6967,378.367425
1,6968,270.803440
1,6969,47.107842
1,6970,329.094510
1,6971,397.318639
1,6972,96.835430
1,6973,336.942140
1,6974,91.944592
1,6975,465.464048
1,6976,105.142026
1,6977,404.021022
1,6978,156.813851
1,6979,273.216202
1,6980,323.699679
1,6981,195.515652
1,6982,269.686272
1,6983,93.232045
1,6984,422.382861
1,6985,92.939820
1,6986,190.317092
1,6987,137.969120
1,6988,132.916575
1,6989,441.210500
1,6990,104.519094
1,6991,322.567806
1,6992,533.242032
1,6993,45.591942
1,6994,475.487408
1,6995,87.623217
1,6996,98.272692
1,6997,376.495598
1,6998,99.227855
1,6999,49.879209
1,7000,273.347186
1,7001,338.723980
1,7002,90.498281
1,7003,273.506181
1,7004,396.749636
1,7005,425.178735
1,7006,293.921780
1,7007,69.830222
1,7008,303.732356
1,7009,116.447226
1,7010,107.530443
1,7011,345.863953
1,7012,308.072540
1,7013,102.430687
1,7014,400.295891
1,7015,166.900863
1,7016,103.912002
1,7017,212.938860
1,7018,378.868139
1,7019,112.992778
1,7020,258.158052
1,7021,425.829577
1,7022,84.526563
1,7023,223.814176
1,7024,265.398277
1,7025,387.752112
1,7026,103.433215
1,7027,288.821393
1,7028,381.614362
1,7029,92.153606
1,7030,111.292488
1,7031,357.208268
1,7032,472.399218
1,7033,104.984897
1,7034,108.654809
1,7035,210.029044
1,7036,238.326286
1,7037,90.290190
1,7038,148.474718
1,7039,388.642563
1,7040,99.431423
1,7041,54.921784
1,7042,260.250265
1,7043,505.615457
1,7044,284.870799
1,7045,417.815587
1,7046,138.303585
1,7047,305.071687
1,7048,423.207781
1,7049,137.429451
1,7050,436.713967
1,7051,107.087082
1,7052,191.063256
1,7053,421.310203
1,7054,219.114963
1,7055,337.878652
1,7056,91.007609
1,7057,416.882928
1,7058,328.538843
1,7059,164.658369
1,7060,235.252109
1,7061,295.580647
1,7062,101.179281
1,7063,429.611328
1,7064,94.972053
1,7065,427.346962
1,7066,267.324339
1,7067,455.143149
1,7068,541.455155
1,7069,107.246143
1,7070,346.545199
1,7071,283.105629
1,7072,540.737594
1,7073,310.632312
1,7074,200.958962
1,7075,367.221306
1,7076,100.260740
1,7077,389.964120
1,7078,97.173607
1,7079,417.382482
1,7080,374.482375
1,7081,84.824235
1,7082,401.549331
1,7083,94.539923
1,7084,384.093937
1,7085,94.404469
1,7086,540.366926
1,7087,318.549611
1,7088,42.201568
1,7089,294.736257
1,7090,277.334548
1,7091,523.891945
1,7092,99.976216
1,7093,357.794731
1,7094,93.671562
1,7095,275.593452
1,7096,96.694364
1,7097,265.206658
1,7098,505.050743
1,7099,89.659431
1,7100,445.115035
1,7101,309.081393
1,7102,443.679033
1,7103,80.564138
1,7104,421.283214
1,7105,354.845395
1,7106,87.924219
1,7107,166.438713
1,7108,535.411474
1,7109,497.249595
1,7110,35.441197
1,7111,331.323526
1,7112,217.324134
1,7113,323.703928
1,7114,87.749438
1,7115,278.614441
1,7116,464.482413
1,7117,105.438210
1,7118,526.753452
1,7119,432.557118
1,7120,226.067296
1,7121,340.132393
1,7122,92.464369
1,7123,322.506750
1,7124,165.578541
1,7125,102.754958
1,7126,197.409998
1,7127,221.580288
1,7128,286.153781
1,7129,442.632120
1,7130,455.306996
1,7131,459.575936
1,7132,116.452626
1,7133,524.556390
1,7134,107.628342
1,7135,281.377274
1,7136,114.068053
1,7137,113.126483
1,7138,277.169528
1,7139,201.604135
1,7140,96.151592
1,7141,394.687522
1,7142,118.087833
1,7143,211.942828
1,7144,881.337549
1,7145,358.174795
1,7146,222.799115
1,7147,106.647870
1,7148,634.134770
1,7149,323.989634
1,7150,399.550533
1,7151,97.447206
1,7152,534.074920
1,7153,350.724703
1,7154,259.955910
1,7155,189.627595
1,7156,327.939804
1,7157,328.726551
1,7158,227.456641
1,7159,203.230621
1,7160,423.816360
1,7161,337.612475
1,7162,100.895306
1,7163,237.109572
1,7164,254.649668
1,7165,326.707216
1,7166,349.481428
1,7167,304.412713
1,7168,98.930576
1,7169,406.521336
1,7170,93.873813
1,7171,118.792365
1,7172,268.062770
1,7173,100.231550
1,7174,314.775625
1,7175,393.760107
1,7176,66.508299
1,7177,203.735882
1,7178,192.277021
1,7179,80.796948
1,7180,249.504985
1,7181,168.210759
1,7182,270.755980
1,7183,105.153136
1,7184,510.212829
1,7185,225.997127
1,7186,93.722702
1,7187,369.432307
1,7188,301.853079
1,7189,114.225772
1,7190,61.589303
1,7191,321.873676
1,7192,254.343900
1,7193,334.856691
1,7194,285.081136
1,7195,200.965232
1,7196,384.999628
1,7197,280.825977
1,7198,52.624901
1,7199,221.876070
1,7200,230.475676
1,7201,418.964508
1,7202,170.977240
1,7203,472.131080
1,7204,288.721274
1,7205,97.236321
1,7206,187.064433
1,7207,93.966430
1,7208,179.577810
1,7209,352.605251
1,7210,477.391834
1,7211,342.271793
1,7212,114.051210
1,7213,247.040683
1,7214,55.111112
1,7215,503.523384
1,7216,97.042192
1,7217,296.924312
1,7218,284.166724
1,7219,306.392732
1,7220,181.617517
1,7221,328.049108
1,7222,439.803761
1,7223,97.027398
1,7224,65.565190
1,7225,370.427638
1,7226,96.405647
1,7227,184.322532
1,7228,316.135331
1,7229,100.685615
1,7230,435.143898
1,7231,93.422987
1,7232,443.523726
1,7233,274.126531
1,7234,258.030236
1,7235,138.900085
1,7236,322.816577
1,7237,51.930274
1,7238,383.646821
1,7239,150.141996
1,7240,235.193158
1,7241,256.823882
1,7242,98.456546
1,7243,474.536930
1,7244,97.196003
1,7245,238.999953
1,7246,300.613944
1,7247,140.050595
1,7248,542.128994
1,7249,93.162337
1,7250,295.559698
1,7251,349.123427
1,7252,132.688357
1,7253,195.090372
1,7254,347.367954
1,7255,173.408017
1,7256,106.469466
1,7257,280.867553
1,7258,275.182489
1,7259,114.731177
1,7260,139.246930
1,7261,90.171145
1,7262,233.910389
1,7263,329.493594
1,7264,209.493859
1,7265,422.066290
1,7266,204.283352
1,7267,430.834935
1,7268,407.087643
1,7269,379.064299
1,7270,340.059280
1,7271,97.206462
1,7272,202.317637
1,7273,242.952570
1,7274,332.901441
1,7275,101.897736
1,7276,338.324143
1,7277,168.783534
1,7278,397.673205
1,7279,348.887929
1,7280,196.347160
1,7281,108.619122
1,7282,134.883154
1,7283,449.679623
1,7284,359.291359
1,7285,93.978460
1,7286,330.625375
1,7287,100.967065
1,7288,411.203021
1,7289,433.383131
1,7290,107.452233
1,7291,430.439068
1,7292,104.496378
1,7293,358.724628
1,7294,104.644787
1,7295,241.753192
1,7296,65.781502
1,7297,528.143621
1,7298,102.156972
1,7299,217.760752
1,7300,234.859355
1,7301,193.207421
1,7302,169.879411
1,7303,400.618614
1,7304,92.003211
1,7305,377.851631
1,7306,248.117586
1,7307,457.286458
1,7308,251.188798
1,7309,225.552410
1,7310,199.603211
1,7311,151.220518
1,7312,357.268040
1,7313,502.635032
1,7314,137.656295
1,7315,439.845121
1,7316,104.289571
1,7317,164.127370
1,7318,411.025326
1,7319,166.205535
1,7320,161.180515
1,7321,173.811762
1,7322,179.647574
1,7323,289.469058
1,7324,65.707695
1,7325,426.899907
1,7326,137.150020
1,7327,474.073948
1,7328,96.635164
1,7329,227.260571
1,7330,95.832127
1,7331,97.991133
1,7332,168.288911
1,7333,97.916076
1,7334,106.957963
1,7335,320.918989
1,7336,46.336502
1,7337,289.239069
1,7338,426.667483
1,7339,191.479248
1,7340,107.644667
1,7341,264.365134
1,7342,279.583863
1,7343,86.822250
1,7344,302.478798
1,7345,56.251807
1,7346,255.683631
1,7347,114.659206
1,7348,208.641134
1,7349,471.282703
1,7350,381.210110
1,7351,86.603975
1,7352,135.812042
1,7353,133.161909
1,7354,386.263794
1,7355,84.016447
1,7356,448.141623
1,7357,90.050114
1,7358,329.599395
1,7359,121.457013
1,7360,287.810875
1,7361,174.895244
1,7362,327.535690
1,7363,282.538394
1,7364,94.625202
1,7365,189.616294
1,7366,311.700258
1,7367,282.669625
1,7368,465.108818
1,7369,186.394326
1,7370,292.682115
1,7371,93.051953
1,7372,363.523633
1,7373,173.478327
1,7374,342.645226
1,7375,50.609377
1,7376,285.135387
1,7377,97.977365
1,7378,96.267127
1,7379,245.984113
1,7380,102.699174
1,7381,113.080086
1,7382,144.754492
1,7383,262.059728
1,7384,93.749101
1,7385,199.188675
1,7386,93.368220
1,7387,339.161569
1,7388,139.484519
1,7389,164.943084
1,7390,441.425218
1,7391,132.340810
1,7392,94.344269
1,7393,352.557800
1,7394,361.068946
1,7395,202.865589
1,7396,282.735585
1,7397,111.028943
1,7398,300.864793
1,7399,132.190815
1,7400,198.963860
1,7401,445.498924
1,7402,94.426677
1,7403,175.076629
1,7404,373.692431
1,7405,392.906409
1,7406,99.408085
1,7407,242.326761
1,7408,93.354886
1,7409,280.570278
1,7410,124.261471
1,7411,391.119045
1,7412,636.843169
1,7413,173.254168
1,7414,351.517325
1,7415,109.506908
1,7416,263.838343
1,7417,412.973376
1,7418,423.412185
1,7419,98.236525
1,7420,232.248772
1,7421,177.374446
1,7422,90.072295
1,7423,295.183278
1,7424,93.651562
1,7425,408.806939
1,7426,121.836519
1,7427,420.616715
1,7428,135.100561
1,7429,137.665804
1,7430,289.109976
1,7431,475.760761
1,7432,348.558548
1,7433,105.952831
1,7434,130.220738
1,7435,373.467270
1,7436,302.124004
1,7437,139.294370
1,7438,404.304202
1,7439,244.406195
1,7440,95.033723
1,7441,915.503249
1,7442,165.517337
1,7443,113.264951
1,7444,504.427411
1,7445,318.069851
1,7446,519.369798
1,7447,85.301829
1,7448,391.457327
1,7449,223.473324
1,7450,333.802447
1,7451,101.760394
1,7452,225.668171
1,7453,273.087704
1,7454,340.685397
1,7455,378.494794
1,7456,320.390279
1,7457,93.997569
1,7458,190.973927
1,7459,109.841937
1,7460,230.935180
1,7461,185.542963
1,7462,322.476753
1,7463,96.107923
1,7464,197.857196
1,7465,96.163916
1,7466,317.292961
1,7467,91.717056
1,7468,286.695133
1,7469,229.972614
1,7470,93.908129
1,7471,407.247839
1,7472,208.799022
1,7473,200.267520
1,7474,349.059215
1,7475,57.003722
1,7476,349.748792
1,7477,310.853106
1,7478,237.928962
1,7479,502.744462
1,7480,191.965409
1,7481,290.814344
1,7482,107.581182
1,7483,383.229845
1,7484,272.569014
1,7485,208.107972
1,7486,98.811849
1,7487,291.871860
1,7488,235.101366
1,7489,259.857466
1,7490,224.314591
1,7491,101.716024
1,7492,288.075794
1,7493,246.508468
1,7494,52.431168
1,7495,364.129956
1,7496,221.871616
1,7497,257.743711
1,7498,199.945980
1,7499,298.631300
1,7500,393.374543
1,7501,199.696844
1,7502,52.099386
1,7503,385.890524
1,7504,95.739771
1,7505,358.681837
1,7506,91.310292
1,7507,359.136908
1,7508,89.060758
1,7509,105.285542
1,7510,316.772103
1,7511,346.299462
1,7512,91.011438
1,7513,187.468363
1,7514,92.055563
1,7515,234.555615
1,7516,141.532007
1,7517,137.429279
1,7518,183.697955
1,7519,238.337380
1,7520,302.475129
1,7521,92.500769
1,7522,172.136471
1,7523,139.490190
1,7524,462.760406
1,7525,94.414973
1,7526,499.335343
1,7527,113.972666
1,7528,449.583684
1,7529,103.903009
1,7530,291.225976
1,7531,253.851704
1,7532,475.378622
1,7533,152.455394
1,7534,91.059140
1,7535,413.219541
1,7536,138.882611
1,7537,381.672687
1,7538,190.509074
1,7539,285.435276
1,7540,315.364922
1,7541,88.928291
1,7542,159.475684
1,7543,34.084779
1,7544,415.062892
1,7545,86.159727
1,7546,277.266780
1,7547,271.292483
1,7548,266.289449
1,7549,298.294832
1,7550,280.465383
1,7551,48.540965
1,7552,137.605342
1,7553,255.407638
1,7554,85.529285
1,7555,226.517443
1,7556,194.839702
1,7557,209.043939
1,7558,294.598285
1,7559,498.327834
1,7560,110.770900
1,7561,218.171598
1,7562,285.451699
1,7563,245.509651
1,7564,253.586997
1,7565,87.606609
1,7566,163.916397
1,7567,183.902073
1,7568,94.642786
1,7569,50.858077
1,7570,327.051962
1,7571,89.046727
1,7572,188.304337
1,7573,466.245644
1,7574,50.765872
1,7575,310.243662
1,7576,130.288871
1,7577,286.632220
1,7578,92.461949
1,7579,218.968470
1,7580,89.165832
1,7581,342.442106
1,7582,179.688750
1,7583,266.680056
1,7584,376.156654
1,7585,103.299725
1,7586,68.880767
1,7587,309.209019
1,7588,100.987953
1,7589,155.528248
1,7590,146.702685
1,7591,256.093076
1,7592,229.077631
1,7593,90.696073
1,7594,234.600753
1,7595,119.727475
1,7596,242.841113
1,7597,224.375506
1,7598,104.639147
1,7599,425.728402
1,7600,87.061061
1,7601,212.248206
1,7602,86.080429
1,7603,295.396018
1,7604,182.623367
1,7605,234.537199
1,7606,85.095588
1,7607,156.575124
1,7608,183.694265
1,7609,307.276799
1,7610,82.934194
1,7611,308.101339
1,7612,87.185748
1,7613,298.852468
1,7614,300.865148
1,7615,278.553960
1,7616,137.180138
1,7617,107.217665
1,7618,48.816850
1,7619,334.501747
1,7620,83.744966
1,7621,441.210614
1,7622,287.025271
1,7623,290.083374
1,7624,97.431345
1,7625,247.864927
1,7626,131.209639
1,7627,218.179244
1,7628,283.946447
1,7629,281.933843
1,7630,345.512898
1,7631,87.038152
1,7632,85.275127
1,7633,337.988983
1,7634,458.489823
1,7635,520.947010
1,7636,383.505426
1,7637,423.002376
1,7638,298.561127
1,7639,65.809326
1,7640,321.694460
1,7641,89.656545
1,7642,363.503589
1,7643,231.563573
1,7644,318.142024
1,7645,158.174396
1,7646,131.529702
1,7647,259.528925
1,7648,80.051701
1,7649,205.338673
1,7650,428.410244
1,7651,98.932981
1,7652,397.208882
1,7653,88.088724
1,7654,204.127441
1,7655,452.847626
1,7656,398.389170
1,7657,343.685983
1,7658,217.289254
1,7659,108.094943
1,7660,157.416610
1,7661,80.317929
1,7662,204.730997
1,7663,284.969526
1,7664,400.829659
1,7665,194.640085
1,7666,433.844117
1,7667,104.416699
1,7668,128.274028
1,7669,197.645140
1,7670,255.238263
1,7671,79.688078
1,7672,249.074198
1,7673,79.360040
1,7674,124.112924
1,7675,82.871661
1,7676,210.243658
1,7677,304.246755
1,7678,326.503753
1,7679,352.322652
1,7680,298.378469
1,7681,164.380552
1,7682,120.267583
1,7683,288.528097
1,7684,340.673097
1,7685,393.122783
1,7686,78.692828
1,7687,343.187991
1,7688,40.365143
1,7689,292.197737
1,7690,236.742153
1,7691,77.142047
1,7692,178.661449
1,7693,321.501932
1,7694,249.220675
1,7695,316.095498
1,7696,342.267708
1,7697,357.995552
1,7698,403.723239
1,7699,81.411187
1,7700,130.927644
1,7701,335.560899
1,7702,134.765531
1,7703,210.506740
1,7704,143.228831
1,7705,104.863238
1,7706,317.051132
1,7707,66.278767
1,7708,286.948612
1,7709,226.232751
1,7710,214.440681
1,7711,305.364282
1,7712,388.856880
1,7713,72.604352
1,7714,212.869600
1,7715,115.036353
1,7716,301.726687
1,7717,77.137612
1,7718,284.568050
1,7719,139.117098
1,7720,337.192668
1,7721,279.069760
1,7722,86.853396
1,7723,409.953838
1,7724,356.428100
1,7725,371.013785
1,7726,434.162389
1,7727,356.708288
1,7728,84.971466
1,7729,238.971508
1,7730,79.556397
1,7731,240.789722
1,7732,333.900692
1,7733,79.841948
1,7734,165.245684
1,7735,277.718974
1,7736,126.856737
1,7737,165.112228
1,7738,78.193141
1,7739,671.674245
1,7740,79.206648
1,7741,319.812764
1,7742,131.561254
1,7743,248.352235
1,7744,79.560547
1,7745,166.751725
1,7746,327.210097
1,7747,350.103664
1,7748,78.947587
1,7749,47.172227
1,7750,292.147254
1,7751,77.187483
1,7752,337.067202
1,7753,84.963602
1,7754,183.263012
1,7755,518.083822
1,7756,78.226441
1,7757,350.373183
1,7758,76.105808
1,7759,266.504641
1,7760,194.310320
1,7761,206.772885
1,7762,252.063051
1,7763,270.454736
1,7764,166.113894
1,7765,200.760202
1,7766,367.330961
1,7767,74.582847
1,7768,165.466787
1,7769,205.537879
1,7770,236.074970
1,7771,161.807650
1,7772,83.849044
1,7773,293.299129
1,7774,230.275291
1,7775,77.246010
1,7776,190.637633
1,7777,169.026843
1,7778,262.875625
1,7779,118.576201
1,7780,71.835113
1,7781,306.791015
1,7782,160.588274
1,7783,169.184104
1,7784,213.956923
1,7785,254.811204
1,7786,222.204024
1,7787,331.549298
1,7788,113.505299
1,7789,156.311258
1,7790,72.540696
1,7791,168.444444
1,7792,71.193482
1,7793,219.095186
1,7794,69.134813
1,7795,76.662228
1,7796,258.931149
1,7797,280.932941
1,7798,328.206185
1,7799,280.134953
1,7800,160.082230
1,7801,288.039967
1,7802,73.273034
1,7803,268.616456
1,7804,126.926306
1,7805,187.858133
1,7806,247.858585
1,7807,478.342281
1,7808,218.237421
1,7809,277.091682
1,7810,377.970836
1,7811,190.985273
1,7812,403.194346
1,7813,337.087560
1,7814,280.119034
1,7815,214.806052
1,7816,69.825627
1,7817,289.045610
1,7818,72.097296
1,7819,231.531502
1,7820,325.769316
1,7821,286.175282
1,7822,72.725608
1,7823,326.426054
1,7824,284.782719
1,7825,260.980844
1,7826,265.332931
1,7827,346.745036
1,7828,116.829531
1,7829,85.152511
1,7830,100.133678
1,7831,274.296416
1,7832,231.435439
1,7833,298.952866
1,7834,244.115293
1,7835,358.536834
1,7836,240.535334
1,7837,153.155682
1,7838,430.436720
1,7839,88.533679
1,7840,277.976993
1,7841,349.574879
1,7842,346.192972
1,7843,335.538685
1,7844,337.817825
1,7845,78.115424
1,7846,232.247001
1,7847,393.587482
1,7848,126.646684
1,7849,232.400519
1,7850,417.477224
1,7851,366.358099
1,7852,339.642667
1,7853,309.893653
1,7854,120.808037
1,7855,353.801679
1,7856,278.800066
1,7857,327.388423
1,7858,78.759959
1,7859,164.035583
1,7860,241.473263
1,7861,325.880757
1,7862,312.184574
1,7863,77.263718
1,7864,375.026276
1,7865,88.603890
1,7866,415.610232
1,7867,485.373879
1,7868,409.591301
1,7869,72.488333
1,7870,38.774493
1,7871,295.875861
1,7872,75.174257
1,7873,256.773194
1,7874,182.959745
1,7875,257.443738
1,7876,146.086378
1,7877,291.186533
1,7878,232.369804
1,7879,174.962470
1,7880,65.524944
1,7881,165.510079
1,7882,261.447598
1,7883,113.709795
1,7884,190.363294
1,7885,220.214957
1,7886,156.333209
1,7887,113.315451
1,7888,295.461036
1,7889,364.504395
1,7890,236.742090
1,7891,165.057790
1,7892,141.365859
1,7893,118.937591
1,7894,236.749786
1,7895,265.971237
1,7896,78.253851
1,7897,278.752190
1,7898,77.067263
1,7899,167.841717
1,7900,39.014543
1,7901,120.201075
1,7902,263.148170
1,7903,319.524855
1,7904,239.539873
1,7905,310.044720
1,7906,214.084193
1,7907,126.233998
1,7908,265.092543
1,7909,290.933762
1,7910,166.569706
1,7911,241.281931
1,7912,246.438509
1,7913,344.733489
1,7914,229.537177
1,7915,246.775043
1,7916,86.089741
1,7917,411.191632
1,7918,49.287116
1,7919,269.913543
1,7920,77.028682
1,7921,185.335927
1,7922,171.492095
1,7923,310.173878
1,7924,75.465231
1,7925,195.325797
1,7926,635.854748
1,7927,588.465515
1,7928,323.756187
1,7929,324.977744
1,7930,38.651069
1,7931,377.307004
1,7932,354.109954
1,7933,383.582796
1,7934,305.648668
1,7935,261.451658
1,7936,76.473127
1,7937,91.168290
1,7938,420.485713
1,7939,253.162673
1,7940,372.021222
1,7941,445.023364
1,7942,438.254496
1,7943,389.154355
1,7944,365.659467
1,7945,99.203539
1,7946,367.739692
1,7947,261.677135
1,7948,559.968786
1,7949,435.425511
1,7950,341.861199
1,7951,401.385699
1,7952,84.074891
1,7953,353.622413
1,7954,350.284866
1,7955,399.247581
1,7956,502.856839
1,7957,263.532213
1,7958,235.143574
1,7959,429.590523
1,7960,46.208830
1,7961,187.734966
1,7962,316.082221
1,7963,363.753371
1,7964,362.284155
1,7965,269.012107
1,7966,349.915112
1,7967,334.468836
1,7968,99.659187
1,7969,103.504407
1,7970,488.484605
1,7971,135.837628
1,7972,351.051308
1,7973,421.954521
1,7974,83.298783
1,7975,388.765504
1,7976,86.356034
1,7977,173.151977
1,7978,152.720199
1,7979,263.783895
1,7980,291.424576
1,7981,166.558458
1,7982,300.707575
1,7983,65.443603
1,7984,260.829055
1,7985,316.606703
1,7986,72.006915
1,7987,94.035101
1,7988,474.168214
1,7989,319.033440
1,7990,76.017743
1,7991,420.479888
1,7992,295.167346
1,7993,396.959666
1,7994,76.861126
1,7995,236.465695
1,7996,83.488729
1,7997,389.369367
1,7998,185.943042
1,7999,362.385925
1,8000,313.954324
1,8001,344.804859
1,8002,281.658469
1,8003,511.354425
1,8004,323.255560
1,8005,505.147420
1,8006,376.073458
1,8007,516.152726
1,8008,82.326914
1,8009,217.240465
1,8010,106.810698
1,8011,409.096483
1,8012,480.479643
1,8013,92.902735
1,8014,239.618591
1,8015,86.698118
1,8016,219.641295
1,8017,188.794083
1,8018,195.794817
1,8019,86.083570
1,8020,345.261377
1,8021,87.662871
1,8022,318.555850
1,8023,84.482965
1,8024,96.714563
1,8025,400.578623
1,8026,280.772762
1,8027,379.717882
1,8028,284.418358
1,8029,106.696466
1,8030,165.410848
1,8031,232.618097
1,8032,345.749963
1,8033,74.048886
1,8034,374.762569
1,8035,80.958759
1,8036,83.290375
1,8037,414.621984
1,8038,124.754903
1,8039,365.178531
1,8040,357.141784
1,8041,94.757547
1,8042,275.705039
1,8043,292.743791
1,8044,44.187617
1,8045,228.299502
1,8046,83.777210
1,8047,368.706139
1,8048,457.295174
1,8049,393.579811
1,8050,457.633284
1,8051,254.178581
1,8052,300.457062
1,8053,315.138199
1,8054,271.186279
1,8055,371.101684
1,8056,316.110595
1,8057,245.210005
1,8058,103.145373
1,8059,226.822487
1,8060,252.567297
1,8061,358.205694
1,8062,93.384458
1,8063,210.900375
1,8064,380.297059
1,8065,94.979929
1,8066,494.686919
1,8067,144.031939
1,8068,341.667580
1,8069,311.806860
1,8070,187.816261
1,8071,83.017335
1,8072,299.983871
1,8073,83.664948
1,8074,306.447738
1,8075,200.479504
1,8076,249.961154
1,8077,257.650710
1,8078,67.604361
1,8079,219.401429
1,8080,361.742365
1,8081,275.222624
1,8082,255.206299
1,8083,116.631773
1,8084,193.311504
1,8085,298.643960
1,8086,353.497707
1,8087,416.783590
1,8088,40.188317
1,8089,229.907055
1,8090,354.776788
1,8091,80.122302
1,8092,277.416531
1,8093,77.966583
1,8094,92.811253
1,8095,314.811793
1,8096,60.494840
1,8097,178.311639
1,8098,86.427623
1,8099,212.337940
1,8100,192.067877
1,8101,77.652575
1,8102,167.431006
1,8103,241.677171
1,8104,100.060498
1,8105,346.828543
1,8106,99.142433
1,8107,128.254562
1,8108,415.597711
1,8109,83.369065
1,8110,391.989759
1,8111,445.603872
1,8112,194.452760
1,8113,500.061191
1,8114,92.003224
1,8115,304.184755
1,8116,303.487622
1,8117,477.565245
1,8118,284.267988
1,8119,250.128093
1,8120,324.903240
1,8121,207.174694
1,8122,324.868177
1,8123,90.875787
1,8124,552.604638
1,8125,82.732847
1,8126,82.403920
1,8127,509.220239
1,8128,469.996606
1,8129,198.376664
1,8130,316.849277
1,8131,278.643127
1,8132,583.212288
1,8133,81.692153
1,8134,308.925201
1,8135,133.019955
1,8136,345.841986
1,8137,298.065501
1,8138,193.846425
1,8139,304.348776
1,8140,300.982703
1,8141,196.448786
1,8142,369.679299
1,8143,265.744327
1,8144,493.420098
1,8145,347.016152
1,8146,509.421034
1,8147,436.882121
1,8148,339.598504
1,8149,80.537438
1,8150,337.035124
1,8151,318.588271
1,8152,384.264791
1,8153,398.586281
1,8154,77.624790
1,8155,376.885360
1,8156,347.894491
1,8157,364.771247
1,8158,415.715179
1,8159,506.868753
1,8160,261.630864
1,8161,313.251040
1,8162,347.123116
1,8163,125.178979
1,8164,375.624421
1,8165,252.530805
1,8166,158.680833
1,8167,213.065360
1,8168,63.882466
1,8169,131.115648
1,8170,267.124796
1,8171,221.106821
1,8172,241.943529
1,8173,78.540986
1,8174,37.487535
1,8175,74.978104
1,8176,144.335174
1,8177,253.558338
1,8178,230.561448
1,8179,79.562711
1,8180,178.399383
1,8181,86.790316
1,8182,290.702733
1,8183,131.795185
1,8184,231.671090
1,8185,36.078240
1,8186,211.378368
1,8187,97.617011
1,8188,269.945672
1,8189,82.875903
1,8190,173.440868
1,8191,44.470229
1,8192,301.234174
1,8193,208.821980
1,8194,246.367297
1,8195,244.653149
1,8196,86.074021
1,8197,171.667947
1,8198,91.210568
1,8199,297.829564
1,8200,392.739701
1,8201,37.127174
1,8202,265.814819
1,8203,169.391522
1,8204,83.419964
1,8205,132.277582
1,8206,80.981651
1,8207,91.026250
1,8208,43.214917
1,8209,272.541517
1,8210,80.048962
1,8211,127.185634
1,8212,258.641014
1,8213,300.807047
1,8214,83.380416
1,8215,210.153266
1,8216,90.692501
1,8217,250.740795
1,8218,82.614199
1,8219,201.315931
1,8220,85.580396
1,8221,82.638277
1,8222,272.977075
1,8223,122.658947
1,8224,277.550260
1,8225,194.313418
1,8226,81.490874
1,8227,241.027762
1,8228,292.494336
1,8229,309.650232
1,8230,378.692231
1,8231,129.815142
1,8232,93.410336
1,8233,130.741835
1,8234,299.113247
1,8235,369.349979
1,8236,253.709323
1,8237,78.663124
1,8238,238.255521
1,8239,75.065815
1,8240,245.493486
1,8241,248.385164
1,8242,174.357854
1,8243,313.346227
1,8244,77.523940
1,8245,271.219802
1,8246,1144.473253
1,8247,298.844062
1,8248,74.183545
1,8249,334.008020
1,8250,194.400880
1,8251,161.448527
1,8252,298.459085
1,8253,81.254554
1,8254,196.212564
1,8255,85.366967
1,8256,170.615167
1,8257,134.925948
1,8258,303.821869
1,8259,346.777812
1,8260,91.369196
1,8261,419.684650
1,8262,263.679406
1,8263,64.381371
1,8264,171.156031
1,8265,332.702977
1,8266,35.341165
1,8267,226.601993
1,8268,366.272030
1,8269,35.344032
1,8270,277.457950
1,8271,553.587526
1,8272,408.973388
1,8273,299.179878
1,8274,284.467254
1,8275,84.036258
1,8276,213.543349
1,8277,88.681425
1,8278,352.174281
1,8279,278.149248
1,8280,322.843320
1,8281,317.127643
1,8282,406.893194
1,8283,118.474529
1,8284,236.093821
1,8285,245.801481
1,8286,80.267079
1,8287,301.038629
1,8288,274.121954
1,8289,83.150574
1,8290,211.080643
1,8291,81.137541
1,8292,213.207895
1,8293,181.769489
1,8294,124.174491
1,8295,171.473174
1,8296,82.531519
1,8297,204.661555
1,8298,133.526884
1,8299,324.755200
1,8300,80.635860
1,8301,232.175612
1,8302,374.423651
1,8303,42.581336
1,8304,209.905191
1,8305,339.718496
1,8306,79.537020
1,8307,233.696923
1,8308,211.362361
1,8309,395.431151
1,8310,92.647381
1,8311,212.622283
1,8312,281.577150
1,8313,125.655351
1,8314,127.183743
1,8315,218.058053
1,8316,352.817033
1,8317,317.448121
1,8318,80.498425
1,8319,271.780514
1,8320,80.820983
1,8321,176.833777
1,8322,339.517010
1,8323,81.255723
1,8324,293.331461
1,8325,77.719762
1,8326,164.063603
1,8327,82.110536
1,8328,393.449795
1,8329,77.870410
1,8330,122.490495
1,8331,311.598604
1,8332,346.401693
1,8333,360.628960
1,8334,245.515210
1,8335,88.479464
1,8336,314.100045
1,8337,235.205687
1,8338,376.967075
1,8339,302.454668
1,8340,381.182339
1,8341,471.065306
1,8342,558.925999
1,8343,90.223038
1,8344,377.363074
1,8345,91.827405
1,8346,479.308825
1,8347,97.676974
1,8348,391.676218
1,8349,260.890890
1,8350,494.614510
1,8351,94.503554
1,8352,238.352273
1,8353,458.372332
1,8354,116.831467
1,8355,611.829409
1,8356,633.268879
1,8357,645.207201
1,8358,53.925352
1,8359,460.143244
1,8360,489.654823
1,8361,575.228951
1,8362,102.849426
1,8363,447.268954
1,8364,409.116259
1,8365,232.884875
1,8366,98.379905
1,8367,443.359700
1,8368,427.393376
1,8369,359.620987
1,8370,100.212281
1,8371,494.520560
1,8372,97.317089
1,8373,299.699594
1,8374,519.813878
1,8375,321.959743
1,8376,566.919179
1,8377,118.333486
1,8378,448.801302
1,8379,552.474415
1,8380,102.489943
1,8381,412.886541
1,8382,699.530004
1,8383,456.107880
1,8384,582.988338
1,8385,416.468574
1,8386,117.405880
1,8387,380.263582
1,8388,277.636733
1,8389,218.218333
1,8390,243.899646
1,8391,397.682149
1,8392,72.659962
1,8393,431.697177
1,8394,300.334876
1,8395,104.973849
1,8396,312.027292
1,8397,382.422270
1,8398,169.917491
1,8399,446.550163
1,8400,454.208438
1,8401,336.823615
1,8402,85.360353
1,8403,245.643791
1,8404,164.942387
1,8405,299.651190
1,8406,84.394165
1,8407,473.336252
1,8408,144.833900
1,8409,104.719555
1,8410,95.276019
1,8411,481.595864
1,8412,96.886599
1,8413,58.917177
1,8414,199.230489
1,8415,368.316501
1,8416,789.023869
1,8417,573.842780
1,8418,97.511210
1,8419,621.123396
1,8420,111.599652
1,8421,224.014709
1,8422,213.224622
1,8423,497.289272
1,8424,127.472019
1,8425,610.622183
1,8426,100.376604
1,8427,462.508997
1,8428,289.050339
1,8429,457.457511
1,8430,129.369163
1,8431,289.612032
1,8432,194.565509
1,8433,560.584939
1,8434,143.187392
1,8435,559.105860
1,8436,230.642723
1,8437,318.087884
1,8438,458.228223
1,8439,477.960653
1,8440,106.533418
1,8441,229.551848
1,8442,481.910216
1,8443,53.018181
1,8444,445.210480
1,8445,362.578909
1,8446,407.232492
1,8447,366.669319
1,8448,117.887133
1,8449,407.172622
1,8450,356.188180
1,8451,260.611617
1,8452,542.516532
1,8453,102.864834
1,8454,210.250225
1,8455,507.459335
1,8456,97.951462
1,8457,248.317351
1,8458,482.673795
1,8459,552.164012
1,8460,447.583655
1,8461,373.264239
1,8462,390.132966
1,8463,117.567223
1,8464,300.150415
1,8465,351.769147
1,8466,87.293368
1,8467,429.028108
1,8468,85.045469
1,8469,475.777821
1,8470,260.315382
1,8471,473.111669
1,8472,89.908192
1,8473,221.425313
1,8474,428.463879
1,8475,821.927495
1,8476,362.646020
1,8477,403.773794
1,8478,140.620107
1,8479,461.952106
1,8480,98.998711
1,8481,412.487544
1,8482,566.111023
1,8483,215.561663
1,8484,107.519372
1,8485,388.060250
1,8486,303.262040
1,8487,387.327984
1,8488,96.111475
1,8489,383.440032
1,8490,621.210407
1,8491,143.548539
1,8492,200.441655
1,8493,249.432662
1,8494,54.226985
1,8495,598.786352
1,8496,581.157725
1,8497,94.581579
1,8498,628.307036
1,8499,495.380566
1,8500,511.696565
1,8501,108.072185
1,8502,210.240495
1,8503,498.319345
1,8504,508.436711
1,8505,540.318372
1,8506,119.962617
1,8507,535.430310
1,8508,547.004322
1,8509,105.601442
1,8510,504.367686
1,8511,361.572691
1,8512,101.326207
1,8513,461.937045
1,8514,284.446933
1,8515,331.224605
1,8516,184.120449
1,8517,212.716999
1,8518,317.056419
1,8519,93.749912
1,8520,595.230390
1,8521,365.833537
1,8522,421.258812
1,8523,527.903266
1,8524,69.317917
1,8525,520.472384
1,8526,142.691287
1,8527,49.824318
1,8528,482.661185
1,8529,414.441764
1,8530,99.379270
1,8531,309.013768
1,8532,263.738209
1,8533,406.610783
1,8534,113.236257
1,8535,56.511857
1,8536,415.660025
1,8537,538.400420
1,8538,449.636684
1,8539,127.153237
1,8540,372.858737
1,8541,121.274175
1,8542,397.169157
1,8543,507.239566
1,8544,368.655666
1,8545,181.621834
1,8546,384.480401
1,8547,163.846809
1,8548,90.511184
1,8549,307.428832
1,8550,98.826464
1,8551,366.057279
1,8552,385.153616
1,8553,478.555454
1,8554,131.904384
1,8555,416.578023
1,8556,344.645350
1,8557,495.152383
1,8558,380.724314
1,8559,123.332380
1,8560,390.545689
1,8561,190.794196
1,8562,524.030850
1,8563,86.117099
1,8564,344.437881
1,8565,447.747483
1,8566,269.153693
1,8567,395.742203
1,8568,380.612870
1,8569,90.391474
1,8570,396.398864
1,8571,406.459152
1,8572,112.349962
1,8573,443.946260
1,8574,578.730531
1,8575,200.289782
1,8576,499.452851
1,8577,272.355209
1,8578,229.198884
1,8579,400.447182
1,8580,182.834397
1,8581,408.260940
1,8582,157.150018
1,8583,471.110381
1,8584,52.285603
1,8585,494.569478
1,8586,340.556296
1,8587,96.592538
1,8588,360.735951
1,8589,101.066462
1,8590,422.697814
1,8591,185.854842
1,8592,267.693849
1,8593,308.408435
1,8594,204.162808
1,8595,113.399826
1,8596,419.896603
1,8597,350.449496
1,8598,431.933351
1,8599,515.898079
1,8600,413.832548
1,8601,121.482899
1,8602,464.783629
1,8603,270.384450
1,8604,233.897107
1,8605,237.839618
1,8606,110.465469
1,8607,446.564039
1,8608,449.664938
1,8609,543.688964
1,8610,66.841991
1,8611,525.962273
1,8612,435.969773
1,8613,103.977322
1,8614,226.139610
1,8615,570.649326
1,8616,102.644129
1,8617,533.259391
1,8618,98.433044
1,8619,340.054594
1,8620,106.743840
1,8621,517.072044
1,8622,427.427837
1,8623,191.007344
1,8624,168.849418
1,8625,228.909143
1,8626,347.619259
1,8627,383.963083
1,8628,484.425209
1,8629,220.353772
1,8630,474.914656
1,8631,99.417213
1,8632,435.466079
1,8633,465.264617
1,8634,103.301821
1,8635,371.855991
1,8636,325.145990
1,8637,488.418603
1,8638,115.156228
1,8639,602.989605
1,8640,553.040665
1,8641,94.225846
1,8642,90.677850
1,8643,460.127643
1,8644,90.033939
1,8645,178.082483
1,8646,496.901954
1,8647,210.989622
1,8648,525.994103
1,8649,318.949355
1,8650,240.963724
1,8651,321.872584
1,8652,450.403642
1,8653,79.223259
1,8654,40.500310
1,8655,404.229366
1,8656,492.589760
1,8657,93.322151
1,8658,374.192658
1,8659,86.617202
1,8660,464.345677
1,8661,429.760390
1,8662,89.452883
1,8663,197.819738
1,8664,93.766445
1,8665,344.570372
1,8666,379.151640
1,8667,90.558565
1,8668,420.508067
1,8669,283.750828
1,8670,425.895601
1,8671,92.996982
1,8672,336.913114
1,8673,502.029179
1,8674,489.371332
1,8675,245.483986
1,8676,127.658611
1,8677,509.127495
1,8678,287.967094
1,8679,69.747810
1,8680,291.351728
1,8681,271.904368
1,8682,428.658818
1,8683,78.791414
1,8684,247.858170
1,8685,487.499429
1,8686,416.993842
1,8687,148.648016
1,8688,390.775308
1,8689,84.738484
1,8690,214.974604
1,8691,372.616986
1,8692,94.350025
1,8693,283.648250
1,8694,101.071099
1,8695,496.785626
1,8696,183.265536
1,8697,388.385717
1,8698,227.624058
1,8699,188.966228
1,8700,374.467090
1,8701,55.864824
1,8702,232.973573
1,8703,119.162747
1,8704,373.646421
1,8705,50.882573
1,8706,340.542384
1,8707,92.185616
1,8708,407.732547
1,8709,114.422039
1,8710,89.532730
1,8711,213.520779
1,8712,272.428776
1,8713,187.857584
1,8714,157.820950
1,8715,529.774489
1,8716,91.832179
1,8717,457.251274
1,8718,351.744454
1,8719,93.168070
1,8720,316.280466
1,8721,96.124084
1,8722,121.192063
1,8723,461.694771
1,8724,90.139532
1,8725,49.822474
1,8726,418.704635
1,8727,93.743428
1,8728,301.830092
1,8729,139.989176
1,8730,90.736230
1,8731,347.547301
1,8732,382.512917
1,8733,313.691412
1,8734,301.140342
1,8735,267.195385
1,8736,463.032151
1,8737,96.979854
1,8738,569.451788
1,8739,369.690350
1,8740,125.691940
1,8741,428.838475
1,8742,367.821927
1,8743,452.321707
1,8744,143.830606
1,8745,246.494259
1,8746,153.988740
1,8747,381.414570
1,8748,278.326860
1,8749,154.763106
1,8750,314.363669
1,8751,56.823474
1,8752,283.888427
1,8753,84.789116
1,8754,134.990163
1,8755,245.778426
1,8756,193.400328
1,8757,234.641000
1,8758,35.666818
1,8759,182.484552
1,8760,74.286375
1,8761,277.998497
1,8762,39.743144
1,8763,217.173280
1,8764,88.981069
1,8765,280.176669
1,8766,110.514278
1,8767,92.137942
1,8768,210.943423
1,8769,270.763025
1,8770,196.120009
1,8771,209.627466
1,8772,330.684760
1,8773,86.453095
1,8774,422.131851
1,8775,435.140208
1,8776,120.381345
1,8777,139.104806
1,8778,281.932712
1,8779,51.086282
1,8780,456.610188
1,8781,121.733050
1,8782,482.090757
1,8783,441.034326
1,8784,88.263277
1,8785,366.701180
1,8786,359.889145
1,8787,100.125282
1,8788,283.755389
1,8789,94.562599
1,8790,104.346001
1,8791,455.446139
1,8792,98.998902
1,8793,62.127983
1,8794,415.332063
1,8795,104.618446
1,8796,311.760980
1,8797,160.566341
1,8798,98.439053
1,8799,360.192689
1,8800,337.167646
1,8801,119.239210
1,8802,478.146324
1,8803,422.072792
1,8804,100.426920
1,8805,365.414630
1,8806,388.233741
1,8807,343.158393
1,8808,282.736626
1,8809,299.163657
1,8810,252.362160
1,8811,479.810183
1,8812,90.193927
1,8813,410.005215
1,8814,89.042308
1,8815,48.029913
1,8816,298.595374
1,8817,94.133079
1,8818,158.234346
1,8819,261.171995
1,8820,200.898921
1,8821,347.880057
1,8822,144.840697
1,8823,161.868844
1,8824,233.736538
1,8825,188.533314
1,8826,185.814982
1,8827,549.027130
1,8828,124.927160
1,8829,134.076850
1,8830,399.146231
1,8831,602.276821
1,8832,282.429390
1,8833,69.708064
1,8834,287.811697
1,8835,79.062793
1,8836,405.463460
1,8837,234.383203
1,8838,390.629246
1,8839,175.318445
1,8840,339.733969
1,8841,81.612726
1,8842,207.193108
1,8843,295.127050
1,8844,46.146781
1,8845,432.375407
1,8846,108.629778
1,8847,200.876158
1,8848,416.315596
1,8849,387.953633
1,8850,181.932339
1,8851,88.476324
1,8852,379.473062
1,8853,263.619203
1,8854,47.111033
1,8855,335.851866
1,8856,394.166977
1,8857,111.591951
1,8858,330.531056
1,8859,102.396507
1,8860,452.198256
1,8861,112.487508
1,8862,389.588484
1,8863,150.274870
1,8864,278.212963
1,8865,320.151031
1,8866,187.475787
1,8867,260.220291
1,8868,100.422920
1,8869,418.385466
1,8870,101.688227
1,8871,191.196846
1,8872,138.016726
1,8873,165.532313
1,8874,442.675786
1,8875,123.609342
1,8876,317.314420
1,8877,509.052255
1,8878,45.595416
1,8879,468.603304
1,8880,87.636536
1,8881,105.691733
1,8882,373.919142
1,8883,91.721848
1,8884,58.260201
1,8885,275.559415
1,8886,332.021830
1,8887,95.458873
1,8888,274.963511
1,8889,381.024903
1,8890,411.720049
1,8891,294.028296
1,8892,69.834895
1,8893,311.070616
1,8894,116.455256
1,8895,107.540775
1,8896,357.206071
1,8897,301.487611
1,8898,103.350667
1,8899,394.211204
1,8900,166.963023
1,8901,97.560070
1,8902,209.669606
1,8903,381.614982
1,8904,119.393869
1,8905,250.694880
1,8906,415.309472
1,8907,84.537619
1,8908,220.353636
1,8909,266.037139
1,8910,388.389376
1,8911,97.582757
1,8912,290.353353
1,8913,367.037725
1,8914,92.171294
1,8915,100.870485
1,8916,355.549250
1,8917,460.414411
1,8918,105.003921
1,8919,120.556068
1,8920,205.747874
1,8921,232.900461
1,8922,98.313374
1,8923,152.681922
1,8924,381.654301
1,8925,92.032862
1,8926,63.799884
1,8927,251.336478
1,8928,476.369440
1,8929,258.782878
1,8930,408.712074
1,8931,150.618680
1,8932,311.675205
1,8933,414.791856
1,8934,134.633987
1,8935,430.173746
1,8936,101.275767
1,8937,191.149003
1,8938,407.959028
1,8939,196.875727
1,8940,330.647046
1,8941,91.020606
1,8942,436.639148
1,8943,315.589028
1,8944,172.087077
1,8945,224.497536
1,8946,301.705575
1,8947,123.421368
1,8948,437.722414
1,8949,109.508714
1,8950,427.325230
1,8951,277.918629
1,8952,461.112409
1,8953,528.527057
1,8954,119.085207
1,8955,339.213385
1,8956,301.560938
1,8957,515.311119
1,8958,330.218244
1,8959,201.438872
1,8960,358.237925
1,8961,100.751774
1,8962,383.709993
1,8963,116.233412
1,8964,405.718812
1,8965,377.399306
1,8966,89.589078
1,8967,398.846051
1,8968,109.957312
1,8969,386.949138
1,8970,111.861996
1,8971,524.315589
1,8972,305.511974
1,8973,42.204605
1,8974,295.360239
1,8975,263.109035
1,8976,428.810656
1,8977,103.290788
1,8978,341.893935
1,8979,99.634776
1,8980,279.968068
1,8981,97.503431
1,8982,263.875364
1,8983,496.631373
1,8984,89.682649
1,8985,461.789625
1,8986,311.389629
1,8987,439.329717
1,8988,80.574896
1,8989,413.677479
1,8990,354.635301
1,8991,83.369478
1,8992,167.531266
1,8993,543.049161
1,8994,473.872904
1,8995,35.441197
1,8996,325.012473
1,8997,211.630696
1,8998,314.331776
1,8999,87.759860
1,9000,296.628759
1,9001,477.683416
1,9002,105.450961
1,9003,498.221086
1,9004,421.199715
1,9005,225.772399
1,9006,349.099659
1,9007,92.478708
1,9008,337.814155
1,9009,172.896847
1,9010,96.728346
1,9011,203.155537
1,9012,222.832672
1,9013,285.522741
1,9014,465.436735
1,9015,458.186785
1,9016,461.616846
1,9017,117.144987
1,9018,534.905381
1,9019,107.652766
1,9020,290.650306
1,9021,107.685978
1,9022,115.004029
1,9023,274.004334
1,9024,202.421638
1,9025,96.169149
1,9026,401.257848
1,9027,113.009404
1,9028,228.281633
1,9029,890.630981
1,9030,377.163941
1,9031,222.792525
1,9032,107.393999
1,9033,622.991543
1,9034,318.681588
1,9035,396.145153
1,9036,97.465186
1,9037,516.793061
1,9038,359.277740
1,9039,266.323245
1,9040,197.275747
1,9041,342.711069
1,9042,329.447941
1,9043,226.039201
1,9044,196.812987
1,9045,415.104049
1,9046,349.207502
1,9047,94.764555
1,9048,236.447553
1,9049,257.430351
1,9050,329.541347
1,9051,350.983319
1,9052,298.698828
1,9053,99.751186
1,9054,408.012281
1,9055,93.899878
1,9056,112.735316
1,9057,263.022227
1,9058,95.252405
1,9059,318.730681
1,9060,368.659830
1,9061,66.513061
1,9062,198.322058
1,9063,187.943823
1,9064,81.170723
1,9065,239.810887
1,9066,161.687927
1,9067,264.061440
1,9068,99.482165
1,9069,494.104484
1,9070,204.773595
1,9071,99.970774
1,9072,380.188557
1,9073,297.850096
1,9074,108.379889
1,9075,65.831805
1,9076,315.941136
1,9077,250.869033
1,9078,336.419310
1,9079,282.534071
1,9080,199.478490
1,9081,386.613424
1,9082,279.994017
1,9083,52.629105
1,9084,219.894194
1,9085,225.061724
1,9086,420.779651
1,9087,164.131301
1,9088,485.253626
1,9089,293.787332
1,9090,97.253331
1,9091,179.126336
1,9092,98.527929
1,9093,184.997225
1,9094,357.303311
1,9095,483.177053
1,9096,351.366560
1,9097,108.833888
1,9098,251.098164
1,9099,55.115674
1,9100,501.930736
1,9101,97.059752
1,9102,292.557017
1,9103,277.781263
1,9104,293.426804
1,9105,166.739179
1,9106,325.043939
1,9107,450.720093
1,9108,97.891038
1,9109,57.974135
1,9110,374.483377
1,9111,96.423164
1,9112,182.101734
1,9113,317.630939
1,9114,94.806355
1,9115,440.531417
1,9116,93.440353
1,9117,440.941387
1,9118,275.728988
1,9119,258.967575
1,9120,138.962356
1,9121,329.523841
1,9122,51.934835
1,9123,398.894281
1,9124,151.455878
1,9125,241.749275
1,9126,258.191780
1,9127,98.473371
1,9128,493.618620
1,9129,94.083085
1,9130,259.301676
1,9131,303.643497
1,9132,140.771446
1,9133,546.565623
1,9134,93.178711
1,9135,294.518025
1,9136,346.587880
1,9137,127.630685
1,9138,188.733454
1,9139,341.846915
1,9140,173.463646
1,9141,99.282470
1,9142,275.959700
1,9143,278.781692
1,9144,117.607048
1,9145,146.092052
1,9146,90.929570
1,9147,244.838317
1,9148,345.886506
1,9149,224.679542
1,9150,478.683953
1,9151,196.860721
1,9152,449.525787
1,9153,410.102218
1,9154,386.822656
1,9155,341.486798
1,9156,101.650126
1,9157,210.531264
1,9158,246.383103
1,9159,333.136066
1,9160,101.921213
1,9161,342.267294
1,9162,169.553154
1,9163,395.466825
1,9164,351.560823
1,9165,200.959287
1,9166,113.951790
1,9167,130.780726
1,9168,460.778155
1,9169,357.577708
1,9170,93.995384
1,9171,332.743458
1,9172,100.984089
1,9173,413.039140
1,9174,445.500374
1,9175,107.476828
1,9176,420.102004
1,9177,104.514254
1,9178,358.026187
1,9179,107.674850
1,9180,253.490791
1,9181,67.675447
1,9182,528.510386
1,9183,102.181863
1,9184,219.133005
1,9185,228.029916
1,9186,191.010014
1,9187,176.987933
1,9188,404.909372
1,9189,92.020292
1,9190,371.778866
1,9191,249.341437
1,9192,460.167267
1,9193,242.640962
1,9194,237.709580
1,9195,209.813287
1,9196,152.240493
1,9197,353.984126
1,9198,512.649334
1,9199,137.680493
1,9200,441.371685
1,9201,104.313444
1,9202,159.686541
1,9203,415.080280
1,9204,159.468814
1,9205,162.320737
1,9206,180.318605
1,9207,182.888761
1,9208,284.392334
1,9209,70.672150
1,9210,421.659447
1,9211,131.713720
1,9212,477.183801
1,9213,96.658156
1,9214,232.283776
1,9215,95.848433
1,9216,104.939681
1,9217,162.186907
1,9218,98.647338
1,9219,104.217821
1,9220,322.180536
1,9221,46.340464
1,9222,285.933728
1,9223,423.703862
1,9224,186.532650
1,9225,109.011218
1,9226,260.722871
1,9227,282.954400
1,9228,86.836917
1,9229,305.332917
1,9230,49.379753
1,9231,263.547642
1,9232,100.384747
1,9233,211.057583
1,9234,475.463487
1,9235,382.223009
1,9236,86.617988
1,9237,136.436819
1,9238,133.211877
1,9239,375.152034
1,9240,84.030131
1,9241,451.850556
1,9242,90.926234
1,9243,336.687887
1,9244,118.731100
1,9245,260.313030
1,9246,174.942519
1,9247,315.429919
1,9248,286.303159
1,9249,86.572608
1,9250,182.412904
1,9251,325.729748
1,9252,280.611622
1,9253,471.577678
1,9254,180.189543
1,9255,288.464894
1,9256,93.864770
1,9257,371.246975
1,9258,181.604849
1,9259,338.370262
1,9260,50.612949
1,9261,289.360982
1,9262,92.633485
1,9263,96.281619
1,9264,239.367530
1,9265,103.559563
1,9266,104.748575
1,9267,145.266292
1,9268,260.438497
1,9269,93.764697
1,9270,210.137799
1,9271,93.384078
1,9272,338.789699
1,9273,139.524550
1,9274,162.880947
1,9275,436.038611
1,9276,126.139842
1,9277,94.905570
1,9278,351.206665
1,9279,361.383848
1,9280,203.182306
1,9281,287.702016
1,9282,112.199276
1,9283,301.011499
1,9284,133.371877
1,9285,199.830272
1,9286,445.542976
1,9287,94.443488
1,9288,188.154565
1,9289,384.250573
1,9290,386.099188
1,9291,99.424909
1,9292,236.356544
1,9293,93.371694
1,9294,290.408635
1,9295,121.840865
1,9296,397.315208
1,9297,613.023059
1,9298,158.176149
1,9299,359.795803
1,9300,109.530413
1,9301,267.224531
1,9302,407.141833
1,9303,401.807281
1,9304,98.260740
1,9305,227.788351
1,9306,177.487000
1,9307,90.088654
1,9308,312.238172
1,9309,97.471076
1,9310,415.594433
1,9311,125.869867
1,9312,436.039456
1,9313,140.432903
1,9314,130.715370
1,9315,295.008953
1,9316,504.204445
1,9317,367.389645
1,9318,100.867090
1,9319,136.512167
1,9320,381.447762
1,9321,296.556474
1,9322,139.348091
1,9323,409.855254
1,9324,241.605667
1,9325,95.048974
1,9326,924.275291
1,9327,157.981842
1,9328,115.902612
1,9329,514.919612
1,9330,319.511143
1,9331,515.129868
1,9332,85.316561
1,9333,382.435874
1,9334,221.251296
1,9335,332.675705
1,9336,102.358641
1,9337,231.745469
1,9338,268.353070
1,9339,321.243476
1,9340,364.291732
1,9341,309.971795
1,9342,85.620677
1,9343,189.184608
1,9344,109.855815
1,9345,231.212747
1,9346,179.254951
1,9347,323.386674
1,9348,96.125477
1,9349,204.889529
1,9350,99.994383
1,9351,317.773669
1,9352,91.730471
1,9353,298.510112
1,9354,223.403584
1,9355,93.922303
1,9356,415.877383
1,9357,209.695481
1,9358,200.956647
1,9359,368.260781
1,9360,51.932381
1,9361,360.969587
1,9362,312.013808
1,9363,238.197504
1,9364,501.282852
1,9365,184.979983
1,9366,293.254577
1,9367,112.581232
1,9368,395.360624
1,9369,270.725047
1,9370,211.719291
1,9371,98.835662
1,9372,288.019276
1,9373,244.294857
1,9374,268.121371
1,9375,222.168736
1,9376,102.406585
1,9377,281.607497
1,9378,239.646162
1,9379,52.435451
1,9380,359.801147
1,9381,218.293699
1,9382,270.956870
1,9383,203.959276
1,9384,316.469553
1,9385,403.496812
1,9386,199.801936
1,9387,52.103659
1,9388,404.984457
1,9389,102.066035
1,9390,404.953088
1,9391,91.334397
1,9392,373.104569
1,9393,89.077005
1,9394,97.747928
1,9395,319.023721
1,9396,355.878160
1,9397,91.027528
1,9398,196.795832
1,9399,92.855958
1,9400,243.058279
1,9401,146.091094
1,9402,137.467786
1,9403,185.005119
1,9404,242.024640
1,9405,302.378188
1,9406,92.524004
1,9407,173.014469
1,9408,141.366011
1,9409,466.211391
1,9410,94.437659
1,9411,507.472435
1,9412,114.640824
1,9413,445.630960
1,9414,103.924769
1,9415,300.649145
1,9416,258.343607
1,9417,451.282447
1,9418,146.464302
1,9419,96.217504
1,9420,416.012811
1,9421,139.682971
1,9422,384.784030
1,9423,194.514267
1,9424,278.588671
