subtaskID,datapointID,answer
1,0,329.987244
1,1,96.578691
1,2,159.068523
1,3,42.569206
1,4,413.862152
1,5,86.827802
1,6,268.398949
1,7,268.740685
1,8,256.431842
1,9,303.580050
1,10,276.213342
1,11,53.907921
1,12,136.080971
1,13,249.995721
1,14,87.341199
1,15,228.060321
1,16,197.947387
1,17,212.117729
1,18,284.352015
1,19,495.276399
1,20,115.676440
1,21,220.014246
1,22,286.317325
1,23,265.826119
1,24,255.612023
1,25,87.192457
1,26,174.022237
1,27,184.817386
1,28,100.649495
1,29,54.106948
1,30,322.774171
1,31,90.596832
1,32,188.673397
1,33,469.126309
1,34,54.147292
1,35,333.814944
1,36,151.974491
1,37,290.857559
1,38,98.483927
1,39,219.999637
1,40,89.337971
1,41,345.734531
1,42,177.694240
1,43,268.974000
1,44,378.464151
1,45,109.918815
1,46,71.019819
1,47,310.877552
1,48,110.340341
1,49,162.177742
1,50,149.224468
1,51,261.055897
1,52,227.333767
1,53,91.945857
1,54,228.110419
1,55,127.737341
1,56,246.311469
1,57,226.164827
1,58,109.111314
1,59,423.188368
1,60,89.079167
1,61,211.597370
1,62,88.167626
1,63,297.951223
1,64,182.504372
1,65,235.293873
1,66,87.267897
1,67,159.959652
1,68,185.899514
1,69,306.173205
1,70,85.208140
1,71,306.200413
1,72,87.751788
1,73,292.074375
1,74,297.591653
1,75,273.269955
1,76,137.100741
1,77,106.249924
1,78,52.420783
1,79,321.434346
1,80,84.463651
1,81,437.135604
1,82,294.913983
1,83,284.648906
1,84,110.624086
1,85,244.689538
1,86,131.866029
1,87,212.556297
1,88,274.274739
1,89,271.649705
1,90,333.934720
1,91,92.003650
1,92,87.686801
1,93,340.556491
1,94,551.227299
1,95,591.485679
1,96,419.425484
1,97,446.499970
1,98,316.496113
1,99,68.835999
1,100,339.499033
1,101,104.491215
1,102,379.838445
1,103,239.902592
1,104,335.727119
1,105,177.354909
1,106,138.829884
1,107,266.132805
1,108,87.031515
1,109,214.363878
1,110,427.318234
1,111,112.991859
1,112,406.983804
1,113,97.495746
1,114,230.226207
1,115,516.968863
1,116,403.317509
1,117,359.169235
1,118,229.638256
1,119,124.649993
1,120,166.381854
1,121,82.230162
1,122,204.190690
1,123,281.954153
1,124,412.828625
1,125,202.031466
1,126,441.537648
1,127,113.160686
1,128,127.930387
1,129,205.826847
1,130,256.338472
1,131,81.774781
1,132,260.395847
1,133,81.477295
1,134,123.506988
1,135,84.971179
1,136,207.338829
1,137,294.655564
1,138,330.890372
1,139,352.416227
1,140,300.293050
1,141,170.432080
1,142,120.223221
1,143,289.648635
1,144,335.594830
1,145,398.331425
1,146,80.280229
1,147,332.740029
1,148,44.296017
1,149,282.841720
1,150,232.207957
1,151,78.878346
1,152,173.796762
1,153,318.043599
1,154,251.341165
1,155,319.200390
1,156,332.881121
1,157,357.629654
1,158,408.983714
1,159,82.696150
1,160,137.201788
1,161,330.937020
1,162,138.475463
1,163,207.404936
1,164,147.045286
1,165,104.860221
1,166,305.829075
1,167,68.800568
1,168,288.940073
1,169,223.506261
1,170,217.503630
1,171,313.417469
1,172,394.452038
1,173,75.128967
1,174,217.749695
1,175,118.577216
1,176,304.105189
1,177,79.304054
1,178,287.385321
1,179,144.069948
1,180,326.350794
1,181,302.208751
1,182,90.031446
1,183,411.268963
1,184,363.339899
1,185,392.334689
1,186,451.991434
1,187,353.992594
1,188,84.818965
1,189,234.210751
1,190,80.102666
1,191,235.705242
1,192,328.089067
1,193,81.795467
1,194,164.500613
1,195,272.972503
1,196,124.613209
1,197,163.403444
1,198,80.297901
1,199,720.664776
1,200,79.762894
1,201,318.209003
1,202,134.548595
1,203,244.519868
1,204,81.443538
1,205,164.327388
1,206,323.270140
1,207,344.871970
1,208,80.533273
1,209,49.410107
1,210,287.859984
1,211,79.162965
1,212,354.573846
1,213,92.052666
1,214,183.810073
1,215,509.236807
1,216,79.661963
1,217,343.854824
1,218,77.730193
1,219,261.471830
1,220,202.186159
1,221,215.579253
1,222,266.282424
1,223,277.465475
1,224,183.549771
1,225,202.627162
1,226,377.480217
1,227,76.349908
1,228,164.178390
1,229,202.476992
1,230,231.114336
1,231,159.361574
1,232,91.143516
1,233,298.618625
1,234,225.923956
1,235,78.911074
1,236,187.508496
1,237,164.734969
1,238,257.970697
1,239,118.283403
1,240,73.664332
1,241,298.841369
1,242,158.145358
1,243,166.109023
1,244,216.663531
1,245,257.142334
1,246,218.866001
1,247,334.384339
1,248,113.866000
1,249,155.904601
1,250,74.483172
1,251,165.981877
1,252,73.258083
1,253,213.733574
1,254,71.239997
1,255,77.003987
1,256,252.256955
1,257,276.753673
1,258,320.744049
1,259,273.754364
1,260,159.449860
1,261,284.349588
1,262,73.300234
1,263,259.333780
1,264,124.781899
1,265,182.121721
1,266,243.291213
1,267,513.239619
1,268,213.208404
1,269,272.185418
1,270,370.297815
1,271,192.651478
1,272,408.255585
1,273,317.539871
1,274,267.971456
1,275,213.878019
1,276,71.971250
1,277,294.908434
1,278,74.580066
1,279,232.417893
1,280,336.825519
1,281,295.927095
1,282,75.373132
1,283,334.838206
1,284,294.371761
1,285,275.240570
1,286,263.665748
1,287,348.214719
1,288,117.605640
1,289,85.738079
1,290,104.589252
1,291,268.529246
1,292,226.884134
1,293,297.333190
1,294,243.923291
1,295,356.357997
1,296,235.071227
1,297,162.040536
1,298,425.885617
1,299,92.230547
1,300,273.765012
1,301,364.759201
1,302,345.381353
1,303,336.553680
1,304,331.618686
1,305,80.484039
1,306,230.251396
1,307,395.279431
1,308,134.702151
1,309,230.205845
1,310,411.082681
1,311,360.893751
1,312,335.712851
1,313,303.230811
1,314,125.925989
1,315,361.880144
1,316,275.977525
1,317,323.774684
1,318,80.148016
1,319,162.948508
1,320,247.996452
1,321,328.232875
1,322,302.928990
1,323,86.458569
1,324,360.615730
1,325,96.912332
1,326,402.159781
1,327,467.435573
1,328,393.251094
1,329,74.447090
1,330,42.657433
1,331,286.026628
1,332,81.118735
1,333,251.734779
1,334,174.590410
1,335,261.851702
1,336,148.430438
1,337,288.378984
1,338,242.367409
1,339,177.800725
1,340,68.186650
1,341,170.787328
1,342,256.033355
1,343,111.857246
1,344,189.301545
1,345,218.925941
1,346,154.900288
1,347,138.702467
1,348,294.070990
1,349,360.940859
1,350,233.795576
1,351,170.348807
1,352,148.842818
1,353,119.675111
1,354,246.384778
1,355,274.339040
1,356,80.618928
1,357,272.447041
1,358,79.537119
1,359,167.196553
1,360,43.363568
1,361,120.876667
1,362,279.946506
1,363,332.233158
1,364,240.000004
1,365,310.601216
1,366,221.346330
1,367,125.036159
1,368,269.312775
1,369,290.209234
1,370,170.399052
1,371,250.188393
1,372,247.514718
1,373,346.084693
1,374,232.692410
1,375,254.788135
1,376,93.053170
1,377,422.632718
1,378,60.714805
1,379,274.449601
1,380,78.224005
1,381,189.830402
1,382,182.226478
1,383,311.254417
1,384,76.819440
1,385,194.169131
1,386,685.803097
1,387,685.833900
1,388,314.436094
1,389,319.110589
1,390,42.114105
1,391,370.074257
1,392,347.127084
1,393,384.807233
1,394,299.621685
1,395,261.843199
1,396,78.732816
1,397,95.190715
1,398,417.213120
1,399,247.636145
1,400,369.052756
1,401,438.314819
1,402,437.053978
1,403,393.219417
1,404,371.384058
1,405,102.280581
1,406,367.465804
1,407,276.319259
1,408,560.778669
1,409,436.309797
1,410,349.572219
1,411,393.296369
1,412,83.682993
1,413,362.198350
1,414,360.734645
1,415,412.364947
1,416,518.031151
1,417,270.097967
1,418,247.164440
1,419,416.936260
1,420,49.853624
1,421,189.205658
1,422,308.868839
1,423,365.314545
1,424,363.718720
1,425,268.282901
1,426,351.646024
1,427,336.869196
1,428,102.402085
1,429,108.401446
1,430,484.149929
1,431,140.791440
1,432,334.994708
1,433,423.539725
1,434,84.608000
1,435,389.033331
1,436,88.037582
1,437,170.900475
1,438,156.733757
1,439,256.876124
1,440,294.151961
1,441,165.727425
1,442,310.014044
1,443,66.979133
1,444,265.151203
1,445,324.275048
1,446,77.325098
1,447,101.345657
1,448,464.019169
1,449,317.919446
1,450,78.048510
1,451,442.780159
1,452,306.803928
1,453,416.659108
1,454,79.356313
1,455,245.197625
1,456,84.120176
1,457,396.315509
1,458,188.598027
1,459,359.320362
1,460,311.436488
1,461,349.900265
1,462,285.737534
1,463,512.438633
1,464,332.675112
1,465,515.972129
1,466,385.966501
1,467,510.654110
1,468,84.432579
1,469,215.216525
1,470,103.248855
1,471,401.701891
1,472,473.141965
1,473,92.209181
1,474,243.499396
1,475,86.934724
1,476,221.720374
1,477,191.917555
1,478,198.739131
1,479,88.694208
1,480,349.220755
1,481,88.536613
1,482,311.667389
1,483,85.096534
1,484,105.634329
1,485,406.299095
1,486,289.515494
1,487,389.841706
1,488,325.441534
1,489,111.078426
1,490,174.336466
1,491,228.463280
1,492,335.859688
1,493,76.036719
1,494,384.747901
1,495,88.489444
1,496,92.251770
1,497,413.390123
1,498,134.259902
1,499,373.047757
1,500,361.106308
1,501,101.225482
1,502,270.566253
1,503,292.116839
1,504,47.012268
1,505,238.317882
1,506,83.241470
1,507,367.637182
1,508,457.954339
1,509,391.540662
1,510,462.441094
1,511,254.488967
1,512,300.916864
1,513,317.895477
1,514,267.739031
1,515,365.194757
1,516,316.431844
1,517,245.855065
1,518,114.358460
1,519,232.213631
1,520,261.221560
1,521,357.892505
1,522,101.579998
1,523,210.362357
1,524,375.790015
1,525,93.916377
1,526,513.851424
1,527,147.159394
1,528,339.485155
1,529,309.345742
1,530,191.527874
1,531,84.741402
1,532,286.956959
1,533,84.079406
1,534,313.888321
1,535,198.792419
1,536,246.675882
1,537,260.473097
1,538,70.131004
1,539,222.997707
1,540,365.183968
1,541,274.752317
1,542,263.686828
1,543,123.404608
1,544,203.919458
1,545,312.091986
1,546,374.303349
1,547,437.301420
1,548,43.332787
1,549,237.224696
1,550,358.695325
1,551,82.036699
1,552,271.571548
1,553,80.089133
1,554,102.520419
1,555,310.717984
1,556,73.174598
1,557,201.645710
1,558,86.324994
1,559,214.639821
1,560,198.107324
1,561,90.776419
1,562,166.719695
1,563,257.773439
1,564,112.791050
1,565,348.589986
1,566,106.571461
1,567,146.538502
1,568,411.042656
1,569,89.515735
1,570,388.020085
1,571,441.915953
1,572,199.798866
1,573,516.018063
1,574,100.215357
1,575,301.622856
1,576,315.154186
1,577,499.907190
1,578,290.242155
1,579,255.516405
1,580,327.799848
1,581,215.866656
1,582,329.607690
1,583,98.185684
1,584,556.692435
1,585,88.722166
1,586,83.755043
1,587,501.632834
1,588,460.064999
1,589,203.490682
1,590,324.919728
1,591,290.795087
1,592,612.913550
1,593,83.612957
1,594,318.461821
1,595,142.931197
1,596,341.457722
1,597,300.514741
1,598,201.961075
1,599,300.188620
1,600,302.294357
1,601,194.431660
1,602,365.452999
1,603,264.650232
1,604,501.001315
1,605,341.012002
1,606,511.348767
1,607,431.478229
1,608,338.037139
1,609,82.414988
1,610,338.764652
1,611,317.425017
1,612,391.490184
1,613,385.718753
1,614,79.587809
1,615,376.916392
1,616,357.930749
1,617,371.115039
1,618,423.431543
1,619,519.028953
1,620,266.783207
1,621,311.507665
1,622,351.246659
1,623,127.711211
1,624,364.358287
1,625,256.859704
1,626,158.536715
1,627,209.484618
1,628,66.837925
1,629,128.631655
1,630,271.256722
1,631,221.036163
1,632,243.798368
1,633,86.232775
1,634,41.171526
1,635,76.986045
1,636,151.071372
1,637,253.688168
1,638,225.782531
1,639,85.934152
1,640,179.013658
1,641,87.254497
1,642,292.090528
1,643,131.489265
1,644,229.890973
1,645,42.486930
1,646,210.659810
1,647,109.939926
1,648,269.999597
1,649,83.145781
1,650,170.670495
1,651,48.074609
1,652,299.162059
1,653,207.691837
1,654,240.016621
1,655,246.084301
1,656,86.052970
1,657,175.302444
1,658,95.581013
1,659,301.346269
1,660,391.223764
1,661,41.191521
1,662,277.963531
1,663,184.311096
1,664,85.279662
1,665,130.190689
1,666,83.067193
1,667,90.609052
1,668,47.182079
1,669,267.928535
1,670,82.026294
1,671,126.866217
1,672,262.538439
1,673,304.013661
1,674,83.561230
1,675,215.561966
1,676,91.092491
1,677,248.890504
1,678,83.998695
1,679,205.321809
1,680,85.836293
1,681,83.959171
1,682,269.506035
1,683,123.928978
1,684,269.152524
1,685,197.758099
1,686,82.020820
1,687,240.997951
1,688,294.157648
1,689,308.748888
1,690,371.879568
1,691,129.712503
1,692,92.901759
1,693,130.552045
1,694,296.381986
1,695,369.662224
1,696,251.768221
1,697,80.769917
1,698,241.629338
1,699,77.496891
1,700,240.703355
1,701,242.605230
1,702,180.420861
1,703,306.590348
1,704,79.543104
1,705,269.835888
1,706,1172.691614
1,707,298.651392
1,708,83.749221
1,709,335.737574
1,710,201.199114
1,711,168.560778
1,712,294.786844
1,713,85.770673
1,714,200.501662
1,715,84.592631
1,716,174.418194
1,717,155.926238
1,718,311.740874
1,719,354.608771
1,720,95.515776
1,721,408.405298
1,722,266.492101
1,723,66.614925
1,724,171.586532
1,725,337.428159
1,726,39.938405
1,727,235.655530
1,728,383.455976
1,729,39.557525
1,730,295.306368
1,731,585.208998
1,732,426.379233
1,733,300.746273
1,734,288.462504
1,735,92.328602
1,736,224.185880
1,737,97.616416
1,738,361.872414
1,739,281.876287
1,740,328.127947
1,741,318.007432
1,742,406.673237
1,743,139.769450
1,744,234.064646
1,745,247.379988
1,746,82.331715
1,747,303.826462
1,748,269.213447
1,749,84.952230
1,750,210.448507
1,751,83.131014
1,752,210.609508
1,753,177.259739
1,754,129.237963
1,755,168.868966
1,756,82.905101
1,757,199.710887
1,758,138.836798
1,759,335.983159
1,760,82.786154
1,761,239.424656
1,762,379.662470
1,763,46.368846
1,764,207.645423
1,765,339.343914
1,766,80.218345
1,767,233.085136
1,768,209.124237
1,769,389.678939
1,770,102.197580
1,771,206.757211
1,772,282.888178
1,773,125.356016
1,774,130.836428
1,775,214.452913
1,776,354.137764
1,777,314.248849
1,778,82.074394
1,779,267.094275
1,780,81.180104
1,781,177.154343
1,782,338.069892
1,783,82.759346
1,784,289.147347
1,785,79.549169
1,786,161.965883
1,787,83.476070
1,788,394.617048
1,789,79.626753
1,790,122.425642
1,791,308.886914
1,792,348.460595
1,793,358.757983
1,794,483.895813
1,795,33.685289
1,796,333.941504
1,797,218.216924
1,798,317.064948
1,799,91.020074
1,800,274.278192
1,801,477.640271
1,802,111.766488
1,803,489.179440
1,804,416.334917
1,805,220.560572
1,806,340.318573
1,807,96.132001
1,808,329.904215
1,809,171.530906
1,810,99.184662
1,811,196.780371
1,812,241.945173
1,813,295.612232
1,814,444.347470
1,815,452.406894
1,816,482.306150
1,817,129.228640
1,818,536.414170
1,819,121.299383
1,820,294.307312
1,821,118.189938
1,822,116.587964
1,823,282.718052
1,824,208.985925
1,825,99.653375
1,826,391.353845
1,827,115.919183
1,828,209.667791
1,829,905.275566
1,830,358.905054
1,831,224.400365
1,832,109.643328
1,833,702.057037
1,834,332.536229
1,835,410.559954
1,836,100.375081
1,837,535.888860
1,838,362.458151
1,839,269.940772
1,840,196.474167
1,841,337.055838
1,842,309.255521
1,843,218.229849
1,844,196.880547
1,845,434.210354
1,846,325.121868
1,847,95.868674
1,848,227.148274
1,849,245.227815
1,850,318.303497
1,851,343.422615
1,852,295.963317
1,853,99.917937
1,854,393.505030
1,855,99.697080
1,856,123.418056
1,857,268.757192
1,858,96.609004
1,859,315.540607
1,860,360.299903
1,861,76.545064
1,862,231.662175
1,863,200.949552
1,864,85.103490
1,865,244.473326
1,866,170.354375
1,867,285.977882
1,868,110.847821
1,869,536.403615
1,870,236.955736
1,871,96.169436
1,872,387.537052
1,873,299.889698
1,874,123.867086
1,875,68.948597
1,876,320.702951
1,877,262.489722
1,878,339.878378
1,879,291.308321
1,880,194.161612
1,881,387.404790
1,882,273.495164
1,883,58.288776
1,884,212.914343
1,885,239.552606
1,886,419.042496
1,887,173.516951
1,888,484.697112
1,889,296.992430
1,890,100.630615
1,891,181.461658
1,892,96.797165
1,893,192.222694
1,894,348.310523
1,895,488.873382
1,896,363.825626
1,897,113.331539
1,898,253.344287
1,899,62.389696
1,900,528.713912
1,901,101.083208
1,902,313.247489
1,903,289.368609
1,904,307.831086
1,905,167.905219
1,906,350.569921
1,907,463.866283
1,908,99.088904
1,909,63.578768
1,910,384.888323
1,911,98.230542
1,912,189.364565
1,913,321.332286
1,914,95.863277
1,915,471.436544
1,916,94.905470
1,917,478.798176
1,918,305.115775
1,919,275.792259
1,920,143.286947
1,921,346.141906
1,922,51.063557
1,923,389.577329
1,924,152.238203
1,925,257.020270
1,926,259.576450
1,927,99.768292
1,928,515.624900
1,929,92.422617
1,930,246.751308
1,931,302.726703
1,932,140.728789
1,933,551.102013
1,934,94.773269
1,935,298.853206
1,936,354.705637
1,937,143.514359
1,938,211.405829
1,939,347.134762
1,940,185.435219
1,941,110.347876
1,942,281.272678
1,943,288.102192
1,944,123.018594
1,945,140.145351
1,946,95.263718
1,947,232.989538
1,948,334.165372
1,949,215.327494
1,950,410.631053
1,951,206.236741
1,952,435.533514
1,953,403.624152
1,954,376.278110
1,955,344.058053
1,956,105.567556
1,957,227.736295
1,958,256.504258
1,959,329.417724
1,960,111.220091
1,961,342.959644
1,962,162.579435
1,963,405.067375
1,964,357.333598
1,965,218.631128
1,966,120.234140
1,967,144.061978
1,968,456.198087
1,969,359.402486
1,970,97.989050
1,971,316.033710
1,972,104.331229
1,973,402.390140
1,974,440.871435
1,975,122.237470
1,976,437.036941
1,977,111.294359
1,978,361.779407
1,979,99.885243
1,980,261.809025
1,981,76.557296
1,982,532.851518
1,983,115.691120
1,984,216.179687
1,985,234.913905
1,986,200.116185
1,987,171.904317
1,988,407.184361
1,989,94.514403
1,990,377.058583
1,991,271.103549
1,992,508.730215
1,993,248.329964
1,994,239.297502
1,995,209.689267
1,996,158.053103
1,997,349.364950
1,998,516.865550
1,999,179.544043
1,1000,475.477005
1,1001,117.260685
1,1002,178.307567
1,1003,455.292317
1,1004,172.828605
1,1005,173.143804
1,1006,189.171201
1,1007,180.740193
1,1008,296.654754
1,1009,81.522676
1,1010,441.640356
1,1011,164.366532
1,1012,502.304207
1,1013,108.352147
1,1014,232.331976
1,1015,100.060690
1,1016,101.177029
1,1017,165.458185
1,1018,100.444284
1,1019,100.635741
1,1020,311.773732
1,1021,50.513852
1,1022,284.257954
1,1023,433.090851
1,1024,190.823793
1,1025,118.450607
1,1026,267.828693
1,1027,281.928644
1,1028,89.312502
1,1029,304.504672
1,1030,54.738143
1,1031,263.529417
1,1032,103.683671
1,1033,216.758105
1,1034,458.754872
1,1035,365.988023
1,1036,89.989969
1,1037,137.232055
1,1038,139.511352
1,1039,378.492681
1,1040,87.636187
1,1041,446.889129
1,1042,91.945861
1,1043,329.343075
1,1044,119.893204
1,1045,255.664806
1,1046,193.910488
1,1047,341.586623
1,1048,287.046161
1,1049,96.190905
1,1050,196.616132
1,1051,339.347848
1,1052,288.081172
1,1053,479.142099
1,1054,197.155707
1,1055,304.021036
1,1056,97.911712
1,1057,395.231998
1,1058,186.955790
1,1059,379.558117
1,1060,54.056747
1,1061,288.606321
1,1062,95.436065
1,1063,99.208898
1,1064,239.763506
1,1065,106.716189
1,1066,107.552466
1,1067,150.953477
1,1068,253.764011
1,1069,96.841360
1,1070,221.315089
1,1071,96.498745
1,1072,338.997421
1,1073,141.200365
1,1074,182.529427
1,1075,454.332057
1,1076,145.477213
1,1077,97.412656
1,1078,371.243586
1,1079,376.249212
1,1080,225.322301
1,1081,303.055123
1,1082,123.048486
1,1083,316.332293
1,1084,144.470611
1,1085,210.088964
1,1086,457.436568
1,1087,97.608268
1,1088,175.264800
1,1089,390.214188
1,1090,406.766664
1,1091,101.539109
1,1092,236.645245
1,1093,95.764648
1,1094,298.557284
1,1095,125.396037
1,1096,398.546978
1,1097,677.159458
1,1098,170.372058
1,1099,355.453589
1,1100,125.730118
1,1101,270.556633
1,1102,420.467024
1,1103,414.410940
1,1104,107.612671
1,1105,238.260793
1,1106,182.220688
1,1107,92.201152
1,1108,308.885411
1,1109,95.899376
1,1110,422.002699
1,1111,127.590052
1,1112,429.281324
1,1113,134.843206
1,1114,137.528246
1,1115,297.807251
1,1116,493.256182
1,1117,357.561994
1,1118,103.297383
1,1119,142.196457
1,1120,389.492384
1,1121,317.452425
1,1122,153.200106
1,1123,415.655291
1,1124,258.413390
1,1125,96.721383
1,1126,1137.475468
1,1127,172.498620
1,1128,118.514967
1,1129,505.137214
1,1130,328.624836
1,1131,526.741365
1,1132,87.904616
1,1133,398.745091
1,1134,225.292515
1,1135,328.522841
1,1136,114.746322
1,1137,228.977967
1,1138,277.949262
1,1139,335.827756
1,1140,382.300390
1,1141,344.109978
1,1142,90.202492
1,1143,189.974815
1,1144,135.518567
1,1145,227.297108
1,1146,190.804490
1,1147,333.962692
1,1148,108.455239
1,1149,188.660006
1,1150,104.964721
1,1151,310.570252
1,1152,94.970991
1,1153,290.634552
1,1154,211.559227
1,1155,96.701943
1,1156,381.888809
1,1157,223.610290
1,1158,210.216093
1,1159,344.017262
1,1160,57.114048
1,1161,338.687353
1,1162,301.564519
1,1163,245.653948
1,1164,477.136724
1,1165,185.520916
1,1166,281.169625
1,1167,120.444284
1,1168,391.751419
1,1169,278.805187
1,1170,196.235215
1,1171,107.872181
1,1172,283.702309
1,1173,240.892922
1,1174,279.170492
1,1175,217.424472
1,1176,106.907937
1,1177,294.634675
1,1178,247.490618
1,1179,57.980044
1,1180,363.800640
1,1181,218.010876
1,1182,256.321383
1,1183,204.503528
1,1184,306.364599
1,1185,402.309995
1,1186,216.792722
1,1187,56.633102
1,1188,402.681000
1,1189,101.481550
1,1190,381.469981
1,1191,98.970102
1,1192,380.852304
1,1193,90.949979
1,1194,99.082741
1,1195,307.328338
1,1196,345.067178
1,1197,92.994934
1,1198,186.480618
1,1199,93.742644
1,1200,239.435608
1,1201,149.003994
1,1202,137.770667
1,1203,183.838435
1,1204,242.184698
1,1205,296.890104
1,1206,98.925327
1,1207,171.672071
1,1208,158.439537
1,1209,477.829025
1,1210,102.513791
1,1211,524.103991
1,1212,126.724958
1,1213,435.363203
1,1214,116.619127
1,1215,289.323520
1,1216,265.441541
1,1217,445.818672
1,1218,155.861835
1,1219,92.255067
1,1220,403.258803
1,1221,140.229421
1,1222,399.120530
1,1223,190.026215
1,1224,276.123296
1,1225,263.064120
1,1226,96.811253
1,1227,331.574749
1,1228,245.601987
1,1229,375.485995
1,1230,287.349388
1,1231,377.749584
1,1232,465.755350
1,1233,562.413619
1,1234,91.969370
1,1235,395.105413
1,1236,93.853781
1,1237,477.943839
1,1238,105.175363
1,1239,388.343897
1,1240,261.587446
1,1241,510.027414
1,1242,96.128934
1,1243,229.015074
1,1244,471.956847
1,1245,116.658347
1,1246,630.427979
1,1247,660.033911
1,1248,665.268424
1,1249,57.819502
1,1250,482.360466
1,1251,505.494397
1,1252,594.509067
1,1253,111.098187
1,1254,479.660125
1,1255,429.991411
1,1256,243.771909
1,1257,100.033996
1,1258,429.346832
1,1259,421.595663
1,1260,356.061480
1,1261,106.351365
1,1262,482.540951
1,1263,99.247723
1,1264,296.581298
1,1265,532.067221
1,1266,323.682233
1,1267,568.456653
1,1268,121.179346
1,1269,490.479532
1,1270,615.180348
1,1271,97.865572
1,1272,407.698146
1,1273,769.800671
1,1274,476.981962
1,1275,639.816136
1,1276,425.681214
1,1277,98.500533
1,1278,378.446251
1,1279,280.441306
1,1280,214.381707
1,1281,241.905927
1,1282,411.504481
1,1283,59.132260
1,1284,432.698168
1,1285,304.760956
1,1286,98.694211
1,1287,322.508582
1,1288,395.575414
1,1289,154.717333
1,1290,439.096420
1,1291,473.406930
1,1292,354.754584
1,1293,87.648505
1,1294,248.660106
1,1295,169.312384
1,1296,302.733098
1,1297,85.821413
1,1298,491.720128
1,1299,155.989305
1,1300,112.695344
1,1301,96.547434
1,1302,499.948820
1,1303,106.901287
1,1304,64.554803
1,1305,207.993425
1,1306,383.580338
1,1307,842.399911
1,1308,598.361394
1,1309,107.218940
1,1310,680.875036
1,1311,110.771535
1,1312,223.316359
1,1313,236.390239
1,1314,526.003270
1,1315,149.459519
1,1316,685.219608
1,1317,95.288954
1,1318,471.216879
1,1319,283.432087
1,1320,448.398969
1,1321,103.958636
1,1322,286.373592
1,1323,191.451320
1,1324,582.220063
1,1325,111.813219
1,1326,543.412651
1,1327,232.090920
1,1328,312.844668
1,1329,448.827656
1,1330,473.158121
1,1331,98.928481
1,1332,238.205493
1,1333,475.816858
1,1334,55.789446
1,1335,438.098312
1,1336,358.122292
1,1337,397.500923
1,1338,369.444214
1,1339,99.203328
1,1340,405.937819
1,1341,348.779599
1,1342,250.591470
1,1343,535.155214
1,1344,95.106350
1,1345,196.836461
1,1346,498.869064
1,1347,91.412586
1,1348,240.301136
1,1349,472.775386
1,1350,544.191189
1,1351,426.596505
1,1352,360.966212
1,1353,381.170483
1,1354,119.377265
1,1355,312.089439
1,1356,327.536226
1,1357,89.639027
1,1358,411.411352
1,1359,88.234267
1,1360,491.299692
1,1361,262.246923
1,1362,485.787396
1,1363,93.460708
1,1364,229.463010
1,1365,436.411260
1,1366,802.450914
1,1367,371.903453
1,1368,404.432906
1,1369,137.113190
1,1370,444.883640
1,1371,100.008456
1,1372,394.619866
1,1373,563.691908
1,1374,216.887047
1,1375,105.370866
1,1376,388.752938
1,1377,291.268482
1,1378,393.062011
1,1379,97.990916
1,1380,374.933125
1,1381,627.095442
1,1382,139.036523
1,1383,213.199493
1,1384,236.287570
1,1385,60.004374
1,1386,581.964492
1,1387,564.353637
1,1388,96.850999
1,1389,628.045765
1,1390,508.097557
1,1391,498.349349
1,1392,111.001421
1,1393,202.533724
1,1394,506.048524
1,1395,527.190209
1,1396,548.267427
1,1397,103.956426
1,1398,549.331722
1,1399,551.568973
1,1400,112.155914
1,1401,510.750043
1,1402,362.200289
1,1403,96.475246
1,1404,458.436465
1,1405,276.824333
1,1406,334.904924
1,1407,161.498324
1,1408,205.283071
1,1409,307.077693
1,1410,94.106310
1,1411,596.074030
1,1412,364.839476
1,1413,416.398198
1,1414,519.334392
1,1415,56.167388
1,1416,582.096498
1,1417,103.262415
1,1418,52.401415
1,1419,486.858995
1,1420,395.554409
1,1421,93.279678
1,1422,303.855073
1,1423,257.893754
1,1424,409.263544
1,1425,95.614916
1,1426,60.950320
1,1427,455.458708
1,1428,540.135929
1,1429,437.135698
1,1430,102.551848
1,1431,379.757503
1,1432,99.761274
1,1433,409.138190
1,1434,505.641353
1,1435,351.708811
1,1436,188.614765
1,1437,390.696192
1,1438,148.290223
1,1439,92.847756
1,1440,301.735656
1,1441,93.429597
1,1442,383.637691
1,1443,389.941818
1,1444,485.922553
1,1445,138.103460
1,1446,416.120727
1,1447,360.124951
1,1448,558.860941
1,1449,403.935621
1,1450,124.484922
1,1451,420.824847
1,1452,197.302088
1,1453,573.224578
1,1454,92.619992
1,1455,361.873620
1,1456,460.392905
1,1457,284.446012
1,1458,413.952326
1,1459,392.811386
1,1460,93.349697
1,1461,396.636724
1,1462,413.015820
1,1463,96.163078
1,1464,462.668885
1,1465,641.204961
1,1466,211.497101
1,1467,557.226575
1,1468,305.696546
1,1469,234.938039
1,1470,375.523295
1,1471,183.172944
1,1472,408.175387
1,1473,158.913824
1,1474,453.357552
1,1475,55.769803
1,1476,515.664585
1,1477,342.278042
1,1478,97.745934
1,1479,380.461556
1,1480,113.665557
1,1481,445.512022
1,1482,214.160652
1,1483,286.318874
1,1484,319.087038
1,1485,191.737373
1,1486,103.457746
1,1487,438.789929
1,1488,337.441408
1,1489,457.247802
1,1490,526.823094
1,1491,447.360361
1,1492,109.813466
1,1493,476.285015
1,1494,267.642336
1,1495,241.175006
1,1496,237.498094
1,1497,104.150070
1,1498,467.333404
1,1499,485.758759
1,1500,535.695028
1,1501,58.726944
1,1502,598.089151
1,1503,424.920770
1,1504,94.867181
1,1505,242.353786
1,1506,613.801186
1,1507,110.084960
1,1508,541.979062
1,1509,91.592409
1,1510,321.723214
1,1511,95.588204
1,1512,520.660783
1,1513,467.291480
1,1514,234.391691
1,1515,174.208908
1,1516,278.317736
1,1517,368.395137
1,1518,419.637350
1,1519,495.162404
1,1520,250.393998
1,1521,485.782223
1,1522,90.564563
1,1523,430.455504
1,1524,451.788048
1,1525,110.062211
1,1526,376.187227
1,1527,343.301681
1,1528,496.466897
1,1529,95.738341
1,1530,675.339676
1,1531,584.897246
1,1532,90.141418
1,1533,93.489209
1,1534,466.670046
1,1535,91.827462
1,1536,185.859865
1,1537,509.441088
1,1538,214.819629
1,1539,526.818805
1,1540,330.517055
1,1541,252.662748
1,1542,331.490759
1,1543,470.522758
1,1544,82.154122
1,1545,44.371839
1,1546,382.703154
1,1547,472.168522
1,1548,91.006443
1,1549,382.805965
1,1550,88.841749
1,1551,474.345571
1,1552,456.242118
1,1553,92.242219
1,1554,201.356208
1,1555,95.473015
1,1556,351.468687
1,1557,374.326000
1,1558,91.733739
1,1559,424.404882
1,1560,291.207560
1,1561,429.514441
1,1562,93.954997
1,1563,328.175199
1,1564,520.914647
1,1565,468.611214
1,1566,252.385655
1,1567,102.688240
1,1568,514.719999
1,1569,293.648483
1,1570,75.187300
1,1571,292.676859
1,1572,258.064072
1,1573,403.660940
1,1574,82.248433
1,1575,235.643031
1,1576,475.438999
1,1577,423.942642
1,1578,148.378374
1,1579,397.520576
1,1580,87.516386
1,1581,222.398252
1,1582,373.602515
1,1583,96.742556
1,1584,290.812968
1,1585,102.473448
1,1586,471.860071
1,1587,187.648863
1,1588,403.519158
1,1589,230.631983
1,1590,180.436952
1,1591,368.955298
1,1592,58.350621
1,1593,232.652220
1,1594,119.586384
1,1595,366.388068
1,1596,51.177263
1,1597,338.801392
1,1598,93.211646
1,1599,391.504409
1,1600,117.363990
1,1601,95.003853
1,1602,211.466875
1,1603,273.810008
1,1604,196.772767
1,1605,169.437509
1,1606,530.390626
1,1607,92.908492
1,1608,453.695933
1,1609,350.845682
1,1610,98.218113
1,1611,328.341913
1,1612,104.787847
1,1613,136.372394
1,1614,441.346213
1,1615,94.186784
1,1616,52.789785
1,1617,402.435705
1,1618,89.913157
1,1619,301.202482
1,1620,146.012150
1,1621,90.756750
1,1622,346.077025
1,1623,381.676317
1,1624,310.180168
1,1625,295.636046
1,1626,272.264119
1,1627,459.996625
1,1628,91.237472
1,1629,560.863023
1,1630,392.032833
1,1631,119.693810
1,1632,441.048915
1,1633,381.154864
1,1634,445.520363
1,1635,157.083882
1,1636,245.510677
1,1637,141.570137
1,1638,398.187236
1,1639,284.444984
1,1640,155.278244
1,1641,324.748538
1,1642,51.689253
1,1643,281.205940
1,1644,90.681389
1,1645,141.120592
1,1646,245.037286
1,1647,187.033080
1,1648,234.517461
1,1649,40.912630
1,1650,190.392866
1,1651,77.378829
1,1652,292.829658
1,1653,43.022199
1,1654,237.017347
1,1655,102.736951
1,1656,274.625441
1,1657,115.271209
1,1658,108.598382
1,1659,211.293920
1,1660,285.400831
1,1661,203.741752
1,1662,233.061687
1,1663,343.662871
1,1664,89.123582
1,1665,449.050033
1,1666,491.402008
1,1667,121.823164
1,1668,145.927757
1,1669,317.097941
1,1670,54.340234
1,1671,492.677594
1,1672,103.043072
1,1673,494.748748
1,1674,463.120345
1,1675,89.406266
1,1676,383.077358
1,1677,367.276140
1,1678,100.943625
1,1679,279.266339
1,1680,90.165659
1,1681,104.951261
1,1682,459.705510
1,1683,108.652767
1,1684,64.572266
1,1685,431.499194
1,1686,116.531500
1,1687,311.909927
1,1688,184.121202
1,1689,106.394187
1,1690,362.954185
1,1691,353.833457
1,1692,120.696628
1,1693,465.368633
1,1694,439.510050
1,1695,103.223660
1,1696,396.475677
1,1697,405.157005
1,1698,353.753813
1,1699,285.365095
1,1700,282.304348
1,1701,251.293416
1,1702,459.179349
1,1703,90.268916
1,1704,416.537221
1,1705,88.988386
1,1706,50.519367
1,1707,277.322470
1,1708,88.189704
1,1709,138.815261
1,1710,244.476281
1,1711,204.753664
1,1712,356.597860
1,1713,139.388923
1,1714,155.278109
1,1715,229.183224
1,1716,183.737016
1,1717,186.700042
1,1718,529.867492
1,1719,136.647191
1,1720,130.111363
1,1721,392.366254
1,1722,595.940341
1,1723,282.499698
1,1724,75.013393
1,1725,289.159027
1,1726,86.491160
1,1727,386.968480
1,1728,225.004534
1,1729,379.181250
1,1730,182.934109
1,1731,337.125815
1,1732,84.143488
1,1733,201.766321
1,1734,307.693349
1,1735,48.464465
1,1736,399.600763
1,1737,108.115796
1,1738,181.984035
1,1739,410.288159
1,1740,374.286897
1,1741,187.525767
1,1742,89.590020
1,1743,389.066036
1,1744,269.624663
1,1745,50.737854
1,1746,335.419213
1,1747,398.353931
1,1748,94.848151
1,1749,331.739640
1,1750,91.094195
1,1751,458.678615
1,1752,97.460170
1,1753,389.127921
1,1754,152.496994
1,1755,271.649718
1,1756,328.205167
1,1757,194.530275
1,1758,267.108044
1,1759,93.245882
1,1760,420.379046
1,1761,96.872507
1,1762,194.496395
1,1763,145.963235
1,1764,135.941581
1,1765,462.727693
1,1766,107.198043
1,1767,332.076685
1,1768,539.694504
1,1769,48.989258
1,1770,470.844605
1,1771,88.394921
1,1772,99.178628
1,1773,371.818090
1,1774,92.190252
1,1775,50.932238
1,1776,269.145188
1,1777,329.354009
1,1778,90.860995
1,1779,260.906263
1,1780,380.274342
1,1781,392.299962
1,1782,306.887341
1,1783,75.128657
1,1784,322.051234
1,1785,156.599289
1,1786,125.831781
1,1787,397.912847
1,1788,317.210426
1,1789,103.456733
1,1790,424.551218
1,1791,174.972507
1,1792,99.805743
1,1793,222.066504
1,1794,417.581823
1,1795,114.369943
1,1796,248.474912
1,1797,427.027750
1,1798,86.009958
1,1799,221.692035
1,1800,274.268761
1,1801,382.949734
1,1802,107.159095
1,1803,279.992440
1,1804,373.514418
1,1805,102.604415
1,1806,106.161216
1,1807,350.753083
1,1808,469.869423
1,1809,113.406942
1,1810,111.849135
1,1811,210.985128
1,1812,240.828677
1,1813,89.982458
1,1814,154.849490
1,1815,369.105408
1,1816,92.779363
1,1817,62.659505
1,1818,245.164064
1,1819,484.767497
1,1820,252.956249
1,1821,413.847076
1,1822,141.055474
1,1823,321.158947
1,1824,423.082447
1,1825,130.856698
1,1826,438.026542
1,1827,114.205273
1,1828,203.482767
1,1829,412.881777
1,1830,197.195341
1,1831,336.600010
1,1832,91.341897
1,1833,408.366562
1,1834,320.815757
1,1835,146.365467
1,1836,231.880777
1,1837,269.522716
1,1838,101.698138
1,1839,433.815833
1,1840,92.629760
1,1841,430.970716
1,1842,255.731135
1,1843,490.649667
1,1844,540.058642
1,1845,120.876883
1,1846,350.880590
1,1847,270.677024
1,1848,541.801519
1,1849,312.080542
1,1850,194.889433
1,1851,365.679077
1,1852,93.101337
1,1853,388.404421
1,1854,94.650074
1,1855,410.471753
1,1856,377.101362
1,1857,85.693893
1,1858,418.096458
1,1859,92.894714
1,1860,390.728437
1,1861,92.408515
1,1862,563.577949
1,1863,310.120016
1,1864,46.308486
1,1865,296.935583
1,1866,259.782960
1,1867,449.926127
1,1868,98.703077
1,1869,347.988914
1,1870,89.591071
1,1871,286.107875
1,1872,91.494404
1,1873,273.323494
1,1874,511.048142
1,1875,85.586095
1,1876,461.887436
1,1877,312.116834
1,1878,441.470772
1,1879,83.309306
1,1880,412.695386
1,1881,358.616869
1,1882,84.701755
1,1883,179.768683
1,1884,532.450892
1,1885,467.750673
1,1886,33.685289
1,1887,325.078442
1,1888,212.675562
1,1889,311.096340
1,1890,91.026487
1,1891,266.860401
1,1892,461.099816
1,1893,111.774332
1,1894,482.309572
1,1895,418.970035
1,1896,224.890641
1,1897,336.768559
1,1898,96.140821
1,1899,343.183454
1,1900,175.005076
1,1901,99.931495
1,1902,203.260861
1,1903,222.850773
1,1904,278.634511
1,1905,441.497313
1,1906,450.664363
1,1907,464.063330
1,1908,119.690163
1,1909,517.840179
1,1910,110.760574
1,1911,285.398414
1,1912,112.413558
1,1913,129.249681
1,1914,277.733080
1,1915,207.629540
1,1916,99.664176
1,1917,394.804179
1,1918,115.846533
1,1919,220.363011
1,1920,840.829751
1,1921,348.552353
1,1922,216.057341
1,1923,108.796121
1,1924,648.069444
1,1925,322.331290
1,1926,419.235530
1,1927,100.386141
1,1928,538.933195
1,1929,356.408719
1,1930,257.862396
1,1931,187.035551
1,1932,318.031853
1,1933,314.452844
1,1934,224.291504
1,1935,202.846453
1,1936,428.972249
1,1937,338.275760
1,1938,96.629242
1,1939,233.677795
1,1940,252.641144
1,1941,344.473305
1,1942,347.579860
1,1943,307.446266
1,1944,105.358608
1,1945,395.438091
1,1946,95.400094
1,1947,115.707574
1,1948,278.782681
1,1949,97.230131
1,1950,317.959585
1,1951,366.252072
1,1952,76.547993
1,1953,200.881992
1,1954,188.077557
1,1955,84.673115
1,1956,240.734632
1,1957,163.456099
1,1958,265.347454
1,1959,104.525156
1,1960,501.188889
1,1961,211.255340
1,1962,95.533973
1,1963,372.806437
1,1964,293.762537
1,1965,113.254256
1,1966,67.750967
1,1967,324.397290
1,1968,254.083165
1,1969,322.890424
1,1970,278.629410
1,1971,194.966744
1,1972,376.964060
1,1973,273.838310
1,1974,58.291364
1,1975,213.299081
1,1976,225.623538
1,1977,406.273917
1,1978,167.446693
1,1979,457.975074
1,1980,284.545080
1,1981,100.641080
1,1982,180.894505
1,1983,96.215984
1,1984,180.200380
1,1985,345.793224
1,1986,467.228705
1,1987,334.215738
1,1988,112.999300
1,1989,240.007966
1,1990,62.392502
1,1991,487.949410
1,1992,101.094011
1,1993,295.227536
1,1994,279.852520
1,1995,297.037553
1,1996,169.710661
1,1997,330.482618
1,1998,436.395733
1,1999,104.823642
1,2000,64.512153
1,2001,361.059456
1,2002,98.241319
1,2003,179.395501
1,2004,306.971978
1,2005,96.593274
1,2006,425.577359
1,2007,94.916155
1,2008,436.941923
1,2009,277.943999
1,2010,258.678867
1,2011,138.946887
1,2012,320.585429
1,2013,51.066362
1,2014,371.863556
1,2015,150.817452
1,2016,232.664187
1,2017,248.520450
1,2018,99.778642
1,2019,463.986114
1,2020,93.165944
1,2021,233.624905
1,2022,291.436446
1,2023,139.994067
1,2024,531.538736
1,2025,94.783342
1,2026,296.318830
1,2027,347.306879
1,2028,130.092644
1,2029,190.537816
1,2030,338.279965
1,2031,175.144331
1,2032,105.286832
1,2033,274.208290
1,2034,283.217236
1,2035,131.430962
1,2036,145.436904
1,2037,94.379888
1,2038,239.589726
1,2039,335.188416
1,2040,208.625502
1,2041,411.291934
1,2042,200.208584
1,2043,420.439787
1,2044,389.882840
1,2045,369.906385
1,2046,330.159371
1,2047,99.734297
1,2048,202.536269
1,2049,236.942117
1,2050,328.893050
1,2051,104.666978
1,2052,333.501692
1,2053,168.422505
1,2054,406.484107
1,2055,347.982582
1,2056,197.371546
1,2057,111.102797
1,2058,135.231312
1,2059,460.086685
1,2060,349.040558
1,2061,97.999462
1,2062,316.264520
1,2063,104.341703
1,2064,407.912471
1,2065,440.468985
1,2066,111.045277
1,2067,448.594277
1,2068,111.305358
1,2069,352.305303
1,2070,100.642346
1,2071,244.229755
1,2072,74.572616
1,2073,510.847961
1,2074,106.002133
1,2075,211.081034
1,2076,228.397472
1,2077,186.992927
1,2078,170.515439
1,2079,390.008276
1,2080,94.524914
1,2081,361.197310
1,2082,248.186348
1,2083,470.241030
1,2084,240.466734
1,2085,228.066047
1,2086,197.946390
1,2087,152.808971
1,2088,344.881101
1,2089,488.705427
1,2090,143.517026
1,2091,437.215237
1,2092,106.721536
1,2093,166.316634
1,2094,407.476526
1,2095,161.583219
1,2096,162.590034
1,2097,173.824461
1,2098,180.811080
1,2099,278.815700
1,2100,71.912016
1,2101,417.172734
1,2102,136.449156
1,2103,469.543118
1,2104,99.544201
1,2105,218.309063
1,2106,100.070723
1,2107,99.854675
1,2108,171.304112
1,2109,99.605631
1,2110,101.513761
1,2111,320.782576
1,2112,50.516290
1,2113,284.212330
1,2114,422.304452
1,2115,187.560241
1,2116,110.680971
1,2117,260.466146
1,2118,267.971753
1,2119,89.321525
1,2120,291.847264
1,2121,55.583315
1,2122,258.069750
1,2123,105.430430
1,2124,214.597429
1,2125,466.133002
1,2126,379.287788
1,2127,89.998592
1,2128,141.250413
1,2129,134.510234
1,2130,409.655072
1,2131,87.644607
1,2132,470.381640
1,2133,90.925061
1,2134,349.141197
1,2135,126.058012
1,2136,253.060996
1,2137,176.687483
1,2138,315.924593
1,2139,274.125072
1,2140,92.999441
1,2141,184.903337
1,2142,303.336662
1,2143,273.996806
1,2144,453.743316
1,2145,181.870131
1,2146,287.487822
1,2147,96.962720
1,2148,365.082484
1,2149,172.578924
1,2150,338.747892
1,2151,54.058946
1,2152,276.964683
1,2153,96.099694
1,2154,99.217814
1,2155,245.724634
1,2156,105.719939
1,2157,108.578503
1,2158,142.722490
1,2159,254.035177
1,2160,96.850954
1,2161,198.003386
1,2162,96.508503
1,2163,326.714367
1,2164,141.224993
1,2165,161.564044
1,2166,430.674242
1,2167,130.922553
1,2168,101.087745
1,2169,340.736326
1,2170,345.999668
1,2171,197.193392
1,2172,279.540775
1,2173,114.638475
1,2174,294.260902
1,2175,134.511757
1,2176,199.744937
1,2177,433.232734
1,2178,97.618612
1,2179,165.882808
1,2180,361.438561
1,2181,396.559794
1,2182,101.549461
1,2183,237.432813
1,2184,95.774989
1,2185,291.859779
1,2186,124.954932
1,2187,378.910619
1,2188,605.748025
1,2189,161.189208
1,2190,340.059649
1,2191,111.498534
1,2192,253.687173
1,2193,411.281881
1,2194,411.691934
1,2195,100.504547
1,2196,230.969841
1,2197,178.303659
1,2198,92.211216
1,2199,290.487310
1,2200,95.078609
1,2201,397.872083
1,2202,117.796502
1,2203,407.778401
1,2204,134.881560
1,2205,130.035791
1,2206,280.674238
1,2207,465.910097
1,2208,340.530595
1,2209,103.265865
1,2210,137.379147
1,2211,364.371247
1,2212,295.143882
1,2213,141.306995
1,2214,405.851829
1,2215,239.785128
1,2216,96.730765
1,2217,1004.975678
1,2218,160.529368
1,2219,127.455115
1,2220,490.911226
1,2221,310.028078
1,2222,511.105365
1,2223,87.913680
1,2224,391.328893
1,2225,214.412265
1,2226,341.620624
1,2227,104.756972
1,2228,228.249725
1,2229,264.789924
1,2230,319.935663
1,2231,362.706012
1,2232,310.880431
1,2233,91.232822
1,2234,183.574081
1,2235,115.268968
1,2236,222.999980
1,2237,181.307865
1,2238,314.275916
1,2239,99.545922
1,2240,189.600998
1,2241,98.246850
1,2242,311.510407
1,2243,94.979245
1,2244,283.939839
1,2245,213.448479
1,2246,96.710664
1,2247,382.916683
1,2248,209.607874
1,2249,200.359294
1,2250,336.001722
1,2251,57.738940
1,2252,338.190764
1,2253,300.755630
1,2254,230.308453
1,2255,482.715008
1,2256,186.402911
1,2257,286.791037
1,2258,109.221349
1,2259,398.893680
1,2260,280.988104
1,2261,197.433020
1,2262,101.123229
1,2263,280.693832
1,2264,234.687461
1,2265,259.316967
1,2266,218.187949
1,2267,106.124310
1,2268,282.042242
1,2269,241.385435
1,2270,57.982678
1,2271,360.966899
1,2272,218.822507
1,2273,256.500659
1,2274,203.997110
1,2275,294.385389
1,2276,389.253778
1,2277,200.095404
1,2278,56.635731
1,2279,379.563146
1,2280,95.911393
1,2281,356.842008
1,2282,93.070865
1,2283,356.162132
1,2284,90.959976
1,2285,100.012889
1,2286,308.604600
1,2287,344.730302
1,2288,93.004834
1,2289,186.552660
1,2290,99.051106
1,2291,233.650546
1,2292,141.757337
1,2293,137.794359
1,2294,192.599341
1,2295,258.504353
1,2296,292.978088
1,2297,94.136483
1,2298,168.217056
1,2299,150.380998
1,2300,465.021645
1,2301,96.221585
1,2302,522.726251
1,2303,117.397331
1,2304,445.755956
1,2305,105.849958
1,2306,297.900872
1,2307,253.361940
1,2308,445.695004
1,2309,149.001835
1,2310,92.269256
1,2311,415.482168
1,2312,139.384603
1,2313,401.266263
1,2314,190.089760
1,2315,283.149689
1,2316,249.549523
1,2317,96.814827
1,2318,317.377778
1,2319,245.041452
1,2320,372.979776
1,2321,288.250261
1,2322,370.499440
1,2323,470.487817
1,2324,556.543383
1,2325,91.976165
1,2326,376.873789
1,2327,93.861037
1,2328,463.626557
1,2329,98.684416
1,2330,387.571446
1,2331,261.781709
1,2332,492.230044
1,2333,96.137194
1,2334,233.907268
1,2335,463.224392
1,2336,116.667382
1,2337,603.265982
1,2338,600.366331
1,2339,628.754638
1,2340,57.821836
1,2341,466.341446
1,2342,511.766419
1,2343,578.847306
1,2344,104.119409
1,2345,467.513946
1,2346,415.381539
1,2347,236.983961
1,2348,100.043396
1,2349,427.810423
1,2350,415.354450
1,2351,353.045748
1,2352,101.268277
1,2353,484.108843
1,2354,99.257271
1,2355,284.335479
1,2356,506.510523
1,2357,320.519727
1,2358,554.358661
1,2359,114.575522
1,2360,441.482581
1,2361,576.369114
1,2362,98.717465
1,2363,383.062882
1,2364,705.685600
1,2365,445.812732
1,2366,610.186897
1,2367,418.262825
1,2368,98.515552
1,2369,379.018364
1,2370,269.736663
1,2371,216.723820
1,2372,238.270431
1,2373,407.846892
1,2374,59.136101
1,2375,422.425453
1,2376,293.055308
1,2377,99.450151
1,2378,301.875043
1,2379,379.907549
1,2380,149.404774
1,2381,440.582727
1,2382,448.115395
1,2383,331.226704
1,2384,87.567527
1,2385,241.106646
1,2386,163.759311
1,2387,289.135813
1,2388,85.827202
1,2389,474.228782
1,2390,144.608194
1,2391,105.719834
1,2392,96.554316
1,2393,496.089832
1,2394,98.481921
1,2395,63.107883
1,2396,204.655336
1,2397,362.816229
1,2398,769.129045
1,2399,599.217910
1,2400,99.062308
1,2401,633.268215
1,2402,126.860681
1,2403,223.248818
1,2404,214.845249
1,2405,513.807193
1,2406,126.179808
1,2407,624.489832
1,2408,95.302716
1,2409,469.362988
1,2410,273.157606
1,2411,476.339163
1,2412,103.973231
1,2413,291.091744
1,2414,191.519285
1,2415,554.931419
1,2416,107.297172
1,2417,513.146404
1,2418,231.715716
1,2419,313.861366
1,2420,455.769465
1,2421,483.714472
1,2422,98.943031
1,2423,229.184494
1,2424,471.993249
1,2425,55.791889
1,2426,438.530793
1,2427,358.223916
1,2428,397.359874
1,2429,373.475802
1,2430,99.218099
1,2431,413.621710
1,2432,356.332896
1,2433,251.605907
1,2434,548.206180
1,2435,95.762233
1,2436,195.933566
1,2437,498.728220
1,2438,91.426855
1,2439,237.933287
1,2440,469.668435
1,2441,539.267191
1,2442,426.444643
1,2443,367.305828
1,2444,390.079074
1,2445,123.443654
1,2446,314.638463
1,2447,346.856665
1,2448,90.230560
1,2449,441.195624
1,2450,88.240236
1,2451,509.394940
1,2452,272.345077
1,2453,483.523385
1,2454,93.467650
1,2455,222.075899
1,2456,426.316856
1,2457,790.739053
1,2458,380.086430
1,2459,419.382756
1,2460,137.143500
1,2461,460.546254
1,2462,99.322740
1,2463,378.606438
1,2464,542.134168
1,2465,217.386148
1,2466,100.353695
1,2467,389.313451
1,2468,301.480222
1,2469,407.097254
1,2470,97.999685
1,2471,393.274958
1,2472,638.217089
1,2473,139.071213
1,2474,202.105333
1,2475,254.190179
1,2476,60.006724
1,2477,612.915748
1,2478,611.373002
1,2479,96.860099
1,2480,693.532992
1,2481,573.292620
1,2482,517.312128
1,2483,110.847876
1,2484,205.325825
1,2485,514.980155
1,2486,526.785110
1,2487,549.430715
1,2488,103.970839
1,2489,552.295309
1,2490,530.225780
1,2491,106.986227
1,2492,497.142547
1,2493,358.404360
1,2494,95.803177
1,2495,456.681939
1,2496,283.065383
1,2497,346.281625
1,2498,165.670684
1,2499,201.980721
1,2500,318.374327
1,2501,94.115304
1,2502,597.349891
1,2503,373.385710
1,2504,421.892812
1,2505,507.557544
1,2506,56.691393
1,2507,552.139953
1,2508,103.276812
1,2509,52.403701
1,2510,499.860465
1,2511,400.576159
1,2512,93.293097
1,2513,305.982457
1,2514,248.864034
1,2515,410.401065
1,2516,95.628392
1,2517,54.941872
1,2518,424.840259
1,2519,525.306233
1,2520,438.142874
1,2521,101.775012
1,2522,372.369315
1,2523,99.073136
1,2524,404.384622
1,2525,497.831020
1,2526,343.721021
1,2527,183.153621
1,2528,392.258209
1,2529,149.100199
1,2530,97.532561
1,2531,302.405192
1,2532,93.441854
1,2533,381.965328
1,2534,386.712551
1,2535,465.162180
1,2536,138.122251
1,2537,406.671319
1,2538,354.077923
1,2539,505.823917
1,2540,380.029406
1,2541,125.493579
1,2542,454.201120
1,2543,196.437528
1,2544,534.462518
1,2545,88.381025
1,2546,367.160829
1,2547,465.363251
1,2548,275.789504
1,2549,403.745916
1,2550,386.316224
1,2551,93.356851
1,2552,397.778736
1,2553,429.669649
1,2554,96.175042
1,2555,448.559674
1,2556,607.780280
1,2557,210.789178
1,2558,611.812036
1,2559,272.378419
1,2560,231.689482
1,2561,378.750113
1,2562,182.279996
1,2563,403.591948
1,2564,156.591618
1,2565,495.841375
1,2566,55.772050
1,2567,504.704610
1,2568,348.377985
1,2569,97.754692
1,2570,372.833316
1,2571,102.667054
1,2572,425.874867
1,2573,177.208230
1,2574,270.773261
1,2575,316.008444
1,2576,192.670244
1,2577,110.368516
1,2578,434.022715
1,2579,329.572124
1,2580,451.384248
1,2581,525.381032
1,2582,419.799615
1,2583,114.525767
1,2584,466.862505
1,2585,277.266715
1,2586,234.423041
1,2587,226.142333
1,2588,103.023135
1,2589,457.081958
1,2590,453.537725
1,2591,525.681271
1,2592,58.730620
1,2593,552.179722
1,2594,436.122388
1,2595,94.880854
1,2596,240.733215
1,2597,554.535514
1,2598,103.211910
1,2599,531.858720
1,2600,91.605856
1,2601,311.806007
1,2602,99.394445
1,2603,524.788774
1,2604,427.039638
1,2605,195.826543
1,2606,170.500568
1,2607,224.569760
1,2608,353.992167
1,2609,400.882091
1,2610,476.310880
1,2611,221.079115
1,2612,465.178989
1,2613,90.577431
1,2614,437.017463
1,2615,459.443311
1,2616,99.489766
1,2617,370.085727
1,2618,334.003244
1,2619,496.492408
1,2620,95.751037
1,2621,642.452902
1,2622,561.080194
1,2623,90.153631
1,2624,94.257245
1,2625,463.710527
1,2626,91.092868
1,2627,185.895384
1,2628,512.223627
1,2629,220.139734
1,2630,523.668741
1,2631,319.660011
1,2632,236.239508
1,2633,324.746712
1,2634,441.490367
1,2635,82.158834
1,2636,45.062272
1,2637,360.282095
1,2638,481.014265
1,2639,91.883521
1,2640,381.565884
1,2641,88.848188
1,2642,451.006516
1,2643,418.076330
1,2644,92.249215
1,2645,191.969751
1,2646,96.236460
1,2647,340.926170
1,2648,371.920316
1,2649,91.741412
1,2650,419.767957
1,2651,285.831867
1,2652,433.780149
1,2653,93.963052
1,2654,328.109556
1,2655,484.999827
1,2656,479.945704
1,2657,258.119723
1,2658,106.824983
1,2659,537.416172
1,2660,284.446160
1,2661,75.190374
1,2662,292.173650
1,2663,256.875322
1,2664,424.797136
1,2665,82.253407
1,2666,261.764542
1,2667,545.847154
1,2668,478.543969
1,2669,157.905559
1,2670,384.860070
1,2671,91.447319
1,2672,209.167223
1,2673,368.713014
1,2674,97.597803
1,2675,272.168549
1,2676,100.999791
1,2677,469.025799
1,2678,196.893525
1,2679,437.589492
1,2680,241.502034
1,2681,196.495441
1,2682,365.213766
1,2683,58.352745
1,2684,226.771134
1,2685,123.671832
1,2686,365.708467
1,2687,51.180566
1,2688,317.733871
1,2689,93.219946
1,2690,418.473448
1,2691,118.302666
1,2692,90.670696
1,2693,212.836710
1,2694,290.055412
1,2695,193.313372
1,2696,167.905005
1,2697,519.074769
1,2698,92.202092
1,2699,446.963248
1,2700,345.124053
1,2701,94.473378
1,2702,305.235274
1,2703,97.252629
1,2704,123.773161
1,2705,434.694166
1,2706,90.540085
1,2707,52.792017
1,2708,390.760582
1,2709,89.926448
1,2710,296.369922
1,2711,139.489405
1,2712,90.765271
1,2713,351.501447
1,2714,386.143976
1,2715,306.100280
1,2716,289.131417
1,2717,260.641377
1,2718,456.117302
1,2719,91.250422
1,2720,567.944965
1,2721,377.316235
1,2722,112.997620
1,2723,427.977250
1,2724,376.358579
1,2725,442.590907
1,2726,144.467529
1,2727,255.347362
1,2728,140.800445
1,2729,389.563222
1,2730,284.943579
1,2731,149.716303
1,2732,326.627466
1,2733,51.692477
1,2734,274.751575
1,2735,86.216794
1,2736,134.352616
1,2737,238.922188
1,2738,199.538862
1,2739,234.604945
1,2740,40.912630
1,2741,180.558202
1,2742,77.382438
1,2743,279.350993
1,2744,43.022199
1,2745,216.612379
1,2746,91.798469
1,2747,265.854227
1,2748,109.072931
1,2749,95.667774
1,2750,209.528674
1,2751,270.628307
1,2752,201.168886
1,2753,228.233179
1,2754,344.407582
1,2755,89.130564
1,2756,457.395929
1,2757,492.069147
1,2758,112.340552
1,2759,139.027473
1,2760,281.524416
1,2761,54.342220
1,2762,444.454031
1,2763,98.649305
1,2764,462.035901
1,2765,442.615077
1,2766,89.414236
1,2767,386.545869
1,2768,366.555621
1,2769,102.153229
1,2770,290.241045
1,2771,90.178437
1,2772,106.016603
1,2773,438.418070
1,2774,101.633680
1,2775,57.714293
1,2776,393.552152
1,2777,106.866235
1,2778,296.161306
1,2779,162.354926
1,2780,99.820556
1,2781,341.242129
1,2782,343.303115
1,2783,112.351023
1,2784,461.815665
1,2785,415.163073
1,2786,95.591864
1,2787,364.016133
1,2788,367.974733
1,2789,356.271322
1,2790,285.428410
1,2791,282.482352
1,2792,257.362386
1,2793,464.202400
1,2794,90.277220
1,2795,403.103924
1,2796,89.691056
1,2797,50.521515
1,2798,277.394262
1,2799,88.202381
1,2800,139.417092
1,2801,240.197685
1,2802,205.076521
1,2803,360.102336
1,2804,140.479616
1,2805,162.735788
1,2806,235.552668
1,2807,190.889932
1,2808,181.992958
1,2809,551.749334
1,2810,126.652588
1,2811,138.514379
1,2812,393.419432
1,2813,601.692207
1,2814,278.202878
1,2815,75.016332
1,2816,289.969712
1,2817,81.138494
1,2818,383.215153
1,2819,225.849650
1,2820,375.134226
1,2821,175.204528
1,2822,347.093881
1,2823,84.149305
1,2824,203.880901
1,2825,299.090832
1,2826,48.466240
1,2827,389.638258
1,2828,103.040371
1,2829,181.166868
1,2830,398.085433
1,2831,374.591852
1,2832,181.006978
1,2833,89.597298
1,2834,385.332121
1,2835,266.498462
1,2836,50.739816
1,2837,325.628955
1,2838,387.893937
1,2839,94.860336
1,2840,331.743646
1,2841,91.106442
1,2842,442.764749
1,2843,98.120536
1,2844,395.450266
1,2845,153.313032
1,2846,270.718210
1,2847,323.583058
1,2848,187.657777
1,2849,259.118651
1,2850,92.541587
1,2851,409.912698
1,2852,91.985887
1,2853,194.950470
1,2854,138.314038
1,2855,129.266961
1,2856,443.973894
1,2857,101.138520
1,2858,319.655569
1,2859,510.105049
1,2860,48.991396
1,2861,455.989245
1,2862,88.403116
1,2863,98.200421
1,2864,376.460846
1,2865,93.115735
1,2866,50.935536
1,2867,270.049423
1,2868,323.150516
1,2869,90.047041
1,2870,261.259468
1,2871,370.492926
1,2872,392.774691
1,2873,291.530552
1,2874,75.131533
1,2875,301.771967
1,2876,121.642605
1,2877,112.114883
1,2878,348.416727
1,2879,299.371833
1,2880,98.102541
1,2881,390.295673
1,2882,167.266914
1,2883,99.601788
1,2884,208.781387
1,2885,378.402045
1,2886,123.613592
1,2887,249.422933
1,2888,411.499808
1,2889,86.016761
1,2890,214.223513
1,2891,256.435197
1,2892,368.835292
1,2893,100.172244
1,2894,279.197324
1,2895,362.082070
1,2896,93.727857
1,2897,103.715790
1,2898,363.656695
1,2899,451.415892
1,2900,104.890623
1,2901,106.947120
1,2902,204.595478
1,2903,232.495984
1,2904,89.994626
1,2905,147.268238
1,2906,363.015295
1,2907,93.691691
1,2908,56.128284
1,2909,244.504819
1,2910,484.013203
1,2911,256.349704
1,2912,412.538794
1,2913,135.832015
1,2914,317.890352
1,2915,414.740482
1,2916,131.630343
1,2917,432.513239
1,2918,103.457105
1,2919,190.139013
1,2920,410.152694
1,2921,199.854458
1,2922,338.013190
1,2923,91.349893
1,2924,403.422648
1,2925,310.559142
1,2926,142.646475
1,2927,220.042834
1,2928,276.572912
1,2929,96.586752
1,2930,422.019569
1,2931,92.642150
1,2932,420.606427
1,2933,261.592724
1,2934,451.654320
1,2935,523.312849
1,2936,105.828177
1,2937,342.416457
1,2938,266.406034
1,2939,502.747952
1,2940,291.424859
1,2941,191.051774
1,2942,364.289004
1,2943,93.974562
1,2944,376.764749
1,2945,94.662000
1,2946,404.790880
1,2947,365.214085
1,2948,85.705318
1,2949,395.475482
1,2950,92.906580
1,2951,386.048941
1,2952,92.420040
1,2953,513.962200
1,2954,300.422659
1,2955,46.310354
1,2956,292.370116
1,2957,262.386075
1,2958,455.747534
1,2959,98.458880
1,2960,353.031607
1,2961,90.202280
1,2962,281.571450
1,2963,92.314971
1,2964,269.247892
1,2965,503.349284
1,2966,86.340955
1,2967,439.431382
1,2968,318.207139
1,2969,442.216035
1,2970,83.315924
1,2971,420.902412
1,2972,359.017144
1,2973,85.399174
1,2974,175.009833
1,2975,545.351738
1,2976,317.841473
1,2977,90.103709
1,2978,159.088239
1,2979,42.569206
1,2980,401.671057
1,2981,87.564433
1,2982,268.260665
1,2983,262.923960
1,2984,256.221536
1,2985,296.387468
1,2986,284.517993
1,2987,54.528134
1,2988,136.905014
1,2989,248.977333
1,2990,87.349336
1,2991,218.803417
1,2992,190.849959
1,2993,203.104054
1,2994,289.081486
1,2995,490.773098
1,2996,107.885194
1,2997,211.558698
1,2998,278.346374
1,2999,240.769804
1,3000,254.883054
1,3001,91.683405
1,3002,160.692712
1,3003,184.430566
1,3004,94.030782
1,3005,54.109462
1,3006,321.054607
1,3007,90.606578
1,3008,189.379094
1,3009,457.796032
1,3010,54.149857
1,3011,298.271183
1,3012,128.102965
1,3013,280.552120
1,3014,92.780666
1,3015,220.073416
1,3016,90.115564
1,3017,335.438783
1,3018,178.568290
1,3019,261.530405
1,3020,375.558404
1,3021,103.196768
1,3022,71.022481
1,3023,301.090304
1,3024,100.291108
1,3025,155.684672
1,3026,147.434238
1,3027,251.430290
1,3028,228.167463
1,3029,92.610100
1,3030,242.737280
1,3031,121.727717
1,3032,245.485430
1,3033,226.237541
1,3034,103.133803
1,3035,419.155195
1,3036,89.088901
1,3037,206.291604
1,3038,88.177303
1,3039,286.166258
1,3040,183.254958
1,3041,236.068395
1,3042,87.277445
1,3043,156.178823
1,3044,181.886782
1,3045,305.203763
1,3046,85.217548
1,3047,307.055521
1,3048,88.607660
1,3049,292.279412
1,3050,298.480667
1,3051,274.530259
1,3052,137.123941
1,3053,105.900607
1,3054,51.680050
1,3055,326.378104
1,3056,85.136131
1,3057,432.235200
1,3058,279.019346
1,3059,294.716994
1,3060,97.730358
1,3061,250.713890
1,3062,131.888135
1,3063,218.311771
1,3064,282.617923
1,3065,282.758572
1,3066,338.314607
1,3067,87.900426
1,3068,87.695266
1,3069,330.645600
1,3070,467.239453
1,3071,529.472048
1,3072,369.889333
1,3073,417.453014
1,3074,291.837911
1,3075,68.840738
1,3076,311.443746
1,3077,88.553622
1,3078,366.494767
1,3079,223.729017
1,3080,310.279432
1,3081,152.896347
1,3082,133.691274
1,3083,251.633356
1,3084,80.441138
1,3085,198.634034
1,3086,423.621086
1,3087,96.925994
1,3088,395.725351
1,3089,87.507919
1,3090,193.316988
1,3091,440.560526
1,3092,386.528843
1,3093,331.383660
1,3094,209.066950
1,3095,105.448160
1,3096,152.834066
1,3097,82.237978
1,3098,200.998807
1,3099,275.503922
1,3100,393.692784
1,3101,188.877598
1,3102,418.586343
1,3103,106.345909
1,3104,127.949991
1,3105,191.868473
1,3106,248.549019
1,3107,81.782908
1,3108,241.252753
1,3109,81.485450
1,3110,124.091123
1,3111,84.979683
1,3112,208.115736
1,3113,304.463963
1,3114,316.583520
1,3115,346.548376
1,3116,289.477336
1,3117,163.181494
1,3118,120.243047
1,3119,277.202136
1,3120,336.439302
1,3121,399.566124
1,3122,80.288347
1,3123,345.263186
1,3124,44.298124
1,3125,290.709428
1,3126,233.193360
1,3127,78.886382
1,3128,178.877668
1,3129,318.766798
1,3130,243.048368
1,3131,307.886430
1,3132,339.119588
1,3133,353.921590
1,3134,408.871099
1,3135,82.703997
1,3136,128.701600
1,3137,331.913008
1,3138,132.807648
1,3139,202.135763
1,3140,140.795185
1,3141,104.869701
1,3142,298.241036
1,3143,68.805202
1,3144,277.320366
1,3145,223.207663
1,3146,208.930365
1,3147,295.224545
1,3148,383.940969
1,3149,75.135018
1,3150,209.193868
1,3151,118.593084
1,3152,296.502612
1,3153,79.310706
1,3154,278.635262
1,3155,136.556101
1,3156,342.599557
1,3157,284.614845
1,3158,87.361656
1,3159,405.651002
1,3160,352.098097
1,3161,367.667962
1,3162,440.985125
1,3163,351.358737
1,3164,85.753102
1,3165,235.133211
1,3166,80.748212
1,3167,236.760646
1,3168,329.561665
1,3169,81.803273
1,3170,164.536620
1,3171,273.265044
1,3172,125.355993
1,3173,163.969180
1,3174,80.305833
1,3175,695.410440
1,3176,80.439190
1,3177,315.857403
1,3178,129.710327
1,3179,245.389648
1,3180,81.451532
1,3181,165.148810
1,3182,324.136440
1,3183,346.868162
1,3184,80.541265
1,3185,50.237578
1,3186,288.808394
1,3187,79.170939
1,3188,336.509972
1,3189,84.876019
1,3190,176.152147
1,3191,503.181005
1,3192,79.669874
1,3193,345.360900
1,3194,77.738071
1,3195,262.377896
1,3196,188.397003
1,3197,199.518677
1,3198,243.414416
1,3199,261.112121
1,3200,160.017490
1,3201,199.216948
1,3202,357.850549
1,3203,76.357584
1,3204,164.213528
1,3205,203.707980
1,3206,231.919409
1,3207,160.194929
1,3208,83.868227
1,3209,283.812563
1,3210,226.690181
1,3211,78.918823
1,3212,188.214452
1,3213,172.891215
1,3214,258.702286
1,3215,118.301176
1,3216,73.671613
1,3217,306.637311
1,3218,158.952928
1,3219,167.030308
1,3220,210.684449
1,3221,249.064389
1,3222,219.752067
1,3223,335.591737
1,3224,113.883012
1,3225,155.936598
1,3226,74.490100
1,3227,166.978944
1,3228,73.264938
1,3229,221.526386
1,3230,71.246777
1,3231,76.257802
1,3232,253.472055
1,3233,279.085792
1,3234,326.148373
1,3235,274.882377
1,3236,160.408713
1,3237,285.293450
1,3238,74.010781
1,3239,273.674765
1,3240,131.069514
1,3241,181.853369
1,3242,246.930235
1,3243,488.540941
1,3244,209.241526
1,3245,273.774241
1,3246,367.946839
1,3247,191.806407
1,3248,376.846146
1,3249,316.912980
1,3250,267.854682
1,3251,214.458759
1,3252,71.976792
1,3253,286.853796
1,3254,74.585985
1,3255,227.316562
1,3256,316.514456
1,3257,278.149219
1,3258,75.379639
1,3259,320.925853
1,3260,277.058845
1,3261,256.717593
1,3262,262.479612
1,3263,349.716622
1,3264,117.622900
1,3265,84.818450
1,3266,98.393997
1,3267,269.909937
1,3268,228.836797
1,3269,290.299514
1,3270,239.144202
1,3271,363.203336
1,3272,241.098155
1,3273,151.743340
1,3274,429.473216
1,3275,88.833675
1,3276,278.298896
1,3277,334.539246
1,3278,336.849157
1,3279,325.836987
1,3280,332.562218
1,3281,80.491827
1,3282,230.337021
1,3283,381.624647
1,3284,125.123541
1,3285,230.291689
1,3286,400.726022
1,3287,357.968020
1,3288,336.631665
1,3289,304.842416
1,3290,119.680612
1,3291,343.942300
1,3292,273.470824
1,3293,324.631702
1,3294,80.155794
1,3295,162.984182
1,3296,235.041840
1,3297,321.102495
1,3298,314.108227
1,3299,76.536474
1,3300,379.408275
1,3301,89.246988
1,3302,424.281449
1,3303,516.781682
1,3304,417.703252
1,3305,74.454671
1,3306,42.659402
1,3307,294.037309
1,3308,75.640437
1,3309,254.522996
1,3310,173.684968
1,3311,243.227175
1,3312,141.661461
1,3313,274.046085
1,3314,222.026448
1,3315,169.277127
1,3316,68.191371
1,3317,161.538515
1,3318,256.919654
1,3319,112.579689
1,3320,190.004031
1,3321,218.987977
1,3322,155.620862
1,3323,112.375087
1,3324,294.182987
1,3325,361.135477
1,3326,234.482278
1,3327,163.139696
1,3328,140.479004
1,3329,119.691590
1,3330,230.748100
1,3331,263.240553
1,3332,80.625949
1,3333,277.330647
1,3334,79.544270
1,3335,167.229674
1,3336,43.365459
1,3337,120.894432
1,3338,255.220713
1,3339,309.004543
1,3340,234.953247
1,3341,304.994941
1,3342,210.578924
1,3343,125.877347
1,3344,258.811063
1,3345,286.707669
1,3346,165.355884
1,3347,239.247139
1,3348,245.526681
1,3349,340.704262
1,3350,224.610938
1,3351,241.914115
1,3352,86.104807
1,3353,395.736649
1,3354,50.215157
1,3355,262.968119
1,3356,78.231651
1,3357,183.074515
1,3358,178.262623
1,3359,304.918234
1,3360,76.827059
1,3361,194.226888
1,3362,639.473848
1,3363,602.455507
1,3364,321.645113
1,3365,309.705550
1,3366,42.114105
1,3367,361.861065
1,3368,344.911583
1,3369,368.892013
1,3370,293.893283
1,3371,254.865044
1,3372,78.736922
1,3373,91.402185
1,3374,404.627257
1,3375,248.690952
1,3376,366.663577
1,3377,456.865115
1,3378,447.431320
1,3379,384.773113
1,3380,353.350797
1,3381,102.288287
1,3382,355.075620
1,3383,263.567049
1,3384,544.399275
1,3385,441.010432
1,3386,346.723062
1,3387,417.832467
1,3388,88.858490
1,3389,347.437836
1,3390,342.172842
1,3391,385.292467
1,3392,481.516699
1,3393,257.430412
1,3394,230.005297
1,3395,443.034725
1,3396,49.855986
1,3397,184.000331
1,3398,320.360506
1,3399,356.126338
1,3400,356.359354
1,3401,262.631860
1,3402,343.547757
1,3403,327.239990
1,3404,103.071094
1,3405,102.999282
1,3406,487.974695
1,3407,134.584789
1,3408,356.686369
1,3409,417.764662
1,3410,85.132518
1,3411,378.338311
1,3412,88.047128
1,3413,171.678696
1,3414,150.068908
1,3415,263.490727
1,3416,287.006329
1,3417,165.772315
1,3418,291.320667
1,3419,67.600182
1,3420,248.974639
1,3421,304.616759
1,3422,73.509707
1,3423,92.826297
1,3424,464.153537
1,3425,302.870505
1,3426,78.054872
1,3427,409.359021
1,3428,291.961311
1,3429,383.341590
1,3430,79.363578
1,3431,230.360427
1,3432,84.713206
1,3433,376.666394
1,3434,182.124405
1,3435,348.149481
1,3436,312.673348
1,3437,344.096774
1,3438,275.964171
1,3439,529.004132
1,3440,308.557333
1,3441,482.719652
1,3442,364.749879
1,3443,495.393605
1,3444,84.441449
1,3445,215.971756
1,3446,114.990555
1,3447,406.295178
1,3448,480.607363
1,3449,92.816513
1,3450,234.505136
1,3451,86.204040
1,3452,217.705617
1,3453,183.442677
1,3454,191.392696
1,3455,88.703492
1,3456,342.360313
1,3457,89.252883
1,3458,319.108350
1,3459,85.760468
1,3460,96.041658
1,3461,394.597812
1,3462,271.938435
1,3463,373.995910
1,3464,284.015111
1,3465,105.666581
1,3466,161.620403
1,3467,224.156611
1,3468,326.043784
1,3469,76.042013
1,3470,366.979291
1,3471,81.146458
1,3472,82.883292
1,3473,410.523985
1,3474,123.272195
1,3475,366.943986
1,3476,350.172738
1,3477,94.526073
1,3478,271.347277
1,3479,285.118223
1,3480,47.014283
1,3481,219.537449
1,3482,88.220351
1,3483,362.658974
1,3484,443.103647
1,3485,396.477905
1,3486,451.213198
1,3487,248.365942
1,3488,293.542488
1,3489,304.820327
1,3490,274.262636
1,3491,370.088295
1,3492,306.469385
1,3493,241.560374
1,3494,101.563351
1,3495,223.414160
1,3496,253.331096
1,3497,347.842241
1,3498,92.673063
1,3499,210.429355
1,3500,377.052502
1,3501,99.843452
1,3502,488.465557
1,3503,142.621446
1,3504,341.189474
1,3505,306.763450
1,3506,183.313436
1,3507,84.750539
1,3508,289.626219
1,3509,84.690876
1,3510,296.638251
1,3511,198.861701
1,3512,236.142233
1,3513,243.580992
1,3514,70.134845
1,3515,212.642391
1,3516,340.137907
1,3517,264.300147
1,3518,241.585851
1,3519,115.027991
1,3520,188.583411
1,3521,287.249919
1,3522,340.340820
1,3523,405.926738
1,3524,43.334596
1,3525,225.939177
1,3526,345.174506
1,3527,82.044131
1,3528,271.326974
1,3529,80.096829
1,3530,91.814535
1,3531,316.758012
1,3532,67.067706
1,3533,171.089061
1,3534,87.119390
1,3535,207.695948
1,3536,186.573772
1,3537,86.173242
1,3538,166.758667
1,3539,234.857124
1,3540,98.295840
1,3541,334.828665
1,3542,99.952243
1,3543,125.631737
1,3544,393.839445
1,3545,83.549351
1,3546,390.771402
1,3547,444.819295
1,3548,189.412077
1,3549,493.713051
1,3550,92.419249
1,3551,300.894630
1,3552,294.579323
1,3553,458.777477
1,3554,273.597800
1,3555,242.722149
1,3556,320.796391
1,3557,201.074474
1,3558,316.655125
1,3559,90.912442
1,3560,537.307093
1,3561,83.017370
1,3562,83.763941
1,3563,492.149479
1,3564,451.731881
1,3565,194.869285
1,3566,315.611295
1,3567,270.768475
1,3568,563.352738
1,3569,84.088895
1,3570,301.598609
1,3571,131.493133
1,3572,333.579679
1,3573,291.028640
1,3574,189.093729
1,3575,301.218404
1,3576,293.518860
1,3577,195.026143
1,3578,363.581080
1,3579,258.650903
1,3580,486.143704
1,3581,341.248125
1,3582,500.242687
1,3583,424.361533
1,3584,335.989193
1,3585,82.423306
1,3586,333.719487
1,3587,314.565330
1,3588,385.562753
1,3589,392.727973
1,3590,79.595945
1,3591,373.214420
1,3592,340.668713
1,3593,360.206054
1,3594,413.962280
1,3595,508.287034
1,3596,255.547509
1,3597,315.772421
1,3598,345.861857
1,3599,126.799019
1,3600,383.774146
1,3601,257.414460
1,3602,152.569296
1,3603,202.423433
1,3604,66.841682
1,3605,128.498335
1,3606,256.223755
1,3607,214.773320
1,3608,235.416055
1,3609,79.052789
1,3610,41.171526
1,3611,76.992238
1,3612,146.818322
1,3613,255.963122
1,3614,225.170011
1,3615,80.128445
1,3616,176.065724
1,3617,86.300225
1,3618,285.953320
1,3619,131.508300
1,3620,229.974868
1,3621,42.488996
1,3622,210.720342
1,3623,96.326039
1,3624,266.087023
1,3625,83.826520
1,3626,171.341599
1,3627,48.076754
1,3628,298.054887
1,3629,211.407253
1,3630,249.081302
1,3631,237.044505
1,3632,86.738282
1,3633,169.021625
1,3634,91.206335
1,3635,290.175566
1,3636,384.276571
1,3637,41.193827
1,3638,259.738920
1,3639,164.461974
1,3640,85.288363
1,3641,131.126971
1,3642,83.075917
1,3643,91.456033
1,3644,47.184354
1,3645,268.837548
1,3646,82.035034
1,3647,126.887447
1,3648,251.869295
1,3649,292.470752
1,3650,84.290318
1,3651,205.561748
1,3652,91.804274
1,3653,246.194166
1,3654,84.007373
1,3655,197.593760
1,3656,92.057869
1,3657,84.627084
1,3658,270.236195
1,3659,123.949844
1,3660,277.118468
1,3661,189.571086
1,3662,85.889554
1,3663,240.696648
1,3664,285.402192
1,3665,305.333539
1,3666,378.411525
1,3667,129.733717
1,3668,94.635856
1,3669,130.573109
1,3670,295.642746
1,3671,361.840759
1,3672,251.346232
1,3673,80.778120
1,3674,234.987418
1,3675,77.505025
1,3676,242.030894
1,3677,248.769012
1,3678,187.669571
1,3679,308.385133
1,3680,79.551061
1,3681,269.634586
1,3682,1114.891053
1,3683,287.575516
1,3684,77.710124
1,3685,330.949221
1,3686,194.585870
1,3687,167.764765
1,3688,287.056026
1,3689,85.776464
1,3690,200.547669
1,3691,86.000030
1,3692,166.050388
1,3693,133.478644
1,3694,294.046254
1,3695,335.541594
1,3696,91.292930
1,3697,418.671597
1,3698,251.752298
1,3699,67.266579
1,3700,164.213615
1,3701,317.200590
1,3702,39.938405
1,3703,215.379420
1,3704,347.232607
1,3705,39.557525
1,3706,265.181367
1,3707,547.612184
1,3708,407.879352
1,3709,289.211711
1,3710,277.633825
1,3711,84.398509
1,3712,206.422091
1,3713,88.445059
1,3714,339.465809
1,3715,276.792421
1,3716,321.468004
1,3717,314.150473
1,3718,407.490183
1,3719,116.254218
1,3720,234.148889
1,3721,240.392447
1,3722,82.339531
1,3723,292.553201
1,3724,269.997577
1,3725,84.960221
1,3726,210.508089
1,3727,83.139099
1,3728,211.374146
1,3729,182.439738
1,3730,123.026636
1,3731,169.757673
1,3732,83.712620
1,3733,206.460816
1,3734,132.039576
1,3735,316.369932
1,3736,82.794478
1,3737,223.443085
1,3738,362.069329
1,3739,46.371020
1,3740,208.527680
1,3741,340.354409
1,3742,80.859906
1,3743,234.173186
1,3744,209.982299
1,3745,386.587771
1,3746,91.851906
1,3747,213.504909
1,3748,273.397974
1,3749,125.376214
1,3750,125.279068
1,3751,213.330997
1,3752,343.791041
1,3753,315.024720
1,3754,82.082628
1,3755,267.788357
1,3756,84.460174
1,3757,174.041549
1,3758,334.193997
1,3759,82.767473
1,3760,289.966474
1,3761,79.557246
1,3762,162.640855
1,3763,83.484094
1,3764,384.503846
1,3765,79.634721
1,3766,122.444929
1,3767,305.167352
1,3768,338.336263
1,3769,355.395950
1,3770,260.148186
1,3771,96.835018
1,3772,327.237852
1,3773,239.375900
1,3774,377.802900
1,3775,291.369671
1,3776,376.820917
1,3777,470.896531
1,3778,566.937337
1,3779,92.014545
1,3780,379.107087
1,3781,93.902021
1,3782,475.389131
1,3783,99.616285
1,3784,390.570694
1,3785,268.146367
1,3786,497.630823
1,3787,96.183843
1,3788,235.618646
1,3789,466.142403
1,3790,116.718412
1,3791,621.370757
1,3792,641.411078
1,3793,647.194132
1,3794,57.835024
1,3795,458.690378
1,3796,501.382761
1,3797,576.563428
1,3798,105.127118
1,3799,469.785057
1,3800,418.712511
1,3801,240.258196
1,3802,100.096485
1,3803,436.694480
1,3804,410.290822
1,3805,357.182697
1,3806,102.026322
1,3807,496.832489
1,3808,99.311204
1,3809,292.442993
1,3810,515.112994
1,3811,328.306192
1,3812,579.581269
1,3813,121.571708
1,3814,447.661266
1,3815,578.766121
1,3816,98.481596
1,3817,393.355920
1,3818,726.375712
1,3819,454.214488
1,3820,603.069761
1,3821,429.000585
1,3822,100.443823
1,3823,391.303666
1,3824,272.160988
1,3825,215.292820
1,3826,235.135570
1,3827,403.896887
1,3828,60.713611
1,3829,440.800983
1,3830,295.332654
1,3831,99.365535
1,3832,317.899437
1,3833,398.352123
1,3834,152.227050
1,3835,449.407972
1,3836,458.954045
1,3837,343.641609
1,3838,92.222920
1,3839,249.238529
1,3840,164.678424
1,3841,315.806714
1,3842,85.859894
1,3843,479.718833
1,3844,146.237228
1,3845,112.280429
1,3846,96.593182
1,3847,491.482509
1,3848,99.668572
1,3849,72.801275
1,3850,200.338357
1,3851,371.859466
1,3852,790.529499
1,3853,579.751236
1,3854,100.219845
1,3855,655.158755
1,3856,110.860186
1,3857,228.394778
1,3858,217.478556
1,3859,506.034620
1,3860,129.806550
1,3861,634.610161
1,3862,96.073366
1,3863,486.396884
1,3864,281.984198
1,3865,457.967208
1,3866,106.735841
1,3867,294.824029
1,3868,192.622232
1,3869,586.540654
1,3870,111.646923
1,3871,535.409783
1,3872,240.222449
1,3873,315.180817
1,3874,462.755559
1,3875,497.454560
1,3876,100.031912
1,3877,236.837654
1,3878,485.734126
1,3879,55.805684
1,3880,450.454625
1,3881,370.587915
1,3882,416.136234
1,3883,379.726167
1,3884,101.164578
1,3885,422.843002
1,3886,360.832124
1,3887,252.534625
1,3888,571.207377
1,3889,95.924002
1,3890,204.705042
1,3891,520.062562
1,3892,92.167687
1,3893,238.719895
1,3894,485.460226
1,3895,551.517540
1,3896,467.459778
1,3897,370.854859
1,3898,394.367772
1,3899,119.475400
1,3900,328.402385
1,3901,340.227025
1,3902,89.692328
1,3903,424.308281
1,3904,88.273954
1,3905,498.170013
1,3906,268.769426
1,3907,501.600627
1,3908,93.506854
1,3909,228.715122
1,3910,436.709797
1,3911,813.645167
1,3912,355.300741
1,3913,405.768049
1,3914,137.863799
1,3915,453.521459
1,3916,104.101858
1,3917,410.941151
1,3918,558.580955
1,3919,211.074271
1,3920,101.903343
1,3921,397.529807
1,3922,299.421902
1,3923,395.144638
1,3924,98.049211
1,3925,380.650765
1,3926,632.554848
1,3927,139.914308
1,3928,203.305849
1,3929,241.768791
1,3930,60.019997
1,3931,601.515711
1,3932,583.665130
1,3933,96.911494
1,3934,645.444151
1,3935,506.807248
1,3936,505.345571
1,3937,116.925394
1,3938,208.732279
1,3939,496.800930
1,3940,506.445506
1,3941,546.465812
1,3942,105.679961
1,3943,561.093262
1,3944,553.757027
1,3945,115.729154
1,3946,513.932684
1,3947,367.616512
1,3948,101.056795
1,3949,447.789446
1,3950,269.995696
1,3951,336.908782
1,3952,168.459109
1,3953,203.141854
1,3954,310.152382
1,3955,94.166095
1,3956,604.002560
1,3957,362.039448
1,3958,428.737758
1,3959,504.969468
1,3960,57.746896
1,3961,536.339095
1,3962,107.214970
1,3963,52.416607
1,3964,480.237938
1,3965,398.396858
1,3966,94.101036
1,3967,307.586770
1,3968,256.849639
1,3969,417.636601
1,3970,97.574093
1,3971,56.387020
1,3972,430.414946
1,3973,516.703899
1,3974,434.802899
1,3975,109.821238
1,3976,376.343525
1,3977,106.179914
1,3978,406.136442
1,3979,511.799388
1,3980,353.242024
1,3981,184.733686
1,3982,388.582064
1,3983,150.551359
1,3984,92.929946
1,3985,304.633064
1,3986,94.387042
1,3987,378.529657
1,3988,383.107908
1,3989,469.748749
1,3990,138.228391
1,3991,409.293765
1,3992,340.128062
1,3993,507.088045
1,3994,382.483976
1,3995,124.590644
1,3996,408.911947
1,3997,190.610678
1,3998,523.142233
1,3999,88.999102
1,4000,339.728138
1,4001,439.406226
1,4002,271.351863
1,4003,402.860934
1,4004,382.393269
1,4005,93.397251
1,4006,388.896878
1,4007,407.749831
1,4008,97.974931
1,4009,434.615107
1,4010,595.931618
1,4011,208.033684
1,4012,546.095054
1,4013,281.304891
1,4014,242.351972
1,4015,370.611924
1,4016,189.405319
1,4017,405.895266
1,4018,173.107229
1,4019,471.099375
1,4020,55.784742
1,4021,506.326699
1,4022,351.540158
1,4023,97.804162
1,4024,363.457598
1,4025,104.207170
1,4026,436.585074
1,4027,191.425637
1,4028,273.199575
1,4029,311.243922
1,4030,193.399414
1,4031,104.547790
1,4032,425.201804
1,4033,335.744780
1,4034,444.149535
1,4035,518.371589
1,4036,414.385669
1,4037,111.072141
1,4038,458.431170
1,4039,268.754522
1,4040,235.179161
1,4041,228.322468
1,4042,111.678811
1,4043,448.214456
1,4044,471.664076
1,4045,535.197041
1,4046,59.699248
1,4047,540.665348
1,4048,429.432404
1,4049,95.847118
1,4050,226.661927
1,4051,557.107631
1,4052,109.575209
1,4053,531.785321
1,4054,92.407411
1,4055,327.034098
1,4056,96.760161
1,4057,541.562216
1,4058,426.581745
1,4059,200.390252
1,4060,166.307766
1,4061,231.930113
1,4062,350.362881
1,4063,388.640258
1,4064,472.165701
1,4065,224.601892
1,4066,475.897715
1,4067,91.656810
1,4068,462.787790
1,4069,476.419387
1,4070,101.494847
1,4071,370.240962
1,4072,333.454353
1,4073,498.746962
1,4074,97.901520
1,4075,635.609198
1,4076,563.713991
1,4077,90.974374
1,4078,93.567678
1,4079,471.170598
1,4080,96.332433
1,4081,186.095999
1,4082,493.726927
1,4083,215.563314
1,4084,525.755018
1,4085,316.101103
1,4086,247.921403
1,4087,324.413780
1,4088,465.402283
1,4089,82.185448
1,4090,44.385090
1,4091,376.952166
1,4092,478.465821
1,4093,91.504703
1,4094,373.619121
1,4095,88.884551
1,4096,467.177066
1,4097,432.322521
1,4098,92.288729
1,4099,194.175600
1,4100,95.545932
1,4101,343.796529
1,4102,374.388481
1,4103,91.784751
1,4104,423.795943
1,4105,288.228101
1,4106,436.492920
1,4107,94.008545
1,4108,340.164232
1,4109,499.726333
1,4110,491.857974
1,4111,250.643433
1,4112,105.277574
1,4113,532.452482
1,4114,285.682906
1,4115,75.207734
1,4116,297.660988
1,4117,268.762498
1,4118,413.375665
1,4119,82.281501
1,4120,244.163956
1,4121,480.587469
1,4122,427.403096
1,4123,152.433156
1,4124,392.752521
1,4125,87.582878
1,4126,211.239881
1,4127,372.824728
1,4128,96.812320
1,4129,280.180277
1,4130,111.068443
1,4131,480.532002
1,4132,187.011332
1,4133,416.906495
1,4134,224.848714
1,4135,185.976330
1,4136,374.470303
1,4137,58.364729
1,4138,227.843164
1,4139,126.986684
1,4140,371.289620
1,4141,51.545682
1,4142,334.640983
1,4143,93.266823
1,4144,408.088180
1,4145,117.450810
1,4146,91.320885
1,4147,216.669456
1,4148,270.328986
1,4149,190.532114
1,4150,160.206666
1,4151,523.122522
1,4152,97.132145
1,4153,452.141017
1,4154,353.102453
1,4155,95.046577
1,4156,315.675169
1,4157,98.329978
1,4158,124.770778
1,4159,439.746312
1,4160,91.100275
1,4161,52.804627
1,4162,418.289512
1,4163,90.472183
1,4164,298.161289
1,4165,144.666293
1,4166,90.813403
1,4167,340.886053
1,4168,376.992813
1,4169,303.385559
1,4170,291.117761
1,4171,267.079514
1,4172,459.018278
1,4173,91.938041
1,4174,575.530309
1,4175,384.393369
1,4176,123.272725
1,4177,425.161537
1,4178,372.139384
1,4179,439.745426
1,4180,146.283806
1,4181,250.502671
1,4182,147.575513
1,4183,390.329464
1,4184,294.434769
1,4185,150.615840
1,4186,325.820699
1,4187,52.573578
1,4188,284.129651
1,4189,86.880751
1,4190,135.401645
1,4191,240.223483
1,4192,187.722215
1,4193,235.099061
1,4194,40.912630
1,4195,182.028626
1,4196,77.402822
1,4197,281.352698
1,4198,43.022199
1,4199,219.503816
1,4200,93.308953
1,4201,269.118763
1,4202,110.540805
1,4203,97.449375
1,4204,210.109899
1,4205,267.275274
1,4206,201.645698
1,4207,211.111537
1,4208,332.377258
1,4209,89.169999
1,4210,439.905236
1,4211,475.521966
1,4212,114.081773
1,4213,140.086297
1,4214,290.075747
1,4215,54.353434
1,4216,450.741026
1,4217,101.639291
1,4218,478.041460
1,4219,439.886523
1,4220,89.459254
1,4221,375.505353
1,4222,365.240744
1,4223,101.023978
1,4224,286.056394
1,4225,90.825861
1,4226,105.032949
1,4227,462.591619
1,4228,102.086816
1,4229,59.450468
1,4230,406.023768
1,4231,107.503441
1,4232,305.400324
1,4233,165.367870
1,4234,106.313765
1,4235,351.772177
1,4236,343.356127
1,4237,119.604985
1,4238,467.421379
1,4239,423.974770
1,4240,97.283606
1,4241,379.786701
1,4242,380.871911
1,4243,348.031213
1,4244,280.847219
1,4245,290.576052
1,4246,257.243049
1,4247,469.399615
1,4248,90.324125
1,4249,410.719004
1,4250,89.071102
1,4251,50.533649
1,4252,286.716078
1,4253,88.940758
1,4254,140.959684
1,4255,242.817416
1,4256,200.614578
1,4257,352.195499
1,4258,140.173805
1,4259,156.098297
1,4260,230.136309
1,4261,184.449873
1,4262,189.146814
1,4263,543.196811
1,4264,127.214665
1,4265,140.255715
1,4266,391.700677
1,4267,577.298440
1,4268,278.705177
1,4269,75.032939
1,4270,289.916363
1,4271,81.892103
1,4272,385.592449
1,4273,226.335658
1,4274,377.128474
1,4275,175.829822
1,4276,349.140447
1,4277,84.182163
1,4278,197.266892
1,4279,300.530117
1,4280,48.475633
1,4281,425.265899
1,4282,110.158888
1,4283,189.790629
1,4284,419.903909
1,4285,377.752409
1,4286,182.120368
1,4287,89.638411
1,4288,382.138999
1,4289,262.848813
1,4290,50.750900
1,4291,328.718080
1,4292,404.552519
1,4293,96.674543
1,4294,341.289478
1,4295,92.411102
1,4296,457.494801
1,4297,99.064107
1,4298,387.107845
1,4299,152.704243
1,4300,265.200938
1,4301,325.031554
1,4302,188.047863
1,4303,265.446357
1,4304,98.256724
1,4305,425.494548
1,4306,93.752774
1,4307,190.336533
1,4308,139.482948
1,4309,133.936204
1,4310,438.630415
1,4311,104.300209
1,4312,322.531051
1,4313,522.290814
1,4314,49.003466
1,4315,485.429101
1,4316,88.449398
1,4317,105.770559
1,4318,383.752648
1,4319,92.271547
1,4320,51.947791
1,4321,264.590931
1,4322,333.195401
1,4323,96.220711
1,4324,267.517972
1,4325,402.239108
1,4326,415.863081
1,4327,293.830384
1,4328,75.147775
1,4329,305.600515
1,4330,126.375965
1,4331,113.994222
1,4332,351.585455
1,4333,310.815179
1,4334,99.050753
1,4335,401.595646
1,4336,168.483996
1,4337,106.160600
1,4338,219.993565
1,4339,388.375168
1,4340,120.480195
1,4341,249.173269
1,4342,425.225157
1,4343,86.055179
1,4344,224.617453
1,4345,269.790840
1,4346,377.945470
1,4347,100.554920
1,4348,292.920819
1,4349,372.991358
1,4350,94.976715
1,4351,103.017161
1,4352,362.798230
1,4353,468.702266
1,4354,106.094978
1,4355,114.749232
1,4356,214.441751
1,4357,233.502729
1,4358,91.011227
1,4359,148.930492
1,4360,371.064783
1,4361,92.858284
1,4362,58.081953
1,4363,239.911667
1,4364,472.976244
1,4365,249.940758
1,4366,408.965153
1,4367,138.167289
1,4368,322.558300
1,4369,419.023412
1,4370,131.474656
1,4371,429.440031
1,4372,104.354636
1,4373,192.139557
1,4374,406.975670
1,4375,197.548540
1,4376,333.545429
1,4377,91.395059
1,4378,426.597439
1,4379,323.386180
1,4380,144.409856
1,4381,220.934302
1,4382,273.396675
1,4383,99.998286
1,4384,420.530450
1,4385,94.431364
1,4386,440.656659
1,4387,258.825306
1,4388,460.212357
1,4389,516.379413
1,4390,109.312484
1,4391,344.132493
1,4392,270.274124
1,4393,523.682733
1,4394,301.487361
1,4395,192.089035
1,4396,365.448302
1,4397,94.084773
1,4398,397.645524
1,4399,96.984639
1,4400,406.492893
1,4401,368.682945
1,4402,86.332034
1,4403,410.869200
1,4404,94.797420
1,4405,392.714361
1,4406,94.550835
1,4407,540.809167
1,4408,310.739313
1,4409,46.320906
1,4410,294.047918
1,4411,261.433143
1,4412,458.124778
1,4413,103.696829
1,4414,351.861972
1,4415,90.965812
1,4416,282.689058
1,4417,92.456742
1,4418,265.113469
1,4419,501.674145
1,4420,86.388259
1,4421,461.938450
1,4422,322.569002
1,4423,435.284804
1,4424,83.353305
1,4425,415.516313
1,4426,364.831435
1,4427,84.895099
1,4428,175.996169
1,4429,554.737197
1,4430,323.088751
1,4431,98.938401
1,4432,159.199597
1,4433,42.569206
1,4434,415.314842
1,4435,87.023648
1,4436,276.815781
1,4437,264.069463
1,4438,266.411444
1,4439,297.862038
1,4440,277.503581
1,4441,54.042029
1,4442,136.420398
1,4443,263.012473
1,4444,87.395302
1,4445,227.130022
1,4446,191.839933
1,4447,209.414778
1,4448,290.743920
1,4449,492.989128
1,4450,115.172996
1,4451,218.093653
1,4452,280.327892
1,4453,244.511913
1,4454,250.453722
1,4455,87.401146
1,4456,162.957529
1,4457,181.848195
1,4458,95.159452
1,4459,54.123662
1,4460,322.372849
1,4461,90.661626
1,4462,189.278894
1,4463,467.569212
1,4464,54.164348
1,4465,308.722851
1,4466,131.959511
1,4467,282.443128
1,4468,93.767372
1,4469,220.490123
1,4470,89.580507
1,4471,333.266116
1,4472,178.310653
1,4473,263.178853
1,4474,370.162059
1,4475,107.958672
1,4476,71.037516
1,4477,308.751823
1,4478,101.963491
1,4479,153.517997
1,4480,144.827870
1,4481,252.999155
1,4482,228.216528
1,4483,92.166672
1,4484,229.267145
1,4485,122.224635
1,4486,241.401107
1,4487,226.648235
1,4488,108.485495
1,4489,414.268091
1,4490,89.143880
1,4491,212.979910
1,4492,88.231957
1,4493,294.720402
1,4494,183.110029
1,4495,236.169998
1,4496,87.331381
1,4497,156.533556
1,4498,182.479754
1,4499,301.536561
1,4500,85.270682
1,4501,308.027544
1,4502,88.002546
1,4503,300.437675
1,4504,299.445019
1,4505,274.900984
1,4506,137.254977
1,4507,112.457836
1,4508,56.809477
1,4509,338.372416
1,4510,84.677173
1,4511,438.716894
1,4512,286.633441
1,4513,281.389052
1,4514,99.845596
1,4515,246.020700
1,4516,132.012994
1,4517,221.038343
1,4518,280.179689
1,4519,276.366541
1,4520,347.858025
1,4521,93.063361
1,4522,87.743075
1,4523,333.958048
1,4524,484.496674
1,4525,545.149976
1,4526,386.625255
1,4527,423.807794
1,4528,290.603616
1,4529,68.867501
1,4530,311.943729
1,4531,91.133964
1,4532,362.735124
1,4533,226.360011
1,4534,313.949275
1,4535,156.483929
1,4536,134.634552
1,4537,253.810943
1,4538,81.544687
1,4539,200.791895
1,4540,414.240094
1,4541,99.534793
1,4542,383.566491
1,4543,89.153908
1,4544,198.692070
1,4545,446.717680
1,4546,390.047245
1,4547,336.014236
1,4548,211.956823
1,4549,108.557336
1,4550,154.671743
1,4551,82.282120
1,4552,201.562731
1,4553,276.859509
1,4554,395.656066
1,4555,190.768219
1,4556,425.450878
1,4557,103.128421
1,4558,128.060712
1,4559,193.899887
1,4560,250.107210
1,4561,81.828812
1,4562,244.224312
1,4563,81.531498
1,4564,123.816141
1,4565,85.027713
1,4566,208.083062
1,4567,296.798160
1,4568,319.333182
1,4569,344.127495
1,4570,291.518177
1,4571,160.508895
1,4572,120.355031
1,4573,284.974395
1,4574,337.746911
1,4575,400.787224
1,4576,80.334200
1,4577,335.344180
1,4578,44.310022
1,4579,284.576700
1,4580,233.247129
1,4581,78.931765
1,4582,174.483275
1,4583,319.878999
1,4584,244.503883
1,4585,310.231312
1,4586,335.342707
1,4587,348.800364
1,4588,405.538110
1,4589,82.748324
1,4590,130.188619
1,4591,333.076499
1,4592,138.229853
1,4593,208.078297
1,4594,141.909821
1,4595,104.923244
1,4596,305.578864
1,4597,68.831378
1,4598,281.455905
1,4599,218.209911
1,4600,210.684525
1,4601,298.647243
1,4602,384.744318
1,4603,75.169195
1,4604,210.505261
1,4605,118.682707
1,4606,298.257120
1,4607,79.348275
1,4608,280.383743
1,4609,137.284372
1,4610,328.850694
1,4611,287.590127
1,4612,87.424843
1,4613,403.498081
1,4614,344.499005
1,4615,371.980803
1,4616,439.361202
1,4617,348.669766
1,4618,85.066968
1,4619,235.194284
1,4620,80.298169
1,4621,236.723546
1,4622,330.024734
1,4623,81.847367
1,4624,164.739986
1,4625,269.977403
1,4626,124.948357
1,4627,163.867956
1,4628,80.350638
1,4629,736.666266
1,4630,79.966793
1,4631,312.497584
1,4632,130.150710
1,4633,245.564945
1,4634,81.496686
1,4635,164.843561
1,4636,325.134678
1,4637,346.957432
1,4638,80.586410
1,4639,49.583665
1,4640,289.458088
1,4641,79.215973
1,4642,344.490996
1,4643,86.081389
1,4644,186.501654
1,4645,538.003318
1,4646,79.714558
1,4647,346.078172
1,4648,77.782565
1,4649,262.754872
1,4650,190.304038
1,4651,201.806637
1,4652,246.921972
1,4653,263.653152
1,4654,163.473660
1,4655,200.214924
1,4656,370.082495
1,4657,76.400937
1,4658,164.411987
1,4659,203.266171
1,4660,232.070187
1,4661,159.860302
1,4662,85.086346
1,4663,286.428352
1,4664,226.879202
1,4665,78.962589
1,4666,188.196713
1,4667,165.289908
1,4668,259.147640
1,4669,118.401556
1,4670,73.712740
1,4671,300.656926
1,4672,158.623255
1,4673,166.606593
1,4674,211.708799
1,4675,250.418262
1,4676,219.800306
1,4677,336.111154
1,4678,113.979090
1,4679,156.117311
1,4680,74.529233
1,4681,166.480503
1,4682,73.303654
1,4683,214.615377
1,4684,71.285073
1,4685,81.548387
1,4686,253.458535
1,4687,271.404163
1,4688,322.869416
1,4689,274.899840
1,4690,159.925901
1,4691,285.685372
1,4692,73.495744
1,4693,260.737013
1,4694,125.226736
1,4695,190.544883
1,4696,244.328388
1,4697,513.980345
1,4698,208.591285
1,4699,273.105425
1,4700,367.839222
1,4701,198.579118
1,4702,401.750647
1,4703,333.044235
1,4704,276.949199
1,4705,214.550675
1,4706,72.008095
1,4707,288.591551
1,4708,74.619412
1,4709,228.292558
1,4710,319.877393
1,4711,281.388312
1,4712,75.416382
1,4713,323.888709
1,4714,280.255439
1,4715,255.492065
1,4716,258.303418
1,4717,343.572732
1,4718,117.720383
1,4719,91.322962
1,4720,102.928137
1,4721,265.640218
1,4722,227.790280
1,4723,291.297863
1,4724,240.131576
1,4725,358.722887
1,4726,236.257604
1,4727,153.511120
1,4728,417.351463
1,4729,88.979446
1,4730,268.679110
1,4731,346.109701
1,4732,344.665269
1,4733,327.648058
1,4734,333.700544
1,4735,80.535815
1,4736,230.820645
1,4737,384.738194
1,4738,126.778126
1,4739,230.776540
1,4740,412.348904
1,4741,359.585205
1,4742,337.550122
1,4743,304.928251
1,4744,120.817208
1,4745,347.339251
1,4746,274.321943
1,4747,325.842713
1,4748,80.199726
1,4749,163.185673
1,4750,237.552702
1,4751,323.114883
1,4752,305.014082
1,4753,78.173659
1,4754,363.914977
1,4755,86.853920
1,4756,401.749715
1,4757,474.344391
1,4758,397.021008
1,4759,74.497489
1,4760,42.670517
1,4761,287.746359
1,4762,76.573066
1,4763,251.857258
1,4764,184.305302
1,4765,252.865043
1,4766,142.433817
1,4767,276.467023
1,4768,225.000587
1,4769,170.043291
1,4770,68.218036
1,4771,162.658078
1,4772,257.125607
1,4773,112.121315
1,4774,189.843635
1,4775,219.338364
1,4776,155.304391
1,4777,116.611086
1,4778,294.815563
1,4779,362.234700
1,4780,234.638836
1,4781,164.503416
1,4782,141.444580
1,4783,119.784657
1,4784,233.166063
1,4785,265.100503
1,4786,80.665608
1,4787,273.815024
1,4788,79.584668
1,4789,167.416747
1,4790,43.376144
1,4791,120.994775
1,4792,258.832847
1,4793,315.939864
1,4794,236.001910
1,4795,306.439895
1,4796,212.635800
1,4797,125.377417
1,4798,260.565372
1,4799,288.139178
1,4800,166.434503
1,4801,237.677533
1,4802,242.599827
1,4803,342.410374
1,4804,225.864329
1,4805,243.926128
1,4806,87.271937
1,4807,400.443194
1,4808,51.913556
1,4809,264.745239
1,4810,78.274836
1,4811,183.969177
1,4812,179.182770
1,4813,306.653124
1,4814,76.870086
1,4815,194.553105
1,4816,640.989327
1,4817,620.615361
1,4818,316.968047
1,4819,311.401004
1,4820,42.116155
1,4821,363.863504
1,4822,341.687659
1,4823,371.900175
1,4824,300.440963
1,4825,255.975300
1,4826,78.760112
1,4827,91.602672
1,4828,410.898884
1,4829,250.256813
1,4830,367.232715
1,4831,440.197469
1,4832,424.236538
1,4833,386.227921
1,4834,368.780966
1,4835,102.331810
1,4836,368.616497
1,4837,265.825031
1,4838,547.385990
1,4839,419.614246
1,4840,329.981422
1,4841,386.777354
1,4842,83.898125
1,4843,346.221425
1,4844,345.538928
1,4845,389.623160
1,4846,487.191867
1,4847,259.720034
1,4848,233.048475
1,4849,415.429175
1,4850,49.869323
1,4851,184.543334
1,4852,303.198101
1,4853,359.027909
1,4854,358.682449
1,4855,263.706916
1,4856,345.965732
1,4857,324.942994
1,4858,98.596795
1,4859,103.444091
1,4860,477.259004
1,4861,135.744466
1,4862,343.780046
1,4863,412.873188
1,4864,84.799324
1,4865,381.249321
1,4866,88.101050
1,4867,171.479305
1,4868,150.806364
1,4869,258.333655
1,4870,283.685321
1,4871,166.025860
1,4872,301.925405
1,4873,67.127045
1,4874,251.488921
1,4875,316.584048
1,4876,74.160490
1,4877,100.406499
1,4878,455.990825
1,4879,318.388712
1,4880,78.090802
1,4881,419.375749
1,4882,298.016151
1,4883,390.786776
1,4884,79.404612
1,4885,238.262324
1,4886,84.305193
1,4887,380.340303
1,4888,182.865280
1,4889,360.896430
1,4890,307.102844
1,4891,334.408455
1,4892,273.975780
1,4893,496.111847
1,4894,319.030358
1,4895,487.841886
1,4896,368.628900
1,4897,505.438138
1,4898,84.491541
1,4899,216.012093
1,4900,103.737057
1,4901,397.431566
1,4902,462.754904
1,4903,92.415448
1,4904,236.011363
1,4905,91.456602
1,4906,218.875924
1,4907,189.991378
1,4908,192.316315
1,4909,88.755932
1,4910,344.674941
1,4911,88.761311
1,4912,313.855410
1,4913,85.311712
1,4914,97.638078
1,4915,389.499645
1,4916,274.845687
1,4917,371.233011
1,4918,289.470702
1,4919,106.594126
1,4920,163.762047
1,4921,224.681954
1,4922,327.513008
1,4923,76.071917
1,4924,359.191409
1,4925,82.364427
1,4926,84.424638
1,4927,406.713812
1,4928,125.130025
1,4929,369.361056
1,4930,349.304920
1,4931,95.215743
1,4932,271.766776
1,4933,286.415199
1,4934,47.025666
1,4935,221.906705
1,4936,83.447919
1,4937,359.610230
1,4938,440.607840
1,4939,385.931439
1,4940,459.455222
1,4941,249.482524
1,4942,295.158647
1,4943,307.267921
1,4944,269.246097
1,4945,362.847367
1,4946,308.106273
1,4947,237.699797
1,4948,103.665240
1,4949,221.600191
1,4950,246.052790
1,4951,356.843409
1,4952,94.159106
1,4953,210.807772
1,4954,378.506762
1,4955,94.275282
1,4956,480.315947
1,4957,142.849830
1,4958,337.292355
1,4959,303.444721
1,4960,184.484593
1,4961,84.802137
1,4962,316.768269
1,4963,84.282899
1,4964,299.817400
1,4965,199.253006
1,4966,247.519952
1,4967,255.620676
1,4968,70.156541
1,4969,214.585501
1,4970,344.505683
1,4971,271.734430
1,4972,252.637887
1,4973,116.463826
1,4974,187.221499
1,4975,291.542478
1,4976,345.940600
1,4977,410.764485
1,4978,43.344819
1,4979,227.560740
1,4980,347.655525
1,4981,82.086107
1,4982,280.882410
1,4983,80.140294
1,4984,93.577707
1,4985,308.655695
1,4986,68.062410
1,4987,176.020720
1,4988,86.553143
1,4989,208.943637
1,4990,188.301897
1,4991,80.324832
1,4992,166.978782
1,4993,238.730339
1,4994,100.663250
1,4995,344.544003
1,4996,101.078573
1,4997,128.585467
1,4998,420.571332
1,4999,84.569255
1,5000,376.585210
1,5001,430.502432
1,5002,190.873709
1,5003,484.184273
1,5004,93.728991
1,5005,295.460284
1,5006,296.956590
1,5007,464.682762
1,5008,282.871887
1,5009,252.280439
1,5010,323.235879
1,5011,203.166551
1,5012,319.382718
1,5013,92.139762
1,5014,534.335797
1,5015,83.996816
1,5016,83.814198
1,5017,512.495852
1,5018,467.078162
1,5019,196.030109
1,5020,308.898693
1,5021,274.069007
1,5022,565.401443
1,5023,83.787824
1,5024,316.429677
1,5025,133.449916
1,5026,348.225310
1,5027,292.950384
1,5028,191.012299
1,5029,301.918889
1,5030,295.121154
1,5031,195.186319
1,5032,366.981888
1,5033,265.541241
1,5034,499.439318
1,5035,349.523639
1,5036,516.531039
1,5037,431.250317
1,5038,337.339923
1,5039,82.470283
1,5040,331.170451
1,5041,313.157135
1,5042,379.704058
1,5043,396.948861
1,5044,79.641896
1,5045,370.906094
1,5046,348.281385
1,5047,363.169313
1,5048,412.884081
1,5049,504.461375
1,5050,257.320757
1,5051,307.039128
1,5052,341.226732
1,5053,133.282491
1,5054,367.662114
1,5055,260.448964
1,5056,157.590708
1,5057,214.069481
1,5058,66.862902
1,5059,133.963583
1,5060,258.488265
1,5061,215.589713
1,5062,237.264910
1,5063,80.243102
1,5064,41.179316
1,5065,77.027214
1,5066,141.941009
1,5067,246.065875
1,5068,236.334804
1,5069,81.109768
1,5070,176.386477
1,5071,93.047562
1,5072,287.905273
1,5073,131.615818
1,5074,230.448715
1,5075,42.500670
1,5076,211.062231
1,5077,98.550516
1,5078,267.599876
1,5079,83.351853
1,5080,171.166451
1,5081,48.088870
1,5082,293.680828
1,5083,201.951591
1,5084,241.200779
1,5085,245.713026
1,5086,86.263796
1,5087,170.307272
1,5088,91.577325
1,5089,292.505621
1,5090,387.195173
1,5091,41.206858
1,5092,263.072472
1,5093,167.255704
1,5094,85.337512
1,5095,130.573879
1,5096,83.125190
1,5097,90.852203
1,5098,47.197204
1,5099,269.337025
1,5100,82.084395
1,5101,127.007357
1,5102,253.754219
1,5103,294.790160
1,5104,83.782439
1,5105,207.570866
1,5106,91.313835
1,5107,247.062889
1,5108,84.056380
1,5109,198.609590
1,5110,86.080884
1,5111,84.168106
1,5112,270.861360
1,5113,124.067700
1,5114,270.903527
1,5115,190.546554
1,5116,82.204684
1,5117,236.452758
1,5118,287.274053
1,5119,301.610163
1,5120,374.861547
1,5121,129.853540
1,5122,93.305556
1,5123,130.692088
1,5124,292.174569
1,5125,360.039272
1,5126,248.823898
1,5127,80.824446
1,5128,235.949189
1,5129,77.550972
1,5130,241.812492
1,5131,243.937357
1,5132,181.001761
1,5133,308.354669
1,5134,79.596004
1,5135,263.845625
1,5136,1163.873826
1,5137,295.764598
1,5138,78.705860
1,5139,332.610425
1,5140,195.894840
1,5141,173.909944
1,5142,299.243584
1,5143,85.809166
1,5144,200.807524
1,5145,84.913002
1,5146,176.359958
1,5147,142.515880
1,5148,296.345655
1,5149,338.391241
1,5150,91.568697
1,5151,407.464985
1,5152,261.775050
1,5153,66.765019
1,5154,174.914895
1,5155,326.921457
1,5156,39.938405
1,5157,226.765061
1,5158,359.952739
1,5159,39.561171
1,5160,277.017296
1,5161,548.068857
1,5162,406.369765
1,5163,303.605970
1,5164,279.598836
1,5165,85.714506
1,5166,208.899733
1,5167,89.959769
1,5168,343.116507
1,5169,271.680751
1,5170,313.245154
1,5171,307.946999
1,5172,391.069851
1,5173,120.047403
1,5174,234.624702
1,5175,241.286162
1,5176,82.383677
1,5177,294.710701
1,5178,270.484091
1,5179,85.005353
1,5180,210.844621
1,5181,83.184758
1,5182,211.347803
1,5183,177.921976
1,5184,124.164549
1,5185,169.408053
1,5186,83.136158
1,5187,200.667372
1,5188,133.279274
1,5189,315.890813
1,5190,82.841493
1,5191,225.148347
1,5192,365.569765
1,5193,46.383306
1,5194,208.423025
1,5195,341.314323
1,5196,80.419745
1,5197,233.901696
1,5198,209.897154
1,5199,388.813227
1,5200,93.561248
1,5201,207.752937
1,5202,275.496078
1,5203,125.490297
1,5204,126.317494
1,5205,223.203105
1,5206,346.191265
1,5207,316.149868
1,5208,82.129141
1,5209,268.386922
1,5210,81.345771
1,5211,174.312585
1,5212,335.853687
1,5213,82.813378
1,5214,290.741786
1,5215,79.602867
1,5216,162.457117
1,5217,83.529414
1,5218,393.668545
1,5219,79.679722
1,5220,122.553863
1,5221,306.280071
1,5222,340.814111
1,5223,353.212021
1,5224,490.564353
1,5225,33.685289
1,5226,340.560435
1,5227,213.154221
1,5228,320.589017
1,5229,91.062706
1,5230,279.076472
1,5231,474.349146
1,5232,111.818640
1,5233,491.426643
1,5234,425.228149
1,5235,228.012726
1,5236,341.960185
1,5237,96.190645
1,5238,333.034746
1,5239,167.826370
1,5240,99.278335
1,5241,197.843302
1,5242,234.566699
1,5243,281.447737
1,5244,452.572664
1,5245,452.220146
1,5246,478.698756
1,5247,126.363501
1,5248,544.060037
1,5249,112.248668
1,5250,292.435729
1,5251,112.606084
1,5252,116.699110
1,5253,283.484282
1,5254,203.820365
1,5255,99.725185
1,5256,403.178856
1,5257,120.582399
1,5258,212.109740
1,5259,877.714009
1,5260,353.906692
1,5261,217.709350
1,5262,114.749768
1,5263,669.768866
1,5264,329.940752
1,5265,414.080102
1,5266,100.448617
1,5267,534.073010
1,5268,366.328754
1,5269,269.666268
1,5270,197.624083
1,5271,341.100203
1,5272,322.938271
1,5273,219.391947
1,5274,197.444548
1,5275,428.098941
1,5276,335.510868
1,5277,95.978250
1,5278,233.959467
1,5279,258.110682
1,5280,333.351199
1,5281,352.785697
1,5282,304.781024
1,5283,100.029083
1,5284,398.754612
1,5285,96.063272
1,5286,116.193641
1,5287,266.286432
1,5288,96.715782
1,5289,315.145639
1,5290,358.566582
1,5291,76.564539
1,5292,204.527023
1,5293,189.505659
1,5294,87.660856
1,5295,240.829003
1,5296,170.823376
1,5297,274.429096
1,5298,104.836302
1,5299,504.067851
1,5300,212.603066
1,5301,100.670728
1,5302,376.428961
1,5303,300.251240
1,5304,114.134063
1,5305,76.189823
1,5306,317.751092
1,5307,257.032428
1,5308,330.323578
1,5309,289.152624
1,5310,195.214682
1,5311,385.335815
1,5312,280.094904
1,5313,58.305974
1,5314,218.484560
1,5315,227.249470
1,5316,416.867620
1,5317,167.758916
1,5318,489.995863
1,5319,298.200896
1,5320,100.700188
1,5321,192.178218
1,5322,100.855840
1,5323,188.336446
1,5324,354.914250
1,5325,482.059210
1,5326,345.227880
1,5327,119.780941
1,5328,251.030937
1,5329,62.408352
1,5330,502.812657
1,5331,101.155029
1,5332,309.054254
1,5333,292.937951
1,5334,298.114332
1,5335,168.172731
1,5336,332.150706
1,5337,456.841808
1,5338,99.200039
1,5339,63.606769
1,5340,376.110179
1,5341,98.302190
1,5342,212.315115
1,5343,316.803299
1,5344,95.970516
1,5345,446.133102
1,5346,94.976499
1,5347,458.211540
1,5348,290.784816
1,5349,267.030643
1,5350,139.729012
1,5351,335.500021
1,5352,51.082216
1,5353,398.653071
1,5354,161.209788
1,5355,242.163223
1,5356,269.132842
1,5357,99.837109
1,5358,478.792527
1,5359,92.875607
1,5360,245.702396
1,5361,305.184896
1,5362,145.572764
1,5363,532.698014
1,5364,94.840240
1,5365,290.436351
1,5366,356.017532
1,5367,131.419460
1,5368,192.782752
1,5369,351.656859
1,5370,176.679314
1,5371,105.257818
1,5372,287.399652
1,5373,301.218978
1,5374,132.684376
1,5375,141.063788
1,5376,100.477594
1,5377,241.789838
1,5378,338.950531
1,5379,217.825316
1,5380,427.200562
1,5381,200.571319
1,5382,430.508825
1,5383,407.575960
1,5384,377.793092
1,5385,346.405083
1,5386,101.121684
1,5387,214.944712
1,5388,240.312408
1,5389,332.356702
1,5390,105.622236
1,5391,370.595902
1,5392,163.656399
1,5393,412.921373
1,5394,354.284395
1,5395,209.395212
1,5396,113.041993
1,5397,144.938225
1,5398,447.641427
1,5399,352.026725
1,5400,98.058270
1,5401,328.467799
1,5402,104.400860
1,5403,406.892056
1,5404,456.908217
1,5405,112.620708
1,5406,425.050578
1,5407,111.367481
1,5408,363.881359
1,5409,101.093655
1,5410,263.996145
1,5411,87.891947
1,5412,524.873005
1,5413,107.378410
1,5414,216.583047
1,5415,234.762421
1,5416,188.802214
1,5417,181.584736
1,5418,405.975156
1,5419,94.584272
1,5420,378.498189
1,5421,259.346982
1,5422,475.710214
1,5423,249.731526
1,5424,230.057108
1,5425,201.047867
1,5426,161.312966
1,5427,347.295083
1,5428,509.574470
1,5429,148.398043
1,5430,439.054244
1,5431,108.208274
1,5432,175.202537
1,5433,416.276631
1,5434,162.577001
1,5435,172.749063
1,5436,181.488625
1,5437,181.577535
1,5438,286.670095
1,5439,76.829760
1,5440,428.656187
1,5441,139.720054
1,5442,479.563288
1,5443,100.798206
1,5444,221.259838
1,5445,100.127386
1,5446,109.737835
1,5447,162.610681
1,5448,105.456953
1,5449,101.258191
1,5450,320.322738
1,5451,50.530060
1,5452,291.144231
1,5453,437.096028
1,5454,191.106742
1,5455,122.512946
1,5456,274.675862
1,5457,276.322543
1,5458,89.372492
1,5459,313.856796
1,5460,54.761322
1,5461,255.649802
1,5462,103.770054
1,5463,219.872741
1,5464,476.657296
1,5465,382.760587
1,5466,90.047294
1,5467,137.445320
1,5468,135.340148
1,5469,374.290539
1,5470,87.692157
1,5471,440.845967
1,5472,97.972194
1,5473,328.199163
1,5474,130.923149
1,5475,258.858587
1,5476,179.108585
1,5477,318.468241
1,5478,300.641445
1,5479,92.623945
1,5480,185.913446
1,5481,323.110187
1,5482,282.113071
1,5483,470.136513
1,5484,192.533361
1,5485,311.487620
1,5486,103.502770
1,5487,369.791713
1,5488,180.941935
1,5489,357.776753
1,5490,54.071359
1,5491,286.011770
1,5492,95.523856
1,5493,99.268172
1,5494,240.512842
1,5495,112.627964
1,5496,107.644819
1,5497,153.753987
1,5498,260.233530
1,5499,96.905144
1,5500,208.787334
1,5501,96.563614
1,5502,334.236678
1,5503,141.364097
1,5504,173.834263
1,5505,438.282523
1,5506,132.301806
1,5507,97.516067
1,5508,345.225198
1,5509,350.764146
1,5510,206.456402
1,5511,287.453606
1,5512,124.975245
1,5513,303.695357
1,5514,145.139661
1,5515,207.338408
1,5516,446.360633
1,5517,97.677030
1,5518,179.277294
1,5519,367.182927
1,5520,395.587810
1,5521,101.607925
1,5522,237.411443
1,5523,95.833394
1,5524,293.323971
1,5525,120.934446
1,5526,390.161238
1,5527,626.211739
1,5528,173.236847
1,5529,344.488419
1,5530,113.475898
1,5531,256.972351
1,5532,416.413852
1,5533,401.126290
1,5534,101.535767
1,5535,227.289149
1,5536,179.190169
1,5537,92.268061
1,5538,305.068390
1,5539,101.223054
1,5540,409.230034
1,5541,119.747057
1,5542,427.732262
1,5543,135.719206
1,5544,135.558975
1,5545,290.012741
1,5546,484.716275
1,5547,352.629396
1,5548,107.668219
1,5549,132.735458
1,5550,369.531955
1,5551,308.878544
1,5552,143.045791
1,5553,427.134785
1,5554,261.122696
1,5555,96.783758
1,5556,1034.931787
1,5557,161.516787
1,5558,126.358687
1,5559,519.321705
1,5560,327.564346
1,5561,521.093402
1,5562,87.964871
1,5563,397.527514
1,5564,222.489432
1,5565,327.123224
1,5566,110.758312
1,5567,225.633274
1,5568,272.939896
1,5569,328.440370
1,5570,380.413153
1,5571,314.506121
1,5572,90.256509
1,5573,184.574957
1,5574,118.031991
1,5575,224.197013
1,5576,182.169950
1,5577,317.775930
1,5578,100.798797
1,5579,190.843882
1,5580,99.668573
1,5581,313.107764
1,5582,95.025864
1,5583,287.235736
1,5584,213.156555
1,5585,96.759918
1,5586,396.550298
1,5587,217.964918
1,5588,206.570503
1,5589,346.796621
1,5590,57.138293
1,5591,358.172860
1,5592,318.264629
1,5593,232.797559
1,5594,490.292106
1,5595,185.964082
1,5596,283.436150
1,5597,111.397042
1,5598,392.365872
1,5599,287.148953
1,5600,198.397482
1,5601,102.105515
1,5602,281.922772
1,5603,237.204289
1,5604,263.322600
1,5605,218.678055
1,5606,111.631526
1,5607,283.839264
1,5608,242.111086
1,5609,57.997558
1,5610,353.604540
1,5611,214.322857
1,5612,258.997130
1,5613,200.780370
1,5614,299.140315
1,5615,393.772245
1,5616,202.561155
1,5617,56.650580
1,5618,385.579194
1,5619,97.494437
1,5620,357.768307
1,5621,93.940985
1,5622,361.730227
1,5623,91.016435
1,5624,99.182043
1,5625,313.546693
1,5626,356.360409
1,5627,93.060748
1,5628,188.038175
1,5629,93.843746
1,5630,236.019642
1,5631,143.451521
1,5632,137.928174
1,5633,184.300553
1,5634,242.243751
1,5635,300.636531
1,5636,94.856242
1,5637,161.662815
1,5638,150.893797
1,5639,467.360366
1,5640,97.139789
1,5641,528.160603
1,5642,114.936606
1,5643,449.865284
1,5644,107.361993
1,5645,291.876523
1,5646,256.151382
1,5647,442.040937
1,5648,149.474650
1,5649,92.957343
1,5650,408.577430
1,5651,145.644922
1,5652,388.944100
1,5653,190.906254
1,5654,282.933182
1,5655,323.892078
1,5656,90.592937
1,5657,159.152359
1,5658,42.569206
1,5659,413.706391
1,5660,92.471933
1,5661,274.723608
1,5662,270.146787
1,5663,264.246784
1,5664,303.145036
1,5665,283.021236
1,5666,58.649198
1,5667,142.444307
1,5668,254.660475
1,5669,87.375803
1,5670,224.511566
1,5671,196.149567
1,5672,207.217432
1,5673,291.160244
1,5674,500.093414
1,5675,108.386484
1,5676,217.528638
1,5677,283.314545
1,5678,246.977385
1,5679,249.395482
1,5680,87.403356
1,5681,161.239507
1,5682,181.212867
1,5683,94.297848
1,5684,54.117638
1,5685,322.131698
1,5686,90.638274
1,5687,194.168812
1,5688,471.251302
1,5689,54.158201
1,5690,305.151759
1,5691,128.943046
1,5692,287.870625
1,5693,93.018984
1,5694,220.313357
1,5695,95.309928
1,5696,339.042153
1,5697,184.557435
1,5698,267.063125
1,5699,373.414521
1,5700,103.590585
1,5701,71.031138
1,5702,302.288499
1,5703,100.673299
1,5704,152.150072
1,5705,144.077210
1,5706,258.026065
1,5707,233.960033
1,5708,97.039718
1,5709,229.045163
1,5710,127.655849
1,5711,240.372411
1,5712,226.474021
1,5713,103.524475
1,5714,424.391932
1,5715,89.120558
1,5716,211.870266
1,5717,88.208773
1,5718,292.205167
1,5719,188.365021
1,5720,241.418852
1,5721,87.308501
1,5722,161.224811
1,5723,186.723538
1,5724,305.564498
1,5725,85.248143
1,5726,313.300262
1,5727,94.327535
1,5728,300.349529
1,5729,305.037111
1,5730,284.115547
1,5731,137.199391
1,5732,110.529199
1,5733,51.878586
1,5734,329.588410
1,5735,89.619570
1,5736,433.317351
1,5737,287.077859
1,5738,285.455673
1,5739,98.202146
1,5740,249.769661
1,5741,131.960028
1,5742,218.675962
1,5743,285.184550
1,5744,282.808764
1,5745,340.763307
1,5746,88.226254
1,5747,87.722794
1,5748,326.169530
1,5749,470.292488
1,5750,542.343839
1,5751,372.138542
1,5752,409.206967
1,5753,286.821174
1,5754,68.856148
1,5755,308.005713
1,5756,89.113100
1,5757,360.011366
1,5758,228.423557
1,5759,321.060394
1,5760,157.966665
1,5761,133.939222
1,5762,259.326312
1,5763,80.694067
1,5764,205.308701
1,5765,418.965813
1,5766,97.496314
1,5767,385.547996
1,5768,87.876563
1,5769,200.596855
1,5770,443.211394
1,5771,394.321364
1,5772,336.951053
1,5773,216.342759
1,5774,106.125440
1,5775,158.208858
1,5776,82.263394
1,5777,206.590772
1,5778,284.407896
1,5779,390.442284
1,5780,194.517826
1,5781,422.003292
1,5782,101.617879
1,5783,128.013744
1,5784,197.390315
1,5785,253.397852
1,5786,81.809340
1,5787,247.049793
1,5788,81.511964
1,5789,127.990103
1,5790,85.007339
1,5791,213.449838
1,5792,302.323173
1,5793,324.366274
1,5794,348.050429
1,5795,296.965248
1,5796,164.743627
1,5797,120.307529
1,5798,285.855721
1,5799,342.661365
1,5800,409.725694
1,5801,80.314749
1,5802,341.641401
1,5803,44.304975
1,5804,293.265279
1,5805,240.187951
1,5806,78.912513
1,5807,181.235545
1,5808,323.829593
1,5809,249.847004
1,5810,315.152316
1,5811,346.655811
1,5812,351.594140
1,5813,411.458120
1,5814,82.729520
1,5815,129.071856
1,5816,339.378701
1,5817,133.192491
1,5818,207.217319
1,5819,141.078051
1,5820,104.900531
1,5821,304.871436
1,5822,68.820275
1,5823,272.390245
1,5824,217.201860
1,5825,209.473879
1,5826,296.284239
1,5827,375.110812
1,5828,75.154697
1,5829,214.168109
1,5830,118.644689
1,5831,301.812937
1,5832,79.332338
1,5833,283.931002
1,5834,143.223261
1,5835,332.529593
1,5836,285.342566
1,5837,91.889855
1,5838,410.082964
1,5839,348.957717
1,5840,374.533008
1,5841,445.106795
1,5842,356.665568
1,5843,91.991948
1,5844,241.627124
1,5845,85.047964
1,5846,244.269274
1,5847,341.258477
1,5848,81.828663
1,5849,164.653719
1,5850,274.299378
1,5851,130.342229
1,5852,167.749815
1,5853,80.331633
1,5854,727.044023
1,5855,84.946190
1,5856,316.854359
1,5857,135.148806
1,5858,251.509527
1,5859,81.477532
1,5860,170.731389
1,5861,330.491591
1,5862,363.211206
1,5863,80.567259
1,5864,55.739498
1,5865,295.778597
1,5866,79.196869
1,5867,341.459026
1,5868,85.154215
1,5869,176.890698
1,5870,508.779778
1,5871,79.695603
1,5872,357.749650
1,5873,77.763690
1,5874,268.870077
1,5875,194.885606
1,5876,205.727354
1,5877,249.321412
1,5878,269.007536
1,5879,165.136671
1,5880,199.603601
1,5881,364.274201
1,5882,76.382547
1,5883,164.327801
1,5884,212.331663
1,5885,237.519817
1,5886,165.854659
1,5887,84.147847
1,5888,290.269843
1,5889,231.997695
1,5890,78.944024
1,5891,193.021322
1,5892,165.218556
1,5893,263.782504
1,5894,118.358975
1,5895,73.695294
1,5896,307.128920
1,5897,164.426474
1,5898,173.299137
1,5899,215.074948
1,5900,255.712294
1,5901,225.954351
1,5902,344.823614
1,5903,113.938335
1,5904,156.040652
1,5905,74.512634
1,5906,173.770784
1,5907,73.287231
1,5908,219.705498
1,5909,71.268828
1,5910,76.482432
1,5911,262.321065
1,5912,277.824453
1,5913,334.853520
1,5914,283.023522
1,5915,166.926116
1,5916,292.110374
1,5917,78.744539
1,5918,268.480749
1,5919,130.609249
1,5920,188.995815
1,5921,243.998395
1,5922,507.329457
1,5923,226.634054
1,5924,285.070732
1,5925,394.028027
1,5926,192.204570
1,5927,378.996063
1,5928,325.265348
1,5929,274.991521
1,5930,218.352895
1,5931,71.994815
1,5932,291.681647
1,5933,74.605232
1,5934,232.141172
1,5935,324.426920
1,5936,279.086365
1,5937,75.400796
1,5938,321.958003
1,5939,278.002271
1,5940,260.011140
1,5941,263.725409
1,5942,342.232331
1,5943,117.679030
1,5944,85.089422
1,5945,103.110915
1,5946,282.380179
1,5947,242.651431
1,5948,303.727356
1,5949,244.688648
1,5950,363.794405
1,5951,240.463544
1,5952,152.172798
1,5953,422.283873
1,5954,93.773028
1,5955,272.632049
1,5956,336.388936
1,5957,343.846823
1,5958,338.846969
1,5959,339.696460
1,5960,80.517156
1,5961,230.615494
1,5962,391.463484
1,5963,125.528692
1,5964,230.570869
1,5965,409.793799
1,5966,370.145998
1,5967,343.445458
1,5968,317.354647
1,5969,119.977737
1,5970,351.576248
1,5971,281.044826
1,5972,330.954780
1,5973,80.181090
1,5974,163.100201
1,5975,235.803074
1,5976,327.438435
1,5977,309.292963
1,5978,76.904043
1,5979,369.795758
1,5980,85.337467
1,5981,409.871424
1,5982,478.880345
1,5983,407.627758
1,5984,74.479326
1,5985,42.665802
1,5986,298.030129
1,5987,75.859688
1,5988,251.311824
1,5989,178.416062
1,5990,248.372443
1,5991,146.460545
1,5992,279.525345
1,5993,228.633621
1,5994,177.597723
1,5995,68.206725
1,5996,167.590016
1,5997,263.183995
1,5998,117.409922
1,5999,194.758205
1,6000,219.189731
1,6001,160.471940
1,6002,113.284814
1,6003,294.547228
1,6004,361.768415
1,6005,239.171228
1,6006,163.518206
1,6007,146.048277
1,6008,119.745178
1,6009,236.017512
1,6010,269.115859
1,6011,80.648785
1,6012,279.285757
1,6013,79.567531
1,6014,167.337391
1,6015,43.371611
1,6016,120.952210
1,6017,262.928313
1,6018,315.430287
1,6019,240.205972
1,6020,312.808451
1,6021,211.175515
1,6022,131.533600
1,6023,265.508928
1,6024,291.221828
1,6025,165.693873
1,6026,235.675541
1,6027,241.534171
1,6028,348.356004
1,6029,230.431114
1,6030,247.479926
1,6031,86.374055
1,6032,404.033724
1,6033,50.579370
1,6034,271.227977
1,6035,78.256518
1,6036,188.459931
1,6037,178.569551
1,6038,310.417639
1,6039,76.851834
1,6040,194.414726
1,6041,666.229508
1,6042,623.947360
1,6043,321.687144
1,6044,317.389126
1,6045,42.114105
1,6046,369.964911
1,6047,350.254439
1,6048,379.677308
1,6049,300.891995
1,6050,259.623558
1,6051,78.750275
1,6052,96.130540
1,6053,415.235651
1,6054,243.057256
1,6055,362.435030
1,6056,435.869822
1,6057,426.024593
1,6058,383.047942
1,6059,359.429658
1,6060,102.313348
1,6061,364.838755
1,6062,264.156415
1,6063,597.071313
1,6064,428.187207
1,6065,326.991924
1,6066,389.685171
1,6067,83.910190
1,6068,348.084677
1,6069,350.049642
1,6070,398.172233
1,6071,497.376992
1,6072,263.128800
1,6073,230.832374
1,6074,420.206981
1,6075,49.863665
1,6076,191.336087
1,6077,316.974030
1,6078,362.236341
1,6079,364.415495
1,6080,271.206420
1,6081,350.741814
1,6082,331.873199
1,6083,98.006149
1,6084,108.370344
1,6085,482.506366
1,6086,134.899121
1,6087,341.450517
1,6088,419.160075
1,6089,88.619416
1,6090,387.682597
1,6091,88.078177
1,6092,176.977210
1,6093,155.827646
1,6094,264.648770
1,6095,287.271980
1,6096,165.918308
1,6097,297.074631
1,6098,71.728887
1,6099,254.626218
1,6100,311.850312
1,6101,73.662414
1,6102,93.341184
1,6103,446.877662
1,6104,301.233364
1,6105,78.075561
1,6106,418.379798
1,6107,297.924401
1,6108,385.502455
1,6109,79.387205
1,6110,231.298274
1,6111,88.659865
1,6112,385.988443
1,6113,188.812140
1,6114,358.710852
1,6115,305.807127
1,6116,331.874778
1,6117,277.672435
1,6118,498.312596
1,6119,313.601526
1,6120,503.881160
1,6121,373.428815
1,6122,509.461412
1,6123,84.470291
1,6124,221.159807
1,6125,107.709356
1,6126,405.182735
1,6127,472.532772
1,6128,96.861724
1,6129,240.152497
1,6130,86.438576
1,6131,218.161744
1,6132,184.097250
1,6133,198.205867
1,6134,88.733688
1,6135,349.168876
1,6136,94.032002
1,6137,318.480851
1,6138,90.186941
1,6139,96.406064
1,6140,393.924614
1,6141,279.046167
1,6142,372.856526
1,6143,284.116965
1,6144,105.887017
1,6145,162.126521
1,6146,231.162706
1,6147,340.036690
1,6148,76.059232
1,6149,355.508844
1,6150,81.421271
1,6151,83.226913
1,6152,409.246953
1,6153,123.711796
1,6154,368.066164
1,6155,354.653495
1,6156,99.337911
1,6157,276.822621
1,6158,294.263741
1,6159,47.020838
1,6160,229.518490
1,6161,83.459814
1,6162,365.693403
1,6163,456.681722
1,6164,390.037319
1,6165,457.946107
1,6166,255.991706
1,6167,301.334022
1,6168,312.391449
1,6169,278.514040
1,6170,379.351434
1,6171,318.702494
1,6172,243.308608
1,6173,102.033528
1,6174,219.825029
1,6175,243.726829
1,6176,354.343420
1,6177,93.013354
1,6178,210.647250
1,6179,387.764129
1,6180,99.454803
1,6181,482.141337
1,6182,150.141881
1,6183,342.227176
1,6184,308.483799
1,6185,188.846535
1,6186,84.780249
1,6187,285.476421
1,6188,88.763506
1,6189,302.406933
1,6190,199.087016
1,6191,236.976295
1,6192,244.664696
1,6193,70.147338
1,6194,213.189498
1,6195,341.407144
1,6196,261.585537
1,6197,242.845040
1,6198,115.372995
1,6199,184.690329
1,6200,288.455422
1,6201,341.928759
1,6202,417.926971
1,6203,43.340482
1,6204,232.797400
1,6205,356.276823
1,6206,82.068300
1,6207,278.121038
1,6208,80.121856
1,6209,92.209450
1,6210,307.599281
1,6211,67.284166
1,6212,172.180597
1,6213,92.421280
1,6214,212.233536
1,6215,191.367830
1,6216,78.783870
1,6217,166.885410
1,6218,235.843846
1,6219,98.819872
1,6220,341.749571
1,6221,100.217787
1,6222,130.961384
1,6223,404.156987
1,6224,83.791138
1,6225,384.972960
1,6226,436.449565
1,6227,195.367757
1,6228,487.945799
1,6229,92.722190
1,6230,299.728061
1,6231,310.461656
1,6232,474.770989
1,6233,280.119834
1,6234,243.706567
1,6235,321.886727
1,6236,207.685506
1,6237,323.686687
1,6238,91.198170
1,6239,539.308743
1,6240,83.251028
1,6241,83.792879
1,6242,498.416621
1,6243,455.812011
1,6244,201.249564
1,6245,312.619280
1,6246,276.877211
1,6247,585.280561
1,6248,87.248355
1,6249,307.591227
1,6250,131.967851
1,6251,339.854438
1,6252,298.424664
1,6253,194.207721
1,6254,308.945941
1,6255,303.554426
1,6256,199.023456
1,6257,364.537548
1,6258,265.768990
1,6259,499.327090
1,6260,348.329503
1,6261,497.711934
1,6262,431.616163
1,6263,337.976412
1,6264,82.450356
1,6265,336.054349
1,6266,319.002201
1,6267,382.767075
1,6268,395.035418
1,6269,79.622404
1,6270,374.167788
1,6271,347.709585
1,6272,365.791223
1,6273,411.826084
1,6274,512.031940
1,6275,263.696006
1,6276,311.834338
1,6277,346.677415
1,6278,127.073760
1,6279,373.577651
1,6280,264.581333
1,6281,160.018701
1,6282,207.503483
1,6283,66.853901
1,6284,133.509139
1,6285,263.590650
1,6286,222.125114
1,6287,236.035580
1,6288,79.321012
1,6289,41.175603
1,6290,77.012377
1,6291,140.544949
1,6292,251.844380
1,6293,231.569822
1,6294,80.356604
1,6295,180.986879
1,6296,86.580475
1,6297,286.776116
1,6298,131.570209
1,6299,230.247711
1,6300,42.495718
1,6301,210.917203
1,6302,96.818186
1,6303,266.757686
1,6304,88.363671
1,6305,175.866455
1,6306,48.083730
1,6307,297.381899
1,6308,204.448885
1,6309,240.885411
1,6310,237.889916
1,6311,91.307033
1,6312,169.411149
1,6313,95.533138
1,6314,295.248422
1,6315,389.775464
1,6316,41.201330
1,6317,260.716930
1,6318,170.535685
1,6319,85.316664
1,6320,137.444950
1,6321,83.104289
1,6322,97.113661
1,6323,47.191753
1,6324,275.402481
1,6325,82.063456
1,6326,126.956492
1,6327,258.586932
1,6328,298.558247
1,6329,89.154285
1,6330,206.180227
1,6331,96.552566
1,6332,251.125623
1,6333,84.035592
1,6334,203.780531
1,6335,86.100365
1,6336,89.079019
1,6337,275.327804
1,6338,124.017706
1,6339,276.249957
1,6340,196.927353
1,6341,82.205302
1,6342,241.548952
1,6343,291.764828
1,6344,307.319972
1,6345,380.751151
1,6346,129.802712
1,6347,106.257502
1,6348,130.641618
1,6349,297.915432
1,6350,369.137683
1,6351,254.303968
1,6352,80.804794
1,6353,242.253924
1,6354,77.531481
1,6355,251.641181
1,6356,251.523838
1,6357,180.904527
1,6358,322.471487
1,6359,79.576940
1,6360,269.108234
1,6361,1146.340811
1,6362,288.478304
1,6363,77.931794
1,6364,331.663759
1,6365,194.968670
1,6366,168.099626
1,6367,288.165492
1,6368,85.795294
1,6369,200.697295
1,6370,95.403117
1,6371,171.965340
1,6372,134.445626
1,6373,306.479508
1,6374,348.209524
1,6375,96.196590
1,6376,415.340434
1,6377,256.977716
1,6378,71.598926
1,6379,164.854074
1,6380,322.904631
1,6381,39.938405
1,6382,216.492501
1,6383,349.221646
1,6384,39.557661
1,6385,266.695656
1,6386,533.443263
1,6387,397.225809
1,6388,290.444311
1,6389,283.605789
1,6390,84.696083
1,6391,213.106446
1,6392,88.785249
1,6393,348.325465
1,6394,269.924000
1,6395,310.826722
1,6396,310.506418
1,6397,393.774409
1,6398,117.074842
1,6399,234.422865
1,6400,248.724757
1,6401,82.364951
1,6402,298.952376
1,6403,275.512549
1,6404,84.986208
1,6405,210.701866
1,6406,83.165389
1,6407,216.617383
1,6408,183.392865
1,6409,123.326847
1,6410,175.818319
1,6411,89.102960
1,6412,204.317847
1,6413,132.365767
1,6414,317.384529
1,6415,82.821549
1,6416,236.072506
1,6417,371.743474
1,6418,46.378094
1,6419,214.639178
1,6420,348.046855
1,6421,85.133994
1,6422,241.794345
1,6423,215.916115
1,6424,397.695638
1,6425,92.237078
1,6426,213.274593
1,6427,278.827506
1,6428,125.441903
1,6429,125.559335
1,6430,213.973254
1,6431,352.589513
1,6432,320.569471
1,6433,82.109412
1,6434,272.580076
1,6435,81.342808
1,6436,180.364390
1,6437,341.578624
1,6438,82.793905
1,6439,295.841841
1,6440,79.583514
1,6441,167.192159
1,6442,83.510189
1,6443,392.864613
1,6444,79.660633
1,6445,122.507653
1,6446,316.406266
1,6447,344.568114
1,6448,357.143932
1,6449,249.722491
1,6450,96.826453
1,6451,317.855218
1,6452,238.277838
1,6453,369.090857
1,6454,283.794788
1,6455,362.815039
1,6456,457.091373
1,6457,560.995769
1,6458,91.998265
1,6459,371.168872
1,6460,93.884636
1,6461,466.768688
1,6462,98.721042
1,6463,384.712884
1,6464,268.874408
1,6465,490.693846
1,6466,96.164055
1,6467,237.330874
1,6468,467.597201
1,6469,116.696764
1,6470,614.932696
1,6471,612.590475
1,6472,650.582906
1,6473,57.829431
1,6474,473.174556
1,6475,496.937011
1,6476,579.460485
1,6477,104.163474
1,6478,467.674940
1,6479,418.696368
1,6480,236.678841
1,6481,100.073965
1,6482,419.281101
1,6483,417.700020
1,6484,355.384779
1,6485,101.314200
1,6486,484.067979
1,6487,99.288325
1,6488,288.626368
1,6489,515.378291
1,6490,320.491866
1,6491,570.436990
1,6492,115.233427
1,6493,453.614488
1,6494,586.544181
1,6495,104.884754
1,6496,386.567883
1,6497,713.723169
1,6498,444.872091
1,6499,597.899557
1,6500,423.816842
1,6501,101.018674
1,6502,375.639757
1,6503,274.576590
1,6504,233.274383
1,6505,241.097143
1,6506,408.211031
1,6507,61.244671
1,6508,430.693778
1,6509,300.641871
1,6510,105.070962
1,6511,308.891310
1,6512,386.773698
1,6513,151.970040
1,6514,439.263919
1,6515,439.683888
1,6516,331.725107
1,6517,92.144085
1,6518,241.392491
1,6519,163.870702
1,6520,290.218711
1,6521,85.846027
1,6522,464.564991
1,6523,144.680586
1,6524,105.757414
1,6525,96.576695
1,6526,493.486444
1,6527,98.516504
1,6528,63.118736
1,6529,199.034582
1,6530,364.503841
1,6531,765.973565
1,6532,562.886468
1,6533,99.101243
1,6534,621.860443
1,6535,110.828238
1,6536,227.208877
1,6537,218.800734
1,6538,491.198042
1,6539,126.817090
1,6540,615.431789
1,6541,96.270875
1,6542,465.582432
1,6543,275.187384
1,6544,461.523297
1,6545,107.591677
1,6546,286.613106
1,6547,192.641610
1,6548,567.252137
1,6549,112.136151
1,6550,525.491119
1,6551,236.540884
1,6552,322.070588
1,6553,459.269850
1,6554,483.800419
1,6555,100.330892
1,6556,235.357848
1,6557,476.574703
1,6558,55.799832
1,6559,438.595771
1,6560,367.746230
1,6561,406.541566
1,6562,380.659905
1,6563,101.747201
1,6564,417.012108
1,6565,358.725096
1,6566,259.656983
1,6567,561.879605
1,6568,100.924155
1,6569,197.611556
1,6570,501.994635
1,6571,92.352605
1,6572,242.087817
1,6573,482.511321
1,6574,570.354818
1,6575,436.539935
1,6576,377.627220
1,6577,392.409562
1,6578,119.440033
1,6579,309.703594
1,6580,329.388417
1,6581,94.018816
1,6582,428.044790
1,6583,88.259650
1,6584,502.854000
1,6585,266.253006
1,6586,490.948436
1,6587,93.490223
1,6588,228.843148
1,6589,428.238872
1,6590,824.280352
1,6591,357.980416
1,6592,405.654788
1,6593,137.960430
1,6594,454.104597
1,6595,99.365450
1,6596,389.975369
1,6597,547.115311
1,6598,210.053043
1,6599,101.463253
1,6600,385.519110
1,6601,292.216094
1,6602,393.638460
1,6603,98.028203
1,6604,375.790751
1,6605,624.443397
1,6606,140.026577
1,6607,206.927656
1,6608,243.984908
1,6609,60.014366
1,6610,589.120977
1,6611,581.653136
1,6612,96.889693
1,6613,634.985161
1,6614,508.284735
1,6615,506.085967
1,6616,116.369109
1,6617,202.983748
1,6618,503.497428
1,6619,508.873557
1,6620,545.614215
1,6621,106.186026
1,6622,537.120705
1,6623,548.808154
1,6624,107.042974
1,6625,507.387345
1,6626,355.663864
1,6627,96.541989
1,6628,451.481052
1,6629,282.443001
1,6630,343.636381
1,6631,163.689908
1,6632,209.353009
1,6633,310.144896
1,6634,94.144550
1,6635,587.208687
1,6636,354.565422
1,6637,418.269360
1,6638,514.479391
1,6639,62.128031
1,6640,539.122932
1,6641,108.465511
1,6642,52.411132
1,6643,484.046286
1,6644,411.691380
1,6645,94.312787
1,6646,311.395665
1,6647,250.918841
1,6648,402.531997
1,6649,98.165438
1,6650,55.781695
1,6651,423.268583
1,6652,521.258670
1,6653,435.007617
1,6654,105.174083
1,6655,373.767674
1,6656,102.056221
1,6657,404.922483
1,6658,503.005128
1,6659,357.978378
1,6660,184.037072
1,6661,390.360794
1,6662,156.951987
1,6663,92.900326
1,6664,308.376887
1,6665,94.651028
1,6666,384.429524
1,6667,399.689278
1,6668,481.707168
1,6669,138.183367
1,6670,429.698672
1,6671,342.606716
1,6672,512.955451
1,6673,391.952855
1,6674,132.002309
1,6675,407.036414
1,6676,195.327547
1,6677,527.970270
1,6678,88.409343
1,6679,343.143425
1,6680,442.041852
1,6681,274.482403
1,6682,400.753992
1,6683,380.323475
1,6684,93.380112
1,6685,394.608412
1,6686,413.790000
1,6687,98.527754
1,6688,436.985439
1,6689,594.514778
1,6690,206.543733
1,6691,552.743554
1,6692,272.980043
1,6693,230.463462
1,6694,375.755765
1,6695,182.488418
1,6696,393.739176
1,6697,156.721023
1,6698,456.198111
1,6699,55.779359
1,6700,485.489072
1,6701,336.518174
1,6702,97.783178
1,6703,360.875097
1,6704,102.708600
1,6705,420.680023
1,6706,178.628960
1,6707,265.825434
1,6708,309.671201
1,6709,200.333371
1,6710,104.830809
1,6711,424.443037
1,6712,335.149713
1,6713,438.551695
1,6714,512.220113
1,6715,427.682624
1,6716,116.731769
1,6717,461.518414
1,6718,276.522307
1,6719,240.228353
1,6720,234.189900
1,6721,104.173075
1,6722,450.127687
1,6723,455.158651
1,6724,533.527413
1,6725,60.019743
1,6726,541.115345
1,6727,437.778776
1,6728,96.110261
1,6729,224.193859
1,6730,556.165358
1,6731,103.261483
1,6732,524.527082
1,6733,92.616890
1,6734,329.420124
1,6735,97.072990
1,6736,515.954094
1,6737,426.755162
1,6738,201.101572
1,6739,165.128245
1,6740,229.461579
1,6741,352.512012
1,6742,392.974274
1,6743,480.264207
1,6744,225.768015
1,6745,464.833148
1,6746,91.962279
1,6747,447.520682
1,6748,465.071232
1,6749,100.223470
1,6750,364.415961
1,6751,335.971629
1,6752,507.802884
1,6753,98.567002
1,6754,667.079814
1,6755,570.749739
1,6756,91.196878
1,6757,99.192073
1,6758,464.439917
1,6759,91.320396
1,6760,186.010899
1,6761,495.023764
1,6762,215.370636
1,6763,536.713432
1,6764,321.192711
1,6765,236.456619
1,6766,325.883898
1,6767,452.632121
1,6768,82.174158
1,6769,49.477523
1,6770,372.814237
1,6771,480.513592
1,6772,98.095983
1,6773,367.471015
1,6774,88.869126
1,6775,460.631128
1,6776,424.819801
1,6777,92.271967
1,6778,193.033696
1,6779,101.139654
1,6780,347.057158
1,6781,383.435557
1,6782,91.766366
1,6783,427.044688
1,6784,285.083253
1,6785,430.696002
1,6786,93.989247
1,6787,337.544648
1,6788,494.368208
1,6789,491.561760
1,6790,247.856065
1,6791,106.029357
1,6792,521.243526
1,6793,287.663015
1,6794,75.200370
1,6795,292.590290
1,6796,258.714701
1,6797,415.577722
1,6798,82.269584
1,6799,240.824048
1,6800,484.670348
1,6801,427.140029
1,6802,147.836423
1,6803,390.351361
1,6804,87.558915
1,6805,215.733300
1,6806,367.627559
1,6807,103.093341
1,6808,278.638903
1,6809,101.040469
1,6810,476.849481
1,6811,188.144324
1,6812,402.822124
1,6813,230.649062
1,6814,180.636547
1,6815,390.033710
1,6816,58.359645
1,6817,234.055716
1,6818,123.127587
1,6819,365.890128
1,6820,51.658302
1,6821,329.397731
1,6822,93.246938
1,6823,404.861224
1,6824,124.346497
1,6825,90.711474
1,6826,208.761618
1,6827,276.666251
1,6828,189.479343
1,6829,158.709449
1,6830,521.137106
1,6831,92.247050
1,6832,446.038525
1,6833,353.010791
1,6834,94.515078
1,6835,311.375921
1,6836,97.293513
1,6837,129.540576
1,6838,442.631745
1,6839,90.581824
1,6840,52.799279
1,6841,400.448120
1,6842,90.597167
1,6843,290.829730
1,6844,139.604929
1,6845,90.792986
1,6846,351.405007
1,6847,384.037983
1,6848,314.704669
1,6849,297.836357
1,6850,268.571448
1,6851,457.838050
1,6852,92.112111
1,6853,567.214524
1,6854,372.858659
1,6855,114.583747
1,6856,427.363074
1,6857,376.685987
1,6858,456.119653
1,6859,144.560685
1,6860,249.765519
1,6861,142.653895
1,6862,397.572651
1,6863,298.822051
1,6864,155.317824
1,6865,315.473429
1,6866,52.866193
1,6867,280.172328
1,6868,86.255163
1,6869,134.444662
1,6870,245.350648
1,6871,187.669795
1,6872,234.889459
1,6873,40.912630
1,6874,180.665551
1,6875,77.394175
1,6876,279.508860
1,6877,43.022199
1,6878,216.772441
1,6879,91.822694
1,6880,267.962366
1,6881,109.883632
1,6882,95.695286
1,6883,208.450872
1,6884,271.406295
1,6885,217.581084
1,6886,213.991830
1,6887,329.438526
1,6888,89.153271
1,6889,438.258604
1,6890,471.711493
1,6891,117.251530
1,6892,139.114284
1,6893,286.781413
1,6894,54.348677
1,6895,453.599718
1,6896,101.771164
1,6897,478.016261
1,6898,449.052600
1,6899,89.440157
1,6900,362.386887
1,6901,365.636319
1,6902,109.947810
1,6903,284.684951
1,6904,90.987391
1,6905,112.878043
1,6906,448.385087
1,6907,105.867581
1,6908,58.791980
1,6909,402.403573
1,6910,112.375520
1,6911,304.166409
1,6912,162.444551
1,6913,99.868006
1,6914,349.636574
1,6915,342.186165
1,6916,113.281890
1,6917,462.422951
1,6918,421.653293
1,6919,96.429967
1,6920,376.607816
1,6921,375.384525
1,6922,346.523860
1,6923,286.340824
1,6924,289.880197
1,6925,258.713146
1,6926,472.135033
1,6927,90.304228
1,6928,409.970165
1,6929,94.203851
1,6930,50.528502
1,6931,285.991075
1,6932,89.133218
1,6933,145.723583
1,6934,248.090214
1,6935,206.470041
1,6936,356.166917
1,6937,148.334869
1,6938,163.468361
1,6939,236.067711
1,6940,190.032629
1,6941,182.539848
1,6942,530.512169
1,6943,122.492854
1,6944,129.282407
1,6945,400.108272
1,6946,583.247037
1,6947,282.134906
1,6948,75.025895
1,6949,295.426799
1,6950,81.157805
1,6951,397.743691
1,6952,232.401760
1,6953,387.932051
1,6954,179.967939
1,6955,342.814804
1,6956,84.168225
1,6957,196.543947
1,6958,304.671721
1,6959,48.471649
1,6960,393.667046
1,6961,103.885183
1,6962,183.724052
1,6963,400.304193
1,6964,376.897041
1,6965,181.165580
1,6966,89.620971
1,6967,380.492230
1,6968,268.773038
1,6969,50.746198
1,6970,330.745593
1,6971,394.036826
1,6972,97.230687
1,6973,339.094115
1,6974,92.795738
1,6975,457.758567
1,6976,104.354958
1,6977,400.200096
1,6978,158.608971
1,6979,270.994091
1,6980,327.523316
1,6981,194.296995
1,6982,267.790575
1,6983,93.625883
1,6984,417.003940
1,6985,93.408629
1,6986,189.532045
1,6987,138.409296
1,6988,134.169918
1,6989,435.712690
1,6990,104.190892
1,6991,319.306545
1,6992,530.763356
1,6993,48.998346
1,6994,468.163190
1,6995,88.429765
1,6996,99.285629
1,6997,377.159084
1,6998,99.071202
1,6999,52.285647
1,7000,270.155269
1,7001,335.166340
1,7002,90.764979
1,7003,269.351074
1,7004,393.173685
1,7005,418.316119
1,7006,291.743679
1,7007,75.140885
1,7008,303.043650
1,7009,121.658674
1,7010,112.135554
1,7011,345.206705
1,7012,306.295123
1,7013,103.309755
1,7014,397.405058
1,7015,167.391293
1,7016,105.353763
1,7017,212.604596
1,7018,378.665562
1,7019,114.108941
1,7020,255.848565
1,7021,419.895220
1,7022,86.038882
1,7023,222.222303
1,7024,262.537632
1,7025,383.214570
1,7026,104.823593
1,7027,285.350461
1,7028,376.375497
1,7029,93.763249
1,7030,111.965834
1,7031,355.470639
1,7032,465.671349
1,7033,104.928689
1,7034,108.755474
1,7035,209.231718
1,7036,237.249395
1,7037,91.299663
1,7038,148.012252
1,7039,384.080176
1,7040,99.560772
1,7041,57.558354
1,7042,255.014407
1,7043,498.870554
1,7044,281.551631
1,7045,416.680249
1,7046,137.830240
1,7047,313.776514
1,7048,419.603252
1,7049,137.169642
1,7050,434.545390
1,7051,108.087739
1,7052,190.310585
1,7053,418.417530
1,7054,217.679389
1,7055,339.914729
1,7056,91.375900
1,7057,411.044895
1,7058,323.180309
1,7059,162.457884
1,7060,232.809845
1,7061,290.658638
1,7062,100.134165
1,7063,423.137850
1,7064,94.977722
1,7065,424.005978
1,7066,264.315499
1,7067,450.805515
1,7068,529.181377
1,7069,107.738310
1,7070,349.662507
1,7071,278.148033
1,7072,529.450357
1,7073,304.829776
1,7074,198.934844
1,7075,369.246325
1,7076,100.788684
1,7077,385.924581
1,7078,97.713674
1,7079,416.198710
1,7080,374.425219
1,7081,86.493545
1,7082,400.714123
1,7083,95.381489
1,7084,386.363885
1,7085,95.218171
1,7086,533.393975
1,7087,312.662111
1,7088,46.316430
1,7089,297.720573
1,7090,281.823851
1,7091,523.850751
1,7092,102.532381
1,7093,360.665387
1,7094,95.840905
1,7095,281.134647
1,7096,98.768633
1,7097,270.699166
1,7098,504.289402
1,7099,92.159087
1,7100,447.565288
1,7101,316.670687
1,7102,445.138961
1,7103,83.337448
1,7104,426.351420
1,7105,362.274456
1,7106,90.044931
1,7107,175.308476
1,7108,539.358352
1,7109,487.842508
1,7110,33.685289
1,7111,329.041391
1,7112,217.476134
1,7113,320.404092
1,7114,91.047343
1,7115,275.853688
1,7116,475.781041
1,7117,111.799845
1,7118,524.225837
1,7119,430.865878
1,7120,226.662314
1,7121,338.435532
1,7122,96.169510
1,7123,323.242763
1,7124,167.234445
1,7125,104.733877
1,7126,197.794432
1,7127,223.143994
1,7128,286.179325
1,7129,441.494399
1,7130,454.744119
1,7131,472.338547
1,7132,119.749345
1,7133,522.623876
1,7134,110.809444
1,7135,280.276343
1,7136,117.510448
1,7137,116.659054
1,7138,278.224820
1,7139,202.829372
1,7140,99.699305
1,7141,393.933721
1,7142,120.442086
1,7143,212.190156
1,7144,898.532859
1,7145,358.166884
1,7146,222.585704
1,7147,108.854779
1,7148,677.752530
1,7149,325.648721
1,7150,404.499830
1,7151,100.422115
1,7152,532.687916
1,7153,352.664657
1,7154,259.083846
1,7155,188.198920
1,7156,326.688904
1,7157,325.816295
1,7158,225.559613
1,7159,203.808846
1,7160,425.666389
1,7161,334.201094
1,7162,101.526085
1,7163,234.891260
1,7164,251.334897
1,7165,326.269885
1,7166,348.986612
1,7167,303.704921
1,7168,99.989027
1,7169,402.554339
1,7170,95.452248
1,7171,120.551850
1,7172,266.989362
1,7173,101.219042
1,7174,313.082378
1,7175,388.237217
1,7176,76.557520
1,7177,205.319007
1,7178,191.663361
1,7179,84.700264
1,7180,248.943225
1,7181,169.427619
1,7182,271.823875
1,7183,109.033650
1,7184,513.670590
1,7185,228.154147
1,7186,96.477722
1,7187,370.551633
1,7188,302.333332
1,7189,117.916701
1,7190,68.284765
1,7191,323.201548
1,7192,254.376990
1,7193,332.821847
1,7194,285.907197
1,7195,200.991367
1,7196,384.731348
1,7197,281.465581
1,7198,58.299777
1,7199,221.347536
1,7200,230.290184
1,7201,417.100928
1,7202,173.040817
1,7203,471.122535
1,7204,289.197286
1,7205,100.675114
1,7206,188.588974
1,7207,96.908791
1,7208,181.967404
1,7209,349.233792
1,7210,477.512503
1,7211,341.879510
1,7212,117.910078
1,7213,246.587813
1,7214,62.401629
1,7215,504.629735
1,7216,101.129145
1,7217,300.749472
1,7218,286.987916
1,7219,308.410513
1,7220,181.636206
1,7221,328.786941
1,7222,440.093612
1,7223,99.159987
1,7224,70.490980
1,7225,367.801298
1,7226,98.276368
1,7227,187.630451
1,7228,314.485581
1,7229,101.290473
1,7230,435.217443
1,7231,94.950901
1,7232,446.077880
1,7233,278.508472
1,7234,259.170570
1,7235,139.071484
1,7236,322.005951
1,7237,51.075491
1,7238,381.094057
1,7239,150.959847
1,7240,233.801022
1,7241,255.809608
1,7242,99.812307
1,7243,472.641244
1,7244,98.402879
1,7245,236.648321
1,7246,298.877802
1,7247,140.124673
1,7248,535.988064
1,7249,94.816105
1,7250,294.195534
1,7251,345.633580
1,7252,134.122723
1,7253,195.696572
1,7254,344.933323
1,7255,175.255639
1,7256,110.974750
1,7257,280.033042
1,7258,278.160877
1,7259,121.415655
1,7260,141.208740
1,7261,94.419904
1,7262,233.441422
1,7263,329.830754
1,7264,210.957207
1,7265,415.140014
1,7266,206.376168
1,7267,429.241630
1,7268,406.196620
1,7269,374.640220
1,7270,339.388637
1,7271,100.480167
1,7272,203.778840
1,7273,242.497316
1,7274,331.838130
1,7275,104.713956
1,7276,342.363710
1,7277,169.675442
1,7278,400.383028
1,7279,349.680038
1,7280,198.064995
1,7281,111.992578
1,7282,139.438763
1,7283,450.669267
1,7284,358.515502
1,7285,98.033323
1,7286,328.451613
1,7287,104.375767
1,7288,408.810653
1,7289,435.480563
1,7290,111.094489
1,7291,433.983326
1,7292,111.341130
1,7293,357.956836
1,7294,106.951546
1,7295,241.601370
1,7296,74.588659
1,7297,526.304381
1,7298,106.051937
1,7299,217.379908
1,7300,234.842581
1,7301,194.126726
1,7302,171.556500
1,7303,400.508826
1,7304,94.559093
1,7305,373.638792
1,7306,248.725192
1,7307,463.213450
1,7308,248.590471
1,7309,224.646104
1,7310,199.670983
1,7311,152.961502
1,7312,356.027712
1,7313,499.394611
1,7314,143.558853
1,7315,437.211472
1,7316,106.769304
1,7317,166.811481
1,7318,410.358553
1,7319,167.095002
1,7320,162.738116
1,7321,174.863692
1,7322,181.498593
1,7323,288.676156
1,7324,72.657740
1,7325,424.826443
1,7326,140.565019
1,7327,471.096422
1,7328,99.590207
1,7329,225.597346
1,7330,100.103350
1,7331,100.827156
1,7332,168.744451
1,7333,99.656167
1,7334,107.859602
1,7335,318.391887
1,7336,50.524219
1,7337,288.591054
1,7338,428.706607
1,7339,192.141832
1,7340,110.741356
1,7341,261.253906
1,7342,276.512364
1,7343,89.350871
1,7344,299.412694
1,7345,60.993781
1,7346,254.235906
1,7347,116.710666
1,7348,207.864381
1,7349,463.670722
1,7350,376.625573
1,7351,90.026635
1,7352,137.368462
1,7353,134.610215
1,7354,386.463541
1,7355,87.671986
1,7356,443.720543
1,7357,90.969935
1,7358,328.933200
1,7359,122.986534
1,7360,283.452721
1,7361,176.782074
1,7362,326.189094
1,7363,281.815980
1,7364,99.362770
1,7365,190.788294
1,7366,310.742431
1,7367,281.608632
1,7368,461.069020
1,7369,187.843374
1,7370,293.796894
1,7371,97.003458
1,7372,364.831035
1,7373,173.840188
1,7374,344.360524
1,7375,54.066092
1,7376,284.344330
1,7377,100.360705
1,7378,99.246810
1,7379,247.006394
1,7380,105.769375
1,7381,115.192000
1,7382,147.974254
1,7383,261.757274
1,7384,96.882156
1,7385,199.689630
1,7386,96.540237
1,7387,335.762687
1,7388,141.305090
1,7389,168.054509
1,7390,442.623905
1,7391,135.880391
1,7392,97.478798
1,7393,350.218742
1,7394,358.003877
1,7395,202.116062
1,7396,282.985969
1,7397,114.702657
1,7398,301.994492
1,7399,134.575785
1,7400,200.022645
1,7401,441.945181
1,7402,97.652249
1,7403,176.486230
1,7404,368.857880
1,7405,393.991491
1,7406,101.583125
1,7407,242.722640
1,7408,95.808618
1,7409,279.327355
1,7410,126.137851
1,7411,387.860443
1,7412,642.444429
1,7413,174.402701
1,7414,349.336688
1,7415,111.545569
1,7416,260.418672
1,7417,413.622144
1,7418,420.011654
1,7419,100.553001
1,7420,230.285186
1,7421,178.528869
1,7422,92.243948
1,7423,293.042677
1,7424,95.623314
1,7425,406.103779
1,7426,123.007224
1,7427,416.714123
1,7428,135.811442
1,7429,136.105803
1,7430,287.711689
1,7431,472.370357
1,7432,345.070967
1,7433,107.824148
1,7434,131.335678
1,7435,371.072397
1,7436,301.472339
1,7437,141.414483
1,7438,407.153665
1,7439,244.485522
1,7440,96.761279
1,7441,1022.112335
1,7442,166.649790
1,7443,117.256569
1,7444,500.600842
1,7445,317.169382
1,7446,519.732425
1,7447,87.943156
1,7448,394.201144
1,7449,221.373678
1,7450,330.129006
1,7451,104.808030
1,7452,224.824704
1,7453,269.558678
1,7454,336.840515
1,7455,376.784997
1,7456,319.905777
1,7457,97.850180
1,7458,190.704306
1,7459,115.296739
1,7460,230.338632
1,7461,186.519322
1,7462,322.147751
1,7463,99.581045
1,7464,197.987129
1,7465,98.890840
1,7466,319.180295
1,7467,95.006087
1,7468,286.020450
1,7469,227.670738
1,7470,96.739024
1,7471,402.775423
1,7472,209.859216
1,7473,200.599399
1,7474,345.814197
1,7475,61.736647
1,7476,347.108453
1,7477,308.963202
1,7478,236.512993
1,7479,494.252545
1,7480,192.241230
1,7481,288.957160
1,7482,110.058046
1,7483,382.937455
1,7484,273.425770
1,7485,207.477969
1,7486,101.170877
1,7487,290.235006
1,7488,236.326877
1,7489,260.846600
1,7490,223.801887
1,7491,106.179892
1,7492,288.104104
1,7493,247.413832
1,7494,57.991246
1,7495,362.117126
1,7496,220.711534
1,7497,258.708824
1,7498,200.025158
1,7499,297.173180
1,7500,391.469911
1,7501,200.305685
1,7502,56.644281
1,7503,382.477179
1,7504,96.956676
1,7505,353.648494
1,7506,93.119098
1,7507,358.592446
1,7508,90.992485
1,7509,106.007882
1,7510,312.969614
1,7511,346.752020
1,7512,93.037030
1,7513,188.133456
1,7514,93.807310
1,7515,235.190426
1,7516,142.572043
1,7517,137.871410
1,7518,184.134011
1,7519,236.623316
1,7520,299.129166
1,7521,94.182973
1,7522,172.305739
1,7523,142.864928
1,7524,461.239646
1,7525,96.266975
1,7526,501.590833
1,7527,113.075076
1,7528,447.587623
1,7529,105.893499
1,7530,291.285554
1,7531,254.457304
1,7532,472.379836
1,7533,153.890839
1,7534,93.125152
1,7535,410.228052
1,7536,139.501320
1,7537,385.909042
1,7538,190.872670
1,7539,284.102325
1,7540,322.873542
1,7541,94.126681
1,7542,159.181438
1,7543,42.569206
1,7544,411.533572
1,7545,88.100008
1,7546,272.610368
1,7547,265.963859
1,7548,261.317792
1,7549,299.754254
1,7550,280.877446
1,7551,54.954107
1,7552,137.603171
1,7553,255.010283
1,7554,87.387806
1,7555,224.237850
1,7556,193.438684
1,7557,207.567482
1,7558,289.735893
1,7559,495.975213
1,7560,111.663879
1,7561,216.332370
1,7562,281.861871
1,7563,247.579950
1,7564,252.926308
1,7565,88.878610
1,7566,163.861651
1,7567,183.295826
1,7568,95.590223
1,7569,54.121346
1,7570,322.671006
1,7571,90.652649
1,7572,190.218729
1,7573,467.651052
1,7574,54.161986
1,7575,309.519895
1,7576,133.540576
1,7577,284.727651
1,7578,94.136948
1,7579,220.422169
1,7580,90.710227
1,7581,337.907930
1,7582,179.521527
1,7583,264.808649
1,7584,374.908385
1,7585,105.969622
1,7586,71.035064
1,7587,306.216565
1,7588,102.623850
1,7589,155.605009
1,7590,146.437840
1,7591,255.062830
1,7592,229.310730
1,7593,93.126565
1,7594,233.759502
1,7595,123.925666
1,7596,243.724147
1,7597,226.581263
1,7598,105.968800
1,7599,420.478763
1,7600,89.134913
1,7601,210.522617
1,7602,88.223044
1,7603,292.664273
1,7604,184.122966
1,7605,237.165407
1,7606,87.322584
1,7607,157.875900
1,7608,183.758767
1,7609,304.827702
1,7610,85.262018
1,7611,308.970967
1,7612,89.250784
1,7613,296.963897
1,7614,300.451284
1,7615,276.649340
1,7616,137.233608
1,7617,108.874585
1,7618,53.493019
1,7619,330.771374
1,7620,85.651373
1,7621,436.922023
1,7622,286.213734
1,7623,287.412752
1,7624,100.694060
1,7625,248.363234
1,7626,131.992633
1,7627,218.468650
1,7628,281.251014
1,7629,279.183915
1,7630,341.927279
1,7631,90.341510
1,7632,87.735278
1,7633,333.499064
1,7634,488.820557
1,7635,548.839189
1,7636,385.144641
1,7637,423.980532
1,7638,295.222230
1,7639,68.863137
1,7640,316.496105
1,7641,92.176693
1,7642,367.182909
1,7643,228.475497
1,7644,318.298489
1,7645,159.112593
1,7646,134.966002
1,7647,256.499191
1,7648,81.972721
1,7649,203.278904
1,7650,421.288150
1,7651,100.589942
1,7652,392.648620
1,7653,89.807311
1,7654,202.633482
1,7655,458.024819
1,7656,393.204784
1,7657,339.646994
1,7658,214.916040
1,7659,109.821514
1,7660,156.702844
1,7661,82.274921
1,7662,202.930074
1,7663,279.165383
1,7664,397.939929
1,7665,192.851731
1,7666,426.992692
1,7667,105.715501
1,7668,128.042657
1,7669,196.010876
1,7670,251.621675
1,7671,81.821327
1,7672,246.813601
1,7673,81.523989
1,7674,124.630844
1,7675,85.019881
1,7676,209.110038
1,7677,300.417173
1,7678,322.119831
1,7679,347.882061
1,7680,293.887731
1,7681,163.902910
1,7682,120.336770
1,7683,283.882128
1,7684,338.598783
1,7685,402.434609
1,7686,80.326723
1,7687,339.776536
1,7688,44.308081
1,7689,288.249529
1,7690,234.572268
1,7691,78.924365
1,7692,177.143547
1,7693,320.555375
1,7694,246.507049
1,7695,312.604328
1,7696,338.851552
1,7697,353.278638
1,7698,409.256980
1,7699,82.741096
1,7700,130.751912
1,7701,334.209313
1,7702,135.612722
1,7703,205.947704
1,7704,142.317224
1,7705,104.914513
1,7706,303.660553
1,7707,68.827110
1,7708,280.210020
1,7709,220.849959
1,7710,211.282457
1,7711,300.160137
1,7712,385.301958
1,7713,75.163622
1,7714,212.124045
1,7715,118.668091
1,7716,299.845067
1,7717,79.342148
1,7718,282.074661
1,7719,139.241220
1,7720,333.963761
1,7721,288.822310
1,7722,88.609513
1,7723,407.649605
1,7724,351.628502
1,7725,375.735662
1,7726,444.283643
1,7727,352.670106
1,7728,86.435244
1,7729,236.420772
1,7730,81.234979
1,7731,238.171232
1,7732,332.162974
1,7733,81.840176
1,7734,164.706823
1,7735,272.816913
1,7736,126.005418
1,7737,164.614603
1,7738,80.343331
1,7739,721.434686
1,7740,80.948971
1,7741,315.987073
1,7742,131.656729
1,7743,246.689839
1,7744,81.489323
1,7745,165.988553
1,7746,326.092863
1,7747,350.098645
1,7748,80.579047
1,7749,50.802712
1,7750,290.626022
1,7751,79.208629
1,7752,343.431552
1,7753,86.548767
1,7754,181.107743
1,7755,519.687991
1,7756,79.707271
1,7757,348.289565
1,7758,77.775308
1,7759,263.899978
1,7760,192.625189
1,7761,204.216180
1,7762,249.811000
1,7763,266.555403
1,7764,166.071882
1,7765,200.409833
1,7766,367.372900
1,7767,76.393868
1,7768,164.379624
1,7769,205.031446
1,7770,233.101084
1,7771,161.027652
1,7772,85.560099
1,7773,288.908211
1,7774,227.843706
1,7775,78.955452
1,7776,189.118442
1,7777,167.892284
1,7778,260.001657
1,7779,118.385187
1,7780,73.706034
1,7781,303.909346
1,7782,159.753605
1,7783,167.913702
1,7784,213.008721
1,7785,252.374480
1,7786,220.973785
1,7787,337.753175
1,7788,113.963422
1,7789,156.087841
1,7790,74.522851
1,7791,167.907123
1,7792,73.297341
1,7793,217.854106
1,7794,71.278827
1,7795,78.146950
1,7796,255.160028
1,7797,276.309917
1,7798,326.293416
1,7799,276.456212
1,7800,161.295821
1,7801,286.889648
1,7802,74.532267
1,7803,266.395684
1,7804,128.114902
1,7805,186.042626
1,7806,245.291492
1,7807,504.820132
1,7808,212.776624
1,7809,275.444209
1,7810,373.640615
1,7811,194.334332
1,7812,391.860438
1,7813,324.497706
1,7814,272.520210
1,7815,215.268486
1,7816,72.002990
1,7817,290.115007
1,7818,74.613961
1,7819,229.613718
1,7820,323.220398
1,7821,282.781478
1,7822,75.410391
1,7823,325.061258
1,7824,281.623724
1,7825,260.341368
1,7826,261.877942
1,7827,346.702587
1,7828,117.704485
1,7829,87.136587
1,7830,101.707693
1,7831,270.818272
1,7832,230.709320
1,7833,294.699068
1,7834,241.576935
1,7835,361.323877
1,7836,238.708939
1,7837,154.198382
1,7838,424.434669
1,7839,90.300981
1,7840,273.770516
1,7841,344.993485
1,7842,343.054389
1,7843,331.274187
1,7844,334.774867
1,7845,80.528643
1,7846,230.741780
1,7847,388.001482
1,7848,127.415664
1,7849,230.697475
1,7850,409.435614
1,7851,362.146639
1,7852,338.618443
1,7853,307.318868
1,7854,121.224973
1,7855,350.506521
1,7856,275.987080
1,7857,326.739467
1,7858,80.192561
1,7859,163.152815
1,7860,238.526767
1,7861,324.863858
1,7862,308.847056
1,7863,78.822983
1,7864,369.839424
1,7865,89.157690
1,7866,410.826016
1,7867,485.752591
1,7868,405.250229
1,7869,74.490508
1,7870,42.668705
1,7871,291.738614
1,7872,76.927498
1,7873,253.026518
1,7874,178.120718
1,7875,250.616012
1,7876,143.915046
1,7877,278.647539
1,7878,227.817264
1,7879,172.442211
1,7880,68.213689
1,7881,164.577723
1,7882,258.270558
1,7883,113.161635
1,7884,190.792256
1,7885,219.281226
1,7886,156.312015
1,7887,118.339135
1,7888,294.712408
1,7889,362.055448
1,7890,235.492552
1,7891,164.982593
1,7892,143.200126
1,7893,119.769480
1,7894,235.354810
1,7895,267.112077
1,7896,80.659140
1,7897,276.082413
1,7898,79.578080
1,7899,167.386241
1,7900,43.374401
1,7901,120.978411
1,7902,262.261991
1,7903,317.062326
1,7904,237.401281
1,7905,308.406326
1,7906,213.400137
1,7907,126.586526
1,7908,262.720773
1,7909,289.154435
1,7910,166.758168
1,7911,240.276320
1,7912,244.568286
1,7913,344.283539
1,7914,227.640092
1,7915,245.989884
1,7916,87.724027
1,7917,404.994033
1,7918,52.595996
1,7919,267.337204
1,7920,78.267794
1,7921,185.568049
1,7922,179.427308
1,7923,308.155918
1,7924,76.863070
1,7925,194.499908
1,7926,653.862894
1,7927,628.281859
1,7928,319.293300
1,7929,313.693342
1,7930,42.114897
1,7931,366.125339
1,7932,345.836370
1,7933,375.583433
1,7934,298.466276
1,7935,257.433549
1,7936,78.756330
1,7937,92.903409
1,7938,411.779140
1,7939,248.334127
1,7940,367.224834
1,7941,444.776154
1,7942,434.689488
1,7943,387.339491
1,7944,363.580623
1,7945,102.324712
1,7946,364.343481
1,7947,266.714301
1,7948,560.677546
1,7949,431.550251
1,7950,338.742920
1,7951,398.566854
1,7952,85.606908
1,7953,350.547002
1,7954,348.793849
1,7955,395.085940
1,7956,495.319432
1,7957,261.830793
1,7958,234.326244
1,7959,425.395001
1,7960,49.867148
1,7961,186.480503
1,7962,312.554056
1,7963,360.922806
1,7964,360.815547
1,7965,265.890100
1,7966,347.988475
1,7967,329.692811
1,7968,100.721522
1,7969,104.981278
1,7970,483.936936
1,7971,136.150398
1,7972,346.371408
1,7973,418.603817
1,7974,85.550580
1,7975,384.052585
1,7976,88.092258
1,7977,172.542492
1,7978,152.495817
1,7979,261.269374
1,7980,287.703563
1,7981,165.984514
1,7982,299.198848
1,7983,68.037211
1,7984,253.816358
1,7985,313.554084
1,7986,74.405357
1,7987,96.804471
1,7988,459.214879
1,7989,310.964565
1,7990,78.084943
1,7991,421.194573
1,7992,297.812183
1,7993,393.154549
1,7994,79.397919
1,7995,235.907133
1,7996,85.163685
1,7997,384.143644
1,7998,184.744878
1,7999,357.140873
1,8000,310.001650
1,8001,340.349664
1,8002,277.746422
1,8003,509.796183
1,8004,317.909653
1,8005,496.510374
1,8006,372.457577
1,8007,506.196291
1,8008,84.483371
1,8009,216.992072
1,8010,108.228802
1,8011,403.294225
1,8012,472.860572
1,8013,93.290939
1,8014,237.810054
1,8015,88.090715
1,8016,219.115103
1,8017,187.309671
1,8018,194.278174
1,8019,88.747380
1,8020,346.472729
1,8021,89.800439
1,8022,316.593096
1,8023,86.272386
1,8024,98.267315
1,8025,395.956518
1,8026,277.704439
1,8027,376.817777
1,8028,292.932470
1,8029,106.944160
1,8030,164.614913
1,8031,226.468259
1,8032,331.282391
1,8033,76.067041
1,8034,366.194515
1,8035,82.841942
1,8036,85.036073
1,8037,410.492400
1,8038,125.861067
1,8039,369.804950
1,8040,353.388749
1,8041,96.702449
1,8042,272.703946
1,8043,288.834928
1,8044,47.023810
1,8045,225.370024
1,8046,85.092314
1,8047,363.914627
1,8048,449.121250
1,8049,391.738399
1,8050,458.793545
1,8051,251.498544
1,8052,297.288006
1,8053,309.868302
1,8054,272.641936
1,8055,369.258536
1,8056,311.485398
1,8057,241.663028
1,8058,104.507821
1,8059,224.037714
1,8060,250.907408
1,8061,354.828322
1,8062,94.742323
1,8063,210.746063
1,8064,380.204412
1,8065,97.028153
1,8066,490.851570
1,8067,144.813076
1,8068,340.489824
1,8069,307.024769
1,8070,186.210562
1,8071,84.793722
1,8072,297.866998
1,8073,85.165422
1,8074,302.407357
1,8075,199.189195
1,8076,241.922047
1,8077,250.799815
1,8078,70.153004
1,8079,215.308114
1,8080,346.657443
1,8081,268.469843
1,8082,249.536280
1,8083,117.015209
1,8084,190.240382
1,8085,293.601105
1,8086,349.046345
1,8087,416.483773
1,8088,43.343152
1,8089,229.805100
1,8090,351.128501
1,8091,82.079260
1,8092,276.051047
1,8093,80.133206
1,8094,94.279352
1,8095,311.969966
1,8096,68.457667
1,8097,178.095799
1,8098,87.711447
1,8099,210.337835
1,8100,190.082293
1,8101,83.863078
1,8102,166.942887
1,8103,240.441328
1,8104,101.617708
1,8105,342.591468
1,8106,101.509299
1,8107,131.033972
1,8108,409.228633
1,8109,84.956285
1,8110,385.363924
1,8111,438.965103
1,8112,192.844829
1,8113,495.122858
1,8114,94.238073
1,8115,299.626236
1,8116,301.994684
1,8117,472.995953
1,8118,281.229950
1,8119,248.528753
1,8120,323.773224
1,8121,205.590119
1,8122,321.876112
1,8123,92.613994
1,8124,542.240853
1,8125,84.366408
1,8126,83.806002
1,8127,504.430173
1,8128,461.368364
1,8129,197.978918
1,8130,315.016160
1,8131,276.898780
1,8132,580.540743
1,8133,84.468239
1,8134,310.815957
1,8135,134.218409
1,8136,341.868265
1,8137,295.180326
1,8138,192.957830
1,8139,303.221405
1,8140,297.891797
1,8141,195.906064
1,8142,366.103875
1,8143,263.629913
1,8144,497.651109
1,8145,346.083025
1,8146,509.381626
1,8147,430.698079
1,8148,337.936950
1,8149,82.462623
1,8150,334.910736
1,8151,316.136406
1,8152,385.069833
1,8153,394.283732
1,8154,79.634403
1,8155,374.215331
1,8156,348.333835
1,8157,365.146084
1,8158,415.955097
1,8159,511.139227
1,8160,259.868588
1,8161,311.989298
1,8162,346.163111
1,8163,129.114221
1,8164,373.771614
1,8165,259.680461
1,8166,156.479831
1,8167,208.357871
1,8168,66.859441
1,8169,131.155693
1,8170,261.139132
1,8171,217.590516
1,8172,237.861763
1,8173,80.709749
1,8174,41.177889
1,8175,77.021510
1,8176,144.995157
1,8177,251.907024
1,8178,230.240127
1,8179,81.485886
1,8180,177.631340
1,8181,88.704192
1,8182,288.332603
1,8183,131.598285
1,8184,230.371443
1,8185,42.498766
1,8186,211.006479
1,8187,99.445233
1,8188,267.817717
1,8189,84.340379
1,8190,172.074930
1,8191,48.086895
1,8192,297.226862
1,8193,206.721037
1,8194,243.860969
1,8195,241.862254
1,8196,87.258311
1,8197,170.722064
1,8198,92.813688
1,8199,294.356879
1,8200,388.666934
1,8201,41.204733
1,8202,264.524717
1,8203,169.848616
1,8204,85.329498
1,8205,131.923424
1,8206,83.117156
1,8207,92.088199
1,8208,47.195109
1,8209,270.464752
1,8210,82.076346
1,8211,126.987803
1,8212,255.929822
1,8213,296.907989
1,8214,84.841991
1,8215,208.287982
1,8216,92.346778
1,8217,248.180398
1,8218,84.048388
1,8219,200.454594
1,8220,88.137256
1,8221,85.136292
1,8222,271.670724
1,8223,124.048482
1,8224,274.029020
1,8225,192.692393
1,8226,83.477497
1,8227,239.798510
1,8228,289.202792
1,8229,305.625240
1,8230,377.394515
1,8231,129.834001
1,8232,95.868751
1,8233,130.672687
1,8234,295.572620
1,8235,364.904943
1,8236,251.494067
1,8237,80.816891
1,8238,237.949539
1,8239,77.543480
1,8240,243.712924
1,8241,246.969146
1,8242,183.289643
1,8243,311.081693
1,8244,79.588674
1,8245,268.099097
1,8246,1147.167057
1,8247,292.627370
1,8248,79.096953
1,8249,332.908804
1,8250,196.332971
1,8251,170.031631
1,8252,293.077915
1,8253,85.803834
1,8254,200.765148
1,8255,86.989187
1,8256,171.857097
1,8257,140.363092
1,8258,300.382983
1,8259,342.706140
1,8260,92.931720
1,8261,413.361149
1,8262,258.560482
1,8263,67.721416
1,8264,169.092749
1,8265,325.501643
1,8266,39.938405
1,8267,222.906028
1,8268,359.162455
1,8269,39.559866
1,8270,274.886865
1,8271,553.732581
1,8272,409.605538
1,8273,296.614254
1,8274,281.616507
1,8275,86.231199
1,8276,211.523858
1,8277,90.558820
1,8278,346.914649
1,8279,275.182243
1,8280,318.569151
1,8281,312.665193
1,8282,400.206523
1,8283,121.596190
1,8284,234.547110
1,8285,243.559491
1,8286,82.376479
1,8287,296.870352
1,8288,271.411547
1,8289,84.997994
1,8290,210.789742
1,8291,83.177312
1,8292,212.355658
1,8293,180.412316
1,8294,124.570151
1,8295,170.656230
1,8296,84.314002
1,8297,203.310404
1,8298,133.726027
1,8299,320.476226
1,8300,82.833825
1,8301,229.035861
1,8302,369.243922
1,8303,46.381302
1,8304,209.618215
1,8305,342.543685
1,8306,81.349089
1,8307,235.430514
1,8308,211.053109
1,8309,391.055922
1,8310,94.239592
1,8311,210.695867
1,8312,277.276931
1,8313,125.471694
1,8314,126.677810
1,8315,217.088163
1,8316,348.823865
1,8317,316.916867
1,8318,82.121556
1,8319,269.145140
1,8320,82.423319
1,8321,175.881770
1,8322,337.495506
1,8323,82.805892
1,8324,291.664267
1,8325,79.595428
1,8326,163.372899
1,8327,83.522024
1,8328,391.960745
1,8329,79.672383
1,8330,122.536099
1,8331,308.827088
1,8332,342.839988
1,8333,356.476949
1,8334,250.771679
1,8335,96.831726
1,8336,318.908471
1,8337,239.244156
1,8338,380.501870
1,8339,297.400980
1,8340,377.826439
1,8341,472.268230
1,8342,562.975376
1,8343,92.008287
1,8344,380.955045
1,8345,93.895338
1,8346,487.826330
1,8347,98.737652
1,8348,398.899662
1,8349,262.358432
1,8350,495.474454
1,8351,96.176236
1,8352,236.810570
1,8353,459.485516
1,8354,116.710090
1,8355,629.087641
1,8356,637.534334
1,8357,655.269621
1,8358,57.832874
1,8359,463.482328
1,8360,492.098060
1,8361,582.415704
1,8362,104.183457
1,8363,456.218060
1,8364,410.686094
1,8365,233.529088
1,8366,100.087828
1,8367,440.205729
1,8368,424.925728
1,8369,358.828828
1,8370,101.335025
1,8371,493.115637
1,8372,99.302408
1,8373,296.884121
1,8374,518.134400
1,8375,321.674323
1,8376,569.520651
1,8377,119.351473
1,8378,450.652664
1,8379,572.073698
1,8380,102.544325
1,8381,407.879859
1,8382,718.537965
1,8383,458.332736
1,8384,604.660193
1,8385,415.227472
1,8386,115.171479
1,8387,384.006689
1,8388,275.648802
1,8389,218.038335
1,8390,242.231522
1,8391,403.198186
1,8392,73.151473
1,8393,431.516167
1,8394,298.941545
1,8395,103.899227
1,8396,311.035574
1,8397,383.296842
1,8398,166.501418
1,8399,444.404966
1,8400,442.649580
1,8401,332.954565
1,8402,87.485537
1,8403,242.280413
1,8404,163.921218
1,8405,296.820643
1,8406,85.854563
1,8407,474.462426
1,8408,144.713414
1,8409,106.405278
1,8410,96.586844
1,8411,485.204419
1,8412,98.532188
1,8413,64.198998
1,8414,199.856506
1,8415,371.710560
1,8416,794.189699
1,8417,576.259737
1,8418,99.118900
1,8419,635.736729
1,8420,112.990993
1,8421,223.847166
1,8422,214.662688
1,8423,498.558681
1,8424,130.201250
1,8425,619.724261
1,8426,101.601819
1,8427,463.933702
1,8428,286.272411
1,8429,459.476992
1,8430,128.155062
1,8431,288.347413
1,8432,198.309859
1,8433,559.858810
1,8434,139.882762
1,8435,551.857250
1,8436,232.700165
1,8437,321.079272
1,8438,461.711533
1,8439,479.089594
1,8440,108.068828
1,8441,229.521432
1,8442,481.183649
1,8443,55.803435
1,8444,447.134063
1,8445,366.316517
1,8446,410.615333
1,8447,371.995965
1,8448,116.049289
1,8449,409.799518
1,8450,356.485400
1,8451,258.806609
1,8452,544.227061
1,8453,101.607391
1,8454,207.369824
1,8455,504.190485
1,8456,97.434299
1,8457,245.724893
1,8458,479.907051
1,8459,552.676654
1,8460,444.818842
1,8461,362.342216
1,8462,383.348450
1,8463,120.000809
1,8464,312.501223
1,8465,348.674324
1,8466,89.684943
1,8467,428.943809
1,8468,88.268455
1,8469,492.250496
1,8470,264.126623
1,8471,482.578670
1,8472,93.500462
1,8473,222.121515
1,8474,435.843442
1,8475,823.598605
1,8476,361.279606
1,8477,406.791572
1,8478,142.226965
1,8479,461.494812
1,8480,99.907779
1,8481,408.016132
1,8482,562.804217
1,8483,214.668180
1,8484,107.598172
1,8485,394.062984
1,8486,300.942680
1,8487,396.246472
1,8488,98.041134
1,8489,382.120160
1,8490,622.030778
1,8491,145.057561
1,8492,201.769644
1,8493,247.657960
1,8494,60.017833
1,8495,598.885472
1,8496,583.103792
1,8497,96.903113
1,8498,639.908805
1,8499,513.601299
1,8500,508.601216
1,8501,110.846034
1,8502,209.707097
1,8503,496.416782
1,8504,509.788196
1,8505,542.865651
1,8506,118.683108
1,8507,533.951855
1,8508,543.782834
1,8509,107.970816
1,8510,506.065961
1,8511,359.357763
1,8512,101.041946
1,8513,461.478058
1,8514,281.194231
1,8515,337.556777
1,8516,181.366681
1,8517,210.863700
1,8518,315.044537
1,8519,94.157812
1,8520,595.205631
1,8521,364.669749
1,8522,424.704753
1,8523,521.980511
1,8524,70.131832
1,8525,534.521692
1,8526,138.043835
1,8527,52.414502
1,8528,480.146807
1,8529,408.893878
1,8530,99.943453
1,8531,306.427722
1,8532,262.574746
1,8533,408.058969
1,8534,112.512271
1,8535,60.487409
1,8536,420.229032
1,8537,532.282038
1,8538,445.234944
1,8539,125.118381
1,8540,371.409088
1,8541,119.518081
1,8542,399.782449
1,8543,505.542879
1,8544,365.212256
1,8545,188.322562
1,8546,390.511510
1,8547,166.404951
1,8548,93.541894
1,8549,315.931347
1,8550,101.380575
1,8551,378.019092
1,8552,390.417113
1,8553,480.234611
1,8554,138.211083
1,8555,419.104058
1,8556,339.222866
1,8557,501.233032
1,8558,379.649554
1,8559,124.575997
1,8560,418.160116
1,8561,190.358108
1,8562,528.249532
1,8563,88.422186
1,8564,346.568598
1,8565,447.683283
1,8566,270.149524
1,8567,405.792165
1,8568,387.687105
1,8569,93.390663
1,8570,397.971721
1,8571,408.690556
1,8572,111.816730
1,8573,442.356593
1,8574,587.360089
1,8575,203.205977
1,8576,549.908933
1,8577,273.615592
1,8578,228.432102
1,8579,393.230651
1,8580,183.334691
1,8581,405.120685
1,8582,158.590463
1,8583,468.328290
1,8584,55.782672
1,8585,489.252419
1,8586,339.635040
1,8587,97.796095
1,8588,362.481226
1,8589,102.727440
1,8590,423.291361
1,8591,187.419861
1,8592,267.166597
1,8593,310.713416
1,8594,202.635270
1,8595,113.289345
1,8596,420.760214
1,8597,344.356332
1,8598,445.384047
1,8599,510.413277
1,8600,416.731462
1,8601,120.733136
1,8602,462.278750
1,8603,269.536362
1,8604,234.179189
1,8605,235.621090
1,8606,111.375277
1,8607,448.486377
1,8608,453.320121
1,8609,537.874797
1,8610,67.275706
1,8611,538.254594
1,8612,437.164380
1,8613,102.943896
1,8614,226.385408
1,8615,561.946639
1,8616,103.891908
1,8617,528.079972
1,8618,98.197528
1,8619,334.692585
1,8620,105.769721
1,8621,515.767076
1,8622,428.865003
1,8623,195.289949
1,8624,169.719127
1,8625,230.283256
1,8626,355.714085
1,8627,386.541445
1,8628,482.929463
1,8629,220.820460
1,8630,472.249514
1,8631,99.695275
1,8632,436.113480
1,8633,462.761417
1,8634,104.202385
1,8635,373.670260
1,8636,326.409366
1,8637,488.754703
1,8638,114.513208
1,8639,624.907737
1,8640,562.146758
1,8641,96.974726
1,8642,93.556806
1,8643,466.157163
1,8644,92.968664
1,8645,186.063285
1,8646,503.358102
1,8647,217.156710
1,8648,528.450199
1,8649,314.584741
1,8650,237.601000
1,8651,318.685955
1,8652,444.503260
1,8653,82.181107
1,8654,44.383255
1,8655,392.284415
1,8656,482.664345
1,8657,94.945583
1,8658,373.473592
1,8659,88.878622
1,8660,464.152237
1,8661,428.537630
1,8662,92.282286
1,8663,198.470642
1,8664,95.535830
1,8665,349.331286
1,8666,383.341958
1,8667,91.777683
1,8668,419.845626
1,8669,281.826159
1,8670,429.008884
1,8671,94.001126
1,8672,336.100256
1,8673,498.951846
1,8674,486.320702
1,8675,245.189988
1,8676,125.459280
1,8677,529.340293
1,8678,284.420113
1,8679,75.204903
1,8680,293.308733
1,8681,269.531785
1,8682,417.521142
1,8683,82.276920
1,8684,247.128344
1,8685,488.708293
1,8686,425.864938
1,8687,149.712795
1,8688,396.723610
1,8689,88.098172
1,8690,215.471768
1,8691,370.307097
1,8692,96.802654
1,8693,281.478221
1,8694,102.170209
1,8695,484.640629
1,8696,183.906996
1,8697,408.333726
1,8698,226.021100
1,8699,188.201369
1,8700,371.664815
1,8701,58.362774
1,8702,231.010144
1,8703,119.990076
1,8704,374.280900
1,8705,54.313205
1,8706,335.407149
1,8707,93.259178
1,8708,405.127747
1,8709,117.438781
1,8710,90.729968
1,8711,212.342511
1,8712,271.973835
1,8713,190.046034
1,8714,159.971574
1,8715,522.832023
1,8716,92.806743
1,8717,451.123891
1,8718,354.198312
1,8719,94.533990
1,8720,313.272948
1,8721,97.312052
1,8722,122.962017
1,8723,452.432679
1,8724,90.600751
1,8725,52.802571
1,8726,412.969647
1,8727,94.223726
1,8728,298.363646
1,8729,140.124715
1,8730,90.805555
1,8731,344.814727
1,8732,381.579526
1,8733,309.199198
1,8734,296.428004
1,8735,266.096624
1,8736,456.475500
1,8737,96.839944
1,8738,560.200006
1,8739,368.662701
1,8740,124.358579
1,8741,423.859416
1,8742,371.361986
1,8743,445.134288
1,8744,144.602931
1,8745,247.251225
1,8746,153.649312
1,8747,382.535751
1,8748,284.609660
1,8749,154.522159
1,8750,314.326205
1,8751,59.470879
1,8752,281.052754
1,8753,86.272562
1,8754,134.486405
1,8755,244.318550
1,8756,191.736615
1,8757,235.018485
1,8758,40.912630
1,8759,180.714235
1,8760,77.399498
1,8761,279.580452
1,8762,43.022199
1,8763,216.845029
1,8764,91.833680
1,8765,279.379062
1,8766,114.353796
1,8767,95.707762
1,8768,209.756360
1,8769,269.838335
1,8770,198.331520
1,8771,210.341738
1,8772,330.919344
1,8773,89.163568
1,8774,427.599509
1,8775,468.883990
1,8776,119.838593
1,8777,139.153651
1,8778,281.919478
1,8779,54.351605
1,8780,453.479613
1,8781,119.491548
1,8782,476.875496
1,8783,438.017939
1,8784,89.451913
1,8785,366.341518
1,8786,357.106501
1,8787,101.012845
1,8788,281.417059
1,8789,95.414275
1,8790,105.021632
1,8791,449.679925
1,8792,101.051707
1,8793,64.847798
1,8794,412.401471
1,8795,106.089828
1,8796,307.046147
1,8797,162.485195
1,8798,100.517078
1,8799,356.305667
1,8800,335.186174
1,8801,118.980123
1,8802,467.331402
1,8803,417.581985
1,8804,101.010000
1,8805,365.194577
1,8806,385.065321
1,8807,347.930949
1,8808,280.609970
1,8809,294.361462
1,8810,252.550929
1,8811,469.256228
1,8812,90.316476
1,8813,409.767921
1,8814,89.059644
1,8815,50.531671
1,8816,292.826138
1,8817,94.261109
1,8818,155.872199
1,8819,258.161387
1,8820,200.482105
1,8821,352.133926
1,8822,144.638583
1,8823,161.503408
1,8824,233.033305
1,8825,187.598872
1,8826,185.362273
1,8827,541.481299
1,8828,127.868461
1,8829,136.167066
1,8830,394.713720
1,8831,590.004651
1,8832,278.031373
1,8833,75.030230
1,8834,289.811438
1,8835,81.166563
1,8836,396.921620
1,8837,232.213812
1,8838,384.836898
1,8839,174.701171
1,8840,339.784832
1,8841,84.176806
1,8842,204.848926
1,8843,299.362314
1,8844,48.474101
1,8845,429.398459
1,8846,109.167016
1,8847,198.923224
1,8848,411.282961
1,8849,388.971985
1,8850,181.237506
1,8851,89.631706
1,8852,381.495481
1,8853,262.254094
1,8854,50.749093
1,8855,336.877188
1,8856,391.177021
1,8857,110.620688
1,8858,333.276726
1,8859,102.279758
1,8860,445.721247
1,8861,111.020215
1,8862,387.104075
1,8863,152.675529
1,8864,275.528130
1,8865,324.303289
1,8866,187.001657
1,8867,259.201187
1,8868,100.150851
1,8869,413.376721
1,8870,101.346894
1,8871,190.330329
1,8872,138.452494
1,8873,162.254485
1,8874,437.042284
1,8875,121.513297
1,8876,314.539646
1,8877,509.343785
1,8878,49.001498
1,8879,461.916584
1,8880,88.441850
1,8881,106.017634
1,8882,374.821219
1,8883,92.260285
1,8884,59.890522
1,8885,272.162635
1,8886,329.084839
1,8887,95.266197
1,8888,270.673449
1,8889,378.905133
1,8890,406.103769
1,8891,291.840331
1,8892,75.145126
1,8893,308.796031
1,8894,121.665961
1,8895,112.144930
1,8896,355.498493
1,8897,300.319988
1,8898,104.144541
1,8899,391.883841
1,8900,167.447696
1,8901,99.590048
1,8902,209.638090
1,8903,381.158035
1,8904,119.917263
1,8905,249.076517
1,8906,410.349323
1,8907,86.048914
1,8908,219.082226
1,8909,263.117332
1,8910,383.792820
1,8911,99.514913
1,8912,286.740554
1,8913,363.148722
1,8914,93.779300
1,8915,102.508955
1,8916,353.965253
1,8917,454.796390
1,8918,104.945951
1,8919,119.554623
1,8920,205.347004
1,8921,232.326026
1,8922,98.579863
1,8923,151.829851
1,8924,377.739059
1,8925,92.847351
1,8926,65.614302
1,8927,246.926077
1,8928,472.332850
1,8929,257.879569
1,8930,408.419762
1,8931,149.004903
1,8932,319.768516
1,8933,411.966680
1,8934,134.633051
1,8935,428.610823
1,8936,102.814578
1,8937,190.388391
1,8938,406.302734
1,8939,197.499606
1,8940,333.352802
1,8941,91.387694
1,8942,426.531576
1,8943,311.429704
1,8944,169.198661
1,8945,223.051193
1,8946,296.216370
1,8947,120.316534
1,8948,429.578233
1,8949,108.168222
1,8950,423.986258
1,8951,273.928710
1,8952,456.221995
1,8953,519.047184
1,8954,118.481023
1,8955,343.009652
1,8956,294.409690
1,8957,506.378487
1,8958,321.456782
1,8959,199.370312
1,8960,361.094846
1,8961,101.234246
1,8962,380.249614
1,8963,115.008456
1,8964,405.615148
1,8965,377.072029
1,8966,90.817142
1,8967,398.261178
1,8968,109.371158
1,8969,388.954682
1,8970,111.059052
1,8971,518.829064
1,8972,300.831819
1,8973,46.319185
1,8974,298.286772
1,8975,268.915685
1,8976,446.965485
1,8977,105.540009
1,8978,346.237077
1,8979,101.251899
1,8980,285.104154
1,8981,99.502777
1,8982,269.491156
1,8983,496.649704
1,8984,92.180155
1,8985,462.695735
1,8986,318.765170
1,8987,441.192411
1,8988,83.347210
1,8989,419.450010
1,8990,362.083819
1,8991,85.911978
1,8992,176.299854
1,8993,546.288755
1,8994,469.314479
1,8995,33.685289
1,8996,323.314770
1,8997,212.309935
1,8998,311.899843
1,8999,91.056799
1,9000,292.199799
1,9001,487.759572
1,9002,111.811415
1,9003,498.335697
1,9004,420.560222
1,9005,226.394726
1,9006,346.572388
1,9007,96.182520
1,9008,337.132633
1,9009,173.875043
1,9010,99.265356
1,9011,203.007908
1,9012,224.280402
1,9013,285.606722
1,9014,462.187204
1,9015,457.357226
1,9016,474.190459
1,9017,120.377590
1,9018,532.014504
1,9019,110.831606
1,9020,288.690652
1,9021,111.719382
1,9022,118.362730
1,9023,275.352738
1,9024,203.571171
1,9025,99.715236
1,9026,399.895606
1,9027,115.833943
1,9028,227.015915
1,9029,906.965678
1,9030,375.397550
1,9031,222.579724
1,9032,109.531814
1,9033,669.017478
1,9034,320.832224
1,9035,401.830391
1,9036,100.438430
1,9037,517.006435
1,9038,360.425644
1,9039,264.861538
1,9040,195.138818
1,9041,340.092284
1,9042,326.470880
1,9043,224.273435
1,9044,197.985514
1,9045,418.836905
1,9046,344.722369
1,9047,95.963070
1,9048,234.290546
1,9049,253.858077
1,9050,328.841563
1,9051,350.349421
1,9052,298.520167
1,9053,100.733645
1,9054,403.907216
1,9055,95.475900
1,9056,115.055711
1,9057,262.415595
1,9058,96.700989
1,9059,316.671178
1,9060,365.461338
1,9061,76.561841
1,9062,200.406528
1,9063,187.731437
1,9064,85.039427
1,9065,240.146844
1,9066,163.508831
1,9067,265.749279
1,9068,103.887836
1,9069,499.053951
1,9070,208.896010
1,9071,102.147195
1,9072,380.311807
1,9073,298.701044
1,9074,112.612174
1,9075,72.134392
1,9076,317.818388
1,9077,251.223911
1,9078,334.239760
1,9079,283.596002
1,9080,199.642304
1,9081,386.195699
1,9082,280.710665
1,9083,58.303592
1,9084,219.549190
1,9085,225.377589
1,9086,418.747981
1,9087,166.828843
1,9088,483.029874
1,9089,293.794204
1,9090,100.690549
1,9091,181.385981
1,9092,101.047875
1,9093,186.884957
1,9094,353.496791
1,9095,482.761984
1,9096,350.132061
1,9097,113.175904
1,9098,250.269553
1,9099,62.405768
1,9100,503.184574
1,9101,101.145079
1,9102,296.786608
1,9103,281.193778
1,9104,296.645287
1,9105,168.135670
1,9106,326.060064
1,9107,449.999043
1,9108,99.943651
1,9109,63.602890
1,9110,371.481458
1,9111,98.292264
1,9112,185.889592
1,9113,315.842689
1,9114,95.955660
1,9115,440.106053
1,9116,94.966659
1,9117,444.053612
1,9118,279.764620
1,9119,260.021108
1,9120,139.127988
1,9121,328.092092
1,9122,51.079630
1,9123,394.929533
1,9124,152.152058
1,9125,239.750013
1,9126,257.050832
1,9127,99.827575
1,9128,489.955883
1,9129,95.578231
1,9130,255.070013
1,9131,301.626804
1,9132,140.778770
1,9133,540.013840
1,9134,94.830961
1,9135,293.250325
1,9136,343.332836
1,9137,129.533413
1,9138,189.928334
1,9139,339.923557
1,9140,175.306117
1,9141,104.453302
1,9142,275.579678
1,9143,281.426778
1,9144,124.025207
1,9145,147.419972
1,9146,95.108096
1,9147,243.357375
1,9148,344.705609
1,9149,224.736627
1,9150,459.521971
1,9151,199.640906
1,9152,446.201625
1,9153,408.932032
1,9154,381.680119
1,9155,340.683960
1,9156,104.512328
1,9157,211.231848
1,9158,245.610166
1,9159,332.051028
1,9160,104.735260
1,9161,345.454702
1,9162,170.373791
1,9163,398.380969
1,9164,352.105411
1,9165,202.250018
1,9166,116.831418
1,9167,135.716238
1,9168,460.740025
1,9169,356.960542
1,9170,98.048679
1,9171,330.373552
1,9172,104.391214
1,9173,410.476739
1,9174,446.475695
1,9175,111.116806
1,9176,425.319581
1,9177,111.357350
1,9178,357.323074
1,9179,109.701012
1,9180,252.252015
1,9181,76.073301
1,9182,526.637181
1,9183,106.074524
1,9184,218.625084
1,9185,228.645579
1,9186,192.132810
1,9187,178.006741
1,9188,404.402240
1,9189,94.574592
1,9190,368.128393
1,9191,249.835709
1,9192,465.471684
1,9193,240.834203
1,9194,235.677465
1,9195,208.935560
1,9196,153.887023
1,9197,353.047903
1,9198,508.481544
1,9199,143.577821
1,9200,438.596669
1,9201,106.790966
1,9202,162.781893
1,9203,414.038001
1,9204,160.982131
1,9205,163.772749
1,9206,180.767971
1,9207,184.439632
1,9208,284.069560
1,9209,77.162464
1,9210,420.071274
1,9211,135.921532
1,9212,473.918289
1,9213,99.611070
1,9214,230.155379
1,9215,100.118146
1,9216,107.132237
1,9217,163.207520
1,9218,100.319711
1,9219,105.373210
1,9220,319.536609
1,9221,50.527814
1,9222,285.591802
1,9223,426.017431
1,9224,187.653311
1,9225,111.981358
1,9226,257.948933
1,9227,279.570774
1,9228,89.364180
1,9229,302.002509
1,9230,54.758110
1,9231,261.371674
1,9232,103.758087
1,9233,210.057056
1,9234,467.464346
1,9235,377.544674
1,9236,90.039351
1,9237,137.935382
1,9238,134.655556
1,9239,376.587863
1,9240,87.684403
1,9241,447.086012
1,9242,91.764923
1,9243,335.365266
1,9244,120.513054
1,9245,258.501300
1,9246,176.824971
1,9247,315.204372
1,9248,285.232111
1,9249,92.055882
1,9250,184.251971
1,9251,323.472727
1,9252,279.741209
1,9253,466.139887
1,9254,182.213181
1,9255,289.970206
1,9256,97.741005
1,9257,371.839161
1,9258,181.214157
1,9259,340.481440
1,9260,54.069334
1,9261,288.178615
1,9262,95.511693
1,9263,99.259960
1,9264,241.002535
1,9265,106.550088
1,9266,107.632024
1,9267,148.438660
1,9268,260.286176
1,9269,96.896307
1,9270,209.624816
1,9271,96.554626
1,9272,335.425254
1,9273,141.341414
1,9274,166.183335
1,9275,437.736122
1,9276,130.253661
1,9277,97.988121
1,9278,348.992728
1,9279,358.289617
1,9280,202.403450
1,9281,287.492486
1,9282,115.764613
1,9283,302.127613
1,9284,135.647475
1,9285,200.808823
1,9286,441.985153
1,9287,97.667503
1,9288,188.353090
1,9289,378.438291
1,9290,388.379272
1,9291,101.598391
1,9292,237.305292
1,9293,95.823870
1,9294,288.254636
1,9295,123.941405
1,9296,393.482814
1,9297,623.123636
1,9298,160.720975
1,9299,356.848543
1,9300,111.566897
1,9301,263.491283
1,9302,408.330628
1,9303,400.407462
1,9304,100.574974
1,9305,226.237819
1,9306,178.631001
1,9307,92.258792
1,9308,308.518210
1,9309,99.089123
1,9310,412.262721
1,9311,126.667066
1,9312,430.708649
1,9313,140.649985
1,9314,129.799011
1,9315,293.064394
1,9316,498.180028
1,9317,362.158219
1,9318,103.209371
1,9319,137.044492
1,9320,378.313859
1,9321,296.420387
1,9322,141.463230
1,9323,412.058243
1,9324,241.944335
1,9325,96.775117
1,9326,1028.988641
1,9327,159.812116
1,9328,119.649971
1,9329,510.121418
1,9330,318.477204
1,9331,515.885131
1,9332,87.956524
1,9333,386.015119
1,9334,219.357420
1,9335,329.106606
1,9336,105.350877
1,9337,230.339216
1,9338,265.262493
1,9339,319.199003
1,9340,363.897202
1,9341,310.452091
1,9342,90.249026
1,9343,189.080686
1,9344,115.309332
1,9345,230.590495
1,9346,180.813608
1,9347,322.973410
1,9348,99.596973
1,9349,204.368236
1,9350,102.366589
1,9351,319.616487
1,9352,95.018260
1,9353,296.741308
1,9354,221.710030
1,9355,96.751885
1,9356,410.605833
1,9357,210.672658
1,9358,201.224709
1,9359,363.237612
1,9360,57.134935
1,9361,357.290151
1,9362,310.016417
1,9363,236.756667
1,9364,493.106805
1,9365,185.902685
1,9366,291.171416
1,9367,114.595069
1,9368,393.944869
1,9369,271.752562
1,9370,210.754863
1,9371,101.192485
1,9372,286.739189
1,9373,244.669010
1,9374,268.345231
1,9375,221.854748
1,9376,106.806504
1,9377,282.234800
1,9378,241.187006
1,9379,57.995132
1,9380,358.189184
1,9381,217.464949
1,9382,270.698385
1,9383,203.666805
1,9384,313.359531
1,9385,400.654813
1,9386,200.401044
1,9387,56.648159
1,9388,399.802928
1,9389,102.697100
1,9390,393.727729
1,9391,93.140972
1,9392,371.266638
1,9393,91.007228
1,9394,99.168286
1,9395,315.012722
1,9396,355.443688
1,9397,93.051630
1,9398,196.597159
1,9399,94.533585
1,9400,242.905705
1,9401,146.708938
1,9402,137.906352
1,9403,185.320125
1,9404,239.969119
1,9405,299.041203
1,9406,94.204056
1,9407,173.102430
1,9408,144.567040
1,9409,464.371054
1,9410,96.287561
1,9411,508.974393
1,9412,113.681359
1,9413,444.000940
1,9414,105.913244
1,9415,299.836095
1,9416,258.533238
1,9417,450.515075
1,9418,148.454548
1,9419,97.805829
1,9420,412.762653
1,9421,140.227563
1,9422,388.347990
1,9423,194.506964
1,9424,277.889747
