subtaskID,datapointID,answer
1,0,324.370978
1,1,99.985408
1,2,154.421340
1,3,43.354998
1,4,398.367490
1,5,89.746157
1,6,265.101629
1,7,264.765014
1,8,259.033395
1,9,299.867431
1,10,282.007017
1,11,57.122948
1,12,133.775792
1,13,255.525523
1,14,87.136759
1,15,233.532498
1,16,199.445798
1,17,217.065541
1,18,282.313378
1,19,485.308241
1,20,119.127221
1,21,224.581344
1,22,281.636735
1,23,271.023305
1,24,258.116792
1,25,88.982224
1,26,174.290442
1,27,184.466267
1,28,102.654936
1,29,59.105906
1,30,324.781150
1,31,89.578128
1,32,184.449885
1,33,456.319012
1,34,59.174331
1,35,343.711875
1,36,157.989178
1,37,293.769331
1,38,98.662305
1,39,215.236561
1,40,92.019578
1,41,348.210423
1,42,178.119488
1,43,270.458408
1,44,374.361931
1,45,112.892991
1,46,75.209505
1,47,309.610625
1,48,113.897468
1,49,165.101616
1,50,151.249250
1,51,264.973481
1,52,228.206628
1,53,94.431370
1,54,229.904534
1,55,130.197482
1,56,247.831617
1,57,221.021259
1,58,112.316235
1,59,418.792589
1,60,89.389173
1,61,217.609838
1,62,88.403377
1,63,303.121865
1,64,179.072564
1,65,233.625709
1,66,87.511408
1,67,159.534611
1,68,185.073453
1,69,305.608837
1,70,84.065943
1,71,302.719580
1,72,90.849417
1,73,291.893936
1,74,293.628212
1,75,269.881746
1,76,131.650251
1,77,110.900403
1,78,59.169180
1,79,327.646185
1,80,87.262010
1,81,434.515042
1,82,297.804884
1,83,291.614356
1,84,113.772280
1,85,242.363536
1,86,127.721744
1,87,218.546584
1,88,278.403994
1,89,276.974697
1,90,334.918152
1,91,95.443926
1,92,85.398683
1,93,338.088605
1,94,530.182212
1,95,563.742873
1,96,408.505920
1,97,428.685710
1,98,308.353468
1,99,68.789265
1,100,329.035086
1,101,106.600110
1,102,355.845755
1,103,233.503642
1,104,327.574024
1,105,180.387413
1,106,129.926237
1,107,264.192102
1,108,90.794624
1,109,217.634507
1,110,420.708663
1,111,116.569401
1,112,408.880236
1,113,99.778025
1,114,238.842895
1,115,525.578999
1,116,394.408587
1,117,356.233627
1,118,234.051028
1,119,129.292093
1,120,168.684398
1,121,81.872262
1,122,201.123848
1,123,278.594221
1,124,421.903703
1,125,205.326300
1,126,440.107909
1,127,117.608391
1,128,122.749290
1,129,208.582247
1,130,254.307101
1,131,81.561102
1,132,264.477789
1,133,81.358788
1,134,121.445898
1,135,84.386430
1,136,205.613755
1,137,292.565348
1,138,327.375989
1,139,346.847752
1,140,299.119656
1,141,174.795176
1,142,117.081097
1,143,291.837676
1,144,325.588549
1,145,388.387175
1,146,80.708882
1,147,329.884492
1,148,50.700067
1,149,282.362442
1,150,230.826487
1,151,79.261133
1,152,173.152136
1,153,310.756832
1,154,252.006331
1,155,316.713086
1,156,328.902956
1,157,353.336583
1,158,395.149061
1,159,82.418329
1,160,135.812808
1,161,320.497528
1,162,132.806149
1,163,204.274733
1,164,143.130130
1,165,100.904423
1,166,290.267884
1,167,68.921642
1,168,281.668230
1,169,216.719039
1,170,209.011497
1,171,298.303086
1,172,377.181051
1,173,74.225612
1,174,214.462764
1,175,111.806270
1,176,302.355646
1,177,78.971413
1,178,287.603869
1,179,145.746484
1,180,324.536321
1,181,293.630682
1,182,93.206255
1,183,410.147963
1,184,365.388122
1,185,381.705540
1,186,438.448053
1,187,349.939082
1,188,88.086103
1,189,231.664989
1,190,82.028752
1,191,235.336394
1,192,322.958615
1,193,81.527343
1,194,160.282369
1,195,269.778308
1,196,123.607338
1,197,161.044790
1,198,80.368041
1,199,722.237711
1,200,82.179278
1,201,316.193509
1,202,135.432872
1,203,239.054038
1,204,80.954946
1,205,162.453947
1,206,315.477971
1,207,344.377755
1,208,80.665161
1,209,58.192357
1,210,284.424413
1,211,79.448248
1,212,354.791044
1,213,94.945939
1,214,184.792830
1,215,510.972966
1,216,80.048759
1,217,336.824042
1,218,78.270627
1,219,259.465433
1,220,205.531280
1,221,218.908957
1,222,270.721424
1,223,280.659895
1,224,190.183732
1,225,201.343958
1,226,375.316249
1,227,77.432578
1,228,160.032430
1,229,204.402929
1,230,228.541402
1,231,159.253841
1,232,94.166175
1,233,298.711574
1,234,224.512668
1,235,79.439816
1,236,184.857060
1,237,164.888298
1,238,257.511844
1,239,116.278468
1,240,75.562768
1,241,298.426885
1,242,159.093928
1,243,165.833909
1,244,217.545463
1,245,259.836368
1,246,221.056307
1,247,328.647714
1,248,111.884475
1,249,154.296339
1,250,75.576102
1,251,166.769249
1,252,74.599009
1,253,219.966741
1,254,73.866484
1,255,81.816470
1,256,253.391227
1,257,284.031991
1,258,320.892256
1,259,273.933198
1,260,160.685709
1,261,283.561145
1,262,77.790076
1,263,266.559564
1,264,128.214043
1,265,188.916969
1,266,243.516476
1,267,511.367732
1,268,214.208962
1,269,267.977203
1,270,348.655812
1,271,181.336310
1,272,395.707515
1,273,306.070132
1,274,257.432617
1,275,206.246902
1,276,71.838468
1,277,284.256219
1,278,73.794118
1,279,227.368195
1,280,332.603716
1,281,296.253553
1,282,76.135494
1,283,329.428423
1,284,292.917753
1,285,279.432440
1,286,265.233099
1,287,343.891264
1,288,114.517380
1,289,89.794237
1,290,109.847795
1,291,274.996454
1,292,233.017669
1,293,299.104712
1,294,243.181252
1,295,350.481552
1,296,232.412186
1,297,155.635529
1,298,419.213621
1,299,96.150309
1,300,278.332032
1,301,365.835447
1,302,340.492366
1,303,335.761393
1,304,322.806999
1,305,81.075712
1,306,227.834529
1,307,387.751528
1,308,135.808995
1,309,228.150543
1,310,401.008343
1,311,350.900764
1,312,327.632765
1,313,301.640709
1,314,125.609225
1,315,357.757846
1,316,275.436168
1,317,317.143147
1,318,80.556655
1,319,159.617918
1,320,242.964783
1,321,319.779276
1,322,305.536975
1,323,85.014364
1,324,361.968802
1,325,95.932077
1,326,406.570798
1,327,481.369165
1,328,397.558548
1,329,76.046758
1,330,49.697060
1,331,292.168530
1,332,81.134334
1,333,251.946314
1,334,172.997676
1,335,256.871877
1,336,147.530687
1,337,275.971216
1,338,237.802590
1,339,175.440781
1,340,68.569726
1,341,167.784800
1,342,242.294434
1,343,109.202997
1,344,183.888118
1,345,211.098764
1,346,151.778784
1,347,142.823264
1,348,292.384490
1,349,350.565791
1,350,232.470085
1,351,168.945543
1,352,147.542445
1,353,116.263779
1,354,249.785544
1,355,274.757346
1,356,82.616088
1,357,274.204178
1,358,81.592197
1,359,164.137054
1,360,51.849348
1,361,119.413967
1,362,287.595982
1,363,334.160879
1,364,241.638084
1,365,308.636307
1,366,222.122236
1,367,126.617997
1,368,271.695148
1,369,286.915776
1,370,169.544992
1,371,255.378078
1,372,248.617558
1,373,344.814867
1,374,236.514137
1,375,264.775212
1,376,97.716361
1,377,416.821528
1,378,71.655526
1,379,278.469930
1,380,80.108854
1,381,188.040750
1,382,180.306071
1,383,308.991548
1,384,78.470712
1,385,188.559240
1,386,667.708779
1,387,665.316972
1,388,308.881087
1,389,306.567036
1,390,47.974943
1,391,355.068735
1,392,345.058968
1,393,372.081548
1,394,294.217535
1,395,260.652211
1,396,83.323427
1,397,103.389377
1,398,408.296660
1,399,248.699318
1,400,362.867380
1,401,435.612179
1,402,443.169872
1,403,386.499256
1,404,368.241582
1,405,101.816316
1,406,365.343105
1,407,279.258477
1,408,562.029125
1,409,437.891469
1,410,352.774297
1,411,397.648756
1,412,87.221191
1,413,361.900308
1,414,360.008584
1,415,409.317627
1,416,512.903309
1,417,271.651654
1,418,249.026862
1,419,420.990947
1,420,55.995776
1,421,190.843635
1,422,319.208186
1,423,356.446075
1,424,356.463837
1,425,267.715893
1,426,344.791060
1,427,338.235190
1,428,105.966706
1,429,111.251188
1,430,476.154943
1,431,138.310174
1,432,341.880278
1,433,416.726430
1,434,86.744318
1,435,382.524627
1,436,87.629451
1,437,170.008886
1,438,157.222321
1,439,258.541195
1,440,297.447480
1,441,160.067464
1,442,297.713681
1,443,69.879611
1,444,259.480000
1,445,318.123323
1,446,77.289830
1,447,102.005073
1,448,450.164812
1,449,313.668162
1,450,77.138479
1,451,438.543106
1,452,307.811217
1,453,408.341694
1,454,78.252468
1,455,244.715638
1,456,86.211363
1,457,392.564064
1,458,190.140019
1,459,357.436266
1,460,306.476368
1,461,349.764662
1,462,288.345640
1,463,515.308216
1,464,331.725698
1,465,506.366298
1,466,382.385901
1,467,485.220957
1,468,84.508215
1,469,215.188837
1,470,109.692439
1,471,397.633738
1,472,471.599224
1,473,93.228495
1,474,245.012154
1,475,88.978688
1,476,220.157357
1,477,191.984115
1,478,199.172899
1,479,87.203063
1,480,340.658997
1,481,89.785245
1,482,308.796957
1,483,87.440901
1,484,107.152038
1,485,403.556514
1,486,293.742564
1,487,385.605655
1,488,325.896918
1,489,108.780122
1,490,168.276040
1,491,222.910629
1,492,323.814035
1,493,75.172203
1,494,373.664040
1,495,89.953487
1,496,93.697757
1,497,393.193471
1,498,131.006515
1,499,355.702916
1,500,355.895734
1,501,104.116931
1,502,269.347882
1,503,292.291749
1,504,53.857963
1,505,242.763170
1,506,85.652901
1,507,362.429154
1,508,452.135389
1,509,390.836197
1,510,444.327877
1,511,254.091389
1,512,299.202977
1,513,318.823160
1,514,261.400019
1,515,369.741169
1,516,318.657172
1,517,248.518684
1,518,116.491084
1,519,231.924207
1,520,260.480052
1,521,352.406827
1,522,103.927633
1,523,207.582458
1,524,364.107780
1,525,98.079412
1,526,510.849845
1,527,148.473802
1,528,341.198195
1,529,310.945602
1,530,192.989564
1,531,84.241409
1,532,305.153405
1,533,86.189855
1,534,315.664241
1,535,193.005735
1,536,238.318888
1,537,253.934517
1,538,69.755157
1,539,216.029144
1,540,344.707824
1,541,267.581908
1,542,258.151875
1,543,121.305815
1,544,202.261011
1,545,302.959496
1,546,358.628264
1,547,429.121952
1,548,49.386278
1,549,236.333361
1,550,358.320416
1,551,81.936245
1,552,275.760739
1,553,80.552968
1,554,105.057252
1,555,306.956255
1,556,73.850564
1,557,209.472513
1,558,88.172643
1,559,211.123557
1,560,200.363838
1,561,100.910556
1,562,162.992193
1,563,260.587359
1,564,115.137105
1,565,346.082935
1,566,105.558514
1,567,152.204760
1,568,416.124728
1,569,91.008688
1,570,387.636229
1,571,438.895020
1,572,202.395572
1,573,513.033417
1,574,101.590878
1,575,300.159433
1,576,323.317227
1,577,497.100039
1,578,295.300964
1,579,258.246455
1,580,320.205748
1,581,220.305519
1,582,327.298087
1,583,100.186598
1,584,549.727245
1,585,90.080230
1,586,83.694634
1,587,497.469671
1,588,452.709284
1,589,202.418967
1,590,330.119843
1,591,292.123536
1,592,603.115824
1,593,83.554811
1,594,334.053659
1,595,142.458384
1,596,343.433991
1,597,299.191805
1,598,204.891773
1,599,299.048755
1,600,302.341672
1,601,190.247448
1,602,365.810869
1,603,267.591482
1,604,487.503466
1,605,335.403397
1,606,502.666802
1,607,429.801728
1,608,337.575068
1,609,81.799313
1,610,335.200839
1,611,313.355100
1,612,384.273126
1,613,381.669227
1,614,79.765439
1,615,369.155178
1,616,353.108889
1,617,362.837243
1,618,424.021992
1,619,511.282209
1,620,270.828559
1,621,313.252332
1,622,346.874395
1,623,126.743464
1,624,362.431378
1,625,245.679305
1,626,155.033707
1,627,208.814984
1,628,67.097751
1,629,125.924650
1,630,262.434915
1,631,213.961362
1,632,232.833852
1,633,87.678692
1,634,47.349264
1,635,75.921045
1,636,148.420798
1,637,251.942516
1,638,225.010487
1,639,86.215538
1,640,178.234073
1,641,91.035224
1,642,284.199955
1,643,125.205775
1,644,226.712231
1,645,45.282943
1,646,206.333868
1,647,111.956732
1,648,264.741899
1,649,84.875172
1,650,167.432233
1,651,53.609923
1,652,299.568303
1,653,212.031361
1,654,239.087353
1,655,246.394327
1,656,87.291227
1,657,172.242007
1,658,98.513066
1,659,300.309150
1,660,377.036951
1,661,46.327453
1,662,278.454777
1,663,188.998515
1,664,84.378976
1,665,129.448170
1,666,82.738779
1,667,92.888438
1,668,52.508058
1,669,266.433572
1,670,81.931714
1,671,122.309534
1,672,264.676646
1,673,302.642264
1,674,85.660426
1,675,211.058644
1,676,91.132483
1,677,247.773272
1,678,83.654853
1,679,206.557156
1,680,88.281508
1,681,84.593041
1,682,266.940952
1,683,118.621346
1,684,266.415450
1,685,200.457893
1,686,83.256990
1,687,243.842378
1,688,294.578040
1,689,310.131520
1,690,361.132861
1,691,123.867275
1,692,98.514623
1,693,124.486488
1,694,297.057326
1,695,367.361533
1,696,252.770634
1,697,80.519978
1,698,241.130946
1,699,77.896945
1,700,240.811079
1,701,244.006976
1,702,177.760442
1,703,304.466805
1,704,79.607052
1,705,270.208396
1,706,1182.535328
1,707,287.723585
1,708,81.741604
1,709,315.686280
1,710,194.172537
1,711,163.147560
1,712,283.228308
1,713,81.338796
1,714,186.702800
1,715,87.626199
1,716,173.574855
1,717,156.907020
1,718,305.939760
1,719,350.727793
1,720,98.852591
1,721,398.985946
1,722,258.998869
1,723,69.748350
1,724,170.264267
1,725,322.970175
1,726,46.575410
1,727,233.991053
1,728,372.308424
1,729,46.540500
1,730,292.118805
1,731,573.017346
1,732,416.521328
1,733,298.090755
1,734,283.750405
1,735,95.106767
1,736,230.791317
1,737,100.980239
1,738,360.775888
1,739,283.246448
1,740,331.483851
1,741,321.375160
1,742,407.616767
1,743,146.555507
1,744,232.497981
1,745,249.351401
1,746,83.101597
1,747,304.491536
1,748,268.055087
1,749,85.175806
1,750,207.755200
1,751,83.795409
1,752,209.945345
1,753,177.786468
1,754,129.187674
1,755,168.869258
1,756,86.276758
1,757,199.651680
1,758,137.380681
1,759,337.929510
1,760,83.497784
1,761,244.567217
1,762,376.086595
1,763,53.571278
1,764,207.671135
1,765,333.726048
1,766,83.405154
1,767,236.451430
1,768,208.693303
1,769,378.357510
1,770,105.535388
1,771,206.769066
1,772,280.474729
1,773,122.047644
1,774,129.160164
1,775,215.875668
1,776,351.176288
1,777,306.419873
1,778,82.811468
1,779,264.383918
1,780,83.098458
1,781,178.219920
1,782,332.671316
1,783,83.635628
1,784,285.026591
1,785,81.146500
1,786,162.041682
1,787,84.076256
1,788,390.975662
1,789,81.093521
1,790,119.433150
1,791,308.010849
1,792,344.236502
1,793,352.790435
1,794,470.445846
1,795,44.542024
1,796,346.441074
1,797,213.999664
1,798,315.430821
1,799,88.132981
1,800,270.116289
1,801,463.699182
1,802,109.716829
1,803,499.890016
1,804,434.149592
1,805,224.840329
1,806,341.531893
1,807,93.261943
1,808,337.994002
1,809,172.462920
1,810,100.491289
1,811,194.402752
1,812,249.999549
1,813,298.361911
1,814,441.614134
1,815,444.713165
1,816,465.932268
1,817,132.097874
1,818,532.104604
1,819,122.219851
1,820,298.546313
1,821,122.472352
1,822,121.414674
1,823,288.701948
1,824,207.937717
1,825,96.882851
1,826,393.522174
1,827,119.503087
1,828,207.523846
1,829,894.554674
1,830,347.791355
1,831,224.312572
1,832,110.960471
1,833,719.228450
1,834,335.124375
1,835,420.673998
1,836,97.655358
1,837,545.419850
1,838,361.942847
1,839,271.000138
1,840,199.021488
1,841,344.246641
1,842,314.016686
1,843,215.074659
1,844,198.176367
1,845,446.164833
1,846,328.477756
1,847,98.985862
1,848,233.251161
1,849,252.008973
1,850,333.886905
1,851,336.962183
1,852,302.182520
1,853,101.585396
1,854,396.184386
1,855,100.058546
1,856,127.853077
1,857,279.308520
1,858,97.601934
1,859,318.047611
1,860,365.966338
1,861,66.174268
1,862,234.303856
1,863,197.986421
1,864,83.976265
1,865,241.195872
1,866,172.700678
1,867,284.663935
1,868,112.754863
1,869,538.480124
1,870,246.450277
1,871,95.790922
1,872,387.853208
1,873,298.953489
1,874,128.664918
1,875,78.145674
1,876,320.798483
1,877,267.901434
1,878,338.744650
1,879,296.388135
1,880,191.709991
1,881,380.029160
1,882,271.251159
1,883,61.890513
1,884,212.660304
1,885,240.341660
1,886,411.458523
1,887,173.678183
1,888,485.561833
1,889,299.575936
1,890,97.668767
1,891,188.788671
1,892,97.603077
1,893,197.602207
1,894,346.823546
1,895,490.218376
1,896,366.028937
1,897,119.025696
1,898,256.786181
1,899,63.838707
1,900,528.035112
1,901,97.442493
1,902,318.278286
1,903,293.339676
1,904,307.567523
1,905,170.770961
1,906,355.912599
1,907,471.831417
1,908,100.593732
1,909,71.202103
1,910,384.609374
1,911,96.546395
1,912,206.760968
1,913,322.956018
1,914,98.317527
1,915,476.510159
1,916,94.015130
1,917,483.693309
1,918,312.392689
1,919,278.108089
1,920,140.409601
1,921,347.922604
1,922,58.867139
1,923,392.827761
1,924,154.167698
1,925,260.990547
1,926,267.705827
1,927,97.962142
1,928,513.866292
1,929,95.445913
1,930,245.768112
1,931,303.279284
1,932,139.594617
1,933,541.030858
1,934,94.141809
1,935,301.066870
1,936,357.465613
1,937,140.610657
1,938,214.434325
1,939,337.028455
1,940,180.103136
1,941,112.369555
1,942,277.528624
1,943,293.272144
1,944,130.984378
1,945,135.547921
1,946,97.169009
1,947,226.710233
1,948,325.891217
1,949,212.281861
1,950,382.565897
1,951,209.364892
1,952,424.217952
1,953,401.475711
1,954,369.356887
1,955,345.412446
1,956,105.281147
1,957,230.448462
1,958,255.958956
1,959,332.636803
1,960,111.339264
1,961,358.151893
1,962,161.451966
1,963,409.221819
1,964,359.435597
1,965,221.991691
1,966,120.413786
1,967,150.644324
1,968,448.620109
1,969,351.426764
1,970,95.509789
1,971,312.260316
1,972,100.394108
1,973,398.041351
1,974,449.858138
1,975,123.814442
1,976,444.339022
1,977,104.210124
1,978,365.880225
1,979,100.788903
1,980,269.107935
1,981,86.403325
1,982,519.712302
1,983,117.213257
1,984,215.449230
1,985,238.534035
1,986,201.561601
1,987,169.664325
1,988,402.006814
1,989,93.794316
1,990,377.314431
1,991,276.095056
1,992,508.299019
1,993,249.877174
1,994,242.529098
1,995,206.526012
1,996,159.450849
1,997,339.148507
1,998,507.191108
1,999,186.876747
1,1000,485.483008
1,1001,118.634708
1,1002,190.332343
1,1003,462.132816
1,1004,175.420137
1,1005,177.542903
1,1006,191.599812
1,1007,175.660261
1,1008,303.794337
1,1009,88.891842
1,1010,436.787338
1,1011,172.727045
1,1012,500.866395
1,1013,110.801991
1,1014,230.765862
1,1015,96.852463
1,1016,105.668919
1,1017,168.889906
1,1018,103.091154
1,1019,102.990257
1,1020,311.548375
1,1021,56.435099
1,1022,281.119000
1,1023,422.948888
1,1024,192.194636
1,1025,126.906241
1,1026,273.616731
1,1027,283.181644
1,1028,88.937643
1,1029,310.211223
1,1030,63.596727
1,1031,261.519736
1,1032,110.285428
1,1033,220.011149
1,1034,452.837791
1,1035,367.237784
1,1036,89.244416
1,1037,133.069089
1,1038,136.370584
1,1039,390.540204
1,1040,87.901716
1,1041,456.559984
1,1042,98.451982
1,1043,346.013109
1,1044,131.129028
1,1045,271.539292
1,1046,182.313486
1,1047,335.948917
1,1048,289.259855
1,1049,98.060549
1,1050,193.544053
1,1051,336.621010
1,1052,281.158975
1,1053,455.445575
1,1054,198.939233
1,1055,303.810474
1,1056,98.787404
1,1057,390.187175
1,1058,186.685532
1,1059,380.991840
1,1060,60.148607
1,1061,291.315794
1,1062,96.659878
1,1063,96.389049
1,1064,240.163315
1,1065,109.258965
1,1066,109.914454
1,1067,156.799271
1,1068,253.721099
1,1069,94.664699
1,1070,223.124198
1,1071,94.444881
1,1072,335.007671
1,1073,135.601614
1,1074,189.259852
1,1075,457.179019
1,1076,150.307505
1,1077,97.211507
1,1078,371.440094
1,1079,374.762882
1,1080,233.301592
1,1081,311.558524
1,1082,128.759789
1,1083,321.730865
1,1084,148.376863
1,1085,212.810992
1,1086,451.425925
1,1087,95.491638
1,1088,179.014609
1,1089,380.759911
1,1090,412.911009
1,1091,98.702420
1,1092,232.321250
1,1093,94.428380
1,1094,307.148717
1,1095,130.322687
1,1096,392.891122
1,1097,679.590262
1,1098,180.650934
1,1099,352.837929
1,1100,128.199251
1,1101,269.565182
1,1102,416.979507
1,1103,414.921250
1,1104,109.810175
1,1105,239.688494
1,1106,179.150053
1,1107,91.739372
1,1108,307.399497
1,1109,99.542741
1,1110,417.535613
1,1111,129.697507
1,1112,424.919557
1,1113,130.727170
1,1114,147.017597
1,1115,298.875665
1,1116,489.095509
1,1117,359.944754
1,1118,108.802194
1,1119,145.180229
1,1120,383.592044
1,1121,326.220094
1,1122,153.159558
1,1123,426.508310
1,1124,270.876025
1,1125,94.937872
1,1126,1155.749307
1,1127,177.654104
1,1128,128.671282
1,1129,500.751517
1,1130,334.740360
1,1131,516.941347
1,1132,87.787835
1,1133,404.359778
1,1134,228.443446
1,1135,335.829554
1,1136,119.858283
1,1137,223.950928
1,1138,268.909780
1,1139,332.059621
1,1140,375.271934
1,1141,338.489237
1,1142,92.094658
1,1143,184.208864
1,1144,137.040487
1,1145,218.181846
1,1146,187.715280
1,1147,320.500259
1,1148,107.604157
1,1149,180.831957
1,1150,103.784339
1,1151,298.791800
1,1152,93.107671
1,1153,280.966175
1,1154,213.548692
1,1155,94.650367
1,1156,378.087350
1,1157,227.824649
1,1158,211.063640
1,1159,338.210185
1,1160,63.100215
1,1161,339.832928
1,1162,304.136187
1,1163,245.631531
1,1164,460.284544
1,1165,184.430510
1,1166,274.442623
1,1167,122.506179
1,1168,398.308979
1,1169,290.532894
1,1170,194.940466
1,1171,108.960078
1,1172,279.334657
1,1173,236.077884
1,1174,279.104057
1,1175,213.380193
1,1176,105.327694
1,1177,292.823332
1,1178,249.106539
1,1179,61.702420
1,1180,365.136561
1,1181,220.471137
1,1182,248.422342
1,1183,201.943717
1,1184,297.211982
1,1185,387.562470
1,1186,219.403880
1,1187,61.214134
1,1188,394.207838
1,1189,102.312384
1,1190,377.109276
1,1191,100.721638
1,1192,374.913619
1,1193,90.684993
1,1194,102.040863
1,1195,308.361603
1,1196,333.457961
1,1197,92.166708
1,1198,180.300522
1,1199,95.891161
1,1200,233.845921
1,1201,148.242371
1,1202,132.983860
1,1203,184.745724
1,1204,249.546620
1,1205,290.594769
1,1206,99.034646
1,1207,178.022462
1,1208,165.831255
1,1209,481.309237
1,1210,104.326699
1,1211,534.932681
1,1212,135.755923
1,1213,444.952265
1,1214,118.872737
1,1215,284.654888
1,1216,262.620748
1,1217,442.919639
1,1218,156.194828
1,1219,91.422791
1,1220,404.023742
1,1221,139.134454
1,1222,408.194702
1,1223,181.755940
1,1224,277.784771
1,1225,256.359281
1,1226,87.357388
1,1227,320.550100
1,1228,244.933329
1,1229,359.261554
1,1230,286.268274
1,1231,380.196106
1,1232,457.179419
1,1233,562.475246
1,1234,90.287013
1,1235,396.707710
1,1236,91.727956
1,1237,456.951098
1,1238,106.786223
1,1239,373.952970
1,1240,263.757579
1,1241,503.706381
1,1242,94.387169
1,1243,232.677898
1,1244,468.714552
1,1245,112.440839
1,1246,617.481188
1,1247,671.666029
1,1248,659.017303
1,1249,62.334025
1,1250,488.129548
1,1251,507.153546
1,1252,590.091465
1,1253,113.198904
1,1254,497.152260
1,1255,434.852719
1,1256,250.325291
1,1257,97.586704
1,1258,426.420050
1,1259,418.141074
1,1260,355.582582
1,1261,106.133533
1,1262,473.601729
1,1263,96.702721
1,1264,302.018595
1,1265,527.002206
1,1266,327.566630
1,1267,563.622735
1,1268,123.742676
1,1269,493.762547
1,1270,618.332258
1,1271,102.357606
1,1272,410.962705
1,1273,787.522867
1,1274,485.461138
1,1275,639.266879
1,1276,430.213991
1,1277,97.705915
1,1278,375.163461
1,1279,280.053749
1,1280,219.361820
1,1281,244.152257
1,1282,402.736736
1,1283,64.131281
1,1284,427.293018
1,1285,301.468550
1,1286,101.223138
1,1287,330.037192
1,1288,395.771148
1,1289,150.316169
1,1290,430.900721
1,1291,468.985833
1,1292,345.658558
1,1293,92.046698
1,1294,245.282028
1,1295,165.089745
1,1296,304.083056
1,1297,84.563341
1,1298,479.756260
1,1299,152.488001
1,1300,114.909927
1,1301,93.510846
1,1302,496.598089
1,1303,108.214209
1,1304,73.421392
1,1305,208.579661
1,1306,377.893472
1,1307,825.894074
1,1308,608.428629
1,1309,109.323594
1,1310,697.074511
1,1311,118.378735
1,1312,218.819389
1,1313,239.430101
1,1314,531.487583
1,1315,154.412319
1,1316,698.037181
1,1317,93.724147
1,1318,476.925413
1,1319,279.533045
1,1320,450.357089
1,1321,100.337974
1,1322,283.799908
1,1323,182.556242
1,1324,595.709532
1,1325,109.068915
1,1326,534.037310
1,1327,228.866617
1,1328,305.215610
1,1329,437.273573
1,1330,469.312963
1,1331,96.108407
1,1332,240.445486
1,1333,467.695112
1,1334,61.101492
1,1335,430.698087
1,1336,351.426567
1,1337,391.296743
1,1338,367.142637
1,1339,97.851830
1,1340,404.784212
1,1341,351.398149
1,1342,248.543718
1,1343,541.712090
1,1344,97.110388
1,1345,193.600958
1,1346,497.963040
1,1347,91.638893
1,1348,243.758131
1,1349,470.175987
1,1350,547.252537
1,1351,426.185646
1,1352,352.986174
1,1353,371.814004
1,1354,115.648062
1,1355,316.541737
1,1356,323.260885
1,1357,89.359968
1,1358,413.023556
1,1359,86.277976
1,1360,487.382464
1,1361,260.157069
1,1362,480.088163
1,1363,90.503343
1,1364,230.896819
1,1365,416.073508
1,1366,782.756628
1,1367,381.287125
1,1368,404.509554
1,1369,131.747572
1,1370,444.506937
1,1371,100.431761
1,1372,396.762404
1,1373,556.734488
1,1374,215.812637
1,1375,104.539869
1,1376,378.015354
1,1377,288.855964
1,1378,401.689956
1,1379,95.655345
1,1380,379.685431
1,1381,624.769553
1,1382,133.356888
1,1383,214.845732
1,1384,243.200201
1,1385,62.520665
1,1386,586.839005
1,1387,566.237135
1,1388,94.840579
1,1389,654.598574
1,1390,542.771470
1,1391,493.493932
1,1392,115.978382
1,1393,198.460339
1,1394,499.739739
1,1395,526.946425
1,1396,547.448914
1,1397,100.933118
1,1398,568.272793
1,1399,559.597298
1,1400,116.930391
1,1401,519.682250
1,1402,366.515885
1,1403,98.463089
1,1404,449.410485
1,1405,280.273334
1,1406,327.226619
1,1407,158.252224
1,1408,200.089479
1,1409,314.704849
1,1410,93.288065
1,1411,593.140891
1,1412,367.277758
1,1413,399.189464
1,1414,507.221980
1,1415,63.382046
1,1416,583.494468
1,1417,100.386613
1,1418,58.692135
1,1419,481.872710
1,1420,400.803446
1,1421,91.906731
1,1422,308.369598
1,1423,253.498394
1,1424,403.816493
1,1425,93.642581
1,1426,66.956350
1,1427,462.723946
1,1428,535.848311
1,1429,433.975430
1,1430,102.357726
1,1431,382.806483
1,1432,99.624037
1,1433,407.467372
1,1434,504.769893
1,1435,349.335456
1,1436,177.807847
1,1437,381.233483
1,1438,139.494139
1,1439,92.653511
1,1440,285.492274
1,1441,90.767384
1,1442,368.874568
1,1443,380.069936
1,1444,472.483266
1,1445,127.276417
1,1446,404.001851
1,1447,355.105332
1,1448,544.839439
1,1449,390.964258
1,1450,124.020532
1,1451,438.518593
1,1452,196.855408
1,1453,566.641296
1,1454,91.203860
1,1455,356.430206
1,1456,456.526422
1,1457,284.553487
1,1458,391.768926
1,1459,377.342136
1,1460,92.027405
1,1461,392.013163
1,1462,413.866974
1,1463,94.499684
1,1464,464.363303
1,1465,644.498330
1,1466,215.990254
1,1467,563.049564
1,1468,316.442559
1,1469,244.029663
1,1470,372.496378
1,1471,181.069656
1,1472,404.981408
1,1473,162.320945
1,1474,458.655782
1,1475,60.706309
1,1476,522.050616
1,1477,346.471644
1,1478,95.703668
1,1479,378.452836
1,1480,115.543242
1,1481,447.038537
1,1482,223.001360
1,1483,292.484890
1,1484,315.936475
1,1485,187.626070
1,1486,104.888412
1,1487,442.666131
1,1488,340.082965
1,1489,463.037976
1,1490,529.849850
1,1491,459.718544
1,1492,111.651807
1,1493,469.477019
1,1494,266.211144
1,1495,242.615419
1,1496,234.508545
1,1497,106.160477
1,1498,474.615142
1,1499,491.871849
1,1500,524.896091
1,1501,61.665250
1,1502,596.029444
1,1503,407.824115
1,1504,93.895426
1,1505,249.517246
1,1506,623.979419
1,1507,113.854935
1,1508,545.770226
1,1509,91.428745
1,1510,327.649597
1,1511,96.038184
1,1512,523.486481
1,1513,471.789148
1,1514,246.627889
1,1515,172.653774
1,1516,290.102909
1,1517,368.740779
1,1518,434.003713
1,1519,489.016903
1,1520,255.103712
1,1521,493.783421
1,1522,90.153501
1,1523,440.827523
1,1524,453.881397
1,1525,112.359846
1,1526,370.215643
1,1527,357.075743
1,1528,500.303594
1,1529,93.421399
1,1530,712.025247
1,1531,578.864932
1,1532,88.042012
1,1533,93.691058
1,1534,453.588334
1,1535,92.475504
1,1536,171.915495
1,1537,498.621077
1,1538,199.201839
1,1539,506.719913
1,1540,318.759633
1,1541,250.080839
1,1542,326.893219
1,1543,459.067935
1,1544,80.639785
1,1545,52.825611
1,1546,372.758831
1,1547,457.718495
1,1548,92.709615
1,1549,384.663868
1,1550,86.940793
1,1551,467.078101
1,1552,453.542535
1,1553,91.355297
1,1554,199.183370
1,1555,95.990537
1,1556,339.872922
1,1557,360.348539
1,1558,90.960762
1,1559,424.072443
1,1560,297.185506
1,1561,420.935864
1,1562,92.696130
1,1563,324.775046
1,1564,514.642498
1,1565,466.517117
1,1566,260.589856
1,1567,101.328331
1,1568,522.371072
1,1569,277.075177
1,1570,72.157081
1,1571,272.660145
1,1572,248.144907
1,1573,389.571304
1,1574,80.125578
1,1575,241.734303
1,1576,478.076719
1,1577,434.356866
1,1578,146.947220
1,1579,370.831626
1,1580,88.400795
1,1581,220.941940
1,1582,374.498618
1,1583,99.715472
1,1584,291.510379
1,1585,106.591568
1,1586,461.098802
1,1587,197.653683
1,1588,420.475086
1,1589,238.554313
1,1590,183.797701
1,1591,371.404361
1,1592,60.466858
1,1593,228.829169
1,1594,126.506945
1,1595,365.776462
1,1596,56.903337
1,1597,343.772401
1,1598,91.937519
1,1599,403.893318
1,1600,113.640021
1,1601,95.397214
1,1602,219.077290
1,1603,282.706516
1,1604,193.135266
1,1605,173.818529
1,1606,524.121376
1,1607,94.517664
1,1608,449.316768
1,1609,341.026427
1,1610,97.380528
1,1611,330.450619
1,1612,106.376834
1,1613,141.978663
1,1614,430.155554
1,1615,95.001991
1,1616,58.544552
1,1617,400.117920
1,1618,89.576461
1,1619,299.885228
1,1620,145.771537
1,1621,90.480502
1,1622,346.182079
1,1623,375.167338
1,1624,307.068557
1,1625,288.926949
1,1626,274.110244
1,1627,450.647113
1,1628,91.380614
1,1629,565.358649
1,1630,402.038410
1,1631,121.917163
1,1632,429.798446
1,1633,372.928577
1,1634,435.865003
1,1635,154.880390
1,1636,248.106502
1,1637,137.975776
1,1638,407.431816
1,1639,290.010420
1,1640,151.833834
1,1641,337.695908
1,1642,56.871874
1,1643,277.563978
1,1644,91.376765
1,1645,138.069947
1,1646,242.673498
1,1647,187.176152
1,1648,226.455276
1,1649,43.719239
1,1650,185.220680
1,1651,75.859399
1,1652,280.672232
1,1653,49.825949
1,1654,230.377391
1,1655,103.128606
1,1656,257.252587
1,1657,108.882092
1,1658,109.456788
1,1659,216.134835
1,1660,288.614914
1,1661,221.590382
1,1662,247.897074
1,1663,356.639179
1,1664,87.030750
1,1665,466.697013
1,1666,508.098953
1,1667,122.885149
1,1668,141.619750
1,1669,324.117610
1,1670,58.810726
1,1671,488.057120
1,1672,101.105661
1,1673,492.002742
1,1674,455.498053
1,1675,88.418158
1,1676,391.678080
1,1677,370.549781
1,1678,103.593503
1,1679,281.889003
1,1680,89.018621
1,1681,106.152219
1,1682,456.852634
1,1683,111.795648
1,1684,71.185691
1,1685,434.178169
1,1686,121.425493
1,1687,310.499620
1,1688,185.952304
1,1689,109.678939
1,1690,357.973461
1,1691,360.054797
1,1692,121.624100
1,1693,453.959924
1,1694,429.180836
1,1695,105.146000
1,1696,402.667367
1,1697,406.113107
1,1698,342.160195
1,1699,280.478947
1,1700,274.943204
1,1701,252.756367
1,1702,450.296931
1,1703,89.758973
1,1704,402.280304
1,1705,91.083580
1,1706,56.597745
1,1707,270.589828
1,1708,88.781204
1,1709,133.782157
1,1710,238.490655
1,1711,203.829774
1,1712,346.537593
1,1713,138.038021
1,1714,153.429688
1,1715,227.724064
1,1716,182.684140
1,1717,183.949518
1,1718,534.516820
1,1719,141.215345
1,1720,136.236195
1,1721,393.472947
1,1722,588.892445
1,1723,265.468394
1,1724,71.891262
1,1725,268.864930
1,1726,85.991844
1,1727,359.960977
1,1728,216.000623
1,1729,353.148097
1,1730,179.361537
1,1731,324.219635
1,1732,82.536492
1,1733,196.510535
1,1734,296.330031
1,1735,56.150951
1,1736,395.185237
1,1737,110.600802
1,1738,178.675388
1,1739,398.493143
1,1740,353.456191
1,1741,182.138539
1,1742,88.289957
1,1743,373.050744
1,1744,270.475863
1,1745,55.948320
1,1746,326.022694
1,1747,389.173616
1,1748,92.468137
1,1749,322.367056
1,1750,89.591600
1,1751,452.002582
1,1752,97.361642
1,1753,382.091428
1,1754,144.733142
1,1755,273.673633
1,1756,317.666273
1,1757,196.009008
1,1758,270.080957
1,1759,94.371966
1,1760,410.997552
1,1761,96.983432
1,1762,193.873203
1,1763,143.949285
1,1764,127.553530
1,1765,454.772072
1,1766,106.260678
1,1767,337.216281
1,1768,544.731504
1,1769,55.091525
1,1770,469.534338
1,1771,87.911561
1,1772,101.630506
1,1773,359.354351
1,1774,95.542131
1,1775,57.026853
1,1776,268.636507
1,1777,328.079843
1,1778,94.173176
1,1779,257.027692
1,1780,396.916751
1,1781,396.302579
1,1782,289.710964
1,1783,71.967654
1,1784,303.198091
1,1785,162.068811
1,1786,121.356882
1,1787,393.650464
1,1788,310.098487
1,1789,104.162219
1,1790,409.910827
1,1791,169.804436
1,1792,104.269602
1,1793,226.062650
1,1794,419.893688
1,1795,120.965982
1,1796,243.849030
1,1797,426.553738
1,1798,85.505616
1,1799,225.316734
1,1800,279.237632
1,1801,375.983843
1,1802,110.657591
1,1803,279.482966
1,1804,372.044761
1,1805,104.528264
1,1806,110.088149
1,1807,348.789565
1,1808,464.814758
1,1809,113.161529
1,1810,112.192514
1,1811,214.359021
1,1812,240.283081
1,1813,88.921548
1,1814,152.497209
1,1815,363.921061
1,1816,95.815943
1,1817,70.052141
1,1818,250.328095
1,1819,484.535572
1,1820,263.693463
1,1821,397.747650
1,1822,137.198343
1,1823,313.927524
1,1824,418.144849
1,1825,128.870892
1,1826,423.144909
1,1827,119.696117
1,1828,201.179451
1,1829,400.668137
1,1830,203.105424
1,1831,326.783637
1,1832,90.227917
1,1833,395.486094
1,1834,325.945747
1,1835,152.848442
1,1836,236.031239
1,1837,271.666352
1,1838,100.624187
1,1839,419.347533
1,1840,90.848435
1,1841,440.760543
1,1842,248.332216
1,1843,494.189234
1,1844,526.040564
1,1845,123.818123
1,1846,339.039988
1,1847,265.412156
1,1848,548.216169
1,1849,306.044335
1,1850,192.837633
1,1851,356.778637
1,1852,95.115567
1,1853,386.140985
1,1854,91.892887
1,1855,395.105754
1,1856,364.259260
1,1857,85.067093
1,1858,417.603013
1,1859,91.108091
1,1860,391.801807
1,1861,90.159459
1,1862,569.301906
1,1863,312.391758
1,1864,52.105540
1,1865,287.823935
1,1866,258.765367
1,1867,480.574543
1,1868,100.592203
1,1869,343.997438
1,1870,89.768268
1,1871,285.001230
1,1872,92.287900
1,1873,269.942278
1,1874,495.453586
1,1875,87.637690
1,1876,453.768838
1,1877,305.370221
1,1878,429.239715
1,1879,82.103199
1,1880,397.380803
1,1881,350.265485
1,1882,85.478251
1,1883,168.020921
1,1884,528.579646
1,1885,458.042352
1,1886,44.542024
1,1887,339.632032
1,1888,209.742515
1,1889,310.845441
1,1890,88.137908
1,1891,264.417574
1,1892,450.991986
1,1893,109.722856
1,1894,494.612244
1,1895,436.174021
1,1896,228.166903
1,1897,338.804595
1,1898,93.268719
1,1899,348.195771
1,1900,175.131949
1,1901,101.065043
1,1902,199.381385
1,1903,235.330286
1,1904,285.318786
1,1905,439.424502
1,1906,443.374466
1,1907,451.917231
1,1908,124.769944
1,1909,517.835145
1,1910,114.123416
1,1911,291.702057
1,1912,118.034651
1,1913,131.142032
1,1914,284.872246
1,1915,206.895675
1,1916,96.891149
1,1917,396.172890
1,1918,119.447275
1,1919,215.740443
1,1920,845.044211
1,1921,339.837898
1,1922,217.903048
1,1923,110.309604
1,1924,677.752510
1,1925,327.284436
1,1926,427.339004
1,1927,97.663855
1,1928,547.758659
1,1929,357.295375
1,1930,261.720932
1,1931,191.770275
1,1932,329.631474
1,1933,318.009526
1,1934,219.731523
1,1935,202.759671
1,1936,442.140661
1,1937,338.583227
1,1938,99.570167
1,1939,238.267462
1,1940,257.704259
1,1941,353.991845
1,1942,340.155984
1,1943,311.004289
1,1944,105.765188
1,1945,397.669459
1,1946,96.757388
1,1947,121.929504
1,1948,287.010597
1,1949,98.079114
1,1950,319.905990
1,1951,370.539089
1,1952,66.176518
1,1953,210.656996
1,1954,188.097518
1,1955,83.645630
1,1956,238.323623
1,1957,167.401081
1,1958,268.814619
1,1959,107.897480
1,1960,511.426429
1,1961,226.705962
1,1962,95.302728
1,1963,376.536421
1,1964,294.246301
1,1965,120.511617
1,1966,77.225595
1,1967,323.636657
1,1968,261.443101
1,1969,325.693664
1,1970,286.647568
1,1971,192.328533
1,1972,372.008075
1,1973,271.514782
1,1974,61.892501
1,1975,212.955879
1,1976,229.640661
1,1977,401.649068
1,1978,169.014711
1,1979,465.032641
1,1980,290.013266
1,1981,97.676807
1,1982,188.352956
1,1983,97.156586
1,1984,188.366070
1,1985,344.889632
1,1986,473.589864
1,1987,343.281156
1,1988,118.770454
1,1989,246.540560
1,1990,63.840863
1,1991,496.717806
1,1992,97.450793
1,1993,304.434467
1,1994,286.028945
1,1995,299.275397
1,1996,172.157991
1,1997,340.480538
1,1998,450.727182
1,1999,104.999441
1,2000,71.919175
1,2001,366.302860
1,2002,96.554674
1,2003,199.102240
1,2004,311.923719
1,2005,98.878347
1,2006,441.278864
1,2007,94.023338
1,2008,451.537265
1,2009,291.517987
1,2010,264.960734
1,2011,137.075353
1,2012,328.288854
1,2013,58.869294
1,2014,379.219164
1,2015,153.076206
1,2016,242.279000
1,2017,259.212060
1,2018,97.970093
1,2019,474.194822
1,2020,96.016973
1,2021,235.683761
1,2022,294.605549
1,2023,139.030166
1,2024,526.001381
1,2025,94.149547
1,2026,299.119836
1,2027,351.781521
1,2028,130.299431
1,2029,198.402485
1,2030,330.225762
1,2031,172.197167
1,2032,108.481410
1,2033,272.101412
1,2034,289.519279
1,2035,137.447175
1,2036,139.613154
1,2037,96.490006
1,2038,231.780823
1,2039,326.677170
1,2040,207.133059
1,2041,383.073619
1,2042,204.733763
1,2043,412.622205
1,2044,390.918955
1,2045,364.461813
1,2046,334.734790
1,2047,100.799749
1,2048,211.088556
1,2049,240.930351
1,2050,332.233723
1,2051,106.304838
1,2052,350.885826
1,2053,165.940902
1,2054,410.310223
1,2055,352.251683
1,2056,205.659029
1,2057,113.398636
1,2058,143.860169
1,2059,451.607522
1,2060,343.466218
1,2061,95.517789
1,2062,312.437635
1,2063,100.402155
1,2064,402.283879
1,2065,449.548956
1,2066,115.216046
1,2067,453.217940
1,2068,104.218574
1,2069,358.601749
1,2070,101.370547
1,2071,255.602669
1,2072,84.878596
1,2073,502.808081
1,2074,109.769698
1,2075,211.532193
1,2076,233.527788
1,2077,191.479665
1,2078,168.597320
1,2079,388.811296
1,2080,93.802392
1,2081,365.129017
1,2082,258.488929
1,2083,478.729723
1,2084,243.836252
1,2085,233.900538
1,2086,197.504553
1,2087,155.422046
1,2088,335.703793
1,2089,485.557109
1,2090,159.199010
1,2091,456.088425
1,2092,110.538012
1,2093,181.120315
1,2094,425.398360
1,2095,166.780875
1,2096,169.434975
1,2097,179.809687
1,2098,175.714720
1,2099,290.089493
1,2100,81.508458
1,2101,417.990101
1,2102,151.279536
1,2103,475.697706
1,2104,104.035290
1,2105,219.992766
1,2106,96.860171
1,2107,104.653022
1,2108,173.381037
1,2109,102.446859
1,2110,103.664796
1,2111,318.469415
1,2112,56.436973
1,2113,281.083951
1,2114,414.662243
1,2115,189.687414
1,2116,120.937223
1,2117,267.960458
1,2118,272.459270
1,2119,88.944574
1,2120,300.487177
1,2121,64.246030
1,2122,257.325350
1,2123,111.627374
1,2124,218.351211
1,2125,458.506035
1,2126,377.455321
1,2127,89.251041
1,2128,136.156191
1,2129,132.528478
1,2130,414.480694
1,2131,87.908185
1,2132,474.608093
1,2133,97.667754
1,2134,361.223006
1,2135,135.865139
1,2136,269.538916
1,2137,169.081922
1,2138,316.234077
1,2139,279.333235
1,2140,95.608709
1,2141,184.545704
1,2142,308.955436
1,2143,270.338669
1,2144,435.932973
1,2145,187.196098
1,2146,291.108841
1,2147,98.058340
1,2148,367.024827
1,2149,175.640513
1,2150,349.639406
1,2151,60.150296
1,2152,282.372112
1,2153,97.169711
1,2154,96.395899
1,2155,244.742948
1,2156,108.493596
1,2157,110.702706
1,2158,150.475819
1,2159,253.929422
1,2160,94.672069
1,2161,205.214995
1,2162,94.452378
1,2163,325.571221
1,2164,135.620535
1,2165,173.153208
1,2166,439.003915
1,2167,139.125895
1,2168,100.034892
1,2169,348.002908
1,2170,351.523686
1,2171,211.691573
1,2172,293.493639
1,2173,122.298802
1,2174,304.774531
1,2175,140.725979
1,2176,204.864199
1,2177,432.831341
1,2178,95.499585
1,2179,171.806898
1,2180,358.653051
1,2181,405.069586
1,2182,98.710373
1,2183,232.926299
1,2184,94.436324
1,2185,302.003362
1,2186,129.983809
1,2187,377.805499
1,2188,624.728466
1,2189,173.596215
1,2190,341.011543
1,2191,117.265844
1,2192,256.605228
1,2193,409.923026
1,2194,412.832375
1,2195,104.349363
1,2196,234.087224
1,2197,176.140797
1,2198,91.747104
1,2199,293.265167
1,2200,98.912187
1,2201,398.997280
1,2202,122.173617
1,2203,408.399948
1,2204,130.756635
1,2205,141.261522
1,2206,285.713237
1,2207,468.086894
1,2208,346.860391
1,2209,108.777980
1,2210,141.479334
1,2211,364.292744
1,2212,309.081568
1,2213,144.022682
1,2214,418.976806
1,2215,256.564873
1,2216,94.945079
1,2217,1053.956413
1,2218,168.458732
1,2219,135.539545
1,2220,489.822409
1,2221,320.453411
1,2222,504.928998
1,2223,87.794799
1,2224,398.662288
1,2225,220.084699
1,2226,345.891919
1,2227,112.183970
1,2228,223.391456
1,2229,258.800126
1,2230,319.850530
1,2231,360.218563
1,2232,312.960655
1,2233,92.886208
1,2234,179.291503
1,2235,121.483744
1,2236,214.880580
1,2237,180.419503
1,2238,305.375904
1,2239,100.759579
1,2240,181.554874
1,2241,98.623339
1,2242,299.514074
1,2243,93.114011
1,2244,275.822965
1,2245,215.000109
1,2246,94.657067
1,2247,378.877014
1,2248,217.067300
1,2249,203.491160
1,2250,332.052251
1,2251,63.580288
1,2252,339.451424
1,2253,303.514760
1,2254,233.842364
1,2255,464.570057
1,2256,185.108103
1,2257,278.761271
1,2258,113.884165
1,2259,403.796016
1,2260,292.209919
1,2261,195.860678
1,2262,103.775200
1,2263,277.023397
1,2264,231.310541
1,2265,263.851597
1,2266,213.966733
1,2267,104.725672
1,2268,283.149202
1,2269,244.416235
1,2270,61.704444
1,2271,362.959542
1,2272,221.094672
1,2273,248.560071
1,2274,201.554662
1,2275,288.008960
1,2276,377.532037
1,2277,206.576175
1,2278,61.216154
1,2279,376.447558
1,2280,98.033114
1,2281,358.188849
1,2282,96.189552
1,2283,355.945407
1,2284,90.692673
1,2285,102.755449
1,2286,309.342091
1,2287,333.199156
1,2288,92.174314
1,2289,180.355869
1,2290,99.969384
1,2291,229.401550
1,2292,142.675131
1,2293,133.002062
1,2294,191.476285
1,2295,262.084186
1,2296,287.589364
1,2297,95.355620
1,2298,175.368148
1,2299,159.640287
1,2300,471.469975
1,2301,99.492716
1,2302,533.874233
1,2303,128.589978
1,2304,452.936492
1,2305,110.599329
1,2306,291.244434
1,2307,253.340601
1,2308,442.824632
1,2309,150.924637
1,2310,91.433691
1,2311,413.414335
1,2312,138.485423
1,2313,409.843160
1,2314,181.804759
1,2315,283.182794
1,2316,245.976699
1,2317,87.360134
1,2318,309.643284
1,2319,244.502699
1,2320,357.336153
1,2321,286.960368
1,2322,374.626187
1,2323,460.815134
1,2324,557.965441
1,2325,90.292233
1,2326,382.701274
1,2327,91.733531
1,2328,445.951854
1,2329,101.799557
1,2330,373.359535
1,2331,263.906822
1,2332,490.033561
1,2333,94.393515
1,2334,236.436324
1,2335,462.005848
1,2336,112.447780
1,2337,596.613998
1,2338,625.826442
1,2339,630.965606
1,2340,62.335818
1,2341,475.822945
1,2342,511.972024
1,2343,578.059325
1,2344,107.837462
1,2345,487.820964
1,2346,423.628693
1,2347,245.110453
1,2348,97.593926
1,2349,425.239705
1,2350,413.346265
1,2351,353.265747
1,2352,102.228453
1,2353,474.806261
1,2354,96.710056
1,2355,292.610752
1,2356,507.368286
1,2357,325.137037
1,2358,552.791960
1,2359,118.669292
1,2360,456.120665
1,2361,588.515548
1,2362,103.012073
1,2363,392.036676
1,2364,738.266497
1,2365,461.515394
1,2366,616.504232
1,2367,424.514817
1,2368,97.717454
1,2369,375.602987
1,2370,271.829913
1,2371,221.161146
1,2372,241.359289
1,2373,399.926795
1,2374,64.134232
1,2375,419.401010
1,2376,292.475692
1,2377,101.803889
1,2378,314.185486
1,2379,383.734320
1,2380,146.234799
1,2381,432.042575
1,2382,449.555625
1,2383,327.583277
1,2384,91.984486
1,2385,239.479087
1,2386,160.823600
1,2387,293.636949
1,2388,84.567789
1,2389,466.318543
1,2390,143.744469
1,2391,109.550994
1,2392,93.516133
1,2393,493.633423
1,2394,101.746035
1,2395,72.309796
1,2396,206.015176
1,2397,361.941456
1,2398,769.603770
1,2399,609.086647
1,2400,103.057266
1,2401,660.500597
1,2402,130.739212
1,2403,218.767502
1,2404,222.878175
1,2405,522.117954
1,2406,136.527693
1,2407,651.381563
1,2408,93.734720
1,2409,475.501162
1,2410,271.639681
1,2411,471.822128
1,2412,100.349187
1,2413,287.424627
1,2414,182.608456
1,2415,574.745046
1,2416,105.599464
1,2417,510.785282
1,2418,228.578367
1,2419,305.996688
1,2420,442.606615
1,2421,477.422874
1,2422,96.119585
1,2423,233.515108
1,2424,464.757627
1,2425,61.103368
1,2426,431.030341
1,2427,351.504640
1,2428,391.188383
1,2429,370.239901
1,2430,97.863178
1,2431,410.687356
1,2432,357.200965
1,2433,249.323059
1,2434,551.738488
1,2435,97.614270
1,2436,192.907309
1,2437,497.854837
1,2438,91.649855
1,2439,241.939032
1,2440,467.789073
1,2441,543.469678
1,2442,426.068978
1,2443,357.856580
1,2444,378.658025
1,2445,118.772063
1,2446,318.500024
1,2447,338.103802
1,2448,89.814413
1,2449,435.905306
1,2450,86.282562
1,2451,501.284129
1,2452,267.914969
1,2453,478.348837
1,2454,90.508676
1,2455,225.221674
1,2456,408.318487
1,2457,773.758997
1,2458,387.573693
1,2459,415.994767
1,2460,131.770858
1,2461,456.539732
1,2462,99.904960
1,2463,384.460097
1,2464,540.172766
1,2465,216.196070
1,2466,100.685430
1,2467,378.445968
1,2468,296.701128
1,2469,412.472524
1,2470,95.662081
1,2471,393.776534
1,2472,633.313752
1,2473,133.383539
1,2474,206.322649
1,2475,256.953871
1,2476,62.522471
1,2477,610.617291
1,2478,602.359736
1,2479,94.847570
1,2480,704.909102
1,2481,592.857543
1,2482,508.062076
1,2483,115.860421
1,2484,200.605370
1,2485,506.601460
1,2486,526.635208
1,2487,548.342609
1,2488,100.944191
1,2489,570.549568
1,2490,543.200401
1,2491,112.958781
1,2492,509.228299
1,2493,363.599665
1,2494,97.946773
1,2495,448.062571
1,2496,285.068018
1,2497,335.966764
1,2498,161.457637
1,2499,197.552450
1,2500,323.383482
1,2501,93.294975
1,2502,594.121070
1,2503,373.843397
1,2504,403.410698
1,2505,498.174424
1,2506,63.784613
1,2507,560.480368
1,2508,100.397673
1,2509,58.693892
1,2510,491.861082
1,2511,404.661402
1,2512,91.917041
1,2513,310.003959
1,2514,246.561317
1,2515,404.690393
1,2516,93.652934
1,2517,62.340363
1,2518,439.201339
1,2519,524.455405
1,2520,434.749192
1,2521,101.760922
1,2522,377.130512
1,2523,99.095375
1,2524,403.815446
1,2525,498.769608
1,2526,343.198841
1,2527,173.612326
1,2528,382.433503
1,2529,140.116402
1,2530,96.252610
1,2531,286.006645
1,2532,90.776801
1,2533,367.589776
1,2534,377.589054
1,2535,456.534119
1,2536,127.290853
1,2537,396.742348
1,2538,350.459707
1,2539,504.093773
1,2540,372.598322
1,2541,124.795432
1,2542,464.159897
1,2543,196.191210
1,2544,536.862364
1,2545,87.947276
1,2546,360.492102
1,2547,460.344888
1,2548,277.903130
1,2549,383.927856
1,2550,372.352231
1,2551,92.032901
1,2552,392.890514
1,2553,426.661270
1,2554,94.508875
1,2555,453.523909
1,2556,618.819838
1,2557,215.446392
1,2558,604.984815
1,2559,290.845925
1,2560,241.533961
1,2561,374.975379
1,2562,180.383650
1,2563,401.460184
1,2564,160.536911
1,2565,491.293957
1,2566,60.708036
1,2567,513.630622
1,2568,351.157922
1,2569,95.710396
1,2570,372.592445
1,2571,107.093646
1,2572,431.952303
1,2573,194.612681
1,2574,280.541981
1,2575,313.571347
1,2576,188.342747
1,2577,110.197608
1,2578,439.003721
1,2579,334.037392
1,2580,458.533304
1,2581,528.741986
1,2582,438.545016
1,2583,115.272030
1,2584,462.238181
1,2585,273.605068
1,2586,237.428225
1,2587,225.784489
1,2588,105.294710
1,2589,466.739473
1,2590,467.118056
1,2591,517.203028
1,2592,61.668073
1,2593,560.759550
1,2594,416.429751
1,2595,93.905931
1,2596,248.272243
1,2597,578.448598
1,2598,108.574718
1,2599,537.995279
1,2600,91.439075
1,2601,320.030708
1,2602,98.962327
1,2603,526.657808
1,2604,440.865692
1,2605,217.000234
1,2606,169.804844
1,2607,248.811056
1,2608,357.675705
1,2609,419.594995
1,2610,474.534231
1,2611,232.582569
1,2612,477.954997
1,2613,90.163387
1,2614,445.868744
1,2615,459.762549
1,2616,104.237571
1,2617,365.528169
1,2618,349.932223
1,2619,500.323193
1,2620,93.431152
1,2621,686.760001
1,2622,560.567494
1,2623,88.051394
1,2624,94.281102
1,2625,451.314686
1,2626,91.911153
1,2627,171.942784
1,2628,500.758762
1,2629,203.289007
1,2630,504.299879
1,2631,310.418714
1,2632,237.463693
1,2633,321.712109
1,2634,436.763816
1,2635,80.643405
1,2636,53.356036
1,2637,355.533864
1,2638,464.514233
1,2639,93.383430
1,2640,383.711177
1,2641,86.945740
1,2642,449.147884
1,2643,424.221689
1,2644,91.360672
1,2645,191.972229
1,2646,96.577053
1,2647,331.773639
1,2648,358.500374
1,2649,90.966656
1,2650,420.510128
1,2651,293.055633
1,2652,424.212992
1,2653,92.702317
1,2654,324.724616
1,2655,487.050957
1,2656,475.224833
1,2657,264.995051
1,2658,104.506382
1,2659,539.807395
1,2660,270.005496
1,2661,72.159442
1,2662,272.273555
1,2663,247.231651
1,2664,405.809175
1,2665,80.129399
1,2666,261.802140
1,2667,532.167747
1,2668,476.304306
1,2669,154.266475
1,2670,361.105199
1,2671,91.420732
1,2672,210.777209
1,2673,370.742262
1,2674,100.372515
1,2675,277.186814
1,2676,105.459431
1,2677,458.921373
1,2678,204.755889
1,2679,446.649602
1,2680,246.905224
1,2681,196.134627
1,2682,368.529932
1,2683,60.468490
1,2684,224.311028
1,2685,129.645588
1,2686,365.254359
1,2687,56.905876
1,2688,327.587289
1,2689,91.943896
1,2690,424.612268
1,2691,114.361158
1,2692,92.068269
1,2693,220.129665
1,2694,295.187039
1,2695,190.477587
1,2696,172.641184
1,2697,515.427975
1,2698,93.974973
1,2699,444.144386
1,2700,336.630788
1,2701,94.503638
1,2702,312.698956
1,2703,100.587906
1,2704,132.299309
1,2705,425.045122
1,2706,92.200416
1,2707,58.546267
1,2708,391.148514
1,2709,89.586671
1,2710,296.172617
1,2711,140.760442
1,2712,90.487048
1,2713,350.349388
1,2714,378.599614
1,2715,303.934185
1,2716,283.929770
1,2717,265.181079
1,2718,447.666825
1,2719,91.390563
1,2720,570.799347
1,2721,390.732390
1,2722,116.772819
1,2723,419.756147
1,2724,369.243833
1,2725,433.614450
1,2726,145.187883
1,2727,255.663530
1,2728,137.384461
1,2729,400.806422
1,2730,290.393465
1,2731,147.560875
1,2732,339.139394
1,2733,56.874351
1,2734,272.605415
1,2735,87.946842
1,2736,132.870453
1,2737,237.975578
1,2738,196.783712
1,2739,226.522485
1,2740,43.719239
1,2741,177.665204
1,2742,75.862172
1,2743,270.317255
1,2744,49.825949
1,2745,214.701285
1,2746,94.725123
1,2747,250.514106
1,2748,104.120268
1,2749,99.522855
1,2750,214.778686
1,2751,277.265930
1,2752,219.613779
1,2753,244.187575
1,2754,357.211303
1,2755,87.036114
1,2756,473.108743
1,2757,508.611482
1,2758,115.600138
1,2759,136.318610
1,2760,296.788268
1,2761,58.812251
1,2762,451.009393
1,2763,97.730152
1,2764,466.871114
1,2765,439.744892
1,2766,88.424281
1,2767,394.342762
1,2768,369.996242
1,2769,104.522781
1,2770,290.320315
1,2771,89.028438
1,2772,106.970667
1,2773,440.498570
1,2774,106.403237
1,2775,65.917057
1,2776,405.025374
1,2777,114.000158
1,2778,298.400750
1,2779,169.230374
1,2780,104.628750
1,2781,341.293185
1,2782,351.964867
1,2783,115.212593
1,2784,451.230358
1,2785,410.476284
1,2786,99.282877
1,2787,377.730339
1,2788,377.547846
1,2789,344.094269
1,2790,280.527589
1,2791,275.079956
1,2792,257.418851
1,2793,454.155888
1,2794,89.765352
1,2795,391.960181
1,2796,91.623406
1,2797,56.599395
1,2798,270.644982
1,2799,88.790943
1,2800,134.244513
1,2801,235.203626
1,2802,204.077809
1,2803,349.229905
1,2804,138.875945
1,2805,159.159046
1,2806,232.617386
1,2807,188.179363
1,2808,180.333303
1,2809,551.327534
1,2810,133.536996
1,2811,142.691807
1,2812,394.282051
1,2813,593.311313
1,2814,262.167364
1,2815,71.893520
1,2816,269.487738
1,2817,81.879661
1,2818,357.077486
1,2819,216.649883
1,2820,350.038974
1,2821,173.423291
1,2822,331.877596
1,2823,82.540961
1,2824,198.135060
1,2825,289.721152
1,2826,56.152316
1,2827,387.531548
1,2828,106.701609
1,2829,178.047599
1,2830,389.118405
1,2831,353.690472
1,2832,177.130483
1,2833,88.295549
1,2834,370.182166
1,2835,268.074161
1,2836,55.949827
1,2837,318.501334
1,2838,381.137731
1,2839,92.477498
1,2840,322.370133
1,2841,89.601008
1,2842,439.776762
1,2843,97.868968
1,2844,386.948566
1,2845,145.360063
1,2846,272.958003
1,2847,314.115340
1,2848,190.729215
1,2849,263.943109
1,2850,93.830892
1,2851,402.956785
1,2852,93.229288
1,2853,194.222046
1,2854,138.072794
1,2855,122.425757
1,2856,440.364476
1,2857,101.605453
1,2858,327.673765
1,2859,521.999420
1,2860,55.093168
1,2861,458.121716
1,2862,87.917857
1,2863,100.878999
1,2864,362.921146
1,2865,96.253133
1,2866,57.029386
1,2867,269.331185
1,2868,323.314013
1,2869,93.547857
1,2870,257.299041
1,2871,389.402184
1,2872,396.667289
1,2873,277.913119
1,2874,71.969864
1,2875,287.618555
1,2876,135.213358
1,2877,110.818884
1,2878,355.625097
1,2879,296.393998
1,2880,100.048864
1,2881,383.594022
1,2882,163.884618
1,2883,104.112913
1,2884,215.856365
1,2885,389.793844
1,2886,128.067410
1,2887,244.577347
1,2888,414.624405
1,2889,85.510843
1,2890,219.579046
1,2891,265.537007
1,2892,365.140430
1,2893,105.289947
1,2894,278.872119
1,2895,363.261866
1,2896,97.708853
1,2897,108.209451
1,2898,358.702757
1,2899,450.637842
1,2900,106.618872
1,2901,108.426544
1,2902,209.450176
1,2903,233.881494
1,2904,88.930895
1,2905,146.672916
1,2906,359.242335
1,2907,96.516839
1,2908,65.034534
1,2909,249.821629
1,2910,483.956086
1,2911,266.300483
1,2912,396.742563
1,2913,133.185424
1,2914,311.416427
1,2915,411.736139
1,2916,129.465245
1,2917,418.909316
1,2918,111.438843
1,2919,190.928119
1,2920,398.571521
1,2921,205.148289
1,2922,327.869312
1,2923,90.234060
1,2924,391.687935
1,2925,318.066109
1,2926,149.991329
1,2927,226.936744
1,2928,277.082661
1,2929,96.697367
1,2930,410.285060
1,2931,90.857954
1,2932,432.798183
1,2933,252.835378
1,2934,464.231080
1,2935,513.175618
1,2936,112.256962
1,2937,332.537422
1,2938,262.130970
1,2939,518.213287
1,2940,290.175619
1,2941,189.889354
1,2942,355.710714
1,2943,95.786422
1,2944,377.198813
1,2945,91.902050
1,2946,390.741426
1,2947,355.126866
1,2948,85.075870
1,2949,400.224461
1,2950,91.117206
1,2951,388.206787
1,2952,90.168314
1,2953,531.184634
1,2954,304.941768
1,2955,52.106975
1,2956,284.316517
1,2957,260.765208
1,2958,485.046836
1,2959,100.404599
1,2960,347.871484
1,2961,90.237829
1,2962,281.516124
1,2963,92.918300
1,2964,266.811200
1,2965,489.538942
1,2966,88.217610
1,2967,436.516987
1,2968,310.049094
1,2969,429.812263
1,2970,82.108284
1,2971,403.685846
1,2972,350.572996
1,2973,86.014042
1,2974,164.364936
1,2975,538.490714
1,2976,315.039996
1,2977,95.011006
1,2978,154.436487
1,2979,43.354998
1,2980,389.001687
1,2981,90.312074
1,2982,264.995392
1,2983,260.296319
1,2984,258.871827
1,2985,294.341734
1,2986,288.387061
1,2987,57.599426
1,2988,134.408862
1,2989,254.743147
1,2990,87.143010
1,2991,226.420887
1,2992,193.993203
1,2993,210.140790
1,2994,285.946792
1,2995,481.848582
1,2996,113.141601
1,2997,218.085374
1,2998,275.513056
1,2999,251.773804
1,3000,257.556762
1,3001,92.432392
1,3002,164.050041
1,3003,184.169093
1,3004,97.570112
1,3005,59.107837
1,3006,323.460095
1,3007,89.585616
1,3008,184.992036
1,3009,447.614533
1,3010,59.176302
1,3011,316.405400
1,3012,139.649891
1,3013,285.852183
1,3014,94.280778
1,3015,215.293243
1,3016,92.616963
1,3017,340.300720
1,3018,178.790976
1,3019,264.739870
1,3020,372.129593
1,3021,107.728781
1,3022,75.211550
1,3023,302.091576
1,3024,106.177150
1,3025,160.113318
1,3026,149.873906
1,3027,257.578614
1,3028,228.847114
1,3029,94.941673
1,3030,241.141613
1,3031,125.580591
1,3032,247.197013
1,3033,221.077123
1,3034,107.724016
1,3035,415.694106
1,3036,89.396651
1,3037,213.533686
1,3038,88.410812
1,3039,294.068072
1,3040,179.649201
1,3041,234.220736
1,3042,87.518743
1,3043,156.629992
1,3044,181.990674
1,3045,304.864063
1,3046,84.073170
1,3047,303.376517
1,3048,91.506940
1,3049,292.051456
1,3050,294.311196
1,3051,270.849973
1,3052,131.668074
1,3053,110.632041
1,3054,58.600112
1,3055,331.444225
1,3056,87.778643
1,3057,430.750309
1,3058,285.593838
1,3059,299.349159
1,3060,103.866680
1,3061,246.991741
1,3062,127.738727
1,3063,222.968224
1,3064,284.813641
1,3065,285.509078
1,3066,338.282998
1,3067,92.291626
1,3068,85.405186
1,3069,330.474567
1,3070,465.658594
1,3071,516.100934
1,3072,370.449798
1,3073,406.370401
1,3074,289.409818
1,3075,68.792906
1,3076,307.481627
1,3077,94.356062
1,3078,345.594481
1,3079,221.078303
1,3080,308.023852
1,3081,161.597136
1,3082,125.978503
1,3083,253.052908
1,3084,85.731571
1,3085,205.550062
1,3086,417.868331
1,3087,104.226809
1,3088,400.230935
1,3089,92.104882
1,3090,210.487408
1,3091,466.878334
1,3092,381.510704
1,3093,334.887374
1,3094,218.247133
1,3095,114.540295
1,3096,158.276317
1,3097,81.878267
1,3098,198.671685
1,3099,273.638834
1,3100,407.202604
1,3101,195.220848
1,3102,422.475581
1,3103,112.372942
1,3104,122.764351
1,3105,197.858735
1,3106,248.322858
1,3107,81.567346
1,3108,249.771117
1,3109,81.365053
1,3110,121.894660
1,3111,84.392963
1,3112,206.210613
1,3113,300.100645
1,3114,316.384757
1,3115,342.339778
1,3116,290.810489
1,3117,169.224917
1,3118,117.096329
1,3119,282.275660
1,3120,326.237314
1,3121,389.335732
1,3122,80.715118
1,3123,339.505401
1,3124,50.701685
1,3125,288.406805
1,3126,231.583522
1,3127,79.267307
1,3128,177.055539
1,3129,311.312430
1,3130,245.635394
1,3131,308.021142
1,3132,333.695655
1,3133,350.487864
1,3134,395.062545
1,3135,82.424357
1,3136,129.282542
1,3137,321.247330
1,3138,128.451854
1,3139,200.226693
1,3140,138.328494
1,3141,100.911706
1,3142,284.438377
1,3143,68.925202
1,3144,272.741397
1,3145,216.489642
1,3146,202.425091
1,3147,284.326381
1,3148,369.105928
1,3149,74.230260
1,3150,207.889754
1,3151,111.818460
1,3152,296.514970
1,3153,78.976523
1,3154,280.881640
1,3155,139.973975
1,3156,337.019424
1,3157,280.114173
1,3158,91.155190
1,3159,405.831968
1,3160,356.751613
1,3161,362.755340
1,3162,429.992462
1,3163,347.915622
1,3164,88.803753
1,3165,232.373669
1,3166,82.524692
1,3167,236.147208
1,3168,324.089937
1,3169,81.533340
1,3170,160.310031
1,3171,270.003052
1,3172,124.177981
1,3173,161.479416
1,3174,80.374135
1,3175,702.836080
1,3176,82.698843
1,3177,314.386894
1,3178,131.715876
1,3179,239.722246
1,3180,80.961087
1,3181,163.085004
1,3182,316.143506
1,3183,345.911329
1,3184,80.671300
1,3185,58.828061
1,3186,285.153027
1,3187,79.454375
1,3188,340.913482
1,3189,89.432484
1,3190,178.909632
1,3191,506.320599
1,3192,80.054837
1,3193,337.981085
1,3194,78.276679
1,3195,260.161518
1,3196,194.937768
1,3197,206.570428
1,3198,253.153089
1,3199,268.096440
1,3200,172.105069
1,3201,198.724063
1,3202,360.235768
1,3203,77.438475
1,3204,160.059425
1,3205,205.348635
1,3206,229.159899
1,3207,159.894064
1,3208,88.576938
1,3209,287.336825
1,3210,225.101320
1,3211,79.445769
1,3212,185.399410
1,3213,171.154330
1,3214,258.073886
1,3215,116.292123
1,3216,75.568362
1,3217,304.416114
1,3218,159.714343
1,3219,166.541686
1,3220,212.952037
1,3221,253.630491
1,3222,221.737026
1,3223,329.575297
1,3224,111.897544
1,3225,154.320921
1,3226,75.581424
1,3227,167.535245
1,3228,74.604275
1,3229,225.953565
1,3230,73.871693
1,3231,81.243215
1,3232,254.324726
1,3233,285.823640
1,3234,325.044124
1,3235,274.799793
1,3236,161.422347
1,3237,284.286266
1,3238,78.335953
1,3239,277.577018
1,3240,133.044500
1,3241,188.710808
1,3242,246.312153
1,3243,492.392986
1,3244,211.161410
1,3245,269.197816
1,3246,346.849675
1,3247,180.687085
1,3248,371.577231
1,3249,305.588523
1,3250,257.342905
1,3251,206.693056
1,3252,71.842726
1,3253,278.068247
1,3254,73.798664
1,3255,223.449100
1,3256,316.999752
1,3257,282.595710
1,3258,76.140493
1,3259,318.740265
1,3260,279.617114
1,3261,265.202174
1,3262,264.321851
1,3263,345.045101
1,3264,114.530640
1,3265,89.087732
1,3266,105.088294
1,3267,276.057169
1,3268,234.517801
1,3269,293.701093
1,3270,239.509720
1,3271,355.740481
1,3272,237.042370
1,3273,147.724715
1,3274,421.969792
1,3275,93.540665
1,3276,281.815186
1,3277,342.618982
1,3278,333.937510
1,3279,327.528299
1,3280,323.531867
1,3281,81.081695
1,3282,227.900310
1,3283,377.261248
1,3284,128.450232
1,3285,228.216493
1,3286,393.051845
1,3287,348.653072
1,3288,328.338644
1,3289,302.878824
1,3290,120.811217
1,3291,343.977107
1,3292,273.510397
1,3293,317.801551
1,3294,80.562630
1,3295,159.645325
1,3296,233.012409
1,3297,314.301365
1,3298,314.125417
1,3299,77.391720
1,3300,376.406165
1,3301,90.043181
1,3302,423.565758
1,3303,519.279287
1,3304,416.343905
1,3305,76.052582
1,3306,49.698572
1,3307,298.322731
1,3308,76.925635
1,3309,254.088361
1,3310,172.302072
1,3311,242.563594
1,3312,142.330424
1,3313,264.959975
1,3314,222.175658
1,3315,168.892532
1,3316,68.573353
1,3317,160.679404
1,3318,242.975334
1,3319,109.758013
1,3320,184.427803
1,3321,211.146423
1,3322,152.332365
1,3323,122.597268
1,3324,292.470531
1,3325,350.715306
1,3326,232.997644
1,3327,163.407148
1,3328,141.116949
1,3329,116.276439
1,3330,237.772675
1,3331,266.230939
1,3332,82.621482
1,3333,277.956006
1,3334,81.597691
1,3335,164.162500
1,3336,51.850801
1,3337,119.427615
1,3338,268.600405
1,3339,316.315508
1,3340,237.760916
1,3341,304.329289
1,3342,213.850181
1,3343,127.264240
1,3344,263.627213
1,3345,284.225700
1,3346,165.670581
1,3347,246.972466
1,3348,247.090249
1,3349,340.681353
1,3350,230.305551
1,3351,254.884754
1,3352,92.378285
1,3353,396.158637
1,3354,63.589176
1,3355,269.649288
1,3356,80.114729
1,3357,182.850543
1,3358,177.260841
1,3359,304.123779
1,3360,78.476566
1,3361,188.603612
1,3362,632.116358
1,3363,601.261566
1,3364,314.419412
1,3365,299.341619
1,3366,47.974943
1,3367,348.758955
1,3368,343.356911
1,3369,359.854689
1,3370,289.816693
1,3371,255.291247
1,3372,83.326582
1,3373,100.478841
1,3374,398.627578
1,3375,249.509673
1,3376,361.031895
1,3377,449.863434
1,3378,451.142260
1,3379,380.010387
1,3380,354.387539
1,3381,101.822236
1,3382,355.824352
1,3383,269.461599
1,3384,549.445664
1,3385,441.502729
1,3386,350.585434
1,3387,416.498600
1,3388,91.197265
1,3389,350.560551
1,3390,345.748489
1,3391,388.519208
1,3392,484.851101
1,3393,261.919811
1,3394,235.844359
1,3395,441.041078
1,3396,55.997591
1,3397,186.844645
1,3398,328.036652
1,3399,349.387240
1,3400,350.810008
1,3401,263.374484
1,3402,338.569571
1,3403,330.837558
1,3404,106.480671
1,3405,107.100978
1,3406,479.093317
1,3407,133.541918
1,3408,358.544885
1,3409,412.289741
1,3410,87.147279
1,3411,374.308183
1,3412,87.636784
1,3413,170.606754
1,3414,152.102055
1,3415,263.622860
1,3416,291.957852
1,3417,160.101951
1,3418,283.352504
1,3419,70.356732
1,3420,247.052364
1,3421,303.020853
1,3422,74.358657
1,3423,95.460079
1,3424,450.268040
1,3425,302.106821
1,3426,77.143367
1,3427,412.867335
1,3428,296.408384
1,3429,382.745528
1,3430,78.258049
1,3431,233.316969
1,3432,86.666957
1,3433,377.468642
1,3434,185.166663
1,3435,348.854243
1,3436,307.426584
1,3437,345.306133
1,3438,280.837259
1,3439,528.034652
1,3440,313.197228
1,3441,480.820099
1,3442,366.086243
1,3443,473.497083
1,3444,84.515030
1,3445,215.769043
1,3446,118.712993
1,3447,401.162529
1,3448,477.334512
1,3449,93.695077
1,3450,238.102318
1,3451,88.417340
1,3452,217.073021
1,3453,185.473295
1,3454,193.529004
1,3455,87.210196
1,3456,335.388466
1,3457,90.335520
1,3458,314.513472
1,3459,87.950968
1,3460,99.782474
1,3461,394.567009
1,3462,280.238998
1,3463,373.432130
1,3464,294.071091
1,3465,104.622474
1,3466,158.506930
1,3467,219.602033
1,3468,316.272972
1,3469,75.176269
1,3470,360.013316
1,3471,84.312242
1,3472,86.500428
1,3473,390.991562
1,3474,122.565215
1,3475,351.013697
1,3476,347.496025
1,3477,98.970114
1,3478,269.947903
1,3479,286.915066
1,3480,53.859511
1,3481,228.335113
1,3482,89.477924
1,3483,358.604648
1,3484,440.726353
1,3485,394.629231
1,3486,435.702051
1,3487,249.387378
1,3488,293.537617
1,3489,308.778184
1,3490,266.411775
1,3491,373.500628
1,3492,311.003518
1,3493,245.219291
1,3494,106.661248
1,3495,225.164019
1,3496,254.418207
1,3497,344.685717
1,3498,97.084884
1,3499,207.633928
1,3500,365.077685
1,3501,102.632884
1,3502,491.347166
1,3503,144.987526
1,3504,342.507537
1,3505,308.961758
1,3506,186.678826
1,3507,84.248428
1,3508,307.204064
1,3509,86.659615
1,3510,302.411884
1,3511,193.058961
1,3512,230.226418
1,3513,240.957167
1,3514,69.758107
1,3515,208.073677
1,3516,325.466201
1,3517,259.552034
1,3518,241.172811
1,3519,114.870483
1,3520,190.479101
1,3521,283.874591
1,3522,332.536570
1,3523,405.018369
1,3524,49.387668
1,3525,227.663267
1,3526,347.933055
1,3527,81.941955
1,3528,275.572846
1,3529,80.558880
1,3530,96.832462
1,3531,311.596503
1,3532,69.158948
1,3533,185.997383
1,3534,88.782937
1,3535,205.788930
1,3536,191.503192
1,3537,97.374168
1,3538,163.022133
1,3539,242.981912
1,3540,104.001168
1,3541,335.510807
1,3542,100.473303
1,3543,136.143149
1,3544,402.908371
1,3545,86.425016
1,3546,389.749927
1,3547,441.125511
1,3548,194.415926
1,3549,495.897604
1,3550,95.601522
1,3551,299.599973
1,3552,307.510599
1,3553,465.502160
1,3554,282.513947
1,3555,248.417275
1,3556,314.825346
1,3557,208.941433
1,3558,317.347285
1,3559,94.598934
1,3560,534.834466
1,3561,85.697524
1,3562,83.701470
1,3563,490.184088
1,3564,446.307371
1,3565,195.795584
1,3566,322.968645
1,3567,276.738102
1,3568,565.040756
1,3569,83.920450
1,3570,321.098505
1,3571,133.671097
1,3572,337.381688
1,3573,291.904113
1,3574,195.006442
1,3575,299.839886
1,3576,295.599901
1,3577,190.704159
1,3578,364.372768
1,3579,262.982501
1,3580,476.089114
1,3581,335.584798
1,3582,494.134562
1,3583,424.334330
1,3584,336.001735
1,3585,81.805704
1,3586,331.324894
1,3587,311.158147
1,3588,379.719380
1,3589,387.054056
1,3590,79.771690
1,3591,366.311140
1,3592,339.847339
1,3593,354.456421
1,3594,416.747236
1,3595,503.029735
1,3596,262.196740
1,3597,316.528729
1,3598,342.737524
1,3599,126.042672
1,3600,377.347601
1,3601,246.105496
1,3602,150.449240
1,3603,203.390232
1,3604,67.100636
1,3605,125.822227
1,3606,250.885845
1,3607,209.149937
1,3608,226.394144
1,3609,82.162672
1,3610,47.349264
1,3611,75.925802
1,3612,145.153395
1,3613,253.690248
1,3614,224.539919
1,3615,81.755307
1,3616,175.969324
1,3617,90.302105
1,3618,279.485048
1,3619,125.220398
1,3620,226.776683
1,3621,45.284530
1,3622,206.380371
1,3623,101.497871
1,3624,261.736067
1,3625,85.398149
1,3626,167.947808
1,3627,53.611572
1,3628,298.717718
1,3629,214.885727
1,3630,246.051289
1,3631,239.449508
1,3632,87.817717
1,3633,167.416771
1,3634,95.152223
1,3635,291.727263
1,3636,371.699773
1,3637,46.329225
1,3638,264.453729
1,3639,173.749437
1,3640,84.385660
1,3641,130.167468
1,3642,82.745481
1,3643,93.539130
1,3644,52.509805
1,3645,267.131920
1,3646,81.938428
1,3647,122.325844
1,3648,256.480082
1,3649,293.774430
1,3650,86.220548
1,3651,203.375982
1,3652,91.679311
1,3653,245.701812
1,3654,83.661521
1,3655,200.620086
1,3656,93.061230
1,3657,85.106164
1,3658,267.501898
1,3659,118.637377
1,3660,272.535282
1,3661,194.168225
1,3662,86.229142
1,3663,243.610901
1,3664,287.851666
1,3665,307.507680
1,3666,366.151033
1,3667,123.883572
1,3668,99.846842
1,3669,124.502671
1,3670,296.489406
1,3671,361.352697
1,3672,252.446442
1,3673,80.526280
1,3674,236.028294
1,3675,77.903194
1,3676,241.830960
1,3677,248.742298
1,3678,183.329259
1,3679,305.845648
1,3680,79.613165
1,3681,270.053746
1,3682,1138.130077
1,3683,279.214549
1,3684,77.102071
1,3685,312.007630
1,3686,189.091915
1,3687,162.536024
1,3688,277.289111
1,3689,81.343246
1,3690,186.738145
1,3691,88.707432
1,3692,167.146291
1,3693,139.661667
1,3694,292.345878
1,3695,336.079444
1,3696,95.608391
1,3697,406.873025
1,3698,247.675023
1,3699,70.248983
1,3700,164.600027
1,3701,307.430356
1,3702,46.575410
1,3703,218.413942
1,3704,344.479840
1,3705,46.540500
1,3706,268.975289
1,3707,544.133613
1,3708,402.308804
1,3709,289.229334
1,3710,275.431278
1,3711,89.014477
1,3712,217.144296
1,3713,93.934349
1,3714,343.562026
1,3715,279.340771
1,3716,326.367354
1,3717,318.412054
1,3718,408.244386
1,3719,128.489942
1,3720,232.562701
1,3721,243.983226
1,3722,83.107602
1,3723,295.830858
1,3724,268.657495
1,3725,85.181945
1,3726,207.800974
1,3727,83.801620
1,3728,210.532778
1,3729,181.766000
1,3730,124.415825
1,3731,169.552006
1,3732,86.897135
1,3733,204.837309
1,3734,132.158719
1,3735,322.861659
1,3736,83.504179
1,3737,232.289383
1,3738,362.570674
1,3739,53.572948
1,3740,208.348928
1,3741,334.502360
1,3742,83.898033
1,3743,237.287323
1,3744,209.352508
1,3745,375.982723
1,3746,97.587330
1,3747,211.952982
1,3748,273.183885
1,3749,122.063161
1,3750,124.890725
1,3751,215.013756
1,3752,343.227424
1,3753,307.015935
1,3754,82.817793
1,3755,264.917146
1,3756,85.618370
1,3757,175.828518
1,3758,329.693662
1,3759,83.641872
1,3760,285.655886
1,3761,81.152706
1,3762,162.560229
1,3763,84.082420
1,3764,383.206200
1,3765,81.099642
1,3766,119.447967
1,3767,305.153297
1,3768,336.458490
1,3769,350.207555
1,3770,254.119117
1,3771,87.375646
1,3772,317.218282
1,3773,240.150141
1,3774,361.041515
1,3775,289.356854
1,3776,379.482658
1,3777,461.129128
1,3778,565.950591
1,3779,90.321719
1,3780,384.417004
1,3781,91.765017
1,3782,454.988445
1,3783,102.515465
1,3784,375.663706
1,3785,268.796467
1,3786,494.182707
1,3787,94.429353
1,3788,237.751089
1,3789,464.247609
1,3790,112.486983
1,3791,610.522981
1,3792,657.359047
1,3793,645.131737
1,3794,62.345949
1,3795,469.945015
1,3796,503.994784
1,3797,576.304737
1,3798,108.611634
1,3799,489.565744
1,3800,426.187710
1,3801,247.625883
1,3802,97.634712
1,3803,432.064876
1,3804,409.456135
1,3805,356.443956
1,3806,102.810820
1,3807,484.581194
1,3808,96.751490
1,3809,298.839345
1,3810,513.977130
1,3811,331.118984
1,3812,572.169216
1,3813,124.044109
1,3814,460.867437
1,3815,590.357048
1,3816,102.830867
1,3817,399.944297
1,3818,754.161664
1,3819,467.970038
1,3820,611.036495
1,3821,432.764096
1,3822,99.198847
1,3823,385.041164
1,3824,273.692400
1,3825,220.061782
1,3826,238.950934
1,3827,396.892206
1,3828,65.346154
1,3829,433.518002
1,3830,294.225261
1,3831,101.738883
1,3832,326.496218
1,3833,397.904353
1,3834,148.403011
1,3835,438.822566
1,3836,457.882413
1,3837,337.121020
1,3838,95.560989
1,3839,245.726401
1,3840,161.529708
1,3841,314.126854
1,3842,84.592904
1,3843,470.536272
1,3844,144.995972
1,3845,114.591168
1,3846,93.545993
1,3847,490.093850
1,3848,102.657679
1,3849,79.756739
1,3850,202.698659
1,3851,368.888917
1,3852,786.044658
1,3853,594.131386
1,3854,103.946543
1,3855,677.317992
1,3856,118.446841
1,3857,222.720883
1,3858,224.901211
1,3859,516.146679
1,3860,139.313936
1,3861,659.156501
1,3862,94.326772
1,3863,488.587444
1,3864,278.420706
1,3865,457.707884
1,3866,102.471561
1,3867,290.291953
1,3868,183.455794
1,3869,599.028824
1,3870,108.941158
1,3871,527.889111
1,3872,235.113659
1,3873,307.010355
1,3874,447.973678
1,3875,487.978689
1,3876,96.956117
1,3877,239.394645
1,3878,475.314048
1,3879,61.113967
1,3880,440.190818
1,3881,361.003275
1,3882,405.613311
1,3883,375.041742
1,3884,99.358560
1,3885,417.771609
1,3886,360.657495
1,3887,250.036546
1,3888,569.409145
1,3889,97.738548
1,3890,199.645991
1,3891,514.244933
1,3892,92.218999
1,3893,242.543344
1,3894,479.921108
1,3895,552.881002
1,3896,457.578834
1,3897,360.583122
1,3898,381.952814
1,3899,115.723453
1,3900,329.074150
1,3901,333.010585
1,3902,89.400916
1,3903,422.931614
1,3904,86.308466
1,3905,492.660585
1,3906,265.167978
1,3907,492.236669
1,3908,90.538795
1,3909,230.322253
1,3910,416.302858
1,3911,791.356607
1,3912,368.532100
1,3913,405.535276
1,3914,132.324227
1,3915,451.142936
1,3916,103.576515
1,3917,409.301222
1,3918,552.808001
1,3919,211.346974
1,3920,101.875946
1,3921,384.758179
1,3922,295.119825
1,3923,403.289933
1,3924,95.700130
1,3925,384.078005
1,3926,628.963738
1,3927,134.031246
1,3928,207.244946
1,3929,247.411145
1,3930,62.532667
1,3931,601.859219
1,3932,581.073178
1,3933,94.887055
1,3934,667.964876
1,3935,541.780191
1,3936,498.868775
1,3937,120.529471
1,3938,203.222376
1,3939,492.635280
1,3940,511.009319
1,3941,546.064824
1,3942,102.257223
1,3943,577.308591
1,3944,561.278269
1,3945,119.675530
1,3946,522.127312
1,3947,370.676895
1,3948,101.982862
1,3949,441.230918
1,3950,275.027237
1,3951,328.766082
1,3952,163.599843
1,3953,198.444490
1,3954,317.066978
1,3955,93.333995
1,3956,599.231980
1,3957,365.126638
1,3958,408.669325
1,3959,496.186135
1,3960,64.595503
1,3961,548.341368
1,3962,103.423161
1,3963,58.703807
1,3964,476.786086
1,3965,402.987156
1,3966,92.537739
1,3967,311.236472
1,3968,252.696254
1,3969,410.249089
1,3970,95.147717
1,3971,63.450597
1,3972,443.484090
1,3973,517.846667
1,3974,432.183258
1,3975,107.942431
1,3976,380.183697
1,3977,104.555153
1,3978,405.161281
1,3979,509.500800
1,3980,350.513346
1,3981,174.826210
1,3982,379.609306
1,3983,141.231255
1,3984,92.716654
1,3985,287.718206
1,3986,91.502941
1,3987,364.950323
1,3988,374.819789
1,3989,460.057749
1,3990,127.372395
1,3991,398.757041
1,3992,339.742733
1,3993,505.064938
1,3994,374.484043
1,3995,124.101753
1,3996,429.366513
1,3997,191.714736
1,3998,528.165561
1,3999,88.422114
1,4000,339.416951
1,4001,440.403417
1,4002,274.493914
1,4003,383.247969
1,4004,369.338423
1,4005,92.063938
1,4006,386.067030
1,4007,409.821381
1,4008,95.891638
1,4009,442.811003
1,4010,609.717109
1,4011,213.329486
1,4012,554.497778
1,4013,297.703683
1,4014,249.725414
1,4015,368.723219
1,4016,185.857675
1,4017,403.229707
1,4018,173.225021
1,4019,472.285928
1,4020,60.717786
1,4021,514.876791
1,4022,353.587260
1,4023,95.748402
1,4024,365.389554
1,4025,108.276840
1,4026,440.180414
1,4027,205.535197
1,4028,282.405995
1,4029,309.911005
1,4030,188.902932
1,4031,105.725839
1,4032,432.227062
1,4033,338.779532
1,4034,452.975240
1,4035,523.356986
1,4036,434.385755
1,4037,112.618783
1,4038,455.760812
1,4039,267.065581
1,4040,238.009115
1,4041,227.459376
1,4042,111.944429
1,4043,459.927020
1,4044,481.043616
1,4045,524.513513
1,4046,62.412221
1,4047,551.913638
1,4048,411.290175
1,4049,94.648262
1,4050,237.461984
1,4051,580.424626
1,4052,113.463319
1,4053,537.938890
1,4054,92.054869
1,4055,331.729680
1,4056,96.938540
1,4057,539.543996
1,4058,440.513916
1,4059,220.506301
1,4060,166.583726
1,4061,254.465642
1,4062,354.887508
1,4063,410.190214
1,4064,471.349699
1,4065,235.288940
1,4066,486.189653
1,4067,90.992619
1,4068,465.666784
1,4069,472.804410
1,4070,105.777974
1,4071,365.647428
1,4072,349.510538
1,4073,502.055253
1,4074,95.083260
1,4075,681.502329
1,4076,562.590908
1,4077,88.681930
1,4078,93.751342
1,4079,457.045881
1,4080,95.936446
1,4081,172.096906
1,4082,486.548682
1,4083,199.773175
1,4084,505.902660
1,4085,307.684584
1,4086,246.438302
1,4087,321.456334
1,4088,455.134134
1,4089,80.663852
1,4090,52.835791
1,4091,368.340637
1,4092,462.556392
1,4093,93.092404
1,4094,377.606080
1,4095,86.973675
1,4096,461.570900
1,4097,435.166317
1,4098,91.391029
1,4099,193.666872
1,4100,96.046555
1,4101,333.978791
1,4102,360.396539
1,4103,90.999952
1,4104,423.604626
1,4105,294.896539
1,4106,426.297077
1,4107,92.737267
1,4108,333.985615
1,4109,498.364588
1,4110,484.376428
1,4111,259.251395
1,4112,103.317586
1,4113,535.994043
1,4114,270.955626
1,4115,72.172779
1,4116,276.489199
1,4117,256.363967
1,4118,397.034636
1,4119,80.150983
1,4120,248.280499
1,4121,482.032029
1,4122,437.015359
1,4123,150.062305
1,4124,367.168571
1,4125,88.451877
1,4126,212.369527
1,4127,373.901084
1,4128,99.769068
1,4129,283.341820
1,4130,113.194668
1,4131,467.761008
1,4132,197.163900
1,4133,430.759901
1,4134,234.111319
1,4135,188.053325
1,4136,375.641261
1,4137,60.477697
1,4138,225.134615
1,4139,132.192222
1,4140,369.542076
1,4141,57.186376
1,4142,340.576169
1,4143,91.979909
1,4144,416.633791
1,4145,113.706720
1,4146,92.567776
1,4147,223.074171
1,4148,280.032223
1,4149,188.340887
1,4150,166.726939
1,4151,518.537659
1,4152,97.762483
1,4153,448.122204
1,4154,342.760190
1,4155,94.943998
1,4156,320.719400
1,4157,101.415579
1,4158,133.065728
1,4159,428.926431
1,4160,92.630781
1,4161,58.555954
1,4162,412.297599
1,4163,90.005932
1,4164,297.548834
1,4165,144.737583
1,4166,90.524025
1,4167,342.194117
1,4168,371.569238
1,4169,301.848602
1,4170,285.455778
1,4171,270.127174
1,4172,449.895498
1,4173,91.918826
1,4174,576.626784
1,4175,396.169395
1,4176,124.666662
1,4177,417.592977
1,4178,366.002439
1,4179,431.428410
1,4180,146.583237
1,4181,251.941599
1,4182,142.589403
1,4183,401.395087
1,4184,297.685067
1,4185,148.251944
1,4186,338.519596
1,4187,57.551257
1,4188,279.810118
1,4189,88.456927
1,4190,133.676369
1,4191,238.975296
1,4192,187.705580
1,4193,226.902089
1,4194,43.719239
1,4195,178.794857
1,4196,75.877832
1,4197,271.855064
1,4198,49.825949
1,4199,216.922630
1,4200,95.885552
1,4201,253.022084
1,4202,105.247961
1,4203,100.891569
1,4204,215.225212
1,4205,274.689965
1,4206,219.980090
1,4207,231.033884
1,4208,347.969013
1,4209,87.066410
1,4210,459.671528
1,4211,495.899119
1,4212,116.937830
1,4213,137.132051
1,4214,303.357824
1,4215,58.820867
1,4216,455.839374
1,4217,100.027207
1,4218,479.167376
1,4219,437.648682
1,4220,88.458866
1,4221,385.860892
1,4222,368.986088
1,4223,103.655235
1,4224,287.105459
1,4225,89.525821
1,4226,106.214976
1,4227,459.069886
1,4228,106.751359
1,4229,67.250872
1,4230,414.606687
1,4231,114.489692
1,4232,305.498621
1,4233,171.545066
1,4234,109.617155
1,4235,349.382889
1,4236,352.005593
1,4237,120.785446
1,4238,455.536945
1,4239,417.245865
1,4240,100.582557
1,4241,389.846069
1,4242,387.456096
1,4243,337.763811
1,4244,277.008091
1,4245,281.297936
1,4246,257.327170
1,4247,458.148646
1,4248,89.801388
1,4249,397.810462
1,4250,91.147126
1,4251,56.608718
1,4252,277.806462
1,4253,89.358201
1,4254,135.429608
1,4255,237.216234
1,4256,200.649924
1,4257,343.155482
1,4258,138.641006
1,4259,154.059797
1,4260,228.456270
1,4261,183.231791
1,4262,185.829249
1,4263,544.757063
1,4264,133.968812
1,4265,144.029588
1,4266,392.961619
1,4267,574.570815
1,4268,262.553255
1,4269,71.906278
1,4270,269.446753
1,4271,82.458621
1,4272,358.903842
1,4273,217.023259
1,4274,351.571054
1,4275,173.903672
1,4276,333.449869
1,4277,82.566204
1,4278,193.053852
1,4279,290.826882
1,4280,56.159532
1,4281,414.902465
1,4282,112.170406
1,4283,184.672799
1,4284,405.880438
1,4285,356.118569
1,4286,177.985845
1,4287,88.327134
1,4288,367.729052
1,4289,265.270320
1,4290,55.958342
1,4291,320.874552
1,4292,393.935678
1,4293,93.871261
1,4294,329.703714
1,4295,90.603313
1,4296,451.093117
1,4297,98.593865
1,4298,380.539506
1,4299,144.892361
1,4300,268.719362
1,4301,315.228147
1,4302,191.028899
1,4303,268.804366
1,4304,98.221542
1,4305,414.927534
1,4306,94.586699
1,4307,190.677391
1,4308,138.970808
1,4309,126.012900
1,4310,436.259351
1,4311,104.034418
1,4312,329.882853
1,4313,531.361128
1,4314,55.102441
1,4315,480.738870
1,4316,87.953413
1,4317,106.694753
1,4318,368.523069
1,4319,95.604586
1,4320,57.807050
1,4321,265.137701
1,4322,331.030990
1,4323,98.290775
1,4324,262.107134
1,4325,413.791172
1,4326,414.404933
1,4327,279.679964
1,4328,71.982341
1,4329,290.559835
1,4330,138.849759
1,4331,112.262684
1,4332,358.059470
1,4333,305.185342
1,4334,100.777327
1,4335,392.275221
1,4336,164.819640
1,4337,109.151718
1,4338,224.470116
1,4339,397.455691
1,4340,125.660180
1,4341,244.385543
1,4342,425.168897
1,4343,85.540357
1,4344,227.564185
1,4345,275.797472
1,4346,372.139320
1,4347,105.583937
1,4348,289.415186
1,4349,371.642920
1,4350,98.668288
1,4351,107.672730
1,4352,358.043242
1,4353,463.918089
1,4354,107.544118
1,4355,114.420512
1,4356,217.014570
1,4357,234.654926
1,4358,89.711899
1,4359,147.949941
1,4360,365.426350
1,4361,95.876574
1,4362,66.535439
1,4363,246.292943
1,4364,475.476948
1,4365,261.376814
1,4366,393.997116
1,4367,134.979497
1,4368,315.002575
1,4369,415.026498
1,4370,129.345638
1,4371,416.548326
1,4372,112.128371
1,4373,192.465035
1,4374,396.130773
1,4375,203.376769
1,4376,324.436957
1,4377,90.268759
1,4378,409.491956
1,4379,327.920474
1,4380,151.346045
1,4381,227.621615
1,4382,274.642519
1,4383,99.318276
1,4384,409.141045
1,4385,92.232517
1,4386,448.201762
1,4387,250.709312
1,4388,470.805787
1,4389,507.849009
1,4390,114.933779
1,4391,333.855766
1,4392,265.102628
1,4393,534.296421
1,4394,297.906130
1,4395,190.686228
1,4396,356.601345
1,4397,95.871092
1,4398,393.240457
1,4399,93.686415
1,4400,392.048996
1,4401,357.791815
1,4402,85.557344
1,4403,412.050676
1,4404,92.569843
1,4405,393.327493
1,4406,91.805295
1,4407,551.809802
1,4408,312.867532
1,4409,52.115081
1,4410,285.605488
1,4411,260.033119
1,4412,486.873153
1,4413,104.428651
1,4414,346.972913
1,4415,90.824412
1,4416,282.374726
1,4417,93.027216
1,4418,263.634931
1,4419,488.252018
1,4420,88.253951
1,4421,453.808030
1,4422,313.400093
1,4423,424.487348
1,4424,82.137002
1,4425,399.547979
1,4426,355.039822
1,4427,85.626786
1,4428,165.122688
1,4429,545.701087
1,4430,319.071215
1,4431,101.798254
1,4432,154.522038
1,4433,43.354998
1,4434,399.483518
1,4435,89.896616
1,4436,271.567855
1,4437,261.176351
1,4438,266.700219
1,4439,295.474571
1,4440,282.998243
1,4441,57.225976
1,4442,134.036556
1,4443,265.525636
1,4444,87.178323
1,4445,232.817796
1,4446,194.753750
1,4447,214.989000
1,4448,287.223956
1,4449,483.551046
1,4450,118.740451
1,4451,223.105849
1,4452,277.035356
1,4453,254.648677
1,4454,254.153930
1,4455,89.142549
1,4456,165.789986
1,4457,182.185187
1,4458,98.437213
1,4459,59.118746
1,4460,324.472834
1,4461,89.627906
1,4462,184.915058
1,4463,455.122773
1,4464,59.187435
1,4465,324.434888
1,4466,142.612681
1,4467,287.304948
1,4468,95.038814
1,4469,215.613377
1,4470,92.205905
1,4471,338.631569
1,4472,178.593047
1,4473,266.006289
1,4474,367.983853
1,4475,111.387112
1,4476,75.223101
1,4477,307.977535
1,4478,107.461958
1,4479,158.448771
1,4480,147.871566
1,4481,258.783893
1,4482,228.884808
1,4483,94.601011
1,4484,230.793189
1,4485,125.962348
1,4486,244.059233
1,4487,221.392638
1,4488,111.835451
1,4489,411.939591
1,4490,89.438889
1,4491,218.671972
1,4492,88.452800
1,4493,300.639789
1,4494,179.537859
1,4495,234.298792
1,4496,87.560179
1,4497,156.902515
1,4498,182.446224
1,4499,302.046737
1,4500,84.113990
1,4501,304.123273
1,4502,91.042062
1,4503,298.319038
1,4504,295.052059
1,4505,271.134783
1,4506,131.768743
1,4507,115.669629
1,4508,62.540791
1,4509,340.658849
1,4510,87.426048
1,4511,435.729867
1,4512,291.443362
1,4513,289.109975
1,4514,105.491710
1,4515,243.386200
1,4516,127.834650
1,4517,225.062911
1,4518,282.940469
1,4519,280.598404
1,4520,345.614724
1,4521,96.258048
1,4522,85.441916
1,4523,333.019354
1,4524,478.916445
1,4525,528.145494
1,4526,383.307161
1,4527,411.252457
1,4528,288.461570
1,4529,68.813467
1,4530,307.865738
1,4531,96.338409
1,4532,342.706137
1,4533,223.099562
1,4534,310.843206
1,4535,164.353294
1,4536,126.703176
1,4537,254.725838
1,4538,86.579372
1,4539,207.207838
1,4540,410.661390
1,4541,106.231017
1,4542,390.889898
1,4543,93.369412
1,4544,214.616812
1,4545,471.608564
1,4546,384.213714
1,4547,338.444811
1,4548,220.467276
1,4549,116.928917
1,4550,159.688111
1,4551,81.912179
1,4552,199.104919
1,4553,274.680263
1,4554,408.710893
1,4555,196.673317
1,4556,427.749257
1,4557,109.901109
1,4558,122.849412
1,4559,199.419367
1,4560,249.519937
1,4561,81.602612
1,4562,252.054016
1,4563,81.400430
1,4564,121.683405
1,4565,84.429862
1,4566,206.185511
1,4567,294.211396
1,4568,318.497183
1,4569,340.479938
1,4570,292.378364
1,4571,167.171695
1,4572,117.182360
1,4573,288.246694
1,4574,327.241885
1,4575,390.273842
1,4576,80.750344
1,4577,331.885130
1,4578,50.710826
1,4579,283.695340
1,4580,231.624831
1,4581,79.302173
1,4582,173.679549
1,4583,312.166877
1,4584,246.753592
1,4585,309.822597
1,4586,330.794068
1,4587,346.553485
1,4588,392.501978
1,4589,82.458411
1,4590,130.424943
1,4591,322.141181
1,4592,132.617460
1,4593,204.792042
1,4594,139.184812
1,4595,100.952841
1,4596,290.075660
1,4597,68.945312
1,4598,275.918523
1,4599,212.650121
1,4600,203.772723
1,4601,286.955867
1,4602,369.723101
1,4603,74.256517
1,4604,208.897231
1,4605,111.887313
1,4606,297.862870
1,4607,79.005386
1,4608,282.224910
1,4609,140.533469
1,4610,326.456867
1,4611,282.399932
1,4612,91.203734
1,4613,404.177988
1,4614,350.913615
1,4615,366.068678
1,4616,428.744884
1,4617,345.849822
1,4618,88.276631
1,4619,232.420588
1,4620,82.178947
1,4621,236.118706
1,4622,324.445690
1,4623,81.567215
1,4624,160.466267
1,4625,267.477324
1,4626,123.864815
1,4627,161.401650
1,4628,80.408556
1,4629,734.530847
1,4630,82.335924
1,4631,311.805715
1,4632,132.054200
1,4633,239.856917
1,4634,80.995777
1,4635,162.850497
1,4636,316.910401
1,4637,345.979910
1,4638,80.705983
1,4639,58.325693
1,4640,285.652155
1,4641,79.488971
1,4642,347.044899
1,4643,90.358508
1,4644,186.860636
1,4645,533.072823
1,4646,80.089165
1,4647,338.532129
1,4648,78.310862
1,4649,260.451129
1,4650,196.402847
1,4651,208.328152
1,4652,255.847767
1,4653,270.048585
1,4654,174.760270
1,4655,199.490757
1,4656,369.632953
1,4657,77.471782
1,4658,160.211891
1,4659,205.009216
1,4660,229.275735
1,4661,159.636988
1,4662,89.512757
1,4663,289.346403
1,4664,225.246536
1,4665,79.479392
1,4666,185.385783
1,4667,165.314630
1,4668,258.416029
1,4669,116.369240
1,4670,75.599958
1,4671,299.821686
1,4672,159.461072
1,4673,166.216167
1,4674,213.738993
1,4675,254.670604
1,4676,221.774086
1,4677,329.974339
1,4678,111.971356
1,4679,154.459753
1,4680,75.611488
1,4681,167.152318
1,4682,74.634019
1,4683,220.644186
1,4684,73.901113
1,4685,85.307703
1,4686,254.314340
1,4687,279.922233
1,4688,322.525067
1,4689,274.813209
1,4690,161.051427
1,4691,284.587360
1,4692,77.940276
1,4693,267.637596
1,4694,128.555789
1,4695,195.388059
1,4696,244.313285
1,4697,511.936795
1,4698,210.661864
1,4699,268.683999
1,4700,346.766999
1,4701,185.890216
1,4702,390.710100
1,4703,317.981352
1,4704,264.329764
1,4705,206.763670
1,4706,71.866775
1,4707,279.403277
1,4708,73.824345
1,4709,224.198908
1,4710,319.583327
1,4711,285.084141
1,4712,76.168720
1,4713,321.016478
1,4714,282.072896
1,4715,264.260662
1,4716,261.113492
1,4717,340.325060
1,4718,114.605531
1,4719,94.084820
1,4720,108.571644
1,4721,272.776960
1,4722,233.713816
1,4723,294.468074
1,4724,240.268270
1,4725,352.298379
1,4726,233.323620
1,4727,149.082810
1,4728,412.657262
1,4729,93.652652
1,4730,274.424791
1,4731,351.507978
1,4732,339.942234
1,4733,328.919653
1,4734,324.406385
1,4735,81.115489
1,4736,228.271854
1,4737,379.653229
1,4738,129.721366
1,4739,228.588980
1,4740,401.981118
1,4741,349.895474
1,4742,329.044248
1,4743,302.944766
1,4744,121.684407
1,4745,346.586812
1,4746,274.164268
1,4747,318.731909
1,4748,80.596381
1,4749,159.800120
1,4750,234.941378
1,4751,315.847381
1,4752,307.138846
1,4753,78.649486
1,4754,364.503446
1,4755,88.204708
1,4756,406.255765
1,4757,486.676860
1,4758,400.454783
1,4759,76.085477
1,4760,49.707112
1,4761,293.489712
1,4762,77.642127
1,4763,252.040409
1,4764,180.461137
1,4765,249.967881
1,4766,142.923786
1,4767,266.819859
1,4768,224.460538
1,4769,169.481137
1,4770,68.593838
1,4771,161.539507
1,4772,243.133557
1,4773,109.405868
1,4774,184.304578
1,4775,211.415607
1,4776,152.089236
1,4777,125.851573
1,4778,292.956507
1,4779,351.559784
1,4780,233.117920
1,4781,164.454825
1,4782,141.858752
1,4783,116.347938
1,4784,239.630274
1,4785,267.659845
1,4786,82.651950
1,4787,275.255131
1,4788,81.628727
1,4789,164.306218
1,4790,51.859010
1,4791,119.504704
1,4792,271.375425
1,4793,321.643565
1,4794,238.566550
1,4795,305.439375
1,4796,215.430375
1,4797,126.880169
1,4798,264.974960
1,4799,285.325456
1,4800,166.499229
1,4801,245.766616
1,4802,244.841695
1,4803,341.992073
1,4804,231.268468
1,4805,256.430481
1,4806,93.274932
1,4807,399.774438
1,4808,64.893971
1,4809,271.014560
1,4810,80.147906
1,4811,183.537866
1,4812,177.967743
1,4813,305.456607
1,4814,78.509622
1,4815,188.854228
1,4816,633.280624
1,4817,615.212864
1,4818,310.826258
1,4819,300.644151
1,4820,47.976518
1,4821,350.297328
1,4822,340.880133
1,4823,362.165708
1,4824,294.846944
1,4825,256.144200
1,4826,83.344398
1,4827,100.632865
1,4828,403.445752
1,4829,250.712645
1,4830,361.469135
1,4831,437.058524
1,4832,433.322881
1,4833,381.128043
1,4834,366.241758
1,4835,101.855672
1,4836,366.227124
1,4837,271.196292
1,4838,551.740207
1,4839,425.065120
1,4840,337.723678
1,4841,392.640526
1,4842,87.386467
1,4843,349.626044
1,4844,348.334483
1,4845,391.846261
1,4846,489.211046
1,4847,263.678812
1,4848,238.182280
1,4849,419.833129
1,4850,56.007838
1,4851,187.261807
1,4852,314.851644
1,4853,351.616370
1,4854,352.594724
1,4855,264.200395
1,4856,340.427179
1,4857,329.072892
1,4858,103.043294
1,4859,107.442702
1,4860,470.860993
1,4861,134.432839
1,4862,348.629609
1,4863,408.531869
1,4864,86.891303
1,4865,376.544565
1,4866,87.678209
1,4867,170.453572
1,4868,152.668605
1,4869,259.660942
1,4870,289.406489
1,4871,160.296738
1,4872,291.499588
1,4873,69.993245
1,4874,248.983959
1,4875,312.214717
1,4876,74.858621
1,4877,101.283566
1,4878,443.997041
1,4879,314.028676
1,4880,77.170970
1,4881,420.562681
1,4882,301.060012
1,4883,388.465288
1,4884,78.289573
1,4885,239.387597
1,4886,86.353501
1,4887,380.291120
1,4888,185.735840
1,4889,358.647080
1,4890,303.147047
1,4891,337.863087
1,4892,279.309679
1,4893,502.765171
1,4894,321.243124
1,4895,484.755254
1,4896,369.066299
1,4897,481.213790
1,4898,84.553513
1,4899,215.800032
1,4900,110.067499
1,4901,394.353064
1,4902,463.619369
1,4903,93.386959
1,4904,239.259476
1,4905,92.452618
1,4906,217.972109
1,4907,190.504330
1,4908,194.238574
1,4909,87.250483
1,4910,337.166677
1,4911,89.957870
1,4912,310.477903
1,4913,87.606212
1,4914,101.008922
1,4915,390.650345
1,4916,282.472493
1,4917,371.309535
1,4918,298.262345
1,4919,105.335060
1,4920,160.152247
1,4921,220.005627
1,4922,317.401703
1,4923,75.199243
1,4924,354.030279
1,4925,85.247945
1,4926,87.684566
1,4927,388.064399
1,4928,123.992491
1,4929,352.870610
1,4930,346.829324
1,4931,99.499953
1,4932,270.270183
1,4933,287.911467
1,4934,53.868256
1,4935,230.155293
1,4936,85.811506
1,4937,356.262452
1,4938,438.808951
1,4939,386.526915
1,4940,442.033982
1,4941,250.245191
1,4942,294.779231
1,4943,310.658546
1,4944,262.557822
1,4945,367.937789
1,4946,312.261056
1,4947,242.253404
1,4948,108.276024
1,4949,223.770438
1,4950,248.826653
1,4951,351.600860
1,4952,98.226537
1,4953,207.924647
1,4954,366.194919
1,4955,98.355141
1,4956,485.086233
1,4957,145.162982
1,4958,339.513578
1,4959,306.412147
1,4960,187.578567
1,4961,84.288068
1,4962,328.055929
1,4963,86.346188
1,4964,304.854263
1,4965,193.359580
1,4966,238.967344
1,4967,250.206647
1,4968,69.774775
1,4969,209.566470
1,4970,328.821743
1,4971,265.263418
1,4972,249.663532
1,4973,115.973563
1,4974,189.432812
1,4975,287.172347
1,4976,336.838597
1,4977,408.734965
1,4978,49.395522
1,4979,228.909032
1,4980,349.839096
1,4981,81.974203
1,4982,282.913804
1,4983,80.592272
1,4984,98.187018
1,4985,305.371902
1,4986,69.923128
1,4987,189.786128
1,4988,88.347918
1,4989,206.747466
1,4990,192.830823
1,4991,92.881130
1,4992,163.191237
1,4993,245.957508
1,4994,105.819929
1,4995,342.974611
1,4996,101.338606
1,4997,138.412350
1,4998,423.445129
1,4999,87.208557
1,5000,378.851392
1,5001,430.126588
1,5002,195.538825
1,5003,488.577125
1,5004,96.607731
1,5005,295.425040
1,5006,309.336933
1,5007,470.038892
1,5008,289.638760
1,5009,255.760426
1,5010,316.699481
1,5011,210.548671
1,5012,319.442757
1,5013,95.541822
1,5014,532.551769
1,5015,86.449982
1,5016,83.740079
1,5017,505.815179
1,5018,458.097144
1,5019,196.687386
1,5020,317.811692
1,5021,279.273734
1,5022,566.614673
1,5023,83.689152
1,5024,332.492465
1,5025,135.174394
1,5026,348.633187
1,5027,293.380492
1,5028,196.480382
1,5029,300.378033
1,5030,296.830863
1,5031,190.827215
1,5032,366.985437
1,5033,268.276000
1,5034,486.303463
1,5035,341.942457
1,5036,506.648080
1,5037,429.626635
1,5038,337.039432
1,5039,81.841793
1,5040,329.366598
1,5041,310.076302
1,5042,375.218441
1,5043,390.296752
1,5044,79.806991
1,5045,364.537770
1,5046,345.695770
1,5047,356.732943
1,5048,415.918911
1,5049,500.090675
1,5050,263.559037
1,5051,309.819381
1,5052,339.176591
1,5053,131.023597
1,5054,364.969541
1,5055,248.436751
1,5056,154.306937
1,5057,212.337302
1,5058,67.116939
1,5059,130.020902
1,5060,252.625554
1,5061,209.777130
1,5062,227.814527
1,5063,83.077129
1,5064,47.355248
1,5065,75.952673
1,5066,141.406402
1,5067,246.086693
1,5068,233.117265
1,5069,82.509208
1,5070,176.215742
1,5071,95.485744
1,5072,280.984635
1,5073,125.303000
1,5074,227.140715
1,5075,45.293499
1,5076,206.643027
1,5077,103.206824
1,5078,262.898315
1,5079,85.033486
1,5080,167.813251
1,5081,53.620880
1,5082,295.357350
1,5083,207.621419
1,5084,239.997082
1,5085,246.109095
1,5086,87.453194
1,5087,168.404468
1,5088,95.437235
1,5089,293.517327
1,5090,373.941988
1,5091,46.339236
1,5092,267.014729
1,5093,175.895719
1,5094,84.423420
1,5095,129.742556
1,5096,82.783335
1,5097,93.075238
1,5098,52.519678
1,5099,267.515644
1,5100,81.976350
1,5101,122.417965
1,5102,257.928174
1,5103,295.556314
1,5104,85.830371
1,5105,204.919486
1,5106,91.302530
1,5107,246.369208
1,5108,83.699170
1,5109,201.400497
1,5110,88.469415
1,5111,84.753556
1,5112,267.982181
1,5113,118.727919
1,5114,267.760657
1,5115,194.917628
1,5116,83.398243
1,5117,240.350535
1,5118,289.289722
1,5119,304.647199
1,5120,363.423765
1,5121,123.975626
1,5122,98.824840
1,5123,124.594076
1,5124,293.824981
1,5125,359.968705
1,5126,250.508660
1,5127,80.561870
1,5128,236.767174
1,5129,77.938492
1,5130,241.663173
1,5131,245.030383
1,5132,178.206718
1,5133,305.822244
1,5134,79.647691
1,5135,265.606380
1,5136,1175.761067
1,5137,285.505807
1,5138,77.867044
1,5139,313.283849
1,5140,190.097530
1,5141,167.257054
1,5142,286.652196
1,5143,81.368369
1,5144,186.937778
1,5145,87.872324
1,5146,175.066614
1,5147,146.604520
1,5148,294.112392
1,5149,338.268684
1,5150,95.820250
1,5151,398.263551
1,5152,255.374997
1,5153,69.863660
1,5154,172.821280
1,5155,314.898407
1,5156,46.575410
1,5157,227.160955
1,5158,354.252075
1,5159,46.543301
1,5160,278.068236
1,5161,544.484452
1,5162,401.149065
1,5163,300.287716
1,5164,276.940897
1,5165,90.025491
1,5166,219.047743
1,5167,95.098024
1,5168,346.366672
1,5169,275.413733
1,5170,320.050154
1,5171,313.646238
1,5172,395.629475
1,5173,131.404054
1,5174,232.928243
1,5175,244.669822
1,5176,83.141517
1,5177,297.488357
1,5178,269.031259
1,5179,85.216618
1,5180,208.059515
1,5181,83.836698
1,5182,210.512540
1,5183,178.295232
1,5184,125.290026
1,5185,169.283411
1,5186,86.454268
1,5187,200.386499
1,5188,133.111117
1,5189,322.493575
1,5190,83.540299
1,5191,233.599450
1,5192,365.259882
1,5193,53.582387
1,5194,208.268527
1,5195,335.239814
1,5196,83.559880
1,5197,237.078751
1,5198,209.287095
1,5199,377.692428
1,5200,98.900531
1,5201,207.534032
1,5202,274.795753
1,5203,122.150805
1,5204,125.688495
1,5205,222.597998
1,5206,345.071394
1,5207,307.880330
1,5208,82.853527
1,5209,265.376993
1,5210,83.225732
1,5211,176.036742
1,5212,330.968718
1,5213,83.677138
1,5214,286.251519
1,5215,81.187754
1,5216,162.419073
1,5217,84.117238
1,5218,390.246975
1,5219,81.134214
1,5220,119.531656
1,5221,306.008142
1,5222,338.362095
1,5223,348.529752
1,5224,475.568949
1,5225,44.542024
1,5226,351.526064
1,5227,210.110245
1,5228,318.138185
1,5229,88.165734
1,5230,273.802564
1,5231,461.170777
1,5232,109.756895
1,5233,501.616429
1,5234,440.981813
1,5235,230.565443
1,5236,342.793060
1,5237,93.306997
1,5238,340.399031
1,5239,169.616912
1,5240,100.563254
1,5241,195.219348
1,5242,244.331040
1,5243,287.480045
1,5244,447.933134
1,5245,444.569696
1,5246,463.160890
1,5247,129.896733
1,5248,537.978537
1,5249,115.266643
1,5250,297.108470
1,5251,118.182560
1,5252,121.500062
1,5253,289.290604
1,5254,203.969278
1,5255,96.938019
1,5256,402.606732
1,5257,123.085601
1,5258,209.399872
1,5259,873.380522
1,5260,343.951365
1,5261,219.172203
1,5262,114.883490
1,5263,694.423080
1,5264,333.130401
1,5265,423.378349
1,5266,97.711852
1,5267,544.024825
1,5268,364.916436
1,5269,270.789249
1,5270,199.904909
1,5271,347.353722
1,5272,324.528451
1,5273,215.967440
1,5274,198.609660
1,5275,441.469742
1,5276,336.459100
1,5277,99.070043
1,5278,238.483856
1,5279,261.906229
1,5280,345.447294
1,5281,344.155366
1,5282,308.956719
1,5283,101.670783
1,5284,400.217375
1,5285,97.266874
1,5286,122.302924
1,5287,277.410360
1,5288,97.683966
1,5289,317.744177
1,5290,364.634715
1,5291,66.189230
1,5292,213.457290
1,5293,189.194656
1,5294,85.940960
1,5295,238.396123
1,5296,173.060988
1,5297,275.791586
1,5298,108.136518
1,5299,513.638191
1,5300,227.741352
1,5301,99.249037
1,5302,379.319424
1,5303,299.231243
1,5304,121.187529
1,5305,83.708742
1,5306,318.530719
1,5307,263.708871
1,5308,331.404180
1,5309,294.732021
1,5310,192.519012
1,5311,378.439671
1,5312,276.321406
1,5313,61.903725
1,5314,216.939620
1,5315,230.889782
1,5316,409.787675
1,5317,169.254576
1,5318,489.632595
1,5319,300.504339
1,5320,97.722216
1,5321,197.021663
1,5322,100.721153
1,5323,194.616599
1,5324,351.896855
1,5325,484.983392
1,5326,351.741228
1,5327,123.980446
1,5328,255.008952
1,5329,63.853040
1,5330,508.136487
1,5331,97.497670
1,5332,315.056836
1,5333,296.081820
1,5334,300.102633
1,5335,170.976476
1,5336,341.762046
1,5337,466.434868
1,5338,100.679111
1,5339,71.223614
1,5340,377.865570
1,5341,96.601439
1,5342,224.392716
1,5343,319.476627
1,5344,98.399914
1,5345,457.070802
1,5346,94.069698
1,5347,467.877637
1,5348,301.382938
1,5349,271.376981
1,5350,137.676220
1,5351,339.746981
1,5352,58.881474
1,5353,399.800195
1,5354,161.060113
1,5355,249.576629
1,5356,275.047520
1,5357,98.015011
1,5358,485.569841
1,5359,95.793922
1,5360,244.962287
1,5361,305.167789
1,5362,143.315998
1,5363,526.891996
1,5364,94.193259
1,5365,294.600625
1,5366,358.473476
1,5367,131.318758
1,5368,200.127156
1,5369,340.502553
1,5370,173.376417
1,5371,108.459120
1,5372,282.235668
1,5373,303.349107
1,5374,138.410110
1,5375,136.253510
1,5376,101.174566
1,5377,233.471058
1,5378,329.567412
1,5379,214.200812
1,5380,395.295414
1,5381,205.012434
1,5382,420.357738
1,5383,404.511685
1,5384,370.520772
1,5385,347.215550
1,5386,101.865608
1,5387,220.621336
1,5388,243.519576
1,5389,334.894673
1,5390,107.038715
1,5391,379.383433
1,5392,162.279344
1,5393,415.255649
1,5394,357.093048
1,5395,214.896203
1,5396,114.888423
1,5397,151.317500
1,5398,442.046459
1,5399,345.760339
1,5400,95.562968
1,5401,321.812798
1,5402,100.447602
1,5403,401.499946
1,5404,462.178387
1,5405,116.426370
1,5406,435.130506
1,5407,104.266300
1,5408,367.495048
1,5409,101.717265
1,5410,270.788188
1,5411,95.111165
1,5412,513.582813
1,5413,110.827022
1,5414,215.759111
1,5415,238.417656
1,5416,192.869649
1,5417,177.101301
1,5418,401.077843
1,5419,93.847993
1,5420,378.420408
1,5421,267.063081
1,5422,482.931421
1,5423,250.953923
1,5424,235.430170
1,5425,199.887261
1,5426,161.955237
1,5427,337.558334
1,5428,501.589740
1,5429,162.948849
1,5430,457.501241
1,5431,111.680198
1,5432,187.946905
1,5433,432.159036
1,5434,167.544348
1,5435,177.239644
1,5436,185.697678
1,5437,176.303548
1,5438,296.123628
1,5439,85.286511
1,5440,426.812258
1,5441,153.792402
1,5442,483.395696
1,5443,104.998680
1,5444,222.259698
1,5445,96.903703
1,5446,112.245754
1,5447,166.702313
1,5448,106.942134
1,5449,103.468454
1,5450,318.116144
1,5451,56.447552
1,5452,286.409379
1,5453,426.025863
1,5454,192.412011
1,5455,130.027131
1,5456,278.877065
1,5457,278.874759
1,5458,88.983730
1,5459,317.395988
1,5460,63.614535
1,5461,255.466226
1,5462,110.351791
1,5463,222.403967
1,5464,466.591319
1,5465,380.123297
1,5466,89.288455
1,5467,133.232930
1,5468,133.166059
1,5469,387.311910
1,5470,87.944716
1,5471,451.917328
1,5472,103.081709
1,5473,345.134299
1,5474,139.602778
1,5475,273.992913
1,5476,170.941932
1,5477,318.188233
1,5478,299.704425
1,5479,95.320234
1,5480,185.321720
1,5481,324.146436
1,5482,276.573985
1,5483,448.527038
1,5484,195.388118
1,5485,309.546673
1,5486,103.082731
1,5487,370.642690
1,5488,182.065392
1,5489,364.258319
1,5490,60.159832
1,5491,289.322532
1,5492,96.727324
1,5493,96.434586
1,5494,240.738991
1,5495,113.800683
1,5496,109.985404
1,5497,158.950761
1,5498,258.691303
1,5499,94.713701
1,5500,213.499757
1,5501,94.494717
1,5502,331.350232
1,5503,135.727401
1,5504,182.579797
1,5505,444.848973
1,5506,140.185505
1,5507,97.290952
1,5508,351.451482
1,5509,355.183994
1,5510,218.807875
1,5511,299.572667
1,5512,130.240021
1,5513,312.022546
1,5514,148.890860
1,5515,210.697879
1,5516,442.916843
1,5517,95.544465
1,5518,182.097205
1,5519,363.066158
1,5520,404.322860
1,5521,98.755289
1,5522,232.909881
1,5523,94.481194
1,5524,303.128227
1,5525,126.895072
1,5526,386.448782
1,5527,640.449703
1,5528,182.851808
1,5529,344.413943
1,5530,118.784952
1,5531,259.129065
1,5532,413.865660
1,5533,404.715325
1,5534,105.141597
1,5535,231.259535
1,5536,176.821858
1,5537,91.790775
1,5538,304.467073
1,5539,103.632653
1,5540,407.723020
1,5541,123.672130
1,5542,423.729491
1,5543,131.400156
1,5544,145.504706
1,5545,292.887537
1,5546,482.534731
1,5547,356.155288
1,5548,112.160086
1,5549,137.911822
1,5550,368.257455
1,5551,319.633215
1,5552,145.358511
1,5553,435.327426
1,5554,272.957448
1,5555,94.985792
1,5556,1076.970178
1,5557,169.217316
1,5558,134.697215
1,5559,511.648744
1,5560,333.925639
1,5561,512.602302
1,5562,87.834126
1,5563,403.424376
1,5564,226.289979
1,5565,334.754299
1,5566,116.794496
1,5567,221.381370
1,5568,265.061338
1,5569,326.384266
1,5570,373.822065
1,5571,315.746089
1,5572,92.136156
1,5573,180.060426
1,5574,123.606434
1,5575,215.800199
1,5576,181.081799
1,5577,308.064787
1,5578,101.722100
1,5579,182.509719
1,5580,99.715576
1,5581,300.741242
1,5582,93.149826
1,5583,278.355036
1,5584,214.775839
1,5585,94.694907
1,5586,389.351031
1,5587,223.487594
1,5588,208.262918
1,5589,340.345427
1,5590,63.118841
1,5591,354.802659
1,5592,316.966038
1,5593,235.754618
1,5594,470.391159
1,5595,184.770972
1,5596,276.183880
1,5597,115.555640
1,5598,398.781032
1,5599,296.942988
1,5600,196.601626
1,5601,104.529840
1,5602,277.967529
1,5603,233.244093
1,5604,266.928923
1,5605,214.343257
1,5606,108.956588
1,5607,284.529763
1,5608,244.973716
1,5609,61.715875
1,5610,357.303413
1,5611,217.637818
1,5612,250.477983
1,5613,199.083403
1,5614,291.661929
1,5615,381.003348
1,5616,208.470486
1,5617,61.227562
1,5618,381.069384
1,5619,99.249287
1,5620,358.900478
1,5621,96.858021
1,5622,360.223093
1,5623,90.736048
1,5624,102.117152
1,5625,313.138851
1,5626,342.133980
1,5627,92.217270
1,5628,181.497115
1,5629,95.968832
1,5630,231.221607
1,5631,143.976687
1,5632,133.104864
1,5633,185.100745
1,5634,249.591988
1,5635,293.472960
1,5636,95.908574
1,5637,170.332857
1,5638,160.034245
1,5639,473.266695
1,5640,100.198125
1,5641,538.049170
1,5642,126.699527
1,5643,456.093481
1,5644,111.760949
1,5645,286.616231
1,5646,255.483589
1,5647,440.017396
1,5648,151.287877
1,5649,91.962313
1,5650,408.109774
1,5651,143.294910
1,5652,400.376665
1,5653,182.432030
1,5654,283.016462
1,5655,319.688370
1,5656,95.386856
1,5657,154.485748
1,5658,43.354998
1,5659,398.247826
1,5660,94.082257
1,5661,269.960544
1,5662,265.845252
1,5663,265.037220
1,5664,299.533232
1,5665,287.237178
1,5666,60.765431
1,5667,138.664421
1,5668,259.109218
1,5669,87.163343
1,5670,230.806169
1,5671,198.064624
1,5672,213.300890
1,5673,287.543797
1,5674,489.008909
1,5675,113.526717
1,5676,222.671777
1,5677,279.329850
1,5678,256.542775
1,5679,253.340937
1,5680,89.144247
1,5681,164.470117
1,5682,181.697097
1,5683,97.775286
1,5684,59.114119
1,5685,324.287569
1,5686,89.609966
1,5687,188.671735
1,5688,457.951537
1,5689,59.182712
1,5690,321.691399
1,5691,140.295283
1,5692,291.474620
1,5693,94.463865
1,5694,215.477577
1,5695,96.607530
1,5696,343.069007
1,5697,183.392134
1,5698,268.990379
1,5699,370.482556
1,5700,108.031331
1,5701,75.218201
1,5702,303.012090
1,5703,106.470768
1,5704,157.397863
1,5705,147.294872
1,5706,262.645814
1,5707,233.297253
1,5708,98.344725
1,5709,230.622651
1,5710,130.134875
1,5711,243.268938
1,5712,221.258798
1,5713,108.024149
1,5714,419.717227
1,5715,89.420972
1,5716,217.819489
1,5717,88.434989
1,5718,298.707461
1,5719,183.575004
1,5720,238.331222
1,5721,87.542602
1,5722,160.506569
1,5723,185.706509
1,5724,305.141198
1,5725,84.096675
1,5726,308.174035
1,5727,95.901231
1,5728,298.251319
1,5729,299.348181
1,5730,278.213866
1,5731,131.726039
1,5732,114.187954
1,5733,58.752637
1,5734,333.910541
1,5735,91.223043
1,5736,431.581672
1,5737,291.784785
1,5738,292.234154
1,5739,104.229131
1,5740,246.266338
1,5741,127.793959
1,5742,223.248013
1,5743,286.785451
1,5744,285.547638
1,5745,340.164210
1,5746,92.541944
1,5747,85.426334
1,5748,327.035829
1,5749,468.004086
1,5750,525.989681
1,5751,372.177751
1,5752,400.035380
1,5753,285.555712
1,5754,68.804745
1,5755,304.840360
1,5756,94.785881
1,5757,340.613611
1,5758,224.684880
1,5759,316.306320
1,5760,165.492405
1,5761,126.168988
1,5762,258.963017
1,5763,85.925883
1,5764,210.677872
1,5765,414.291921
1,5766,104.664957
1,5767,392.412187
1,5768,92.388092
1,5769,216.080162
1,5770,468.914862
1,5771,387.497304
1,5772,339.164521
1,5773,223.836769
1,5774,115.060615
1,5775,162.405498
1,5776,81.897793
1,5777,202.967710
1,5778,280.479308
1,5779,404.705408
1,5780,199.553950
1,5781,425.100650
1,5782,108.740636
1,5783,122.813330
1,5784,202.100886
1,5785,252.047971
1,5786,81.587652
1,5787,254.224690
1,5788,81.385422
1,5789,124.890049
1,5790,84.414210
1,5791,210.308534
1,5792,298.455984
1,5793,322.363853
1,5794,343.493731
1,5795,296.563073
1,5796,170.425025
1,5797,117.145866
1,5798,288.923772
1,5799,331.017411
1,5800,397.140816
1,5801,80.735401
1,5802,336.722967
1,5803,50.706949
1,5804,290.370336
1,5805,236.957113
1,5806,79.287382
1,5807,178.866977
1,5808,315.201919
1,5809,250.858443
1,5810,313.603156
1,5811,339.485354
1,5812,348.699802
1,5813,397.050022
1,5814,82.443966
1,5815,129.566992
1,5816,326.982845
1,5817,128.747510
1,5818,204.130596
1,5819,138.545805
1,5820,100.935391
1,5821,289.532178
1,5822,68.936781
1,5823,268.953834
1,5824,211.875687
1,5825,202.842645
1,5826,285.140491
1,5827,362.322165
1,5828,74.245379
1,5829,211.711212
1,5830,111.858106
1,5831,300.594625
1,5832,78.993143
1,5833,284.950090
1,5834,145.096017
1,5835,329.283180
1,5836,280.673245
1,5837,94.633977
1,5838,409.236821
1,5839,354.339018
1,5840,368.029408
1,5841,433.158933
1,5842,351.992592
1,5843,93.596743
1,5844,237.362614
1,5845,85.827974
1,5846,241.915707
1,5847,333.076007
1,5848,81.552846
1,5849,160.399993
1,5850,270.797679
1,5851,128.008655
1,5852,164.383886
1,5853,80.393956
1,5854,727.138563
1,5855,86.161343
1,5856,315.152805
1,5857,135.893984
1,5858,244.423840
1,5859,80.981061
1,5860,167.373818
1,5861,321.025847
1,5862,358.466864
1,5863,80.691271
1,5864,63.054908
1,5865,290.507882
1,5866,79.474295
1,5867,344.715590
1,5868,89.646208
1,5869,179.477024
1,5870,510.621853
1,5871,80.074604
1,5872,347.498735
1,5873,78.296361
1,5874,265.149133
1,5875,199.922634
1,5876,211.340241
1,5877,257.691136
1,5878,274.162088
1,5879,176.037878
1,5880,199.021109
1,5881,365.170735
1,5882,77.457654
1,5883,160.147216
1,5884,211.973775
1,5885,233.462410
1,5886,164.242150
1,5887,88.791756
1,5888,292.297627
1,5889,229.178815
1,5890,79.465129
1,5891,189.092286
1,5892,165.259814
1,5893,261.976761
1,5894,116.336527
1,5895,75.586554
1,5896,304.793791
1,5897,163.919392
1,5898,171.357710
1,5899,216.325035
1,5900,258.737741
1,5901,226.501928
1,5902,336.667682
1,5903,111.940046
1,5904,154.400860
1,5905,75.598736
1,5906,172.753072
1,5907,74.621402
1,5908,224.554669
1,5909,73.888634
1,5910,81.415787
1,5911,261.122974
1,5912,284.854617
1,5913,331.731849
1,5914,281.054224
1,5915,166.429339
1,5916,289.523365
1,5917,81.972660
1,5918,273.586717
1,5919,132.690902
1,5920,194.197988
1,5921,244.059768
1,5922,506.827254
1,5923,224.523211
1,5924,277.876339
1,5925,366.886534
1,5926,180.992973
1,5927,373.228904
1,5928,312.005225
1,5929,262.825778
1,5930,209.684723
1,5931,71.856573
1,5932,281.777242
1,5933,73.813451
1,5934,227.155604
1,5935,323.078499
1,5936,283.315671
1,5937,76.156747
1,5938,319.533213
1,5939,280.341901
1,5940,267.732439
1,5941,265.278934
1,5942,339.295298
1,5943,114.573762
1,5944,89.295906
1,5945,108.712063
1,5946,285.637426
1,5947,245.130886
1,5948,304.017025
1,5949,243.769238
1,5950,356.194569
1,5951,236.554831
1,5952,148.054645
1,5953,416.446583
1,5954,97.335319
1,5955,277.461634
1,5956,344.040006
1,5957,339.313464
1,5958,337.523211
1,5959,329.012745
1,5960,81.101154
1,5961,228.114247
1,5962,384.819929
1,5963,128.761489
1,5964,228.430974
1,5965,400.018160
1,5966,358.008797
1,5967,333.573337
1,5968,312.491339
1,5969,121.039483
1,5970,349.841883
1,5971,279.329119
1,5972,322.659251
1,5973,80.582064
1,5974,159.734457
1,5975,233.597227
1,5976,319.168948
1,5977,310.426093
1,5978,77.674105
1,5979,369.021353
1,5980,87.039693
1,5981,412.495264
1,5982,490.161604
1,5983,408.603413
1,5984,76.071523
1,5985,49.703490
1,5986,301.390213
1,5987,77.094075
1,5988,251.621379
1,5989,175.936731
1,5990,246.516443
1,5991,146.017318
1,5992,269.169413
1,5993,227.251615
1,5994,175.284825
1,5995,68.585149
1,5996,165.328466
1,5997,247.787910
1,5998,113.468837
1,5999,188.080194
1,6000,211.301420
1,6001,156.059203
1,6002,123.296165
1,6003,292.750359
1,6004,351.201561
1,6005,236.599927
1,6006,163.697938
1,6007,145.395540
1,6008,116.317608
1,6009,241.820897
1,6010,270.744640
1,6011,82.639026
1,6012,279.458019
1,6013,81.615561
1,6014,164.245252
1,6015,51.855527
1,6016,119.472003
1,6017,274.521764
1,6018,321.252083
1,6019,241.796319
1,6020,310.332014
1,6021,214.308512
1,6022,131.609654
1,6023,268.772845
1,6024,287.693700
1,6025,165.930240
1,6026,244.228588
1,6027,244.023005
1,6028,346.559800
1,6029,234.776898
1,6030,259.160685
1,6031,92.585135
1,6032,402.532860
1,6033,63.868983
1,6034,275.994920
1,6035,80.133833
1,6036,186.987886
1,6037,177.496639
1,6038,308.348694
1,6039,78.495600
1,6040,188.747919
1,6041,652.671379
1,6042,617.772670
1,6043,314.451703
1,6044,305.244523
1,6045,47.974943
1,6046,354.984730
1,6047,347.461557
1,6048,368.140486
1,6049,295.193450
1,6050,258.946973
1,6051,83.336840
1,6052,104.111397
1,6053,406.777471
1,6054,245.181589
1,6055,357.783316
1,6056,433.733811
1,6057,434.696553
1,6058,378.685026
1,6059,359.057620
1,6060,101.841489
1,6061,363.324876
1,6062,269.914379
1,6063,589.910929
1,6064,431.651293
1,6065,335.426997
1,6066,394.874454
1,6067,87.395736
1,6068,351.057486
1,6069,351.799837
1,6070,398.414082
1,6071,497.035763
1,6072,266.297595
1,6073,236.479761
1,6074,423.503676
1,6075,56.003491
1,6076,192.480336
1,6077,325.434994
1,6078,354.081246
1,6079,356.999134
1,6080,269.961884
1,6081,344.096401
1,6082,334.397018
1,6083,102.589529
1,6084,111.227294
1,6085,474.892277
1,6086,133.783403
1,6087,346.839949
1,6088,413.361766
1,6089,89.826086
1,6090,381.486926
1,6091,87.660638
1,6092,174.677335
1,6093,156.526202
1,6094,264.512527
1,6095,292.161939
1,6096,160.214110
1,6097,287.772984
1,6098,73.528607
1,6099,251.394186
1,6100,308.578026
1,6101,74.475974
1,6102,95.855641
1,6103,436.995858
1,6104,300.849088
1,6105,77.159261
1,6106,419.797543
1,6107,300.989525
1,6108,384.405612
1,6109,78.276201
1,6110,234.037469
1,6111,89.698977
1,6112,384.630301
1,6113,190.304512
1,6114,356.968011
1,6115,302.151614
1,6116,335.916591
1,6117,282.149632
1,6118,504.455895
1,6119,317.072426
1,6120,497.077417
1,6121,372.753831
1,6122,484.304668
1,6123,84.537188
1,6124,219.754761
1,6125,113.119216
1,6126,400.307895
1,6127,471.131212
1,6128,96.802809
1,6129,242.440901
1,6130,88.597522
1,6131,217.423441
1,6132,185.976170
1,6133,198.763219
1,6134,87.233394
1,6135,340.619141
1,6136,94.007075
1,6137,314.031395
1,6138,91.351604
1,6139,100.062428
1,6140,394.049825
1,6141,285.699510
1,6142,372.556800
1,6143,294.149340
1,6144,104.791824
1,6145,158.895756
1,6146,224.984462
1,6147,327.023015
1,6148,75.189498
1,6149,351.201151
1,6150,84.523366
1,6151,86.764415
1,6152,390.010483
1,6153,122.902938
1,6154,351.875810
1,6155,350.938364
1,6156,102.666806
1,6157,274.154334
1,6158,293.941105
1,6159,53.864547
1,6160,236.003042
1,6161,85.820644
1,6162,360.935847
1,6163,451.157702
1,6164,389.681255
1,6165,440.874606
1,6166,255.245867
1,6167,299.523459
1,6168,314.594694
1,6169,269.677914
1,6170,380.617030
1,6171,320.401598
1,6172,246.562370
1,6173,107.022462
1,6174,222.406671
1,6175,247.039735
1,6176,349.680245
1,6177,97.346313
1,6178,207.801326
1,6179,373.306887
1,6180,102.334305
1,6181,486.488587
1,6182,150.765097
1,6183,343.304751
1,6184,310.283415
1,6185,190.929627
1,6186,84.271253
1,6187,304.015984
1,6188,89.788412
1,6189,306.843670
1,6190,193.232058
1,6191,230.867185
1,6192,241.789722
1,6193,69.767705
1,6194,208.493992
1,6195,326.441292
1,6196,257.466536
1,6197,242.140182
1,6198,115.135533
1,6199,187.488242
1,6200,284.800718
1,6201,333.756503
1,6202,414.237542
1,6203,49.392190
1,6204,232.932093
1,6205,356.462403
1,6206,81.960523
1,6207,280.792381
1,6208,80.578107
1,6209,97.135855
1,6210,304.560312
1,6211,69.325242
1,6212,186.835955
1,6213,92.856110
1,6214,209.274929
1,6215,195.186225
1,6216,91.697286
1,6217,163.119504
1,6218,243.739960
1,6219,104.403755
1,6220,340.827789
1,6221,100.677308
1,6222,140.237647
1,6223,410.834817
1,6224,86.610769
1,6225,385.295276
1,6226,434.695471
1,6227,198.991375
1,6228,491.466915
1,6229,95.834257
1,6230,298.703757
1,6231,319.712193
1,6232,477.789166
1,6233,287.524497
1,6234,249.173553
1,6235,315.662996
1,6236,214.020355
1,6237,322.749279
1,6238,94.818445
1,6239,536.372233
1,6240,85.877031
1,6241,83.723702
1,6242,494.998817
1,6243,449.441930
1,6244,200.697229
1,6245,320.670032
1,6246,281.431136
1,6247,581.886794
1,6248,86.347703
1,6249,325.702331
1,6250,134.035799
1,6251,342.202269
1,6252,297.586104
1,6253,198.935263
1,6254,305.776562
1,6255,303.309720
1,6256,193.775093
1,6257,365.107575
1,6258,268.450968
1,6259,486.217244
1,6260,341.025062
1,6261,492.190313
1,6262,429.907695
1,6263,337.528415
1,6264,81.826485
1,6265,333.118651
1,6266,314.566771
1,6267,377.571602
1,6268,388.826750
1,6269,79.792017
1,6270,367.043565
1,6271,345.256486
1,6272,358.747224
1,6273,415.106105
1,6274,505.906758
1,6275,268.456818
1,6276,313.503298
1,6277,343.364076
1,6278,126.253742
1,6279,369.514149
1,6280,251.611442
1,6281,156.172242
1,6282,207.292978
1,6283,67.110024
1,6284,129.671775
1,6285,256.545459
1,6286,214.797948
1,6287,226.870094
1,6288,82.368734
1,6289,47.352396
1,6290,75.941274
1,6291,140.333879
1,6292,250.526026
1,6293,229.456570
1,6294,81.930590
1,6295,179.749999
1,6296,90.517407
1,6297,280.117160
1,6298,125.267960
1,6299,226.986294
1,6300,45.289694
1,6301,206.531610
1,6302,101.875962
1,6303,262.251303
1,6304,88.883813
1,6305,171.424027
1,6306,53.616931
1,6307,298.200696
1,6308,209.539964
1,6309,239.754801
1,6310,240.098995
1,6311,91.327658
1,6312,167.716022
1,6313,98.476287
1,6314,295.624483
1,6315,375.924295
1,6316,46.334988
1,6317,265.205085
1,6318,178.415562
1,6319,84.407403
1,6320,135.021253
1,6321,82.767278
1,6322,97.885600
1,6323,52.515490
1,6324,272.175426
1,6325,81.960263
1,6326,122.378888
1,6327,261.640902
1,6328,298.451145
1,6329,89.957288
1,6330,203.851128
1,6331,95.327183
1,6332,249.490402
1,6333,83.683200
1,6334,205.373070
1,6335,88.484380
1,6336,88.526362
1,6337,271.413523
1,6338,118.689511
1,6339,271.868049
1,6340,199.819673
1,6341,83.398718
1,6342,244.265684
1,6343,292.739758
1,6344,309.033756
1,6345,367.948450
1,6346,123.936578
1,6347,108.775166
1,6348,124.555303
1,6349,298.235396
1,6350,366.958554
1,6351,254.718721
1,6352,80.546773
1,6353,241.610784
1,6354,77.923519
1,6355,249.214059
1,6356,250.858692
1,6357,178.132018
1,6358,316.667482
1,6359,79.633046
1,6360,269.649376
1,6361,1162.291338
1,6362,279.908115
1,6363,77.272369
1,6364,312.556574
1,6365,189.386001
1,6366,162.793281
1,6367,278.141458
1,6368,81.357711
1,6369,186.853095
1,6370,95.931349
1,6371,171.690451
1,6372,140.404551
1,6373,301.897718
1,6374,345.811575
1,6375,99.375626
1,6376,404.313860
1,6377,251.689448
1,6378,73.577306
1,6379,165.092059
1,6380,311.812482
1,6381,46.575410
1,6382,219.269066
1,6383,346.007918
1,6384,46.540605
1,6385,270.138641
1,6386,533.248347
1,6387,394.124226
1,6388,290.176278
1,6389,280.019236
1,6390,89.243088
1,6391,222.279548
1,6392,94.195700
1,6393,350.368451
1,6394,274.064111
1,6395,318.192195
1,6396,315.612510
1,6397,397.707250
1,6398,129.120386
1,6399,232.773182
1,6400,250.384519
1,6401,83.127131
1,6402,300.747021
1,6403,272.894369
1,6404,85.201910
1,6405,207.949843
1,6406,83.821818
1,6407,214.560892
1,6408,182.498239
1,6409,124.646462
1,6410,174.208094
1,6411,91.038260
1,6412,203.190974
1,6413,132.409315
1,6414,323.641123
1,6415,83.524977
1,6416,241.991929
1,6417,370.002830
1,6418,53.578382
1,6419,213.044083
1,6420,340.412078
1,6421,87.181599
1,6422,243.142275
1,6423,213.911159
1,6424,384.516335
1,6425,97.883238
1,6426,211.776041
1,6427,277.355120
1,6428,122.113626
1,6429,125.106040
1,6430,215.507170
1,6431,349.986845
1,6432,311.275688
1,6433,82.838370
1,6434,268.598381
1,6435,83.223456
1,6436,180.686038
1,6437,335.366898
1,6438,83.662179
1,6439,290.169633
1,6440,81.172886
1,6441,166.056766
1,6442,84.102468
1,6443,389.629354
1,6444,81.119549
1,6445,119.496155
1,6446,313.787587
1,6447,341.246106
1,6448,351.550440
1,6449,246.109582
1,6450,87.369065
1,6451,310.010078
1,6452,239.306556
1,6453,354.348493
1,6454,283.537453
1,6455,368.722650
1,6456,450.523323
1,6457,561.385985
1,6458,90.309211
1,6459,378.318475
1,6460,91.751661
1,6461,448.365794
1,6462,101.827694
1,6463,371.163447
1,6464,269.355784
1,6465,488.853377
1,6466,94.414151
1,6467,239.066508
1,6468,465.365256
1,6469,112.470352
1,6470,605.576945
1,6471,635.217634
1,6472,647.735161
1,6473,62.341653
1,6474,481.072478
1,6475,500.579340
1,6476,578.530400
1,6477,107.871315
1,6478,487.944648
1,6479,426.175309
1,6480,244.876045
1,6481,97.617411
1,6482,418.687057
1,6483,415.148247
1,6484,355.062707
1,6485,102.263733
1,6486,474.774867
1,6487,96.733913
1,6488,295.907225
1,6489,514.180945
1,6490,325.115633
1,6491,565.144127
1,6492,119.174728
1,6493,465.440997
1,6494,596.332538
1,6495,107.750090
1,6496,394.729391
1,6497,744.441356
1,6498,460.792747
1,6499,607.064489
1,6500,428.781688
1,6501,99.640476
1,6502,373.007374
1,6503,275.548184
1,6504,233.876108
1,6505,243.530909
1,6506,400.206545
1,6507,65.754140
1,6508,425.753147
1,6509,298.304065
1,6510,106.122074
1,6511,319.575729
1,6512,389.009235
1,6513,148.205563
1,6514,431.029402
1,6515,443.078125
1,6516,327.966174
1,6517,95.500424
1,6518,239.698687
1,6519,160.909176
1,6520,294.468884
1,6521,84.582251
1,6522,458.894340
1,6523,143.800083
1,6524,109.579865
1,6525,93.533326
1,6526,491.633371
1,6527,101.772603
1,6528,72.318134
1,6529,201.697035
1,6530,363.237962
1,6531,767.179575
1,6532,581.175036
1,6533,103.087177
1,6534,651.736582
1,6535,118.422297
1,6536,221.809814
1,6537,225.916974
1,6538,504.748486
1,6539,137.017285
1,6540,644.422727
1,6541,94.478508
1,6542,472.596752
1,6543,273.199057
1,6544,460.439847
1,6545,103.129056
1,6546,283.983915
1,6547,183.470681
1,6548,584.210430
1,6549,109.317007
1,6550,520.269102
1,6551,232.285299
1,6552,312.303418
1,6553,445.295784
1,6554,477.488903
1,6555,97.185809
1,6556,238.257785
1,6557,468.277326
1,6558,61.109471
1,6559,431.080260
1,6560,358.820153
1,6561,398.242212
1,6562,375.759085
1,6563,99.806160
1,6564,413.292028
1,6565,359.038771
1,6566,255.508294
1,6567,562.243088
1,6568,101.579914
1,6569,194.196423
1,6570,500.364258
1,6571,92.361062
1,6572,245.130747
1,6573,477.655614
1,6574,567.352730
1,6575,433.824681
1,6576,365.785985
1,6577,380.448421
1,6578,115.696283
1,6579,314.708813
1,6580,324.683830
1,6581,92.724738
1,6582,425.802185
1,6583,86.297477
1,6584,496.259055
1,6585,263.234740
1,6586,484.053128
1,6587,90.526018
1,6588,230.420610
1,6589,409.795074
1,6590,799.527082
1,6591,370.590759
1,6592,405.448263
1,6593,132.398464
1,6594,451.590933
1,6595,99.937771
1,6596,393.194272
1,6597,543.999527
1,6598,210.562416
1,6599,101.537847
1,6600,375.530967
1,6601,289.583966
1,6602,402.132813
1,6603,95.683990
1,6604,380.344302
1,6605,622.732121
1,6606,134.117496
1,6607,210.027396
1,6608,249.113676
1,6609,62.528341
1,6610,592.336971
1,6611,579.527465
1,6612,94.870306
1,6613,659.929761
1,6614,542.915269
1,6615,499.437584
1,6616,120.102105
1,6617,198.806070
1,6618,497.779861
1,6619,512.874667
1,6620,545.410585
1,6621,102.646007
1,6622,558.891687
1,6623,557.476300
1,6624,113.002378
1,6625,517.098859
1,6626,361.494280
1,6627,98.514365
1,6628,444.066992
1,6629,284.589872
1,6630,333.934556
1,6631,159.935906
1,6632,203.216207
1,6633,317.061227
1,6634,93.317443
1,6635,586.330096
1,6636,359.384721
1,6637,400.626983
1,6638,503.492129
1,6639,67.961307
1,6640,550.480049
1,6641,104.383889
1,6642,58.699601
1,6643,479.711848
1,6644,413.200665
1,6645,92.700417
1,6646,314.162653
1,6647,248.139921
1,6648,398.644985
1,6649,95.602018
1,6650,62.985556
1,6651,437.993900
1,6652,521.345867
1,6653,432.340533
1,6654,104.372257
1,6655,378.204801
1,6656,101.387128
1,6657,404.228657
1,6658,502.744615
1,6659,354.152047
1,6660,174.291037
1,6661,380.975814
1,6662,146.148535
1,6663,92.693899
1,6664,290.594397
1,6665,91.705748
1,6666,369.482894
1,6667,387.558417
1,6668,469.244798
1,6669,127.337805
1,6670,414.433100
1,6671,341.646958
1,6672,509.572570
1,6673,381.758505
1,6674,129.795761
1,6675,427.925637
1,6676,195.338467
1,6677,531.874698
1,6678,87.969032
1,6679,342.040744
1,6680,442.428236
1,6681,276.898950
1,6682,381.629312
1,6683,367.748305
1,6684,92.050772
1,6685,390.454913
1,6686,414.461738
1,6687,96.316345
1,6688,444.632009
1,6689,608.628622
1,6690,212.184832
1,6691,559.605485
1,6692,291.308123
1,6693,240.592072
1,6694,372.674973
1,6695,180.543769
1,6696,393.890797
1,6697,160.636327
1,6698,460.838040
1,6699,60.713650
1,6700,498.868295
1,6701,342.046629
1,6702,95.732280
1,6703,363.405549
1,6704,107.125564
1,6705,427.961367
1,6706,195.704156
1,6707,276.740815
1,6708,308.702763
1,6709,194.229941
1,6710,105.943268
1,6711,431.644139
1,6712,338.322372
1,6713,448.674702
1,6714,518.631117
1,6715,444.601133
1,6716,116.966790
1,6717,458.132587
1,6718,273.033178
1,6719,241.888154
1,6720,231.967027
1,6721,106.178151
1,6722,461.396858
1,6723,468.363332
1,6724,523.230822
1,6725,62.658441
1,6726,552.259348
1,6727,417.702271
1,6728,94.850422
1,6729,235.565892
1,6730,579.700724
1,6731,108.612803
1,6732,532.362752
1,6733,92.215802
1,6734,333.562744
1,6735,97.178870
1,6736,519.870569
1,6737,440.647144
1,6738,221.052772
1,6739,165.677559
1,6740,252.569193
1,6741,356.538576
1,6742,413.519819
1,6743,477.571372
1,6744,236.184813
1,6745,477.689305
1,6746,91.227294
1,6747,453.937836
1,6748,464.086197
1,6749,104.801239
1,6750,361.172374
1,6751,351.444435
1,6752,509.012460
1,6753,95.594515
1,6754,705.679613
1,6755,567.996117
1,6756,88.852868
1,6757,98.072281
1,6758,451.875040
1,6759,92.085951
1,6760,172.031527
1,6761,487.544976
1,6762,199.625150
1,6763,514.321455
1,6764,311.596210
1,6765,237.630489
1,6766,322.585751
1,6767,445.323463
1,6768,80.655178
1,6769,56.748051
1,6770,365.161675
1,6771,464.129590
1,6772,98.156151
1,6773,372.882800
1,6774,86.961825
1,6775,456.541987
1,6776,429.402356
1,6777,91.378151
1,6778,192.789605
1,6779,100.343929
1,6780,336.483767
1,6781,367.346951
1,6782,90.985827
1,6783,426.100472
1,6784,292.480510
1,6785,421.843598
1,6786,92.722442
1,6787,331.973121
1,6788,494.248211
1,6789,484.148862
1,6790,257.110000
1,6791,103.895143
1,6792,527.382768
1,6793,272.476844
1,6794,72.167123
1,6795,272.593639
1,6796,248.644753
1,6797,398.726365
1,6798,80.141827
1,6799,245.714617
1,6800,485.168698
1,6801,436.813258
1,6802,146.530867
1,6803,365.323881
1,6804,88.433468
1,6805,215.821594
1,6806,369.908361
1,6807,104.594460
1,6808,282.157661
1,6809,105.490682
1,6810,464.931913
1,6811,198.034320
1,6812,419.939591
1,6813,238.567433
1,6814,183.951039
1,6815,387.597841
1,6816,60.473791
1,6817,229.907404
1,6818,129.227473
1,6819,365.393920
1,6820,57.272896
1,6821,336.548044
1,6822,91.964633
1,6823,414.154684
1,6824,119.004328
1,6825,92.099597
1,6826,216.998979
1,6827,284.900823
1,6828,187.532097
1,6829,165.576702
1,6830,517.012364
1,6831,94.009512
1,6832,443.433968
1,6833,342.689771
1,6834,94.535674
1,6835,317.416505
1,6836,100.619316
1,6837,136.730124
1,6838,431.143163
1,6839,92.232482
1,6840,58.551846
1,6841,398.590959
1,6842,90.101950
1,6843,291.916368
1,6844,140.849193
1,6845,90.508340
1,6846,350.275299
1,6847,376.981686
1,6848,310.544503
1,6849,290.617336
1,6850,271.273352
1,6851,448.988789
1,6852,92.052555
1,6853,570.238186
1,6854,387.307861
1,6855,117.991360
1,6856,419.284307
1,6857,369.495365
1,6858,444.007901
1,6859,145.259450
1,6860,251.375282
1,6861,138.808373
1,6862,406.959661
1,6863,301.055594
1,6864,151.864241
1,6865,330.570311
1,6866,57.776058
1,6867,276.769907
1,6868,87.976319
1,6869,132.941168
1,6870,242.914239
1,6871,187.665307
1,6872,226.741063
1,6873,43.719239
1,6874,177.747675
1,6875,75.871189
1,6876,270.438536
1,6877,49.825949
1,6878,214.824253
1,6879,94.743734
1,6880,252.133683
1,6881,104.743088
1,6882,99.543991
1,6883,213.950665
1,6884,277.863619
1,6885,232.222442
1,6886,233.246667
1,6887,345.711334
1,6888,87.053559
1,6889,458.406504
1,6890,492.971725
1,6891,119.372994
1,6892,136.385302
1,6893,300.826954
1,6894,58.817212
1,6895,458.035563
1,6896,100.128519
1,6897,479.148017
1,6898,444.690515
1,6899,88.444195
1,6900,375.782637
1,6901,369.289989
1,6902,110.510964
1,6903,286.051849
1,6904,89.649916
1,6905,112.241965
1,6906,448.155725
1,6907,109.655929
1,6908,66.744989
1,6909,411.825474
1,6910,118.232664
1,6911,304.550666
1,6912,169.299229
1,6913,104.665203
1,6914,347.742214
1,6915,351.106771
1,6916,115.927731
1,6917,451.696905
1,6918,415.462393
1,6919,99.926750
1,6920,387.403893
1,6921,383.240414
1,6922,336.605787
1,6923,281.228550
1,6924,280.763346
1,6925,258.456572
1,6926,460.250129
1,6927,89.786101
1,6928,397.235167
1,6929,95.090358
1,6930,56.604764
1,6931,277.249479
1,6932,89.506058
1,6933,139.089471
1,6934,241.267058
1,6935,205.148380
1,6936,346.206521
1,6937,144.910739
1,6938,159.721845
1,6939,233.013067
1,6940,187.520741
1,6941,180.753451
1,6942,535.012093
1,6943,130.341282
1,6944,135.599350
1,6945,399.420749
1,6946,579.140821
1,6947,265.188143
1,6948,71.900867
1,6949,273.680143
1,6950,81.894497
1,6951,368.239027
1,6952,221.683538
1,6953,359.870896
1,6954,177.082779
1,6955,328.590198
1,6956,82.555496
1,6957,192.498450
1,6958,294.008667
1,6959,56.156471
1,6960,390.626662
1,6961,107.350636
1,6962,180.012155
1,6963,390.822966
1,6964,355.461433
1,6965,177.252330
1,6966,88.313735
1,6967,366.463922
1,6968,269.821603
1,6969,55.954730
1,6970,322.432188
1,6971,385.857001
1,6972,94.298520
1,6973,328.017127
1,6974,90.898809
1,6975,451.295755
1,6976,102.658559
1,6977,390.597620
1,6978,149.428664
1,6979,273.169949
1,6980,317.142441
1,6981,195.829791
1,6982,270.605311
1,6983,94.663901
1,6984,408.404628
1,6985,94.322309
1,6986,190.059343
1,6987,138.145975
1,6988,126.192451
1,6989,434.017810
1,6990,103.950436
1,6991,327.405627
1,6992,537.870154
1,6993,55.098507
1,6994,467.474343
1,6995,87.938330
1,6996,101.712710
1,6997,363.457567
1,6998,100.828417
1,6999,58.066608
1,7000,269.412501
1,7001,332.545163
1,7002,94.099412
1,7003,263.515414
1,7004,406.826665
1,7005,416.289478
1,7006,278.076854
1,7007,71.977048
1,7008,288.595525
1,7009,135.225703
1,7010,110.834764
1,7011,353.158999
1,7012,301.712812
1,7013,104.049304
1,7014,389.055804
1,7015,163.980172
1,7016,108.531865
1,7017,218.793544
1,7018,389.996291
1,7019,120.765468
1,7020,249.513836
1,7021,421.074175
1,7022,85.527837
1,7023,225.724112
1,7024,270.225198
1,7025,376.187302
1,7026,108.863343
1,7027,283.599263
1,7028,374.242784
1,7029,97.736043
1,7030,114.547543
1,7031,352.413824
1,7032,461.589589
1,7033,106.648116
1,7034,109.815811
1,7035,213.011965
1,7036,237.533300
1,7037,89.933490
1,7038,147.244505
1,7039,375.425419
1,7040,101.025757
1,7041,66.133185
1,7042,257.895615
1,7043,495.370238
1,7044,285.661850
1,7045,399.924234
1,7046,134.720559
1,7047,308.255973
1,7048,415.471959
1,7049,133.720809
1,7050,420.470515
1,7051,114.996326
1,7052,191.059929
1,7053,404.920976
1,7054,218.842283
1,7055,329.330168
1,7056,90.254040
1,7057,397.543722
1,7058,327.762313
1,7059,165.211433
1,7060,236.744994
1,7061,287.904013
1,7062,99.422665
1,7063,411.144179
1,7064,92.652256
1,7065,435.409886
1,7066,254.927149
1,7067,463.578986
1,7068,517.684111
1,7069,113.724421
1,7070,338.104196
1,7071,271.151754
1,7072,538.727396
1,7073,300.473938
1,7074,195.945518
1,7075,359.519173
1,7076,101.021369
1,7077,384.235849
1,7078,94.246496
1,7079,399.505485
1,7080,362.203315
1,7081,85.681424
1,7082,404.249043
1,7083,93.018554
1,7084,388.448743
1,7085,92.317976
1,7086,546.113084
1,7087,314.344721
1,7088,52.111643
1,7089,288.427003
1,7090,275.698270
1,7091,537.367097
1,7092,103.534065
1,7093,353.736132
1,7094,94.569700
1,7095,281.180550
1,7096,97.876323
1,7097,267.926139
1,7098,490.261188
1,7099,92.687387
1,7100,442.765856
1,7101,308.868716
1,7102,432.057799
1,7103,82.124820
1,7104,407.872044
1,7105,353.075424
1,7106,89.583142
1,7107,164.594369
1,7108,533.886298
1,7109,473.477893
1,7110,44.542024
1,7111,342.676566
1,7112,213.430552
1,7113,317.996116
1,7114,88.153931
1,7115,271.326662
1,7116,462.270830
1,7117,109.742455
1,7118,526.814391
1,7119,445.312996
1,7120,229.527989
1,7121,340.085247
1,7122,93.290759
1,7123,332.876345
1,7124,169.162167
1,7125,104.754472
1,7126,195.181803
1,7127,235.555553
1,7128,291.115085
1,7129,439.422263
1,7130,446.508736
1,7131,458.274662
1,7132,124.815411
1,7133,521.510218
1,7134,114.160960
1,7135,287.767029
1,7136,121.950335
1,7137,121.469289
1,7138,285.250026
1,7139,203.207948
1,7140,96.918137
1,7141,395.504163
1,7142,122.977806
1,7143,209.461652
1,7144,889.374593
1,7145,347.224257
1,7146,222.918460
1,7147,110.354668
1,7148,700.556525
1,7149,329.833051
1,7150,416.018310
1,7151,97.691492
1,7152,542.960726
1,7153,354.419000
1,7154,262.659310
1,7155,192.664034
1,7156,336.282250
1,7157,326.739491
1,7158,220.705746
1,7159,203.499029
1,7160,439.600936
1,7161,335.452866
1,7162,103.332165
1,7163,239.199706
1,7164,256.700736
1,7165,340.007078
1,7166,341.236721
1,7167,308.130003
1,7168,101.640010
1,7169,403.136513
1,7170,96.797456
1,7171,125.651116
1,7172,277.950386
1,7173,101.143593
1,7174,316.159078
1,7175,387.429164
1,7176,66.183837
1,7177,214.065731
1,7178,190.852310
1,7179,83.666487
1,7180,244.629870
1,7181,171.988698
1,7182,273.790126
1,7183,111.361127
1,7184,521.015490
1,7185,239.688462
1,7186,96.027763
1,7187,374.804169
1,7188,300.830809
1,7189,124.093538
1,7190,77.635686
1,7191,322.718029
1,7192,261.668832
1,7193,333.323474
1,7194,292.238724
1,7195,196.956947
1,7196,377.975290
1,7197,277.374428
1,7198,61.898964
1,7199,219.139100
1,7200,233.225809
1,7201,409.966914
1,7202,173.312394
1,7203,475.133171
1,7204,293.587320
1,7205,97.702953
1,7206,194.264227
1,7207,97.688834
1,7208,189.723585
1,7209,347.532846
1,7210,481.490387
1,7211,349.168845
1,7212,122.543157
1,7213,251.595524
1,7214,63.847875
1,7215,509.532457
1,7216,97.477784
1,7217,308.676692
1,7218,291.510710
1,7219,308.012668
1,7220,181.319784
1,7221,339.177835
1,7222,453.568076
1,7223,100.648342
1,7224,76.512405
1,7225,371.482276
1,7226,96.581601
1,7227,205.428736
1,7228,317.696041
1,7229,102.486968
1,7230,448.684852
1,7231,94.050032
1,7232,458.555959
1,7233,291.951642
1,7234,265.338485
1,7235,137.171074
1,7236,329.380170
1,7237,58.876308
1,7238,386.310491
1,7239,153.185601
1,7240,243.152373
1,7241,264.811952
1,7242,97.995956
1,7243,480.844121
1,7244,100.040245
1,7245,238.006499
1,7246,300.322367
1,7247,139.130505
1,7248,529.419575
1,7249,94.174717
1,7250,297.488615
1,7251,350.496010
1,7252,133.395538
1,7253,202.365696
1,7254,335.337201
1,7255,172.282679
1,7256,112.851150
1,7257,276.576273
1,7258,285.634734
1,7259,129.752921
1,7260,136.364869
1,7261,96.520749
1,7262,227.057392
1,7263,322.561149
1,7264,208.924391
1,7265,386.029904
1,7266,209.472007
1,7267,419.384216
1,7268,403.452008
1,7269,368.098580
1,7270,341.825169
1,7271,101.372763
1,7272,212.043160
1,7273,245.198130
1,7274,334.496280
1,7275,106.340930
1,7276,357.694067
1,7277,166.903470
1,7278,405.623072
1,7279,353.555753
1,7280,206.191770
1,7281,114.082210
1,7282,147.092542
1,7283,444.372596
1,7284,350.745338
1,7285,95.543802
1,7286,321.800363
1,7287,100.428324
1,7288,402.973907
1,7289,445.716604
1,7290,115.253853
1,7291,441.993085
1,7292,104.246056
1,7293,362.943537
1,7294,106.217587
1,7295,253.583415
1,7296,84.890920
1,7297,514.682467
1,7298,109.807960
1,7299,216.371300
1,7300,238.479240
1,7301,196.960203
1,7302,169.397114
1,7303,396.878337
1,7304,93.828649
1,7305,374.687179
1,7306,258.902896
1,7307,473.330788
1,7308,250.077308
1,7309,231.273169
1,7310,198.829470
1,7311,155.539229
1,7312,344.267171
1,7313,493.769069
1,7314,159.231144
1,7315,456.085532
1,7316,110.574709
1,7317,181.500481
1,7318,427.612476
1,7319,171.015300
1,7320,169.548740
1,7321,180.608076
1,7322,176.242901
1,7323,297.664784
1,7324,82.081360
1,7325,423.870059
1,7326,154.441546
1,7327,476.891031
1,7328,104.070635
1,7329,225.591986
1,7330,96.885236
1,7331,105.400130
1,7332,171.414578
1,7333,102.485684
1,7334,108.539985
1,7335,316.632769
1,7336,56.443064
1,7337,284.447902
1,7338,419.580695
1,7339,193.207219
1,7340,120.983613
1,7341,268.565655
1,7342,279.020589
1,7343,88.967120
1,7344,306.299314
1,7345,68.402618
1,7346,254.380001
1,7347,120.293409
1,7348,213.178551
1,7349,456.614390
1,7350,375.410077
1,7351,89.272585
1,7352,133.173884
1,7353,132.605288
1,7354,396.663812
1,7355,87.929219
1,7356,454.125720
1,7357,97.702228
1,7358,345.698223
1,7359,133.505477
1,7360,292.887343
1,7361,169.154591
1,7362,324.119774
1,7363,285.241771
1,7364,100.497333
1,7365,189.066819
1,7366,314.644914
1,7367,276.186450
1,7368,441.560941
1,7369,191.785038
1,7370,295.955782
1,7371,98.089638
1,7372,366.831652
1,7373,176.609478
1,7374,353.951308
1,7375,60.155786
1,7376,288.041522
1,7377,100.443231
1,7378,96.418175
1,7379,245.727659
1,7380,108.531576
1,7381,115.783522
1,7382,154.510485
1,7383,259.861919
1,7384,94.696040
1,7385,206.510451
1,7386,94.476758
1,7387,332.522588
1,7388,135.682069
1,7389,178.139504
1,7390,448.184237
1,7391,142.934752
1,7392,97.262320
1,7393,355.287769
1,7394,360.745914
1,7395,215.473411
1,7396,296.140407
1,7397,122.348111
1,7398,310.715857
1,7399,140.775169
1,7400,205.077548
1,7401,439.524674
1,7402,95.525427
1,7403,179.952972
1,7404,364.352939
1,7405,403.096488
1,7406,98.736235
1,7407,236.990206
1,7408,94.462160
1,7409,292.375334
1,7410,130.892585
1,7411,384.681197
1,7412,652.920459
1,7413,183.747474
1,7414,348.138624
1,7415,117.301978
1,7416,261.776699
1,7417,411.720932
1,7418,419.223996
1,7419,104.386587
1,7420,233.561238
1,7421,176.313815
1,7422,91.772250
1,7423,295.228326
1,7424,99.330656
1,7425,405.321276
1,7426,126.176752
1,7427,415.264812
1,7428,131.471016
1,7429,145.924806
1,7430,291.119755
1,7431,473.049985
1,7432,350.348529
1,7433,112.279879
1,7434,136.836442
1,7435,369.440899
1,7436,313.943401
1,7437,144.105260
1,7438,419.976941
1,7439,260.175948
1,7440,94.968522
1,7441,1067.121641
1,7442,173.160743
1,7443,127.704518
1,7444,497.266451
1,7445,325.939714
1,7446,511.556732
1,7447,87.817443
1,7448,400.868894
1,7449,225.432802
1,7450,337.063489
1,7451,112.223196
1,7452,220.760186
1,7453,262.463719
1,7454,332.837673
1,7455,371.034736
1,7456,319.894372
1,7457,97.969990
1,7458,184.769295
1,7459,121.505079
1,7460,220.518495
1,7461,184.423201
1,7462,311.423437
1,7463,100.786562
1,7464,187.997515
1,7465,99.118084
1,7466,305.406461
1,7467,93.134633
1,7468,277.421393
1,7469,225.926352
1,7470,94.678855
1,7471,394.133480
1,7472,217.260394
1,7473,203.675619
1,7474,339.590681
1,7475,66.651524
1,7476,346.302434
1,7477,309.820221
1,7478,238.608997
1,7479,473.433764
1,7480,189.593388
1,7481,280.425394
1,7482,114.526957
1,7483,391.537655
1,7484,286.400160
1,7485,203.577705
1,7486,103.811805
1,7487,284.353399
1,7488,232.570022
1,7489,265.026737
1,7490,218.279638
1,7491,104.768373
1,7492,287.806224
1,7493,249.047548
1,7494,61.711026
1,7495,363.843203
1,7496,222.545916
1,7497,250.256492
1,7498,198.503212
1,7499,290.150678
1,7500,379.234580
1,7501,206.737723
1,7502,61.222722
1,7503,378.686263
1,7504,98.836152
1,7505,355.735434
1,7506,96.226607
1,7507,357.812495
1,7508,90.717648
1,7509,107.361099
1,7510,312.695510
1,7511,334.752339
1,7512,92.199049
1,7513,181.570314
1,7514,95.940840
1,7515,230.584562
1,7516,143.301028
1,7517,133.061256
1,7518,184.972800
1,7519,245.274092
1,7520,292.314927
1,7521,95.391335
1,7522,178.509277
1,7523,153.866070
1,7524,468.564456
1,7525,99.527586
1,7526,517.636959
1,7527,125.269408
1,7528,454.343669
1,7529,110.632779
1,7530,286.162220
1,7531,254.182114
1,7532,463.325240
1,7533,154.680611
1,7534,92.091233
1,7535,409.377863
1,7536,138.575091
1,7537,398.044983
1,7538,182.406228
1,7539,283.914655
1,7540,318.905881
1,7541,98.101652
1,7542,154.508087
1,7543,43.354998
1,7544,396.578560
1,7545,90.723529
1,7546,268.337049
1,7547,262.631720
1,7548,262.787023
1,7549,296.928266
1,7550,285.590213
1,7551,57.926679
1,7552,134.945221
1,7553,259.377957
1,7554,87.172564
1,7555,230.595887
1,7556,195.981990
1,7557,213.569816
1,7558,286.449540
1,7559,485.845104
1,7560,116.044573
1,7561,221.752744
1,7562,278.213835
1,7563,257.005695
1,7564,256.053493
1,7565,90.277610
1,7566,166.484577
1,7567,183.297329
1,7568,98.768152
1,7569,59.116967
1,7570,324.701893
1,7571,89.621009
1,7572,185.637085
1,7573,455.185647
1,7574,59.185620
1,7575,325.047217
1,7576,143.827332
1,7577,289.060032
1,7578,95.322740
1,7579,215.561172
1,7580,93.073812
1,7581,342.197641
1,7582,179.523300
1,7583,267.258379
1,7584,371.630216
1,7585,109.859025
1,7586,75.221217
1,7587,306.029824
1,7588,107.969278
1,7589,160.052118
1,7590,149.108425
1,7591,260.369310
1,7592,229.725429
1,7593,95.338448
1,7594,234.244439
1,7595,127.269164
1,7596,245.843908
1,7597,221.341187
1,7598,109.902001
1,7599,416.710936
1,7600,89.432000
1,7601,216.784159
1,7602,88.445953
1,7603,299.060168
1,7604,180.316047
1,7605,235.063515
1,7606,87.553421
1,7607,157.933770
1,7608,183.428825
1,7609,304.575154
1,7610,84.107334
1,7611,304.848057
1,7612,92.001020
1,7613,295.650310
1,7614,295.825122
1,7615,272.477956
1,7616,131.752326
1,7617,112.916798
1,7618,59.992924
1,7619,334.819352
1,7620,88.174477
1,7621,434.350959
1,7622,291.120922
1,7623,293.737679
1,7624,106.143542
1,7625,245.185851
1,7626,127.819008
1,7627,223.088745
1,7628,283.763514
1,7629,282.762849
1,7630,341.058431
1,7631,94.166988
1,7632,85.435925
1,7633,332.666739
1,7634,482.238266
1,7635,530.979730
1,7636,382.169680
1,7637,411.385163
1,7638,292.009819
1,7639,68.810113
1,7640,311.363099
1,7641,97.139484
1,7642,346.123145
1,7643,224.724783
1,7644,314.184488
1,7645,166.372764
1,7646,126.957812
1,7647,256.791083
1,7648,86.908209
1,7649,209.118482
1,7650,416.076055
1,7651,107.041635
1,7652,397.867238
1,7653,93.871389
1,7654,217.644799
1,7655,480.295268
1,7656,386.639492
1,7657,341.235676
1,7658,222.740693
1,7659,117.900121
1,7660,161.248503
1,7661,81.906649
1,7662,200.155380
1,7663,276.451750
1,7664,410.465471
1,7665,198.273974
1,7666,428.933754
1,7667,111.888632
1,7668,122.835542
1,7669,201.041133
1,7670,250.683424
1,7671,81.596861
1,7672,254.043236
1,7673,81.394661
1,7674,122.309300
1,7675,84.423846
1,7676,206.974485
1,7677,296.991701
1,7678,320.638025
1,7679,343.364382
1,7680,294.198772
1,7681,169.779145
1,7682,117.168331
1,7683,287.407560
1,7684,327.896334
1,7685,391.539444
1,7686,80.744601
1,7687,335.290285
1,7688,50.709335
1,7689,286.516988
1,7690,232.642868
1,7691,79.296487
1,7692,175.723302
1,7693,312.686503
1,7694,248.292524
1,7695,311.645665
1,7696,333.489736
1,7697,349.993917
1,7698,395.358997
1,7699,82.452858
1,7700,130.857693
1,7701,323.011465
1,7702,130.606851
1,7703,203.155215
1,7704,139.497799
1,7705,100.946132
1,7706,288.601918
1,7707,68.942033
1,7708,274.961372
1,7709,214.678337
1,7710,204.232084
1,7711,288.118147
1,7712,370.151507
1,7713,74.252236
1,7714,210.140861
1,7715,111.876084
1,7716,299.082810
1,7717,79.000679
1,7718,283.523957
1,7719,142.036816
1,7720,330.384979
1,7721,283.346557
1,7722,92.113856
1,7723,407.367394
1,7724,356.390847
1,7725,368.953347
1,7726,432.526547
1,7727,348.923081
1,7728,89.327808
1,7729,233.362836
1,7730,82.898651
1,7731,237.230890
1,7732,326.088392
1,7733,81.561691
1,7734,160.440789
1,7735,269.658776
1,7736,124.676901
1,7737,161.975262
1,7738,80.402943
1,7739,722.829193
1,7740,83.090482
1,7741,314.486513
1,7742,133.211198
1,7743,240.721117
1,7744,80.990121
1,7745,163.730136
1,7746,317.646526
1,7747,348.393146
1,7748,80.700327
1,7749,59.262225
1,7750,286.549420
1,7751,79.483330
1,7752,346.230982
1,7753,90.717572
1,7754,182.716766
1,7755,519.002083
1,7756,80.083567
1,7757,340.231030
1,7758,78.305286
1,7759,261.330856
1,7760,198.186070
1,7761,210.179282
1,7762,258.067261
1,7763,272.278238
1,7764,176.756353
1,7765,199.640496
1,7766,367.551308
1,7767,77.466351
1,7768,160.187029
1,7769,206.365387
1,7770,230.067721
1,7771,160.533803
1,7772,89.876718
1,7773,291.251554
1,7774,225.987515
1,7775,79.473909
1,7776,186.093900
1,7777,167.313904
1,7778,259.072127
1,7779,116.356664
1,7780,75.594806
1,7781,302.320356
1,7782,160.329463
1,7783,167.220353
1,7784,214.737658
1,7785,256.173467
1,7786,222.675611
1,7787,331.235820
1,7788,111.959319
1,7789,154.437113
1,7790,75.606585
1,7791,168.248318
1,7792,74.629168
1,7793,223.132338
1,7794,73.896315
1,7795,82.694551
1,7796,255.621511
1,7797,283.691076
1,7798,325.155553
1,7799,276.008892
1,7800,162.103868
1,7801,285.512544
1,7802,78.736585
1,7803,271.984867
1,7804,130.774621
1,7805,191.929202
1,7806,245.053189
1,7807,504.899466
1,7808,213.877247
1,7809,270.480768
1,7810,351.223917
1,7811,182.629162
1,7812,383.111953
1,7813,311.415485
1,7814,260.927195
1,7815,207.315128
1,7816,71.862853
1,7817,280.573671
1,7818,73.820157
1,7819,225.213889
1,7820,322.151589
1,7821,286.154441
1,7822,76.164118
1,7823,321.917288
1,7824,283.124080
1,7825,267.986137
1,7826,263.859619
1,7827,342.729570
1,7828,114.593318
1,7829,90.868640
1,7830,107.634038
1,7831,276.754997
1,7832,235.956366
1,7833,297.081048
1,7834,241.378666
1,7835,354.296588
1,7836,235.206856
1,7837,149.610799
1,7838,418.098931
1,7839,94.667921
1,7840,278.336261
1,7841,350.650446
1,7842,338.704676
1,7843,331.705425
1,7844,325.231734
1,7845,81.109979
1,7846,228.211266
1,7847,382.160247
1,7848,130.211154
1,7849,228.528238
1,7850,399.742984
1,7851,351.863294
1,7852,329.864985
1,7853,304.781356
1,7854,121.997672
1,7855,349.020067
1,7856,275.443509
1,7857,319.420839
1,7858,80.590876
1,7859,159.774877
1,7860,235.689703
1,7861,317.191030
1,7862,310.083525
1,7863,79.148330
1,7864,369.054899
1,7865,89.974577
1,7866,413.228629
1,7867,495.441203
1,7868,406.776877
1,7869,76.080113
1,7870,49.705720
1,7871,296.556760
1,7872,77.914419
1,7873,252.938693
1,7874,175.709834
1,7875,248.240064
1,7876,144.061740
1,7877,268.495039
1,7878,226.624449
1,7879,171.324106
1,7880,68.590499
1,7881,163.014274
1,7882,244.013164
1,7883,110.205093
1,7884,185.033356
1,7885,211.371711
1,7886,152.863343
1,7887,127.179145
1,7888,292.877258
1,7889,351.422073
1,7890,233.773786
1,7891,164.822952
1,7892,143.207450
1,7893,116.336278
1,7894,241.311777
1,7895,269.205236
1,7896,82.646981
1,7897,276.997051
1,7898,81.623665
1,7899,164.282781
1,7900,51.857671
1,7901,119.492132
1,7902,274.009863
1,7903,322.505895
1,7904,239.641616
1,7905,306.950084
1,7906,216.017576
1,7907,127.809066
1,7908,266.630846
1,7909,286.105427
1,7910,166.747884
1,7911,247.763133
1,7912,246.353962
1,7913,343.431131
1,7914,232.632697
1,7915,258.015961
1,7916,93.622249
1,7917,403.270617
1,7918,65.418255
1,7919,273.005835
1,7920,80.142495
1,7921,184.766199
1,7922,178.155610
1,7923,306.611128
1,7924,78.504231
1,7925,188.813359
1,7926,643.170735
1,7927,621.102647
1,7928,312.612633
1,7929,302.405239
1,7930,47.975552
1,7931,352.034981
1,7932,344.067378
1,7933,364.995369
1,7934,293.329893
1,7935,257.264499
1,7936,83.341493
1,7937,101.632156
1,7938,404.122008
1,7939,249.235543
1,7940,361.463081
1,7941,440.576096
1,7942,441.353355
1,7943,381.982006
1,7944,362.246597
1,7945,101.850220
1,7946,362.944382
1,7947,271.879473
1,7948,561.951438
1,7949,434.234949
1,7950,344.454693
1,7951,401.697803
1,7952,88.699239
1,7953,352.949167
1,7954,350.835074
1,7955,396.043039
1,7956,495.455043
1,7957,265.300402
1,7958,239.163925
1,7959,427.489369
1,7960,56.006166
1,7961,188.750035
1,7962,322.039352
1,7963,353.072124
1,7964,354.233475
1,7965,265.877625
1,7966,341.981150
1,7967,332.721937
1,7968,104.675613
1,7969,108.623646
1,7970,475.991311
1,7971,134.744697
1,7972,350.620422
1,7973,412.934422
1,7974,87.468454
1,7975,378.698171
1,7976,87.671456
1,7977,171.270365
1,7978,153.966526
1,7979,261.916307
1,7980,292.493503
1,7981,160.264973
1,7982,289.404912
1,7983,70.692479
1,7984,250.772012
1,7985,309.886948
1,7986,75.046740
1,7987,98.516309
1,7988,446.473919
1,7989,308.325079
1,7990,77.166469
1,7991,421.959991
1,7992,300.903314
1,7993,390.284329
1,7994,78.284431
1,7995,237.578223
1,7996,87.013038
1,7997,383.213035
1,7998,187.179840
1,7999,355.761875
1,8000,305.374053
1,8001,342.427418
1,8002,282.206473
1,8003,513.278155
1,8004,320.382143
1,8005,491.414815
1,8006,372.007678
1,8007,481.796240
1,8008,84.547236
1,8009,216.552900
1,8010,113.518280
1,8011,398.857048
1,8012,471.383044
1,8013,94.059554
1,8014,240.641320
1,8015,89.866777
1,8016,218.155858
1,8017,188.444111
1,8018,195.745771
1,8019,87.243913
1,8020,338.547827
1,8021,90.756179
1,8022,312.581129
1,8023,88.344249
1,8024,101.492333
1,8025,395.610834
1,8026,284.668728
1,8027,375.600029
1,8028,300.921847
1,8029,105.603974
1,8030,160.807461
1,8031,221.377956
1,8032,320.297529
1,8033,75.195497
1,8034,359.410412
1,8035,85.614796
1,8036,88.154301
1,8037,390.967297
1,8038,124.554114
1,8039,353.211631
1,8040,349.966723
1,8041,100.642114
1,8042,270.990163
1,8043,289.770422
1,8044,53.866830
1,8045,232.815986
1,8046,87.074812
1,8047,359.569303
1,8048,445.349373
1,8049,390.988109
1,8050,441.525649
1,8051,251.793998
1,8052,296.415109
1,8053,312.656287
1,8054,265.166674
1,8055,372.863166
1,8056,314.857068
1,8057,245.298155
1,8058,108.923336
1,8059,225.643064
1,8060,252.556211
1,8061,350.052771
1,8062,98.674593
1,8063,207.877239
1,8064,367.499138
1,8065,100.470032
1,8066,493.180219
1,8067,146.671245
1,8068,341.970031
1,8069,309.162517
1,8070,188.904541
1,8071,84.281604
1,8072,313.535038
1,8073,87.024185
1,8074,306.843996
1,8075,193.310557
1,8076,234.666757
1,8077,246.503024
1,8078,69.772058
1,8079,210.121618
1,8080,330.474832
1,8081,262.755401
1,8082,247.280724
1,8083,116.397163
1,8084,191.752067
1,8085,288.753887
1,8086,339.224585
1,8087,413.128805
1,8088,49.394242
1,8089,230.633260
1,8090,352.507208
1,8091,81.968943
1,8092,279.202112
1,8093,80.586827
1,8094,98.726056
1,8095,307.918089
1,8096,70.226783
1,8097,191.380306
1,8098,89.237784
1,8099,207.818558
1,8100,194.198612
1,8101,95.599386
1,8102,163.163660
1,8103,247.271974
1,8104,106.553191
1,8105,341.474577
1,8106,101.669512
1,8107,140.293412
1,8108,414.731106
1,8109,87.505893
1,8110,385.595634
1,8111,436.628031
1,8112,197.053137
1,8113,496.980688
1,8114,96.998833
1,8115,298.625530
1,8116,313.207446
1,8117,476.425496
1,8118,288.377342
1,8119,252.878195
1,8120,317.112297
1,8121,212.410575
1,8122,321.358306
1,8123,95.906151
1,8124,538.624824
1,8125,86.733921
1,8126,83.733783
1,8127,499.618725
1,8128,453.710595
1,8129,198.184557
1,8130,322.511433
1,8131,281.447705
1,8132,578.245431
1,8133,84.211881
1,8134,328.179727
1,8135,135.764789
1,8136,343.749391
1,8137,295.093643
1,8138,197.975035
1,8139,301.378691
1,8140,298.959408
1,8141,191.380158
1,8142,366.310904
1,8143,266.807623
1,8144,484.929673
1,8145,339.299207
1,8146,501.155548
1,8147,429.202378
1,8148,337.498097
1,8149,81.835909
1,8150,332.240070
1,8151,312.365125
1,8152,379.340695
1,8153,388.249267
1,8154,79.801235
1,8155,367.080090
1,8156,345.736065
1,8157,358.251596
1,8158,418.278217
1,8159,505.220932
1,8160,265.516406
1,8161,313.622346
1,8162,342.968962
1,8163,127.821325
1,8164,369.663161
1,8165,247.846350
1,8166,153.453508
1,8167,207.949361
1,8168,67.114280
1,8169,127.863741
1,8170,254.662081
1,8171,211.314246
1,8172,228.273058
1,8173,83.435630
1,8174,47.354153
1,8175,75.948291
1,8176,143.752749
1,8177,250.574152
1,8178,228.435033
1,8179,82.798160
1,8180,177.172107
1,8181,92.148951
1,8182,281.312931
1,8183,125.289530
1,8184,227.081351
1,8185,45.292036
1,8186,206.600196
1,8187,103.894190
1,8188,263.065671
1,8189,85.792921
1,8190,168.511190
1,8191,53.619363
1,8192,298.081589
1,8193,211.285543
1,8194,242.040771
1,8195,243.150741
1,8196,88.217229
1,8197,168.723132
1,8198,96.387070
1,8199,294.939554
1,8200,375.072668
1,8201,46.337603
1,8202,268.130415
1,8203,177.887722
1,8204,84.417263
1,8205,130.779343
1,8206,82.777163
1,8207,94.024792
1,8208,52.518068
1,8209,268.382019
1,8210,81.970167
1,8211,122.402942
1,8212,259.599580
1,8213,297.183335
1,8214,86.644371
1,8215,205.470410
1,8216,92.096088
1,8217,247.227733
1,8218,83.693031
1,8219,202.817920
1,8220,90.049221
1,8221,85.497363
1,8222,268.603974
1,8223,118.713155
1,8224,270.161816
1,8225,196.566167
1,8226,84.376081
1,8227,242.920907
1,8228,290.771475
1,8229,307.731779
1,8230,365.369715
1,8231,123.960616
1,8232,100.794013
1,8233,124.579171
1,8234,296.435531
1,8235,363.706754
1,8236,252.560016
1,8237,80.556067
1,8238,238.303942
1,8239,77.932736
1,8240,243.123179
1,8241,247.359553
1,8242,179.964382
1,8243,307.917279
1,8244,79.642060
1,8245,268.874108
1,8246,1162.926100
1,8247,283.095634
1,8248,78.167501
1,8249,313.513079
1,8250,190.434124
1,8251,164.277543
1,8252,281.915424
1,8253,81.364272
1,8254,186.905223
1,8255,89.467351
1,8256,171.607292
1,8257,144.950641
1,8258,297.214067
1,8259,341.583603
1,8260,96.867392
1,8261,402.793276
1,8262,252.905407
1,8263,70.598412
1,8264,168.348419
1,8265,313.807636
1,8266,46.575410
1,8267,224.196255
1,8268,353.644939
1,8269,46.542298
1,8270,276.431533
1,8271,548.835604
1,8272,403.634946
1,8273,294.916334
1,8274,278.490972
1,8275,90.422440
1,8276,221.063726
1,8277,95.558245
1,8278,349.284593
1,8279,278.103753
1,8280,324.140311
1,8281,317.270988
1,8282,402.648718
1,8283,132.593909
1,8284,232.868633
1,8285,246.416306
1,8286,83.135987
1,8287,299.147508
1,8288,269.743777
1,8289,85.210965
1,8290,208.017353
1,8291,83.830978
1,8292,211.286824
1,8293,180.208434
1,8294,125.601630
1,8295,170.242322
1,8296,87.359146
1,8297,202.417007
1,8298,133.454334
1,8299,326.016317
1,8300,83.534408
1,8301,236.586031
1,8302,368.082551
1,8303,53.580847
1,8304,209.186730
1,8305,336.184271
1,8306,84.273848
1,8307,238.253265
1,8308,210.175157
1,8309,379.415377
1,8310,99.421669
1,8311,209.794937
1,8312,276.163892
1,8313,122.136513
1,8314,125.965308
1,8315,217.900197
1,8316,347.093888
1,8317,308.469576
1,8318,82.847700
1,8319,265.959494
1,8320,84.053557
1,8321,177.242268
1,8322,332.230044
1,8323,83.671388
1,8324,286.960214
1,8325,81.182039
1,8326,163.122621
1,8327,84.111560
1,8328,388.934958
1,8329,81.128576
1,8330,119.518009
1,8331,307.964887
1,8332,339.918474
1,8333,351.038031
1,8334,246.915620
1,8335,87.373117
1,8336,310.819239
1,8337,240.048929
1,8338,363.114998
1,8339,293.990404
1,8340,380.255150
1,8341,462.182936
1,8342,562.906816
1,8343,90.316911
1,8344,385.836697
1,8345,91.759882
1,8346,464.543316
1,8347,101.840455
1,8348,382.062431
1,8349,264.349889
1,8350,492.526077
1,8351,94.423509
1,8352,238.666785
1,8353,459.133459
1,8354,112.480590
1,8355,616.451474
1,8356,654.380740
1,8357,651.335727
1,8358,62.344298
1,8359,473.626429
1,8360,496.861818
1,8361,580.800745
1,8362,107.886667
1,8363,479.142907
1,8364,420.021420
1,8365,242.456248
1,8366,97.628061
1,8367,434.762392
1,8368,420.699394
1,8369,357.708595
1,8370,102.279732
1,8371,481.725725
1,8372,96.744733
1,8373,302.251239
1,8374,516.298324
1,8375,326.024054
1,8376,564.440151
1,8377,122.338414
1,8378,463.165576
1,8379,585.215597
1,8380,105.952056
1,8381,411.102306
1,8382,748.140320
1,8383,471.133880
1,8384,612.258344
1,8385,422.182909
1,8386,110.513361
1,8387,379.435265
1,8388,276.371911
1,8389,222.171022
1,8390,244.402395
1,8391,396.355429
1,8392,74.901534
1,8393,426.384947
1,8394,296.997790
1,8395,105.221889
1,8396,321.223060
1,8397,386.338142
1,8398,159.369286
1,8399,434.979009
1,8400,445.356516
1,8401,328.910705
1,8402,91.921498
1,8403,240.380833
1,8404,160.947985
1,8405,299.540815
1,8406,84.588809
1,8407,466.498040
1,8408,143.825303
1,8409,110.077586
1,8410,93.541123
1,8411,485.270710
1,8412,101.784653
1,8413,73.148045
1,8414,202.328478
1,8415,368.774521
1,8416,788.856604
1,8417,591.449043
1,8418,103.100743
1,8419,662.397031
1,8420,120.083832
1,8421,219.227182
1,8422,222.737921
1,8423,510.403293
1,8424,139.617164
1,8425,647.720416
1,8426,98.574002
1,8427,471.330116
1,8428,281.715123
1,8429,458.867774
1,8430,118.926866
1,8431,285.316295
1,8432,187.825311
1,8433,578.530511
1,8434,130.633326
1,8435,540.524869
1,8436,229.334669
1,8437,311.541840
1,8438,447.171606
1,8439,473.869814
1,8440,103.130474
1,8441,233.773961
1,8442,471.818146
1,8443,61.112239
1,8444,437.639798
1,8445,357.721776
1,8446,401.371882
1,8447,369.103018
1,8448,110.793731
1,8449,407.750959
1,8450,357.318126
1,8451,254.854995
1,8452,548.681532
1,8453,102.104809
1,8454,201.693208
1,8455,502.051218
1,8456,96.265071
1,8457,247.924930
1,8458,475.654885
1,8459,553.771491
1,8460,440.184947
1,8461,354.043288
1,8462,373.487226
1,8463,116.127099
1,8464,316.858091
1,8465,339.500217
1,8466,89.395242
1,8467,426.492856
1,8468,86.304241
1,8469,488.112919
1,8470,261.601147
1,8471,477.623060
1,8472,90.533884
1,8473,225.256718
1,8474,415.637281
1,8475,799.003330
1,8476,373.125361
1,8477,406.321597
1,8478,135.676227
1,8479,457.268461
1,8480,100.354416
1,8481,407.054078
1,8482,556.052520
1,8483,214.107993
1,8484,106.250996
1,8485,382.094795
1,8486,296.288162
1,8487,404.136416
1,8488,95.693925
1,8489,385.206867
1,8490,620.878627
1,8491,137.982548
1,8492,206.064756
1,8493,251.935496
1,8494,62.531005
1,8495,599.838539
1,8496,580.641931
1,8497,94.880616
1,8498,663.712349
1,8499,546.999717
1,8500,501.369922
1,8501,115.859006
1,8502,203.971280
1,8503,492.340158
1,8504,513.577338
1,8505,543.299003
1,8506,112.246884
1,8507,556.457219
1,8508,553.615600
1,8509,113.715192
1,8510,516.083706
1,8511,364.332115
1,8512,101.971454
1,8513,451.747187
1,8514,283.630506
1,8515,329.263905
1,8516,173.516078
1,8517,204.376795
1,8518,320.825373
1,8519,93.327632
1,8520,592.473744
1,8521,367.147365
1,8522,405.570971
1,8523,509.254861
1,8524,74.110223
1,8525,546.945149
1,8526,127.107420
1,8527,58.702190
1,8528,476.716075
1,8529,411.051486
1,8530,97.026172
1,8531,310.346034
1,8532,257.094564
1,8533,402.891079
1,8534,106.623965
1,8535,66.600718
1,8536,435.658767
1,8537,529.814563
1,8538,440.197671
1,8539,119.694453
1,8540,376.392818
1,8541,114.802193
1,8542,400.279829
1,8543,504.694241
1,8544,359.709471
1,8545,177.583362
1,8546,381.091602
1,8547,153.410769
1,8548,93.186783
1,8549,296.398106
1,8550,96.875719
1,8551,364.558083
1,8552,380.435082
1,8553,468.113507
1,8554,127.359098
1,8555,406.293793
1,8556,339.047317
1,8557,500.566828
1,8558,372.306500
1,8559,124.090501
1,8560,436.471415
1,8561,191.520699
1,8562,532.089240
1,8563,87.978899
1,8564,344.672131
1,8565,446.762262
1,8566,273.570218
1,8567,385.499887
1,8568,373.405409
1,8569,92.058878
1,8570,393.038774
1,8571,410.544093
1,8572,106.525594
1,8573,448.758396
1,8574,603.132036
1,8575,209.620603
1,8576,557.427789
1,8577,291.796383
1,8578,239.031481
1,8579,386.100045
1,8580,181.193918
1,8581,402.634636
1,8582,162.072523
1,8583,470.157044
1,8584,60.716196
1,8585,501.759484
1,8586,344.441159
1,8587,95.742204
1,8588,364.639457
1,8589,107.140039
1,8590,429.967526
1,8591,202.457761
1,8592,277.771163
1,8593,309.503445
1,8594,195.998373
1,8595,112.441534
1,8596,428.814813
1,8597,345.395352
1,8598,453.923653
1,8599,517.243017
1,8600,436.187909
1,8601,120.040838
1,8602,458.716714
1,8603,267.666229
1,8604,237.240887
1,8605,233.066538
1,8606,111.711239
1,8607,460.135923
1,8608,466.950883
1,8609,526.570698
1,8610,68.232832
1,8611,550.061577
1,8612,417.230261
1,8613,100.100358
1,8614,237.249549
1,8615,584.142191
1,8616,109.097126
1,8617,535.092258
1,8618,96.503124
1,8619,337.613309
1,8620,103.860129
1,8621,519.726893
1,8622,442.268027
1,8623,216.587996
1,8624,169.204503
1,8625,253.200446
1,8626,358.998567
1,8627,408.577801
1,8628,479.618953
1,8629,232.383857
1,8630,483.386925
1,8631,97.168165
1,8632,445.174260
1,8633,462.311682
1,8634,107.858038
1,8635,368.281984
1,8636,344.098231
1,8637,494.378705
1,8638,107.845180
1,8639,673.280937
1,8640,561.386882
1,8641,93.291697
1,8642,93.742990
1,8643,453.194313
1,8644,93.352232
1,8645,172.071773
1,8646,493.947826
1,8647,200.997300
1,8648,507.973231
1,8649,306.519641
1,8650,238.509659
1,8651,317.055935
1,8652,439.078470
1,8653,80.660516
1,8654,52.834382
1,8655,380.119629
1,8656,465.781905
1,8657,95.735858
1,8658,377.494277
1,8659,86.969120
1,8660,459.247077
1,8661,432.258577
1,8662,91.386078
1,8663,196.966535
1,8664,96.038795
1,8665,338.230864
1,8666,367.275044
1,8667,90.994522
1,8668,420.569796
1,8669,289.978250
1,8670,420.547470
1,8671,92.731568
1,8672,330.863467
1,8673,497.769588
1,8674,480.122422
1,8675,255.061788
1,8676,118.822171
1,8677,533.603105
1,8678,269.985486
1,8679,72.170605
1,8680,273.145582
1,8681,256.954971
1,8682,400.219396
1,8683,80.147464
1,8684,250.557889
1,8685,488.270847
1,8686,435.833669
1,8687,147.972389
1,8688,370.219358
1,8689,88.847752
1,8690,215.620673
1,8691,371.966915
1,8692,99.761643
1,8693,284.338964
1,8694,106.358604
1,8695,470.917458
1,8696,194.778995
1,8697,424.173876
1,8698,235.012005
1,8699,189.762710
1,8700,373.485947
1,8701,60.476194
1,8702,227.567645
1,8703,126.817082
1,8704,371.840126
1,8705,59.312523
1,8706,341.164776
1,8707,91.974036
1,8708,414.359440
1,8709,113.697479
1,8710,92.113805
1,8711,219.749997
1,8712,281.295878
1,8713,187.967456
1,8714,166.546329
1,8715,518.314483
1,8716,94.439495
1,8717,447.340798
1,8718,343.602083
1,8719,94.550203
1,8720,318.873895
1,8721,100.633559
1,8722,131.676149
1,8723,438.672726
1,8724,92.247022
1,8725,58.554375
1,8726,408.210616
1,8727,92.888053
1,8728,297.704295
1,8729,141.248519
1,8730,90.517996
1,8731,345.212319
1,8732,375.092978
1,8733,306.314927
1,8734,289.535370
1,8735,269.372070
1,8736,447.942010
1,8737,95.684710
1,8738,564.849286
1,8739,384.084318
1,8740,125.500870
1,8741,416.592623
1,8742,365.405203
1,8743,435.568400
1,8744,145.291905
1,8745,249.443677
1,8746,147.255596
1,8747,395.407572
1,8748,290.136932
1,8749,151.252971
1,8750,329.688957
1,8751,62.850104
1,8752,277.446293
1,8753,87.989686
1,8754,132.973237
1,8755,242.121330
1,8756,190.789640
1,8757,226.840188
1,8758,43.719239
1,8759,177.785077
1,8760,75.875278
1,8761,270.493536
1,8762,49.825949
1,8763,214.880018
1,8764,94.752174
1,8765,260.904553
1,8766,108.177289
1,8767,99.553576
1,8768,214.953605
1,8769,276.659035
1,8770,217.433974
1,8771,230.442486
1,8772,346.848972
1,8773,87.061469
1,8774,450.217659
1,8775,490.799497
1,8776,121.360504
1,8777,136.415547
1,8778,297.091775
1,8779,58.819462
1,8780,457.943293
1,8781,113.742194
1,8782,478.271625
1,8783,436.213143
1,8784,88.453226
1,8785,378.820780
1,8786,362.736960
1,8787,103.646681
1,8788,283.541292
1,8789,93.050868
1,8790,106.206281
1,8791,449.150484
1,8792,105.956137
1,8793,71.397367
1,8794,419.506354
1,8795,113.403684
1,8796,306.763023
1,8797,169.330453
1,8798,105.163853
1,8799,352.865741
1,8800,345.729032
1,8801,120.305395
1,8802,455.467820
1,8803,412.334612
1,8804,103.445357
1,8805,378.635678
1,8806,390.677681
1,8807,337.686783
1,8808,276.825824
1,8809,284.206076
1,8810,253.722452
1,8811,458.038489
1,8812,89.795511
1,8813,397.079793
1,8814,91.138324
1,8815,56.607198
1,8816,282.500512
1,8817,93.445558
1,8818,146.886140
1,8819,249.004231
1,8820,200.548152
1,8821,343.108178
1,8822,142.071070
1,8823,158.212270
1,8824,230.681887
1,8825,185.651008
1,8826,182.921778
1,8827,543.439121
1,8828,134.471089
1,8829,140.888485
1,8830,395.276387
1,8831,584.332354
1,8832,262.035605
1,8833,71.904197
1,8834,269.366144
1,8835,81.901225
1,8836,367.607472
1,8837,221.539148
1,8838,357.493046
1,8839,173.036586
1,8840,326.262423
1,8841,82.562088
1,8842,198.878746
1,8843,289.929718
1,8844,56.158355
1,8845,418.077301
1,8846,111.408401
1,8847,191.688911
1,8848,399.257399
1,8849,364.738002
1,8850,177.307587
1,8851,88.321983
1,8852,367.234669
1,8853,264.813427
1,8854,55.956955
1,8855,327.142783
1,8856,383.659958
1,8857,104.585380
1,8858,323.547922
1,8859,98.184902
1,8860,442.048090
1,8861,107.779139
1,8862,380.536610
1,8863,144.870301
1,8864,276.653221
1,8865,314.668657
1,8866,190.225152
1,8867,264.006517
1,8868,99.676705
1,8869,405.618019
1,8870,100.420877
1,8871,190.672625
1,8872,138.179162
1,8873,147.768405
1,8874,435.039270
1,8875,117.258364
1,8876,323.743460
1,8877,521.414580
1,8878,55.100929
1,8879,462.675391
1,8880,87.947614
1,8881,106.884568
1,8882,361.661503
1,8883,95.595933
1,8884,63.909049
1,8885,270.954659
1,8886,327.873053
1,8887,97.557471
1,8888,264.531327
1,8889,395.864858
1,8890,406.907346
1,8891,278.151107
1,8892,71.980306
1,8893,293.014789
1,8894,135.231301
1,8895,110.841967
1,8896,361.065659
1,8897,297.122417
1,8898,104.690627
1,8899,384.814132
1,8900,164.023504
1,8901,104.103895
1,8902,216.514527
1,8903,391.911133
1,8904,125.227707
1,8905,244.311213
1,8906,413.740546
1,8907,85.535545
1,8908,223.311749
1,8909,270.670553
1,8910,376.631543
1,8911,104.784952
1,8912,284.667201
1,8913,364.081321
1,8914,97.748374
1,8915,107.282301
1,8916,351.257313
1,8917,453.234907
1,8918,106.661378
1,8919,118.112251
1,8920,210.027536
1,8921,233.750924
1,8922,95.526500
1,8923,150.177372
1,8924,370.553859
1,8925,95.868174
1,8926,72.322162
1,8927,251.681760
1,8928,474.982661
1,8929,267.475801
1,8930,393.578120
1,8931,143.305488
1,8932,312.859326
1,8933,409.605167
1,8934,131.772073
1,8935,415.911287
1,8936,110.945222
1,8937,191.119704
1,8938,395.613791
1,8939,203.339175
1,8940,324.288972
1,8941,90.263100
1,8942,409.441357
1,8943,318.734918
1,8944,170.390031
1,8945,229.247915
1,8946,292.173737
1,8947,114.927760
1,8948,416.092000
1,8949,102.785851
1,8950,435.394736
1,8951,262.312493
1,8952,467.740194
1,8953,509.898522
1,8954,121.977504
1,8955,332.993143
1,8956,283.644763
1,8957,521.002444
1,8958,313.247627
1,8959,196.280066
1,8960,353.256804
1,8961,101.363670
1,8962,379.876059
1,8963,107.533203
1,8964,391.374670
1,8965,364.236725
1,8966,89.003026
1,8967,402.364570
1,8968,103.766110
1,8969,390.439121
1,8970,104.487724
1,8971,534.923599
1,8972,305.256105
1,8973,52.113759
1,8974,288.861985
1,8975,265.781578
1,8976,478.300032
1,8977,105.844673
1,8978,342.651590
1,8979,98.726693
1,8980,284.230122
1,8981,98.440328
1,8982,266.998086
1,8983,484.391994
1,8984,92.703572
1,8985,454.389814
1,8986,310.477802
1,8987,429.025864
1,8988,82.132320
1,8989,402.570039
1,8990,352.928967
1,8991,86.408004
1,8992,165.355994
1,8993,539.210576
1,8994,459.243745
1,8995,44.542024
1,8996,338.277092
1,8997,209.461622
1,8998,311.462731
1,8999,88.161196
1,9000,283.884553
1,9001,471.473329
1,9002,109.751344
1,9003,506.924305
1,9004,437.395681
1,9005,229.322415
1,9006,346.336383
1,9007,93.300755
1,9008,343.547230
1,9009,174.263803
1,9010,100.553283
1,9011,199.187054
1,9012,236.428598
1,9013,290.675183
1,9014,455.319500
1,9015,448.516255
1,9016,459.697393
1,9017,125.298060
1,9018,528.724563
1,9019,114.177986
1,9020,294.231317
1,9021,117.501351
1,9022,122.778137
1,9023,283.043550
1,9024,203.777835
1,9025,96.930376
1,9026,400.084377
1,9027,119.437602
1,9028,220.851533
1,9029,895.853102
1,9030,360.461706
1,9031,222.913866
1,9032,110.874799
1,9033,693.845826
1,9034,326.132779
1,9035,413.967515
1,9036,97.704026
1,9037,530.913438
1,9038,360.381375
1,9039,267.098018
1,9040,197.995606
1,9041,346.579389
1,9042,327.242376
1,9043,219.717641
1,9044,199.025257
1,9045,434.354188
1,9046,343.535830
1,9047,99.058381
1,9048,238.738208
1,9049,258.639167
1,9050,341.982768
1,9051,342.283698
1,9052,304.146819
1,9053,102.212063
1,9054,404.175860
1,9055,96.815626
1,9056,121.428711
1,9057,274.436592
1,9058,97.672601
1,9059,318.916172
1,9060,369.931607
1,9061,66.187157
1,9062,210.291721
1,9063,187.831611
1,9064,83.927048
1,9065,237.872055
1,9066,167.441592
1,9067,269.123321
1,9068,107.407859
1,9069,509.786264
1,9070,224.893408
1,9071,100.383333
1,9072,382.302417
1,9073,298.040306
1,9074,120.018337
1,9075,80.593160
1,9076,318.582419
1,9077,259.246481
1,9078,334.412785
1,9079,290.463149
1,9080,195.920530
1,9081,379.100277
1,9082,276.794464
1,9083,61.901895
1,9084,217.757522
1,9085,229.451710
1,9086,411.232261
1,9087,168.540047
1,9088,484.280978
1,9089,297.118901
1,9090,97.714811
1,9091,188.730532
1,9092,100.868683
1,9093,193.501493
1,9094,350.807893
1,9095,485.523298
1,9096,355.508863
1,9097,118.906130
1,9098,254.424019
1,9099,63.851055
1,9100,508.422212
1,9101,97.490025
1,9102,305.632223
1,9103,287.059366
1,9104,298.974040
1,9105,170.948004
1,9106,337.082914
1,9107,461.177917
1,9108,101.250391
1,9109,71.220634
1,9110,374.309557
1,9111,96.593812
1,9112,204.091322
1,9113,318.738638
1,9114,98.388500
1,9115,452.440525
1,9116,94.062138
1,9117,457.000817
1,9118,292.916677
1,9119,265.991910
1,9120,137.214483
1,9121,334.055844
1,9122,58.879487
1,9123,396.939588
1,9124,154.101517
1,9125,247.722682
1,9126,265.765522
1,9127,98.007686
1,9128,494.146084
1,9129,97.870211
1,9130,252.158954
1,9131,302.434287
1,9132,139.633015
1,9133,532.512375
1,9134,94.186131
1,9135,296.762459
1,9136,348.728465
1,9137,129.869803
1,9138,197.934250
1,9139,331.488451
1,9140,172.321459
1,9141,107.841052
1,9142,273.154979
1,9143,288.143760
1,9144,131.757708
1,9145,141.136645
1,9146,97.049452
1,9147,234.675317
1,9148,333.988748
1,9149,219.510423
1,9150,420.126319
1,9151,204.297645
1,9152,432.413723
1,9153,405.553487
1,9154,373.506978
1,9155,342.820301
1,9156,104.470469
1,9157,217.768929
1,9158,247.589576
1,9159,334.659838
1,9160,106.357296
1,9161,360.068720
1,9162,167.439977
1,9163,404.084991
1,9164,355.419045
1,9165,209.406912
1,9166,117.799646
1,9167,144.232714
1,9168,452.109450
1,9169,349.550741
1,9170,95.555600
1,9171,323.276891
1,9172,100.440191
1,9173,404.253876
1,9174,454.163608
1,9175,115.270998
1,9176,435.337166
1,9177,104.258517
1,9178,362.456649
1,9179,108.329862
1,9180,261.765766
1,9181,86.031496
1,9182,514.938141
1,9183,109.825312
1,9184,217.327905
1,9185,233.718396
1,9186,195.428377
1,9187,174.352509
1,9188,399.869451
1,9189,93.840557
1,9190,370.453817
1,9191,259.756049
1,9192,475.065675
1,9193,244.118559
1,9194,239.748006
1,9195,205.946977
1,9196,156.250260
1,9197,341.977934
1,9198,500.750100
1,9199,159.245716
1,9200,457.149709
1,9201,110.591352
1,9202,178.404752
1,9203,430.439209
1,9204,166.319090
1,9205,170.343595
1,9206,185.144036
1,9207,178.502353
1,9208,294.125768
1,9209,85.542111
1,9210,420.216902
1,9211,150.874189
1,9212,479.058928
1,9213,104.086663
1,9214,229.093693
1,9215,96.896603
1,9216,110.244005
1,9217,167.160834
1,9218,102.995451
1,9219,106.629815
1,9220,317.512201
1,9221,56.445826
1,9222,282.143728
1,9223,417.514737
1,9224,189.758915
1,9225,121.936244
1,9226,266.026611
1,9227,281.370211
1,9228,88.977345
1,9229,308.288938
1,9230,63.612067
1,9231,259.862051
1,9232,110.342597
1,9233,214.863072
1,9234,459.528840
1,9235,376.116175
1,9236,89.282354
1,9237,133.609420
1,9238,132.640122
1,9239,389.076828
1,9240,87.938758
1,9241,456.711240
1,9242,98.312977
1,9243,350.639654
1,9244,131.605228
1,9245,273.718427
1,9246,169.187547
1,9247,315.680767
1,9248,287.866212
1,9249,94.883820
1,9250,184.045292
1,9251,324.424957
1,9252,274.751803
1,9253,445.456633
1,9254,187.459646
1,9255,293.015931
1,9256,98.656258
1,9257,372.215641
1,9258,182.274526
1,9259,350.971204
1,9260,60.158277
1,9261,290.987209
1,9262,96.717980
1,9263,96.428277
1,9264,241.115198
1,9265,109.131358
1,9266,109.975575
1,9267,154.867265
1,9268,258.731749
1,9269,94.706912
1,9270,214.143152
1,9271,94.487812
1,9272,332.263355
1,9273,135.709975
1,9274,176.701975
1,9275,444.429200
1,9276,138.612020
1,9277,97.653607
1,9278,354.345884
1,9279,360.965433
1,9280,215.694197
1,9281,299.602537
1,9282,123.163958
1,9283,310.818128
1,9284,141.598494
1,9285,205.681529
1,9286,439.555383
1,9287,95.537146
1,9288,189.069681
1,9289,371.713085
1,9290,398.784904
1,9291,98.747963
1,9292,232.828331
1,9293,94.473877
1,9294,299.233712
1,9295,129.205167
1,9296,389.000580
1,9297,638.077270
1,9298,173.236495
1,9299,353.909601
1,9300,117.318363
1,9301,264.137231
1,9302,407.655728
1,9303,404.163086
1,9304,104.403468
1,9305,230.451851
1,9306,176.392277
1,9307,91.783654
1,9308,307.117396
1,9309,101.993262
1,9310,410.052880
1,9311,128.988424
1,9312,426.016099
1,9313,135.188224
1,9314,141.079616
1,9315,295.231968
1,9316,492.878251
1,9317,363.475801
1,9318,108.734578
1,9319,141.222235
1,9320,375.004148
1,9321,310.062243
1,9322,144.142710
1,9323,423.744880
1,9324,258.223683
1,9325,94.979153
1,9326,1072.404360
1,9327,167.907704
1,9328,129.543248
1,9329,504.580628
1,9330,326.944447
1,9331,508.601051
1,9332,87.827713
1,9333,394.579984
1,9334,223.883812
1,9335,336.278031
1,9336,112.640238
1,9337,224.996707
1,9338,259.163177
1,9339,319.284591
1,9340,361.133694
1,9341,312.631584
1,9342,92.130408
1,9343,183.521950
1,9344,121.514753
1,9345,220.711989
1,9346,180.039790
1,9347,312.057749
1,9348,100.798799
1,9349,192.899796
1,9350,101.788326
1,9351,305.741566
1,9352,93.143985
1,9353,285.657687
1,9354,221.347041
1,9355,94.688735
1,9356,400.149189
1,9357,217.885320
1,9358,204.156014
1,9359,352.976209
1,9360,63.116262
1,9361,354.124518
1,9362,310.629354
1,9363,238.796200
1,9364,472.553550
1,9365,184.723805
1,9366,282.126495
1,9367,118.012523
1,9368,399.994095
1,9369,285.114719
1,9370,206.095177
1,9371,103.828405
1,9372,281.667739
1,9373,238.978861
1,9374,270.787556
1,9375,216.783750
1,9376,105.249768
1,9377,283.297135
1,9378,244.263792
1,9379,61.714012
1,9380,360.825563
1,9381,220.051729
1,9382,259.467466
1,9383,201.300904
1,9384,302.585834
1,9385,386.290877
1,9386,206.810983
1,9387,61.225701
1,9388,391.996760
1,9389,103.246230
1,9390,386.526285
1,9391,96.243411
1,9392,367.549436
1,9393,90.728974
1,9394,102.106583
1,9395,314.265127
1,9396,341.429709
1,9397,92.210265
1,9398,188.072550
1,9399,96.498801
1,9400,236.511821
1,9401,146.479195
1,9402,133.088100
1,9403,185.884032
1,9404,247.844503
1,9405,292.247350
1,9406,95.407532
1,9407,179.121335
1,9408,155.173717
1,9409,470.970158
1,9410,99.543401
1,9411,523.309376
1,9412,125.735184
1,9413,451.588201
1,9414,110.647949
1,9415,292.731169
1,9416,257.313448
1,9417,446.527648
1,9418,150.504184
1,9419,95.687160
1,9420,411.325069
1,9421,139.133026
1,9422,399.918704
1,9423,185.198273
1,9424,279.141846
