subtaskID,datapointID,answer
1,0,321.940531
1,1,102.270972
1,2,151.663596
1,3,47.754206
1,4,389.107701
1,5,91.731415
1,6,261.468789
1,7,260.356274
1,8,258.639552
1,9,299.297062
1,10,286.667477
1,11,61.265366
1,12,132.532253
1,13,259.012958
1,14,87.815097
1,15,234.786897
1,16,199.478296
1,17,218.595930
1,18,279.898474
1,19,479.804538
1,20,120.210374
1,21,225.787599
1,22,277.845097
1,23,273.007560
1,24,259.173174
1,25,90.511639
1,26,173.343773
1,27,184.512660
1,28,103.483432
1,29,62.847241
1,30,324.405635
1,31,90.028299
1,32,183.748824
1,33,451.303543
1,34,62.959888
1,35,346.121591
1,36,160.554604
1,37,294.789112
1,38,98.938470
1,39,214.861451
1,40,93.866227
1,41,347.855502
1,42,178.774977
1,43,271.113009
1,44,372.789452
1,45,114.719943
1,46,78.541078
1,47,307.799785
1,48,115.203848
1,49,165.533098
1,50,151.572254
1,51,266.429376
1,52,229.810019
1,53,96.616278
1,54,231.264847
1,55,132.474604
1,56,249.694623
1,57,222.108910
1,58,113.674796
1,59,415.143581
1,60,90.544927
1,61,219.705371
1,62,89.444889
1,63,304.401033
1,64,178.537969
1,65,235.356701
1,66,88.639510
1,67,159.511645
1,68,185.052523
1,69,304.323727
1,70,84.333918
1,71,302.737889
1,72,92.858925
1,73,291.635852
1,74,292.408761
1,75,268.801511
1,76,129.158779
1,77,113.265297
1,78,63.758659
1,79,329.992738
1,80,88.972261
1,81,432.047464
1,82,298.458143
1,83,293.595239
1,84,115.127595
1,85,242.097996
1,86,125.958427
1,87,221.694792
1,88,280.006957
1,89,279.116949
1,90,334.110308
1,91,97.957857
1,92,85.269604
1,93,334.725859
1,94,528.499993
1,95,559.154639
1,96,401.628807
1,97,420.310343
1,98,300.367063
1,99,69.552535
1,100,319.676742
1,101,106.844373
1,102,347.470225
1,103,228.271642
1,104,321.414746
1,105,180.117891
1,106,127.595525
1,107,261.061880
1,108,92.024521
1,109,216.586616
1,110,414.664474
1,111,117.382908
1,112,406.855965
1,113,100.445629
1,114,239.594951
1,115,526.106962
1,116,388.173191
1,117,351.707386
1,118,233.241597
1,119,130.462164
1,120,168.415906
1,121,82.368137
1,122,198.914553
1,123,274.918478
1,124,423.475009
1,125,205.130653
1,126,436.060890
1,127,119.134221
1,128,119.994071
1,129,208.076484
1,130,251.435882
1,131,82.301873
1,132,264.135758
1,133,82.157216
1,134,120.754694
1,135,85.610205
1,136,204.740501
1,137,290.946154
1,138,323.332419
1,139,342.095980
1,140,296.073756
1,141,175.625711
1,142,115.679675
1,143,289.923438
1,144,321.355396
1,145,390.440101
1,146,81.589485
1,147,328.134936
1,148,55.320671
1,149,280.963052
1,150,229.737001
1,151,80.272947
1,152,172.239754
1,153,308.182931
1,154,250.815044
1,155,313.637711
1,156,326.249920
1,157,349.015473
1,158,391.611306
1,159,82.694624
1,160,134.261598
1,161,316.079851
1,162,129.182245
1,163,198.929815
1,164,139.408668
1,165,98.274617
1,166,278.192766
1,167,69.446286
1,168,273.734387
1,169,210.245498
1,170,202.862295
1,171,288.795035
1,172,368.180840
1,173,74.616564
1,174,211.803367
1,175,110.150228
1,176,299.775914
1,177,79.396866
1,178,286.523809
1,179,145.399022
1,180,322.918129
1,181,297.104996
1,182,94.746718
1,183,411.173078
1,184,363.400661
1,185,378.948634
1,186,437.841260
1,187,346.641668
1,188,89.807373
1,189,229.393651
1,190,83.362943
1,191,234.187523
1,192,321.093293
1,193,82.058871
1,194,158.173411
1,195,266.275186
1,196,122.961327
1,197,159.764013
1,198,81.164419
1,199,744.637963
1,200,83.805021
1,201,313.504560
1,202,135.340819
1,203,236.152219
1,204,81.440853
1,205,161.467298
1,206,312.814322
1,207,346.359084
1,208,81.277155
1,209,63.372002
1,210,282.720404
1,211,80.355156
1,212,360.527147
1,213,96.168206
1,214,183.906565
1,215,513.405981
1,216,80.741269
1,217,334.707878
1,218,79.228973
1,219,257.720200
1,220,205.234180
1,221,217.739255
1,222,269.922226
1,223,279.299339
1,224,191.526791
1,225,200.392148
1,226,374.995934
1,227,78.628088
1,228,157.689928
1,229,205.599409
1,230,226.259043
1,231,158.910139
1,232,95.373106
1,233,296.037052
1,234,223.212429
1,235,80.729418
1,236,183.443583
1,237,164.463552
1,238,255.744720
1,239,114.785071
1,240,77.008824
1,241,296.979162
1,242,158.996924
1,243,164.599025
1,244,216.765040
1,245,259.603282
1,246,221.615119
1,247,330.844044
1,248,111.130806
1,249,153.472499
1,250,76.739429
1,251,167.079545
1,252,75.943944
1,253,222.031052
1,254,75.441182
1,255,84.082671
1,256,251.688496
1,257,284.869665
1,258,320.360894
1,259,271.571131
1,260,161.679165
1,261,282.476111
1,262,80.325665
1,263,267.605192
1,264,129.862450
1,265,190.468826
1,266,241.170372
1,267,519.242400
1,268,210.275062
1,269,265.061051
1,270,337.597694
1,271,175.608777
1,272,383.744088
1,273,296.512068
1,274,249.495158
1,275,202.688482
1,276,72.288828
1,277,278.852437
1,278,74.178096
1,279,224.150362
1,280,328.466503
1,281,293.399236
1,282,77.369261
1,283,325.703917
1,284,289.791457
1,285,279.094519
1,286,263.939784
1,287,341.876574
1,288,113.409113
1,289,92.110804
1,290,111.991088
1,291,276.512361
1,292,235.912096
1,293,297.652715
1,294,241.634307
1,295,350.497018
1,296,230.549907
1,297,152.431342
1,298,413.502537
1,299,98.046308
1,300,278.248378
1,301,362.819447
1,302,336.762253
1,303,333.112259
1,304,317.974107
1,305,82.093959
1,306,226.424918
1,307,381.552106
1,308,135.699324
1,309,226.851849
1,310,392.342670
1,311,344.851071
1,312,323.851334
1,313,300.106791
1,314,125.066149
1,315,353.803038
1,316,273.640459
1,317,314.548230
1,318,81.167739
1,319,157.825174
1,320,239.171765
1,321,315.399457
1,322,306.045579
1,323,84.358786
1,324,361.258948
1,325,94.502833
1,326,407.438579
1,327,489.941236
1,328,398.568525
1,329,77.541632
1,330,54.503403
1,331,293.806035
1,332,81.428628
1,333,251.165811
1,334,169.294727
1,335,248.931012
1,336,144.430880
1,337,264.303774
1,338,231.424710
1,339,171.372905
1,340,69.326320
1,341,164.514879
1,342,234.462411
1,343,107.234571
1,344,181.359436
1,345,207.027443
1,346,150.200833
1,347,144.570625
1,348,291.061974
1,349,345.570273
1,350,231.634523
1,351,167.594544
1,352,146.661375
1,353,114.904353
1,354,250.318326
1,355,274.194819
1,356,83.976496
1,357,273.545356
1,358,83.094094
1,359,162.451995
1,360,57.219353
1,361,118.560285
1,362,288.698096
1,363,332.145629
1,364,241.422841
1,365,306.842067
1,366,221.713831
1,367,126.823156
1,368,271.322820
1,369,284.786732
1,370,169.331095
1,371,255.950228
1,372,247.787366
1,373,343.614486
1,374,237.148799
1,375,267.031166
1,376,99.730876
1,377,409.370934
1,378,76.568809
1,379,277.870308
1,380,81.436639
1,381,186.893467
1,382,183.194143
1,383,306.408650
1,384,79.807218
1,385,185.741430
1,386,663.216717
1,387,667.179563
1,388,303.997977
1,389,296.038444
1,390,52.243943
1,391,343.395881
1,392,339.579039
1,393,361.994851
1,394,287.637453
1,395,257.220531
1,396,85.800540
1,397,106.756486
1,398,399.156516
1,399,246.087375
1,400,357.350850
1,401,434.258003
1,402,443.966907
1,403,382.197157
1,404,364.899447
1,405,103.265767
1,406,362.299009
1,407,283.453705
1,408,562.105784
1,409,436.603791
1,410,351.417561
1,411,399.010911
1,412,89.021281
1,413,360.415878
1,414,359.432681
1,415,405.372782
1,416,505.774698
1,417,271.511956
1,418,248.680725
1,419,421.774676
1,420,60.110761
1,421,190.912028
1,422,321.849470
1,423,351.065067
1,424,353.333333
1,425,266.086402
1,426,340.819392
1,427,335.993348
1,428,107.342511
1,429,112.343206
1,430,471.432961
1,431,136.697231
1,432,344.105807
1,433,412.533625
1,434,88.609267
1,435,377.955878
1,436,88.106847
1,437,169.788190
1,438,156.363430
1,439,259.012805
1,440,297.004180
1,441,157.493985
1,442,289.104386
1,443,71.175581
1,444,252.679918
1,445,314.088815
1,446,77.377503
1,447,102.076261
1,448,438.316698
1,449,307.417025
1,450,77.358354
1,451,435.712787
1,452,309.498899
1,453,401.855368
1,454,78.817815
1,455,243.682104
1,456,87.556935
1,457,388.104475
1,458,190.383795
1,459,354.258891
1,460,303.301417
1,461,347.346959
1,462,287.429887
1,463,516.887317
1,464,328.208692
1,465,496.685238
1,466,378.764725
1,467,470.975480
1,468,85.488275
1,469,215.822960
1,470,113.142378
1,471,393.717351
1,472,466.546275
1,473,94.140216
1,474,244.955772
1,475,90.410051
1,476,220.055518
1,477,191.011833
1,478,198.366017
1,479,87.750681
1,480,337.741497
1,481,91.186865
1,482,307.304670
1,483,89.282260
1,484,107.631051
1,485,399.823726
1,486,294.031944
1,487,381.839332
1,488,325.306244
1,489,106.134272
1,490,163.483766
1,491,216.993978
1,492,312.771788
1,493,75.111307
1,494,364.369330
1,495,90.397563
1,496,93.972601
1,497,384.087591
1,498,128.932272
1,499,350.996158
1,500,353.065394
1,501,105.262280
1,502,267.646218
1,503,290.812039
1,504,57.995212
1,505,242.059477
1,506,87.083484
1,507,358.467300
1,508,445.550115
1,509,391.537872
1,510,436.984379
1,511,252.890620
1,512,297.264092
1,513,315.782887
1,514,258.148582
1,515,372.991735
1,516,317.685600
1,517,247.438002
1,518,117.448240
1,519,229.804631
1,520,258.296363
1,521,348.549370
1,522,104.798480
1,523,207.259800
1,524,361.071036
1,525,100.758416
1,526,507.198470
1,527,149.019032
1,528,343.719953
1,529,309.661921
1,530,192.674240
1,531,84.974294
1,532,313.094747
1,533,87.790220
1,534,314.251883
1,535,190.383002
1,536,229.904086
1,537,245.473575
1,538,69.897146
1,539,210.409784
1,540,328.792986
1,541,259.998038
1,542,251.517660
1,543,119.491235
1,544,198.160036
1,545,295.817965
1,546,348.362493
1,547,427.031548
1,548,53.557324
1,549,235.118763
1,550,355.415790
1,551,82.522660
1,552,277.996676
1,553,81.616232
1,554,105.706534
1,555,304.153066
1,556,77.249710
1,557,210.581251
1,558,89.292941
1,559,208.287216
1,560,199.578615
1,561,106.575121
1,562,161.155245
1,563,260.083035
1,564,115.619701
1,565,342.721339
1,566,106.105773
1,567,154.263891
1,568,416.005475
1,569,91.812762
1,570,384.486972
1,571,435.527704
1,572,202.111180
1,573,508.236258
1,574,102.445494
1,575,297.798715
1,576,325.464761
1,577,492.446808
1,578,296.124558
1,579,258.522339
1,580,316.942172
1,581,220.643995
1,582,324.972171
1,583,101.170603
1,584,541.941712
1,585,90.899052
1,586,84.264729
1,587,494.276088
1,588,445.639434
1,589,201.770044
1,590,330.503681
1,591,291.202835
1,592,596.381535
1,593,84.768792
1,594,340.744419
1,595,142.056899
1,596,343.418927
1,597,297.118490
1,598,205.045408
1,599,299.364518
1,600,300.928625
1,601,188.596283
1,602,365.793206
1,603,268.120791
1,604,482.715879
1,605,334.441114
1,606,498.229996
1,607,428.254382
1,608,337.742515
1,609,82.269065
1,610,333.143063
1,611,311.443295
1,612,383.266306
1,613,381.321372
1,614,80.629164
1,615,366.675916
1,616,351.208587
1,617,359.838379
1,618,425.110898
1,619,508.243130
1,620,271.153239
1,621,313.512125
1,622,344.042266
1,623,128.685822
1,624,361.414759
1,625,246.877003
1,626,151.066113
1,627,204.589899
1,628,67.828282
1,629,123.926705
1,630,254.358661
1,631,208.188430
1,632,225.096710
1,633,88.219777
1,634,51.859150
1,635,76.024672
1,636,146.214486
1,637,248.868321
1,638,224.474146
1,639,86.408348
1,640,176.745837
1,641,93.219770
1,642,279.561455
1,643,122.240087
1,644,224.883135
1,645,49.532662
1,646,204.616768
1,647,112.402266
1,648,261.027053
1,649,86.082348
1,650,165.391697
1,651,57.554929
1,652,298.144152
1,653,212.672462
1,654,238.329819
1,655,245.406935
1,656,88.180958
1,657,170.182177
1,658,99.987108
1,659,298.647902
1,660,369.729228
1,661,50.671223
1,662,278.313817
1,663,189.872998
1,664,84.762499
1,665,128.847587
1,666,83.521662
1,667,94.086882
1,668,56.580803
1,669,265.581975
1,670,82.863628
1,671,120.093444
1,672,264.354726
1,673,300.193726
1,674,87.103991
1,675,207.840996
1,676,92.088266
1,677,246.332526
1,678,84.083851
1,679,207.784073
1,680,90.510181
1,681,85.948041
1,682,266.730910
1,683,116.923948
1,684,264.510950
1,685,200.394339
1,686,84.586578
1,687,244.428219
1,688,293.571057
1,689,308.876723
1,690,356.952929
1,691,121.489137
1,692,102.032318
1,693,121.929301
1,694,295.921436
1,695,364.576586
1,696,252.421914
1,697,81.322600
1,698,240.697060
1,699,79.171142
1,700,240.460715
1,701,244.671378
1,702,180.243492
1,703,303.009853
1,704,80.397942
1,705,269.074884
1,706,1180.080645
1,707,277.636815
1,708,81.842488
1,709,305.465401
1,710,189.948491
1,711,163.590359
1,712,274.166717
1,713,81.368311
1,714,181.392599
1,715,89.141746
1,716,173.366278
1,717,158.118869
1,718,301.182971
1,719,346.946783
1,720,100.001519
1,721,392.098549
1,722,251.031839
1,723,71.697999
1,724,167.416201
1,725,312.508274
1,726,51.404768
1,727,229.985955
1,728,361.769446
1,729,51.372312
1,730,287.438598
1,731,565.526446
1,732,411.066444
1,733,295.491335
1,734,279.700818
1,735,96.286113
1,736,230.335258
1,737,102.059969
1,738,355.497407
1,739,282.428244
1,740,330.073754
1,741,320.120087
1,742,404.004006
1,743,149.153468
1,744,231.900794
1,745,249.443993
1,746,84.186632
1,747,302.443100
1,748,266.529748
1,749,85.853223
1,750,206.746092
1,751,84.874751
1,752,209.790724
1,753,177.662936
1,754,128.900056
1,755,168.904180
1,756,88.207167
1,757,199.613695
1,758,136.472443
1,759,335.249016
1,760,84.721571
1,761,243.804593
1,762,371.873958
1,763,58.127440
1,764,208.056816
1,765,334.736592
1,766,85.330536
1,767,239.929172
1,768,208.772239
1,769,371.733969
1,770,106.740868
1,771,206.474590
1,772,278.391317
1,773,120.368059
1,774,127.758912
1,775,216.676757
1,776,348.717040
1,777,303.291599
1,778,83.905299
1,779,262.129311
1,780,84.684243
1,781,178.242706
1,782,330.085269
1,783,84.541609
1,784,282.650774
1,785,82.605531
1,786,162.176715
1,787,84.802130
1,788,389.875764
1,789,82.484692
1,790,117.964320
1,791,306.523652
1,792,341.140488
1,793,348.582963
1,794,462.078567
1,795,48.909290
1,796,350.969309
1,797,211.742567
1,798,312.905275
1,799,88.041548
1,800,266.101435
1,801,462.554637
1,802,110.930393
1,803,506.895814
1,804,440.695577
1,805,227.630344
1,806,340.785057
1,807,93.803178
1,808,340.916125
1,809,172.876051
1,810,102.180510
1,811,193.416189
1,812,253.030247
1,813,298.579297
1,814,439.838306
1,815,441.400385
1,816,465.458292
1,817,134.007914
1,818,528.455907
1,819,123.214684
1,820,299.267076
1,821,125.922227
1,822,125.200386
1,823,291.821726
1,824,207.504314
1,825,97.552157
1,826,395.078543
1,827,122.412783
1,828,206.682338
1,829,896.481425
1,830,342.276832
1,831,223.952054
1,832,112.442423
1,833,739.946529
1,834,336.766738
1,835,427.679779
1,836,98.035484
1,837,548.609520
1,838,362.473414
1,839,270.723981
1,840,198.520026
1,841,347.603408
1,842,315.335881
1,843,212.813660
1,844,199.632617
1,845,452.465521
1,846,329.036243
1,847,101.178253
1,848,235.446389
1,849,253.561917
1,850,341.979021
1,851,334.167126
1,852,305.795370
1,853,102.817023
1,854,396.157189
1,855,100.824934
1,856,130.277803
1,857,283.259764
1,858,98.921989
1,859,318.660719
1,860,368.387110
1,861,65.443555
1,862,233.616201
1,863,194.455246
1,864,84.682240
1,865,239.660485
1,866,173.607948
1,867,283.010871
1,868,114.772567
1,869,538.997768
1,870,249.335110
1,871,96.735046
1,872,387.637490
1,873,299.279862
1,874,131.895622
1,875,84.501666
1,876,321.797665
1,877,270.019257
1,878,336.524938
1,879,298.402767
1,880,190.793399
1,881,376.288974
1,882,271.236690
1,883,66.160155
1,884,212.553483
1,885,239.826236
1,886,407.560779
1,887,174.697751
1,888,484.010655
1,889,300.300792
1,890,98.045987
1,891,193.005419
1,892,99.488869
1,893,199.291128
1,894,344.560669
1,895,490.600629
1,896,365.597367
1,897,123.634269
1,898,257.235269
1,899,67.869102
1,900,526.405855
1,901,97.862858
1,902,321.698163
1,903,296.408353
1,904,309.083513
1,905,172.653291
1,906,357.932024
1,907,473.655906
1,908,102.363892
1,909,77.004032
1,910,382.339595
1,911,96.827000
1,912,215.582132
1,913,322.510293
1,914,100.142767
1,915,476.916295
1,916,94.660663
1,917,485.555329
1,918,315.935941
1,919,279.196455
1,920,139.100718
1,921,347.002106
1,922,62.599545
1,923,391.538313
1,924,155.486015
1,925,260.411633
1,926,270.629361
1,927,97.888976
1,928,509.367467
1,929,97.882201
1,930,243.195014
1,931,302.064551
1,932,139.322281
1,933,532.256841
1,934,94.808495
1,935,301.397669
1,936,357.098346
1,937,138.262856
1,938,213.978688
1,939,330.889867
1,940,177.234732
1,941,114.488708
1,942,274.944382
1,943,295.475586
1,944,136.992599
1,945,134.207062
1,946,99.758601
1,947,222.296998
1,948,321.428142
1,949,210.901825
1,950,368.705181
1,951,211.418272
1,952,418.237618
1,953,399.960593
1,954,363.209862
1,955,345.265873
1,956,106.146277
1,957,230.025654
1,958,253.889084
1,959,334.191731
1,960,112.045009
1,961,366.647110
1,962,161.556651
1,963,413.617144
1,964,361.028420
1,965,222.482893
1,966,121.234156
1,967,154.929142
1,968,445.377039
1,969,347.831795
1,970,96.458892
1,971,310.084077
1,972,100.214471
1,973,394.993642
1,974,454.410977
1,975,125.388868
1,976,449.312323
1,977,104.545765
1,978,367.358529
1,979,102.636631
1,980,271.365154
1,981,94.066428
1,982,512.749462
1,983,118.973542
1,984,215.142561
1,985,240.239027
1,986,201.675521
1,987,169.497646
1,988,399.418015
1,989,94.793737
1,990,374.695053
1,991,277.739606
1,992,508.141710
1,993,248.682411
1,994,242.654364
1,995,204.573820
1,996,160.608016
1,997,334.174482
1,998,500.601591
1,999,189.543875
1,1000,486.386233
1,1001,119.605083
1,1002,195.534564
1,1003,461.342916
1,1004,176.488467
1,1005,179.802205
1,1006,192.200909
1,1007,174.858716
1,1008,306.910995
1,1009,94.410422
1,1010,433.385976
1,1011,175.934601
1,1012,497.452205
1,1013,112.708208
1,1014,228.601924
1,1015,97.903567
1,1016,109.047250
1,1017,171.124743
1,1018,104.890105
1,1019,104.769592
1,1020,311.346614
1,1021,61.255627
1,1022,279.966362
1,1023,419.094596
1,1024,193.127051
1,1025,131.451070
1,1026,273.906915
1,1027,282.495706
1,1028,90.107765
1,1029,311.576139
1,1030,69.789721
1,1031,258.691324
1,1032,114.507683
1,1033,220.704432
1,1034,447.824341
1,1035,367.521052
1,1036,90.199328
1,1037,131.708360
1,1038,135.039509
1,1039,397.677279
1,1040,89.146218
1,1041,461.120912
1,1042,101.800501
1,1043,352.935833
1,1044,137.155460
1,1045,277.119390
1,1046,175.684407
1,1047,331.463816
1,1048,288.159644
1,1049,100.481954
1,1050,191.411916
1,1051,332.534735
1,1052,276.786562
1,1053,442.943286
1,1054,198.528336
1,1055,303.144967
1,1056,100.733428
1,1057,387.214280
1,1058,186.121151
1,1059,380.716159
1,1060,64.462841
1,1061,291.397409
1,1062,98.502518
1,1063,96.429193
1,1064,241.414268
1,1065,111.546635
1,1066,112.090219
1,1067,160.212684
1,1068,253.970561
1,1069,95.248343
1,1070,222.163267
1,1071,95.137229
1,1072,331.504432
1,1073,134.235610
1,1074,191.849955
1,1075,458.757277
1,1076,152.904095
1,1077,98.651043
1,1078,369.246160
1,1079,371.422776
1,1080,235.210931
1,1081,313.851137
1,1082,132.589231
1,1083,323.706234
1,1084,150.165426
1,1085,214.266276
1,1086,446.945012
1,1087,96.214152
1,1088,180.337272
1,1089,372.719747
1,1090,416.598035
1,1091,98.480874
1,1092,231.202761
1,1093,95.178424
1,1094,309.524377
1,1095,133.270175
1,1096,388.499621
1,1097,681.682687
1,1098,185.128969
1,1099,350.351155
1,1100,129.415535
1,1101,267.048336
1,1102,416.577649
1,1103,413.857801
1,1104,111.470313
1,1105,238.511659
1,1106,178.466614
1,1107,92.785909
1,1108,304.194513
1,1109,102.127465
1,1110,413.509415
1,1111,130.512877
1,1112,419.144962
1,1113,129.679870
1,1114,150.398657
1,1115,297.929828
1,1116,483.154831
1,1117,357.787339
1,1118,112.428900
1,1119,145.782705
1,1120,378.546700
1,1121,328.592656
1,1122,153.336688
1,1123,431.596704
1,1124,274.896869
1,1125,94.891945
1,1126,1186.987006
1,1127,179.855589
1,1128,134.803523
1,1129,496.433951
1,1130,336.654073
1,1131,512.030125
1,1132,89.216078
1,1133,408.069130
1,1134,227.975596
1,1135,337.133684
1,1136,122.396854
1,1137,220.697725
1,1138,261.648129
1,1139,327.250622
1,1140,370.155622
1,1141,334.449102
1,1142,94.395881
1,1143,180.516825
1,1144,137.986598
1,1145,213.181751
1,1146,185.910007
1,1147,313.287254
1,1148,107.821295
1,1149,177.593407
1,1150,103.759574
1,1151,294.875317
1,1152,93.838629
1,1153,275.863245
1,1154,214.145978
1,1155,94.986090
1,1156,375.033372
1,1157,229.089811
1,1158,210.750391
1,1159,333.791482
1,1160,67.963212
1,1161,339.698327
1,1162,305.255070
1,1163,243.810738
1,1164,451.601732
1,1165,184.538515
1,1166,271.051045
1,1167,123.764398
1,1168,400.544485
1,1169,295.596977
1,1170,194.772744
1,1171,109.966578
1,1172,277.031071
1,1173,234.534797
1,1174,278.406863
1,1175,212.060669
1,1176,106.972439
1,1177,292.046535
1,1178,250.637669
1,1179,65.953633
1,1180,365.121876
1,1181,220.987148
1,1182,246.416368
1,1183,200.518520
1,1184,292.226358
1,1185,380.823375
1,1186,219.826401
1,1187,65.413397
1,1188,387.799666
1,1189,102.914580
1,1190,370.224334
1,1191,102.003269
1,1192,370.465078
1,1193,91.818548
1,1194,104.058795
1,1195,307.556502
1,1196,328.799865
1,1197,92.853006
1,1198,178.214192
1,1199,97.724901
1,1200,231.596950
1,1201,148.059167
1,1202,131.260126
1,1203,185.829279
1,1204,251.472325
1,1205,286.308822
1,1206,99.562003
1,1207,179.976712
1,1208,169.316424
1,1209,481.086673
1,1210,105.474227
1,1211,538.809401
1,1212,138.844307
1,1213,447.553220
1,1214,119.865708
1,1215,282.674287
1,1216,261.114377
1,1217,440.783177
1,1218,156.630895
1,1219,92.036773
1,1220,403.704428
1,1221,138.787845
1,1222,412.744345
1,1223,178.137869
1,1224,278.804379
1,1225,252.511244
1,1226,86.566315
1,1227,314.956308
1,1228,245.156880
1,1229,351.501246
1,1230,283.211487
1,1231,378.847851
1,1232,453.499222
1,1233,564.881709
1,1234,90.228200
1,1235,398.614796
1,1236,91.688240
1,1237,452.039760
1,1238,107.314091
1,1239,370.638711
1,1240,265.573289
1,1241,499.436563
1,1242,94.406920
1,1243,233.884110
1,1244,467.274871
1,1245,111.452563
1,1246,616.579756
1,1247,674.290476
1,1248,658.380066
1,1249,66.230804
1,1250,492.112530
1,1251,509.282338
1,1252,590.306500
1,1253,114.174775
1,1254,503.827194
1,1255,437.865278
1,1256,252.748396
1,1257,97.410728
1,1258,424.113454
1,1259,415.423275
1,1260,355.276389
1,1261,106.089059
1,1262,469.310723
1,1263,96.553758
1,1264,302.010282
1,1265,523.318411
1,1266,328.858649
1,1267,562.437895
1,1268,124.954351
1,1269,493.841285
1,1270,623.826057
1,1271,104.699481
1,1272,409.130444
1,1273,795.482987
1,1274,486.593943
1,1275,644.666567
1,1276,431.735640
1,1277,97.312007
1,1278,376.086502
1,1279,278.822360
1,1280,222.046209
1,1281,244.694644
1,1282,401.506865
1,1283,67.383428
1,1284,426.020703
1,1285,299.441496
1,1286,102.109195
1,1287,332.171630
1,1288,396.146033
1,1289,147.263085
1,1290,426.495565
1,1291,461.337096
1,1292,338.690254
1,1293,94.147248
1,1294,241.708216
1,1295,161.920981
1,1296,302.268440
1,1297,84.421419
1,1298,473.307424
1,1299,149.807485
1,1300,115.671060
1,1301,92.460372
1,1302,497.586039
1,1303,108.727687
1,1304,79.248393
1,1305,208.289423
1,1306,376.327033
1,1307,816.757228
1,1308,612.227168
1,1309,110.321640
1,1310,704.671711
1,1311,122.408943
1,1312,216.971238
1,1313,239.984430
1,1314,532.555722
1,1315,156.124032
1,1316,701.022838
1,1317,94.013571
1,1318,480.712000
1,1319,276.702811
1,1320,454.749669
1,1321,99.249207
1,1322,282.801523
1,1323,181.277427
1,1324,600.228402
1,1325,107.236359
1,1326,526.737315
1,1327,228.863266
1,1328,304.117714
1,1329,434.991048
1,1330,469.132424
1,1331,96.097695
1,1332,240.842038
1,1333,463.757472
1,1334,64.976514
1,1335,428.793442
1,1336,350.725250
1,1337,391.204467
1,1338,369.147304
1,1339,97.266224
1,1340,405.976888
1,1341,353.842769
1,1342,247.899499
1,1343,546.030038
1,1344,97.816335
1,1345,191.462863
1,1346,496.279689
1,1347,92.127747
1,1348,244.125403
1,1349,469.102674
1,1350,548.899219
1,1351,427.049916
1,1352,344.344503
1,1353,364.866093
1,1354,114.468396
1,1355,324.880178
1,1356,319.489994
1,1357,89.791693
1,1358,413.843618
1,1359,86.664691
1,1360,492.241417
1,1361,260.659511
1,1362,481.723613
1,1363,90.600011
1,1364,230.785464
1,1365,410.108185
1,1366,778.709335
1,1367,384.571905
1,1368,406.870570
1,1369,130.234520
1,1370,444.307555
1,1371,100.746248
1,1372,395.428474
1,1373,551.328529
1,1374,214.475119
1,1375,103.958744
1,1376,376.162957
1,1377,287.127336
1,1378,410.991798
1,1379,95.492312
1,1380,382.066939
1,1381,622.185946
1,1382,131.894652
1,1383,215.506431
1,1384,246.064502
1,1385,66.311826
1,1386,589.852108
1,1387,567.849340
1,1388,95.120872
1,1389,669.988218
1,1390,562.760460
1,1391,490.982918
1,1392,119.282676
1,1393,196.715351
1,1394,496.134994
1,1395,526.660934
1,1396,547.460990
1,1397,99.464597
1,1398,575.238532
1,1399,561.307677
1,1400,119.666430
1,1401,522.019793
1,1402,367.754216
1,1403,99.362324
1,1404,444.824216
1,1405,279.872598
1,1406,327.441389
1,1407,156.098262
1,1408,196.865577
1,1409,317.729164
1,1410,93.329860
1,1411,590.972876
1,1412,368.240125
1,1413,393.027025
1,1414,498.836654
1,1415,67.446419
1,1416,585.858295
1,1417,98.769432
1,1418,62.823861
1,1419,478.124451
1,1420,401.595538
1,1421,92.078943
1,1422,309.840574
1,1423,250.988518
1,1424,402.620633
1,1425,93.331352
1,1426,71.064096
1,1427,465.742337
1,1428,532.178465
1,1429,431.090723
1,1430,102.176431
1,1431,383.201904
1,1432,99.578080
1,1433,408.115606
1,1434,502.072140
1,1435,347.200397
1,1436,176.099855
1,1437,379.267673
1,1438,137.257373
1,1439,93.793014
1,1440,282.378501
1,1441,90.994612
1,1442,367.603601
1,1443,377.681003
1,1444,465.014847
1,1445,125.334280
1,1446,399.405988
1,1447,348.540970
1,1448,538.216681
1,1449,383.095991
1,1450,123.805190
1,1451,455.964599
1,1452,195.273444
1,1453,564.440680
1,1454,90.958565
1,1455,353.069511
1,1456,453.464462
1,1457,283.978612
1,1458,384.960707
1,1459,372.198289
1,1460,92.516130
1,1461,391.463645
1,1462,415.786729
1,1463,94.106716
1,1464,464.142689
1,1465,646.402149
1,1466,218.338293
1,1467,585.527559
1,1468,319.248034
1,1469,247.333182
1,1470,368.560919
1,1471,180.558264
1,1472,401.611416
1,1473,164.275264
1,1474,461.250904
1,1475,64.551252
1,1476,520.990301
1,1477,348.442895
1,1478,95.391868
1,1479,377.784167
1,1480,116.271711
1,1481,447.172913
1,1482,225.059229
1,1483,294.163027
1,1484,315.651591
1,1485,185.872182
1,1486,105.773899
1,1487,445.012012
1,1488,338.549133
1,1489,472.697647
1,1490,526.914413
1,1491,462.950433
1,1492,112.275094
1,1493,464.724921
1,1494,265.798613
1,1495,243.408710
1,1496,231.534612
1,1497,107.695668
1,1498,477.406358
1,1499,493.832166
1,1500,518.066301
1,1501,63.696674
1,1502,596.374589
1,1503,402.037014
1,1504,93.547241
1,1505,252.482760
1,1506,622.317603
1,1507,115.587572
1,1508,544.385893
1,1509,91.717269
1,1510,327.920953
1,1511,96.264482
1,1512,524.733914
1,1513,472.779263
1,1514,250.122480
1,1515,172.910717
1,1516,290.973602
1,1517,374.799483
1,1518,438.058966
1,1519,486.125531
1,1520,256.026780
1,1521,496.313669
1,1522,90.581850
1,1523,445.784846
1,1524,454.780089
1,1525,113.053059
1,1526,368.032444
1,1527,362.018847
1,1528,501.584595
1,1529,92.913074
1,1530,731.315667
1,1531,579.186476
1,1532,88.748470
1,1533,94.837938
1,1534,449.933566
1,1535,93.851173
1,1536,169.290743
1,1537,495.830018
1,1538,195.023434
1,1539,501.611898
1,1540,309.663828
1,1541,245.727749
1,1542,321.332248
1,1543,449.947648
1,1544,80.862443
1,1545,58.087878
1,1546,364.129383
1,1547,448.835303
1,1548,94.073037
1,1549,384.190081
1,1550,86.925000
1,1551,462.587882
1,1552,451.032518
1,1553,91.938299
1,1554,197.142413
1,1555,96.734921
1,1556,336.719482
1,1557,356.287729
1,1558,91.158353
1,1559,423.651548
1,1560,298.540596
1,1561,419.421526
1,1562,92.631906
1,1563,323.422677
1,1564,510.007708
1,1565,465.820470
1,1566,263.600077
1,1567,100.488197
1,1568,536.781799
1,1569,266.907932
1,1570,72.484677
1,1571,264.184984
1,1572,242.569232
1,1573,380.201637
1,1574,80.365463
1,1575,243.596721
1,1576,482.244318
1,1577,442.960761
1,1578,146.225072
1,1579,361.440112
1,1580,89.966595
1,1581,219.120350
1,1582,374.030526
1,1583,101.517347
1,1584,289.434469
1,1585,108.516738
1,1586,452.563444
1,1587,202.099350
1,1588,436.442766
1,1589,240.828173
1,1590,184.892133
1,1591,372.171488
1,1592,62.582566
1,1593,226.148315
1,1594,129.647870
1,1595,369.910275
1,1596,61.292092
1,1597,342.207722
1,1598,91.920313
1,1599,409.028281
1,1600,113.531278
1,1601,95.877145
1,1602,221.365021
1,1603,286.772962
1,1604,193.252803
1,1605,176.266579
1,1606,518.110523
1,1607,95.669511
1,1608,444.640884
1,1609,338.260576
1,1610,97.315817
1,1611,329.082462
1,1612,107.172908
1,1613,143.679266
1,1614,422.175857
1,1615,95.336089
1,1616,62.575462
1,1617,397.003464
1,1618,90.025129
1,1619,297.554582
1,1620,145.518679
1,1621,90.518114
1,1622,345.329301
1,1623,372.374226
1,1624,303.598273
1,1625,284.223717
1,1626,273.983495
1,1627,443.659086
1,1628,91.762875
1,1629,563.599767
1,1630,404.519564
1,1631,121.893819
1,1632,422.452394
1,1633,370.873185
1,1634,428.991251
1,1635,153.350288
1,1636,249.977832
1,1637,137.605434
1,1638,410.092919
1,1639,297.831602
1,1640,149.842635
1,1641,342.261596
1,1642,60.764890
1,1643,274.729619
1,1644,92.062024
1,1645,136.143361
1,1646,240.692312
1,1647,186.759017
1,1648,223.292551
1,1649,47.285395
1,1650,180.713164
1,1651,75.767086
1,1652,277.492510
1,1653,54.346080
1,1654,225.466596
1,1655,103.234822
1,1656,249.182551
1,1657,107.234287
1,1658,110.086208
1,1659,216.051641
1,1660,288.078652
1,1661,230.231323
1,1662,252.472462
1,1663,360.911762
1,1664,87.293259
1,1665,474.789614
1,1666,525.467158
1,1667,122.203680
1,1668,139.148720
1,1669,324.995787
1,1670,62.210358
1,1671,482.299653
1,1672,99.543857
1,1673,487.611611
1,1674,449.525820
1,1675,88.646976
1,1676,395.098966
1,1677,370.339250
1,1678,105.010070
1,1679,282.569967
1,1680,89.297653
1,1681,106.734008
1,1682,452.342111
1,1683,113.490899
1,1684,74.957240
1,1685,431.101297
1,1686,123.521681
1,1687,307.243350
1,1688,186.226503
1,1689,111.287715
1,1690,353.286845
1,1691,361.209768
1,1692,121.377610
1,1693,444.825962
1,1694,421.812789
1,1695,105.934537
1,1696,403.411766
1,1697,404.318253
1,1698,339.716189
1,1699,277.247839
1,1700,270.420751
1,1701,253.802499
1,1702,443.120125
1,1703,89.723204
1,1704,396.339526
1,1705,92.135019
1,1706,60.581277
1,1707,265.821571
1,1708,89.561212
1,1709,131.201215
1,1710,234.977824
1,1711,203.052821
1,1712,344.147882
1,1713,137.722625
1,1714,152.426387
1,1715,227.214457
1,1716,182.238064
1,1717,182.583928
1,1718,534.112659
1,1719,143.543901
1,1720,139.667256
1,1721,392.501524
1,1722,580.192238
1,1723,255.278621
1,1724,72.123517
1,1725,260.150967
1,1726,85.460780
1,1727,347.052135
1,1728,210.892266
1,1729,341.130949
1,1730,176.262402
1,1731,318.530086
1,1732,82.668751
1,1733,192.122916
1,1734,292.436715
1,1735,60.188099
1,1736,393.189992
1,1737,111.522550
1,1738,177.055310
1,1739,391.159799
1,1740,345.890139
1,1741,178.976395
1,1742,88.175882
1,1743,366.940563
1,1744,270.424617
1,1745,59.920272
1,1746,323.382750
1,1747,383.882514
1,1748,91.588042
1,1749,320.386989
1,1750,89.425167
1,1751,445.566820
1,1752,97.616942
1,1753,378.965401
1,1754,142.666009
1,1755,273.342227
1,1756,316.308223
1,1757,196.425953
1,1758,270.533095
1,1759,94.967317
1,1760,405.317528
1,1761,96.881982
1,1762,193.826374
1,1763,142.741667
1,1764,123.684049
1,1765,448.622404
1,1766,105.229952
1,1767,337.337999
1,1768,547.241650
1,1769,59.470904
1,1770,465.780587
1,1771,88.220977
1,1772,103.070207
1,1773,354.799367
1,1774,97.281087
1,1775,60.960808
1,1776,266.773515
1,1777,326.551388
1,1778,95.845023
1,1779,254.319656
1,1780,404.288570
1,1781,397.125465
1,1782,279.600717
1,1783,72.178581
1,1784,291.920177
1,1785,162.880049
1,1786,119.681701
1,1787,387.921982
1,1788,305.105895
1,1789,103.956912
1,1790,400.958578
1,1791,166.669528
1,1792,106.553350
1,1793,225.996508
1,1794,416.739238
1,1795,123.430100
1,1796,241.214701
1,1797,423.716358
1,1798,85.926954
1,1799,225.750746
1,1800,279.628459
1,1801,371.148319
1,1802,112.265048
1,1803,278.783638
1,1804,369.057217
1,1805,105.304638
1,1806,112.018205
1,1807,348.669856
1,1808,458.949195
1,1809,112.647232
1,1810,111.666545
1,1811,215.289067
1,1812,239.571055
1,1813,89.013705
1,1814,151.195916
1,1815,360.206320
1,1816,97.452274
1,1817,73.812143
1,1818,250.507100
1,1819,483.023504
1,1820,268.299185
1,1821,390.300197
1,1822,134.753438
1,1823,317.375509
1,1824,415.494552
1,1825,128.431927
1,1826,415.965300
1,1827,121.922091
1,1828,198.974535
1,1829,394.810738
1,1830,206.346160
1,1831,323.795492
1,1832,89.920464
1,1833,387.610803
1,1834,325.891794
1,1835,154.731256
1,1836,236.167118
1,1837,271.732928
1,1838,99.241851
1,1839,409.453254
1,1840,90.175655
1,1841,444.172949
1,1842,244.307019
1,1843,493.189473
1,1844,514.084415
1,1845,123.950386
1,1846,335.382819
1,1847,261.243409
1,1848,545.090250
1,1849,300.056748
1,1850,191.028874
1,1851,354.456597
1,1852,96.390121
1,1853,383.539076
1,1854,90.803756
1,1855,388.289168
1,1856,358.731714
1,1857,85.538545
1,1858,417.184351
1,1859,90.755875
1,1860,393.272872
1,1861,89.371152
1,1862,567.362210
1,1863,310.100424
1,1864,56.544197
1,1865,285.300029
1,1866,261.781902
1,1867,499.752795
1,1868,102.277959
1,1869,344.673947
1,1870,90.587029
1,1871,286.362442
1,1872,93.279774
1,1873,269.729499
1,1874,486.624381
1,1875,89.335649
1,1876,448.609733
1,1877,306.524275
1,1878,424.621999
1,1879,82.869817
1,1880,393.721366
1,1881,350.428050
1,1882,86.961217
1,1883,166.665285
1,1884,528.848854
1,1885,452.581426
1,1886,48.909290
1,1887,345.755743
1,1888,208.482943
1,1889,309.394329
1,1890,88.045321
1,1891,261.738027
1,1892,452.824957
1,1893,110.935007
1,1894,502.854715
1,1895,442.245648
1,1896,230.177444
1,1897,338.696813
1,1898,93.808365
1,1899,348.727443
1,1900,174.919680
1,1901,102.619824
1,1902,197.228241
1,1903,241.798248
1,1904,288.592402
1,1905,438.161743
1,1906,440.375367
1,1907,454.727222
1,1908,128.397046
1,1909,517.530030
1,1910,117.015385
1,1911,294.026548
1,1912,122.524356
1,1913,132.648455
1,1914,288.889390
1,1915,206.706441
1,1916,97.558510
1,1917,397.108150
1,1918,122.370048
1,1919,212.973643
1,1920,858.572122
1,1921,336.187007
1,1922,219.044392
1,1923,111.944065
1,1924,708.189121
1,1925,330.763834
1,1926,432.783059
1,1927,98.041990
1,1928,550.400306
1,1929,358.914925
1,1930,263.619054
1,1931,192.967897
1,1932,336.412828
1,1933,318.393130
1,1934,216.379340
1,1935,203.141974
1,1936,449.384283
1,1937,336.773827
1,1938,101.625646
1,1939,239.287284
1,1940,257.922699
1,1941,357.373025
1,1942,336.612564
1,1943,312.550046
1,1944,106.017417
1,1945,397.294284
1,1946,98.297295
1,1947,125.742226
1,1948,289.157111
1,1949,99.287357
1,1950,320.083648
1,1951,371.888386
1,1952,65.445278
1,1953,215.510211
1,1954,186.883484
1,1955,84.429079
1,1956,237.461253
1,1957,169.550138
1,1958,270.875325
1,1959,111.053353
1,1960,518.283223
1,1961,234.217229
1,1962,96.361245
1,1963,378.972422
1,1964,295.675650
1,1965,125.652781
1,1966,83.797178
1,1967,323.970806
1,1968,265.074224
1,1969,326.532025
1,1970,290.944585
1,1971,191.267006
1,1972,370.147368
1,1973,271.438542
1,1974,66.161678
1,1975,212.779799
1,1976,231.632667
1,1977,400.049849
1,1978,171.127012
1,1979,468.291809
1,1980,292.978821
1,1981,98.052143
1,1982,192.671799
1,1983,99.146999
1,1984,192.219177
1,1985,343.079905
1,1986,477.868466
1,1987,348.179786
1,1988,123.438834
1,1989,249.390375
1,1990,67.870753
1,1991,502.426736
1,1992,97.869213
1,1993,311.098191
1,1994,290.810653
1,1995,302.734376
1,1996,173.715316
1,1997,346.115963
1,1998,457.496759
1,1999,105.737267
1,2000,77.553081
1,2001,368.322614
1,2002,96.833339
1,2003,209.717977
1,2004,314.063053
1,2005,100.572176
1,2006,449.940304
1,2007,94.666949
1,2008,460.934004
1,2009,299.952545
1,2010,269.129753
1,2011,136.547742
1,2012,331.968884
1,2013,62.601194
1,2014,381.118446
1,2015,154.650279
1,2016,246.084526
1,2017,264.125831
1,2018,97.895063
1,2019,478.991710
1,2020,98.319452
1,2021,235.473601
1,2022,295.423223
1,2023,138.890091
1,2024,520.749030
1,2025,94.814420
1,2026,299.906859
1,2027,352.746137
1,2028,130.367730
1,2029,201.703386
1,2030,325.681163
1,2031,171.181269
1,2032,111.511623
1,2033,270.788859
1,2034,292.602082
1,2035,141.941051
1,2036,137.319741
1,2037,99.238700
1,2038,226.179461
1,2039,322.029933
1,2040,206.959476
1,2041,369.093935
1,2042,207.872297
1,2043,409.358956
1,2044,391.877467
1,2045,359.461789
1,2046,337.090177
1,2047,102.714949
1,2048,215.202109
1,2049,242.381942
1,2050,333.883099
1,2051,108.190236
1,2052,361.083609
1,2053,164.993751
1,2054,414.450516
1,2055,355.527822
1,2056,209.977257
1,2057,115.862778
1,2058,149.734632
1,2059,447.664449
1,2060,341.736543
1,2061,96.465018
1,2062,310.219848
1,2063,100.220633
1,2064,398.242072
1,2065,454.174241
1,2066,118.805225
1,2067,456.110756
1,2068,104.552235
1,2069,361.785527
1,2070,103.081987
1,2071,261.024406
1,2072,92.898970
1,2073,499.806193
1,2074,113.274138
1,2075,212.143354
1,2076,236.405831
1,2077,193.955956
1,2078,168.680659
1,2079,389.314435
1,2080,94.799921
1,2081,365.364893
1,2082,264.258900
1,2083,485.501012
1,2084,244.056982
1,2085,236.047627
1,2086,197.666245
1,2087,157.523232
1,2088,331.536924
1,2089,484.036813
1,2090,168.351512
1,2091,463.879311
1,2092,113.405583
1,2093,188.481073
1,2094,433.215979
1,2095,169.873534
1,2096,173.594105
1,2097,183.173414
1,2098,174.900414
1,2099,296.417435
1,2100,88.757093
1,2101,418.993258
1,2102,159.512616
1,2103,478.180976
1,2104,107.527062
1,2105,220.353152
1,2106,97.909469
1,2107,108.269395
1,2108,174.563524
1,2109,104.396779
1,2110,105.286075
1,2111,316.645934
1,2112,61.257062
1,2113,279.939525
1,2114,412.749656
1,2115,191.207314
1,2116,126.880696
1,2117,269.576004
1,2118,274.285770
1,2119,90.113071
1,2120,304.130605
1,2121,70.286882
1,2122,255.479755
1,2123,115.535189
1,2124,219.433446
1,2125,452.164417
1,2126,375.344443
1,2127,90.204401
1,2128,134.072101
1,2129,132.097675
1,2130,416.008097
1,2131,89.151172
1,2132,474.940036
1,2133,101.200031
1,2134,364.581787
1,2135,140.781818
1,2136,275.587737
1,2137,165.553228
1,2138,316.368505
1,2139,280.559002
1,2140,98.604622
1,2141,184.522037
1,2142,311.351685
1,2143,268.501641
1,2144,428.002825
1,2145,189.536821
1,2146,293.419547
1,2147,100.175196
1,2148,369.479272
1,2149,177.664171
1,2150,356.710145
1,2151,64.464135
1,2152,284.549387
1,2153,98.892889
1,2154,96.434438
1,2155,244.920814
1,2156,110.960605
1,2157,112.693770
1,2158,155.370926
1,2159,254.130070
1,2160,95.253986
1,2161,208.450501
1,2162,95.142970
1,2163,324.279107
1,2164,134.250097
1,2165,179.517377
1,2166,444.840915
1,2167,144.342531
1,2168,100.812860
1,2169,351.300714
1,2170,353.628926
1,2171,218.664514
1,2172,300.019168
1,2173,127.642166
1,2174,310.723063
1,2175,144.307277
1,2176,208.181554
1,2177,432.707462
1,2178,96.220237
1,2179,174.818453
1,2180,355.792908
1,2181,410.593994
1,2182,98.486963
1,2183,231.666036
1,2184,95.184507
1,2185,305.584668
1,2186,133.010701
1,2187,376.948821
1,2188,639.675962
1,2189,179.727292
1,2190,341.295897
1,2191,121.044014
1,2192,257.125124
1,2193,411.174623
1,2194,412.258386
1,2195,107.289065
1,2196,234.222865
1,2197,176.162480
1,2198,92.791830
1,2199,293.372102
1,2200,101.644661
1,2201,399.314935
1,2202,124.751965
1,2203,406.496184
1,2204,129.702431
1,2205,145.991331
1,2206,287.851584
1,2207,467.068899
1,2208,347.768869
1,2209,112.410360
1,2210,142.948994
1,2211,363.769560
1,2212,315.469984
1,2213,146.340740
1,2214,425.829961
1,2215,263.939068
1,2216,94.897463
1,2217,1109.045954
1,2218,172.814853
1,2219,140.062433
1,2220,488.065723
1,2221,325.714803
1,2222,502.832477
1,2223,89.221411
1,2224,403.706660
1,2225,221.575449
1,2226,344.838262
1,2227,116.520766
1,2228,220.269347
1,2229,253.907342
1,2230,317.902333
1,2231,358.629517
1,2232,314.902310
1,2233,95.001958
1,2234,176.751687
1,2235,126.075069
1,2236,210.654029
1,2237,180.323757
1,2238,301.706798
1,2239,102.580519
1,2240,178.146932
1,2241,99.807886
1,2242,295.428349
1,2243,93.843484
1,2244,271.925178
1,2245,215.257302
1,2246,94.991220
1,2247,375.638004
1,2248,220.853095
1,2249,204.952274
1,2250,329.076459
1,2251,68.330796
1,2252,339.406216
1,2253,304.779254
1,2254,234.783978
1,2255,454.883075
1,2256,185.057336
1,2257,274.357758
1,2258,117.162672
1,2259,404.745814
1,2260,296.881046
1,2261,195.477335
1,2262,105.996607
1,2263,275.261380
1,2264,230.884526
1,2265,266.728319
1,2266,212.509773
1,2267,106.511482
1,2268,284.639222
1,2269,247.046385
1,2270,65.955183
1,2271,363.454970
1,2272,221.464579
1,2273,246.521825
1,2274,200.220627
1,2275,285.179763
1,2276,373.143247
1,2277,210.004449
1,2278,65.414944
1,2279,374.200928
1,2280,99.638017
1,2281,355.737291
1,2282,98.533130
1,2283,355.941448
1,2284,91.824428
1,2285,104.605941
1,2286,308.307244
1,2287,328.601703
1,2288,92.858830
1,2289,178.256569
1,2290,100.847526
1,2291,228.193973
1,2292,143.796428
1,2293,131.274063
1,2294,190.982753
1,2295,261.072122
1,2296,284.007636
1,2297,96.745035
1,2298,177.944350
1,2299,164.576107
1,2300,473.552921
1,2301,101.772930
1,2302,537.998966
1,2303,133.357467
1,2304,453.666603
1,2305,113.530902
1,2306,287.719789
1,2307,254.008730
1,2308,440.710431
1,2309,152.595602
1,2310,92.045119
1,2311,410.894642
1,2312,138.290893
1,2313,414.006541
1,2314,178.175249
1,2315,282.937551
1,2316,244.561481
1,2317,86.568417
1,2318,306.605148
1,2319,244.827154
1,2320,350.027000
1,2321,283.741412
1,2322,374.583061
1,2323,456.283025
1,2324,561.428630
1,2325,90.232197
1,2326,387.890311
1,2327,91.692508
1,2328,443.617830
1,2329,103.495887
1,2330,370.184328
1,2331,265.687561
1,2332,488.967521
1,2333,94.411779
1,2334,236.761870
1,2335,462.138132
1,2336,111.457878
1,2337,600.602110
1,2338,639.191899
1,2339,636.901368
1,2340,66.232177
1,2341,482.689578
1,2342,512.971762
1,2343,581.093699
1,2344,110.069611
1,2345,496.682383
1,2346,429.271236
1,2347,248.755485
1,2348,97.416257
1,2349,423.209684
1,2350,411.751973
1,2351,353.502428
1,2352,103.099007
1,2353,470.233012
1,2354,96.559374
1,2355,294.806860
1,2356,508.285059
1,2357,326.998351
1,2358,554.144958
1,2359,121.069749
1,2360,465.019550
1,2361,600.995919
1,2362,105.200595
1,2363,394.639112
1,2364,757.768239
1,2365,468.259102
1,2366,627.237602
1,2367,427.371880
1,2368,97.320842
1,2369,376.423039
1,2370,272.525512
1,2371,223.423922
1,2372,242.556117
1,2373,399.355342
1,2374,67.385688
1,2375,419.977929
1,2376,292.555820
1,2377,102.553865
1,2378,320.034254
1,2379,386.929641
1,2380,144.138052
1,2381,427.369863
1,2382,446.459722
1,2383,324.850325
1,2384,94.099614
1,2385,237.265004
1,2386,158.654468
1,2387,294.270037
1,2388,84.424825
1,2389,463.018397
1,2390,143.112714
1,2391,111.567819
1,2392,92.464420
1,2393,495.316045
1,2394,103.775118
1,2395,78.397264
1,2396,206.325843
1,2397,364.112851
1,2398,773.656719
1,2399,612.731000
1,2400,105.523621
1,2401,676.667699
1,2402,131.873146
1,2403,216.931509
1,2404,227.310907
1,2405,525.381558
1,2406,142.430084
1,2407,665.299440
1,2408,94.021667
1,2409,479.621476
1,2410,270.658999
1,2411,471.185077
1,2412,99.257793
1,2413,285.576907
1,2414,181.317407
1,2415,584.176259
1,2416,104.579861
1,2417,508.933641
1,2418,228.642558
1,2419,304.715772
1,2420,439.074466
1,2421,475.342042
1,2422,96.106254
1,2423,235.535568
1,2424,461.508291
1,2425,64.977951
1,2426,429.047843
1,2427,350.785029
1,2428,391.121498
1,2429,371.518826
1,2430,97.274913
1,2431,410.496823
1,2432,358.285885
1,2433,248.496227
1,2434,553.707077
1,2435,98.202148
1,2436,190.931748
1,2437,496.196840
1,2438,92.136140
1,2439,242.732550
1,2440,467.275055
1,2441,546.002749
1,2442,426.960584
1,2443,348.073688
1,2444,370.106442
1,2445,116.860389
1,2446,326.379604
1,2447,330.854958
1,2448,90.139654
1,2449,431.363777
1,2450,86.668202
1,2451,502.885681
1,2452,266.599600
1,2453,480.391841
1,2454,90.604095
1,2455,226.440104
1,2456,404.170300
1,2457,771.820006
1,2458,389.385421
1,2459,415.664599
1,2460,130.252350
1,2461,453.520857
1,2462,100.342885
1,2463,386.008811
1,2464,538.647506
1,2465,214.768708
1,2466,101.007467
1,2467,376.492670
1,2468,293.134242
1,2469,419.247823
1,2470,95.497470
1,2471,392.856251
1,2472,628.728092
1,2473,131.915058
1,2474,208.980454
1,2475,256.595449
1,2476,66.313208
1,2477,608.058729
1,2478,595.507790
1,2479,95.126225
1,2480,708.510116
1,2481,601.110497
1,2482,502.137493
1,2483,119.192356
1,2484,198.357765
1,2485,501.388894
1,2486,526.422641
1,2487,548.145277
1,2488,99.473075
1,2489,576.981819
1,2490,548.752858
1,2491,116.625437
1,2492,514.015384
1,2493,365.521317
1,2494,98.966990
1,2495,443.792142
1,2496,283.543804
1,2497,334.133565
1,2498,158.552591
1,2499,194.923018
1,2500,324.374243
1,2501,93.335151
1,2502,591.723382
1,2503,373.267321
1,2504,396.259151
1,2505,491.909097
1,2506,67.754658
1,2507,568.236798
1,2508,98.777900
1,2509,62.825206
1,2510,485.772375
1,2511,404.549508
1,2512,92.086838
1,2513,311.091977
1,2514,245.676918
1,2515,403.289763
1,2516,93.339279
1,2517,67.529714
1,2518,447.731484
1,2519,523.455115
1,2520,431.683180
1,2521,101.719468
1,2522,378.855910
1,2523,99.173293
1,2524,405.319390
1,2525,497.477826
1,2526,342.501698
1,2527,172.887417
1,2528,380.186507
1,2529,137.733830
1,2530,96.548782
1,2531,282.772346
1,2532,91.001822
1,2533,366.619858
1,2534,375.781434
1,2535,452.802862
1,2536,125.345333
1,2537,393.847513
1,2538,344.983895
1,2539,507.018431
1,2540,369.033513
1,2541,124.398517
1,2542,475.597701
1,2543,194.764878
1,2544,541.639469
1,2545,88.465055
1,2546,356.179634
1,2547,456.388195
1,2548,278.886549
1,2549,378.956936
1,2550,368.377605
1,2551,92.520339
1,2552,392.135418
1,2553,425.583099
1,2554,94.113754
1,2555,455.843154
1,2556,626.740572
1,2557,217.921867
1,2558,617.636654
1,2559,299.649135
1,2560,245.422266
1,2561,370.459048
1,2562,180.033001
1,2563,398.915276
1,2564,162.909260
1,2565,486.241388
1,2566,64.552574
1,2567,514.543257
1,2568,352.031096
1,2569,95.397019
1,2570,373.296967
1,2571,109.802002
1,2572,435.621645
1,2573,203.322511
1,2574,285.018548
1,2575,313.840654
1,2576,186.420929
1,2577,109.839057
1,2578,442.207768
1,2579,333.920142
1,2580,469.248497
1,2581,526.066141
1,2582,446.738230
1,2583,115.047036
1,2584,459.182268
1,2585,271.460012
1,2586,239.436965
1,2587,224.854753
1,2588,107.032765
1,2589,471.376095
1,2590,474.878616
1,2591,512.175856
1,2592,63.698835
1,2593,569.369043
1,2594,408.626201
1,2595,93.555283
1,2596,251.529483
1,2597,587.455443
1,2598,111.544601
1,2599,538.432751
1,2600,91.725179
1,2601,322.087302
1,2602,98.503448
1,2603,527.162144
1,2604,449.101708
1,2605,227.437099
1,2606,170.729340
1,2607,259.357147
1,2608,366.327148
1,2609,427.026461
1,2610,475.036400
1,2611,238.782732
1,2612,484.194121
1,2613,90.589420
1,2614,449.644822
1,2615,459.283185
1,2616,106.833974
1,2617,364.443327
1,2618,356.549178
1,2619,501.599601
1,2620,92.920541
1,2621,711.970506
1,2622,565.176445
1,2623,88.755654
1,2624,95.289725
1,2625,448.192673
1,2626,93.419059
1,2627,169.311637
1,2628,497.466806
1,2629,198.152908
1,2630,499.758921
1,2631,303.277331
1,2632,236.067019
1,2633,317.365162
1,2634,432.869771
1,2635,80.865215
1,2636,58.494015
1,2637,350.940524
1,2638,454.038681
1,2639,94.588965
1,2640,383.460622
1,2641,86.928788
1,2642,448.859025
1,2643,428.582055
1,2644,91.942414
1,2645,191.620967
1,2646,97.184006
1,2647,330.518001
1,2648,354.872622
1,2649,91.162865
1,2650,420.923945
1,2651,295.378425
1,2652,421.930766
1,2653,92.636644
1,2654,323.384063
1,2655,488.881343
1,2656,472.487817
1,2657,266.973058
1,2658,102.921575
1,2659,550.132490
1,2660,261.494800
1,2661,72.486485
1,2662,263.888979
1,2663,241.869968
1,2664,392.634694
1,2665,80.368389
1,2666,258.962316
1,2667,523.660880
1,2668,475.079187
1,2669,151.829299
1,2670,353.992755
1,2671,92.278908
1,2672,211.337392
1,2673,371.154349
1,2674,102.020433
1,2675,278.467164
1,2676,107.649880
1,2677,450.896224
1,2678,207.537386
1,2679,456.484140
1,2680,247.222321
1,2681,194.338303
1,2682,369.970587
1,2683,62.583816
1,2684,222.688853
1,2685,132.051076
1,2686,369.510510
1,2687,61.294036
1,2688,329.815062
1,2689,91.925196
1,2690,424.892421
1,2691,114.083440
1,2692,93.328229
1,2693,222.170806
1,2694,296.329081
1,2695,191.217865
1,2696,175.365105
1,2697,511.454137
1,2698,95.253981
1,2699,440.680480
1,2700,334.894911
1,2701,95.113032
1,2702,315.490321
1,2703,102.740426
1,2704,136.267952
1,2705,418.262889
1,2706,93.190973
1,2707,62.576774
1,2708,390.135746
1,2709,90.032947
1,2710,294.711900
1,2711,141.681771
1,2712,90.523126
1,2713,348.520137
1,2714,375.002260
1,2715,301.198339
1,2716,280.397463
1,2717,267.146588
1,2718,441.377132
1,2719,91.770493
1,2720,567.765615
1,2721,395.862741
1,2722,117.954885
1,2723,414.763179
1,2724,368.051840
1,2725,427.268041
1,2726,145.928903
1,2727,255.764117
1,2728,137.152674
1,2729,405.019969
1,2730,298.124894
1,2731,146.570905
1,2732,343.366847
1,2733,60.766786
1,2734,270.932934
1,2735,89.435791
1,2736,132.162199
1,2737,237.095197
1,2738,194.115359
1,2739,223.344012
1,2740,47.285395
1,2741,174.928067
1,2742,75.769209
1,2743,269.563884
1,2744,54.346080
1,2745,213.463674
1,2746,96.800421
1,2747,244.023013
1,2748,103.588240
1,2749,102.479968
1,2750,215.013261
1,2751,279.388931
1,2752,228.717872
1,2753,249.632162
1,2754,361.349828
1,2755,87.297366
1,2756,479.698965
1,2757,525.859593
1,2758,116.625673
1,2759,135.089728
1,2760,304.070184
1,2761,62.211525
1,2762,453.932850
1,2763,96.959288
1,2764,468.368760
1,2765,437.463898
1,2766,88.651665
1,2767,397.139268
1,2768,369.915415
1,2769,105.721602
1,2770,289.025676
1,2771,89.305169
1,2772,107.360679
1,2773,439.820087
1,2774,109.362024
1,2775,70.923138
1,2776,408.779508
1,2777,117.836231
1,2778,297.979455
1,2779,173.422812
1,2780,107.420873
1,2781,340.515047
1,2782,355.015449
1,2783,116.468430
1,2784,442.735980
1,2785,407.491037
1,2786,101.445246
1,2787,384.317917
1,2788,382.446328
1,2789,341.197076
1,2790,277.285083
1,2791,270.525459
1,2792,257.372481
1,2793,446.074861
1,2794,89.728088
1,2795,388.437586
1,2796,92.548354
1,2797,60.582540
1,2798,265.863801
1,2799,89.568669
1,2800,131.555234
1,2801,232.461003
1,2802,203.242737
1,2803,346.209339
1,2804,138.364209
1,2805,156.813257
1,2806,230.961189
1,2807,186.445661
1,2808,179.815055
1,2809,546.984330
1,2810,137.664721
1,2811,144.610206
1,2812,393.121040
1,2813,583.575689
1,2814,252.751079
1,2815,72.125245
1,2816,260.627840
1,2817,82.312153
1,2818,344.844295
1,2819,211.389393
1,2820,338.750348
1,2821,171.715590
1,2822,324.393654
1,2823,82.672173
1,2824,193.366786
1,2825,287.376411
1,2826,60.189144
1,2827,387.329694
1,2828,108.537005
1,2829,176.574623
1,2830,383.981726
1,2831,346.069524
1,2832,175.141813
1,2833,88.180163
1,2834,364.744143
1,2835,268.585674
1,2836,59.921426
1,2837,317.623775
1,2838,377.729576
1,2839,91.595208
1,2840,320.389346
1,2841,89.432372
1,2842,436.205721
1,2843,98.005393
1,2844,382.684427
1,2845,143.146031
1,2846,272.794282
1,2847,313.589336
1,2848,192.383308
1,2849,265.833451
1,2850,94.553026
1,2851,399.160851
1,2852,94.007499
1,2853,194.093478
1,2854,138.242140
1,2855,119.757802
1,2856,437.590757
1,2857,101.665525
1,2858,330.031459
1,2859,529.836087
1,2860,59.472162
1,2861,457.042140
1,2862,88.225798
1,2863,102.494791
1,2864,357.530400
1,2865,97.825489
1,2866,60.962748
1,2867,267.305417
1,2868,322.902275
1,2869,95.366228
1,2870,254.527424
1,2871,398.534796
1,2872,397.404718
1,2873,270.567312
1,2874,72.180272
1,2875,279.991195
1,2876,142.317294
1,2877,111.612939
1,2878,358.806618
1,2879,294.612605
1,2880,100.807387
1,2881,380.808257
1,2882,162.136825
1,2883,106.433375
1,2884,218.181733
1,2885,393.692310
1,2886,128.867540
1,2887,241.772361
1,2888,414.582274
1,2889,85.930956
1,2890,221.357498
1,2891,269.138128
1,2892,362.845706
1,2893,108.155136
1,2894,278.315923
1,2895,362.332307
1,2896,100.083133
1,2897,110.579719
1,2898,356.260216
1,2899,448.094177
1,2900,107.637633
1,2901,108.783006
1,2902,211.530449
1,2903,234.669471
1,2904,89.020862
1,2905,146.736356
1,2906,356.623901
1,2907,97.988937
1,2908,69.970248
1,2909,250.119309
1,2910,482.579801
1,2911,270.295335
1,2912,389.530619
1,2913,131.680815
1,2914,315.452805
1,2915,410.587513
1,2916,128.887012
1,2917,412.722180
1,2918,115.599639
1,2919,191.125268
1,2920,393.205395
1,2921,207.910347
1,2922,324.626774
1,2923,89.925168
1,2924,384.702619
1,2925,319.858492
1,2926,152.543614
1,2927,229.203620
1,2928,275.880102
1,2929,96.235153
1,2930,402.514275
1,2931,90.182944
1,2932,438.076309
1,2933,247.755011
1,2934,470.251035
1,2935,504.233949
1,2936,115.098205
1,2937,330.403917
1,2938,258.731062
1,2939,522.117563
1,2940,287.906347
1,2941,188.771428
1,2942,353.638906
1,2943,96.903783
1,2944,376.692209
1,2945,90.810772
1,2946,384.947477
1,2947,351.739199
1,2948,85.545265
1,2949,403.877895
1,2950,90.762854
1,2951,390.520228
1,2952,89.377932
1,2953,538.176476
1,2954,304.396096
1,2955,56.545296
1,2956,282.614460
1,2957,263.313145
1,2958,503.177153
1,2959,102.134314
1,2960,347.640237
1,2961,90.946562
1,2962,283.693956
1,2963,93.762460
1,2964,267.332087
1,2965,482.095640
1,2966,89.779685
1,2967,435.400290
1,2968,310.106807
1,2969,425.060390
1,2970,82.873711
1,2971,398.549029
1,2972,350.663507
1,2973,87.371463
1,2974,163.865960
1,2975,536.437586
1,2976,314.795959
1,2977,98.462160
1,2978,151.675194
1,2979,47.754206
1,2980,381.936468
1,2981,92.164728
1,2982,261.387445
1,2983,256.934672
1,2984,258.515842
1,2985,295.066132
1,2986,291.552566
1,2987,61.630197
1,2988,133.016983
1,2989,258.413906
1,2990,87.819883
1,2991,229.341660
1,2992,195.303338
1,2993,213.293767
1,2994,282.680515
1,2995,477.155538
1,2996,115.627288
1,2997,220.813748
1,2998,273.156301
1,2999,258.268551
1,3000,258.744369
1,3001,93.153373
1,3002,165.502877
1,3003,184.285120
1,3004,99.590071
1,3005,62.848719
1,3006,323.394126
1,3007,90.034032
1,3008,184.163940
1,3009,444.638674
1,3010,62.961397
1,3011,325.213497
1,3012,146.512530
1,3013,288.727089
1,3014,95.583611
1,3015,214.904851
1,3016,94.323635
1,3017,341.799180
1,3018,179.289123
1,3019,266.734423
1,3020,371.080190
1,3021,110.765798
1,3022,78.542644
1,3023,302.042580
1,3024,109.292535
1,3025,161.713645
1,3026,150.519177
1,3027,260.767255
1,3028,230.300428
1,3029,97.007009
1,3030,239.868883
1,3031,128.939531
1,3032,249.208718
1,3033,222.151684
1,3034,110.158613
1,3035,412.771126
1,3036,90.550654
1,3037,216.584333
1,3038,89.450582
1,3039,297.468701
1,3040,178.979489
1,3041,235.812303
1,3042,88.645126
1,3043,157.287629
1,3044,182.692093
1,3045,303.753466
1,3046,84.339452
1,3047,303.240894
1,3048,93.362379
1,3049,291.756463
1,3050,292.931710
1,3051,269.542866
1,3052,129.172426
1,3053,113.059817
1,3054,63.322934
1,3055,332.900830
1,3056,89.367839
1,3057,429.164873
1,3058,289.108355
1,3059,299.517644
1,3060,107.543049
1,3061,245.641733
1,3062,125.971431
1,3063,225.080365
1,3064,284.914712
1,3065,285.651576
1,3066,336.686712
1,3067,95.544196
1,3068,85.274583
1,3069,328.895922
1,3070,479.095378
1,3071,522.676032
1,3072,372.489894
1,3073,403.223899
1,3074,285.862239
1,3075,69.555323
1,3076,303.173632
1,3077,97.469318
1,3078,339.621003
1,3079,218.757776
1,3080,306.445518
1,3081,165.730502
1,3082,124.572814
1,3083,252.532792
1,3084,88.147830
1,3085,207.333766
1,3086,412.489682
1,3087,107.932400
1,3088,400.233346
1,3089,94.570436
1,3090,217.883645
1,3091,481.160881
1,3092,378.297506
1,3093,335.362930
1,3094,221.140828
1,3095,119.166968
1,3096,160.446618
1,3097,82.372735
1,3098,197.036975
1,3099,271.124224
1,3100,412.218633
1,3101,197.393084
1,3102,422.560122
1,3103,115.125529
1,3104,120.005603
1,3105,199.865677
1,3106,246.853852
1,3107,82.306654
1,3108,252.875115
1,3109,82.162014
1,3110,121.098302
1,3111,85.615208
1,3112,205.197505
1,3113,296.715800
1,3114,314.916624
1,3115,338.644303
1,3116,289.711570
1,3117,171.360660
1,3118,115.691338
1,3119,282.601968
1,3120,321.852145
1,3121,391.166394
1,3122,81.594260
1,3123,335.501499
1,3124,55.321910
1,3125,285.591116
1,3126,230.316649
1,3127,80.277674
1,3128,175.228522
1,3129,308.608342
1,3130,245.936928
1,3131,306.982440
1,3132,329.919606
1,3133,346.834259
1,3134,391.545062
1,3135,82.699239
1,3136,129.261487
1,3137,316.653961
1,3138,125.848236
1,3139,195.830301
1,3140,135.732138
1,3141,98.280194
1,3142,273.729214
1,3143,69.449011
1,3144,266.899266
1,3145,210.069853
1,3146,197.819198
1,3147,278.093315
1,3148,361.997857
1,3149,74.620123
1,3150,206.770528
1,3151,110.159562
1,3152,295.303809
1,3153,79.400779
1,3154,281.376715
1,3155,140.979112
1,3156,332.476225
1,3157,286.755639
1,3158,93.176253
1,3159,407.868396
1,3160,356.787836
1,3161,364.438794
1,3162,431.366960
1,3163,345.092340
1,3164,90.356865
1,3165,229.936275
1,3166,83.742676
1,3167,234.808349
1,3168,321.959527
1,3169,82.063463
1,3170,158.194591
1,3171,266.447268
1,3172,123.398259
1,3173,160.096798
1,3174,81.169084
1,3175,729.782471
1,3176,84.202843
1,3177,312.121266
1,3178,132.494779
1,3179,236.663855
1,3180,81.445555
1,3181,161.950488
1,3182,313.323911
1,3183,347.533315
1,3184,81.281856
1,3185,63.858749
1,3186,283.278291
1,3187,80.359847
1,3188,349.901338
1,3189,91.946650
1,3190,179.401902
1,3191,509.843745
1,3192,80.745922
1,3193,335.593806
1,3194,79.233608
1,3195,258.253180
1,3196,197.122911
1,3197,208.291857
1,3198,256.470457
1,3199,269.679720
1,3200,177.684273
1,3201,198.386140
1,3202,363.449072
1,3203,78.632603
1,3204,157.710599
1,3205,206.323520
1,3206,226.732615
1,3207,159.400347
1,3208,91.093524
1,3209,287.327604
1,3210,223.663149
1,3211,80.733977
1,3212,183.858851
1,3213,169.261343
1,3214,256.175066
1,3215,114.795527
1,3216,77.013107
1,3217,301.565010
1,3218,159.471966
1,3219,165.140956
1,3220,213.247933
1,3221,254.851549
1,3222,222.136334
1,3223,331.554279
1,3224,111.140813
1,3225,153.491322
1,3226,76.743503
1,3227,167.666055
1,3228,75.947976
1,3229,226.615060
1,3230,75.445169
1,3231,83.643739
1,3232,252.403260
1,3233,286.241500
1,3234,323.539907
1,3235,272.234668
1,3236,162.243196
1,3237,283.031323
1,3238,80.743634
1,3239,276.041065
1,3240,133.561047
1,3241,190.310972
1,3242,243.310974
1,3243,504.713766
1,3244,207.941605
1,3245,265.995653
1,3246,336.214766
1,3247,175.111677
1,3248,365.267947
1,3249,296.143309
1,3250,249.426467
1,3251,203.030094
1,3252,72.292087
1,3253,274.114413
1,3254,74.181578
1,3255,221.149580
1,3256,316.518818
1,3257,282.941663
1,3258,77.373089
1,3259,317.520180
1,3260,279.607389
1,3261,268.198650
1,3262,263.242058
1,3263,342.760046
1,3264,113.419266
1,3265,91.569846
1,3266,108.346821
1,3267,277.324533
1,3268,237.060720
1,3269,293.515257
1,3270,238.823078
1,3271,354.523688
1,3272,234.095160
1,3273,146.374169
1,3274,415.612889
1,3275,96.048149
1,3276,280.915369
1,3277,345.043002
1,3278,331.743313
1,3279,326.808321
1,3280,318.529126
1,3281,82.098540
1,3282,226.475285
1,3283,373.519881
1,3284,130.064847
1,3285,226.902346
1,3286,386.250518
1,3287,343.130053
1,3288,324.391812
1,3289,301.054794
1,3290,121.392397
1,3291,343.251365
1,3292,272.165929
1,3293,315.052358
1,3294,81.172313
1,3295,157.846159
1,3296,231.551405
1,3297,311.205117
1,3298,312.621601
1,3299,78.522259
1,3300,372.313386
1,3301,89.993809
1,3302,420.451325
1,3303,518.968359
1,3304,412.952148
1,3305,77.546092
1,3306,54.504561
1,3307,298.518200
1,3308,78.206100
1,3309,252.805939
1,3310,168.762115
1,3311,237.975408
1,3312,140.449129
1,3313,255.872657
1,3314,219.459439
1,3315,166.359023
1,3316,69.329098
1,3317,159.074401
1,3318,234.983764
1,3319,107.659537
1,3320,181.772663
1,3321,207.063934
1,3322,150.624701
1,3323,129.083930
1,3324,291.127854
1,3325,345.684754
1,3326,232.038466
1,3327,163.353890
1,3328,141.741484
1,3329,114.914047
1,3330,241.120280
1,3331,267.666298
1,3332,83.980625
1,3333,276.418065
1,3334,83.098299
1,3335,162.471479
1,3336,57.220466
1,3337,118.570734
1,3338,274.153512
1,3339,318.481738
1,3340,238.454162
1,3341,303.544258
1,3342,215.380063
1,3343,127.317973
1,3344,265.145342
1,3345,282.726987
1,3346,166.364525
1,3347,249.514196
1,3348,246.617932
1,3349,340.449526
1,3350,232.394992
1,3351,259.458214
1,3352,95.643604
1,3353,393.549716
1,3354,70.392545
1,3355,271.116495
1,3356,81.441137
1,3357,182.919416
1,3358,180.862463
1,3359,302.681484
1,3360,79.811700
1,3361,185.775405
1,3362,635.964218
1,3363,618.133449
1,3364,308.238576
1,3365,290.506068
1,3366,52.243943
1,3367,338.564591
1,3368,338.275803
1,3369,352.632957
1,3370,284.267805
1,3371,253.115734
1,3372,85.802956
1,3373,104.527938
1,3374,391.753067
1,3375,246.707850
1,3376,355.945450
1,3377,445.169942
1,3378,450.071227
1,3379,377.228743
1,3380,354.291647
1,3381,103.270300
1,3382,355.010665
1,3383,275.952406
1,3384,552.470847
1,3385,439.368870
1,3386,349.741586
1,3387,413.443910
1,3388,92.065692
1,3389,351.733224
1,3390,348.513973
1,3391,389.447794
1,3392,484.295608
1,3393,264.060451
1,3394,238.587111
1,3395,437.126714
1,3396,60.112151
1,3397,187.850071
1,3398,328.609274
1,3399,345.660240
1,3400,349.004295
1,3401,262.762260
1,3402,336.055706
1,3403,330.329110
1,3404,107.736046
1,3405,109.165463
1,3406,473.682823
1,3407,133.046260
1,3408,356.865607
1,3409,409.136529
1,3410,88.917808
1,3411,371.664689
1,3412,88.112461
1,3413,170.245968
1,3414,152.442931
1,3415,262.903749
1,3416,292.800867
1,3417,157.520392
1,3418,278.108282
1,3419,71.540904
1,3420,243.164293
1,3421,302.525115
1,3422,75.133155
1,3423,97.064873
1,3424,438.395738
1,3425,298.564707
1,3426,77.362097
1,3427,416.053295
1,3428,300.767948
1,3429,382.256828
1,3430,78.822089
1,3431,234.954341
1,3432,87.905775
1,3433,376.546172
1,3434,186.575783
1,3435,347.687785
1,3436,304.028982
1,3437,343.933141
1,3438,281.680850
1,3439,526.631729
1,3440,314.021764
1,3441,477.124957
1,3442,366.284360
1,3443,461.998712
1,3444,85.493493
1,3445,216.267214
1,3446,120.049260
1,3447,396.419286
1,3448,470.937686
1,3449,94.497470
1,3450,239.665031
1,3451,89.980237
1,3452,217.693895
1,3453,186.026611
1,3454,194.044585
1,3455,87.756142
1,3456,333.705942
1,3457,91.608201
1,3458,311.681706
1,3459,89.672809
1,3460,101.988304
1,3461,392.940619
1,3462,283.692497
1,3463,372.518275
1,3464,300.937760
1,3465,102.950833
1,3466,156.003728
1,3467,214.460644
1,3468,306.997727
1,3469,75.114420
1,3470,353.917208
1,3471,86.078159
1,3472,88.461732
1,3473,382.401628
1,3474,122.468915
1,3475,347.405703
1,3476,346.633883
1,3477,101.321452
1,3478,268.105644
1,3479,286.695207
1,3480,57.996397
1,3481,231.012163
1,3482,90.012238
1,3483,355.538942
1,3484,436.814414
1,3485,394.442132
1,3486,430.379734
1,3487,249.288841
1,3488,292.926224
1,3489,308.091623
1,3490,261.985997
1,3491,375.870288
1,3492,311.825330
1,3493,244.911714
1,3494,109.921704
1,3495,224.628472
1,3496,253.654914
1,3497,342.637450
1,3498,99.559105
1,3499,207.299209
1,3500,361.813676
1,3501,104.244931
1,3502,492.265607
1,3503,146.349650
1,3504,344.722495
1,3505,308.142926
1,3506,187.842217
1,3507,84.979669
1,3508,314.664900
1,3509,88.149907
1,3510,304.104783
1,3511,190.423757
1,3512,223.707822
1,3513,235.537043
1,3514,69.899405
1,3515,204.318421
1,3516,314.060009
1,3517,253.849703
1,3518,238.517086
1,3519,114.563812
1,3520,189.138831
1,3521,281.204984
1,3522,328.384535
1,3523,408.575853
1,3524,53.558388
1,3525,228.480222
1,3526,347.462367
1,3527,82.527032
1,3528,277.852810
1,3529,81.620758
1,3530,99.408955
1,3531,307.706024
1,3532,73.657421
1,3533,192.606751
1,3534,89.760233
1,3535,204.202585
1,3536,192.794172
1,3537,103.867369
1,3538,161.178169
1,3539,246.602849
1,3540,107.093108
1,3541,334.626444
1,3542,102.212115
1,3543,141.965794
1,3544,405.885940
1,3545,88.303124
1,3546,386.105394
1,3547,437.235552
1,3548,196.001304
1,3549,495.115664
1,3550,97.859547
1,3551,297.370346
1,3552,313.361900
1,3553,468.252860
1,3554,286.333761
1,3555,250.996307
1,3556,312.822492
1,3557,211.942712
1,3558,317.353015
1,3559,96.892225
1,3560,530.538570
1,3561,87.543289
1,3562,84.269963
1,3563,488.697644
1,3564,440.737600
1,3565,196.698635
1,3566,325.028133
1,3567,279.422474
1,3568,567.228117
1,3569,85.048755
1,3570,330.824882
1,3571,135.328627
1,3572,338.784784
1,3573,291.538431
1,3574,197.476381
1,3575,299.970274
1,3576,295.766568
1,3577,188.945979
1,3578,364.692078
1,3579,264.591775
1,3580,473.976109
1,3581,334.580010
1,3582,491.697008
1,3583,424.068091
1,3584,336.537841
1,3585,82.273958
1,3586,330.175319
1,3587,309.761126
1,3588,379.779582
1,3589,385.444442
1,3590,80.633950
1,3591,364.498286
1,3592,341.054448
1,3593,353.421329
1,3594,419.540743
1,3595,501.924353
1,3596,264.544004
1,3597,316.020806
1,3598,340.874735
1,3599,128.149238
1,3600,372.835852
1,3601,247.203331
1,3602,147.555866
1,3603,200.436260
1,3604,67.830491
1,3605,123.848281
1,3606,245.515739
1,3607,204.504405
1,3608,220.165937
1,3609,83.996256
1,3610,51.859150
1,3611,76.028315
1,3612,143.712693
1,3613,250.206529
1,3614,224.113840
1,3615,82.993226
1,3616,175.011758
1,3617,92.658433
1,3618,275.951333
1,3619,122.251284
1,3620,224.932484
1,3621,49.533877
1,3622,204.652375
1,3623,104.394097
1,3624,258.725539
1,3625,86.482783
1,3626,165.786464
1,3627,57.556192
1,3628,297.492873
1,3629,214.858001
1,3630,243.661984
1,3631,240.089407
1,3632,88.584083
1,3633,166.487578
1,3634,97.413769
1,3635,292.076901
1,3636,365.642644
1,3637,50.672580
1,3638,267.593458
1,3639,178.197044
1,3640,84.767617
1,3641,129.398341
1,3642,83.526793
1,3643,94.585106
1,3644,56.582141
1,3645,266.116688
1,3646,82.868769
1,3647,120.105932
1,3648,258.078760
1,3649,293.403780
1,3650,87.532867
1,3651,201.958515
1,3652,92.506963
1,3653,244.746445
1,3654,84.088957
1,3655,203.238162
1,3656,94.169931
1,3657,86.340930
1,3658,267.160416
1,3659,116.936223
1,3660,269.196799
1,3661,195.578449
1,3662,86.862303
1,3663,244.250981
1,3664,288.420788
1,3665,306.867695
1,3666,360.795256
1,3667,121.501615
1,3668,103.052376
1,3669,121.941691
1,3670,295.486589
1,3671,359.975725
1,3672,252.173685
1,3673,81.327425
1,3674,236.790048
1,3675,79.175926
1,3676,241.241620
1,3677,248.297131
1,3678,184.507439
1,3679,304.065609
1,3680,80.402623
1,3681,268.956471
1,3682,1146.080315
1,3683,271.121593
1,3684,78.290079
1,3685,302.648722
1,3686,186.058347
1,3687,163.122117
1,3688,269.619178
1,3689,81.371718
1,3690,181.419662
1,3691,89.969627
1,3692,168.444039
1,3693,144.914402
1,3694,290.774371
1,3695,335.730797
1,3696,97.517491
1,3697,398.137548
1,3698,242.361367
1,3699,72.081326
1,3700,163.079191
1,3701,300.609703
1,3702,51.404768
1,3703,218.058830
1,3704,340.461582
1,3705,51.372312
1,3706,269.718010
1,3707,543.410673
1,3708,400.184160
1,3709,288.706299
1,3710,273.331006
1,3711,91.621352
1,3712,219.885970
1,3713,96.665053
1,3714,342.317051
1,3715,279.437736
1,3716,326.156140
1,3717,317.851288
1,3718,404.484562
1,3719,135.320979
1,3720,231.950349
1,3721,245.333675
1,3722,84.191230
1,3723,295.811769
1,3724,266.991001
1,3725,85.857924
1,3726,206.781139
1,3727,84.879507
1,3728,210.240512
1,3729,180.709994
1,3730,125.246334
1,3731,169.426948
1,3732,88.682178
1,3733,203.584241
1,3734,132.474077
1,3735,323.711824
1,3736,84.726467
1,3737,234.403668
1,3738,361.525052
1,3739,58.128718
1,3740,208.575791
1,3741,335.331002
1,3742,85.707925
1,3743,240.569202
1,3744,209.276980
1,3745,369.915635
1,3746,100.655178
1,3747,210.443824
1,3748,272.808845
1,3749,120.379940
1,3750,124.489877
1,3751,216.016806
1,3752,342.630732
1,3753,303.747993
1,3754,83.910141
1,3755,262.537594
1,3756,86.613696
1,3757,176.411650
1,3758,327.805330
1,3759,84.546390
1,3760,283.132614
1,3761,82.610282
1,3762,162.573757
1,3763,84.806849
1,3764,383.926821
1,3765,82.489379
1,3766,117.975666
1,3767,304.335674
1,3768,335.184999
1,3769,346.605296
1,3770,250.795989
1,3771,86.580294
1,3772,312.405193
1,3773,241.494476
1,3774,352.864132
1,3775,285.576359
1,3776,378.301576
1,3777,456.523445
1,3778,567.542720
1,3779,90.254774
1,3780,389.204016
1,3781,91.716617
1,3782,450.536991
1,3783,104.044045
1,3784,371.948592
1,3785,269.431478
1,3786,492.144451
1,3787,94.439220
1,3788,237.768564
1,3789,463.854610
1,3790,111.487895
1,3791,611.251977
1,3792,663.335868
1,3793,647.748129
1,3794,66.239934
1,3795,478.188949
1,3796,506.863728
1,3797,579.750242
1,3798,110.662382
1,3799,498.018331
1,3800,431.230630
1,3801,250.681506
1,3802,97.447486
1,3803,428.435600
1,3804,408.773367
1,3805,355.935928
1,3806,103.544915
1,3807,477.717509
1,3808,96.591100
1,3809,299.575985
1,3810,513.345336
1,3811,331.578624
1,3812,568.981787
1,3813,125.185153
1,3814,468.654071
1,3815,602.405923
1,3816,105.061849
1,3817,400.693840
1,3818,769.938892
1,3819,473.201311
1,3820,623.051051
1,3821,433.688211
1,3822,98.455119
1,3823,383.649688
1,3824,273.951586
1,3825,222.582158
1,3826,240.712081
1,3827,397.031810
1,3828,68.313636
1,3829,430.787066
1,3830,293.895436
1,3831,102.504091
1,3832,329.460368
1,3833,397.779390
1,3834,145.798214
1,3835,432.561184
1,3836,452.835399
1,3837,332.153210
1,3838,96.838080
1,3839,242.048464
1,3840,159.195122
1,3841,309.958803
1,3842,84.444055
1,3843,466.247839
1,3844,144.070968
1,3845,115.426992
1,3846,92.487283
1,3847,492.605855
1,3848,104.473148
1,3849,84.099259
1,3850,203.786443
1,3851,369.432402
1,3852,786.245221
1,3853,601.280017
1,3854,106.204525
1,3855,689.544487
1,3856,122.461091
1,3857,219.958544
1,3858,228.859912
1,3859,520.809457
1,3860,144.563462
1,3861,671.252575
1,3862,94.474990
1,3863,489.641415
1,3864,275.851112
1,3865,460.378045
1,3866,100.882857
1,3867,287.772369
1,3868,181.966199
1,3869,602.769926
1,3870,107.138538
1,3871,522.029746
1,3872,233.646518
1,3873,305.491920
1,3874,443.183933
1,3875,483.424447
1,3876,96.746772
1,3877,240.037427
1,3878,469.591159
1,3879,64.986066
1,3880,436.061862
1,3881,358.057970
1,3882,402.166414
1,3883,375.195512
1,3884,98.419900
1,3885,415.921112
1,3886,360.932489
1,3887,249.042532
1,3888,567.237193
1,3889,98.297306
1,3890,196.091440
1,3891,508.746453
1,3892,92.571923
1,3893,243.195262
1,3894,476.564345
1,3895,553.208837
1,3896,451.087134
1,3897,350.161354
1,3898,372.629205
1,3899,114.526121
1,3900,334.476029
1,3901,326.955171
1,3902,89.823047
1,3903,421.430047
1,3904,86.688037
1,3905,496.282783
1,3906,264.496277
1,3907,491.025513
1,3908,90.627156
1,3909,230.345530
1,3910,410.283795
1,3911,785.294191
1,3912,374.805603
1,3913,407.655948
1,3914,130.676054
1,3915,449.388624
1,3916,103.154132
1,3917,405.029230
1,3918,548.322086
1,3919,211.055839
1,3920,101.919025
1,3921,381.325821
1,3922,291.923465
1,3923,412.216872
1,3924,95.526604
1,3925,385.430256
1,3926,625.397361
1,3927,132.410996
1,3928,209.686641
1,3929,249.288750
1,3930,66.321016
1,3931,601.352825
1,3932,579.209042
1,3933,95.156458
1,3934,680.222563
1,3935,562.001455
1,3936,495.098343
1,3937,122.767367
1,3938,200.361560
1,3939,490.695232
1,3940,514.458169
1,3941,546.401217
1,3942,100.478441
1,3943,582.157085
1,3944,562.594768
1,3945,121.768335
1,3946,523.891935
1,3947,370.940230
1,3948,102.057353
1,3949,438.561264
1,3950,275.855753
1,3951,328.620128
1,3952,160.192841
1,3953,195.606037
1,3954,319.537805
1,3955,93.365028
1,3956,595.636717
1,3957,366.593050
1,3958,400.285589
1,3959,490.386699
1,3960,68.375541
1,3961,558.942176
1,3962,101.094464
1,3963,62.832798
1,3964,474.229712
1,3965,403.267566
1,3966,92.562095
1,3967,312.035690
1,3968,250.374334
1,3969,407.545961
1,3970,94.483808
1,3971,68.379802
1,3972,451.010713
1,3973,518.394918
1,3974,429.718488
1,3975,106.452543
1,3976,381.193682
1,3977,103.353750
1,3978,406.349872
1,3979,505.694513
1,3980,348.102288
1,3981,173.816867
1,3982,378.024069
1,3983,138.587453
1,3984,93.841362
1,3985,284.082859
1,3986,91.557815
1,3987,364.598875
1,3988,373.661056
1,3989,455.500844
1,3990,125.407768
1,3991,395.390128
1,3992,336.778094
1,3993,507.762035
1,3994,370.477377
1,3995,123.867379
1,3996,448.957010
1,3997,191.337320
1,3998,534.980478
1,3999,88.828630
1,4000,340.042756
1,4001,441.119356
1,4002,276.276171
1,4003,378.436358
1,4004,366.069985
1,4005,92.544103
1,4006,386.910795
1,4007,412.689088
1,4008,95.172512
1,4009,447.640467
1,4010,619.770771
1,4011,216.300988
1,4012,578.979605
1,4013,304.900002
1,4014,251.694320
1,4015,365.671877
1,4016,184.224367
1,4017,400.270168
1,4018,172.624326
1,4019,471.687270
1,4020,64.560040
1,4021,515.497427
1,4022,353.891199
1,4023,95.426120
1,4024,367.781839
1,4025,110.707953
1,4026,441.921767
1,4027,211.685691
1,4028,286.445792
1,4029,311.037994
1,4030,186.849853
1,4031,106.415102
1,4032,437.018998
1,4033,337.551117
1,4034,464.992784
1,4035,521.942939
1,4036,443.553556
1,4037,113.015491
1,4038,454.222659
1,4039,266.452840
1,4040,239.881743
1,4041,226.137185
1,4042,112.124340
1,4043,466.159918
1,4044,485.541176
1,4045,517.773368
1,4046,64.268617
1,4047,562.595882
1,4048,404.690916
1,4049,94.123674
1,4050,243.252256
1,4051,588.968453
1,4052,115.287719
1,4053,538.389575
1,4054,92.196682
1,4055,331.045002
1,4056,96.953868
1,4057,537.028875
1,4058,448.832360
1,4059,230.121634
1,4060,168.262986
1,4061,263.686765
1,4062,364.192273
1,4063,419.825383
1,4064,472.598060
1,4065,240.854954
1,4066,490.499253
1,4067,91.224349
1,4068,464.803838
1,4069,469.269111
1,4070,108.013434
1,4071,364.534642
1,4072,356.226301
1,4073,502.925810
1,4074,94.185531
1,4075,707.944798
1,4076,566.725739
1,4077,89.238444
1,4078,94.884097
1,4079,452.580950
1,4080,96.501156
1,4081,169.429646
1,4082,486.586394
1,4083,195.460896
1,4084,500.986142
1,4085,301.183855
1,4086,242.938722
1,4087,317.169318
1,4088,446.935604
1,4089,80.880870
1,4090,58.095672
1,4091,360.746448
1,4092,452.539596
1,4093,94.366131
1,4094,378.786055
1,4095,86.950177
1,4096,458.371113
1,4097,436.962168
1,4098,91.965659
1,4099,192.918526
1,4100,96.777813
1,4101,332.206448
1,4102,356.324482
1,4103,91.188359
1,4104,423.293348
1,4105,296.787974
1,4106,423.526514
1,4107,92.663405
1,4108,330.475050
1,4109,497.543994
1,4110,479.495034
1,4111,262.575241
1,4112,102.011334
1,4113,547.212672
1,4114,262.222298
1,4115,72.496697
1,4116,267.116825
1,4117,248.862424
1,4118,385.916181
1,4119,80.384916
1,4120,248.609030
1,4121,485.272830
1,4122,444.996322
1,4123,148.610239
1,4124,358.635374
1,4125,90.005707
1,4126,212.556602
1,4127,373.573004
1,4128,101.558384
1,4129,283.179946
1,4130,113.572617
1,4131,457.664579
1,4132,201.724332
1,4133,444.317672
1,4134,237.426250
1,4135,188.150591
1,4136,375.415608
1,4137,62.590865
1,4138,223.319460
1,4139,134.000988
1,4140,372.793540
1,4141,61.508809
1,4142,339.760423
1,4143,91.952771
1,4144,418.783439
1,4145,113.582348
1,4146,93.710693
1,4147,224.425363
1,4148,284.725302
1,4149,189.581831
1,4150,170.836670
1,4151,513.835167
1,4152,98.154012
1,4153,443.726226
1,4154,339.588088
1,4155,95.450208
1,4156,321.631436
1,4157,103.374161
1,4158,136.854786
1,4159,421.234739
1,4160,93.520495
1,4161,62.584192
1,4162,406.329234
1,4163,90.353968
1,4164,295.765645
1,4165,144.726998
1,4166,90.551439
1,4167,342.275788
1,4168,369.619224
1,4169,299.601444
1,4170,281.565901
1,4171,270.933728
1,4172,443.083587
1,4173,92.174975
1,4174,572.227582
1,4175,400.025761
1,4176,123.999063
1,4177,413.106878
1,4178,365.569961
1,4179,425.594228
1,4180,146.997301
1,4181,252.914300
1,4182,141.138008
1,4183,405.470700
1,4184,303.707946
1,4185,147.100044
1,4186,342.892279
1,4187,61.285081
1,4188,276.449450
1,4189,89.826355
1,4190,132.779275
1,4191,237.860663
1,4192,187.164390
1,4193,223.634668
1,4194,47.285395
1,4195,175.793022
1,4196,75.781200
1,4197,270.741357
1,4198,54.346080
1,4199,215.164520
1,4200,97.688941
1,4201,245.943329
1,4202,104.451696
1,4203,103.527968
1,4204,215.355159
1,4205,277.416560
1,4206,228.998350
1,4207,239.560609
1,4208,354.273166
1,4209,87.320563
1,4210,469.410322
1,4211,516.125956
1,4212,117.649921
1,4213,135.712566
1,4214,309.100380
1,4215,62.218122
1,4216,457.631083
1,4217,98.718103
1,4218,477.783795
1,4219,435.858866
1,4220,88.678145
1,4221,390.644846
1,4222,369.141958
1,4223,105.057337
1,4224,286.564118
1,4225,89.686007
1,4226,106.782060
1,4227,454.039822
1,4228,109.628575
1,4229,71.944418
1,4230,416.115753
1,4231,118.211058
1,4232,303.414172
1,4233,175.195132
1,4234,111.240408
1,4235,346.709193
1,4236,355.046632
1,4237,120.735467
1,4238,446.033458
1,4239,412.674388
1,4240,102.440388
1,4241,393.594721
1,4242,390.032903
1,4243,336.349954
1,4244,274.590265
1,4245,275.286459
1,4246,257.302283
1,4247,449.132047
1,4248,89.755680
1,4249,392.917045
1,4250,92.183675
1,4251,60.589678
1,4252,271.347222
1,4253,90.003008
1,4254,132.462640
1,4255,234.002022
1,4256,200.618065
1,4257,341.558259
1,4258,138.184321
1,4259,152.908851
1,4260,227.775095
1,4261,182.657391
1,4262,184.023206
1,4263,541.953435
1,4264,137.995356
1,4265,145.634522
1,4266,392.110008
1,4267,569.226415
1,4268,253.046549
1,4269,72.135014
1,4270,260.596459
1,4271,82.755452
1,4272,346.242705
1,4273,211.675281
1,4274,339.923434
1,4275,172.083409
1,4276,325.597516
1,4277,82.691500
1,4278,189.476193
1,4279,288.223050
1,4280,60.194669
1,4281,408.287131
1,4282,112.724368
1,4283,181.647424
1,4284,396.816122
1,4285,347.928675
1,4286,175.796749
1,4287,88.204348
1,4288,362.865835
1,4289,266.438822
1,4290,59.927946
1,4291,319.440907
1,4292,387.528743
1,4293,92.662389
1,4294,326.004541
1,4295,90.199818
1,4296,444.870458
1,4297,98.560434
1,4298,377.777121
1,4299,142.787920
1,4300,269.548828
1,4301,314.441393
1,4302,192.612771
1,4303,269.555631
1,4304,97.914871
1,4305,408.326647
1,4306,95.046845
1,4307,191.379397
1,4308,138.929733
1,4309,122.504415
1,4310,434.447535
1,4311,103.525343
1,4312,331.722920
1,4313,537.004184
1,4314,59.479262
1,4315,474.359703
1,4316,88.253022
1,4317,106.947813
1,4318,361.819695
1,4319,97.328907
1,4320,61.558191
1,4321,264.094540
1,4322,328.811030
1,4323,98.997797
1,4324,258.208897
1,4325,417.209021
1,4326,410.986124
1,4327,271.920155
1,4328,72.189825
1,4329,282.243283
1,4330,145.101624
1,4331,112.718431
1,4332,360.670576
1,4333,301.343985
1,4334,101.365158
1,4335,387.455300
1,4336,162.852756
1,4337,110.291500
1,4338,224.777133
1,4339,399.558852
1,4340,127.024366
1,4341,241.625500
1,4342,422.656010
1,4343,85.953555
1,4344,227.471580
1,4345,276.994388
1,4346,368.204634
1,4347,108.380239
1,4348,286.388567
1,4349,368.749535
1,4350,100.817756
1,4351,110.168761
1,4352,355.755236
1,4353,458.262631
1,4354,108.346078
1,4355,113.372484
1,4356,217.322373
1,4357,235.261673
1,4358,89.618864
1,4359,147.714152
1,4360,361.358894
1,4361,97.498698
1,4362,71.119464
1,4363,247.417455
1,4364,476.087473
1,4365,266.525367
1,4366,387.428477
1,4367,133.054505
1,4368,318.198656
1,4369,413.106884
1,4370,128.795432
1,4371,410.914410
1,4372,116.127599
1,4373,192.302058
1,4374,391.336557
1,4375,206.553924
1,4376,321.998679
1,4377,89.951737
1,4378,398.334848
1,4379,327.403808
1,4380,153.580896
1,4381,229.728015
1,4382,274.011727
1,4383,98.241938
1,4384,401.638322
1,4385,91.235423
1,4386,449.870562
1,4387,246.127120
1,4388,475.285173
1,4389,500.155457
1,4390,117.147798
1,4391,331.413350
1,4392,261.006409
1,4393,534.432140
1,4394,293.825466
1,4395,189.381580
1,4396,354.320847
1,4397,96.968614
1,4398,388.975018
1,4399,92.177029
1,4400,385.948661
1,4401,353.779704
1,4402,85.913921
1,4403,412.933024
1,4404,91.875113
1,4405,394.441063
1,4406,90.631340
1,4407,553.968809
1,4408,310.464716
1,4409,56.551503
1,4410,283.601402
1,4411,262.752598
1,4412,504.575532
1,4413,105.215461
1,4414,346.952216
1,4415,91.395700
1,4416,284.351373
1,4417,93.845855
1,4418,264.900073
1,4419,481.110265
1,4420,89.807510
1,4421,448.639741
1,4422,312.672610
1,4423,420.983195
1,4424,82.895700
1,4425,395.380735
1,4426,354.083677
1,4427,87.074948
1,4428,164.446158
1,4429,541.958444
1,4430,317.882593
1,4431,103.659038
1,4432,151.740698
1,4433,47.754206
1,4434,389.962224
1,4435,91.846619
1,4436,266.419867
1,4437,257.608497
1,4438,264.509906
1,4439,295.933526
1,4440,287.426442
1,4441,61.344253
1,4442,132.731915
1,4443,266.669871
1,4444,87.846922
1,4445,234.239662
1,4446,195.885676
1,4447,217.005958
1,4448,283.658417
1,4449,478.459084
1,4450,119.914231
1,4451,224.657838
1,4452,274.321901
1,4453,260.469791
1,4454,256.138879
1,4455,90.634398
1,4456,166.835121
1,4457,182.766078
1,4458,100.253995
1,4459,62.857072
1,4460,324.169563
1,4461,90.066414
1,4462,184.104999
1,4463,450.387603
1,4464,62.969921
1,4465,331.361536
1,4466,148.781087
1,4467,289.839446
1,4468,96.164026
1,4469,215.149973
1,4470,94.008895
1,4471,340.521139
1,4472,179.137573
1,4473,267.704098
1,4474,367.905868
1,4475,113.566918
1,4476,78.551488
1,4477,306.549356
1,4478,110.276290
1,4479,160.439130
1,4480,148.986020
1,4481,261.690116
1,4482,230.329290
1,4483,96.746169
1,4484,231.945274
1,4485,129.231835
1,4486,246.806174
1,4487,222.393268
1,4488,113.306668
1,4489,409.896359
1,4490,90.582994
1,4491,220.518629
1,4492,89.482732
1,4493,302.500551
1,4494,178.894237
1,4495,235.872069
1,4496,88.676853
1,4497,157.496295
1,4498,183.040899
1,4499,301.596289
1,4500,84.370707
1,4501,303.812672
1,4502,93.006429
1,4503,296.555442
1,4504,293.498976
1,4505,269.760940
1,4506,129.249507
1,4507,116.917011
1,4508,66.340243
1,4509,339.956309
1,4510,89.097862
1,4511,432.977634
1,4512,293.587236
1,4513,291.677678
1,4514,108.787307
1,4515,242.881033
1,4516,126.044877
1,4517,226.684231
1,4518,283.480457
1,4519,281.891558
1,4520,342.300487
1,4521,98.581216
1,4522,85.302707
1,4523,330.844421
1,4524,489.246685
1,4525,531.898343
1,4526,382.334554
1,4527,406.962004
1,4528,285.136181
1,4529,69.571065
1,4530,303.467739
1,4531,98.987167
1,4532,337.409448
1,4533,220.305419
1,4534,308.604249
1,4535,167.840844
1,4536,125.127683
1,4537,253.813726
1,4538,88.796976
1,4539,208.603097
1,4540,406.971452
1,4541,109.466987
1,4542,393.081075
1,4543,95.538665
1,4544,221.045459
1,4545,484.782737
1,4546,380.367153
1,4547,338.086799
1,4548,222.840754
1,4549,120.995895
1,4550,161.527604
1,4551,82.398701
1,4552,197.368695
1,4553,271.921629
1,4554,413.373504
1,4555,198.505214
1,4556,426.598084
1,4557,113.232889
1,4558,120.070733
1,4559,201.060625
1,4560,247.770434
1,4561,82.333656
1,4562,254.623091
1,4563,82.189101
1,4564,120.936548
1,4565,85.643460
1,4566,205.178285
1,4567,292.206505
1,4568,316.534072
1,4569,337.220255
1,4570,290.912065
1,4571,169.788544
1,4572,115.757210
1,4573,287.173885
1,4574,322.621327
1,4575,391.884689
1,4576,81.621232
1,4577,329.666790
1,4578,55.328909
1,4579,281.983628
1,4580,230.348279
1,4581,80.304370
1,4582,172.643586
1,4583,309.262578
1,4584,246.793113
1,4585,308.361783
1,4586,327.697911
1,4587,343.821773
1,4588,389.584480
1,4589,82.725314
1,4590,130.136204
1,4591,317.338368
1,4592,129.037769
1,4593,199.325910
1,4594,136.387807
1,4595,98.311689
1,4596,278.045584
1,4597,69.464409
1,4598,269.331936
1,4599,207.129998
1,4600,198.851057
1,4601,280.106667
1,4602,362.470416
1,4603,74.640228
1,4604,207.541935
1,4605,110.212282
1,4606,296.335872
1,4607,79.422879
1,4608,282.405234
1,4609,141.407506
1,4610,324.388658
1,4611,288.505805
1,4612,93.213422
1,4613,406.601972
1,4614,352.317782
1,4615,366.975760
1,4616,430.411712
1,4617,343.510592
1,4618,89.953256
1,4619,229.972200
1,4620,83.477945
1,4621,234.786526
1,4622,322.231921
1,4623,82.089401
1,4624,158.314218
1,4625,264.513362
1,4626,123.158473
1,4627,160.037254
1,4628,81.195441
1,4629,754.050605
1,4630,83.924962
1,4631,310.144903
1,4632,132.753828
1,4633,236.766970
1,4634,81.472117
1,4635,161.770929
1,4636,313.911109
1,4637,347.585826
1,4638,81.308412
1,4639,63.474095
1,4640,283.660465
1,4641,80.386337
1,4642,354.596058
1,4643,92.655690
1,4644,185.489848
1,4645,530.327458
1,4646,80.772207
1,4647,336.015730
1,4648,79.259781
1,4649,258.474931
1,4650,198.244697
1,4651,209.637715
1,4652,258.533725
1,4653,271.174444
1,4654,179.717314
1,4655,198.973184
1,4656,370.644333
1,4657,78.658105
1,4658,157.827339
1,4659,206.063633
1,4660,226.821308
1,4661,159.203508
1,4662,91.810064
1,4663,288.866302
1,4664,223.774338
1,4665,80.759721
1,4666,183.848417
1,4667,164.789987
1,4668,256.437039
1,4669,114.854574
1,4670,77.037300
1,4671,298.047136
1,4672,159.278041
1,4673,164.891713
1,4674,213.850492
1,4675,255.647946
1,4676,222.164711
1,4677,331.859818
1,4678,111.197330
1,4679,153.597623
1,4680,76.766523
1,4681,167.372854
1,4682,75.970751
1,4683,222.549760
1,4684,75.467696
1,4685,86.755847
1,4686,252.395308
1,4687,281.722895
1,4688,321.611110
1,4689,272.244940
1,4690,161.959189
1,4691,283.261865
1,4692,80.440671
1,4693,268.430622
1,4694,130.124120
1,4695,195.423627
1,4696,241.780475
1,4697,519.678121
1,4698,207.559111
1,4699,265.602232
1,4700,336.151461
1,4701,179.095624
1,4702,379.917654
1,4703,305.632283
1,4704,254.776184
1,4705,203.084162
1,4706,72.310501
1,4707,275.136622
1,4708,74.201242
1,4709,221.723694
1,4710,318.497016
1,4711,284.847012
1,4712,77.394702
1,4713,319.263036
1,4714,281.487739
1,4715,267.477751
1,4716,260.785473
1,4717,339.145993
1,4718,113.476610
1,4719,95.396029
1,4720,111.013962
1,4721,274.812933
1,4722,236.445123
1,4723,294.102522
1,4724,239.403886
1,4725,351.888131
1,4726,231.247777
1,4727,147.414039
1,4728,408.482447
1,4729,96.133895
1,4730,275.256671
1,4731,351.849153
1,4732,336.341026
1,4733,327.873657
1,4734,319.198729
1,4735,82.124416
1,4736,226.759770
1,4737,375.351379
1,4738,131.038132
1,4739,227.187553
1,4740,393.087507
1,4741,344.081338
1,4742,324.932081
1,4743,301.105285
1,4744,122.060983
1,4745,345.249571
1,4746,272.666587
1,4747,315.764718
1,4748,81.198157
1,4749,157.964683
1,4750,233.028384
1,4751,312.388874
1,4752,307.272104
1,4753,79.485309
1,4754,363.199681
1,4755,88.586121
1,4756,407.197364
1,4757,494.005247
1,4758,400.786122
1,4759,77.571278
1,4760,54.511099
1,4761,294.817641
1,4762,78.754705
1,4763,251.237857
1,4764,175.009370
1,4765,243.644742
1,4766,140.903456
1,4767,257.296739
1,4768,221.208933
1,4769,166.809709
1,4770,69.344782
1,4771,159.732967
1,4772,235.104913
1,4773,107.389905
1,4774,181.678312
1,4775,207.270044
1,4776,150.438541
1,4777,131.575695
1,4778,291.499957
1,4779,346.331356
1,4780,232.130559
1,4781,164.156078
1,4782,142.309470
1,4783,114.968792
1,4784,242.542611
1,4785,268.760386
1,4786,84.003954
1,4787,274.350053
1,4788,83.122063
1,4789,162.581522
1,4790,57.226752
1,4791,118.629760
1,4792,276.278297
1,4793,322.561338
1,4794,239.071021
1,4795,304.394232
1,4796,216.589990
1,4797,127.023896
1,4798,266.177289
1,4799,283.569051
1,4800,166.999006
1,4801,248.590897
1,4802,244.896253
1,4803,341.453121
1,4804,233.132281
1,4805,260.641750
1,4806,96.330151
1,4807,396.318273
1,4808,71.391604
1,4809,272.161860
1,4810,81.466540
1,4811,183.445687
1,4812,181.403726
1,4813,303.702007
1,4814,79.837011
1,4815,185.967297
1,4816,636.855675
1,4817,628.815717
1,4818,305.487360
1,4819,291.503394
1,4820,52.245149
1,4821,339.742497
1,4822,336.379377
1,4823,354.402465
1,4824,288.119381
1,4825,253.768825
1,4826,85.816597
1,4827,104.645872
1,4828,395.442260
1,4829,247.628944
1,4830,356.280237
1,4831,435.365444
1,4832,436.427237
1,4833,378.084513
1,4834,363.368216
1,4835,103.295901
1,4836,362.975887
1,4837,277.280630
1,4838,554.227738
1,4839,426.782878
1,4840,339.893563
1,4841,395.176196
1,4842,89.147830
1,4843,351.017688
1,4844,350.494024
1,4845,391.995261
1,4846,487.633942
1,4847,265.407289
1,4848,240.377217
1,4849,420.888155
1,4850,60.119996
1,4851,188.169485
1,4852,318.513742
1,4853,347.367046
1,4854,350.370821
1,4855,263.394646
1,4856,337.478043
1,4857,328.977935
1,4858,105.104105
1,4859,109.427115
1,4860,467.379476
1,4861,133.728423
1,4862,349.273652
1,4863,406.259192
1,4864,88.721812
1,4865,373.377049
1,4866,88.144180
1,4867,170.128679
1,4868,152.876728
1,4869,259.870176
1,4870,290.847333
1,4871,157.669537
1,4872,284.346364
1,4873,71.262588
1,4874,244.643282
1,4875,309.564696
1,4876,75.515969
1,4877,101.523815
1,4878,433.594142
1,4879,307.693064
1,4880,77.383231
1,4881,421.945487
1,4882,304.329618
1,4883,386.636349
1,4884,78.846226
1,4885,239.602516
1,4886,87.665768
1,4887,378.707294
1,4888,187.011591
1,4889,355.185990
1,4890,300.752214
1,4891,338.234130
1,4892,280.511208
1,4893,507.283325
1,4894,320.182366
1,4895,480.138037
1,4896,368.566137
1,4897,467.907261
1,4898,85.522958
1,4899,216.290942
1,4900,113.429555
1,4901,391.205396
1,4902,460.436239
1,4903,94.261549
1,4904,240.551047
1,4905,93.069979
1,4906,218.382312
1,4907,189.878787
1,4908,194.587890
1,4909,87.786990
1,4910,335.067488
1,4911,91.319041
1,4912,308.591741
1,4913,89.408836
1,4914,102.927374
1,4915,389.941696
1,4916,285.402646
1,4917,370.893041
1,4918,304.146931
1,4919,103.496448
1,4920,157.263519
1,4921,214.769669
1,4922,307.861977
1,4923,75.132011
1,4924,349.336100
1,4925,86.794611
1,4926,89.368406
1,4927,380.160350
1,4928,123.561757
1,4929,348.827509
1,4930,346.123401
1,4931,101.727141
1,4932,268.352408
1,4933,287.458134
1,4934,58.003093
1,4935,232.405844
1,4936,87.204926
1,4937,353.745564
1,4938,435.346292
1,4939,388.238329
1,4940,435.227983
1,4941,249.945653
1,4942,293.876907
1,4943,309.531384
1,4944,259.035091
1,4945,371.610919
1,4946,312.788205
1,4947,242.640787
1,4948,111.158110
1,4949,223.561431
1,4950,249.373558
1,4951,347.932254
1,4952,100.433250
1,4953,207.521808
1,4954,362.669123
1,4955,100.969538
1,4956,487.471719
1,4957,146.483993
1,4958,342.430071
1,4959,306.190733
1,4960,188.531133
1,4961,85.010021
1,4962,330.630812
1,4963,87.909920
1,4964,305.974870
1,4965,190.653935
1,4966,230.400598
1,4967,242.619210
1,4968,69.912167
1,4969,205.461427
1,4970,316.629289
1,4971,258.222811
1,4972,245.018284
1,4973,115.408422
1,4974,188.337706
1,4975,283.730018
1,4976,331.678523
1,4977,411.421585
1,4978,53.564402
1,4979,229.434083
1,4980,348.921790
1,4981,82.551724
1,4982,283.473655
1,4983,81.646326
1,4984,100.446114
1,4985,302.939955
1,4986,74.242541
1,4987,195.507727
1,4988,89.427146
1,4989,204.936519
1,4990,193.810716
1,4991,100.427129
1,4992,161.307649
1,4993,248.881212
1,4994,108.485701
1,4995,340.341350
1,4996,102.874662
1,4997,143.703281
1,4998,421.610579
1,4999,88.903067
1,5000,377.760575
1,5001,428.813868
1,5002,196.861088
1,5003,489.510499
1,5004,98.629984
1,5005,294.173672
1,5006,314.760292
1,5007,471.726557
1,5008,291.789107
1,5009,256.618830
1,5010,314.257484
1,5011,213.173345
1,5012,318.957481
1,5013,97.614179
1,5014,528.790749
1,5015,88.119434
1,5016,84.299525
1,5017,500.666099
1,5018,449.764824
1,5019,197.381472
1,5020,321.079544
1,5021,281.363964
1,5022,568.433237
1,5023,84.871655
1,5024,339.549040
1,5025,136.479675
1,5026,347.399861
1,5027,292.668868
1,5028,198.604951
1,5029,300.382323
1,5030,296.709094
1,5031,189.040200
1,5032,366.692553
1,5033,268.644915
1,5034,481.797057
1,5035,339.447960
1,5036,501.278391
1,5037,428.120317
1,5038,337.332388
1,5039,82.301591
1,5040,328.675886
1,5041,308.932775
1,5042,376.333291
1,5043,387.927318
1,5044,80.660980
1,5045,363.140447
1,5046,345.532490
1,5047,355.164423
1,5048,418.906510
1,5049,499.673966
1,5050,265.587092
1,5051,310.883575
1,5052,338.148190
1,5053,131.963046
1,5054,363.358186
1,5055,248.988332
1,5056,150.509638
1,5057,207.286876
1,5058,67.842973
1,5059,127.063134
1,5060,246.847803
1,5061,204.984636
1,5062,221.253499
1,5063,84.696441
1,5064,51.863732
1,5065,76.048889
1,5066,140.843686
1,5067,244.384620
1,5068,230.681365
1,5069,83.570475
1,5070,175.200436
1,5071,96.627456
1,5072,277.099541
1,5073,122.314531
1,5074,225.211218
1,5075,49.540745
1,5076,204.853486
1,5077,105.702613
1,5078,259.615452
1,5079,86.203566
1,5080,165.683436
1,5081,57.563319
1,5082,294.919897
1,5083,209.295846
1,5084,239.026383
1,5085,245.188537
1,5086,88.304973
1,5087,167.243841
1,5088,97.631997
1,5089,293.447521
1,5090,367.359469
1,5091,50.680245
1,5092,269.554371
1,5093,179.840414
1,5094,84.796529
1,5095,129.072994
1,5096,83.555778
1,5097,94.229912
1,5098,56.589701
1,5099,266.410499
1,5100,82.897804
1,5101,120.176468
1,5102,259.187539
1,5103,294.768136
1,5104,87.234115
1,5105,203.140349
1,5106,92.218468
1,5107,245.257459
1,5108,84.117784
1,5109,203.835709
1,5110,90.654058
1,5111,86.070944
1,5112,267.528161
1,5113,117.005549
1,5114,265.540952
1,5115,196.152254
1,5116,84.694733
1,5117,241.754575
1,5118,289.521883
1,5119,304.677474
1,5120,358.707034
1,5121,121.572100
1,5122,102.269846
1,5123,122.011678
1,5124,293.446486
1,5125,358.916027
1,5126,250.689959
1,5127,81.354676
1,5128,237.355795
1,5129,79.202954
1,5130,241.113148
1,5131,245.454982
1,5132,180.585197
1,5133,304.047689
1,5134,80.429059
1,5135,265.551201
1,5136,1174.893711
1,5137,275.938700
1,5138,78.875805
1,5139,303.625901
1,5140,186.828329
1,5141,166.736928
1,5142,276.788329
1,5143,81.390954
1,5144,181.572518
1,5145,89.330200
1,5146,174.508493
1,5147,150.230424
1,5148,292.126961
1,5149,337.407059
1,5150,97.679708
1,5151,391.545424
1,5152,248.257103
1,5153,71.786290
1,5154,169.374062
1,5155,306.327861
1,5156,51.404768
1,5157,224.756267
1,5158,347.944013
1,5159,51.374458
1,5160,276.680322
1,5161,543.679304
1,5162,399.296168
1,5163,297.173511
1,5164,274.486895
1,5165,92.395468
1,5166,221.343407
1,5167,97.556059
1,5168,344.464520
1,5169,276.430870
1,5170,321.319170
1,5171,314.202185
1,5172,394.825544
1,5173,137.552263
1,5174,232.230239
1,5175,245.859390
1,5176,84.217198
1,5177,297.080887
1,5178,267.277185
1,5179,85.884471
1,5180,206.979100
1,5181,84.906365
1,5182,210.225016
1,5183,178.052487
1,5184,125.915694
1,5185,169.221289
1,5186,88.343083
1,5187,200.176334
1,5188,133.203313
1,5189,323.429989
1,5190,84.754124
1,5191,235.406763
1,5192,363.584132
1,5193,58.135946
1,5194,208.514229
1,5195,335.895656
1,5196,85.449007
1,5197,240.409501
1,5198,209.226895
1,5199,371.224727
1,5200,101.660673
1,5201,207.060311
1,5202,274.043024
1,5203,120.447047
1,5204,125.100715
1,5205,221.823929
1,5206,344.042629
1,5207,304.409845
1,5208,83.937502
1,5209,262.889691
1,5210,84.781694
1,5211,176.571083
1,5212,328.781619
1,5213,84.573393
1,5214,283.588680
1,5215,82.637118
1,5216,162.465676
1,5217,84.833509
1,5218,389.317820
1,5219,82.515851
1,5220,118.039745
1,5221,304.990214
1,5222,336.642556
1,5223,345.320632
1,5224,466.001237
1,5225,48.909290
1,5226,354.862797
1,5227,208.764507
1,5228,314.978256
1,5229,88.066626
1,5230,268.923951
1,5231,460.618681
1,5232,110.961070
1,5233,508.217698
1,5234,445.926891
1,5235,232.013965
1,5236,341.750711
1,5237,93.837674
1,5238,342.757614
1,5239,170.696911
1,5240,102.235613
1,5241,194.041442
1,5242,248.689969
1,5243,290.247241
1,5244,444.676655
1,5245,441.290533
1,5246,463.336296
1,5247,132.322539
1,5248,532.953476
1,5249,117.890733
1,5250,298.166145
1,5251,122.637607
1,5252,125.265766
1,5253,292.272451
1,5254,204.465749
1,5255,97.594398
1,5256,402.034431
1,5257,125.155851
1,5258,208.118778
1,5259,880.268743
1,5260,339.336618
1,5261,220.016162
1,5262,115.446210
1,5263,720.953487
1,5264,335.239987
1,5265,429.750454
1,5266,98.078740
1,5267,547.541374
1,5268,364.750239
1,5269,270.562507
1,5270,199.196446
1,5271,349.982446
1,5272,323.384557
1,5273,213.497247
1,5274,199.964382
1,5275,448.870571
1,5276,335.147420
1,5277,101.242710
1,5278,239.452973
1,5279,261.140075
1,5280,350.830611
1,5281,339.674821
1,5282,310.982257
1,5283,102.882403
1,5284,399.245179
1,5285,98.687399
1,5286,126.028147
1,5287,281.806376
1,5288,98.984800
1,5289,318.428386
1,5290,367.367509
1,5291,65.455010
1,5292,217.654348
1,5293,187.723544
1,5294,86.186573
1,5295,237.516766
1,5296,173.883830
1,5297,276.217467
1,5298,111.236380
1,5299,519.976731
1,5300,235.010010
1,5301,99.382865
1,5302,381.103319
1,5303,299.492534
1,5304,126.170314
1,5305,88.761211
1,5306,320.061277
1,5307,266.809085
1,5308,330.904468
1,5309,297.134710
1,5310,191.412852
1,5311,375.071930
1,5312,275.118891
1,5313,66.170271
1,5314,215.830081
1,5315,232.589097
1,5316,406.281439
1,5317,171.310672
1,5318,487.127568
1,5319,301.011654
1,5320,98.086911
1,5321,199.309278
1,5322,101.876325
1,5323,197.005099
1,5324,348.445214
1,5325,486.592293
1,5326,354.657517
1,5327,127.428035
1,5328,255.874476
1,5329,67.880077
1,5330,511.169822
1,5331,97.905106
1,5332,319.231555
1,5333,298.507965
1,5334,303.367775
1,5335,172.810651
1,5336,347.097191
1,5337,469.523862
1,5338,102.429265
1,5339,77.020503
1,5340,377.175981
1,5341,96.869146
1,5342,229.082456
1,5343,319.846183
1,5344,100.205848
1,5345,462.031917
1,5346,94.702445
1,5347,473.445543
1,5348,307.505967
1,5349,274.042563
1,5350,137.007816
1,5351,340.742173
1,5352,62.610521
1,5353,396.876985
1,5354,160.763419
1,5355,251.672193
1,5356,276.250767
1,5357,97.929456
1,5358,487.701365
1,5359,98.148666
1,5360,242.578008
1,5361,303.510547
1,5362,142.171678
1,5363,521.430959
1,5364,94.847889
1,5365,296.446578
1,5366,357.870049
1,5367,131.148211
1,5368,203.023936
1,5369,333.549924
1,5370,172.084201
1,5371,111.494556
1,5372,278.548483
1,5373,303.191342
1,5374,142.678354
1,5375,134.747320
1,5376,102.825587
1,5377,227.473645
1,5378,324.242941
1,5379,212.371132
1,5380,378.451951
1,5381,208.085671
1,5382,415.281919
1,5383,402.285185
1,5384,364.101029
1,5385,346.646478
1,5386,103.531058
1,5387,222.501193
1,5388,244.364467
1,5389,335.920543
1,5390,108.752153
1,5391,382.903732
1,5392,162.190160
1,5393,418.237143
1,5394,359.234771
1,5395,217.050001
1,5396,117.003482
1,5397,155.444581
1,5398,440.343710
1,5399,343.493112
1,5400,96.499611
1,5401,317.398247
1,5402,100.255431
1,5403,397.641828
1,5404,463.844378
1,5405,119.731949
1,5406,442.261521
1,5407,104.588778
1,5408,368.594971
1,5409,103.347462
1,5410,272.651694
1,5411,100.733870
1,5412,508.056219
1,5413,114.083712
1,5414,215.379832
1,5415,240.149918
1,5416,195.020244
1,5417,175.192009
1,5418,398.706718
1,5419,94.834836
1,5420,375.541881
1,5421,270.823979
1,5422,488.718179
1,5423,249.506859
1,5424,237.218839
1,5425,199.490644
1,5426,162.525582
1,5427,332.956913
1,5428,496.312720
1,5429,171.222698
1,5430,464.961079
1,5431,114.280135
1,5432,193.708075
1,5433,438.392512
1,5434,170.458112
1,5435,179.570005
1,5436,187.681746
1,5437,175.351269
1,5438,301.037667
1,5439,91.649882
1,5440,425.748231
1,5441,161.436674
1,5442,484.075194
1,5443,108.264713
1,5444,222.088902
1,5445,97.942800
1,5446,114.083018
1,5447,169.449741
1,5448,107.838733
1,5449,105.135740
1,5450,316.375440
1,5451,61.265162
1,5452,284.017113
1,5453,421.450583
1,5454,193.293490
1,5455,133.840682
1,5456,277.934661
1,5457,279.197999
1,5458,90.143052
1,5459,317.077389
1,5460,69.803357
1,5461,254.056256
1,5462,114.558497
1,5463,222.536571
1,5464,458.355179
1,5465,377.387266
1,5466,90.233049
1,5467,131.833810
1,5468,132.585859
1,5469,395.205431
1,5470,89.179143
1,5471,457.566111
1,5472,105.345402
1,5473,352.262944
1,5474,143.643663
1,5475,278.998085
1,5476,166.977406
1,5477,317.864769
1,5478,296.156870
1,5479,98.383742
1,5480,185.116218
1,5481,322.983170
1,5482,273.275914
1,5483,437.645882
1,5484,195.809309
1,5485,307.537076
1,5486,104.022285
1,5487,372.249407
1,5488,182.583590
1,5489,367.903593
1,5490,64.471436
1,5491,289.871203
1,5492,98.554160
1,5493,96.464059
1,5494,241.855054
1,5495,115.024150
1,5496,112.144544
1,5497,161.860042
1,5498,257.776160
1,5499,95.285863
1,5500,214.794000
1,5501,95.175387
1,5502,328.703995
1,5503,134.331923
1,5504,186.735153
1,5505,449.316375
1,5506,145.153855
1,5507,98.711873
1,5508,353.941227
1,5509,356.431561
1,5510,224.113343
1,5511,304.673775
1,5512,133.722619
1,5513,316.272743
1,5514,150.558984
1,5515,212.648301
1,5516,440.429755
1,5517,96.254601
1,5518,182.697562
1,5519,359.171947
1,5520,410.022239
1,5521,98.521354
1,5522,231.653465
1,5523,95.218863
1,5524,306.445957
1,5525,130.645709
1,5526,383.566833
1,5527,651.713440
1,5528,186.814140
1,5529,343.901056
1,5530,122.207169
1,5531,259.057582
1,5532,414.193430
1,5533,406.043301
1,5534,107.895664
1,5535,232.057751
1,5536,176.683956
1,5537,92.825268
1,5538,301.949207
1,5539,105.259040
1,5540,405.996083
1,5541,125.899351
1,5542,418.233749
1,5543,130.195163
1,5544,149.240262
1,5545,293.344822
1,5546,478.131357
1,5547,354.885810
1,5548,114.999980
1,5549,140.217412
1,5550,366.805271
1,5551,323.549197
1,5552,147.363562
1,5553,438.349347
1,5554,276.490578
1,5555,94.928637
1,5556,1126.667194
1,5557,173.395687
1,5558,139.417475
1,5559,504.777769
1,5560,336.030254
1,5561,508.707793
1,5562,89.251522
1,5563,407.352909
1,5564,226.326724
1,5565,336.310380
1,5566,120.050965
1,5567,218.730259
1,5568,258.701443
1,5569,322.905101
1,5570,369.045482
1,5571,317.035068
1,5572,94.427656
1,5573,177.340438
1,5574,127.700377
1,5575,211.358165
1,5576,180.830865
1,5577,303.765629
1,5578,103.317505
1,5579,178.878041
1,5580,100.644193
1,5581,296.367971
1,5582,93.870907
1,5583,273.863941
1,5584,215.085583
1,5585,95.020193
1,5586,383.657777
1,5587,225.769004
1,5588,208.605927
1,5589,335.426400
1,5590,67.977474
1,5591,351.160391
1,5592,315.078664
1,5593,236.248157
1,5594,459.340192
1,5595,184.799201
1,5596,272.384295
1,5597,118.442491
1,5598,400.905928
1,5599,300.505075
1,5600,196.044666
1,5601,106.574421
1,5602,275.984285
1,5603,232.365013
1,5604,269.084574
1,5605,212.798072
1,5606,109.751022
1,5607,285.696293
1,5608,247.473238
1,5609,65.963935
1,5610,359.124170
1,5611,218.817725
1,5612,247.990337
1,5613,198.328427
1,5614,287.976778
1,5615,375.801169
1,5616,211.454891
1,5617,65.423678
1,5618,377.739780
1,5619,100.569219
1,5620,356.282173
1,5621,99.044965
1,5622,359.216797
1,5623,91.857641
1,5624,104.117209
1,5625,311.214358
1,5626,335.442943
1,5627,92.891720
1,5628,179.130402
1,5629,97.784373
1,5630,229.587559
1,5631,144.793007
1,5632,131.352777
1,5633,186.101113
1,5634,251.507062
1,5635,288.512603
1,5636,97.168423
1,5637,174.088915
1,5638,164.877754
1,5639,474.928638
1,5640,102.313050
1,5641,541.195643
1,5642,131.909982
1,5643,456.083856
1,5644,114.420335
1,5645,284.176054
1,5646,255.649578
1,5647,438.560979
1,5648,152.873728
1,5649,92.449876
1,5650,406.833032
1,5651,141.973433
1,5652,406.758210
1,5653,178.655539
1,5654,282.810193
1,5655,318.355139
1,5656,98.749941
1,5657,151.712912
1,5658,47.754206
1,5659,389.016076
1,5660,95.051492
1,5661,265.189177
1,5662,261.183393
1,5663,263.236577
1,5664,299.041172
1,5665,290.672121
1,5666,64.054352
1,5667,136.275391
1,5668,261.756931
1,5669,87.835452
1,5670,232.699394
1,5671,198.420755
1,5672,215.713402
1,5673,283.903315
1,5674,482.638075
1,5675,115.922164
1,5676,224.325477
1,5677,276.078755
1,5678,261.920070
1,5679,255.516385
1,5680,90.635698
1,5681,165.824521
1,5682,182.392355
1,5683,99.747169
1,5684,62.853530
1,5685,324.027708
1,5686,90.052677
1,5687,186.981421
1,5688,452.553538
1,5689,62.966305
1,5690,329.260894
1,5691,147.006695
1,5692,293.032091
1,5693,95.723798
1,5694,215.045993
1,5695,97.379142
1,5696,343.918808
1,5697,182.812150
1,5698,269.988965
1,5699,369.819082
1,5700,110.997455
1,5701,78.547737
1,5702,302.747401
1,5703,109.517353
1,5704,159.634468
1,5705,148.544456
1,5706,264.647123
1,5707,233.707821
1,5708,99.612666
1,5709,231.814696
1,5710,132.426667
1,5711,246.201059
1,5712,222.290790
1,5713,110.388420
1,5714,415.851560
1,5715,90.569275
1,5716,219.865897
1,5717,89.469093
1,5718,301.021001
1,5719,181.985408
1,5720,238.959631
1,5721,88.663394
1,5722,160.255857
1,5723,185.537243
1,5724,303.965663
1,5725,84.357449
1,5726,306.914270
1,5727,96.727012
1,5728,296.503591
1,5729,296.788442
1,5730,275.181270
1,5731,129.216808
1,5732,115.782518
1,5733,63.439719
1,5734,334.789246
1,5735,92.005155
1,5736,429.801433
1,5737,293.848657
1,5738,294.069809
1,5739,107.820572
1,5740,245.086304
1,5741,126.013720
1,5742,225.294595
1,5743,286.424492
1,5744,285.681101
1,5745,338.127124
1,5746,95.735859
1,5747,85.290776
1,5748,326.262940
1,5749,480.891281
1,5750,530.247674
1,5751,373.812958
1,5752,398.373283
1,5753,282.911217
1,5754,69.564387
1,5755,301.151260
1,5756,97.798423
1,5757,335.807237
1,5758,221.519270
1,5759,312.787260
1,5760,168.713042
1,5761,124.718665
1,5762,257.058060
1,5763,88.296611
1,5764,211.260041
1,5765,409.751286
1,5766,108.267882
1,5767,394.246666
1,5768,94.787286
1,5769,222.165920
1,5770,482.720216
1,5771,382.881341
1,5772,338.637867
1,5773,225.420716
1,5774,119.565368
1,5775,163.608260
1,5776,82.387685
1,5777,200.326367
1,5778,276.361856
1,5779,410.306573
1,5780,200.710865
1,5781,424.570092
1,5782,112.344335
1,5783,120.043106
1,5784,203.113818
1,5785,249.706106
1,5786,82.322202
1,5787,256.285139
1,5788,82.177609
1,5789,123.391820
1,5790,85.631476
1,5791,208.335212
1,5792,295.456512
1,5793,319.494714
1,5794,339.527865
1,5795,294.116225
1,5796,172.279563
1,5797,115.729268
1,5798,287.692312
1,5799,325.512181
1,5800,397.142612
1,5801,81.609790
1,5802,333.371038
1,5803,55.325941
1,5804,287.094557
1,5805,234.431115
1,5806,80.293045
1,5807,176.615509
1,5808,311.586457
1,5809,249.936126
1,5810,311.256491
1,5811,334.352678
1,5812,345.465171
1,5813,393.066838
1,5814,82.714253
1,5815,129.479286
1,5816,321.045545
1,5817,126.074614
1,5818,198.819452
1,5819,135.898530
1,5820,98.298328
1,5821,277.629449
1,5822,69.457878
1,5823,263.999194
1,5824,206.537027
1,5825,198.138912
1,5826,278.716664
1,5827,356.803648
1,5828,74.631700
1,5829,209.696552
1,5830,110.189917
1,5831,298.427530
1,5832,79.413505
1,5833,284.491857
1,5834,144.900970
1,5835,326.552717
1,5836,287.183711
1,5837,95.839900
1,5838,410.475433
1,5839,354.940553
1,5840,368.477057
1,5841,433.791472
1,5842,348.214006
1,5843,94.026774
1,5844,233.756223
1,5845,86.271942
1,5846,239.225190
1,5847,328.840005
1,5848,82.078398
1,5849,158.263473
1,5850,267.055701
1,5851,126.331340
1,5852,162.320701
1,5853,81.184262
1,5854,748.390461
1,5855,86.854019
1,5856,312.707711
1,5857,135.693885
1,5858,240.263784
1,5859,81.460849
1,5860,165.234358
1,5861,317.062234
1,5862,357.146870
1,5863,81.297146
1,5864,67.095173
1,5865,287.378411
1,5866,80.375100
1,5867,352.812546
1,5868,92.110294
1,5869,179.836345
1,5870,513.137140
1,5871,80.761058
1,5872,342.881305
1,5873,79.248677
1,5874,262.072111
1,5875,200.939736
1,5876,211.944020
1,5877,259.945161
1,5878,274.324082
1,5879,180.695556
1,5880,198.613583
1,5881,367.227689
1,5882,78.647288
1,5883,157.777818
1,5884,211.396274
1,5885,230.026972
1,5886,162.729601
1,5887,91.258006
1,5888,291.126004
1,5889,226.785217
1,5890,80.748800
1,5891,186.686421
1,5892,164.748015
1,5893,259.163430
1,5894,114.829526
1,5895,77.027036
1,5896,301.854190
1,5897,162.691699
1,5898,168.828503
1,5899,215.830579
1,5900,258.762082
1,5901,225.784738
1,5902,336.984795
1,5903,111.173357
1,5904,153.552529
1,5905,76.756759
1,5906,171.661255
1,5907,75.961090
1,5908,225.543949
1,5909,75.458141
1,5910,83.775874
1,5911,257.608561
1,5912,285.499536
1,5913,328.660583
1,5914,277.023577
1,5915,166.076962
1,5916,287.041279
1,5917,83.528197
1,5918,272.985761
1,5919,133.290304
1,5920,194.512411
1,5921,241.586361
1,5922,515.765835
1,5923,218.172504
1,5924,272.640647
1,5925,351.556641
1,5926,175.345890
1,5927,366.532605
1,5928,301.056466
1,5929,253.624608
1,5930,205.320762
1,5931,72.302689
1,5932,276.954326
1,5933,74.192900
1,5934,223.987586
1,5935,321.173209
1,5936,283.492925
1,5937,77.385534
1,5938,318.127326
1,5939,280.162346
1,5940,270.136030
1,5941,263.974880
1,5942,338.357522
1,5943,113.452284
1,5944,91.729241
1,5945,111.121478
1,5946,284.659969
1,5947,245.186976
1,5948,301.413988
1,5949,242.084517
1,5950,354.871375
1,5951,233.721859
1,5952,146.626791
1,5953,411.383864
1,5954,98.953650
1,5955,277.581930
1,5956,346.131055
1,5957,335.859588
1,5958,334.461252
1,5959,322.725740
1,5960,82.113440
1,5961,226.639092
1,5962,379.307432
1,5963,130.303171
1,5964,227.066571
1,5965,391.584504
1,5966,350.293569
1,5967,328.399926
1,5968,308.414930
1,5969,121.567176
1,5970,347.741922
1,5971,276.621224
1,5972,318.771815
1,5973,81.187194
1,5974,157.914406
1,5975,231.999190
1,5976,314.932140
1,5977,309.789093
1,5978,78.738476
1,5979,366.658964
1,5980,87.694090
1,5981,411.974840
1,5982,496.673454
1,5983,407.025386
1,5984,77.560595
1,5985,54.508327
1,5986,300.866918
1,5987,78.335072
1,5988,250.917013
1,5989,171.545111
1,5990,241.002036
1,5991,143.272120
1,5992,259.095752
1,5993,223.346012
1,5994,171.253492
1,5995,69.338130
1,5996,162.634107
1,5997,238.668670
1,5998,110.500851
1,5999,184.569236
1,6000,207.182613
1,6001,153.478277
1,6002,129.619064
1,6003,291.342113
1,6004,346.057071
1,6005,234.796671
1,6006,163.576543
1,6007,145.017528
1,6008,114.945570
1,6009,244.219933
1,6010,271.122360
1,6011,83.994059
1,6012,277.568131
1,6013,83.111982
1,6014,162.534841
1,6015,57.224085
1,6016,118.604721
1,6017,278.687394
1,6018,322.261588
1,6019,241.544000
1,6020,308.140441
1,6021,215.730999
1,6022,130.645181
1,6023,269.085263
1,6024,285.382375
1,6025,166.563341
1,6026,247.413256
1,6027,244.269397
1,6028,344.950550
1,6029,235.818625
1,6030,262.732220
1,6031,95.801985
1,6032,398.430349
1,6033,70.606789
1,6034,275.975236
1,6035,81.455764
1,6036,186.087308
1,6037,181.043009
1,6038,305.916428
1,6039,79.826274
1,6040,185.885898
1,6041,651.702841
1,6042,630.775716
1,6043,308.263301
1,6044,295.025818
1,6045,52.243943
1,6046,343.331560
1,6047,341.418659
1,6048,358.977249
1,6049,288.384694
1,6050,255.914859
1,6051,85.810811
1,6052,107.309324
1,6053,397.993299
1,6054,243.393911
1,6055,353.458069
1,6056,432.819769
1,6057,437.479034
1,6058,376.213936
1,6059,357.867446
1,6060,103.285042
1,6061,360.753687
1,6062,276.299092
1,6063,583.454398
1,6064,431.825797
1,6065,338.135035
1,6066,396.886676
1,6067,89.154927
1,6068,352.113718
1,6069,353.147386
1,6070,397.024128
1,6071,493.625192
1,6072,267.412445
1,6073,239.073627
1,6074,423.698629
1,6075,60.116668
1,6076,192.165222
1,6077,326.617229
1,6078,349.254359
1,6079,353.743201
1,6080,267.806119
1,6081,340.287503
1,6082,333.054526
1,6083,104.756665
1,6084,112.324912
1,6085,470.466160
1,6086,133.231161
1,6087,347.903341
1,6088,409.957360
1,6089,90.968924
1,6090,377.161328
1,6091,88.130726
1,6092,173.362740
1,6093,155.830424
1,6094,263.584951
1,6095,292.957132
1,6096,157.606270
1,6097,281.492967
1,6098,73.969554
1,6099,246.488751
1,6100,306.780146
1,6101,75.222983
1,6102,97.367747
1,6103,428.233458
1,6104,297.601683
1,6105,77.374267
1,6106,421.359634
1,6107,304.275648
1,6108,383.527926
1,6109,78.835987
1,6110,235.506016
1,6111,90.227341
1,6112,382.029730
1,6113,190.509744
1,6114,353.900356
1,6115,299.990028
1,6116,336.743731
1,6117,282.685711
1,6118,508.577883
1,6119,316.988935
1,6120,489.572903
1,6121,371.389616
1,6122,470.273893
1,6123,85.510458
1,6124,219.319010
1,6125,115.766202
1,6126,395.764907
1,6127,466.187926
1,6128,96.877006
1,6129,242.987008
1,6130,90.118200
1,6131,217.962206
1,6132,186.411654
1,6133,198.052332
1,6134,87.773905
1,6135,337.710980
1,6136,94.419447
1,6137,311.312588
1,6138,92.276617
1,6139,102.202660
1,6140,392.544619
1,6141,287.873517
1,6142,371.848049
1,6143,300.997674
1,6144,103.080502
1,6145,156.301446
1,6146,218.581876
1,6147,315.228848
1,6148,75.124549
1,6149,347.169886
1,6150,86.239813
1,6151,88.663862
1,6152,381.650433
1,6153,122.727505
1,6154,348.065809
1,6155,349.269621
1,6156,104.151945
1,6157,271.326435
1,6158,292.074924
1,6159,58.000254
1,6160,236.883364
1,6161,87.211922
1,6162,357.323902
1,6163,444.801516
1,6164,390.653553
1,6165,434.340269
1,6166,253.774584
1,6167,297.509480
1,6168,312.545224
1,6169,264.486823
1,6170,381.319193
1,6171,319.021277
1,6172,245.940086
1,6173,110.198279
1,6174,222.517218
1,6175,248.005345
1,6176,346.461674
1,6177,99.759278
1,6178,207.427384
1,6179,368.114633
1,6180,104.016314
1,6181,488.545477
1,6182,150.773436
1,6183,345.332908
1,6184,309.154896
1,6185,191.096982
1,6186,84.997146
1,6187,312.223843
1,6188,90.545572
1,6189,307.498125
1,6190,190.556294
1,6191,224.198447
1,6192,236.174517
1,6193,69.906753
1,6194,204.640248
1,6195,314.806619
1,6196,252.252873
1,6197,239.257785
1,6198,114.766756
1,6199,186.848783
1,6200,281.914104
1,6201,329.318617
1,6202,415.634813
1,6203,53.561850
1,6204,232.514471
1,6205,353.993141
1,6206,82.541249
1,6207,281.849318
1,6208,81.635480
1,6209,99.641257
1,6210,302.318535
1,6211,73.784750
1,6212,193.248831
1,6213,92.878991
1,6214,206.871754
1,6215,195.614206
1,6216,99.520680
1,6217,161.252724
1,6218,247.183274
1,6219,107.401361
1,6220,338.697565
1,6221,102.368318
1,6222,145.100879
1,6223,411.955082
1,6224,88.445352
1,6225,382.694545
1,6226,432.312183
1,6227,199.504646
1,6228,491.723162
1,6229,98.037748
1,6230,296.684130
1,6231,322.704450
1,6232,477.660807
1,6233,290.170252
1,6234,251.575375
1,6235,313.463866
1,6236,215.831554
1,6237,321.489228
1,6238,97.060301
1,6239,531.716011
1,6240,87.680735
1,6241,84.286986
1,6242,492.384198
1,6243,443.137677
1,6244,200.451739
1,6245,323.268125
1,6246,283.015849
1,6247,580.126836
1,6248,86.907261
1,6249,334.349952
1,6250,135.607872
1,6251,342.475819
1,6252,295.889033
1,6253,200.484612
1,6254,304.515884
1,6255,301.669843
1,6256,191.297339
1,6257,365.254706
1,6258,268.778885
1,6259,481.731041
1,6260,338.745526
1,6261,490.208330
1,6262,428.335519
1,6263,337.706793
1,6264,82.289870
1,6265,331.548767
1,6266,312.371050
1,6267,378.135066
1,6268,386.801763
1,6269,80.649514
1,6270,365.059090
1,6271,345.196138
1,6272,356.706723
1,6273,418.284158
1,6274,504.127240
1,6275,269.337238
1,6276,313.704286
1,6277,341.354475
1,6278,128.310851
1,6279,366.837914
1,6280,251.419138
1,6281,151.937869
1,6282,203.424525
1,6283,67.837679
1,6284,126.795814
1,6285,249.849207
1,6286,208.828990
1,6287,220.530363
1,6288,84.154035
1,6289,51.861548
1,6290,76.040161
1,6291,140.022473
1,6292,247.783740
1,6293,227.878435
1,6294,83.127438
1,6295,177.906555
1,6296,92.823286
1,6297,276.435330
1,6298,122.287701
1,6299,225.092980
1,6300,49.537832
1,6301,204.768176
1,6302,104.683595
1,6303,259.120046
1,6304,89.151696
1,6305,168.448144
1,6306,57.560295
1,6307,297.096999
1,6308,210.764843
1,6309,238.840871
1,6310,240.586708
1,6311,91.271584
1,6312,166.716709
1,6313,99.958947
1,6314,295.060934
1,6315,368.877287
1,6316,50.676993
1,6317,268.168758
1,6318,181.769815
1,6319,84.784265
1,6320,133.114800
1,6321,83.543483
1,6322,97.913123
1,6323,56.586494
1,6324,269.978413
1,6325,82.885487
1,6326,120.146547
1,6327,262.030310
1,6328,296.984658
1,6329,90.394024
1,6330,202.322326
1,6331,95.300075
1,6332,247.647303
1,6333,84.105556
1,6334,206.877440
1,6335,90.665516
1,6336,88.959716
1,6337,270.155481
1,6338,116.976141
1,6339,268.685911
1,6340,199.905666
1,6341,84.695097
1,6342,244.752337
1,6343,292.163516
1,6344,308.036185
1,6345,362.171507
1,6346,121.542201
1,6347,109.888638
1,6348,121.981991
1,6349,296.823464
1,6350,364.268033
1,6351,253.913530
1,6352,81.343116
1,6353,241.064463
1,6354,79.191489
1,6355,246.894731
1,6356,249.917617
1,6357,180.528000
1,6358,312.351700
1,6359,80.417846
1,6360,268.646852
1,6361,1164.580174
1,6362,271.652644
1,6363,78.420473
1,6364,303.069039
1,6365,186.283523
1,6366,163.319094
1,6367,270.271804
1,6368,81.382794
1,6369,181.507678
1,6370,95.500855
1,6371,171.923423
1,6372,145.483216
1,6373,298.088050
1,6374,343.182520
1,6375,100.401998
1,6376,396.178041
1,6377,245.435142
1,6378,74.629764
1,6379,163.455932
1,6380,303.965022
1,6381,51.404768
1,6382,218.713584
1,6383,341.631605
1,6384,51.372393
1,6385,270.608768
1,6386,535.076013
1,6387,393.917371
1,6388,289.431358
1,6389,276.843926
1,6390,91.796396
1,6391,223.817944
1,6392,96.865165
1,6393,347.528613
1,6394,275.397488
1,6395,319.896562
1,6396,315.707726
1,6397,396.416460
1,6398,135.803698
1,6399,232.111511
1,6400,250.235034
1,6401,84.206183
1,6402,299.575990
1,6403,270.235102
1,6404,85.873210
1,6405,206.895127
1,6406,84.894972
1,6407,213.324769
1,6408,181.270657
1,6409,125.422928
1,6410,172.992034
1,6411,91.852966
1,6412,202.323671
1,6413,132.665955
1,6414,324.308646
1,6415,84.742392
1,6416,241.832739
1,6417,367.215725
1,6418,58.132879
1,6419,212.170789
1,6420,339.855970
1,6421,88.222094
1,6422,245.052236
1,6423,212.767461
1,6424,376.449674
1,6425,100.881750
1,6426,210.308344
1,6427,276.002687
1,6428,120.418580
1,6429,124.654740
1,6430,216.394604
1,6431,347.806304
1,6432,307.009612
1,6433,83.925897
1,6434,265.356252
1,6435,84.779951
1,6436,180.130969
1,6437,332.149229
1,6438,84.561939
1,6439,286.588712
1,6440,82.625734
1,6441,165.250995
1,6442,84.822200
1,6443,388.844918
1,6444,82.504621
1,6445,118.012562
1,6446,310.946801
1,6447,338.850794
1,6448,347.633520
1,6449,244.663227
1,6450,86.575255
1,6451,306.885996
1,6452,240.848557
1,6453,347.739401
1,6454,281.120545
1,6455,370.062825
1,6456,448.402765
1,6457,564.047681
1,6458,90.245197
1,6459,384.534477
1,6460,91.706391
1,6461,445.466141
1,6462,103.517431
1,6463,368.502821
1,6464,269.859737
1,6465,488.063875
1,6466,94.427579
1,6467,238.775757
1,6468,464.710373
1,6469,111.475160
1,6470,607.464884
1,6471,646.382572
1,6472,649.741526
1,6473,66.236644
1,6474,486.709054
1,6475,504.248581
1,6476,581.454393
1,6477,110.095532
1,6478,496.777085
1,6479,431.221135
1,6480,248.576003
1,6481,97.434239
1,6482,418.192435
1,6483,413.131719
1,6484,354.878329
1,6485,103.126020
1,6486,470.208974
1,6487,96.577641
1,6488,297.330911
1,6489,513.501393
1,6490,326.981962
1,6491,563.602798
1,6492,121.456753
1,6493,472.155966
1,6494,606.981252
1,6495,108.828413
1,6496,396.700877
1,6497,762.496221
1,6498,467.705784
1,6499,620.009756
1,6500,430.638950
1,6501,98.793267
1,6502,374.435624
1,6503,275.372528
1,6504,233.159548
1,6505,244.218889
1,6506,399.569542
1,6507,68.626023
1,6508,424.841650
1,6509,297.018505
1,6510,105.860224
1,6511,324.161470
1,6512,390.968553
1,6513,145.647030
1,6514,426.594094
1,6515,441.500013
1,6516,325.143503
1,6517,96.791707
1,6518,237.433148
1,6519,158.719992
1,6520,294.907036
1,6521,84.435899
1,6522,457.333814
1,6523,143.155296
1,6524,111.589924
1,6525,92.477584
1,6526,493.784640
1,6527,103.795460
1,6528,78.403648
1,6529,203.019516
1,6530,365.105564
1,6531,771.800554
1,6532,591.359565
1,6533,105.546524
1,6534,669.957245
1,6535,122.442298
1,6536,219.260955
1,6537,229.637663
1,6538,512.082058
1,6539,142.804956
1,6540,659.971180
1,6541,94.591172
1,6542,477.397620
1,6543,271.852986
1,6544,462.469862
1,6545,101.386290
1,6546,282.942414
1,6547,181.977598
1,6548,591.423739
1,6549,107.426319
1,6550,516.195237
1,6551,231.480892
1,6552,309.544726
1,6553,441.133516
1,6554,475.392599
1,6555,96.922643
1,6556,239.166953
1,6557,464.203263
1,6558,64.982623
1,6559,429.086065
1,6560,356.386391
1,6561,396.522492
1,6562,375.744770
1,6563,98.762620
1,6564,412.491175
1,6565,359.693060
1,6566,253.232154
1,6567,561.750267
1,6568,101.238573
1,6569,191.918800
1,6570,498.118261
1,6571,92.680699
1,6572,245.176392
1,6573,474.829694
1,6574,564.289588
1,6575,432.898992
1,6576,354.145095
1,6577,371.477317
1,6578,114.505318
1,6579,323.476740
1,6580,320.579518
1,6581,92.368039
1,6582,423.627993
1,6583,86.679622
1,6584,499.038068
1,6585,263.016030
1,6586,484.759518
1,6587,90.617372
1,6588,230.420839
1,6589,405.300898
1,6590,791.550182
1,6591,376.381882
1,6592,407.589324
1,6593,130.732897
1,6594,449.731647
1,6595,100.368009
1,6596,392.696417
1,6597,541.577590
1,6598,210.455117
1,6599,101.660149
1,6600,374.260704
1,6601,287.684754
1,6602,411.330885
1,6603,95.514246
1,6604,382.571425
1,6605,620.625920
1,6606,132.477037
1,6607,211.817115
1,6608,250.592347
1,6609,66.317703
1,6610,594.061806
1,6611,578.025516
1,6612,95.143634
1,6613,674.070215
1,6614,562.870564
1,6615,495.533870
1,6616,122.440140
1,6617,196.980072
1,6618,494.634349
1,6619,515.886433
1,6620,545.900278
1,6621,100.776126
1,6622,568.055582
1,6623,559.683666
1,6624,116.658818
1,6625,520.041736
1,6626,363.909261
1,6627,99.401586
1,6628,440.732797
1,6629,283.177696
1,6630,332.577539
1,6631,157.387428
1,6632,199.259658
1,6633,319.533401
1,6634,93.352355
1,6635,585.757968
1,6636,362.196564
1,6637,394.127709
1,6638,495.980771
1,6639,70.952679
1,6640,560.579728
1,6641,101.830077
1,6642,62.829577
1,6643,476.469916
1,6644,411.087873
1,6645,92.686655
1,6646,314.276216
1,6647,246.885628
1,6648,398.660899
1,6649,94.831658
1,6650,68.023728
1,6651,446.806969
1,6652,521.074195
1,6653,429.838911
1,6654,103.718922
1,6655,379.678475
1,6656,100.928048
1,6657,405.635779
1,6658,500.521419
1,6659,350.888378
1,6660,173.407094
1,6661,379.070380
1,6662,142.352529
1,6663,93.823939
1,6664,286.285109
1,6665,91.713100
1,6666,368.069386
1,6667,383.414803
1,6668,462.535208
1,6669,125.381283
1,6670,407.393014
1,6671,338.236126
1,6672,511.213451
1,6673,376.047306
1,6674,128.227182
1,6675,447.853756
1,6676,194.111948
1,6677,537.820499
1,6678,88.481713
1,6679,342.051749
1,6680,442.669726
1,6681,278.117665
1,6682,377.196980
1,6683,364.852459
1,6684,92.534021
1,6685,390.270520
1,6686,416.242128
1,6687,95.497703
1,6688,449.034780
1,6689,618.937335
1,6690,215.424547
1,6691,582.890487
1,6692,300.003032
1,6693,244.701079
1,6694,368.697666
1,6695,180.155602
1,6696,393.119527
1,6697,162.985381
1,6698,462.921820
1,6699,64.556873
1,6700,503.240000
1,6701,345.054738
1,6702,95.413777
1,6703,366.262720
1,6704,109.826441
1,6705,432.565854
1,6706,204.158234
1,6707,282.108061
1,6708,310.112864
1,6709,190.928651
1,6710,106.581583
1,6711,436.572664
1,6712,337.201077
1,6713,461.699937
1,6714,518.324423
1,6715,451.375294
1,6716,116.344684
1,6717,456.038686
1,6718,271.022126
1,6719,242.851856
1,6720,229.588616
1,6721,107.709201
1,6722,467.285348
1,6723,475.832102
1,6724,516.791233
1,6725,64.457143
1,6726,562.860586
1,6727,409.600548
1,6728,94.278464
1,6729,241.800451
1,6730,588.414175
1,6731,111.573762
1,6732,534.120023
1,6733,92.319905
1,6734,332.448547
1,6735,97.137885
1,6736,521.965274
1,6737,448.934370
1,6738,230.540057
1,6739,167.569150
1,6740,262.234687
1,6741,365.456468
1,6742,422.374804
1,6743,477.361887
1,6744,241.540908
1,6745,483.990685
1,6746,91.404035
1,6747,455.823186
1,6748,462.593727
1,6749,107.265565
1,6750,361.108170
1,6751,357.707052
1,6752,508.252822
1,6753,94.576991
1,6754,726.456925
1,6755,570.864414
1,6756,89.369329
1,6757,98.192564
1,6758,448.621726
1,6759,93.552899
1,6760,169.379586
1,6761,487.349240
1,6762,195.347556
1,6763,507.432267
1,6764,304.178919
1,6765,236.194732
1,6766,318.034094
1,6767,439.423744
1,6768,80.874229
1,6769,61.091221
1,6770,358.312372
1,6771,453.744167
1,6772,98.243355
1,6773,375.169522
1,6774,86.941103
1,6775,454.520561
1,6776,432.548802
1,6777,91.955798
1,6778,192.246819
1,6779,100.068238
1,6780,334.124464
1,6781,361.646293
1,6782,91.177544
1,6783,425.204374
1,6784,294.938063
1,6785,420.116562
1,6786,92.652052
1,6787,328.934118
1,6788,494.392156
1,6789,479.320791
1,6790,260.935612
1,6791,102.453560
1,6792,540.619169
1,6793,263.387068
1,6794,72.492366
1,6795,264.134061
1,6796,242.951956
1,6797,387.211508
1,6798,80.377905
1,6799,246.644379
1,6800,487.674524
1,6801,444.841577
1,6802,145.906278
1,6803,357.222926
1,6804,89.991611
1,6805,215.199790
1,6806,370.515845
1,6807,105.253103
1,6808,282.273255
1,6809,107.673809
1,6810,455.498390
1,6811,202.390798
1,6812,436.032747
1,6813,240.838219
1,6814,185.009542
1,6815,384.570554
1,6816,62.587874
1,6817,226.973901
1,6818,131.730932
1,6819,369.617368
1,6820,61.575057
1,6821,336.676157
1,6822,91.941074
1,6823,416.885230
1,6824,117.638635
1,6825,93.352216
1,6826,219.773694
1,6827,288.453104
1,6828,188.962555
1,6829,169.955954
1,6830,512.667276
1,6831,95.280427
1,6832,440.136526
1,6833,339.534169
1,6834,95.137561
1,6835,319.102466
1,6836,102.764476
1,6837,139.660550
1,6838,422.932053
1,6839,93.215525
1,6840,62.581046
1,6841,395.834297
1,6842,90.427487
1,6843,291.452964
1,6844,141.749726
1,6845,90.539429
1,6846,348.463408
1,6847,373.763441
1,6848,306.259745
1,6849,285.518016
1,6850,271.811336
1,6851,442.389336
1,6852,92.277369
1,6853,567.335944
1,6854,393.240638
1,6855,118.887899
1,6856,414.401900
1,6857,368.244434
1,6858,435.226126
1,6859,145.983701
1,6860,252.480681
1,6861,138.242939
1,6862,409.731398
1,6863,306.288701
1,6864,149.865917
1,6865,336.805650
1,6866,61.457207
1,6867,274.121613
1,6868,89.458361
1,6869,132.216344
1,6870,240.876643
1,6871,187.133554
1,6872,223.511373
1,6873,47.285395
1,6874,174.991213
1,6875,75.776113
1,6876,269.656746
1,6877,54.346080
1,6878,213.557828
1,6879,96.814671
1,6880,245.263094
1,6881,104.065123
1,6882,102.496152
1,6883,214.379259
1,6884,279.846572
1,6885,238.372107
1,6886,241.254898
1,6887,352.544501
1,6888,87.310723
1,6889,468.441715
1,6890,513.884502
1,6891,119.514484
1,6892,135.140794
1,6893,307.162537
1,6894,62.215324
1,6895,459.312667
1,6896,98.795676
1,6897,477.768971
1,6898,441.250676
1,6899,88.666912
1,6900,382.928101
1,6901,369.374649
1,6902,110.306649
1,6903,285.757386
1,6904,89.781025
1,6905,111.396821
1,6906,445.683038
1,6907,111.852553
1,6908,71.557072
1,6909,413.986227
1,6910,121.076987
1,6911,302.688340
1,6912,173.475533
1,6913,107.448785
1,6914,345.452956
1,6915,354.358419
1,6916,117.015999
1,6917,443.093207
1,6918,411.308814
1,6919,101.938248
1,6920,391.724789
1,6921,386.805029
1,6922,335.463275
1,6923,277.821798
1,6924,274.877133
1,6925,258.167046
1,6926,450.741116
1,6927,89.743974
1,6928,392.476552
1,6929,95.202938
1,6930,60.586651
1,6931,270.920750
1,6932,90.116220
1,6933,135.264934
1,6934,237.103668
1,6935,204.062455
1,6936,343.894387
1,6937,142.984947
1,6938,157.244182
1,6939,231.264156
1,6940,185.941365
1,6941,180.136755
1,6942,534.491880
1,6943,135.217820
1,6944,139.179634
1,6945,397.055652
1,6946,572.725589
1,6947,255.064037
1,6948,72.130871
1,6949,263.837892
1,6950,82.323512
1,6951,353.390494
1,6952,215.243576
1,6953,346.278479
1,6954,174.517597
1,6955,321.876550
1,6956,82.683301
1,6957,189.050931
1,6958,290.659288
1,6959,60.192325
1,6960,389.699570
1,6961,109.033954
1,6962,178.078850
1,6963,385.286878
1,6964,347.425518
1,6965,175.235109
1,6966,88.194088
1,6967,361.897147
1,6968,269.923661
1,6969,59.925180
1,6970,320.633562
1,6971,381.343040
1,6972,92.989534
1,6973,324.713150
1,6974,90.426075
1,6975,445.025616
1,6976,101.672700
1,6977,385.478444
1,6978,146.261289
1,6979,272.956565
1,6980,315.907134
1,6981,196.288730
1,6982,270.934583
1,6983,95.190847
1,6984,403.332170
1,6985,94.844406
1,6986,190.906168
1,6987,138.298174
1,6988,122.641894
1,6989,432.731226
1,6990,103.461039
1,6991,329.826150
1,6992,541.988032
1,6993,59.476250
1,6994,464.203284
1,6995,88.241474
1,6996,103.133149
1,6997,357.941128
1,6998,101.328704
1,6999,61.756930
1,7000,267.367680
1,7001,329.970406
1,7002,95.788543
1,7003,259.287192
1,7004,411.876418
1,7005,412.429087
1,7006,270.692681
1,7007,72.185773
1,7008,280.739245
1,7009,142.326746
1,7010,111.625097
1,7011,356.918370
1,7012,298.685128
1,7013,103.870454
1,7014,384.990249
1,7015,162.209990
1,7016,109.816890
1,7017,220.430680
1,7018,393.847320
1,7019,123.276570
1,7020,245.552145
1,7021,419.520752
1,7022,85.943968
1,7023,226.062668
1,7024,272.727795
1,7025,371.304105
1,7026,110.891223
1,7027,281.935415
1,7028,370.740205
1,7029,100.103952
1,7030,115.432686
1,7031,351.444889
1,7032,456.479739
1,7033,107.660025
1,7034,109.846744
1,7035,214.257648
1,7036,237.465595
1,7037,89.788531
1,7038,147.174011
1,7039,369.015007
1,7040,101.441338
1,7041,70.811466
1,7042,256.301419
1,7043,491.319420
1,7044,285.119998
1,7045,391.966769
1,7046,132.856241
1,7047,313.032900
1,7048,413.447967
1,7049,132.145424
1,7050,413.917563
1,7051,118.323542
1,7052,191.226193
1,7053,398.067062
1,7054,218.395600
1,7055,325.745326
1,7056,89.940467
1,7057,389.186293
1,7058,327.282707
1,7059,164.197384
1,7060,236.713627
1,7061,284.165823
1,7062,98.321867
1,7063,403.172088
1,7064,91.556810
1,7065,440.076044
1,7066,249.356644
1,7067,469.751737
1,7068,507.686024
1,7069,116.221813
1,7070,334.666300
1,7071,265.638120
1,7072,537.824861
1,7073,295.791591
1,7074,193.408528
1,7075,356.554978
1,7076,100.912091
1,7077,382.080345
1,7078,92.605874
1,7079,391.657965
1,7080,357.157513
1,7081,86.008927
1,7082,406.959449
1,7083,92.218683
1,7084,390.705489
1,7085,91.023891
1,7086,549.606931
1,7087,311.595774
1,7088,56.548870
1,7089,285.761787
1,7090,274.747132
1,7091,543.237869
1,7092,104.530491
1,7093,352.130696
1,7094,94.263401
1,7095,283.437013
1,7096,97.558732
1,7097,268.185776
1,7098,482.648651
1,7099,93.202115
1,7100,440.184940
1,7101,309.203012
1,7102,426.779758
1,7103,82.886371
1,7104,401.754327
1,7105,352.579573
1,7106,90.104261
1,7107,164.041634
1,7108,532.912065
1,7109,464.400152
1,7110,48.909290
1,7111,348.086890
1,7112,211.306809
1,7113,314.869478
1,7114,88.057589
1,7115,267.028196
1,7116,461.460972
1,7117,110.950014
1,7118,527.511341
1,7119,449.243202
1,7120,231.219604
1,7121,339.677386
1,7122,93.825241
1,7123,336.997624
1,7124,170.348721
1,7125,105.444756
1,7126,194.012694
1,7127,241.970731
1,7128,293.030528
1,7129,438.160029
1,7130,442.775223
1,7131,459.594996
1,7132,128.431859
1,7133,520.343969
1,7134,117.044131
1,7135,291.013565
1,7136,125.522527
1,7137,125.242203
1,7138,289.178650
1,7139,203.882812
1,7140,97.579174
1,7141,396.596117
1,7142,125.073315
1,7143,208.166082
1,7144,892.515126
1,7145,341.842615
1,7146,222.884606
1,7147,111.978570
1,7148,725.649760
1,7149,332.715264
1,7150,424.115000
1,7151,98.063151
1,7152,546.726612
1,7153,356.712534
1,7154,264.337554
1,7155,193.652233
1,7156,341.505211
1,7157,325.077513
1,7158,217.125286
1,7159,203.708087
1,7160,447.439659
1,7161,334.376964
1,7162,104.506142
1,7163,240.001087
1,7164,257.154318
1,7165,346.665132
1,7166,337.440065
1,7167,310.349255
1,7168,102.858841
1,7169,401.480312
1,7170,98.327974
1,7171,128.591800
1,7172,282.219864
1,7173,101.633775
1,7174,317.214703
1,7175,384.820824
1,7176,65.450881
1,7177,218.120220
1,7178,188.992781
1,7179,84.445049
1,7180,242.289838
1,7181,173.062796
1,7182,274.684984
1,7183,113.705407
1,7184,525.625401
1,7185,244.157705
1,7186,96.916392
1,7187,377.646067
1,7188,300.717294
1,7189,128.395396
1,7190,84.111178
1,7191,323.267429
1,7192,265.247062
1,7193,332.374038
1,7194,295.225636
1,7195,194.810903
1,7196,374.716361
1,7197,275.925172
1,7198,66.166626
1,7199,217.514185
1,7200,234.377752
1,7201,406.418680
1,7202,174.417673
1,7203,476.025610
1,7204,295.715413
1,7205,98.072162
1,7206,197.197957
1,7207,99.554532
1,7208,193.258604
1,7209,345.103768
1,7210,483.917760
1,7211,352.687887
1,7212,126.327528
1,7213,253.260873
1,7214,67.876122
1,7215,512.238692
1,7216,97.889879
1,7217,314.346389
1,7218,295.007945
1,7219,309.424353
1,7220,180.730343
1,7221,345.118506
1,7222,459.671983
1,7223,102.405706
1,7224,81.070038
1,7225,372.288404
1,7226,96.853956
1,7227,214.562066
1,7228,318.482819
1,7229,103.335235
1,7230,455.610941
1,7231,94.687387
1,7232,466.308096
1,7233,300.284587
1,7234,269.418991
1,7235,136.621034
1,7236,332.804486
1,7237,62.606565
1,7238,386.548153
1,7239,154.734041
1,7240,246.753252
1,7241,268.413571
1,7242,97.914866
1,7243,484.082964
1,7244,101.400001
1,7245,237.252082
1,7246,299.800491
1,7247,138.966919
1,7248,523.366283
1,7249,94.833692
1,7250,298.657861
1,7251,351.761842
1,7252,132.738365
1,7253,204.737948
1,7254,329.594903
1,7255,171.246744
1,7256,114.857457
1,7257,274.215183
1,7258,289.627754
1,7259,136.049694
1,7260,134.832585
1,7261,99.262239
1,7262,222.562812
1,7263,318.878366
1,7264,208.331068
1,7265,371.357511
1,7266,211.500288
1,7267,414.536510
1,7268,401.473809
1,7269,362.246398
1,7270,342.519157
1,7271,103.153695
1,7272,215.933033
1,7273,245.649707
1,7274,335.615501
1,7275,108.217872
1,7276,366.296560
1,7277,165.730773
1,7278,410.861646
1,7279,356.526325
1,7280,210.385168
1,7281,116.386178
1,7282,152.209604
1,7283,442.124792
1,7284,347.310039
1,7285,96.484936
1,7286,317.388726
1,7287,100.240671
1,7288,398.770414
1,7289,451.239876
1,7290,118.834174
1,7291,447.516079
1,7292,104.573278
1,7293,365.109958
1,7294,106.793280
1,7295,259.478298
1,7296,92.908406
1,7297,508.898205
1,7298,113.303434
1,7299,215.848575
1,7300,240.197071
1,7301,198.152310
1,7302,169.293047
1,7303,395.491229
1,7304,94.820026
1,7305,372.683412
1,7306,264.575867
1,7307,481.367141
1,7308,248.835650
1,7309,234.035895
1,7310,198.680711
1,7311,157.612957
1,7312,338.093754
1,7313,490.324568
1,7314,168.376116
1,7315,463.877095
1,7316,113.433681
1,7317,188.772161
1,7318,434.911290
1,7319,173.115759
1,7320,173.681213
1,7321,183.784727
1,7322,175.304834
1,7323,302.217703
1,7324,89.195754
1,7325,423.495440
1,7326,161.933712
1,7327,479.094685
1,7328,107.554126
1,7329,224.640377
1,7330,97.928661
1,7331,108.841442
1,7332,173.057840
1,7333,104.426507
1,7334,109.018922
1,7335,315.239646
1,7336,61.261726
1,7337,282.515245
1,7338,416.515629
1,7339,193.902368
1,7340,126.916216
1,7341,270.039393
1,7342,279.309658
1,7343,90.130333
1,7344,308.580858
1,7345,73.469509
1,7346,253.224552
1,7347,122.170621
1,7348,215.472830
1,7349,450.716017
1,7350,373.778435
1,7351,90.220897
1,7352,131.788601
1,7353,132.156487
1,7354,402.366020
1,7355,89.167278
1,7356,459.257038
1,7357,101.226427
1,7358,352.694730
1,7359,138.975066
1,7360,293.465223
1,7361,165.608870
1,7362,322.406447
1,7363,285.083066
1,7364,102.347757
1,7365,187.983775
1,7366,315.708019
1,7367,272.979185
1,7368,432.312063
1,7369,193.050493
1,7370,297.130766
1,7371,100.199160
1,7372,369.331361
1,7373,178.406091
1,7374,360.011693
1,7375,64.468338
1,7376,288.890356
1,7377,101.399367
1,7378,96.451494
1,7379,245.674790
1,7380,110.989686
1,7381,116.584063
1,7382,158.460200
1,7383,258.672480
1,7384,95.272340
1,7385,209.442410
1,7386,95.161636
1,7387,329.601647
1,7388,134.297213
1,7389,183.335297
1,7390,451.870129
1,7391,147.258906
1,7392,98.689950
1,7393,356.878605
1,7394,360.690226
1,7395,221.560202
1,7396,302.045752
1,7397,127.679920
1,7398,315.272233
1,7399,144.344941
1,7400,208.344912
1,7401,437.832430
1,7402,96.240024
1,7403,181.055760
1,7404,360.157213
1,7405,409.083227
1,7406,98.506765
1,7407,234.777699
1,7408,95.204289
1,7409,298.212654
1,7410,133.706536
1,7411,382.213423
1,7412,661.262082
1,7413,187.499935
1,7414,346.752980
1,7415,121.071682
1,7416,261.084829
1,7417,412.551249
1,7418,417.152339
1,7419,107.317566
1,7420,233.820126
1,7421,176.294956
1,7422,92.811084
1,7423,294.875258
1,7424,101.965075
1,7425,404.157110
1,7426,127.817096
1,7427,411.752491
1,7428,130.249420
1,7429,149.561927
1,7430,291.991262
1,7431,470.869052
1,7432,350.439675
1,7433,115.091703
1,7434,139.394012
1,7435,367.711412
1,7436,319.192606
1,7437,146.403969
1,7438,426.595747
1,7439,266.704006
1,7440,94.915413
1,7441,1119.126340
1,7442,176.415101
1,7443,134.063289
1,7444,493.765496
1,7445,329.915571
1,7446,507.907218
1,7447,89.238749
1,7448,405.396221
1,7449,225.670398
1,7450,338.078486
1,7451,116.550801
1,7452,218.254629
1,7453,256.712491
1,7454,327.846363
1,7455,366.911273
1,7456,320.211337
1,7457,98.894521
1,7458,180.945938
1,7459,126.091405
1,7460,214.970883
1,7461,183.389319
1,7462,306.337289
1,7463,102.601180
1,7464,183.079950
1,7465,100.186704
1,7466,299.940048
1,7467,93.859273
1,7468,273.149066
1,7469,223.623337
1,7470,95.007902
1,7471,387.319616
1,7472,221.000944
1,7473,205.093511
1,7474,334.848504
1,7475,70.682388
1,7476,344.651916
1,7477,309.607236
1,7478,238.433707
1,7479,461.669861
1,7480,188.491642
1,7481,275.631949
1,7482,117.654847
1,7483,395.359800
1,7484,292.432614
1,7485,201.386128
1,7486,106.024635
1,7487,280.873835
1,7488,231.848888
1,7489,267.628103
1,7490,215.812090
1,7491,106.544178
1,7492,288.205022
1,7493,250.592501
1,7494,65.960222
1,7495,364.131574
1,7496,222.575772
1,7497,247.820746
1,7498,197.884185
1,7499,286.819639
1,7500,374.446855
1,7501,210.128144
1,7502,65.419972
1,7503,375.915065
1,7504,100.252890
1,7505,353.858754
1,7506,98.561502
1,7507,357.371044
1,7508,91.843551
1,7509,108.132407
1,7510,310.874900
1,7511,329.790948
1,7512,92.877769
1,7513,179.186449
1,7514,97.762940
1,7515,229.099784
1,7516,144.275667
1,7517,131.319387
1,7518,186.003148
1,7519,248.200924
1,7520,287.625917
1,7521,96.772382
1,7522,180.349457
1,7523,160.154889
1,7524,471.328215
1,7525,101.799630
1,7526,525.566367
1,7527,130.814965
1,7528,454.744055
1,7529,113.556515
1,7530,283.828425
1,7531,254.653062
1,7532,456.407391
1,7533,155.471485
1,7534,92.548588
1,7535,407.803986
1,7536,138.359550
1,7537,404.972881
1,7538,178.635783
1,7539,283.497925
1,7540,317.756000
1,7541,100.828613
1,7542,151.730016
1,7543,47.754206
1,7544,387.737948
1,7545,92.479771
1,7546,263.946095
1,7547,258.722848
1,7548,261.513640
1,7549,297.046594
1,7550,289.411068
1,7551,61.880769
1,7552,133.427664
1,7553,261.962700
1,7554,87.842513
1,7555,232.538385
1,7556,196.826117
1,7557,215.919313
1,7558,283.065461
1,7559,480.215605
1,7560,117.850044
1,7561,223.621789
1,7562,275.224241
1,7563,262.274520
1,7564,257.593342
1,7565,91.503494
1,7566,167.366958
1,7567,183.617625
1,7568,100.507389
1,7569,62.855710
1,7570,324.344949
1,7571,90.061132
1,7572,184.657843
1,7573,450.435744
1,7574,62.968532
1,7575,331.830386
1,7576,149.711124
1,7577,291.183283
1,7578,96.381424
1,7579,215.110000
1,7580,94.673436
1,7581,343.251618
1,7582,179.849851
1,7583,268.662802
1,7584,370.697825
1,7585,112.396889
1,7586,78.550045
1,7587,305.058028
1,7588,110.664736
1,7589,161.666785
1,7590,149.933062
1,7591,262.904042
1,7592,230.972939
1,7593,97.310812
1,7594,234.587836
1,7595,130.232441
1,7596,248.172669
1,7597,222.353874
1,7598,111.826258
1,7599,413.549696
1,7600,90.577719
1,7601,219.073163
1,7602,89.477488
1,7603,301.291062
1,7604,179.490082
1,7605,236.457604
1,7606,88.671678
1,7607,158.285909
1,7608,183.793260
1,7609,303.532254
1,7610,84.365611
1,7611,304.367626
1,7612,93.740687
1,7613,294.512043
1,7614,294.090897
1,7615,270.789384
1,7616,129.236937
1,7617,114.809216
1,7618,64.389386
1,7619,335.485107
1,7620,89.670921
1,7621,431.921828
1,7622,293.340348
1,7623,295.221031
1,7624,109.286403
1,7625,244.258994
1,7626,126.032901
1,7627,225.172646
1,7628,284.110648
1,7629,283.548836
1,7630,338.811813
1,7631,96.980127
1,7632,85.298120
1,7633,330.574430
1,7634,491.790145
1,7635,534.068468
1,7636,381.463605
1,7637,407.063614
1,7638,287.853014
1,7639,69.568498
1,7640,306.145607
1,7641,99.600536
1,7642,340.025791
1,7643,221.549823
1,7644,311.162611
1,7645,169.387118
1,7646,125.322654
1,7647,255.395048
1,7648,89.048761
1,7649,210.066043
1,7650,411.117366
1,7651,110.087663
1,7652,398.423504
1,7653,95.923020
1,7654,223.363936
1,7655,491.433995
1,7656,382.224530
1,7657,340.223715
1,7658,224.581470
1,7659,121.739529
1,7660,162.722370
1,7661,82.394466
1,7662,198.173015
1,7663,273.278025
1,7664,414.716953
1,7665,199.730810
1,7666,427.505034
1,7667,114.754700
1,7668,120.060113
1,7669,202.302384
1,7670,248.661296
1,7671,82.329253
1,7672,256.146202
1,7673,82.184683
1,7674,121.415786
1,7675,85.638854
1,7676,205.782389
1,7677,294.335335
1,7678,318.173277
1,7679,339.428825
1,7680,292.305920
1,7681,171.785024
1,7682,115.746469
1,7683,286.531375
1,7684,323.122427
1,7685,392.853738
1,7686,81.616834
1,7687,332.274059
1,7688,55.327767
1,7689,284.144115
1,7690,231.127772
1,7691,80.300017
1,7692,174.208452
1,7693,309.660447
1,7694,247.971446
1,7695,309.757674
1,7696,329.761938
1,7697,346.456052
1,7698,391.772050
1,7699,82.721062
1,7700,130.467553
1,7701,318.004728
1,7702,127.498279
1,7703,198.072620
1,7704,136.627455
1,7705,98.306553
1,7706,276.917166
1,7707,69.461899
1,7708,268.599062
1,7709,208.682968
1,7710,199.202781
1,7711,280.996604
1,7712,362.798440
1,7713,74.636950
1,7714,208.494161
1,7715,110.203683
1,7716,297.269960
1,7717,79.419275
1,7718,283.399891
1,7719,142.558594
1,7720,327.396345
1,7721,289.230619
1,7722,93.910287
1,7723,409.044045
1,7724,356.511603
1,7725,369.184501
1,7726,433.307266
1,7727,345.863734
1,7728,90.758125
1,7729,230.693663
1,7730,84.029010
1,7731,235.638106
1,7732,323.489709
1,7733,82.085171
1,7734,158.294711
1,7735,266.183662
1,7736,123.780273
1,7737,160.476459
1,7738,81.191143
1,7739,745.090850
1,7740,84.502713
1,7741,312.197542
1,7742,133.639722
1,7743,237.428672
1,7744,81.467786
1,7745,162.444454
1,7746,314.474747
1,7747,349.433599
1,7748,81.304081
1,7749,64.191181
1,7750,284.347486
1,7751,80.382017
1,7752,353.972855
1,7753,92.930618
1,7754,182.316959
1,7755,519.553737
1,7756,80.767920
1,7757,337.316549
1,7758,79.255511
1,7759,259.148522
1,7760,199.610079
1,7761,211.055093
1,7762,260.233154
1,7763,272.881650
1,7764,181.245680
1,7765,199.087837
1,7766,369.050453
1,7767,78.653947
1,7768,157.808302
1,7769,207.102030
1,7770,227.427718
1,7771,159.890184
1,7772,92.088743
1,7773,290.325043
1,7774,224.341694
1,7775,80.755522
1,7776,184.390610
1,7777,166.320796
1,7778,256.939401
1,7779,114.844945
1,7780,77.033355
1,7781,299.960324
1,7782,159.942952
1,7783,165.660601
1,7784,214.615152
1,7785,256.798662
1,7786,222.854993
1,7787,332.825713
1,7788,111.188113
1,7789,153.580288
1,7790,76.762769
1,7791,168.212042
1,7792,75.967037
1,7793,224.454895
1,7794,75.464022
1,7795,84.755002
1,7796,253.396186
1,7797,284.608633
1,7798,323.625227
1,7799,273.160454
1,7800,162.765024
1,7801,283.970263
1,7802,81.050391
1,7803,271.759253
1,7804,131.823040
1,7805,192.775240
1,7806,242.347007
1,7807,514.289761
1,7808,210.021074
1,7809,266.977987
1,7810,339.564047
1,7811,176.598691
1,7812,374.099885
1,7813,300.604912
1,7814,252.170896
1,7815,203.506404
1,7816,72.307498
1,7817,276.032774
1,7818,74.198035
1,7819,222.500848
1,7820,320.463490
1,7821,285.666521
1,7822,77.391178
1,7823,319.952771
1,7824,282.292612
1,7825,270.330282
1,7826,262.888135
1,7827,340.987085
1,7828,113.467258
1,7829,92.933455
1,7830,110.296053
1,7831,277.858847
1,7832,238.162205
1,7833,296.103231
1,7834,240.254097
1,7835,353.418125
1,7836,232.689738
1,7837,147.818311
1,7838,412.649039
1,7839,96.911270
1,7840,278.251616
1,7841,351.192555
1,7842,335.393450
1,7843,330.006674
1,7844,319.830685
1,7845,82.120197
1,7846,226.713379
1,7847,377.270959
1,7848,131.413154
1,7849,227.141044
1,7850,391.373807
1,7851,345.588064
1,7852,325.560505
1,7853,302.511530
1,7854,122.300845
1,7855,347.112672
1,7856,273.646079
1,7857,316.292220
1,7858,81.193942
1,7859,157.945355
1,7860,233.601363
1,7861,313.417683
1,7862,309.526794
1,7863,79.867265
1,7864,366.684650
1,7865,89.941279
1,7866,412.536364
1,7867,500.715952
1,7868,405.626840
1,7869,77.567172
1,7870,54.510034
1,7871,297.166026
1,7872,78.963194
1,7873,251.925657
1,7874,171.371379
1,7875,242.321782
1,7876,141.774768
1,7877,258.579395
1,7878,222.865802
1,7879,168.220838
1,7880,69.342226
1,7881,160.862170
1,7882,235.778413
1,7883,108.001858
1,7884,182.236325
1,7885,207.236434
1,7886,151.031261
1,7887,132.592194
1,7888,291.439279
1,7889,346.225914
1,7890,232.632744
1,7891,164.437947
1,7892,143.342145
1,7893,114.959864
1,7894,243.830109
1,7895,269.943665
1,7896,84.000150
1,7897,275.683811
1,7898,83.118188
1,7899,162.563576
1,7900,57.225726
1,7901,118.620134
1,7902,278.295440
1,7903,323.221610
1,7904,239.894180
1,7905,305.550955
1,7906,217.039599
1,7907,127.735137
1,7908,267.445172
1,7909,284.166261
1,7910,167.189397
1,7911,250.119596
1,7912,246.054171
1,7913,342.554983
1,7914,234.176847
1,7915,261.855725
1,7916,96.596085
1,7917,398.995237
1,7918,71.793039
1,7919,273.686546
1,7920,81.462397
1,7921,184.386200
1,7922,181.547572
1,7923,304.586004
1,7924,79.832883
1,7925,185.936004
1,7926,644.428362
1,7927,633.325422
1,7928,306.855157
1,7929,292.851828
1,7930,52.244410
1,7931,341.072988
1,7932,338.819795
1,7933,356.569087
1,7934,286.957801
1,7935,254.626618
1,7936,85.814373
1,7937,105.411012
1,7938,395.960057
1,7939,246.497952
1,7940,356.275602
1,7941,438.058789
1,7942,442.576032
1,7943,378.738377
1,7944,360.309191
1,7945,103.291727
1,7946,360.462348
1,7947,277.803730
1,7948,562.046300
1,7949,433.804057
1,7950,345.047385
1,7951,402.111195
1,7952,90.152997
1,7953,353.562145
1,7954,352.408684
1,7955,395.208661
1,7956,492.414863
1,7957,266.648911
1,7958,241.128845
1,7959,426.750405
1,7960,60.118717
1,7961,189.308995
1,7962,324.017246
1,7963,348.481691
1,7964,351.625584
1,7965,264.678872
1,7966,338.667892
1,7967,331.771946
1,7968,106.353944
1,7969,110.331344
1,7970,471.307671
1,7971,133.967207
1,7972,350.797984
1,7973,409.630150
1,7974,89.163726
1,7975,375.026027
1,7976,88.139009
1,7977,170.754083
1,7978,153.870524
1,7979,261.597071
1,7980,293.211005
1,7981,157.645216
1,7982,282.742507
1,7983,71.797980
1,7984,246.012363
1,7985,307.782365
1,7986,75.660009
1,7987,99.404975
1,7988,435.490645
1,7989,303.325919
1,7990,77.379786
1,7991,423.015384
1,7992,304.209637
1,7993,388.029158
1,7994,78.842288
1,7995,238.217110
1,7996,88.170764
1,7997,380.944554
1,7998,188.117238
1,7999,352.976839
1,8000,302.457394
1,8001,341.728959
1,8002,282.729233
1,8003,515.332935
1,8004,319.523128
1,8005,485.237147
1,8006,370.818300
1,8007,468.353233
1,8008,85.518152
1,8009,216.867400
1,8010,116.071758
1,8011,394.654018
1,8012,466.380749
1,8013,94.776543
1,8014,241.609101
1,8015,91.090046
1,8016,218.523005
1,8017,188.301313
1,8018,195.741924
1,8019,87.781959
1,8020,336.125010
1,8021,91.930292
1,8022,310.202145
1,8023,89.973937
1,8024,103.297513
1,8025,393.739857
1,8026,287.084265
1,8027,374.178198
1,8028,306.183265
1,8029,103.702351
1,8030,157.765205
1,8031,215.820437
1,8032,310.079260
1,8033,75.129143
1,8034,353.455575
1,8035,87.075503
1,8036,89.728073
1,8037,382.383049
1,8038,123.991781
1,8039,349.088624
1,8040,348.525653
1,8041,102.601673
1,8042,268.903684
1,8043,288.881504
1,8044,58.002001
1,8045,234.443090
1,8046,88.172216
1,8047,356.277562
1,8048,440.354180
1,8049,391.654188
1,8050,434.838762
1,8051,251.131548
1,8052,295.129470
1,8053,311.061020
1,8054,261.032644
1,8055,375.382194
1,8056,314.775926
1,8057,244.972099
1,8058,111.653746
1,8059,224.995268
1,8060,252.229215
1,8061,346.746910
1,8062,100.776318
1,8063,207.485508
1,8064,363.667740
1,8065,102.588873
1,8066,493.669144
1,8067,147.638844
1,8068,344.310935
1,8069,308.296644
1,8070,189.546409
1,8071,85.005071
1,8072,319.512418
1,8073,88.429052
1,8074,307.498374
1,8075,190.616399
1,8076,227.107713
1,8077,239.783410
1,8078,69.910087
1,8079,205.886493
1,8080,317.895031
1,8081,256.302465
1,8082,243.193808
1,8083,115.732765
1,8084,190.113520
1,8085,284.940977
1,8086,333.505432
1,8087,414.785873
1,8088,53.563421
1,8089,230.754295
1,8090,350.964717
1,8091,82.547696
1,8092,280.631676
1,8093,81.642156
1,8094,100.858847
1,8095,304.889526
1,8096,74.475044
1,8097,196.728362
1,8098,90.108501
1,8099,205.756636
1,8100,194.858009
1,8101,102.508450
1,8102,161.286534
1,8103,249.887676
1,8104,109.047147
1,8105,339.192799
1,8106,103.128031
1,8107,145.143578
1,8108,414.938403
1,8109,89.130733
1,8110,382.924524
1,8111,433.791910
1,8112,198.020570
1,8113,495.944962
1,8114,98.929444
1,8115,296.624232
1,8116,317.723878
1,8117,476.616669
1,8118,290.823260
1,8119,254.411956
1,8120,314.573570
1,8121,214.598973
1,8122,320.424184
1,8123,97.893139
1,8124,533.440781
1,8125,88.336841
1,8126,84.294705
1,8127,495.921581
1,8128,446.406120
1,8129,198.527830
1,8130,324.678054
1,8131,283.028536
1,8132,577.338707
1,8133,85.271899
1,8134,336.246851
1,8135,136.931730
1,8136,343.660423
1,8137,293.980599
1,8138,199.749382
1,8139,301.148510
1,8140,298.338884
1,8141,189.463580
1,8142,366.176075
1,8143,267.520604
1,8144,480.745170
1,8145,337.424069
1,8146,497.072854
1,8147,427.795470
1,8148,337.683579
1,8149,82.297086
1,8150,330.876053
1,8151,310.685288
1,8152,379.489630
1,8153,386.359594
1,8154,80.656572
1,8155,365.087058
1,8156,345.563343
1,8157,356.327229
1,8158,420.712989
1,8159,503.602115
1,8160,267.085815
1,8161,313.795439
1,8162,341.051943
1,8163,129.511122
1,8164,366.952009
1,8165,248.536272
1,8166,149.856182
1,8167,203.927106
1,8168,67.840938
1,8169,125.411433
1,8170,248.407137
1,8171,206.161579
1,8172,221.604588
1,8173,84.970939
1,8174,51.862894
1,8175,76.045533
1,8176,142.640242
1,8177,247.820590
1,8178,227.096261
1,8179,83.791720
1,8180,175.932708
1,8181,94.072531
1,8182,277.350912
1,8183,122.304217
1,8184,225.165763
1,8185,49.539624
1,8186,204.820691
1,8187,106.228917
1,8188,259.743594
1,8189,86.785052
1,8190,166.217836
1,8191,57.562157
1,8192,297.005801
1,8193,212.101402
1,8194,240.591199
1,8195,242.923377
1,8196,88.889982
1,8197,167.487836
1,8198,98.359270
1,8199,294.536496
1,8200,368.225211
1,8201,50.678995
1,8202,270.408632
1,8203,181.365656
1,8204,84.791815
1,8205,129.866843
1,8206,83.551052
1,8207,94.956969
1,8208,56.588468
1,8209,267.073867
1,8210,82.893070
1,8211,120.164965
1,8212,260.467305
1,8213,296.013918
1,8214,87.857381
1,8215,203.562182
1,8216,92.826081
1,8217,245.914816
1,8218,84.113083
1,8219,204.921006
1,8220,91.863688
1,8221,86.640464
1,8222,268.004257
1,8223,116.994245
1,8224,267.379478
1,8225,197.414512
1,8226,85.443447
1,8227,243.722664
1,8228,290.656436
1,8229,307.039284
1,8230,360.197014
1,8231,121.560607
1,8232,103.777608
1,8233,122.000266
1,8234,295.445338
1,8235,361.778186
1,8236,252.260647
1,8237,81.350232
1,8238,238.532472
1,8239,79.198547
1,8240,242.231050
1,8241,247.238387
1,8242,181.931010
1,8243,305.651821
1,8244,80.424747
1,8245,268.053243
1,8246,1165.066200
1,8247,274.093272
1,8248,79.105860
1,8249,303.801418
1,8250,187.086053
1,8251,164.455567
1,8252,273.161465
1,8253,81.387818
1,8254,181.547591
1,8255,90.551485
1,8256,171.859750
1,8257,148.964078
1,8258,294.501859
1,8259,339.945236
1,8260,98.481486
1,8261,395.013756
1,8262,246.366181
1,8263,72.348877
1,8264,165.949270
1,8265,305.492676
1,8266,51.404768
1,8267,222.486247
1,8268,347.479140
1,8269,51.373689
1,8270,275.427126
1,8271,547.010905
1,8272,401.199564
1,8273,293.060736
1,8274,275.673760
1,8275,92.699405
1,8276,222.887010
1,8277,97.908441
1,8278,346.698722
1,8279,278.490572
1,8280,324.450932
1,8281,316.977593
1,8282,400.200056
1,8283,138.463315
1,8284,232.184596
1,8285,247.196642
1,8286,84.212964
1,8287,298.351270
1,8288,267.822748
1,8289,85.880144
1,8290,206.946817
1,8291,84.901986
1,8292,210.817872
1,8293,179.517393
1,8294,126.154284
1,8295,169.955511
1,8296,89.035932
1,8297,201.731058
1,8298,133.466108
1,8299,326.127291
1,8300,84.749613
1,8301,237.693537
1,8302,365.745401
1,8303,58.134766
1,8304,209.217281
1,8305,336.618810
1,8306,85.995680
1,8307,241.308806
1,8308,209.906869
1,8309,372.543959
1,8310,102.059700
1,8311,208.791447
1,8312,275.090584
1,8313,120.436104
1,8314,125.312667
1,8315,218.226903
1,8316,345.591217
1,8317,304.861021
1,8318,83.933040
1,8319,263.335701
1,8320,85.415545
1,8321,177.494134
1,8322,329.747394
1,8323,84.568990
1,8324,284.131316
1,8325,82.632742
1,8326,163.004371
1,8327,84.829161
1,8328,388.313232
1,8329,82.511533
1,8330,118.029296
1,8331,306.488460
1,8332,337.834249
1,8333,347.241177
1,8334,245.280397
1,8335,86.578358
1,8336,307.505556
1,8337,241.416979
1,8338,354.451762
1,8339,289.124188
1,8340,378.893061
1,8341,457.330328
1,8342,565.212155
1,8343,90.251093
1,8344,390.291051
1,8345,91.712686
1,8346,457.852990
1,8347,103.527201
1,8348,376.847985
1,8349,266.026810
1,8350,490.875998
1,8351,94.434744
1,8352,238.469696
1,8353,459.938794
1,8354,111.483000
1,8355,615.791321
1,8356,661.055430
1,8357,652.498417
1,8358,66.238669
1,8359,481.007744
1,8360,501.402139
1,8361,583.192756
1,8362,110.107287
1,8363,490.037745
1,8364,426.509209
1,8365,246.723207
1,8366,97.442394
1,8367,430.501040
1,8368,417.382136
1,8369,356.904240
1,8370,103.138270
1,8371,475.531126
1,8372,96.585926
1,8373,302.188413
1,8374,515.122635
1,8375,327.677524
1,8376,563.063776
1,8377,123.879133
1,8378,470.413716
1,8379,598.469204
1,8380,107.451690
1,8381,409.237334
1,8382,765.328454
1,8383,475.623809
1,8384,623.986600
1,8385,425.586379
1,8386,107.118446
1,8387,379.357348
1,8388,276.003241
1,8389,224.197166
1,8390,244.886170
1,8391,396.620810
1,8392,75.630024
1,8393,425.325408
1,8394,296.018312
1,8395,105.170969
1,8396,325.422802
1,8397,388.923343
1,8398,154.194900
1,8399,429.618240
1,8400,443.244537
1,8401,325.866714
1,8402,94.051385
1,8403,237.955455
1,8404,158.749707
1,8405,298.790525
1,8406,84.440919
1,8407,463.155834
1,8408,143.174607
1,8409,111.971020
1,8410,92.483554
1,8411,488.912861
1,8412,103.804687
1,8413,79.039097
1,8414,203.503001
1,8415,369.344811
1,8416,788.398280
1,8417,599.226193
1,8418,105.556911
1,8419,678.119766
1,8420,123.714507
1,8421,217.283478
1,8422,227.203517
1,8423,516.411846
1,8424,144.795638
1,8425,662.496164
1,8426,97.727021
1,8427,476.427779
1,8428,278.373590
1,8429,461.266153
1,8430,113.482399
1,8431,283.962594
1,8432,185.311861
1,8433,587.074723
1,8434,123.747855
1,8435,531.704727
1,8436,229.221645
1,8437,308.961599
1,8438,442.569800
1,8439,472.621526
1,8440,101.474370
1,8441,235.733767
1,8442,466.914407
1,8443,64.984742
1,8444,434.108590
1,8445,355.545382
1,8446,398.918826
1,8447,370.648334
1,8448,107.175613
1,8449,408.248475
1,8450,358.375592
1,8451,252.731934
1,8452,551.366419
1,8453,101.640477
1,8454,197.658959
1,8455,499.409937
1,8456,95.669931
1,8457,247.315849
1,8458,473.297771
1,8459,553.890669
1,8460,437.768937
1,8461,345.153917
1,8462,366.147250
1,8463,114.835186
1,8464,325.122405
1,8465,331.924169
1,8466,89.818702
1,8467,424.156827
1,8468,86.684801
1,8469,492.800714
1,8470,261.765216
1,8471,479.836126
1,8472,90.623396
1,8473,226.466937
1,8474,409.774174
1,8475,791.149153
1,8476,378.322583
1,8477,408.258020
1,8478,133.242623
1,8479,454.078833
1,8480,100.687026
1,8481,403.308631
1,8482,550.806357
1,8483,213.169904
1,8484,105.268925
1,8485,379.286513
1,8486,292.818041
1,8487,412.865009
1,8488,95.521853
1,8489,386.294606
1,8490,619.206731
1,8491,135.436439
1,8492,208.782990
1,8493,252.752967
1,8494,66.319743
1,8495,599.805626
1,8496,578.878844
1,8497,95.151528
1,8498,676.966477
1,8499,565.997955
1,8500,497.013427
1,8501,119.191272
1,8502,200.934983
1,8503,490.469263
1,8504,516.424456
1,8505,544.283475
1,8506,108.127351
1,8507,566.191552
1,8508,556.727595
1,8509,117.204607
1,8510,519.264451
1,8511,366.082142
1,8512,102.048619
1,8513,446.613389
1,8514,282.443126
1,8515,329.001303
1,8516,167.785530
1,8517,200.148300
1,8518,322.415543
1,8519,93.360156
1,8520,590.462053
1,8521,368.140285
1,8522,397.913234
1,8523,500.393195
1,8524,75.660798
1,8525,557.873116
1,8526,119.229090
1,8527,62.831559
1,8528,474.176105
1,8529,409.442284
1,8530,95.998811
1,8531,311.353898
1,8532,253.742043
1,8533,401.912060
1,8534,103.270973
1,8535,70.791794
1,8536,445.018998
1,8537,527.558528
1,8538,435.854986
1,8539,115.450862
1,8540,378.291071
1,8541,111.199731
1,8542,402.612229
1,8543,502.014214
1,8544,355.143601
1,8545,175.927971
1,8546,379.159036
1,8547,147.913096
1,8548,94.201332
1,8549,290.728908
1,8550,95.671658
1,8551,364.298544
1,8552,377.960588
1,8553,461.668998
1,8554,125.397587
1,8555,401.160888
1,8556,336.245626
1,8557,504.317910
1,8558,368.810070
1,8559,123.858764
1,8560,454.397110
1,8561,191.188750
1,8562,537.984770
1,8563,88.489268
1,8564,344.066556
1,8565,445.988214
1,8566,275.568913
1,8567,380.160613
1,8568,369.184006
1,8569,92.540229
1,8570,392.248937
1,8571,413.242456
1,8572,103.314748
1,8573,452.194283
1,8574,614.728694
1,8575,213.461161
1,8576,581.223063
1,8577,300.376885
1,8578,243.506161
1,8579,378.977011
1,8580,180.653409
1,8581,399.814533
1,8582,164.085052
1,8583,470.057220
1,8584,64.558822
1,8585,505.453733
1,8586,346.888188
1,8587,95.421375
1,8588,367.207502
1,8589,109.837523
1,8590,434.101935
1,8591,209.329352
1,8592,282.896982
1,8593,310.725932
1,8594,192.282709
1,8595,111.557193
1,8596,434.406298
1,8597,342.616735
1,8598,465.718968
1,8599,517.261579
1,8600,444.933435
1,8601,118.698429
1,8602,456.485942
1,8603,266.912746
1,8604,239.293523
1,8605,230.430492
1,8606,111.945790
1,8607,466.319871
1,8608,474.750615
1,8609,519.348519
1,8610,68.725357
1,8611,561.177790
1,8612,409.239138
1,8613,98.298249
1,8614,243.089598
1,8615,591.814928
1,8616,111.944600
1,8617,536.209958
1,8618,95.602634
1,8619,335.549994
1,8620,102.253609
1,8621,521.855263
1,8622,450.175452
1,8623,227.121456
1,8624,170.269670
1,8625,262.718026
1,8626,367.340041
1,8627,418.590786
1,8628,478.929684
1,8629,238.630582
1,8630,488.353253
1,8631,95.952857
1,8632,449.113068
1,8633,461.235012
1,8634,109.606102
1,8635,366.551875
1,8636,352.082191
1,8637,497.048010
1,8638,103.957112
1,8639,701.649821
1,8640,565.803837
1,8641,92.768063
1,8642,94.877701
1,8643,449.631871
1,8644,94.522469
1,8645,169.410402
1,8646,492.251791
1,8647,196.398187
1,8648,502.571542
1,8649,300.291878
1,8650,236.867897
1,8651,313.800009
1,8652,434.642062
1,8653,80.878316
1,8654,58.094593
1,8655,369.765418
1,8656,455.009315
1,8657,96.390178
1,8658,378.700450
1,8659,86.946689
1,8660,456.591802
1,8661,434.735761
1,8662,91.961868
1,8663,195.445021
1,8664,96.771871
1,8665,335.462187
1,8666,361.591234
1,8667,91.184202
1,8668,420.969632
1,8669,293.022125
1,8670,419.124140
1,8671,92.659040
1,8672,328.084476
1,8673,497.088414
1,8674,476.237816
1,8675,259.367331
1,8676,113.882926
1,8677,545.381973
1,8678,261.479479
1,8679,72.495033
1,8680,264.556675
1,8681,249.314946
1,8682,388.354697
1,8683,80.382221
1,8684,250.352789
1,8685,490.049785
1,8686,444.091523
1,8687,147.010026
1,8688,360.971308
1,8689,90.308822
1,8690,215.045948
1,8691,372.092044
1,8692,101.552699
1,8693,283.943441
1,8694,108.338362
1,8695,460.081418
1,8696,199.898252
1,8697,439.274866
1,8698,238.115889
1,8699,189.459437
1,8700,373.765322
1,8701,62.589714
1,8702,225.182388
1,8703,129.885337
1,8704,374.553116
1,8705,63.136764
1,8706,340.211109
1,8707,91.948274
1,8708,417.042008
1,8709,113.575272
1,8710,93.363095
1,8711,221.880101
1,8712,285.692860
1,8713,189.295901
1,8714,170.698381
1,8715,513.664285
1,8716,95.609658
1,8717,443.127917
1,8718,340.232711
1,8719,95.148685
1,8720,320.218365
1,8721,102.775381
1,8722,135.790810
1,8723,428.697308
1,8724,93.226658
1,8725,62.582982
1,8726,403.199901
1,8727,92.560758
1,8728,295.884679
1,8729,142.055483
1,8730,90.546823
1,8731,344.586772
1,8732,372.317289
1,8733,303.021232
1,8734,284.689574
1,8735,270.355557
1,8736,441.587836
1,8737,95.058448
1,8738,563.209756
1,8739,390.772427
1,8740,124.637802
1,8741,412.340924
1,8742,365.112668
1,8743,428.764147
1,8744,146.008552
1,8745,251.001684
1,8746,144.710831
1,8747,400.886163
1,8748,297.928471
1,8749,149.397878
1,8750,336.130812
1,8751,65.342316
1,8752,274.639510
1,8753,89.468596
1,8754,132.240899
1,8755,240.269526
1,8756,189.525802
1,8757,223.587272
1,8758,47.285395
1,8759,175.019852
1,8760,75.779245
1,8761,269.698859
1,8762,54.346080
1,8763,213.600527
1,8764,96.821133
1,8765,251.978798
1,8766,106.694631
1,8767,102.503490
1,8768,215.147194
1,8769,278.924243
1,8770,227.048833
1,8771,239.107786
1,8772,353.415571
1,8773,87.316779
1,8774,462.171659
1,8775,512.221264
1,8776,121.036286
1,8777,135.163952
1,8778,304.302575
1,8779,62.217046
1,8780,459.242017
1,8781,109.219431
1,8782,477.097933
1,8783,434.759699
1,8784,88.673827
1,8785,385.254355
1,8786,364.357109
1,8787,105.050787
1,8788,283.835097
1,8789,92.385074
1,8790,106.775403
1,8791,446.444708
1,8792,109.019686
1,8793,75.119317
1,8794,419.867343
1,8795,117.379521
1,8796,304.382303
1,8797,173.499441
1,8798,107.830591
1,8799,349.375952
1,8800,350.240777
1,8801,120.367901
1,8802,445.980531
1,8803,408.913927
1,8804,104.632385
1,8805,385.011118
1,8806,392.499615
1,8807,336.290975
1,8808,274.450707
1,8809,277.513171
1,8810,254.542213
1,8811,449.047701
1,8812,89.751180
1,8813,392.357584
1,8814,92.176935
1,8815,60.588514
1,8816,274.941376
1,8817,93.132626
1,8818,141.234708
1,8819,243.027887
1,8820,200.540140
1,8821,341.522039
1,8822,140.810661
1,8823,156.088327
1,8824,229.479211
1,8825,184.509744
1,8826,181.797005
1,8827,540.944309
1,8828,138.379941
1,8829,143.229434
1,8830,393.882386
1,8831,576.700656
1,8832,252.650194
1,8833,72.133421
1,8834,260.534738
1,8835,82.328664
1,8836,352.906923
1,8837,215.133019
1,8838,344.457801
1,8839,171.419497
1,8840,320.094213
1,8841,82.688349
1,8842,193.936213
1,8843,287.536107
1,8844,60.193768
1,8845,410.718048
1,8846,112.140914
1,8847,187.019540
1,8848,391.744976
1,8849,354.528425
1,8850,175.277419
1,8851,88.200403
1,8852,362.487295
1,8853,266.088988
1,8854,59.926883
1,8855,324.240382
1,8856,379.660802
1,8857,100.866004
1,8858,321.291158
1,8859,96.004910
1,8860,437.944838
1,8861,105.593439
1,8862,377.774903
1,8863,142.771029
1,8864,275.623646
1,8865,314.013001
1,8866,191.997355
1,8867,265.882002
1,8868,99.029064
1,8869,401.198512
1,8870,99.513974
1,8871,191.375747
1,8872,138.323584
1,8873,139.162228
1,8874,433.513340
1,8875,113.650689
1,8876,327.022093
1,8877,529.388285
1,8878,59.478105
1,8879,460.528810
1,8880,88.248582
1,8881,107.093152
1,8882,356.565913
1,8883,97.322283
1,8884,66.230386
1,8885,268.548483
1,8886,326.393052
1,8887,98.436319
1,8888,260.065059
1,8889,403.483154
1,8890,405.245351
1,8891,270.749536
1,8892,72.188267
1,8893,284.122998
1,8894,142.331033
1,8895,111.630613
1,8896,362.972363
1,8897,295.170343
1,8898,104.361504
1,8899,381.742474
1,8900,162.243167
1,8901,106.426471
1,8902,218.685676
1,8903,395.313481
1,8904,126.693230
1,8905,241.568587
1,8906,413.905519
1,8907,85.949870
1,8908,224.215564
1,8909,273.068795
1,8910,371.644252
1,8911,107.768470
1,8912,282.753117
1,8913,362.959750
1,8914,100.113394
1,8915,109.869816
1,8916,350.559368
1,8917,450.082704
1,8918,107.670179
1,8919,116.199184
1,8920,211.972524
1,8921,234.569496
1,8922,94.071002
1,8923,149.419657
1,8924,365.284938
1,8925,97.492266
1,8926,75.550259
1,8927,251.543579
1,8928,475.709006
1,8929,271.195256
1,8930,387.107660
1,8931,139.429572
1,8932,316.557608
1,8933,408.955865
1,8934,130.653311
1,8935,410.426641
1,8936,115.221683
1,8937,191.271961
1,8938,390.940713
1,8939,206.525139
1,8940,321.885370
1,8941,89.947404
1,8942,398.296105
1,8943,320.370587
1,8944,168.162546
1,8945,230.973244
1,8946,287.435077
1,8947,110.193849
1,8948,406.960548
1,8949,99.315928
1,8950,440.064444
1,8951,255.011474
1,8952,472.937902
1,8953,501.724733
1,8954,122.541055
1,8955,330.752855
1,8956,275.203801
1,8957,524.253172
1,8958,305.572184
1,8959,193.664685
1,8960,351.759990
1,8961,101.174185
1,8962,378.742130
1,8963,102.779274
1,8964,385.432341
1,8965,358.714460
1,8966,88.552220
1,8967,405.516540
1,8968,100.447901
1,8969,392.229487
1,8970,100.342056
1,8971,541.039336
1,8972,304.636779
1,8973,56.550491
1,8974,286.094846
1,8975,267.154093
1,8976,498.011242
1,8977,106.299684
1,8978,343.643455
1,8979,97.446339
1,8980,285.772017
1,8981,97.990581
1,8982,267.475182
1,8983,478.154711
1,8984,93.214507
1,8985,449.085204
1,8986,310.435062
1,8987,424.458258
1,8988,82.892114
1,8989,397.694674
1,8990,352.467433
1,8991,87.673113
1,8992,164.624797
1,8993,536.988772
1,8994,453.501312
1,8995,48.909290
1,8996,344.718289
1,8997,208.267868
1,8998,309.866978
1,8999,88.063152
1,9000,276.643556
1,9001,468.507167
1,9002,110.956820
1,9003,512.281846
1,9004,443.181052
1,9005,231.062200
1,9006,344.463772
1,9007,93.832895
1,9008,345.168136
1,9009,174.254956
1,9010,102.227978
1,9011,197.079446
1,9012,242.639206
1,9013,292.693703
1,9014,450.332268
1,9015,444.312345
1,9016,460.684357
1,9017,128.801415
1,9018,525.867868
1,9019,117.057167
1,9020,295.963159
1,9021,122.116018
1,9022,126.244366
1,9023,287.489189
1,9024,204.319164
1,9025,97.588546
1,9026,400.103108
1,9027,122.362642
1,9028,216.887117
1,9029,897.475608
1,9030,351.978300
1,9031,222.881088
1,9032,112.376826
1,9033,720.511494
1,9034,329.882029
1,9035,422.544742
1,9036,98.072749
1,9037,537.502212
1,9038,361.277821
1,9039,267.736196
1,9040,197.734526
1,9041,349.389553
1,9042,325.462562
1,9043,216.368711
1,9044,200.282598
1,9045,443.422315
1,9046,340.565949
1,9047,101.233781
1,9048,239.647726
1,9049,258.638541
1,9050,348.177883
1,9051,338.241718
1,9052,307.299400
1,9053,103.296852
1,9054,402.276122
1,9055,98.341886
1,9056,125.358777
1,9057,279.529414
1,9058,98.976098
1,9059,319.325762
1,9060,371.423248
1,9061,65.453424
1,9062,215.230526
1,9063,186.679884
1,9064,84.644556
1,9065,237.115495
1,9066,169.581156
1,9067,271.111692
1,9068,110.678458
1,9069,517.027377
1,9070,232.829389
1,9071,100.251376
1,9072,383.387345
1,9073,298.580654
1,9074,125.275084
1,9075,86.375663
1,9076,320.100864
1,9077,263.392311
1,9078,333.208104
1,9079,293.866109
1,9080,194.017336
1,9081,375.577744
1,9082,275.481103
1,9083,66.168870
1,9084,216.456334
1,9085,231.487990
1,9086,407.387534
1,9087,170.763570
1,9088,483.029927
1,9089,298.419483
1,9090,98.081242
1,9091,192.960903
1,9092,101.989287
1,9093,196.151282
1,9094,347.611414
1,9095,487.005689
1,9096,357.542329
1,9097,123.542719
1,9098,255.426602
1,9099,67.878557
1,9100,511.388597
1,9101,97.899253
1,9102,312.015292
1,9103,291.599628
1,9104,302.503631
1,9105,172.788851
1,9106,343.514460
1,9107,465.498706
1,9108,102.866684
1,9109,77.018221
1,9110,374.453204
1,9111,96.863306
1,9112,213.538031
1,9113,319.281118
1,9114,100.197109
1,9115,458.486594
1,9116,94.696657
1,9117,465.117350
1,9118,301.023497
1,9119,269.919307
1,9120,136.654272
1,9121,336.384568
1,9122,62.608999
1,9123,394.686668
1,9124,155.435341
1,9125,250.252659
1,9126,269.143703
1,9127,97.923848
1,9128,494.268045
1,9129,99.738444
1,9130,248.088371
1,9131,301.417551
1,9132,139.351682
1,9133,525.734386
1,9134,94.842432
1,9135,298.101856
1,9136,350.408464
1,9137,130.038771
1,9138,201.344867
1,9139,326.647982
1,9140,171.276437
1,9141,111.021312
1,9142,271.595557
1,9143,291.548872
1,9144,137.584724
1,9145,138.486252
1,9146,99.667058
1,9147,228.395725
1,9148,327.628282
1,9149,216.436610
1,9150,397.464545
1,9151,207.538369
1,9152,424.512978
1,9153,403.082875
1,9154,366.387515
1,9155,343.281112
1,9156,105.525555
1,9157,220.317155
1,9158,247.480795
1,9159,335.740734
1,9160,108.230402
1,9161,368.114792
1,9162,166.141567
1,9163,409.683964
1,9164,357.953015
1,9165,212.846946
1,9166,119.232554
1,9167,150.019883
1,9168,448.048767
1,9169,346.395357
1,9170,96.493969
1,9171,318.519278
1,9172,100.249757
1,9173,399.750464
1,9174,457.707600
1,9175,118.847301
1,9176,442.419758
1,9177,104.582819
1,9178,364.737157
1,9179,108.410613
1,9180,265.743383
1,9181,93.781725
1,9182,509.093971
1,9183,113.316720
1,9184,216.581031
1,9185,236.551776
1,9186,196.979417
1,9187,173.087306
1,9188,397.781473
1,9189,94.829143
1,9190,369.442000
1,9191,265.229112
1,9192,482.695515
1,9193,244.273139
1,9194,240.524931
1,9195,204.130463
1,9196,158.157381
1,9197,336.340925
1,9198,495.669822
1,9199,168.387273
1,9200,464.691917
1,9201,113.446424
1,9202,186.401814
1,9203,437.075670
1,9204,169.519953
1,9205,174.289820
1,9206,187.257832
1,9207,177.034856
1,9208,299.507940
1,9209,91.845591
1,9210,420.698281
1,9211,159.202249
1,9212,480.754606
1,9213,107.566398
1,9214,227.321574
1,9215,97.937364
1,9216,112.550314
1,9217,169.800822
1,9218,104.816827
1,9219,107.556339
1,9220,315.913012
1,9221,61.263841
1,9222,280.750978
1,9223,414.933761
1,9224,191.262061
1,9225,127.645630
1,9226,268.095291
1,9227,281.108723
1,9228,90.138163
1,9229,310.104279
1,9230,69.801468
1,9231,257.422063
1,9232,114.551458
1,9233,216.762638
1,9234,452.947560
1,9235,374.319082
1,9236,90.228376
1,9237,132.122082
1,9238,132.183159
1,9239,396.556797
1,9240,89.174582
1,9241,461.236725
1,9242,101.694067
1,9243,356.478299
1,9244,137.520078
1,9245,278.787916
1,9246,165.634103
1,9247,315.944845
1,9248,287.092555
1,9249,98.049588
1,9250,184.138880
1,9251,323.196429
1,9252,271.880701
1,9253,435.294926
1,9254,189.738615
1,9255,294.879773
1,9256,100.633011
1,9257,373.453788
1,9258,182.743720
1,9259,357.729879
1,9260,64.470245
1,9261,291.145817
1,9262,98.547006
1,9263,96.459229
1,9264,242.143108
1,9265,111.448928
1,9266,112.137019
1,9267,158.733380
1,9268,257.807128
1,9269,95.280665
1,9270,215.286636
1,9271,95.170100
1,9272,329.403158
1,9273,134.318580
1,9274,182.234607
1,9275,448.994962
1,9276,143.949064
1,9277,98.989552
1,9278,356.157420
1,9279,360.858309
1,9280,221.729253
1,9281,304.696645
1,9282,128.304600
1,9283,315.350540
1,9284,144.975346
1,9285,208.807370
1,9286,437.855943
1,9287,96.248997
1,9288,188.036266
1,9289,365.792749
1,9290,405.781922
1,9291,98.515745
1,9292,231.591023
1,9293,95.213261
1,9294,303.463995
1,9295,132.414509
1,9296,385.520700
1,9297,649.896910
1,9298,179.451862
1,9299,351.171717
1,9300,121.084228
1,9301,262.892247
1,9302,409.438593
1,9303,405.620461
1,9304,107.330491
1,9305,231.439322
1,9306,176.355033
1,9307,92.819816
1,9308,303.978513
1,9309,104.003786
1,9310,407.780017
1,9311,129.969945
1,9312,419.984565
1,9313,133.095622
1,9314,145.852049
1,9315,295.139912
1,9316,486.051211
1,9317,360.491000
1,9318,112.377129
1,9319,142.752137
1,9320,371.971096
1,9321,316.220870
1,9322,146.432644
1,9323,429.480793
1,9324,265.209190
1,9325,94.923553
1,9326,1123.171227
1,9327,172.392940
1,9328,135.471171
1,9329,499.365835
1,9330,330.684877
1,9331,505.644105
1,9332,89.246613
1,9333,400.580911
1,9334,224.484363
1,9335,337.477074
1,9336,116.870122
1,9337,221.498460
1,9338,254.185323
1,9339,317.469003
1,9340,359.330217
1,9341,314.650346
1,9342,94.423255
1,9343,179.990867
1,9344,126.098812
1,9345,215.119037
1,9346,180.033017
1,9347,306.822970
1,9348,102.610550
1,9349,186.833542
1,9350,102.231262
1,9351,300.196632
1,9352,93.866434
1,9353,279.455454
1,9354,220.117038
1,9355,95.015467
1,9356,391.925739
1,9357,221.479439
1,9358,205.461342
1,9359,345.097571
1,9360,67.975499
1,9361,350.641150
1,9362,310.226776
1,9363,238.577044
1,9364,460.995897
1,9365,184.763086
1,9366,276.934452
1,9367,120.323684
1,9368,401.834749
1,9369,291.448373
1,9370,203.313714
1,9371,106.037345
1,9372,278.817471
1,9373,236.756025
1,9374,272.039063
1,9375,214.666714
1,9376,106.912773
1,9377,284.752491
1,9378,246.929662
1,9379,65.962509
1,9380,361.821020
1,9381,220.666016
1,9382,254.873428
1,9383,200.026329
1,9384,296.341023
1,9385,379.849738
1,9386,210.184238
1,9387,65.422253
1,9388,386.106682
1,9389,103.629610
1,9390,377.434774
1,9391,98.574369
1,9392,364.826451
1,9393,91.852223
1,9394,104.109116
1,9395,312.076728
1,9396,334.903694
1,9397,92.886356
1,9398,184.165099
1,9399,98.190161
1,9400,233.638183
1,9401,146.709134
1,9402,131.339941
1,9403,186.700863
1,9404,250.169043
1,9405,287.574174
1,9406,96.784784
1,9407,180.818100
1,9408,161.156132
1,9409,473.170220
1,9410,101.811740
1,9411,529.909638
1,9412,131.171601
1,9413,452.634241
1,9414,113.568129
1,9415,288.858156
1,9416,257.050671
1,9417,443.545766
1,9418,152.273667
1,9419,95.301926
1,9420,409.294928
1,9421,138.786752
1,9422,406.407557
1,9423,180.773604
1,9424,279.843467
