subtaskID,datapointID,answer
1,0,317.826852
1,1,102.967586
1,2,149.079056
1,3,52.278031
1,4,377.813288
1,5,93.195555
1,6,258.018704
1,7,255.996849
1,8,258.844568
1,9,300.975947
1,10,295.332617
1,11,65.023020
1,12,130.536089
1,13,264.253624
1,14,88.303366
1,15,236.062004
1,16,199.701835
1,17,220.518939
1,18,278.403792
1,19,475.637677
1,20,119.817193
1,21,227.099792
1,22,274.906451
1,23,274.726437
1,24,262.254330
1,25,91.482823
1,26,171.565926
1,27,185.263813
1,28,103.470217
1,29,66.855122
1,30,325.451801
1,31,90.264168
1,32,183.938397
1,33,448.224945
1,34,67.028465
1,35,347.639488
1,36,161.457460
1,37,297.879922
1,38,98.218008
1,39,217.104646
1,40,95.143219
1,41,348.535745
1,42,180.453009
1,43,273.952366
1,44,372.886906
1,45,115.725237
1,46,82.366758
1,47,307.920809
1,48,115.537200
1,49,165.145522
1,50,151.594867
1,51,269.603602
1,52,234.087193
1,53,98.537340
1,54,233.845739
1,55,134.047484
1,56,253.714930
1,57,226.482698
1,58,114.034307
1,59,412.194672
1,60,91.726654
1,61,222.549297
1,62,90.443264
1,63,307.182611
1,64,178.753351
1,65,240.032914
1,66,89.733316
1,67,159.207915
1,68,185.409263
1,69,304.506718
1,70,84.156183
1,71,306.703786
1,72,94.203771
1,73,293.350127
1,74,294.371780
1,75,269.819452
1,76,126.385288
1,77,114.601484
1,78,68.008743
1,79,333.723324
1,80,90.053221
1,81,430.079297
1,82,299.312116
1,83,296.677741
1,84,115.049267
1,85,243.582302
1,86,124.104775
1,87,225.247221
1,88,282.748877
1,89,282.395467
1,90,334.675995
1,91,99.768074
1,92,84.581782
1,93,331.215710
1,94,522.025500
1,95,550.715098
1,96,390.022554
1,97,406.800957
1,98,288.195898
1,99,69.693123
1,100,306.048571
1,101,104.578797
1,102,337.287974
1,103,220.804933
1,104,312.369405
1,105,176.707593
1,106,124.151158
1,107,256.913896
1,108,92.281622
1,109,214.120015
1,110,407.859872
1,111,116.133410
1,112,403.066878
1,113,99.584170
1,114,236.628780
1,115,522.147197
1,116,382.794399
1,117,346.339438
1,118,230.620761
1,119,129.510640
1,120,166.402521
1,121,82.469390
1,122,196.669962
1,123,271.498259
1,124,423.770916
1,125,204.157557
1,126,430.681059
1,127,118.655869
1,128,116.638416
1,129,206.651129
1,130,249.064991
1,131,82.733749
1,132,263.490312
1,133,82.662957
1,134,119.520354
1,135,86.784548
1,136,205.146369
1,137,290.918016
1,138,319.634393
1,139,337.787140
1,140,293.611349
1,141,174.822836
1,142,114.048387
1,143,287.432140
1,144,320.123857
1,145,398.740421
1,146,82.195698
1,147,328.271105
1,148,60.329175
1,149,280.867278
1,150,230.200156
1,151,81.021055
1,152,170.871917
1,153,309.048713
1,154,250.234034
1,155,311.578632
1,156,325.419583
1,157,345.030124
1,158,390.592827
1,159,82.509779
1,160,131.487687
1,161,314.228199
1,162,123.220272
1,163,191.387827
1,164,134.192540
1,165,94.543244
1,166,262.882193
1,167,69.260817
1,168,262.073394
1,169,201.827561
1,170,195.549526
1,171,277.500917
1,172,356.083194
1,173,74.382502
1,174,208.542338
1,175,108.033953
1,176,298.995592
1,177,79.328622
1,178,287.233031
1,179,143.375362
1,180,322.884360
1,181,303.768663
1,182,95.217717
1,183,416.062245
1,184,360.121837
1,185,376.933098
1,186,440.254498
1,187,344.422655
1,188,90.616781
1,189,228.332292
1,190,83.849424
1,191,234.566685
1,192,322.029236
1,193,82.202382
1,194,156.643358
1,195,263.041413
1,196,121.645710
1,197,158.739284
1,198,81.642276
1,199,775.214589
1,200,84.658433
1,201,311.766250
1,202,134.102293
1,203,234.480483
1,204,81.509700
1,205,160.560295
1,206,313.433473
1,207,352.293878
1,208,81.511600
1,209,68.326589
1,210,283.729055
1,211,80.964779
1,212,370.110761
1,213,96.411568
1,214,182.013217
1,215,517.698465
1,216,81.071492
1,217,335.552129
1,218,79.879746
1,219,258.119780
1,220,203.846545
1,221,215.196452
1,222,268.193545
1,223,277.703692
1,224,190.735180
1,225,200.925382
1,226,375.676481
1,227,79.586037
1,228,155.834615
1,229,208.212320
1,230,225.268469
1,231,158.790134
1,232,95.555347
1,233,293.636795
1,234,223.527800
1,235,81.869069
1,236,182.657377
1,237,164.030180
1,238,256.316691
1,239,113.014274
1,240,78.258691
1,241,297.550082
1,242,159.257989
1,243,163.307313
1,244,216.718268
1,245,260.600259
1,246,224.246608
1,247,337.951943
1,248,110.266511
1,249,153.560599
1,250,77.601943
1,251,167.837207
1,252,77.032225
1,253,225.734702
1,254,76.836475
1,255,85.695197
1,256,251.568097
1,257,286.488226
1,258,322.327888
1,259,271.154018
1,260,163.282986
1,261,284.334321
1,262,82.282402
1,263,269.594997
1,264,130.924727
1,265,191.869375
1,266,240.843236
1,267,529.092263
1,268,203.401122
1,269,263.124630
1,270,323.051836
1,271,168.420958
1,272,366.069049
1,273,284.416008
1,274,239.693699
1,275,199.636585
1,276,72.075713
1,277,273.722988
1,278,73.923072
1,279,221.040991
1,280,323.762600
1,281,291.310304
1,282,78.341542
1,283,323.851938
1,284,287.307700
1,285,276.950312
1,286,262.914810
1,287,342.400626
1,288,112.115555
1,289,93.765169
1,290,112.515522
1,291,278.397683
1,292,240.645660
1,293,296.794601
1,294,241.141904
1,295,354.714430
1,296,229.557405
1,297,147.562526
1,298,407.472479
1,299,98.882289
1,300,278.492773
1,301,359.117171
1,302,334.069856
1,303,331.058395
1,304,315.661586
1,305,82.891441
1,306,227.541306
1,307,376.161293
1,308,134.717111
1,309,228.125500
1,310,383.268743
1,311,340.014109
1,312,323.143780
1,313,300.779775
1,314,123.795597
1,315,350.442201
1,316,273.597957
1,317,314.986358
1,318,81.398847
1,319,156.715759
1,320,237.376195
1,321,313.474656
1,322,308.390803
1,323,82.953300
1,324,361.255349
1,325,91.312018
1,326,408.369190
1,327,498.828045
1,328,399.590160
1,329,78.877520
1,330,59.743503
1,331,296.927975
1,332,81.236629
1,333,252.947123
1,334,163.159943
1,335,236.785910
1,336,139.168819
1,337,249.191504
1,338,221.408505
1,339,164.468253
1,340,69.449443
1,341,158.881020
1,342,226.048619
1,343,103.758210
1,344,179.008495
1,345,204.028872
1,346,148.322799
1,347,143.557167
1,348,293.869911
1,349,344.781387
1,350,232.861261
1,351,166.121040
1,352,144.036951
1,353,113.304616
1,354,251.148294
1,355,274.763917
1,356,85.279078
1,357,275.205036
1,358,84.568609
1,359,161.581067
1,360,63.281551
1,361,117.729534
1,362,289.316153
1,363,329.711362
1,364,242.727817
1,365,307.097401
1,366,222.281780
1,367,126.627836
1,368,272.010067
1,369,285.021307
1,370,169.776449
1,371,257.166057
1,372,248.277155
1,373,345.709599
1,374,238.855722
1,375,270.971525
1,376,101.166145
1,377,401.178310
1,378,80.760966
1,379,277.936931
1,380,82.638239
1,381,185.237873
1,382,188.422089
1,383,305.929858
1,384,80.978673
1,385,183.927391
1,386,656.294887
1,387,665.057491
1,388,297.267588
1,389,283.629140
1,390,56.706191
1,391,330.797446
1,392,334.145144
1,393,350.258727
1,394,280.136680
1,395,254.291160
1,396,88.625055
1,397,109.723742
1,398,389.659558
1,399,242.995981
1,400,350.449216
1,401,431.372749
1,402,440.351170
1,403,376.233108
1,404,361.009609
1,405,105.142747
1,406,359.107766
1,407,291.498071
1,408,561.536413
1,409,433.204417
1,410,348.125257
1,411,399.735700
1,412,90.182912
1,413,359.814750
1,414,360.614958
1,415,400.859686
1,416,497.590587
1,417,272.379280
1,418,248.933257
1,419,423.219954
1,420,64.540510
1,421,190.839168
1,422,323.881031
1,423,347.469048
1,424,352.720069
1,425,265.359416
1,426,338.796898
1,427,333.760849
1,428,107.552217
1,429,112.029613
1,430,468.305147
1,431,134.262368
1,432,347.527352
1,433,409.104370
1,434,90.082094
1,435,375.263793
1,436,88.320517
1,437,170.176721
1,438,154.227354
1,439,261.433625
1,440,297.040173
1,441,155.319795
1,442,276.784965
1,443,71.325894
1,444,243.532765
1,445,307.922057
1,446,76.173717
1,447,99.713883
1,448,422.979635
1,449,297.945498
1,450,76.962429
1,451,428.815778
1,452,310.033785
1,453,391.481870
1,454,78.924699
1,455,242.460916
1,456,88.225576
1,457,384.373171
1,458,190.474812
1,459,350.877588
1,460,301.464827
1,461,344.583565
1,462,286.560939
1,463,518.122093
1,464,323.322139
1,465,484.347712
1,466,375.795287
1,467,455.149711
1,468,86.320937
1,469,218.580906
1,470,115.512493
1,471,390.682899
1,472,460.224651
1,473,94.374903
1,474,245.870560
1,475,91.064330
1,476,222.110842
1,477,189.666841
1,478,197.083308
1,479,88.058711
1,480,337.325136
1,481,91.871305
1,482,308.366310
1,483,90.579159
1,484,106.758019
1,485,395.755787
1,486,295.011364
1,487,377.740703
1,488,319.343623
1,489,101.684864
1,490,156.360834
1,491,209.721254
1,492,298.786518
1,493,74.278203
1,494,350.836818
1,495,89.416551
1,496,92.521725
1,497,375.140295
1,498,124.905465
1,499,349.772711
1,500,350.969044
1,501,104.767044
1,502,268.531074
1,503,290.606695
1,504,62.411446
1,505,239.532185
1,506,87.752004
1,507,355.235586
1,508,437.022718
1,509,394.882660
1,510,431.828018
1,511,252.528707
1,512,296.842588
1,513,313.492961
1,514,255.088645
1,515,378.766189
1,516,317.771137
1,517,245.663009
1,518,116.940623
1,519,227.090823
1,520,254.285297
1,521,345.758950
1,522,104.498284
1,523,209.387753
1,524,361.697997
1,525,102.568563
1,526,502.143292
1,527,148.594815
1,528,350.304518
1,529,309.626989
1,530,192.042576
1,531,85.470281
1,532,322.420872
1,533,88.791891
1,534,313.785946
1,535,188.956825
1,536,218.410219
1,537,233.295877
1,538,69.205300
1,539,203.717986
1,540,308.683730
1,541,249.189170
1,542,241.387428
1,543,116.012792
1,544,190.790869
1,545,286.797710
1,546,334.928603
1,547,425.057428
1,548,57.912104
1,549,233.583178
1,550,353.561243
1,551,82.749842
1,552,282.638677
1,553,82.467241
1,554,104.829217
1,555,302.885037
1,556,80.139902
1,557,209.652499
1,558,89.452471
1,559,205.057441
1,560,198.103911
1,561,110.828759
1,562,160.073915
1,563,259.489385
1,564,114.145014
1,565,339.646742
1,566,105.769338
1,567,153.873240
1,568,415.439814
1,569,91.586754
1,570,379.801989
1,571,432.018759
1,572,201.322118
1,573,501.400459
1,574,102.245575
1,575,295.689501
1,576,327.436117
1,577,486.387951
1,578,297.158425
1,579,259.475688
1,580,316.623582
1,581,220.328238
1,582,324.012224
1,583,101.199033
1,584,531.960715
1,585,90.714403
1,586,84.518078
1,587,489.815698
1,588,437.291254
1,589,200.672176
1,590,330.558065
1,591,290.280621
1,592,585.325156
1,593,85.333467
1,594,350.038502
1,595,140.556821
1,596,345.119413
1,597,296.239943
1,598,204.700050
1,599,303.398574
1,600,300.623843
1,601,187.775146
1,602,367.005298
1,603,269.742870
1,604,479.614010
1,605,336.648544
1,606,495.587590
1,607,428.004871
1,608,339.735975
1,609,82.334770
1,610,332.328648
1,611,311.070111
1,612,383.737001
1,613,383.871058
1,614,81.184859
1,615,366.589560
1,616,350.113867
1,617,359.491449
1,618,427.430607
1,619,507.811588
1,620,272.381807
1,621,315.119047
1,622,341.427722
1,623,130.749511
1,624,362.240671
1,625,250.224416
1,626,143.659666
1,627,197.603558
1,628,67.881620
1,629,119.776420
1,630,243.355511
1,631,200.512999
1,632,216.225630
1,633,87.341358
1,634,56.632060
1,635,75.439192
1,636,141.252668
1,637,243.559241
1,638,223.698518
1,639,85.246735
1,640,175.083522
1,641,94.685745
1,642,276.610815
1,643,118.665386
1,644,225.397427
1,645,53.900630
1,646,204.788669
1,647,110.941081
1,648,259.237162
1,649,86.423305
1,650,163.349705
1,651,61.705601
1,652,297.821661
1,653,212.568490
1,654,239.171459
1,655,245.007903
1,656,88.140357
1,657,167.983978
1,658,100.279556
1,659,298.567256
1,660,364.511126
1,661,55.195970
1,662,279.420030
1,663,188.798916
1,664,84.776232
1,665,127.494148
1,666,84.043841
1,667,94.404963
1,668,60.881663
1,669,267.378054
1,670,83.573733
1,671,117.472876
1,672,264.928157
1,673,298.817864
1,674,87.730698
1,675,204.385516
1,676,92.202890
1,677,246.552747
1,678,84.142086
1,679,209.562226
1,680,92.136767
1,681,86.498139
1,682,269.671977
1,683,114.926361
1,684,263.788602
1,685,199.930402
1,686,85.241676
1,687,245.750869
1,688,294.367127
1,689,308.431064
1,690,355.529990
1,691,118.689535
1,692,104.587336
1,693,118.898297
1,694,296.057209
1,695,362.409398
1,696,253.193232
1,697,81.815218
1,698,241.030787
1,699,80.247800
1,700,241.699093
1,701,246.912255
1,702,184.329115
1,703,303.586317
1,704,80.848996
1,705,267.945551
1,706,1177.020151
1,707,265.478913
1,708,80.398917
1,709,295.771216
1,710,185.214128
1,711,164.629928
1,712,263.189528
1,713,80.820208
1,714,176.078554
1,715,89.078814
1,716,170.858832
1,717,156.491805
1,718,294.397213
1,719,342.434350
1,720,99.760951
1,721,385.313581
1,722,239.333632
1,723,72.696492
1,724,162.399894
1,725,298.308968
1,726,56.580108
1,727,223.059173
1,728,346.799013
1,729,56.550143
1,730,279.577715
1,731,553.213942
1,732,403.098711
1,733,292.907985
1,734,275.760694
1,735,96.336601
1,736,228.701078
1,737,101.915216
1,738,349.406033
1,739,282.270206
1,740,328.674186
1,741,319.375609
1,742,398.810202
1,743,149.859537
1,744,234.253489
1,745,250.418008
1,746,85.115736
1,747,301.631146
1,748,267.621323
1,749,86.272572
1,750,207.922529
1,751,85.815689
1,752,211.296470
1,753,177.650089
1,754,128.062139
1,755,169.464011
1,756,89.404555
1,757,200.254725
1,758,134.896100
1,759,331.736245
1,760,85.855341
1,761,241.134588
1,762,368.337251
1,763,63.096345
1,764,210.097861
1,765,340.649278
1,766,86.660709
1,767,246.702306
1,768,210.442866
1,769,367.038921
1,770,106.693272
1,771,206.671001
1,772,277.421123
1,773,118.466636
1,774,125.502365
1,775,218.891513
1,776,348.250222
1,777,303.183644
1,778,84.843053
1,779,262.249261
1,780,85.773815
1,781,178.340281
1,782,330.292100
1,783,85.243411
1,784,282.961074
1,785,84.007318
1,786,162.980407
1,787,85.265382
1,788,391.443584
1,789,83.790298
1,790,116.288725
1,791,306.863677
1,792,340.156391
1,793,345.748954
1,794,449.421346
1,795,53.415878
1,796,355.940538
1,797,209.450417
1,798,310.411787
1,799,87.483884
1,800,260.926596
1,801,463.684878
1,802,112.701196
1,803,516.390378
1,804,446.900371
1,805,231.368749
1,806,340.802847
1,807,94.246966
1,808,344.282603
1,809,172.761246
1,810,103.479320
1,811,193.221883
1,812,256.194618
1,813,299.591499
1,814,438.455676
1,815,438.402407
1,816,467.889459
1,817,134.860518
1,818,523.291922
1,819,123.259553
1,820,299.726223
1,821,129.046584
1,822,128.719843
1,823,296.311386
1,824,207.563472
1,825,98.263776
1,826,397.595215
1,827,124.930128
1,828,206.323552
1,829,896.068937
1,830,337.791685
1,831,223.908969
1,832,113.543513
1,833,767.275985
1,834,339.256876
1,835,435.773882
1,836,98.368037
1,837,548.522608
1,838,364.742862
1,839,270.997039
1,840,197.250586
1,841,350.837697
1,842,316.996377
1,843,210.547116
1,844,202.041892
1,845,461.018831
1,846,330.875690
1,847,103.124471
1,848,238.266289
1,849,254.608760
1,850,350.629350
1,851,333.523136
1,852,311.099307
1,853,103.528981
1,854,395.738486
1,855,101.040490
1,856,131.867410
1,857,286.174213
1,858,99.800794
1,859,319.909611
1,860,370.828111
1,861,63.451550
1,862,229.862090
1,863,189.009393
1,864,84.582561
1,865,238.631496
1,866,172.968026
1,867,279.362588
1,868,115.710261
1,869,534.100531
1,870,248.937503
1,871,96.992964
1,872,385.128327
1,873,301.143064
1,874,134.161046
1,875,91.104846
1,876,325.388980
1,877,272.581335
1,878,334.159870
1,879,301.135715
1,880,190.724768
1,881,374.291477
1,882,273.266364
1,883,70.956244
1,884,212.881845
1,885,239.233813
1,886,404.984339
1,887,175.607531
1,888,480.586160
1,889,301.648982
1,890,98.374067
1,891,197.254842
1,892,101.150560
1,893,197.510969
1,894,342.027930
1,895,490.765611
1,896,364.620168
1,897,128.032272
1,898,257.002388
1,899,72.384337
1,900,523.774991
1,901,98.244372
1,902,325.814914
1,903,300.432764
1,904,312.199724
1,905,174.608320
1,906,360.087183
1,907,474.575391
1,908,103.740629
1,909,82.998171
1,910,379.497532
1,911,96.995754
1,912,221.718199
1,913,322.613067
1,914,101.601246
1,915,475.327021
1,916,95.267829
1,917,486.497448
1,918,320.012776
1,919,281.256218
1,920,137.453439
1,921,345.809557
1,922,66.595894
1,923,389.107050
1,924,156.661024
1,925,258.595944
1,926,272.579211
1,927,97.608628
1,928,502.616804
1,929,100.098114
1,930,239.716280
1,931,300.429689
1,932,138.822357
1,933,521.063608
1,934,95.452162
1,935,302.627734
1,936,356.018791
1,937,132.802637
1,938,211.515324
1,939,323.538501
1,940,173.429651
1,941,115.503272
1,942,271.357803
1,943,296.967717
1,944,142.166405
1,945,132.233974
1,946,102.003745
1,947,216.412118
1,948,317.066316
1,949,209.528059
1,950,355.429022
1,951,214.568194
1,952,413.716712
1,953,398.028569
1,954,355.846244
1,955,345.040332
1,956,106.361976
1,957,227.073958
1,958,250.687467
1,959,337.975169
1,960,112.072435
1,961,375.894938
1,962,161.284272
1,963,419.694708
1,964,364.365413
1,965,221.141107
1,966,121.219793
1,967,158.143363
1,968,442.915082
1,969,345.767844
1,970,97.522069
1,971,308.550939
1,972,99.844003
1,973,391.886949
1,974,459.395244
1,975,126.161043
1,976,455.758868
1,977,104.980499
1,978,368.497925
1,979,104.152136
1,980,271.035687
1,981,101.701897
1,982,506.055975
1,983,120.085884
1,984,214.882663
1,985,242.569756
1,986,200.733695
1,987,169.021927
1,988,396.840173
1,989,95.887097
1,990,370.636482
1,991,279.202062
1,992,507.064783
1,993,246.265612
1,994,242.071790
1,995,202.456300
1,996,161.434812
1,997,330.544915
1,998,492.828409
1,999,189.281554
1,1000,483.469514
1,1001,119.529097
1,1002,198.092942
1,1003,456.859066
1,1004,176.696636
1,1005,181.572412
1,1006,191.859739
1,1007,175.506884
1,1008,310.499988
1,1009,99.510028
1,1010,430.447702
1,1011,176.532651
1,1012,491.960760
1,1013,114.012524
1,1014,225.305875
1,1015,99.134699
1,1016,112.040362
1,1017,172.694144
1,1018,106.246931
1,1019,106.082988
1,1020,312.644229
1,1021,66.673912
1,1022,281.013772
1,1023,417.060595
1,1024,194.569926
1,1025,135.232718
1,1026,271.641132
1,1027,281.407119
1,1028,91.309689
1,1029,312.031145
1,1030,76.236086
1,1031,256.068588
1,1032,118.288234
1,1033,220.091417
1,1034,441.974322
1,1035,368.230869
1,1036,91.109708
1,1037,129.862627
1,1038,133.137379
1,1039,405.175859
1,1040,90.426553
1,1041,462.672184
1,1042,104.968900
1,1043,359.904020
1,1044,141.730339
1,1045,281.143212
1,1046,165.605818
1,1047,324.696410
1,1048,283.813558
1,1049,101.730610
1,1050,187.494341
1,1051,323.553771
1,1052,270.481792
1,1053,427.299888
1,1054,195.010455
1,1055,299.609674
1,1056,102.057503
1,1057,381.517075
1,1058,184.098528
1,1059,377.069245
1,1060,69.272737
1,1061,292.007204
1,1062,100.018256
1,1063,96.260297
1,1064,244.569845
1,1065,113.533635
1,1066,113.940053
1,1067,162.274591
1,1068,255.778923
1,1069,95.788352
1,1070,218.880204
1,1071,95.821725
1,1072,328.138225
1,1073,133.108366
1,1074,191.212131
1,1075,460.479824
1,1076,154.129481
1,1077,99.828448
1,1078,366.209359
1,1079,366.527039
1,1080,234.644639
1,1081,314.159143
1,1082,135.574427
1,1083,325.869290
1,1084,150.559338
1,1085,216.271708
1,1086,442.623005
1,1087,96.964932
1,1088,179.165607
1,1089,362.790590
1,1090,421.481577
1,1091,98.012997
1,1092,231.915050
1,1093,95.942755
1,1094,310.265688
1,1095,135.279840
1,1096,384.001165
1,1097,678.859097
1,1098,186.795822
1,1099,349.211312
1,1100,129.304235
1,1101,263.832629
1,1102,417.535990
1,1103,411.895583
1,1104,112.685897
1,1105,236.429865
1,1106,178.712409
1,1107,93.893792
1,1108,300.152977
1,1109,104.501368
1,1110,409.565544
1,1111,129.810170
1,1112,412.115999
1,1113,128.874425
1,1114,152.708987
1,1115,296.620267
1,1116,474.772727
1,1117,354.508796
1,1118,115.734792
1,1119,144.522130
1,1120,373.500784
1,1121,330.683721
1,1122,152.801696
1,1123,437.599089
1,1124,277.486028
1,1125,94.568542
1,1126,1226.602587
1,1127,181.413486
1,1128,140.464352
1,1129,489.050479
1,1130,338.452192
1,1131,506.722890
1,1132,90.747469
1,1133,412.797562
1,1134,226.261120
1,1135,337.728855
1,1136,123.855116
1,1137,217.533422
1,1138,251.481832
1,1139,318.851498
1,1140,361.184938
1,1141,327.383934
1,1142,95.967821
1,1143,175.027918
1,1144,136.718853
1,1145,207.126116
1,1146,182.818156
1,1147,304.132150
1,1148,106.699741
1,1149,173.876955
1,1150,102.571577
1,1151,293.239234
1,1152,94.537574
1,1153,272.092341
1,1154,215.285336
1,1155,95.180990
1,1156,373.067329
1,1157,230.552328
1,1158,210.575893
1,1159,329.941423
1,1160,72.846822
1,1161,341.283868
1,1162,307.629406
1,1163,241.188133
1,1164,444.182609
1,1165,185.597371
1,1166,268.844148
1,1167,124.066304
1,1168,401.929120
1,1169,299.504495
1,1170,195.293888
1,1171,110.322614
1,1172,275.989634
1,1173,234.633822
1,1174,278.480979
1,1175,212.047063
1,1176,108.249656
1,1177,292.418171
1,1178,254.132570
1,1179,70.719223
1,1180,365.840465
1,1181,221.655635
1,1182,247.220713
1,1183,199.309460
1,1184,288.133014
1,1185,376.391037
1,1186,220.482966
1,1187,70.097050
1,1188,382.324502
1,1189,102.751042
1,1190,360.552171
1,1191,102.680249
1,1192,366.961092
1,1193,93.017277
1,1194,105.620815
1,1195,307.300879
1,1196,326.566777
1,1197,93.473065
1,1198,177.211596
1,1199,99.147627
1,1200,230.743196
1,1201,147.671171
1,1202,129.577223
1,1203,187.869227
1,1204,252.310024
1,1205,282.359078
1,1206,99.343509
1,1207,178.881592
1,1208,170.817522
1,1209,479.267116
1,1210,105.984386
1,1211,538.279693
1,1212,140.871327
1,1213,450.028664
1,1214,119.787156
1,1215,283.060177
1,1216,260.951227
1,1217,438.562189
1,1218,156.328997
1,1219,92.539692
1,1220,404.123147
1,1221,138.036604
1,1222,418.022877
1,1223,175.055955
1,1224,280.951393
1,1225,247.294822
1,1226,85.022259
1,1227,309.010961
1,1228,246.516577
1,1229,343.544280
1,1230,280.339926
1,1231,377.376641
1,1232,450.684731
1,1233,570.265447
1,1234,89.773054
1,1235,402.236501
1,1236,91.295238
1,1237,450.640772
1,1238,107.003077
1,1239,370.160683
1,1240,269.644961
1,1241,495.057220
1,1242,94.161569
1,1243,235.552246
1,1244,467.810785
1,1245,110.275273
1,1246,617.077414
1,1247,674.595396
1,1248,656.243296
1,1249,70.527128
1,1250,497.451208
1,1251,511.973944
1,1252,591.481889
1,1253,114.555638
1,1254,510.909659
1,1255,442.360565
1,1256,255.141980
1,1257,96.976762
1,1258,422.316019
1,1259,413.215939
1,1260,356.612796
1,1261,105.209068
1,1262,466.405731
1,1263,96.134624
1,1264,300.227299
1,1265,519.548316
1,1266,330.612141
1,1267,561.751597
1,1268,125.086860
1,1269,493.537680
1,1270,631.281829
1,1271,106.814053
1,1272,405.152218
1,1273,800.527279
1,1274,486.456073
1,1275,650.388940
1,1276,433.982631
1,1277,96.583976
1,1278,380.001018
1,1279,278.970185
1,1280,225.611015
1,1281,245.358459
1,1282,403.297976
1,1283,70.838000
1,1284,426.962733
1,1285,298.293858
1,1286,102.317289
1,1287,334.100631
1,1288,397.641176
1,1289,143.303644
1,1290,423.607079
1,1291,450.140811
1,1292,329.717071
1,1293,94.859729
1,1294,237.913203
1,1295,158.112247
1,1296,298.544802
1,1297,83.706305
1,1298,464.835928
1,1299,145.405966
1,1300,114.899432
1,1301,90.719505
1,1302,500.437821
1,1303,108.115480
1,1304,84.705125
1,1305,208.000001
1,1306,376.714824
1,1307,803.744978
1,1308,614.317738
1,1309,110.443090
1,1310,711.103702
1,1311,125.622436
1,1312,215.661516
1,1313,239.731542
1,1314,532.484828
1,1315,155.851631
1,1316,699.757901
1,1317,94.123871
1,1318,485.724110
1,1319,274.542841
1,1320,462.337907
1,1321,97.625698
1,1322,283.628300
1,1323,181.438131
1,1324,604.627141
1,1325,104.058108
1,1326,518.300010
1,1327,229.600069
1,1328,306.375786
1,1329,436.145606
1,1330,471.233149
1,1331,95.854546
1,1332,240.900229
1,1333,461.202627
1,1334,69.217463
1,1335,428.914490
1,1336,352.628707
1,1337,394.249458
1,1338,374.553740
1,1339,96.275202
1,1340,409.513995
1,1341,358.762748
1,1342,249.368757
1,1343,552.020360
1,1344,97.799180
1,1345,189.407838
1,1346,494.707090
1,1347,92.461782
1,1348,243.593294
1,1349,468.773596
1,1350,550.671916
1,1351,428.676901
1,1352,333.009608
1,1353,356.086830
1,1354,112.423145
1,1355,337.508582
1,1356,314.543832
1,1357,89.265214
1,1358,413.579552
1,1359,86.714867
1,1360,497.083395
1,1361,261.638543
1,1362,485.469545
1,1363,90.360426
1,1364,230.120210
1,1365,406.851347
1,1366,781.225731
1,1367,387.008407
1,1368,410.440389
1,1369,128.810002
1,1370,443.914653
1,1371,100.192581
1,1372,392.157697
1,1373,546.239680
1,1374,212.767434
1,1375,102.307663
1,1376,376.786780
1,1377,286.297021
1,1378,425.057625
1,1379,95.026785
1,1380,385.123598
1,1381,618.815797
1,1382,130.584223
1,1383,216.325250
1,1384,248.638969
1,1385,70.468580
1,1386,593.286149
1,1387,569.988807
1,1388,95.246853
1,1389,685.304236
1,1390,583.950531
1,1391,488.948241
1,1392,121.803944
1,1393,195.009748
1,1394,493.550581
1,1395,527.196588
1,1396,548.142262
1,1397,97.332053
1,1398,581.527084
1,1399,561.361320
1,1400,121.575639
1,1401,523.948114
1,1402,368.022834
1,1403,99.583838
1,1404,440.800132
1,1405,277.350276
1,1406,330.361450
1,1407,152.688388
1,1408,192.994570
1,1409,320.881972
1,1410,93.087293
1,1411,588.741187
1,1412,369.716499
1,1413,389.328180
1,1414,489.786469
1,1415,71.366263
1,1416,587.892902
1,1417,96.418638
1,1418,67.354256
1,1419,475.707914
1,1420,401.711334
1,1421,91.979548
1,1422,311.586458
1,1423,248.935061
1,1424,403.093641
1,1425,92.608800
1,1426,74.775925
1,1427,468.946669
1,1428,528.852648
1,1429,427.656631
1,1430,100.866676
1,1431,383.114081
1,1432,98.502099
1,1433,411.071588
1,1434,499.461730
1,1435,345.790061
1,1436,174.638587
1,1437,377.609425
1,1438,134.049684
1,1439,94.273319
1,1440,281.895347
1,1441,90.946648
1,1442,369.081709
1,1443,375.468904
1,1444,457.730356
1,1445,123.205596
1,1446,394.874628
1,1447,338.130021
1,1448,527.353859
1,1449,373.068074
1,1450,122.735024
1,1451,477.908937
1,1452,192.025270
1,1453,558.506040
1,1454,89.565795
1,1455,346.269587
1,1456,447.476087
1,1457,283.152677
1,1458,379.565345
1,1459,368.281527
1,1460,92.858028
1,1461,392.593354
1,1462,419.536040
1,1463,93.293299
1,1464,462.889693
1,1465,645.425378
1,1466,219.476969
1,1467,612.708365
1,1468,318.665731
1,1469,249.665358
1,1470,364.632206
1,1471,180.505631
1,1472,398.021867
1,1473,165.404305
1,1474,464.385993
1,1475,68.736726
1,1476,517.836035
1,1477,351.573160
1,1478,94.726401
1,1479,378.100784
1,1480,115.714399
1,1481,448.076442
1,1482,223.357655
1,1483,296.029668
1,1484,317.669816
1,1485,184.389193
1,1486,105.847670
1,1487,448.547150
1,1488,336.413745
1,1489,485.892497
1,1490,521.010587
1,1491,465.313077
1,1492,111.756283
1,1493,460.308853
1,1494,266.491887
1,1495,245.655005
1,1496,227.412667
1,1497,108.416738
1,1498,479.699159
1,1499,495.034661
1,1500,512.040523
1,1501,65.415510
1,1502,594.855869
1,1503,398.362116
1,1504,92.785571
1,1505,254.332384
1,1506,616.084191
1,1507,116.179598
1,1508,541.361812
1,1509,91.774008
1,1510,327.244883
1,1511,95.723935
1,1512,526.189389
1,1513,473.455828
1,1514,250.987017
1,1515,172.309727
1,1516,287.031095
1,1517,384.105780
1,1518,441.802171
1,1519,483.314565
1,1520,255.228930
1,1521,498.869118
1,1522,90.796543
1,1523,451.876081
1,1524,457.955758
1,1525,112.438860
1,1526,367.477516
1,1527,367.428800
1,1528,503.825205
1,1529,91.919905
1,1530,750.739257
1,1531,579.102435
1,1532,89.292745
1,1533,95.193357
1,1534,447.535876
1,1535,94.505356
1,1536,167.335263
1,1537,493.522979
1,1538,190.747736
1,1539,502.082760
1,1540,297.551822
1,1541,239.096812
1,1542,313.172082
1,1543,435.985537
1,1544,80.545469
1,1545,63.183123
1,1546,351.739428
1,1547,436.648673
1,1548,94.562731
1,1549,381.771602
1,1550,86.443181
1,1551,458.164960
1,1552,447.540950
1,1553,92.393630
1,1554,195.130641
1,1555,96.599812
1,1556,335.566131
1,1557,354.764623
1,1558,91.071063
1,1559,424.089284
1,1560,300.502310
1,1561,421.069494
1,1562,92.230037
1,1563,323.636817
1,1564,505.056118
1,1565,465.720292
1,1566,265.377791
1,1567,98.553947
1,1568,554.662282
1,1569,255.020193
1,1570,72.095138
1,1571,255.773694
1,1572,236.608662
1,1573,368.094546
1,1574,80.059379
1,1575,242.809866
1,1576,484.782239
1,1577,449.871135
1,1578,143.748669
1,1579,351.650631
1,1580,91.053175
1,1581,216.125953
1,1582,373.288803
1,1583,102.826008
1,1584,286.306258
1,1585,109.362767
1,1586,442.697063
1,1587,205.148579
1,1588,458.001105
1,1589,242.142548
1,1590,184.585383
1,1591,373.235852
1,1592,64.384908
1,1593,223.215348
1,1594,131.379927
1,1595,377.459765
1,1596,66.131827
1,1597,338.531010
1,1598,91.563774
1,1599,414.608801
1,1600,112.437803
1,1601,95.577657
1,1602,221.109945
1,1603,291.460229
1,1604,193.737856
1,1605,178.002711
1,1606,509.950867
1,1607,96.102223
1,1608,439.236636
1,1609,337.250673
1,1610,96.410551
1,1611,326.923615
1,1612,107.052266
1,1613,143.603711
1,1614,413.368220
1,1615,94.937652
1,1616,66.963388
1,1617,393.020044
1,1618,90.252808
1,1619,295.128121
1,1620,144.426716
1,1621,90.203645
1,1622,344.795152
1,1623,370.427001
1,1624,299.398584
1,1625,279.767367
1,1626,273.904270
1,1627,436.367461
1,1628,91.951440
1,1629,558.845007
1,1630,404.836262
1,1631,119.850760
1,1632,415.282017
1,1633,370.576765
1,1634,421.975334
1,1635,150.382713
1,1636,252.891041
1,1637,136.934753
1,1638,412.695798
1,1639,308.643788
1,1640,146.325684
1,1641,346.458313
1,1642,64.920395
1,1643,271.909997
1,1644,91.921096
1,1645,133.191296
1,1646,239.246910
1,1647,186.177814
1,1648,221.960653
1,1649,50.657883
1,1650,174.846020
1,1651,74.894006
1,1652,275.322992
1,1653,59.185860
1,1654,218.419606
1,1655,101.514421
1,1656,240.373278
1,1657,104.021121
1,1658,108.917514
1,1659,212.090756
1,1660,286.092109
1,1661,237.321184
1,1662,253.780203
1,1663,363.434449
1,1664,87.200074
1,1665,479.625652
1,1666,548.157562
1,1667,119.341753
1,1668,135.508393
1,1669,324.058219
1,1670,65.735995
1,1671,474.535983
1,1672,96.565177
1,1673,481.410134
1,1674,442.376652
1,1675,88.545764
1,1676,397.468348
1,1677,369.148805
1,1678,105.445213
1,1679,284.046371
1,1680,89.282294
1,1681,106.259512
1,1682,446.618592
1,1683,113.922473
1,1684,78.170873
1,1685,426.591060
1,1686,124.035077
1,1687,303.007988
1,1688,185.015722
1,1689,111.631684
1,1690,347.337273
1,1691,361.104179
1,1692,119.195850
1,1693,434.736842
1,1694,413.891083
1,1695,105.757080
1,1696,402.007294
1,1697,401.123057
1,1698,339.059965
1,1699,274.148393
1,1700,266.331384
1,1701,255.615792
1,1702,435.389692
1,1703,89.290993
1,1704,391.633994
1,1705,92.382714
1,1706,64.855505
1,1707,260.877200
1,1708,90.235114
1,1709,127.653409
1,1710,231.673271
1,1711,201.714061
1,1712,343.200882
1,1713,136.774848
1,1714,149.967285
1,1715,227.660964
1,1716,181.575650
1,1717,180.912990
1,1718,531.280509
1,1719,143.889009
1,1720,141.466658
1,1721,391.117153
1,1722,565.069651
1,1723,243.724687
1,1724,71.598388
1,1725,251.242031
1,1726,83.357855
1,1727,332.496543
1,1728,205.596747
1,1729,327.840150
1,1730,171.556560
1,1731,311.468650
1,1732,82.282870
1,1733,185.813446
1,1734,289.387744
1,1735,64.520584
1,1736,391.139088
1,1737,111.153788
1,1738,175.487416
1,1739,383.348678
1,1740,341.669256
1,1741,175.455483
1,1742,87.597669
1,1743,362.576734
1,1744,271.076877
1,1745,64.162778
1,1746,322.976757
1,1747,378.658324
1,1748,90.058686
1,1749,320.309586
1,1750,88.808383
1,1751,438.164979
1,1752,96.985218
1,1753,376.774816
1,1754,139.810231
1,1755,273.010449
1,1756,318.324749
1,1757,196.743855
1,1758,271.260501
1,1759,94.633797
1,1760,400.193580
1,1761,95.733009
1,1762,194.197095
1,1763,140.781471
1,1764,117.803303
1,1765,442.441872
1,1766,102.835250
1,1767,336.537003
1,1768,548.852596
1,1769,64.255129
1,1770,460.982763
1,1771,88.219449
1,1772,103.734527
1,1773,351.544992
1,1774,98.309441
1,1775,65.179318
1,1776,264.834769
1,1777,325.400846
1,1778,96.845863
1,1779,252.247126
1,1780,410.905122
1,1781,397.368572
1,1782,267.719876
1,1783,71.625504
1,1784,277.936547
1,1785,159.604378
1,1786,115.497970
1,1787,377.339602
1,1788,297.494960
1,1789,101.848289
1,1790,388.086548
1,1791,162.675928
1,1792,107.230852
1,1793,224.351696
1,1794,408.996923
1,1795,124.339551
1,1796,239.920405
1,1797,419.118557
1,1798,86.013702
1,1799,225.033854
1,1800,278.761777
1,1801,365.608714
1,1802,112.456936
1,1803,278.954240
1,1804,365.435856
1,1805,104.888418
1,1806,112.615498
1,1807,349.721914
1,1808,452.015218
1,1809,110.729293
1,1810,109.374781
1,1811,215.780617
1,1812,239.634476
1,1813,88.736289
1,1814,149.335997
1,1815,355.922971
1,1816,98.360976
1,1817,77.032442
1,1818,249.657981
1,1819,480.947742
1,1820,271.664940
1,1821,383.529376
1,1822,131.322938
1,1823,323.916951
1,1824,413.647234
1,1825,127.491399
1,1826,409.864742
1,1827,122.581481
1,1828,196.118008
1,1829,389.572301
1,1830,209.909664
1,1831,322.176770
1,1832,89.126270
1,1833,379.256101
1,1834,325.186994
1,1835,154.544266
1,1836,235.107295
1,1837,272.335634
1,1838,96.378108
1,1839,398.607134
1,1840,88.889704
1,1841,447.129594
1,1842,240.569171
1,1843,490.536737
1,1844,498.789130
1,1845,122.101655
1,1846,333.477856
1,1847,257.164878
1,1848,537.834687
1,1849,290.712472
1,1850,188.712464
1,1851,353.232386
1,1852,96.829703
1,1853,380.438761
1,1854,88.971041
1,1855,383.139506
1,1856,354.179417
1,1857,85.683732
1,1858,417.889447
1,1859,89.912094
1,1860,395.329303
1,1861,87.906713
1,1862,561.065453
1,1863,306.489117
1,1864,61.333736
1,1865,284.774160
1,1866,266.398809
1,1867,518.695752
1,1868,103.007030
1,1869,345.652302
1,1870,90.581207
1,1871,288.060397
1,1872,93.314036
1,1873,269.644461
1,1874,477.285146
1,1875,90.314612
1,1876,442.645431
1,1877,309.546795
1,1878,421.189191
1,1879,83.343205
1,1880,392.889619
1,1881,352.023682
1,1882,87.660641
1,1883,165.562178
1,1884,529.817407
1,1885,443.620081
1,1886,53.415878
1,1887,352.755865
1,1888,207.459298
1,1889,308.267149
1,1890,87.486189
1,1891,258.261237
1,1892,457.741568
1,1893,112.704014
1,1894,513.921900
1,1895,447.847221
1,1896,232.924629
1,1897,339.527256
1,1898,94.250133
1,1899,349.054096
1,1900,174.009583
1,1901,103.747672
1,1902,195.550449
1,1903,249.333626
1,1904,293.491070
1,1905,437.431559
1,1906,437.776282
1,1907,461.334457
1,1908,131.433156
1,1909,516.617923
1,1910,119.472752
1,1911,296.525081
1,1912,126.971017
1,1913,133.269446
1,1914,294.520187
1,1915,207.076097
1,1916,98.267656
1,1917,398.834986
1,1918,124.904026
1,1919,210.166554
1,1920,872.912290
1,1921,334.071756
1,1922,220.911155
1,1923,113.239094
1,1924,747.877183
1,1925,335.590042
1,1926,438.891187
1,1927,98.372010
1,1928,549.616497
1,1929,362.569183
1,1930,266.657043
1,1931,193.859105
1,1932,344.002005
1,1933,318.863876
1,1934,212.725189
1,1935,204.185561
1,1936,459.136676
1,1937,335.602144
1,1938,103.397757
1,1939,240.612473
1,1940,257.272514
1,1941,360.032674
1,1942,335.016915
1,1943,315.225356
1,1944,105.483920
1,1945,396.433073
1,1946,99.496498
1,1947,129.096883
1,1948,289.776568
1,1949,100.023975
1,1950,320.778797
1,1951,372.966841
1,1952,63.452601
1,1953,218.802165
1,1954,184.384232
1,1955,84.427920
1,1956,237.288108
1,1957,170.489339
1,1958,271.949669
1,1959,113.438404
1,1960,521.447187
1,1961,239.702846
1,1962,96.764629
1,1963,379.835327
1,1964,298.941455
1,1965,130.347648
1,1966,90.674514
1,1967,326.716429
1,1968,269.560694
1,1969,328.055767
1,1970,296.579935
1,1971,191.014068
1,1972,370.539918
1,1973,273.389665
1,1974,70.957175
1,1975,213.020089
1,1976,234.228826
1,1977,400.396337
1,1978,173.426369
1,1979,470.984408
1,1980,297.176406
1,1981,98.377827
1,1982,197.051052
1,1983,100.941732
1,1984,193.191114
1,1985,341.123414
1,1986,482.988254
1,1987,353.980755
1,1988,127.912891
1,1989,252.210387
1,1990,72.385345
1,1991,509.127505
1,1992,98.248255
1,1993,319.339992
1,1994,297.013446
1,1995,308.321396
1,1996,175.257051
1,1997,352.869420
1,1998,464.704683
1,1999,105.801232
1,2000,83.333554
1,2001,370.935351
1,2002,96.999626
1,2003,218.136120
1,2004,317.453126
1,2005,101.863548
1,2006,458.848916
1,2007,95.271669
1,2008,471.457675
1,2009,310.249425
1,2010,275.107040
1,2011,135.893971
1,2012,336.626612
1,2013,66.596901
1,2014,382.742144
1,2015,156.150520
1,2016,249.844325
1,2017,268.606572
1,2018,97.612346
1,2019,484.061974
1,2020,100.365206
1,2021,234.999706
1,2022,296.372877
1,2023,138.558357
1,2024,514.034138
1,2025,95.455780
1,2026,301.717082
1,2027,353.360274
1,2028,127.979951
1,2029,204.017037
1,2030,320.356800
1,2031,169.731934
1,2032,113.684739
1,2033,268.819429
1,2034,295.212455
1,2035,145.189133
1,2036,134.135334
1,2037,101.686166
1,2038,218.783694
1,2039,317.433916
1,2040,207.119901
1,2041,355.666490
1,2042,212.402157
1,2043,408.293241
1,2044,393.091045
1,2045,353.556759
1,2046,340.046262
1,2047,104.265972
1,2048,218.019093
1,2049,243.658406
1,2050,337.786643
1,2051,109.717772
1,2052,372.496510
1,2053,163.383802
1,2054,420.203768
1,2055,361.005409
1,2056,213.502123
1,2057,117.938723
1,2058,154.970330
1,2059,444.312332
1,2060,342.044599
1,2061,97.525811
1,2062,308.633874
1,2063,99.847767
1,2064,393.871232
1,2065,459.250635
1,2066,122.139468
1,2067,459.911644
1,2068,104.984451
1,2069,365.093693
1,2070,104.424179
1,2071,264.719110
1,2072,100.988763
1,2073,498.149665
1,2074,116.604441
1,2075,213.050617
1,2076,240.228272
1,2077,196.018249
1,2078,168.522876
1,2079,390.668469
1,2080,95.890875
1,2081,364.937217
1,2082,270.967462
1,2083,493.234862
1,2084,243.440199
1,2085,238.036109
1,2086,198.236853
1,2087,159.550492
1,2088,328.933780
1,2089,482.709924
1,2090,176.336340
1,2091,469.721309
1,2092,115.742173
1,2093,193.784364
1,2094,439.677913
1,2095,172.655947
1,2096,177.780234
1,2097,186.345353
1,2098,175.532354
1,2099,304.090067
1,2100,96.056730
1,2101,421.656006
1,2102,166.501390
1,2103,480.189056
1,2104,110.847655
1,2105,220.267167
1,2106,99.138305
1,2107,111.565215
1,2108,174.794700
1,2109,105.945586
1,2110,106.398478
1,2111,315.881284
1,2112,66.674788
1,2113,280.997379
1,2114,413.184830
1,2115,193.397268
1,2116,132.440936
1,2117,268.995624
1,2118,276.392134
1,2119,91.312930
1,2120,307.483090
1,2121,76.539773
1,2122,254.106822
1,2123,118.915879
1,2124,219.315044
1,2125,444.625429
1,2126,373.009735
1,2127,91.112807
1,2128,131.306503
1,2129,131.340378
1,2130,416.373118
1,2131,90.429580
1,2132,471.113504
1,2133,104.602107
1,2134,367.017874
1,2135,143.945477
1,2136,280.207611
1,2137,159.417255
1,2138,315.475540
1,2139,279.170756
1,2140,100.583854
1,2141,183.285704
1,2142,310.614246
1,2143,265.421003
1,2144,418.173605
1,2145,189.518047
1,2146,293.668965
1,2147,101.716510
1,2148,370.683763
1,2149,178.932639
1,2150,362.405331
1,2151,69.273528
1,2152,287.824136
1,2153,100.256712
1,2154,96.263501
1,2155,246.711795
1,2156,113.175662
1,2157,114.308727
1,2158,159.317036
1,2159,255.876358
1,2160,95.791799
1,2161,210.503852
1,2162,95.825232
1,2163,323.724683
1,2164,133.117214
1,2165,183.678856
1,2166,451.979107
1,2167,148.899706
1,2168,101.148980
1,2169,355.247502
1,2170,355.657784
1,2171,224.537370
1,2172,305.709975
1,2173,132.552545
1,2174,317.938606
1,2175,146.980927
1,2176,212.554895
1,2177,433.926091
1,2178,96.968649
1,2179,175.794472
1,2180,352.450942
1,2181,417.814049
1,2182,98.016717
1,2183,232.198038
1,2184,95.946471
1,2185,307.859143
1,2186,135.121342
1,2187,376.945436
1,2188,653.199567
1,2189,183.496243
1,2190,343.679968
1,2191,124.190546
1,2192,257.771100
1,2193,414.235587
1,2194,410.918591
1,2195,110.131809
1,2196,233.810083
1,2197,177.304944
1,2198,93.897409
1,2199,293.542179
1,2200,104.206450
1,2201,400.894938
1,2202,126.291156
1,2203,404.389576
1,2204,128.888206
1,2205,150.016801
1,2206,290.464038
1,2207,464.946742
1,2208,348.389079
1,2209,115.723467
1,2210,142.791177
1,2211,364.474266
1,2212,322.667824
1,2213,148.528267
1,2214,434.076512
1,2215,270.792527
1,2216,94.571912
1,2217,1178.992813
1,2218,177.112700
1,2219,143.676721
1,2220,483.938803
1,2221,331.770012
1,2222,501.104567
1,2223,90.750727
1,2224,410.132777
1,2225,222.351632
1,2226,342.435147
1,2227,120.265746
1,2228,217.271749
1,2229,246.753424
1,2230,313.141158
1,2231,354.144294
1,2232,315.443906
1,2233,96.338039
1,2234,172.728008
1,2235,129.442774
1,2236,205.582074
1,2237,179.405832
1,2238,297.058305
1,2239,103.498447
1,2240,174.215072
1,2241,100.157716
1,2242,293.577049
1,2243,94.540539
1,2244,269.686798
1,2245,215.964180
1,2246,95.184124
1,2247,373.436666
1,2248,225.520985
1,2249,207.034153
1,2250,327.061283
1,2251,73.071358
1,2252,341.105434
1,2253,307.338758
1,2254,235.674197
1,2255,446.186996
1,2256,185.914289
1,2257,270.864032
1,2258,120.033683
1,2259,404.495474
1,2260,300.288860
1,2261,195.724283
1,2262,107.897584
1,2263,274.908629
1,2264,232.404078
1,2265,271.347219
1,2266,212.321395
1,2267,107.968084
1,2268,287.893463
1,2269,251.938858
1,2270,70.720170
1,2271,364.822247
1,2272,221.947271
1,2273,247.285131
1,2274,199.127494
1,2275,283.828648
1,2276,371.699681
1,2277,214.483291
1,2278,70.097996
1,2279,374.017803
1,2280,100.749574
1,2281,351.702858
1,2282,100.560537
1,2283,358.089429
1,2284,93.020869
1,2285,105.955035
1,2286,307.759465
1,2287,326.445731
1,2288,93.476622
1,2289,177.237482
1,2290,101.055061
1,2291,228.664510
1,2292,145.067305
1,2293,129.585736
1,2294,191.017192
1,2295,258.173995
1,2296,280.953412
1,2297,97.622783
1,2298,177.640137
1,2299,167.921930
1,2300,474.665175
1,2301,103.723475
1,2302,537.784644
1,2303,137.519728
1,2304,453.762984
1,2305,115.917583
1,2306,286.142188
1,2307,256.610789
1,2308,438.517753
1,2309,153.864066
1,2310,92.544789
1,2311,408.515241
1,2312,137.733045
1,2313,418.793881
1,2314,175.078789
1,2315,283.476113
1,2316,242.438762
1,2317,85.023543
1,2318,303.909710
1,2319,246.315166
1,2320,342.643746
1,2321,280.663627
1,2322,374.771522
1,2323,452.385198
1,2324,568.156157
1,2325,89.775495
1,2326,395.685520
1,2327,91.297845
1,2328,445.496292
1,2329,104.670753
1,2330,369.883127
1,2331,269.714763
1,2332,488.662276
1,2333,94.164538
1,2334,237.310107
1,2335,464.673042
1,2336,110.278520
1,2337,607.317574
1,2338,653.155663
1,2339,643.123175
1,2340,70.527965
1,2341,491.695262
1,2342,514.227604
1,2343,585.854310
1,2344,112.048025
1,2345,506.545298
1,2346,437.110952
1,2347,252.702935
1,2348,96.980140
1,2349,421.763958
1,2350,410.973348
1,2351,355.529183
1,2352,103.382613
1,2353,466.969105
1,2354,96.138053
1,2355,295.827137
1,2356,510.365293
1,2357,329.475790
1,2358,556.685911
1,2359,122.713977
1,2360,475.932115
1,2361,617.336190
1,2362,107.120155
1,2363,396.300283
1,2364,777.489475
1,2365,475.256357
1,2366,639.742571
1,2367,431.317057
1,2368,96.589373
1,2369,380.206590
1,2370,275.123797
1,2371,226.452580
1,2372,244.052154
1,2373,401.983732
1,2374,70.839380
1,2375,423.271545
1,2376,294.087789
1,2377,102.588913
1,2378,326.686595
1,2379,392.011404
1,2380,141.394739
1,2381,424.141138
1,2382,441.053066
1,2383,321.263042
1,2384,94.830632
1,2385,235.199096
1,2386,156.116919
1,2387,293.659030
1,2388,83.708385
1,2389,458.550943
1,2390,141.316510
1,2391,112.392994
1,2392,90.721978
1,2393,499.051211
1,2394,105.090236
1,2395,84.185218
1,2396,206.800562
1,2397,369.253872
1,2398,777.417318
1,2399,614.625500
1,2400,107.512252
1,2401,693.997637
1,2402,131.403581
1,2403,215.637249
1,2404,231.990005
1,2405,528.102538
1,2406,147.486773
1,2407,677.936501
1,2408,94.128817
1,2409,485.057970
1,2410,270.851017
1,2411,472.377366
1,2412,97.630944
1,2413,285.323626
1,2414,181.462552
1,2415,594.821796
1,2416,102.435403
1,2417,507.424754
1,2418,229.465250
1,2419,306.741106
1,2420,438.639935
1,2421,475.026252
1,2422,95.859775
1,2423,237.658807
1,2424,459.828730
1,2425,69.218340
1,2426,429.069889
1,2427,352.665223
1,2428,394.198777
1,2429,376.002369
1,2430,96.280510
1,2431,412.274967
1,2432,361.476796
1,2433,249.733264
1,2434,556.709828
1,2435,98.034851
1,2436,189.083411
1,2437,494.656483
1,2438,92.466909
1,2439,242.742479
1,2440,467.657206
1,2441,548.902627
1,2442,428.622332
1,2443,335.287556
1,2444,359.287864
1,2445,113.884279
1,2446,338.424497
1,2447,321.486044
1,2448,89.477765
1,2449,424.281624
1,2450,86.717011
1,2451,503.585374
1,2452,265.267007
1,2453,484.656040
1,2454,90.362921
1,2455,227.465875
1,2456,403.224229
1,2457,777.017430
1,2458,389.948712
1,2459,415.812163
1,2460,128.820894
1,2461,449.542536
1,2462,99.946190
1,2463,386.403759
1,2464,538.493561
1,2465,212.946770
1,2466,100.504895
1,2467,376.988183
1,2468,289.966300
1,2469,430.100763
1,2470,95.029936
1,2471,391.714177
1,2472,622.812023
1,2473,130.596688
1,2474,212.338899
1,2475,255.071728
1,2476,70.469424
1,2477,604.407543
1,2478,586.883788
1,2479,95.250123
1,2480,708.835082
1,2481,607.376396
1,2482,495.761939
1,2483,121.748773
1,2484,196.013005
1,2485,496.759892
1,2486,527.051028
1,2487,548.560255
1,2488,97.337232
1,2489,582.591960
1,2490,553.692292
1,2491,119.718069
1,2492,519.058674
1,2493,366.658882
1,2494,99.342351
1,2495,440.169696
1,2496,279.592809
1,2497,334.449322
1,2498,154.187598
1,2499,191.807971
1,2500,324.941075
1,2501,93.090526
1,2502,589.199628
1,2503,372.787328
1,2504,391.302502
1,2505,485.554817
1,2506,71.554549
1,2507,577.128928
1,2508,96.423810
1,2509,67.355078
1,2510,480.379597
1,2511,403.515746
1,2512,91.984371
1,2513,312.350869
1,2514,245.690506
1,2515,403.502376
1,2516,92.613643
1,2517,72.616972
1,2518,457.944858
1,2519,523.524048
1,2520,428.018529
1,2521,100.587543
1,2522,380.459359
1,2523,98.254838
1,2524,409.363538
1,2525,496.655323
1,2526,342.919892
1,2527,172.676290
1,2528,378.170689
1,2529,134.340724
1,2530,95.956662
1,2531,282.135925
1,2532,90.951054
1,2533,368.480795
1,2534,374.308565
1,2535,450.270746
1,2536,123.212347
1,2537,391.479270
1,2538,335.957207
1,2539,508.296615
1,2540,364.478103
1,2541,123.097453
1,2542,489.901687
1,2543,191.714616
1,2544,544.578072
1,2545,88.042650
1,2546,348.169385
1,2547,449.262030
1,2548,280.042222
1,2549,375.897980
1,2550,365.947687
1,2551,92.860600
1,2552,393.003703
1,2553,425.520087
1,2554,93.297598
1,2555,457.819977
1,2556,633.415234
1,2557,219.222597
1,2558,632.321993
1,2559,306.693873
1,2560,248.498088
1,2561,365.791665
1,2562,180.184778
1,2563,396.374948
1,2564,164.569891
1,2565,479.651266
1,2566,68.737534
1,2567,513.897901
1,2568,353.764989
1,2569,94.729547
1,2570,375.359808
1,2571,111.762419
1,2572,441.020427
1,2573,210.079926
1,2574,290.443824
1,2575,316.563618
1,2576,184.724390
1,2577,108.330845
1,2578,446.834197
1,2579,333.586157
1,2580,483.785607
1,2581,520.492425
1,2582,455.409961
1,2583,113.449505
1,2584,456.923161
1,2585,269.950115
1,2586,243.228891
1,2587,223.332320
1,2588,108.011808
1,2589,476.015614
1,2590,483.457011
1,2591,508.442384
1,2592,65.416830
1,2593,578.359710
1,2594,402.387076
1,2595,92.790483
1,2596,253.750081
1,2597,594.788873
1,2598,113.709975
1,2599,537.725376
1,2600,91.778840
1,2601,323.681436
1,2602,97.091594
1,2603,527.672657
1,2604,458.992550
1,2605,237.129802
1,2606,170.977248
1,2607,267.718393
1,2608,378.930511
1,2609,435.063037
1,2610,476.540843
1,2611,244.695518
1,2612,491.465973
1,2613,90.801168
1,2614,454.233921
1,2615,460.706444
1,2616,108.639973
1,2617,365.285128
1,2618,364.087689
1,2619,503.834372
1,2620,91.924466
1,2621,738.922394
1,2622,570.544501
1,2623,89.297132
1,2624,95.469328
1,2625,446.472463
1,2626,94.241402
1,2627,167.348026
1,2628,494.522800
1,2629,192.659354
1,2630,500.950881
1,2631,293.650673
1,2632,233.195619
1,2633,310.748814
1,2634,425.553629
1,2635,80.547163
1,2636,63.431209
1,2637,343.683100
1,2638,439.827123
1,2639,94.877882
1,2640,381.326017
1,2641,86.445495
1,2642,449.778778
1,2643,433.827233
1,2644,92.396143
1,2645,191.757901
1,2646,96.874132
1,2647,331.777996
1,2648,353.900214
1,2649,91.073819
1,2650,422.423146
1,2651,298.570719
1,2652,422.602245
1,2653,92.232931
1,2654,323.613229
1,2655,492.151218
1,2656,469.792997
1,2657,267.438155
1,2658,100.040359
1,2659,562.817463
1,2660,251.713616
1,2661,72.096243
1,2662,255.592882
1,2663,236.181521
1,2664,375.689197
1,2665,80.061165
1,2666,252.195837
1,2667,510.081271
1,2668,469.490462
1,2669,147.171974
1,2670,347.101462
1,2671,92.465637
1,2672,211.371785
1,2673,371.531909
1,2674,103.133315
1,2675,279.606952
1,2676,108.833253
1,2677,441.678652
1,2678,208.470368
1,2679,470.243245
1,2680,246.048370
1,2681,190.355514
1,2682,371.891448
1,2683,64.385672
1,2684,221.102159
1,2685,132.847910
1,2686,377.215571
1,2687,66.133015
1,2688,330.961035
1,2689,91.566757
1,2690,424.299305
1,2691,112.775087
1,2692,94.020669
1,2693,221.602153
1,2694,297.297521
1,2695,192.494827
1,2696,177.452051
1,2697,505.884856
1,2698,95.848399
1,2699,436.817450
1,2700,335.194780
1,2701,95.064995
1,2702,318.620946
1,2703,104.344714
1,2704,139.076559
1,2705,410.978010
1,2706,93.627323
1,2707,66.964189
1,2708,388.824945
1,2709,90.257583
1,2710,293.391688
1,2711,142.082967
1,2712,90.206706
1,2713,346.744252
1,2714,372.032318
1,2715,297.932599
1,2716,277.430125
1,2717,269.727990
1,2718,434.973544
1,2719,91.956094
1,2720,561.389688
1,2721,399.548298
1,2722,117.444688
1,2723,410.585110
1,2724,368.853365
1,2725,420.922722
1,2726,145.849409
1,2727,256.425554
1,2728,136.658188
1,2729,409.597020
1,2730,308.822943
1,2731,144.327170
1,2732,347.133447
1,2733,64.921552
1,2734,269.590817
1,2735,90.316880
1,2736,130.759429
1,2737,237.049636
1,2738,190.671387
1,2739,221.992087
1,2740,50.657883
1,2741,171.312231
1,2742,74.895303
1,2743,270.479844
1,2744,59.185860
1,2745,211.087700
1,2746,97.584008
1,2747,237.221608
1,2748,101.793956
1,2749,104.271293
1,2750,211.456469
1,2751,280.784050
1,2752,236.396703
1,2753,252.045225
1,2754,363.702039
1,2755,87.202583
1,2756,482.624498
1,2757,548.397278
1,2758,115.934466
1,2759,133.028984
1,2760,311.275953
1,2761,65.736707
1,2762,457.208310
1,2763,94.986411
1,2764,469.655766
1,2765,435.008707
1,2766,88.548629
1,2767,398.714654
1,2768,368.889909
1,2769,105.879848
1,2770,287.989798
1,2771,89.286885
1,2772,106.642309
1,2773,438.969597
1,2774,111.400377
1,2775,75.706669
1,2776,412.955944
1,2777,120.562157
1,2778,297.349199
1,2779,177.194673
1,2780,109.269649
1,2781,339.535704
1,2782,357.320420
1,2783,116.197110
1,2784,433.460190
1,2785,405.142735
1,2786,103.014827
1,2787,390.343942
1,2788,387.762738
1,2789,339.964554
1,2790,274.171144
1,2791,266.395344
1,2792,257.796492
1,2793,437.194572
1,2794,89.293976
1,2795,386.807146
1,2796,92.635198
1,2797,64.856276
1,2798,260.902996
1,2799,90.239670
1,2800,127.869659
1,2801,230.135888
1,2802,201.830070
1,2803,344.460110
1,2804,137.166755
1,2805,152.646975
1,2806,229.949630
1,2807,184.145833
1,2808,179.221642
1,2809,539.143084
1,2810,140.297751
1,2811,144.486026
1,2812,391.495581
1,2813,567.136410
1,2814,242.180755
1,2815,71.599443
1,2816,251.533326
1,2817,81.434538
1,2818,331.147899
1,2819,205.900413
1,2820,326.385977
1,2821,168.779170
1,2822,315.050371
1,2823,82.284961
1,2824,186.573256
1,2825,286.296691
1,2826,64.521223
1,2827,387.559365
1,2828,109.330087
1,2829,175.193792
1,2830,378.964000
1,2831,341.778832
1,2832,173.113155
1,2833,87.600284
1,2834,361.235064
1,2835,269.953571
1,2836,64.163482
1,2837,319.458925
1,2838,374.899842
1,2839,90.063063
1,2840,320.311025
1,2841,88.812785
1,2842,432.446813
1,2843,97.222501
1,2844,379.046558
1,2845,140.103449
1,2846,272.675741
1,2847,316.663934
1,2848,194.274433
1,2849,268.389755
1,2850,94.380730
1,2851,396.432814
1,2852,93.977150
1,2853,194.360253
1,2854,138.032965
1,2855,115.404981
1,2856,435.703263
1,2857,100.657943
1,2858,332.073852
1,2859,538.220523
1,2860,64.255897
1,2861,455.644940
1,2862,88.222395
1,2863,103.383038
1,2864,353.213225
1,2865,98.641986
1,2866,65.180503
1,2867,265.159678
1,2868,323.171810
1,2869,96.553394
1,2870,252.374040
1,2871,407.390468
1,2872,397.539153
1,2873,262.201881
1,2874,71.626538
1,2875,270.649807
1,2876,147.043755
1,2877,110.569221
1,2878,359.554676
1,2879,291.085203
1,2880,99.924423
1,2881,375.777857
1,2882,159.907155
1,2883,107.157566
1,2884,219.578092
1,2885,394.918859
1,2886,127.660975
1,2887,240.261047
1,2888,413.539062
1,2889,86.016147
1,2890,222.350268
1,2891,272.353828
1,2892,360.537118
1,2893,109.946423
1,2894,278.668540
1,2895,361.327990
1,2896,101.698897
1,2897,111.736809
1,2898,354.358435
1,2899,445.384502
1,2900,107.669212
1,2901,107.613390
1,2902,213.484690
1,2903,236.640376
1,2904,88.740659
1,2905,146.611904
1,2906,353.734675
1,2907,98.688793
1,2908,74.685645
1,2909,249.421100
1,2910,480.676708
1,2911,272.884276
1,2912,383.059285
1,2913,129.446046
1,2914,322.742481
1,2915,410.649802
1,2916,127.769384
1,2917,407.883702
1,2918,118.719453
1,2919,191.323336
1,2920,388.591688
1,2921,210.865137
1,2922,322.684553
1,2923,89.129144
1,2924,377.479657
1,2925,321.501592
1,2926,153.207958
1,2927,230.853688
1,2928,274.868908
1,2929,94.541487
1,2930,394.368504
1,2931,88.894157
1,2932,443.405502
1,2933,242.675353
1,2934,476.524945
1,2935,492.772038
1,2936,116.694357
1,2937,330.436526
1,2938,255.630228
1,2939,523.801974
1,2940,283.290481
1,2941,187.333519
1,2942,352.732905
1,2943,97.143470
1,2944,376.256397
1,2945,88.975326
1,2946,381.098256
1,2947,349.908086
1,2948,85.687836
1,2949,409.761287
1,2950,89.916358
1,2951,393.647869
1,2952,87.910854
1,2953,543.237541
1,2954,303.004665
1,2955,61.334407
1,2956,283.133697
1,2957,267.334158
1,2958,520.787498
1,2959,102.919286
1,2960,347.464240
1,2961,90.800825
1,2962,286.430369
1,2963,93.608881
1,2964,268.180017
1,2965,474.518794
1,2966,90.585850
1,2967,434.576530
1,2968,311.735160
1,2969,421.456979
1,2970,83.345584
1,2971,395.838565
1,2972,352.167510
1,2973,87.911236
1,2974,163.852228
1,2975,534.452933
1,2976,313.462637
1,2977,100.640999
1,2978,149.086141
1,2979,52.278031
1,2980,373.432788
1,2981,93.460242
1,2982,257.969015
1,2983,253.906786
1,2984,258.769000
1,2985,298.391512
1,2986,298.316641
1,2987,65.245875
1,2988,130.832183
1,2989,263.887697
1,2990,88.306288
1,2991,232.735817
1,2992,197.151590
1,2993,217.280148
1,2994,280.103183
1,2995,474.019554
1,2996,117.017646
1,2997,224.061549
1,2998,272.042331
1,2999,265.723211
1,3000,261.992398
1,3001,93.096508
1,3002,166.776367
1,3003,185.124822
1,3004,101.091983
1,3005,66.856024
1,3006,324.833927
1,3007,90.267670
1,3008,184.191968
1,3009,444.153754
1,3010,67.029386
1,3011,334.867918
1,3012,152.879952
1,3013,294.176976
1,3014,96.168715
1,3015,217.131157
1,3016,95.422624
1,3017,344.836282
1,3018,180.767071
1,3019,271.277735
1,3020,371.842816
1,3021,113.309873
1,3022,82.367716
1,3023,304.404058
1,3024,111.926312
1,3025,162.812435
1,3026,150.951602
1,3027,266.144934
1,3028,234.386756
1,3029,98.776015
1,3030,239.101457
1,3031,131.888108
1,3032,253.418118
1,3033,226.508826
1,3034,111.886470
1,3035,410.745474
1,3036,91.730152
1,3037,220.642832
1,3038,90.446742
1,3039,302.948042
1,3040,179.023050
1,3041,240.311216
1,3042,89.736745
1,3043,157.849390
1,3044,183.967411
1,3045,304.158377
1,3046,84.159563
1,3047,307.011042
1,3048,94.511303
1,3049,293.423802
1,3050,294.691219
1,3051,270.272304
1,3052,126.393623
1,3053,114.475968
1,3054,67.742583
1,3055,335.499713
1,3056,90.294857
1,3057,428.318486
1,3058,293.600860
1,3059,300.295402
1,3060,110.416297
1,3061,245.746970
1,3062,124.112718
1,3063,227.315276
1,3064,285.746747
1,3065,286.387099
1,3066,336.249774
1,3067,98.293704
1,3068,84.584824
1,3069,327.654531
1,3070,491.847018
1,3071,528.432383
1,3072,372.223242
1,3073,396.363816
1,3074,279.335724
1,3075,69.694827
1,3076,295.967755
1,3077,98.852106
1,3078,332.493328
1,3079,214.993452
1,3080,303.225551
1,3081,167.919152
1,3082,122.304755
1,3083,251.703960
1,3084,89.913571
1,3085,208.467972
1,3086,406.531416
1,3087,110.360630
1,3088,399.021496
1,3089,95.995347
1,3090,223.366573
1,3091,494.692182
1,3092,376.761903
1,3093,336.355535
1,3094,223.229086
1,3095,122.611045
1,3096,161.534534
1,3097,82.472199
1,3098,195.523055
1,3099,269.180564
1,3100,416.895034
1,3101,199.431114
1,3102,422.434204
1,3103,116.207186
1,3104,116.645460
1,3105,201.635613
1,3106,246.266089
1,3107,82.736669
1,3108,256.611823
1,3109,82.665889
1,3110,119.730244
1,3111,86.787605
1,3112,205.425528
1,3113,294.442366
1,3114,314.493662
1,3115,335.678705
1,3116,289.725049
1,3117,172.217558
1,3118,114.055511
1,3119,282.959869
1,3120,320.427293
1,3121,399.184071
1,3122,82.198614
1,3123,332.770921
1,3124,60.329932
1,3125,283.694299
1,3126,230.554230
1,3127,81.023943
1,3128,172.697586
1,3129,309.308572
1,3130,247.254269
1,3131,307.513305
1,3132,327.661186
1,3133,343.697744
1,3134,390.552362
1,3135,82.512598
1,3136,128.433402
1,3137,314.578890
1,3138,121.183715
1,3139,189.494508
1,3140,131.946756
1,3141,94.546650
1,3142,260.155662
1,3143,69.262481
1,3144,257.898205
1,3145,201.720270
1,3146,192.468983
1,3147,270.963841
1,3148,352.306359
1,3149,74.384676
1,3150,205.468061
1,3151,108.039655
1,3152,296.263835
1,3153,79.331012
1,3154,284.088962
1,3155,140.675490
1,3156,328.722858
1,3157,297.446827
1,3158,94.258408
1,3159,414.043602
1,3160,356.082436
1,3161,368.069859
1,3162,436.299715
1,3163,343.476258
1,3164,90.952435
1,3165,228.663750
1,3166,84.081382
1,3167,234.945912
1,3168,322.558369
1,3169,82.205187
1,3170,156.656296
1,3171,263.146528
1,3172,121.912607
1,3173,158.942564
1,3174,81.645125
1,3175,766.140210
1,3176,84.901441
1,3177,310.921274
1,3178,132.363809
1,3179,234.793012
1,3180,81.512572
1,3181,160.855449
1,3182,313.744752
1,3183,353.011150
1,3184,81.514470
1,3185,68.623916
1,3186,284.069836
1,3187,80.967646
1,3188,363.620056
1,3189,93.832858
1,3190,179.261573
1,3191,515.522497
1,3192,81.074334
1,3193,336.093293
1,3194,79.882577
1,3195,258.445346
1,3196,198.891829
1,3197,209.425571
1,3198,259.976621
1,3199,271.827612
1,3200,182.279571
1,3201,199.700026
1,3202,368.623157
1,3203,79.588795
1,3204,155.847242
1,3205,208.654639
1,3206,225.557748
1,3207,159.089573
1,3208,92.941193
1,3209,288.316686
1,3210,223.803119
1,3211,81.871854
1,3212,182.911040
1,3213,166.960878
1,3214,256.579564
1,3215,113.020662
1,3216,78.261306
1,3217,300.351317
1,3218,159.548165
1,3219,163.638347
1,3220,214.569867
1,3221,257.697693
1,3222,224.564989
1,3223,338.385785
1,3224,110.272624
1,3225,153.572098
1,3226,77.604431
1,3227,168.195473
1,3228,77.034688
1,3229,228.534814
1,3230,76.838911
1,3231,85.427078
1,3232,252.004705
1,3233,287.326201
1,3234,324.269767
1,3235,271.559334
1,3236,163.627521
1,3237,284.673468
1,3238,82.537716
1,3239,274.747994
1,3240,133.183990
1,3241,191.772951
1,3242,242.150808
1,3243,520.217543
1,3244,201.975746
1,3245,263.695525
1,3246,322.207083
1,3247,168.117307
1,3248,354.783021
1,3249,284.190754
1,3250,239.651740
1,3251,199.845257
1,3252,72.077704
1,3253,270.828797
1,3254,73.925199
1,3255,219.207983
1,3256,316.464434
1,3257,284.922366
1,3258,78.343881
1,3259,318.852955
1,3260,281.086830
1,3261,270.294642
1,3262,262.488609
1,3263,342.940289
1,3264,112.121758
1,3265,93.434728
1,3266,110.289446
1,3267,278.893794
1,3268,241.347289
1,3269,294.267261
1,3270,239.424683
1,3271,357.174095
1,3272,231.722999
1,3273,143.862543
1,3274,408.761573
1,3275,97.661727
1,3276,280.121887
1,3277,348.258547
1,3278,331.004068
1,3279,327.207676
1,3280,316.000616
1,3281,82.894239
1,3282,227.572072
1,3283,371.254863
1,3284,131.275328
1,3285,228.156345
1,3286,379.547392
1,3287,338.962836
1,3288,323.473927
1,3289,301.358857
1,3290,121.551510
1,3291,343.996781
1,3292,272.697250
1,3293,315.294302
1,3294,81.401641
1,3295,156.728578
1,3296,232.721349
1,3297,310.912571
1,3298,312.407722
1,3299,79.388096
1,3300,368.007879
1,3301,88.557711
1,3302,416.317940
1,3303,516.559071
1,3304,408.376301
1,3305,78.880244
1,3306,59.744211
1,3307,299.806369
1,3308,79.268170
1,3309,253.948985
1,3310,162.834600
1,3311,230.093752
1,3312,136.736592
1,3313,244.041412
1,3314,214.099598
1,3315,161.405556
1,3316,69.451140
1,3317,155.557739
1,3318,226.367085
1,3319,104.017798
1,3320,179.260912
1,3321,204.051162
1,3322,148.581717
1,3323,134.097222
1,3324,293.910153
1,3325,344.851316
1,3326,233.108007
1,3327,163.530665
1,3328,141.031668
1,3329,113.310538
1,3330,245.529729
1,3331,270.776013
1,3332,85.281600
1,3333,276.959811
1,3334,84.571177
1,3335,161.592969
1,3336,63.282231
1,3337,117.735916
1,3338,280.431690
1,3339,321.364865
1,3340,240.914420
1,3341,305.082957
1,3342,218.412839
1,3343,126.930091
1,3344,268.236595
1,3345,283.763124
1,3346,167.964340
1,3347,253.234649
1,3348,247.562814
1,3349,343.776304
1,3350,235.951890
1,3351,266.345638
1,3352,98.669461
1,3353,391.514023
1,3354,76.988235
1,3355,273.811409
1,3356,82.640987
1,3357,182.810350
1,3358,186.997798
1,3359,303.653144
1,3360,80.981411
1,3361,183.948145
1,3362,639.647879
1,3363,635.097998
1,3364,299.857930
1,3365,280.249725
1,3366,56.706191
1,3367,327.846284
1,3368,333.349070
1,3369,344.540077
1,3370,278.078353
1,3371,251.783773
1,3372,88.626531
1,3373,108.362448
1,3374,385.137210
1,3375,243.374995
1,3376,349.590737
1,3377,438.038235
1,3378,444.079954
1,3379,373.198184
1,3380,354.529905
1,3381,105.145515
1,3382,354.655729
1,3383,286.915953
1,3384,555.650976
1,3385,434.893448
1,3386,347.101499
1,3387,408.552002
1,3388,92.042570
1,3389,354.511008
1,3390,353.945337
1,3391,391.132012
1,3392,484.470228
1,3393,267.827578
1,3394,242.767639
1,3395,432.597644
1,3396,64.541360
1,3397,188.968793
1,3398,328.010212
1,3399,344.167545
1,3400,350.075704
1,3401,263.328887
1,3402,335.887032
1,3403,330.300886
1,3404,107.792605
1,3405,110.088509
1,3406,469.679461
1,3407,132.032198
1,3408,355.321591
1,3409,407.029277
1,3410,90.270564
1,3411,371.420861
1,3412,88.323945
1,3413,170.456352
1,3414,151.832544
1,3415,263.810383
1,3416,294.472607
1,3417,155.335925
1,3418,270.068068
1,3419,71.549049
1,3420,237.720209
1,3421,300.858448
1,3422,74.802772
1,3423,96.652710
1,3424,423.027917
1,3425,292.538117
1,3426,76.964716
1,3427,416.806908
1,3428,304.700542
1,3429,379.510232
1,3430,78.927310
1,3431,237.129620
1,3432,88.438663
1,3433,377.312858
1,3434,188.148713
1,3435,346.863671
1,3436,301.909255
1,3437,342.498255
1,3438,283.049177
1,3439,524.074403
1,3440,314.656148
1,3441,472.399444
1,3442,368.171740
1,3443,449.666311
1,3444,86.324126
1,3445,218.852276
1,3446,119.731516
1,3447,392.333359
1,3448,462.907115
1,3449,94.593130
1,3450,242.638745
1,3451,90.801782
1,3452,220.668259
1,3453,186.621650
1,3454,194.443591
1,3455,88.062047
1,3456,334.860043
1,3457,92.128676
1,3458,311.039993
1,3459,90.817724
1,3460,103.311184
1,3461,391.551287
1,3462,288.695582
1,3463,372.046997
1,3464,304.458296
1,3465,99.740282
1,3466,151.791702
1,3467,208.173783
1,3468,295.259471
1,3469,74.280104
1,3470,344.452209
1,3471,86.778071
1,3472,89.155447
1,3473,374.110436
1,3474,120.957366
1,3475,347.579505
1,3476,347.040398
1,3477,102.359816
1,3478,268.811710
1,3479,288.091956
1,3480,62.412170
1,3481,232.784006
1,3482,89.541013
1,3483,353.446818
1,3484,431.686573
1,3485,396.656709
1,3486,427.793615
1,3487,250.328584
1,3488,294.192830
1,3489,308.794804
1,3490,257.432706
1,3491,380.524535
1,3492,314.191430
1,3493,244.119843
1,3494,112.343088
1,3495,223.929000
1,3496,251.450099
1,3497,342.147692
1,3498,101.297846
1,3499,209.411825
1,3500,362.151633
1,3501,104.698276
1,3502,493.021651
1,3503,146.964241
1,3504,350.916915
1,3505,308.699122
1,3506,189.090968
1,3507,85.473565
1,3508,323.379989
1,3509,89.011603
1,3510,307.587657
1,3511,188.981720
1,3512,214.625272
1,3513,227.226212
1,3514,69.206680
1,3515,199.997117
1,3516,299.684189
1,3517,245.433501
1,3518,233.446113
1,3519,113.002908
1,3520,185.280326
1,3521,277.871467
1,3522,322.725200
1,3523,413.783889
1,3524,57.912754
1,3525,229.528070
1,3526,348.702946
1,3527,82.752513
1,3528,282.550799
1,3529,82.470006
1,3530,100.982383
1,3531,305.055337
1,3532,77.945577
1,3533,198.672895
1,3534,89.737914
1,3535,202.562370
1,3536,193.959678
1,3537,109.174747
1,3538,160.087918
1,3539,251.255103
1,3540,108.936601
1,3541,334.702029
1,3542,103.390922
1,3543,146.361029
1,3544,409.258362
1,3545,89.442914
1,3546,380.790592
1,3547,433.061986
1,3548,197.589940
1,3549,493.385831
1,3550,99.444279
1,3551,295.427835
1,3552,320.043165
1,3553,471.609238
1,3554,291.177782
1,3555,254.878462
1,3556,314.107103
1,3557,215.013118
1,3558,319.358113
1,3559,98.585614
1,3560,524.995182
1,3561,88.664557
1,3562,84.521276
1,3563,486.408142
1,3564,434.297002
1,3565,197.574340
1,3566,327.213363
1,3567,283.084665
1,3568,567.516983
1,3569,85.504481
1,3570,343.979218
1,3571,136.446900
1,3572,342.288676
1,3573,292.831401
1,3574,200.076561
1,3575,303.768595
1,3576,297.470635
1,3577,187.988755
1,3578,366.332682
1,3579,267.587194
1,3580,474.275379
1,3581,336.733388
1,3582,491.596957
1,3583,425.447704
1,3584,339.000108
1,3585,82.337759
1,3586,330.515821
1,3587,310.042570
1,3588,381.607159
1,3589,386.389608
1,3590,81.187783
1,3591,365.259370
1,3592,343.911277
1,3593,355.571637
1,3594,424.028115
1,3595,503.951805
1,3596,268.344600
1,3597,316.651458
1,3598,339.492856
1,3599,130.421743
1,3600,369.217171
1,3601,250.423752
1,3602,141.515455
1,3603,195.066334
1,3604,67.882969
1,3605,119.728515
1,3606,237.953870
1,3607,198.262637
1,3608,213.213700
1,3609,84.761450
1,3610,56.632060
1,3611,75.441417
1,3612,139.724465
1,3613,244.376678
1,3614,223.478428
1,3615,83.160630
1,3616,174.024271
1,3617,94.342856
1,3618,274.405597
1,3619,118.672225
1,3620,225.427571
1,3621,53.901371
1,3622,204.810419
1,3623,106.049344
1,3624,257.831299
1,3625,86.667908
1,3626,163.590846
1,3627,61.706373
1,3628,297.423831
1,3629,213.903512
1,3630,242.428577
1,3631,241.759725
1,3632,88.386604
1,3633,165.727156
1,3634,98.707649
1,3635,294.553404
1,3636,362.014863
1,3637,55.196798
1,3638,272.871570
1,3639,181.666737
1,3640,84.779358
1,3641,127.830573
1,3642,84.046976
1,3643,94.709301
1,3644,60.882479
1,3645,267.704680
1,3646,83.576873
1,3647,117.480504
1,3648,261.094525
1,3649,294.670271
1,3650,87.992673
1,3651,200.792242
1,3652,92.458649
1,3653,245.583900
1,3654,84.145206
1,3655,206.785386
1,3656,94.372301
1,3657,86.738132
1,3658,269.934338
1,3659,114.933858
1,3660,266.650922
1,3661,196.988648
1,3662,86.631787
1,3663,245.642604
1,3664,291.221119
1,3665,307.203863
1,3666,357.877049
1,3667,118.697157
1,3668,105.210431
1,3669,118.905865
1,3670,295.791586
1,3671,359.598993
1,3672,253.041604
1,3673,81.818166
1,3674,238.644214
1,3675,80.250722
1,3676,242.176105
1,3677,249.127023
1,3678,186.933719
1,3679,304.231218
1,3680,80.851854
1,3681,267.873219
1,3682,1156.251275
1,3683,261.499132
1,3684,78.228950
1,3685,294.050667
1,3686,182.837858
1,3687,164.343906
1,3688,260.411694
1,3689,80.822290
1,3690,176.095086
1,3691,89.584519
1,3692,167.852114
1,3693,148.425944
1,3694,288.039190
1,3695,335.583140
1,3696,98.243598
1,3697,389.002464
1,3698,234.037331
1,3699,72.930645
1,3700,159.750659
1,3701,291.040804
1,3702,56.580108
1,3703,215.773567
1,3704,333.783245
1,3705,56.550143
1,3706,268.753211
1,3707,539.704669
1,3708,396.451339
1,3709,288.763390
1,3710,271.869736
1,3711,93.487162
1,3712,222.318199
1,3713,98.619769
1,3714,341.354901
1,3715,280.443474
1,3716,326.281138
1,3717,317.989729
1,3718,399.103746
1,3719,141.410053
1,3720,234.283759
1,3721,247.907248
1,3722,85.118546
1,3723,297.580440
1,3724,267.903077
1,3725,86.275444
1,3726,207.943937
1,3727,85.818594
1,3728,211.571220
1,3729,179.511364
1,3730,125.830287
1,3731,169.783341
1,3732,89.694712
1,3733,202.680107
1,3734,132.453724
1,3735,324.688827
1,3736,85.858331
1,3737,235.392095
1,3738,362.015691
1,3739,63.097125
1,3740,210.414873
1,3741,341.012370
1,3742,86.891234
1,3743,247.093264
1,3744,210.751184
1,3745,365.928204
1,3746,102.975869
1,3747,209.095583
1,3748,274.011108
1,3749,118.473893
1,3750,123.505498
1,3751,218.488386
1,3752,344.532441
1,3753,303.462429
1,3754,84.846010
1,3755,262.498658
1,3756,86.952407
1,3757,177.221793
1,3758,328.899414
1,3759,85.246331
1,3760,283.255403
1,3761,84.010221
1,3762,163.222939
1,3763,85.268265
1,3764,387.809712
1,3765,83.793161
1,3766,116.295655
1,3767,305.527164
1,3768,336.518522
1,3769,344.540909
1,3770,246.247070
1,3771,85.030798
1,3772,307.452630
1,3773,244.279421
1,3774,344.376790
1,3775,281.784492
1,3776,377.042952
1,3777,452.532057
1,3778,571.890908
1,3779,89.789286
1,3780,396.487989
1,3781,91.312572
1,3782,449.722816
1,3783,105.005591
1,3784,370.960816
1,3785,272.001709
1,3786,490.602882
1,3787,94.181300
1,3788,237.925040
1,3789,465.721541
1,3790,110.296856
1,3791,613.822975
1,3792,667.903847
1,3793,649.748847
1,3794,70.532703
1,3795,488.946081
1,3796,510.496553
1,3797,585.033668
1,3798,112.410115
1,3799,507.361353
1,3800,438.307834
1,3801,253.879433
1,3802,96.999216
1,3803,424.956173
1,3804,409.153886
1,3805,357.015671
1,3806,103.654993
1,3807,471.540960
1,3808,96.157434
1,3809,298.740326
1,3810,513.456329
1,3811,332.273620
1,3812,565.748890
1,3813,125.227845
1,3814,478.152238
1,3815,618.197482
1,3816,107.035403
1,3817,399.998775
1,3818,784.923838
1,3819,478.275273
1,3820,637.185244
1,3821,435.175346
1,3822,97.282240
1,3823,384.620940
1,3824,275.994906
1,3825,225.938394
1,3826,242.925737
1,3827,400.564419
1,3828,71.406212
1,3829,429.874235
1,3830,294.906085
1,3831,102.558509
1,3832,332.444473
1,3833,398.638901
1,3834,142.408838
1,3835,427.312222
1,3836,444.947606
1,3837,325.723960
1,3838,96.503406
1,3839,238.121041
1,3840,156.447173
1,3841,303.242410
1,3842,83.720131
1,3843,460.523627
1,3844,141.901853
1,3845,114.750343
1,3846,90.735944
1,3847,497.395708
1,3848,105.516623
1,3849,87.668245
1,3850,205.249386
1,3851,372.503283
1,3852,785.106922
1,3853,607.630744
1,3854,107.928178
1,3855,701.863337
1,3856,125.654290
1,3857,217.486293
1,3858,232.936204
1,3859,525.309701
1,3860,148.789932
1,3861,681.572934
1,3862,94.405726
1,3863,491.178583
1,3864,274.022586
1,3865,465.775964
1,3866,98.623603
1,3867,286.664709
1,3868,181.858862
1,3869,606.179614
1,3870,103.998355
1,3871,515.424422
1,3872,232.521885
1,3873,307.215211
1,3874,441.150176
1,3875,479.963336
1,3876,96.251030
1,3877,240.408738
1,3878,464.766095
1,3879,69.223297
1,3880,433.354356
1,3881,357.107851
1,3882,400.945491
1,3883,378.248248
1,3884,96.979918
1,3885,415.588358
1,3886,363.093455
1,3887,250.066972
1,3888,564.974610
1,3889,98.092978
1,3890,192.235175
1,3891,502.322331
1,3892,92.733103
1,3893,243.025124
1,3894,473.331507
1,3895,553.304418
1,3896,443.359876
1,3897,336.562793
1,3898,360.828876
1,3899,112.458406
1,3900,343.370145
1,3901,319.103886
1,3902,89.284367
1,3903,418.213672
1,3904,86.729127
1,3905,499.552038
1,3906,263.982207
1,3907,491.151549
1,3908,90.377007
1,3909,229.851478
1,3910,406.958617
1,3911,785.248048
1,3912,381.042727
1,3913,410.920132
1,3914,129.079710
1,3915,447.018389
1,3916,101.663421
1,3917,398.022255
1,3918,544.403215
1,3919,210.678789
1,3920,101.061714
1,3921,379.940481
1,3922,289.226705
1,3923,425.805954
1,3924,95.047733
1,3925,387.178058
1,3926,620.777468
1,3927,130.899628
1,3928,212.770269
1,3929,250.608480
1,3930,70.474193
1,3931,600.311285
1,3932,576.927805
1,3933,95.268591
1,3934,691.555819
1,3935,583.486897
1,3936,491.462120
1,3937,123.932545
1,3938,197.237010
1,3939,490.227739
1,3940,519.742610
1,3941,547.494908
1,3942,97.951353
1,3943,585.753237
1,3944,562.147531
1,3945,122.859574
1,3946,525.091700
1,3947,369.968990
1,3948,101.230078
1,3949,436.974450
1,3950,274.896613
1,3951,331.081475
1,3952,155.189534
1,3953,192.225188
1,3954,321.986769
1,3955,93.108776
1,3956,591.590064
1,3957,368.710394
1,3958,393.762025
1,3959,484.624870
1,3960,71.933811
1,3961,571.451370
1,3962,97.838867
1,3963,67.359715
1,3964,473.328838
1,3965,402.732680
1,3966,92.274678
1,3967,312.927330
1,3968,248.559891
1,3969,406.102246
1,3970,93.312770
1,3971,73.136242
1,3972,459.947954
1,3973,520.433059
1,3974,426.818410
1,3975,103.478710
1,3976,381.887372
1,3977,100.808442
1,3978,409.993001
1,3979,501.674432
1,3980,346.340975
1,3981,173.244038
1,3982,376.849778
1,3983,134.862153
1,3984,94.302852
1,3985,282.936442
1,3986,91.290679
1,3987,367.246291
1,3988,373.013347
1,3989,451.918791
1,3990,123.250484
1,3991,392.421566
1,3992,330.944748
1,3993,508.750841
1,3994,365.360077
1,3995,122.773011
1,3996,473.628398
1,3997,189.620916
1,3998,540.510471
1,3999,88.264739
1,4000,338.312281
1,4001,439.935161
1,4002,278.447691
1,4003,375.579989
1,4004,364.538094
1,4005,92.875116
1,4006,389.812277
1,4007,417.643866
1,4008,93.944333
1,4009,452.809420
1,4010,629.157778
1,4011,218.232494
1,4012,608.708590
1,4013,309.901331
1,4014,252.329330
1,4015,362.867453
1,4016,182.745046
1,4017,397.202575
1,4018,170.504276
1,4019,470.760979
1,4020,68.742095
1,4021,514.480750
1,4022,354.901220
1,4023,94.747323
1,4024,371.990929
1,4025,112.315813
1,4026,444.868815
1,4027,215.188518
1,4028,291.315646
1,4029,314.851631
1,4030,184.986395
1,4031,106.239345
1,4032,443.664671
1,4033,335.804114
1,4034,481.186032
1,4035,517.973796
1,4036,453.464623
1,4037,112.208549
1,4038,453.893616
1,4039,266.891517
1,4040,243.500581
1,4041,224.115685
1,4042,111.121963
1,4043,472.829347
1,4044,489.970165
1,4045,511.861587
1,4046,65.764877
1,4047,574.222370
1,4048,399.983234
1,4049,93.137681
1,4050,248.693992
1,4051,595.713085
1,4052,115.996435
1,4053,537.699002
1,4054,92.066853
1,4055,329.153188
1,4056,96.145043
1,4057,533.699684
1,4058,458.828022
1,4059,238.769633
1,4060,169.470692
1,4061,270.363111
1,4062,377.626435
1,4063,430.664307
1,4064,475.051399
1,4065,245.961321
1,4066,495.317420
1,4067,91.189010
1,4068,463.493706
1,4069,466.806281
1,4070,109.360438
1,4071,365.340907
1,4072,363.890462
1,4073,504.644478
1,4074,92.697177
1,4075,736.463317
1,4076,571.490877
1,4077,89.592041
1,4078,95.221553
1,4079,449.153014
1,4080,96.124081
1,4081,167.420110
1,4082,487.876573
1,4083,191.014956
1,4084,501.700522
1,4085,292.371887
1,4086,237.393153
1,4087,310.629184
1,4088,434.145650
1,4089,80.556726
1,4090,63.187884
1,4091,349.672984
1,4092,438.911417
1,4093,94.741765
1,4094,378.470589
1,4095,86.458559
1,4096,455.589174
1,4097,438.946170
1,4098,92.410343
1,4099,192.550507
1,4100,96.626012
1,4101,332.809373
1,4102,354.787073
1,4103,91.089392
1,4104,423.870480
1,4105,299.431734
1,4106,423.576998
1,4107,92.249277
1,4108,327.944712
1,4109,497.442741
1,4110,474.073310
1,4111,264.751777
1,4112,99.484345
1,4113,561.033912
1,4114,252.158004
1,4115,72.102481
1,4116,257.564590
1,4117,240.452816
1,4118,371.585237
1,4119,80.071261
1,4120,245.871601
1,4121,486.632186
1,4122,451.114544
1,4123,145.205633
1,4124,349.937375
1,4125,91.077066
1,4126,212.116532
1,4127,373.009329
1,4128,102.851076
1,4129,282.485724
1,4130,112.451117
1,4131,445.813057
1,4132,204.919502
1,4133,462.811440
1,4134,240.064505
1,4135,186.575791
1,4136,375.217502
1,4137,64.389978
1,4138,221.487361
1,4139,134.039001
1,4140,379.220988
1,4141,66.264208
1,4142,337.036093
1,4143,91.583601
1,4144,420.567674
1,4145,112.468999
1,4146,94.254295
1,4147,222.979335
1,4148,290.209429
1,4149,191.495466
1,4150,174.685887
1,4151,507.339293
1,4152,97.619864
1,4153,438.677923
1,4154,338.061576
1,4155,95.270958
1,4156,322.372205
1,4157,104.731826
1,4158,139.435022
1,4159,412.793344
1,4160,93.828608
1,4161,66.968719
1,4162,398.716630
1,4163,90.453676
1,4164,294.035362
1,4165,143.943123
1,4166,90.224001
1,4167,342.929933
1,4168,368.744126
1,4169,296.957147
1,4170,278.143857
1,4171,272.041340
1,4172,436.015921
1,4173,92.203169
1,4174,564.115250
1,4175,402.091252
1,4176,121.136733
1,4177,409.573370
1,4178,367.337325
1,4179,419.900284
1,4180,146.502032
1,4181,254.684763
1,4182,139.092603
1,4183,409.872346
1,4184,312.233314
1,4185,144.650391
1,4186,346.843561
1,4187,65.238150
1,4188,272.960544
1,4189,90.555453
1,4190,131.136366
1,4191,237.517215
1,4192,186.425434
1,4193,222.169632
1,4194,50.657883
1,4195,171.840583
1,4196,74.902628
1,4197,271.199096
1,4198,59.185860
1,4199,212.126651
1,4200,98.126756
1,4201,238.394620
1,4202,102.321394
1,4203,104.911456
1,4204,211.665316
1,4205,279.579240
1,4206,236.568032
1,4207,245.893083
1,4208,359.379306
1,4209,87.216752
1,4210,476.339747
1,4211,542.451550
1,4212,116.560121
1,4213,133.409441
1,4214,314.348614
1,4215,65.740737
1,4216,459.467351
1,4217,96.060772
1,4218,475.406879
1,4219,434.028285
1,4220,88.564804
1,4221,394.747579
1,4222,368.417447
1,4223,105.474087
1,4224,286.486171
1,4225,89.519518
1,4226,106.288865
1,4227,447.655628
1,4228,111.563198
1,4229,76.330511
1,4230,417.437240
1,4231,120.791118
1,4232,300.668961
1,4233,178.277282
1,4234,111.602787
1,4235,343.319358
1,4236,357.339468
1,4237,118.803601
1,4238,435.474432
1,4239,408.308951
1,4240,103.622702
1,4241,396.010617
1,4242,392.396946
1,4243,337.003722
1,4244,272.525032
1,4245,269.303569
1,4246,257.753611
1,4247,439.062034
1,4248,89.310832
1,4249,389.543393
1,4250,92.412435
1,4251,64.860637
1,4252,264.252506
1,4253,90.504982
1,4254,128.423941
1,4255,231.077209
1,4256,200.226807
1,4257,341.619029
1,4258,137.056873
1,4259,150.261996
1,4260,228.003426
1,4261,181.831793
1,4262,181.792163
1,4263,536.069996
1,4264,140.499717
1,4265,145.111723
1,4266,390.877999
1,4267,558.371251
1,4268,242.361241
1,4269,71.605411
1,4270,251.514157
1,4271,81.705325
1,4272,332.002109
1,4273,206.075046
1,4274,327.102549
1,4275,169.003850
1,4276,315.785743
1,4277,82.296766
1,4278,184.196713
1,4279,286.813855
1,4280,64.524597
1,4281,400.361076
1,4282,111.887910
1,4283,178.292479
1,4284,386.803805
1,4285,342.914482
1,4286,173.513218
1,4287,87.615059
1,4288,360.087712
1,4289,268.642181
1,4290,64.167465
1,4291,320.568908
1,4292,380.885599
1,4293,90.714943
1,4294,323.741030
1,4295,89.281575
1,4296,437.739610
1,4297,97.561544
1,4298,376.048962
1,4299,139.884700
1,4300,270.693276
1,4301,317.184408
1,4302,194.414598
1,4303,270.663423
1,4304,96.434291
1,4305,402.031680
1,4306,94.612028
1,4307,192.702376
1,4308,138.452977
1,4309,117.082732
1,4310,433.783247
1,4311,101.794001
1,4312,333.107069
1,4313,542.599108
1,4314,64.260235
1,4315,466.223260
1,4316,88.239024
1,4317,106.103137
1,4318,355.833312
1,4319,98.338652
1,4320,65.544225
1,4321,263.198334
1,4322,326.781134
1,4323,98.771714
1,4324,254.622844
1,4325,418.797494
1,4326,405.835264
1,4327,263.028256
1,4328,71.632372
1,4329,272.025480
1,4330,148.744545
1,4331,111.244503
1,4332,360.693262
1,4333,295.197022
1,4334,100.265133
1,4335,379.838161
1,4336,160.344478
1,4337,109.514276
1,4338,223.606849
1,4339,398.502397
1,4340,126.535085
1,4341,240.171338
1,4342,418.470850
1,4343,86.029951
1,4344,226.085013
1,4345,277.152771
1,4346,363.810583
1,4347,110.083926
1,4348,283.599660
1,4349,365.247910
1,4350,102.147636
1,4351,111.485778
1,4352,354.049971
1,4353,451.595834
1,4354,108.101962
1,4355,110.416842
1,4356,217.022648
1,4357,237.002119
1,4358,89.105945
1,4359,147.209184
1,4360,356.627014
1,4361,98.389334
1,4362,75.387636
1,4363,247.770691
1,4364,476.710913
1,4365,270.581416
1,4366,381.775206
1,4367,130.285156
1,4368,324.419765
1,4369,412.188743
1,4370,127.713442
1,4371,406.779439
1,4372,119.041955
1,4373,192.042169
1,4374,387.450121
1,4375,210.036575
1,4376,321.079199
1,4377,89.145373
1,4378,385.806813
1,4379,326.110599
1,4380,153.841576
1,4381,231.174012
1,4382,273.727622
1,4383,95.767318
1,4384,393.833434
1,4385,89.537056
1,4386,450.609942
1,4387,241.680968
1,4388,479.600014
1,4389,490.280719
1,4390,117.946338
1,4391,331.053132
1,4392,257.020109
1,4393,531.324250
1,4394,286.906135
1,4395,187.706226
1,4396,353.149465
1,4397,97.183072
1,4398,383.759270
1,4399,89.809896
1,4400,381.709821
1,4401,351.154514
1,4402,85.913027
1,4403,415.292552
1,4404,90.595774
1,4405,396.042885
1,4406,88.676490
1,4407,552.884184
1,4408,306.711642
1,4409,61.338199
1,4410,283.736564
1,4411,266.991752
1,4412,521.641688
1,4413,104.801385
1,4414,347.043967
1,4415,91.075178
1,4416,286.831948
1,4417,93.659822
1,4418,266.694438
1,4419,473.916885
1,4420,90.602846
1,4421,442.663762
1,4422,313.302465
1,4423,418.966452
1,4424,83.359016
1,4425,393.903233
1,4426,354.256697
1,4427,87.730113
1,4428,164.206639
1,4429,537.825313
1,4430,315.348087
1,4431,103.815478
1,4432,149.126154
1,4433,52.278031
1,4434,378.335268
1,4435,93.265928
1,4436,261.043036
1,4437,254.318388
1,4438,262.430435
1,4439,298.921353
1,4440,295.796227
1,4441,65.071208
1,4442,130.658051
1,4443,268.930798
1,4444,88.322806
1,4445,235.727729
1,4446,197.507307
1,4447,219.547715
1,4448,280.700528
1,4449,474.815816
1,4450,119.636296
1,4451,226.409686
1,4452,272.754330
1,4453,267.067823
1,4454,260.400850
1,4455,91.557810
1,4456,167.590159
1,4457,184.196926
1,4458,101.497537
1,4459,66.861126
1,4460,325.307599
1,4461,90.287451
1,4462,184.155964
1,4463,447.665449
1,4464,67.034593
1,4465,338.623406
1,4466,154.265685
1,4467,294.856451
1,4468,96.523258
1,4469,217.280888
1,4470,95.230367
1,4471,344.055599
1,4472,180.674498
1,4473,271.870056
1,4474,369.903802
1,4475,115.020919
1,4476,82.373118
1,4477,307.156993
1,4478,112.527234
1,4479,162.033906
1,4480,150.015083
1,4481,266.708656
1,4482,234.404387
1,4483,98.616683
1,4484,234.261374
1,4485,132.066659
1,4486,251.950539
1,4487,226.656396
1,4488,113.809439
1,4489,408.989442
1,4490,91.749907
1,4491,223.046070
1,4492,90.466381
1,4493,306.021716
1,4494,178.970975
1,4495,240.347724
1,4496,89.756126
1,4497,157.976852
1,4498,184.180476
1,4499,302.840681
1,4500,84.178656
1,4501,307.360309
1,4502,94.293874
1,4503,296.355227
1,4504,295.037730
1,4505,270.405513
1,4506,126.440708
1,4507,116.832110
1,4508,69.585686
1,4509,339.809507
1,4510,90.129943
1,4511,430.647485
1,4512,296.336755
1,4513,295.506411
1,4514,111.176343
1,4515,244.060614
1,4516,124.157583
1,4517,228.294986
1,4518,284.870642
1,4519,284.090318
1,4520,339.678911
1,4521,100.148848
1,4522,84.602004
1,4523,328.844759
1,4524,498.047877
1,4525,534.065771
1,4526,378.236788
1,4527,398.647213
1,4528,278.892215
1,4529,69.704443
1,4530,296.147408
1,4531,99.779275
1,4532,331.142415
1,4533,215.938819
1,4534,304.544198
1,4535,169.208240
1,4536,122.643693
1,4537,252.486409
1,4538,90.310097
1,4539,209.243334
1,4540,403.160641
1,4541,111.298021
1,4542,394.652578
1,4543,96.586784
1,4544,225.297946
1,4545,496.904568
1,4546,378.026132
1,4547,338.019392
1,4548,224.267475
1,4549,123.728231
1,4550,162.194847
1,4551,82.488060
1,4552,195.725684
1,4553,269.667654
1,4554,417.600479
1,4555,200.110453
1,4556,424.900767
1,4557,115.051080
1,4558,116.685245
1,4559,202.365538
1,4560,246.825976
1,4561,82.753163
1,4562,257.679562
1,4563,82.682435
1,4564,119.631438
1,4565,86.804862
1,4566,205.413788
1,4567,291.687893
1,4568,315.481668
1,4569,334.808835
1,4570,290.458363
1,4571,171.257242
1,4572,114.095749
1,4573,285.752594
1,4574,320.897143
1,4575,399.622838
1,4576,82.215090
1,4577,329.206828
1,4578,60.334208
1,4579,281.490689
1,4580,230.573552
1,4581,81.040249
1,4582,171.118595
1,4583,309.708207
1,4584,247.777263
1,4585,308.355867
1,4586,326.304079
1,4587,341.857587
1,4588,389.354753
1,4589,82.528526
1,4590,128.967717
1,4591,314.996956
1,4592,123.132021
1,4593,191.629779
1,4594,132.347267
1,4595,94.565888
1,4596,262.792288
1,4597,69.271887
1,4598,259.384186
1,4599,199.924479
1,4600,193.099287
1,4601,272.193685
1,4602,352.595019
1,4603,74.396957
1,4604,205.939270
1,4605,108.071858
1,4606,296.894265
1,4607,79.344512
1,4608,284.717227
1,4609,140.937171
1,4610,323.782622
1,4611,298.515904
1,4612,94.281112
1,4613,413.270015
1,4614,353.351933
1,4615,369.619546
1,4616,435.716209
1,4617,342.510058
1,4618,90.705893
1,4619,228.685693
1,4620,83.919671
1,4621,234.932583
1,4622,322.724761
1,4623,82.221031
1,4624,156.729369
1,4625,261.965215
1,4626,121.766134
1,4627,158.906191
1,4628,81.661226
1,4629,780.964239
1,4630,84.731698
1,4631,309.714026
1,4632,132.522048
1,4633,234.855999
1,4634,81.528798
1,4635,160.745766
1,4636,314.103438
1,4637,353.043225
1,4638,81.530692
1,4639,68.388953
1,4640,284.303284
1,4641,80.983826
1,4642,366.487794
1,4643,94.265970
1,4644,182.980355
1,4645,528.034837
1,4646,81.090390
1,4647,336.351022
1,4648,79.898565
1,4649,258.580801
1,4650,199.577065
1,4651,210.247680
1,4652,261.236955
1,4653,272.740653
1,4654,183.521440
1,4655,200.058617
1,4656,373.018335
1,4657,79.604373
1,4658,155.918551
1,4659,208.495889
1,4660,225.611925
1,4661,158.969336
1,4662,93.378887
1,4663,289.256589
1,4664,223.871038
1,4665,81.887578
1,4666,182.904668
1,4667,164.229581
1,4668,256.739589
1,4669,113.056730
1,4670,78.276086
1,4671,298.202447
1,4672,159.429708
1,4673,163.486099
1,4674,214.937936
1,4675,258.184168
1,4676,224.582323
1,4677,338.572422
1,4678,110.307147
1,4679,153.637030
1,4680,77.618493
1,4681,168.016373
1,4682,77.048600
1,4683,226.051551
1,4684,76.852672
1,4685,87.328089
1,4686,251.999849
1,4687,284.566041
1,4688,323.091574
1,4689,271.565609
1,4690,163.454037
1,4691,284.814293
1,4692,82.352654
1,4693,270.099205
1,4694,131.084567
1,4695,194.895982
1,4696,241.215914
1,4697,529.358420
1,4698,201.742102
1,4699,263.455207
1,4700,322.168414
1,4701,170.550874
1,4702,363.731698
1,4703,289.987031
1,4704,242.919580
1,4705,199.878284
1,4706,72.088953
1,4707,271.453207
1,4708,73.937211
1,4709,219.558677
1,4710,317.672804
1,4711,286.086235
1,4712,78.357083
1,4713,319.917568
1,4714,282.235429
1,4715,269.854286
1,4716,260.988020
1,4717,340.732668
1,4718,112.156786
1,4719,95.771927
1,4720,111.918651
1,4721,277.359599
1,4722,240.971256
1,4723,294.625988
1,4724,239.779466
1,4725,355.564182
1,4726,229.983694
1,4727,144.497740
1,4728,404.405990
1,4729,97.714104
1,4730,276.665309
1,4731,352.416039
1,4732,333.812551
1,4733,327.858430
1,4734,316.409638
1,4735,82.910045
1,4736,227.745847
1,4737,372.373622
1,4738,131.869852
1,4739,228.330562
1,4740,383.723722
1,4741,339.543923
1,4742,323.803947
1,4743,301.389700
1,4744,121.959912
1,4745,345.217372
1,4746,273.003074
1,4747,315.729443
1,4748,81.417428
1,4749,156.800977
1,4750,233.623553
1,4751,311.635662
1,4752,309.140018
1,4753,79.976368
1,4754,362.440833
1,4755,87.697834
1,4756,408.221846
1,4757,501.310519
1,4758,400.944765
1,4759,78.895628
1,4760,59.748204
1,4761,297.545907
1,4762,79.603281
1,4763,252.991131
1,4764,166.650695
1,4765,233.556827
1,4766,137.014116
1,4767,244.911304
1,4768,215.168265
1,4769,161.680855
1,4770,69.460720
1,4771,155.960020
1,4772,226.441088
1,4773,103.853095
1,4774,179.203278
1,4775,204.177063
1,4776,148.468001
1,4777,135.619301
1,4778,294.137450
1,4779,345.246289
1,4780,233.164261
1,4781,164.020676
1,4782,141.378618
1,4783,113.343978
1,4784,246.398550
1,4785,271.444330
1,4786,85.295851
1,4787,275.696580
1,4788,84.585693
1,4789,161.660188
1,4790,63.286071
1,4791,117.771973
1,4792,281.729600
1,4793,323.856861
1,4794,241.291224
1,4795,305.602158
1,4796,219.151915
1,4797,126.750456
1,4798,268.866953
1,4799,284.277494
1,4800,168.351907
1,4801,252.670658
1,4802,246.511137
1,4803,344.389343
1,4804,236.402259
1,4805,267.068593
1,4806,99.088835
1,4807,393.205178
1,4808,77.598505
1,4809,274.449964
1,4810,82.656505
1,4811,183.131819
1,4812,187.328424
1,4813,304.276524
1,4814,80.996872
1,4815,184.065361
1,4816,640.192419
1,4817,641.623191
1,4818,298.177368
1,4819,280.858936
1,4820,56.706928
1,4821,328.565801
1,4822,332.190651
1,4823,345.620969
1,4824,280.431062
1,4825,252.182708
1,4826,88.634864
1,4827,108.434487
1,4828,387.390729
1,4829,243.937639
1,4830,349.795239
1,4831,432.049222
1,4832,435.745613
1,4833,373.720925
1,4834,360.074267
1,4835,105.161154
1,4836,359.521232
1,4837,287.727289
1,4838,556.724161
1,4839,427.205378
1,4840,341.085900
1,4841,397.393290
1,4842,90.260214
1,4843,354.073928
1,4844,355.154839
1,4845,392.688115
1,4846,486.509426
1,4847,268.650285
1,4848,243.861114
1,4849,422.678429
1,4850,64.546152
1,4851,189.163904
1,4852,321.843423
1,4853,345.210136
1,4854,350.910437
1,4855,263.715176
1,4856,336.755857
1,4857,329.475530
1,4858,106.184901
1,4859,110.248338
1,4860,465.829103
1,4861,132.448892
1,4862,350.684096
1,4863,405.271674
1,4864,90.150842
1,4865,372.466846
1,4866,88.343320
1,4867,170.384707
1,4868,152.097525
1,4869,261.957344
1,4870,293.279303
1,4871,155.427030
1,4872,273.878560
1,4873,71.379042
1,4874,238.623638
1,4875,305.158529
1,4876,75.036611
1,4877,99.376425
1,4878,420.094894
1,4879,298.114115
1,4880,76.977625
1,4881,420.406114
1,4882,306.876164
1,4883,382.185433
1,4884,78.942054
1,4885,239.968928
1,4886,88.292057
1,4887,378.632965
1,4888,188.414923
1,4889,351.443901
1,4890,299.907662
1,4891,339.017053
1,4892,282.334709
1,4893,512.255558
1,4894,318.419312
1,4895,474.239965
1,4896,369.565549
1,4897,453.275509
1,4898,86.342124
1,4899,218.866770
1,4900,115.687913
1,4901,389.148489
1,4902,456.492376
1,4903,94.449019
1,4904,243.179962
1,4905,92.689129
1,4906,221.088775
1,4907,188.974726
1,4908,194.775465
1,4909,88.080890
1,4910,335.691735
1,4911,91.952044
1,4912,309.152509
1,4913,90.656478
1,4914,103.884808
1,4915,389.719414
1,4916,289.740214
1,4917,371.054234
1,4918,306.418597
1,4919,100.073567
1,4920,152.561236
1,4921,208.362549
1,4922,295.787393
1,4923,74.290850
1,4924,341.653870
1,4925,87.215711
1,4926,89.709283
1,4927,372.741366
1,4928,121.624922
1,4929,348.448006
1,4930,346.728572
1,4931,102.607629
1,4932,268.962445
1,4933,288.557985
1,4934,62.416260
1,4935,233.635327
1,4936,87.826186
1,4937,352.351345
1,4938,430.789781
1,4939,392.867157
1,4940,430.755136
1,4941,250.729793
1,4942,294.773549
1,4943,309.674272
1,4944,255.630163
1,4945,377.922727
1,4946,314.779597
1,4947,242.732662
1,4948,113.098338
1,4949,223.277206
1,4950,248.834862
1,4951,345.381988
1,4952,101.831812
1,4953,209.547798
1,4954,362.674178
1,4955,102.697524
1,4956,490.093336
1,4957,147.046303
1,4958,349.516603
1,4959,307.506637
1,4960,189.511788
1,4961,85.492105
1,4962,333.132661
1,4963,88.865009
1,4964,308.729987
1,4965,189.122322
1,4966,218.713510
1,4967,231.552306
1,4968,69.214475
1,4969,200.695315
1,4970,301.253617
1,4971,248.104785
1,4972,237.417327
1,4973,113.518832
1,4974,184.790964
1,4975,279.413867
1,4976,324.737310
1,4977,415.522186
1,4978,57.916428
1,4979,230.110730
1,4980,349.594426
1,4981,82.767596
1,4982,285.984254
1,4983,82.485624
1,4984,101.615925
1,4985,302.144015
1,4986,78.302993
1,4987,200.444937
1,4988,89.534450
1,4989,203.010689
1,4990,194.580628
1,4991,107.073299
1,4992,160.167011
1,4993,252.646826
1,4994,109.787256
1,4995,338.192942
1,4996,103.795635
1,4997,147.422362
1,4998,418.863655
1,4999,89.809385
1,5000,375.693215
1,5001,427.917656
1,5002,198.115135
1,5003,489.961953
1,5004,99.914896
1,5005,293.475168
1,5006,320.897363
1,5007,473.731123
1,5008,294.510144
1,5009,258.312943
1,5010,314.983658
1,5011,215.764842
1,5012,320.338190
1,5013,99.026616
1,5014,523.927536
1,5015,89.016491
1,5016,84.539333
1,5017,493.718994
1,5018,439.811221
1,5019,197.991447
1,5020,324.801394
1,5021,284.270612
1,5022,568.253123
1,5023,85.396301
1,5024,349.308311
1,5025,137.150009
1,5026,347.551139
1,5027,293.521921
1,5028,200.765939
1,5029,304.020293
1,5030,298.046370
1,5031,188.046309
1,5032,367.554659
1,5033,270.063028
1,5034,479.052753
1,5035,339.706943
1,5036,497.449681
1,5037,427.922979
1,5038,339.485452
1,5039,82.354638
1,5040,329.599903
1,5041,309.536576
1,5042,379.502015
1,5043,387.906256
1,5044,81.204293
1,5045,364.429944
1,5046,346.646660
1,5047,356.636394
1,5048,423.640699
1,5049,502.577172
1,5050,268.981763
1,5051,313.513415
1,5052,337.827364
1,5053,132.751382
1,5054,363.427801
1,5055,251.514108
1,5056,143.319747
1,5057,199.250988
1,5058,67.890593
1,5059,121.692288
1,5060,238.767553
1,5061,198.555983
1,5062,213.878031
1,5063,85.189152
1,5064,56.634858
1,5065,75.453985
1,5066,137.971951
1,5067,240.820403
1,5068,227.490156
1,5069,83.513240
1,5070,174.139523
1,5071,96.767308
1,5072,275.106971
1,5073,118.710860
1,5074,225.597834
1,5075,53.905567
1,5076,204.933266
1,5077,106.848643
1,5078,258.374895
1,5079,86.497350
1,5080,163.527913
1,5081,61.710727
1,5082,295.852146
1,5083,210.505906
1,5084,239.596951
1,5085,244.874496
1,5086,88.216113
1,5087,166.189114
1,5088,98.840951
1,5089,295.390637
1,5090,363.063575
1,5091,55.201481
1,5092,274.069380
1,5093,182.670579
1,5094,84.797020
1,5095,127.631837
1,5096,84.064680
1,5097,94.492333
1,5098,60.887098
1,5099,267.884153
1,5100,83.594608
1,5101,117.523591
1,5102,261.771815
1,5103,295.503678
1,5104,87.810183
1,5105,201.514157
1,5106,92.282423
1,5107,245.896049
1,5108,84.162813
1,5109,207.150394
1,5110,92.224654
1,5111,86.573214
1,5112,270.158972
1,5113,114.976206
1,5114,264.417772
1,5115,197.339152
1,5116,85.307742
1,5117,244.117690
1,5118,291.893715
1,5119,305.865982
1,5120,356.601474
1,5121,118.740213
1,5122,104.732429
1,5123,118.948616
1,5124,294.545402
1,5125,358.951684
1,5126,252.135280
1,5127,81.834811
1,5128,238.989797
1,5129,80.267232
1,5130,242.097628
1,5131,247.390915
1,5132,184.537844
1,5133,304.220272
1,5134,80.868002
1,5135,265.793132
1,5136,1173.851746
1,5137,264.441630
1,5138,78.586737
1,5139,294.647571
1,5140,183.308198
1,5141,166.551989
1,5142,264.790922
1,5143,80.834039
1,5144,176.188457
1,5145,89.193930
1,5146,171.556547
1,5147,151.673201
1,5148,288.865410
1,5149,336.607073
1,5150,98.342688
1,5151,384.975708
1,5152,237.638702
1,5153,72.750425
1,5154,163.595840
1,5155,294.533703
1,5156,56.580108
1,5157,219.864653
1,5158,338.353839
1,5159,56.551454
1,5160,273.006094
1,5161,539.868760
1,5162,395.908915
1,5163,293.935531
1,5164,272.575804
1,5165,93.960026
1,5166,223.208465
1,5167,99.164033
1,5168,342.666667
1,5169,278.606749
1,5170,323.326506
1,5171,315.760698
1,5172,393.203599
1,5173,142.773017
1,5174,234.454728
1,5175,248.228378
1,5176,85.134407
1,5177,298.355673
1,5178,268.077891
1,5179,86.291660
1,5180,208.064860
1,5181,85.835000
1,5182,211.561755
1,5183,177.888044
1,5184,126.239161
1,5185,169.657715
1,5186,89.487579
1,5187,200.598410
1,5188,132.899174
1,5189,324.516670
1,5190,85.875225
1,5191,236.004828
1,5192,363.273466
1,5193,63.101541
1,5194,210.377269
1,5195,341.357284
1,5196,86.733077
1,5197,246.995712
1,5198,210.720590
1,5199,366.727854
1,5200,103.590068
1,5201,207.028786
1,5202,274.764998
1,5203,118.514884
1,5204,123.878624
1,5205,222.035629
1,5206,345.394889
1,5207,303.866717
1,5208,84.862723
1,5209,262.713734
1,5210,85.833341
1,5211,177.319181
1,5212,329.495774
1,5213,85.262826
1,5214,283.533989
1,5215,84.026612
1,5216,163.156918
1,5217,85.284550
1,5218,391.102768
1,5219,83.809331
1,5220,116.334798
1,5221,305.926985
1,5222,337.408859
1,5223,343.756181
1,5224,451.817483
1,5225,53.415878
1,5226,358.318849
1,5227,207.631290
1,5228,311.678054
1,5229,87.499203
1,5230,262.650711
1,5231,462.502312
1,5232,112.719935
1,5233,517.197844
1,5234,450.095884
1,5235,234.046456
1,5236,341.392710
1,5237,94.268037
1,5238,345.407465
1,5239,171.430133
1,5240,103.512980
1,5241,193.603814
1,5242,253.543388
1,5243,294.501919
1,5244,441.411149
1,5245,438.335306
1,5246,466.593252
1,5247,133.831018
1,5248,526.039232
1,5249,120.007452
1,5250,299.053725
1,5251,127.040196
1,5252,128.759779
1,5253,296.586708
1,5254,205.707385
1,5255,98.289578
1,5256,401.844173
1,5257,126.605714
1,5258,207.200991
1,5259,886.165527
1,5260,335.995674
1,5261,221.504755
1,5262,115.378356
1,5263,755.674212
1,5264,338.324271
1,5265,437.038740
1,5266,98.394459
1,5267,547.870138
1,5268,366.133645
1,5269,270.898404
1,5270,197.663773
1,5271,352.290917
1,5272,321.912857
1,5273,210.964681
1,5274,202.244549
1,5275,458.822879
1,5276,334.608663
1,5277,103.163844
1,5278,240.713683
1,5279,259.237827
1,5280,356.036285
1,5281,336.887474
1,5282,314.267684
1,5283,103.568918
1,5284,397.624763
1,5285,99.734790
1,5286,129.271536
1,5287,285.286421
1,5288,99.839161
1,5289,319.767691
1,5290,370.205294
1,5291,63.458546
1,5292,220.111898
1,5293,184.897377
1,5294,85.501473
1,5295,237.322018
1,5296,173.136547
1,5297,275.212882
1,5298,113.550205
1,5299,522.481656
1,5300,240.187111
1,5301,98.610365
1,5302,381.136972
1,5303,301.272973
1,5304,130.663780
1,5305,93.706761
1,5306,324.328319
1,5307,270.620422
1,5308,330.726644
1,5309,300.361131
1,5310,191.103158
1,5311,373.548054
1,5312,275.637781
1,5313,70.962424
1,5314,214.883333
1,5315,234.813055
1,5316,404.202862
1,5317,173.538556
1,5318,482.490106
1,5319,302.083208
1,5320,98.399064
1,5321,201.105514
1,5322,102.608922
1,5323,196.114563
1,5324,344.400778
1,5325,488.317146
1,5326,357.937634
1,5327,130.349669
1,5328,256.171157
1,5329,72.391041
1,5330,514.468161
1,5331,98.270180
1,5332,324.308204
1,5333,301.715297
1,5334,308.708303
1,5335,174.704442
1,5336,353.468797
1,5337,472.051359
1,5338,103.780562
1,5339,83.008232
1,5340,376.343372
1,5341,97.021499
1,5342,229.964783
1,5343,320.985713
1,5344,101.639778
1,5345,466.234997
1,5346,95.293351
1,5347,479.100265
1,5348,314.863382
1,5349,278.107996
1,5350,136.175004
1,5351,341.985718
1,5352,66.602598
1,5353,392.368143
1,5354,159.884691
1,5355,253.257514
1,5356,276.013010
1,5357,97.633356
1,5358,489.382208
1,5359,100.260883
1,5360,239.339386
1,5361,301.312966
1,5362,140.562892
1,5363,514.450690
1,5364,95.476225
1,5365,299.603392
1,5366,356.490181
1,5367,128.456703
1,5368,204.823686
1,5369,325.163380
1,5370,170.283484
1,5371,113.674314
1,5372,273.559343
1,5373,301.680834
1,5374,145.639511
1,5375,132.563988
1,5376,103.877192
1,5377,219.574238
1,5378,318.785716
1,5379,210.425576
1,5380,361.382772
1,5381,212.532495
1,5382,411.911243
1,5383,399.448530
1,5384,356.390608
1,5385,345.883665
1,5386,104.764486
1,5387,222.477690
1,5388,244.869418
1,5389,339.031203
1,5390,110.061015
1,5391,385.825188
1,5392,161.671247
1,5393,422.516804
1,5394,363.269775
1,5395,217.822461
1,5396,118.635514
1,5397,158.458214
1,5398,439.840507
1,5399,343.117588
1,5400,97.546943
1,5401,313.018751
1,5402,99.869022
1,5403,393.504576
1,5404,465.157575
1,5405,122.705552
1,5406,451.451931
1,5407,105.006773
1,5408,369.253197
1,5409,104.586343
1,5410,271.821561
1,5411,105.774660
1,5412,503.189138
1,5413,117.098964
1,5414,215.027598
1,5415,242.515324
1,5416,196.668363
1,5417,172.500291
1,5418,396.405681
1,5419,95.912202
1,5420,371.153762
1,5421,274.977697
1,5422,495.200048
1,5423,246.769221
1,5424,238.751536
1,5425,199.351276
1,5426,162.606144
1,5427,329.801171
1,5428,490.208580
1,5429,178.090185
1,5430,470.382099
1,5431,116.276387
1,5432,196.977244
1,5433,442.839963
1,5434,173.013033
1,5435,181.430573
1,5436,189.099239
1,5437,175.807755
1,5438,306.912305
1,5439,97.823770
1,5440,425.782235
1,5441,167.676688
1,5442,483.789501
1,5443,111.298245
1,5444,221.327439
1,5445,99.158665
1,5446,115.116428
1,5447,171.670979
1,5448,108.048081
1,5449,106.306647
1,5450,315.716054
1,5451,66.679736
1,5452,283.488146
1,5453,418.499734
1,5454,194.671594
1,5455,136.692397
1,5456,274.101454
1,5457,279.392736
1,5458,91.331244
1,5459,315.391548
1,5460,76.244416
1,5461,253.237287
1,5462,118.319273
1,5463,221.210567
1,5464,448.407015
1,5465,374.257580
1,5466,91.130307
1,5467,129.939258
1,5468,131.638583
1,5469,403.665947
1,5470,90.446666
1,5471,460.500757
1,5472,107.134279
1,5473,359.492991
1,5474,145.693616
1,5475,282.290800
1,5476,160.287204
1,5477,316.389523
1,5478,288.698611
1,5479,100.448931
1,5480,183.648655
1,5481,317.719261
1,5482,268.337336
1,5483,424.064003
1,5484,193.349555
1,5485,302.292565
1,5486,104.066480
1,5487,372.375882
1,5488,181.937633
1,5489,369.242775
1,5490,69.277988
1,5491,291.074931
1,5492,100.049802
1,5493,96.281594
1,5494,244.839096
1,5495,115.657851
1,5496,113.973237
1,5497,163.280869
1,5498,258.103547
1,5499,95.811271
1,5500,214.378736
1,5501,95.845034
1,5502,326.427596
1,5503,133.167197
1,5504,188.087788
1,5505,454.712912
1,5506,149.395298
1,5507,99.865605
1,5508,356.860442
1,5509,357.369755
1,5510,227.865751
1,5511,308.553211
1,5512,136.266749
1,5513,321.328592
1,5514,150.799741
1,5515,215.283377
1,5516,438.643203
1,5517,96.989639
1,5518,180.607373
1,5519,354.515006
1,5520,417.464795
1,5521,98.037725
1,5522,232.190359
1,5523,95.967457
1,5524,308.385255
1,5525,133.676703
1,5526,380.988005
1,5527,660.552581
1,5528,187.825198
1,5529,345.271311
1,5530,124.901052
1,5531,258.951529
1,5532,416.079606
1,5533,407.122148
1,5534,110.502346
1,5535,232.487538
1,5536,177.623484
1,5537,93.917834
1,5538,298.781446
1,5539,106.414270
1,5540,404.976074
1,5541,126.992028
1,5542,411.559390
1,5543,129.189188
1,5544,152.001389
1,5545,293.819546
1,5546,471.704172
1,5547,352.736415
1,5548,117.305319
1,5549,141.122608
1,5550,366.328610
1,5551,327.602959
1,5552,149.153052
1,5553,441.723897
1,5554,278.459535
1,5555,94.590955
1,5556,1189.756629
1,5557,177.467497
1,5558,143.282753
1,5559,494.147245
1,5560,338.071136
1,5561,504.693465
1,5562,90.769120
1,5563,412.360064
1,5564,225.253917
1,5565,337.225946
1,5566,122.422145
1,5567,216.331609
1,5568,249.681869
1,5569,316.197066
1,5570,360.506817
1,5571,316.746687
1,5572,95.987230
1,5573,173.087642
1,5574,130.435583
1,5575,206.012191
1,5576,179.715596
1,5577,298.315928
1,5578,103.948629
1,5579,174.661666
1,5580,100.668567
1,5581,294.151011
1,5582,94.557291
1,5583,270.871078
1,5584,215.859288
1,5585,95.201822
1,5586,378.335491
1,5587,228.523835
1,5588,209.265962
1,5589,330.940101
1,5590,72.855533
1,5591,348.285395
1,5592,313.630084
1,5593,236.568581
1,5594,448.909596
1,5595,185.756609
1,5596,269.658555
1,5597,120.815452
1,5598,402.149905
1,5599,302.502575
1,5600,196.070833
1,5601,108.250538
1,5602,275.350212
1,5603,233.308423
1,5604,272.786521
1,5605,212.497500
1,5606,109.946936
1,5607,288.539168
1,5608,252.199597
1,5609,70.725516
1,5610,362.176807
1,5611,220.330457
1,5612,248.182162
1,5613,197.971656
1,5614,285.537185
1,5615,373.323255
1,5616,215.369285
1,5617,70.103331
1,5618,376.179488
1,5619,101.318393
1,5620,352.035695
1,5621,100.873189
1,5622,360.090155
1,5623,93.041158
1,5624,105.656497
1,5625,309.535257
1,5626,330.624658
1,5627,93.496713
1,5628,177.771257
1,5629,99.183955
1,5630,229.515773
1,5631,145.676059
1,5632,129.633818
1,5633,188.035275
1,5634,252.331243
1,5635,283.705242
1,5636,97.881407
1,5637,175.285071
1,5638,168.106190
1,5639,475.505522
1,5640,104.053403
1,5641,539.737312
1,5642,136.635540
1,5643,455.239546
1,5644,116.460887
1,5645,283.977520
1,5646,257.613090
1,5647,437.204774
1,5648,154.033957
1,5649,92.792033
1,5650,406.034233
1,5651,139.982499
1,5652,414.366286
1,5653,175.372170
1,5654,283.398317
1,5655,315.636739
1,5656,100.816788
1,5657,149.109180
1,5658,52.278031
1,5659,377.757319
1,5660,95.223602
1,5661,260.291277
1,5662,256.502089
1,5663,261.652630
1,5664,300.819638
1,5665,297.778828
1,5666,66.726654
1,5667,132.822560
1,5668,265.929762
1,5669,88.315799
1,5670,234.786867
1,5671,199.055844
1,5672,218.758165
1,5673,280.850123
1,5674,477.368524
1,5675,117.197769
1,5676,226.206666
1,5677,273.827492
1,5678,267.953717
1,5679,260.020605
1,5680,91.558604
1,5681,166.972842
1,5682,183.968638
1,5683,101.187946
1,5684,66.858963
1,5685,325.220947
1,5686,90.279060
1,5687,185.913007
1,5688,448.988496
1,5689,67.032385
1,5690,337.340242
1,5691,153.181810
1,5692,296.806658
1,5693,96.254347
1,5694,217.217372
1,5695,97.289059
1,5696,346.131042
1,5697,182.919090
1,5698,273.265751
1,5699,371.072476
1,5700,113.451380
1,5701,82.370826
1,5702,304.834592
1,5703,112.063642
1,5704,161.542382
1,5705,149.745358
1,5706,268.514925
1,5707,236.468139
1,5708,100.367664
1,5709,234.181611
1,5710,134.018203
1,5711,251.580909
1,5712,226.593798
1,5713,112.026845
1,5714,412.627137
1,5715,91.741527
1,5716,222.647353
1,5717,90.458049
1,5718,305.117942
1,5719,180.859196
1,5720,242.233741
1,5721,89.747904
1,5722,159.662511
1,5723,185.705351
1,5724,304.287997
1,5725,84.170557
1,5726,309.254899
1,5727,96.566568
1,5728,296.323554
1,5729,297.047078
1,5730,273.716485
1,5731,126.420733
1,5732,116.139112
1,5733,67.813920
1,5734,336.653240
1,5735,91.905844
1,5736,428.707325
1,5737,296.496441
1,5738,296.967629
1,5739,110.585820
1,5740,245.407690
1,5741,124.138551
1,5742,227.446136
1,5743,286.668986
1,5744,286.405136
1,5745,337.129640
1,5746,98.410781
1,5747,84.594714
1,5748,326.046192
1,5749,492.944033
1,5750,533.057471
1,5751,373.031427
1,5752,393.400849
1,5753,277.533111
1,5754,69.700363
1,5755,294.732403
1,5756,99.053138
1,5757,330.163715
1,5758,216.680292
1,5759,307.099363
1,5760,169.741017
1,5761,122.393847
1,5762,254.468189
1,5763,90.004453
1,5764,210.866311
1,5765,404.858685
1,5766,110.565557
1,5767,395.364572
1,5768,96.127809
1,5769,225.982372
1,5770,495.644691
1,5771,379.561908
1,5772,338.356008
1,5773,225.843428
1,5774,122.854405
1,5775,163.465802
1,5776,82.481331
1,5777,197.532360
1,5778,272.379937
1,5779,415.727065
1,5780,201.457759
1,5781,423.661980
1,5782,114.508313
1,5783,116.668369
1,5784,203.619717
1,5785,248.008368
1,5786,82.746167
1,5787,258.694814
1,5788,82.675414
1,5789,121.131225
1,5790,86.797542
1,5791,207.342175
1,5792,293.673139
1,5793,317.290157
1,5794,336.218424
1,5795,292.415604
1,5796,172.778865
1,5797,114.078681
1,5798,286.069272
1,5799,322.663001
1,5800,402.834606
1,5801,82.208101
1,5802,331.469544
1,5803,60.332395
1,5804,284.612667
1,5805,233.067524
1,5806,81.033331
1,5807,173.544818
1,5808,311.127733
1,5809,249.697153
1,5810,310.124081
1,5811,330.369099
1,5812,342.861445
1,5813,391.481929
1,5814,82.521769
1,5815,128.566443
1,5816,317.261461
1,5817,121.321997
1,5818,191.320412
1,5819,132.048395
1,5820,94.557727
1,5821,262.538094
1,5822,69.267898
1,5823,256.126715
1,5824,199.562266
1,5825,192.664279
1,5826,271.344611
1,5827,349.133511
1,5828,74.391747
1,5829,207.255403
1,5830,108.058197
1,5831,298.171940
1,5832,79.338786
1,5833,285.991827
1,5834,143.071131
1,5835,325.104522
1,5836,297.708312
1,5837,95.885479
1,5838,415.636094
1,5839,354.954035
1,5840,370.536603
1,5841,437.780713
1,5842,345.383108
1,5843,93.194175
1,5844,230.997140
1,5845,85.626367
1,5846,237.643910
1,5847,326.761264
1,5848,82.214310
1,5849,156.698372
1,5850,263.518185
1,5851,123.704260
1,5852,160.301019
1,5853,81.654397
1,5854,777.506777
1,5855,86.520894
1,5856,311.279500
1,5857,134.317961
1,5858,236.992005
1,5859,81.521914
1,5860,162.861379
1,5861,316.028282
1,5862,358.883526
1,5863,81.523810
1,5864,70.600864
1,5865,286.574366
1,5866,80.976962
1,5867,365.398349
1,5868,93.932819
1,5869,179.526950
1,5870,517.534245
1,5871,81.083580
1,5872,340.544813
1,5873,79.891782
1,5874,260.778116
1,5875,201.223311
1,5876,211.656472
1,5877,262.099122
1,5878,274.664590
1,5879,184.118992
1,5880,199.838958
1,5881,370.931300
1,5882,79.597766
1,5883,155.888302
1,5884,211.753297
1,5885,227.570084
1,5886,161.123227
1,5887,93.041666
1,5888,290.636914
1,5889,225.710214
1,5890,81.880908
1,5891,184.638243
1,5892,164.203943
1,5893,258.404987
1,5894,113.041429
1,5895,78.269815
1,5896,300.527961
1,5897,161.514918
1,5898,165.890862
1,5899,216.147458
1,5900,260.086417
1,5901,226.793593
1,5902,341.702981
1,5903,110.292504
1,5904,153.609485
1,5905,77.612530
1,5906,170.635915
1,5907,77.042699
1,5908,227.880531
1,5909,76.846835
1,5910,85.507792
1,5911,255.184329
1,5912,286.872977
1,5913,327.397698
1,5914,274.484608
1,5915,165.969351
1,5916,287.122923
1,5917,84.238648
1,5918,272.881681
1,5919,133.018608
1,5920,194.339372
1,5921,241.097339
1,5922,526.968627
1,5923,208.225223
1,5924,267.754576
1,5925,331.578566
1,5926,168.260374
1,5927,355.555529
1,5928,287.191923
1,5929,242.216147
1,5930,201.244497
1,5931,72.084180
1,5932,272.563539
1,5933,73.932115
1,5934,220.941561
1,5935,319.307538
1,5936,285.259099
1,5937,78.351484
1,5938,319.223826
1,5939,281.425822
1,5940,271.478078
1,5941,262.936249
1,5942,340.251036
1,5943,112.141925
1,5944,93.532094
1,5945,111.984327
1,5946,283.374595
1,5947,246.311159
1,5948,299.092149
1,5949,241.416912
1,5950,357.386477
1,5951,231.494970
1,5952,144.016855
1,5953,406.178301
1,5954,99.436532
1,5955,278.085678
1,5956,348.923177
1,5957,333.518468
1,5958,331.882418
1,5959,318.564090
1,5960,82.903341
1,5961,227.672132
1,5962,374.790149
1,5963,131.420906
1,5964,228.256662
1,5965,382.805621
1,5966,343.338623
1,5967,325.922257
1,5968,305.854747
1,5969,121.658272
1,5970,346.739808
1,5971,275.418737
1,5972,317.566307
1,5973,81.410731
1,5974,156.770266
1,5975,232.994876
1,5976,313.189199
1,5977,310.677504
1,5978,79.520171
1,5979,364.553913
1,5980,87.152944
1,5981,411.140135
1,5982,502.940375
1,5983,404.755977
1,5984,78.889103
1,5985,59.746511
1,5986,301.241068
1,5987,79.346951
1,5988,252.795147
1,5989,164.534575
1,5990,231.942547
1,5991,138.460999
1,5992,246.010219
1,5993,216.473685
1,5994,164.395310
1,5995,69.456657
1,5996,157.732162
1,5997,228.617985
1,5998,105.753397
1,5999,180.969180
1,6000,204.123656
1,6001,150.324804
1,6002,134.424105
1,6003,294.041032
1,6004,345.078744
1,6005,234.792838
1,6006,163.666671
1,6007,143.032818
1,6008,113.329793
1,6009,247.423130
1,6010,272.887126
1,6011,85.289807
1,6012,277.662322
1,6013,84.579535
1,6014,161.631673
1,6015,63.284441
1,6016,117.756677
1,6017,283.201182
1,6018,323.673761
1,6019,242.801827
1,6020,307.890504
1,6021,218.627206
1,6022,128.962495
1,6023,270.643270
1,6024,285.385152
1,6025,168.085784
1,6026,251.951304
1,6027,246.128227
1,6028,346.525724
1,6029,238.043195
1,6030,268.345542
1,6031,98.766208
1,6032,394.495325
1,6033,77.119105
1,6034,276.779339
1,6035,82.649922
1,6036,184.745436
1,6037,187.108084
1,6038,305.629188
1,6039,80.990314
1,6040,184.015640
1,6041,649.261712
1,6042,642.820443
1,6043,299.873034
1,6044,283.010584
1,6045,56.706191
1,6046,330.758156
1,6047,335.268863
1,6048,348.415445
1,6049,280.593126
1,6050,253.493599
1,6051,88.631329
1,6052,110.061440
1,6053,388.949015
1,6054,241.350697
1,6055,348.071337
1,6056,430.494214
1,6057,436.388097
1,6058,372.578296
1,6059,356.714158
1,6060,105.154521
1,6061,358.163816
1,6062,287.127723
1,6063,574.577073
1,6064,430.285812
1,6065,340.011714
1,6066,398.438124
1,6067,90.264550
1,6068,354.743431
1,6069,356.775627
1,6070,395.759966
1,6071,490.169142
1,6072,269.875121
1,6073,243.064824
1,6074,424.395187
1,6075,64.544119
1,6076,191.604673
1,6077,326.793385
1,6078,346.362988
1,6079,352.970432
1,6080,266.409895
1,6081,338.471996
1,6082,331.965689
1,6083,105.972670
1,6084,112.018438
1,6085,467.714584
1,6086,132.145142
1,6087,349.847051
1,6088,407.530675
1,6089,91.523475
1,6090,374.778447
1,6091,88.335102
1,6092,172.360212
1,6093,153.901770
1,6094,264.226490
1,6095,294.568061
1,6096,155.388384
1,6097,272.135581
1,6098,73.032574
1,6099,239.750931
1,6100,303.457606
1,6101,74.857642
1,6102,96.837718
1,6103,416.820355
1,6104,291.949861
1,6105,76.972150
1,6106,420.048250
1,6107,306.843196
1,6108,380.286674
1,6109,78.935799
1,6110,237.466607
1,6111,89.856776
1,6112,380.662453
1,6113,190.551746
1,6114,350.658580
1,6115,299.442086
1,6116,338.106653
1,6117,283.662991
1,6118,513.046330
1,6119,316.468625
1,6120,480.003190
1,6121,371.290251
1,6122,454.721151
1,6123,86.334488
1,6124,220.716445
1,6125,117.115238
1,6126,391.933635
1,6127,460.005755
1,6128,96.046653
1,6129,244.667954
1,6130,90.886055
1,6131,220.832156
1,6132,186.856851
1,6133,196.891696
1,6134,88.072898
1,6135,337.306495
1,6136,93.845907
1,6137,310.814520
1,6138,92.408242
1,6139,103.442121
1,6140,391.309393
1,6141,291.249530
1,6142,371.637594
1,6143,304.494894
1,6144,99.819490
1,6145,151.973561
1,6146,210.691211
1,6147,300.287398
1,6148,74.286292
1,6149,340.330652
1,6150,86.876816
1,6151,89.278917
1,6152,373.651573
1,6153,121.115325
1,6154,347.982726
1,6155,348.650421
1,6156,104.088804
1,6157,270.779109
1,6158,291.378121
1,6159,62.414526
1,6160,236.370391
1,6161,87.830460
1,6162,354.537149
1,6163,436.565442
1,6164,394.342481
1,6165,430.212882
1,6166,253.068670
1,6167,296.992481
1,6168,311.515256
1,6169,258.960318
1,6170,383.852962
1,6171,318.587027
1,6172,244.748016
1,6173,112.512032
1,6174,222.639355
1,6175,247.999097
1,6176,344.483695
1,6177,101.420120
1,6178,209.490120
1,6179,366.000532
1,6180,104.558628
1,6181,490.749233
1,6182,149.666481
1,6183,351.289782
1,6184,309.317276
1,6185,191.079119
1,6186,85.484241
1,6187,321.888887
1,6188,90.474980
1,6189,309.660457
1,6190,189.062679
1,6191,214.924967
1,6192,227.615609
1,6193,69.211168
1,6194,200.193702
1,6195,300.140250
1,6196,244.458088
1,6197,233.898564
1,6198,113.126875
1,6199,183.881465
1,6200,278.304629
1,6201,323.295778
1,6202,418.095809
1,6203,57.914869
1,6204,231.992364
1,6205,352.692226
1,6206,82.761197
1,6207,284.992040
1,6208,82.478999
1,6209,101.124283
1,6210,301.764425
1,6211,78.023355
1,6212,199.065105
1,6213,91.642985
1,6214,204.192814
1,6215,195.682278
1,6216,106.519600
1,6217,160.133460
1,6218,251.609651
1,6219,109.124895
1,6220,337.188846
1,6221,103.486339
1,6222,148.276074
1,6223,412.965658
1,6224,89.529793
1,6225,378.707098
1,6226,430.054579
1,6227,199.729934
1,6228,491.313543
1,6229,99.553132
1,6230,295.008664
1,6231,325.750000
1,6232,477.356020
1,6233,293.521277
1,6234,255.232181
1,6235,314.498881
1,6236,217.388591
1,6237,321.884691
1,6238,98.688283
1,6239,525.714414
1,6240,88.748515
1,6241,84.531674
1,6242,488.660050
1,6243,435.763073
1,6244,199.866898
1,6245,326.138274
1,6246,285.279655
1,6247,575.396080
1,6248,86.639737
1,6249,346.132484
1,6250,136.617474
1,6251,344.543321
1,6252,295.488937
1,6253,201.914118
1,6254,306.545251
1,6255,301.076612
1,6256,189.425067
1,6257,366.676360
1,6258,270.144862
1,6259,479.012429
1,6260,339.277865
1,6261,490.687607
1,6262,428.054433
1,6263,339.714155
1,6264,82.347479
1,6265,331.354783
1,6266,311.636823
1,6267,380.602617
1,6268,387.218719
1,6269,81.197291
1,6270,365.601933
1,6271,346.441202
1,6272,357.578497
1,6273,423.260539
1,6274,505.297425
1,6275,271.272514
1,6276,315.236428
1,6277,339.785902
1,6278,130.520462
1,6279,365.553369
1,6280,252.998950
1,6281,144.192172
1,6282,196.891697
1,6283,67.887359
1,6284,121.528996
1,6285,240.600941
1,6286,200.904281
1,6287,213.436307
1,6288,84.857828
1,6289,56.633525
1,6290,75.448653
1,6291,137.470317
1,6292,242.896733
1,6293,225.778006
1,6294,83.242613
1,6295,175.792539
1,6296,94.443555
1,6297,274.701242
1,6298,118.694471
1,6299,225.525608
1,6300,53.903788
1,6301,204.881155
1,6302,106.226182
1,6303,258.072280
1,6304,88.298195
1,6305,165.216716
1,6306,61.708879
1,6307,297.182014
1,6308,211.403233
1,6309,239.483631
1,6310,242.063499
1,6311,90.028247
1,6312,165.867119
1,6313,100.262354
1,6314,296.376181
1,6315,363.990723
1,6316,55.199494
1,6317,273.222988
1,6318,183.849141
1,6319,84.789529
1,6320,130.100748
1,6321,84.057171
1,6322,96.742198
1,6323,60.885139
1,6324,270.063589
1,6325,83.587084
1,6326,117.505314
1,6327,263.508303
1,6328,296.857626
1,6329,89.740392
1,6330,201.014473
1,6331,94.164802
1,6332,247.355870
1,6333,84.155345
1,6334,209.008415
1,6335,92.231653
1,6336,88.337801
1,6337,271.763854
1,6338,114.958241
1,6339,266.338850
1,6340,199.631900
1,6341,85.307964
1,6342,245.948854
1,6343,293.507341
1,6344,307.917627
1,6345,358.717724
1,6346,118.721949
1,6347,109.386317
1,6348,118.930482
1,6349,296.608207
1,6350,362.220921
1,6351,254.104377
1,6352,81.827750
1,6353,241.255212
1,6354,80.260229
1,6355,245.629270
1,6356,250.116886
1,6357,184.502905
1,6358,309.292722
1,6359,80.861154
1,6360,267.684090
1,6361,1167.551791
1,6362,261.823521
1,6363,78.308602
1,6364,294.307415
1,6365,182.975406
1,6366,164.464228
1,6367,260.810346
1,6368,80.829054
1,6369,176.148850
1,6370,92.963233
1,6371,169.977474
1,6372,148.773401
1,6373,292.506701
1,6374,340.134975
1,6375,100.005581
1,6376,387.805511
1,6377,235.914927
1,6378,74.487342
1,6379,159.980790
1,6380,293.090379
1,6381,56.580108
1,6382,216.173520
1,6383,334.497946
1,6384,56.550193
1,6385,269.297325
1,6386,534.613497
1,6387,392.623313
1,6388,289.206289
1,6389,274.015579
1,6390,93.594087
1,6391,224.720020
1,6392,98.742005
1,6393,344.538348
1,6394,277.975516
1,6395,322.457515
1,6396,316.680348
1,6397,394.175399
1,6398,141.704918
1,6399,234.382204
1,6400,250.901211
1,6401,85.127679
1,6402,299.879791
1,6403,269.884714
1,6404,86.284781
1,6405,208.013566
1,6406,85.828041
1,6407,213.455219
1,6408,179.853841
1,6409,125.938158
1,6410,171.961049
1,6411,91.631567
1,6412,201.910096
1,6413,132.570931
1,6414,325.053392
1,6415,85.868059
1,6416,239.930094
1,6417,365.491800
1,6418,63.099667
1,6419,212.610855
1,6420,343.776416
1,6421,88.426998
1,6422,249.831695
1,6423,212.883322
1,6424,369.919478
1,6425,103.114269
1,6426,209.012825
1,6427,275.962046
1,6428,118.497496
1,6429,123.606203
1,6430,218.719162
1,6431,347.693904
1,6432,305.454768
1,6433,84.855635
1,6434,264.220416
1,6435,85.832276
1,6436,179.493715
1,6437,331.552856
1,6438,85.255830
1,6439,285.366538
1,6440,84.019658
1,6441,164.858311
1,6442,85.277642
1,6443,390.813899
1,6444,83.802472
1,6445,116.318193
1,6446,309.565528
1,6447,338.757748
1,6448,345.168993
1,6449,242.500912
1,6450,85.027720
1,6451,304.081265
1,6452,243.884866
1,6453,341.246382
1,6454,279.062687
1,6455,372.010365
1,6456,447.571594
1,6457,569.755987
1,6458,89.783436
1,6459,393.635631
1,6460,91.306326
1,6461,446.625320
1,6462,104.683912
1,6463,368.855989
1,6464,272.263310
1,6465,488.110289
1,6466,94.174189
1,6467,238.540277
1,6468,466.244279
1,6469,110.289076
1,6470,611.509655
1,6471,657.548037
1,6472,650.966500
1,6473,70.530695
1,6474,494.150531
1,6475,508.899108
1,6476,586.074637
1,6477,112.063859
1,6478,506.603146
1,6479,438.302035
1,6480,252.593301
1,6481,96.991125
1,6482,418.699204
1,6483,411.816157
1,6484,356.369643
1,6485,103.399115
1,6486,466.954421
1,6487,96.149211
1,6488,297.368937
1,6489,513.551656
1,6490,329.465779
1,6491,562.463170
1,6492,122.950376
1,6493,480.291347
1,6494,620.992291
1,6495,109.336184
1,6496,397.559699
1,6497,780.377531
1,6498,474.918367
1,6499,635.327490
1,6500,433.312725
1,6501,97.488796
1,6502,378.992591
1,6503,276.862879
1,6504,232.399524
1,6505,245.067846
1,6506,402.114575
1,6507,71.597032
1,6508,426.242516
1,6509,296.813790
1,6510,104.608580
1,6511,329.207677
1,6512,394.478547
1,6513,142.316488
1,6514,423.667265
1,6515,438.023461
1,6516,321.442127
1,6517,96.475079
1,6518,235.301807
1,6519,156.156943
1,6520,294.048137
1,6521,83.715150
1,6522,455.078553
1,6523,141.342521
1,6524,112.406497
1,6525,90.730019
1,6526,498.115761
1,6527,105.102662
1,6528,84.189118
1,6529,204.780914
1,6530,369.860263
1,6531,776.283492
1,6532,601.570901
1,6533,107.526243
1,6534,689.898601
1,6535,125.642810
1,6536,217.060175
1,6537,233.411288
1,6538,519.978626
1,6539,147.715761
1,6540,674.681769
1,6541,94.476695
1,6542,483.699543
1,6543,271.580358
1,6544,467.053735
1,6545,98.931121
1,6546,283.714363
1,6547,181.865825
1,6548,599.248871
1,6549,104.174144
1,6550,511.860452
1,6551,231.199027
1,6552,309.690840
1,6553,439.897693
1,6554,475.057135
1,6555,96.358460
1,6556,239.877015
1,6557,461.474935
1,6558,69.221194
1,6559,429.093237
1,6560,356.086777
1,6561,397.497938
1,6562,378.583759
1,6563,97.189266
1,6564,413.493204
1,6565,362.336359
1,6566,252.626174
1,6567,561.622957
1,6568,99.889632
1,6569,189.686345
1,6570,495.830170
1,6571,92.799549
1,6572,244.235283
1,6573,472.271907
1,6574,560.073021
1,6575,432.249771
1,6576,338.996234
1,6577,360.125253
1,6578,112.445699
1,6579,336.651302
1,6580,315.209360
1,6581,90.838959
1,6582,419.556272
1,6583,86.723986
1,6584,501.235085
1,6585,263.078008
1,6586,487.324007
1,6587,90.371030
1,6588,229.897481
1,6589,403.914846
1,6590,789.069477
1,6591,382.005586
1,6592,410.879435
1,6593,129.114432
1,6594,447.227924
1,6595,99.961536
1,6596,390.488839
1,6597,540.283384
1,6598,210.311842
1,6599,100.903582
1,6600,375.624801
1,6601,286.637516
1,6602,425.264754
1,6603,95.040184
1,6604,385.431760
1,6605,617.862865
1,6606,130.939969
1,6607,214.071655
1,6608,251.404774
1,6609,70.472169
1,6610,595.857615
1,6611,576.204856
1,6612,95.260757
1,6613,687.797697
1,6614,584.017786
1,6615,491.728160
1,6616,123.732660
1,6617,195.171450
1,6618,492.633922
1,6619,520.615055
1,6620,547.188912
1,6621,98.133191
1,6622,577.139427
1,6623,560.369304
1,6624,119.738461
1,6625,522.739831
1,6626,365.674169
1,6627,99.607821
1,6628,438.300916
1,6629,279.369174
1,6630,333.498833
1,6631,153.475866
1,6632,194.456979
1,6633,321.984079
1,6634,93.101035
1,6635,585.555695
1,6636,366.024830
1,6637,390.000525
1,6638,488.041972
1,6639,73.508038
1,6640,572.451658
1,6641,98.288212
1,6642,67.357748
1,6643,474.697252
1,6644,407.509663
1,6645,92.350765
1,6646,314.295940
1,6647,246.428838
1,6648,400.674864
1,6649,93.525252
1,6650,72.918737
1,6651,457.380125
1,6652,522.069678
1,6653,426.891970
1,6654,101.808895
1,6655,380.961818
1,6656,99.326718
1,6657,409.556803
1,6658,498.514482
1,6659,348.042839
1,6660,172.993731
1,6661,377.488911
1,6662,137.162026
1,6663,94.292210
1,6664,284.281673
1,6665,91.385533
1,6666,369.366231
1,6667,378.971358
1,6668,456.215685
1,6669,123.234307
1,6670,399.753450
1,6671,331.835376
1,6672,510.859115
1,6673,368.762432
1,6674,125.436168
1,6675,472.954483
1,6676,191.315778
1,6677,542.245279
1,6678,88.052826
1,6679,339.539460
1,6680,440.882195
1,6681,279.572555
1,6682,374.822923
1,6683,363.794376
1,6684,92.868957
1,6685,391.864542
1,6686,419.814217
1,6687,94.142975
1,6688,453.661127
1,6689,628.648679
1,6690,217.697126
1,6691,611.097527
1,6692,306.910049
1,6693,248.057556
1,6694,364.715737
1,6695,180.259668
1,6696,392.834653
1,6697,164.616389
1,6698,465.406662
1,6699,68.740161
1,6700,506.993382
1,6701,349.503526
1,6702,94.739783
1,6703,371.062984
1,6704,111.777347
1,6705,439.153817
1,6706,210.590421
1,6707,288.665972
1,6708,314.286521
1,6709,187.477902
1,6710,106.341038
1,6711,443.392030
1,6712,335.590294
1,6713,479.174619
1,6714,515.763449
1,6715,458.242480
1,6716,114.242165
1,6717,455.002924
1,6718,269.682636
1,6719,245.314854
1,6720,226.223969
1,6721,108.425005
1,6722,473.516807
1,6723,484.039442
1,6724,511.261656
1,6725,65.880036
1,6726,574.384062
1,6727,402.982250
1,6728,93.232233
1,6729,247.807166
1,6730,595.374508
1,6731,113.727788
1,6732,535.090974
1,6733,92.142124
1,6734,330.010534
1,6735,96.257449
1,6736,524.498184
1,6737,458.890333
1,6738,239.025223
1,6739,169.046866
1,6740,269.476120
1,6741,378.398661
1,6742,432.221604
1,6743,477.961351
1,6744,246.380331
1,6745,491.341705
1,6746,91.298769
1,6747,458.007934
1,6748,462.728668
1,6749,108.903609
1,6750,363.247870
1,6751,364.794970
1,6752,507.898448
1,6753,92.936297
1,6754,747.771326
1,6755,574.018959
1,6756,89.671992
1,6757,97.242508
1,6758,446.734548
1,6759,94.323157
1,6760,167.389531
1,6761,488.342552
1,6762,190.945723
1,6763,505.638094
1,6764,294.201402
1,6765,233.273632
1,6766,311.157426
1,6767,429.557081
1,6768,80.552668
1,6769,65.017696
1,6770,348.186144
1,6771,439.647220
1,6772,97.110142
1,6773,376.261453
1,6774,86.453017
1,6775,453.237090
1,6776,436.250295
1,6777,92.404319
1,6778,192.140200
1,6779,98.635947
1,6780,333.980980
1,6781,358.037866
1,6782,91.082785
1,6783,425.037817
1,6784,298.301726
1,6785,421.494052
1,6786,92.242342
1,6787,327.003443
1,6788,495.517462
1,6789,473.966874
1,6790,263.750220
1,6791,99.754476
1,6792,557.006314
1,6793,252.869496
1,6794,72.099836
1,6795,255.742588
1,6796,236.842446
1,6797,372.376479
1,6798,80.066979
1,6799,244.671507
1,6800,488.099245
1,6801,451.020019
1,6802,143.553935
1,6803,349.074591
1,6804,91.068456
1,6805,213.731105
1,6806,371.141884
1,6807,105.107971
1,6808,281.931878
1,6809,108.847869
1,6810,444.489855
1,6811,205.326608
1,6812,457.750648
1,6813,242.148683
1,6814,184.657102
1,6815,380.809741
1,6816,64.388151
1,6817,223.719652
1,6818,132.652352
1,6819,377.280844
1,6820,66.304675
1,6821,335.152090
1,6822,91.576456
1,6823,419.408166
1,6824,114.946755
1,6825,94.035321
1,6826,220.137893
1,6827,292.486532
1,6828,191.117186
1,6829,174.147907
1,6830,506.625895
1,6831,95.864554
1,6832,436.485178
1,6833,338.028639
1,6834,95.079978
1,6835,320.827402
1,6836,104.359405
1,6837,141.148905
1,6838,413.830138
1,6839,93.642320
1,6840,66.966799
1,6841,392.305867
1,6842,90.498585
1,6843,291.400989
1,6844,142.124477
1,6845,90.216665
1,6846,346.709601
1,6847,371.275593
1,6848,301.024326
1,6849,280.557980
1,6850,272.577421
1,6851,435.591842
1,6852,92.265715
1,6853,561.127226
1,6854,397.946604
1,6855,118.014613
1,6856,410.364426
1,6857,368.971010
1,6858,425.783865
1,6859,145.882882
1,6860,254.419890
1,6861,137.324169
1,6862,412.474965
1,6863,313.809751
1,6864,146.339906
1,6865,343.125584
1,6866,65.343291
1,6867,271.538601
1,6868,90.330667
1,6869,130.792503
1,6870,239.359507
1,6871,186.406598
1,6872,222.094319
1,6873,50.657883
1,6874,171.350803
1,6875,74.899520
1,6876,270.536568
1,6877,59.185860
1,6878,211.145213
1,6879,97.592714
1,6880,237.979104
1,6881,102.085258
1,6882,104.281178
1,6883,211.069193
1,6884,281.063597
1,6885,242.293929
1,6886,246.928029
1,6887,358.323363
1,6888,87.210742
1,6889,475.748080
1,6890,541.082373
1,6891,117.699076
1,6892,133.060178
1,6893,313.164897
1,6894,65.739027
1,6895,460.494535
1,6896,96.108156
1,6897,475.397823
1,6898,437.321835
1,6899,88.557942
1,6900,390.033856
1,6901,368.559585
1,6902,108.680594
1,6903,285.993385
1,6904,89.577559
1,6905,109.107760
1,6906,442.550941
1,6907,112.921700
1,6908,76.093903
1,6909,416.136433
1,6910,122.541752
1,6911,300.225590
1,6912,177.226878
1,6913,109.286699
1,6914,342.551994
1,6915,356.919078
1,6916,116.531589
1,6917,433.678400
1,6918,407.474800
1,6919,103.315974
1,6920,394.868381
1,6921,390.425221
1,6922,336.462100
1,6923,274.498992
1,6924,269.053535
1,6925,258.281846
1,6926,440.044923
1,6927,89.303680
1,6928,389.274321
1,6929,94.256733
1,6930,64.858788
1,6931,263.991999
1,6932,90.574138
1,6933,130.135704
1,6934,232.971829
1,6935,202.330790
1,6936,343.046037
1,6937,139.989303
1,6938,152.910203
1,6939,230.134696
1,6940,183.837786
1,6941,179.418149
1,6942,531.512154
1,6943,138.803078
1,6944,141.168797
1,6945,393.899013
1,6946,560.508698
1,6947,243.593610
1,6948,71.602881
1,6949,253.494165
1,6950,81.441475
1,6951,336.368287
1,6952,208.254716
1,6953,330.984486
1,6954,170.490758
1,6955,313.512815
1,6956,82.291758
1,6957,183.936945
1,6958,288.302015
1,6959,64.523166
1,6960,389.006988
1,6961,109.633646
1,6962,176.112639
1,6963,379.761243
1,6964,342.607132
1,6965,173.170144
1,6966,87.608791
1,6967,359.495996
1,6968,270.770872
1,6969,64.165776
1,6970,321.297434
1,6971,377.107103
1,6972,90.914779
1,6973,322.952193
1,6974,89.419782
1,6975,437.834388
1,6976,99.462652
1,6977,380.753264
1,6978,142.006383
1,6979,272.774870
1,6980,318.079745
1,6981,196.660034
1,6982,271.505746
1,6983,94.770339
1,6984,398.980837
1,6985,94.488369
1,6986,192.413306
1,6987,138.067193
1,6988,117.166710
1,6989,432.734851
1,6990,101.754721
1,6991,331.948440
1,6992,545.643458
1,6993,64.258395
1,6994,460.019279
1,6995,88.231970
1,6996,103.772975
1,6997,353.464116
1,6998,100.781901
1,6999,65.665623
1,7000,265.197712
1,7001,327.489331
1,7002,96.811363
1,7003,255.281513
1,7004,415.540109
1,7005,406.716688
1,7006,262.278462
1,7007,71.629897
1,7008,271.106749
1,7009,147.049529
1,7010,110.576647
1,7011,358.401251
1,7012,293.572877
1,7013,101.795477
1,7014,378.332400
1,7015,159.951849
1,7016,109.224363
1,7017,220.951846
1,7018,395.013546
1,7019,124.245768
1,7020,242.569903
1,7021,416.555698
1,7022,86.024095
1,7023,225.224389
1,7024,274.546552
1,7025,365.703875
1,7026,111.617743
1,7027,280.879482
1,7028,366.463899
1,7029,101.711613
1,7030,114.701211
1,7031,351.417023
1,7032,450.506766
1,7033,107.682891
1,7034,108.263168
1,7035,215.150581
1,7036,238.348370
1,7037,89.209586
1,7038,146.879243
1,7039,361.303699
1,7040,100.797670
1,7041,75.199498
1,7042,253.197401
1,7043,486.015247
1,7044,281.939823
1,7045,384.547392
1,7046,130.164047
1,7047,321.264297
1,7048,412.397091
1,7049,129.759764
1,7050,408.613895
1,7051,120.383332
1,7052,191.384985
1,7053,391.561405
1,7054,217.269985
1,7055,323.367814
1,7056,89.138489
1,7057,380.218480
1,7058,326.036625
1,7059,160.326588
1,7060,235.441126
1,7061,279.930185
1,7062,95.816142
1,7063,394.770325
1,7064,89.733374
1,7065,444.627027
1,7066,243.653701
1,7067,476.219951
1,7068,494.880715
1,7069,117.380707
1,7070,333.040176
1,7071,259.849358
1,7072,533.396673
1,7073,288.107129
1,7074,190.166061
1,7075,354.514168
1,7076,99.591919
1,7077,379.547704
1,7078,90.071853
1,7079,385.197312
1,7080,353.217827
1,7081,85.971061
1,7082,411.643633
1,7083,90.805642
1,7084,393.761034
1,7085,88.916277
1,7086,550.219758
1,7087,307.402541
1,7088,61.336591
1,7089,285.056221
1,7090,274.318533
1,7091,545.258321
1,7092,104.382976
1,7093,350.207207
1,7094,92.826894
1,7095,286.273417
1,7096,95.927809
1,7097,268.701487
1,7098,474.856598
1,7099,92.676418
1,7100,437.499202
1,7101,311.183083
1,7102,422.507244
1,7103,83.353316
1,7104,397.796499
1,7105,353.337925
1,7106,89.580548
1,7107,163.959538
1,7108,532.299393
1,7109,450.839472
1,7110,53.415878
1,7111,354.179832
1,7112,209.184238
1,7113,311.611608
1,7114,87.493683
1,7115,261.492701
1,7116,463.016820
1,7117,112.713181
1,7118,528.983236
1,7119,452.121630
1,7120,233.561225
1,7121,340.126233
1,7122,94.260443
1,7123,341.889014
1,7124,171.217444
1,7125,105.473263
1,7126,193.586254
1,7127,249.438986
1,7128,296.202071
1,7129,437.430511
1,7130,439.242218
1,7131,464.307904
1,7132,131.454422
1,7133,518.336798
1,7134,119.490312
1,7135,294.684620
1,7136,128.802431
1,7137,128.745386
1,7138,294.696880
1,7139,205.351302
1,7140,98.280278
1,7141,398.522216
1,7142,126.555297
1,7143,207.229887
1,7144,893.646150
1,7145,337.526447
1,7146,223.256925
1,7147,113.260171
1,7148,758.542899
1,7149,336.782061
1,7150,433.596360
1,7151,98.384937
1,7152,547.372445
1,7153,361.223867
1,7154,267.095934
1,7155,194.277128
1,7156,347.112654
1,7157,322.946988
1,7158,213.180844
1,7159,204.531367
1,7160,457.948817
1,7161,334.138034
1,7162,105.157290
1,7163,241.048496
1,7164,256.803153
1,7165,353.491830
1,7166,335.522388
1,7167,313.881017
1,7168,103.554525
1,7169,398.990080
1,7170,99.515238
1,7171,130.837526
1,7172,285.538997
1,7173,101.457269
1,7174,319.026322
1,7175,380.866537
1,7176,63.456024
1,7177,220.396472
1,7178,185.672682
1,7179,84.437675
1,7180,240.237618
1,7181,172.635023
1,7182,274.276775
1,7183,115.058393
1,7184,525.932108
1,7185,245.774920
1,7186,97.103738
1,7187,379.025132
1,7188,302.021110
1,7189,132.022956
1,7190,90.866320
1,7191,326.286776
1,7192,269.666272
1,7193,331.624322
1,7194,299.194987
1,7195,193.178834
1,7196,373.330857
1,7197,276.130293
1,7198,70.960197
1,7199,215.912058
1,7200,235.905643
1,7201,404.286695
1,7202,175.436447
1,7203,475.708549
1,7204,298.848034
1,7205,98.390055
1,7206,199.815826
1,7207,101.190670
1,7208,193.826042
1,7209,342.359678
1,7210,486.683426
1,7211,356.734499
1,7212,129.677432
1,7213,254.574654
1,7214,72.388624
1,7215,515.121073
1,7216,98.260878
1,7217,321.324133
1,7218,299.577334
1,7219,312.407923
1,7220,179.542134
1,7221,352.260130
1,7222,466.033404
1,7223,103.766171
1,7224,85.481864
1,7225,373.357828
1,7226,97.012220
1,7227,221.095099
1,7228,320.152911
1,7229,103.551344
1,7230,462.312786
1,7231,95.284153
1,7232,474.740404
1,7233,310.452250
1,7234,275.283719
1,7235,135.938740
1,7236,337.137035
1,7237,66.600182
1,7238,386.058845
1,7239,156.201685
1,7240,250.252812
1,7241,271.225710
1,7242,97.624442
1,7243,487.171932
1,7244,102.246938
1,7245,236.086079
1,7246,299.046702
1,7247,138.605287
1,7248,515.632870
1,7249,95.467553
1,7250,300.954140
1,7251,352.759023
1,7252,129.428039
1,7253,205.870679
1,7254,322.747481
1,7255,169.771928
1,7256,115.728519
1,7257,270.912375
1,7258,293.395607
1,7259,141.590437
1,7260,132.616070
1,7261,101.700544
1,7262,216.574488
1,7263,315.508801
1,7264,207.957729
1,7265,357.049180
1,7266,214.618293
1,7267,411.455915
1,7268,398.952906
1,7269,355.257719
1,7270,343.362518
1,7271,104.533976
1,7272,218.465572
1,7273,245.654499
1,7274,338.844870
1,7275,109.734654
1,7276,375.680807
1,7277,163.834006
1,7278,418.011531
1,7279,361.615338
1,7280,213.751293
1,7281,118.258438
1,7282,156.482151
1,7283,440.928468
1,7284,345.449132
1,7285,97.537978
1,7286,313.012935
1,7287,99.860007
1,7288,394.193966
1,7289,457.458198
1,7290,122.157152
1,7291,454.661644
1,7292,104.997305
1,7293,367.124401
1,7294,106.691197
1,7295,263.774680
1,7296,100.994527
1,7297,503.703460
1,7298,116.622337
1,7299,215.313926
1,7300,242.544126
1,7301,198.581565
1,7302,168.896949
1,7303,394.441522
1,7304,95.903156
1,7305,369.407686
1,7306,271.161079
1,7307,490.709715
1,7308,246.359217
1,7309,236.807256
1,7310,198.856533
1,7311,159.605300
1,7312,332.938976
1,7313,486.550757
1,7314,176.351369
1,7315,469.719955
1,7316,115.759336
1,7317,193.962173
1,7318,440.713483
1,7319,174.636439
1,7320,177.833444
1,7321,186.718770
1,7322,175.779391
1,7323,307.633122
1,7324,96.324682
1,7325,424.406134
1,7326,167.980300
1,7327,480.747190
1,7328,110.864188
1,7329,222.885991
1,7330,99.150028
1,7331,111.914645
1,7332,173.874963
1,7333,105.963746
1,7334,108.678662
1,7335,315.022261
1,7336,66.677637
1,7337,282.570740
1,7338,415.485250
1,7339,195.043524
1,7340,132.462633
1,7341,269.278682
1,7342,279.460942
1,7343,91.323474
1,7344,310.201498
1,7345,78.483861
1,7346,252.729246
1,7347,122.969089
1,7348,216.895727
1,7349,443.740683
1,7350,372.053150
1,7351,91.122884
1,7352,129.911642
1,7353,131.376303
1,7354,408.039946
1,7355,90.439419
1,7356,461.533649
1,7357,104.618230
1,7358,359.756744
1,7359,142.841833
1,7360,291.127955
1,7361,159.451242
1,7362,319.163775
1,7363,281.934250
1,7364,102.870323
1,7365,185.400283
1,7366,313.275283
1,7367,268.156081
1,7368,420.805875
1,7369,191.664350
1,7370,295.935939
1,7371,101.731149
1,7372,370.593414
1,7373,179.385835
1,7374,364.422060
1,7375,69.276095
1,7376,290.475788
1,7377,101.787778
1,7378,96.273919
1,7379,247.172356
1,7380,113.193426
1,7381,116.685087
1,7382,161.204099
1,7383,258.651059
1,7384,95.803009
1,7385,211.109753
1,7386,95.836635
1,7387,326.975921
1,7388,133.145995
1,7389,186.011007
1,7390,456.272855
1,7391,150.681155
1,7392,99.852213
1,7393,358.654719
1,7394,359.971132
1,7395,226.306182
1,7396,306.947901
1,7397,132.575607
1,7398,320.717436
1,7399,147.003934
1,7400,212.654682
1,7401,437.056644
1,7402,96.980735
1,7403,179.604490
1,7404,355.116848
1,7405,416.891206
1,7406,98.028813
1,7407,234.098778
1,7408,95.958554
1,7409,303.355997
1,7410,135.546388
1,7411,380.161283
1,7412,666.385306
1,7413,188.244111
1,7414,347.013391
1,7415,124.207448
1,7416,260.189859
1,7417,415.076490
1,7418,413.908030
1,7419,110.149218
1,7420,233.564073
1,7421,177.385866
1,7422,93.909171
1,7423,294.460372
1,7424,104.402174
1,7425,403.852750
1,7426,128.163470
1,7427,407.600357
1,7428,129.222330
1,7429,152.197876
1,7430,292.992734
1,7431,467.268040
1,7432,350.020522
1,7433,117.361348
1,7434,140.619639
1,7435,366.882120
1,7436,324.941763
1,7437,148.566891
1,7438,434.544288
1,7439,272.481472
1,7440,94.582877
1,7441,1185.150349
1,7442,179.311887
1,7443,140.012185
1,7444,487.420471
1,7445,334.336023
1,7446,504.204438
1,7447,90.761317
1,7448,411.164834
1,7449,224.853005
1,7450,338.305982
1,7451,120.284093
1,7452,216.041073
1,7453,248.466932
1,7454,319.215402
1,7455,359.203150
1,7456,318.686889
1,7457,98.715785
1,7458,175.290038
1,7459,129.452753
1,7460,208.218995
1,7461,181.278411
1,7462,299.886810
1,7463,103.511068
1,7464,177.228374
1,7465,100.389114
1,7466,296.332991
1,7467,94.550184
1,7468,270.434402
1,7469,221.074518
1,7470,95.194313
1,7471,380.572300
1,7472,225.611298
1,7473,207.120426
1,7474,330.587099
1,7475,74.507812
1,7476,344.309736
1,7477,310.287898
1,7478,237.903610
1,7479,450.332659
1,7480,188.012113
1,7481,271.642363
1,7482,120.334325
1,7483,398.762090
1,7484,297.571565
1,7485,199.333630
1,7486,107.914705
1,7487,278.336961
1,7488,232.993152
1,7489,271.896846
1,7490,214.338593
1,7491,107.988056
1,7492,290.071608
1,7493,254.104980
1,7494,70.723248
1,7495,365.235546
1,7496,222.626036
1,7497,248.078568
1,7498,197.700293
1,7499,284.830355
1,7500,372.495982
1,7501,214.558851
1,7502,70.101067
1,7503,375.064872
1,7504,101.125166
1,7505,350.555366
1,7506,100.577868
1,7507,358.962689
1,7508,93.032551
1,7509,108.109153
1,7510,309.327902
1,7511,327.172174
1,7512,93.488192
1,7513,177.805493
1,7514,99.170863
1,7515,229.217818
1,7516,145.360045
1,7517,129.613422
1,7518,187.975434
1,7519,250.311710
1,7520,283.163616
1,7521,97.639487
1,7522,179.109281
1,7523,165.221259
1,7524,473.306227
1,7525,103.739783
1,7526,530.190274
1,7527,135.966657
1,7528,454.421139
1,7529,115.933228
1,7530,283.765174
1,7531,257.004376
1,7532,448.106137
1,7533,155.620779
1,7534,92.852331
1,7535,406.627334
1,7536,137.774983
1,7537,413.275729
1,7538,175.360103
1,7539,283.818413
1,7540,315.270759
1,7541,102.086530
1,7542,149.119628
1,7543,52.278031
1,7544,376.976584
1,7545,93.652684
1,7546,259.531949
1,7547,254.999081
1,7548,260.600185
1,7549,299.601263
1,7550,297.008521
1,7551,65.398935
1,7552,131.083045
1,7553,266.055454
1,7554,88.320111
1,7555,234.688515
1,7556,198.081769
1,7557,218.883945
1,7558,280.338325
1,7559,475.888775
1,7560,118.375402
1,7561,225.776822
1,7562,273.305519
1,7563,268.170230
1,7564,261.289300
1,7565,92.088690
1,7566,167.915029
1,7567,184.717087
1,7568,101.652321
1,7569,66.860295
1,7570,325.414731
1,7571,90.284225
1,7572,184.493665
1,7573,447.694856
1,7574,67.033745
1,7575,338.909800
1,7576,154.833792
1,7577,295.677325
1,7578,96.656054
1,7579,217.256471
1,7580,95.636297
1,7581,345.723493
1,7582,181.109589
1,7583,272.455673
1,7584,371.609251
1,7585,114.306215
1,7586,82.372236
1,7587,306.246024
1,7588,112.764513
1,7589,162.783811
1,7590,150.593578
1,7591,267.450175
1,7592,234.797555
1,7593,98.961591
1,7594,235.875564
1,7595,132.677873
1,7596,252.785254
1,7597,226.632333
1,7598,112.905139
1,7599,411.221058
1,7600,91.746684
1,7601,222.163116
1,7602,90.463177
1,7603,305.282906
1,7604,179.334942
1,7605,240.705394
1,7606,89.752964
1,7607,158.459182
1,7608,184.640050
1,7609,304.023252
1,7610,84.175543
1,7611,307.699299
1,7612,94.742391
1,7613,295.107030
1,7614,295.399300
1,7615,271.033731
1,7616,126.433030
1,7617,115.544577
1,7618,68.394018
1,7619,337.078302
1,7620,90.479993
1,7621,430.002554
1,7622,296.185944
1,7623,297.670845
1,7624,111.481213
1,7625,244.902333
1,7626,124.150267
1,7627,227.371644
1,7628,285.255589
1,7629,285.102656
1,7630,337.547878
1,7631,99.170834
1,7632,84.599201
1,7633,328.679837
1,7634,499.601533
1,7635,535.391378
1,7636,377.704775
1,7637,398.709280
1,7638,280.551775
1,7639,69.702874
1,7640,297.783166
1,7641,100.153947
1,7642,332.740590
1,7643,216.698955
1,7644,306.106957
1,7645,170.152771
1,7646,122.762790
1,7647,253.452349
1,7648,90.463899
1,7649,210.136966
1,7650,405.693146
1,7651,111.677158
1,7652,397.915965
1,7653,96.821565
1,7654,226.714173
1,7655,500.967445
1,7656,379.160699
1,7657,339.324714
1,7658,225.330780
1,7659,124.182476
1,7660,162.924662
1,7661,82.485473
1,7662,196.216998
1,7663,270.496200
1,7664,418.421116
1,7665,200.859099
1,7666,425.454771
1,7667,115.980668
1,7668,116.678758
1,7669,203.124059
1,7670,247.370153
1,7671,82.750475
1,7672,258.609945
1,7673,82.679736
1,7674,119.924177
1,7675,86.802049
1,7676,205.782800
1,7677,292.988275
1,7678,316.482966
1,7679,336.157926
1,7680,291.309790
1,7681,172.476779
1,7682,114.089188
1,7683,285.360122
1,7684,321.203236
1,7685,400.214774
1,7686,82.212404
1,7687,330.799462
1,7688,60.333510
1,7689,282.810408
1,7690,231.049699
1,7691,81.037591
1,7692,172.074484
1,7693,309.951243
1,7694,248.497040
1,7695,309.208538
1,7696,327.564876
1,7697,343.466718
1,7698,390.691016
1,7699,82.525928
1,7700,129.170119
1,7701,315.403997
1,7702,122.191633
1,7703,190.864215
1,7704,132.493654
1,7705,94.562751
1,7706,262.103001
1,7707,69.270354
1,7708,258.936514
1,7709,200.873101
1,7710,193.314135
1,7711,272.737297
1,7712,352.795390
1,7713,74.394955
1,7714,206.520931
1,7715,108.066605
1,7716,297.464847
1,7717,79.342310
1,7718,285.324807
1,7719,141.640306
1,7720,325.619848
1,7721,298.958653
1,7722,94.706788
1,7723,414.761740
1,7724,355.913701
1,7725,370.968742
1,7726,437.484939
1,7727,343.947460
1,7728,91.197542
1,7729,229.126394
1,7730,84.256286
1,7731,235.452764
1,7732,323.493071
1,7733,82.218447
1,7734,156.717453
1,7735,262.985505
1,7736,122.145957
1,7737,159.174477
1,7738,81.658600
1,7739,775.491231
1,7740,85.084613
1,7741,310.967867
1,7742,133.063190
1,7743,235.260195
1,7744,81.526152
1,7745,161.157184
1,7746,314.447732
1,7747,354.171926
1,7748,81.528046
1,7749,68.826979
1,7750,284.722947
1,7751,80.981187
1,7752,366.107115
1,7753,94.433908
1,7754,181.042216
1,7755,521.453781
1,7756,81.087771
1,7757,337.145618
1,7758,79.895957
1,7759,258.992260
1,7760,200.411099
1,7761,211.113477
1,7762,262.275040
1,7763,273.783489
1,7764,184.455032
1,7765,200.128652
1,7766,372.044723
1,7767,79.601833
1,7768,155.906923
1,7769,209.130187
1,7770,225.982348
1,7771,159.388788
1,7772,93.549116
1,7773,290.147652
1,7774,224.217604
1,7775,81.885014
1,7776,183.235862
1,7777,165.164665
1,7778,257.046453
1,7779,113.050849
1,7780,78.273676
1,7781,299.371104
1,7782,159.835864
1,7783,163.955770
1,7784,215.405024
1,7785,258.887075
1,7786,225.003978
1,7787,339.162432
1,7788,110.301516
1,7789,153.626441
1,7790,77.616200
1,7791,168.528985
1,7792,77.046331
1,7793,227.215291
1,7794,76.850427
1,7795,86.105885
1,7796,252.611229
1,7797,286.328775
1,7798,324.321883
1,7799,272.124845
1,7800,163.946277
1,7801,285.247013
1,7802,82.725097
1,7803,272.132478
1,7804,132.122340
1,7805,193.278233
1,7806,241.561976
1,7807,526.066977
1,7808,203.245975
1,7809,264.295578
1,7810,324.252970
1,7811,169.025640
1,7812,360.177952
1,7813,286.916094
1,7814,241.328157
1,7815,200.136208
1,7816,72.087118
1,7817,272.000616
1,7818,73.935252
1,7819,220.033397
1,7820,318.874011
1,7821,286.586827
1,7822,78.354931
1,7823,320.338887
1,7824,282.727080
1,7825,271.596736
1,7826,262.272418
1,7827,341.857288
1,7828,112.151073
1,7829,94.267680
1,7830,111.480121
1,7831,279.220175
1,7832,242.020124
1,7833,295.848108
1,7834,240.298812
1,7835,356.498769
1,7836,230.864506
1,7837,144.744688
1,7838,406.951125
1,7839,98.188959
1,7840,278.494751
1,7841,352.014960
1,7842,333.233732
1,7843,329.161369
1,7844,316.795664
1,7845,82.907469
1,7846,227.717510
1,7847,373.546183
1,7848,132.098932
1,7849,228.302153
1,7850,382.676918
1,7851,340.464296
1,7852,324.187815
1,7853,302.248695
1,7854,122.106430
1,7855,346.355436
1,7856,273.601390
1,7857,316.051663
1,7858,81.414853
1,7859,156.789171
1,7860,233.973553
1,7861,312.264102
1,7862,310.517279
1,7863,80.209685
1,7864,364.569603
1,7865,88.525623
1,7866,411.483138
1,7867,505.409709
1,7868,403.901684
1,7869,78.893121
1,7870,59.747554
1,7871,298.980403
1,7872,79.730635
1,7873,253.411270
1,7874,164.428451
1,7875,232.748706
1,7876,137.546351
1,7877,245.694806
1,7878,216.180352
1,7879,162.542833
1,7880,69.459160
1,7881,156.649786
1,7882,226.852491
1,7883,104.226903
1,7884,179.544137
1,7885,204.156532
1,7886,148.830061
1,7887,136.240222
1,7888,294.100385
1,7889,345.181880
1,7890,233.471018
1,7891,164.192854
1,7892,142.009421
1,7893,113.338525
1,7894,247.185010
1,7895,272.167128
1,7896,85.293527
1,7897,276.511296
1,7898,84.583326
1,7899,161.649226
1,7900,63.285444
1,7901,117.766091
1,7902,282.961760
1,7903,324.260184
1,7904,241.794045
1,7905,306.308734
1,7906,219.426555
1,7907,127.184913
1,7908,269.641431
1,7909,284.642297
1,7910,168.468206
1,7911,253.604454
1,7912,247.218444
1,7913,345.062408
1,7914,237.040326
1,7915,267.810141
1,7916,99.251278
1,7917,394.840384
1,7918,77.843718
1,7919,275.381308
1,7920,82.653973
1,7921,183.706324
1,7922,187.416293
1,7923,304.816508
1,7924,80.994351
1,7925,184.046246
1,7926,644.818146
1,7927,644.377914
1,7928,299.012878
1,7929,281.682617
1,7930,56.706477
1,7931,329.378521
1,7932,333.681364
1,7933,346.944435
1,7934,279.721519
1,7935,252.706685
1,7936,88.633505
1,7937,108.901869
1,7938,387.707021
1,7939,243.246780
1,7940,349.792408
1,7941,433.694435
1,7942,439.501564
1,7943,374.120333
1,7944,358.205681
1,7945,105.158603
1,7946,357.985853
1,7947,288.046822
1,7948,561.500078
1,7949,431.494219
1,7950,344.234077
1,7951,401.629488
1,7952,90.874214
1,7953,355.628193
1,7954,356.324395
1,7955,394.651000
1,7956,489.429821
1,7957,269.408721
1,7958,244.320241
1,7959,426.259345
1,7960,64.545370
1,7961,189.859966
1,7962,325.205203
1,7963,345.891009
1,7964,351.676900
1,7965,264.499637
1,7966,337.482669
1,7967,331.182233
1,7968,106.948357
1,7969,110.800680
1,7970,468.228615
1,7971,132.594752
1,7972,351.615225
1,7973,407.330802
1,7974,90.420781
1,7975,373.474112
1,7976,88.340163
1,7977,170.766731
1,7978,152.704579
1,7979,263.012207
1,7980,294.723138
1,7981,155.412174
1,7982,272.898853
1,7983,71.706082
1,7984,239.459933
1,7985,304.069805
1,7986,75.124597
1,7987,98.082145
1,7988,421.253360
1,7989,295.446473
1,7990,76.975520
1,7991,421.059654
1,7992,306.802875
1,7993,383.036222
1,7994,78.939648
1,7995,239.122661
1,7996,88.600530
1,7997,379.999580
1,7998,189.090300
1,7999,350.094456
1,8000,300.949260
1,8001,341.151846
1,8002,283.689575
1,8003,517.172609
1,8004,318.016621
1,8005,477.354723
1,8006,370.941267
1,8007,453.547927
1,8008,86.339188
1,8009,219.218895
1,8010,117.301885
1,8011,391.255056
1,8012,460.123540
1,8013,94.763600
1,8014,243.826268
1,8015,91.479701
1,8016,221.174716
1,8017,188.011137
1,8018,195.480399
1,8019,88.077817
1,8020,336.337715
1,8021,92.325423
1,8022,310.136214
1,8023,91.001666
1,8024,104.110906
1,8025,392.039496
1,8026,290.767421
1,8027,373.060950
1,8028,307.662478
1,8029,100.199342
1,8030,152.867688
1,8031,209.004403
1,8032,297.141806
1,8033,74.289098
1,8034,344.170223
1,8035,87.387292
1,8036,89.928983
1,8037,374.099088
1,8038,121.887598
1,8039,348.607505
1,8040,348.195973
1,8041,103.141830
1,8042,269.299188
1,8043,289.427441
1,8044,62.415593
1,8045,234.879765
1,8046,88.417049
1,8047,353.897999
1,8048,433.848816
1,8049,394.953712
1,8050,430.517382
1,8051,251.454189
1,8052,295.538669
1,8053,310.608640
1,8054,256.850356
1,8055,380.226385
1,8056,315.993783
1,8057,244.156729
1,8058,113.401095
1,8059,224.153056
1,8060,250.579221
1,8061,344.657929
1,8062,102.041372
1,8063,209.525624
1,8064,363.284176
1,8065,103.686684
1,8066,493.878992
1,8067,147.751736
1,8068,350.665516
1,8069,308.793019
1,8070,190.131962
1,8071,85.489081
1,8072,326.341065
1,8073,89.182117
1,8074,309.660609
1,8075,189.099394
1,8076,216.702073
1,8077,229.820078
1,8078,69.213206
1,8079,200.954963
1,8080,302.026787
1,8081,246.931754
1,8082,236.302858
1,8083,113.716955
1,8084,185.875708
1,8085,280.153574
1,8086,325.853266
1,8087,417.577238
1,8088,57.915829
1,8089,230.917172
1,8090,350.842333
1,8091,82.765134
1,8092,284.248251
1,8093,82.483077
1,8094,101.868040
1,8095,303.334898
1,8096,78.445016
1,8097,201.190554
1,8098,89.950651
1,8099,203.511653
1,8100,195.220360
1,8101,108.344660
1,8102,160.154112
1,8103,253.261618
1,8104,110.130213
1,8105,337.491357
1,8106,103.950404
1,8107,148.302158
1,8108,414.788000
1,8109,89.948454
1,8110,378.847578
1,8111,430.958460
1,8112,198.823396
1,8113,493.892403
1,8114,100.097818
1,8115,294.972077
1,8116,322.707650
1,8117,476.718216
1,8118,293.920162
1,8119,256.964888
1,8120,315.176737
1,8121,216.635677
1,8122,321.234116
1,8123,99.197016
1,8124,526.767978
1,8125,89.149293
1,8126,84.536389
1,8127,490.820836
1,8128,437.759579
1,8129,198.691692
1,8130,326.999520
1,8131,285.287404
1,8132,573.692970
1,8133,85.640788
1,8134,347.291192
1,8135,137.426145
1,8136,345.266929
1,8137,294.323183
1,8138,201.465008
1,8139,304.488313
1,8140,299.041917
1,8141,188.304928
1,8142,367.239172
1,8143,269.376250
1,8144,478.410216
1,8145,338.470661
1,8146,494.880757
1,8147,427.724548
1,8148,339.699975
1,8149,82.351887
1,8150,330.943859
1,8151,310.607087
1,8152,381.430044
1,8153,386.948622
1,8154,81.201602
1,8155,365.619018
1,8156,346.665507
1,8157,357.346685
1,8158,424.744174
1,8159,504.976656
1,8160,269.897248
1,8161,315.292108
1,8162,339.601103
1,8163,131.253640
1,8164,365.623064
1,8165,251.237970
1,8166,142.920588
1,8167,197.198695
1,8168,67.889350
1,8169,120.683356
1,8170,239.720061
1,8171,199.274911
1,8172,214.092490
1,8173,85.356828
1,8174,56.634347
1,8175,75.451935
1,8176,139.069364
1,8177,242.919243
1,8178,225.300220
1,8179,83.648385
1,8180,174.586826
1,8181,95.206648
1,8182,275.260520
1,8183,118.704560
1,8184,225.570067
1,8185,53.904882
1,8186,204.913234
1,8187,107.170132
1,8188,258.453169
1,8189,86.852546
1,8190,163.854346
1,8191,61.710018
1,8192,297.126307
1,8193,212.219661
1,8194,240.552808
1,8195,243.490837
1,8196,88.573461
1,8197,166.338157
1,8198,99.285201
1,8199,296.055831
1,8200,363.592407
1,8201,55.200717
1,8202,274.591200
1,8203,183.602262
1,8204,84.794140
1,8205,128.116754
1,8206,84.061794
1,8207,94.936451
1,8208,60.886345
1,8209,268.289367
1,8210,83.591717
1,8211,117.516564
1,8212,262.553552
1,8213,296.264655
1,8214,88.190901
1,8215,201.771832
1,8216,92.653580
1,8217,246.297591
1,8218,84.159942
1,8219,207.813340
1,8220,92.963548
1,8221,86.921101
1,8222,270.449793
1,8223,114.969301
1,8224,265.540823
1,8225,198.110194
1,8226,85.765088
1,8227,245.319885
1,8228,292.586750
1,8229,307.308677
1,8230,357.511618
1,8231,118.733193
1,8232,105.653435
1,8233,118.941646
1,8234,295.766388
1,8235,360.700014
1,8236,253.094723
1,8237,81.832097
1,8238,239.708562
1,8239,80.264540
1,8240,242.780491
1,8241,248.480297
1,8242,185.359924
1,8243,305.200145
1,8244,80.865368
1,8245,267.321489
1,8246,1167.848678
1,8247,263.314363
1,8248,78.727265
1,8249,294.754784
1,8250,183.465626
1,8251,165.158434
1,8252,262.575477
1,8253,80.832124
1,8254,176.173230
1,8255,89.939943
1,8256,169.938579
1,8257,150.899662
1,8258,290.316101
1,8259,338.157502
1,8260,98.832449
1,8261,387.094316
1,8262,236.483646
1,8263,73.094078
1,8264,161.503828
1,8265,294.023537
1,8266,56.580108
1,8267,218.478025
1,8268,338.069874
1,8269,56.550984
1,8270,272.240587
1,8271,541.903846
1,8272,397.071592
1,8273,291.423270
1,8274,273.300792
1,8275,94.145684
1,8276,224.151365
1,8277,99.379283
1,8278,344.031415
1,8279,279.864905
1,8280,325.239522
1,8281,317.456038
1,8282,396.486584
1,8283,143.329527
1,8284,234.426847
1,8285,249.045230
1,8286,85.131822
1,8287,299.131678
1,8288,268.411145
1,8289,86.289017
1,8290,208.045140
1,8291,85.832325
1,8292,211.923897
1,8293,178.782871
1,8294,126.384902
1,8295,170.106210
1,8296,89.910801
1,8297,201.548103
1,8298,133.059700
1,8299,326.164300
1,8300,85.872469
1,8301,237.401690
1,8302,364.593662
1,8303,63.100820
1,8304,210.806723
1,8305,341.799018
1,8306,87.067007
1,8307,247.545047
1,8308,211.135948
1,8309,367.533698
1,8310,103.833812
1,8311,208.086238
1,8312,275.404894
1,8313,118.508201
1,8314,124.008093
1,8315,219.838408
1,8316,346.340834
1,8317,304.142316
1,8318,84.859998
1,8319,262.986176
1,8320,86.220525
1,8321,177.883021
1,8322,330.085711
1,8323,85.260137
1,8324,283.865454
1,8325,84.023939
1,8326,163.485976
1,8327,85.281894
1,8328,390.489123
1,8329,83.806693
1,8330,116.328415
1,8331,306.842180
1,8332,338.136798
1,8333,344.929332
1,8334,242.877907
1,8335,85.029616
1,8336,304.459718
1,8337,244.232084
1,8338,345.346584
1,8339,283.951661
1,8340,377.404257
1,8341,453.024936
1,8342,570.467298
1,8343,89.787037
1,8344,397.151996
1,8345,91.310171
1,8346,454.191745
1,8347,104.689880
1,8348,373.953577
1,8349,269.921991
1,8350,489.828055
1,8351,94.178566
1,8352,238.353321
1,8353,463.329591
1,8354,110.293865
1,8355,616.595803
1,8356,666.510856
1,8357,652.650529
1,8358,70.531931
1,8359,490.667924
1,8360,507.160377
1,8361,587.136504
1,8362,112.071040
1,8363,502.486465
1,8364,435.423786
1,8365,251.461532
1,8366,96.996106
1,8367,426.217833
1,8368,414.412495
1,8369,357.607157
1,8370,103.406597
1,8371,470.205422
1,8372,96.154273
1,8373,300.336110
1,8374,514.541981
1,8375,329.890659
1,8376,562.133912
1,8377,124.430070
1,8378,479.227105
1,8379,615.792763
1,8380,108.495222
1,8381,405.217510
1,8382,782.107582
1,8383,479.755039
1,8384,637.756719
1,8385,430.226396
1,8386,102.574176
1,8387,381.998993
1,8388,277.248146
1,8389,226.924911
1,8390,245.475451
1,8391,400.313363
1,8392,75.875379
1,8393,426.538017
1,8394,296.202829
1,8395,104.187554
1,8396,329.978154
1,8397,393.229244
1,8398,147.537898
1,8399,425.514544
1,8400,439.089091
1,8401,321.883896
1,8402,94.801172
1,8403,235.620854
1,8404,156.175095
1,8405,296.420340
1,8406,83.718216
1,8407,458.634896
1,8408,141.354316
1,8409,112.639286
1,8410,90.733665
1,8411,495.139867
1,8412,105.108299
1,8413,84.577279
1,8414,205.076248
1,8415,372.449779
1,8416,786.422103
1,8417,606.376178
1,8418,107.532588
1,8419,694.884623
1,8420,126.419931
1,8421,215.852247
1,8422,231.924405
1,8423,522.623448
1,8424,148.931756
1,8425,676.224138
1,8426,96.392206
1,8427,483.107121
1,8428,275.563424
1,8429,466.318457
1,8430,106.319950
1,8431,284.337533
1,8432,183.902538
1,8433,596.592303
1,8434,114.144046
1,8435,521.334321
1,8436,229.818982
1,8437,309.334641
1,8438,440.775037
1,8439,473.364443
1,8440,99.138852
1,8441,237.779876
1,8442,463.131019
1,8443,69.222489
1,8444,432.161214
1,8445,355.573053
1,8446,398.961724
1,8447,375.470635
1,8448,102.328287
1,8449,410.901578
1,8450,361.531592
1,8451,252.320618
1,8452,555.280053
1,8453,100.135133
1,8454,193.192684
1,8455,496.619181
1,8456,94.625501
1,8457,245.542158
1,8458,471.336142
1,8459,553.720911
1,8460,435.224543
1,8461,333.504033
1,8462,356.869417
1,8463,112.647197
1,8464,337.656546
1,8465,322.139165
1,8466,89.281712
1,8467,419.879307
1,8468,86.727150
1,8469,497.425039
1,8470,262.313956
1,8471,484.316586
1,8472,90.374711
1,8473,227.482266
1,8474,406.647318
1,8475,788.824512
1,8476,383.191051
1,8477,411.287903
1,8478,130.647483
1,8479,449.883373
1,8480,100.156406
1,8481,396.971239
1,8482,545.920715
1,8483,211.970151
1,8484,103.107979
1,8485,378.694782
1,8486,289.773151
1,8487,426.201863
1,8488,95.044830
1,8489,387.706040
1,8490,616.995962
1,8491,132.747700
1,8492,212.218280
1,8493,252.724574
1,8494,70.473415
1,8495,599.366190
1,8496,576.726106
1,8497,95.265579
1,8498,689.566860
1,8499,585.928132
1,8500,492.631937
1,8501,121.748111
1,8502,197.587282
1,8503,490.089706
1,8504,520.943703
1,8505,546.201299
1,8506,102.623638
1,8507,576.000796
1,8508,558.563606
1,8509,120.071852
1,8510,522.265031
1,8511,367.001458
1,8512,101.224743
1,8513,441.893038
1,8514,278.920467
1,8515,331.314314
1,8516,159.827478
1,8517,194.999800
1,8518,323.744616
1,8519,93.105800
1,8520,588.429154
1,8521,369.655512
1,8522,392.312888
1,8523,490.737272
1,8524,76.383961
1,8525,570.798342
1,8526,108.916284
1,8527,67.358959
1,8528,473.296092
1,8529,406.504467
1,8530,94.373973
1,8531,312.510862
1,8532,250.617034
1,8533,402.660814
1,8534,98.680352
1,8535,74.609591
1,8536,456.287954
1,8537,526.030590
1,8538,430.566850
1,8539,108.975275
1,8540,380.114331
1,8541,105.601107
1,8542,407.709886
1,8543,499.426346
1,8544,350.642115
1,8545,174.533593
1,8546,377.543064
1,8547,140.558661
1,8548,94.522738
1,8549,286.996138
1,8550,93.803592
1,8551,367.062837
1,8552,375.639687
1,8553,455.686567
1,8554,123.244266
1,8555,395.946597
1,8556,330.619492
1,8557,506.647020
1,8558,364.341614
1,8559,122.767749
1,8560,476.951447
1,8561,189.530162
1,8562,542.345623
1,8563,88.057442
1,8564,340.770192
1,8565,442.909271
1,8566,278.015667
1,8567,376.633239
1,8568,366.440272
1,8569,92.872750
1,8570,393.073045
1,8571,417.981887
1,8572,98.917965
1,8573,455.591089
1,8574,626.077858
1,8575,216.497805
1,8576,610.078992
1,8577,307.138415
1,8578,247.327648
1,8579,370.994806
1,8580,180.563749
1,8581,396.924253
1,8582,165.288116
1,8583,469.765274
1,8584,68.741351
1,8585,508.345626
1,8586,350.623477
1,8587,94.744424
1,8588,371.640099
1,8589,111.784117
1,8590,440.092122
1,8591,213.749164
1,8592,289.147880
1,8593,314.661010
1,8594,188.305020
1,8595,109.380358
1,8596,442.068721
1,8597,338.898412
1,8598,481.629617
1,8599,515.114218
1,8600,454.307514
1,8601,115.679934
1,8602,455.276127
1,8603,267.172448
1,8604,243.141270
1,8605,226.738223
1,8606,111.012897
1,8607,472.927052
1,8608,483.378823
1,8609,512.823758
1,8610,68.487247
1,8611,573.356137
1,8612,402.761485
1,8613,95.687693
1,8614,248.594633
1,8615,597.451835
1,8616,113.954312
1,8617,536.367597
1,8618,94.147357
1,8619,331.905032
1,8620,99.382355
1,8621,524.430984
1,8622,459.648440
1,8623,236.936994
1,8624,170.696462
1,8625,269.771364
1,8626,379.549229
1,8627,429.910161
1,8628,478.919030
1,8629,244.602577
1,8630,494.006550
1,8631,94.077387
1,8632,453.909103
1,8633,461.898705
1,8634,110.333309
1,8635,366.573121
1,8636,361.359060
1,8637,501.054063
1,8638,98.666082
1,8639,732.618071
1,8640,570.927739
1,8641,91.748085
1,8642,95.217646
1,8643,447.351588
1,8644,94.915413
1,8645,167.408356
1,8646,491.337242
1,8647,191.587493
1,8648,502.668952
1,8649,291.827029
1,8650,233.684831
1,8651,308.571064
1,8652,426.636222
1,8653,80.555165
1,8654,63.187226
1,8655,355.182162
1,8656,440.420027
1,8657,95.978141
1,8658,378.418297
1,8659,86.456429
1,8660,454.502294
1,8661,437.586185
1,8662,92.408027
1,8663,194.093800
1,8664,96.622382
1,8665,334.798119
1,8666,358.004233
1,8667,91.086852
1,8668,422.451053
1,8669,297.131389
1,8670,420.887836
1,8671,92.246611
1,8672,326.484445
1,8673,497.164454
1,8674,472.083659
1,8675,262.792246
1,8676,106.736029
1,8677,559.915641
1,8678,251.704258
1,8679,72.101465
1,8680,256.000738
1,8681,240.729236
1,8682,373.074788
1,8683,80.069616
1,8684,246.936765
1,8685,489.550158
1,8686,450.561854
1,8687,144.228153
1,8688,351.364265
1,8689,91.262223
1,8690,213.637133
1,8691,372.104694
1,8692,102.847603
1,8693,282.952099
1,8694,109.253807
1,8695,447.289368
1,8696,203.804053
1,8697,459.731075
1,8698,240.485767
1,8699,187.375291
1,8700,374.209435
1,8701,64.389274
1,8702,222.625318
1,8703,131.524982
1,8704,380.295813
1,8705,67.258633
1,8706,337.311391
1,8707,91.580853
1,8708,419.503933
1,8709,112.464676
1,8710,94.041967
1,8711,221.424578
1,8712,290.800456
1,8713,191.320808
1,8714,174.601414
1,8715,507.234911
1,8716,96.065662
1,8717,438.312450
1,8718,338.455339
1,8719,95.086773
1,8720,321.509041
1,8721,104.366066
1,8722,138.785100
1,8723,417.351806
1,8724,93.649120
1,8725,66.967981
1,8726,396.805097
1,8727,91.801680
1,8728,294.108073
1,8729,142.311247
1,8730,90.221182
1,8731,344.341583
1,8732,370.392222
1,8733,299.046102
1,8734,280.051932
1,8735,271.688168
1,8736,435.102252
1,8737,93.964520
1,8738,558.606771
1,8739,396.438913
1,8740,121.526904
1,8741,409.105492
1,8742,367.057991
1,8743,421.836608
1,8744,145.898062
1,8745,253.516454
1,8746,141.275039
1,8747,407.071913
1,8748,308.702960
1,8749,146.054007
1,8750,342.713364
1,8751,67.716484
1,8752,271.854954
1,8753,90.336918
1,8754,130.807504
1,8755,238.988653
1,8756,187.867887
1,8757,222.140682
1,8758,50.657883
1,8759,171.368298
1,8760,74.901433
1,8761,270.562292
1,8762,59.185860
1,8763,211.171296
1,8764,97.596661
1,8765,242.081347
1,8766,103.691475
1,8767,104.285660
1,8768,211.538281
1,8769,280.500199
1,8770,235.377182
1,8771,245.616480
1,8772,358.855450
1,8773,87.214441
1,8774,471.918058
1,8775,540.066394
1,8776,118.628659
1,8777,133.074324
1,8778,311.417908
1,8779,65.740080
1,8780,460.451380
1,8781,102.475438
1,8782,474.987924
1,8783,433.356866
1,8784,88.562167
1,8785,391.454834
1,8786,365.494654
1,8787,105.470085
1,8788,284.819168
1,8789,91.168225
1,8790,106.284798
1,8791,443.016203
1,8792,111.191262
1,8793,78.269877
1,8794,419.728875
1,8795,120.283179
1,8796,301.260337
1,8797,177.241481
1,8798,109.519922
1,8799,344.948330
1,8800,354.403843
1,8801,118.579075
1,8802,435.442102
1,8803,406.011899
1,8804,104.961670
1,8805,390.767379
1,8806,393.903720
1,8807,336.967694
1,8808,272.439784
1,8809,270.663741
1,8810,256.067641
1,8811,439.010512
1,8812,89.308082
1,8813,389.201651
1,8814,92.408320
1,8815,64.859926
1,8816,266.447972
1,8817,92.416688
1,8818,133.782302
1,8819,236.590599
1,8820,200.179206
1,8821,341.596904
1,8822,138.661156
1,8823,152.204157
1,8824,229.044375
1,8825,182.963290
1,8826,180.432303
1,8827,535.453577
1,8828,140.734638
1,8829,143.642591
1,8830,391.960644
1,8831,562.936841
1,8832,242.119130
1,8833,71.604437
1,8834,251.476454
1,8835,81.444623
1,8836,336.072901
1,8837,208.187183
1,8838,329.872336
1,8839,168.598303
1,8840,312.424086
1,8841,82.294842
1,8842,186.921086
1,8843,286.394241
1,8844,64.524047
1,8845,401.845985
1,8846,111.531511
1,8847,181.574000
1,8848,383.706129
1,8849,346.945896
1,8850,173.195989
1,8851,87.612648
1,8852,359.856483
1,8853,268.428487
1,8854,64.166817
1,8855,323.500635
1,8856,376.079518
1,8857,95.726068
1,8858,320.861892
1,8859,92.827576
1,8860,433.509140
1,8861,101.857609
1,8862,376.047608
1,8863,139.874381
1,8864,274.404038
1,8865,316.922727
1,8866,194.038675
1,8867,268.419411
1,8868,97.114888
1,8869,397.677506
1,8870,97.340744
1,8871,192.700146
1,8872,138.082714
1,8873,127.258046
1,8874,433.212600
1,8875,107.979001
1,8876,330.235601
1,8877,537.946987
1,8878,64.259528
1,8879,457.774750
1,8880,88.236311
1,8881,106.191917
1,8882,352.624075
1,8883,98.334606
1,8884,68.398205
1,8885,265.918996
1,8886,325.304128
1,8887,98.428739
1,8888,255.756667
1,8889,410.413140
1,8890,402.328551
1,8891,262.313191
1,8892,71.631421
1,8893,273.173692
1,8894,147.052147
1,8895,110.580017
1,8896,362.099293
1,8897,291.425894
1,8898,102.095431
1,8899,376.348518
1,8900,159.972115
1,8901,107.153349
1,8902,219.885921
1,8903,395.909141
1,8904,126.332812
1,8905,240.136573
1,8906,413.125670
1,8907,86.027700
1,8908,224.096097
1,8909,274.754850
1,8910,365.911652
1,8911,109.710230
1,8912,281.378969
1,8913,361.711260
1,8914,101.717381
1,8915,111.303169
1,8916,350.876109
1,8917,446.599180
1,8918,107.689093
1,8919,112.143513
1,8920,213.754729
1,8921,236.579308
1,8922,91.825505
1,8923,148.250980
1,8924,359.025211
1,8925,98.385405
1,8926,78.094159
1,8927,250.291107
1,8928,476.479729
1,8929,273.433986
1,8930,381.579237
1,8931,134.179324
1,8932,323.417341
1,8933,409.653121
1,8934,128.848317
1,8935,406.481488
1,8936,118.488581
1,8937,191.412941
1,8938,387.208322
1,8939,210.018992
1,8940,321.009985
1,8941,89.142726
1,8942,385.783147
1,8943,321.814402
1,8944,162.748680
1,8945,231.934651
1,8946,281.927186
1,8947,103.068064
1,8948,397.084480
1,8949,94.472980
1,8950,444.619940
1,8951,247.107916
1,8952,478.166200
1,8953,491.239300
1,8954,121.240773
1,8955,330.649673
1,8956,265.692491
1,8957,525.106496
1,8958,294.081540
1,8959,190.322532
1,8960,351.585181
1,8961,99.752017
1,8962,377.508578
1,8963,96.286206
1,8964,381.394432
1,8965,354.168878
1,8966,87.524615
1,8967,410.762243
1,8968,95.832405
1,8969,394.691959
1,8970,94.608215
1,8971,544.986300
1,8972,303.151685
1,8973,61.337581
1,8974,285.259669
1,8975,269.680375
1,8976,517.631936
1,8977,105.463675
1,8978,345.022833
1,8979,94.771171
1,8980,287.699740
1,8981,96.191601
1,8982,268.267426
1,8983,472.111505
1,8984,92.683988
1,8985,442.935870
1,8986,311.935674
1,8987,421.089171
1,8988,83.356825
1,8989,395.316687
1,8990,353.269426
1,8991,88.095497
1,8992,164.315759
1,8993,534.789622
1,8994,444.181988
1,8995,53.415878
1,8996,352.122144
1,8997,207.327921
1,8998,308.555863
1,8999,87.497081
1,9000,267.366181
1,9001,467.320942
1,9002,112.717339
1,9003,519.680401
1,9004,448.418607
1,9005,233.465077
1,9006,343.049966
1,9007,94.265118
1,9008,346.879916
1,9009,173.603541
1,9010,103.508316
1,9011,195.459560
1,9012,249.847319
1,9013,295.996323
1,9014,444.865844
1,9015,440.181159
1,9016,464.973333
1,9017,131.680163
1,9018,521.711036
1,9019,119.498274
1,9020,297.708047
1,9021,126.721587
1,9022,129.357550
1,9023,293.664884
1,9024,205.617845
1,9025,98.286003
1,9026,400.664438
1,9027,124.899500
1,9028,212.557074
1,9029,896.676226
1,9030,343.717762
1,9031,223.254776
1,9032,113.503443
1,9033,755.404223
1,9034,335.051397
1,9035,432.637179
1,9036,98.390800
1,9037,541.737783
1,9038,364.012542
1,9039,269.171971
1,9040,196.770768
1,9041,351.928752
1,9042,323.182192
1,9043,212.718695
1,9044,202.438930
1,9045,455.494848
1,9046,337.918535
1,9047,103.158390
1,9048,240.832647
1,9049,257.709781
1,9050,354.415883
1,9051,336.012072
1,9052,312.018035
1,9053,103.822081
1,9054,399.476195
1,9055,99.523735
1,9056,128.862656
1,9057,283.895554
1,9058,99.833845
1,9059,320.315848
1,9060,372.682715
1,9061,63.457577
1,9062,218.631322
1,9063,184.259864
1,9064,84.559542
1,9065,237.076904
1,9066,170.508286
1,9067,272.094053
1,9068,113.209402
1,9069,520.680062
1,9070,238.855092
1,9071,99.140890
1,9072,382.532154
1,9073,300.715957
1,9074,130.116934
1,9075,92.249565
1,9076,324.352501
1,9077,268.533309
1,9078,332.133804
1,9079,298.364528
1,9080,192.694089
1,9081,373.857027
1,9082,275.859036
1,9083,70.961568
1,9084,215.265875
1,9085,234.140451
1,9086,404.878514
1,9087,173.204362
1,9088,479.987090
1,9089,300.499797
1,9090,98.395601
1,9091,197.227651
1,9092,102.677924
1,9093,195.593015
1,9094,343.891456
1,9095,488.569666
1,9096,359.699802
1,9097,127.976349
1,9098,255.897576
1,9099,72.390112
1,9100,514.601798
1,9101,98.266604
1,9102,319.900198
1,9103,297.495386
1,9104,308.180446
1,9105,174.691126
1,9106,351.280310
1,9107,469.592620
1,9108,104.047757
1,9109,83.006839
1,9110,374.680182
1,9111,97.017932
1,9112,220.469575
1,9113,320.640546
1,9114,101.634441
1,9115,464.069360
1,9116,95.289816
1,9117,474.013043
1,9118,310.903608
1,9119,275.589333
1,9120,135.959043
1,9121,339.323904
1,9122,66.601669
1,9123,391.030203
1,9124,156.630069
1,9125,252.390402
1,9126,271.671707
1,9127,97.629930
1,9128,493.393421
1,9129,101.231987
1,9130,242.705354
1,9131,300.034473
1,9132,138.840317
1,9133,517.079409
1,9134,95.472891
1,9135,300.614509
1,9136,351.932322
1,9137,127.779010
1,9138,203.798037
1,9139,320.947375
1,9140,169.790066
1,9141,113.385236
1,9142,269.312194
1,9143,294.569109
1,9144,142.528100
1,9145,134.847890
1,9146,101.947826
1,9147,220.137484
1,9148,320.853630
1,9149,212.908946
1,9150,372.996488
1,9151,212.198180
1,9152,417.549974
1,9153,399.935794
1,9154,357.787293
1,9155,343.827954
1,9156,105.982812
1,9157,221.143585
1,9158,246.773007
1,9159,338.921367
1,9160,109.742307
1,9161,376.791462
1,9162,164.084939
1,9163,417.292152
1,9164,362.486823
1,9165,215.255053
1,9166,119.997128
1,9167,155.144574
1,9168,444.547090
1,9169,344.890405
1,9170,97.543496
1,9171,313.703525
1,9172,99.865557
1,9173,394.792623
1,9174,461.408965
1,9175,122.165170
1,9176,451.548589
1,9177,105.003133
1,9178,366.896678
1,9179,107.679135
1,9180,267.601665
1,9181,101.527988
1,9182,503.823042
1,9183,116.630452
1,9184,215.761342
1,9185,240.317423
1,9186,197.865110
1,9187,171.214647
1,9188,395.840502
1,9189,95.908724
1,9190,367.427690
1,9191,271.560109
1,9192,491.521144
1,9193,243.572237
1,9194,240.771040
1,9195,202.185478
1,9196,159.937858
1,9197,331.868273
1,9198,489.815870
1,9199,176.358184
1,9200,470.217683
1,9201,115.767120
1,9202,192.514262
1,9203,442.035579
1,9204,172.439965
1,9205,178.205207
1,9206,188.840293
1,9207,176.836164
1,9208,305.977882
1,9209,97.943319
1,9210,422.697507
1,9211,166.311804
1,9212,481.761142
1,9213,110.871683
1,9214,224.523783
1,9215,99.155344
1,9216,114.180185
1,9217,171.885435
1,9218,106.202171
1,9219,107.785253
1,9220,315.433583
1,9221,66.678929
1,9222,281.493050
1,9223,414.518976
1,9224,193.430709
1,9225,132.908190
1,9226,268.091140
1,9227,280.559889
1,9228,91.328257
1,9229,311.132069
1,9230,76.243262
1,9231,255.293268
1,9232,118.314974
1,9233,217.683598
1,9234,445.103806
1,9235,372.383401
1,9236,91.127452
1,9237,130.115346
1,9238,131.392596
1,9239,404.491420
1,9240,90.443880
1,9241,462.742928
1,9242,104.903886
1,9243,362.067913
1,9244,141.953065
1,9245,282.162420
1,9246,159.466656
1,9247,315.216750
1,9248,283.161733
1,9249,100.244815
1,9250,183.051654
1,9251,317.849529
1,9252,267.485079
1,9253,422.627937
1,9254,189.641312
1,9255,294.560934
1,9256,101.996164
1,9257,373.111570
1,9258,182.035448
1,9259,363.028228
1,9260,69.277260
1,9261,291.853520
1,9262,100.045431
1,9263,96.278643
1,9264,245.015051
1,9265,113.473951
1,9266,113.968640
1,9267,161.370969
1,9268,258.122464
1,9269,95.808096
1,9270,214.679660
1,9271,95.841804
1,9272,326.854675
1,9273,133.159047
1,9274,185.338659
1,9275,454.516578
1,9276,148.659359
1,9277,100.035224
1,9278,358.214188
1,9279,360.073804
1,9280,226.409445
1,9281,308.567181
1,9282,132.957189
1,9283,320.765270
1,9284,147.389012
1,9285,212.937171
1,9286,437.071007
1,9287,96.986216
1,9288,183.868486
1,9289,358.559280
1,9290,414.874626
1,9291,98.034298
1,9292,232.152217
1,9293,95.964035
1,9294,306.563744
1,9295,134.757162
1,9296,382.181511
1,9297,659.442966
1,9298,183.327999
1,9299,349.712547
1,9300,124.215111
1,9301,261.293910
1,9302,413.175146
1,9303,406.863858
1,9304,110.157113
1,9305,232.109775
1,9306,177.422563
1,9307,93.914504
1,9308,300.021035
1,9309,105.647506
1,9310,406.065778
1,9311,129.478524
1,9312,412.628865
1,9313,130.960914
1,9314,149.931721
1,9315,294.916065
1,9316,476.541961
1,9317,356.160308
1,9318,115.703169
1,9319,142.670928
1,9320,369.484120
1,9321,323.126498
1,9322,148.584408
1,9323,436.306599
1,9324,271.568373
1,9325,94.587850
1,9326,1187.621142
1,9327,176.854977
1,9328,140.872180
1,9329,490.841402
1,9330,334.805948
1,9331,502.822032
1,9332,90.766121
1,9333,408.223434
1,9334,224.128523
1,9335,337.938613
1,9336,120.479148
1,9337,218.022545
1,9338,246.923227
1,9339,312.876461
1,9340,354.572311
1,9341,315.289995
1,9342,95.984542
1,9343,174.706640
1,9344,129.457277
1,9345,208.309494
1,9346,179.228236
1,9347,300.183485
1,9348,103.516791
1,9349,179.521230
1,9350,101.638018
1,9351,296.489723
1,9352,94.554558
1,9353,274.286617
1,9354,218.932718
1,9355,95.198934
1,9356,383.385921
1,9357,225.903583
1,9358,207.345113
1,9359,336.847673
1,9360,72.854328
1,9361,347.968219
1,9362,310.666341
1,9363,237.991166
1,9364,449.920972
1,9365,185.734549
1,9366,272.437987
1,9367,121.964566
1,9368,402.717269
1,9369,296.970348
1,9370,200.511083
1,9371,107.922469
1,9372,277.080844
1,9373,235.990644
1,9374,274.591251
1,9375,213.638948
1,9376,108.213210
1,9377,287.962653
1,9378,251.867559
1,9379,70.724645
1,9380,363.824159
1,9381,221.459474
1,9382,252.386652
1,9383,199.008808
1,9384,290.646430
1,9385,375.796297
1,9386,214.593115
1,9387,70.102460
1,9388,381.290353
1,9389,103.187813
1,9390,364.956621
1,9391,100.585727
1,9392,363.516775
1,9393,93.037848
1,9394,105.651554
1,9395,310.062030
1,9396,330.295260
1,9397,93.493436
1,9398,180.846668
1,9399,99.431828
1,9400,231.990070
1,9401,146.846512
1,9402,129.625977
1,9403,188.401629
1,9404,251.513922
1,9405,283.132010
1,9406,97.647063
1,9407,179.395548
1,9408,165.832861
1,9409,474.431404
1,9410,103.747181
1,9411,532.843332
1,9412,136.184505
1,9413,453.132373
1,9414,115.940322
1,9415,286.837552
1,9416,258.468939
1,9417,440.249698
1,9418,153.667413
1,9419,94.534189
1,9420,407.538067
1,9421,138.035936
1,9422,414.152092
1,9423,176.665977
1,9424,281.586112
