subtaskID,datapointID,answer
1,0,323.643066
1,1,194.341308
1,2,137.532180
1,3,137.532180
1,4,383.937416
1,5,137.532180
1,6,203.751409
1,7,210.024810
1,8,222.223089
1,9,207.236632
1,10,199.569142
1,11,137.532180
1,12,137.532180
1,13,193.992786
1,14,137.532180
1,15,277.638128
1,16,194.689830
1,17,235.118412
1,18,243.482946
1,19,356.404158
1,20,207.933676
1,21,261.954626
1,22,184.234163
1,23,197.826531
1,24,204.448454
1,25,137.532180
1,26,137.532180
1,27,176.915195
1,28,137.532180
1,29,137.532180
1,30,257.075315
1,31,137.532180
1,32,137.532180
1,33,327.128288
1,34,137.532180
1,35,257.772359
1,36,137.532180
1,37,212.464466
1,38,137.532180
1,39,137.532180
1,40,137.532180
1,41,278.335172
1,42,137.532180
1,43,192.598697
1,44,289.487884
1,45,180.051896
1,46,137.532180
1,47,196.083919
1,48,137.532180
1,49,181.794507
1,50,177.960762
1,51,206.539587
1,52,137.532180
1,53,137.532180
1,54,137.532180
1,55,204.448454
1,56,200.266187
1,57,137.532180
1,58,188.416430
1,59,360.934947
1,60,137.532180
1,61,251.847481
1,62,137.532180
1,63,266.485415
1,64,137.532180
1,65,137.532180
1,66,137.532180
1,67,185.628252
1,68,187.719385
1,69,254.635659
1,70,137.532180
1,71,137.532180
1,72,137.532180
1,73,219.434911
1,74,137.532180
1,75,137.532180
1,76,137.532180
1,77,188.764952
1,78,137.532180
1,79,279.380739
1,80,137.532180
1,81,351.176324
1,82,275.546994
1,83,253.938614
1,84,137.532180
1,85,181.445985
1,86,137.532180
1,87,269.273594
1,88,273.804383
1,89,282.517439
1,90,252.893047
1,91,174.475539
1,92,137.532180
1,93,269.273594
1,94,195.038353
1,95,340.372134
1,96,243.831469
1,97,371.739137
1,98,207.585154
1,99,137.532180
1,100,192.250175
1,101,137.532180
1,102,223.965700
1,103,182.491551
1,104,248.013736
1,105,186.673819
1,106,137.532180
1,107,217.692299
1,108,137.532180
1,109,207.933676
1,110,357.798247
1,111,137.532180
1,112,380.452194
1,113,137.532180
1,114,207.585154
1,115,242.088857
1,116,208.630721
1,117,183.537118
1,118,212.812988
1,119,137.532180
1,120,194.341308
1,121,137.532180
1,122,180.051896
1,123,218.737866
1,124,364.768692
1,125,196.432442
1,126,299.943552
1,127,194.689830
1,128,137.532180
1,129,194.689830
1,130,185.976774
1,131,137.532180
1,132,194.341308
1,133,137.532180
1,134,137.532180
1,135,137.532180
1,136,137.532180
1,137,203.402887
1,138,213.510032
1,139,255.681225
1,140,213.510032
1,141,244.528513
1,142,137.532180
1,143,292.624585
1,144,137.532180
1,145,137.532180
1,146,137.532180
1,147,213.510032
1,148,137.532180
1,149,208.630721
1,150,137.532180
1,151,137.532180
1,152,181.794507
1,153,137.532180
1,154,208.630721
1,155,208.979243
1,156,188.416430
1,157,276.244039
1,158,279.380739
1,159,137.532180
1,160,137.532180
1,161,137.532180
1,162,189.810519
1,163,246.968169
1,164,137.532180
1,165,137.532180
1,166,268.576549
1,167,137.532180
1,168,286.351184
1,169,209.327765
1,170,137.532180
1,171,137.532180
1,172,334.795778
1,173,137.532180
1,174,189.810519
1,175,137.532180
1,176,189.461997
1,177,137.532180
1,178,190.159041
1,179,212.115943
1,180,184.931207
1,181,137.532180
1,182,173.081450
1,183,280.426306
1,184,340.023612
1,185,197.478008
1,186,281.123350
1,187,281.820395
1,188,137.532180
1,189,137.532180
1,190,137.532180
1,191,137.532180
1,192,137.532180
1,193,137.532180
1,194,137.532180
1,195,244.528513
1,196,137.532180
1,197,137.532180
1,198,137.532180
1,199,729.671496
1,200,137.532180
1,201,258.817926
1,202,197.478008
1,203,137.532180
1,204,137.532180
1,205,137.532180
1,206,137.532180
1,207,137.532180
1,208,137.532180
1,209,137.532180
1,210,137.532180
1,211,137.532180
1,212,241.391813
1,213,137.532180
1,214,206.888109
1,215,311.096264
1,216,137.532180
1,217,137.532180
1,218,137.532180
1,219,137.532180
1,220,206.191065
1,221,202.008798
1,222,194.341308
1,223,218.389344
1,224,187.370863
1,225,137.532180
1,226,292.624585
1,227,137.532180
1,228,137.532180
1,229,137.532180
1,230,137.532180
1,231,137.532180
1,232,137.532180
1,233,200.614709
1,234,137.532180
1,235,137.532180
1,236,137.532180
1,237,137.532180
1,238,137.532180
1,239,137.532180
1,240,137.532180
1,241,210.373332
1,242,137.532180
1,243,137.532180
1,244,183.537118
1,245,207.585154
1,246,137.532180
1,247,137.532180
1,248,137.532180
1,249,137.532180
1,250,137.532180
1,251,137.532180
1,252,137.532180
1,253,193.295741
1,254,137.532180
1,255,137.532180
1,256,137.532180
1,257,300.989119
1,258,178.657807
1,259,137.532180
1,260,137.532180
1,261,137.532180
1,262,137.532180
1,263,222.571611
1,264,194.689830
1,265,215.949688
1,266,137.532180
1,267,592.005204
1,268,206.191065
1,269,137.532180
1,270,195.735397
1,271,137.532180
1,272,365.814259
1,273,219.086388
1,274,211.070377
1,275,137.532180
1,276,137.532180
1,277,184.582685
1,278,137.532180
1,279,188.067908
1,280,214.555599
1,281,137.532180
1,282,137.532180
1,283,137.532180
1,284,137.532180
1,285,267.530982
1,286,266.136893
1,287,217.343777
1,288,137.532180
1,289,137.532180
1,290,234.769890
1,291,238.255113
1,292,137.532180
1,293,230.936145
1,294,195.735397
1,295,199.917664
1,296,185.628252
1,297,137.532180
1,298,357.101202
1,299,181.445985
1,300,272.758816
1,301,211.418899
1,302,265.439849
1,303,268.925071
1,304,137.532180
1,305,137.532180
1,306,137.532180
1,307,232.330234
1,308,137.532180
1,309,137.532180
1,310,317.021143
1,311,183.885640
1,312,137.532180
1,313,137.532180
1,314,137.532180
1,315,208.979243
1,316,175.172584
1,317,137.532180
1,318,137.532180
1,319,137.532180
1,320,137.532180
1,321,198.523575
1,322,189.810519
1,323,137.532180
1,324,212.115943
1,325,185.628252
1,326,293.321629
1,327,219.434911
1,328,264.394282
1,329,137.532180
1,330,137.532180
1,331,208.282198
1,332,137.532180
1,333,137.532180
1,334,187.719385
1,335,265.439849
1,336,190.507563
1,337,191.204608
1,338,204.448454
1,339,230.936145
1,340,137.532180
1,341,203.751409
1,342,137.532180
1,343,137.532180
1,344,137.532180
1,345,137.532180
1,346,137.532180
1,347,137.532180
1,348,137.532180
1,349,137.532180
1,350,137.532180
1,351,137.532180
1,352,198.872098
1,353,137.532180
1,354,190.159041
1,355,197.478008
1,356,137.532180
1,357,180.748940
1,358,137.532180
1,359,137.532180
1,360,137.532180
1,361,137.532180
1,362,214.904121
1,363,232.678756
1,364,192.250175
1,365,208.282198
1,366,137.532180
1,367,137.532180
1,368,206.888109
1,369,180.400418
1,370,137.532180
1,371,185.628252
1,372,188.416430
1,373,205.494020
1,374,199.220620
1,375,194.341308
1,376,137.532180
1,377,210.373332
1,378,137.532180
1,379,224.662745
1,380,137.532180
1,381,196.083919
1,382,137.532180
1,383,190.856086
1,384,137.532180
1,385,137.532180
1,386,516.027352
1,387,437.261322
1,388,308.656609
1,389,217.343777
1,390,137.532180
1,391,218.737866
1,392,282.168917
1,393,245.225558
1,394,267.182460
1,395,187.719385
1,396,137.532180
1,397,185.279729
1,398,284.608573
1,399,258.469404
1,400,328.870900
1,401,353.964502
1,402,532.059376
1,403,326.779766
1,404,327.128288
1,405,137.532180
1,406,359.192336
1,407,137.532180
1,408,353.615980
1,409,502.086462
1,410,367.905392
1,411,310.747742
1,412,137.532180
1,413,238.952157
1,414,212.464466
1,415,264.394282
1,416,287.396751
1,417,193.295741
1,418,137.532180
1,419,284.260051
1,420,137.532180
1,421,204.099931
1,422,390.907861
1,423,190.507563
1,424,215.252644
1,425,210.024810
1,426,205.494020
1,427,288.790840
1,428,188.764952
1,429,198.175053
1,430,354.661547
1,431,137.532180
1,432,266.136893
1,433,322.597499
1,434,137.532180
1,435,226.753878
1,436,137.532180
1,437,137.532180
1,438,201.311753
1,439,198.175053
1,440,258.469404
1,441,137.532180
1,442,282.865962
1,443,137.532180
1,444,193.992786
1,445,311.444787
1,446,137.532180
1,447,210.373332
1,448,421.577820
1,449,350.130757
1,450,137.532180
1,451,391.953428
1,452,329.916466
1,453,263.000193
1,454,137.532180
1,455,198.175053
1,456,137.532180
1,457,226.056834
1,458,211.418899
1,459,360.237903
1,460,213.161510
1,461,285.305617
1,462,246.968169
1,463,445.974378
1,464,250.801914
1,465,349.085190
1,466,218.389344
1,467,335.492822
1,468,137.532180
1,469,137.532180
1,470,179.006329
1,471,331.310555
1,472,448.762556
1,473,137.532180
1,474,196.083919
1,475,137.532180
1,476,137.532180
1,477,194.689830
1,478,212.115943
1,479,137.532180
1,480,201.311753
1,481,137.532180
1,482,194.341308
1,483,137.532180
1,484,137.532180
1,485,315.278532
1,486,207.585154
1,487,264.742804
1,488,258.817926
1,489,137.532180
1,490,137.532180
1,491,193.992786
1,492,260.909059
1,493,137.532180
1,494,280.774828
1,495,137.532180
1,496,137.532180
1,497,258.817926
1,498,137.532180
1,499,137.532180
1,500,258.817926
1,501,191.204608
1,502,137.532180
1,503,225.011267
1,504,137.532180
1,505,245.225558
1,506,137.532180
1,507,283.911528
1,508,414.258853
1,509,302.383208
1,510,242.785902
1,511,213.858555
1,512,217.692299
1,513,212.812988
1,514,193.644264
1,515,290.881973
1,516,260.212015
1,517,272.061772
1,518,137.532180
1,519,185.628252
1,520,252.544525
1,521,265.091326
1,522,137.532180
1,523,137.532180
1,524,137.532180
1,525,192.250175
1,526,358.146769
1,527,197.478008
1,528,252.893047
1,529,263.697237
1,530,196.780964
1,531,137.532180
1,532,201.311753
1,533,137.532180
1,534,190.159041
1,535,137.532180
1,536,236.512501
1,537,243.831469
1,538,137.532180
1,539,137.532180
1,540,137.532180
1,541,279.032217
1,542,222.223089
1,543,137.532180
1,544,189.461997
1,545,137.532180
1,546,137.532180
1,547,253.590092
1,548,137.532180
1,549,210.373332
1,550,251.498958
1,551,137.532180
1,552,207.585154
1,553,137.532180
1,554,137.532180
1,555,186.325296
1,556,137.532180
1,557,137.532180
1,558,137.532180
1,559,184.234163
1,560,187.022341
1,561,223.965700
1,562,137.532180
1,563,137.532180
1,564,137.532180
1,565,278.335172
1,566,137.532180
1,567,191.553130
1,568,403.454663
1,569,137.532180
1,570,427.154176
1,571,406.591363
1,572,200.963231
1,573,390.907861
1,574,137.532180
1,575,280.774828
1,576,311.096264
1,577,291.927540
1,578,273.107338
1,579,220.131955
1,580,137.532180
1,581,206.888109
1,582,204.448454
1,583,137.532180
1,584,407.636930
1,585,137.532180
1,586,137.532180
1,587,440.049500
1,588,366.859826
1,589,206.539587
1,590,313.187398
1,591,195.386875
1,592,454.687435
1,593,137.532180
1,594,332.704644
1,595,137.532180
1,596,271.016205
1,597,212.464466
1,598,190.159041
1,599,137.532180
1,600,243.482946
1,601,137.532180
1,602,305.519908
1,603,269.622116
1,604,365.814259
1,605,204.099931
1,606,369.648004
1,607,349.782235
1,608,264.045760
1,609,137.532180
1,610,261.954626
1,611,251.150436
1,612,296.109807
1,613,291.230496
1,614,137.532180
1,615,246.619647
1,616,251.847481
1,617,185.279729
1,618,321.900454
1,619,336.538389
1,620,223.268656
1,621,279.729261
1,622,297.155374
1,623,137.532180
1,624,212.464466
1,625,176.915195
1,626,259.863493
1,627,254.984181
1,628,137.532180
1,629,193.644264
1,630,213.858555
1,631,215.252644
1,632,137.532180
1,633,137.532180
1,634,137.532180
1,635,137.532180
1,636,211.767421
1,637,322.248977
1,638,204.448454
1,639,137.532180
1,640,176.566673
1,641,137.532180
1,642,137.532180
1,643,137.532180
1,644,137.532180
1,645,137.532180
1,646,137.532180
1,647,137.532180
1,648,137.532180
1,649,137.532180
1,650,137.532180
1,651,137.532180
1,652,259.166448
1,653,257.423837
1,654,137.532180
1,655,216.298210
1,656,137.532180
1,657,137.532180
1,658,186.325296
1,659,184.931207
1,660,182.491551
1,661,137.532180
1,662,137.532180
1,663,199.917664
1,664,137.532180
1,665,137.532180
1,666,137.532180
1,667,137.532180
1,668,137.532180
1,669,137.532180
1,670,137.532180
1,671,137.532180
1,672,206.191065
1,673,196.432442
1,674,137.532180
1,675,137.532180
1,676,137.532180
1,677,173.778495
1,678,137.532180
1,679,204.796976
1,680,137.532180
1,681,137.532180
1,682,137.532180
1,683,137.532180
1,684,199.917664
1,685,218.389344
1,686,137.532180
1,687,259.166448
1,688,200.963231
1,689,276.941083
1,690,196.780964
1,691,137.532180
1,692,137.532180
1,693,137.532180
1,694,264.394282
1,695,306.216953
1,696,227.450923
1,697,137.532180
1,698,216.298210
1,699,137.532180
1,700,137.532180
1,701,191.901652
1,702,137.532180
1,703,137.532180
1,704,137.532180
1,705,287.048229
1,706,1097.711000
1,707,206.888109
1,708,137.532180
1,709,137.532180
1,710,137.532180
1,711,137.532180
1,712,208.979243
1,713,137.532180
1,714,137.532180
1,715,137.532180
1,716,282.517439
1,717,201.311753
1,718,271.364727
1,719,269.970638
1,720,190.159041
1,721,290.184929
1,722,280.077784
1,723,137.532180
1,724,202.008798
1,725,260.909059
1,726,137.532180
1,727,230.936145
1,728,216.646733
1,729,137.532180
1,730,217.692299
1,731,433.079055
1,732,340.023612
1,733,246.968169
1,734,197.478008
1,735,137.532180
1,736,207.236632
1,737,137.532180
1,738,223.965700
1,739,222.223089
1,740,266.833938
1,741,280.077784
1,742,418.441120
1,743,137.532180
1,744,137.532180
1,745,224.314222
1,746,137.532180
1,747,200.963231
1,748,137.532180
1,749,137.532180
1,750,137.532180
1,751,137.532180
1,752,137.532180
1,753,184.582685
1,754,137.532180
1,755,137.532180
1,756,137.532180
1,757,178.657807
1,758,137.532180
1,759,235.815457
1,760,137.532180
1,761,277.289605
1,762,229.890578
1,763,137.532180
1,764,137.532180
1,765,137.532180
1,766,137.532180
1,767,137.532180
1,768,137.532180
1,769,183.885640
1,770,137.532180
1,771,198.523575
1,772,189.461997
1,773,137.532180
1,774,137.532180
1,775,137.532180
1,776,224.662745
1,777,137.532180
1,778,137.532180
1,779,137.532180
1,780,137.532180
1,781,180.400418
1,782,189.113474
1,783,137.532180
1,784,137.532180
1,785,137.532180
1,786,137.532180
1,787,137.532180
1,788,287.745273
1,789,137.532180
1,790,137.532180
1,791,192.250175
1,792,195.735397
1,793,249.407825
1,794,137.532180
1,795,137.532180
1,796,137.532180
1,797,137.532180
1,798,137.532180
1,799,137.532180
1,800,716.079128
1,801,709.108682
1,802,137.532180
1,803,526.483020
1,804,419.138164
1,805,256.029748
1,806,459.566746
1,807,137.532180
1,808,414.955897
1,809,288.093795
1,810,137.532180
1,811,256.029748
1,812,137.532180
1,813,306.216953
1,814,741.172730
1,815,445.625856
1,816,286.699706
1,817,137.532180
1,818,419.138164
1,819,137.532180
1,820,306.216953
1,821,137.532180
1,822,137.532180
1,823,137.532180
1,824,137.532180
1,825,137.532180
1,826,406.591363
1,827,137.532180
1,828,504.177595
1,829,1106.424056
1,830,742.566819
1,831,299.246508
1,832,137.532180
1,833,544.606177
1,834,137.532180
1,835,137.532180
1,836,137.532180
1,837,137.532180
1,838,278.335172
1,839,258.817926
1,840,300.640597
1,841,603.157916
1,842,498.601239
1,843,253.241570
1,844,137.532180
1,845,137.532180
1,846,527.877109
1,847,137.532180
1,848,276.941083
1,849,307.611042
1,850,289.487884
1,851,236.512501
1,852,137.532180
1,853,137.532180
1,854,511.148040
1,855,137.532180
1,856,137.532180
1,857,137.532180
1,858,137.532180
1,859,303.428775
1,860,324.340110
1,861,137.532180
1,862,137.532180
1,863,137.532180
1,864,137.532180
1,865,137.532180
1,866,137.532180
1,867,137.532180
1,868,137.532180
1,869,342.463268
1,870,137.532180
1,871,281.123350
1,872,519.512574
1,873,242.088857
1,874,137.532180
1,875,219.783433
1,876,137.532180
1,877,137.532180
1,878,391.256384
1,879,233.724323
1,880,257.423837
1,881,304.822864
1,882,281.123350
1,883,137.532180
1,884,285.305617
1,885,137.532180
1,886,368.950959
1,887,137.532180
1,888,582.246581
1,889,314.581487
1,890,137.532180
1,891,137.532180
1,892,239.300679
1,893,385.680028
1,894,382.891849
1,895,515.330307
1,896,479.083993
1,897,137.532180
1,898,360.586425
1,899,137.532180
1,900,414.955897
1,901,137.532180
1,902,137.532180
1,903,137.532180
1,904,137.532180
1,905,137.532180
1,906,137.532180
1,907,459.566746
1,908,137.532180
1,909,137.532180
1,910,321.551932
1,911,137.532180
1,912,228.147967
1,913,315.975576
1,914,137.532180
1,915,403.803185
1,916,137.532180
1,917,212.812988
1,918,137.532180
1,919,137.532180
1,920,137.532180
1,921,257.423837
1,922,137.532180
1,923,601.763827
1,924,137.532180
1,925,279.729261
1,926,293.670152
1,927,137.532180
1,928,672.862368
1,929,210.024810
1,930,611.522450
1,931,343.857357
1,932,137.532180
1,933,480.478082
1,934,137.532180
1,935,226.753878
1,936,137.532180
1,937,137.532180
1,938,137.532180
1,939,137.532180
1,940,137.532180
1,941,137.532180
1,942,137.532180
1,943,137.532180
1,944,137.532180
1,945,289.487884
1,946,137.532180
1,947,355.010069
1,948,477.689904
1,949,493.024883
1,950,1167.763973
1,951,137.532180
1,952,678.438724
1,953,532.059376
1,954,469.325369
1,955,338.281001
1,956,249.059303
1,957,315.975576
1,958,346.645535
1,959,282.517439
1,960,137.532180
1,961,314.581487
1,962,300.640597
1,963,137.532180
1,964,285.305617
1,965,223.965700
1,966,271.364727
1,967,137.532180
1,968,499.995328
1,969,302.034686
1,970,137.532180
1,971,438.655411
1,972,137.532180
1,973,406.591363
1,974,453.990390
1,975,137.532180
1,976,137.532180
1,977,137.532180
1,978,314.581487
1,979,367.556870
1,980,350.827802
1,981,137.532180
1,982,409.379541
1,983,137.532180
1,984,310.399220
1,985,137.532180
1,986,275.546994
1,987,282.517439
1,988,414.955897
1,989,137.532180
1,990,250.453392
1,991,137.532180
1,992,137.532180
1,993,137.532180
1,994,406.591363
1,995,388.468206
1,996,137.532180
1,997,311.793309
1,998,487.448527
1,999,137.532180
1,1000,392.650473
1,1001,137.532180
1,1002,137.532180
1,1003,380.103671
1,1004,137.532180
1,1005,137.532180
1,1006,283.911528
1,1007,215.601166
1,1008,256.029748
1,1009,253.241570
1,1010,137.532180
1,1011,137.532180
1,1012,306.216953
1,1013,137.532180
1,1014,424.714520
1,1015,137.532180
1,1016,283.911528
1,1017,137.532180
1,1018,137.532180
1,1019,247.665214
1,1020,260.212015
1,1021,137.532180
1,1022,137.532180
1,1023,137.532180
1,1024,137.532180
1,1025,137.532180
1,1026,137.532180
1,1027,399.620918
1,1028,137.532180
1,1029,321.551932
1,1030,137.532180
1,1031,310.399220
1,1032,137.532180
1,1033,137.532180
1,1034,338.281001
1,1035,315.975576
1,1036,137.532180
1,1037,137.532180
1,1038,137.532180
1,1039,137.532180
1,1040,137.532180
1,1041,452.596301
1,1042,137.532180
1,1043,407.985452
1,1044,137.532180
1,1045,331.310555
1,1046,137.532180
1,1047,137.532180
1,1048,343.857357
1,1049,137.532180
1,1050,137.532180
1,1051,575.276136
1,1052,261.606104
1,1053,342.463268
1,1054,137.532180
1,1055,137.532180
1,1056,137.532180
1,1057,396.832740
1,1058,322.946021
1,1059,137.532180
1,1060,137.532180
1,1061,385.680028
1,1062,137.532180
1,1063,137.532180
1,1064,137.532180
1,1065,137.532180
1,1066,137.532180
1,1067,260.212015
1,1068,275.546994
1,1069,137.532180
1,1070,389.862295
1,1071,137.532180
1,1072,314.581487
1,1073,137.532180
1,1074,239.300679
1,1075,348.039624
1,1076,137.532180
1,1077,137.532180
1,1078,328.522377
1,1079,426.108609
1,1080,254.635659
1,1081,405.197274
1,1082,137.532180
1,1083,307.611042
1,1084,137.532180
1,1085,137.532180
1,1086,274.152905
1,1087,137.532180
1,1088,664.497834
1,1089,509.753951
1,1090,137.532180
1,1091,137.532180
1,1092,137.532180
1,1093,137.532180
1,1094,296.458330
1,1095,222.571611
1,1096,423.320431
1,1097,381.497760
1,1098,137.532180
1,1099,511.148040
1,1100,137.532180
1,1101,367.556870
1,1102,137.532180
1,1103,137.532180
1,1104,137.532180
1,1105,137.532180
1,1106,137.532180
1,1107,137.532180
1,1108,515.330307
1,1109,215.601166
1,1110,412.167719
1,1111,359.192336
1,1112,576.670225
1,1113,269.970638
1,1114,137.532180
1,1115,410.773630
1,1116,852.699853
1,1117,671.468279
1,1118,137.532180
1,1119,269.970638
1,1120,434.473144
1,1121,137.532180
1,1122,137.532180
1,1123,324.340110
1,1124,137.532180
1,1125,137.532180
1,1126,399.620918
1,1127,137.532180
1,1128,137.532180
1,1129,543.212088
1,1130,282.517439
1,1131,285.305617
1,1132,137.532180
1,1133,137.532180
1,1134,247.665214
1,1135,263.000193
1,1136,137.532180
1,1137,268.576549
1,1138,137.532180
1,1139,137.532180
1,1140,137.532180
1,1141,137.532180
1,1142,137.532180
1,1143,283.911528
1,1144,137.532180
1,1145,327.128288
1,1146,137.532180
1,1147,338.281001
1,1148,137.532180
1,1149,499.995328
1,1150,233.724323
1,1151,317.369665
1,1152,137.532180
1,1153,414.955897
1,1154,367.556870
1,1155,137.532180
1,1156,741.172730
1,1157,137.532180
1,1158,137.532180
1,1159,741.172730
1,1160,137.532180
1,1161,509.753951
1,1162,302.034686
1,1163,297.852419
1,1164,398.226829
1,1165,137.532180
1,1166,335.492822
1,1167,263.000193
1,1168,445.625856
1,1169,137.532180
1,1170,469.325369
1,1171,137.532180
1,1172,282.517439
1,1173,359.192336
1,1174,335.492822
1,1175,225.359789
1,1176,137.532180
1,1177,137.532180
1,1178,137.532180
1,1179,137.532180
1,1180,276.941083
1,1181,223.965700
1,1182,453.990390
1,1183,218.389344
1,1184,552.970711
1,1185,355.010069
1,1186,137.532180
1,1187,137.532180
1,1188,575.276136
1,1189,296.458330
1,1190,1162.187617
1,1191,137.532180
1,1192,453.990390
1,1193,137.532180
1,1194,137.532180
1,1195,363.374603
1,1196,321.551932
1,1197,137.532180
1,1198,367.556870
1,1199,137.532180
1,1200,342.463268
1,1201,250.453392
1,1202,137.532180
1,1203,137.532180
1,1204,137.532180
1,1205,254.635659
1,1206,137.532180
1,1207,460.960835
1,1208,137.532180
1,1209,375.921404
1,1210,137.532180
1,1211,342.463268
1,1212,137.532180
1,1213,378.709582
1,1214,137.532180
1,1215,334.098733
1,1216,240.694768
1,1217,380.103671
1,1218,137.532180
1,1219,267.182460
1,1220,398.226829
1,1221,137.532180
1,1222,256.029748
1,1223,235.118412
1,1224,137.532180
1,1225,137.532180
1,1226,137.532180
1,1227,137.532180
1,1228,137.532180
1,1229,392.650473
1,1230,459.566746
1,1231,465.143102
1,1232,448.414034
1,1233,414.955897
1,1234,137.532180
1,1235,355.010069
1,1236,137.532180
1,1237,635.221964
1,1238,137.532180
1,1239,469.325369
1,1240,137.532180
1,1241,331.310555
1,1242,137.532180
1,1243,300.640597
1,1244,137.532180
1,1245,137.532180
1,1246,689.591436
1,1247,816.453538
1,1248,714.685039
1,1249,137.532180
1,1250,309.005131
1,1251,137.532180
1,1252,476.295814
1,1253,137.532180
1,1254,137.532180
1,1255,137.532180
1,1256,137.532180
1,1257,137.532180
1,1258,586.428848
1,1259,551.576622
1,1260,348.039624
1,1261,137.532180
1,1262,413.561808
1,1263,137.532180
1,1264,520.906663
1,1265,431.684966
1,1266,253.241570
1,1267,399.620918
1,1268,233.724323
1,1269,328.522377
1,1270,137.532180
1,1271,246.271125
1,1272,802.512647
1,1273,508.359862
1,1274,568.305690
1,1275,407.985452
1,1276,137.532180
1,1277,530.665287
1,1278,286.699706
1,1279,267.182460
1,1280,212.812988
1,1281,343.857357
1,1282,137.532180
1,1283,469.325369
1,1284,256.029748
1,1285,274.152905
1,1286,258.817926
1,1287,315.975576
1,1288,137.532180
1,1289,537.635732
1,1290,277.638128
1,1291,137.532180
1,1292,137.532180
1,1293,137.532180
1,1294,137.532180
1,1295,137.532180
1,1296,236.512501
1,1297,137.532180
1,1298,318.763754
1,1299,137.532180
1,1300,137.532180
1,1301,137.532180
1,1302,137.532180
1,1303,137.532180
1,1304,137.532180
1,1305,137.532180
1,1306,302.034686
1,1307,677.044635
1,1308,395.438651
1,1309,137.532180
1,1310,348.039624
1,1311,137.532180
1,1312,137.532180
1,1313,137.532180
1,1314,237.906590
1,1315,230.936145
1,1316,271.364727
1,1317,285.305617
1,1318,137.532180
1,1319,410.773630
1,1320,281.123350
1,1321,709.108682
1,1322,137.532180
1,1323,290.881973
1,1324,137.532180
1,1325,907.069325
1,1326,891.734345
1,1327,137.532180
1,1328,300.640597
1,1329,336.886911
1,1330,137.532180
1,1331,352.221891
1,1332,137.532180
1,1333,361.980514
1,1334,137.532180
1,1335,387.074117
1,1336,276.941083
1,1337,361.980514
1,1338,137.532180
1,1339,534.847554
1,1340,137.532180
1,1341,257.423837
1,1342,309.005131
1,1343,137.532180
1,1344,289.487884
1,1345,380.103671
1,1346,313.187398
1,1347,278.335172
1,1348,437.261322
1,1349,403.803185
1,1350,435.867233
1,1351,214.555599
1,1352,137.532180
1,1353,137.532180
1,1354,137.532180
1,1355,137.532180
1,1356,558.547067
1,1357,137.532180
1,1358,442.837678
1,1359,137.532180
1,1360,263.000193
1,1361,137.532180
1,1362,137.532180
1,1363,137.532180
1,1364,137.532180
1,1365,299.246508
1,1366,686.803258
1,1367,282.517439
1,1368,279.729261
1,1369,254.635659
1,1370,573.882047
1,1371,137.532180
1,1372,723.049573
1,1373,587.822937
1,1374,233.724323
1,1375,307.611042
1,1376,300.640597
1,1377,313.187398
1,1378,272.758816
1,1379,137.532180
1,1380,338.281001
1,1381,283.911528
1,1382,275.546994
1,1383,137.532180
1,1384,345.251446
1,1385,137.532180
1,1386,554.364800
1,1387,424.714520
1,1388,137.532180
1,1389,523.694841
1,1390,368.950959
1,1391,405.197274
1,1392,137.532180
1,1393,289.487884
1,1394,137.532180
1,1395,246.271125
1,1396,311.793309
1,1397,484.660349
1,1398,137.532180
1,1399,441.443589
1,1400,137.532180
1,1401,424.714520
1,1402,318.763754
1,1403,247.665214
1,1404,519.512574
1,1405,424.714520
1,1406,137.532180
1,1407,590.611115
1,1408,359.192336
1,1409,398.226829
1,1410,137.532180
1,1411,394.044562
1,1412,327.128288
1,1413,247.665214
1,1414,612.916539
1,1415,467.931280
1,1416,137.532180
1,1417,960.044708
1,1418,137.532180
1,1419,137.532180
1,1420,575.276136
1,1421,293.670152
1,1422,279.729261
1,1423,434.473144
1,1424,207.236632
1,1425,536.241643
1,1426,268.576549
1,1427,137.532180
1,1428,580.852492
1,1429,580.852492
1,1430,674.256457
1,1431,264.394282
1,1432,607.340183
1,1433,137.532180
1,1434,378.709582
1,1435,622.675163
1,1436,253.241570
1,1437,306.216953
1,1438,561.335245
1,1439,137.532180
1,1440,444.231767
1,1441,324.340110
1,1442,137.532180
1,1443,352.221891
1,1444,465.143102
1,1445,137.532180
1,1446,431.684966
1,1447,137.532180
1,1448,137.532180
1,1449,137.532180
1,1450,137.532180
1,1451,275.546994
1,1452,137.532180
1,1453,363.374603
1,1454,137.532180
1,1455,313.187398
1,1456,361.980514
1,1457,137.532180
1,1458,247.665214
1,1459,302.034686
1,1460,137.532180
1,1461,387.074117
1,1462,137.532180
1,1463,506.965773
1,1464,384.285938
1,1465,137.532180
1,1466,137.532180
1,1467,137.532180
1,1468,256.029748
1,1469,137.532180
1,1470,743.960908
1,1471,137.532180
1,1472,364.768692
1,1473,137.532180
1,1474,342.463268
1,1475,137.532180
1,1476,137.532180
1,1477,137.532180
1,1478,137.532180
1,1479,137.532180
1,1480,137.532180
1,1481,137.532180
1,1482,355.010069
1,1483,137.532180
1,1484,137.532180
1,1485,385.680028
1,1486,346.645535
1,1487,137.532180
1,1488,569.699779
1,1489,356.404158
1,1490,246.271125
1,1491,276.941083
1,1492,381.497760
1,1493,267.182460
1,1494,137.532180
1,1495,137.532180
1,1496,374.527315
1,1497,313.187398
1,1498,302.034686
1,1499,137.532180
1,1500,435.867233
1,1501,339.675090
1,1502,137.532180
1,1503,342.463268
1,1504,327.128288
1,1505,137.532180
1,1506,515.330307
1,1507,137.532180
1,1508,375.921404
1,1509,292.276063
1,1510,664.497834
1,1511,364.768692
1,1512,137.532180
1,1513,299.246508
1,1514,137.532180
1,1515,242.088857
1,1516,281.123350
1,1517,331.310555
1,1518,137.532180
1,1519,466.537191
1,1520,137.532180
1,1521,438.655411
1,1522,352.221891
1,1523,137.532180
1,1524,267.182460
1,1525,247.665214
1,1526,339.675090
1,1527,137.532180
1,1528,137.532180
1,1529,580.852492
1,1530,137.532180
1,1531,325.734199
1,1532,297.852419
1,1533,137.532180
1,1534,278.335172
1,1535,137.532180
1,1536,137.532180
1,1537,418.092597
1,1538,137.532180
1,1539,186.325296
1,1540,137.532180
1,1541,137.532180
1,1542,137.532180
1,1543,137.532180
1,1544,137.532180
1,1545,137.532180
1,1546,855.488031
1,1547,493.024883
1,1548,229.542056
1,1549,322.946021
1,1550,137.532180
1,1551,381.497760
1,1552,332.704644
1,1553,137.532180
1,1554,285.305617
1,1555,137.532180
1,1556,320.157843
1,1557,392.650473
1,1558,137.532180
1,1559,246.271125
1,1560,137.532180
1,1561,137.532180
1,1562,137.532180
1,1563,289.487884
1,1564,387.074117
1,1565,413.561808
1,1566,137.532180
1,1567,661.709655
1,1568,538.681299
1,1569,137.532180
1,1570,137.532180
1,1571,137.532180
1,1572,396.832740
1,1573,374.527315
1,1574,137.532180
1,1575,327.128288
1,1576,283.911528
1,1577,137.532180
1,1578,137.532180
1,1579,375.921404
1,1580,137.532180
1,1581,299.246508
1,1582,329.916466
1,1583,137.532180
1,1584,348.039624
1,1585,137.532180
1,1586,559.941156
1,1587,137.532180
1,1588,137.532180
1,1589,137.532180
1,1590,268.576549
1,1591,282.517439
1,1592,137.532180
1,1593,246.271125
1,1594,137.532180
1,1595,442.837678
1,1596,211.418899
1,1597,525.088931
1,1598,137.532180
1,1599,348.039624
1,1600,137.532180
1,1601,137.532180
1,1602,314.581487
1,1603,137.532180
1,1604,137.532180
1,1605,137.532180
1,1606,414.955897
1,1607,137.532180
1,1608,375.921404
1,1609,315.975576
1,1610,137.532180
1,1611,300.640597
1,1612,137.532180
1,1613,137.532180
1,1614,618.492896
1,1615,137.532180
1,1616,137.532180
1,1617,546.000266
1,1618,237.906590
1,1619,295.064241
1,1620,137.532180
1,1621,137.532180
1,1622,239.300679
1,1623,263.000193
1,1624,313.187398
1,1625,304.822864
1,1626,261.606104
1,1627,260.212015
1,1628,268.576549
1,1629,309.005131
1,1630,137.532180
1,1631,382.891849
1,1632,137.532180
1,1633,137.532180
1,1634,300.640597
1,1635,137.532180
1,1636,137.532180
1,1637,426.108609
1,1638,137.532180
1,1639,137.532180
1,1640,264.394282
1,1641,137.532180
1,1642,321.551932
1,1643,258.817926
1,1644,137.532180
1,1645,137.532180
1,1646,271.364727
1,1647,137.532180
1,1648,137.532180
1,1649,137.532180
1,1650,137.532180
1,1651,137.532180
1,1652,137.532180
1,1653,137.532180
1,1654,137.532180
1,1655,137.532180
1,1656,441.443589
1,1657,261.606104
1,1658,137.532180
1,1659,345.251446
1,1660,258.817926
1,1661,228.147967
1,1662,137.532180
1,1663,267.182460
1,1664,137.532180
1,1665,137.532180
1,1666,137.532180
1,1667,327.128288
1,1668,137.532180
1,1669,137.532180
1,1670,137.532180
1,1671,314.581487
1,1672,629.645608
1,1673,414.955897
1,1674,137.532180
1,1675,137.532180
1,1676,137.532180
1,1677,137.532180
1,1678,137.532180
1,1679,137.532180
1,1680,260.212015
1,1681,137.532180
1,1682,276.941083
1,1683,137.532180
1,1684,306.216953
1,1685,533.453465
1,1686,137.532180
1,1687,373.133226
1,1688,137.532180
1,1689,137.532180
1,1690,458.172657
1,1691,137.532180
1,1692,278.335172
1,1693,366.162781
1,1694,137.532180
1,1695,264.394282
1,1696,137.532180
1,1697,499.995328
1,1698,137.532180
1,1699,137.532180
1,1700,388.468206
1,1701,137.532180
1,1702,371.739137
1,1703,137.532180
1,1704,243.482946
1,1705,137.532180
1,1706,137.532180
1,1707,479.083993
1,1708,279.729261
1,1709,536.241643
1,1710,565.517512
1,1711,137.532180
1,1712,137.532180
1,1713,257.423837
1,1714,260.212015
1,1715,196.432442
1,1716,197.826531
1,1717,179.354851
1,1718,502.086462
1,1719,225.359789
1,1720,244.528513
1,1721,359.540858
1,1722,657.178866
1,1723,137.532180
1,1724,137.532180
1,1725,137.532180
1,1726,137.532180
1,1727,459.566746
1,1728,296.458330
1,1729,363.374603
1,1730,137.532180
1,1731,137.532180
1,1732,137.532180
1,1733,334.098733
1,1734,137.532180
1,1735,137.532180
1,1736,940.527461
1,1737,265.788371
1,1738,533.453465
1,1739,350.827802
1,1740,444.231767
1,1741,137.532180
1,1742,137.532180
1,1743,137.532180
1,1744,137.532180
1,1745,137.532180
1,1746,388.468206
1,1747,137.532180
1,1748,509.753951
1,1749,137.532180
1,1750,401.015007
1,1751,137.532180
1,1752,456.778568
1,1753,137.532180
1,1754,137.532180
1,1755,421.926342
1,1756,137.532180
1,1757,137.532180
1,1758,137.532180
1,1759,303.428775
1,1760,137.532180
1,1761,357.798247
1,1762,137.532180
1,1763,137.532180
1,1764,916.827948
1,1765,137.532180
1,1766,618.492896
1,1767,137.532180
1,1768,137.532180
1,1769,137.532180
1,1770,137.532180
1,1771,137.532180
1,1772,303.428775
1,1773,137.532180
1,1774,137.532180
1,1775,349.433713
1,1776,342.463268
1,1777,253.241570
1,1778,244.877036
1,1779,346.645535
1,1780,260.212015
1,1781,394.741606
1,1782,137.532180
1,1783,137.532180
1,1784,288.093795
1,1785,137.532180
1,1786,137.532180
1,1787,394.044562
1,1788,137.532180
1,1789,295.064241
1,1790,137.532180
1,1791,137.532180
1,1792,137.532180
1,1793,137.532180
1,1794,303.428775
1,1795,240.694768
1,1796,137.532180
1,1797,137.532180
1,1798,137.532180
1,1799,243.482946
1,1800,268.576549
1,1801,463.749013
1,1802,137.532180
1,1803,276.941083
1,1804,137.532180
1,1805,137.532180
1,1806,137.532180
1,1807,137.532180
1,1808,137.532180
1,1809,137.532180
1,1810,419.138164
1,1811,137.532180
1,1812,137.532180
1,1813,339.675090
1,1814,242.088857
1,1815,470.719458
1,1816,137.532180
1,1817,361.980514
1,1818,335.492822
1,1819,137.532180
1,1820,353.615980
1,1821,137.532180
1,1822,445.625856
1,1823,257.423837
1,1824,137.532180
1,1825,222.571611
1,1826,137.532180
1,1827,137.532180
1,1828,137.532180
1,1829,137.532180
1,1830,137.532180
1,1831,137.532180
1,1832,137.532180
1,1833,564.123423
1,1834,137.532180
1,1835,820.635805
1,1836,240.694768
1,1837,735.596374
1,1838,697.955970
1,1839,410.773630
1,1840,504.177595
1,1841,282.517439
1,1842,530.665287
1,1843,328.522377
1,1844,244.877036
1,1845,435.867233
1,1846,137.532180
1,1847,801.118558
1,1848,137.532180
1,1849,852.699853
1,1850,349.433713
1,1851,137.532180
1,1852,328.522377
1,1853,137.532180
1,1854,618.492896
1,1855,137.532180
1,1856,398.226829
1,1857,257.423837
1,1858,137.532180
1,1859,526.483020
1,1860,343.857357
1,1861,578.064314
1,1862,137.532180
1,1863,137.532180
1,1864,137.532180
1,1865,269.970638
1,1866,339.675090
1,1867,137.532180
1,1868,302.034686
1,1869,137.532180
1,1870,412.167719
1,1871,342.463268
1,1872,325.734199
1,1873,272.758816
1,1874,137.532180
1,1875,292.276063
1,1876,586.428848
1,1877,253.590092
1,1878,348.039624
1,1879,137.532180
1,1880,210.024810
1,1881,280.426306
1,1882,137.532180
1,1883,137.532180
1,1884,449.111078
1,1885,480.478082
1,1886,137.532180
1,1887,384.982983
1,1888,271.364727
1,1889,268.576549
1,1890,137.532180
1,1891,290.184929
1,1892,506.965773
1,1893,137.532180
1,1894,352.918935
1,1895,373.830271
1,1896,137.532180
1,1897,336.189867
1,1898,137.532180
1,1899,305.519908
1,1900,252.544525
1,1901,137.532180
1,1902,137.532180
1,1903,520.209619
1,1904,520.209619
1,1905,410.076586
1,1906,409.379541
1,1907,534.150509
1,1908,324.340110
1,1909,671.468279
1,1910,362.677559
1,1911,447.019945
1,1912,277.638128
1,1913,137.532180
1,1914,322.946021
1,1915,276.244039
1,1916,137.532180
1,1917,285.305617
1,1918,137.532180
1,1919,137.532180
1,1920,1475.857649
1,1921,378.709582
1,1922,333.401689
1,1923,137.532180
1,1924,1315.537411
1,1925,427.502698
1,1926,413.561808
1,1927,137.532180
1,1928,691.682570
1,1929,371.042093
1,1930,375.224360
1,1931,314.581487
1,1932,514.633263
1,1933,137.532180
1,1934,137.532180
1,1935,137.532180
1,1936,542.515043
1,1937,137.532180
1,1938,137.532180
1,1939,137.532180
1,1940,137.532180
1,1941,137.532180
1,1942,137.532180
1,1943,137.532180
1,1944,137.532180
1,1945,339.675090
1,1946,229.542056
1,1947,318.066710
1,1948,332.007600
1,1949,137.532180
1,1950,318.763754
1,1951,254.635659
1,1952,137.532180
1,1953,808.786048
1,1954,424.017476
1,1955,137.532180
1,1956,242.785902
1,1957,281.820395
1,1958,578.064314
1,1959,287.396751
1,1960,1192.857576
1,1961,740.475686
1,1962,137.532180
1,1963,696.561881
1,1964,278.335172
1,1965,379.406627
1,1966,137.532180
1,1967,244.179991
1,1968,402.409096
1,1969,514.633263
1,1970,405.197274
1,1971,137.532180
1,1972,371.042093
1,1973,137.532180
1,1974,137.532180
1,1975,137.532180
1,1976,449.808123
1,1977,424.017476
1,1978,285.305617
1,1979,707.714593
1,1980,387.074117
1,1981,137.532180
1,1982,137.532180
1,1983,137.532180
1,1984,484.660349
1,1985,301.337641
1,1986,718.170261
1,1987,774.630867
1,1988,137.532180
1,1989,414.955897
1,1990,137.532180
1,1991,1026.263937
1,1992,137.532180
1,1993,508.359862
1,1994,329.916466
1,1995,400.317962
1,1996,137.532180
1,1997,702.835282
1,1998,824.818072
1,1999,137.532180
1,2000,137.532180
1,2001,642.192409
1,2002,137.532180
1,2003,274.152905
1,2004,447.019945
1,2005,137.532180
1,2006,1112.697457
1,2007,137.532180
1,2008,1026.960981
1,2009,696.561881
1,2010,490.236705
1,2011,230.936145
1,2012,663.103744
1,2013,137.532180
1,2014,487.448527
1,2015,137.532180
1,2016,643.586498
1,2017,340.372134
1,2018,137.532180
1,2019,1250.015226
1,2020,137.532180
1,2021,398.226829
1,2022,368.253915
1,2023,137.532180
1,2024,807.391959
1,2025,137.532180
1,2026,381.497760
1,2027,447.019945
1,2028,437.261322
1,2029,599.672694
1,2030,315.278532
1,2031,357.798247
1,2032,264.394282
1,2033,272.061772
1,2034,301.337641
1,2035,137.532180
1,2036,137.532180
1,2037,137.532180
1,2038,137.532180
1,2039,270.667683
1,2040,263.697237
1,2041,137.532180
1,2042,286.002662
1,2043,474.204681
1,2044,438.655411
1,2045,378.709582
1,2046,426.108609
1,2047,262.303148
1,2048,651.253988
1,2049,569.002735
1,2050,264.394282
1,2051,277.638128
1,2052,278.335172
1,2053,137.532180
1,2054,359.192336
1,2055,433.776099
1,2056,565.517512
1,2057,332.704644
1,2058,311.096264
1,2059,464.446058
1,2060,382.194805
1,2061,137.532180
1,2062,137.532180
1,2063,137.532180
1,2064,284.608573
1,2065,421.229298
1,2066,376.618449
1,2067,483.266260
1,2068,137.532180
1,2069,449.111078
1,2070,137.532180
1,2071,543.909132
1,2072,137.532180
1,2073,626.160385
1,2074,344.554401
1,2075,251.150436
1,2076,279.729261
1,2077,437.958366
1,2078,137.532180
1,2079,505.571684
1,2080,137.532180
1,2081,474.204681
1,2082,608.734272
1,2083,1150.337860
1,2084,304.822864
1,2085,482.569215
1,2086,389.862295
1,2087,226.753878
1,2088,260.212015
1,2089,746.749086
1,2090,906.372280
1,2091,1230.497980
1,2092,362.677559
1,2093,476.295814
1,2094,1281.382229
1,2095,395.438651
1,2096,336.886911
1,2097,451.202212
1,2098,137.532180
1,2099,530.665287
1,2100,332.704644
1,2101,667.286012
1,2102,746.749086
1,2103,981.653088
1,2104,325.734199
1,2105,454.687435
1,2106,137.532180
1,2107,137.532180
1,2108,214.207077
1,2109,137.532180
1,2110,137.532180
1,2111,137.532180
1,2112,137.532180
1,2113,137.532180
1,2114,368.950959
1,2115,212.115943
1,2116,269.273594
1,2117,365.465737
1,2118,442.140633
1,2119,137.532180
1,2120,375.921404
1,2121,137.532180
1,2122,367.556870
1,2123,137.532180
1,2124,303.428775
1,2125,254.635659
1,2126,137.532180
1,2127,137.532180
1,2128,137.532180
1,2129,244.877036
1,2130,287.396751
1,2131,137.532180
1,2132,540.423910
1,2133,137.532180
1,2134,341.069179
1,2135,137.532180
1,2136,259.514970
1,2137,505.571684
1,2138,716.079128
1,2139,362.677559
1,2140,226.753878
1,2141,406.591363
1,2142,884.763900
1,2143,442.837678
1,2144,681.923946
1,2145,453.990390
1,2146,448.414034
1,2147,137.532180
1,2148,916.827948
1,2149,428.199743
1,2150,986.532399
1,2151,137.532180
1,2152,387.074117
1,2153,137.532180
1,2154,137.532180
1,2155,137.532180
1,2156,137.532180
1,2157,137.532180
1,2158,296.458330
1,2159,137.532180
1,2160,137.532180
1,2161,616.401762
1,2162,137.532180
1,2163,412.167719
1,2164,137.532180
1,2165,573.185002
1,2166,751.628398
1,2167,464.446058
1,2168,137.532180
1,2169,812.968315
1,2170,812.271271
1,2171,734.899330
1,2172,733.505240
1,2173,288.093795
1,2174,612.916539
1,2175,320.854888
1,2176,342.463268
1,2177,661.012611
1,2178,137.532180
1,2179,328.522377
1,2180,769.054511
1,2181,595.490427
1,2182,137.532180
1,2183,137.532180
1,2184,137.532180
1,2185,546.697310
1,2186,260.212015
1,2187,566.214557
1,2188,1684.273959
1,2189,336.886911
1,2190,487.448527
1,2191,441.443589
1,2192,514.633263
1,2193,472.810592
1,2194,498.601239
1,2195,289.487884
1,2196,417.744075
1,2197,222.571611
1,2198,137.532180
1,2199,509.056907
1,2200,137.532180
1,2201,662.406700
1,2202,359.192336
1,2203,599.672694
1,2204,137.532180
1,2205,300.640597
1,2206,504.874640
1,2207,823.423983
1,2208,575.276136
1,2209,137.532180
1,2210,388.468206
1,2211,690.288481
1,2212,602.460872
1,2213,391.953428
1,2214,466.537191
1,2215,495.116016
1,2216,137.532180
1,2217,3031.661006
1,2218,412.864764
1,2219,137.532180
1,2220,580.852492
1,2221,519.512574
1,2222,619.189940
1,2223,137.532180
1,2224,468.628325
1,2225,370.345048
1,2226,311.096264
1,2227,336.189867
1,2228,252.544525
1,2229,413.561808
1,2230,504.177595
1,2231,552.970711
1,2232,873.611188
1,2233,137.532180
1,2234,294.367196
1,2235,569.699779
1,2236,249.059303
1,2237,357.101202
1,2238,578.064314
1,2239,327.825333
1,2240,137.532180
1,2241,281.123350
1,2242,137.532180
1,2243,137.532180
1,2244,285.305617
1,2245,137.532180
1,2246,137.532180
1,2247,137.532180
1,2248,419.138164
1,2249,335.492822
1,2250,316.672621
1,2251,137.532180
1,2252,137.532180
1,2253,137.532180
1,2254,481.872171
1,2255,137.532180
1,2256,137.532180
1,2257,137.532180
1,2258,377.315493
1,2259,458.172657
1,2260,327.825333
1,2261,137.532180
1,2262,281.820395
1,2263,227.450923
1,2264,272.758816
1,2265,564.123423
1,2266,137.532180
1,2267,137.532180
1,2268,424.714520
1,2269,286.699706
1,2270,137.532180
1,2271,441.443589
1,2272,251.150436
1,2273,137.532180
1,2274,250.453392
1,2275,399.620918
1,2276,426.108609
1,2277,495.116016
1,2278,137.532180
1,2279,638.707186
1,2280,256.726792
1,2281,854.790986
1,2282,263.697237
1,2283,672.165323
1,2284,137.532180
1,2285,137.532180
1,2286,220.480477
1,2287,137.532180
1,2288,137.532180
1,2289,137.532180
1,2290,137.532180
1,2291,263.697237
1,2292,292.973107
1,2293,137.532180
1,2294,137.532180
1,2295,251.847481
1,2296,222.571611
1,2297,239.997724
1,2298,424.714520
1,2299,452.596301
1,2300,739.778641
1,2301,272.061772
1,2302,812.271271
1,2303,430.290876
1,2304,274.152905
1,2305,367.556870
1,2306,137.532180
1,2307,398.923873
1,2308,323.643066
1,2309,299.943552
1,2310,137.532180
1,2311,256.726792
1,2312,137.532180
1,2313,552.970711
1,2314,137.532180
1,2315,137.532180
1,2316,400.317962
1,2317,137.532180
1,2318,422.623387
1,2319,299.246508
1,2320,306.913997
1,2321,244.877036
1,2322,484.660349
1,2323,368.950959
1,2324,498.601239
1,2325,137.532180
1,2326,679.832813
1,2327,137.532180
1,2328,445.625856
1,2329,276.244039
1,2330,267.879504
1,2331,137.532180
1,2332,713.987994
1,2333,137.532180
1,2334,137.532180
1,2335,481.175126
1,2336,137.532180
1,2337,842.244185
1,2338,1421.488177
1,2339,1065.298430
1,2340,137.532180
1,2341,766.266333
1,2342,542.515043
1,2343,824.121027
1,2344,286.699706
1,2345,721.655484
1,2346,615.007673
1,2347,375.224360
1,2348,137.532180
1,2349,410.076586
1,2350,513.239174
1,2351,320.157843
1,2352,246.271125
1,2353,291.579018
1,2354,137.532180
1,2355,502.783506
1,2356,804.603781
1,2357,329.916466
1,2358,546.697310
1,2359,260.909059
1,2360,1210.980733
1,2361,1162.187617
1,2362,137.532180
1,2363,806.694915
1,2364,1823.682862
1,2365,1003.261468
1,2366,1260.470894
1,2367,440.746544
1,2368,137.532180
1,2369,219.783433
1,2370,379.406627
1,2371,137.532180
1,2372,340.372134
1,2373,377.315493
1,2374,137.532180
1,2375,356.404158
1,2376,407.985452
1,2377,137.532180
1,2378,562.729334
1,2379,461.657880
1,2380,251.847481
1,2381,262.303148
1,2382,837.364873
1,2383,617.795851
1,2384,137.532180
1,2385,280.426306
1,2386,256.726792
1,2387,366.162781
1,2388,137.532180
1,2389,754.416576
1,2390,380.800716
1,2391,268.576549
1,2392,137.532180
1,2393,536.241643
1,2394,317.369665
1,2395,137.532180
1,2396,334.098733
1,2397,575.973180
1,2398,1878.052334
1,2399,994.896934
1,2400,311.793309
1,2401,1508.618741
1,2402,137.532180
1,2403,137.532180
1,2404,610.128361
1,2405,920.313171
1,2406,634.524919
1,2407,1803.468571
1,2408,137.532180
1,2409,411.470675
1,2410,347.342579
1,2411,137.532180
1,2412,137.532180
1,2413,137.532180
1,2414,137.532180
1,2415,860.367342
1,2416,234.421368
1,2417,805.997870
1,2418,137.532180
1,2419,137.532180
1,2420,137.532180
1,2421,137.532180
1,2422,137.532180
1,2423,329.219422
1,2424,341.766223
1,2425,137.532180
1,2426,276.941083
1,2427,137.532180
1,2428,137.532180
1,2429,137.532180
1,2430,137.532180
1,2431,137.532180
1,2432,137.532180
1,2433,137.532180
1,2434,137.532180
1,2435,137.532180
1,2436,137.532180
1,2437,343.857357
1,2438,137.532180
1,2439,315.975576
1,2440,327.128288
1,2441,412.167719
1,2442,137.532180
1,2443,137.532180
1,2444,137.532180
1,2445,137.532180
1,2446,137.532180
1,2447,137.532180
1,2448,137.532180
1,2449,137.532180
1,2450,137.532180
1,2451,337.583956
1,2452,137.532180
1,2453,295.064241
1,2454,137.532180
1,2455,297.852419
1,2456,348.736668
1,2457,402.409096
1,2458,585.034759
1,2459,302.731730
1,2460,137.532180
1,2461,281.820395
1,2462,137.532180
1,2463,454.687435
1,2464,721.655484
1,2465,302.034686
1,2466,244.877036
1,2467,238.603635
1,2468,137.532180
1,2469,257.423837
1,2470,137.532180
1,2471,253.241570
1,2472,544.606177
1,2473,137.532180
1,2474,389.862295
1,2475,137.532180
1,2476,137.532180
1,2477,320.157843
1,2478,137.532180
1,2479,137.532180
1,2480,380.103671
1,2481,398.226829
1,2482,279.729261
1,2483,137.532180
1,2484,137.532180
1,2485,444.928811
1,2486,718.867306
1,2487,552.970711
1,2488,137.532180
1,2489,641.495365
1,2490,748.143175
1,2491,222.571611
1,2492,628.948563
1,2493,423.320431
1,2494,137.532180
1,2495,502.783506
1,2496,353.615980
1,2497,137.532180
1,2498,137.532180
1,2499,227.450923
1,2500,263.000193
1,2501,137.532180
1,2502,585.034759
1,2503,392.650473
1,2504,137.532180
1,2505,618.492896
1,2506,137.532180
1,2507,1252.803404
1,2508,137.532180
1,2509,137.532180
1,2510,380.103671
1,2511,329.219422
1,2512,137.532180
1,2513,252.544525
1,2514,319.460799
1,2515,306.216953
1,2516,137.532180
1,2517,265.788371
1,2518,949.589040
1,2519,804.603781
1,2520,451.899256
1,2521,137.532180
1,2522,488.842616
1,2523,137.532180
1,2524,398.923873
1,2525,493.721927
1,2526,326.431244
1,2527,255.332703
1,2528,360.586425
1,2529,137.532180
1,2530,137.532180
1,2531,137.532180
1,2532,137.532180
1,2533,304.822864
1,2534,370.345048
1,2535,614.310628
1,2536,137.532180
1,2537,388.468206
1,2538,640.101275
1,2539,1405.456153
1,2540,681.226902
1,2541,137.532180
1,2542,456.081524
1,2543,308.308086
1,2544,1382.453684
1,2545,228.147967
1,2546,719.564350
1,2547,713.987994
1,2548,474.204681
1,2549,457.475613
1,2550,446.322900
1,2551,137.532180
1,2552,396.832740
1,2553,316.672621
1,2554,137.532180
1,2555,873.611188
1,2556,1411.032509
1,2557,340.372134
1,2558,459.566746
1,2559,948.194951
1,2560,293.670152
1,2561,371.739137
1,2562,137.532180
1,2563,483.266260
1,2564,137.532180
1,2565,137.532180
1,2566,137.532180
1,2567,821.332849
1,2568,260.909059
1,2569,137.532180
1,2570,583.640670
1,2571,372.436182
1,2572,690.985525
1,2573,900.098880
1,2574,573.882047
1,2575,358.495291
1,2576,137.532180
1,2577,137.532180
1,2578,608.734272
1,2579,424.017476
1,2580,656.133299
1,2581,719.564350
1,2582,974.682643
1,2583,137.532180
1,2584,637.313097
1,2585,137.532180
1,2586,299.943552
1,2587,401.015007
1,2588,137.532180
1,2589,778.116089
1,2590,930.071794
1,2591,498.601239
1,2592,137.532180
1,2593,1513.498053
1,2594,137.532180
1,2595,137.532180
1,2596,532.059376
1,2597,1676.606469
1,2598,267.182460
1,2599,782.298357
1,2600,137.532180
1,2601,359.192336
1,2602,137.532180
1,2603,412.167719
1,2604,1158.702395
1,2605,977.470821
1,2606,346.645535
1,2607,1297.414253
1,2608,612.219495
1,2609,911.948636
1,2610,773.236778
1,2611,778.116089
1,2612,788.571757
1,2613,137.532180
1,2614,137.532180
1,2615,137.532180
1,2616,363.374603
1,2617,428.199743
1,2618,542.515043
1,2619,401.712051
1,2620,137.532180
1,2621,1341.328058
1,2622,904.978191
1,2623,137.532180
1,2624,137.532180
1,2625,366.859826
1,2626,137.532180
1,2627,137.532180
1,2628,605.946094
1,2629,137.532180
1,2630,235.118412
1,2631,502.783506
1,2632,460.960835
1,2633,444.231767
1,2634,740.475686
1,2635,137.532180
1,2636,137.532180
1,2637,617.098806
1,2638,340.372134
1,2639,137.532180
1,2640,578.761358
1,2641,137.532180
1,2642,636.616053
1,2643,950.983129
1,2644,137.532180
1,2645,338.978045
1,2646,137.532180
1,2647,378.709582
1,2648,216.298210
1,2649,137.532180
1,2650,403.803185
1,2651,370.345048
1,2652,226.056834
1,2653,137.532180
1,2654,137.532180
1,2655,912.645681
1,2656,137.532180
1,2657,338.281001
1,2658,137.532180
1,2659,288.790840
1,2660,344.554401
1,2661,137.532180
1,2662,137.532180
1,2663,137.532180
1,2664,137.532180
1,2665,137.532180
1,2666,137.532180
1,2667,137.532180
1,2668,251.150436
1,2669,137.532180
1,2670,413.561808
1,2671,137.532180
1,2672,437.958366
1,2673,434.473144
1,2674,137.532180
1,2675,538.332776
1,2676,137.532180
1,2677,352.918935
1,2678,259.514970
1,2679,137.532180
1,2680,290.184929
1,2681,137.532180
1,2682,256.029748
1,2683,137.532180
1,2684,283.911528
1,2685,137.532180
1,2686,279.032217
1,2687,137.532180
1,2688,581.549536
1,2689,137.532180
1,2690,137.532180
1,2691,137.532180
1,2692,230.239101
1,2693,304.822864
1,2694,242.785902
1,2695,296.458330
1,2696,369.648004
1,2697,672.862368
1,2698,137.532180
1,2699,506.268729
1,2700,267.879504
1,2701,217.692299
1,2702,629.645608
1,2703,298.549463
1,2704,425.411565
1,2705,422.623387
1,2706,215.601166
1,2707,137.532180
1,2708,375.921404
1,2709,137.532180
1,2710,379.406627
1,2711,264.394282
1,2712,137.532180
1,2713,315.278532
1,2714,321.551932
1,2715,350.130757
1,2716,299.246508
1,2717,394.741606
1,2718,419.138164
1,2719,137.532180
1,2720,511.148040
1,2721,696.561881
1,2722,254.635659
1,2723,571.093869
1,2724,399.620918
1,2725,366.162781
1,2726,407.288407
1,2727,137.532180
1,2728,137.532180
1,2729,528.574153
1,2730,137.532180
1,2731,272.061772
1,2732,415.652942
1,2733,137.532180
1,2734,269.970638
1,2735,233.027279
1,2736,282.517439
1,2737,286.002662
1,2738,137.532180
1,2739,137.532180
1,2740,137.532180
1,2741,348.039624
1,2742,137.532180
1,2743,426.108609
1,2744,137.532180
1,2745,573.882047
1,2746,371.042093
1,2747,327.825333
1,2748,269.970638
1,2749,413.561808
1,2750,383.588894
1,2751,606.643139
1,2752,345.251446
1,2753,681.923946
1,2754,597.581560
1,2755,137.532180
1,2756,703.532326
1,2757,704.229371
1,2758,352.221891
1,2759,285.305617
1,2760,900.795924
1,2761,137.532180
1,2762,1188.675309
1,2763,231.633190
1,2764,850.608719
1,2765,738.384552
1,2766,137.532180
1,2767,578.761358
1,2768,415.652942
1,2769,137.532180
1,2770,137.532180
1,2771,137.532180
1,2772,137.532180
1,2773,593.399293
1,2774,301.337641
1,2775,283.911528
1,2776,955.862441
1,2777,361.980514
1,2778,478.386948
1,2779,602.460872
1,2780,260.212015
1,2781,607.340183
1,2782,583.640670
1,2783,298.549463
1,2784,407.288407
1,2785,666.588967
1,2786,300.640597
1,2787,833.182606
1,2788,933.557016
1,2789,321.551932
1,2790,271.364727
1,2791,137.532180
1,2792,137.532180
1,2793,244.179991
1,2794,137.532180
1,2795,435.170188
1,2796,137.532180
1,2797,137.532180
1,2798,137.532180
1,2799,137.532180
1,2800,137.532180
1,2801,246.271125
1,2802,249.059303
1,2803,290.881973
1,2804,137.532180
1,2805,137.532180
1,2806,137.532180
1,2807,137.532180
1,2808,221.177522
1,2809,414.955897
1,2810,447.716989
1,2811,137.532180
1,2812,361.283470
1,2813,835.970784
1,2814,242.088857
1,2815,137.532180
1,2816,137.532180
1,2817,251.847481
1,2818,251.847481
1,2819,137.532180
1,2820,255.332703
1,2821,318.066710
1,2822,137.532180
1,2823,137.532180
1,2824,279.032217
1,2825,338.281001
1,2826,137.532180
1,2827,317.369665
1,2828,227.450923
1,2829,137.532180
1,2830,375.921404
1,2831,137.532180
1,2832,277.638128
1,2833,137.532180
1,2834,352.221891
1,2835,323.643066
1,2836,137.532180
1,2837,359.192336
1,2838,352.221891
1,2839,137.532180
1,2840,137.532180
1,2841,137.532180
1,2842,489.539660
1,2843,137.532180
1,2844,244.877036
1,2845,137.532180
1,2846,346.645535
1,2847,249.059303
1,2848,305.519908
1,2849,318.066710
1,2850,137.532180
1,2851,359.192336
1,2852,242.088857
1,2853,249.059303
1,2854,301.337641
1,2855,280.426306
1,2856,761.387021
1,2857,267.182460
1,2858,550.182533
1,2859,887.552078
1,2860,137.532180
1,2861,450.505167
1,2862,137.532180
1,2863,137.532180
1,2864,137.532180
1,2865,137.532180
1,2866,137.532180
1,2867,290.881973
1,2868,280.426306
1,2869,137.532180
1,2870,137.532180
1,2871,332.704644
1,2872,137.532180
1,2873,466.537191
1,2874,137.532180
1,2875,573.185002
1,2876,883.369811
1,2877,430.290876
1,2878,1305.778787
1,2879,513.239174
1,2880,265.788371
1,2881,872.217099
1,2882,302.731730
1,2883,137.532180
1,2884,403.803185
1,2885,1096.665433
1,2886,137.532180
1,2887,137.532180
1,2888,559.244112
1,2889,137.532180
1,2890,291.579018
1,2891,504.874640
1,2892,459.566746
1,2893,302.034686
1,2894,137.532180
1,2895,396.135695
1,2896,327.128288
1,2897,216.995255
1,2898,137.532180
1,2899,539.029821
1,2900,319.460799
1,2901,223.965700
1,2902,260.909059
1,2903,330.613511
1,2904,137.532180
1,2905,299.943552
1,2906,302.034686
1,2907,137.532180
1,2908,276.941083
1,2909,300.640597
1,2910,484.660349
1,2911,249.059303
1,2912,312.490353
1,2913,249.756347
1,2914,295.064241
1,2915,440.746544
1,2916,137.532180
1,2917,402.409096
1,2918,382.194805
1,2919,423.320431
1,2920,337.583956
1,2921,137.532180
1,2922,249.756347
1,2923,137.532180
1,2924,242.785902
1,2925,360.586425
1,2926,267.879504
1,2927,428.199743
1,2928,137.532180
1,2929,246.968169
1,2930,543.212088
1,2931,137.532180
1,2932,512.542129
1,2933,137.532180
1,2934,1114.091546
1,2935,767.660422
1,2936,458.869702
1,2937,338.978045
1,2938,253.241570
1,2939,992.108756
1,2940,593.399293
1,2941,240.694768
1,2942,286.699706
1,2943,137.532180
1,2944,373.830271
1,2945,137.532180
1,2946,287.396751
1,2947,413.561808
1,2948,137.532180
1,2949,611.522450
1,2950,137.532180
1,2951,420.532253
1,2952,137.532180
1,2953,1201.919155
1,2954,353.615980
1,2955,137.532180
1,2956,249.756347
1,2957,137.532180
1,2958,252.544525
1,2959,137.532180
1,2960,227.450923
1,2961,137.532180
1,2962,372.436182
1,2963,137.532180
1,2964,368.253915
1,2965,520.209619
1,2966,137.532180
1,2967,611.522450
1,2968,137.532180
1,2969,355.010069
1,2970,137.532180
1,2971,137.532180
1,2972,245.574080
1,2973,137.532180
1,2974,239.997724
1,2975,267.879504
1,2976,487.448527
1,2977,251.150436
1,2978,137.532180
1,2979,137.532180
1,2980,403.106140
1,2981,137.532180
1,2982,137.532180
1,2983,282.517439
1,2984,137.532180
1,2985,310.399220
1,2986,137.532180
1,2987,137.532180
1,2988,137.532180
1,2989,137.532180
1,2990,137.532180
1,2991,330.613511
1,2992,304.822864
1,2993,327.128288
1,2994,137.532180
1,2995,416.349986
1,2996,285.305617
1,2997,319.460799
1,2998,322.248977
1,2999,688.894392
1,3000,289.487884
1,3001,137.532180
1,3002,422.623387
1,3003,226.056834
1,3004,279.032217
1,3005,137.532180
1,3006,299.246508
1,3007,137.532180
1,3008,137.532180
1,3009,398.923873
1,3010,137.532180
1,3011,899.401835
1,3012,647.071721
1,3013,378.012538
1,3014,259.514970
1,3015,137.532180
1,3016,137.532180
1,3017,490.933749
1,3018,137.532180
1,3019,312.490353
1,3020,407.985452
1,3021,269.970638
1,3022,137.532180
1,3023,339.675090
1,3024,352.221891
1,3025,365.465737
1,3026,257.423837
1,3027,361.980514
1,3028,137.532180
1,3029,137.532180
1,3030,137.532180
1,3031,283.911528
1,3032,283.214484
1,3033,137.532180
1,3034,251.847481
1,3035,434.473144
1,3036,137.532180
1,3037,249.756347
1,3038,137.532180
1,3039,389.862295
1,3040,137.532180
1,3041,137.532180
1,3042,137.532180
1,3043,233.724323
1,3044,237.906590
1,3045,295.761285
1,3046,137.532180
1,3047,137.532180
1,3048,137.532180
1,3049,137.532180
1,3050,137.532180
1,3051,137.532180
1,3052,137.532180
1,3053,137.532180
1,3054,137.532180
1,3055,137.532180
1,3056,137.532180
1,3057,428.199743
1,3058,485.357393
1,3059,261.606104
1,3060,412.864764
1,3061,137.532180
1,3062,137.532180
1,3063,137.532180
1,3064,137.532180
1,3065,137.532180
1,3066,137.532180
1,3067,211.418899
1,3068,137.532180
1,3069,474.204681
1,3070,1921.269094
1,3071,1473.069471
1,3072,1176.128508
1,3073,965.621064
1,3074,806.694915
1,3075,137.532180
1,3076,849.911675
1,3077,477.689904
1,3078,601.066783
1,3079,495.813061
1,3080,709.108682
1,3081,672.862368
1,3082,247.665214
1,3083,468.628325
1,3084,278.335172
1,3085,492.327838
1,3086,523.694841
1,3087,480.478082
1,3088,764.872244
1,3089,350.827802
1,3090,944.012684
1,3091,1889.902091
1,3092,516.027352
1,3093,745.354997
1,3094,596.884516
1,3095,547.394355
1,3096,442.140633
1,3097,137.532180
1,3098,222.571611
1,3099,299.943552
1,3100,799.724469
1,3101,434.473144
1,3102,754.416576
1,3103,397.529784
1,3104,137.532180
1,3105,451.202212
1,3106,318.066710
1,3107,137.532180
1,3108,562.032290
1,3109,137.532180
1,3110,137.532180
1,3111,137.532180
1,3112,137.532180
1,3113,137.532180
1,3114,463.749013
1,3115,394.044562
1,3116,389.165250
1,3117,400.317962
1,3118,137.532180
1,3119,411.470675
1,3120,137.532180
1,3121,137.532180
1,3122,137.532180
1,3123,137.532180
1,3124,137.532180
1,3125,137.532180
1,3126,137.532180
1,3127,137.532180
1,3128,137.532180
1,3129,137.532180
1,3130,334.098733
1,3131,398.923873
1,3132,137.532180
1,3133,409.379541
1,3134,291.579018
1,3135,137.532180
1,3136,319.460799
1,3137,137.532180
1,3138,244.877036
1,3139,249.059303
1,3140,271.364727
1,3141,137.532180
1,3142,303.428775
1,3143,137.532180
1,3144,504.177595
1,3145,289.487884
1,3146,322.248977
1,3147,529.271198
1,3148,583.640670
1,3149,137.532180
1,3150,334.795778
1,3151,137.532180
1,3152,315.278532
1,3153,137.532180
1,3154,339.675090
1,3155,318.066710
1,3156,137.532180
1,3157,513.936218
1,3158,208.630721
1,3159,386.377072
1,3160,646.374676
1,3161,681.923946
1,3162,508.359862
1,3163,322.946021
1,3164,137.532180
1,3165,137.532180
1,3166,137.532180
1,3167,137.532180
1,3168,137.532180
1,3169,137.532180
1,3170,137.532180
1,3171,249.756347
1,3172,137.532180
1,3173,137.532180
1,3174,137.532180
1,3175,668.680101
1,3176,137.532180
1,3177,324.340110
1,3178,257.423837
1,3179,137.532180
1,3180,137.532180
1,3181,137.532180
1,3182,137.532180
1,3183,137.532180
1,3184,137.532180
1,3185,137.532180
1,3186,137.532180
1,3187,137.532180
1,3188,522.300752
1,3189,290.881973
1,3190,276.244039
1,3191,345.948490
1,3192,137.532180
1,3193,137.532180
1,3194,137.532180
1,3195,137.532180
1,3196,450.505167
1,3197,497.904194
1,3198,641.495365
1,3199,508.359862
1,3200,653.345121
1,3201,212.115943
1,3202,553.667756
1,3203,137.532180
1,3204,137.532180
1,3205,137.532180
1,3206,137.532180
1,3207,137.532180
1,3208,292.973107
1,3209,471.416503
1,3210,137.532180
1,3211,137.532180
1,3212,137.532180
1,3213,137.532180
1,3214,137.532180
1,3215,137.532180
1,3216,137.532180
1,3217,137.532180
1,3218,137.532180
1,3219,137.532180
1,3220,278.335172
1,3221,329.219422
1,3222,137.532180
1,3223,137.532180
1,3224,137.532180
1,3225,137.532180
1,3226,137.532180
1,3227,137.532180
1,3228,137.532180
1,3229,137.532180
1,3230,137.532180
1,3231,137.532180
1,3232,137.532180
1,3233,303.428775
1,3234,137.532180
1,3235,137.532180
1,3236,137.532180
1,3237,137.532180
1,3238,137.532180
1,3239,137.532180
1,3240,137.532180
1,3241,137.532180
1,3242,137.532180
1,3243,651.951032
1,3244,274.849950
1,3245,137.532180
1,3246,253.938614
1,3247,137.532180
1,3248,768.357466
1,3249,137.532180
1,3250,137.532180
1,3251,137.532180
1,3252,137.532180
1,3253,323.643066
1,3254,137.532180
1,3255,260.909059
1,3256,592.005204
1,3257,519.512574
1,3258,137.532180
1,3259,438.655411
1,3260,509.753951
1,3261,654.739210
1,3262,299.943552
1,3263,297.155374
1,3264,137.532180
1,3265,137.532180
1,3266,271.364727
1,3267,246.968169
1,3268,137.532180
1,3269,324.340110
1,3270,256.029748
1,3271,137.532180
1,3272,137.532180
1,3273,357.798247
1,3274,423.320431
1,3275,225.359789
1,3276,299.246508
1,3277,774.630867
1,3278,326.431244
1,3279,400.317962
1,3280,137.532180
1,3281,137.532180
1,3282,137.532180
1,3283,453.293345
1,3284,342.463268
1,3285,137.532180
1,3286,365.465737
1,3287,230.239101
1,3288,137.532180
1,3289,137.532180
1,3290,271.364727
1,3291,540.423910
1,3292,212.812988
1,3293,137.532180
1,3294,137.532180
1,3295,137.532180
1,3296,416.349986
1,3297,307.611042
1,3298,137.532180
1,3299,349.433713
1,3300,137.532180
1,3301,397.529784
1,3302,239.300679
1,3303,137.532180
1,3304,137.532180
1,3305,137.532180
1,3306,137.532180
1,3307,137.532180
1,3308,254.635659
1,3309,137.532180
1,3310,137.532180
1,3311,528.574153
1,3312,296.458330
1,3313,458.869702
1,3314,589.914070
1,3315,344.554401
1,3316,137.532180
1,3317,352.918935
1,3318,137.532180
1,3319,137.532180
1,3320,137.532180
1,3321,137.532180
1,3322,137.532180
1,3323,699.350059
1,3324,137.532180
1,3325,137.532180
1,3326,137.532180
1,3327,292.276063
1,3328,332.704644
1,3329,137.532180
1,3330,486.054438
1,3331,391.256384
1,3332,137.532180
1,3333,137.532180
1,3334,137.532180
1,3335,137.532180
1,3336,137.532180
1,3337,137.532180
1,3338,686.106213
1,3339,642.192409
1,3340,260.909059
1,3341,279.032217
1,3342,368.950959
1,3343,137.532180
1,3344,380.800716
1,3345,226.056834
1,3346,246.271125
1,3347,469.325369
1,3348,284.608573
1,3349,273.455861
1,3350,327.128288
1,3351,428.199743
1,3352,286.002662
1,3353,732.111151
1,3354,361.980514
1,3355,405.894318
1,3356,137.532180
1,3357,297.852419
1,3358,223.268656
1,3359,288.790840
1,3360,137.532180
1,3361,137.532180
1,3362,1291.140852
1,3363,1946.362697
1,3364,228.845012
1,3365,359.889380
1,3366,137.532180
1,3367,334.795778
1,3368,319.460799
1,3369,504.177595
1,3370,263.697237
1,3371,300.640597
1,3372,137.532180
1,3373,233.027279
1,3374,424.714520
1,3375,239.300679
1,3376,398.226829
1,3377,371.739137
1,3378,677.044635
1,3379,529.968242
1,3380,511.148040
1,3381,137.532180
1,3382,401.712051
1,3383,410.773630
1,3384,569.699779
1,3385,619.886985
1,3386,663.103744
1,3387,378.012538
1,3388,137.532180
1,3389,575.276136
1,3390,554.364800
1,3391,745.354997
1,3392,946.800862
1,3393,424.017476
1,3394,505.571684
1,3395,281.820395
1,3396,137.532180
1,3397,270.667683
1,3398,324.340110
1,3399,350.827802
1,3400,315.975576
1,3401,282.517439
1,3402,329.916466
1,3403,476.992859
1,3404,239.997724
1,3405,269.273594
1,3406,405.894318
1,3407,270.667683
1,3408,137.532180
1,3409,470.022414
1,3410,137.532180
1,3411,389.165250
1,3412,137.532180
1,3413,137.532180
1,3414,297.155374
1,3415,137.532180
1,3416,432.382010
1,3417,137.532180
1,3418,529.271198
1,3419,137.532180
1,3420,498.601239
1,3421,551.576622
1,3422,219.086388
1,3423,299.943552
1,3424,556.455934
1,3425,498.601239
1,3426,137.532180
1,3427,977.470821
1,3428,550.182533
1,3429,952.377218
1,3430,137.532180
1,3431,441.443589
1,3432,137.532180
1,3433,580.155447
1,3434,295.761285
1,3435,379.406627
1,3436,288.790840
1,3437,562.032290
1,3438,460.960835
1,3439,634.524919
1,3440,650.556943
1,3441,886.157989
1,3442,612.219495
1,3443,483.266260
1,3444,137.532180
1,3445,137.532180
1,3446,137.532180
1,3447,320.157843
1,3448,490.236705
1,3449,137.532180
1,3450,345.948490
1,3451,137.532180
1,3452,225.359789
1,3453,305.519908
1,3454,314.581487
1,3455,137.532180
1,3456,302.731730
1,3457,137.532180
1,3458,137.532180
1,3459,137.532180
1,3460,342.463268
1,3461,609.431317
1,3462,532.059376
1,3463,649.162854
1,3464,1158.702395
1,3465,253.241570
1,3466,409.379541
1,3467,250.453392
1,3468,384.285938
1,3469,137.532180
1,3470,808.786048
1,3471,294.367196
1,3472,337.583956
1,3473,364.071648
1,3474,372.436182
1,3475,274.152905
1,3476,474.901725
1,3477,295.064241
1,3478,137.532180
1,3479,312.490353
1,3480,137.532180
1,3481,566.911601
1,3482,137.532180
1,3483,389.862295
1,3484,638.010142
1,3485,341.766223
1,3486,388.468206
1,3487,290.184929
1,3488,316.672621
1,3489,437.261322
1,3490,137.532180
1,3491,260.212015
1,3492,382.891849
1,3493,368.253915
1,3494,410.773630
1,3495,424.017476
1,3496,537.635732
1,3497,357.101202
1,3498,327.825333
1,3499,137.532180
1,3500,137.532180
1,3501,137.532180
1,3502,1013.020091
1,3503,257.423837
1,3504,244.179991
1,3505,326.431244
1,3506,329.219422
1,3507,137.532180
1,3508,137.532180
1,3509,137.532180
1,3510,521.603708
1,3511,137.532180
1,3512,335.492822
1,3513,473.507636
1,3514,137.532180
1,3515,359.889380
1,3516,675.650546
1,3517,426.108609
1,3518,591.308159
1,3519,316.672621
1,3520,569.699779
1,3521,670.771234
1,3522,866.640743
1,3523,835.273740
1,3524,137.532180
1,3525,398.226829
1,3526,454.687435
1,3527,137.532180
1,3528,137.532180
1,3529,137.532180
1,3530,366.162781
1,3531,235.118412
1,3532,267.879504
1,3533,789.965846
1,3534,137.532180
1,3535,299.246508
1,3536,397.529784
1,3537,408.682497
1,3538,137.532180
1,3539,628.251519
1,3540,447.019945
1,3541,434.473144
1,3542,279.032217
1,3543,598.278605
1,3544,487.448527
1,3545,265.091326
1,3546,486.751482
1,3547,494.418972
1,3548,376.618449
1,3549,975.379687
1,3550,304.125819
1,3551,334.795778
1,3552,620.584029
1,3553,1047.872317
1,3554,493.721927
1,3555,393.347517
1,3556,292.973107
1,3557,472.113547
1,3558,433.079055
1,3559,292.973107
1,3560,847.123496
1,3561,259.514970
1,3562,137.532180
1,3563,507.662818
1,3564,443.534722
1,3565,340.372134
1,3566,572.487958
1,3567,581.549536
1,3568,1337.842835
1,3569,137.532180
1,3570,480.478082
1,3571,382.194805
1,3572,296.458330
1,3573,360.586425
1,3574,426.805654
1,3575,137.532180
1,3576,352.221891
1,3577,137.532180
1,3578,336.886911
1,3579,270.667683
1,3580,468.628325
1,3581,137.532180
1,3582,488.842616
1,3583,412.167719
1,3584,306.913997
1,3585,137.532180
1,3586,373.133226
1,3587,292.973107
1,3588,484.660349
1,3589,137.532180
1,3590,137.532180
1,3591,345.251446
1,3592,514.633263
1,3593,386.377072
1,3594,574.579091
1,3595,569.699779
1,3596,400.317962
1,3597,292.973107
1,3598,434.473144
1,3599,137.532180
1,3600,137.532180
1,3601,137.532180
1,3602,272.758816
1,3603,269.970638
1,3604,137.532180
1,3605,137.532180
1,3606,479.083993
1,3607,292.973107
1,3608,318.763754
1,3609,290.881973
1,3610,137.532180
1,3611,137.532180
1,3612,377.315493
1,3613,355.707113
1,3614,137.532180
1,3615,261.606104
1,3616,215.601166
1,3617,137.532180
1,3618,272.758816
1,3619,137.532180
1,3620,137.532180
1,3621,137.532180
1,3622,137.532180
1,3623,428.199743
1,3624,224.662745
1,3625,137.532180
1,3626,137.532180
1,3627,137.532180
1,3628,313.187398
1,3629,302.731730
1,3630,137.532180
1,3631,313.884442
1,3632,137.532180
1,3633,272.758816
1,3634,244.179991
1,3635,390.559339
1,3636,302.034686
1,3637,137.532180
1,3638,529.271198
1,3639,578.064314
1,3640,137.532180
1,3641,137.532180
1,3642,137.532180
1,3643,137.532180
1,3644,137.532180
1,3645,137.532180
1,3646,137.532180
1,3647,137.532180
1,3648,384.285938
1,3649,401.015007
1,3650,137.532180
1,3651,352.918935
1,3652,137.532180
1,3653,210.024810
1,3654,137.532180
1,3655,320.854888
1,3656,137.532180
1,3657,137.532180
1,3658,137.532180
1,3659,137.532180
1,3660,137.532180
1,3661,334.098733
1,3662,137.532180
1,3663,276.244039
1,3664,342.463268
1,3665,355.707113
1,3666,137.532180
1,3667,137.532180
1,3668,137.532180
1,3669,137.532180
1,3670,282.517439
1,3671,432.382010
1,3672,241.391813
1,3673,137.532180
1,3674,300.640597
1,3675,137.532180
1,3676,137.532180
1,3677,137.532180
1,3678,137.532180
1,3679,137.532180
1,3680,137.532180
1,3681,320.854888
1,3682,1473.069471
1,3683,359.889380
1,3684,266.485415
1,3685,243.482946
1,3686,279.729261
1,3687,137.532180
1,3688,280.426306
1,3689,137.532180
1,3690,137.532180
1,3691,137.532180
1,3692,304.125819
1,3693,599.672694
1,3694,549.485489
1,3695,577.367269
1,3696,242.785902
1,3697,241.391813
1,3698,442.837678
1,3699,137.532180
1,3700,266.485415
1,3701,568.305690
1,3702,137.532180
1,3703,548.091400
1,3704,901.492969
1,3705,137.532180
1,3706,764.175199
1,3707,1306.475832
1,3708,801.118558
1,3709,356.404158
1,3710,385.680028
1,3711,306.913997
1,3712,535.544598
1,3713,333.401689
1,3714,638.707186
1,3715,418.441120
1,3716,542.515043
1,3717,425.411565
1,3718,583.640670
1,3719,639.404231
1,3720,137.532180
1,3721,311.096264
1,3722,137.532180
1,3723,396.135695
1,3724,137.532180
1,3725,137.532180
1,3726,137.532180
1,3727,137.532180
1,3728,137.532180
1,3729,137.532180
1,3730,270.667683
1,3731,137.532180
1,3732,137.532180
1,3733,137.532180
1,3734,283.214484
1,3735,670.771234
1,3736,137.532180
1,3737,515.330307
1,3738,536.938687
1,3739,137.532180
1,3740,137.532180
1,3741,137.532180
1,3742,137.532180
1,3743,137.532180
1,3744,137.532180
1,3745,230.239101
1,3746,358.495291
1,3747,137.532180
1,3748,355.707113
1,3749,137.532180
1,3750,256.726792
1,3751,137.532180
1,3752,381.497760
1,3753,137.532180
1,3754,137.532180
1,3755,137.532180
1,3756,137.532180
1,3757,223.268656
1,3758,240.694768
1,3759,137.532180
1,3760,137.532180
1,3761,137.532180
1,3762,137.532180
1,3763,137.532180
1,3764,361.980514
1,3765,137.532180
1,3766,137.532180
1,3767,246.968169
1,3768,371.042093
1,3769,332.007600
1,3770,137.532180
1,3771,137.532180
1,3772,137.532180
1,3773,137.532180
1,3774,137.532180
1,3775,137.532180
1,3776,137.532180
1,3777,137.532180
1,3778,403.803185
1,3779,137.532180
1,3780,137.532180
1,3781,137.532180
1,3782,137.532180
1,3783,137.532180
1,3784,137.532180
1,3785,296.458330
1,3786,249.756347
1,3787,137.532180
1,3788,304.822864
1,3789,350.130757
1,3790,137.532180
1,3791,417.047031
1,3792,331.310555
1,3793,652.648077
1,3794,137.532180
1,3795,517.421441
1,3796,300.640597
1,3797,421.926342
1,3798,137.532180
1,3799,450.505167
1,3800,350.130757
1,3801,235.118412
1,3802,137.532180
1,3803,137.532180
1,3804,357.798247
1,3805,270.667683
1,3806,137.532180
1,3807,253.241570
1,3808,137.532180
1,3809,302.034686
1,3810,379.406627
1,3811,254.635659
1,3812,487.448527
1,3813,137.532180
1,3814,371.739137
1,3815,486.751482
1,3816,271.364727
1,3817,282.517439
1,3818,487.448527
1,3819,263.697237
1,3820,284.608573
1,3821,379.406627
1,3822,137.532180
1,3823,137.532180
1,3824,223.268656
1,3825,523.694841
1,3826,289.487884
1,3827,267.879504
1,3828,137.532180
1,3829,274.152905
1,3830,288.093795
1,3831,256.029748
1,3832,269.273594
1,3833,262.303148
1,3834,137.532180
1,3835,219.086388
1,3836,137.532180
1,3837,137.532180
1,3838,249.756347
1,3839,137.532180
1,3840,137.532180
1,3841,137.532180
1,3842,137.532180
1,3843,137.532180
1,3844,137.532180
1,3845,137.532180
1,3846,137.532180
1,3847,362.677559
1,3848,137.532180
1,3849,137.532180
1,3850,137.532180
1,3851,137.532180
1,3852,137.532180
1,3853,137.532180
1,3854,137.532180
1,3855,137.532180
1,3856,137.532180
1,3857,224.662745
1,3858,228.147967
1,3859,137.532180
1,3860,137.532180
1,3861,242.785902
1,3862,137.532180
1,3863,260.212015
1,3864,137.532180
1,3865,360.586425
1,3866,137.532180
1,3867,137.532180
1,3868,137.532180
1,3869,403.106140
1,3870,137.532180
1,3871,334.098733
1,3872,243.482946
1,3873,296.458330
1,3874,304.125819
1,3875,313.884442
1,3876,137.532180
1,3877,281.123350
1,3878,295.064241
1,3879,137.532180
1,3880,230.239101
1,3881,318.763754
1,3882,292.973107
1,3883,360.586425
1,3884,137.532180
1,3885,351.524846
1,3886,331.310555
1,3887,296.458330
1,3888,608.734272
1,3889,239.997724
1,3890,137.532180
1,3891,335.492822
1,3892,137.532180
1,3893,320.854888
1,3894,480.478082
1,3895,902.190013
1,3896,291.579018
1,3897,505.571684
1,3898,388.468206
1,3899,137.532180
1,3900,137.532180
1,3901,137.532180
1,3902,230.239101
1,3903,453.293345
1,3904,137.532180
1,3905,548.091400
1,3906,227.450923
1,3907,388.468206
1,3908,137.532180
1,3909,297.852419
1,3910,137.532180
1,3911,760.689977
1,3912,251.150436
1,3913,292.276063
1,3914,137.532180
1,3915,414.258853
1,3916,137.532180
1,3917,319.460799
1,3918,279.032217
1,3919,137.532180
1,3920,137.532180
1,3921,137.532180
1,3922,137.532180
1,3923,253.938614
1,3924,137.532180
1,3925,238.603635
1,3926,378.012538
1,3927,137.532180
1,3928,249.756347
1,3929,279.729261
1,3930,137.532180
1,3931,367.556870
1,3932,412.167719
1,3933,137.532180
1,3934,407.985452
1,3935,343.160312
1,3936,370.345048
1,3937,272.061772
1,3938,137.532180
1,3939,324.340110
1,3940,246.271125
1,3941,405.197274
1,3942,137.532180
1,3943,299.943552
1,3944,606.643139
1,3945,137.532180
1,3946,494.418972
1,3947,274.152905
1,3948,137.532180
1,3949,281.123350
1,3950,428.896787
1,3951,296.458330
1,3952,137.532180
1,3953,279.729261
1,3954,299.943552
1,3955,137.532180
1,3956,273.455861
1,3957,137.532180
1,3958,137.532180
1,3959,428.896787
1,3960,219.783433
1,3961,272.061772
1,3962,137.532180
1,3963,137.532180
1,3964,260.212015
1,3965,610.128361
1,3966,137.532180
1,3967,396.135695
1,3968,137.532180
1,3969,137.532180
1,3970,137.532180
1,3971,137.532180
1,3972,246.271125
1,3973,320.157843
1,3974,341.766223
1,3975,137.532180
1,3976,341.069179
1,3977,137.532180
1,3978,286.002662
1,3979,365.465737
1,3980,400.317962
1,3981,137.532180
1,3982,314.581487
1,3983,263.697237
1,3984,137.532180
1,3985,227.450923
1,3986,137.532180
1,3987,293.670152
1,3988,529.968242
1,3989,458.172657
1,3990,137.532180
1,3991,618.492896
1,3992,255.332703
1,3993,405.197274
1,3994,406.591363
1,3995,296.458330
1,3996,137.532180
1,3997,262.303148
1,3998,359.889380
1,3999,137.532180
1,4000,280.426306
1,4001,262.303148
1,4002,249.756347
1,4003,137.532180
1,4004,137.532180
1,4005,137.532180
1,4006,301.337641
1,4007,299.246508
1,4008,137.532180
1,4009,269.970638
1,4010,341.069179
1,4011,246.968169
1,4012,323.643066
1,4013,253.938614
1,4014,234.421368
1,4015,292.276063
1,4016,137.532180
1,4017,137.532180
1,4018,137.532180
1,4019,137.532180
1,4020,137.532180
1,4021,137.532180
1,4022,137.532180
1,4023,137.532180
1,4024,137.532180
1,4025,137.532180
1,4026,137.532180
1,4027,137.532180
1,4028,137.532180
1,4029,137.532180
1,4030,283.214484
1,4031,137.532180
1,4032,263.000193
1,4033,325.734199
1,4034,230.239101
1,4035,334.098733
1,4036,512.542129
1,4037,251.150436
1,4038,263.000193
1,4039,311.793309
1,4040,269.970638
1,4041,293.670152
1,4042,137.532180
1,4043,363.374603
1,4044,244.877036
1,4045,366.162781
1,4046,137.532180
1,4047,231.633190
1,4048,351.524846
1,4049,137.532180
1,4050,137.532180
1,4051,381.497760
1,4052,137.532180
1,4053,335.492822
1,4054,137.532180
1,4055,479.781037
1,4056,137.532180
1,4057,234.421368
1,4058,247.665214
1,4059,263.000193
1,4060,137.532180
1,4061,232.330234
1,4062,241.391813
1,4063,315.975576
1,4064,386.377072
1,4065,245.574080
1,4066,297.852419
1,4067,137.532180
1,4068,476.992859
1,4069,374.527315
1,4070,137.532180
1,4071,137.532180
1,4072,383.588894
1,4073,598.278605
1,4074,137.532180
1,4075,1093.180210
1,4076,534.847554
1,4077,137.532180
1,4078,258.120881
1,4079,272.758816
1,4080,137.532180
1,4081,137.532180
1,4082,230.239101
1,4083,137.532180
1,4084,401.712051
1,4085,295.064241
1,4086,137.532180
1,4087,325.734199
1,4088,371.042093
1,4089,137.532180
1,4090,246.271125
1,4091,335.492822
1,4092,455.384479
1,4093,275.546994
1,4094,224.662745
1,4095,137.532180
1,4096,306.913997
1,4097,249.756347
1,4098,137.532180
1,4099,137.532180
1,4100,257.423837
1,4101,243.482946
1,4102,357.798247
1,4103,137.532180
1,4104,425.411565
1,4105,240.694768
1,4106,219.086388
1,4107,137.532180
1,4108,324.340110
1,4109,292.276063
1,4110,562.032290
1,4111,253.241570
1,4112,137.532180
1,4113,410.773630
1,4114,209.327765
1,4115,137.532180
1,4116,137.532180
1,4117,137.532180
1,4118,352.918935
1,4119,137.532180
1,4120,242.785902
1,4121,267.879504
1,4122,298.549463
1,4123,137.532180
1,4124,216.995255
1,4125,137.532180
1,4126,269.970638
1,4127,286.699706
1,4128,272.061772
1,4129,256.726792
1,4130,137.532180
1,4131,393.347517
1,4132,281.123350
1,4133,137.532180
1,4134,283.911528
1,4135,137.532180
1,4136,679.135768
1,4137,137.532180
1,4138,290.881973
1,4139,238.603635
1,4140,242.785902
1,4141,137.532180
1,4142,354.313024
1,4143,137.532180
1,4144,393.347517
1,4145,285.305617
1,4146,137.532180
1,4147,257.423837
1,4148,291.579018
1,4149,137.532180
1,4150,137.532180
1,4151,402.409096
1,4152,137.532180
1,4153,286.699706
1,4154,280.426306
1,4155,137.532180
1,4156,249.059303
1,4157,137.532180
1,4158,278.335172
1,4159,376.618449
1,4160,137.532180
1,4161,137.532180
1,4162,290.184929
1,4163,137.532180
1,4164,137.532180
1,4165,137.532180
1,4166,137.532180
1,4167,393.347517
1,4168,325.037155
1,4169,410.076586
1,4170,308.308086
1,4171,302.731730
1,4172,316.672621
1,4173,137.532180
1,4174,516.724396
1,4175,297.852419
1,4176,137.532180
1,4177,235.815457
1,4178,273.455861
1,4179,533.453465
1,4180,137.532180
1,4181,230.936145
1,4182,137.532180
1,4183,502.086462
1,4184,469.325369
1,4185,253.241570
1,4186,235.118412
1,4187,137.532180
1,4188,238.603635
1,4189,137.532180
1,4190,137.532180
1,4191,267.182460
1,4192,137.532180
1,4193,137.532180
1,4194,137.532180
1,4195,137.532180
1,4196,137.532180
1,4197,137.532180
1,4198,137.532180
1,4199,137.532180
1,4200,137.532180
1,4201,137.532180
1,4202,137.532180
1,4203,137.532180
1,4204,319.460799
1,4205,284.608573
1,4206,648.465810
1,4207,271.364727
1,4208,282.517439
1,4209,137.532180
1,4210,472.810592
1,4211,281.123350
1,4212,228.147967
1,4213,137.532180
1,4214,255.332703
1,4215,137.532180
1,4216,301.337641
1,4217,137.532180
1,4218,441.443589
1,4219,396.135695
1,4220,137.532180
1,4221,137.532180
1,4222,372.436182
1,4223,328.522377
1,4224,253.241570
1,4225,137.532180
1,4226,305.519908
1,4227,300.640597
1,4228,240.694768
1,4229,137.532180
1,4230,278.335172
1,4231,272.061772
1,4232,284.608573
1,4233,137.532180
1,4234,137.532180
1,4235,279.032217
1,4236,334.098733
1,4237,137.532180
1,4238,280.426306
1,4239,251.150436
1,4240,137.532180
1,4241,418.441120
1,4242,251.150436
1,4243,137.532180
1,4244,277.638128
1,4245,265.788371
1,4246,301.337641
1,4247,453.990390
1,4248,137.532180
1,4249,253.938614
1,4250,247.665214
1,4251,137.532180
1,4252,286.699706
1,4253,137.532180
1,4254,229.542056
1,4255,261.606104
1,4256,279.729261
1,4257,251.847481
1,4258,309.702175
1,4259,292.973107
1,4260,267.879504
1,4261,258.120881
1,4262,137.532180
1,4263,356.404158
1,4264,137.532180
1,4265,137.532180
1,4266,488.145571
1,4267,478.386948
1,4268,227.450923
1,4269,137.532180
1,4270,260.909059
1,4271,137.532180
1,4272,424.714520
1,4273,267.879504
1,4274,394.741606
1,4275,251.150436
1,4276,258.120881
1,4277,137.532180
1,4278,137.532180
1,4279,256.726792
1,4280,137.532180
1,4281,137.532180
1,4282,137.532180
1,4283,137.532180
1,4284,137.532180
1,4285,137.532180
1,4286,137.532180
1,4287,137.532180
1,4288,137.532180
1,4289,292.276063
1,4290,137.532180
1,4291,213.510032
1,4292,245.574080
1,4293,137.532180
1,4294,290.881973
1,4295,137.532180
1,4296,439.352455
1,4297,240.694768
1,4298,444.928811
1,4299,265.091326
1,4300,287.396751
1,4301,213.510032
1,4302,295.064241
1,4303,338.281001
1,4304,137.532180
1,4305,260.909059
1,4306,137.532180
1,4307,137.532180
1,4308,137.532180
1,4309,137.532180
1,4310,137.532180
1,4311,137.532180
1,4312,278.335172
1,4313,649.162854
1,4314,137.532180
1,4315,354.313024
1,4316,137.532180
1,4317,137.532180
1,4318,231.633190
1,4319,283.214484
1,4320,137.532180
1,4321,276.941083
1,4322,389.165250
1,4323,137.532180
1,4324,292.276063
1,4325,626.857430
1,4326,679.832813
1,4327,137.532180
1,4328,137.532180
1,4329,137.532180
1,4330,137.532180
1,4331,137.532180
1,4332,137.532180
1,4333,292.276063
1,4334,240.694768
1,4335,281.820395
1,4336,137.532180
1,4337,278.335172
1,4338,226.056834
1,4339,259.514970
1,4340,137.532180
1,4341,285.305617
1,4342,396.832740
1,4343,137.532180
1,4344,311.793309
1,4345,257.423837
1,4346,416.349986
1,4347,251.150436
1,4348,253.938614
1,4349,451.899256
1,4350,137.532180
1,4351,339.675090
1,4352,229.542056
1,4353,420.532253
1,4354,137.532180
1,4355,137.532180
1,4356,244.877036
1,4357,245.574080
1,4358,137.532180
1,4359,137.532180
1,4360,571.093869
1,4361,281.123350
1,4362,137.532180
1,4363,479.083993
1,4364,735.596374
1,4365,824.818072
1,4366,335.492822
1,4367,137.532180
1,4368,137.532180
1,4369,338.281001
1,4370,258.120881
1,4371,286.699706
1,4372,250.453392
1,4373,137.532180
1,4374,417.047031
1,4375,569.699779
1,4376,297.155374
1,4377,137.532180
1,4378,239.997724
1,4379,423.320431
1,4380,518.815530
1,4381,428.199743
1,4382,506.268729
1,4383,137.532180
1,4384,252.544525
1,4385,137.532180
1,4386,343.160312
1,4387,260.909059
1,4388,226.056834
1,4389,474.901725
1,4390,137.532180
1,4391,288.093795
1,4392,322.946021
1,4393,690.985525
1,4394,356.404158
1,4395,294.367196
1,4396,341.069179
1,4397,274.849950
1,4398,315.975576
1,4399,137.532180
1,4400,375.224360
1,4401,303.428775
1,4402,137.532180
1,4403,230.239101
1,4404,137.532180
1,4405,305.519908
1,4406,137.532180
1,4407,522.300752
1,4408,418.441120
1,4409,137.532180
1,4410,235.815457
1,4411,573.882047
1,4412,1825.076951
1,4413,211.418899
1,4414,485.357393
1,4415,233.027279
1,4416,245.574080
1,4417,266.485415
1,4418,286.699706
1,4419,338.978045
1,4420,256.029748
1,4421,253.241570
1,4422,228.845012
1,4423,386.377072
1,4424,137.532180
1,4425,388.468206
1,4426,306.913997
1,4427,246.968169
1,4428,137.532180
1,4429,357.798247
1,4430,345.251446
1,4431,137.532180
1,4432,137.532180
1,4433,137.532180
1,4434,375.224360
1,4435,253.241570
1,4436,269.970638
1,4437,290.184929
1,4438,306.913997
1,4439,276.941083
1,4440,261.606104
1,4441,235.118412
1,4442,266.485415
1,4443,250.453392
1,4444,137.532180
1,4445,253.938614
1,4446,251.847481
1,4447,218.389344
1,4448,264.394282
1,4449,452.596301
1,4450,137.532180
1,4451,261.606104
1,4452,230.936145
1,4453,258.120881
1,4454,137.532180
1,4455,137.532180
1,4456,137.532180
1,4457,137.532180
1,4458,137.532180
1,4459,137.532180
1,4460,258.817926
1,4461,137.532180
1,4462,244.877036
1,4463,385.680028
1,4464,137.532180
1,4465,258.817926
1,4466,137.532180
1,4467,287.396751
1,4468,137.532180
1,4469,137.532180
1,4470,259.514970
1,4471,308.308086
1,4472,273.455861
1,4473,247.665214
1,4474,251.150436
1,4475,137.532180
1,4476,137.532180
1,4477,137.532180
1,4478,137.532180
1,4479,137.532180
1,4480,137.532180
1,4481,275.546994
1,4482,265.091326
1,4483,241.391813
1,4484,137.532180
1,4485,271.364727
1,4486,137.532180
1,4487,137.532180
1,4488,137.532180
1,4489,403.106140
1,4490,137.532180
1,4491,253.938614
1,4492,137.532180
1,4493,250.453392
1,4494,252.544525
1,4495,254.635659
1,4496,137.532180
1,4497,250.453392
1,4498,242.785902
1,4499,251.150436
1,4500,137.532180
1,4501,263.000193
1,4502,272.061772
1,4503,301.337641
1,4504,269.970638
1,4505,344.554401
1,4506,137.532180
1,4507,239.997724
1,4508,137.532180
1,4509,302.731730
1,4510,242.785902
1,4511,298.549463
1,4512,297.155374
1,4513,246.271125
1,4514,137.532180
1,4515,225.359789
1,4516,137.532180
1,4517,271.364727
1,4518,352.221891
1,4519,352.221891
1,4520,267.182460
1,4521,137.532180
1,4522,137.532180
1,4523,137.532180
1,4524,137.532180
1,4525,374.527315
1,4526,137.532180
1,4527,137.532180
1,4528,137.532180
1,4529,137.532180
1,4530,137.532180
1,4531,137.532180
1,4532,137.532180
1,4533,227.450923
1,4534,358.495291
1,4535,235.815457
1,4536,137.532180
1,4537,297.852419
1,4538,137.532180
1,4539,278.335172
1,4540,292.276063
1,4541,137.532180
1,4542,253.938614
1,4543,137.532180
1,4544,277.638128
1,4545,241.391813
1,4546,279.729261
1,4547,229.542056
1,4548,288.093795
1,4549,137.532180
1,4550,251.150436
1,4551,137.532180
1,4552,258.817926
1,4553,325.037155
1,4554,285.305617
1,4555,255.332703
1,4556,290.881973
1,4557,137.532180
1,4558,137.532180
1,4559,251.847481
1,4560,234.421368
1,4561,137.532180
1,4562,251.150436
1,4563,137.532180
1,4564,227.450923
1,4565,137.532180
1,4566,256.029748
1,4567,269.273594
1,4568,289.487884
1,4569,260.909059
1,4570,289.487884
1,4571,260.212015
1,4572,137.532180
1,4573,313.884442
1,4574,258.120881
1,4575,345.948490
1,4576,137.532180
1,4577,289.487884
1,4578,137.532180
1,4579,332.704644
1,4580,291.579018
1,4581,137.532180
1,4582,283.214484
1,4583,235.118412
1,4584,279.729261
1,4585,280.426306
1,4586,395.438651
1,4587,238.603635
1,4588,298.549463
1,4589,137.532180
1,4590,137.532180
1,4591,287.396751
1,4592,137.532180
1,4593,244.877036
1,4594,137.532180
1,4595,137.532180
1,4596,267.879504
1,4597,137.532180
1,4598,137.532180
1,4599,137.532180
1,4600,137.532180
1,4601,137.532180
1,4602,137.532180
1,4603,137.532180
1,4604,242.088857
1,4605,137.532180
1,4606,241.391813
1,4607,137.532180
1,4608,242.785902
1,4609,286.699706
1,4610,232.330234
1,4611,137.532180
1,4612,241.391813
1,4613,318.066710
1,4614,295.064241
1,4615,257.423837
1,4616,311.793309
1,4617,341.069179
1,4618,284.608573
1,4619,280.426306
1,4620,238.603635
1,4621,304.125819
1,4622,389.862295
1,4623,137.532180
1,4624,137.532180
1,4625,251.150436
1,4626,253.241570
1,4627,222.571611
1,4628,137.532180
1,4629,790.662891
1,4630,243.482946
1,4631,261.606104
1,4632,259.514970
1,4633,270.667683
1,4634,137.532180
1,4635,265.091326
1,4636,265.091326
1,4637,497.207150
1,4638,137.532180
1,4639,267.879504
1,4640,283.214484
1,4641,137.532180
1,4642,227.450923
1,4643,137.532180
1,4644,137.532180
1,4645,276.244039
1,4646,137.532180
1,4647,401.712051
1,4648,137.532180
1,4649,276.244039
1,4650,274.849950
1,4651,266.485415
1,4652,251.150436
1,4653,299.246508
1,4654,237.209546
1,4655,137.532180
1,4656,247.665214
1,4657,137.532180
1,4658,137.532180
1,4659,334.098733
1,4660,259.514970
1,4661,267.182460
1,4662,137.532180
1,4663,263.697237
1,4664,252.544525
1,4665,137.532180
1,4666,244.179991
1,4667,137.532180
1,4668,244.179991
1,4669,137.532180
1,4670,137.532180
1,4671,286.699706
1,4672,263.000193
1,4673,281.820395
1,4674,229.542056
1,4675,277.638128
1,4676,274.152905
1,4677,334.795778
1,4678,137.532180
1,4679,137.532180
1,4680,137.532180
1,4681,294.367196
1,4682,137.532180
1,4683,249.059303
1,4684,137.532180
1,4685,137.532180
1,4686,333.401689
1,4687,298.549463
1,4688,406.591363
1,4689,317.369665
1,4690,288.093795
1,4691,283.214484
1,4692,249.059303
1,4693,307.611042
1,4694,251.847481
1,4695,294.367196
1,4696,137.532180
1,4697,532.059376
1,4698,539.029821
1,4699,396.135695
1,4700,720.261395
1,4701,137.532180
1,4702,137.532180
1,4703,300.640597
1,4704,284.608573
1,4705,222.571611
1,4706,137.532180
1,4707,231.633190
1,4708,137.532180
1,4709,238.603635
1,4710,291.579018
1,4711,137.532180
1,4712,137.532180
1,4713,137.532180
1,4714,137.532180
1,4715,297.155374
1,4716,276.941083
1,4717,137.532180
1,4718,137.532180
1,4719,137.532180
1,4720,239.997724
1,4721,512.542129
1,4722,456.778568
1,4723,430.987921
1,4724,253.938614
1,4725,262.303148
1,4726,233.724323
1,4727,137.532180
1,4728,290.881973
1,4729,250.453392
1,4730,246.271125
1,4731,137.532180
1,4732,267.182460
1,4733,414.258853
1,4734,280.426306
1,4735,137.532180
1,4736,137.532180
1,4737,327.128288
1,4738,137.532180
1,4739,137.532180
1,4740,301.337641
1,4741,389.165250
1,4742,276.244039
1,4743,412.864764
1,4744,137.532180
1,4745,280.426306
1,4746,297.852419
1,4747,261.606104
1,4748,137.532180
1,4749,137.532180
1,4750,137.532180
1,4751,259.514970
1,4752,242.088857
1,4753,137.532180
1,4754,286.699706
1,4755,137.532180
1,4756,347.342579
1,4757,301.337641
1,4758,391.256384
1,4759,137.532180
1,4760,137.532180
1,4761,366.162781
1,4762,137.532180
1,4763,137.532180
1,4764,237.906590
1,4765,233.724323
1,4766,243.482946
1,4767,244.877036
1,4768,271.364727
1,4769,324.340110
1,4770,137.532180
1,4771,269.970638
1,4772,273.455861
1,4773,250.453392
1,4774,244.877036
1,4775,137.532180
1,4776,249.059303
1,4777,137.532180
1,4778,137.532180
1,4779,137.532180
1,4780,239.300679
1,4781,137.532180
1,4782,260.212015
1,4783,137.532180
1,4784,242.785902
1,4785,257.423837
1,4786,137.532180
1,4787,262.303148
1,4788,137.532180
1,4789,137.532180
1,4790,137.532180
1,4791,137.532180
1,4792,292.276063
1,4793,254.635659
1,4794,246.968169
1,4795,298.549463
1,4796,137.532180
1,4797,269.273594
1,4798,276.244039
1,4799,223.268656
1,4800,137.532180
1,4801,137.532180
1,4802,137.532180
1,4803,290.881973
1,4804,260.909059
1,4805,251.150436
1,4806,137.532180
1,4807,283.214484
1,4808,137.532180
1,4809,311.793309
1,4810,137.532180
1,4811,254.635659
1,4812,137.532180
1,4813,244.179991
1,4814,137.532180
1,4815,137.532180
1,4816,802.512647
1,4817,559.244112
1,4818,361.980514
1,4819,297.155374
1,4820,137.532180
1,4821,299.943552
1,4822,350.827802
1,4823,352.918935
1,4824,285.305617
1,4825,237.906590
1,4826,137.532180
1,4827,245.574080
1,4828,348.039624
1,4829,137.532180
1,4830,229.542056
1,4831,272.061772
1,4832,387.074117
1,4833,276.941083
1,4834,238.603635
1,4835,137.532180
1,4836,326.431244
1,4837,137.532180
1,4838,1268.138383
1,4839,384.285938
1,4840,137.532180
1,4841,243.482946
1,4842,137.532180
1,4843,233.027279
1,4844,287.396751
1,4845,391.256384
1,4846,437.261322
1,4847,249.059303
1,4848,137.532180
1,4849,286.699706
1,4850,137.532180
1,4851,300.640597
1,4852,457.475613
1,4853,243.482946
1,4854,292.973107
1,4855,320.854888
1,4856,273.455861
1,4857,331.310555
1,4858,137.532180
1,4859,258.817926
1,4860,303.428775
1,4861,137.532180
1,4862,243.482946
1,4863,322.248977
1,4864,219.086388
1,4865,315.975576
1,4866,137.532180
1,4867,257.423837
1,4868,265.091326
1,4869,280.426306
1,4870,253.938614
1,4871,137.532180
1,4872,246.271125
1,4873,235.118412
1,4874,250.453392
1,4875,276.244039
1,4876,137.532180
1,4877,137.532180
1,4878,137.532180
1,4879,137.532180
1,4880,137.532180
1,4881,417.047031
1,4882,345.251446
1,4883,244.877036
1,4884,137.532180
1,4885,137.532180
1,4886,230.239101
1,4887,314.581487
1,4888,285.305617
1,4889,344.554401
1,4890,137.532180
1,4891,137.532180
1,4892,258.817926
1,4893,257.423837
1,4894,216.995255
1,4895,560.638201
1,4896,299.246508
1,4897,399.620918
1,4898,137.532180
1,4899,251.847481
1,4900,220.480477
1,4901,342.463268
1,4902,407.288407
1,4903,232.330234
1,4904,254.635659
1,4905,137.532180
1,4906,137.532180
1,4907,137.532180
1,4908,286.699706
1,4909,137.532180
1,4910,265.091326
1,4911,249.756347
1,4912,251.150436
1,4913,241.391813
1,4914,137.532180
1,4915,292.276063
1,4916,277.638128
1,4917,235.118412
1,4918,242.785902
1,4919,137.532180
1,4920,137.532180
1,4921,292.276063
1,4922,440.049500
1,4923,137.532180
1,4924,137.532180
1,4925,137.532180
1,4926,137.532180
1,4927,230.936145
1,4928,137.532180
1,4929,137.532180
1,4930,297.852419
1,4931,244.877036
1,4932,253.241570
1,4933,332.007600
1,4934,137.532180
1,4935,352.918935
1,4936,137.532180
1,4937,306.913997
1,4938,546.000266
1,4939,263.000193
1,4940,244.179991
1,4941,299.943552
1,4942,297.852419
1,4943,288.093795
1,4944,343.160312
1,4945,518.118485
1,4946,398.923873
1,4947,288.093795
1,4948,137.532180
1,4949,137.532180
1,4950,137.532180
1,4951,250.453392
1,4952,137.532180
1,4953,137.532180
1,4954,355.010069
1,4955,246.968169
1,4956,265.091326
1,4957,308.308086
1,4958,267.879504
1,4959,275.546994
1,4960,256.029748
1,4961,137.532180
1,4962,137.532180
1,4963,233.027279
1,4964,242.785902
1,4965,137.532180
1,4966,137.532180
1,4967,137.532180
1,4968,137.532180
1,4969,137.532180
1,4970,137.532180
1,4971,137.532180
1,4972,137.532180
1,4973,137.532180
1,4974,137.532180
1,4975,137.532180
1,4976,137.532180
1,4977,369.648004
1,4978,137.532180
1,4979,283.214484
1,4980,365.465737
1,4981,137.532180
1,4982,277.638128
1,4983,137.532180
1,4984,137.532180
1,4985,137.532180
1,4986,137.532180
1,4987,137.532180
1,4988,262.303148
1,4989,230.936145
1,4990,236.512501
1,4991,137.532180
1,4992,137.532180
1,4993,137.532180
1,4994,137.532180
1,4995,262.303148
1,4996,137.532180
1,4997,245.574080
1,4998,319.460799
1,4999,137.532180
1,5000,367.556870
1,5001,318.763754
1,5002,264.394282
1,5003,304.822864
1,5004,137.532180
1,5005,260.212015
1,5006,484.660349
1,5007,446.322900
1,5008,259.514970
1,5009,137.532180
1,5010,137.532180
1,5011,276.244039
1,5012,271.364727
1,5013,137.532180
1,5014,404.500229
1,5015,137.532180
1,5016,137.532180
1,5017,372.436182
1,5018,290.184929
1,5019,275.546994
1,5020,271.364727
1,5021,253.241570
1,5022,665.891923
1,5023,211.418899
1,5024,246.271125
1,5025,137.532180
1,5026,245.574080
1,5027,287.396751
1,5028,242.785902
1,5029,299.246508
1,5030,349.433713
1,5031,223.965700
1,5032,286.002662
1,5033,282.517439
1,5034,381.497760
1,5035,270.667683
1,5036,137.532180
1,5037,368.950959
1,5038,274.849950
1,5039,137.532180
1,5040,278.335172
1,5041,291.579018
1,5042,251.847481
1,5043,302.034686
1,5044,137.532180
1,5045,244.179991
1,5046,265.788371
1,5047,233.027279
1,5048,281.820395
1,5049,358.495291
1,5050,309.005131
1,5051,266.485415
1,5052,296.458330
1,5053,137.532180
1,5054,287.396751
1,5055,298.549463
1,5056,303.428775
1,5057,239.997724
1,5058,137.532180
1,5059,249.756347
1,5060,290.184929
1,5061,298.549463
1,5062,137.532180
1,5063,137.532180
1,5064,137.532180
1,5065,137.532180
1,5066,137.532180
1,5067,288.790840
1,5068,271.364727
1,5069,137.532180
1,5070,246.968169
1,5071,137.532180
1,5072,137.532180
1,5073,137.532180
1,5074,137.532180
1,5075,137.532180
1,5076,137.532180
1,5077,137.532180
1,5078,137.532180
1,5079,244.179991
1,5080,239.997724
1,5081,137.532180
1,5082,244.877036
1,5083,212.115943
1,5084,137.532180
1,5085,137.532180
1,5086,244.877036
1,5087,137.532180
1,5088,235.118412
1,5089,232.330234
1,5090,227.450923
1,5091,137.532180
1,5092,137.532180
1,5093,262.303148
1,5094,137.532180
1,5095,284.608573
1,5096,137.532180
1,5097,270.667683
1,5098,137.532180
1,5099,276.244039
1,5100,137.532180
1,5101,137.532180
1,5102,274.849950
1,5103,255.332703
1,5104,251.847481
1,5105,137.532180
1,5106,249.059303
1,5107,239.300679
1,5108,137.532180
1,5109,272.061772
1,5110,137.532180
1,5111,242.088857
1,5112,242.088857
1,5113,137.532180
1,5114,262.303148
1,5115,299.246508
1,5116,137.532180
1,5117,266.485415
1,5118,264.394282
1,5119,292.276063
1,5120,285.305617
1,5121,137.532180
1,5122,412.167719
1,5123,137.532180
1,5124,285.305617
1,5125,375.921404
1,5126,272.758816
1,5127,137.532180
1,5128,295.064241
1,5129,137.532180
1,5130,352.918935
1,5131,306.216953
1,5132,137.532180
1,5133,449.111078
1,5134,137.532180
1,5135,276.941083
1,5136,927.283616
1,5137,137.532180
1,5138,137.532180
1,5139,137.532180
1,5140,137.532180
1,5141,137.532180
1,5142,137.532180
1,5143,137.532180
1,5144,137.532180
1,5145,359.889380
1,5146,260.909059
1,5147,137.532180
1,5148,405.197274
1,5149,402.409096
1,5150,249.059303
1,5151,338.978045
1,5152,238.603635
1,5153,239.997724
1,5154,137.532180
1,5155,237.906590
1,5156,137.532180
1,5157,137.532180
1,5158,137.532180
1,5159,137.532180
1,5160,137.532180
1,5161,137.532180
1,5162,137.532180
1,5163,137.532180
1,5164,257.423837
1,5165,137.532180
1,5166,276.941083
1,5167,137.532180
1,5168,310.399220
1,5169,137.532180
1,5170,137.532180
1,5171,231.633190
1,5172,253.938614
1,5173,137.532180
1,5174,137.532180
1,5175,320.157843
1,5176,137.532180
1,5177,264.394282
1,5178,253.241570
1,5179,137.532180
1,5180,137.532180
1,5181,137.532180
1,5182,253.938614
1,5183,256.029748
1,5184,137.532180
1,5185,276.244039
1,5186,264.394282
1,5187,219.783433
1,5188,137.532180
1,5189,234.421368
1,5190,137.532180
1,5191,417.047031
1,5192,322.248977
1,5193,137.532180
1,5194,274.152905
1,5195,295.064241
1,5196,237.906590
1,5197,309.702175
1,5198,269.970638
1,5199,357.101202
1,5200,137.532180
1,5201,259.514970
1,5202,241.391813
1,5203,137.532180
1,5204,137.532180
1,5205,137.532180
1,5206,311.793309
1,5207,245.574080
1,5208,137.532180
1,5209,235.815457
1,5210,137.532180
1,5211,279.032217
1,5212,283.911528
1,5213,137.532180
1,5214,257.423837
1,5215,137.532180
1,5216,240.694768
1,5217,137.532180
1,5218,291.579018
1,5219,137.532180
1,5220,137.532180
1,5221,376.618449
1,5222,253.938614
1,5223,256.726792
1,5224,593.399293
1,5225,137.532180
1,5226,317.369665
1,5227,249.756347
1,5228,345.948490
1,5229,137.532180
1,5230,267.879504
1,5231,396.135695
1,5232,137.532180
1,5233,1045.084139
1,5234,661.709655
1,5235,267.182460
1,5236,260.212015
1,5237,137.532180
1,5238,137.532180
1,5239,137.532180
1,5240,254.635659
1,5241,137.532180
1,5242,137.532180
1,5243,286.699706
1,5244,278.335172
1,5245,391.953428
1,5246,269.970638
1,5247,137.532180
1,5248,286.699706
1,5249,137.532180
1,5250,137.532180
1,5251,261.606104
1,5252,137.532180
1,5253,233.724323
1,5254,137.532180
1,5255,137.532180
1,5256,300.640597
1,5257,249.059303
1,5258,137.532180
1,5259,1198.433932
1,5260,278.335172
1,5261,266.485415
1,5262,137.532180
1,5263,734.899330
1,5264,276.941083
1,5265,276.244039
1,5266,137.532180
1,5267,543.212088
1,5268,137.532180
1,5269,137.532180
1,5270,137.532180
1,5271,272.758816
1,5272,458.869702
1,5273,271.364727
1,5274,277.638128
1,5275,339.675090
1,5276,281.123350
1,5277,256.726792
1,5278,293.670152
1,5279,272.061772
1,5280,300.640597
1,5281,225.359789
1,5282,298.549463
1,5283,137.532180
1,5284,475.598770
1,5285,137.532180
1,5286,255.332703
1,5287,299.246508
1,5288,234.421368
1,5289,237.209546
1,5290,801.815603
1,5291,137.532180
1,5292,243.482946
1,5293,222.571611
1,5294,137.532180
1,5295,328.522377
1,5296,281.820395
1,5297,286.699706
1,5298,247.665214
1,5299,676.347590
1,5300,549.485489
1,5301,137.532180
1,5302,293.670152
1,5303,315.975576
1,5304,251.150436
1,5305,137.532180
1,5306,276.244039
1,5307,231.633190
1,5308,327.128288
1,5309,288.093795
1,5310,261.606104
1,5311,270.667683
1,5312,286.699706
1,5313,137.532180
1,5314,305.519908
1,5315,244.877036
1,5316,329.916466
1,5317,271.364727
1,5318,359.192336
1,5319,212.115943
1,5320,137.532180
1,5321,321.551932
1,5322,137.532180
1,5323,263.000193
1,5324,293.670152
1,5325,412.167719
1,5326,260.212015
1,5327,256.726792
1,5328,257.423837
1,5329,137.532180
1,5330,450.505167
1,5331,137.532180
1,5332,255.332703
1,5333,295.064241
1,5334,394.741606
1,5335,426.805654
1,5336,226.753878
1,5337,272.061772
1,5338,137.532180
1,5339,284.608573
1,5340,248.362258
1,5341,137.532180
1,5342,322.946021
1,5343,276.244039
1,5344,251.847481
1,5345,304.125819
1,5346,137.532180
1,5347,299.943552
1,5348,137.532180
1,5349,137.532180
1,5350,137.532180
1,5351,137.532180
1,5352,137.532180
1,5353,283.214484
1,5354,137.532180
1,5355,137.532180
1,5356,282.517439
1,5357,137.532180
1,5358,259.514970
1,5359,253.938614
1,5360,137.532180
1,5361,275.546994
1,5362,137.532180
1,5363,401.015007
1,5364,137.532180
1,5365,253.241570
1,5366,242.785902
1,5367,235.815457
1,5368,261.606104
1,5369,279.729261
1,5370,137.532180
1,5371,276.941083
1,5372,266.485415
1,5373,137.532180
1,5374,137.532180
1,5375,137.532180
1,5376,137.532180
1,5377,137.532180
1,5378,137.532180
1,5379,137.532180
1,5380,137.532180
1,5381,283.214484
1,5382,263.000193
1,5383,451.202212
1,5384,299.943552
1,5385,312.490353
1,5386,137.532180
1,5387,137.532180
1,5388,236.512501
1,5389,285.305617
1,5390,137.532180
1,5391,306.216953
1,5392,263.697237
1,5393,250.453392
1,5394,242.785902
1,5395,137.532180
1,5396,137.532180
1,5397,239.300679
1,5398,269.970638
1,5399,316.672621
1,5400,137.532180
1,5401,372.436182
1,5402,137.532180
1,5403,373.830271
1,5404,264.394282
1,5405,137.532180
1,5406,373.830271
1,5407,137.532180
1,5408,348.736668
1,5409,256.029748
1,5410,137.532180
1,5411,137.532180
1,5412,414.955897
1,5413,137.532180
1,5414,258.817926
1,5415,286.699706
1,5416,288.093795
1,5417,137.532180
1,5418,325.734199
1,5419,137.532180
1,5420,392.650473
1,5421,137.532180
1,5422,137.532180
1,5423,327.128288
1,5424,137.532180
1,5425,137.532180
1,5426,137.532180
1,5427,355.010069
1,5428,309.005131
1,5429,137.532180
1,5430,369.648004
1,5431,137.532180
1,5432,267.182460
1,5433,291.579018
1,5434,269.273594
1,5435,137.532180
1,5436,137.532180
1,5437,137.532180
1,5438,347.342579
1,5439,137.532180
1,5440,273.455861
1,5441,237.209546
1,5442,271.364727
1,5443,137.532180
1,5444,267.182460
1,5445,137.532180
1,5446,137.532180
1,5447,280.426306
1,5448,137.532180
1,5449,275.546994
1,5450,254.635659
1,5451,137.532180
1,5452,223.268656
1,5453,239.997724
1,5454,243.482946
1,5455,137.532180
1,5456,266.485415
1,5457,297.155374
1,5458,137.532180
1,5459,281.123350
1,5460,270.667683
1,5461,137.532180
1,5462,414.258853
1,5463,137.532180
1,5464,304.822864
1,5465,332.704644
1,5466,137.532180
1,5467,137.532180
1,5468,137.532180
1,5469,426.805654
1,5470,137.532180
1,5471,418.441120
1,5472,137.532180
1,5473,299.943552
1,5474,242.088857
1,5475,842.244185
1,5476,137.532180
1,5477,375.921404
1,5478,287.396751
1,5479,293.670152
1,5480,278.335172
1,5481,247.665214
1,5482,293.670152
1,5483,249.059303
1,5484,281.123350
1,5485,276.941083
1,5486,137.532180
1,5487,230.239101
1,5488,137.532180
1,5489,259.514970
1,5490,137.532180
1,5491,271.364727
1,5492,241.391813
1,5493,137.532180
1,5494,281.820395
1,5495,137.532180
1,5496,299.246508
1,5497,246.271125
1,5498,295.064241
1,5499,137.532180
1,5500,137.532180
1,5501,137.532180
1,5502,309.005131
1,5503,137.532180
1,5504,279.729261
1,5505,456.081524
1,5506,258.120881
1,5507,137.532180
1,5508,323.643066
1,5509,371.042093
1,5510,236.512501
1,5511,285.305617
1,5512,137.532180
1,5513,288.790840
1,5514,137.532180
1,5515,137.532180
1,5516,288.790840
1,5517,137.532180
1,5518,315.975576
1,5519,249.059303
1,5520,303.428775
1,5521,137.532180
1,5522,256.726792
1,5523,137.532180
1,5524,137.532180
1,5525,263.000193
1,5526,286.699706
1,5527,845.729407
1,5528,460.263791
1,5529,292.973107
1,5530,137.532180
1,5531,258.120881
1,5532,292.973107
1,5533,587.822937
1,5534,137.532180
1,5535,239.997724
1,5536,137.532180
1,5537,137.532180
1,5538,137.532180
1,5539,137.532180
1,5540,268.576549
1,5541,230.239101
1,5542,269.970638
1,5543,137.532180
1,5544,285.305617
1,5545,258.817926
1,5546,292.973107
1,5547,251.150436
1,5548,248.362258
1,5549,137.532180
1,5550,238.603635
1,5551,276.941083
1,5552,137.532180
1,5553,269.970638
1,5554,241.391813
1,5555,137.532180
1,5556,384.285938
1,5557,284.608573
1,5558,137.532180
1,5559,399.620918
1,5560,269.273594
1,5561,403.106140
1,5562,137.532180
1,5563,365.465737
1,5564,284.608573
1,5565,320.854888
1,5566,137.532180
1,5567,137.532180
1,5568,247.665214
1,5569,536.938687
1,5570,457.475613
1,5571,343.857357
1,5572,299.943552
1,5573,286.699706
1,5574,137.532180
1,5575,282.517439
1,5576,260.909059
1,5577,286.002662
1,5578,137.532180
1,5579,284.608573
1,5580,137.532180
1,5581,280.426306
1,5582,137.532180
1,5583,137.532180
1,5584,445.625856
1,5585,137.532180
1,5586,513.239174
1,5587,137.532180
1,5588,137.532180
1,5589,283.214484
1,5590,235.815457
1,5591,281.123350
1,5592,293.670152
1,5593,259.514970
1,5594,433.079055
1,5595,274.849950
1,5596,264.394282
1,5597,137.532180
1,5598,232.330234
1,5599,250.453392
1,5600,328.522377
1,5601,137.532180
1,5602,333.401689
1,5603,137.532180
1,5604,137.532180
1,5605,251.847481
1,5606,137.532180
1,5607,268.576549
1,5608,274.152905
1,5609,137.532180
1,5610,363.374603
1,5611,290.184929
1,5612,137.532180
1,5613,137.532180
1,5614,137.532180
1,5615,137.532180
1,5616,137.532180
1,5617,137.532180
1,5618,137.532180
1,5619,137.532180
1,5620,137.532180
1,5621,137.532180
1,5622,137.532180
1,5623,137.532180
1,5624,283.911528
1,5625,312.490353
1,5626,137.532180
1,5627,137.532180
1,5628,137.532180
1,5629,137.532180
1,5630,137.532180
1,5631,137.532180
1,5632,137.532180
1,5633,137.532180
1,5634,137.532180
1,5635,253.938614
1,5636,137.532180
1,5637,393.347517
1,5638,137.532180
1,5639,336.189867
1,5640,137.532180
1,5641,263.697237
1,5642,137.532180
1,5643,493.721927
1,5644,137.532180
1,5645,137.532180
1,5646,137.532180
1,5647,829.697384
1,5648,254.635659
1,5649,137.532180
1,5650,355.010069
1,5651,137.532180
1,5652,245.574080
1,5653,137.532180
1,5654,306.216953
1,5655,221.177522
1,5656,137.532180
1,5657,137.532180
1,5658,137.532180
1,5659,137.532180
1,5660,137.532180
1,5661,137.532180
1,5662,137.532180
1,5663,137.532180
1,5664,137.532180
1,5665,297.155374
1,5666,137.532180
1,5667,137.532180
1,5668,137.532180
1,5669,137.532180
1,5670,137.532180
1,5671,137.532180
1,5672,137.532180
1,5673,232.330234
1,5674,296.458330
1,5675,137.532180
1,5676,137.532180
1,5677,137.532180
1,5678,137.532180
1,5679,271.364727
1,5680,233.027279
1,5681,137.532180
1,5682,216.298210
1,5683,137.532180
1,5684,137.532180
1,5685,255.332703
1,5686,137.532180
1,5687,137.532180
1,5688,137.532180
1,5689,137.532180
1,5690,137.532180
1,5691,137.532180
1,5692,137.532180
1,5693,137.532180
1,5694,137.532180
1,5695,137.532180
1,5696,248.362258
1,5697,137.532180
1,5698,137.532180
1,5699,327.825333
1,5700,137.532180
1,5701,137.532180
1,5702,137.532180
1,5703,137.532180
1,5704,226.056834
1,5705,218.389344
1,5706,137.532180
1,5707,137.532180
1,5708,137.532180
1,5709,447.019945
1,5710,137.532180
1,5711,263.000193
1,5712,137.532180
1,5713,137.532180
1,5714,318.763754
1,5715,137.532180
1,5716,137.532180
1,5717,137.532180
1,5718,137.532180
1,5719,137.532180
1,5720,137.532180
1,5721,137.532180
1,5722,137.532180
1,5723,137.532180
1,5724,258.120881
1,5725,137.532180
1,5726,137.532180
1,5727,137.532180
1,5728,137.532180
1,5729,137.532180
1,5730,137.532180
1,5731,137.532180
1,5732,137.532180
1,5733,137.532180
1,5734,256.029748
1,5735,137.532180
1,5736,317.369665
1,5737,137.532180
1,5738,460.263791
1,5739,137.532180
1,5740,252.544525
1,5741,137.532180
1,5742,267.182460
1,5743,299.943552
1,5744,355.010069
1,5745,238.603635
1,5746,137.532180
1,5747,137.532180
1,5748,268.576549
1,5749,137.532180
1,5750,137.532180
1,5751,137.532180
1,5752,364.071648
1,5753,277.638128
1,5754,137.532180
1,5755,246.968169
1,5756,137.532180
1,5757,310.399220
1,5758,137.532180
1,5759,137.532180
1,5760,137.532180
1,5761,137.532180
1,5762,137.532180
1,5763,137.532180
1,5764,137.532180
1,5765,423.320431
1,5766,137.532180
1,5767,506.965773
1,5768,137.532180
1,5769,137.532180
1,5770,242.785902
1,5771,137.532180
1,5772,137.532180
1,5773,137.532180
1,5774,137.532180
1,5775,137.532180
1,5776,137.532180
1,5777,137.532180
1,5778,137.532180
1,5779,390.559339
1,5780,137.532180
1,5781,256.726792
1,5782,251.847481
1,5783,137.532180
1,5784,137.532180
1,5785,137.532180
1,5786,137.532180
1,5787,137.532180
1,5788,137.532180
1,5789,137.532180
1,5790,137.532180
1,5791,137.532180
1,5792,327.825333
1,5793,137.532180
1,5794,250.453392
1,5795,137.532180
1,5796,228.845012
1,5797,137.532180
1,5798,137.532180
1,5799,137.532180
1,5800,137.532180
1,5801,137.532180
1,5802,383.588894
1,5803,137.532180
1,5804,279.729261
1,5805,137.532180
1,5806,137.532180
1,5807,226.056834
1,5808,137.532180
1,5809,137.532180
1,5810,137.532180
1,5811,239.300679
1,5812,313.884442
1,5813,267.182460
1,5814,137.532180
1,5815,137.532180
1,5816,137.532180
1,5817,137.532180
1,5818,137.532180
1,5819,137.532180
1,5820,137.532180
1,5821,137.532180
1,5822,137.532180
1,5823,272.061772
1,5824,281.123350
1,5825,137.532180
1,5826,137.532180
1,5827,367.556870
1,5828,137.532180
1,5829,137.532180
1,5830,137.532180
1,5831,137.532180
1,5832,137.532180
1,5833,137.532180
1,5834,137.532180
1,5835,468.628325
1,5836,137.532180
1,5837,137.532180
1,5838,242.785902
1,5839,384.982983
1,5840,137.532180
1,5841,250.453392
1,5842,240.694768
1,5843,137.532180
1,5844,137.532180
1,5845,137.532180
1,5846,137.532180
1,5847,137.532180
1,5848,137.532180
1,5849,137.532180
1,5850,239.300679
1,5851,137.532180
1,5852,137.532180
1,5853,137.532180
1,5854,137.532180
1,5855,137.532180
1,5856,256.029748
1,5857,137.532180
1,5858,137.532180
1,5859,137.532180
1,5860,137.532180
1,5861,137.532180
1,5862,137.532180
1,5863,137.532180
1,5864,137.532180
1,5865,137.532180
1,5866,137.532180
1,5867,137.532180
1,5868,137.532180
1,5869,137.532180
1,5870,218.389344
1,5871,137.532180
1,5872,137.532180
1,5873,137.532180
1,5874,137.532180
1,5875,137.532180
1,5876,137.532180
1,5877,137.532180
1,5878,137.532180
1,5879,137.532180
1,5880,137.532180
1,5881,137.532180
1,5882,137.532180
1,5883,137.532180
1,5884,137.532180
1,5885,137.532180
1,5886,137.532180
1,5887,137.532180
1,5888,137.532180
1,5889,137.532180
1,5890,137.532180
1,5891,137.532180
1,5892,310.399220
1,5893,137.532180
1,5894,137.532180
1,5895,137.532180
1,5896,283.214484
1,5897,137.532180
1,5898,137.532180
1,5899,137.532180
1,5900,137.532180
1,5901,137.532180
1,5902,137.532180
1,5903,137.532180
1,5904,137.532180
1,5905,137.532180
1,5906,137.532180
1,5907,137.532180
1,5908,288.093795
1,5909,137.532180
1,5910,137.532180
1,5911,137.532180
1,5912,331.310555
1,5913,219.783433
1,5914,137.532180
1,5915,137.532180
1,5916,137.532180
1,5917,137.532180
1,5918,420.532253
1,5919,256.029748
1,5920,137.532180
1,5921,212.115943
1,5922,137.532180
1,5923,137.532180
1,5924,137.532180
1,5925,137.532180
1,5926,137.532180
1,5927,137.532180
1,5928,137.532180
1,5929,137.532180
1,5930,137.532180
1,5931,137.532180
1,5932,137.532180
1,5933,137.532180
1,5934,137.532180
1,5935,137.532180
1,5936,137.532180
1,5937,137.532180
1,5938,137.532180
1,5939,137.532180
1,5940,237.906590
1,5941,255.332703
1,5942,323.643066
1,5943,137.532180
1,5944,137.532180
1,5945,137.532180
1,5946,229.542056
1,5947,137.532180
1,5948,137.532180
1,5949,137.532180
1,5950,265.091326
1,5951,251.847481
1,5952,137.532180
1,5953,478.386948
1,5954,137.532180
1,5955,380.103671
1,5956,137.532180
1,5957,137.532180
1,5958,137.532180
1,5959,137.532180
1,5960,137.532180
1,5961,137.532180
1,5962,137.532180
1,5963,137.532180
1,5964,137.532180
1,5965,137.532180
1,5966,137.532180
1,5967,137.532180
1,5968,137.532180
1,5969,137.532180
1,5970,137.532180
1,5971,137.532180
1,5972,137.532180
1,5973,137.532180
1,5974,137.532180
1,5975,137.532180
1,5976,137.532180
1,5977,359.889380
1,5978,137.532180
1,5979,517.421441
1,5980,233.724323
1,5981,685.409169
1,5982,1167.763973
1,5983,629.645608
1,5984,137.532180
1,5985,137.532180
1,5986,279.032217
1,5987,137.532180
1,5988,221.177522
1,5989,137.532180
1,5990,137.532180
1,5991,137.532180
1,5992,137.532180
1,5993,137.532180
1,5994,137.532180
1,5995,137.532180
1,5996,137.532180
1,5997,137.532180
1,5998,137.532180
1,5999,137.532180
1,6000,137.532180
1,6001,137.532180
1,6002,137.532180
1,6003,137.532180
1,6004,137.532180
1,6005,137.532180
1,6006,137.532180
1,6007,137.532180
1,6008,137.532180
1,6009,137.532180
1,6010,137.532180
1,6011,137.532180
1,6012,223.965700
1,6013,137.532180
1,6014,137.532180
1,6015,137.532180
1,6016,137.532180
1,6017,137.532180
1,6018,137.532180
1,6019,137.532180
1,6020,137.532180
1,6021,137.532180
1,6022,137.532180
1,6023,137.532180
1,6024,137.532180
1,6025,137.532180
1,6026,233.724323
1,6027,239.300679
1,6028,137.532180
1,6029,137.532180
1,6030,137.532180
1,6031,137.532180
1,6032,137.532180
1,6033,137.532180
1,6034,137.532180
1,6035,137.532180
1,6036,137.532180
1,6037,137.532180
1,6038,137.532180
1,6039,137.532180
1,6040,137.532180
1,6041,229.542056
1,6042,137.532180
1,6043,366.859826
1,6044,137.532180
1,6045,137.532180
1,6046,137.532180
1,6047,244.877036
1,6048,137.532180
1,6049,137.532180
1,6050,137.532180
1,6051,137.532180
1,6052,137.532180
1,6053,137.532180
1,6054,277.638128
1,6055,348.736668
1,6056,762.781110
1,6057,882.672767
1,6058,345.251446
1,6059,137.532180
1,6060,137.532180
1,6061,137.532180
1,6062,137.532180
1,6063,137.532180
1,6064,690.985525
1,6065,598.278605
1,6066,884.066856
1,6067,247.665214
1,6068,244.877036
1,6069,137.532180
1,6070,137.532180
1,6071,137.532180
1,6072,137.532180
1,6073,137.532180
1,6074,817.150582
1,6075,137.532180
1,6076,137.532180
1,6077,529.271198
1,6078,137.532180
1,6079,137.532180
1,6080,137.532180
1,6081,137.532180
1,6082,246.271125
1,6083,253.938614
1,6084,137.532180
1,6085,465.143102
1,6086,137.532180
1,6087,597.581560
1,6088,322.946021
1,6089,137.532180
1,6090,137.532180
1,6091,137.532180
1,6092,137.532180
1,6093,137.532180
1,6094,258.817926
1,6095,263.000193
1,6096,137.532180
1,6097,137.532180
1,6098,137.532180
1,6099,137.532180
1,6100,137.532180
1,6101,137.532180
1,6102,137.532180
1,6103,557.850023
1,6104,209.327765
1,6105,137.532180
1,6106,253.241570
1,6107,227.450923
1,6108,237.906590
1,6109,137.532180
1,6110,137.532180
1,6111,137.532180
1,6112,137.532180
1,6113,137.532180
1,6114,137.532180
1,6115,309.702175
1,6116,433.079055
1,6117,235.118412
1,6118,967.712198
1,6119,137.532180
1,6120,137.532180
1,6121,137.532180
1,6122,137.532180
1,6123,137.532180
1,6124,137.532180
1,6125,376.618449
1,6126,392.650473
1,6127,621.281074
1,6128,137.532180
1,6129,137.532180
1,6130,137.532180
1,6131,137.532180
1,6132,137.532180
1,6133,137.532180
1,6134,137.532180
1,6135,137.532180
1,6136,137.532180
1,6137,279.032217
1,6138,137.532180
1,6139,137.532180
1,6140,338.281001
1,6141,137.532180
1,6142,294.367196
1,6143,274.152905
1,6144,137.532180
1,6145,137.532180
1,6146,137.532180
1,6147,137.532180
1,6148,137.532180
1,6149,424.017476
1,6150,137.532180
1,6151,137.532180
1,6152,286.699706
1,6153,137.532180
1,6154,137.532180
1,6155,219.783433
1,6156,137.532180
1,6157,137.532180
1,6158,137.532180
1,6159,137.532180
1,6160,137.532180
1,6161,243.482946
1,6162,260.909059
1,6163,282.517439
1,6164,428.199743
1,6165,137.532180
1,6166,137.532180
1,6167,137.532180
1,6168,137.532180
1,6169,249.756347
1,6170,321.551932
1,6171,137.532180
1,6172,256.029748
1,6173,137.532180
1,6174,233.724323
1,6175,367.556870
1,6176,137.532180
1,6177,137.532180
1,6178,137.532180
1,6179,137.532180
1,6180,249.059303
1,6181,451.202212
1,6182,137.532180
1,6183,261.606104
1,6184,251.847481
1,6185,137.532180
1,6186,137.532180
1,6187,265.091326
1,6188,137.532180
1,6189,137.532180
1,6190,137.532180
1,6191,137.532180
1,6192,137.532180
1,6193,137.532180
1,6194,137.532180
1,6195,137.532180
1,6196,222.571611
1,6197,137.532180
1,6198,137.532180
1,6199,241.391813
1,6200,137.532180
1,6201,137.532180
1,6202,137.532180
1,6203,137.532180
1,6204,137.532180
1,6205,137.532180
1,6206,137.532180
1,6207,137.532180
1,6208,137.532180
1,6209,137.532180
1,6210,358.495291
1,6211,137.532180
1,6212,137.532180
1,6213,137.532180
1,6214,137.532180
1,6215,137.532180
1,6216,310.399220
1,6217,137.532180
1,6218,137.532180
1,6219,137.532180
1,6220,137.532180
1,6221,137.532180
1,6222,137.532180
1,6223,137.532180
1,6224,137.532180
1,6225,517.421441
1,6226,532.756420
1,6227,137.532180
1,6228,476.992859
1,6229,137.532180
1,6230,301.337641
1,6231,137.532180
1,6232,137.532180
1,6233,137.532180
1,6234,137.532180
1,6235,137.532180
1,6236,137.532180
1,6237,137.532180
1,6238,137.532180
1,6239,410.773630
1,6240,137.532180
1,6241,137.532180
1,6242,297.155374
1,6243,258.120881
1,6244,137.532180
1,6245,355.010069
1,6246,137.532180
1,6247,243.482946
1,6248,137.532180
1,6249,137.532180
1,6250,137.532180
1,6251,137.532180
1,6252,137.532180
1,6253,137.532180
1,6254,137.532180
1,6255,137.532180
1,6256,137.532180
1,6257,292.276063
1,6258,137.532180
1,6259,137.532180
1,6260,137.532180
1,6261,250.453392
1,6262,246.968169
1,6263,253.241570
1,6264,137.532180
1,6265,245.574080
1,6266,210.721854
1,6267,340.372134
1,6268,280.426306
1,6269,137.532180
1,6270,249.059303
1,6271,137.532180
1,6272,137.532180
1,6273,361.980514
1,6274,314.581487
1,6275,137.532180
1,6276,365.465737
1,6277,297.852419
1,6278,137.532180
1,6279,530.665287
1,6280,137.532180
1,6281,137.532180
1,6282,137.532180
1,6283,137.532180
1,6284,137.532180
1,6285,137.532180
1,6286,137.532180
1,6287,137.532180
1,6288,137.532180
1,6289,137.532180
1,6290,137.532180
1,6291,286.002662
1,6292,383.588894
1,6293,137.532180
1,6294,137.532180
1,6295,137.532180
1,6296,137.532180
1,6297,137.532180
1,6298,137.532180
1,6299,137.532180
1,6300,137.532180
1,6301,137.532180
1,6302,137.532180
1,6303,137.532180
1,6304,137.532180
1,6305,137.532180
1,6306,137.532180
1,6307,273.455861
1,6308,371.042093
1,6309,327.825333
1,6310,137.532180
1,6311,137.532180
1,6312,137.532180
1,6313,137.532180
1,6314,137.532180
1,6315,137.532180
1,6316,137.532180
1,6317,137.532180
1,6318,137.532180
1,6319,137.532180
1,6320,137.532180
1,6321,137.532180
1,6322,137.532180
1,6323,137.532180
1,6324,137.532180
1,6325,137.532180
1,6326,137.532180
1,6327,137.532180
1,6328,137.532180
1,6329,137.532180
1,6330,137.532180
1,6331,137.532180
1,6332,137.532180
1,6333,137.532180
1,6334,137.532180
1,6335,269.970638
1,6336,137.532180
1,6337,137.532180
1,6338,137.532180
1,6339,289.487884
1,6340,137.532180
1,6341,219.783433
1,6342,251.847481
1,6343,137.532180
1,6344,261.606104
1,6345,256.029748
1,6346,137.532180
1,6347,137.532180
1,6348,137.532180
1,6349,246.271125
1,6350,236.512501
1,6351,213.510032
1,6352,137.532180
1,6353,137.532180
1,6354,137.532180
1,6355,137.532180
1,6356,246.271125
1,6357,290.881973
1,6358,137.532180
1,6359,137.532180
1,6360,297.155374
1,6361,274.849950
1,6362,137.532180
1,6363,137.532180
1,6364,137.532180
1,6365,137.532180
1,6366,137.532180
1,6367,137.532180
1,6368,137.532180
1,6369,137.532180
1,6370,137.532180
1,6371,137.532180
1,6372,137.532180
1,6373,137.532180
1,6374,137.532180
1,6375,137.532180
1,6376,435.170188
1,6377,137.532180
1,6378,137.532180
1,6379,137.532180
1,6380,137.532180
1,6381,137.532180
1,6382,137.532180
1,6383,137.532180
1,6384,137.532180
1,6385,137.532180
1,6386,504.177595
1,6387,411.470675
1,6388,137.532180
1,6389,137.532180
1,6390,137.532180
1,6391,137.532180
1,6392,137.532180
1,6393,137.532180
1,6394,306.913997
1,6395,396.135695
1,6396,328.522377
1,6397,582.943625
1,6398,137.532180
1,6399,137.532180
1,6400,137.532180
1,6401,137.532180
1,6402,137.532180
1,6403,137.532180
1,6404,137.532180
1,6405,137.532180
1,6406,137.532180
1,6407,137.532180
1,6408,231.633190
1,6409,137.532180
1,6410,137.532180
1,6411,137.532180
1,6412,269.273594
1,6413,137.532180
1,6414,237.209546
1,6415,137.532180
1,6416,137.532180
1,6417,137.532180
1,6418,137.532180
1,6419,137.532180
1,6420,137.532180
1,6421,137.532180
1,6422,137.532180
1,6423,137.532180
1,6424,137.532180
1,6425,137.532180
1,6426,264.394282
1,6427,137.532180
1,6428,137.532180
1,6429,137.532180
1,6430,137.532180
1,6431,137.532180
1,6432,137.532180
1,6433,137.532180
1,6434,137.532180
1,6435,207.236632
1,6436,137.532180
1,6437,137.532180
1,6438,137.532180
1,6439,137.532180
1,6440,137.532180
1,6441,137.532180
1,6442,137.532180
1,6443,137.532180
1,6444,137.532180
1,6445,137.532180
1,6446,137.532180
1,6447,137.532180
1,6448,242.088857
1,6449,137.532180
1,6450,137.532180
1,6451,137.532180
1,6452,286.002662
1,6453,264.394282
1,6454,279.729261
1,6455,352.221891
1,6456,478.386948
1,6457,361.283470
1,6458,137.532180
1,6459,297.852419
1,6460,137.532180
1,6461,137.532180
1,6462,137.532180
1,6463,251.847481
1,6464,137.532180
1,6465,327.825333
1,6466,137.532180
1,6467,237.209546
1,6468,279.729261
1,6469,137.532180
1,6470,238.603635
1,6471,137.532180
1,6472,263.697237
1,6473,137.532180
1,6474,384.982983
1,6475,663.800789
1,6476,468.628325
1,6477,137.532180
1,6478,454.687435
1,6479,291.579018
1,6480,235.815457
1,6481,137.532180
1,6482,384.285938
1,6483,353.615980
1,6484,250.453392
1,6485,137.532180
1,6486,314.581487
1,6487,137.532180
1,6488,245.574080
1,6489,241.391813
1,6490,273.455861
1,6491,222.571611
1,6492,137.532180
1,6493,137.532180
1,6494,309.702175
1,6495,137.532180
1,6496,276.941083
1,6497,413.561808
1,6498,337.583956
1,6499,610.128361
1,6500,279.729261
1,6501,137.532180
1,6502,250.453392
1,6503,137.532180
1,6504,137.532180
1,6505,242.088857
1,6506,279.729261
1,6507,137.532180
1,6508,137.532180
1,6509,137.532180
1,6510,137.532180
1,6511,137.532180
1,6512,137.532180
1,6513,137.532180
1,6514,292.973107
1,6515,332.704644
1,6516,137.532180
1,6517,137.532180
1,6518,137.532180
1,6519,137.532180
1,6520,137.532180
1,6521,137.532180
1,6522,390.559339
1,6523,137.532180
1,6524,137.532180
1,6525,137.532180
1,6526,437.958366
1,6527,137.532180
1,6528,137.532180
1,6529,261.606104
1,6530,137.532180
1,6531,269.273594
1,6532,986.532399
1,6533,137.532180
1,6534,458.869702
1,6535,480.478082
1,6536,137.532180
1,6537,137.532180
1,6538,665.194878
1,6539,137.532180
1,6540,498.601239
1,6541,137.532180
1,6542,382.891849
1,6543,137.532180
1,6544,714.685039
1,6545,137.532180
1,6546,251.150436
1,6547,137.532180
1,6548,243.482946
1,6549,137.532180
1,6550,137.532180
1,6551,137.532180
1,6552,137.532180
1,6553,274.849950
1,6554,359.889380
1,6555,137.532180
1,6556,137.532180
1,6557,251.150436
1,6558,137.532180
1,6559,282.517439
1,6560,137.532180
1,6561,137.532180
1,6562,214.207077
1,6563,137.532180
1,6564,300.640597
1,6565,296.458330
1,6566,137.532180
1,6567,396.832740
1,6568,137.532180
1,6569,137.532180
1,6570,329.916466
1,6571,137.532180
1,6572,253.241570
1,6573,249.059303
1,6574,272.758816
1,6575,137.532180
1,6576,254.635659
1,6577,329.219422
1,6578,223.965700
1,6579,246.968169
1,6580,569.699779
1,6581,137.532180
1,6582,757.901799
1,6583,137.532180
1,6584,704.926415
1,6585,357.101202
1,6586,252.544525
1,6587,137.532180
1,6588,137.532180
1,6589,137.532180
1,6590,137.532180
1,6591,742.566819
1,6592,611.522450
1,6593,137.532180
1,6594,600.369738
1,6595,137.532180
1,6596,137.532180
1,6597,240.694768
1,6598,311.096264
1,6599,137.532180
1,6600,260.909059
1,6601,368.253915
1,6602,555.758889
1,6603,137.532180
1,6604,644.980587
1,6605,755.810665
1,6606,137.532180
1,6607,137.532180
1,6608,512.542129
1,6609,137.532180
1,6610,951.680174
1,6611,1118.273813
1,6612,137.532180
1,6613,1743.522743
1,6614,1772.101568
1,6615,665.194878
1,6616,137.532180
1,6617,212.115943
1,6618,612.219495
1,6619,688.894392
1,6620,556.455934
1,6621,137.532180
1,6622,693.773703
1,6623,274.849950
1,6624,137.532180
1,6625,327.128288
1,6626,359.192336
1,6627,137.532180
1,6628,444.231767
1,6629,449.111078
1,6630,358.495291
1,6631,241.391813
1,6632,137.532180
1,6633,499.298283
1,6634,137.532180
1,6635,575.276136
1,6636,579.458403
1,6637,258.120881
1,6638,341.766223
1,6639,137.532180
1,6640,592.702248
1,6641,137.532180
1,6642,137.532180
1,6643,637.313097
1,6644,402.409096
1,6645,137.532180
1,6646,283.911528
1,6647,137.532180
1,6648,343.857357
1,6649,137.532180
1,6650,137.532180
1,6651,296.458330
1,6652,465.143102
1,6653,458.869702
1,6654,137.532180
1,6655,327.128288
1,6656,137.532180
1,6657,289.487884
1,6658,313.884442
1,6659,137.532180
1,6660,137.532180
1,6661,380.103671
1,6662,137.532180
1,6663,237.209546
1,6664,137.532180
1,6665,137.532180
1,6666,247.665214
1,6667,257.423837
1,6668,137.532180
1,6669,137.532180
1,6670,137.532180
1,6671,494.418972
1,6672,240.694768
1,6673,137.532180
1,6674,137.532180
1,6675,1166.369884
1,6676,272.758816
1,6677,528.574153
1,6678,137.532180
1,6679,812.271271
1,6680,800.421514
1,6681,273.455861
1,6682,233.027279
1,6683,301.337641
1,6684,137.532180
1,6685,398.923873
1,6686,649.859899
1,6687,137.532180
1,6688,552.970711
1,6689,679.832813
1,6690,326.431244
1,6691,1599.931573
1,6692,247.665214
1,6693,255.332703
1,6694,419.138164
1,6695,137.532180
1,6696,394.741606
1,6697,137.532180
1,6698,1040.901872
1,6699,137.532180
1,6700,595.490427
1,6701,414.258853
1,6702,137.532180
1,6703,414.258853
1,6704,137.532180
1,6705,283.911528
1,6706,137.532180
1,6707,252.544525
1,6708,288.093795
1,6709,137.532180
1,6710,284.608573
1,6711,494.418972
1,6712,249.059303
1,6713,533.453465
1,6714,673.559412
1,6715,344.554401
1,6716,222.571611
1,6717,416.349986
1,6718,319.460799
1,6719,137.532180
1,6720,137.532180
1,6721,137.532180
1,6722,541.817999
1,6723,249.059303
1,6724,264.394282
1,6725,137.532180
1,6726,514.633263
1,6727,350.827802
1,6728,137.532180
1,6729,495.813061
1,6730,394.044562
1,6731,137.532180
1,6732,551.576622
1,6733,137.532180
1,6734,137.532180
1,6735,218.389344
1,6736,490.933749
1,6737,282.517439
1,6738,137.532180
1,6739,267.182460
1,6740,137.532180
1,6741,290.184929
1,6742,488.145571
1,6743,343.160312
1,6744,137.532180
1,6745,350.827802
1,6746,137.532180
1,6747,284.608573
1,6748,298.549463
1,6749,137.532180
1,6750,299.246508
1,6751,329.916466
1,6752,377.315493
1,6753,137.532180
1,6754,596.884516
1,6755,373.133226
1,6756,137.532180
1,6757,137.532180
1,6758,298.549463
1,6759,137.532180
1,6760,137.532180
1,6761,647.071721
1,6762,249.059303
1,6763,137.532180
1,6764,249.756347
1,6765,137.532180
1,6766,290.184929
1,6767,137.532180
1,6768,137.532180
1,6769,137.532180
1,6770,137.532180
1,6771,511.148040
1,6772,137.532180
1,6773,555.061845
1,6774,137.532180
1,6775,137.532180
1,6776,137.532180
1,6777,137.532180
1,6778,137.532180
1,6779,137.532180
1,6780,137.532180
1,6781,137.532180
1,6782,137.532180
1,6783,288.093795
1,6784,257.423837
1,6785,314.581487
1,6786,137.532180
1,6787,137.532180
1,6788,137.532180
1,6789,362.677559
1,6790,464.446058
1,6791,225.359789
1,6792,789.965846
1,6793,137.532180
1,6794,137.532180
1,6795,137.532180
1,6796,137.532180
1,6797,575.973180
1,6798,137.532180
1,6799,704.926415
1,6800,1618.751775
1,6801,1407.547286
1,6802,354.313024
1,6803,137.532180
1,6804,221.177522
1,6805,137.532180
1,6806,333.401689
1,6807,137.532180
1,6808,137.532180
1,6809,137.532180
1,6810,279.729261
1,6811,451.899256
1,6812,894.522523
1,6813,502.086462
1,6814,495.813061
1,6815,137.532180
1,6816,137.532180
1,6817,137.532180
1,6818,237.906590
1,6819,273.455861
1,6820,137.532180
1,6821,137.532180
1,6822,137.532180
1,6823,709.805727
1,6824,137.532180
1,6825,137.532180
1,6826,355.707113
1,6827,568.305690
1,6828,221.874567
1,6829,336.189867
1,6830,414.258853
1,6831,137.532180
1,6832,354.313024
1,6833,137.532180
1,6834,137.532180
1,6835,137.532180
1,6836,137.532180
1,6837,137.532180
1,6838,260.909059
1,6839,137.532180
1,6840,137.532180
1,6841,137.532180
1,6842,137.532180
1,6843,286.699706
1,6844,137.532180
1,6845,137.532180
1,6846,399.620918
1,6847,392.650473
1,6848,228.845012
1,6849,137.532180
1,6850,137.532180
1,6851,322.248977
1,6852,137.532180
1,6853,631.736741
1,6854,398.226829
1,6855,137.532180
1,6856,274.849950
1,6857,277.638128
1,6858,265.788371
1,6859,137.532180
1,6860,347.342579
1,6861,137.532180
1,6862,320.157843
1,6863,137.532180
1,6864,137.532180
1,6865,475.598770
1,6866,137.532180
1,6867,137.532180
1,6868,137.532180
1,6869,137.532180
1,6870,137.532180
1,6871,403.106140
1,6872,137.532180
1,6873,137.532180
1,6874,137.532180
1,6875,137.532180
1,6876,137.532180
1,6877,137.532180
1,6878,137.532180
1,6879,137.532180
1,6880,137.532180
1,6881,137.532180
1,6882,137.532180
1,6883,348.736668
1,6884,271.364727
1,6885,243.482946
1,6886,560.638201
1,6887,612.219495
1,6888,137.532180
1,6889,875.005277
1,6890,716.776172
1,6891,137.532180
1,6892,137.532180
1,6893,137.532180
1,6894,137.532180
1,6895,137.532180
1,6896,137.532180
1,6897,137.532180
1,6898,271.364727
1,6899,137.532180
1,6900,672.165323
1,6901,391.256384
1,6902,137.532180
1,6903,371.739137
1,6904,137.532180
1,6905,137.532180
1,6906,137.532180
1,6907,137.532180
1,6908,137.532180
1,6909,137.532180
1,6910,137.532180
1,6911,137.532180
1,6912,137.532180
1,6913,137.532180
1,6914,137.532180
1,6915,352.918935
1,6916,137.532180
1,6917,319.460799
1,6918,137.532180
1,6919,137.532180
1,6920,137.532180
1,6921,137.532180
1,6922,368.253915
1,6923,253.241570
1,6924,137.532180
1,6925,261.606104
1,6926,332.007600
1,6927,137.532180
1,6928,137.532180
1,6929,137.532180
1,6930,137.532180
1,6931,137.532180
1,6932,137.532180
1,6933,137.532180
1,6934,137.532180
1,6935,236.512501
1,6936,348.039624
1,6937,137.532180
1,6938,275.546994
1,6939,255.332703
1,6940,273.455861
1,6941,137.532180
1,6942,870.823010
1,6943,243.482946
1,6944,351.524846
1,6945,357.798247
1,6946,935.648150
1,6947,137.532180
1,6948,137.532180
1,6949,137.532180
1,6950,137.532180
1,6951,137.532180
1,6952,137.532180
1,6953,137.532180
1,6954,137.532180
1,6955,358.495291
1,6956,137.532180
1,6957,322.946021
1,6958,137.532180
1,6959,137.532180
1,6960,137.532180
1,6961,137.532180
1,6962,137.532180
1,6963,137.532180
1,6964,137.532180
1,6965,137.532180
1,6966,137.532180
1,6967,265.091326
1,6968,235.815457
1,6969,137.532180
1,6970,137.532180
1,6971,137.532180
1,6972,137.532180
1,6973,137.532180
1,6974,137.532180
1,6975,137.532180
1,6976,137.532180
1,6977,345.251446
1,6978,137.532180
1,6979,306.216953
1,6980,137.532180
1,6981,137.532180
1,6982,137.532180
1,6983,137.532180
1,6984,137.532180
1,6985,137.532180
1,6986,257.423837
1,6987,137.532180
1,6988,137.532180
1,6989,350.130757
1,6990,137.532180
1,6991,284.608573
1,6992,231.633190
1,6993,137.532180
1,6994,137.532180
1,6995,137.532180
1,6996,137.532180
1,6997,239.300679
1,6998,137.532180
1,6999,137.532180
1,7000,290.881973
1,7001,137.532180
1,7002,137.532180
1,7003,137.532180
1,7004,137.532180
1,7005,137.532180
1,7006,137.532180
1,7007,137.532180
1,7008,137.532180
1,7009,137.532180
1,7010,137.532180
1,7011,246.271125
1,7012,137.532180
1,7013,137.532180
1,7014,137.532180
1,7015,137.532180
1,7016,137.532180
1,7017,137.532180
1,7018,270.667683
1,7019,355.010069
1,7020,137.532180
1,7021,227.450923
1,7022,137.532180
1,7023,137.532180
1,7024,137.532180
1,7025,137.532180
1,7026,137.532180
1,7027,137.532180
1,7028,137.532180
1,7029,137.532180
1,7030,137.532180
1,7031,420.532253
1,7032,137.532180
1,7033,137.532180
1,7034,137.532180
1,7035,137.532180
1,7036,137.532180
1,7037,137.532180
1,7038,137.532180
1,7039,137.532180
1,7040,137.532180
1,7041,137.532180
1,7042,242.088857
1,7043,416.349986
1,7044,233.724323
1,7045,259.514970
1,7046,137.532180
1,7047,246.271125
1,7048,250.453392
1,7049,137.532180
1,7050,263.697237
1,7051,137.532180
1,7052,137.532180
1,7053,247.665214
1,7054,137.532180
1,7055,258.120881
1,7056,137.532180
1,7057,137.532180
1,7058,137.532180
1,7059,137.532180
1,7060,137.532180
1,7061,242.088857
1,7062,137.532180
1,7063,272.758816
1,7064,137.532180
1,7065,304.822864
1,7066,244.877036
1,7067,282.517439
1,7068,378.012538
1,7069,137.532180
1,7070,137.532180
1,7071,137.532180
1,7072,137.532180
1,7073,137.532180
1,7074,137.532180
1,7075,240.694768
1,7076,137.532180
1,7077,137.532180
1,7078,137.532180
1,7079,137.532180
1,7080,137.532180
1,7081,137.532180
1,7082,137.532180
1,7083,137.532180
1,7084,325.037155
1,7085,137.532180
1,7086,137.532180
1,7087,137.532180
1,7088,137.532180
1,7089,137.532180
1,7090,137.532180
1,7091,231.633190
1,7092,137.532180
1,7093,309.702175
1,7094,137.532180
1,7095,274.849950
1,7096,137.532180
1,7097,260.909059
1,7098,338.978045
1,7099,137.532180
1,7100,137.532180
1,7101,278.335172
1,7102,341.069179
1,7103,137.532180
1,7104,282.517439
1,7105,253.938614
1,7106,137.532180
1,7107,137.532180
1,7108,540.423910
1,7109,137.532180
1,7110,137.532180
1,7111,222.571611
1,7112,137.532180
1,7113,137.532180
1,7114,137.532180
1,7115,137.532180
1,7116,137.532180
1,7117,137.532180
1,7118,137.532180
1,7119,411.470675
1,7120,233.724323
1,7121,261.606104
1,7122,137.532180
1,7123,606.643139
1,7124,325.734199
1,7125,137.532180
1,7126,274.152905
1,7127,137.532180
1,7128,137.532180
1,7129,343.857357
1,7130,352.918935
1,7131,137.532180
1,7132,137.532180
1,7133,256.029748
1,7134,137.532180
1,7135,279.032217
1,7136,137.532180
1,7137,407.288407
1,7138,224.662745
1,7139,245.574080
1,7140,137.532180
1,7141,361.283470
1,7142,137.532180
1,7143,363.374603
1,7144,137.532180
1,7145,137.532180
1,7146,137.532180
1,7147,137.532180
1,7148,137.532180
1,7149,211.418899
1,7150,607.340183
1,7151,137.532180
1,7152,738.384552
1,7153,256.726792
1,7154,137.532180
1,7155,137.532180
1,7156,137.532180
1,7157,237.906590
1,7158,248.362258
1,7159,245.574080
1,7160,424.017476
1,7161,412.864764
1,7162,137.532180
1,7163,273.455861
1,7164,313.187398
1,7165,707.017549
1,7166,223.965700
1,7167,380.103671
1,7168,253.241570
1,7169,361.980514
1,7170,137.532180
1,7171,137.532180
1,7172,539.726865
1,7173,137.532180
1,7174,366.859826
1,7175,313.884442
1,7176,137.532180
1,7177,137.532180
1,7178,137.532180
1,7179,137.532180
1,7180,137.532180
1,7181,137.532180
1,7182,137.532180
1,7183,137.532180
1,7184,408.682497
1,7185,137.532180
1,7186,137.532180
1,7187,383.588894
1,7188,137.532180
1,7189,137.532180
1,7190,137.532180
1,7191,303.428775
1,7192,223.965700
1,7193,137.532180
1,7194,137.532180
1,7195,137.532180
1,7196,137.532180
1,7197,137.532180
1,7198,137.532180
1,7199,137.532180
1,7200,137.532180
1,7201,137.532180
1,7202,137.532180
1,7203,137.532180
1,7204,137.532180
1,7205,137.532180
1,7206,137.532180
1,7207,137.532180
1,7208,243.482946
1,7209,251.150436
1,7210,244.179991
1,7211,137.532180
1,7212,137.532180
1,7213,137.532180
1,7214,137.532180
1,7215,137.532180
1,7216,137.532180
1,7217,137.532180
1,7218,137.532180
1,7219,137.532180
1,7220,137.532180
1,7221,270.667683
1,7222,244.877036
1,7223,259.514970
1,7224,137.532180
1,7225,137.532180
1,7226,137.532180
1,7227,137.532180
1,7228,137.532180
1,7229,137.532180
1,7230,137.532180
1,7231,137.532180
1,7232,137.532180
1,7233,137.532180
1,7234,137.532180
1,7235,137.532180
1,7236,137.532180
1,7237,137.532180
1,7238,137.532180
1,7239,137.532180
1,7240,137.532180
1,7241,137.532180
1,7242,137.532180
1,7243,137.532180
1,7244,137.532180
1,7245,137.532180
1,7246,137.532180
1,7247,137.532180
1,7248,368.253915
1,7249,137.532180
1,7250,310.399220
1,7251,298.549463
1,7252,137.532180
1,7253,137.532180
1,7254,137.532180
1,7255,137.532180
1,7256,137.532180
1,7257,137.532180
1,7258,255.332703
1,7259,352.221891
1,7260,249.756347
1,7261,137.532180
1,7262,301.337641
1,7263,304.125819
1,7264,137.532180
1,7265,137.532180
1,7266,137.532180
1,7267,137.532180
1,7268,137.532180
1,7269,238.603635
1,7270,137.532180
1,7271,137.532180
1,7272,137.532180
1,7273,137.532180
1,7274,245.574080
1,7275,137.532180
1,7276,137.532180
1,7277,244.877036
1,7278,402.409096
1,7279,233.724323
1,7280,137.532180
1,7281,137.532180
1,7282,137.532180
1,7283,526.483020
1,7284,137.532180
1,7285,137.532180
1,7286,137.532180
1,7287,137.532180
1,7288,387.771161
1,7289,424.017476
1,7290,137.532180
1,7291,702.138237
1,7292,137.532180
1,7293,249.756347
1,7294,137.532180
1,7295,226.056834
1,7296,137.532180
1,7297,137.532180
1,7298,137.532180
1,7299,137.532180
1,7300,137.532180
1,7301,137.532180
1,7302,137.532180
1,7303,137.532180
1,7304,137.532180
1,7305,137.532180
1,7306,137.532180
1,7307,329.219422
1,7308,137.532180
1,7309,250.453392
1,7310,137.532180
1,7311,137.532180
1,7312,137.532180
1,7313,137.532180
1,7314,137.532180
1,7315,401.015007
1,7316,137.532180
1,7317,241.391813
1,7318,257.423837
1,7319,137.532180
1,7320,137.532180
1,7321,137.532180
1,7322,137.532180
1,7323,137.532180
1,7324,137.532180
1,7325,137.532180
1,7326,137.532180
1,7327,279.032217
1,7328,137.532180
1,7329,137.532180
1,7330,137.532180
1,7331,137.532180
1,7332,319.460799
1,7333,137.532180
1,7334,137.532180
1,7335,327.128288
1,7336,137.532180
1,7337,137.532180
1,7338,137.532180
1,7339,137.532180
1,7340,137.532180
1,7341,242.088857
1,7342,137.532180
1,7343,137.532180
1,7344,137.532180
1,7345,137.532180
1,7346,248.362258
1,7347,137.532180
1,7348,287.396751
1,7349,408.682497
1,7350,421.229298
1,7351,137.532180
1,7352,222.571611
1,7353,137.532180
1,7354,918.222037
1,7355,137.532180
1,7356,1023.475759
1,7357,137.532180
1,7358,755.810665
1,7359,295.064241
1,7360,137.532180
1,7361,137.532180
1,7362,137.532180
1,7363,137.532180
1,7364,137.532180
1,7365,137.532180
1,7366,137.532180
1,7367,137.532180
1,7368,137.532180
1,7369,137.532180
1,7370,137.532180
1,7371,137.532180
1,7372,270.667683
1,7373,137.532180
1,7374,137.532180
1,7375,137.532180
1,7376,137.532180
1,7377,137.532180
1,7378,137.532180
1,7379,244.877036
1,7380,137.532180
1,7381,137.532180
1,7382,137.532180
1,7383,137.532180
1,7384,137.532180
1,7385,137.532180
1,7386,137.532180
1,7387,137.532180
1,7388,137.532180
1,7389,137.532180
1,7390,226.056834
1,7391,137.532180
1,7392,215.601166
1,7393,137.532180
1,7394,137.532180
1,7395,137.532180
1,7396,234.421368
1,7397,137.532180
1,7398,137.532180
1,7399,137.532180
1,7400,137.532180
1,7401,137.532180
1,7402,137.532180
1,7403,137.532180
1,7404,137.532180
1,7405,369.648004
1,7406,137.532180
1,7407,137.532180
1,7408,137.532180
1,7409,433.079055
1,7410,233.724323
1,7411,137.532180
1,7412,137.532180
1,7413,137.532180
1,7414,137.532180
1,7415,137.532180
1,7416,137.532180
1,7417,268.576549
1,7418,391.256384
1,7419,137.532180
1,7420,247.665214
1,7421,137.532180
1,7422,137.532180
1,7423,137.532180
1,7424,137.532180
1,7425,137.532180
1,7426,137.532180
1,7427,137.532180
1,7428,137.532180
1,7429,137.532180
1,7430,137.532180
1,7431,223.268656
1,7432,214.904121
1,7433,137.532180
1,7434,285.305617
1,7435,137.532180
1,7436,137.532180
1,7437,137.532180
1,7438,279.729261
1,7439,137.532180
1,7440,137.532180
1,7441,137.532180
1,7442,137.532180
1,7443,356.404158
1,7444,260.909059
1,7445,137.532180
1,7446,269.273594
1,7447,137.532180
1,7448,308.308086
1,7449,137.532180
1,7450,576.670225
1,7451,137.532180
1,7452,234.421368
1,7453,137.532180
1,7454,137.532180
1,7455,137.532180
1,7456,137.532180
1,7457,137.532180
1,7458,137.532180
1,7459,137.532180
1,7460,137.532180
1,7461,137.532180
1,7462,137.532180
1,7463,137.532180
1,7464,137.532180
1,7465,137.532180
1,7466,137.532180
1,7467,137.532180
1,7468,137.532180
1,7469,137.532180
1,7470,137.532180
1,7471,137.532180
1,7472,137.532180
1,7473,137.532180
1,7474,137.532180
1,7475,137.532180
1,7476,137.532180
1,7477,137.532180
1,7478,137.532180
1,7479,235.815457
1,7480,137.532180
1,7481,239.300679
1,7482,137.532180
1,7483,617.098806
1,7484,407.985452
1,7485,137.532180
1,7486,137.532180
1,7487,137.532180
1,7488,137.532180
1,7489,137.532180
1,7490,137.532180
1,7491,137.532180
1,7492,137.532180
1,7493,137.532180
1,7494,137.532180
1,7495,352.918935
1,7496,247.665214
1,7497,137.532180
1,7498,237.906590
1,7499,137.532180
1,7500,137.532180
1,7501,137.532180
1,7502,137.532180
1,7503,137.532180
1,7504,137.532180
1,7505,322.248977
1,7506,137.532180
1,7507,137.532180
1,7508,137.532180
1,7509,137.532180
1,7510,242.785902
1,7511,137.532180
1,7512,137.532180
1,7513,137.532180
1,7514,250.453392
1,7515,137.532180
1,7516,137.532180
1,7517,137.532180
1,7518,322.946021
1,7519,611.522450
1,7520,137.532180
1,7521,137.532180
1,7522,316.672621
1,7523,299.246508
1,7524,459.566746
1,7525,137.532180
1,7526,778.813134
1,7527,230.936145
1,7528,486.751482
1,7529,137.532180
1,7530,315.278532
1,7531,137.532180
1,7532,258.817926
1,7533,137.532180
1,7534,137.532180
1,7535,502.783506
1,7536,137.532180
1,7537,594.793382
1,7538,137.532180
1,7539,281.123350
1,7540,302.034686
1,7541,320.854888
1,7542,137.532180
1,7543,137.532180
1,7544,392.650473
1,7545,137.532180
1,7546,325.734199
1,7547,137.532180
1,7548,370.345048
1,7549,137.532180
1,7550,137.532180
1,7551,137.532180
1,7552,137.532180
1,7553,455.384479
1,7554,137.532180
1,7555,301.337641
1,7556,137.532180
1,7557,251.847481
1,7558,254.635659
1,7559,254.635659
1,7560,278.335172
1,7561,262.303148
1,7562,137.532180
1,7563,137.532180
1,7564,137.532180
1,7565,137.532180
1,7566,137.532180
1,7567,137.532180
1,7568,137.532180
1,7569,137.532180
1,7570,244.877036
1,7571,137.532180
1,7572,137.532180
1,7573,268.576549
1,7574,137.532180
1,7575,256.726792
1,7576,137.532180
1,7577,137.532180
1,7578,137.532180
1,7579,137.532180
1,7580,137.532180
1,7581,137.532180
1,7582,137.532180
1,7583,137.532180
1,7584,137.532180
1,7585,222.571611
1,7586,137.532180
1,7587,254.635659
1,7588,137.532180
1,7589,137.532180
1,7590,137.532180
1,7591,137.532180
1,7592,137.532180
1,7593,137.532180
1,7594,137.532180
1,7595,137.532180
1,7596,137.532180
1,7597,137.532180
1,7598,239.300679
1,7599,137.532180
1,7600,137.532180
1,7601,275.546994
1,7602,137.532180
1,7603,282.517439
1,7604,137.532180
1,7605,137.532180
1,7606,137.532180
1,7607,137.532180
1,7608,137.532180
1,7609,137.532180
1,7610,137.532180
1,7611,137.532180
1,7612,137.532180
1,7613,307.611042
1,7614,137.532180
1,7615,137.532180
1,7616,137.532180
1,7617,298.549463
1,7618,255.332703
1,7619,508.359862
1,7620,137.532180
1,7621,384.982983
1,7622,253.938614
1,7623,137.532180
1,7624,137.532180
1,7625,137.532180
1,7626,137.532180
1,7627,340.372134
1,7628,247.665214
1,7629,212.812988
1,7630,427.502698
1,7631,242.088857
1,7632,137.532180
1,7633,269.970638
1,7634,252.544525
1,7635,306.216953
1,7636,350.130757
1,7637,379.406627
1,7638,137.532180
1,7639,137.532180
1,7640,137.532180
1,7641,137.532180
1,7642,137.532180
1,7643,137.532180
1,7644,137.532180
1,7645,137.532180
1,7646,137.532180
1,7647,137.532180
1,7648,137.532180
1,7649,137.532180
1,7650,137.532180
1,7651,137.532180
1,7652,137.532180
1,7653,137.532180
1,7654,137.532180
1,7655,137.532180
1,7656,137.532180
1,7657,137.532180
1,7658,137.532180
1,7659,137.532180
1,7660,137.532180
1,7661,137.532180
1,7662,137.532180
1,7663,137.532180
1,7664,338.978045
1,7665,137.532180
1,7666,309.005131
1,7667,137.532180
1,7668,137.532180
1,7669,137.532180
1,7670,137.532180
1,7671,137.532180
1,7672,137.532180
1,7673,137.532180
1,7674,137.532180
1,7675,137.532180
1,7676,137.532180
1,7677,137.532180
1,7678,137.532180
1,7679,137.532180
1,7680,137.532180
1,7681,137.532180
1,7682,137.532180
1,7683,271.364727
1,7684,137.532180
1,7685,137.532180
1,7686,137.532180
1,7687,137.532180
1,7688,137.532180
1,7689,137.532180
1,7690,137.532180
1,7691,137.532180
1,7692,137.532180
1,7693,137.532180
1,7694,137.532180
1,7695,137.532180
1,7696,137.532180
1,7697,137.532180
1,7698,137.532180
1,7699,137.532180
1,7700,137.532180
1,7701,137.532180
1,7702,242.088857
1,7703,260.909059
1,7704,137.532180
1,7705,137.532180
1,7706,269.273594
1,7707,137.532180
1,7708,300.640597
1,7709,137.532180
1,7710,137.532180
1,7711,137.532180
1,7712,302.034686
1,7713,137.532180
1,7714,137.532180
1,7715,137.532180
1,7716,137.532180
1,7717,137.532180
1,7718,137.532180
1,7719,137.532180
1,7720,137.532180
1,7721,137.532180
1,7722,137.532180
1,7723,137.532180
1,7724,137.532180
1,7725,137.532180
1,7726,137.532180
1,7727,137.532180
1,7728,137.532180
1,7729,137.532180
1,7730,137.532180
1,7731,137.532180
1,7732,137.532180
1,7733,137.532180
1,7734,137.532180
1,7735,137.532180
1,7736,137.532180
1,7737,137.532180
1,7738,137.532180
1,7739,1006.746690
1,7740,137.532180
1,7741,137.532180
1,7742,137.532180
1,7743,137.532180
1,7744,137.532180
1,7745,137.532180
1,7746,137.532180
1,7747,137.532180
1,7748,137.532180
1,7749,137.532180
1,7750,137.532180
1,7751,137.532180
1,7752,255.332703
1,7753,137.532180
1,7754,344.554401
1,7755,903.584102
1,7756,137.532180
1,7757,137.532180
1,7758,137.532180
1,7759,137.532180
1,7760,137.532180
1,7761,137.532180
1,7762,137.532180
1,7763,137.532180
1,7764,137.532180
1,7765,137.532180
1,7766,337.583956
1,7767,137.532180
1,7768,137.532180
1,7769,137.532180
1,7770,137.532180
1,7771,137.532180
1,7772,137.532180
1,7773,137.532180
1,7774,137.532180
1,7775,137.532180
1,7776,137.532180
1,7777,137.532180
1,7778,137.532180
1,7779,137.532180
1,7780,137.532180
1,7781,137.532180
1,7782,137.532180
1,7783,137.532180
1,7784,137.532180
1,7785,137.532180
1,7786,137.532180
1,7787,137.532180
1,7788,137.532180
1,7789,137.532180
1,7790,137.532180
1,7791,137.532180
1,7792,137.532180
1,7793,137.532180
1,7794,137.532180
1,7795,258.120881
1,7796,137.532180
1,7797,137.532180
1,7798,137.532180
1,7799,137.532180
1,7800,137.532180
1,7801,137.532180
1,7802,137.532180
1,7803,137.532180
1,7804,137.532180
1,7805,348.039624
1,7806,137.532180
1,7807,665.891923
1,7808,137.532180
1,7809,137.532180
1,7810,137.532180
1,7811,286.699706
1,7812,594.096338
1,7813,486.751482
1,7814,338.281001
1,7815,137.532180
1,7816,137.532180
1,7817,137.532180
1,7818,137.532180
1,7819,137.532180
1,7820,137.532180
1,7821,137.532180
1,7822,137.532180
1,7823,137.532180
1,7824,137.532180
1,7825,137.532180
1,7826,137.532180
1,7827,137.532180
1,7828,137.532180
1,7829,286.002662
1,7830,229.542056
1,7831,137.532180
1,7832,137.532180
1,7833,137.532180
1,7834,137.532180
1,7835,137.532180
1,7836,137.532180
1,7837,137.532180
1,7838,137.532180
1,7839,137.532180
1,7840,137.532180
1,7841,285.305617
1,7842,263.697237
1,7843,137.532180
1,7844,137.532180
1,7845,137.532180
1,7846,137.532180
1,7847,137.532180
1,7848,137.532180
1,7849,137.532180
1,7850,332.704644
1,7851,137.532180
1,7852,137.532180
1,7853,137.532180
1,7854,137.532180
1,7855,137.532180
1,7856,137.532180
1,7857,137.532180
1,7858,137.532180
1,7859,137.532180
1,7860,137.532180
1,7861,137.532180
1,7862,137.532180
1,7863,137.532180
1,7864,137.532180
1,7865,137.532180
1,7866,137.532180
1,7867,137.532180
1,7868,137.532180
1,7869,137.532180
1,7870,137.532180
1,7871,137.532180
1,7872,137.532180
1,7873,137.532180
1,7874,389.862295
1,7875,297.155374
1,7876,137.532180
1,7877,137.532180
1,7878,137.532180
1,7879,137.532180
1,7880,137.532180
1,7881,137.532180
1,7882,137.532180
1,7883,137.532180
1,7884,137.532180
1,7885,137.532180
1,7886,137.532180
1,7887,137.532180
1,7888,137.532180
1,7889,137.532180
1,7890,137.532180
1,7891,137.532180
1,7892,137.532180
1,7893,137.532180
1,7894,137.532180
1,7895,137.532180
1,7896,137.532180
1,7897,137.532180
1,7898,137.532180
1,7899,137.532180
1,7900,137.532180
1,7901,137.532180
1,7902,137.532180
1,7903,210.721854
1,7904,137.532180
1,7905,137.532180
1,7906,137.532180
1,7907,137.532180
1,7908,137.532180
1,7909,137.532180
1,7910,137.532180
1,7911,137.532180
1,7912,137.532180
1,7913,137.532180
1,7914,137.532180
1,7915,137.532180
1,7916,137.532180
1,7917,137.532180
1,7918,137.532180
1,7919,137.532180
1,7920,137.532180
1,7921,137.532180
1,7922,137.532180
1,7923,137.532180
1,7924,137.532180
1,7925,137.532180
1,7926,137.532180
1,7927,315.278532
1,7928,255.332703
1,7929,137.532180
1,7930,137.532180
1,7931,137.532180
1,7932,137.532180
1,7933,137.532180
1,7934,270.667683
1,7935,137.532180
1,7936,137.532180
1,7937,137.532180
1,7938,221.177522
1,7939,290.184929
1,7940,309.005131
1,7941,336.189867
1,7942,295.761285
1,7943,308.308086
1,7944,415.652942
1,7945,137.532180
1,7946,391.953428
1,7947,137.532180
1,7948,137.532180
1,7949,137.532180
1,7950,137.532180
1,7951,137.532180
1,7952,137.532180
1,7953,137.532180
1,7954,137.532180
1,7955,137.532180
1,7956,137.532180
1,7957,137.532180
1,7958,137.532180
1,7959,137.532180
1,7960,137.532180
1,7961,137.532180
1,7962,137.532180
1,7963,137.532180
1,7964,137.532180
1,7965,137.532180
1,7966,137.532180
1,7967,137.532180
1,7968,137.532180
1,7969,137.532180
1,7970,137.532180
1,7971,137.532180
1,7972,288.790840
1,7973,137.532180
1,7974,137.532180
1,7975,137.532180
1,7976,137.532180
1,7977,137.532180
1,7978,137.532180
1,7979,137.532180
1,7980,137.532180
1,7981,137.532180
1,7982,319.460799
1,7983,137.532180
1,7984,137.532180
1,7985,346.645535
1,7986,137.532180
1,7987,283.214484
1,7988,286.699706
1,7989,490.933749
1,7990,137.532180
1,7991,366.859826
1,7992,314.581487
1,7993,281.123350
1,7994,137.532180
1,7995,258.817926
1,7996,137.532180
1,7997,137.532180
1,7998,137.532180
1,7999,375.921404
1,8000,137.532180
1,8001,137.532180
1,8002,137.532180
1,8003,137.532180
1,8004,284.608573
1,8005,137.532180
1,8006,137.532180
1,8007,271.364727
1,8008,137.532180
1,8009,137.532180
1,8010,137.532180
1,8011,137.532180
1,8012,137.532180
1,8013,137.532180
1,8014,137.532180
1,8015,256.726792
1,8016,137.532180
1,8017,251.847481
1,8018,137.532180
1,8019,137.532180
1,8020,137.532180
1,8021,137.532180
1,8022,137.532180
1,8023,137.532180
1,8024,137.532180
1,8025,137.532180
1,8026,137.532180
1,8027,137.532180
1,8028,243.482946
1,8029,137.532180
1,8030,137.532180
1,8031,137.532180
1,8032,137.532180
1,8033,137.532180
1,8034,137.532180
1,8035,137.532180
1,8036,137.532180
1,8037,137.532180
1,8038,137.532180
1,8039,137.532180
1,8040,137.532180
1,8041,137.532180
1,8042,137.532180
1,8043,137.532180
1,8044,137.532180
1,8045,137.532180
1,8046,137.532180
1,8047,137.532180
1,8048,137.532180
1,8049,137.532180
1,8050,241.391813
1,8051,137.532180
1,8052,137.532180
1,8053,137.532180
1,8054,137.532180
1,8055,137.532180
1,8056,137.532180
1,8057,137.532180
1,8058,137.532180
1,8059,137.532180
1,8060,137.532180
1,8061,279.729261
1,8062,137.532180
1,8063,137.532180
1,8064,137.532180
1,8065,137.532180
1,8066,137.532180
1,8067,137.532180
1,8068,137.532180
1,8069,137.532180
1,8070,137.532180
1,8071,137.532180
1,8072,863.852565
1,8073,137.532180
1,8074,137.532180
1,8075,137.532180
1,8076,359.192336
1,8077,350.130757
1,8078,137.532180
1,8079,137.532180
1,8080,137.532180
1,8081,335.492822
1,8082,306.913997
1,8083,137.532180
1,8084,137.532180
1,8085,137.532180
1,8086,137.532180
1,8087,137.532180
1,8088,137.532180
1,8089,137.532180
1,8090,137.532180
1,8091,137.532180
1,8092,350.827802
1,8093,137.532180
1,8094,137.532180
1,8095,137.532180
1,8096,137.532180
1,8097,137.532180
1,8098,137.532180
1,8099,137.532180
1,8100,137.532180
1,8101,137.532180
1,8102,137.532180
1,8103,137.532180
1,8104,137.532180
1,8105,294.367196
1,8106,137.532180
1,8107,137.532180
1,8108,667.286012
1,8109,137.532180
1,8110,137.532180
1,8111,137.532180
1,8112,137.532180
1,8113,137.532180
1,8114,137.532180
1,8115,137.532180
1,8116,137.532180
1,8117,137.532180
1,8118,286.699706
1,8119,302.731730
1,8120,137.532180
1,8121,137.532180
1,8122,137.532180
1,8123,137.532180
1,8124,228.147967
1,8125,137.532180
1,8126,137.532180
1,8127,650.556943
1,8128,504.177595
1,8129,137.532180
1,8130,137.532180
1,8131,137.532180
1,8132,137.532180
1,8133,137.532180
1,8134,419.138164
1,8135,137.532180
1,8136,419.835209
1,8137,137.532180
1,8138,137.532180
1,8139,137.532180
1,8140,137.532180
1,8141,137.532180
1,8142,318.763754
1,8143,268.576549
1,8144,350.130757
1,8145,292.973107
1,8146,515.330307
1,8147,330.613511
1,8148,239.300679
1,8149,137.532180
1,8150,137.532180
1,8151,137.532180
1,8152,137.532180
1,8153,335.492822
1,8154,137.532180
1,8155,137.532180
1,8156,237.906590
1,8157,137.532180
1,8158,258.120881
1,8159,137.532180
1,8160,137.532180
1,8161,137.532180
1,8162,137.532180
1,8163,285.305617
1,8164,137.532180
1,8165,216.298210
1,8166,246.968169
1,8167,389.165250
1,8168,137.532180
1,8169,274.152905
1,8170,137.532180
1,8171,137.532180
1,8172,137.532180
1,8173,137.532180
1,8174,137.532180
1,8175,137.532180
1,8176,137.532180
1,8177,137.532180
1,8178,395.438651
1,8179,137.532180
1,8180,137.532180
1,8181,291.579018
1,8182,137.532180
1,8183,137.532180
1,8184,137.532180
1,8185,137.532180
1,8186,137.532180
1,8187,137.532180
1,8188,137.532180
1,8189,137.532180
1,8190,137.532180
1,8191,137.532180
1,8192,137.532180
1,8193,137.532180
1,8194,137.532180
1,8195,295.064241
1,8196,137.532180
1,8197,137.532180
1,8198,137.532180
1,8199,137.532180
1,8200,137.532180
1,8201,137.532180
1,8202,137.532180
1,8203,137.532180
1,8204,137.532180
1,8205,137.532180
1,8206,137.532180
1,8207,137.532180
1,8208,137.532180
1,8209,137.532180
1,8210,137.532180
1,8211,137.532180
1,8212,137.532180
1,8213,137.532180
1,8214,137.532180
1,8215,137.532180
1,8216,137.532180
1,8217,137.532180
1,8218,137.532180
1,8219,137.532180
1,8220,137.532180
1,8221,137.532180
1,8222,137.532180
1,8223,137.532180
1,8224,137.532180
1,8225,137.532180
1,8226,137.532180
1,8227,137.532180
1,8228,137.532180
1,8229,137.532180
1,8230,137.532180
1,8231,137.532180
1,8232,137.532180
1,8233,137.532180
1,8234,137.532180
1,8235,137.532180
1,8236,137.532180
1,8237,137.532180
1,8238,137.532180
1,8239,137.532180
1,8240,137.532180
1,8241,137.532180
1,8242,137.532180
1,8243,137.532180
1,8244,137.532180
1,8245,137.532180
1,8246,1268.138383
1,8247,276.244039
1,8248,137.532180
1,8249,137.532180
1,8250,137.532180
1,8251,274.152905
1,8252,373.133226
1,8253,137.532180
1,8254,137.532180
1,8255,137.532180
1,8256,357.101202
1,8257,265.091326
1,8258,137.532180
1,8259,137.532180
1,8260,137.532180
1,8261,137.532180
1,8262,321.551932
1,8263,137.532180
1,8264,358.495291
1,8265,283.911528
1,8266,137.532180
1,8267,324.340110
1,8268,295.761285
1,8269,137.532180
1,8270,297.852419
1,8271,361.980514
1,8272,268.576549
1,8273,414.258853
1,8274,137.532180
1,8275,137.532180
1,8276,137.532180
1,8277,137.532180
1,8278,137.532180
1,8279,137.532180
1,8280,137.532180
1,8281,137.532180
1,8282,137.532180
1,8283,137.532180
1,8284,137.532180
1,8285,137.532180
1,8286,137.532180
1,8287,137.532180
1,8288,137.532180
1,8289,137.532180
1,8290,137.532180
1,8291,137.532180
1,8292,137.532180
1,8293,137.532180
1,8294,137.532180
1,8295,137.532180
1,8296,137.532180
1,8297,137.532180
1,8298,137.532180
1,8299,137.532180
1,8300,137.532180
1,8301,137.532180
1,8302,137.532180
1,8303,137.532180
1,8304,137.532180
1,8305,137.532180
1,8306,137.532180
1,8307,137.532180
1,8308,137.532180
1,8309,137.532180
1,8310,137.532180
1,8311,137.532180
1,8312,137.532180
1,8313,137.532180
1,8314,137.532180
1,8315,351.524846
1,8316,137.532180
1,8317,137.532180
1,8318,137.532180
1,8319,137.532180
1,8320,137.532180
1,8321,137.532180
1,8322,137.532180
1,8323,137.532180
1,8324,137.532180
1,8325,137.532180
1,8326,137.532180
1,8327,137.532180
1,8328,283.911528
1,8329,137.532180
1,8330,137.532180
1,8331,137.532180
1,8332,137.532180
1,8333,137.532180
1,8334,344.554401
1,8335,137.532180
1,8336,315.975576
1,8337,137.532180
1,8338,309.005131
1,8339,299.943552
1,8340,416.349986
1,8341,407.985452
1,8342,499.298283
1,8343,137.532180
1,8344,252.544525
1,8345,137.532180
1,8346,270.667683
1,8347,137.532180
1,8348,236.512501
1,8349,288.093795
1,8350,352.918935
1,8351,137.532180
1,8352,281.820395
1,8353,288.790840
1,8354,137.532180
1,8355,485.357393
1,8356,909.857503
1,8357,517.421441
1,8358,137.532180
1,8359,137.532180
1,8360,372.436182
1,8361,297.852419
1,8362,137.532180
1,8363,465.840147
1,8364,312.490353
1,8365,293.670152
1,8366,137.532180
1,8367,476.992859
1,8368,137.532180
1,8369,288.790840
1,8370,137.532180
1,8371,492.327838
1,8372,137.532180
1,8373,362.677559
1,8374,316.672621
1,8375,417.047031
1,8376,657.527388
1,8377,272.061772
1,8378,137.532180
1,8379,269.273594
1,8380,137.532180
1,8381,361.283470
1,8382,796.239247
1,8383,394.044562
1,8384,338.281001
1,8385,481.175126
1,8386,137.532180
1,8387,473.507636
1,8388,137.532180
1,8389,137.532180
1,8390,137.532180
1,8391,137.532180
1,8392,137.532180
1,8393,477.689904
1,8394,137.532180
1,8395,137.532180
1,8396,437.958366
1,8397,501.389417
1,8398,137.532180
1,8399,418.441120
1,8400,502.086462
1,8401,351.524846
1,8402,263.697237
1,8403,299.246508
1,8404,137.532180
1,8405,707.714593
1,8406,137.532180
1,8407,419.835209
1,8408,137.532180
1,8409,272.061772
1,8410,137.532180
1,8411,286.002662
1,8412,137.532180
1,8413,366.859826
1,8414,137.532180
1,8415,249.756347
1,8416,643.586498
1,8417,465.143102
1,8418,137.532180
1,8419,879.187544
1,8420,137.532180
1,8421,256.029748
1,8422,137.532180
1,8423,407.288407
1,8424,137.532180
1,8425,621.281074
1,8426,137.532180
1,8427,719.564350
1,8428,264.394282
1,8429,256.029748
1,8430,137.532180
1,8431,317.369665
1,8432,137.532180
1,8433,863.852565
1,8434,137.532180
1,8435,451.899256
1,8436,334.795778
1,8437,137.532180
1,8438,354.313024
1,8439,612.916539
1,8440,137.532180
1,8441,301.337641
1,8442,463.051969
1,8443,137.532180
1,8444,458.869702
1,8445,381.497760
1,8446,495.813061
1,8447,341.766223
1,8448,137.532180
1,8449,483.963304
1,8450,381.497760
1,8451,137.532180
1,8452,818.544671
1,8453,137.532180
1,8454,306.913997
1,8455,713.987994
1,8456,137.532180
1,8457,238.603635
1,8458,523.694841
1,8459,459.566746
1,8460,964.226975
1,8461,376.618449
1,8462,449.111078
1,8463,137.532180
1,8464,577.367269
1,8465,380.103671
1,8466,137.532180
1,8467,371.042093
1,8468,137.532180
1,8469,434.473144
1,8470,288.790840
1,8471,628.948563
1,8472,137.532180
1,8473,286.699706
1,8474,293.670152
1,8475,417.047031
1,8476,137.532180
1,8477,272.061772
1,8478,137.532180
1,8479,364.071648
1,8480,249.059303
1,8481,765.569288
1,8482,464.446058
1,8483,137.532180
1,8484,137.532180
1,8485,384.285938
1,8486,297.155374
1,8487,279.032217
1,8488,137.532180
1,8489,329.916466
1,8490,527.877109
1,8491,137.532180
1,8492,137.532180
1,8493,241.391813
1,8494,137.532180
1,8495,559.941156
1,8496,387.771161
1,8497,137.532180
1,8498,555.758889
1,8499,270.667683
1,8500,305.519908
1,8501,299.246508
1,8502,272.758816
1,8503,137.532180
1,8504,137.532180
1,8505,384.285938
1,8506,137.532180
1,8507,838.758962
1,8508,692.379614
1,8509,329.916466
1,8510,610.128361
1,8511,524.391886
1,8512,247.665214
1,8513,137.532180
1,8514,137.532180
1,8515,137.532180
1,8516,261.606104
1,8517,137.532180
1,8518,294.367196
1,8519,137.532180
1,8520,598.975649
1,8521,268.576549
1,8522,350.130757
1,8523,137.532180
1,8524,137.532180
1,8525,137.532180
1,8526,137.532180
1,8527,137.532180
1,8528,137.532180
1,8529,288.790840
1,8530,137.532180
1,8531,309.005131
1,8532,252.544525
1,8533,453.990390
1,8534,137.532180
1,8535,137.532180
1,8536,334.098733
1,8537,137.532180
1,8538,290.881973
1,8539,265.788371
1,8540,371.042093
1,8541,251.150436
1,8542,287.396751
1,8543,524.391886
1,8544,275.546994
1,8545,137.532180
1,8546,247.665214
1,8547,137.532180
1,8548,137.532180
1,8549,137.532180
1,8550,137.532180
1,8551,137.532180
1,8552,137.532180
1,8553,137.532180
1,8554,137.532180
1,8555,137.532180
1,8556,137.532180
1,8557,137.532180
1,8558,137.532180
1,8559,137.532180
1,8560,137.532180
1,8561,137.532180
1,8562,137.532180
1,8563,137.532180
1,8564,137.532180
1,8565,137.532180
1,8566,137.532180
1,8567,137.532180
1,8568,137.532180
1,8569,137.532180
1,8570,137.532180
1,8571,137.532180
1,8572,137.532180
1,8573,137.532180
1,8574,328.522377
1,8575,263.000193
1,8576,137.532180
1,8577,352.221891
1,8578,500.692372
1,8579,137.532180
1,8580,297.852419
1,8581,367.556870
1,8582,523.694841
1,8583,431.684966
1,8584,137.532180
1,8585,566.911601
1,8586,463.051969
1,8587,137.532180
1,8588,137.532180
1,8589,137.532180
1,8590,449.808123
1,8591,335.492822
1,8592,249.059303
1,8593,137.532180
1,8594,137.532180
1,8595,137.532180
1,8596,235.815457
1,8597,313.187398
1,8598,302.731730
1,8599,438.655411
1,8600,137.532180
1,8601,137.532180
1,8602,137.532180
1,8603,137.532180
1,8604,137.532180
1,8605,137.532180
1,8606,320.854888
1,8607,265.091326
1,8608,575.276136
1,8609,345.948490
1,8610,137.532180
1,8611,137.532180
1,8612,137.532180
1,8613,137.532180
1,8614,137.532180
1,8615,286.699706
1,8616,267.182460
1,8617,452.596301
1,8618,137.532180
1,8619,426.805654
1,8620,137.532180
1,8621,801.815603
1,8622,137.532180
1,8623,137.532180
1,8624,137.532180
1,8625,137.532180
1,8626,137.532180
1,8627,137.532180
1,8628,137.532180
1,8629,137.532180
1,8630,493.721927
1,8631,137.532180
1,8632,837.364873
1,8633,618.492896
1,8634,137.532180
1,8635,226.753878
1,8636,292.973107
1,8637,387.771161
1,8638,137.532180
1,8639,385.680028
1,8640,334.795778
1,8641,137.532180
1,8642,137.532180
1,8643,394.044562
1,8644,256.726792
1,8645,137.532180
1,8646,137.532180
1,8647,137.532180
1,8648,137.532180
1,8649,137.532180
1,8650,360.586425
1,8651,265.091326
1,8652,624.766296
1,8653,137.532180
1,8654,137.532180
1,8655,385.680028
1,8656,373.133226
1,8657,137.532180
1,8658,317.369665
1,8659,137.532180
1,8660,410.076586
1,8661,341.766223
1,8662,137.532180
1,8663,137.532180
1,8664,137.532180
1,8665,137.532180
1,8666,137.532180
1,8667,137.532180
1,8668,331.310555
1,8669,288.790840
1,8670,331.310555
1,8671,137.532180
1,8672,391.256384
1,8673,348.039624
1,8674,543.909132
1,8675,299.943552
1,8676,137.532180
1,8677,666.588967
1,8678,137.532180
1,8679,137.532180
1,8680,250.453392
1,8681,373.133226
1,8682,298.549463
1,8683,137.532180
1,8684,334.795778
1,8685,137.532180
1,8686,291.579018
1,8687,244.877036
1,8688,233.724323
1,8689,137.532180
1,8690,137.532180
1,8691,378.709582
1,8692,137.532180
1,8693,251.847481
1,8694,374.527315
1,8695,430.987921
1,8696,250.453392
1,8697,458.869702
1,8698,137.532180
1,8699,265.788371
1,8700,336.886911
1,8701,137.532180
1,8702,137.532180
1,8703,340.372134
1,8704,357.798247
1,8705,137.532180
1,8706,442.140633
1,8707,137.532180
1,8708,465.840147
1,8709,137.532180
1,8710,137.532180
1,8711,436.564277
1,8712,137.532180
1,8713,137.532180
1,8714,137.532180
1,8715,399.620918
1,8716,252.544525
1,8717,380.800716
1,8718,265.091326
1,8719,137.532180
1,8720,295.761285
1,8721,137.532180
1,8722,137.532180
1,8723,257.423837
1,8724,137.532180
1,8725,137.532180
1,8726,661.012611
1,8727,137.532180
1,8728,272.758816
1,8729,237.209546
1,8730,137.532180
1,8731,137.532180
1,8732,137.532180
1,8733,137.532180
1,8734,137.532180
1,8735,247.665214
1,8736,308.308086
1,8737,137.532180
1,8738,677.741679
1,8739,516.027352
1,8740,334.098733
1,8741,137.532180
1,8742,137.532180
1,8743,137.532180
1,8744,137.532180
1,8745,251.847481
1,8746,263.697237
1,8747,315.278532
1,8748,397.529784
1,8749,137.532180
1,8750,447.716989
1,8751,137.532180
1,8752,318.763754
1,8753,137.532180
1,8754,137.532180
1,8755,137.532180
1,8756,137.532180
1,8757,137.532180
1,8758,137.532180
1,8759,137.532180
1,8760,137.532180
1,8761,137.532180
1,8762,137.532180
1,8763,137.532180
1,8764,137.532180
1,8765,137.532180
1,8766,137.532180
1,8767,137.532180
1,8768,348.039624
1,8769,137.532180
1,8770,299.246508
1,8771,137.532180
1,8772,304.125819
1,8773,137.532180
1,8774,476.992859
1,8775,311.096264
1,8776,137.532180
1,8777,137.532180
1,8778,239.997724
1,8779,137.532180
1,8780,137.532180
1,8781,137.532180
1,8782,389.165250
1,8783,137.532180
1,8784,137.532180
1,8785,387.074117
1,8786,344.554401
1,8787,137.532180
1,8788,288.093795
1,8789,137.532180
1,8790,137.532180
1,8791,590.611115
1,8792,137.532180
1,8793,137.532180
1,8794,278.335172
1,8795,137.532180
1,8796,280.426306
1,8797,137.532180
1,8798,271.364727
1,8799,278.335172
1,8800,320.854888
1,8801,267.879504
1,8802,348.736668
1,8803,254.635659
1,8804,137.532180
1,8805,434.473144
1,8806,293.670152
1,8807,137.532180
1,8808,137.532180
1,8809,281.123350
1,8810,277.638128
1,8811,359.192336
1,8812,137.532180
1,8813,233.724323
1,8814,137.532180
1,8815,137.532180
1,8816,311.096264
1,8817,137.532180
1,8818,137.532180
1,8819,137.532180
1,8820,137.532180
1,8821,137.532180
1,8822,137.532180
1,8823,137.532180
1,8824,137.532180
1,8825,137.532180
1,8826,280.426306
1,8827,589.217026
1,8828,207.236632
1,8829,401.015007
1,8830,283.911528
1,8831,271.364727
1,8832,137.532180
1,8833,137.532180
1,8834,137.532180
1,8835,137.532180
1,8836,137.532180
1,8837,137.532180
1,8838,137.532180
1,8839,137.532180
1,8840,404.500229
1,8841,137.532180
1,8842,137.532180
1,8843,137.532180
1,8844,137.532180
1,8845,805.997870
1,8846,276.941083
1,8847,288.093795
1,8848,550.879578
1,8849,137.532180
1,8850,137.532180
1,8851,137.532180
1,8852,137.532180
1,8853,137.532180
1,8854,137.532180
1,8855,137.532180
1,8856,465.840147
1,8857,137.532180
1,8858,344.554401
1,8859,137.532180
1,8860,415.652942
1,8861,137.532180
1,8862,137.532180
1,8863,137.532180
1,8864,137.532180
1,8865,137.532180
1,8866,137.532180
1,8867,274.849950
1,8868,252.544525
1,8869,433.079055
1,8870,137.532180
1,8871,137.532180
1,8872,137.532180
1,8873,137.532180
1,8874,137.532180
1,8875,137.532180
1,8876,311.096264
1,8877,438.655411
1,8878,137.532180
1,8879,738.384552
1,8880,137.532180
1,8881,296.458330
1,8882,373.830271
1,8883,137.532180
1,8884,137.532180
1,8885,137.532180
1,8886,339.675090
1,8887,269.970638
1,8888,258.120881
1,8889,854.790986
1,8890,651.951032
1,8891,137.532180
1,8892,137.532180
1,8893,137.532180
1,8894,137.532180
1,8895,137.532180
1,8896,137.532180
1,8897,361.283470
1,8898,137.532180
1,8899,306.216953
1,8900,137.532180
1,8901,312.490353
1,8902,370.345048
1,8903,378.012538
1,8904,291.579018
1,8905,137.532180
1,8906,495.116016
1,8907,137.532180
1,8908,365.465737
1,8909,390.559339
1,8910,267.182460
1,8911,137.532180
1,8912,437.261322
1,8913,364.071648
1,8914,137.532180
1,8915,137.532180
1,8916,393.347517
1,8917,470.022414
1,8918,137.532180
1,8919,276.244039
1,8920,359.192336
1,8921,137.532180
1,8922,137.532180
1,8923,137.532180
1,8924,267.879504
1,8925,137.532180
1,8926,137.532180
1,8927,137.532180
1,8928,137.532180
1,8929,137.532180
1,8930,137.532180
1,8931,137.532180
1,8932,322.248977
1,8933,299.246508
1,8934,137.532180
1,8935,137.532180
1,8936,137.532180
1,8937,137.532180
1,8938,137.532180
1,8939,137.532180
1,8940,137.532180
1,8941,137.532180
1,8942,545.303221
1,8943,422.623387
1,8944,137.532180
1,8945,137.532180
1,8946,137.532180
1,8947,137.532180
1,8948,137.532180
1,8949,137.532180
1,8950,700.744148
1,8951,137.532180
1,8952,351.524846
1,8953,137.532180
1,8954,137.532180
1,8955,137.532180
1,8956,137.532180
1,8957,541.120954
1,8958,250.453392
1,8959,137.532180
1,8960,240.694768
1,8961,137.532180
1,8962,571.093869
1,8963,137.532180
1,8964,137.532180
1,8965,137.532180
1,8966,137.532180
1,8967,419.138164
1,8968,137.532180
1,8969,426.108609
1,8970,137.532180
1,8971,658.224433
1,8972,368.253915
1,8973,137.532180
1,8974,137.532180
1,8975,137.532180
1,8976,424.714520
1,8977,252.544525
1,8978,289.487884
1,8979,137.532180
1,8980,260.909059
1,8981,137.532180
1,8982,137.532180
1,8983,246.271125
1,8984,137.532180
1,8985,525.088931
1,8986,367.556870
1,8987,137.532180
1,8988,137.532180
1,8989,137.532180
1,8990,359.192336
1,8991,137.532180
1,8992,137.532180
1,8993,672.165323
1,8994,657.527388
1,8995,137.532180
1,8996,571.093869
1,8997,137.532180
1,8998,347.342579
1,8999,137.532180
1,9000,341.069179
1,9001,313.884442
1,9002,137.532180
1,9003,313.884442
1,9004,538.332776
1,9005,311.793309
1,9006,321.551932
1,9007,137.532180
1,9008,340.372134
1,9009,137.532180
1,9010,137.532180
1,9011,137.532180
1,9012,351.524846
1,9013,137.532180
1,9014,465.840147
1,9015,290.184929
1,9016,373.133226
1,9017,265.788371
1,9018,728.625929
1,9019,137.532180
1,9020,379.406627
1,9021,137.532180
1,9022,137.532180
1,9023,336.886911
1,9024,137.532180
1,9025,137.532180
1,9026,486.751482
1,9027,263.697237
1,9028,137.532180
1,9029,674.953501
1,9030,137.532180
1,9031,137.532180
1,9032,276.244039
1,9033,496.510105
1,9034,348.736668
1,9035,473.507636
1,9036,137.532180
1,9037,571.790913
1,9038,415.652942
1,9039,350.827802
1,9040,337.583956
1,9041,576.670225
1,9042,409.379541
1,9043,137.532180
1,9044,137.532180
1,9045,364.071648
1,9046,302.034686
1,9047,137.532180
1,9048,285.305617
1,9049,442.837678
1,9050,469.325369
1,9051,299.246508
1,9052,327.128288
1,9053,137.532180
1,9054,361.980514
1,9055,137.532180
1,9056,137.532180
1,9057,268.576549
1,9058,137.532180
1,9059,261.606104
1,9060,137.532180
1,9061,137.532180
1,9062,137.532180
1,9063,137.532180
1,9064,207.236632
1,9065,137.532180
1,9066,308.308086
1,9067,300.640597
1,9068,137.532180
1,9069,389.862295
1,9070,137.532180
1,9071,241.391813
1,9072,373.830271
1,9073,260.212015
1,9074,137.532180
1,9075,327.825333
1,9076,137.532180
1,9077,263.697237
1,9078,234.421368
1,9079,341.069179
1,9080,137.532180
1,9081,251.847481
1,9082,259.514970
1,9083,137.532180
1,9084,254.635659
1,9085,137.532180
1,9086,287.396751
1,9087,137.532180
1,9088,737.687508
1,9089,394.741606
1,9090,137.532180
1,9091,424.017476
1,9092,233.724323
1,9093,384.285938
1,9094,407.288407
1,9095,463.749013
1,9096,269.273594
1,9097,313.187398
1,9098,337.583956
1,9099,137.532180
1,9100,348.736668
1,9101,137.532180
1,9102,410.773630
1,9103,420.532253
1,9104,137.532180
1,9105,137.532180
1,9106,240.694768
1,9107,596.884516
1,9108,137.532180
1,9109,137.532180
1,9110,388.468206
1,9111,137.532180
1,9112,909.857503
1,9113,298.549463
1,9114,137.532180
1,9115,472.810592
1,9116,137.532180
1,9117,516.724396
1,9118,350.827802
1,9119,271.364727
1,9120,137.532180
1,9121,386.377072
1,9122,137.532180
1,9123,656.830344
1,9124,378.012538
1,9125,265.788371
1,9126,583.640670
1,9127,137.532180
1,9128,295.064241
1,9129,137.532180
1,9130,320.854888
1,9131,403.803185
1,9132,264.394282
1,9133,265.091326
1,9134,137.532180
1,9135,137.532180
1,9136,452.596301
1,9137,137.532180
1,9138,137.532180
1,9139,422.623387
1,9140,137.532180
1,9141,137.532180
1,9142,430.290876
1,9143,655.436255
1,9144,403.803185
1,9145,137.532180
1,9146,280.426306
1,9147,336.189867
1,9148,320.854888
1,9149,287.396751
1,9150,284.608573
1,9151,137.532180
1,9152,227.450923
1,9153,459.566746
1,9154,343.160312
1,9155,451.202212
1,9156,137.532180
1,9157,332.007600
1,9158,137.532180
1,9159,280.426306
1,9160,137.532180
1,9161,962.135841
1,9162,137.532180
1,9163,518.815530
1,9164,314.581487
1,9165,345.251446
1,9166,137.532180
1,9167,354.313024
1,9168,137.532180
1,9169,137.532180
1,9170,137.532180
1,9171,380.800716
1,9172,137.532180
1,9173,308.308086
1,9174,716.776172
1,9175,137.532180
1,9176,137.532180
1,9177,137.532180
1,9178,460.960835
1,9179,137.532180
1,9180,613.613584
1,9181,452.596301
1,9182,334.795778
1,9183,137.532180
1,9184,236.512501
1,9185,276.941083
1,9186,137.532180
1,9187,376.618449
1,9188,414.955897
1,9189,137.532180
1,9190,483.963304
1,9191,322.248977
1,9192,343.857357
1,9193,347.342579
1,9194,219.783433
1,9195,137.532180
1,9196,320.157843
1,9197,137.532180
1,9198,483.266260
1,9199,137.532180
1,9200,318.763754
1,9201,137.532180
1,9202,429.593832
1,9203,310.399220
1,9204,137.532180
1,9205,343.857357
1,9206,251.847481
1,9207,137.532180
1,9208,267.182460
1,9209,211.418899
1,9210,316.672621
1,9211,137.532180
1,9212,397.529784
1,9213,137.532180
1,9214,137.532180
1,9215,137.532180
1,9216,352.918935
1,9217,137.532180
1,9218,274.152905
1,9219,137.532180
1,9220,294.367196
1,9221,137.532180
1,9222,279.729261
1,9223,405.894318
1,9224,216.298210
1,9225,396.135695
1,9226,562.729334
1,9227,267.182460
1,9228,137.532180
1,9229,601.763827
1,9230,137.532180
1,9231,137.532180
1,9232,137.532180
1,9233,394.741606
1,9234,569.699779
1,9235,464.446058
1,9236,137.532180
1,9237,137.532180
1,9238,137.532180
1,9239,137.532180
1,9240,137.532180
1,9241,313.187398
1,9242,302.731730
1,9243,267.879504
1,9244,440.746544
1,9245,320.157843
1,9246,137.532180
1,9247,137.532180
1,9248,718.867306
1,9249,137.532180
1,9250,137.532180
1,9251,457.475613
1,9252,278.335172
1,9253,403.803185
1,9254,360.586425
1,9255,664.497834
1,9256,290.881973
1,9257,259.514970
1,9258,267.879504
1,9259,476.992859
1,9260,137.532180
1,9261,289.487884
1,9262,137.532180
1,9263,137.532180
1,9264,137.532180
1,9265,299.246508
1,9266,137.532180
1,9267,375.224360
1,9268,270.667683
1,9269,137.532180
1,9270,290.184929
1,9271,137.532180
1,9272,245.574080
1,9273,137.532180
1,9274,371.042093
1,9275,310.399220
1,9276,137.532180
1,9277,137.532180
1,9278,137.532180
1,9279,137.532180
1,9280,266.485415
1,9281,328.522377
1,9282,357.798247
1,9283,280.426306
1,9284,359.889380
1,9285,278.335172
1,9286,341.766223
1,9287,137.532180
1,9288,390.559339
1,9289,137.532180
1,9290,298.549463
1,9291,137.532180
1,9292,137.532180
1,9293,137.532180
1,9294,412.167719
1,9295,137.532180
1,9296,290.184929
1,9297,473.507636
1,9298,437.958366
1,9299,137.532180
1,9300,137.532180
1,9301,137.532180
1,9302,326.431244
1,9303,137.532180
1,9304,137.532180
1,9305,137.532180
1,9306,137.532180
1,9307,137.532180
1,9308,370.345048
1,9309,272.061772
1,9310,282.517439
1,9311,137.532180
1,9312,461.657880
1,9313,137.532180
1,9314,263.697237
1,9315,275.546994
1,9316,476.295814
1,9317,373.133226
1,9318,256.029748
1,9319,137.532180
1,9320,137.532180
1,9321,401.712051
1,9322,137.532180
1,9323,700.744148
1,9324,594.096338
1,9325,137.532180
1,9326,805.997870
1,9327,137.532180
1,9328,352.221891
1,9329,773.236778
1,9330,474.204681
1,9331,398.923873
1,9332,137.532180
1,9333,419.835209
1,9334,293.670152
1,9335,237.209546
1,9336,248.362258
1,9337,137.532180
1,9338,297.852419
1,9339,327.825333
1,9340,519.512574
1,9341,137.532180
1,9342,137.532180
1,9343,137.532180
1,9344,137.532180
1,9345,137.532180
1,9346,137.532180
1,9347,137.532180
1,9348,137.532180
1,9349,137.532180
1,9350,137.532180
1,9351,137.532180
1,9352,137.532180
1,9353,137.532180
1,9354,137.532180
1,9355,137.532180
1,9356,353.615980
1,9357,286.699706
1,9358,247.665214
1,9359,276.244039
1,9360,137.532180
1,9361,522.300752
1,9362,515.330307
1,9363,137.532180
1,9364,306.216953
1,9365,137.532180
1,9366,137.532180
1,9367,137.532180
1,9368,409.379541
1,9369,556.455934
1,9370,137.532180
1,9371,137.532180
1,9372,137.532180
1,9373,137.532180
1,9374,137.532180
1,9375,137.532180
1,9376,265.788371
1,9377,137.532180
1,9378,137.532180
1,9379,137.532180
1,9380,137.532180
1,9381,137.532180
1,9382,137.532180
1,9383,137.532180
1,9384,137.532180
1,9385,137.532180
1,9386,137.532180
1,9387,137.532180
1,9388,137.532180
1,9389,137.532180
1,9390,137.532180
1,9391,137.532180
1,9392,137.532180
1,9393,137.532180
1,9394,137.532180
1,9395,320.157843
1,9396,335.492822
1,9397,137.532180
1,9398,137.532180
1,9399,137.532180
1,9400,137.532180
1,9401,137.532180
1,9402,137.532180
1,9403,137.532180
1,9404,249.756347
1,9405,281.123350
1,9406,137.532180
1,9407,137.532180
1,9408,280.426306
1,9409,425.411565
1,9410,137.532180
1,9411,833.879651
1,9412,137.532180
1,9413,533.453465
1,9414,137.532180
1,9415,137.532180
1,9416,137.532180
1,9417,137.532180
1,9418,137.532180
1,9419,137.532180
1,9420,293.670152
1,9421,281.123350
1,9422,269.970638
1,9423,137.532180
1,9424,286.002662
