subtaskID,datapointID,answer
1,0,341.712139
1,1,140.475923
1,2,142.051477
1,3,137.946417
1,4,372.880226
1,5,246.971140
1,6,269.570198
1,7,288.379331
1,8,303.734559
1,9,277.038181
1,10,261.787513
1,11,229.106246
1,12,260.976455
1,13,251.028374
1,14,139.672449
1,15,253.293714
1,16,250.278205
1,17,219.509169
1,18,265.206299
1,19,446.932078
1,20,141.212186
1,21,260.272912
1,22,233.951154
1,23,258.315791
1,24,145.867204
1,25,139.838819
1,26,142.120002
1,27,143.093820
1,28,140.184435
1,29,138.537943
1,30,260.951720
1,31,139.826601
1,32,242.521797
1,33,384.186063
1,34,138.519008
1,35,261.002810
1,36,141.195870
1,37,286.386877
1,38,140.093002
1,39,143.903991
1,40,253.226827
1,41,308.039105
1,42,269.070679
1,43,248.766198
1,44,255.644443
1,45,140.682761
1,46,138.941943
1,47,147.818987
1,48,140.360613
1,49,142.750295
1,50,141.887096
1,51,274.597376
1,52,262.897078
1,53,236.370076
1,54,144.373967
1,55,265.834354
1,56,145.537055
1,57,144.136809
1,58,140.711286
1,59,399.050104
1,60,139.665312
1,61,252.743391
1,62,139.638695
1,63,252.529278
1,64,249.533159
1,65,253.313436
1,66,139.612868
1,67,247.404725
1,68,241.249164
1,69,253.452594
1,70,139.615075
1,71,263.358691
1,72,264.943664
1,73,299.581251
1,74,269.771411
1,75,338.372828
1,76,141.082732
1,77,236.038486
1,78,138.344005
1,79,302.255044
1,80,237.555090
1,81,302.063324
1,82,295.940287
1,83,248.386802
1,84,140.365892
1,85,227.043830
1,86,140.868344
1,87,269.169898
1,88,346.484955
1,89,346.462316
1,90,269.434578
1,91,140.133802
1,92,139.622752
1,93,149.074467
1,94,153.654735
1,95,376.215552
1,96,151.689945
1,97,152.899149
1,98,148.289580
1,99,138.987096
1,100,148.700723
1,101,139.927145
1,102,151.038859
1,103,229.468977
1,104,354.721681
1,105,234.440637
1,106,141.048012
1,107,295.831563
1,108,139.554738
1,109,275.751740
1,110,296.305596
1,111,140.305394
1,112,260.331595
1,113,139.997812
1,114,275.168093
1,115,250.180336
1,116,283.874597
1,117,235.046689
1,118,285.568091
1,119,140.685798
1,120,248.604260
1,121,139.622142
1,122,256.912712
1,123,321.492200
1,124,289.005091
1,125,253.776753
1,126,294.917214
1,127,141.190688
1,128,141.032676
1,129,250.716452
1,130,236.282730
1,131,139.653267
1,132,251.927375
1,133,139.663529
1,134,224.771729
1,135,139.484490
1,136,254.068047
1,137,269.821979
1,138,289.959975
1,139,263.984493
1,140,289.102162
1,141,257.496171
1,142,140.764872
1,143,311.568748
1,144,260.173110
1,145,343.782456
1,146,139.456871
1,147,290.005980
1,148,138.258237
1,149,328.566917
1,150,287.925791
1,151,139.460999
1,152,278.905882
1,153,238.281519
1,154,278.287368
1,155,281.293764
1,156,388.559640
1,157,243.719419
1,158,301.848630
1,159,139.525741
1,160,141.508894
1,161,287.504445
1,162,141.864951
1,163,244.528907
1,164,141.931224
1,165,140.290712
1,166,269.146021
1,167,138.994645
1,168,147.746892
1,169,145.088029
1,170,144.439713
1,171,147.793755
1,172,151.503130
1,173,139.185651
1,174,242.091574
1,175,140.552354
1,176,244.056938
1,177,139.419765
1,178,245.187508
1,179,280.895962
1,180,236.593771
1,181,146.339533
1,182,236.573954
1,183,319.435209
1,184,296.987407
1,185,261.931546
1,186,315.124453
1,187,338.630065
1,188,276.468930
1,189,277.671413
1,190,233.660147
1,191,299.806105
1,192,382.799204
1,193,139.599612
1,194,142.524184
1,195,252.604942
1,196,248.500658
1,197,221.748793
1,198,139.565667
1,199,768.671639
1,200,238.070856
1,201,263.608233
1,202,255.223547
1,203,268.780683
1,204,139.548211
1,205,261.166241
1,206,266.194523
1,207,482.783817
1,208,139.505847
1,209,259.529519
1,210,281.889154
1,211,139.411999
1,212,232.445229
1,213,139.911085
1,214,143.455110
1,215,283.275627
1,216,139.351856
1,217,394.335928
1,218,139.328681
1,219,274.765614
1,220,272.250747
1,221,264.842496
1,222,252.136804
1,223,297.550012
1,224,235.939128
1,225,143.889030
1,226,253.007544
1,227,139.277834
1,228,142.469780
1,229,326.637981
1,230,257.972387
1,231,262.910645
1,232,140.053847
1,233,264.997008
1,234,251.343792
1,235,139.320146
1,236,242.432132
1,237,142.593890
1,238,244.711365
1,239,140.807907
1,240,139.376811
1,241,286.226393
1,242,258.916126
1,243,276.826191
1,244,230.262559
1,245,276.682908
1,246,271.258284
1,247,331.271990
1,248,140.509637
1,249,142.156562
1,250,139.234719
1,251,288.459113
1,252,139.197176
1,253,248.309438
1,254,139.152391
1,255,139.542223
1,256,327.760047
1,257,296.861767
1,258,398.452287
1,259,313.467684
1,260,282.378944
1,261,281.817927
1,262,243.003925
1,263,304.456515
1,264,247.770296
1,265,289.440208
1,266,145.307657
1,267,522.991455
1,268,518.388057
1,269,386.185709
1,270,691.755979
1,271,143.176270
1,272,152.424909
1,273,300.340575
1,274,283.167014
1,275,223.274529
1,276,139.073793
1,277,234.633470
1,278,139.161999
1,279,239.192823
1,280,292.518419
1,281,146.958321
1,282,139.264628
1,283,148.295655
1,284,146.856006
1,285,295.303489
1,286,276.055981
1,287,148.967441
1,288,140.531935
1,289,139.609170
1,290,236.172851
1,291,495.166021
1,292,441.254996
1,293,420.588009
1,294,253.928077
1,295,265.582107
1,296,234.583701
1,297,141.863776
1,298,295.473903
1,299,245.092548
1,300,247.997950
1,301,150.064797
1,302,269.613548
1,303,406.235279
1,304,281.124669
1,305,139.692640
1,306,144.729848
1,307,327.648457
1,308,141.621559
1,309,144.815884
1,310,304.125968
1,311,383.651701
1,312,277.127862
1,313,402.924242
1,314,141.215423
1,315,282.734903
1,316,295.914475
1,317,263.114982
1,318,139.579935
1,319,142.548462
1,320,145.328603
1,321,261.745831
1,322,245.054708
1,323,139.716805
1,324,288.619411
1,325,140.374656
1,326,346.502933
1,327,304.845582
1,328,387.664176
1,329,139.243768
1,330,138.230090
1,331,359.968246
1,332,139.548110
1,333,146.037747
1,334,236.682905
1,335,236.340280
1,336,240.882338
1,337,247.120776
1,338,270.588295
1,339,317.199915
1,340,138.967887
1,341,266.298531
1,342,271.925521
1,343,245.434380
1,344,243.302917
1,345,144.428582
1,346,245.842857
1,347,140.870829
1,348,146.199670
1,349,149.161538
1,350,239.330823
1,351,142.736094
1,352,256.379182
1,353,140.671157
1,354,243.567253
1,355,258.090694
1,356,139.364769
1,357,262.492582
1,358,139.441697
1,359,142.504297
1,360,138.272915
1,361,140.696477
1,362,290.939793
1,363,257.591508
1,364,247.275778
1,365,297.553770
1,366,144.595166
1,367,263.452083
1,368,275.714722
1,369,226.610800
1,370,142.740965
1,371,145.940026
1,372,145.796639
1,373,291.502289
1,374,259.904877
1,375,251.797640
1,376,140.094292
1,377,287.510092
1,378,138.937650
1,379,308.572603
1,380,139.598748
1,381,252.678360
1,382,142.575284
1,383,247.022033
1,384,139.475003
1,385,143.559965
1,386,779.706795
1,387,552.253578
1,388,357.476910
1,389,296.442424
1,390,138.210043
1,391,300.848380
1,392,347.060865
1,393,351.044144
1,394,284.828894
1,395,239.086652
1,396,139.273674
1,397,240.503797
1,398,347.235947
1,399,145.714283
1,400,235.696649
1,401,276.960220
1,402,385.535950
1,403,280.207456
1,404,244.248237
1,405,139.722296
1,406,325.829232
1,407,145.322386
1,408,1208.537293
1,409,382.603204
1,410,150.233648
1,411,249.835817
1,412,139.597813
1,413,238.360146
1,414,289.204395
1,415,387.756624
1,416,434.576567
1,417,250.310242
1,418,145.104761
1,419,289.927616
1,420,138.460781
1,421,295.445270
1,422,446.155192
1,423,248.321922
1,424,293.904458
1,425,317.036160
1,426,275.520105
1,427,329.257166
1,428,140.486822
1,429,253.775768
1,430,308.070467
1,431,141.561398
1,432,247.337877
1,433,323.845848
1,434,215.540986
1,435,316.370493
1,436,139.711916
1,437,254.036641
1,438,261.118558
1,439,278.878731
1,440,255.697931
1,441,142.069921
1,442,249.721253
1,443,229.696204
1,444,251.693102
1,445,277.926853
1,446,139.245635
1,447,140.711938
1,448,153.800572
1,449,148.806296
1,450,139.267320
1,451,412.592455
1,452,341.191156
1,453,251.061905
1,454,139.386774
1,455,145.898630
1,456,225.698634
1,457,315.811445
1,458,281.240126
1,459,342.592489
1,460,147.965577
1,461,149.813742
1,462,259.886556
1,463,267.188550
1,464,222.699017
1,465,549.073383
1,466,301.297201
1,467,398.762184
1,468,139.719920
1,469,250.361248
1,470,217.960240
1,471,341.981566
1,472,405.000310
1,473,227.921631
1,474,254.627864
1,475,139.718296
1,476,144.257014
1,477,143.826353
1,478,282.723001
1,479,139.788416
1,480,267.423794
1,481,244.118921
1,482,253.429806
1,483,236.272813
1,484,140.215231
1,485,295.385709
1,486,277.702632
1,487,241.449904
1,488,245.077494
1,489,140.589679
1,490,142.654319
1,491,289.324856
1,492,430.501007
1,493,139.194959
1,494,151.431804
1,495,139.573011
1,496,139.681058
1,497,238.209911
1,498,141.097520
1,499,148.831084
1,500,298.917437
1,501,240.621004
1,502,253.511491
1,503,328.402555
1,504,138.419857
1,505,346.179338
1,506,139.610860
1,507,307.392344
1,508,533.671025
1,509,267.827736
1,510,252.095479
1,511,297.124609
1,512,296.692011
1,513,288.199482
1,514,337.429425
1,515,504.208964
1,516,391.155278
1,517,285.854115
1,518,140.233825
1,519,145.210366
1,520,146.706570
1,521,254.237172
1,522,140.083613
1,523,143.687053
1,524,351.919568
1,525,241.923651
1,526,274.208161
1,527,300.991980
1,528,269.976257
1,529,276.278424
1,530,254.015316
1,531,139.591084
1,532,146.868074
1,533,228.442743
1,534,245.963707
1,535,143.354040
1,536,145.814141
1,537,146.740046
1,538,139.152856
1,539,144.670506
1,540,150.028225
1,541,147.264453
1,542,147.055633
1,543,140.838389
1,544,144.329528
1,545,147.560984
1,546,149.530455
1,547,368.763001
1,548,138.233723
1,549,281.331628
1,550,361.494930
1,551,139.625559
1,552,277.301022
1,553,139.588174
1,554,140.260629
1,555,148.049021
1,556,138.955502
1,557,142.870771
1,558,255.762592
1,559,231.549599
1,560,236.136915
1,561,140.400374
1,562,142.497929
1,563,145.389065
1,564,140.360195
1,565,265.439566
1,566,140.123359
1,567,242.528759
1,568,321.410531
1,569,139.837857
1,570,365.353264
1,571,321.541838
1,572,262.061562
1,573,311.544749
1,574,140.078770
1,575,261.770400
1,576,471.602431
1,577,442.334475
1,578,260.786549
1,579,146.251601
1,580,147.942587
1,581,273.770827
1,582,272.957333
1,583,140.069962
1,584,404.862567
1,585,139.822848
1,586,139.566753
1,587,373.460020
1,588,295.359640
1,589,272.390380
1,590,273.320029
1,591,254.819917
1,592,650.791206
1,593,208.340883
1,594,249.604246
1,595,141.644418
1,596,249.619914
1,597,287.063661
1,598,242.090924
1,599,297.109220
1,600,344.817663
1,601,223.843900
1,602,288.348250
1,603,281.505509
1,604,381.179000
1,605,272.477559
1,606,154.584652
1,607,367.618742
1,608,276.640978
1,609,139.524395
1,610,279.706202
1,611,291.216266
1,612,257.398600
1,613,303.547505
1,614,139.529366
1,615,249.189865
1,616,268.850983
1,617,238.652153
1,618,286.180373
1,619,360.353708
1,620,306.029406
1,621,267.920163
1,622,297.163016
1,623,140.822481
1,624,289.166854
1,625,296.716386
1,626,297.069298
1,627,240.123373
1,628,139.031219
1,629,245.933330
1,630,289.122809
1,631,294.770083
1,632,145.383760
1,633,139.508816
1,634,138.159694
1,635,139.240888
1,636,142.292189
1,637,286.999308
1,638,269.780216
1,639,139.619243
1,640,244.913833
1,641,139.620399
1,642,146.627334
1,643,140.918050
1,644,144.533474
1,645,138.133395
1,646,143.764076
1,647,140.178060
1,648,146.139275
1,649,238.848214
1,650,237.926595
1,651,138.488135
1,652,247.650117
1,653,213.973688
1,654,144.927929
1,655,145.812602
1,656,239.630661
1,657,142.925787
1,658,230.962747
1,659,236.022137
1,660,234.362307
1,661,138.174528
1,662,145.806017
1,663,259.576593
1,664,139.734859
1,665,278.106168
1,666,139.691536
1,667,263.674352
1,668,138.378706
1,669,274.848591
1,670,139.620449
1,671,140.963960
1,672,274.109284
1,673,257.378824
1,674,245.914984
1,675,144.296083
1,676,243.345705
1,677,240.122708
1,678,139.619008
1,679,269.733991
1,680,139.708183
1,681,236.858556
1,682,243.287214
1,683,140.853043
1,684,262.617033
1,685,294.399966
1,686,139.746840
1,687,265.592174
1,688,265.476865
1,689,291.827953
1,690,287.605635
1,691,140.831936
1,692,395.225972
1,693,140.859960
1,694,284.952319
1,695,371.791137
1,696,271.683134
1,697,139.482830
1,698,292.041971
1,699,139.405306
1,700,345.157014
1,701,302.356477
1,702,142.703053
1,703,436.881167
1,704,139.598745
1,705,276.593802
1,706,913.408295
1,707,147.095744
1,708,139.298930
1,709,148.266274
1,710,143.654060
1,711,142.136062
1,712,147.125361
1,713,139.300865
1,714,143.200013
1,715,346.128862
1,716,258.196494
1,717,142.508923
1,718,397.400801
1,719,396.351899
1,720,243.856804
1,721,338.966551
1,722,240.920362
1,723,234.178197
1,724,143.083223
1,725,242.384517
1,726,138.118368
1,727,145.886601
1,728,150.620403
1,729,138.096112
1,730,147.361935
1,731,158.101486
1,732,152.822273
1,733,147.901974
1,734,258.700357
1,735,139.674812
1,736,274.581826
1,737,139.879368
1,738,310.743651
1,739,147.040171
1,740,148.849237
1,741,235.900043
1,742,260.308845
1,743,140.927767
1,744,144.551491
1,745,315.691272
1,746,139.574016
1,747,265.840024
1,748,253.663278
1,749,139.674450
1,750,143.709276
1,751,139.610536
1,752,252.215113
1,753,253.435404
1,754,141.087104
1,755,271.701714
1,756,257.557089
1,757,220.417710
1,758,141.285188
1,759,238.820903
1,760,139.649634
1,761,405.665226
1,762,322.382911
1,763,138.402618
1,764,270.864495
1,765,294.494467
1,766,232.925589
1,767,304.693884
1,768,267.056088
1,769,354.838411
1,770,140.081128
1,771,257.704998
1,772,243.522742
1,773,140.864605
1,774,141.317909
1,775,144.236760
1,776,311.493045
1,777,247.838332
1,778,139.492059
1,779,237.502179
1,780,139.718934
1,781,275.043993
1,782,284.883930
1,783,139.506289
1,784,257.791104
1,785,139.387666
1,786,238.458570
1,787,139.519563
1,788,294.176387
1,789,139.406957
1,790,140.771318
1,791,370.283515
1,792,257.748898
1,793,260.224515
1,794,579.258572
1,795,137.936674
1,796,316.120855
1,797,248.719481
1,798,341.922148
1,799,139.653297
1,800,268.421293
1,801,393.533641
1,802,139.871274
1,803,997.526317
1,804,639.037313
1,805,265.033965
1,806,263.141823
1,807,139.727083
1,808,148.905205
1,809,143.019496
1,810,248.698067
1,811,143.493302
1,812,145.131869
1,813,286.044686
1,814,283.472881
1,815,389.224492
1,816,276.629294
1,817,141.512832
1,818,294.502248
1,819,140.528017
1,820,147.543239
1,821,256.160780
1,822,140.230468
1,823,236.026320
1,824,143.619293
1,825,139.827068
1,826,302.299713
1,827,244.191680
1,828,143.848765
1,829,1156.301329
1,830,280.518927
1,831,264.879028
1,832,140.136595
1,833,716.735596
1,834,277.974496
1,835,281.050197
1,836,139.882223
1,837,533.891492
1,838,149.530497
1,839,146.138342
1,840,144.769366
1,841,275.731356
1,842,447.396194
1,843,269.129734
1,844,273.459293
1,845,339.725361
1,846,281.916105
1,847,250.548883
1,848,290.327314
1,849,271.011140
1,850,300.084461
1,851,230.146046
1,852,297.275017
1,853,139.851363
1,854,465.350245
1,855,139.843762
1,856,250.460010
1,857,296.867128
1,858,229.812220
1,859,240.738580
1,860,767.192380
1,861,138.970999
1,862,243.220904
1,863,222.807355
1,864,139.515336
1,865,322.702930
1,866,277.377773
1,867,285.732711
1,868,242.826439
1,869,656.436716
1,870,527.507406
1,871,140.108365
1,872,296.236181
1,873,312.946387
1,874,246.926720
1,875,139.202499
1,876,276.848230
1,877,233.393960
1,878,325.567195
1,879,287.169636
1,880,258.748498
1,881,273.951558
1,882,285.014414
1,883,138.611777
1,884,300.787196
1,885,244.663741
1,886,330.375724
1,887,266.930593
1,888,360.827628
1,889,216.890309
1,890,139.854745
1,891,314.026490
1,892,140.148671
1,893,261.242118
1,894,294.310438
1,895,409.687154
1,896,263.915476
1,897,251.525382
1,898,257.722880
1,899,138.677638
1,900,446.462916
1,901,139.930572
1,902,257.117879
1,903,293.573823
1,904,386.494364
1,905,410.605341
1,906,231.491897
1,907,278.514187
1,908,139.825232
1,909,275.433905
1,910,253.414223
1,911,139.905790
1,912,315.795639
1,913,277.302321
1,914,245.993846
1,915,308.689303
1,916,139.773113
1,917,304.661459
1,918,147.317723
1,919,146.300729
1,920,141.325209
1,921,149.058693
1,922,138.328373
1,923,287.231485
1,924,141.501662
1,925,145.977528
1,926,280.998648
1,927,139.895441
1,928,268.265150
1,929,248.224260
1,930,145.958731
1,931,276.353336
1,932,141.165078
1,933,401.321410
1,934,139.737954
1,935,254.870443
1,936,247.235414
1,937,233.114362
1,938,259.533574
1,939,281.518570
1,940,143.034436
1,941,270.070264
1,942,266.818285
1,943,146.941608
1,944,140.822249
1,945,141.617312
1,946,139.722930
1,947,145.503414
1,948,149.041235
1,949,144.641142
1,950,150.821119
1,951,279.146350
1,952,268.520368
1,953,443.843741
1,954,301.419501
1,955,311.759930
1,956,140.477495
1,957,145.285759
1,958,237.783376
1,959,285.652429
1,960,140.285734
1,961,305.379338
1,962,259.974533
1,963,256.046905
1,964,247.141720
1,965,144.668592
1,966,140.699776
1,967,236.558500
1,968,276.705351
1,969,316.068600
1,970,139.796598
1,971,366.992261
1,972,140.011936
1,973,370.792906
1,974,270.507074
1,975,140.548721
1,976,372.175385
1,977,140.194904
1,978,346.273701
1,979,250.501579
1,980,146.994551
1,981,139.032836
1,982,413.353962
1,983,140.313866
1,984,257.566721
1,985,284.131507
1,986,284.337046
1,987,142.639102
1,988,326.514616
1,989,139.776008
1,990,387.808478
1,991,146.038852
1,992,154.121364
1,993,322.284144
1,994,145.592445
1,995,143.750350
1,996,142.089761
1,997,351.081730
1,998,314.985629
1,999,141.915869
1,1000,369.436522
1,1001,140.458075
1,1002,264.094273
1,1003,295.532636
1,1004,265.067720
1,1005,142.518710
1,1006,143.510796
1,1007,142.755661
1,1008,342.505337
1,1009,140.000849
1,1010,278.400467
1,1011,234.975130
1,1012,278.459088
1,1013,140.083936
1,1014,266.288864
1,1015,139.968798
1,1016,140.018974
1,1017,275.387583
1,1018,140.084792
1,1019,268.529224
1,1020,256.977071
1,1021,138.364183
1,1022,226.042340
1,1023,247.095160
1,1024,242.225138
1,1025,140.983527
1,1026,266.373868
1,1027,295.584002
1,1028,139.562114
1,1029,281.838815
1,1030,262.198845
1,1031,146.323928
1,1032,397.138147
1,1033,144.810350
1,1034,308.603958
1,1035,331.527437
1,1036,139.546636
1,1037,141.135095
1,1038,141.187884
1,1039,418.937824
1,1040,139.469350
1,1041,414.978856
1,1042,139.688632
1,1043,300.003392
1,1044,238.933361
1,1045,801.112424
1,1046,143.464284
1,1047,369.871384
1,1048,287.164004
1,1049,285.101187
1,1050,274.682908
1,1051,252.326294
1,1052,292.239154
1,1053,257.288036
1,1054,277.771172
1,1055,277.881377
1,1056,139.835782
1,1057,236.811613
1,1058,144.030934
1,1059,263.870715
1,1060,138.547949
1,1061,271.579315
1,1062,236.314837
1,1063,139.836121
1,1064,279.047825
1,1065,140.231464
1,1066,290.561139
1,1067,243.714028
1,1068,292.269562
1,1069,139.744791
1,1070,145.144975
1,1071,139.714477
1,1072,308.649943
1,1073,141.339361
1,1074,275.939317
1,1075,448.906921
1,1076,253.722646
1,1077,139.895243
1,1078,323.218315
1,1079,367.816271
1,1080,236.986279
1,1081,285.458363
1,1082,140.944189
1,1083,288.519292
1,1084,141.545360
1,1085,144.046939
1,1086,293.535421
1,1087,139.843375
1,1088,309.657418
1,1089,254.339622
1,1090,304.828436
1,1091,140.032107
1,1092,255.326229
1,1093,139.840524
1,1094,148.539725
1,1095,258.105503
1,1096,289.702984
1,1097,819.177914
1,1098,443.605867
1,1099,293.877912
1,1100,140.508577
1,1101,258.404300
1,1102,296.341757
1,1103,570.721864
1,1104,140.225829
1,1105,240.548633
1,1106,142.819253
1,1107,139.682756
1,1108,148.675722
1,1109,139.985288
1,1110,273.654846
1,1111,227.569442
1,1112,276.661781
1,1113,141.136251
1,1114,279.737712
1,1115,260.442275
1,1116,299.366060
1,1117,255.985404
1,1118,243.054099
1,1119,142.288966
1,1120,244.615140
1,1121,278.005174
1,1122,141.538904
1,1123,274.327435
1,1124,242.599802
1,1125,139.801146
1,1126,400.227722
1,1127,279.261293
1,1128,140.659191
1,1129,399.528374
1,1130,271.189219
1,1131,402.172530
1,1132,139.505702
1,1133,362.851462
1,1134,281.851486
1,1135,319.075731
1,1136,140.652507
1,1137,145.047892
1,1138,249.107822
1,1139,520.792199
1,1140,449.007112
1,1141,340.478390
1,1142,290.687592
1,1143,282.664693
1,1144,140.881600
1,1145,279.899282
1,1146,258.063646
1,1147,286.901750
1,1148,140.177087
1,1149,280.027350
1,1150,140.385762
1,1151,279.752843
1,1152,139.580142
1,1153,146.580868
1,1154,430.338950
1,1155,139.753887
1,1156,499.929221
1,1157,144.485474
1,1158,143.917255
1,1159,284.823709
1,1160,229.943559
1,1161,282.451122
1,1162,292.810392
1,1163,259.184532
1,1164,428.398376
1,1165,270.601185
1,1166,264.658459
1,1167,140.934622
1,1168,239.602891
1,1169,251.984989
1,1170,321.101028
1,1171,140.175763
1,1172,328.849919
1,1173,145.009407
1,1174,146.421946
1,1175,250.337290
1,1176,139.966705
1,1177,268.604507
1,1178,272.211554
1,1179,138.616238
1,1180,359.738916
1,1181,286.599212
1,1182,145.624384
1,1183,144.242726
1,1184,147.207300
1,1185,150.423892
1,1186,143.822747
1,1187,138.539686
1,1188,150.532421
1,1189,140.448493
1,1190,150.841070
1,1191,139.885322
1,1192,149.681380
1,1193,139.668777
1,1194,275.995834
1,1195,310.687330
1,1196,148.558733
1,1197,139.726677
1,1198,143.341414
1,1199,139.676223
1,1200,145.015474
1,1201,142.003350
1,1202,141.126238
1,1203,142.938834
1,1204,145.284940
1,1205,255.279393
1,1206,139.850504
1,1207,381.608626
1,1208,142.726584
1,1209,338.776344
1,1210,140.001849
1,1211,274.919103
1,1212,140.990910
1,1213,483.552391
1,1214,140.317524
1,1215,146.593305
1,1216,145.834148
1,1217,796.213683
1,1218,250.893040
1,1219,139.842385
1,1220,353.417156
1,1221,141.277867
1,1222,251.113016
1,1223,143.149549
1,1224,303.664026
1,1225,145.840658
1,1226,139.496227
1,1227,147.894880
1,1228,144.906239
1,1229,149.817636
1,1230,147.220984
1,1231,150.763384
1,1232,152.932940
1,1233,403.104381
1,1234,139.606871
1,1235,150.314375
1,1236,139.708195
1,1237,153.462500
1,1238,140.048376
1,1239,149.848325
1,1240,293.327289
1,1241,258.266833
1,1242,139.827472
1,1243,300.763376
1,1244,350.339400
1,1245,140.441202
1,1246,418.146641
1,1247,341.615952
1,1248,639.407656
1,1249,138.568298
1,1250,507.439426
1,1251,306.480549
1,1252,421.470933
1,1253,140.257560
1,1254,444.398274
1,1255,349.211957
1,1256,236.193140
1,1257,140.006570
1,1258,152.609169
1,1259,356.525484
1,1260,272.961989
1,1261,140.128101
1,1262,260.825765
1,1263,140.070600
1,1264,300.722639
1,1265,380.537664
1,1266,257.011762
1,1267,482.026312
1,1268,141.494304
1,1269,371.341611
1,1270,481.512377
1,1271,264.639350
1,1272,286.306193
1,1273,487.689010
1,1274,270.937981
1,1275,295.802410
1,1276,376.854110
1,1277,140.074563
1,1278,149.297436
1,1279,226.379338
1,1280,502.741462
1,1281,286.901553
1,1282,271.702416
1,1283,138.656024
1,1284,278.511752
1,1285,287.558652
1,1286,250.475307
1,1287,271.063197
1,1288,266.523248
1,1289,142.388065
1,1290,227.623807
1,1291,154.056803
1,1292,149.076613
1,1293,244.073603
1,1294,145.346893
1,1295,142.493208
1,1296,147.599371
1,1297,139.503090
1,1298,154.477333
1,1299,141.774280
1,1300,140.495559
1,1301,139.781148
1,1302,363.148034
1,1303,140.109651
1,1304,138.813052
1,1305,143.986426
1,1306,149.692637
1,1307,166.369921
1,1308,157.538745
1,1309,140.121365
1,1310,160.253495
1,1311,140.110258
1,1312,225.308972
1,1313,228.871349
1,1314,155.210716
1,1315,141.426862
1,1316,258.138092
1,1317,139.962707
1,1318,267.507714
1,1319,146.808934
1,1320,359.813504
1,1321,140.229150
1,1322,146.418122
1,1323,142.961003
1,1324,404.198360
1,1325,140.935172
1,1326,339.258378
1,1327,243.226172
1,1328,294.669212
1,1329,306.802372
1,1330,317.030230
1,1331,140.057701
1,1332,279.074094
1,1333,299.522463
1,1334,138.485316
1,1335,237.704651
1,1336,317.453922
1,1337,294.844085
1,1338,356.351623
1,1339,140.093013
1,1340,349.741373
1,1341,329.102800
1,1342,293.216603
1,1343,593.432912
1,1344,235.453346
1,1345,143.645483
1,1346,337.665862
1,1347,139.810230
1,1348,316.109048
1,1349,472.342829
1,1350,866.722282
1,1351,294.793063
1,1352,491.888209
1,1353,384.068080
1,1354,140.616730
1,1355,147.664497
1,1356,149.348333
1,1357,225.780048
1,1358,445.552188
1,1359,139.505595
1,1360,535.458633
1,1361,229.457653
1,1362,386.004835
1,1363,139.672179
1,1364,294.272479
1,1365,151.801438
1,1366,742.485614
1,1367,255.770300
1,1368,294.437024
1,1369,141.204182
1,1370,410.176436
1,1371,139.915642
1,1372,321.149031
1,1373,288.177065
1,1374,144.917134
1,1375,140.573309
1,1376,149.795938
1,1377,147.308432
1,1378,258.005297
1,1379,139.927641
1,1380,244.217204
1,1381,382.499893
1,1382,141.279734
1,1383,248.440799
1,1384,277.705842
1,1385,138.598829
1,1386,371.403225
1,1387,411.575505
1,1388,139.951962
1,1389,409.004559
1,1390,344.456333
1,1391,370.747264
1,1392,265.440460
1,1393,144.324127
1,1394,327.988014
1,1395,255.528647
1,1396,404.369639
1,1397,140.221199
1,1398,308.546543
1,1399,593.620309
1,1400,140.392957
1,1401,486.428103
1,1402,277.066012
1,1403,140.142009
1,1404,286.807343
1,1405,418.819651
1,1406,295.523896
1,1407,142.974992
1,1408,276.765289
1,1409,298.820985
1,1410,139.801785
1,1411,284.585374
1,1412,149.820325
1,1413,150.983704
1,1414,426.408331
1,1415,215.474388
1,1416,281.645563
1,1417,140.199319
1,1418,138.408253
1,1419,267.593751
1,1420,590.957975
1,1421,139.890455
1,1422,388.002652
1,1423,146.203962
1,1424,151.090191
1,1425,140.118925
1,1426,139.113878
1,1427,253.405639
1,1428,326.070483
1,1429,343.245960
1,1430,140.791922
1,1431,339.757415
1,1432,140.419126
1,1433,289.002877
1,1434,366.689851
1,1435,393.831967
1,1436,142.973646
1,1437,314.802093
1,1438,259.329131
1,1439,139.741983
1,1440,230.344577
1,1441,139.903936
1,1442,294.854325
1,1443,515.836163
1,1444,452.820861
1,1445,141.050264
1,1446,599.238921
1,1447,259.706557
1,1448,404.313369
1,1449,400.689823
1,1450,288.511432
1,1451,150.153613
1,1452,260.144246
1,1453,363.270006
1,1454,139.690786
1,1455,282.644755
1,1456,269.361590
1,1457,251.120472
1,1458,150.457913
1,1459,150.154209
1,1460,139.803360
1,1461,303.140246
1,1462,301.373557
1,1463,140.116716
1,1464,276.783139
1,1465,348.348679
1,1466,246.067925
1,1467,327.463874
1,1468,255.352436
1,1469,235.356499
1,1470,294.399030
1,1471,142.920044
1,1472,151.614053
1,1473,141.691974
1,1474,153.007476
1,1475,138.554399
1,1476,155.938349
1,1477,149.013675
1,1478,140.054250
1,1479,149.582491
1,1480,140.421895
1,1481,152.359341
1,1482,144.901115
1,1483,146.642715
1,1484,147.283228
1,1485,279.005741
1,1486,140.413147
1,1487,268.722240
1,1488,324.225623
1,1489,238.701154
1,1490,338.443867
1,1491,501.541529
1,1492,246.725240
1,1493,269.926678
1,1494,307.941598
1,1495,268.297151
1,1496,290.812531
1,1497,140.239493
1,1498,363.624171
1,1499,253.448652
1,1500,367.752897
1,1501,138.745692
1,1502,244.714013
1,1503,350.748097
1,1504,139.986121
1,1505,145.219497
1,1506,385.140532
1,1507,140.399171
1,1508,340.140433
1,1509,139.832035
1,1510,467.835637
1,1511,140.354664
1,1512,245.486131
1,1513,255.035740
1,1514,260.871146
1,1515,142.966615
1,1516,234.162485
1,1517,245.238949
1,1518,317.830269
1,1519,385.912457
1,1520,245.685937
1,1521,303.416694
1,1522,139.808247
1,1523,467.432755
1,1524,372.808396
1,1525,140.424060
1,1526,149.854158
1,1527,378.047640
1,1528,582.547277
1,1529,140.065447
1,1530,1049.376165
1,1531,526.625526
1,1532,139.834666
1,1533,251.827863
1,1534,278.029559
1,1535,139.843473
1,1536,142.748878
1,1537,241.465000
1,1538,143.686028
1,1539,399.784464
1,1540,295.011304
1,1541,145.749455
1,1542,323.747776
1,1543,371.114955
1,1544,139.406092
1,1545,239.259164
1,1546,335.167391
1,1547,449.789924
1,1548,268.305806
1,1549,231.509224
1,1550,139.526474
1,1551,310.845497
1,1552,257.201982
1,1553,139.790670
1,1554,144.186512
1,1555,251.217730
1,1556,247.214979
1,1557,354.105951
1,1558,139.816557
1,1559,418.965700
1,1560,243.115882
1,1561,226.969004
1,1562,139.769083
1,1563,322.207809
1,1564,298.936962
1,1565,548.503982
1,1566,253.809025
1,1567,140.635960
1,1568,408.507304
1,1569,213.642283
1,1570,139.198484
1,1571,146.397812
1,1572,145.439975
1,1573,351.418830
1,1574,139.355371
1,1575,243.448270
1,1576,273.565984
1,1577,300.036919
1,1578,141.804329
1,1579,224.163726
1,1580,139.456761
1,1581,268.153393
1,1582,288.886745
1,1583,264.820442
1,1584,258.136881
1,1585,139.955426
1,1586,391.685340
1,1587,277.281800
1,1588,150.230750
1,1589,281.522644
1,1590,143.859069
1,1591,653.346151
1,1592,138.683238
1,1593,287.890280
1,1594,235.523398
1,1595,246.954851
1,1596,138.440635
1,1597,351.752914
1,1598,139.923218
1,1599,389.192157
1,1600,277.708060
1,1601,139.768709
1,1602,256.582876
1,1603,289.862368
1,1604,143.103410
1,1605,142.534326
1,1606,401.944220
1,1607,139.687214
1,1608,291.980938
1,1609,281.920282
1,1610,139.873955
1,1611,252.265292
1,1612,140.058528
1,1613,272.135688
1,1614,375.102548
1,1615,139.716088
1,1616,138.438144
1,1617,293.690712
1,1618,139.629823
1,1619,147.693177
1,1620,141.826237
1,1621,139.654243
1,1622,387.070887
1,1623,324.796327
1,1624,401.658042
1,1625,306.377900
1,1626,300.415636
1,1627,319.353289
1,1628,139.766608
1,1629,510.528079
1,1630,300.949181
1,1631,141.685328
1,1632,243.725519
1,1633,276.383521
1,1634,520.867263
1,1635,141.721611
1,1636,232.436287
1,1637,141.789705
1,1638,489.750782
1,1639,454.758943
1,1640,250.249471
1,1641,240.189922
1,1642,138.481331
1,1643,240.739513
1,1644,139.716420
1,1645,141.212676
1,1646,266.353426
1,1647,143.161548
1,1648,144.600139
1,1649,137.972129
1,1650,143.415562
1,1651,139.333917
1,1652,146.570914
1,1653,138.226240
1,1654,144.799769
1,1655,140.029806
1,1656,146.072715
1,1657,140.624731
1,1658,140.120912
1,1659,314.454874
1,1660,283.842760
1,1661,618.994634
1,1662,269.890420
1,1663,283.893724
1,1664,139.694075
1,1665,465.179940
1,1666,286.241335
1,1667,225.788840
1,1668,141.650132
1,1669,256.900922
1,1670,138.550967
1,1671,306.120272
1,1672,140.497546
1,1673,437.533043
1,1674,393.783324
1,1675,139.763024
1,1676,151.316569
1,1677,368.934344
1,1678,317.467847
1,1679,254.267427
1,1680,139.664559
1,1681,296.294335
1,1682,304.911046
1,1683,236.271818
1,1684,139.174929
1,1685,283.160863
1,1686,265.736498
1,1687,285.002111
1,1688,142.422638
1,1689,140.346476
1,1690,281.400344
1,1691,332.458440
1,1692,141.920918
1,1693,286.330603
1,1694,257.874227
1,1695,140.326280
1,1696,412.945752
1,1697,256.801801
1,1698,148.859290
1,1699,277.011933
1,1700,266.287461
1,1701,297.991448
1,1702,447.540099
1,1703,139.691966
1,1704,259.630858
1,1705,241.978835
1,1706,138.481843
1,1707,285.739921
1,1708,139.746691
1,1709,227.377272
1,1710,261.317477
1,1711,277.003508
1,1712,255.441063
1,1713,301.776123
1,1714,287.314860
1,1715,266.278632
1,1716,255.954023
1,1717,143.887128
1,1718,360.137086
1,1719,141.878549
1,1720,141.895751
1,1721,477.084143
1,1722,476.500983
1,1723,229.919191
1,1724,139.179688
1,1725,261.008490
1,1726,139.579732
1,1727,417.440868
1,1728,265.858293
1,1729,389.141178
1,1730,248.639450
1,1731,260.930189
1,1732,139.380848
1,1733,144.628343
1,1734,257.597432
1,1735,138.357006
1,1736,150.911424
1,1737,141.050771
1,1738,143.389171
1,1739,151.711504
1,1740,149.725725
1,1741,143.191636
1,1742,139.597510
1,1743,150.517254
1,1744,290.060860
1,1745,138.438011
1,1746,219.352467
1,1747,251.395524
1,1748,139.896754
1,1749,290.504408
1,1750,139.785775
1,1751,434.354352
1,1752,236.351664
1,1753,436.494345
1,1754,260.058420
1,1755,286.305623
1,1756,217.998836
1,1757,289.720948
1,1758,333.310376
1,1759,140.148719
1,1760,266.442655
1,1761,140.270699
1,1762,143.290758
1,1763,141.516547
1,1764,141.722930
1,1765,152.959047
1,1766,140.629358
1,1767,279.414475
1,1768,631.950466
1,1769,138.335825
1,1770,355.361459
1,1771,139.622244
1,1772,140.180415
1,1773,237.331179
1,1774,275.203682
1,1775,138.525193
1,1776,276.525802
1,1777,382.645004
1,1778,140.077459
1,1779,290.153555
1,1780,605.979980
1,1781,655.708013
1,1782,147.021098
1,1783,139.183209
1,1784,147.942648
1,1785,141.217216
1,1786,140.460587
1,1787,150.836801
1,1788,292.410113
1,1789,236.804653
1,1790,285.642053
1,1791,142.660045
1,1792,270.962463
1,1793,227.135465
1,1794,264.502450
1,1795,141.292879
1,1796,282.600734
1,1797,393.709164
1,1798,139.536940
1,1799,307.348658
1,1800,258.346294
1,1801,410.506997
1,1802,246.004644
1,1803,255.144652
1,1804,442.802817
1,1805,139.960061
1,1806,328.225035
1,1807,234.817195
1,1808,417.291987
1,1809,140.325078
1,1810,141.235730
1,1811,244.583849
1,1812,245.607534
1,1813,139.738490
1,1814,142.161167
1,1815,553.128824
1,1816,273.255384
1,1817,139.153286
1,1818,463.667414
1,1819,710.508507
1,1820,784.590058
1,1821,335.327308
1,1822,141.855006
1,1823,147.923167
1,1824,338.609339
1,1825,253.452325
1,1826,290.744349
1,1827,245.592550
1,1828,143.536590
1,1829,411.188421
1,1830,544.801908
1,1831,296.946933
1,1832,139.699926
1,1833,246.514772
1,1834,414.387110
1,1835,497.002178
1,1836,415.585729
1,1837,489.305356
1,1838,140.637484
1,1839,259.249387
1,1840,139.907031
1,1841,343.523234
1,1842,260.901369
1,1843,236.246645
1,1844,470.016424
1,1845,140.753244
1,1846,288.802344
1,1847,319.208218
1,1848,671.769975
1,1849,352.321055
1,1850,290.189838
1,1851,338.479905
1,1852,267.781480
1,1853,316.968773
1,1854,140.073439
1,1855,372.461612
1,1856,304.655832
1,1857,139.567522
1,1858,237.864291
1,1859,140.028888
1,1860,306.956768
1,1861,140.106114
1,1862,515.397249
1,1863,409.746389
1,1864,138.289424
1,1865,238.494874
1,1866,551.548961
1,1867,1720.354708
1,1868,209.331298
1,1869,472.219581
1,1870,228.750813
1,1871,247.231785
1,1872,259.887730
1,1873,285.480792
1,1874,342.313836
1,1875,250.058790
1,1876,261.852275
1,1877,232.536517
1,1878,383.795903
1,1879,139.749930
1,1880,384.608108
1,1881,306.612808
1,1882,241.340700
1,1883,142.783771
1,1884,360.863257
1,1885,473.754602
1,1886,137.936674
1,1887,378.673595
1,1888,268.622536
1,1889,269.788232
1,1890,139.653507
1,1891,288.898263
1,1892,495.991483
1,1893,139.871531
1,1894,353.809073
1,1895,371.490675
1,1896,144.645459
1,1897,333.657469
1,1898,139.727372
1,1899,305.539662
1,1900,250.061692
1,1901,139.853943
1,1902,143.710856
1,1903,500.239417
1,1904,502.549848
1,1905,405.851714
1,1906,405.366947
1,1907,521.606147
1,1908,314.862817
1,1909,651.564487
1,1910,349.484589
1,1911,434.965254
1,1912,270.871418
1,1913,140.662122
1,1914,318.806200
1,1915,272.531768
1,1916,139.827422
1,1917,288.159310
1,1918,140.504436
1,1919,144.218737
1,1920,1411.920635
1,1921,373.469451
1,1922,326.807930
1,1923,140.108231
1,1924,1254.754522
1,1925,417.601726
1,1926,409.008643
1,1927,139.882586
1,1928,672.029138
1,1929,366.415106
1,1930,366.705760
1,1931,309.049256
1,1932,499.933643
1,1933,148.833283
1,1934,144.911192
1,1935,143.405437
1,1936,528.140811
1,1937,148.873954
1,1938,139.761135
1,1939,145.387410
1,1940,146.193195
1,1941,149.342127
1,1942,148.633242
1,1943,147.970636
1,1944,140.032906
1,1945,339.049439
1,1946,225.240851
1,1947,308.522698
1,1948,327.668918
1,1949,139.756710
1,1950,316.638780
1,1951,258.699129
1,1952,138.971095
1,1953,767.675603
1,1954,409.648743
1,1955,139.501074
1,1956,242.869078
1,1957,277.145126
1,1958,555.893921
1,1959,279.551746
1,1960,1135.353097
1,1961,704.152307
1,1962,140.087036
1,1963,670.289906
1,1964,277.747311
1,1965,365.803855
1,1966,139.162125
1,1967,247.163180
1,1968,391.876765
1,1969,499.304092
1,1970,395.608808
1,1971,143.426148
1,1972,366.915721
1,1973,146.347523
1,1974,138.611862
1,1975,144.624912
1,1976,434.707580
1,1977,417.426044
1,1978,279.686963
1,1979,683.898462
1,1980,379.122593
1,1981,139.855088
1,1982,142.927143
1,1983,140.129260
1,1984,466.908442
1,1985,301.354393
1,1986,693.423658
1,1987,741.116249
1,1988,140.701043
1,1989,403.724750
1,1990,138.677730
1,1991,980.269241
1,1992,139.930927
1,1993,491.734305
1,1994,325.650496
1,1995,391.308267
1,1996,141.734574
1,1997,673.392137
1,1998,791.434568
1,1999,140.016763
1,2000,138.730850
1,2001,618.723082
1,2002,139.906143
1,2003,270.110390
1,2004,435.581639
1,2005,139.741269
1,2006,1058.764431
1,2007,139.773463
1,2008,979.087100
1,2009,666.117240
1,2010,473.614832
1,2011,228.016896
1,2012,636.778099
1,2013,138.328465
1,2014,476.483767
1,2015,141.453416
1,2016,615.596799
1,2017,334.403744
1,2018,139.895781
1,2019,1187.210708
1,2020,140.028062
1,2021,387.864321
1,2022,362.158225
1,2023,141.140522
1,2024,778.470356
1,2025,139.738284
1,2026,374.022334
1,2027,436.854799
1,2028,419.936180
1,2029,573.100723
1,2030,314.266024
1,2031,347.463431
1,2032,258.235674
1,2033,271.761631
1,2034,299.057812
1,2035,141.110099
1,2036,141.795177
1,2037,139.693322
1,2038,145.727582
1,2039,272.849880
1,2040,261.704291
1,2041,150.843152
1,2042,281.535445
1,2043,464.344465
1,2044,431.706246
1,2045,374.431845
1,2046,416.914588
1,2047,256.279381
1,2048,622.003316
1,2049,546.215436
1,2050,266.194225
1,2051,270.320336
1,2052,279.152444
1,2053,142.877569
1,2054,357.188267
1,2055,424.387043
1,2056,541.822030
1,2057,321.839491
1,2058,303.006471
1,2059,457.640150
1,2060,376.631129
1,2061,139.796940
1,2062,148.614056
1,2063,140.012280
1,2064,288.029412
1,2065,416.299949
1,2066,362.443035
1,2067,474.323257
1,2068,140.195264
1,2069,439.270022
1,2070,140.362157
1,2071,524.182917
1,2072,138.971893
1,2073,608.945167
1,2074,332.451269
1,2075,250.267604
1,2076,277.431840
1,2077,423.215552
1,2078,142.591897
1,2079,493.117586
1,2080,139.776353
1,2081,463.082589
1,2082,583.307017
1,2083,1094.297774
1,2084,301.280348
1,2085,465.982070
1,2086,377.934786
1,2087,224.860943
1,2088,262.797729
1,2089,720.960063
1,2090,855.414354
1,2091,1168.360741
1,2092,349.414635
1,2093,458.092067
1,2094,1213.976775
1,2095,381.978336
1,2096,327.496507
1,2097,434.599814
1,2098,142.758014
1,2099,512.324713
1,2100,321.126666
1,2101,643.680687
1,2102,707.700611
1,2103,937.630448
1,2104,314.755086
1,2105,440.126484
1,2106,139.969127
1,2107,139.974141
1,2108,214.021743
1,2109,140.056723
1,2110,140.248733
1,2111,148.410563
1,2112,138.364263
1,2113,146.333113
1,2114,366.612352
1,2115,212.954981
1,2116,263.196687
1,2117,358.140170
1,2118,429.898550
1,2119,139.562410
1,2120,369.533395
1,2121,138.453377
1,2122,359.988701
1,2123,139.929817
1,2124,298.968013
1,2125,262.197438
1,2126,150.533129
1,2127,139.546919
1,2128,141.268570
1,2129,240.817843
1,2130,290.451262
1,2131,139.469626
1,2132,529.218914
1,2133,139.654327
1,2134,338.926797
1,2135,141.939397
1,2136,259.266916
1,2137,485.031527
1,2138,685.203131
1,2139,356.699249
1,2140,222.783133
1,2141,393.521062
1,2142,843.341386
1,2143,430.439150
1,2144,658.919472
1,2145,437.958633
1,2146,436.716605
1,2147,139.803943
1,2148,874.047216
1,2149,413.768734
1,2150,938.289406
1,2151,138.548021
1,2152,378.757523
1,2153,139.780463
1,2154,139.836413
1,2155,145.105708
1,2156,140.198000
1,2157,140.252630
1,2158,290.094511
1,2159,145.823896
1,2160,139.745106
1,2161,589.529094
1,2162,139.714797
1,2163,404.142098
1,2164,141.340169
1,2165,548.036208
1,2166,722.846267
1,2167,445.040148
1,2168,140.017189
1,2169,777.051569
1,2170,776.944499
1,2171,699.338682
1,2172,701.322564
1,2173,280.633337
1,2174,589.089284
1,2175,311.638608
1,2176,334.217575
1,2177,638.741134
1,2178,139.843714
1,2179,320.995495
1,2180,736.759768
1,2181,576.000387
1,2182,140.032446
1,2183,144.539382
1,2184,139.840863
1,2185,528.702760
1,2186,255.498668
1,2187,548.885686
1,2188,1596.166760
1,2189,328.588098
1,2190,474.144225
1,2191,422.562339
1,2192,496.297538
1,2193,463.220285
1,2194,487.679053
1,2195,281.257952
1,2196,405.548153
1,2197,221.748811
1,2198,139.683086
1,2199,493.436286
1,2200,139.957813
1,2201,638.951089
1,2202,347.122012
1,2203,582.430342
1,2204,141.137534
1,2205,293.741981
1,2206,488.609013
1,2207,791.541108
1,2208,556.725449
1,2209,140.016264
1,2210,375.416225
1,2211,663.654807
1,2212,579.858194
1,2213,377.665250
1,2214,456.739585
1,2215,477.831396
1,2216,139.801453
1,2217,2856.526408
1,2218,398.090317
1,2219,140.963824
1,2220,567.521229
1,2221,503.191240
1,2222,602.525753
1,2223,139.505999
1,2224,458.506393
1,2225,361.192273
1,2226,310.451821
1,2227,325.003621
1,2228,251.948455
1,2229,402.899067
1,2230,489.781909
1,2231,537.102794
1,2232,831.788827
1,2233,139.731201
1,2234,289.577310
1,2235,541.955685
1,2236,248.648846
1,2237,347.170035
1,2238,557.743620
1,2239,316.788822
1,2240,143.325465
1,2241,273.654618
1,2242,146.938438
1,2243,139.580412
1,2244,283.734590
1,2245,143.974627
1,2246,139.754173
1,2247,150.677405
1,2248,405.811345
1,2249,327.624854
1,2250,315.647399
1,2251,138.592118
1,2252,148.939660
1,2253,147.623806
1,2254,465.379736
1,2255,153.810211
1,2256,142.968787
1,2257,146.906647
1,2258,363.475809
1,2259,449.809301
1,2260,323.991590
1,2261,143.582017
1,2262,274.091852
1,2263,230.247819
1,2264,270.516757
1,2265,542.326339
1,2266,144.085874
1,2267,139.940509
1,2268,413.333102
1,2269,283.670616
1,2270,138.616324
1,2271,432.221847
1,2272,250.336657
1,2273,145.630538
1,2274,249.206681
1,2275,390.449539
1,2276,418.260550
1,2277,475.686475
1,2278,138.539772
1,2279,615.648029
1,2280,251.074181
1,2281,816.752792
1,2282,256.981618
1,2283,645.849709
1,2284,139.669105
1,2285,139.940697
1,2286,225.190053
1,2287,148.547301
1,2288,139.727001
1,2289,143.343858
1,2290,139.853282
1,2291,262.113150
1,2292,286.270414
1,2293,141.127014
1,2294,143.234099
1,2295,252.130015
1,2296,225.987338
1,2297,234.951441
1,2298,410.651906
1,2299,435.360532
1,2300,713.544224
1,2301,264.861117
1,2302,784.869767
1,2303,412.844928
1,2304,279.775670
1,2305,353.802258
1,2306,146.884223
1,2307,388.434381
1,2308,325.739479
1,2309,292.784125
1,2310,139.842860
1,2311,262.458554
1,2312,141.249563
1,2313,536.968556
1,2314,143.151664
1,2315,147.077726
1,2316,389.685934
1,2317,139.496344
1,2318,412.453472
1,2319,295.230307
1,2320,307.204185
1,2321,247.048299
1,2322,473.233753
1,2323,368.240962
1,2324,491.039990
1,2325,139.607093
1,2326,653.845708
1,2327,139.708433
1,2328,439.390518
1,2329,268.789044
1,2330,271.003594
1,2331,145.582987
1,2332,689.237430
1,2333,139.827742
1,2334,145.400354
1,2335,471.870896
1,2336,140.441498
1,2337,812.489358
1,2338,1353.026017
1,2339,1021.739142
1,2340,138.568374
1,2341,738.233852
1,2342,531.566038
1,2343,794.839003
1,2344,278.701995
1,2345,696.101075
1,2346,594.957637
1,2347,366.218031
1,2348,140.006878
1,2349,405.935846
1,2350,500.820723
1,2351,318.871908
1,2352,241.051353
1,2353,296.520506
1,2354,140.070913
1,2355,486.937604
1,2356,774.940937
1,2357,326.892866
1,2358,536.622281
1,2359,255.974241
1,2360,1149.811019
1,2361,1108.163672
1,2362,140.246148
1,2363,772.749522
1,2364,1727.757789
1,2365,957.385399
1,2366,1202.039260
1,2367,433.626435
1,2368,140.075084
1,2369,225.784508
1,2370,371.175278
1,2371,143.813726
1,2372,334.085120
1,2373,373.319091
1,2374,138.656156
1,2375,354.628517
1,2376,398.621523
1,2377,140.335539
1,2378,543.171962
1,2379,451.317447
1,2380,248.480991
1,2381,267.851989
1,2382,803.802691
1,2383,594.746565
1,2384,139.738049
1,2385,277.938410
1,2386,253.120960
1,2387,359.674688
1,2388,139.503280
1,2389,727.370397
1,2390,367.550143
1,2391,262.090859
1,2392,139.781374
1,2393,524.374717
1,2394,307.017874
1,2395,138.763991
1,2396,326.618095
1,2397,556.583709
1,2398,1781.740184
1,2399,954.646866
1,2400,301.854410
1,2401,1433.309394
1,2402,140.663964
1,2403,144.302957
1,2404,583.239842
1,2405,882.510697
1,2406,602.657600
1,2407,1706.865612
1,2408,139.963168
1,2409,408.065296
1,2410,341.515375
1,2411,153.422550
1,2412,140.229666
1,2413,146.577182
1,2414,142.963285
1,2415,828.368922
1,2416,230.848462
1,2417,776.888294
1,2418,144.712933
1,2419,146.952687
1,2420,152.157385
1,2421,153.446260
1,2422,140.058193
1,2423,323.483158
1,2424,342.811738
1,2425,138.485397
1,2426,281.137288
1,2427,148.969559
1,2428,150.328527
1,2429,149.118942
1,2430,140.093525
1,2431,151.060244
1,2432,149.205738
1,2433,145.500027
1,2434,155.830766
1,2435,140.214961
1,2436,143.614735
1,2437,345.437350
1,2438,139.810708
1,2439,311.493118
1,2440,329.669500
1,2441,410.980849
1,2442,151.572821
1,2443,149.924176
1,2444,151.055668
1,2445,140.751829
1,2446,147.743981
1,2447,150.024348
1,2448,139.611721
1,2449,153.038609
1,2450,139.505791
1,2451,340.380213
1,2452,146.203517
1,2453,299.090190
1,2454,139.672406
1,2455,294.023240
1,2456,347.812643
1,2457,408.984678
1,2458,566.465813
1,2459,304.670867
1,2460,141.205194
1,2461,287.587300
1,2462,139.892775
1,2463,446.299093
1,2464,698.924000
1,2465,297.869058
1,2466,240.200996
1,2467,243.779229
1,2468,147.655122
1,2469,261.674913
1,2470,139.927929
1,2471,258.459065
1,2472,537.764818
1,2473,141.280896
1,2474,378.317642
1,2475,146.121312
1,2476,138.598906
1,2477,328.429443
1,2478,157.956599
1,2479,139.952261
1,2480,385.410889
1,2481,397.901362
1,2482,287.155982
1,2483,140.365485
1,2484,144.417920
1,2485,440.408960
1,2486,694.878641
1,2487,541.791536
1,2488,140.221695
1,2489,626.187030
1,2490,724.427677
1,2491,219.278277
1,2492,611.033154
1,2493,415.615925
1,2494,140.119518
1,2495,492.820335
1,2496,349.045687
1,2497,148.159258
1,2498,143.120015
1,2499,228.051277
1,2500,264.857803
1,2501,139.802080
1,2502,574.298618
1,2503,387.294228
1,2504,151.169302
1,2505,602.267058
1,2506,139.024835
1,2507,1192.334851
1,2508,140.199842
1,2509,138.408327
1,2510,379.509194
1,2511,329.974291
1,2512,139.890906
1,2513,254.579525
1,2514,315.031314
1,2515,307.952270
1,2516,140.119392
1,2517,258.149637
1,2518,906.204879
1,2519,775.927393
1,2520,445.668980
1,2521,140.764588
1,2522,476.890766
1,2523,140.395095
1,2524,393.822972
1,2525,485.663603
1,2526,324.863748
1,2527,252.307753
1,2528,357.624197
1,2529,142.063825
1,2530,139.897935
1,2531,146.771623
1,2532,139.904350
1,2533,305.166450
1,2534,367.326405
1,2535,597.253195
1,2536,141.050880
1,2537,385.059091
1,2538,617.214541
1,2539,1332.263251
1,2540,655.185055
1,2541,140.794446
1,2542,447.409421
1,2543,302.885110
1,2544,1312.491808
1,2545,223.793773
1,2546,691.092398
1,2547,689.462163
1,2548,459.489514
1,2549,447.554746
1,2550,437.009465
1,2551,139.803594
1,2552,391.959198
1,2553,318.156292
1,2554,140.117130
1,2555,837.474921
1,2556,1341.829396
1,2557,332.880102
1,2558,455.705251
1,2559,899.607346
1,2560,290.327846
1,2561,368.387710
1,2562,142.890056
1,2563,472.880381
1,2564,141.611625
1,2565,154.549245
1,2566,138.554472
1,2567,791.263817
1,2568,263.924886
1,2569,140.054537
1,2570,564.055339
1,2571,358.434816
1,2572,666.204446
1,2573,852.527192
1,2574,551.770661
1,2575,352.604295
1,2576,143.599211
1,2577,140.647365
1,2578,589.979112
1,2579,415.329110
1,2580,634.465553
1,2581,696.754106
1,2582,930.219702
1,2583,141.256094
1,2584,617.591157
1,2585,146.259945
1,2586,295.934979
1,2587,390.221344
1,2588,140.201324
1,2589,748.843580
1,2590,889.322445
1,2591,490.540441
1,2592,138.745817
1,2593,1434.732912
1,2594,152.184184
1,2595,139.986582
1,2596,511.947921
1,2597,1586.954774
1,2598,260.701981
1,2599,755.176973
1,2600,139.832487
1,2601,355.381375
1,2602,140.483647
1,2603,410.879849
1,2604,1100.568272
1,2605,923.751897
1,2606,337.250393
1,2607,1222.389396
1,2608,589.543643
1,2609,871.233137
1,2610,744.906787
1,2611,739.738825
1,2612,758.913366
1,2613,139.808683
1,2614,152.076262
1,2615,152.743433
1,2616,350.027523
1,2617,419.875312
1,2618,525.479227
1,2619,399.803681
1,2620,140.065890
1,2621,1278.968457
1,2622,869.889753
1,2623,139.835076
1,2624,139.744308
1,2625,365.414756
1,2626,139.818834
1,2627,142.750043
1,2628,590.852483
1,2629,143.864221
1,2630,244.797230
1,2631,487.789845
1,2632,445.870080
1,2633,433.683576
1,2634,713.601448
1,2635,139.406247
1,2636,138.189489
1,2637,596.216184
1,2638,343.130617
1,2639,140.025249
1,2640,560.665764
1,2641,139.526685
1,2642,616.554443
1,2643,907.751338
1,2644,139.790900
1,2645,331.149395
1,2646,139.782049
1,2647,372.574738
1,2648,222.473808
1,2649,139.816809
1,2650,398.720815
1,2651,363.468167
1,2652,233.592925
1,2653,139.769347
1,2654,148.533520
1,2655,874.402575
1,2656,154.245677
1,2657,333.064177
1,2658,140.781347
1,2659,295.824084
1,2660,339.082275
1,2661,139.198585
1,2662,146.382818
1,2663,145.399257
1,2664,151.829979
1,2665,139.355534
1,2666,146.509512
1,2667,155.008938
1,2668,258.006416
1,2669,142.126819
1,2670,406.497965
1,2671,139.587305
1,2672,423.876906
1,2673,426.105732
1,2674,139.779256
1,2675,519.300090
1,2676,139.905407
1,2677,354.013580
1,2678,257.507404
1,2679,151.335057
1,2680,287.728672
1,2681,144.410597
1,2682,259.861363
1,2683,138.683308
1,2684,281.212174
1,2685,141.696825
1,2686,280.629514
1,2687,138.440744
1,2688,562.281464
1,2689,139.923490
1,2690,152.306833
1,2691,140.357155
1,2692,225.812610
1,2693,300.694857
1,2694,245.063075
1,2695,290.738083
1,2696,358.276119
1,2697,652.994333
1,2698,139.663646
1,2699,495.883744
1,2700,270.063807
1,2701,214.273117
1,2702,605.287833
1,2703,289.500388
1,2704,408.439501
1,2705,417.645023
1,2706,212.174451
1,2707,138.438217
1,2708,372.990706
1,2709,139.630266
1,2710,372.396530
1,2711,259.549267
1,2712,139.654523
1,2713,314.675895
1,2714,321.707346
1,2715,345.788951
1,2716,297.733701
1,2717,385.562651
1,2718,414.483987
1,2719,139.767042
1,2720,505.586970
1,2721,671.107501
1,2722,250.326631
1,2723,554.974968
1,2724,393.513915
1,2725,365.239470
1,2726,392.079137
1,2727,145.932342
1,2728,141.763399
1,2729,514.078473
1,2730,146.312058
1,2731,267.559634
1,2732,408.094303
1,2733,138.481440
1,2734,269.684450
1,2735,228.348009
1,2736,275.776134
1,2737,283.644613
1,2738,143.591642
1,2739,144.603007
1,2740,137.972129
1,2741,338.788032
1,2742,139.334035
1,2743,414.394716
1,2744,138.226240
1,2745,549.756275
1,2746,356.748773
1,2747,322.685573
1,2748,263.542349
1,2749,396.299630
1,2750,374.015307
1,2751,582.721209
1,2752,337.021781
1,2753,651.409609
1,2754,576.829106
1,2755,139.694304
1,2756,679.974764
1,2757,679.616832
1,2758,340.816722
1,2759,278.801184
1,2760,855.699468
1,2761,138.551032
1,2762,1129.287795
1,2763,227.827759
1,2764,816.770076
1,2765,711.242192
1,2766,139.763285
1,2767,561.641969
1,2768,409.087693
1,2769,139.948409
1,2770,147.066440
1,2771,139.664986
1,2772,140.154908
1,2773,576.340992
1,2774,292.414361
1,2775,275.029790
1,2776,911.683150
1,2777,349.004560
1,2778,464.616708
1,2779,573.898432
1,2780,254.179085
1,2781,585.869216
1,2782,564.090099
1,2783,291.334869
1,2784,404.166414
1,2785,643.247312
1,2786,291.708280
1,2787,797.367495
1,2788,889.890640
1,2789,320.024908
1,2790,271.181789
1,2791,147.055975
1,2792,145.908730
1,2793,252.648615
1,2794,139.692238
1,2795,427.662452
1,2796,139.613513
1,2797,138.481914
1,2798,147.063952
1,2799,139.747115
1,2800,141.858146
1,2801,246.912544
1,2802,248.501010
1,2803,291.849272
1,2804,141.749450
1,2805,143.055023
1,2806,145.311592
1,2807,144.086012
1,2808,221.492276
1,2809,415.346478
1,2810,429.908141
1,2811,142.185348
1,2812,359.178316
1,2813,809.127671
1,2814,243.399770
1,2815,139.179785
1,2816,146.331343
1,2817,245.678092
1,2818,256.613650
1,2819,144.705134
1,2820,259.411669
1,2821,310.589732
1,2822,149.158932
1,2823,139.381039
1,2824,276.250049
1,2825,333.126167
1,2826,138.357064
1,2827,317.740661
1,2828,224.476397
1,2829,143.360872
1,2830,372.915234
1,2831,149.736180
1,2832,273.227388
1,2833,139.597749
1,2834,349.984049
1,2835,319.116731
1,2836,138.438075
1,2837,354.456950
1,2838,350.185233
1,2839,139.897175
1,2840,147.937931
1,2841,139.786193
1,2842,480.461798
1,2843,140.465862
1,2844,250.726127
1,2845,141.496196
1,2846,341.356568
1,2847,250.894078
1,2848,299.209310
1,2849,314.246983
1,2850,140.125005
1,2851,357.456833
1,2852,237.309678
1,2853,246.990777
1,2854,293.546598
1,2855,274.328230
1,2856,732.280389
1,2857,260.951075
1,2858,531.719092
1,2859,852.526987
1,2860,138.335895
1,2861,444.265016
1,2862,139.622513
1,2863,140.147378
1,2864,150.004298
1,2865,139.796416
1,2866,138.525305
1,2867,289.516824
1,2868,281.342429
1,2869,140.050169
1,2870,146.302829
1,2871,332.190630
1,2872,151.557767
1,2873,452.411131
1,2874,139.183304
1,2875,552.329323
1,2876,833.350967
1,2877,412.164173
1,2878,1235.097054
1,2879,497.220596
1,2880,259.953790
1,2881,833.350925
1,2882,295.984210
1,2883,140.053508
1,2884,391.929386
1,2885,1041.368581
1,2886,141.605634
1,2887,145.250143
1,2888,544.161921
1,2889,139.537163
1,2890,288.303841
1,2891,487.785530
1,2892,450.200540
1,2893,293.075696
1,2894,146.896503
1,2895,390.567318
1,2896,315.924901
1,2897,214.089182
1,2898,149.719231
1,2899,526.815332
1,2900,309.174042
1,2901,221.424446
1,2902,259.272457
1,2903,324.385930
1,2904,139.738901
1,2905,292.897215
1,2906,302.778551
1,2907,139.791757
1,2908,268.537655
1,2909,297.749213
1,2910,477.191028
1,2911,249.437633
1,2912,313.898058
1,2913,246.008940
1,2914,294.268230
1,2915,433.586019
1,2916,141.368991
1,2917,398.129850
1,2918,367.705126
1,2919,408.773049
1,2920,337.219870
1,2921,143.115791
1,2922,252.928387
1,2923,139.700188
1,2924,248.934721
1,2925,355.711951
1,2926,263.578579
1,2927,415.179130
1,2928,146.747292
1,2929,242.197864
1,2930,529.107706
1,2931,139.907459
1,2932,500.635471
1,2933,146.402348
1,2934,1060.422529
1,2935,741.659055
1,2936,438.974676
1,2937,335.821919
1,2938,254.253349
1,2939,950.301838
1,2940,571.915028
1,2941,240.161693
1,2942,287.886814
1,2943,140.149079
1,2944,370.351480
1,2945,140.073856
1,2946,290.616723
1,2947,406.637558
1,2948,139.567904
1,2949,591.547028
1,2950,140.029299
1,2951,413.725385
1,2952,140.106516
1,2953,1145.399774
1,2954,349.147524
1,2955,138.289485
1,2956,251.302522
1,2957,145.972718
1,2958,258.602115
1,2959,140.631908
1,2960,232.620803
1,2961,139.991537
1,2962,365.021710
1,2963,140.029888
1,2964,361.162959
1,2965,510.548778
1,2966,139.919071
1,2967,594.154052
1,2968,147.851499
1,2969,354.660017
1,2970,139.750147
1,2971,151.598571
1,2972,249.599555
1,2973,139.623332
1,2974,237.885060
1,2975,277.717798
1,2976,473.495454
1,2977,245.885266
1,2978,142.052123
1,2979,137.946417
1,2980,398.416568
1,2981,139.422842
1,2982,146.439789
1,2983,281.054061
1,2984,146.256054
1,2985,307.899663
1,2986,146.719062
1,2987,138.402758
1,2988,141.118583
1,2989,146.012290
1,2990,139.672716
1,2991,324.263715
1,2992,299.288344
1,2993,320.297463
1,2994,147.423370
1,2995,413.081565
1,2996,278.331008
1,2997,313.774049
1,2998,318.572978
1,2999,657.903658
1,3000,287.113103
1,3001,139.988796
1,3002,406.704443
1,3003,225.380716
1,3004,271.511644
1,3005,138.538025
1,3006,298.480556
1,3007,139.826920
1,3008,142.748787
1,3009,396.110358
1,3010,138.519092
1,3011,855.281572
1,3012,614.055032
1,3013,370.277997
1,3014,253.306871
1,3015,143.906410
1,3016,139.847661
1,3017,477.467200
1,3018,142.734223
1,3019,308.780931
1,3020,401.351847
1,3021,263.582508
1,3022,138.942030
1,3023,335.414904
1,3024,339.611138
1,3025,354.434655
1,3026,253.288208
1,3027,354.624480
1,3028,144.335582
1,3029,139.835815
1,3030,144.880511
1,3031,277.295774
1,3032,280.947441
1,3033,144.139192
1,3034,246.787504
1,3035,428.072730
1,3036,139.665631
1,3037,248.677084
1,3038,139.639012
1,3039,381.733831
1,3040,142.633356
1,3041,144.470354
1,3042,139.613181
1,3043,231.725137
1,3044,236.578372
1,3045,294.893900
1,3046,139.615383
1,3047,146.741994
1,3048,139.902649
1,3049,147.301154
1,3050,146.675589
1,3051,145.950828
1,3052,141.083493
1,3053,140.766266
1,3054,138.319167
1,3055,148.843122
1,3056,139.725050
1,3057,422.432519
1,3058,470.359703
1,3059,262.989904
1,3060,395.893636
1,3061,145.594107
1,3062,140.869069
1,3063,144.942902
1,3064,147.174739
1,3065,147.247952
1,3066,149.051003
1,3067,208.687693
1,3068,139.623030
1,3069,461.731450
1,3070,1808.709028
1,3071,1395.129244
1,3072,1115.411757
1,3073,921.751851
1,3074,769.536279
1,3075,138.987251
1,3076,810.022167
1,3077,455.611277
1,3078,581.528739
1,3079,478.397894
1,3080,679.770199
1,3081,639.883576
1,3082,243.264690
1,3083,454.096280
1,3084,270.234898
1,3085,474.150066
1,3086,511.323047
1,3087,458.576947
1,3088,734.933795
1,3089,337.954451
1,3090,893.326883
1,3091,1779.847554
1,3092,502.971137
1,3093,713.589067
1,3094,571.919858
1,3095,521.052458
1,3096,425.696940
1,3097,139.622398
1,3098,223.108020
1,3099,297.943561
1,3100,766.572941
1,3101,419.867009
1,3102,725.043450
1,3103,382.672246
1,3104,141.033319
1,3105,435.570681
1,3106,313.782507
1,3107,139.653533
1,3108,540.276671
1,3109,139.663796
1,3110,141.195338
1,3111,139.484769
1,3112,143.928992
1,3113,147.677533
1,3114,451.471945
1,3115,387.558269
1,3116,381.399620
1,3117,387.502796
1,3118,140.765522
1,3119,401.867569
1,3120,148.092242
1,3121,150.063534
1,3122,139.457137
1,3123,149.164494
1,3124,138.258306
1,3125,147.386145
1,3126,144.744407
1,3127,139.461262
1,3128,143.638753
1,3129,147.581471
1,3130,328.551557
1,3131,391.070580
1,3132,149.002307
1,3133,402.359988
1,3134,295.364531
1,3135,139.525998
1,3136,310.356448
1,3137,148.210899
1,3138,241.471365
1,3139,248.240491
1,3140,266.142803
1,3141,140.291022
1,3142,301.967009
1,3143,138.994797
1,3144,488.236121
1,3145,286.348475
1,3146,315.876769
1,3147,511.386843
1,3148,565.912739
1,3149,139.185850
1,3150,327.988991
1,3151,140.552874
1,3152,312.490655
1,3153,139.419983
1,3154,334.966289
1,3155,309.802032
1,3156,149.024661
1,3157,495.684898
1,3158,206.027234
1,3159,382.750595
1,3160,623.198448
1,3161,655.701836
1,3162,497.487700
1,3163,321.691893
1,3164,139.766077
1,3165,144.856324
1,3166,139.717369
1,3167,144.962620
1,3168,148.262859
1,3169,139.599868
1,3170,142.525364
1,3171,251.318677
1,3172,140.952566
1,3173,142.707981
1,3174,139.565927
1,3175,654.431108
1,3176,139.592916
1,3177,321.851542
1,3178,253.116575
1,3179,145.036188
1,3180,139.548473
1,3181,142.604334
1,3182,147.634123
1,3183,148.469966
1,3184,139.506109
1,3185,138.375709
1,3186,146.482834
1,3187,139.412261
1,3188,505.999071
1,3189,282.235506
1,3190,272.152241
1,3191,347.859403
1,3192,139.352115
1,3193,148.784320
1,3194,139.328939
1,3195,145.838130
1,3196,435.077725
1,3197,479.429683
1,3198,614.222021
1,3199,491.389037
1,3200,621.976361
1,3201,213.114806
1,3202,536.808421
1,3203,139.278086
1,3204,142.470932
1,3205,143.935359
1,3206,144.594143
1,3207,142.405059
1,3208,284.318939
1,3209,457.596768
1,3210,144.444512
1,3211,139.320400
1,3212,143.307157
1,3213,142.870084
1,3214,145.587248
1,3215,140.808489
1,3216,139.377049
1,3217,147.811833
1,3218,142.297833
1,3219,142.715009
1,3220,275.423357
1,3221,324.362493
1,3222,144.274205
1,3223,147.920540
1,3224,140.510195
1,3225,142.157611
1,3226,139.234946
1,3227,142.686019
1,3228,139.197401
1,3229,144.887674
1,3230,139.152614
1,3231,139.517189
1,3232,145.704910
1,3233,301.476991
1,3234,148.498193
1,3235,146.314172
1,3236,142.436794
1,3237,146.411454
1,3238,139.342914
1,3239,146.831321
1,3240,141.704844
1,3241,143.624289
1,3242,145.428708
1,3243,633.662753
1,3244,272.645847
1,3245,145.821137
1,3246,258.148011
1,3247,143.147772
1,3248,737.866077
1,3249,148.682003
1,3250,146.429114
1,3251,144.234218
1,3252,139.073975
1,3253,319.900425
1,3254,139.162193
1,3255,259.758319
1,3256,571.103469
1,3257,501.456359
1,3258,139.264841
1,3259,427.763469
1,3260,492.298771
1,3261,627.088032
1,3262,297.401007
1,3263,297.417428
1,3264,140.532501
1,3265,139.578162
1,3266,265.126564
1,3267,248.314479
1,3268,144.524953
1,3269,321.196544
1,3270,255.711394
1,3271,149.815425
1,3272,145.357823
1,3273,346.289757
1,3274,418.723749
1,3275,221.649562
1,3276,297.402570
1,3277,741.274010
1,3278,324.407877
1,3279,392.903421
1,3280,148.310289
1,3281,139.692895
1,3282,144.732656
1,3283,444.469024
1,3284,331.816250
1,3285,144.818699
1,3286,363.400020
1,3287,235.800687
1,3288,148.200807
1,3289,147.007881
1,3290,265.427161
1,3291,523.822266
1,3292,216.770223
1,3293,147.794405
1,3294,139.580190
1,3295,142.549632
1,3296,404.093505
1,3297,306.218306
1,3298,148.231408
1,3299,336.379311
1,3300,150.596975
1,3301,381.826812
1,3302,246.843324
1,3303,154.392952
1,3304,152.648915
1,3305,139.244016
1,3306,138.230154
1,3307,147.688177
1,3308,248.233353
1,3309,146.131114
1,3310,143.335574
1,3311,509.839627
1,3312,289.903963
1,3313,445.621551
1,3314,566.021240
1,3315,335.701441
1,3316,138.968042
1,3317,343.098820
1,3318,145.589477
1,3319,140.477714
1,3320,143.529799
1,3321,144.430616
1,3322,142.182182
1,3323,662.238287
1,3324,146.203342
1,3325,149.167918
1,3326,144.741394
1,3327,286.355420
1,3328,323.490111
1,3329,140.671697
1,3330,469.186619
1,3331,382.132241
1,3332,139.364999
1,3333,146.659203
1,3334,139.441932
1,3335,142.505383
1,3336,138.272977
1,3337,140.697059
1,3338,656.194533
1,3339,617.074813
1,3340,260.066623
1,3341,279.219002
1,3342,359.372895
1,3343,141.002680
1,3344,372.559767
1,3345,229.085872
1,3346,243.664823
1,3347,454.023212
1,3348,282.463950
1,3349,275.119507
1,3350,321.193327
1,3351,415.953879
1,3352,277.890409
1,3353,703.876124
1,3354,347.244651
1,3355,395.661714
1,3356,139.598999
1,3357,292.627804
1,3358,222.150847
1,3359,288.282131
1,3360,139.475253
1,3361,143.561858
1,3362,1232.218267
1,3363,1838.694338
1,3364,233.946005
1,3365,354.477470
1,3366,138.210043
1,3367,332.999466
1,3368,317.824272
1,3369,491.157118
1,3370,264.547210
1,3371,297.173566
1,3372,139.273808
1,3373,228.712212
1,3374,418.101324
1,3375,240.362175
1,3376,392.439449
1,3377,370.283776
1,3378,655.487733
1,3379,515.153721
1,3380,497.000780
1,3381,139.722549
1,3382,395.391771
1,3383,398.940815
1,3384,558.590294
1,3385,601.804721
1,3386,638.745938
1,3387,375.796979
1,3388,139.771119
1,3389,556.026081
1,3390,536.748966
1,3391,715.982711
1,3392,906.944251
1,3393,412.529780
1,3394,486.665093
1,3395,286.332259
1,3396,138.460859
1,3397,267.403714
1,3398,322.781545
1,3399,347.805743
1,3400,315.039347
1,3401,281.202511
1,3402,327.735260
1,3403,464.363176
1,3404,235.769711
1,3405,263.314138
1,3406,403.462874
1,3407,265.126435
1,3408,149.598237
1,3409,461.029391
1,3410,139.738940
1,3411,384.046434
1,3412,139.712229
1,3413,142.601576
1,3414,290.702447
1,3415,146.255801
1,3416,421.348784
1,3417,142.071393
1,3418,512.209103
1,3419,138.992744
1,3420,481.828923
1,3421,533.214225
1,3422,214.938066
1,3423,291.414176
1,3424,543.270884
1,3425,483.959462
1,3426,139.267529
1,3427,932.396606
1,3428,531.200900
1,3429,907.603078
1,3430,139.387012
1,3431,427.927696
1,3432,139.530430
1,3433,562.019320
1,3434,290.741209
1,3435,374.611953
1,3436,288.630089
1,3437,544.259482
1,3438,447.478827
1,3439,618.381159
1,3440,624.920622
1,3441,850.533452
1,3442,591.512869
1,3443,476.052613
1,3444,139.720211
1,3445,144.109627
1,3446,141.245838
1,3447,321.401468
1,3448,482.378278
1,3449,139.809822
1,3450,339.213695
1,3451,139.693788
1,3452,225.774918
1,3453,299.714819
1,3454,308.394709
1,3455,139.788721
1,3456,302.185147
1,3457,139.810075
1,3458,148.051827
1,3459,139.738540
1,3460,330.409444
1,3461,589.829048
1,3462,513.619097
1,3463,625.819867
1,3464,1095.042967
1,3465,247.981264
1,3466,394.948276
1,3467,250.297588
1,3468,378.353301
1,3469,139.195133
1,3470,774.902490
1,3471,285.131817
1,3472,325.346957
1,3473,361.896578
1,3474,359.107648
1,3475,275.639602
1,3476,463.139704
1,3477,287.052884
1,3478,145.964681
1,3479,310.019055
1,3480,138.419923
1,3481,544.464236
1,3482,139.777454
1,3483,384.338251
1,3484,618.685034
1,3485,341.224420
1,3486,385.855315
1,3487,287.844515
1,3488,313.938085
1,3489,426.426694
1,3490,146.482449
1,3491,264.607524
1,3492,375.906472
1,3493,360.231674
1,3494,393.821023
1,3495,411.247873
1,3496,518.399265
1,3497,353.044901
1,3498,316.693298
1,3499,143.689249
1,3500,149.777267
1,3501,140.382036
1,3502,968.610281
1,3503,253.532118
1,3504,248.000429
1,3505,323.497376
1,3506,321.779543
1,3507,139.591383
1,3508,146.955853
1,3509,139.683045
1,3510,504.573482
1,3511,143.356312
1,3512,329.522398
1,3513,458.537934
1,3514,139.152982
1,3515,351.038470
1,3516,649.501220
1,3517,415.206553
1,3518,568.146751
1,3519,307.098150
1,3520,545.569080
1,3521,642.415804
1,3522,826.190856
1,3523,800.507720
1,3524,138.233783
1,3525,387.869267
1,3526,443.973558
1,3527,139.625803
1,3528,147.038642
1,3529,139.588426
1,3530,352.448510
1,3531,238.979054
1,3532,259.931877
1,3533,748.317972
1,3534,139.791883
1,3535,294.822037
1,3536,385.436494
1,3537,392.325679
1,3538,142.499206
1,3539,600.787518
1,3540,427.583557
1,3541,425.031369
1,3542,271.450550
1,3543,569.694206
1,3544,476.977261
1,3545,258.226934
1,3546,476.262202
1,3547,484.946774
1,3548,366.039234
1,3549,934.133367
1,3550,294.694244
1,3551,331.084958
1,3552,597.236701
1,3553,1000.056939
1,3554,477.949470
1,3555,383.639434
1,3556,292.216856
1,3557,455.354440
1,3558,422.853757
1,3559,284.335123
1,3560,815.682882
1,3561,253.036665
1,3562,139.567045
1,3563,498.849336
1,3564,437.640979
1,3565,332.363679
1,3566,552.943932
1,3567,559.337059
1,3568,1273.627631
1,3569,139.665526
1,3570,466.818359
1,3571,368.710927
1,3572,296.656543
1,3573,354.782816
1,3574,412.727813
1,3575,146.801050
1,3576,347.108921
1,3577,143.507993
1,3578,335.592499
1,3579,270.287127
1,3580,461.670515
1,3581,148.711806
1,3582,480.803750
1,3583,407.556987
1,3584,306.382440
1,3585,139.524668
1,3586,367.666814
1,3587,292.415895
1,3588,473.635895
1,3589,150.849828
1,3590,139.529633
1,3591,343.028932
1,3592,499.598902
1,3593,380.845456
1,3594,558.026169
1,3595,556.332209
1,3596,390.535179
1,3597,292.690154
1,3598,425.288460
1,3599,140.791728
1,3600,150.519091
1,3601,147.040165
1,3602,268.354910
1,3603,267.748147
1,3604,139.031342
1,3605,141.595998
1,3606,464.238729
1,3607,289.373401
1,3608,313.587315
1,3609,281.833125
1,3610,138.159694
1,3611,139.241091
1,3612,365.068957
1,3613,349.287852
1,3614,145.337439
1,3615,254.773690
1,3616,215.653746
1,3617,139.588191
1,3618,272.138719
1,3619,140.918674
1,3620,144.536224
1,3621,138.133463
1,3622,143.766061
1,3623,409.936518
1,3624,227.012573
1,3625,139.722396
1,3626,142.688617
1,3627,138.488205
1,3628,311.119718
1,3629,298.344095
1,3630,145.235808
1,3631,309.457011
1,3632,139.856968
1,3633,268.432341
1,3634,239.240433
1,3635,382.742452
1,3636,303.466841
1,3637,138.174603
1,3638,509.359924
1,3639,552.435835
1,3640,139.735145
1,3641,141.403387
1,3642,139.691822
1,3643,139.929091
1,3644,138.378780
1,3645,145.921206
1,3646,139.620736
1,3647,140.964656
1,3648,375.484652
1,3649,392.421113
1,3650,139.662487
1,3651,344.196270
1,3652,139.684736
1,3653,212.815268
1,3654,139.619293
1,3655,314.833727
1,3656,139.917363
1,3657,139.676389
1,3658,146.107130
1,3659,140.853727
1,3660,146.888858
1,3661,326.522524
1,3662,139.875719
1,3663,274.654471
1,3664,337.758267
1,3665,350.682827
1,3666,150.443785
1,3667,140.832631
1,3668,139.961854
1,3669,140.860651
1,3670,282.335317
1,3671,424.012499
1,3672,242.507636
1,3673,139.483099
1,3674,297.000819
1,3675,139.405572
1,3676,144.961007
1,3677,145.741730
1,3678,142.947677
1,3679,147.273906
1,3680,139.599006
1,3681,317.412888
1,3682,1418.659640
1,3683,353.479015
1,3684,258.981574
1,3685,246.623798
1,3686,275.629454
1,3687,142.109278
1,3688,279.734859
1,3689,139.301055
1,3690,143.201521
1,3691,139.455334
1,3692,298.090299
1,3693,571.360744
1,3694,530.921008
1,3695,558.335123
1,3696,237.882738
1,3697,248.586118
1,3698,430.313088
1,3699,138.939568
1,3700,262.717292
1,3701,548.916055
1,3702,138.118368
1,3703,526.865540
1,3704,859.615286
1,3705,138.096112
1,3706,728.855659
1,3707,1243.464749
1,3708,769.081982
1,3709,350.985174
1,3710,377.567207
1,3711,296.877744
1,3712,514.379646
1,3713,321.664015
1,3714,615.171186
1,3715,408.021166
1,3716,525.120867
1,3717,415.920130
1,3718,566.855975
1,3719,606.672154
1,3720,144.554252
1,3721,307.028926
1,3722,139.574272
1,3723,387.931154
1,3724,146.116572
1,3725,139.674712
1,3726,143.711229
1,3727,139.610801
1,3728,144.019727
1,3729,143.444201
1,3730,264.651984
1,3731,142.773646
1,3732,139.642741
1,3733,144.177008
1,3734,276.494394
1,3735,643.791756
1,3736,139.649907
1,3737,496.477437
1,3738,521.360373
1,3739,138.402689
1,3740,143.880289
1,3741,148.073801
1,3742,139.630705
1,3743,144.667299
1,3744,143.959226
1,3745,236.791634
1,3746,345.153443
1,3747,144.527065
1,3748,349.476366
1,3749,140.865267
1,3750,251.944649
1,3751,144.198501
1,3752,375.941218
1,3753,147.419644
1,3754,139.492329
1,3755,146.153132
1,3756,139.827945
1,3757,223.096810
1,3758,244.575382
1,3759,139.506556
1,3760,146.357412
1,3761,139.387931
1,3762,142.572695
1,3763,139.519826
1,3764,359.284034
1,3765,139.407218
1,3766,140.771950
1,3767,249.622798
1,3768,366.272144
1,3769,330.098167
1,3770,145.740964
1,3771,139.497006
1,3772,147.746507
1,3773,282.726653
1,3774,267.837460
1,3775,279.556058
1,3776,350.324799
1,3777,469.995675
1,3778,363.725958
1,3779,139.608352
1,3780,298.803149
1,3781,139.709777
1,3782,153.373056
1,3783,139.862261
1,3784,256.201223
1,3785,145.797631
1,3786,330.416140
1,3787,139.829272
1,3788,238.126090
1,3789,284.689840
1,3790,140.443171
1,3791,251.932293
1,3792,160.769656
1,3793,277.162240
1,3794,138.568806
1,3795,383.519684
1,3796,643.960606
1,3797,464.264158
1,3798,140.057350
1,3799,447.976782
1,3800,294.386996
1,3801,236.722552
1,3802,140.008618
1,3803,382.265637
1,3804,352.247028
1,3805,254.206376
1,3806,139.983932
1,3807,318.336314
1,3808,140.072681
1,3809,248.091051
1,3810,251.633930
1,3811,274.663767
1,3812,236.158850
1,3813,141.507458
1,3814,152.050193
1,3815,315.701939
1,3816,140.238238
1,3817,280.612382
1,3818,417.500600
1,3819,338.816563
1,3820,597.192901
1,3821,284.299608
1,3822,140.141921
1,3823,254.717120
1,3824,146.391011
1,3825,143.764287
1,3826,242.607140
1,3827,282.460921
1,3828,138.710414
1,3829,151.774547
1,3830,147.263349
1,3831,140.332702
1,3832,148.426493
1,3833,150.621993
1,3834,142.301813
1,3835,296.664083
1,3836,335.015628
1,3837,148.687998
1,3838,139.894090
1,3839,145.366393
1,3840,142.338504
1,3841,148.059484
1,3842,139.504352
1,3843,389.291279
1,3844,141.442992
1,3845,140.481619
1,3846,139.782648
1,3847,432.843923
1,3848,139.866081
1,3849,139.092665
1,3850,259.077081
1,3851,149.286306
1,3852,286.908106
1,3853,946.162580
1,3854,139.885846
1,3855,458.118659
1,3856,458.944098
1,3857,144.474989
1,3858,143.967372
1,3859,645.052700
1,3860,140.739088
1,3861,494.102954
1,3862,139.989014
1,3863,382.092753
1,3864,146.759526
1,3865,689.347923
1,3866,140.327447
1,3867,252.331906
1,3868,143.000304
1,3869,255.955386
1,3870,140.929174
1,3871,156.226631
1,3872,145.000196
1,3873,146.997237
1,3874,280.054998
1,3875,360.646361
1,3876,140.095061
1,3877,145.533653
1,3878,259.030478
1,3879,138.485849
1,3880,286.724709
1,3881,149.389665
1,3882,150.974699
1,3883,220.614552
1,3884,140.161029
1,3885,303.016218
1,3886,297.108661
1,3887,145.531409
1,3888,397.719539
1,3889,140.220396
1,3890,143.913446
1,3891,333.214769
1,3892,139.835528
1,3893,253.196896
1,3894,257.632541
1,3895,281.813455
1,3896,153.084768
1,3897,258.902860
1,3898,329.395794
1,3899,220.975718
1,3900,249.913889
1,3901,551.571016
1,3902,139.593823
1,3903,729.193405
1,3904,139.506896
1,3905,681.503323
1,3906,350.211979
1,3907,260.188089
1,3908,139.673691
1,3909,145.200331
1,3910,151.811549
1,3911,163.541951
1,3912,712.044899
1,3913,591.280642
1,3914,141.229241
1,3915,583.496379
1,3916,140.052145
1,3917,152.591870
1,3918,252.357090
1,3919,306.080609
1,3920,140.456548
1,3921,264.793719
1,3922,362.083191
1,3923,538.666040
1,3924,139.929553
1,3925,622.216123
1,3926,733.921538
1,3927,141.309131
1,3928,143.771577
1,3929,494.335748
1,3930,138.599341
1,3931,915.142373
1,3932,1068.730197
1,3933,139.953946
1,3934,1651.223878
1,3935,1672.873416
1,3936,645.104762
1,3937,140.570245
1,3938,213.871567
1,3939,595.301655
1,3940,666.291000
1,3941,544.930949
1,3942,140.280595
1,3943,675.103244
1,3944,285.234144
1,3945,140.513464
1,3946,331.009588
1,3947,356.309057
1,3948,140.295332
1,3949,438.078840
1,3950,437.379161
1,3951,353.266599
1,3952,239.773413
1,3953,144.494695
1,3954,484.261665
1,3955,139.803745
1,3956,565.454621
1,3957,560.574764
1,3958,263.509713
1,3959,344.908861
1,3960,139.061081
1,3961,578.121964
1,3962,140.342884
1,3963,138.408751
1,3964,617.946673
1,3965,397.942618
1,3966,139.918035
1,3967,283.794469
1,3968,146.168290
1,3969,343.192721
1,3970,140.186881
1,3971,138.960636
1,3972,299.180834
1,3973,460.032805
1,3974,452.035632
1,3975,141.047702
1,3976,326.681744
1,3977,140.643270
1,3978,292.141503
1,3979,318.943602
1,3980,149.577810
1,3981,142.843612
1,3982,375.646377
1,3983,142.114230
1,3984,232.413018
1,3985,146.847899
1,3986,139.936227
1,3987,251.912210
1,3988,262.221772
1,3989,154.161117
1,3990,141.054360
1,3991,151.859828
1,3992,481.286741
1,3993,249.452386
1,3994,149.808117
1,3995,140.764128
1,3996,1106.251195
1,3997,269.639317
1,3998,518.234937
1,3999,139.570413
1,4000,776.301298
1,4001,768.893037
1,4002,272.704789
1,4003,238.858808
1,4004,302.085093
1,4005,139.804919
1,4006,393.601264
1,4007,627.148652
1,4008,140.179333
1,4009,538.884704
1,4010,661.643217
1,4011,319.826667
1,4012,1513.624443
1,4013,248.648081
1,4014,255.051203
1,4015,412.168122
1,4016,143.129348
1,4017,390.659251
1,4018,142.183071
1,4019,993.498297
1,4020,138.554889
1,4021,581.360097
1,4022,406.600306
1,4023,140.056159
1,4024,406.256620
1,4025,140.100946
1,4026,288.131637
1,4027,144.086616
1,4028,253.112909
1,4029,286.991591
1,4030,143.624030
1,4031,277.184433
1,4032,483.394959
1,4033,252.884373
1,4034,520.187742
1,4035,653.739220
1,4036,344.225488
1,4037,220.198678
1,4038,411.872433
1,4039,315.107585
1,4040,144.969447
1,4041,145.340436
1,4042,140.494489
1,4043,528.851309
1,4044,256.830206
1,4045,273.123691
1,4046,138.778555
1,4047,505.712269
1,4048,350.253648
1,4049,140.019183
1,4050,477.758992
1,4051,394.667289
1,4052,140.382055
1,4053,540.676480
1,4054,139.859396
1,4055,149.837666
1,4056,215.565865
1,4057,484.700709
1,4058,285.979361
1,4059,143.024752
1,4060,263.233366
1,4061,144.314710
1,4062,290.041044
1,4063,476.835112
1,4064,344.926598
1,4065,144.324426
1,4066,352.323239
1,4067,139.845229
1,4068,289.730153
1,4069,303.026603
1,4070,140.133732
1,4071,299.995027
1,4072,327.813164
1,4073,377.200486
1,4074,140.140887
1,4075,586.642110
1,4076,375.535679
1,4077,139.862652
1,4078,139.721282
1,4079,302.157011
1,4080,139.994575
1,4081,142.756620
1,4082,628.426291
1,4083,247.395747
1,4084,154.144583
1,4085,252.434600
1,4086,145.586248
1,4087,290.457612
1,4088,153.861275
1,4089,139.407119
1,4090,138.166916
1,4091,150.942987
1,4092,501.821447
1,4093,140.012553
1,4094,538.358917
1,4095,139.527877
1,4096,153.125628
1,4097,152.011223
1,4098,139.792195
1,4099,143.943393
1,4100,139.758994
1,4101,148.453828
1,4102,149.330583
1,4103,139.818230
1,4104,291.283298
1,4105,258.568115
1,4106,315.984077
1,4107,139.770839
1,4108,148.943682
1,4109,154.318467
1,4110,363.971370
1,4111,450.102737
1,4112,222.378751
1,4113,761.599785
1,4114,146.654687
1,4115,139.199154
1,4116,146.546177
1,4117,145.806428
1,4118,559.088326
1,4119,139.356455
1,4120,673.390278
1,4121,1529.644272
1,4122,1331.176362
1,4123,343.478930
1,4124,150.143080
1,4125,217.222577
1,4126,144.646715
1,4127,332.278769
1,4128,139.752974
1,4129,146.958223
1,4130,140.247160
1,4131,286.319624
1,4132,436.027474
1,4133,854.425313
1,4134,484.157200
1,4135,477.136770
1,4136,150.019214
1,4137,138.683701
1,4138,145.161919
1,4139,235.124951
1,4140,275.633332
1,4141,138.452854
1,4142,150.071554
1,4143,139.925027
1,4144,683.976878
1,4145,140.328598
1,4146,139.646233
1,4147,348.129583
1,4148,547.009704
1,4149,221.305460
1,4150,326.908372
1,4151,412.713095
1,4152,139.828134
1,4153,354.787506
1,4154,149.149824
1,4155,139.768686
1,4156,148.140907
1,4157,139.841629
1,4158,140.837176
1,4159,267.475761
1,4160,139.613673
1,4161,138.438631
1,4162,152.325755
1,4163,139.648440
1,4164,286.268983
1,4165,141.781165
1,4166,139.656101
1,4167,392.726718
1,4168,387.496770
1,4169,232.939560
1,4170,147.457851
1,4171,146.657226
1,4172,324.504815
1,4173,139.790046
1,4174,617.956585
1,4175,393.998236
1,4176,141.807051
1,4177,279.464612
1,4178,279.965226
1,4179,271.825447
1,4180,141.353423
1,4181,340.825835
1,4182,141.994955
1,4183,320.343914
1,4184,146.608015
1,4185,142.520019
1,4186,463.797152
1,4187,138.511144
1,4188,146.873187
1,4189,139.589980
1,4190,141.021035
1,4191,145.657967
1,4192,390.084701
1,4193,144.619206
1,4194,137.972129
1,4195,143.132684
1,4196,139.334704
1,4197,146.178681
1,4198,138.226240
1,4199,144.190110
1,4200,139.709948
1,4201,145.885382
1,4202,140.465918
1,4203,139.740514
1,4204,341.633010
1,4205,270.902666
1,4206,242.424177
1,4207,538.048108
1,4208,590.021045
1,4209,139.695597
1,4210,838.780803
1,4211,690.754269
1,4212,141.282492
1,4213,141.454307
1,4214,146.413593
1,4215,138.551400
1,4216,152.289842
1,4217,140.448394
1,4218,154.401225
1,4219,276.965727
1,4220,139.764761
1,4221,648.088476
1,4222,386.361903
1,4223,139.910321
1,4224,364.662696
1,4225,139.686618
1,4226,140.121837
1,4227,153.372703
1,4228,140.142537
1,4229,139.002072
1,4230,151.343799
1,4231,140.360492
1,4232,148.045489
1,4233,141.767619
1,4234,140.343776
1,4235,149.462290
1,4236,349.593977
1,4237,141.884163
1,4238,322.681332
1,4239,151.701154
1,4240,140.126223
1,4241,151.195211
1,4242,150.302539
1,4243,363.162475
1,4244,254.179133
1,4245,147.330833
1,4246,261.254063
1,4247,334.456516
1,4248,139.693776
1,4249,151.212240
1,4250,139.592843
1,4251,138.482311
1,4252,147.383900
1,4253,139.771858
1,4254,141.911565
1,4255,145.910639
1,4256,236.686861
1,4257,344.720317
1,4258,141.739145
1,4259,271.141698
1,4260,254.646200
1,4261,270.234721
1,4262,143.969496
1,4263,838.855280
1,4264,240.054667
1,4265,341.190588
1,4266,355.879997
1,4267,901.001763
1,4268,146.210230
1,4269,139.180329
1,4270,146.329752
1,4271,139.426304
1,4272,150.410043
1,4273,144.721501
1,4274,149.955444
1,4275,142.771028
1,4276,354.646953
1,4277,139.382116
1,4278,316.851979
1,4279,146.542161
1,4280,138.357372
1,4281,151.845335
1,4282,141.119305
1,4283,143.659512
1,4284,152.022965
1,4285,149.844531
1,4286,143.010629
1,4287,139.599096
1,4288,268.872145
1,4289,237.341800
1,4290,138.438438
1,4291,148.488715
1,4292,151.163543
1,4293,139.959895
1,4294,148.261420
1,4295,139.830663
1,4296,153.716369
1,4297,140.498220
1,4298,343.756901
1,4299,141.475847
1,4300,303.583598
1,4301,147.257621
1,4302,143.047239
1,4303,146.621454
1,4304,140.317436
1,4305,151.916340
1,4306,140.165021
1,4307,254.612588
1,4308,141.298809
1,4309,141.650563
1,4310,349.753017
1,4311,140.528034
1,4312,284.918514
1,4313,243.157529
1,4314,138.336291
1,4315,154.339136
1,4316,139.624030
1,4317,140.403043
1,4318,244.863546
1,4319,139.768124
1,4320,138.559565
1,4321,289.333182
1,4322,148.836120
1,4323,140.257159
1,4324,146.514525
1,4325,151.846318
1,4326,152.391400
1,4327,146.619366
1,4328,139.183836
1,4329,147.429873
1,4330,140.129201
1,4331,140.055810
1,4332,250.209140
1,4333,148.326942
1,4334,140.748126
1,4335,150.731374
1,4336,142.441988
1,4337,140.274872
1,4338,144.764847
1,4339,273.813902
1,4340,343.684995
1,4341,145.241773
1,4342,236.175376
1,4343,139.538422
1,4344,145.439829
1,4345,146.731596
1,4346,151.123257
1,4347,140.153481
1,4348,147.364745
1,4349,150.523275
1,4350,139.702839
1,4351,140.190168
1,4352,412.790029
1,4353,154.151192
1,4354,140.078766
1,4355,141.334537
1,4356,144.904115
1,4357,144.915586
1,4358,139.773261
1,4359,141.962113
1,4360,150.121906
1,4361,139.763836
1,4362,138.997943
1,4363,243.157878
1,4364,413.294028
1,4365,234.953573
1,4366,264.526880
1,4367,141.756085
1,4368,249.062834
1,4369,256.819490
1,4370,141.363786
1,4371,269.067358
1,4372,140.277063
1,4373,143.149070
1,4374,253.515583
1,4375,143.035560
1,4376,260.554582
1,4377,139.701669
1,4378,151.827047
1,4379,148.783114
1,4380,142.459915
1,4381,144.981214
1,4382,243.839244
1,4383,140.577510
1,4384,277.620747
1,4385,139.969272
1,4386,308.217147
1,4387,246.103466
1,4388,287.633079
1,4389,379.190813
1,4390,140.353315
1,4391,148.599342
1,4392,146.817897
1,4393,156.576638
1,4394,148.462035
1,4395,144.288335
1,4396,245.155815
1,4397,140.152805
1,4398,151.393658
1,4399,140.155220
1,4400,151.348114
1,4401,150.136429
1,4402,139.588836
1,4403,151.423987
1,4404,140.094805
1,4405,325.167960
1,4406,140.180802
1,4407,156.846341
1,4408,148.611481
1,4409,138.289831
1,4410,147.025893
1,4411,145.939561
1,4412,239.244201
1,4413,140.807876
1,4414,309.048375
1,4415,140.017574
1,4416,274.334837
1,4417,140.034677
1,4418,261.226996
1,4419,342.003494
1,4420,139.920662
1,4421,154.281070
1,4422,278.901766
1,4423,341.462558
1,4424,139.751372
1,4425,286.204222
1,4426,257.570445
1,4427,139.606454
1,4428,142.657623
1,4429,531.425235
1,4430,226.127182
1,4431,140.555937
1,4432,142.055774
1,4433,137.946417
1,4434,151.946631
1,4435,139.404715
1,4436,146.730379
1,4437,146.302592
1,4438,146.604928
1,4439,147.238223
1,4440,294.880687
1,4441,138.386518
1,4442,141.102299
1,4443,146.497605
1,4444,139.674223
1,4445,145.041207
1,4446,143.794626
1,4447,144.246402
1,4448,235.611186
1,4449,301.695660
1,4450,141.195156
1,4451,144.858745
1,4452,146.912160
1,4453,145.445504
1,4454,270.114520
1,4455,228.625906
1,4456,141.738282
1,4457,216.222033
1,4458,139.999551
1,4459,138.538491
1,4460,257.698288
1,4461,139.828725
1,4462,142.745433
1,4463,153.434002
1,4464,138.519567
1,4465,147.330779
1,4466,140.482511
1,4467,146.772362
1,4468,139.934723
1,4469,143.920071
1,4470,139.829706
1,4471,251.877661
1,4472,142.725555
1,4473,146.181207
1,4474,326.643865
1,4475,140.616870
1,4476,138.942523
1,4477,147.746705
1,4478,140.074917
1,4479,224.754740
1,4480,216.911088
1,4481,146.012363
1,4482,144.337231
1,4483,139.820983
1,4484,432.139372
1,4485,141.226257
1,4486,262.016635
1,4487,144.152656
1,4488,140.690272
1,4489,320.331640
1,4490,139.667434
1,4491,144.568786
1,4492,139.640804
1,4493,147.438349
1,4494,142.628498
1,4495,144.473761
1,4496,139.614949
1,4497,142.308892
1,4498,143.281930
1,4499,259.776887
1,4500,139.617125
1,4501,146.774634
1,4502,139.882297
1,4503,147.578368
1,4504,146.708013
1,4505,145.963456
1,4506,141.087789
1,4507,140.987793
1,4508,138.491170
1,4509,259.423595
1,4510,139.709695
1,4511,319.613184
1,4512,147.255550
1,4513,447.219860
1,4514,139.994622
1,4515,252.361651
1,4516,140.873162
1,4517,265.568766
1,4518,298.083026
1,4519,349.215315
1,4520,243.342232
1,4521,140.169261
1,4522,139.624597
1,4523,270.676732
1,4524,151.027116
1,4525,154.105773
1,4526,150.476664
1,4527,362.734030
1,4528,277.636757
1,4529,138.988128
1,4530,249.494378
1,4531,139.462389
1,4532,311.167521
1,4533,145.401972
1,4534,148.516869
1,4535,142.324382
1,4536,140.907527
1,4537,146.357492
1,4538,139.369985
1,4539,144.377791
1,4540,417.680597
1,4541,139.836967
1,4542,494.726542
1,4543,139.713377
1,4544,143.753861
1,4545,248.775240
1,4546,151.213550
1,4547,148.673486
1,4548,144.969975
1,4549,140.120082
1,4550,142.571225
1,4551,139.623846
1,4552,144.067280
1,4553,146.998699
1,4554,386.248891
1,4555,143.871381
1,4556,262.593374
1,4557,247.123647
1,4558,141.036948
1,4559,144.027355
1,4560,145.995498
1,4561,139.655038
1,4562,145.730696
1,4563,139.665305
1,4564,141.186165
1,4565,139.486344
1,4566,143.927896
1,4567,324.329298
1,4568,148.289117
1,4569,253.981577
1,4570,147.530744
1,4571,227.996202
1,4572,140.769193
1,4573,147.457390
1,4574,148.136112
1,4575,150.105136
1,4576,139.458640
1,4577,377.579261
1,4578,138.258696
1,4579,279.375653
1,4580,144.746221
1,4581,139.462750
1,4582,225.790543
1,4583,147.618628
1,4584,145.856603
1,4585,148.139783
1,4586,243.485264
1,4587,313.404752
1,4588,272.571053
1,4589,139.527451
1,4590,141.271036
1,4591,148.250140
1,4592,141.856708
1,4593,144.754846
1,4594,141.758517
1,4595,140.292778
1,4596,147.956864
1,4597,138.995655
1,4598,272.584617
1,4599,278.402938
1,4600,144.208325
1,4601,147.313955
1,4602,365.048614
1,4603,139.186970
1,4604,144.641023
1,4605,140.555812
1,4606,147.302408
1,4607,139.421214
1,4608,147.096999
1,4609,141.986989
1,4610,456.362576
1,4611,145.842080
1,4612,139.930282
1,4613,249.182993
1,4614,379.919418
1,4615,149.744225
1,4616,257.660330
1,4617,245.133086
1,4618,139.742947
1,4619,144.858381
1,4620,139.702324
1,4621,144.961365
1,4622,148.278751
1,4623,139.601313
1,4624,142.532031
1,4625,241.488145
1,4626,140.938902
1,4627,142.704608
1,4628,139.567396
1,4629,161.996711
1,4630,139.577109
1,4631,258.231159
1,4632,141.670230
1,4633,145.042083
1,4634,139.549953
1,4635,142.594080
1,4636,147.667656
1,4637,148.473082
1,4638,139.507589
1,4639,138.353731
1,4640,146.504730
1,4641,139.413737
1,4642,148.535168
1,4643,139.709571
1,4644,143.546792
1,4645,230.530530
1,4646,139.353580
1,4647,148.808983
1,4648,139.330398
1,4649,145.850819
1,4650,144.178142
1,4651,144.477747
1,4652,145.820776
1,4653,146.725612
1,4654,142.557004
1,4655,143.808787
1,4656,150.360899
1,4657,139.279507
1,4658,142.477438
1,4659,143.920337
1,4660,144.599203
1,4661,142.393814
1,4662,139.849359
1,4663,147.281036
1,4664,144.450848
1,4665,139.321835
1,4666,143.306564
1,4667,303.324137
1,4668,145.602151
1,4669,140.811780
1,4670,139.378398
1,4671,283.047695
1,4672,142.286762
1,4673,142.700733
1,4674,144.555773
1,4675,146.200257
1,4676,144.275828
1,4677,147.938203
1,4678,140.513344
1,4679,142.163535
1,4680,139.236229
1,4681,142.669187
1,4682,139.198670
1,4683,284.628886
1,4684,139.153869
1,4685,139.694687
1,4686,145.704451
1,4687,327.137933
1,4688,224.853187
1,4689,146.314764
1,4690,142.420508
1,4691,146.424662
1,4692,139.325663
1,4693,409.485735
1,4694,251.673438
1,4695,143.920810
1,4696,214.681375
1,4697,156.230130
1,4698,144.961171
1,4699,145.798162
1,4700,149.923518
1,4701,143.376164
1,4702,152.212416
1,4703,149.184773
1,4704,146.706191
1,4705,144.237282
1,4706,139.075001
1,4707,146.935301
1,4708,139.163289
1,4709,145.089803
1,4710,148.706404
1,4711,146.449292
1,4712,139.266046
1,4713,147.916956
1,4714,146.362477
1,4715,239.522728
1,4716,255.786368
1,4717,321.833521
1,4718,140.535697
1,4719,139.797482
1,4720,140.856758
1,4721,231.965566
1,4722,144.488656
1,4723,147.558960
1,4724,145.579500
1,4725,268.253928
1,4726,251.472299
1,4727,141.572606
1,4728,469.498698
1,4729,140.002662
1,4730,372.246596
1,4731,149.391969
1,4732,149.055767
1,4733,148.658829
1,4734,148.348633
1,4735,139.694337
1,4736,144.748510
1,4737,151.019231
1,4738,141.351750
1,4739,144.834594
1,4740,151.877459
1,4741,149.668052
1,4742,148.231721
1,4743,147.010837
1,4744,141.043614
1,4745,149.379790
1,4746,146.811696
1,4747,147.835063
1,4748,139.581630
1,4749,142.556237
1,4750,144.968142
1,4751,148.167157
1,4752,354.642889
1,4753,139.434048
1,4754,503.232528
1,4755,229.457623
1,4756,660.782960
1,4757,1110.583916
1,4758,609.424231
1,4759,139.245420
1,4760,138.230518
1,4761,279.023266
1,4762,139.395594
1,4763,223.805456
1,4764,143.699217
1,4765,146.629729
1,4766,142.179200
1,4767,146.954765
1,4768,145.554536
1,4769,143.262702
1,4770,138.968916
1,4771,142.895697
1,4772,145.596406
1,4773,140.462357
1,4774,143.524431
1,4775,144.442103
1,4776,142.171582
1,4777,140.078070
1,4778,146.224079
1,4779,149.203954
1,4780,144.746628
1,4781,142.538780
1,4782,142.074504
1,4783,140.674748
1,4784,145.255575
1,4785,146.313019
1,4786,139.366300
1,4787,226.896868
1,4788,139.443256
1,4789,142.511516
1,4790,138.273327
1,4791,140.700349
1,4792,146.323761
1,4793,148.146296
1,4794,145.400576
1,4795,147.717851
1,4796,144.297261
1,4797,140.985874
1,4798,146.457324
1,4799,146.833906
1,4800,142.608243
1,4801,234.934664
1,4802,240.243310
1,4803,148.811366
1,4804,144.971710
1,4805,145.794640
1,4806,139.899359
1,4807,151.275406
1,4808,138.636990
1,4809,146.231271
1,4810,139.600415
1,4811,143.611139
1,4812,142.473823
1,4813,147.718155
1,4814,139.476664
1,4815,143.572553
1,4816,245.325979
1,4817,157.711328
1,4818,362.098409
1,4819,147.807738
1,4820,138.210110
1,4821,149.668013
1,4822,248.375568
1,4823,150.398255
1,4824,147.474089
1,4825,145.572048
1,4826,139.274569
1,4827,139.938817
1,4828,151.328310
1,4829,276.056532
1,4830,346.448485
1,4831,733.239883
1,4832,845.826743
1,4833,343.475472
1,4834,150.193341
1,4835,139.723976
1,4836,150.252529
1,4837,144.982684
1,4838,156.924872
1,4839,667.142019
1,4840,577.877587
1,4841,845.138616
1,4842,241.993767
1,4843,248.817241
1,4844,149.345035
1,4845,151.056176
1,4846,154.789974
1,4847,146.268233
1,4848,144.611550
1,4849,783.024161
1,4850,138.461296
1,4851,143.648359
1,4852,512.704856
1,4853,149.607328
1,4854,149.222601
1,4855,146.448784
1,4856,148.961157
1,4857,249.785965
1,4858,248.580030
1,4859,140.851449
1,4860,458.175641
1,4861,141.391688
1,4862,576.845331
1,4863,324.126640
1,4864,139.727842
1,4865,150.207532
1,4866,139.713997
1,4867,142.594888
1,4868,142.328514
1,4869,258.838988
1,4870,263.763686
1,4871,142.079705
1,4872,148.376545
1,4873,138.976937
1,4874,146.236839
1,4875,148.701070
1,4876,139.140226
1,4877,140.680105
1,4878,544.308994
1,4879,215.569807
1,4880,139.268707
1,4881,259.456631
1,4882,231.371476
1,4883,243.643945
1,4884,139.388358
1,4885,145.659289
1,4886,139.516811
1,4887,150.649541
1,4888,143.663491
1,4889,150.181462
1,4890,307.881881
1,4891,424.032418
1,4892,237.448638
1,4893,926.931600
1,4894,148.340949
1,4895,154.736686
1,4896,150.341489
1,4897,154.941151
1,4898,139.721853
1,4899,144.110979
1,4900,363.135654
1,4901,388.493895
1,4902,603.580458
1,4903,139.796430
1,4904,145.503970
1,4905,139.869966
1,4906,144.162158
1,4907,143.761174
1,4908,143.826441
1,4909,139.790440
1,4910,148.680388
1,4911,139.793608
1,4912,279.424792
1,4913,139.723531
1,4914,139.942963
1,4915,337.566573
1,4916,146.935723
1,4917,295.874943
1,4918,272.896423
1,4919,140.439365
1,4920,142.290282
1,4921,145.334463
1,4922,148.996357
1,4923,139.196113
1,4924,416.907828
1,4925,139.366182
1,4926,139.414769
1,4927,289.839866
1,4928,140.785093
1,4929,148.707038
1,4930,225.930749
1,4931,140.621385
1,4932,145.978742
1,4933,147.407738
1,4934,138.420296
1,4935,145.361024
1,4936,238.118337
1,4937,264.348780
1,4938,288.101311
1,4939,421.218533
1,4940,152.845191
1,4941,145.963802
1,4942,147.449311
1,4943,147.858234
1,4944,250.644658
1,4945,321.383092
1,4946,147.856431
1,4947,255.767685
1,4948,139.865616
1,4949,234.273236
1,4950,360.024827
1,4951,149.220721
1,4952,139.831565
1,4953,143.701655
1,4954,149.826888
1,4955,243.879798
1,4956,445.998168
1,4957,142.078681
1,4958,264.070399
1,4959,254.046036
1,4960,143.611045
1,4961,139.593075
1,4962,266.519012
1,4963,139.669420
1,4964,147.619912
1,4965,143.369140
1,4966,145.840037
1,4967,146.588813
1,4968,139.153694
1,4969,144.383237
1,4970,149.362609
1,4971,226.231365
1,4972,146.668719
1,4973,140.603099
1,4974,240.299048
1,4975,146.826280
1,4976,148.556467
1,4977,152.005312
1,4978,138.234118
1,4979,145.561677
1,4980,149.205981
1,4981,139.627179
1,4982,147.364420
1,4983,139.589851
1,4984,139.954924
1,4985,353.404274
1,4986,138.783686
1,4987,141.940812
1,4988,139.772871
1,4989,144.521200
1,4990,143.780521
1,4991,300.752206
1,4992,142.506422
1,4993,144.712055
1,4994,139.940197
1,4995,149.303523
1,4996,139.938379
1,4997,141.450568
1,4998,152.611735
1,4999,139.671694
1,5000,504.281575
1,5001,520.088598
1,5002,143.814903
1,5003,470.443149
1,5004,139.859363
1,5005,299.795508
1,5006,148.236400
1,5007,153.948991
1,5008,147.126594
1,5009,146.140517
1,5010,147.788509
1,5011,144.372542
1,5012,148.183047
1,5013,139.865853
1,5014,409.909916
1,5015,139.664273
1,5016,139.568692
1,5017,303.849084
1,5018,265.775643
1,5019,143.826449
1,5020,350.524126
1,5021,146.658103
1,5022,256.298249
1,5023,139.655513
1,5024,148.448412
1,5025,141.319445
1,5026,149.406823
1,5027,147.478835
1,5028,143.861399
1,5029,146.824724
1,5030,147.570597
1,5031,143.513333
1,5032,294.231114
1,5033,146.745238
1,5034,154.314626
1,5035,148.991781
1,5036,259.746593
1,5037,254.205808
1,5038,256.528923
1,5039,139.526208
1,5040,248.990675
1,5041,215.900862
1,5042,339.291301
1,5043,283.838960
1,5044,139.531139
1,5045,253.522660
1,5046,149.278720
1,5047,149.600129
1,5048,360.339787
1,5049,319.019794
1,5050,146.288792
1,5051,359.788662
1,5052,298.115747
1,5053,141.010311
1,5054,515.444834
1,5055,147.142581
1,5056,142.806269
1,5057,145.019124
1,5058,139.032038
1,5059,141.780164
1,5060,146.782602
1,5061,144.890391
1,5062,145.162198
1,5063,139.306681
1,5064,138.159950
1,5065,139.242238
1,5066,280.010080
1,5067,374.871202
1,5068,145.720311
1,5069,139.457284
1,5070,143.085122
1,5071,139.815923
1,5072,146.486548
1,5073,140.922199
1,5074,144.551759
1,5075,138.133845
1,5076,143.777269
1,5077,139.784792
1,5078,146.059260
1,5079,139.706511
1,5080,142.682760
1,5081,138.488602
1,5082,274.034467
1,5083,361.529103
1,5084,321.880355
1,5085,145.799985
1,5086,139.841087
1,5087,142.757757
1,5088,140.104275
1,5089,147.587326
1,5090,150.630340
1,5091,138.175030
1,5092,145.283910
1,5093,142.979132
1,5094,139.736756
1,5095,141.384742
1,5096,139.693437
1,5097,139.908787
1,5098,138.379202
1,5099,145.938018
1,5100,139.622354
1,5101,140.968587
1,5102,146.146558
1,5103,147.545321
1,5104,139.645467
1,5105,144.023512
1,5106,139.668309
1,5107,145.449196
1,5108,139.620899
1,5109,144.436308
1,5110,262.842118
1,5111,139.661036
1,5112,146.128042
1,5113,140.857590
1,5114,287.949380
1,5115,143.811283
1,5116,216.220512
1,5117,251.830824
1,5118,147.301132
1,5119,263.072458
1,5120,260.489046
1,5121,140.836559
1,5122,139.916036
1,5123,140.864551
1,5124,248.521022
1,5125,241.854077
1,5126,216.501886
1,5127,139.484618
1,5128,145.394422
1,5129,139.407078
1,5130,144.953558
1,5131,246.670959
1,5132,285.289270
1,5133,147.272851
1,5134,139.600479
1,5135,295.184113
1,5136,306.518463
1,5137,147.007565
1,5138,139.129470
1,5139,148.172855
1,5140,143.475409
1,5141,142.316045
1,5142,147.261795
1,5143,139.302127
1,5144,143.210040
1,5145,139.418213
1,5146,143.561089
1,5147,142.035712
1,5148,148.016073
1,5149,149.528635
1,5150,140.039459
1,5151,428.362411
1,5152,146.810877
1,5153,138.922797
1,5154,143.196754
1,5155,148.738698
1,5156,138.118368
1,5157,145.574951
1,5158,149.840000
1,5159,138.096231
1,5160,146.703043
1,5161,497.599381
1,5162,406.778922
1,5163,148.000707
1,5164,146.935771
1,5165,139.450976
1,5166,144.441143
1,5167,139.619064
1,5168,149.367041
1,5169,304.160279
1,5170,388.745846
1,5171,325.631210
1,5172,565.626823
1,5173,140.225567
1,5174,144.569851
1,5175,145.699876
1,5176,139.575719
1,5177,147.585981
1,5178,146.132880
1,5179,139.676192
1,5180,143.722262
1,5181,139.612298
1,5182,144.018844
1,5183,230.776585
1,5184,140.916506
1,5185,142.761878
1,5186,139.623379
1,5187,266.459989
1,5188,141.097892
1,5189,240.700058
1,5190,139.651448
1,5191,145.304900
1,5192,150.161672
1,5193,138.403092
1,5194,143.876767
1,5195,148.106219
1,5196,139.615993
1,5197,144.658107
1,5198,143.956363
1,5199,150.679450
1,5200,139.786273
1,5201,262.274754
1,5202,146.714434
1,5203,140.869007
1,5204,141.166338
1,5205,144.535153
1,5206,149.213011
1,5207,147.457306
1,5208,139.493854
1,5209,146.173131
1,5210,204.527446
1,5211,143.398236
1,5212,148.722893
1,5213,139.508061
1,5214,146.383420
1,5215,139.389427
1,5216,142.566550
1,5217,139.521312
1,5218,150.929538
1,5219,139.408693
1,5220,140.775521
1,5221,147.920109
1,5222,149.266707
1,5223,246.428499
1,5224,155.658443
1,5225,137.936674
1,5226,228.217418
1,5227,144.216820
1,5228,148.280769
1,5229,139.654695
1,5230,147.407851
1,5231,152.999295
1,5232,139.872983
1,5233,153.864254
1,5234,406.697509
1,5235,234.178217
1,5236,264.493203
1,5237,139.729006
1,5238,585.137693
1,5239,317.862603
1,5240,139.832144
1,5241,270.542877
1,5242,144.876462
1,5243,146.878265
1,5244,344.672969
1,5245,352.928561
1,5246,153.379688
1,5247,141.416089
1,5248,266.256640
1,5249,140.221308
1,5250,279.029617
1,5251,140.623843
1,5252,391.021890
1,5253,227.627748
1,5254,243.890647
1,5255,139.829422
1,5256,359.076770
1,5257,140.663165
1,5258,353.894977
1,5259,168.969568
1,5260,149.440241
1,5261,144.767319
1,5262,140.307557
1,5263,160.303228
1,5264,216.971349
1,5265,588.982122
1,5266,139.884634
1,5267,715.275941
1,5268,260.475097
1,5269,146.129005
1,5270,144.808321
1,5271,150.154717
1,5272,242.441769
1,5273,247.783703
1,5274,243.668835
1,5275,417.948809
1,5276,404.750811
1,5277,139.739401
1,5278,271.762712
1,5279,309.682589
1,5280,678.393308
1,5281,229.163008
1,5282,373.394445
1,5283,247.428062
1,5284,359.898016
1,5285,139.722935
1,5286,140.699304
1,5287,520.352628
1,5288,139.739595
1,5289,361.258997
1,5290,313.510083
1,5291,138.971637
1,5292,143.752644
1,5293,143.357127
1,5294,139.600087
1,5295,145.019724
1,5296,143.251368
1,5297,146.653827
1,5298,140.235736
1,5299,406.423426
1,5300,143.654306
1,5301,140.259449
1,5302,379.449249
1,5303,147.062815
1,5304,140.967302
1,5305,139.446614
1,5306,302.022058
1,5307,226.080901
1,5308,148.975006
1,5309,147.122055
1,5310,143.434463
1,5311,150.108030
1,5312,146.557969
1,5313,138.612341
1,5314,144.799585
1,5315,144.445793
1,5316,151.445549
1,5317,142.315095
1,5318,154.941295
1,5319,147.592185
1,5320,139.857026
1,5321,143.313338
1,5322,140.284228
1,5323,242.965636
1,5324,255.001947
1,5325,253.276207
1,5326,149.205571
1,5327,140.929631
1,5328,146.183145
1,5329,138.678250
1,5330,154.565621
1,5331,139.932927
1,5332,147.455959
1,5333,147.240868
1,5334,147.037880
1,5335,141.682010
1,5336,271.671985
1,5337,252.993627
1,5338,253.234205
1,5339,138.700501
1,5340,150.072377
1,5341,139.908139
1,5342,144.240925
1,5343,148.190418
1,5344,139.720494
1,5345,152.891641
1,5346,139.775441
1,5347,152.925292
1,5348,146.812470
1,5349,145.999121
1,5350,141.206880
1,5351,148.685901
1,5352,138.328984
1,5353,152.111131
1,5354,141.806321
1,5355,145.458697
1,5356,146.538063
1,5357,139.897697
1,5358,153.500999
1,5359,140.018366
1,5360,145.922161
1,5361,148.126798
1,5362,141.326974
1,5363,370.251894
1,5364,139.740150
1,5365,307.724491
1,5366,299.122754
1,5367,141.328617
1,5368,143.535048
1,5369,149.474707
1,5370,142.737915
1,5371,140.293228
1,5372,147.141653
1,5373,256.917472
1,5374,340.746246
1,5375,245.981023
1,5376,139.897593
1,5377,298.089371
1,5378,304.083674
1,5379,144.726971
1,5380,151.373535
1,5381,143.517259
1,5382,151.698850
1,5383,152.366229
1,5384,244.443988
1,5385,149.184469
1,5386,140.328497
1,5387,144.838766
1,5388,145.201688
1,5389,248.811631
1,5390,140.098282
1,5391,149.520106
1,5392,242.513935
1,5393,397.587291
1,5394,238.614641
1,5395,144.348405
1,5396,140.456632
1,5397,141.975792
1,5398,514.884644
1,5399,149.274105
1,5400,139.798868
1,5401,149.033071
1,5402,140.014219
1,5403,383.903796
1,5404,419.459399
1,5405,140.222214
1,5406,676.992541
1,5407,140.197301
1,5408,254.324430
1,5409,140.377470
1,5410,229.370655
1,5411,139.413692
1,5412,155.161732
1,5413,140.032865
1,5414,144.823001
1,5415,145.447975
1,5416,143.976356
1,5417,142.968119
1,5418,151.505049
1,5419,139.778299
1,5420,150.678978
1,5421,145.628370
1,5422,331.118900
1,5423,146.067529
1,5424,250.256357
1,5425,143.454197
1,5426,142.199580
1,5427,148.826224
1,5428,155.314311
1,5429,140.795803
1,5430,397.271919
1,5431,140.151308
1,5432,240.010675
1,5433,262.344263
1,5434,142.241045
1,5435,142.505290
1,5436,143.248227
1,5437,142.783452
1,5438,147.105452
1,5439,139.842699
1,5440,151.579949
1,5441,141.433540
1,5442,284.774388
1,5443,139.829250
1,5444,145.374330
1,5445,139.970985
1,5446,140.309219
1,5447,311.581303
1,5448,140.252564
1,5449,140.240158
1,5450,324.659297
1,5451,138.364714
1,5452,146.565461
1,5453,151.971523
1,5454,143.734002
1,5455,141.121832
1,5456,243.929004
1,5457,146.994041
1,5458,139.564081
1,5459,148.667883
1,5460,138.425879
1,5461,249.093497
1,5462,139.873161
1,5463,284.242753
1,5464,405.755398
1,5465,414.399939
1,5466,139.548515
1,5467,220.201846
1,5468,141.048872
1,5469,875.661016
1,5470,139.471185
1,5471,977.254206
1,5472,139.891158
1,5473,723.776292
1,5474,288.560348
1,5475,146.067343
1,5476,142.955239
1,5477,147.428077
1,5478,148.313127
1,5479,139.822676
1,5480,143.415901
1,5481,149.358409
1,5482,146.877688
1,5483,153.321263
1,5484,144.118524
1,5485,148.537375
1,5486,140.023362
1,5487,273.491106
1,5488,143.825659
1,5489,149.677326
1,5490,138.548428
1,5491,147.069559
1,5492,139.761282
1,5493,139.838064
1,5494,244.727386
1,5495,140.430041
1,5496,140.221267
1,5497,142.715818
1,5498,146.032534
1,5499,139.746882
1,5500,144.708319
1,5501,139.716604
1,5502,149.073199
1,5503,141.344729
1,5504,143.441012
1,5505,234.497048
1,5506,141.161375
1,5507,212.478041
1,5508,149.269920
1,5509,149.820688
1,5510,144.302633
1,5511,237.608687
1,5512,141.009563
1,5513,147.459350
1,5514,141.568111
1,5515,143.953817
1,5516,152.527435
1,5517,139.845630
1,5518,143.901345
1,5519,149.848538
1,5520,366.005066
1,5521,140.034363
1,5522,144.538669
1,5523,139.842778
1,5524,423.124276
1,5525,230.739407
1,5526,150.735287
1,5527,158.890051
1,5528,143.666672
1,5529,148.986785
1,5530,140.088946
1,5531,145.826581
1,5532,273.522486
1,5533,387.513408
1,5534,140.021989
1,5535,247.303548
1,5536,142.718590
1,5537,139.684949
1,5538,148.543055
1,5539,140.163498
1,5540,151.380179
1,5541,141.114774
1,5542,153.482065
1,5543,141.165563
1,5544,142.289002
1,5545,147.417597
1,5546,234.258313
1,5547,222.115828
1,5548,140.163699
1,5549,279.350108
1,5550,149.948534
1,5551,148.100529
1,5552,141.193435
1,5553,283.797996
1,5554,146.138055
1,5555,139.803190
1,5556,167.017817
1,5557,142.152144
1,5558,344.407903
1,5559,271.053780
1,5560,148.674997
1,5561,277.557113
1,5562,139.507678
1,5563,309.671375
1,5564,145.022616
1,5565,556.854836
1,5566,140.517787
1,5567,235.012018
1,5568,146.556708
1,5569,149.213972
1,5570,151.495393
1,5571,147.599189
1,5572,139.698403
1,5573,143.804277
1,5574,140.273183
1,5575,145.004426
1,5576,143.069775
1,5577,148.310007
1,5578,139.918869
1,5579,143.368337
1,5580,140.208114
1,5581,146.992394
1,5582,139.581940
1,5583,146.464785
1,5584,143.964589
1,5585,139.755788
1,5586,151.160021
1,5587,144.292648
1,5588,143.794116
1,5589,149.483123
1,5590,138.572128
1,5591,149.634559
1,5592,148.226693
1,5593,145.338268
1,5594,245.413587
1,5595,142.954098
1,5596,241.405846
1,5597,140.627360
1,5598,597.336533
1,5599,398.727464
1,5600,143.615210
1,5601,139.982542
1,5602,146.693416
1,5603,144.884293
1,5604,145.871157
1,5605,144.102252
1,5606,140.124609
1,5607,146.406101
1,5608,145.016606
1,5609,138.616812
1,5610,349.671478
1,5611,246.946112
1,5612,145.716232
1,5613,237.434694
1,5614,146.955782
1,5615,150.131074
1,5616,143.332069
1,5617,138.540259
1,5618,149.927289
1,5619,140.314315
1,5620,321.692099
1,5621,139.717255
1,5622,149.007018
1,5623,139.670956
1,5624,139.912850
1,5625,246.092329
1,5626,148.941973
1,5627,139.728834
1,5628,143.394263
1,5629,244.660465
1,5630,144.899879
1,5631,141.816671
1,5632,141.131401
1,5633,315.330405
1,5634,585.947437
1,5635,147.183544
1,5636,139.714993
1,5637,309.983260
1,5638,292.811459
1,5639,453.116765
1,5640,139.822038
1,5641,753.957574
1,5642,227.424279
1,5643,477.564316
1,5644,140.003611
1,5645,311.927561
1,5646,145.518026
1,5647,265.343253
1,5648,141.809033
1,5649,139.865875
1,5650,490.979510
1,5651,141.459304
1,5652,575.423917
1,5653,143.178844
1,5654,280.564616
1,5655,321.415037
1,5656,193.087405
1,5657,142.054225
1,5658,137.946417
1,5659,380.975814
1,5660,139.587342
1,5661,208.222170
1,5662,213.903481
1,5663,225.266469
1,5664,212.220420
1,5665,204.343110
1,5666,138.540436
1,5667,141.304706
1,5668,198.699240
1,5669,139.673584
1,5670,275.206626
1,5671,197.078910
1,5672,234.896406
1,5673,245.993623
1,5674,357.667535
1,5675,206.416628
1,5676,260.513043
1,5677,190.431384
1,5678,201.588141
1,5679,207.867844
1,5680,139.845862
1,5681,141.679012
1,5682,179.587112
1,5683,139.970535
1,5684,138.538293
1,5685,259.310383
1,5686,139.827959
1,5687,142.909092
1,5688,329.824359
1,5689,138.519366
1,5690,258.996074
1,5691,140.375000
1,5692,216.621394
1,5693,139.909608
1,5694,143.914276
1,5695,140.021975
1,5696,279.942550
1,5697,142.935714
1,5698,197.507115
1,5699,291.113427
1,5700,179.999869
1,5701,138.942314
1,5702,201.961455
1,5703,140.030915
1,5704,183.558173
1,5705,179.300162
1,5706,210.338960
1,5707,144.530167
1,5708,139.983973
1,5709,144.406338
1,5710,203.620714
1,5711,203.659190
1,5712,144.146945
1,5713,187.829887
1,5714,359.885684
1,5715,139.666669
1,5716,250.808462
1,5717,139.640044
1,5718,267.238228
1,5719,142.804623
1,5720,144.649747
1,5721,139.614199
1,5722,187.180383
1,5723,190.082426
1,5724,256.672264
1,5725,139.616386
1,5726,146.951689
1,5727,140.095033
1,5728,223.718905
1,5729,146.896028
1,5730,146.277317
1,5731,141.085966
1,5732,188.552846
1,5733,138.325824
1,5734,280.828412
1,5735,139.875047
1,5736,350.861501
1,5737,275.580843
1,5738,255.542894
1,5739,139.938013
1,5740,186.388330
1,5741,140.871426
1,5742,267.432909
1,5743,273.951689
1,5744,282.039916
1,5745,256.383848
1,5746,174.353002
1,5747,139.623932
1,5748,271.056364
1,5749,203.973511
1,5750,342.574749
1,5751,248.756179
1,5752,369.329036
1,5753,212.372734
1,5754,138.987756
1,5755,198.480571
1,5756,139.392075
1,5757,230.715668
1,5758,187.271699
1,5759,251.484093
1,5760,188.063358
1,5761,140.884244
1,5762,221.072148
1,5763,139.341343
1,5764,209.985870
1,5765,356.930057
1,5766,139.766010
1,5767,377.180162
1,5768,139.669823
1,5769,208.950962
1,5770,248.000380
1,5771,217.461713
1,5772,191.477182
1,5773,215.111913
1,5774,140.034592
1,5775,195.507747
1,5776,139.623232
1,5777,183.765869
1,5778,222.751138
1,5779,362.086959
1,5780,198.759186
1,5781,302.649001
1,5782,193.933391
1,5783,141.035409
1,5784,197.286441
1,5785,191.145042
1,5786,139.654400
1,5787,198.644348
1,5788,139.664665
1,5789,141.325412
1,5790,139.485676
1,5791,144.107882
1,5792,208.843642
1,5793,219.098724
1,5794,258.975489
1,5795,218.352785
1,5796,242.721383
1,5797,140.767636
1,5798,291.674200
1,5799,148.300991
1,5800,150.409665
1,5801,139.458003
1,5802,219.675681
1,5803,138.258531
1,5804,213.572157
1,5805,144.980484
1,5806,139.462119
1,5807,184.868088
1,5808,147.750612
1,5809,212.137464
1,5810,214.731753
1,5811,196.566765
1,5812,278.506661
1,5813,284.111268
1,5814,139.526835
1,5815,141.233160
1,5816,148.462690
1,5817,190.289906
1,5818,246.466709
1,5819,141.730545
1,5820,140.292033
1,5821,269.765208
1,5822,138.995291
1,5823,285.556167
1,5824,211.621718
1,5825,144.167246
1,5826,147.231104
1,5827,334.263199
1,5828,139.186495
1,5829,193.367679
1,5830,140.554566
1,5831,195.701069
1,5832,139.420692
1,5833,196.143833
1,5834,211.527980
1,5835,192.741807
1,5836,145.771514
1,5837,173.129174
1,5838,284.401146
1,5839,338.278584
1,5840,205.565863
1,5841,286.372664
1,5842,283.638227
1,5843,139.976387
1,5844,145.075069
1,5845,139.861110
1,5846,145.216606
1,5847,148.664271
1,5848,139.600700
1,5849,142.529203
1,5850,246.493084
1,5851,141.119704
1,5852,142.833992
1,5853,139.566773
1,5854,712.179998
1,5855,139.743721
1,5856,260.970376
1,5857,197.569078
1,5858,145.241975
1,5859,139.549325
1,5860,142.791865
1,5861,147.847607
1,5862,149.040282
1,5863,139.506961
1,5864,138.560623
1,5865,146.717740
1,5866,139.413111
1,5867,244.997170
1,5868,139.678281
1,5869,207.698408
1,5870,315.660585
1,5871,139.352959
1,5872,149.210293
1,5873,139.329779
1,5874,146.056654
1,5875,208.167456
1,5876,204.556940
1,5877,198.720385
1,5878,222.083725
1,5879,188.950283
1,5880,143.788452
1,5881,294.345102
1,5882,139.278904
1,5883,142.474678
1,5884,144.228574
1,5885,144.782083
1,5886,142.595253
1,5887,139.817676
1,5888,206.060908
1,5889,144.622397
1,5890,139.321226
1,5891,143.468016
1,5892,142.610266
1,5893,145.757254
1,5894,140.810384
1,5895,139.377826
1,5896,215.547614
1,5897,142.481631
1,5898,142.926225
1,5899,187.439090
1,5900,211.507267
1,5901,144.482893
1,5902,148.234472
1,5903,140.512008
1,5904,142.161022
1,5905,139.235685
1,5906,142.915365
1,5907,139.198132
1,5908,196.668615
1,5909,139.153336
1,5910,139.524725
1,5911,146.005751
1,5912,299.166151
1,5913,187.030781
1,5914,146.590187
1,5915,142.656630
1,5916,146.641194
1,5917,139.501469
1,5918,225.712020
1,5919,194.827828
1,5920,216.771344
1,5921,145.331181
1,5922,578.533031
1,5923,209.423524
1,5924,146.209205
1,5925,204.879061
1,5926,143.161199
1,5927,363.698948
1,5928,224.761842
1,5929,215.013719
1,5930,144.364011
1,5931,139.074566
1,5932,190.782069
1,5933,139.162824
1,5934,192.201343
1,5935,220.474083
1,5936,146.368697
1,5937,139.265535
1,5938,147.850181
1,5939,146.283703
1,5940,267.223777
1,5941,266.013525
1,5942,222.963329
1,5943,140.534341
1,5944,139.587299
1,5945,231.263078
1,5946,240.646829
1,5947,145.004090
1,5948,234.824167
1,5949,199.843314
1,5950,207.834035
1,5951,190.050599
1,5952,141.526919
1,5953,356.912134
1,5954,180.989295
1,5955,272.584526
1,5956,217.732454
1,5957,267.941635
1,5958,271.200458
1,5959,148.550604
1,5960,139.693725
1,5961,144.741785
1,5962,239.384220
1,5963,141.309208
1,5964,144.827851
1,5965,318.667400
1,5966,193.123593
1,5967,148.430156
1,5968,147.438869
1,5969,141.015382
1,5970,215.951171
1,5971,182.032173
1,5972,148.006695
1,5973,139.581019
1,5974,142.553435
1,5975,144.907755
1,5976,205.016283
1,5977,196.669463
1,5978,139.390717
1,5979,219.600644
1,5980,184.691508
1,5981,296.554273
1,5982,229.109766
1,5983,270.232859
1,5984,139.244824
1,5985,138.230364
1,5986,213.599695
1,5987,139.371659
1,5988,146.023584
1,5989,190.155733
1,5990,265.387104
1,5991,191.565509
1,5992,196.947916
1,5993,207.893446
1,5994,230.356948
1,5995,138.968545
1,5996,204.626681
1,5997,145.779322
1,5998,140.639541
1,5999,143.688915
1,6000,144.437230
1,6001,142.344666
1,6002,139.958705
1,6003,146.215283
1,6004,149.188668
1,6005,144.898165
1,6006,142.505523
1,6007,199.257580
1,6008,140.673454
1,6009,194.280886
1,6010,202.181167
1,6011,139.365748
1,6012,186.902723
1,6013,139.442694
1,6014,142.508914
1,6015,138.273179
1,6016,140.698953
1,6017,218.401228
1,6018,236.584380
1,6019,196.412346
1,6020,213.708654
1,6021,144.247319
1,6022,141.192829
1,6023,211.105529
1,6024,186.790800
1,6025,142.583449
1,6026,190.151220
1,6027,192.901184
1,6028,212.195449
1,6029,202.477435
1,6030,198.731487
1,6031,139.869084
1,6032,219.123415
1,6033,138.591413
1,6034,227.458026
1,6035,139.599814
1,6036,198.197499
1,6037,142.453381
1,6038,197.419495
1,6039,139.476065
1,6040,143.568016
1,6041,512.623874
1,6042,436.484434
1,6043,308.146862
1,6044,222.190330
1,6045,138.210043
1,6046,225.349544
1,6047,283.336112
1,6048,250.762927
1,6049,268.022857
1,6050,192.353486
1,6051,139.274246
1,6052,184.480712
1,6053,288.204397
1,6054,257.993382
1,6055,327.818030
1,6056,353.017386
1,6057,519.931595
1,6058,326.194002
1,6059,326.132272
1,6060,139.723371
1,6061,356.196596
1,6062,144.931212
1,6063,359.697566
1,6064,491.831096
1,6065,363.596235
1,6066,312.239529
1,6067,139.605421
1,6068,243.374225
1,6069,219.166452
1,6070,269.304963
1,6071,294.490847
1,6072,198.227964
1,6073,144.534120
1,6074,287.777421
1,6075,138.461111
1,6076,205.765248
1,6077,384.550512
1,6078,198.966842
1,6079,221.672786
1,6080,214.098708
1,6081,212.306438
1,6082,289.554937
1,6083,187.969380
1,6084,197.396105
1,6085,355.643958
1,6086,141.363263
1,6087,268.625319
1,6088,324.019076
1,6089,139.855084
1,6090,233.376267
1,6091,139.713247
1,6092,142.779318
1,6093,201.793151
1,6094,202.673498
1,6095,259.674386
1,6096,142.076179
1,6097,283.330390
1,6098,139.130678
1,6099,198.836439
1,6100,310.219741
1,6101,139.123636
1,6102,208.159765
1,6103,417.331131
1,6104,345.871793
1,6105,139.268207
1,6106,388.378495
1,6107,326.628735
1,6108,266.780200
1,6109,139.387787
1,6110,201.797571
1,6111,139.662162
1,6112,233.148153
1,6113,212.556195
1,6114,357.152320
1,6115,218.085730
1,6116,286.560736
1,6117,248.592406
1,6118,441.961920
1,6119,253.453805
1,6120,351.996992
1,6121,225.682612
1,6122,339.106437
1,6123,139.721156
1,6124,144.283486
1,6125,179.554852
1,6126,331.731958
1,6127,443.536687
1,6128,139.944897
1,6129,200.079432
1,6130,139.701655
1,6131,144.138342
1,6132,196.700189
1,6133,213.365674
1,6134,139.789711
1,6135,208.127287
1,6136,139.970169
1,6137,200.845117
1,6138,139.886594
1,6139,139.901014
1,6140,316.336755
1,6141,212.209596
1,6142,268.391030
1,6143,258.439962
1,6144,140.415663
1,6145,142.233977
1,6146,198.043795
1,6147,264.087198
1,6148,139.195697
1,6149,283.604272
1,6150,139.334333
1,6151,139.374021
1,6152,264.004707
1,6153,140.736561
1,6154,148.663469
1,6155,262.405037
1,6156,190.658933
1,6157,146.148214
1,6158,229.003152
1,6159,138.420138
1,6160,245.749302
1,6161,139.618166
1,6162,285.941103
1,6163,411.148272
1,6164,304.389888
1,6165,250.646334
1,6166,217.143865
1,6167,222.182738
1,6168,218.022293
1,6169,198.793474
1,6170,293.442043
1,6171,262.275727
1,6172,270.862916
1,6173,139.809430
1,6174,189.498067
1,6175,253.018342
1,6176,267.725431
1,6177,139.792650
1,6178,143.696392
1,6179,150.142762
1,6180,191.239340
1,6181,359.553324
1,6182,198.056196
1,6183,256.135629
1,6184,265.232793
1,6185,198.841714
1,6186,139.592357
1,6187,206.114137
1,6188,139.819052
1,6189,196.636590
1,6190,143.363698
1,6191,237.530709
1,6192,245.049692
1,6193,139.153392
1,6194,144.335564
1,6195,149.262870
1,6196,278.379040
1,6197,225.059215
1,6198,140.566120
1,6199,191.931835
1,6200,146.715909
1,6201,148.409561
1,6202,260.162420
1,6203,138.233976
1,6204,213.460541
1,6205,255.458085
1,6206,139.626595
1,6207,212.397296
1,6208,139.589247
1,6209,139.908151
1,6210,193.304850
1,6211,138.757530
1,6212,141.801449
1,6213,139.969895
1,6214,188.050320
1,6215,189.895754
1,6216,220.347874
1,6217,142.503361
1,6218,144.609436
1,6219,139.876359
1,6220,280.109825
1,6221,139.909391
1,6222,191.756740
1,6223,399.254592
1,6224,139.645555
1,6225,420.653736
1,6226,403.002783
1,6227,202.939309
1,6228,390.549097
1,6229,139.825307
1,6230,280.823128
1,6231,310.076092
1,6232,297.862307
1,6233,273.073338
1,6234,222.637757
1,6235,147.742962
1,6236,209.008202
1,6237,210.542316
1,6238,139.834065
1,6239,407.171438
1,6240,139.639246
1,6241,139.567993
1,6242,436.207522
1,6243,366.497350
1,6244,208.159110
1,6245,311.772258
1,6246,200.543458
1,6247,453.406392
1,6248,139.770612
1,6249,329.622193
1,6250,141.268647
1,6251,273.218151
1,6252,217.329042
1,6253,192.897692
1,6254,147.062217
1,6255,246.360295
1,6256,143.641259
1,6257,306.462798
1,6258,269.554598
1,6259,366.540602
1,6260,210.838252
1,6261,369.902184
1,6262,349.802559
1,6263,266.594498
1,6264,139.525554
1,6265,264.385377
1,6266,253.683706
1,6267,298.247195
1,6268,293.818614
1,6269,139.530500
1,6270,251.364945
1,6271,255.535814
1,6272,194.079911
1,6273,323.041542
1,6274,339.696752
1,6275,226.215603
1,6276,280.243829
1,6277,297.654483
1,6278,140.800990
1,6279,219.825894
1,6280,183.895748
1,6281,256.617354
1,6282,253.988538
1,6283,139.031742
1,6284,193.931270
1,6285,217.919000
1,6286,217.367428
1,6287,145.120509
1,6288,139.275563
1,6289,138.159828
1,6290,139.241751
1,6291,210.947095
1,6292,318.041811
1,6293,207.767792
1,6294,139.431999
1,6295,179.528885
1,6296,139.597650
1,6297,146.448565
1,6298,140.920704
1,6299,144.545169
1,6300,138.133683
1,6301,143.772515
1,6302,139.724976
1,6303,146.031178
1,6304,139.874229
1,6305,142.839922
1,6306,138.488434
1,6307,260.874688
1,6308,255.985229
1,6309,144.957437
1,6310,218.761532
1,6311,140.009878
1,6312,142.727612
1,6313,185.599037
1,6314,191.747289
1,6315,192.515443
1,6316,138.174849
1,6317,145.201321
1,6318,201.093226
1,6319,139.736072
1,6320,141.616365
1,6321,139.692752
1,6322,140.119334
1,6323,138.379023
1,6324,146.142179
1,6325,139.621667
1,6326,140.966920
1,6327,210.143009
1,6328,202.433130
1,6329,139.825485
1,6330,143.976078
1,6331,139.843777
1,6332,179.282635
1,6333,139.620218
1,6334,207.146763
1,6335,139.717061
1,6336,139.825313
1,6337,146.277452
1,6338,140.855951
1,6339,204.858197
1,6340,219.200174
1,6341,139.752985
1,6342,258.806373
1,6343,206.424697
1,6344,277.522817
1,6345,205.605327
1,6346,140.834893
1,6347,140.362121
1,6348,140.862897
1,6349,265.563030
1,6350,306.970085
1,6351,229.646177
1,6352,139.483974
1,6353,218.835770
1,6354,139.406439
1,6355,145.288808
1,6356,196.381273
1,6357,142.719375
1,6358,147.761889
1,6359,139.599854
1,6360,285.965632
1,6361,1070.854438
1,6362,211.263993
1,6363,139.103461
1,6364,148.144575
1,6365,143.444215
1,6366,142.120545
1,6367,213.345742
1,6368,139.301672
1,6369,143.206427
1,6370,139.776441
1,6371,278.202159
1,6372,201.045687
1,6373,272.794078
1,6374,273.000546
1,6375,189.121125
1,6376,293.842581
1,6377,279.177577
1,6378,139.084436
1,6379,202.796358
1,6380,263.314050
1,6381,138.118368
1,6382,232.050881
1,6383,222.998567
1,6384,138.096116
1,6385,220.854646
1,6386,430.948473
1,6387,340.027196
1,6388,249.287011
1,6389,202.803520
1,6390,139.416510
1,6391,209.391290
1,6392,139.579134
1,6393,229.907497
1,6394,225.364114
1,6395,268.451358
1,6396,280.680893
1,6397,412.787444
1,6398,140.119730
1,6399,144.563234
1,6400,226.632934
1,6401,139.575105
1,6402,206.702160
1,6403,146.301434
1,6404,139.675564
1,6405,143.717582
1,6406,139.611663
1,6407,144.195503
1,6408,187.218229
1,6409,140.888337
1,6410,142.977644
1,6411,139.823792
1,6412,182.338763
1,6413,141.067105
1,6414,239.457001
1,6415,139.650794
1,6416,275.617733
1,6417,236.241747
1,6418,138.402921
1,6419,144.085922
1,6420,148.333591
1,6421,139.773570
1,6422,144.925342
1,6423,144.158731
1,6424,194.076043
1,6425,139.741064
1,6426,201.221936
1,6427,195.106166
1,6428,140.867421
1,6429,141.140909
1,6430,144.220403
1,6431,230.436192
1,6432,147.605243
1,6433,139.493207
1,6434,146.313236
1,6435,139.724342
1,6436,183.455791
1,6437,196.870147
1,6438,139.507422
1,6439,146.554504
1,6440,139.388792
1,6441,142.724904
1,6442,139.520681
1,6443,290.552718
1,6444,139.408068
1,6445,140.774007
1,6446,199.136558
1,6447,203.505437
1,6448,253.365665
1,6449,145.384516
1,6450,139.496725
1,6451,147.425512
1,6452,144.659216
1,6453,386.780366
1,6454,446.489791
1,6455,454.825421
1,6456,441.657690
1,6457,413.425406
1,6458,139.607818
1,6459,351.675534
1,6460,139.709207
1,6461,615.764705
1,6462,139.832288
1,6463,458.186760
1,6464,145.822184
1,6465,333.415634
1,6466,139.828623
1,6467,297.154292
1,6468,152.541379
1,6469,140.442462
1,6470,670.981236
1,6471,790.947589
1,6472,696.558554
1,6473,138.568623
1,6474,313.355276
1,6475,154.542637
1,6476,471.493352
1,6477,140.025039
1,6478,153.056933
1,6479,151.171794
1,6480,145.229480
1,6481,140.007880
1,6482,569.592803
1,6483,536.543352
1,6484,344.870838
1,6485,139.960194
1,6486,409.924383
1,6487,140.071931
1,6488,503.932743
1,6489,428.555428
1,6490,255.608624
1,6491,400.442875
1,6492,230.723124
1,6493,329.808398
1,6494,155.894962
1,6495,241.545665
1,6496,768.985872
1,6497,505.199959
1,6498,552.982729
1,6499,409.093968
1,6500,151.923764
1,6501,505.650801
1,6502,287.880085
1,6503,267.006470
1,6504,214.372774
1,6505,337.420617
1,6506,150.409100
1,6507,447.190987
1,6508,261.594527
1,6509,274.457894
1,6510,253.281199
1,6511,314.011394
1,6512,150.221165
1,6513,514.262165
1,6514,282.064003
1,6515,152.879693
1,6516,148.271283
1,6517,139.891447
1,6518,145.101884
1,6519,142.311539
1,6520,239.179209
1,6521,139.503897
1,6522,322.012636
1,6523,141.390111
1,6524,140.262470
1,6525,139.782107
1,6526,153.611930
1,6527,139.827284
1,6528,138.764359
1,6529,143.683671
1,6530,301.966400
1,6531,665.063291
1,6532,396.071232
1,6533,139.848206
1,6534,353.952389
1,6535,140.112209
1,6536,144.435344
1,6537,144.013519
1,6538,247.285410
1,6539,227.470498
1,6540,282.182624
1,6541,277.378010
1,6542,153.257052
1,6543,400.555374
1,6544,286.397785
1,6545,671.742388
1,6546,146.426196
1,6547,285.567568
1,6548,156.762157
1,6549,856.372006
1,6550,857.039116
1,6551,144.875874
1,6552,298.868899
1,6553,337.612075
1,6554,153.449253
1,6555,339.698443
1,6556,145.483619
1,6557,361.758865
1,6558,138.485657
1,6559,383.528235
1,6560,278.899122
1,6561,359.310186
1,6562,149.362961
1,6563,509.558368
1,6564,151.176774
1,6565,260.747762
1,6566,305.187468
1,6567,156.319174
1,6568,281.658923
1,6569,369.186339
1,6570,317.037023
1,6571,270.743795
1,6572,424.390221
1,6573,401.393927
1,6574,434.126948
1,6575,223.552287
1,6576,150.243017
1,6577,151.127321
1,6578,140.618815
1,6579,147.590101
1,6580,540.823296
1,6581,139.737698
1,6582,436.414795
1,6583,139.506427
1,6584,270.814477
1,6585,145.997349
1,6586,152.893231
1,6587,139.673146
1,6588,145.204651
1,6589,301.867608
1,6590,674.565111
1,6591,284.439735
1,6592,282.814444
1,6593,250.101517
1,6594,558.891214
1,6595,139.894199
1,6596,696.193761
1,6597,574.676021
1,6598,234.114836
1,6599,298.561063
1,6600,301.325742
1,6601,310.644179
1,6602,275.519748
1,6603,139.928864
1,6604,336.915111
1,6605,294.923852
1,6606,269.622842
1,6607,143.894718
1,6608,338.884490
1,6609,138.599156
1,6610,545.327832
1,6611,423.867332
1,6612,139.953231
1,6613,516.814358
1,6614,368.439906
1,6615,403.415031
1,6616,140.551503
1,6617,285.609797
1,6618,154.226916
1,6619,254.878142
1,6620,317.443464
1,6621,463.017005
1,6622,157.149971
1,6623,439.941109
1,6624,140.220523
1,6625,421.510247
1,6626,318.318630
1,6627,242.532992
1,6628,508.193521
1,6629,415.123483
1,6630,148.069458
1,6631,564.270706
1,6632,350.778450
1,6633,390.297053
1,6634,139.803038
1,6635,396.390176
1,6636,325.729979
1,6637,253.435658
1,6638,597.324226
1,6639,446.377775
1,6640,155.051433
1,6641,905.063777
1,6642,138.408571
1,6643,153.442185
1,6644,559.110562
1,6645,285.083878
1,6646,280.033523
1,6647,422.026475
1,6648,215.663562
1,6649,510.880586
1,6650,260.769960
1,6651,151.199078
1,6652,567.766730
1,6653,565.447859
1,6654,639.867334
1,6655,268.272219
1,6656,577.271527
1,6657,150.829892
1,6658,378.913389
1,6659,600.770998
1,6660,250.393262
1,6661,307.014541
1,6662,536.338829
1,6663,139.743733
1,6664,432.109304
1,6665,313.617186
1,6666,149.722274
1,6667,350.923171
1,6668,459.153667
1,6669,141.052884
1,6670,426.040915
1,6671,149.582330
1,6672,153.763781
1,6673,150.141838
1,6674,141.012988
1,6675,278.006624
1,6676,144.080359
1,6677,364.830961
1,6678,139.550807
1,6679,312.433670
1,6680,361.376037
1,6681,146.446204
1,6682,252.395402
1,6683,302.662360
1,6684,139.804357
1,6685,382.778972
1,6686,151.057637
1,6687,483.654370
1,6688,382.145807
1,6689,157.428120
1,6690,144.160323
1,6691,154.285815
1,6692,256.132849
1,6693,145.127142
1,6694,714.330667
1,6695,142.897055
1,6696,362.378675
1,6697,141.616102
1,6698,343.631399
1,6699,138.554712
1,6700,154.859018
1,6701,148.815485
1,6702,140.055471
1,6703,148.898501
1,6704,140.050096
1,6705,151.485843
1,6706,345.813543
1,6707,145.932333
1,6708,146.963733
1,6709,374.558741
1,6710,334.868700
1,6711,151.577142
1,6712,550.957878
1,6713,355.414386
1,6714,256.281867
1,6715,281.800585
1,6716,368.141402
1,6717,273.301357
1,6718,146.234741
1,6719,145.139548
1,6720,365.871038
1,6721,303.543847
1,6722,305.995871
1,6723,152.564717
1,6724,432.482702
1,6725,326.718105
1,6726,155.143388
1,6727,342.761407
1,6728,316.292238
1,6729,144.585357
1,6730,507.392346
1,6731,140.170054
1,6732,377.121365
1,6733,283.729101
1,6734,639.831411
1,6735,351.662779
1,6736,155.243424
1,6737,301.537811
1,6738,143.047988
1,6739,239.864448
1,6740,277.725951
1,6741,328.341561
1,6742,151.016101
1,6743,459.912462
1,6744,144.365880
1,6745,433.590249
1,6746,339.448830
1,6747,152.451043
1,6748,273.472033
1,6749,242.479397
1,6750,337.382787
1,6751,149.041124
1,6752,154.590876
1,6753,552.311214
1,6754,160.649067
1,6755,331.717699
1,6756,288.917041
1,6757,139.909090
1,6758,283.139303
1,6759,139.826465
1,6760,142.753830
1,6761,415.594688
1,6762,143.704483
1,6763,199.882570
1,6764,148.269303
1,6765,145.191605
1,6766,148.589016
1,6767,153.451409
1,6768,139.406749
1,6769,138.336665
1,6770,818.281654
1,6771,485.034164
1,6772,225.773419
1,6773,322.353059
1,6774,139.527372
1,6775,379.709171
1,6776,333.190542
1,6777,139.791645
1,6778,281.287103
1,6779,139.945758
1,6780,318.348450
1,6781,386.818115
1,6782,139.817627
1,6783,252.510758
1,6784,147.000878
1,6785,151.189268
1,6786,139.770206
1,6787,290.125103
1,6788,386.122096
1,6789,411.267320
1,6790,146.081612
1,6791,628.071990
1,6792,527.628355
1,6793,146.714471
1,6794,139.198912
1,6795,146.395235
1,6796,386.529443
1,6797,371.875612
1,6798,139.356065
1,6799,322.041149
1,6800,288.822167
1,6801,150.455758
1,6802,141.785984
1,6803,371.691284
1,6804,139.458174
1,6805,295.143102
1,6806,328.864952
1,6807,139.963133
1,6808,342.610314
1,6809,139.906788
1,6810,546.715948
1,6811,143.804465
1,6812,150.208157
1,6813,145.436919
1,6814,265.695576
1,6815,285.352476
1,6816,138.683534
1,6817,246.463561
1,6818,141.678470
1,6819,432.922700
1,6820,207.147776
1,6821,510.194772
1,6822,139.924375
1,6823,347.536598
1,6824,140.559764
1,6825,139.625968
1,6826,309.630619
1,6827,146.746677
1,6828,142.858466
1,6829,142.168791
1,6830,413.293478
1,6831,139.665146
1,6832,374.670991
1,6833,315.042445
1,6834,139.751044
1,6835,299.630744
1,6836,139.806817
1,6837,141.000165
1,6838,600.008569
1,6839,139.596469
1,6840,138.438455
1,6841,531.448336
1,6842,232.968931
1,6843,293.797937
1,6844,141.611665
1,6845,139.655431
1,6846,244.037340
1,6847,267.201562
1,6848,311.735464
1,6849,303.212104
1,6850,262.057017
1,6851,266.790673
1,6852,261.625520
1,6853,317.633176
1,6854,151.231440
1,6855,369.618109
1,6856,151.878986
1,6857,149.865743
1,6858,304.774688
1,6859,141.294679
1,6860,145.743901
1,6861,410.111190
1,6862,150.809863
1,6863,146.759468
1,6864,260.619280
1,6865,149.146843
1,6866,309.600945
1,6867,259.497728
1,6868,139.569168
1,6869,140.988966
1,6870,270.252143
1,6871,143.183446
1,6872,144.612334
1,6873,137.972129
1,6874,143.086584
1,6875,139.334420
1,6876,146.115667
1,6877,138.226240
1,6878,144.095029
1,6879,139.659525
1,6880,428.386809
1,6881,255.793206
1,6882,139.680665
1,6883,338.338037
1,6884,259.381144
1,6885,228.706830
1,6886,144.795209
1,6887,269.144377
1,6888,139.695048
1,6889,153.112333
1,6890,152.119908
1,6891,317.654126
1,6892,141.421722
1,6893,146.295308
1,6894,138.551244
1,6895,316.994684
1,6896,597.962233
1,6897,412.316298
1,6898,152.867543
1,6899,139.764135
1,6900,150.586587
1,6901,150.492421
1,6902,140.211311
1,6903,146.878109
1,6904,253.745306
1,6905,140.385589
1,6906,282.483076
1,6907,140.269695
1,6908,295.803123
1,6909,519.294847
1,6910,140.525738
1,6911,367.037515
1,6912,141.665513
1,6913,140.127387
1,6914,447.482024
1,6915,149.312346
1,6916,272.573339
1,6917,365.950700
1,6918,151.619837
1,6919,258.038944
1,6920,151.081986
1,6921,487.081505
1,6922,148.613223
1,6923,146.790664
1,6924,380.598024
1,6925,145.954211
1,6926,371.476396
1,6927,139.693123
1,6928,249.687377
1,6929,139.763971
1,6930,138.482143
1,6931,464.893745
1,6932,271.976440
1,6933,512.749733
1,6934,543.983821
1,6935,144.862925
1,6936,149.149558
1,6937,253.475309
1,6938,257.132957
1,6939,200.087484
1,6940,200.111705
1,6941,182.628882
1,6942,495.598197
1,6943,223.043469
1,6944,241.339796
1,6945,357.784613
1,6946,642.307428
1,6947,146.312442
1,6948,139.180098
1,6949,146.494066
1,6950,139.401807
1,6951,450.174710
1,6952,292.676648
1,6953,360.246860
1,6954,142.910545
1,6955,149.015107
1,6956,139.381659
1,6957,327.195980
1,6958,146.682155
1,6959,138.357241
1,6960,897.226135
1,6961,260.146389
1,6962,511.530501
1,6963,349.662982
1,6964,434.948433
1,6965,142.978657
1,6966,139.598525
1,6967,150.226870
1,6968,146.169452
1,6969,138.438284
1,6970,381.848665
1,6971,150.802742
1,6972,486.027174
1,6973,148.187023
1,6974,384.799136
1,6975,153.725497
1,6976,437.477433
1,6977,151.092080
1,6978,141.673215
1,6979,411.353176
1,6980,147.340799
1,6981,143.258276
1,6982,146.700830
1,6983,294.392668
1,6984,151.625870
1,6985,344.930862
1,6986,143.124470
1,6987,141.262734
1,6988,866.156604
1,6989,152.000300
1,6990,587.664953
1,6991,148.073296
1,6992,155.976729
1,6993,138.336123
1,6994,153.729421
1,6995,139.623386
1,6996,294.415183
1,6997,150.027936
1,6998,139.996003
1,6999,335.572138
1,7000,337.474610
1,7001,256.475793
1,7002,239.870869
1,7003,340.985548
1,7004,265.576262
1,7005,391.603061
1,7006,146.548264
1,7007,139.183610
1,7008,287.324668
1,7009,139.959382
1,7010,139.992255
1,7011,387.354424
1,7012,148.171098
1,7013,287.346058
1,7014,150.581502
1,7015,142.405266
1,7016,140.247640
1,7017,144.512482
1,7018,303.919910
1,7019,237.192497
1,7020,145.465551
1,7021,152.394746
1,7022,139.537888
1,7023,243.859600
1,7024,268.312566
1,7025,454.582128
1,7026,140.297143
1,7027,276.712458
1,7028,150.639637
1,7029,139.661918
1,7030,140.492294
1,7031,149.438824
1,7032,154.045785
1,7033,140.039479
1,7034,402.934473
1,7035,144.727923
1,7036,145.042055
1,7037,327.711728
1,7038,239.135741
1,7039,460.330504
1,7040,139.988390
1,7041,347.645853
1,7042,330.509512
1,7043,154.997129
1,7044,347.536339
1,7045,151.382614
1,7046,428.173827
1,7047,259.136501
1,7048,151.858342
1,7049,220.613860
1,7050,151.947534
1,7051,140.403874
1,7052,143.086586
1,7053,151.517264
1,7054,143.735980
1,7055,148.659461
1,7056,139.701041
1,7057,547.935608
1,7058,148.776040
1,7059,778.173732
1,7060,241.297554
1,7061,703.256239
1,7062,661.598472
1,7063,406.020516
1,7064,480.851959
1,7065,286.903328
1,7066,511.985272
1,7067,330.061864
1,7068,255.822246
1,7069,417.655742
1,7070,148.786603
1,7071,764.022485
1,7072,156.785925
1,7073,813.460013
1,7074,341.521072
1,7075,149.375088
1,7076,317.939679
1,7077,150.987050
1,7078,587.321500
1,7079,151.678029
1,7080,392.696288
1,7081,251.055400
1,7082,151.069470
1,7083,501.715813
1,7084,342.452601
1,7085,549.759065
1,7086,156.573324
1,7087,148.677324
1,7088,138.289685
1,7089,270.274645
1,7090,334.577765
1,7091,154.116569
1,7092,293.703850
1,7093,149.285824
1,7094,395.507660
1,7095,337.141825
1,7096,315.216013
1,7097,272.431749
1,7098,154.812527
1,7099,283.977446
1,7100,571.109552
1,7101,255.696302
1,7102,348.279601
1,7103,139.750852
1,7104,219.180455
1,7105,282.110038
1,7106,139.778879
1,7107,142.634628
1,7108,445.996362
1,7109,155.572105
1,7110,137.936674
1,7111,148.759824
1,7112,144.361792
1,7113,148.274493
1,7114,139.654191
1,7115,685.159842
1,7116,684.434062
1,7117,139.872367
1,7118,516.638923
1,7119,414.017913
1,7120,254.869932
1,7121,448.414964
1,7122,139.728313
1,7123,406.590807
1,7124,282.849006
1,7125,140.014220
1,7126,253.692455
1,7127,144.481064
1,7128,303.864550
1,7129,713.665892
1,7130,439.200999
1,7131,291.839683
1,7132,141.192760
1,7133,417.145103
1,7134,140.172536
1,7135,303.888785
1,7136,140.788603
1,7137,140.232892
1,7138,146.446773
1,7139,143.412740
1,7140,139.828574
1,7141,400.887211
1,7142,140.658462
1,7143,484.799831
1,7144,1070.509378
1,7145,712.080864
1,7146,295.275107
1,7147,140.110195
1,7148,539.017504
1,7149,148.134109
1,7150,151.903683
1,7151,139.883765
1,7152,156.625236
1,7153,280.099946
1,7154,258.526286
1,7155,296.128065
1,7156,582.535686
1,7157,484.904104
1,7158,252.526699
1,7159,143.437730
1,7160,151.533549
1,7161,511.630760
1,7162,139.924615
1,7163,275.034090
1,7164,304.268152
1,7165,289.975390
1,7166,240.700540
1,7167,147.843383
1,7168,139.853736
1,7169,498.704326
1,7170,139.702617
1,7171,140.846274
1,7172,146.463429
1,7173,139.889442
1,7174,302.219444
1,7175,324.279076
1,7176,138.971407
1,7177,143.780888
1,7178,143.430766
1,7179,139.501974
1,7180,145.293521
1,7181,143.204295
1,7182,146.563491
1,7183,140.376743
1,7184,345.207950
1,7185,144.208167
1,7186,273.612905
1,7187,505.612565
1,7188,244.337139
1,7189,141.095754
1,7190,215.647668
1,7191,147.974338
1,7192,145.635288
1,7193,384.943713
1,7194,236.440167
1,7195,255.089358
1,7196,305.614856
1,7197,280.098265
1,7198,138.612137
1,7199,282.278398
1,7200,144.549922
1,7201,366.599454
1,7202,142.492803
1,7203,567.717603
1,7204,311.885661
1,7205,139.856204
1,7206,143.190493
1,7207,234.764788
1,7208,374.948028
1,7209,377.289231
1,7210,505.202629
1,7211,466.622082
1,7212,140.866570
1,7213,353.401868
1,7214,138.678030
1,7215,412.546954
1,7216,139.932078
1,7217,147.169101
1,7218,147.037765
1,7219,147.391153
1,7220,142.142175
1,7221,147.780305
1,7222,451.997048
1,7223,139.827606
1,7224,138.931259
1,7225,320.863554
1,7226,139.907292
1,7227,227.605557
1,7228,314.007344
1,7229,139.897972
1,7230,400.042902
1,7231,139.774602
1,7232,222.485913
1,7233,146.415009
1,7234,145.728548
1,7235,141.185012
1,7236,259.674366
1,7237,138.328764
1,7238,583.084047
1,7239,141.458251
1,7240,277.364808
1,7241,291.237184
1,7242,139.896884
1,7243,650.961140
1,7244,207.598067
1,7245,586.266931
1,7246,339.729679
1,7247,141.144887
1,7248,474.699604
1,7249,139.739358
1,7250,230.087912
1,7251,149.072138
1,7252,141.421037
1,7253,143.636620
1,7254,149.245336
1,7255,142.689702
1,7256,140.485315
1,7257,146.890452
1,7258,146.593893
1,7259,140.767401
1,7260,282.923609
1,7261,139.694662
1,7262,347.704140
1,7263,465.132020
1,7264,474.986302
1,7265,1108.759872
1,7266,143.712763
1,7267,654.525763
1,7268,519.103768
1,7269,458.835525
1,7270,335.577715
1,7271,243.991807
1,7272,310.344278
1,7273,339.686463
1,7274,283.140124
1,7275,140.067867
1,7276,313.136437
1,7277,294.558734
1,7278,150.905099
1,7279,286.413805
1,7280,224.311341
1,7281,264.842926
1,7282,141.789507
1,7283,490.364162
1,7284,302.429812
1,7285,139.798050
1,7286,428.981501
1,7287,140.013396
1,7288,401.464657
1,7289,446.585207
1,7290,140.170396
1,7291,152.385619
1,7292,140.196437
1,7293,314.391113
1,7294,354.426145
1,7295,344.586914
1,7296,138.972386
1,7297,407.943018
1,7298,139.988025
1,7299,305.561148
1,7300,145.450673
1,7301,272.468057
1,7302,277.417533
1,7303,409.233631
1,7304,139.777473
1,7305,255.492753
1,7306,145.257510
1,7307,152.475877
1,7308,146.028808
1,7309,395.229485
1,7310,376.697830
1,7311,141.918234
1,7312,311.129601
1,7313,480.268080
1,7314,140.638557
1,7315,389.428473
1,7316,140.102545
1,7317,143.166428
1,7318,376.179901
1,7319,142.394851
1,7320,142.164945
1,7321,279.108118
1,7322,215.360199
1,7323,257.339443
1,7324,247.275092
1,7325,151.445846
1,7326,141.463480
1,7327,309.744853
1,7328,139.788521
1,7329,412.511949
1,7330,139.970197
1,7331,276.093425
1,7332,142.652172
1,7333,140.058414
1,7334,242.850410
1,7335,262.383568
1,7336,138.364523
1,7337,146.479882
1,7338,151.685014
1,7339,143.768511
1,7340,140.721061
1,7341,146.261514
1,7342,390.659814
1,7343,139.563372
1,7344,319.248552
1,7345,138.634371
1,7346,306.720224
1,7347,140.314728
1,7348,144.507845
1,7349,339.877065
1,7350,316.337926
1,7351,139.547838
1,7352,141.139626
1,7353,141.024546
1,7354,150.291687
1,7355,139.470523
1,7356,446.619734
1,7357,139.655835
1,7358,400.433774
1,7359,141.834497
1,7360,327.092252
1,7361,142.874921
1,7362,147.700939
1,7363,339.471478
1,7364,140.048965
1,7365,143.582121
1,7366,555.880175
1,7367,262.209903
1,7368,343.558199
1,7369,143.957750
1,7370,147.916590
1,7371,139.805310
1,7372,390.607834
1,7373,315.959246
1,7374,149.191878
1,7375,138.548255
1,7376,377.711716
1,7377,139.922396
1,7378,139.837364
1,7379,145.148734
1,7380,140.199661
1,7381,140.474778
1,7382,256.574122
1,7383,274.393775
1,7384,139.746129
1,7385,378.978099
1,7386,139.715837
1,7387,313.724553
1,7388,141.342794
1,7389,237.853872
1,7390,348.053775
1,7391,141.284162
1,7392,139.897438
1,7393,327.007565
1,7394,418.362369
1,7395,253.019065
1,7396,396.220420
1,7397,140.661022
1,7398,305.519810
1,7399,141.208879
1,7400,143.706139
1,7401,279.387661
1,7402,139.844817
1,7403,633.714950
1,7404,495.956074
1,7405,150.155903
1,7406,140.033550
1,7407,144.715982
1,7408,139.841966
1,7409,295.628448
1,7410,220.544506
1,7411,416.348246
1,7412,386.274511
1,7413,143.706848
1,7414,496.499102
1,7415,140.022844
1,7416,359.795363
1,7417,151.597633
1,7418,152.290056
1,7419,139.989024
1,7420,145.016767
1,7421,142.696624
1,7422,139.684159
1,7423,499.357372
1,7424,212.555414
1,7425,406.595100
1,7426,347.299182
1,7427,561.356877
1,7428,264.294361
1,7429,142.307422
1,7430,401.366426
1,7431,818.988901
1,7432,646.311933
1,7433,140.168921
1,7434,265.045920
1,7435,426.063535
1,7436,147.842567
1,7437,141.137935
1,7438,324.581935
1,7439,145.556327
1,7440,139.802453
1,7441,410.201156
1,7442,142.327332
1,7443,140.616312
1,7444,532.864733
1,7445,283.107081
1,7446,292.415142
1,7447,139.506966
1,7448,150.790300
1,7449,247.373740
1,7450,265.344237
1,7451,140.316779
1,7452,266.738402
1,7453,146.441561
1,7454,149.506208
1,7455,151.368661
1,7456,147.792950
1,7457,139.953500
1,7458,280.097158
1,7459,140.178014
1,7460,321.475833
1,7461,143.217138
1,7462,335.094285
1,7463,139.877800
1,7464,480.590364
1,7465,229.610175
1,7466,314.389273
1,7467,139.581292
1,7468,404.339242
1,7469,358.313592
1,7470,139.755103
1,7471,712.574416
1,7472,144.015786
1,7473,143.592427
1,7474,710.642622
1,7475,138.725170
1,7476,495.297834
1,7477,300.841511
1,7478,294.512630
1,7479,396.525403
1,7480,143.164212
1,7481,331.020266
1,7482,257.227295
1,7483,437.598151
1,7484,146.818645
1,7485,452.390041
1,7486,139.951226
1,7487,281.764191
1,7488,350.928091
1,7489,329.825641
1,7490,225.925267
1,7491,139.942367
1,7492,146.551781
1,7493,145.195078
1,7494,138.616605
1,7495,279.325897
1,7496,225.126623
1,7497,439.911982
1,7498,219.264626
1,7499,533.113211
1,7500,352.237490
1,7501,143.254304
1,7502,138.540052
1,7503,556.780404
1,7504,288.047071
1,7505,1102.415892
1,7506,139.689789
1,7507,443.102008
1,7508,139.670171
1,7509,140.141629
1,7510,358.182226
1,7511,319.695845
1,7512,139.728057
1,7513,357.247415
1,7514,139.678380
1,7515,335.392656
1,7516,246.767971
1,7517,141.129540
1,7518,142.948796
1,7519,145.091329
1,7520,256.002232
1,7521,139.692571
1,7522,444.489196
1,7523,142.193861
1,7524,375.142151
1,7525,139.792835
1,7526,347.345912
1,7527,140.524666
1,7528,377.042349
1,7529,139.953814
1,7530,329.404328
1,7531,241.368830
1,7532,379.175114
1,7533,141.957658
1,7534,260.405079
1,7535,393.830858
1,7536,141.253474
1,7537,260.387122
1,7538,233.901934
1,7539,147.109855
1,7540,301.291319
1,7541,310.824685
1,7542,142.055178
1,7543,137.946417
1,7544,389.009397
1,7545,139.440795
1,7546,321.555651
1,7547,146.366731
1,7548,362.872576
1,7549,147.302404
1,7550,146.595922
1,7551,138.416989
1,7552,141.142041
1,7553,441.722608
1,7554,139.673977
1,7555,297.230384
1,7556,143.848721
1,7557,250.460948
1,7558,256.314357
1,7559,262.915276
1,7560,271.978527
1,7561,260.796686
1,7562,146.964143
1,7563,145.555057
1,7564,145.776372
1,7565,139.895129
1,7566,141.769473
1,7567,143.042993
1,7568,140.014058
1,7569,138.538415
1,7570,247.987705
1,7571,139.828431
1,7572,142.776888
1,7573,275.266457
1,7574,138.519490
1,7575,258.172978
1,7576,140.538862
1,7577,146.850568
1,7578,139.947125
1,7579,143.917843
1,7580,139.867617
1,7581,149.001284
1,7582,142.766292
1,7583,146.236397
1,7584,149.893956
1,7585,219.609675
1,7586,138.942443
1,7587,256.529547
1,7588,140.097439
1,7589,142.526108
1,7590,141.793611
1,7591,146.082818
1,7592,144.373987
1,7593,139.853089
1,7594,144.569601
1,7595,141.283751
1,7596,145.449677
1,7597,144.150461
1,7598,235.218156
1,7599,152.057451
1,7600,139.667140
1,7601,272.796241
1,7602,139.640512
1,7603,282.158559
1,7604,142.662448
1,7605,144.507135
1,7606,139.614661
1,7607,142.353935
1,7608,143.324827
1,7609,147.778423
1,7610,139.616841
1,7611,146.806314
1,7612,139.924280
1,7613,305.579665
1,7614,146.741845
1,7615,146.023007
1,7616,141.087088
1,7617,290.561682
1,7618,247.897040
1,7619,493.747253
1,7620,139.742288
1,7621,382.411886
1,7622,255.462081
1,7623,147.389216
1,7624,140.023848
1,7625,145.515263
1,7626,140.872495
1,7627,333.524959
1,7628,249.517117
1,7629,217.113276
1,7630,418.755245
1,7631,237.282695
1,7632,139.624341
1,7633,271.956975
1,7634,258.109177
1,7635,311.070735
1,7636,348.070124
1,7637,376.997001
1,7638,147.550004
1,7639,138.987985
1,7640,147.919485
1,7641,139.498670
1,7642,150.613035
1,7643,145.475567
1,7644,148.672498
1,7645,142.418089
1,7646,140.918626
1,7647,146.450684
1,7648,139.384398
1,7649,144.464261
1,7650,152.233292
1,7651,139.873696
1,7652,151.596381
1,7653,139.735656
1,7654,143.898872
1,7655,151.331705
1,7656,151.323696
1,7657,148.804211
1,7658,145.074346
1,7659,140.164522
1,7660,142.641322
1,7661,139.623610
1,7662,144.113172
1,7663,147.077188
1,7664,338.375626
1,7665,143.943209
1,7666,311.250294
1,7667,140.935419
1,7668,141.036357
1,7669,144.100306
1,7670,146.046793
1,7671,139.654792
1,7672,145.821605
1,7673,139.665059
1,7674,141.213344
1,7675,139.486087
1,7676,143.962338
1,7677,147.540046
1,7678,148.385638
1,7679,149.128656
1,7680,147.611989
1,7681,143.220081
1,7682,140.768594
1,7683,271.841831
1,7684,148.164692
1,7685,150.161262
1,7686,139.458395
1,7687,148.976511
1,7688,138.258632
1,7689,147.302464
1,7690,144.790947
1,7691,139.462508
1,7692,143.580338
1,7693,147.641225
1,7694,145.924759
1,7695,148.221225
1,7696,148.993122
1,7697,149.606279
1,7698,152.162904
1,7699,139.527214
1,7700,141.290140
1,7701,148.288345
1,7702,238.973385
1,7703,259.384759
1,7704,141.772218
1,7705,140.292491
1,7706,270.376767
1,7707,138.995515
1,7708,299.111313
1,7709,144.998112
1,7710,144.228615
1,7711,147.367000
1,7712,304.151276
1,7713,139.186788
1,7714,144.696002
1,7715,140.555333
1,7716,147.356186
1,7717,139.421013
1,7718,147.154470
1,7719,142.053473
1,7720,148.725453
1,7721,145.880766
1,7722,139.969910
1,7723,151.472012
1,7724,150.119958
1,7725,149.878184
1,7726,152.849960
1,7727,149.360404
1,7728,139.789072
1,7729,144.899695
1,7730,139.733642
1,7731,145.010335
1,7732,148.352131
1,7733,139.601077
1,7734,142.530944
1,7735,146.970832
1,7736,140.974335
1,7737,142.729494
1,7738,139.567156
1,7739,969.586421
1,7740,139.609973
1,7741,148.183864
1,7742,141.720931
1,7743,145.079909
1,7744,139.549712
1,7745,142.632542
1,7746,147.699844
1,7747,148.582699
1,7748,139.507347
1,7749,138.394702
1,7750,146.544091
1,7751,139.413496
1,7752,258.019236
1,7753,139.725344
1,7754,335.827989
1,7755,866.881032
1,7756,139.353341
1,7757,148.885019
1,7758,139.330160
1,7759,145.889362
1,7760,144.258368
1,7761,144.561581
1,7762,145.923311
1,7763,146.826770
1,7764,142.649386
1,7765,143.815271
1,7766,336.251066
1,7767,139.279275
1,7768,142.476377
1,7769,143.980358
1,7770,144.633798
1,7771,142.433042
1,7772,139.865353
1,7773,147.366991
1,7774,144.483174
1,7775,139.321601
1,7776,143.337409
1,7777,142.700806
1,7778,145.630730
1,7779,140.811243
1,7780,139.378178
1,7781,147.719498
1,7782,142.324719
1,7783,142.744773
1,7784,144.599539
1,7785,146.266765
1,7786,144.315312
1,7787,147.994040
1,7788,140.512831
1,7789,142.162569
1,7790,139.236020
1,7791,142.717361
1,7792,139.198463
1,7793,144.763716
1,7794,139.153664
1,7795,251.689770
1,7796,145.762296
1,7797,147.151788
1,7798,148.503172
1,7799,146.367531
1,7800,142.466716
1,7801,146.465248
1,7802,139.360381
1,7803,146.580509
1,7804,141.605469
1,7805,339.472289
1,7806,145.374196
1,7807,647.143968
1,7808,145.107633
1,7809,145.878506
1,7810,150.110711
1,7811,281.911452
1,7812,576.349027
1,7813,473.581459
1,7814,333.203913
1,7815,144.261207
1,7816,139.074834
1,7817,146.986939
1,7818,139.163110
1,7819,145.134210
1,7820,148.824235
1,7821,146.498070
1,7822,139.265849
1,7823,147.957510
1,7824,146.410314
1,7825,146.377846
1,7826,146.389730
1,7827,148.915990
1,7828,140.535176
1,7829,277.686728
1,7830,226.355822
1,7831,146.605280
1,7832,144.589898
1,7833,147.676400
1,7834,145.628123
1,7835,149.752085
1,7836,145.277638
1,7837,141.596067
1,7838,152.857085
1,7839,140.046976
1,7840,146.905448
1,7841,286.734071
1,7842,266.294791
1,7843,148.784449
1,7844,148.384821
1,7845,139.694102
1,7846,144.745925
1,7847,151.132241
1,7848,141.373458
1,7849,144.832002
1,7850,333.237170
1,7851,149.755741
1,7852,148.267681
1,7853,147.093183
1,7854,141.057327
1,7855,149.490648
1,7856,146.867884
1,7857,147.865171
1,7858,139.581395
1,7859,142.555160
1,7860,145.001762
1,7861,148.226418
1,7862,148.052003
1,7863,139.456209
1,7864,150.262952
1,7865,140.108535
1,7866,151.753431
1,7867,153.224926
1,7868,152.207022
1,7869,139.245191
1,7870,138.230459
1,7871,147.609612
1,7872,139.407486
1,7873,146.081003
1,7874,378.074337
1,7875,294.950447
1,7876,142.229237
1,7877,147.022382
1,7878,145.653793
1,7879,143.344700
1,7880,138.968773
1,7881,142.961137
1,7882,145.631643
1,7883,140.497211
1,7884,143.556180
1,7885,144.440229
1,7886,142.205332
1,7887,140.140082
1,7888,146.220698
1,7889,149.198078
1,7890,144.775171
1,7891,142.554955
1,7892,142.134156
1,7893,140.674250
1,7894,145.331599
1,7895,146.381934
1,7896,139.366088
1,7897,146.617285
1,7898,139.443040
1,7899,142.510516
1,7900,138.273270
1,7901,140.699812
1,7902,146.446117
1,7903,216.229145
1,7904,145.447646
1,7905,147.784469
1,7906,144.323402
1,7907,141.026521
1,7908,146.531102
1,7909,146.867843
1,7910,142.619078
1,7911,145.596566
1,7912,145.697293
1,7913,148.874739
1,7914,145.032005
1,7915,145.865718
1,7916,139.914603
1,7917,151.438740
1,7918,138.660303
1,7919,146.320431
1,7920,139.600184
1,7921,143.665198
1,7922,142.481975
1,7923,147.768869
1,7924,139.476433
1,7925,143.570809
1,7926,160.274398
1,7927,323.235511
1,7928,258.491926
1,7929,147.877850
1,7930,138.210069
1,7931,149.736975
1,7932,148.719833
1,7933,150.514139
1,7934,271.181385
1,7935,145.621322
1,7936,139.274445
1,7937,139.982436
1,7938,229.122146
1,7939,287.656359
1,7940,309.510506
1,7941,336.807221
1,7942,300.559416
1,7943,309.167866
1,7944,408.576463
1,7945,139.723743
1,7946,386.637032
1,7947,145.010116
1,7948,157.428703
1,7949,153.031109
1,7950,149.844533
1,7951,151.526717
1,7952,139.662237
1,7953,149.172068
1,7954,149.459182
1,7955,151.252548
1,7956,155.088747
1,7957,146.340883
1,7958,144.656195
1,7959,151.554122
1,7960,138.461225
1,7961,143.713956
1,7962,148.837699
1,7963,149.671838
1,7964,149.295093
1,7965,146.522958
1,7966,149.029915
1,7967,148.857176
1,7968,140.430375
1,7969,140.903260
1,7970,153.831962
1,7971,141.405338
1,7972,289.858918
1,7973,151.947944
1,7974,139.752865
1,7975,150.303783
1,7976,139.713709
1,7977,142.630553
1,7978,142.385673
1,7979,146.180834
1,7980,147.255959
1,7981,142.078349
1,7982,317.425771
1,7983,139.007344
1,7984,146.317825
1,7985,343.004585
1,7986,139.148382
1,7987,275.996296
1,7988,292.327184
1,7989,477.114258
1,7990,139.268514
1,7991,365.151490
1,7992,312.368210
1,7993,283.908210
1,7994,139.388138
1,7995,258.335240
1,7996,139.545466
1,7997,150.783405
1,7998,143.727184
1,7999,371.679304
1,8000,147.916866
1,8001,149.477094
1,8002,146.854233
1,8003,155.630339
1,8004,285.035650
1,8005,155.054027
1,8006,150.476800
1,8007,279.386431
1,8008,139.721585
1,8009,144.143819
1,8010,141.014811
1,8011,151.515107
1,8012,154.202787
1,8013,139.825664
1,8014,145.565186
1,8015,250.570210
1,8016,144.170134
1,8017,249.947358
1,8018,143.893068
1,8019,139.790160
1,8020,148.741255
1,8021,139.828418
1,8022,147.967009
1,8023,139.755663
1,8024,139.964389
1,8025,151.160344
1,8026,147.035667
1,8027,150.265510
1,8028,244.512293
1,8029,140.451098
1,8030,142.319643
1,8031,145.394798
1,8032,149.113595
1,8033,139.195953
1,8034,150.821119
1,8035,139.382306
1,8036,139.435570
1,8037,151.285849
1,8038,140.810110
1,8039,148.721973
1,8040,149.604154
1,8041,140.671601
1,8042,146.010156
1,8043,147.490252
1,8044,138.420235
1,8045,145.482796
1,8046,139.672789
1,8047,149.794165
1,8048,153.612573
1,8049,151.189106
1,8050,249.379135
1,8051,146.032179
1,8052,147.521712
1,8053,147.947973
1,8054,146.427323
1,8055,150.525462
1,8056,147.973150
1,8057,145.737212
1,8058,139.894629
1,8059,144.928979
1,8060,146.345060
1,8061,281.350508
1,8062,139.851373
1,8063,143.699632
1,8064,149.884814
1,8065,140.287464
1,8066,154.772325
1,8067,142.145163
1,8068,148.828351
1,8069,147.890058
1,8070,143.669651
1,8071,139.592799
1,8072,822.487477
1,8073,139.698892
1,8074,147.710335
1,8075,143.367048
1,8076,351.741855
1,8077,344.087490
1,8078,139.153578
1,8079,144.407913
1,8080,149.431872
1,8081,331.105758
1,8082,304.030705
1,8083,140.621790
1,8084,143.848688
1,8085,146.899882
1,8086,148.670193
1,8087,152.213006
1,8088,138.234063
1,8089,145.638704
1,8090,149.326505
1,8091,139.626955
1,8092,345.496900
1,8093,139.589619
1,8094,139.978910
1,8095,148.091684
1,8096,138.796971
1,8097,142.016119
1,8098,139.811761
1,8099,144.568284
1,8100,143.841552
1,8101,140.162497
1,8102,142.505246
1,8103,144.772883
1,8104,139.973251
1,8105,295.043370
1,8106,139.952884
1,8107,141.536972
1,8108,644.713365
1,8109,139.684695
1,8110,151.410859
1,8111,152.951002
1,8112,143.882304
1,8113,155.252830
1,8114,139.876583
1,8115,147.649503
1,8116,148.415542
1,8117,154.257727
1,8118,285.748287
1,8119,299.594854
1,8120,147.806650
1,8121,144.456565
1,8122,148.269009
1,8123,139.881863
1,8124,240.408447
1,8125,139.676676
1,8126,139.568424
1,8127,632.120918
1,8128,494.349487
1,8129,143.892792
1,8130,148.552391
1,8131,146.757722
1,8132,158.372690
1,8133,139.678144
1,8134,410.078122
1,8135,141.345786
1,8136,411.641476
1,8137,147.554999
1,8138,143.928387
1,8139,146.868746
1,8140,147.665586
1,8141,143.537328
1,8142,318.827202
1,8143,268.510575
1,8144,351.902143
1,8145,293.386083
1,8146,505.748212
1,8147,331.950821
1,8148,243.588122
1,8149,139.525956
1,8150,148.673142
1,8151,147.958169
1,8152,150.899899
1,8153,334.943061
1,8154,139.530894
1,8155,149.949850
1,8156,242.596868
1,8157,149.667775
1,8158,263.889303
1,8159,154.653038
1,8160,146.376360
1,8161,148.050960
1,8162,149.237976
1,8163,278.252155
1,8164,150.169443
1,8165,220.344040
1,8166,244.509559
1,8167,378.763427
1,8168,139.031924
1,8169,268.699436
1,8170,146.874616
1,8171,144.958260
1,8172,145.182438
1,8173,139.322429
1,8174,138.159903
1,8175,139.242051
1,8176,142.084214
1,8177,146.315984
1,8178,385.282430
1,8179,139.469910
1,8180,143.126816
1,8181,282.883972
1,8182,146.500923
1,8183,140.921624
1,8184,144.549225
1,8185,138.133783
1,8186,143.775441
1,8187,139.815686
1,8188,146.066523
1,8189,139.739592
1,8190,142.713138
1,8191,138.488537
1,8192,147.788213
1,8193,144.601419
1,8194,145.058501
1,8195,292.123919
1,8196,139.874372
1,8197,142.771710
1,8198,140.145737
1,8199,147.650717
1,8200,150.680057
1,8201,138.174961
1,8202,145.334829
1,8203,143.070362
1,8204,139.736493
1,8205,141.430235
1,8206,139.693174
1,8207,139.950349
1,8208,138.379133
1,8209,145.975977
1,8210,139.622090
1,8211,140.967946
1,8212,146.221059
1,8213,147.617975
1,8214,139.680974
1,8215,144.047972
1,8216,139.702907
1,8217,145.486570
1,8218,139.620637
1,8219,144.498947
1,8220,139.785545
1,8221,139.693423
1,8222,146.155117
1,8223,140.856960
1,8224,146.784451
1,8225,143.884395
1,8226,139.795366
1,8227,145.666312
1,8228,147.366771
1,8229,147.859314
1,8230,150.409450
1,8231,140.835919
1,8232,140.004316
1,8233,140.863915
1,8234,147.542704
1,8235,150.001197
1,8236,145.956113
1,8237,139.484370
1,8238,145.462304
1,8239,139.406833
1,8240,145.018380
1,8241,145.680838
1,8242,142.799866
1,8243,147.367321
1,8244,139.600239
1,8245,146.929060
1,8246,1229.329055
1,8247,275.869719
1,8248,139.142611
1,8249,148.181769
1,8250,143.490165
1,8251,269.199443
1,8252,366.107205
1,8253,139.301952
1,8254,143.208651
1,8255,139.489113
1,8256,347.537701
1,8257,260.549247
1,8258,148.157996
1,8259,149.680782
1,8260,140.085227
1,8261,151.856034
1,8262,317.789738
1,8263,138.954778
1,8264,348.423688
1,8265,284.780485
1,8266,138.118368
1,8267,319.111731
1,8268,296.913893
1,8269,138.096188
1,8270,295.673204
1,8271,365.614948
1,8272,274.049058
1,8273,405.027247
1,8274,147.004839
1,8275,139.468462
1,8276,144.532929
1,8277,139.639430
1,8278,149.501737
1,8279,146.809587
1,8280,148.513622
1,8281,148.232779
1,8282,151.858965
1,8283,140.280711
1,8284,144.567307
1,8285,145.777293
1,8286,139.575483
1,8287,147.660034
1,8288,146.163968
1,8289,139.675950
1,8290,143.720463
1,8291,139.612054
1,8292,144.052632
1,8293,143.376135
1,8294,140.930144
1,8295,142.803891
1,8296,139.662941
1,8297,144.071132
1,8298,141.112948
1,8299,148.194470
1,8300,139.651197
1,8301,145.441127
1,8302,150.290275
1,8303,138.403026
1,8304,143.916982
1,8305,148.147737
1,8306,139.647057
1,8307,144.709871
1,8308,143.995228
1,8309,150.755851
1,8310,139.809432
1,8311,144.432430
1,8312,146.775103
1,8313,140.868398
1,8314,141.178424
1,8315,343.271854
1,8316,149.303294
1,8317,147.482979
1,8318,139.493606
1,8319,146.198465
1,8320,139.760252
1,8321,143.451055
1,8322,148.778251
1,8323,139.507815
1,8324,146.414365
1,8325,139.389183
1,8326,142.597176
1,8327,139.521069
1,8328,286.957863
1,8329,139.408453
1,8330,140.774939
1,8331,148.007160
1,8332,149.335902
1,8333,149.334304
1,8334,337.885314
1,8335,139.496898
1,8336,313.357240
1,8337,144.691807
1,8338,309.398835
1,8339,298.554373
1,8340,409.978043
1,8341,404.591607
1,8342,491.903301
1,8343,139.608147
1,8344,256.745666
1,8345,139.709557
1,8346,277.582242
1,8347,139.832844
1,8348,242.228708
1,8349,285.576930
1,8350,353.670414
1,8351,139.829022
1,8352,279.640018
1,8353,292.886942
1,8354,140.442898
1,8355,481.606431
1,8356,878.642504
1,8357,513.333204
1,8358,138.568736
1,8359,153.620409
1,8360,372.759761
1,8361,305.700544
1,8362,140.025709
1,8363,457.919815
1,8364,313.557298
1,8365,290.281882
1,8366,140.008335
1,8367,468.574933
1,8368,151.862949
1,8369,289.902731
1,8370,139.960888
1,8371,483.458128
1,8372,140.072393
1,8373,357.111583
1,8374,321.726994
1,8375,407.935375
1,8376,640.182370
1,8377,266.502829
1,8378,152.149669
1,8379,277.895543
1,8380,140.374486
1,8381,359.540046
1,8382,773.001045
1,8383,391.453984
1,8384,344.513539
1,8385,471.108119
1,8386,140.652410
1,8387,461.837698
1,8388,146.509217
1,8389,143.859141
1,8390,145.641983
1,8391,150.239093
1,8392,139.138205
1,8393,467.696168
1,8394,147.386146
1,8395,140.484688
1,8396,427.490635
1,8397,488.372493
1,8398,142.796215
1,8399,413.140121
1,8400,491.905224
1,8401,347.259505
1,8402,257.028742
1,8403,295.474792
1,8404,142.313225
1,8405,677.479877
1,8406,139.504177
1,8407,416.324164
1,8408,141.391226
1,8409,265.354037
1,8410,139.782440
1,8411,291.357317
1,8412,139.827812
1,8413,352.002877
1,8414,143.711447
1,8415,253.613983
1,8416,635.040718
1,8417,461.312607
1,8418,139.848800
1,8419,848.221983
1,8420,140.186640
1,8421,254.488070
1,8422,143.869090
1,8423,405.013231
1,8424,140.752901
1,8425,607.642000
1,8426,140.174422
1,8427,694.304397
1,8428,264.847328
1,8429,262.997027
1,8430,141.085570
1,8431,313.676419
1,8432,143.191205
1,8433,831.769206
1,8434,141.947606
1,8435,449.057697
1,8436,328.138683
1,8437,147.196394
1,8438,353.895202
1,8439,595.241695
1,8440,140.367180
1,8441,297.573348
1,8442,455.878404
1,8443,138.485775
1,8444,450.564036
1,8445,376.055052
1,8446,483.872153
1,8447,338.941485
1,8448,140.677229
1,8449,472.999813
1,8450,376.021413
1,8451,145.743339
1,8452,788.814002
1,8453,140.411322
1,8454,301.475499
1,8455,689.730269
1,8456,140.011975
1,8457,239.824106
1,8458,512.765647
1,8459,455.527012
1,8460,920.813803
1,8461,372.045154
1,8462,440.518166
1,8463,140.637446
1,8464,556.584305
1,8465,375.599356
1,8466,139.593577
1,8467,369.699212
1,8468,139.506716
1,8469,429.862661
1,8470,286.547911
1,8471,609.463783
1,8472,139.673482
1,8473,283.656298
1,8474,296.940939
1,8475,423.753409
1,8476,149.766047
1,8477,275.725151
1,8478,141.374908
1,8479,364.087343
1,8480,243.597094
1,8481,736.363245
1,8482,460.522089
1,8483,144.842313
1,8484,140.648309
1,8485,379.377939
1,8486,296.035756
1,8487,281.431821
1,8488,139.929288
1,8489,329.357266
1,8490,521.650694
1,8491,141.481374
1,8492,143.719347
1,8493,242.453903
1,8494,138.599270
1,8495,550.856659
1,8496,389.574340
1,8497,139.953671
1,8498,546.791761
1,8499,277.251184
1,8500,310.833298
1,8501,290.708397
1,8502,270.282928
1,8503,153.979776
1,8504,153.817936
1,8505,384.745203
1,8506,140.728709
1,8507,808.966494
1,8508,673.057052
1,8509,319.108111
1,8510,593.841113
1,8511,509.612563
1,8512,242.683584
1,8513,153.418147
1,8514,148.092423
1,8515,147.863068
1,8516,259.014924
1,8517,144.756016
1,8518,293.906436
1,8519,139.803473
1,8520,587.185594
1,8521,271.644119
1,8522,348.913453
1,8523,155.614562
1,8524,139.486375
1,8525,154.897556
1,8526,141.449347
1,8527,138.408682
1,8528,153.305937
1,8529,292.674151
1,8530,140.114210
1,8531,307.084833
1,8532,253.288844
1,8533,445.254746
1,8534,140.705024
1,8535,139.098333
1,8536,333.845346
1,8537,156.009104
1,8538,296.215355
1,8539,260.823477
1,8540,367.341321
1,8541,246.737949
1,8542,289.982509
1,8543,514.437379
1,8544,278.302914
1,8545,142.963856
1,8546,252.585045
1,8547,142.664897
1,8548,139.765090
1,8549,147.234723
1,8550,140.172091
1,8551,149.506256
1,8552,151.011559
1,8553,154.528014
1,8554,141.053792
1,8555,152.202337
1,8556,149.463586
1,8557,153.324559
1,8558,149.708221
1,8559,140.763636
1,8560,150.065306
1,8561,143.912978
1,8562,154.879584
1,8563,139.551234
1,8564,149.252342
1,8565,152.911363
1,8566,146.297727
1,8567,150.178911
1,8568,149.979017
1,8569,139.804703
1,8570,150.898578
1,8571,150.879432
1,8572,140.657699
1,8573,152.934365
1,8574,334.747429
1,8575,260.693283
1,8576,154.188419
1,8577,345.581441
1,8578,482.681264
1,8579,151.157845
1,8580,291.972390
1,8581,365.359617
1,8582,500.689439
1,8583,427.019460
1,8584,138.554821
1,8585,554.180144
1,8586,451.552770
1,8587,140.055894
1,8588,148.954590
1,8589,140.050735
1,8590,441.895167
1,8591,327.983642
1,8592,249.663632
1,8593,146.999097
1,8594,143.938389
1,8595,140.746358
1,8596,242.821111
1,8597,312.797240
1,8598,305.728104
1,8599,435.075035
1,8600,151.836403
1,8601,141.466533
1,8602,152.794206
1,8603,145.998211
1,8604,144.935760
1,8605,145.589696
1,8606,310.916114
1,8607,271.592884
1,8608,559.468104
1,8609,349.033636
1,8610,139.034634
1,8611,155.045606
1,8612,152.219655
1,8613,140.258624
1,8614,144.661885
1,8615,295.051887
1,8616,260.724814
1,8617,448.527800
1,8618,140.053776
1,8619,419.036613
1,8620,140.699688
1,8621,772.809454
1,8622,151.264531
1,8623,142.858147
1,8624,142.814984
1,8625,144.259370
1,8626,148.288648
1,8627,150.808143
1,8628,154.135918
1,8629,144.190005
1,8630,485.042532
1,8631,140.117401
1,8632,802.666186
1,8633,599.999148
1,8634,140.225484
1,8635,232.716458
1,8636,293.250730
1,8637,386.575872
1,8638,140.720214
1,8639,389.928973
1,8640,339.838769
1,8641,140.064253
1,8642,139.720919
1,8643,390.769657
1,8644,250.694891
1,8645,142.755547
1,8646,155.059960
1,8647,143.764307
1,8648,154.237030
1,8649,148.049615
1,8650,352.600617
1,8651,266.933773
1,8652,606.135532
1,8653,139.406977
1,8654,138.166855
1,8655,382.131881
1,8656,373.637584
1,8657,140.127870
1,8658,317.375652
1,8659,139.527683
1,8660,406.400496
1,8661,341.748279
1,8662,139.791984
1,8663,144.088813
1,8664,139.758657
1,8665,148.641814
1,8666,149.635921
1,8667,139.817998
1,8668,331.328301
1,8669,287.513549
1,8670,331.284822
1,8671,139.770596
1,8672,384.688346
1,8673,349.995918
1,8674,532.267680
1,8675,296.981724
1,8676,141.436257
1,8677,646.799456
1,8678,146.616561
1,8679,139.199061
1,8680,251.397491
1,8681,364.866939
1,8682,301.300326
1,8683,139.356305
1,8684,329.390016
1,8685,152.889602
1,8686,293.622731
1,8687,241.646128
1,8688,239.692175
1,8689,139.476082
1,8690,144.791199
1,8691,374.316594
1,8692,139.752651
1,8693,253.279772
1,8694,360.275354
1,8695,427.066840
1,8696,248.641166
1,8697,449.128660
1,8698,145.277790
1,8699,263.363269
1,8700,335.257928
1,8701,138.683637
1,8702,145.268437
1,8703,330.149401
1,8704,354.145761
1,8705,138.544647
1,8706,433.287211
1,8707,139.924776
1,8708,457.062984
1,8709,140.328195
1,8710,139.626583
1,8711,423.155966
1,8712,146.584112
1,8713,142.877498
1,8714,142.211795
1,8715,399.094566
1,8716,246.608779
1,8717,379.378405
1,8718,267.776086
1,8719,139.751672
1,8720,295.160367
1,8721,139.807440
1,8722,140.775369
1,8723,264.630840
1,8724,139.597098
1,8725,138.438563
1,8726,638.810556
1,8727,139.773373
1,8728,273.315211
1,8729,234.297371
1,8730,139.655843
1,8731,149.200950
1,8732,150.472966
1,8733,148.244986
1,8734,147.637298
1,8735,249.012745
1,8736,311.459185
1,8737,139.954038
1,8738,660.200260
1,8739,502.964963
1,8740,324.588459
1,8741,151.757564
1,8742,149.684757
1,8743,152.772933
1,8744,141.296120
1,8745,251.935949
1,8746,259.495983
1,8747,315.538890
1,8748,388.016941
1,8749,142.651108
1,8750,437.480779
1,8751,138.743670
1,8752,315.257834
1,8753,139.569746
1,8754,140.990365
1,8755,145.795667
1,8756,143.323310
1,8757,144.616564
1,8758,137.972129
1,8759,143.088231
1,8760,139.334595
1,8761,146.118114
1,8762,138.226240
1,8763,144.097556
1,8764,139.659898
1,8765,146.218776
1,8766,140.593931
1,8767,139.681091
1,8768,340.973297
1,8769,146.569630
1,8770,294.163819
1,8771,144.669437
1,8772,303.541261
1,8773,139.695386
1,8774,468.362045
1,8775,313.389324
1,8776,141.477654
1,8777,141.423042
1,8778,241.381156
1,8779,138.551340
1,8780,152.390628
1,8781,141.073482
1,8782,388.298852
1,8783,152.477989
1,8784,139.764520
1,8785,382.720872
1,8786,342.667131
1,8787,139.909945
1,8788,286.741832
1,8789,139.839932
1,8790,140.121457
1,8791,574.141777
1,8792,140.107724
1,8793,139.184228
1,8794,282.474936
1,8795,140.312547
1,8796,280.947850
1,8797,141.666933
1,8798,264.570949
1,8799,280.521648
1,8800,319.502881
1,8801,263.044745
1,8802,349.895919
1,8803,260.346277
1,8804,140.251725
1,8805,426.736275
1,8806,295.611561
1,8807,148.661113
1,8808,146.598174
1,8809,280.953576
1,8810,276.000768
1,8811,359.725381
1,8812,139.693525
1,8813,240.608087
1,8814,139.592461
1,8815,138.482247
1,8816,308.953098
1,8817,139.950141
1,8818,142.427986
1,8819,146.442372
1,8820,144.662151
1,8821,149.013157
1,8822,141.889590
1,8823,143.013568
1,8824,145.226717
1,8825,143.975041
1,8826,276.688255
1,8827,576.990387
1,8828,206.379592
1,8829,387.059814
1,8830,287.290782
1,8831,283.842802
1,8832,146.190150
1,8833,139.180240
1,8834,146.326624
1,8835,139.402099
1,8836,150.759467
1,8837,144.919465
1,8838,150.190671
1,8839,142.732975
1,8840,397.107232
1,8841,139.381941
1,8842,144.732727
1,8843,146.502686
1,8844,138.357322
1,8845,773.456539
1,8846,270.692045
1,8847,283.950267
1,8848,536.027776
1,8849,150.223390
1,8850,142.981065
1,8851,139.598877
1,8852,150.260849
1,8853,145.949495
1,8854,138.438379
1,8855,148.766900
1,8856,455.926778
1,8857,140.442036
1,8858,340.454812
1,8859,140.167045
1,8860,411.872925
1,8861,140.908245
1,8862,150.643814
1,8863,141.474887
1,8864,147.110772
1,8865,147.233311
1,8866,143.011908
1,8867,274.071914
1,8868,247.306172
1,8869,426.266526
1,8870,140.422266
1,8871,143.151210
1,8872,141.264186
1,8873,142.638073
1,8874,152.047487
1,8875,141.129896
1,8876,309.268868
1,8877,435.171111
1,8878,138.336226
1,8879,712.110744
1,8880,139.623782
1,8881,288.162241
1,8882,369.630980
1,8883,139.767747
1,8884,138.828390
1,8885,147.021307
1,8886,336.625762
1,8887,263.350868
1,8888,258.730460
1,8889,817.836972
1,8890,630.285213
1,8891,146.551585
1,8892,139.183749
1,8893,147.529479
1,8894,139.959644
1,8895,139.992575
1,8896,149.261892
1,8897,355.982734
1,8898,140.919321
1,8899,307.207316
1,8900,142.407161
1,8901,302.708656
1,8902,360.853203
1,8903,373.349333
1,8904,284.695213
1,8905,145.238530
1,8906,484.503276
1,8907,139.538217
1,8908,357.158933
1,8909,381.737702
1,8910,271.857493
1,8911,140.118479
1,8912,425.806802
1,8913,360.794612
1,8914,139.662459
1,8915,140.173010
1,8916,387.214290
1,8917,462.777921
1,8918,140.040060
1,8919,270.456238
1,8920,350.670110
1,8921,144.875866
1,8922,140.029075
1,8923,142.059617
1,8924,271.534404
1,8925,139.763469
1,8926,139.253560
1,8927,146.192840
1,8928,154.059266
1,8929,145.807105
1,8930,151.103170
1,8931,142.127276
1,8932,319.604454
1,8933,301.941571
1,8934,141.469384
1,8935,151.745719
1,8936,140.224749
1,8937,143.089244
1,8938,151.103871
1,8939,143.033857
1,8940,148.438907
1,8941,139.701427
1,8942,530.922574
1,8943,413.416542
1,8944,143.344936
1,8945,145.053923
1,8946,147.443397
1,8947,141.294375
1,8948,152.193653
1,8949,140.443845
1,8950,675.720680
1,8951,146.828095
1,8952,351.643319
1,8953,155.704876
1,8954,140.670388
1,8955,148.561319
1,8956,147.665050
1,8957,531.158129
1,8958,254.128623
1,8959,144.534666
1,8960,245.009416
1,8961,140.394506
1,8962,553.864879
1,8963,140.786608
1,8964,151.318278
1,8965,150.423673
1,8966,139.738636
1,8967,412.787981
1,8968,140.599697
1,8969,419.006707
1,8970,140.756328
1,8971,640.115518
1,8972,362.770166
1,8973,138.289775
1,8974,147.167903
1,8975,146.199913
1,8976,418.358964
1,8977,247.794757
1,8978,290.063262
1,8979,140.368333
1,8980,261.454916
1,8981,140.272696
1,8982,146.673207
1,8983,255.643127
1,8984,140.115481
1,8985,514.612278
1,8986,361.720378
1,8987,152.439659
1,8988,139.751172
1,8989,151.548792
1,8990,355.331056
1,8991,139.640501
1,8992,142.667778
1,8993,653.607948
1,8994,638.409450
1,8995,137.936674
1,8996,551.636695
1,8997,144.188500
1,8998,343.042901
1,8999,139.654501
1,9000,337.092598
1,9001,317.420282
1,9002,139.872747
1,9003,318.055000
1,9004,524.479946
1,9005,306.703370
1,9006,320.379213
1,9007,139.728739
1,9008,337.731920
1,9009,143.098599
1,9010,139.831711
1,9011,143.702364
1,9012,343.465629
1,9013,147.021548
1,9014,458.411678
1,9015,294.777718
1,9016,372.259014
1,9017,260.451504
1,9018,705.199255
1,9019,140.173287
1,9020,372.218433
1,9021,140.594055
1,9022,140.290972
1,9023,331.686596
1,9024,143.437628
1,9025,139.829096
1,9026,475.611552
1,9027,257.797455
1,9028,144.448876
1,9029,669.693916
1,9030,150.199605
1,9031,144.931931
1,9032,269.090844
1,9033,494.013794
1,9034,344.323317
1,9035,464.171124
1,9036,139.884300
1,9037,559.795545
1,9038,408.025459
1,9039,344.262775
1,9040,330.708756
1,9041,558.378467
1,9042,401.978794
1,9043,144.910587
1,9044,143.242328
1,9045,361.933017
1,9046,302.030590
1,9047,139.738895
1,9048,282.790318
1,9049,430.071705
1,9050,457.257178
1,9051,299.068806
1,9052,323.931214
1,9053,139.878582
1,9054,360.071423
1,9055,139.703404
1,9056,140.660930
1,9057,268.135971
1,9058,139.739103
1,9059,263.457341
1,9060,149.802135
1,9061,138.971549
1,9062,143.605700
1,9063,143.296576
1,9064,204.316219
1,9065,144.996706
1,9066,301.772046
1,9067,297.991890
1,9068,140.203873
1,9069,388.745237
1,9070,143.522276
1,9071,236.865486
1,9072,370.510640
1,9073,261.064125
1,9074,140.915621
1,9075,316.222105
1,9076,147.793168
1,9077,262.821998
1,9078,239.185626
1,9079,336.158435
1,9080,143.582946
1,9081,256.413963
1,9082,259.983941
1,9083,138.612262
1,9084,253.704498
1,9085,144.381691
1,9086,290.835886
1,9087,142.283803
1,9088,712.649040
1,9089,386.565432
1,9090,139.856710
1,9091,409.284319
1,9092,229.718790
1,9093,373.818542
1,9094,400.113170
1,9095,457.429985
1,9096,271.856400
1,9097,304.010571
1,9098,332.141914
1,9099,138.678165
1,9100,350.932108
1,9101,139.932601
1,9102,401.060002
1,9103,409.940188
1,9104,146.987476
1,9105,141.680743
1,9106,243.593146
1,9107,580.007819
1,9108,139.853779
1,9109,138.700371
1,9110,383.202336
1,9111,139.907813
1,9112,861.322903
1,9113,297.852714
1,9114,139.719998
1,9115,464.375327
1,9116,139.775119
1,9117,504.961007
1,9118,344.751989
1,9119,270.179598
1,9120,141.186891
1,9121,379.773128
1,9122,138.328900
1,9123,634.763088
1,9124,365.069107
1,9125,264.611955
1,9126,560.860508
1,9127,139.897385
1,9128,300.367652
1,9129,140.108616
1,9130,316.680669
1,9131,395.553545
1,9132,259.108220
1,9133,274.598873
1,9134,139.739845
1,9135,147.108125
1,9136,441.902920
1,9137,141.264135
1,9138,143.435547
1,9139,414.118724
1,9140,142.691412
1,9141,140.266196
1,9142,418.911218
1,9143,628.194458
1,9144,388.404176
1,9145,141.861833
1,9146,272.563879
1,9147,330.544114
1,9148,319.832741
1,9149,284.290918
1,9150,289.185451
1,9151,143.485923
1,9152,235.844736
1,9153,451.802790
1,9154,341.779689
1,9155,440.602783
1,9156,140.442130
1,9157,325.509409
1,9158,145.385377
1,9159,281.203054
1,9160,140.068581
1,9161,915.256267
1,9162,142.943182
1,9163,505.308759
1,9164,313.712747
1,9165,337.213656
1,9166,140.584741
1,9167,343.200760
1,9168,153.736635
1,9169,149.441851
1,9170,139.798553
1,9171,375.260998
1,9172,140.013903
1,9173,310.148038
1,9174,691.271990
1,9175,140.171153
1,9176,152.096705
1,9177,140.196969
1,9178,450.456019
1,9179,140.669513
1,9180,589.265737
1,9181,431.927561
1,9182,338.615326
1,9183,139.988789
1,9184,236.911670
1,9185,274.848072
1,9186,144.090044
1,9187,365.120821
1,9188,409.367094
1,9189,139.777981
1,9190,472.393342
1,9191,317.024249
1,9192,344.367477
1,9193,340.822652
1,9194,221.935820
1,9195,143.724519
1,9196,311.733289
1,9197,149.021130
1,9198,476.698858
1,9199,140.639174
1,9200,320.787714
1,9201,140.103279
1,9202,414.552830
1,9203,311.512216
1,9204,142.186751
1,9205,334.017017
1,9206,249.500527
1,9207,142.878443
1,9208,267.549750
1,9209,208.545097
1,9210,317.823063
1,9211,141.305536
1,9212,394.737678
1,9213,139.789224
1,9214,145.680386
1,9215,139.970682
1,9216,340.462167
1,9217,142.465571
1,9218,267.094515
1,9219,140.378232
1,9220,294.175484
1,9221,138.364641
1,9222,278.577483
1,9223,401.084748
1,9224,216.846264
1,9225,381.182430
1,9226,541.445848
1,9227,267.638345
1,9228,139.563808
1,9229,579.846154
1,9230,138.425772
1,9231,146.250755
1,9232,139.872753
1,9233,383.705517
1,9234,555.152433
1,9235,454.399710
1,9236,139.548255
1,9237,141.158457
1,9238,141.026057
1,9239,149.941636
1,9240,139.470931
1,9241,317.133313
1,9242,293.265676
1,9243,270.403782
1,9244,423.643097
1,9245,315.838543
1,9246,142.876402
1,9247,147.312728
1,9248,688.231152
1,9249,139.803600
1,9250,143.359249
1,9251,446.817137
1,9252,277.699189
1,9253,400.743613
1,9254,351.134365
1,9255,637.693033
1,9256,282.396667
1,9257,263.195560
1,9258,265.016572
1,9259,464.642158
1,9260,138.548361
1,9261,288.413593
1,9262,139.760877
1,9263,139.837795
1,9264,144.947195
1,9265,290.568859
1,9266,140.220837
1,9267,363.514749
1,9268,269.808047
1,9269,139.746593
1,9270,286.656092
1,9271,139.716309
1,9272,249.558141
1,9273,141.343985
1,9274,360.266957
1,9275,312.889622
1,9276,141.091099
1,9277,139.914338
1,9278,149.403771
1,9279,150.088077
1,9280,264.045682
1,9281,325.094099
1,9282,345.474552
1,9283,280.251246
1,9284,347.966912
1,9285,274.634828
1,9286,342.247968
1,9287,139.845317
1,9288,379.452066
1,9289,150.248259
1,9290,299.669799
1,9291,140.034051
1,9292,144.535125
1,9293,139.842466
1,9294,403.508825
1,9295,141.411567
1,9296,292.768447
1,9297,471.134605
1,9298,422.536321
1,9299,149.415605
1,9300,140.023574
1,9301,146.051417
1,9302,327.033330
1,9303,151.605360
1,9304,139.989761
1,9305,144.879017
1,9306,142.700017
1,9307,139.684646
1,9308,365.104999
1,9309,265.161867
1,9310,286.276094
1,9311,141.350062
1,9312,454.919808
1,9313,141.330555
1,9314,259.388411
1,9315,275.832258
1,9316,469.973669
1,9317,369.550948
1,9318,250.179482
1,9319,142.114041
1,9320,150.257499
1,9321,393.269998
1,9322,141.139593
1,9323,674.685257
1,9324,569.927162
1,9325,139.802907
1,9326,788.257986
1,9327,142.093964
1,9328,340.291124
1,9329,747.045899
1,9330,461.360409
1,9331,397.912133
1,9332,139.507404
1,9333,412.962641
1,9334,290.075730
1,9335,241.332114
1,9336,243.371897
1,9337,145.093497
1,9338,295.342170
1,9339,325.804676
1,9340,506.038960
1,9341,147.453714
1,9342,139.698152
1,9343,143.956127
1,9344,140.178452
1,9345,145.220155
1,9346,143.023821
1,9347,148.490263
1,9348,139.878337
1,9349,143.834840
1,9350,140.298614
1,9351,147.212251
1,9352,139.581691
1,9353,146.789439
1,9354,144.258708
1,9355,139.755524
1,9356,352.546892
1,9357,282.722003
1,9358,246.002298
1,9359,279.019018
1,9360,138.572016
1,9361,507.316455
1,9362,499.174975
1,9363,145.474075
1,9364,310.950485
1,9365,142.952043
1,9366,147.054435
1,9367,140.735971
1,9368,404.277666
1,9369,536.227021
1,9370,144.040514
1,9371,139.951950
1,9372,146.855961
1,9373,145.137487
1,9374,146.045717
1,9375,144.208410
1,9376,259.200845
1,9377,146.351295
1,9378,144.985505
1,9379,138.616732
1,9380,149.586211
1,9381,144.662382
1,9382,146.117889
1,9383,144.214778
1,9384,147.450833
1,9385,150.367125
1,9386,143.257592
1,9387,138.540179
1,9388,150.430583
1,9389,140.489400
1,9390,151.251181
1,9391,139.690520
1,9392,149.343331
1,9393,139.670654
1,9394,139.912389
1,9395,318.072705
1,9396,332.951400
1,9397,139.728535
1,9398,143.684675
1,9399,139.702604
1,9400,145.132901
1,9401,141.926188
1,9402,141.130686
1,9403,142.988771
1,9404,249.540648
1,9405,280.624435
1,9406,139.693273
1,9407,143.830475
1,9408,275.098243
1,9409,421.260238
1,9410,139.793523
1,9411,804.469670
1,9412,140.545375
1,9413,520.783284
1,9414,139.954484
1,9415,146.949860
1,9416,145.599075
1,9417,152.886184
1,9418,141.774703
1,9419,140.028046
1,9420,296.712119
1,9421,274.771997
1,9422,273.423411
1,9423,143.298704
1,9424,284.930730
