subtaskID,datapointID,answer
1,0,350.335940
1,1,158.159075
1,2,69.453298
1,3,62.207380
1,4,350.686011
1,5,92.018082
1,6,180.456212
1,7,168.834182
1,8,206.877355
1,9,172.344155
1,10,202.837891
1,11,85.956728
1,12,98.124749
1,13,205.642542
1,14,65.254032
1,15,234.161236
1,16,154.862328
1,17,196.121938
1,18,220.287060
1,19,404.504784
1,20,160.258306
1,21,217.731775
1,22,155.491050
1,23,242.296792
1,24,194.227740
1,25,110.392929
1,26,129.684102
1,27,140.572799
1,28,95.992221
1,29,63.251493
1,30,267.667615
1,31,65.526127
1,32,95.920913
1,33,303.007105
1,34,63.218071
1,35,342.312914
1,36,175.376547
1,37,190.214740
1,38,91.715731
1,39,72.723206
1,40,94.242775
1,41,297.687523
1,42,102.614974
1,43,158.964844
1,44,309.226333
1,45,131.880903
1,46,63.964602
1,47,173.094500
1,48,111.734819
1,49,175.630857
1,50,146.400094
1,51,180.629712
1,52,103.474283
1,53,89.960915
1,54,218.890610
1,55,153.856280
1,56,186.947262
1,57,73.134156
1,58,135.372971
1,59,374.827241
1,60,65.241434
1,61,200.483158
1,62,65.194451
1,63,241.429057
1,64,97.520054
1,65,101.253579
1,66,65.148863
1,67,133.623891
1,68,135.140630
1,69,236.903843
1,70,65.152758
1,71,107.228198
1,72,97.289710
1,73,190.035688
1,74,108.750369
1,75,125.011679
1,76,67.743349
1,77,151.111528
1,78,93.673883
1,79,321.610488
1,80,90.093198
1,81,409.860134
1,82,268.220526
1,83,322.305331
1,84,124.530340
1,85,165.235996
1,86,67.364928
1,87,265.166954
1,88,280.732661
1,89,300.464885
1,90,275.179220
1,91,121.734451
1,92,65.166311
1,93,294.541580
1,94,515.957476
1,95,545.503128
1,96,397.747581
1,97,513.781050
1,98,311.584927
1,99,64.044301
1,100,301.714260
1,101,137.423910
1,102,294.134357
1,103,188.470087
1,104,293.012897
1,105,224.266007
1,106,90.902982
1,107,213.104698
1,108,94.733763
1,109,206.713794
1,110,416.071216
1,111,138.679435
1,112,504.425659
1,113,110.800497
1,114,301.777877
1,115,569.416925
1,116,224.330261
1,117,248.352530
1,118,234.058266
1,119,153.459807
1,120,181.719406
1,121,65.165234
1,122,134.369395
1,123,184.985830
1,124,510.817495
1,125,184.078083
1,126,410.758085
1,127,196.211450
1,128,67.654993
1,129,186.499134
1,130,154.429134
1,131,65.220172
1,132,212.863569
1,133,65.238285
1,134,89.082536
1,135,64.922262
1,136,100.626149
1,137,221.972167
1,138,212.021357
1,139,259.261534
1,140,194.781655
1,141,236.105254
1,142,67.182287
1,143,267.174561
1,144,108.463199
1,145,132.600906
1,146,64.873510
1,147,258.871738
1,148,62.757779
1,149,215.733305
1,150,110.424179
1,151,64.880797
1,152,163.144993
1,153,102.152176
1,154,176.109530
1,155,194.225062
1,156,207.474977
1,157,294.977051
1,158,267.643506
1,159,64.995074
1,160,106.854183
1,161,115.558679
1,162,137.150130
1,163,193.061844
1,164,97.458863
1,165,66.345338
1,166,225.307694
1,167,64.057627
1,168,314.072746
1,169,199.123255
1,170,112.615298
1,171,162.185032
1,172,399.427282
1,173,64.394776
1,174,158.759302
1,175,66.807167
1,176,158.972426
1,177,64.808013
1,178,164.393644
1,179,168.742511
1,180,274.976159
1,181,156.384864
1,182,117.610709
1,183,280.146748
1,184,415.069055
1,185,248.068476
1,186,310.916336
1,187,267.823948
1,188,99.998499
1,189,107.999250
1,190,89.096385
1,191,113.759670
1,192,139.748741
1,193,65.125464
1,194,70.287682
1,195,213.372813
1,196,94.717862
1,197,90.604624
1,198,65.065548
1,199,801.388749
1,200,90.023881
1,201,246.624825
1,202,143.785528
1,203,106.021912
1,204,65.034736
1,205,100.419151
1,206,109.294667
1,207,165.359024
1,208,64.959958
1,209,93.611326
1,210,111.525247
1,211,64.794306
1,212,250.451111
1,213,98.008178
1,214,179.238783
1,215,465.794823
1,216,64.688146
1,217,143.457459
1,218,64.647240
1,219,108.748394
1,220,196.011673
1,221,203.238527
1,222,229.987570
1,223,222.796884
1,224,221.077675
1,225,88.422357
1,226,304.154185
1,227,64.557489
1,228,70.191653
1,229,118.993841
1,230,102.619252
1,231,100.559119
1,232,98.701075
1,233,201.362977
1,234,100.716035
1,235,64.632175
1,236,96.742347
1,237,151.590417
1,238,100.765463
1,239,67.258249
1,240,64.732194
1,241,207.897313
1,242,99.386543
1,243,104.547923
1,244,141.439515
1,245,174.826063
1,246,105.496652
1,247,126.193712
1,248,66.731767
1,249,69.638785
1,250,64.481386
1,251,107.446739
1,252,64.415119
1,253,190.256326
1,254,64.336068
1,255,96.517039
1,256,121.954125
1,257,298.930589
1,258,196.719707
1,259,119.259601
1,260,105.531855
1,261,111.399523
1,262,90.893700
1,263,279.390318
1,264,170.810659
1,265,191.285082
1,266,110.225953
1,267,591.030347
1,268,222.129503
1,269,136.908987
1,270,265.394958
1,271,110.395192
1,272,418.985745
1,273,239.019316
1,274,189.691326
1,275,93.297730
1,276,64.197332
1,277,156.130232
1,278,64.353026
1,279,142.359688
1,280,241.002027
1,281,158.652842
1,282,64.534179
1,283,143.965124
1,284,156.414693
1,285,316.772302
1,286,244.104065
1,287,230.328461
1,288,66.771126
1,289,103.916797
1,290,177.461210
1,291,266.791841
1,292,148.878561
1,293,220.350868
1,294,148.439665
1,295,193.619154
1,296,167.907944
1,297,115.563824
1,298,421.017718
1,299,126.332045
1,300,298.422758
1,301,282.081846
1,302,229.421037
1,303,247.692257
1,304,114.094656
1,305,65.289670
1,306,74.180942
1,307,229.948807
1,308,111.902989
1,309,74.332806
1,310,286.432092
1,311,177.817126
1,312,112.918041
1,313,142.941587
1,314,96.195390
1,315,226.603317
1,316,144.603033
1,317,108.757432
1,318,65.090732
1,319,70.330536
1,320,134.024954
1,321,166.241561
1,322,226.818339
1,323,110.010551
1,324,322.709569
1,325,183.125190
1,326,468.087483
1,327,638.714960
1,328,421.368125
1,329,64.497357
1,330,62.708095
1,331,223.686665
1,332,89.725156
1,333,115.770036
1,334,178.673578
1,335,269.074146
1,336,146.823376
1,337,190.360222
1,338,226.766436
1,339,192.015400
1,340,64.010395
1,341,170.943672
1,342,107.654109
1,343,93.224334
1,344,97.299682
1,345,73.649171
1,346,95.904752
1,347,185.825399
1,348,76.775352
1,349,82.003401
1,350,98.126097
1,351,103.288591
1,352,161.200507
1,353,67.016869
1,354,192.396949
1,355,180.003322
1,356,64.710940
1,357,162.220939
1,358,64.846727
1,359,70.252580
1,360,62.783688
1,361,67.061561
1,362,257.197100
1,363,267.242236
1,364,146.317579
1,365,171.933967
1,366,122.736537
1,367,98.575709
1,368,185.710969
1,369,131.703251
1,370,93.597311
1,371,208.086417
1,372,172.470185
1,373,169.888742
1,374,165.388911
1,375,184.416743
1,376,97.302785
1,377,272.011757
1,378,111.280671
1,379,205.184566
1,380,65.123941
1,381,154.192714
1,382,88.454925
1,383,155.184898
1,384,64.905516
1,385,72.115958
1,386,677.743635
1,387,732.288608
1,388,351.156575
1,389,192.115078
1,390,62.672711
1,391,191.164778
1,392,270.339221
1,393,250.186051
1,394,220.001816
1,395,151.408574
1,396,64.550145
1,397,128.033313
1,398,269.038081
1,399,244.878836
1,400,370.556869
1,401,588.265046
1,402,789.995191
1,403,407.738564
1,404,324.789995
1,405,65.342018
1,406,327.177520
1,407,132.838238
1,408,528.727294
1,409,634.975259
1,410,490.783302
1,411,572.001260
1,412,116.841612
1,413,283.024762
1,414,232.370859
1,415,318.587011
1,416,387.001317
1,417,183.486875
1,418,152.441731
1,419,521.156317
1,420,63.115294
1,421,162.062522
1,422,467.561311
1,423,171.418619
1,424,183.531036
1,425,176.309909
1,426,178.075289
1,427,302.505729
1,428,160.686453
1,429,144.949346
1,430,414.879804
1,431,96.659109
1,432,406.420811
1,433,351.924010
1,434,84.545629
1,435,210.266797
1,436,65.323695
1,437,98.611305
1,438,156.056842
1,439,188.068027
1,440,269.371758
1,441,69.485854
1,442,287.059739
1,443,86.998075
1,444,199.935099
1,445,316.408812
1,446,81.695891
1,447,164.579974
1,448,513.133580
1,449,357.069668
1,450,64.538930
1,451,533.477974
1,452,371.036649
1,453,410.846368
1,454,64.749781
1,455,192.977869
1,456,86.799817
1,457,251.267450
1,458,166.365277
1,459,322.766208
1,460,218.802722
1,461,362.575233
1,462,258.860278
1,463,723.186688
1,464,285.886876
1,465,424.250703
1,466,251.309326
1,467,330.546807
1,468,65.337823
1,469,99.961433
1,470,213.482319
1,471,359.674458
1,472,563.660000
1,473,87.784559
1,474,167.774602
1,475,96.463749
1,476,91.864282
1,477,157.635123
1,478,171.232612
1,479,65.458728
1,480,168.362076
1,481,91.882097
1,482,192.461627
1,483,89.789233
1,484,109.420653
1,485,377.878566
1,486,219.393641
1,487,333.281945
1,488,452.469207
1,489,91.269714
1,490,127.834847
1,491,155.256813
1,492,248.121486
1,493,64.411205
1,494,411.634992
1,495,98.146277
1,496,107.448999
1,497,267.680768
1,498,117.297616
1,499,110.225808
1,500,272.728656
1,501,144.349908
1,502,103.562578
1,503,192.202256
1,504,63.043058
1,505,254.826195
1,506,114.900616
1,507,285.016346
1,508,455.951681
1,509,351.712450
1,510,230.246939
1,511,173.497810
1,512,182.584499
1,513,205.047345
1,514,197.420652
1,515,339.124659
1,516,235.939048
1,517,262.503723
1,518,123.856323
1,519,197.245571
1,520,309.842547
1,521,236.325723
1,522,106.102007
1,523,72.340284
1,524,134.227721
1,525,163.231127
1,526,531.660589
1,527,155.992961
1,528,232.715336
1,529,249.560140
1,530,161.447906
1,531,65.110412
1,532,349.609532
1,533,87.724679
1,534,204.122336
1,535,71.752478
1,536,209.967192
1,537,240.866830
1,538,64.336889
1,539,120.958939
1,540,196.992384
1,541,280.089621
1,542,247.498995
1,543,105.082790
1,544,231.334164
1,545,191.608637
1,546,236.382951
1,547,330.652696
1,548,62.714510
1,549,190.708434
1,550,242.733985
1,551,65.171266
1,552,191.205105
1,553,65.105276
1,554,114.497692
1,555,221.262416
1,556,91.471522
1,557,208.461355
1,558,94.799884
1,559,146.402081
1,560,168.348716
1,561,234.793042
1,562,70.241338
1,563,178.809902
1,564,131.721709
1,565,264.162631
1,566,95.884414
1,567,210.789213
1,568,434.471479
1,569,92.441111
1,570,492.537278
1,571,485.488021
1,572,175.334815
1,573,557.230750
1,574,101.096551
1,575,276.418260
1,576,325.155001
1,577,410.836676
1,578,268.549444
1,579,202.525193
1,580,112.625638
1,581,201.532550
1,582,197.880303
1,583,98.729518
1,584,553.163974
1,585,91.238876
1,586,65.067465
1,587,539.401840
1,588,421.748303
1,589,172.178098
1,590,367.664465
1,591,219.506978
1,592,637.385755
1,593,82.613337
1,594,319.840141
1,595,120.320504
1,596,260.887292
1,597,187.735147
1,598,177.298786
1,599,115.857277
1,600,211.452199
1,601,92.343330
1,602,339.159326
1,603,219.822085
1,604,352.957367
1,605,176.173060
1,606,397.648408
1,607,375.500351
1,608,274.417750
1,609,64.992698
1,610,257.989665
1,611,222.685746
1,612,335.692490
1,613,295.282235
1,614,65.001473
1,615,242.582641
1,616,258.277639
1,617,174.732544
1,618,413.890598
1,619,387.331675
1,620,202.956273
1,621,299.391222
1,622,312.992814
1,623,105.876395
1,624,329.036160
1,625,150.339660
1,626,209.324318
1,627,232.821176
1,628,64.122184
1,629,150.177980
1,630,212.917827
1,631,172.371393
1,632,113.546813
1,633,97.298127
1,634,62.583839
1,635,64.492275
1,636,215.841640
1,637,338.166342
1,638,197.312643
1,639,91.320393
1,640,127.169436
1,641,105.392935
1,642,106.041992
1,643,67.452665
1,644,73.834318
1,645,62.537418
1,646,72.476240
1,647,127.432087
1,648,95.039728
1,649,90.416306
1,650,94.667764
1,651,63.163576
1,652,247.922285
1,653,277.545309
1,654,163.893709
1,655,181.667152
1,656,90.817713
1,657,99.508322
1,658,128.601015
1,659,171.831182
1,660,156.250335
1,661,62.610022
1,662,158.676437
1,663,215.999628
1,664,65.364193
1,665,102.888419
1,666,65.287721
1,667,97.008632
1,668,62.970421
1,669,108.894858
1,670,65.162245
1,671,67.533702
1,672,185.330266
1,673,183.381709
1,674,92.113249
1,675,118.828360
1,676,91.496983
1,677,127.348890
1,678,65.159702
1,679,167.669774
1,680,127.511226
1,681,89.843435
1,682,101.190780
1,683,67.337919
1,684,199.842257
1,685,180.494717
1,686,104.011162
1,687,231.284562
1,688,174.161805
1,689,268.831437
1,690,194.822449
1,691,67.300663
1,692,130.332931
1,693,67.350129
1,694,239.518223
1,695,306.922531
1,696,196.893718
1,697,64.919332
1,698,174.432860
1,699,64.782491
1,700,125.230123
1,701,185.197462
1,702,142.617652
1,703,151.934980
1,704,65.123935
1,705,276.337493
1,706,1294.528350
1,707,185.461184
1,708,91.783777
1,709,102.762266
1,710,102.263488
1,711,105.282386
1,712,194.786130
1,713,64.598141
1,714,71.480601
1,715,117.148508
1,716,243.684709
1,717,223.079917
1,718,277.129689
1,719,284.593462
1,720,132.798925
1,721,348.382847
1,722,263.659329
1,723,88.051396
1,724,178.477477
1,725,277.215585
1,726,62.510893
1,727,243.889012
1,728,314.350007
1,729,62.471608
1,730,280.553619
1,731,677.297068
1,732,461.302755
1,733,236.060051
1,734,179.903708
1,735,100.971389
1,736,215.479012
1,737,106.917232
1,738,259.822232
1,739,246.331033
1,740,333.018019
1,741,302.552699
1,742,514.996916
1,743,173.286666
1,744,73.866119
1,745,185.885206
1,746,65.080285
1,747,186.119349
1,748,103.830500
1,749,65.257563
1,750,72.379510
1,751,65.144747
1,752,100.294613
1,753,159.978379
1,754,95.821924
1,755,103.340247
1,756,95.028274
1,757,168.269198
1,758,98.816987
1,759,297.327304
1,760,65.213760
1,761,269.910854
1,762,244.304500
1,763,63.012628
1,764,104.801568
1,765,117.120153
1,766,88.779507
1,767,114.549548
1,768,103.957501
1,769,172.024635
1,770,112.564205
1,771,182.824277
1,772,166.553641
1,773,67.358329
1,774,93.289966
1,775,129.196776
1,776,205.195619
1,777,104.325525
1,778,64.935622
1,779,99.796844
1,780,98.069831
1,781,138.229388
1,782,155.428825
1,783,64.960740
1,784,105.238379
1,785,64.751356
1,786,94.627060
1,787,64.984169
1,788,258.979380
1,789,64.785406
1,790,67.193666
1,791,178.276522
1,792,179.433562
1,793,239.324315
1,794,408.559070
1,795,62.190181
1,796,329.280227
1,797,128.220458
1,798,211.741152
1,799,65.220225
1,800,394.811448
1,801,471.579887
1,802,65.604981
1,803,529.930123
1,804,590.522396
1,805,235.986882
1,806,370.390936
1,807,65.350467
1,808,486.223904
1,809,235.883531
1,810,93.106906
1,811,177.153786
1,812,211.462099
1,813,253.008014
1,814,570.120992
1,815,453.075573
1,816,317.617906
1,817,141.385217
1,818,548.913756
1,819,114.234825
1,820,332.378858
1,821,126.022976
1,822,192.918605
1,823,232.204883
1,824,152.204591
1,825,65.526952
1,826,443.582218
1,827,125.939420
1,828,305.533689
1,829,1126.359600
1,830,376.143079
1,831,202.260541
1,832,102.299209
1,833,727.196670
1,834,264.427180
1,835,486.409303
1,836,65.624308
1,837,703.324760
1,838,309.211940
1,839,224.449283
1,840,220.257573
1,841,470.641660
1,842,399.832815
1,843,197.737689
1,844,155.220483
1,845,413.343921
1,846,421.821701
1,847,93.434703
1,848,262.379445
1,849,329.065222
1,850,525.808220
1,851,218.575865
1,852,280.557878
1,853,119.907858
1,854,500.859891
1,855,84.956175
1,856,133.301911
1,857,379.531178
1,858,88.182562
1,859,339.255098
1,860,411.381314
1,861,64.015888
1,862,240.644365
1,863,152.876898
1,864,83.180681
1,865,142.077787
1,866,180.543607
1,867,248.892034
1,868,124.137912
1,869,706.736336
1,870,297.950850
1,871,142.826534
1,872,549.439861
1,873,218.199486
1,874,145.876630
1,875,142.578342
1,876,212.816859
1,877,227.810393
1,878,319.496504
1,879,256.859450
1,880,142.529739
1,881,252.116474
1,882,193.679273
1,883,63.381819
1,884,195.240783
1,885,165.543293
1,886,311.077362
1,887,132.933764
1,888,574.889819
1,889,277.766394
1,890,65.575806
1,891,189.186061
1,892,126.425588
1,893,376.732813
1,894,361.986180
1,895,544.269271
1,896,399.032756
1,897,141.032348
1,898,293.028040
1,899,63.498072
1,900,505.412566
1,901,65.709650
1,902,256.535635
1,903,229.966358
1,904,194.820087
1,905,136.905557
1,906,310.578397
1,907,547.944066
1,908,122.807771
1,909,98.171557
1,910,345.854310
1,911,65.665905
1,912,377.387708
1,913,282.268067
1,914,92.252449
1,915,514.732148
1,916,65.431714
1,917,440.814128
1,918,252.321216
1,919,186.271089
1,920,87.865041
1,921,299.103475
1,922,62.881577
1,923,490.965690
1,924,131.286513
1,925,265.774029
1,926,324.226204
1,927,65.647639
1,928,581.700417
1,929,118.331014
1,930,343.181884
1,931,302.099767
1,932,101.019928
1,933,558.316595
1,934,65.369655
1,935,269.448324
1,936,330.330754
1,937,155.248001
1,938,199.875503
1,939,227.700689
1,940,117.630178
1,941,126.228987
1,942,213.257749
1,943,303.197951
1,944,237.642681
1,945,173.961351
1,946,102.661278
1,947,279.594199
1,948,353.658523
1,949,262.756132
1,950,479.778915
1,951,137.988023
1,952,397.948607
1,953,445.375154
1,954,389.294836
1,955,335.320037
1,956,131.568019
1,957,296.003760
1,958,262.634848
1,959,280.193824
1,960,95.877090
1,961,426.953332
1,962,207.116671
1,963,382.656445
1,964,312.012840
1,965,248.462862
1,966,154.521271
1,967,186.441964
1,968,497.975486
1,969,233.329913
1,970,65.473170
1,971,304.053573
1,972,65.853266
1,973,427.301594
1,974,573.000199
1,975,117.210727
1,976,481.569043
1,977,66.176226
1,978,397.196688
1,979,173.913999
1,980,403.560884
1,981,146.406992
1,982,407.006615
1,983,110.035659
1,984,212.496204
1,985,176.974131
1,986,220.081134
1,987,183.091612
1,988,376.565398
1,989,65.436826
1,990,345.199161
1,991,224.082279
1,992,448.203930
1,993,211.172082
1,994,316.050069
1,995,212.472287
1,996,136.027165
1,997,218.905398
1,998,473.499765
1,999,231.319469
1,1000,634.347800
1,1001,114.111368
1,1002,299.122664
1,1003,550.397284
1,1004,155.805604
1,1005,166.194581
1,1006,218.662999
1,1007,97.706286
1,1008,286.133835
1,1009,166.313610
1,1010,277.562930
1,1011,221.826793
1,1012,492.815063
1,1013,105.661673
1,1014,272.750728
1,1015,65.777123
1,1016,172.759747
1,1017,205.569564
1,1018,101.661651
1,1019,136.823548
1,1020,280.159376
1,1021,62.944786
1,1022,134.339644
1,1023,229.729988
1,1024,133.652730
1,1025,162.881899
1,1026,315.855160
1,1027,304.865026
1,1028,65.059277
1,1029,349.543435
1,1030,94.404187
1,1031,237.348628
1,1032,130.769034
1,1033,246.851600
1,1034,462.653058
1,1035,409.923888
1,1036,65.031957
1,1037,107.770947
1,1038,90.562003
1,1039,549.829443
1,1040,64.895537
1,1041,812.253857
1,1042,108.426011
1,1043,580.860933
1,1044,246.671261
1,1045,382.749791
1,1046,149.546093
1,1047,258.506998
1,1048,385.633120
1,1049,121.311190
1,1050,162.392885
1,1051,501.862993
1,1052,259.169241
1,1053,371.329214
1,1054,232.171745
1,1055,316.438070
1,1056,105.591071
1,1057,454.815855
1,1058,232.423088
1,1059,380.690684
1,1060,63.269154
1,1061,288.134548
1,1062,89.863411
1,1063,65.542932
1,1064,158.879344
1,1065,108.473974
1,1066,104.299135
1,1067,234.094462
1,1068,195.712370
1,1069,65.381724
1,1070,303.047538
1,1071,65.328216
1,1072,269.888518
1,1073,68.196329
1,1074,293.969298
1,1075,452.391791
1,1076,166.005283
1,1077,102.309087
1,1078,336.143211
1,1079,381.859576
1,1080,298.050336
1,1081,428.528293
1,1082,156.768411
1,1083,311.784064
1,1084,165.283156
1,1085,152.956096
1,1086,335.222683
1,1087,65.555736
1,1088,403.160670
1,1089,372.835332
1,1090,371.216817
1,1091,65.888870
1,1092,101.867287
1,1093,65.550704
1,1094,432.675375
1,1095,198.416238
1,1096,349.546948
1,1097,767.553608
1,1098,268.621530
1,1099,322.011061
1,1100,130.807878
1,1101,264.433734
1,1102,304.883696
1,1103,388.498775
1,1104,98.269804
1,1105,210.096370
1,1106,88.738592
1,1107,65.272224
1,1108,350.990203
1,1109,127.949914
1,1110,361.112939
1,1111,213.526951
1,1112,454.932197
1,1113,113.658381
1,1114,172.128249
1,1115,315.989587
1,1116,649.439440
1,1117,485.757367
1,1118,122.908721
1,1119,237.997033
1,1120,327.713286
1,1121,280.507506
1,1122,122.191810
1,1123,464.657172
1,1124,295.587643
1,1125,65.481196
1,1126,1053.812863
1,1127,162.979652
1,1128,225.847950
1,1129,613.347995
1,1130,330.857700
1,1131,438.143152
1,1132,64.959703
1,1133,362.561747
1,1134,237.466927
1,1135,436.518194
1,1136,137.814102
1,1137,189.830177
1,1138,203.695616
1,1139,303.607131
1,1140,348.932867
1,1141,284.905997
1,1142,103.542636
1,1143,191.707195
1,1144,158.508391
1,1145,198.103205
1,1146,147.115799
1,1147,278.792270
1,1148,106.266999
1,1149,231.683189
1,1150,130.068692
1,1151,173.892726
1,1152,65.091097
1,1153,204.587425
1,1154,224.868799
1,1155,65.397779
1,1156,438.367138
1,1157,172.081103
1,1158,143.247763
1,1159,399.547046
1,1160,86.454982
1,1161,344.722134
1,1162,271.686463
1,1163,232.827951
1,1164,339.897405
1,1165,103.357091
1,1166,223.843996
1,1167,161.447814
1,1168,578.805364
1,1169,381.321974
1,1170,231.850672
1,1171,96.564785
1,1172,192.998193
1,1173,179.875318
1,1174,235.601708
1,1175,130.305415
1,1176,99.268736
1,1177,169.200807
1,1178,138.630406
1,1179,63.389693
1,1180,349.730789
1,1181,215.621048
1,1182,185.246942
1,1183,172.241164
1,1184,277.545732
1,1185,220.318488
1,1186,147.974306
1,1187,63.254569
1,1188,341.542086
1,1189,146.740024
1,1190,677.448810
1,1191,92.230958
1,1192,305.132361
1,1193,65.247551
1,1194,100.143133
1,1195,313.957539
1,1196,196.305131
1,1197,65.349750
1,1198,151.313279
1,1199,118.289365
1,1200,172.187584
1,1201,141.210241
1,1202,67.820141
1,1203,158.091359
1,1204,351.161353
1,1205,201.648718
1,1206,87.172593
1,1207,389.323840
1,1208,250.334847
1,1209,573.349941
1,1210,94.200256
1,1211,822.828330
1,1212,173.170990
1,1213,551.256170
1,1214,114.892054
1,1215,228.948589
1,1216,166.934914
1,1217,431.402223
1,1218,131.224802
1,1219,110.409912
1,1220,464.498548
1,1221,105.587968
1,1222,488.016850
1,1223,105.154049
1,1224,223.836227
1,1225,185.614328
1,1226,64.942979
1,1227,186.479617
1,1228,178.311716
1,1229,311.496752
1,1230,321.819566
1,1231,445.002280
1,1232,475.710889
1,1233,527.661027
1,1234,65.138278
1,1235,378.945649
1,1236,65.317127
1,1237,361.513351
1,1238,95.164189
1,1239,305.024214
1,1240,152.421116
1,1241,451.053382
1,1242,65.527665
1,1243,255.392790
1,1244,317.031081
1,1245,66.610972
1,1246,641.818369
1,1247,856.656035
1,1248,777.099827
1,1249,63.305073
1,1250,488.563064
1,1251,524.314879
1,1252,622.264501
1,1253,97.737942
1,1254,521.082474
1,1255,355.012924
1,1256,235.513456
1,1257,65.843794
1,1258,505.391723
1,1259,462.378744
1,1260,317.269866
1,1261,88.985295
1,1262,420.254680
1,1263,65.956815
1,1264,437.502348
1,1265,488.428029
1,1266,325.206132
1,1267,530.421216
1,1268,162.896998
1,1269,437.405602
1,1270,509.110945
1,1271,135.353361
1,1272,615.360406
1,1273,973.199117
1,1274,612.134804
1,1275,738.822261
1,1276,364.403947
1,1277,201.978545
1,1278,291.965726
1,1279,193.652149
1,1280,189.403257
1,1281,274.807275
1,1282,232.431720
1,1283,178.252498
1,1284,294.280522
1,1285,218.965713
1,1286,136.246529
1,1287,341.856921
1,1288,277.158505
1,1289,232.576487
1,1290,327.012090
1,1291,425.061111
1,1292,239.000540
1,1293,124.751295
1,1294,147.631723
1,1295,95.364508
1,1296,310.604781
1,1297,64.955093
1,1298,476.704375
1,1299,120.255791
1,1300,129.470539
1,1301,65.445898
1,1302,407.193076
1,1303,103.943449
1,1304,123.628161
1,1305,172.579717
1,1306,261.605991
1,1307,860.043095
1,1308,851.045860
1,1309,102.788382
1,1310,808.091204
1,1311,227.076855
1,1312,124.896404
1,1313,194.983350
1,1314,610.696820
1,1315,205.454411
1,1316,819.877064
1,1317,116.892477
1,1318,443.454857
1,1319,249.754390
1,1320,491.985149
1,1321,263.988593
1,1322,177.483202
1,1323,124.114113
1,1324,550.752758
1,1325,354.153026
1,1326,625.248490
1,1327,150.640867
1,1328,171.900834
1,1329,316.180759
1,1330,359.018183
1,1331,140.211596
1,1332,192.690936
1,1333,385.079102
1,1334,63.158601
1,1335,375.727534
1,1336,236.282454
1,1337,291.898600
1,1338,223.557952
1,1339,203.458077
1,1340,302.352181
1,1341,307.089875
1,1342,172.230737
1,1343,503.537510
1,1344,142.875257
1,1345,200.426545
1,1346,481.666969
1,1347,114.211728
1,1348,341.080129
1,1349,455.765050
1,1350,582.575935
1,1351,365.093114
1,1352,287.105228
1,1353,315.337427
1,1354,107.510647
1,1355,245.619993
1,1356,494.293345
1,1357,86.943523
1,1358,619.304263
1,1359,64.959514
1,1360,616.408290
1,1361,239.967675
1,1362,362.929890
1,1363,65.253554
1,1364,185.568604
1,1365,227.920616
1,1366,572.315867
1,1367,539.132509
1,1368,462.688925
1,1369,108.472749
1,1370,611.687211
1,1371,94.809651
1,1372,563.342275
1,1373,541.273941
1,1374,223.983169
1,1375,148.320459
1,1376,283.245970
1,1377,289.540791
1,1378,415.935206
1,1379,65.704476
1,1380,490.126487
1,1381,684.638986
1,1382,115.840934
1,1383,152.713086
1,1384,384.137148
1,1385,63.358964
1,1386,826.350043
1,1387,784.466173
1,1388,65.747405
1,1389,1208.689318
1,1390,1075.116555
1,1391,560.160612
1,1392,140.399829
1,1393,196.378682
1,1394,422.822311
1,1395,536.036367
1,1396,565.324572
1,1397,186.320756
1,1398,685.670827
1,1399,650.464129
1,1400,134.698854
1,1401,591.139777
1,1402,443.831990
1,1403,132.948554
1,1404,476.341350
1,1405,439.703845
1,1406,220.743789
1,1407,309.014337
1,1408,203.027549
1,1409,445.394509
1,1410,65.482324
1,1411,639.179045
1,1412,444.307658
1,1413,235.474656
1,1414,523.650013
1,1415,197.758627
1,1416,575.670476
1,1417,350.753854
1,1418,63.022574
1,1419,404.468183
1,1420,553.343245
1,1421,119.658874
1,1422,327.085264
1,1423,247.912623
1,1424,324.627936
1,1425,203.986136
1,1426,136.648416
1,1427,410.358467
1,1428,585.461386
1,1429,548.144284
1,1430,286.419218
1,1431,400.336334
1,1432,258.786910
1,1433,285.774050
1,1434,487.994124
1,1435,388.247439
1,1436,135.951309
1,1437,373.600171
1,1438,245.761656
1,1439,112.186026
1,1440,205.030062
1,1441,130.293749
1,1442,206.706356
1,1443,357.321105
1,1444,381.205899
1,1445,67.686039
1,1446,355.125913
1,1447,385.119100
1,1448,471.950769
1,1449,262.449830
1,1450,104.599976
1,1451,681.818810
1,1452,202.044618
1,1453,671.661690
1,1454,84.392218
1,1455,617.131161
1,1456,629.297887
1,1457,239.056946
1,1458,234.698551
1,1459,282.700614
1,1460,65.485104
1,1461,387.322830
1,1462,401.748121
1,1463,193.853480
1,1464,556.789038
1,1465,720.576460
1,1466,263.484386
1,1467,889.800378
1,1468,425.540871
1,1469,281.052398
1,1470,512.306011
1,1471,112.855558
1,1472,418.707517
1,1473,169.668738
1,1474,660.743370
1,1475,63.280540
1,1476,565.337927
1,1477,322.721242
1,1478,65.927955
1,1479,306.758834
1,1480,116.105057
1,1481,354.635040
1,1482,362.207548
1,1483,252.696291
1,1484,195.981664
1,1485,192.288953
1,1486,207.977922
1,1487,409.310154
1,1488,434.663728
1,1489,523.890506
1,1490,630.535562
1,1491,498.874915
1,1492,218.864630
1,1493,399.988336
1,1494,202.778119
1,1495,140.391634
1,1496,250.129051
1,1497,174.903919
1,1498,558.277711
1,1499,449.005493
1,1500,439.851659
1,1501,133.554850
1,1502,585.608919
1,1503,308.125023
1,1504,131.403458
1,1505,326.480496
1,1506,770.268808
1,1507,127.732190
1,1508,636.010559
1,1509,119.073435
1,1510,468.066197
1,1511,183.047815
1,1512,513.198163
1,1513,453.434108
1,1514,279.933642
1,1515,212.217882
1,1516,393.034046
1,1517,344.430265
1,1518,456.851521
1,1519,494.569691
1,1520,235.589743
1,1521,563.587160
1,1522,139.771281
1,1523,418.510083
1,1524,389.745557
1,1525,152.301716
1,1526,313.691583
1,1527,356.507324
1,1528,433.053450
1,1529,219.326037
1,1530,862.149808
1,1531,578.923172
1,1532,121.007365
1,1533,93.732845
1,1534,359.080660
1,1535,96.684701
1,1536,70.684295
1,1537,549.742670
1,1538,124.712471
1,1539,190.531533
1,1540,247.744916
1,1541,202.426460
1,1542,295.314765
1,1543,399.949617
1,1544,64.783880
1,1545,88.202569
1,1546,546.405578
1,1547,568.645136
1,1548,130.159006
1,1549,505.114670
1,1550,64.996368
1,1551,390.139509
1,1552,407.349415
1,1553,65.462706
1,1554,166.821702
1,1555,93.635592
1,1556,220.199370
1,1557,239.040379
1,1558,65.508400
1,1559,368.696744
1,1560,247.739694
1,1561,257.133116
1,1562,65.424602
1,1563,243.725449
1,1564,433.620336
1,1565,497.609308
1,1566,342.351033
1,1567,289.552244
1,1568,770.971602
1,1569,138.559500
1,1570,64.417427
1,1571,106.615531
1,1572,226.675671
1,1573,466.224120
1,1574,64.694351
1,1575,484.061066
1,1576,864.623281
1,1577,782.600142
1,1578,198.853125
1,1579,268.502671
1,1580,104.153814
1,1581,225.186841
1,1582,403.114586
1,1583,97.072208
1,1584,294.020032
1,1585,127.647025
1,1586,485.507431
1,1587,309.170843
1,1588,523.299500
1,1589,313.282069
1,1590,319.728931
1,1591,337.928385
1,1592,63.507957
1,1593,179.825546
1,1594,192.495399
1,1595,363.503188
1,1596,88.642785
1,1597,442.168587
1,1598,65.696669
1,1599,573.449904
1,1600,101.206007
1,1601,84.970664
1,1602,380.184529
1,1603,338.329174
1,1604,144.426590
1,1605,212.537059
1,1606,563.160543
1,1607,95.316648
1,1608,449.996753
1,1609,238.032449
1,1610,82.511016
1,1611,308.755075
1,1612,99.885078
1,1613,161.864872
1,1614,460.538028
1,1615,81.791458
1,1616,63.075336
1,1617,450.854465
1,1618,99.905958
1,1619,290.277697
1,1620,121.835551
1,1621,65.221896
1,1622,338.155429
1,1623,330.493243
1,1624,293.104355
1,1625,211.456595
1,1626,242.715021
1,1627,363.791587
1,1628,110.758478
1,1629,698.162625
1,1630,463.734671
1,1631,229.721429
1,1632,266.681263
1,1633,236.577753
1,1634,346.503411
1,1635,125.747602
1,1636,226.095968
1,1637,201.781033
1,1638,385.430127
1,1639,222.980773
1,1640,170.060800
1,1641,403.927257
1,1642,126.818038
1,1643,218.808518
1,1644,85.466241
1,1645,98.542027
1,1646,184.243076
1,1647,196.128285
1,1648,73.951990
1,1649,62.252764
1,1650,116.245360
1,1651,64.656482
1,1652,138.275330
1,1653,62.701301
1,1654,166.306232
1,1655,115.119037
1,1656,221.819626
1,1657,137.785450
1,1658,124.244889
1,1659,395.967840
1,1660,316.734335
1,1661,360.327346
1,1662,420.476765
1,1663,524.322275
1,1664,65.292204
1,1665,722.890024
1,1666,558.976671
1,1667,200.760010
1,1668,99.902060
1,1669,294.295846
1,1670,63.274483
1,1671,411.706119
1,1672,256.810665
1,1673,475.908839
1,1674,339.854761
1,1675,65.413906
1,1676,495.075999
1,1677,371.625029
1,1678,110.645098
1,1679,254.202868
1,1680,107.684418
1,1681,105.601571
1,1682,390.343984
1,1683,125.304625
1,1684,153.600029
1,1685,466.919548
1,1686,146.012803
1,1687,305.758374
1,1688,168.135995
1,1689,127.261737
1,1690,363.303021
1,1691,372.350793
1,1692,185.928344
1,1693,399.854190
1,1694,256.333707
1,1695,144.689876
1,1696,377.015943
1,1697,446.327314
1,1698,228.618114
1,1699,193.309854
1,1700,232.797106
1,1701,209.331457
1,1702,416.623254
1,1703,65.288481
1,1704,237.917489
1,1705,91.043704
1,1706,63.152471
1,1707,276.920507
1,1708,114.581895
1,1709,228.686539
1,1710,276.584383
1,1711,177.796799
1,1712,240.116755
1,1713,150.879023
1,1714,214.643540
1,1715,181.222441
1,1716,185.707232
1,1717,142.117377
1,1718,793.714317
1,1719,232.894290
1,1720,275.500238
1,1721,433.687980
1,1722,917.521343
1,1723,120.213596
1,1724,64.384250
1,1725,106.018927
1,1726,89.193102
1,1727,287.429240
1,1728,159.767044
1,1729,247.058839
1,1730,135.966632
1,1731,283.286725
1,1732,64.739321
1,1733,258.915383
1,1734,148.202969
1,1735,62.932118
1,1736,575.403285
1,1737,167.427330
1,1738,248.114444
1,1739,318.512179
1,1740,189.110044
1,1741,101.006352
1,1742,65.121755
1,1743,189.565255
1,1744,198.608125
1,1745,63.075101
1,1746,232.664669
1,1747,241.611196
1,1748,194.429864
1,1749,170.021246
1,1750,156.612877
1,1751,308.043320
1,1752,201.359801
1,1753,277.310035
1,1754,98.463716
1,1755,335.142277
1,1756,120.236515
1,1757,144.113575
1,1758,198.819684
1,1759,153.527546
1,1760,239.531491
1,1761,164.562028
1,1762,151.457678
1,1763,103.046528
1,1764,368.619642
1,1765,320.080610
1,1766,260.680114
1,1767,315.416137
1,1768,496.049502
1,1769,62.894731
1,1770,364.189574
1,1771,65.165413
1,1772,165.051997
1,1773,214.875970
1,1774,99.724595
1,1775,136.541894
1,1776,286.124100
1,1777,263.408896
1,1778,137.695244
1,1779,217.217877
1,1780,471.504102
1,1781,437.241967
1,1782,147.594093
1,1783,64.390465
1,1784,223.797570
1,1785,225.236325
1,1786,128.371685
1,1787,471.090401
1,1788,255.010256
1,1789,173.252141
1,1790,319.066692
1,1791,105.358874
1,1792,144.788238
1,1793,212.157204
1,1794,499.094799
1,1795,246.166165
1,1796,109.842159
1,1797,373.737533
1,1798,65.014841
1,1799,244.959762
1,1800,295.089075
1,1801,366.049354
1,1802,127.935625
1,1803,231.974852
1,1804,272.156559
1,1805,105.736956
1,1806,130.711882
1,1807,303.582460
1,1808,329.012045
1,1809,104.764606
1,1810,219.892320
1,1811,183.462619
1,1812,141.097994
1,1813,135.307256
1,1814,140.064554
1,1815,369.678419
1,1816,99.224729
1,1817,171.385019
1,1818,309.069398
1,1819,436.386322
1,1820,381.069250
1,1821,226.545115
1,1822,199.361434
1,1823,253.817105
1,1824,293.439385
1,1825,126.021841
1,1826,237.353064
1,1827,145.089238
1,1828,132.331517
1,1829,245.549715
1,1830,172.939093
1,1831,198.801140
1,1832,65.302531
1,1833,386.102755
1,1834,269.963306
1,1835,423.905939
1,1836,240.714527
1,1837,420.150815
1,1838,283.924729
1,1839,358.244173
1,1840,192.518718
1,1841,490.941418
1,1842,292.254552
1,1843,507.248960
1,1844,457.102731
1,1845,238.130795
1,1846,159.343627
1,1847,375.536511
1,1848,512.167875
1,1849,506.015453
1,1850,205.565822
1,1851,236.938146
1,1852,164.458056
1,1853,290.449654
1,1854,232.362831
1,1855,173.673536
1,1856,271.693154
1,1857,106.548494
1,1858,281.755830
1,1859,200.450958
1,1860,418.892824
1,1861,218.433176
1,1862,548.059833
1,1863,252.961034
1,1864,62.812828
1,1865,171.031458
1,1866,248.906872
1,1867,626.922915
1,1868,171.312058
1,1869,302.862732
1,1870,183.285846
1,1871,320.390874
1,1872,161.316456
1,1873,266.336696
1,1874,343.489734
1,1875,147.087050
1,1876,474.744878
1,1877,267.177466
1,1878,360.673650
1,1879,65.390794
1,1880,238.068006
1,1881,306.627479
1,1882,90.897024
1,1883,92.350157
1,1884,610.203007
1,1885,531.029463
1,1886,62.190181
1,1887,396.506523
1,1888,187.874714
1,1889,257.131470
1,1890,65.220597
1,1891,374.290991
1,1892,551.284140
1,1893,65.605434
1,1894,546.722167
1,1895,559.446855
1,1896,183.376063
1,1897,375.416077
1,1898,65.350977
1,1899,396.712803
1,1900,220.969048
1,1901,90.264988
1,1902,126.172531
1,1903,378.948484
1,1904,404.924878
1,1905,542.780843
1,1906,469.111316
1,1907,467.192922
1,1908,221.949275
1,1909,695.970376
1,1910,219.164904
1,1911,405.368545
1,1912,188.312084
1,1913,123.877478
1,1914,283.893218
1,1915,189.202679
1,1916,65.527577
1,1917,397.223862
1,1918,116.838623
1,1919,198.201440
1,1920,1565.672174
1,1921,403.345029
1,1922,268.566421
1,1923,95.269840
1,1924,1188.557847
1,1925,366.586688
1,1926,474.458282
1,1927,65.624948
1,1928,776.004041
1,1929,354.467620
1,1930,308.045629
1,1931,270.596787
1,1932,557.926213
1,1933,303.786345
1,1934,150.483413
1,1935,124.163752
1,1936,512.425414
1,1937,286.809864
1,1938,90.542074
1,1939,197.471898
1,1940,242.396687
1,1941,338.781056
1,1942,172.778832
1,1943,204.970955
1,1944,90.286944
1,1945,467.559387
1,1946,127.843239
1,1947,214.584320
1,1948,356.667659
1,1949,85.831293
1,1950,333.909981
1,1951,379.409176
1,1952,64.016058
1,1953,550.816293
1,1954,284.325735
1,1955,79.648318
1,1956,186.497023
1,1957,235.634697
1,1958,442.291984
1,1959,191.313564
1,1960,1075.450834
1,1961,568.875834
1,1962,118.159412
1,1963,679.621990
1,1964,259.153794
1,1965,255.844436
1,1966,121.817678
1,1967,216.692242
1,1968,320.464015
1,1969,451.439033
1,1970,354.646613
1,1971,123.318502
1,1972,329.337956
1,1973,164.482199
1,1974,63.381968
1,1975,165.262750
1,1976,308.467955
1,1977,401.078056
1,1978,198.559354
1,1979,744.801244
1,1980,355.313593
1,1981,65.576411
1,1982,170.202250
1,1983,107.799225
1,1984,462.310270
1,1985,358.661311
1,1986,713.351663
1,1987,640.087686
1,1988,129.237021
1,1989,379.137964
1,1990,63.498234
1,1991,863.681516
1,1992,65.710275
1,1993,412.656967
1,1994,301.471849
1,1995,311.036042
1,1996,129.885584
1,1997,532.540225
1,1998,770.751775
1,1999,91.581160
1,2000,94.602212
1,2001,540.780744
1,2002,65.666529
1,2003,385.198494
1,2004,390.877947
1,2005,89.478234
1,2006,912.091764
1,2007,65.432333
1,2008,821.978348
1,2009,502.067971
1,2010,343.864618
1,2011,131.403149
1,2012,515.218072
1,2013,62.881739
1,2014,561.478994
1,2015,119.101556
1,2016,475.870044
1,2017,371.537180
1,2018,65.648238
1,2019,1016.657838
1,2020,105.710017
1,2021,391.326820
1,2022,364.918655
1,2023,94.593503
1,2024,752.274841
1,2025,65.370238
1,2026,324.041633
1,2027,414.876466
1,2028,292.545351
1,2029,412.210557
1,2030,292.655976
1,2031,220.287807
1,2032,181.973110
1,2033,257.999244
1,2034,323.156453
1,2035,169.199468
1,2036,124.701712
1,2037,95.419282
1,2038,198.219310
1,2039,317.842893
1,2040,265.923822
1,2041,333.200343
1,2042,203.650527
1,2043,474.155207
1,2044,508.476788
1,2045,416.654230
1,2046,422.561729
1,2047,174.651516
1,2048,501.411815
1,2049,433.037407
1,2050,281.262251
1,2051,161.179084
1,2052,422.857749
1,2053,154.536154
1,2054,396.161145
1,2055,393.990259
1,2056,425.693514
1,2057,227.398840
1,2058,253.874959
1,2059,498.597386
1,2060,320.774971
1,2061,65.473772
1,2062,245.347083
1,2063,65.853872
1,2064,381.057279
1,2065,556.821722
1,2066,228.636708
1,2067,492.463999
1,2068,66.176862
1,2069,468.274225
1,2070,139.955371
1,2071,517.326229
1,2072,130.446935
1,2073,581.259903
1,2074,206.520880
1,2075,234.136140
1,2076,232.566212
1,2077,337.785984
1,2078,151.386487
1,2079,491.997665
1,2080,65.437434
1,2081,463.109776
1,2082,434.301176
1,2083,860.588651
1,2084,273.907045
1,2085,407.425413
1,2086,296.158592
1,2087,168.358510
1,2088,247.248458
1,2089,688.482898
1,2090,589.536754
1,2091,1026.837955
1,2092,219.041426
1,2093,412.462416
1,2094,1007.295781
1,2095,272.803879
1,2096,248.648385
1,2097,339.270523
1,2098,87.160819
1,2099,441.668170
1,2100,237.898047
1,2101,512.065019
1,2102,503.266791
1,2103,810.727936
1,2104,193.376893
1,2105,378.596202
1,2106,65.777703
1,2107,142.062866
1,2108,191.268728
1,2109,94.738018
1,2110,118.591795
1,2111,204.277801
1,2112,62.944928
1,2113,125.069381
1,2114,321.553709
1,2115,161.855439
1,2116,211.170902
1,2117,370.647370
1,2118,400.968731
1,2119,65.059799
1,2120,408.777580
1,2121,91.173083
1,2122,292.831336
1,2123,124.054552
1,2124,272.782284
1,2125,394.843082
1,2126,291.943023
1,2127,65.032455
1,2128,86.001452
1,2129,140.596949
1,2130,412.927230
1,2131,64.896024
1,2132,715.039132
1,2133,100.053423
1,2134,470.411806
1,2135,188.446387
1,2136,387.037424
1,2137,321.057083
1,2138,522.285730
1,2139,429.571390
1,2140,159.106150
1,2141,284.367630
1,2142,771.973660
1,2143,373.769896
1,2144,581.327476
1,2145,364.858071
1,2146,431.222476
1,2147,97.819060
1,2148,740.383921
1,2149,336.223948
1,2150,756.055777
1,2151,63.269282
1,2152,359.960044
1,2153,87.342899
1,2154,65.543448
1,2155,127.899772
1,2156,100.278232
1,2157,100.374660
1,2158,276.900333
1,2159,166.497292
1,2160,65.382279
1,2161,484.354956
1,2162,65.328780
1,2163,364.330899
1,2164,68.197754
1,2165,467.944055
1,2166,670.955322
1,2167,315.427093
1,2168,82.322936
1,2169,620.516062
1,2170,651.566451
1,2171,551.630858
1,2172,632.014259
1,2173,215.773552
1,2174,499.421254
1,2175,239.449170
1,2176,241.336333
1,2177,546.706581
1,2178,65.556335
1,2179,403.792469
1,2180,614.096712
1,2181,513.057163
1,2182,65.889470
1,2183,98.976248
1,2184,65.551303
1,2185,512.336260
1,2186,216.434671
1,2187,499.365100
1,2188,1420.851661
1,2189,338.461945
1,2190,430.810108
1,2191,272.437949
1,2192,406.156854
1,2193,414.282994
1,2194,480.868503
1,2195,169.094091
1,2196,310.013450
1,2197,128.380070
1,2198,65.272806
1,2199,461.285968
1,2200,110.582927
1,2201,558.082336
1,2202,284.627520
1,2203,591.371852
1,2204,95.763971
1,2205,238.167136
1,2206,440.325276
1,2207,829.597431
1,2208,583.120108
1,2209,114.213328
1,2210,299.225821
1,2211,542.698590
1,2212,480.392125
1,2213,240.764194
1,2214,524.685078
1,2215,436.561190
1,2216,65.481739
1,2217,2326.923745
1,2218,287.724993
1,2219,158.947463
1,2220,695.136875
1,2221,469.041449
1,2222,589.268806
1,2223,64.960228
1,2224,453.338346
1,2225,319.611525
1,2226,378.565483
1,2227,224.783619
1,2228,200.931522
1,2229,321.556246
1,2230,455.117011
1,2231,515.400947
1,2232,622.830648
1,2233,99.601243
1,2234,241.402626
1,2235,359.888582
1,2236,220.943748
1,2237,246.453307
1,2238,453.346220
1,2239,194.956470
1,2240,179.135535
1,2241,183.995702
1,2242,146.125478
1,2243,65.091575
1,2244,235.979273
1,2245,186.307065
1,2246,65.398284
1,2247,336.728945
1,2248,295.763800
1,2249,229.933509
1,2250,390.899875
1,2251,84.069586
1,2252,271.494219
1,2253,226.550905
1,2254,368.673682
1,2255,263.777890
1,2256,100.025125
1,2257,167.967573
1,2258,256.243820
1,2259,547.829158
1,2260,376.830203
1,2261,182.380768
1,2262,163.815839
1,2263,210.558619
1,2264,212.952052
1,2265,407.642255
1,2266,115.664926
1,2267,92.769273
1,2268,299.858875
1,2269,204.838707
1,2270,63.389845
1,2271,411.912345
1,2272,224.999052
1,2273,142.494168
1,2274,188.255328
1,2275,343.552055
1,2276,325.440279
1,2277,314.613000
1,2278,63.254721
1,2279,515.923242
1,2280,180.818090
1,2281,825.868871
1,2282,151.036053
1,2283,511.497048
1,2284,65.248129
1,2285,96.590768
1,2286,281.668713
1,2287,161.457580
1,2288,65.350323
1,2289,120.233894
1,2290,89.382014
1,2291,203.302364
1,2292,198.400125
1,2293,67.821512
1,2294,110.634214
1,2295,277.463541
1,2296,215.371178
1,2297,134.932541
1,2298,427.397307
1,2299,348.532115
1,2300,720.011462
1,2301,156.903470
1,2302,907.317600
1,2303,285.700369
1,2304,464.279294
1,2305,222.095614
1,2306,156.905404
1,2307,274.823535
1,2308,437.432150
1,2309,204.078711
1,2310,92.890846
1,2311,378.156086
1,2312,98.313202
1,2313,539.266727
1,2314,91.970758
1,2315,175.470972
1,2316,297.590746
1,2317,64.943185
1,2318,310.310245
1,2319,215.680136
1,2320,314.833006
1,2321,283.718539
1,2322,493.462823
1,2323,440.679965
1,2324,576.451344
1,2325,65.138671
1,2326,555.423036
1,2327,65.317547
1,2328,431.127168
1,2329,159.816310
1,2330,286.694946
1,2331,140.940558
1,2332,631.208124
1,2333,65.528143
1,2334,196.465971
1,2335,427.978100
1,2336,66.611495
1,2337,845.395377
1,2338,1319.543142
1,2339,1067.341170
1,2340,63.305208
1,2341,685.808391
1,2342,562.561701
1,2343,796.683865
1,2344,167.262802
1,2345,687.979125
1,2346,524.082817
1,2347,310.858926
1,2348,65.844338
1,2349,491.490600
1,2350,520.856899
1,2351,334.160093
1,2352,139.668983
1,2353,388.756502
1,2354,65.957368
1,2355,512.869174
1,2356,718.008996
1,2357,347.461197
1,2358,629.192649
1,2359,200.584549
1,2360,906.011814
1,2361,927.462657
1,2362,117.411489
1,2363,786.790345
1,2364,1596.563596
1,2365,890.079340
1,2366,1090.980218
1,2367,446.071895
1,2368,148.854596
1,2369,264.282247
1,2370,286.782941
1,2371,169.856592
1,2372,311.011888
1,2373,304.628597
1,2374,133.416849
1,2375,359.785716
1,2376,322.893658
1,2377,116.981403
1,2378,497.479986
1,2379,406.786573
1,2380,231.782164
1,2381,310.301336
1,2382,682.788110
1,2383,451.955084
1,2384,115.632827
1,2385,206.042151
1,2386,150.922229
1,2387,374.890424
1,2388,64.955428
1,2389,660.682079
1,2390,233.630942
1,2391,183.728777
1,2392,65.446296
1,2393,503.137334
1,2394,187.760631
1,2395,112.002917
1,2396,232.435956
1,2397,438.024391
1,2398,1538.763563
1,2399,982.054919
1,2400,184.007060
1,2401,1299.160278
1,2402,139.312354
1,2403,116.782942
1,2404,413.001808
1,2405,813.258215
1,2406,424.411892
1,2407,1458.604804
1,2408,96.924369
1,2409,475.979115
1,2410,304.199369
1,2411,313.503594
1,2412,186.751221
1,2413,139.315169
1,2414,103.395674
1,2415,817.497307
1,2416,295.303355
1,2417,814.165595
1,2418,138.082098
1,2419,146.003661
1,2420,239.109212
1,2421,273.864125
1,2422,111.201013
1,2423,270.245451
1,2424,400.616742
1,2425,63.158743
1,2426,351.425062
1,2427,200.708492
1,2428,239.702226
1,2429,188.185968
1,2430,149.768954
1,2431,237.907468
1,2432,233.164366
1,2433,145.203159
1,2434,391.385271
1,2435,119.854894
1,2436,159.070632
1,2437,470.993228
1,2438,95.185580
1,2439,344.555826
1,2440,451.747408
1,2441,600.675042
1,2442,309.283311
1,2443,236.049141
1,2444,244.365976
1,2445,85.383278
1,2446,195.311908
1,2447,314.559819
1,2448,84.693563
1,2449,399.830857
1,2450,64.959860
1,2451,522.475509
1,2452,173.927889
1,2453,375.980005
1,2454,65.253955
1,2455,248.839231
1,2456,296.632450
1,2457,592.129689
1,2458,570.503501
1,2459,388.600579
1,2460,92.650106
1,2461,483.336218
1,2462,89.157788
1,2463,595.834449
1,2464,706.335997
1,2465,243.229971
1,2466,175.368296
1,2467,264.285178
1,2468,198.682289
1,2469,336.421477
1,2470,65.704984
1,2471,374.887764
1,2472,670.843340
1,2473,97.192765
1,2474,267.587775
1,2475,251.381811
1,2476,63.359100
1,2477,619.981440
1,2478,475.529032
1,2479,65.747932
1,2480,831.065693
1,2481,735.312012
1,2482,441.082615
1,2483,128.938658
1,2484,149.906663
1,2485,440.061494
1,2486,648.526408
1,2487,609.212419
1,2488,139.413504
1,2489,738.923249
1,2490,819.361924
1,2491,164.582409
1,2492,700.280352
1,2493,472.918781
1,2494,112.485001
1,2495,512.965144
1,2496,414.779034
1,2497,160.331735
1,2498,214.926981
1,2499,211.531401
1,2500,364.162087
1,2501,65.482845
1,2502,674.567591
1,2503,417.873240
1,2504,179.018894
1,2505,624.166659
1,2506,151.115881
1,2507,975.551666
1,2508,239.607002
1,2509,63.022706
1,2510,386.652446
1,2511,496.570065
1,2512,98.560431
1,2513,309.041037
1,2514,286.753093
1,2515,325.053734
1,2516,150.108548
1,2517,178.717492
1,2518,735.524337
1,2519,748.115002
1,2520,539.791105
1,2521,207.389114
1,2522,481.641587
1,2523,189.541676
1,2524,357.525028
1,2525,551.223338
1,2526,397.345947
1,2527,175.223624
1,2528,382.804270
1,2529,185.432725
1,2530,86.668443
1,2531,161.409621
1,2532,105.050747
1,2533,252.695618
1,2534,396.574527
1,2535,551.290900
1,2536,67.687126
1,2537,420.593797
1,2538,525.137479
1,2539,1029.648769
1,2540,509.270324
1,2541,100.743158
1,2542,548.248716
1,2543,243.995722
1,2544,1115.624513
1,2545,126.629114
1,2546,688.496816
1,2547,694.947948
1,2548,358.446082
1,2549,344.496430
1,2550,362.470212
1,2551,65.485518
1,2552,403.569100
1,2553,350.209239
1,2554,143.931904
1,2555,756.908141
1,2556,1160.511486
1,2557,300.654690
1,2558,661.096275
1,2559,745.353642
1,2560,302.919460
1,2561,463.684153
1,2562,104.736094
1,2563,471.693138
1,2564,150.097094
1,2565,387.212653
1,2566,63.280670
1,2567,745.141996
1,2568,292.952246
1,2569,65.928462
1,2570,443.841940
1,2571,225.582143
1,2572,559.315139
1,2573,678.064033
1,2574,420.957313
1,2575,260.437028
1,2576,155.222066
1,2577,142.075445
1,2578,529.555956
1,2579,467.774319
1,2580,624.094603
1,2581,729.941523
1,2582,808.021983
1,2583,161.373936
1,2584,540.974795
1,2585,151.982314
1,2586,212.873634
1,2587,337.106153
1,2588,141.876000
1,2589,719.157947
1,2590,765.049910
1,2591,519.280895
1,2592,106.239091
1,2593,1127.822475
1,2594,220.638568
1,2595,105.783768
1,2596,418.646546
1,2597,1356.996202
1,2598,181.588607
1,2599,777.608499
1,2600,98.163379
1,2601,477.184341
1,2602,131.645681
1,2603,514.961477
1,2604,867.584121
1,2605,668.267749
1,2606,262.362892
1,2607,911.645258
1,2608,497.953965
1,2609,723.646826
1,2610,687.652924
1,2611,531.428526
1,2612,749.808255
1,2613,110.760597
1,2614,337.287512
1,2615,300.988346
1,2616,242.674097
1,2617,375.955449
1,2618,482.154996
1,2619,470.924325
1,2620,159.420052
1,2621,1269.701918
1,2622,831.147718
1,2623,99.343693
1,2624,90.806309
1,2625,389.496131
1,2626,90.643920
1,2627,70.686350
1,2628,597.488400
1,2629,96.167863
1,2630,222.990578
1,2631,385.482677
1,2632,341.846642
1,2633,388.150368
1,2634,650.661447
1,2635,64.784153
1,2636,85.563415
1,2637,655.536381
1,2638,499.812454
1,2639,114.376154
1,2640,567.619063
1,2641,64.996741
1,2642,571.853932
1,2643,746.907696
1,2644,65.463110
1,2645,240.740657
1,2646,90.725959
1,2647,305.354847
1,2648,235.922475
1,2649,65.508844
1,2650,422.765407
1,2651,315.398547
1,2652,241.318122
1,2653,65.425068
1,2654,205.817545
1,2655,746.648236
1,2656,371.833067
1,2657,341.201453
1,2658,196.249139
1,2659,586.777008
1,2660,233.363081
1,2661,64.417604
1,2662,100.907421
1,2663,179.709699
1,2664,308.487998
1,2665,64.694639
1,2666,300.713387
1,2667,462.977667
1,2668,499.111081
1,2669,137.926336
1,2670,358.184105
1,2671,82.739884
1,2672,340.129096
1,2673,449.556240
1,2674,93.807353
1,2675,443.670416
1,2676,115.634298
1,2677,471.394705
1,2678,276.351212
1,2679,313.199180
1,2680,287.573043
1,2681,203.830939
1,2682,350.286045
1,2683,63.508080
1,2684,229.633756
1,2685,154.068647
1,2686,339.700501
1,2687,78.658518
1,2688,576.020886
1,2689,65.697149
1,2690,375.759170
1,2691,97.619803
1,2692,128.182391
1,2693,360.319453
1,2694,273.406520
1,2695,196.910062
1,2696,269.868139
1,2697,684.661818
1,2698,89.488187
1,2699,518.255369
1,2700,264.754547
1,2701,119.875068
1,2702,505.318395
1,2703,174.932065
1,2704,292.608568
1,2705,484.959746
1,2706,118.180883
1,2707,63.075466
1,2708,476.606640
1,2709,86.342943
1,2710,336.703147
1,2711,175.914591
1,2712,65.222389
1,2713,333.942572
1,2714,329.447672
1,2715,338.456030
1,2716,260.074178
1,2717,336.236344
1,2718,418.211604
1,2719,93.050954
1,2720,686.184211
1,2721,634.476334
1,2722,241.177731
1,2723,431.204157
1,2724,319.567474
1,2725,388.534090
1,2726,251.464886
1,2727,164.337227
1,2728,156.390676
1,2729,503.062659
1,2730,201.749433
1,2731,212.811484
1,2732,428.948318
1,2733,101.951270
1,2734,252.521818
1,2735,129.977394
1,2736,166.118728
1,2737,232.211026
1,2738,128.166622
1,2739,73.957052
1,2740,62.252764
1,2741,214.355671
1,2742,64.656691
1,2743,272.762656
1,2744,62.701301
1,2745,369.637132
1,2746,223.946216
1,2747,269.442917
1,2748,182.746173
1,2749,252.883931
1,2750,413.433020
1,2751,481.131335
1,2752,397.187213
1,2753,562.633866
1,2754,587.757280
1,2755,65.292608
1,2756,772.612149
1,2757,662.554080
1,2758,272.997206
1,2759,168.778022
1,2760,641.842411
1,2761,63.274598
1,2762,873.445004
1,2763,234.158530
1,2764,750.557158
1,2765,579.285433
1,2766,65.414367
1,2767,551.265136
1,2768,420.120084
1,2769,106.010324
1,2770,183.828219
1,2771,91.107199
1,2772,101.524879
1,2773,557.113515
1,2774,199.146537
1,2775,199.027421
1,2776,784.135671
1,2777,247.352458
1,2778,421.968975
1,2779,384.778055
1,2780,177.657424
1,2781,528.344612
1,2782,511.067601
1,2783,235.340634
1,2784,434.024094
1,2785,494.187020
1,2786,203.567197
1,2787,679.270807
1,2788,757.558619
1,2789,255.345530
1,2790,222.667477
1,2791,188.512717
1,2792,166.500067
1,2793,365.994142
1,2794,65.288961
1,2795,354.635187
1,2796,88.370922
1,2797,63.152595
1,2798,218.361271
1,2799,95.367267
1,2800,172.577410
1,2801,266.413217
1,2802,200.989110
1,2803,254.935908
1,2804,130.499713
1,2805,158.964482
1,2806,139.947126
1,2807,139.841381
1,2808,168.213873
1,2809,658.021170
1,2810,334.927381
1,2811,192.922136
1,2812,435.654796
1,2813,953.440110
1,2814,166.793487
1,2815,64.384420
1,2816,103.021080
1,2817,142.475171
1,2818,290.227629
1,2819,135.128974
1,2820,265.214935
1,2821,217.351073
1,2822,210.301731
1,2823,64.739658
1,2824,250.843973
1,2825,238.874283
1,2826,62.932220
1,2827,516.936749
1,2828,184.939749
1,2829,186.987329
1,2830,379.915548
1,2831,147.683565
1,2832,166.310374
1,2833,65.122176
1,2834,256.992670
1,2835,256.435252
1,2836,63.075214
1,2837,300.219980
1,2838,322.454540
1,2839,144.131530
1,2840,155.825966
1,2841,121.008648
1,2842,450.679819
1,2843,155.717014
1,2844,266.695486
1,2845,95.368277
1,2846,347.356769
1,2847,170.381779
1,2848,218.583503
1,2849,271.130203
1,2850,125.280888
1,2851,324.914885
1,2852,183.526739
1,2853,172.750964
1,2854,179.393828
1,2855,329.883267
1,2856,556.390348
1,2857,256.100084
1,2858,457.874444
1,2859,793.737258
1,2860,62.894855
1,2861,474.428132
1,2862,65.165887
1,2863,134.579355
1,2864,174.611037
1,2865,96.189127
1,2866,107.907411
1,2867,287.266886
1,2868,298.026839
1,2869,116.477691
1,2870,179.100093
1,2871,497.719690
1,2872,363.267422
1,2873,301.002106
1,2874,64.390631
1,2875,406.593993
1,2876,572.704553
1,2877,264.805064
1,2878,952.783097
1,2879,415.005015
1,2880,209.238055
1,2881,649.414155
1,2882,182.356364
1,2883,132.503080
1,2884,322.303084
1,2885,874.311543
1,2886,168.751436
1,2887,106.256507
1,2888,522.859292
1,2889,65.015235
1,2890,286.660276
1,2891,432.846050
1,2892,458.704958
1,2893,201.848320
1,2894,195.138719
1,2895,373.564510
1,2896,194.101616
1,2897,162.841147
1,2898,215.993697
1,2899,492.419732
1,2900,189.556314
1,2901,215.089000
1,2902,227.128759
1,2903,228.466005
1,2904,107.992003
1,2905,201.632907
1,2906,384.166873
1,2907,95.740001
1,2908,206.026155
1,2909,323.280303
1,2910,512.205313
1,2911,362.543378
1,2912,272.053701
1,2913,210.029154
1,2914,273.850155
1,2915,392.798196
1,2916,111.604144
1,2917,324.887900
1,2918,256.373158
1,2919,265.520024
1,2920,303.793750
1,2921,162.452004
1,2922,216.364087
1,2923,65.302994
1,2924,354.459199
1,2925,352.533813
1,2926,383.079959
1,2927,355.173863
1,2928,303.631551
1,2929,259.184790
1,2930,473.045870
1,2931,142.973940
1,2932,569.846334
1,2933,208.669326
1,2934,886.342346
1,2935,666.558383
1,2936,347.558172
1,2937,249.576089
1,2938,335.278217
1,2939,876.392730
1,2940,610.733723
1,2941,221.205175
1,2942,269.892193
1,2943,135.317196
1,2944,374.314101
1,2945,167.370378
1,2946,237.739679
1,2947,361.075925
1,2948,90.347966
1,2949,486.140752
1,2950,147.891973
1,2951,456.242537
1,2952,158.903890
1,2953,1008.197194
1,2954,335.155248
1,2955,62.812936
1,2956,203.059524
1,2957,210.997302
1,2958,600.818108
1,2959,141.460289
1,2960,284.556944
1,2961,143.857187
1,2962,358.163331
1,2963,132.755325
1,2964,320.394247
1,2965,459.901001
1,2966,123.300745
1,2967,612.578805
1,2968,201.600855
1,2969,375.437338
1,2970,65.391177
1,2971,185.067448
1,2972,292.548646
1,2973,88.241285
1,2974,140.110726
1,2975,493.425680
1,2976,453.473741
1,2977,194.141350
1,2978,69.454438
1,2979,62.207380
1,2980,422.531025
1,2981,89.210109
1,2982,158.766346
1,2983,222.905510
1,2984,179.531918
1,2985,240.108143
1,2986,150.588192
1,2987,83.588374
1,2988,94.995681
1,2989,179.175130
1,2990,65.254503
1,2991,294.091878
1,2992,222.332435
1,2993,263.546204
1,2994,172.700814
1,2995,450.602401
1,2996,212.479363
1,2997,276.377155
1,2998,233.006811
1,2999,488.106783
1,3000,221.755868
1,3001,85.947017
1,3002,262.538757
1,3003,156.351516
1,3004,161.941743
1,3005,63.251638
1,3006,288.361065
1,3007,65.526691
1,3008,93.317181
1,3009,386.547069
1,3010,63.218219
1,3011,672.058935
1,3012,412.774769
1,3013,288.523338
1,3014,148.570106
1,3015,72.727475
1,3016,91.282675
1,3017,410.839126
1,3018,99.317156
1,3019,230.394502
1,3020,363.279223
1,3021,183.551898
1,3022,63.964756
1,3023,253.478432
1,3024,211.788133
1,3025,253.219454
1,3026,176.119778
1,3027,272.556942
1,3028,100.380132
1,3029,87.440600
1,3030,139.700603
1,3031,209.787674
1,3032,214.257947
1,3033,73.138364
1,3034,176.619373
1,3035,430.174724
1,3036,65.241997
1,3037,227.524947
1,3038,65.195011
1,3039,331.523088
1,3040,94.730078
1,3041,98.413502
1,3042,65.149416
1,3043,169.217929
1,3044,172.588304
1,3045,261.204328
1,3046,65.153303
1,3047,104.186831
1,3048,94.025156
1,3049,166.385923
1,3050,105.539297
1,3051,119.985567
1,3052,67.744691
1,3053,133.540732
1,3054,87.702893
1,3055,249.352124
1,3056,87.539023
1,3057,454.026631
1,3058,401.890491
1,3059,279.168329
1,3060,252.837373
1,3061,127.733078
1,3062,67.366207
1,3063,200.655421
1,3064,209.959205
1,3065,216.187599
1,3066,215.916453
1,3067,145.881230
1,3068,65.166800
1,3069,393.413581
1,3070,1332.968309
1,3071,1125.734000
1,3072,856.383913
1,3073,797.817991
1,3074,578.082509
1,3075,64.044575
1,3076,598.300718
1,3077,295.929632
1,3078,454.258631
1,3079,347.167186
1,3080,539.016863
1,3081,464.656342
1,3082,142.235647
1,3083,352.670295
1,3084,160.358205
1,3085,359.112593
1,3086,489.368451
1,3087,298.484113
1,3088,666.553268
1,3089,210.204023
1,3090,664.583920
1,3091,1341.938500
1,3092,387.643744
1,3093,523.083985
1,3094,434.263776
1,3095,344.434130
1,3096,313.234460
1,3097,65.165686
1,3098,165.316679
1,3099,245.151234
1,3100,710.133493
1,3101,311.637417
1,3102,633.353821
1,3103,280.395671
1,3104,67.656128
1,3105,322.172334
1,3106,229.673737
1,3107,65.220642
1,3108,400.229327
1,3109,65.238757
1,3110,86.900964
1,3111,64.922754
1,3112,97.751869
1,3113,161.171563
1,3114,350.083097
1,3115,330.949490
1,3116,298.094566
1,3117,317.766490
1,3118,67.183434
1,3119,362.823252
1,3120,105.541403
1,3121,127.538917
1,3122,64.873980
1,3123,181.946754
1,3124,62.757901
1,3125,164.992780
1,3126,106.686533
1,3127,64.881262
1,3128,130.968684
1,3129,99.789894
1,3130,254.660630
1,3131,302.918111
1,3132,168.286402
1,3133,355.341406
1,3134,283.177219
1,3135,64.995528
1,3136,191.643400
1,3137,111.923497
1,3138,174.818259
1,3139,221.398697
1,3140,159.835868
1,3141,66.345887
1,3142,275.136511
1,3143,64.057895
1,3144,422.186619
1,3145,223.492533
1,3146,198.707144
1,3147,344.794981
1,3148,513.549939
1,3149,64.395126
1,3150,241.093169
1,3151,66.808086
1,3152,232.278262
1,3153,64.808398
1,3154,248.938893
1,3155,239.181609
1,3156,181.552966
1,3157,331.820714
1,3158,143.424580
1,3159,345.486216
1,3160,557.666533
1,3161,490.700550
1,3162,431.189560
1,3163,303.389658
1,3164,96.429511
1,3165,104.532595
1,3166,86.643658
1,3167,109.717128
1,3168,133.619487
1,3169,65.125916
1,3170,70.289765
1,3171,222.414311
1,3172,91.910252
1,3173,88.542184
1,3174,65.066007
1,3175,909.098148
1,3176,87.452759
1,3177,283.960337
1,3178,188.603028
1,3179,102.792528
1,3180,65.035199
1,3181,97.324272
1,3182,106.202448
1,3183,156.618104
1,3184,64.960421
1,3185,90.448118
1,3186,107.991450
1,3187,64.794768
1,3188,407.680248
1,3189,169.479451
1,3190,224.025505
1,3191,476.785457
1,3192,64.688604
1,3193,137.038381
1,3194,64.647696
1,3195,105.383792
1,3196,329.247187
1,3197,359.323507
1,3198,454.363720
1,3199,380.743376
1,3200,452.250833
1,3201,123.191069
1,3202,464.315689
1,3203,64.557933
1,3204,70.193686
1,3205,114.223507
1,3206,99.660780
1,3207,97.413432
1,3208,171.146749
1,3209,345.366656
1,3210,97.926985
1,3211,64.632623
1,3212,94.155804
1,3213,107.346262
1,3214,98.180434
1,3215,67.259277
1,3216,64.732616
1,3217,157.146550
1,3218,96.342358
1,3219,101.046856
1,3220,198.616085
1,3221,251.295566
1,3222,102.182376
1,3223,121.404793
1,3224,66.732752
1,3225,69.640637
1,3226,64.481787
1,3227,103.641105
1,3228,64.415515
1,3229,141.476861
1,3230,64.336460
1,3231,90.405417
1,3232,117.200007
1,3233,300.652301
1,3234,163.575417
1,3235,114.895166
1,3236,101.878483
1,3237,107.865456
1,3238,88.187219
1,3239,191.349468
1,3240,129.980074
1,3241,166.215438
1,3242,91.140072
1,3243,733.102706
1,3244,267.093978
1,3245,130.632268
1,3246,297.612785
1,3247,102.839509
1,3248,659.119773
1,3249,206.373570
1,3250,166.022411
1,3251,91.236173
1,3252,64.197653
1,3253,234.230226
1,3254,64.353369
1,3255,190.583045
1,3256,438.615498
1,3257,336.647471
1,3258,64.534555
1,3259,284.298839
1,3260,329.864215
1,3261,510.637307
1,3262,268.884160
1,3263,246.314954
1,3264,66.772125
1,3265,96.391755
1,3266,219.548128
1,3267,271.524506
1,3268,141.130552
1,3269,287.654126
1,3270,192.980168
1,3271,149.513572
1,3272,129.814463
1,3273,218.216133
1,3274,433.579266
1,3275,158.592370
1,3276,290.793843
1,3277,561.444418
1,3278,290.650947
1,3279,345.670216
1,3280,110.629254
1,3281,65.290121
1,3282,74.185897
1,3283,359.677549
1,3284,207.410205
1,3285,74.337773
1,3286,354.579676
1,3287,208.641289
1,3288,109.554197
1,3289,136.254239
1,3290,158.572675
1,3291,401.216480
1,3292,170.712113
1,3293,105.750525
1,3294,65.091182
1,3295,70.332600
1,3296,263.960768
1,3297,234.309331
1,3298,160.312119
1,3299,208.763852
1,3300,211.811273
1,3301,273.171633
1,3302,349.194561
1,3303,360.262114
1,3304,272.162781
1,3305,64.497796
1,3306,62.708209
1,3307,172.359907
1,3308,144.305230
1,3309,94.290485
1,3310,156.667299
1,3311,423.639830
1,3312,211.163302
1,3313,330.338031
1,3314,425.261867
1,3315,271.338895
1,3316,64.010668
1,3317,259.160073
1,3318,104.357019
1,3319,90.484211
1,3320,94.695761
1,3321,73.652761
1,3322,93.198864
1,3323,447.568719
1,3324,76.781833
1,3325,82.014663
1,3326,95.658626
1,3327,175.411449
1,3328,240.894066
1,3329,67.017823
1,3330,345.139104
1,3331,287.236738
1,3332,64.711346
1,3333,131.229746
1,3334,64.847141
1,3335,70.254496
1,3336,62.783797
1,3337,67.062589
1,3338,498.572390
1,3339,482.978863
1,3340,193.772661
1,3341,224.412955
1,3342,230.588311
1,3343,95.378971
1,3344,286.343426
1,3345,165.096074
1,3346,144.282068
1,3347,331.589688
1,3348,208.099267
1,3349,220.332900
1,3350,242.420978
1,3351,309.438193
1,3352,166.500325
1,3353,535.645597
1,3354,215.881215
1,3355,314.241642
1,3356,65.124383
1,3357,218.158293
1,3358,128.419642
1,3359,215.891792
1,3360,64.905957
1,3361,72.119301
1,3362,1124.172630
1,3363,1514.987420
1,3364,300.473181
1,3365,281.141666
1,3366,62.672711
1,3367,268.234749
1,3368,302.926036
1,3369,401.329217
1,3370,250.954284
1,3371,218.210983
1,3372,64.550383
1,3373,163.467570
1,3374,373.676045
1,3375,232.378615
1,3376,401.239563
1,3377,494.881341
1,3378,783.364037
1,3379,499.872780
1,3380,456.749445
1,3381,65.342464
1,3382,402.879962
1,3383,260.226214
1,3384,673.192525
1,3385,662.867503
1,3386,586.664171
1,3387,467.131054
1,3388,88.649116
1,3389,443.515411
1,3390,412.836766
1,3391,578.453863
1,3392,736.423369
1,3393,306.753314
1,3394,323.940522
1,3395,391.103115
1,3396,63.115431
1,3397,211.157500
1,3398,412.361671
1,3399,261.101393
1,3400,252.420367
1,3401,229.634128
1,3402,255.256121
1,3403,407.723912
1,3404,171.722651
1,3405,195.211754
1,3406,422.732395
1,3407,158.711926
1,3408,261.119710
1,3409,429.923902
1,3410,82.566634
1,3411,311.143675
1,3412,65.324248
1,3413,95.702759
1,3414,218.736655
1,3415,145.361446
1,3416,355.503549
1,3417,69.488452
1,3418,438.174755
1,3419,84.629770
1,3420,357.817989
1,3421,471.886110
1,3422,119.708644
1,3423,223.044409
1,3424,554.903516
1,3425,460.341039
1,3426,64.539299
1,3427,842.398932
1,3428,500.315288
1,3429,737.957467
1,3430,64.750202
1,3431,320.267050
1,3432,84.550075
1,3433,441.246988
1,3434,226.538316
1,3435,388.304698
1,3436,235.023929
1,3437,464.797373
1,3438,366.878418
1,3439,697.822599
1,3440,500.250304
1,3441,734.167626
1,3442,457.633464
1,3443,451.867067
1,3444,65.338336
1,3445,97.188905
1,3446,144.674982
1,3447,348.324945
1,3448,555.608703
1,3449,85.484139
1,3450,254.153124
1,3451,90.423199
1,3452,132.806349
1,3453,222.415143
1,3454,240.047864
1,3455,65.459265
1,3456,233.644428
1,3457,89.158782
1,3458,145.812741
1,3459,87.268900
1,3460,204.927024
1,3461,518.627191
1,3462,390.365702
1,3463,511.995788
1,3464,868.853891
1,3465,145.200403
1,3466,254.519049
1,3467,196.500527
1,3468,339.146806
1,3469,64.411511
1,3470,631.839172
1,3471,171.241436
1,3472,200.681621
1,3473,316.450615
1,3474,226.769771
1,3475,173.918568
1,3476,388.615693
1,3477,207.911850
1,3478,100.757231
1,3479,257.197052
1,3480,63.043174
1,3481,435.116348
1,3482,87.778490
1,3483,347.142786
1,3484,604.696884
1,3485,347.184513
1,3486,325.147415
1,3487,230.386575
1,3488,251.349601
1,3489,330.896995
1,3490,156.122740
1,3491,319.223914
1,3492,327.349931
1,3493,317.868612
1,3494,251.189174
1,3495,299.640657
1,3496,421.880987
1,3497,311.495182
1,3498,194.787859
1,3499,72.344161
1,3500,128.944204
1,3501,124.632320
1,3502,826.366335
1,3503,199.624260
1,3504,231.911580
1,3505,287.941545
1,3506,239.902348
1,3507,65.110940
1,3508,271.593275
1,3509,85.407329
1,3510,373.427572
1,3511,71.756486
1,3512,277.667189
1,3513,372.353737
1,3514,64.337111
1,3515,224.587966
1,3516,447.868649
1,3517,363.699063
1,3518,438.916548
1,3519,188.572396
1,3520,399.113967
1,3521,440.052535
1,3522,576.147776
1,3523,634.377563
1,3524,62.714614
1,3525,298.819291
1,3526,369.587701
1,3527,65.171696
1,3528,167.539204
1,3529,65.105721
1,3530,221.046228
1,3531,203.608799
1,3532,152.223192
1,3533,512.400541
1,3534,91.772091
1,3535,213.195875
1,3536,280.424959
1,3537,305.231963
1,3538,70.243594
1,3539,407.447911
1,3540,275.940439
1,3541,372.559291
1,3542,161.833906
1,3543,415.547537
1,3544,530.384563
1,3545,151.894044
1,3546,513.332070
1,3547,509.900597
1,3548,275.106649
1,3549,822.416712
1,3550,178.739282
1,3551,304.095831
1,3552,518.336044
1,3553,806.484106
1,3554,405.703334
1,3555,302.216269
1,3556,185.087511
1,3557,344.706742
1,3558,323.319911
1,3559,171.175315
1,3560,766.317846
1,3561,148.093160
1,3562,65.067980
1,3563,598.573132
1,3564,480.312236
1,3565,254.036140
1,3566,487.711558
1,3567,415.772583
1,3568,1113.570901
1,3569,80.820404
1,3570,436.484176
1,3571,234.339726
1,3572,300.020075
1,3573,277.924243
1,3574,302.438522
1,3575,111.933400
1,3576,292.039950
1,3577,90.248234
1,3578,356.998195
1,3579,253.870837
1,3580,459.731722
1,3581,156.089689
1,3582,482.081884
1,3583,431.423724
1,3584,298.171356
1,3585,64.993179
1,3586,319.908928
1,3587,257.306115
1,3588,421.350083
1,3589,223.941532
1,3590,65.001944
1,3591,293.523047
1,3592,410.367507
1,3593,281.940085
1,3594,525.608833
1,3595,511.142817
1,3596,309.671449
1,3597,291.151916
1,3598,384.917483
1,3599,98.386875
1,3600,214.686639
1,3601,137.119549
1,3602,246.245517
1,3603,263.433379
1,3604,64.122401
1,3605,132.947757
1,3606,358.096908
1,3607,230.404963
1,3608,198.016335
1,3609,168.769200
1,3610,62.583839
1,3611,64.492633
1,3612,279.557931
1,3613,348.236487
1,3614,171.958255
1,3615,149.149007
1,3616,155.626404
1,3617,97.585200
1,3618,169.079232
1,3619,67.453767
1,3620,73.839173
1,3621,62.537537
1,3622,72.479742
1,3623,262.883196
1,3624,135.661026
1,3625,87.828273
1,3626,92.182199
1,3627,63.163700
1,3628,275.958958
1,3629,276.760100
1,3630,115.196243
1,3631,245.238445
1,3632,88.212777
1,3633,162.537035
1,3634,169.345951
1,3635,281.047639
1,3636,224.672444
1,3637,62.610155
1,3638,341.217228
1,3639,409.807323
1,3640,65.364696
1,3641,99.319558
1,3642,65.288226
1,3643,93.777894
1,3644,62.970552
1,3645,105.530431
1,3646,65.162751
1,3647,67.534931
1,3648,287.714945
1,3649,295.355490
1,3650,89.339173
1,3651,219.211367
1,3652,88.790576
1,3653,153.772192
1,3654,65.160204
1,3655,240.753382
1,3656,93.610224
1,3657,87.306164
1,3658,98.657184
1,3659,67.339127
1,3660,149.491708
1,3661,257.251795
1,3662,82.955033
1,3663,247.107154
1,3664,258.020793
1,3665,316.161340
1,3666,152.900704
1,3667,67.301890
1,3668,123.670197
1,3669,67.351348
1,3670,258.528781
1,3671,390.407215
1,3672,210.420093
1,3673,64.919806
1,3674,235.983108
1,3675,64.782962
1,3676,120.002030
1,3677,145.923728
1,3678,103.368124
1,3679,144.366134
1,3680,65.124395
1,3681,297.332527
1,3682,1675.262309
1,3683,272.765720
1,3684,151.885934
1,3685,152.185289
1,3686,168.540099
1,3687,98.361023
1,3688,239.855892
1,3689,64.598476
1,3690,71.483263
1,3691,111.753541
1,3692,287.611215
1,3693,423.321686
1,3694,444.496565
1,3695,465.201143
1,3696,172.037277
1,3697,295.074162
1,3698,374.943576
1,3699,85.564683
1,3700,218.663254
1,3701,451.554528
1,3702,62.510893
1,3703,413.105916
1,3704,651.684938
1,3705,62.471608
1,3706,553.543728
1,3707,1076.814953
1,3708,666.412850
1,3709,309.264428
1,3710,284.539468
1,3711,179.913140
1,3712,388.137361
1,3713,198.201208
1,3714,477.457788
1,3715,322.453128
1,3716,438.093450
1,3717,366.290036
1,3718,568.123288
1,3719,407.113879
1,3720,73.870994
1,3721,250.613838
1,3722,65.080737
1,3723,294.986539
1,3724,101.025337
1,3725,65.258026
1,3726,72.382958
1,3727,65.145215
1,3728,97.471124
1,3729,126.657144
1,3730,157.874464
1,3731,99.974614
1,3732,91.949742
1,3733,126.995344
1,3734,166.716473
1,3735,504.648653
1,3736,65.214241
1,3737,420.280660
1,3738,413.448401
1,3739,63.012754
1,3740,101.487066
1,3741,113.298148
1,3742,86.343719
1,3743,110.371594
1,3744,100.744592
1,3745,203.629908
1,3746,215.540333
1,3747,139.150214
1,3748,258.698398
1,3749,67.359497
1,3750,148.845900
1,3751,118.362179
1,3752,302.885060
1,3753,101.708767
1,3754,64.936099
1,3755,97.415672
1,3756,80.225284
1,3757,168.962374
1,3758,192.988738
1,3759,64.961210
1,3760,102.332254
1,3761,64.751823
1,3762,92.124551
1,3763,64.984633
1,3764,332.146871
1,3765,64.785867
1,3766,67.194782
1,3767,216.075480
1,3768,277.571543
1,3769,285.193646
1,3770,175.022010
1,3771,64.944354
1,3772,177.239322
1,3773,152.328574
1,3774,296.945237
1,3775,309.332199
1,3776,414.200209
1,3777,422.894454
1,3778,531.150173
1,3779,65.140892
1,3780,358.005142
1,3781,65.319919
1,3782,385.524001
1,3783,94.835673
1,3784,301.035858
1,3785,170.791827
1,3786,436.694118
1,3787,65.530842
1,3788,268.345879
1,3789,318.726281
1,3790,66.614447
1,3791,685.505446
1,3792,889.839091
1,3793,853.711003
1,3794,63.305971
1,3795,516.196292
1,3796,447.684453
1,3797,622.720011
1,3798,97.384547
1,3799,499.631885
1,3800,353.132746
1,3801,226.185395
1,3802,65.847410
1,3803,474.033578
1,3804,485.512395
1,3805,324.709601
1,3806,88.730820
1,3807,408.440723
1,3808,65.960488
1,3809,457.516578
1,3810,517.587552
1,3811,313.975205
1,3812,562.787893
1,3813,162.117285
1,3814,484.170407
1,3815,526.799792
1,3816,163.654607
1,3817,643.710465
1,3818,969.062565
1,3819,610.288044
1,3820,685.430668
1,3821,361.678242
1,3822,226.479979
1,3823,265.607255
1,3824,214.984536
1,3825,256.223926
1,3826,293.598654
1,3827,228.406279
1,3828,198.926673
1,3829,306.972200
1,3830,251.083567
1,3831,162.863289
1,3832,358.711914
1,3833,279.084206
1,3834,257.239094
1,3835,308.483039
1,3836,372.185336
1,3837,227.547522
1,3838,136.719906
1,3839,139.529469
1,3840,95.091437
1,3841,288.867008
1,3842,64.957320
1,3843,429.347938
1,3844,119.671028
1,3845,122.677062
1,3846,65.448545
1,3847,383.586328
1,3848,103.513519
1,3849,112.583066
1,3850,150.719226
1,3851,265.444820
1,3852,841.892044
1,3853,702.902983
1,3854,102.372665
1,3855,726.849562
1,3856,167.921002
1,3857,133.244713
1,3858,208.389538
1,3859,511.057608
1,3860,210.033424
1,3861,755.188140
1,3862,126.103979
1,3863,392.508986
1,3864,260.230827
1,3865,431.823939
1,3866,299.611890
1,3867,149.337348
1,3868,133.694403
1,3869,538.910697
1,3870,401.869961
1,3871,687.308929
1,3872,158.237416
1,3873,207.712024
1,3874,321.567221
1,3875,326.592080
1,3876,153.592829
1,3877,207.457302
1,3878,388.941913
1,3879,63.159541
1,3880,365.670027
1,3881,262.543800
1,3882,313.919552
1,3883,236.539029
1,3884,228.220060
1,3885,292.220062
1,3886,306.713532
1,3887,208.537371
1,3888,502.584385
1,3889,168.824964
1,3890,207.421611
1,3891,463.495601
1,3892,122.989136
1,3893,364.008197
1,3894,489.525994
1,3895,684.970271
1,3896,355.705025
1,3897,314.595226
1,3898,307.667972
1,3899,92.605845
1,3900,205.508821
1,3901,434.431144
1,3902,101.854202
1,3903,571.044562
1,3904,64.961811
1,3905,577.807866
1,3906,209.328281
1,3907,359.684077
1,3908,65.256224
1,3909,203.798657
1,3910,230.112061
1,3911,693.221660
1,3912,460.985506
1,3913,407.935913
1,3914,115.779866
1,3915,592.528924
1,3916,89.439096
1,3917,598.333050
1,3918,557.395149
1,3919,199.661769
1,3920,158.662835
1,3921,260.186358
1,3922,253.090694
1,3923,363.885653
1,3924,65.707849
1,3925,421.958931
1,3926,606.422957
1,3927,124.452650
1,3928,170.165313
1,3929,350.299159
1,3930,63.359868
1,3931,728.707592
1,3932,665.898239
1,3933,65.750906
1,3934,979.086355
1,3935,833.779815
1,3936,515.144643
1,3937,154.248210
1,3938,186.500367
1,3939,370.404038
1,3940,463.850676
1,3941,534.382192
1,3942,207.954861
1,3943,581.288964
1,3944,693.276133
1,3945,125.231727
1,3946,610.045710
1,3947,419.661622
1,3948,134.508401
1,3949,469.564903
1,3950,450.205441
1,3951,208.301550
1,3952,313.382327
1,3953,239.512961
1,3954,417.563963
1,3955,65.485784
1,3956,578.693343
1,3957,373.066325
1,3958,211.541392
1,3959,563.878971
1,3960,231.572321
1,3961,515.927373
1,3962,402.020376
1,3963,63.023453
1,3964,337.570440
1,3965,603.355516
1,3966,129.391401
1,3967,343.829302
1,3968,260.479398
1,3969,277.939686
1,3970,228.834476
1,3971,144.505439
1,3972,388.979017
1,3973,584.346127
1,3974,545.191410
1,3975,313.705694
1,3976,396.274601
1,3977,282.603834
1,3978,275.715172
1,3979,490.084472
1,3980,453.742898
1,3981,142.898204
1,3982,365.020615
1,3983,292.472728
1,3984,94.995618
1,3985,238.686203
1,3986,141.936775
1,3987,212.511044
1,3988,412.644736
1,3989,452.085718
1,3990,67.693268
1,3991,450.288788
1,3992,341.270394
1,3993,493.796224
1,3994,304.405452
1,3995,130.162042
1,3996,512.198075
1,3997,198.382535
1,3998,650.685944
1,3999,84.179745
1,4000,533.209618
1,4001,547.607728
1,4002,232.862858
1,4003,224.385988
1,4004,264.016627
1,4005,65.487856
1,4006,383.583127
1,4007,339.046323
1,4008,216.876675
1,4009,519.959887
1,4010,647.235368
1,4011,241.976341
1,4012,666.775468
1,4013,420.268317
1,4014,258.486369
1,4015,525.916831
1,4016,105.158474
1,4017,376.718830
1,4018,151.105765
1,4019,503.950221
1,4020,63.281404
1,4021,464.142203
1,4022,259.167387
1,4023,65.931324
1,4024,257.972869
1,4025,115.538545
1,4026,313.116815
1,4027,364.297660
1,4028,226.441416
1,4029,169.538686
1,4030,231.205354
1,4031,195.640572
1,4032,362.139123
1,4033,463.550859
1,4034,475.043232
1,4035,560.746396
1,4036,530.097098
1,4037,237.671050
1,4038,379.010561
1,4039,199.481981
1,4040,161.331594
1,4041,289.382076
1,4042,177.024440
1,4043,527.455311
1,4044,424.108048
1,4045,462.718182
1,4046,146.149978
1,4047,531.977141
1,4048,318.721415
1,4049,143.220772
1,4050,263.706629
1,4051,777.401143
1,4052,121.178610
1,4053,594.725952
1,4054,128.719111
1,4055,541.555160
1,4056,183.262784
1,4057,435.695138
1,4058,453.588936
1,4059,297.989396
1,4060,195.865761
1,4061,414.155146
1,4062,345.827100
1,4063,423.193281
1,4064,518.091036
1,4065,251.344852
1,4066,552.719247
1,4067,153.151846
1,4068,414.548628
1,4069,385.426118
1,4070,158.619820
1,4071,293.485595
1,4072,354.471575
1,4073,453.326263
1,4074,246.954401
1,4075,921.733540
1,4076,602.598214
1,4077,130.999998
1,4078,113.128494
1,4079,349.140254
1,4080,90.954124
1,4081,70.697959
1,4082,493.161072
1,4083,105.517012
1,4084,235.974240
1,4085,252.914181
1,4086,190.915381
1,4087,292.401351
1,4088,412.694680
1,4089,64.785693
1,4090,105.688896
1,4091,609.956502
1,4092,565.832219
1,4093,158.088227
1,4094,448.990185
1,4095,64.998845
1,4096,418.355770
1,4097,425.709816
1,4098,65.465397
1,4099,175.557636
1,4100,112.918826
1,4101,248.103252
1,4102,290.286293
1,4103,65.511351
1,4104,385.973358
1,4105,235.858192
1,4106,230.369429
1,4107,65.427701
1,4108,271.143059
1,4109,462.054654
1,4110,525.122485
1,4111,296.285290
1,4112,307.071878
1,4113,701.614899
1,4114,149.679936
1,4115,64.418609
1,4116,101.195769
1,4117,231.550312
1,4118,432.350364
1,4119,64.696265
1,4120,405.465351
1,4121,639.484501
1,4122,581.870539
1,4123,156.297687
1,4124,290.969479
1,4125,89.728141
1,4126,255.840586
1,4127,393.063063
1,4128,118.709089
1,4129,319.845811
1,4130,116.237533
1,4131,514.010584
1,4132,272.309667
1,4133,377.309670
1,4134,273.580430
1,4135,259.932372
1,4136,424.321091
1,4137,63.508773
1,4138,210.943253
1,4139,181.667136
1,4140,365.124439
1,4141,93.246888
1,4142,485.483675
1,4143,65.699861
1,4144,513.422645
1,4145,124.973555
1,4146,84.754481
1,4147,358.069250
1,4148,288.575209
1,4149,129.506826
1,4150,177.711662
1,4151,561.597701
1,4152,89.778528
1,4153,439.039373
1,4154,265.792978
1,4155,82.325203
1,4156,328.067913
1,4157,99.502226
1,4158,183.806649
1,4159,501.402579
1,4160,81.610683
1,4161,63.076195
1,4162,475.373353
1,4163,106.164147
1,4164,267.330179
1,4165,116.740717
1,4166,65.225175
1,4167,340.079001
1,4168,324.136351
1,4169,331.665200
1,4170,249.023914
1,4171,271.124044
1,4172,359.690984
1,4173,118.927361
1,4174,658.226208
1,4175,425.026686
1,4176,235.263489
1,4177,257.825106
1,4178,233.724191
1,4179,397.809580
1,4180,125.097706
1,4181,199.467116
1,4182,213.693134
1,4183,403.125269
1,4184,263.801925
1,4185,196.259166
1,4186,345.757980
1,4187,138.283765
1,4188,233.637735
1,4189,85.243058
1,4190,98.203757
1,4191,213.105952
1,4192,150.356233
1,4193,73.985644
1,4194,62.252764
1,4195,115.746046
1,4196,64.657871
1,4197,137.582993
1,4198,62.701301
1,4199,165.230113
1,4200,114.554451
1,4201,240.337874
1,4202,145.200324
1,4203,123.573441
1,4204,391.010045
1,4205,323.711966
1,4206,421.578240
1,4207,367.640270
1,4208,464.717416
1,4209,65.294890
1,4210,631.951513
1,4211,472.515997
1,4212,226.627016
1,4213,99.556406
1,4214,306.370353
1,4215,63.275246
1,4216,446.303090
1,4217,287.245309
1,4218,528.281198
1,4219,356.903887
1,4220,65.416972
1,4221,389.819716
1,4222,355.090014
1,4223,141.361677
1,4224,225.237219
1,4225,115.332091
1,4226,132.619347
1,4227,402.599609
1,4228,141.503684
1,4229,163.756927
1,4230,505.416966
1,4231,167.105077
1,4232,336.438844
1,4233,166.979810
1,4234,120.523171
1,4235,398.173817
1,4236,356.941543
1,4237,188.037780
1,4238,395.108569
1,4239,267.751258
1,4240,152.204877
1,4241,406.197088
1,4242,477.685431
1,4243,188.472766
1,4244,195.610550
1,4245,262.255429
1,4246,207.572158
1,4247,437.902641
1,4248,65.291675
1,4249,258.018470
1,4250,108.758292
1,4251,63.153297
1,4252,313.926702
1,4253,123.445535
1,4254,268.341473
1,4255,322.978482
1,4256,183.342555
1,4257,221.921762
1,4258,186.046965
1,4259,223.487549
1,4260,185.570768
1,4261,185.432152
1,4262,137.666919
1,4263,703.126980
1,4264,215.984116
1,4265,232.580548
1,4266,458.434157
1,4267,859.073587
1,4268,134.473193
1,4269,64.385381
1,4270,125.898159
1,4271,88.922282
1,4272,353.507036
1,4273,190.663184
1,4274,302.315304
1,4275,153.814002
1,4276,251.833924
1,4277,64.741559
1,4278,238.852171
1,4279,166.942429
1,4280,62.932764
1,4281,593.220455
1,4282,168.488513
1,4283,265.571569
1,4284,311.493149
1,4285,208.341589
1,4286,100.686853
1,4287,65.124555
1,4288,167.146046
1,4289,206.133108
1,4290,63.075856
1,4291,260.042172
1,4292,242.841206
1,4293,217.626911
1,4294,184.835241
1,4295,173.033598
1,4296,342.510933
1,4297,237.845749
1,4298,290.784849
1,4299,118.987835
1,4300,347.393474
1,4301,132.266987
1,4302,169.058789
1,4303,224.092222
1,4304,158.327579
1,4305,244.809293
1,4306,178.036631
1,4307,130.529342
1,4308,102.662194
1,4309,416.824669
1,4310,281.895924
1,4311,290.330967
1,4312,303.373422
1,4313,545.837381
1,4314,62.895553
1,4315,369.725709
1,4316,65.168565
1,4317,167.737660
1,4318,201.275523
1,4319,123.155554
1,4320,149.744926
1,4321,294.526849
1,4322,301.107232
1,4323,138.006424
1,4324,249.397914
1,4325,523.091709
1,4326,516.016610
1,4327,146.884990
1,4328,64.391571
1,4329,232.230454
1,4330,223.315849
1,4331,127.657206
1,4332,465.204510
1,4333,268.246259
1,4334,199.349927
1,4335,332.424858
1,4336,104.973976
1,4337,159.005324
1,4338,214.553257
1,4339,492.066436
1,4340,207.661568
1,4341,133.645893
1,4342,381.819889
1,4343,65.017458
1,4344,268.258345
1,4345,309.493439
1,4346,424.289943
1,4347,145.813460
1,4348,245.037356
1,4349,311.277621
1,4350,105.282927
1,4351,163.029699
1,4352,257.414782
1,4353,357.718373
1,4354,104.329838
1,4355,230.552929
1,4356,189.777471
1,4357,158.034961
1,4358,147.905752
1,4359,146.197917
1,4360,453.622266
1,4361,122.319286
1,4362,185.031346
1,4363,357.916205
1,4364,483.722719
1,4365,488.205764
1,4366,237.043144
1,4367,218.295128
1,4368,233.283349
1,4369,297.860106
1,4370,150.723571
1,4371,239.059633
1,4372,162.656667
1,4373,131.647497
1,4374,271.141873
1,4375,242.454626
1,4376,203.485175
1,4377,65.305608
1,4378,409.530995
1,4379,301.730426
1,4380,527.461023
1,4381,293.189346
1,4382,498.742695
1,4383,318.576955
1,4384,369.613406
1,4385,215.368324
1,4386,476.394279
1,4387,318.147007
1,4388,495.602393
1,4389,475.202553
1,4390,255.927935
1,4391,183.151039
1,4392,446.482666
1,4393,579.697701
1,4394,579.218071
1,4395,243.760497
1,4396,246.666699
1,4397,198.443266
1,4398,297.895043
1,4399,262.336886
1,4400,211.656422
1,4401,314.029592
1,4402,114.021924
1,4403,282.048994
1,4404,224.690459
1,4405,411.953336
1,4406,245.887286
1,4407,582.253354
1,4408,286.560674
1,4409,62.813547
1,4410,194.878916
1,4411,331.711705
1,4412,868.107475
1,4413,187.905150
1,4414,321.681179
1,4415,215.757682
1,4416,320.376518
1,4417,193.782395
1,4418,276.938186
1,4419,335.112615
1,4420,175.786821
1,4421,501.695538
1,4422,253.822205
1,4423,378.259467
1,4424,65.393340
1,4425,258.074742
1,4426,311.860027
1,4427,108.506085
1,4428,92.127492
1,4429,569.917792
1,4430,372.158211
1,4431,152.599770
1,4432,69.460882
1,4433,62.207380
1,4434,391.432459
1,4435,110.636086
1,4436,196.894928
1,4437,197.598108
1,4438,228.256168
1,4439,198.742331
1,4440,199.177550
1,4441,101.656795
1,4442,118.880946
1,4443,212.104065
1,4444,65.257163
1,4445,253.271793
1,4446,176.424789
1,4447,209.263509
1,4448,225.390671
1,4449,435.297330
1,4450,157.510105
1,4451,239.007773
1,4452,173.048936
1,4453,264.083928
1,4454,174.982712
1,4455,93.931471
1,4456,129.010322
1,4457,129.252459
1,4458,95.665878
1,4459,63.252460
1,4460,268.838763
1,4461,65.529877
1,4462,113.218057
1,4463,347.981277
1,4464,63.219058
1,4465,361.661429
1,4466,174.117383
1,4467,218.452345
1,4468,91.436349
1,4469,72.751588
1,4470,113.872339
1,4471,314.001854
1,4472,124.508513
1,4473,179.743461
1,4474,303.592580
1,4475,130.122947
1,4476,63.965626
1,4477,170.706281
1,4478,111.230532
1,4479,162.583391
1,4480,134.698588
1,4481,206.617304
1,4482,124.038518
1,4483,106.674891
1,4484,165.571907
1,4485,179.198286
1,4486,168.901027
1,4487,73.162129
1,4488,133.371282
1,4489,399.582352
1,4490,65.245179
1,4491,219.429316
1,4492,65.198174
1,4493,260.095728
1,4494,116.050213
1,4495,120.136019
1,4496,65.152537
1,4497,154.562005
1,4498,154.975958
1,4499,241.358880
1,4500,65.156377
1,4501,127.512127
1,4502,118.937358
1,4503,213.399867
1,4504,130.156859
1,4505,158.399532
1,4506,67.752274
1,4507,163.034393
1,4508,88.006500
1,4509,318.907898
1,4510,107.030920
1,4511,405.622180
1,4512,296.086672
1,4513,291.138443
1,4514,123.875005
1,4515,162.320671
1,4516,67.373432
1,4517,262.793298
1,4518,290.501983
1,4519,302.959099
1,4520,271.998309
1,4521,118.827525
1,4522,65.169567
1,4523,273.040976
1,4524,509.099152
1,4525,584.564481
1,4526,391.501871
1,4527,475.689021
1,4528,290.159432
1,4529,64.046124
1,4530,284.557560
1,4531,136.603560
1,4532,268.645246
1,4533,204.886123
1,4534,334.021085
1,4535,241.804791
1,4536,90.655011
1,4537,243.102304
1,4538,94.407651
1,4539,232.888794
1,4540,404.512091
1,4541,137.852607
1,4542,472.997084
1,4543,110.298435
1,4544,326.604220
1,4545,569.677510
1,4546,250.788484
1,4547,264.530511
1,4548,261.837250
1,4549,152.461251
1,4550,202.799577
1,4551,65.168240
1,4552,156.353937
1,4553,219.867557
1,4554,493.813639
1,4555,205.988435
1,4556,415.293533
1,4557,179.428866
1,4558,67.662535
1,4559,207.698831
1,4560,172.641255
1,4561,65.223298
1,4562,233.654888
1,4563,65.241422
1,4564,103.559944
1,4565,64.925533
1,4566,119.724968
1,4567,214.543169
1,4568,240.461930
1,4569,266.450132
1,4570,223.397751
1,4571,246.118586
1,4572,67.189914
1,4573,298.135747
1,4574,127.981667
1,4575,166.262556
1,4576,64.876633
1,4577,245.729400
1,4578,62.758589
1,4579,227.101138
1,4580,135.257280
1,4581,64.883888
1,4582,174.085864
1,4583,117.952567
1,4584,202.974229
1,4585,221.090753
1,4586,234.695928
1,4587,288.877446
1,4588,279.762183
1,4589,64.998093
1,4590,106.434335
1,4591,139.784715
1,4592,135.117158
1,4593,210.942669
1,4594,97.154016
1,4595,66.348985
1,4596,247.753561
1,4597,64.059410
1,4598,291.478641
1,4599,178.488875
1,4600,112.206872
1,4601,161.338128
1,4602,363.166136
1,4603,64.397103
1,4604,178.380393
1,4605,66.813272
1,4606,178.544525
1,4607,64.810572
1,4608,184.162686
1,4609,196.947930
1,4610,236.195544
1,4611,155.506800
1,4612,136.362545
1,4613,299.414776
1,4614,409.100136
1,4615,269.783575
1,4616,327.591604
1,4617,291.386877
1,4618,123.663580
1,4619,131.035531
1,4620,105.360513
1,4621,140.609224
1,4622,180.441432
1,4623,65.128468
1,4624,70.301533
1,4625,220.546003
1,4626,113.344108
1,4627,104.306547
1,4628,65.068600
1,4629,900.338781
1,4630,107.073124
1,4631,253.316290
1,4632,166.857294
1,4633,127.492528
1,4634,65.037812
1,4635,120.961650
1,4636,129.917115
1,4637,223.324292
1,4638,64.963033
1,4639,114.581862
1,4640,135.046463
1,4641,64.797373
1,4642,264.870083
1,4643,97.652482
1,4644,173.285797
1,4645,448.210354
1,4646,64.691189
1,4647,186.073311
1,4648,64.650271
1,4649,131.129905
1,4650,221.626174
1,4651,227.127679
1,4652,250.568225
1,4653,252.966105
1,4654,238.937156
1,4655,88.280719
1,4656,320.962061
1,4657,64.560442
1,4658,70.205170
1,4659,150.649694
1,4660,122.291069
1,4661,121.436855
1,4662,98.340129
1,4663,224.817324
1,4664,119.266876
1,4665,64.635156
1,4666,113.932286
1,4667,121.802474
1,4668,117.984271
1,4669,67.265086
1,4670,64.734996
1,4671,211.378552
1,4672,119.590500
1,4673,127.779491
1,4674,158.793800
1,4675,201.296757
1,4676,127.521162
1,4677,158.017938
1,4678,66.738311
1,4679,69.651094
1,4680,64.484051
1,4681,132.695999
1,4682,64.417756
1,4683,185.728049
1,4684,64.338676
1,4685,90.718722
1,4686,153.522634
1,4687,301.211998
1,4688,228.475581
1,4689,148.246556
1,4690,129.770956
1,4691,134.905135
1,4692,108.839154
1,4693,263.279043
1,4694,172.322398
1,4695,211.283689
1,4696,97.420485
1,4697,656.115739
1,4698,290.664628
1,4699,178.548992
1,4700,362.569355
1,4701,103.242647
1,4702,409.796892
1,4703,253.587671
1,4704,208.284662
1,4705,107.011899
1,4706,64.199464
1,4707,173.802146
1,4708,64.355303
1,4709,161.501807
1,4710,269.495862
1,4711,157.754345
1,4712,64.536681
1,4713,143.296676
1,4714,155.543556
1,4715,331.954954
1,4716,253.857067
1,4717,202.893875
1,4718,66.777766
1,4719,96.778880
1,4720,195.241005
1,4721,317.292024
1,4722,200.269809
1,4723,272.964603
1,4724,170.542841
1,4725,195.687499
1,4726,166.708765
1,4727,115.049873
1,4728,399.973007
1,4729,147.021267
1,4730,282.143865
1,4731,278.041522
1,4732,251.811454
1,4733,299.795294
1,4734,137.196241
1,4735,65.292666
1,4736,74.213882
1,4737,265.671549
1,4738,111.426745
1,4739,74.365830
1,4740,314.152529
1,4741,221.076295
1,4742,135.332481
1,4743,187.319094
1,4744,95.892127
1,4745,253.113984
1,4746,172.618896
1,4747,128.831444
1,4748,65.093724
1,4749,70.344260
1,4750,133.388698
1,4751,189.333415
1,4752,208.640617
1,4753,109.511451
1,4754,285.990904
1,4755,168.904868
1,4756,416.948478
1,4757,492.829132
1,4758,385.378016
1,4759,64.500274
1,4760,62.708852
1,4761,240.532867
1,4762,89.455948
1,4763,101.347705
1,4764,185.817880
1,4765,283.945168
1,4766,166.788609
1,4767,210.298415
1,4768,251.357099
1,4769,227.379654
1,4770,64.012211
1,4771,195.858006
1,4772,129.575905
1,4773,111.398019
1,4774,114.593081
1,4775,73.673037
1,4776,113.862538
1,4777,184.426085
1,4778,76.818437
1,4779,82.078270
1,4780,114.540541
1,4781,102.940308
1,4782,184.288430
1,4783,67.023208
1,4784,211.775601
1,4785,202.441497
1,4786,64.713641
1,4787,170.135366
1,4788,64.849479
1,4789,70.265321
1,4790,62.784415
1,4791,67.068396
1,4792,285.549302
1,4793,287.274379
1,4794,167.071505
1,4795,201.965181
1,4796,122.210700
1,4797,119.780372
1,4798,211.789275
1,4799,148.026527
1,4800,93.363040
1,4801,193.710185
1,4802,157.777593
1,4803,198.543494
1,4804,188.645028
1,4805,205.549931
1,4806,96.958706
1,4807,298.549846
1,4808,110.749971
1,4809,238.020982
1,4810,65.126882
1,4811,176.304949
1,4812,88.275834
1,4813,175.367305
1,4814,64.908447
1,4815,72.138177
1,4816,789.275744
1,4817,805.362677
1,4818,352.524186
1,4819,222.316747
1,4820,62.672829
1,4821,221.983226
1,4822,294.764305
1,4823,290.785976
1,4824,245.155208
1,4825,170.311764
1,4826,64.551725
1,4827,148.155748
1,4828,307.443978
1,4829,220.684917
1,4830,352.048811
1,4831,505.582032
1,4832,717.277095
1,4833,397.045490
1,4834,338.648055
1,4835,65.344982
1,4836,358.569044
1,4837,132.238623
1,4838,723.037815
1,4839,600.739184
1,4840,424.345893
1,4841,470.579533
1,4842,97.855393
1,4843,285.165451
1,4844,260.176284
1,4845,365.811749
1,4846,442.492362
1,4847,204.248785
1,4848,151.571155
1,4849,436.906962
1,4850,63.116202
1,4851,192.140775
1,4852,466.796824
1,4853,191.363628
1,4854,213.044600
1,4855,210.010395
1,4856,203.806468
1,4857,323.562248
1,4858,143.557209
1,4859,167.918660
1,4860,398.087508
1,4861,96.359552
1,4862,345.004961
1,4863,360.471207
1,4864,97.671038
1,4865,244.022900
1,4866,65.327368
1,4867,117.924516
1,4868,180.170429
1,4869,193.970913
1,4870,273.313528
1,4871,69.503123
1,4872,303.960443
1,4873,102.698955
1,4874,220.755788
1,4875,338.506079
1,4876,81.509832
1,4877,161.711451
1,4878,450.288606
1,4879,340.117413
1,4880,64.541378
1,4881,561.206562
1,4882,391.416240
1,4883,409.694034
1,4884,64.752576
1,4885,190.214034
1,4886,101.718268
1,4887,284.235430
1,4888,194.367326
1,4889,357.969010
1,4890,193.532783
1,4891,319.791943
1,4892,267.601539
1,4893,617.323724
1,4894,297.437802
1,4895,503.674018
1,4896,281.246766
1,4897,377.949919
1,4898,65.341235
1,4899,118.390735
1,4900,188.177845
1,4901,360.378727
1,4902,542.245024
1,4903,103.040527
1,4904,189.786802
1,4905,90.734174
1,4906,91.696850
1,4907,155.313265
1,4908,199.459941
1,4909,65.462299
1,4910,192.557984
1,4911,109.941365
1,4912,189.975359
1,4913,106.502876
1,4914,108.940068
1,4915,378.115031
1,4916,245.362586
1,4917,328.647803
1,4918,445.647832
1,4919,91.004392
1,4920,127.192278
1,4921,183.416399
1,4922,303.960909
1,4923,64.413242
1,4924,369.572129
1,4925,97.781199
1,4926,106.978967
1,4927,264.114943
1,4928,116.746145
1,4929,110.006852
1,4930,291.122855
1,4931,164.581802
1,4932,122.240025
1,4933,228.556839
1,4934,63.043833
1,4935,295.121770
1,4936,96.635353
1,4937,299.565535
1,4938,512.701798
1,4939,331.630081
1,4940,248.518972
1,4941,204.048167
1,4942,212.990503
1,4943,233.279735
1,4944,214.697210
1,4945,377.946267
1,4946,285.072745
1,4947,274.127238
1,4948,123.206390
1,4949,182.989775
1,4950,276.355970
1,4951,255.177680
1,4952,105.657112
1,4953,72.366058
1,4954,169.362441
1,4955,165.004284
1,4956,509.566156
1,4957,186.914551
1,4958,239.296628
1,4959,259.505910
1,4960,183.755194
1,4961,65.113926
1,4962,296.888785
1,4963,103.092572
1,4964,223.444298
1,4965,71.779130
1,4966,204.998911
1,4967,236.495762
1,4968,64.338366
1,4969,120.451874
1,4970,195.817493
1,4971,264.071405
1,4972,243.546202
1,4973,104.667475
1,4974,215.602139
1,4975,190.311796
1,4976,234.663746
1,4977,373.474643
1,4978,62.715206
1,4979,218.066836
1,4980,285.778473
1,4981,65.174125
1,4982,207.907647
1,4983,65.108236
1,4984,113.958087
1,4985,186.046457
1,4986,91.168247
1,4987,206.819866
1,4988,114.876950
1,4989,163.978667
1,4990,186.741180
1,4991,209.697853
1,4992,70.256331
1,4993,177.614899
1,4994,130.980362
1,4995,284.823002
1,4996,95.557902
1,4997,230.394852
1,4998,454.159253
1,4999,92.147814
1,5000,481.251520
1,5001,462.434875
1,5002,199.129989
1,5003,539.229811
1,5004,100.709272
1,5005,276.403380
1,5006,390.596739
1,5007,467.757843
1,5008,288.618212
1,5009,199.140010
1,5010,112.353671
1,5011,227.362174
1,5012,222.928967
1,5013,98.369243
1,5014,559.764003
1,5015,90.958973
1,5016,65.070888
1,5017,543.252459
1,5018,421.665867
1,5019,198.202903
1,5020,361.574980
1,5021,240.662259
1,5022,720.586626
1,5023,94.504808
1,5024,335.150001
1,5025,119.746890
1,5026,272.744213
1,5027,216.025157
1,5028,196.822448
1,5029,141.964645
1,5030,251.663687
1,5031,106.286508
1,5032,337.728514
1,5033,244.787917
1,5034,395.554085
1,5035,194.397513
1,5036,373.875219
1,5037,397.270018
1,5038,279.223151
1,5039,64.995898
1,5040,269.254224
1,5041,241.623760
1,5042,328.199570
1,5043,297.327765
1,5044,65.004603
1,5045,246.899170
1,5046,280.350384
1,5047,192.569848
1,5048,403.097934
1,5049,403.766477
1,5050,235.273055
1,5051,289.358033
1,5052,320.185922
1,5053,98.772700
1,5054,290.167082
1,5055,174.925000
1,5056,238.025559
1,5057,244.197154
1,5058,64.123629
1,5059,165.147151
1,5060,241.454474
1,5061,202.757658
1,5062,113.155730
1,5063,96.941334
1,5064,62.584290
1,5065,64.494657
1,5066,194.281682
1,5067,331.039260
1,5068,210.645682
1,5069,91.034516
1,5070,147.032716
1,5071,97.987174
1,5072,105.793489
1,5073,67.459988
1,5074,73.866592
1,5075,62.538213
1,5076,72.499526
1,5077,126.737923
1,5078,94.898492
1,5079,107.577766
1,5080,111.173802
1,5081,63.164401
1,5082,248.953157
1,5083,256.346887
1,5084,131.137428
1,5085,178.603792
1,5086,108.091541
1,5087,99.211728
1,5088,147.082384
1,5089,189.480390
1,5090,173.257752
1,5091,62.610910
1,5092,157.754857
1,5093,238.873175
1,5094,65.367540
1,5095,126.561543
1,5096,65.291077
1,5097,118.431651
1,5098,62.971296
1,5099,131.283822
1,5100,65.165607
1,5101,67.541869
1,5102,211.138717
1,5103,205.418918
1,5104,110.508576
1,5105,118.347239
1,5106,109.443964
1,5107,145.853714
1,5108,65.163040
1,5109,193.072133
1,5110,104.678922
1,5111,106.668798
1,5112,118.083833
1,5113,67.345947
1,5114,197.665747
1,5115,211.080006
1,5116,89.832896
1,5117,239.574535
1,5118,198.082173
1,5119,280.529680
1,5120,201.995342
1,5121,67.308824
1,5122,174.519695
1,5123,67.358233
1,5124,252.140351
1,5125,338.058912
1,5126,210.934359
1,5127,64.922487
1,5128,204.309405
1,5129,64.785621
1,5130,159.931735
1,5131,197.015639
1,5132,116.198043
1,5133,202.145682
1,5134,65.126996
1,5135,280.134035
1,5136,1399.909931
1,5137,182.627765
1,5138,91.484660
1,5139,102.597371
1,5140,101.948148
1,5141,98.725990
1,5142,187.603884
1,5143,64.600368
1,5144,71.498300
1,5145,152.923521
1,5146,261.584932
1,5147,219.782168
1,5148,327.516220
1,5149,334.391070
1,5150,153.762853
1,5151,338.841419
1,5152,279.237614
1,5153,104.537020
1,5154,171.558999
1,5155,293.061373
1,5156,62.510893
1,5157,239.732666
1,5158,309.917958
1,5159,62.471819
1,5160,276.295682
1,5161,618.673437
1,5162,418.741726
1,5163,229.098131
1,5164,202.364984
1,5165,100.576292
1,5166,241.275767
1,5167,106.457766
1,5168,291.806390
1,5169,221.743870
1,5170,295.503681
1,5171,292.968749
1,5172,473.325514
1,5173,172.047200
1,5174,73.898527
1,5175,220.267975
1,5176,65.083292
1,5177,209.901489
1,5178,122.512096
1,5179,65.260637
1,5180,72.402432
1,5181,65.147857
1,5182,119.056804
1,5183,165.757242
1,5184,95.520798
1,5185,125.677557
1,5186,115.441778
1,5187,161.376266
1,5188,98.486387
1,5189,300.549302
1,5190,65.216962
1,5191,322.642545
1,5192,278.864994
1,5193,63.013465
1,5194,126.816771
1,5195,142.569239
1,5196,104.931895
1,5197,142.283799
1,5198,125.299871
1,5199,210.154826
1,5200,112.043751
1,5201,184.396590
1,5202,186.030816
1,5203,67.366099
1,5204,93.022425
1,5205,118.956411
1,5206,238.140232
1,5207,121.811305
1,5208,64.938790
1,5209,115.677325
1,5210,86.054908
1,5211,163.472909
1,5212,182.034292
1,5213,64.963866
1,5214,124.611725
1,5215,64.754463
1,5216,111.244910
1,5217,64.987256
1,5218,285.645010
1,5219,64.788471
1,5220,67.201085
1,5221,219.958714
1,5222,201.300894
1,5223,247.062093
1,5224,456.073624
1,5225,62.190181
1,5226,322.117462
1,5227,145.966686
1,5228,234.909609
1,5229,65.222692
1,5230,441.709661
1,5231,539.537382
1,5232,65.607998
1,5233,691.246143
1,5234,625.388845
1,5235,239.263149
1,5236,379.525960
1,5237,65.353861
1,5238,412.489353
1,5239,212.534335
1,5240,111.943013
1,5241,160.997820
1,5242,200.244211
1,5243,286.595253
1,5244,578.592701
1,5245,468.247660
1,5246,336.092956
1,5247,134.761230
1,5248,540.655554
1,5249,113.693448
1,5250,306.148426
1,5251,145.643322
1,5252,146.389929
1,5253,222.657081
1,5254,133.260492
1,5255,65.531108
1,5256,431.031066
1,5257,137.801183
1,5258,289.462696
1,5259,1328.188987
1,5260,435.997777
1,5261,232.627126
1,5262,95.621674
1,5263,828.550497
1,5264,263.315752
1,5265,410.971514
1,5266,65.628563
1,5267,642.944200
1,5268,283.620920
1,5269,221.223082
1,5270,220.376866
1,5271,499.419058
1,5272,443.736781
1,5273,207.384375
1,5274,159.145148
1,5275,384.697291
1,5276,413.977095
1,5277,112.608010
1,5278,265.652821
1,5279,316.355428
1,5280,447.420944
1,5281,216.342964
1,5282,255.594014
1,5283,99.953498
1,5284,528.693422
1,5285,84.742900
1,5286,151.814560
1,5287,329.409821
1,5288,103.768904
1,5289,319.745483
1,5290,499.255638
1,5291,64.017015
1,5292,255.973476
1,5293,165.862107
1,5294,79.823088
1,5295,172.572525
1,5296,195.180894
1,5297,263.964957
1,5298,141.491161
1,5299,744.552894
1,5300,362.663224
1,5301,146.773186
1,5302,543.226094
1,5303,247.227184
1,5304,163.563381
1,5305,138.535923
1,5306,206.328138
1,5307,221.357484
1,5308,360.266402
1,5309,276.666150
1,5310,169.979342
1,5311,278.025641
1,5312,220.825793
1,5313,63.382814
1,5314,225.857901
1,5315,182.060990
1,5316,348.695315
1,5317,154.112487
1,5318,608.248694
1,5319,287.871488
1,5320,65.579832
1,5321,205.009864
1,5322,128.136736
1,5323,381.373582
1,5324,369.528820
1,5325,576.635551
1,5326,432.155865
1,5327,151.744805
1,5328,315.936737
1,5329,63.499152
1,5330,560.674163
1,5331,65.713806
1,5332,261.474478
1,5333,241.273864
1,5334,235.591656
1,5335,183.437736
1,5336,295.627886
1,5337,547.482776
1,5338,101.771199
1,5339,121.823538
1,5340,361.924868
1,5341,65.670051
1,5342,375.412921
1,5343,307.267308
1,5344,110.641006
1,5345,539.544526
1,5346,65.435825
1,5347,451.204959
1,5348,240.697391
1,5349,179.004916
1,5350,87.656175
1,5351,293.360604
1,5352,62.882657
1,5353,517.616625
1,5354,119.724477
1,5355,267.224222
1,5356,335.360015
1,5357,65.651621
1,5358,624.192523
1,5359,141.572288
1,5360,363.290817
1,5361,323.839250
1,5362,94.922613
1,5363,574.655143
1,5364,65.373531
1,5365,263.265224
1,5366,303.705773
1,5367,170.322356
1,5368,218.681091
1,5369,236.494313
1,5370,117.106783
1,5371,148.344478
1,5372,219.632413
1,5373,257.627712
1,5374,187.793121
1,5375,164.080625
1,5376,95.779847
1,5377,255.356600
1,5378,337.080838
1,5379,277.415219
1,5380,537.249915
1,5381,161.077373
1,5382,446.836722
1,5383,504.320112
1,5384,408.297562
1,5385,360.263507
1,5386,138.222051
1,5387,296.496964
1,5388,290.529641
1,5389,287.291515
1,5390,95.546215
1,5391,425.270762
1,5392,219.066521
1,5393,336.412847
1,5394,312.419503
1,5395,242.806975
1,5396,162.392532
1,5397,191.951682
1,5398,474.132772
1,5399,271.896215
1,5400,65.477175
1,5401,349.016342
1,5402,65.857296
1,5403,430.490578
1,5404,535.437968
1,5405,116.634403
1,5406,421.452005
1,5407,66.180457
1,5408,406.632086
1,5409,207.307512
1,5410,377.698977
1,5411,131.226762
1,5412,458.064460
1,5413,109.539659
1,5414,237.764357
1,5415,193.937339
1,5416,252.170035
1,5417,180.634857
1,5418,410.003192
1,5419,65.440869
1,5420,375.883097
1,5421,214.063685
1,5422,402.617806
1,5423,231.187020
1,5424,308.559540
1,5425,227.512864
1,5426,127.032179
1,5427,264.560573
1,5428,504.927933
1,5429,229.342420
1,5430,630.583126
1,5431,113.569889
1,5432,287.171025
1,5433,558.300043
1,5434,176.374002
1,5435,155.789619
1,5436,221.526352
1,5437,102.597262
1,5438,320.092803
1,5439,169.493257
1,5440,289.603870
1,5441,236.313749
1,5442,485.870819
1,5443,105.212122
1,5444,310.737830
1,5445,65.780982
1,5446,171.513459
1,5447,196.993663
1,5448,95.083701
1,5449,165.884177
1,5450,266.507268
1,5451,62.945724
1,5452,141.379086
1,5453,232.945518
1,5454,146.743459
1,5455,150.114359
1,5456,297.577320
1,5457,339.927296
1,5458,65.062748
1,5459,361.259152
1,5460,115.814142
1,5461,228.479188
1,5462,175.272713
1,5463,208.244094
1,5464,434.534316
1,5465,387.997309
1,5466,65.035274
1,5467,93.113387
1,5468,90.316630
1,5469,461.425904
1,5470,64.898776
1,5471,714.915114
1,5472,100.471458
1,5473,510.465540
1,5474,221.717256
1,5475,499.099105
1,5476,148.647570
1,5477,295.398549
1,5478,394.117825
1,5479,146.207220
1,5480,184.390274
1,5481,529.601832
1,5482,284.529527
1,5483,388.078001
1,5484,243.758943
1,5485,312.803582
1,5486,98.206361
1,5487,455.101221
1,5488,237.001880
1,5489,381.834739
1,5490,63.270000
1,5491,317.244647
1,5492,106.569513
1,5493,65.546362
1,5494,163.607771
1,5495,100.687812
1,5496,130.308758
1,5497,247.396002
1,5498,223.289478
1,5499,65.385415
1,5500,310.245832
1,5501,65.331969
1,5502,302.721728
1,5503,68.205804
1,5504,310.867886
1,5505,491.713872
1,5506,184.598348
1,5507,88.847545
1,5508,376.284194
1,5509,435.708150
1,5510,313.570316
1,5511,441.608324
1,5512,145.801091
1,5513,338.693552
1,5514,154.135387
1,5515,145.707207
1,5516,357.062445
1,5517,65.559716
1,5518,452.053239
1,5519,412.431651
1,5520,349.068089
1,5521,65.892853
1,5522,121.079287
1,5523,65.554682
1,5524,377.411280
1,5525,207.009391
1,5526,383.067102
1,5527,876.325327
1,5528,305.576019
1,5529,369.506992
1,5530,130.067179
1,5531,297.264144
1,5532,297.524283
1,5533,416.318199
1,5534,97.910002
1,5535,206.915076
1,5536,88.560910
1,5537,65.276096
1,5538,362.473470
1,5539,126.337527
1,5540,391.138002
1,5541,241.711397
1,5542,487.060765
1,5543,121.924097
1,5544,189.425557
1,5545,345.023118
1,5546,686.417131
1,5547,511.637544
1,5548,135.026687
1,5549,220.151756
1,5550,361.142925
1,5551,289.105513
1,5552,121.582017
1,5553,445.374123
1,5554,289.483720
1,5555,65.484805
1,5556,1069.392432
1,5557,185.968398
1,5558,177.760205
1,5559,628.237425
1,5560,344.030043
1,5561,453.792973
1,5562,64.963190
1,5563,355.476195
1,5564,259.924869
1,5565,392.923574
1,5566,131.999878
1,5567,181.045650
1,5568,213.052213
1,5569,357.804629
1,5570,381.044982
1,5571,316.208609
1,5572,129.662074
1,5573,224.451162
1,5574,157.434463
1,5575,232.991585
1,5576,166.438784
1,5577,314.126594
1,5578,105.811215
1,5579,277.946833
1,5580,135.721062
1,5581,208.175539
1,5582,65.094273
1,5583,221.588642
1,5584,288.774512
1,5585,65.401134
1,5586,526.264202
1,5587,164.235361
1,5588,137.489052
1,5589,453.604776
1,5590,102.260651
1,5591,372.734040
1,5592,289.002587
1,5593,261.607959
1,5594,378.868321
1,5595,125.464383
1,5596,239.100534
1,5597,168.687120
1,5598,516.787062
1,5599,332.254026
1,5600,283.271995
1,5601,96.223727
1,5602,233.380732
1,5603,193.402078
1,5604,246.907231
1,5605,154.208764
1,5606,93.094232
1,5607,189.622237
1,5608,160.279842
1,5609,63.390706
1,5610,356.924598
1,5611,226.312251
1,5612,205.036143
1,5613,159.721015
1,5614,302.867719
1,5615,233.289842
1,5616,147.108200
1,5617,63.255580
1,5618,367.623306
1,5619,156.359953
1,5620,707.585845
1,5621,91.934300
1,5622,323.569111
1,5623,65.251396
1,5624,123.687244
1,5625,329.119440
1,5626,198.434285
1,5627,65.353558
1,5628,165.672943
1,5629,98.815397
1,5630,184.693591
1,5631,147.884224
1,5632,67.829255
1,5633,126.133302
1,5634,263.750844
1,5635,220.626240
1,5636,86.933399
1,5637,419.012000
1,5638,214.792368
1,5639,549.404288
1,5640,93.882869
1,5641,710.417218
1,5642,156.347228
1,5643,544.195184
1,5644,114.337962
1,5645,210.629863
1,5646,172.775177
1,5647,536.589933
1,5648,149.675967
1,5649,118.492424
1,5650,445.090671
1,5651,98.683419
1,5652,426.572747
1,5653,111.258160
1,5654,219.125570
1,5655,367.067680
1,5656,203.249022
1,5657,69.458149
1,5658,62.207380
1,5659,408.307732
1,5660,89.500469
1,5661,224.240788
1,5662,165.260433
1,5663,260.910896
1,5664,168.982704
1,5665,164.478478
1,5666,83.831392
1,5667,95.324211
1,5668,281.883915
1,5669,65.256034
1,5670,271.818548
1,5671,152.019922
1,5672,222.266873
1,5673,225.435633
1,5674,390.682076
1,5675,194.768509
1,5676,245.581728
1,5677,153.076716
1,5678,238.223653
1,5679,163.939322
1,5680,88.989473
1,5681,128.905703
1,5682,122.752684
1,5683,95.614662
1,5684,63.252112
1,5685,264.959254
1,5686,65.528525
1,5687,93.600140
1,5688,329.722127
1,5689,63.218702
1,5690,367.167310
1,5691,173.927614
1,5692,186.448690
1,5693,91.392019
1,5694,72.741360
1,5695,91.590360
1,5696,268.418173
1,5697,99.672812
1,5698,156.215656
1,5699,263.664520
1,5700,152.611097
1,5701,63.965256
1,5702,201.642545
1,5703,111.152863
1,5704,155.238079
1,5705,128.020256
1,5706,177.145075
1,5707,100.723597
1,5708,87.702117
1,5709,149.541515
1,5710,150.649428
1,5711,158.545754
1,5712,73.152048
1,5713,160.299465
1,5714,328.033341
1,5715,65.243829
1,5716,231.949208
1,5717,65.196832
1,5718,274.365326
1,5719,95.032385
1,5720,98.730152
1,5721,65.151213
1,5722,130.985122
1,5723,132.667673
1,5724,207.192593
1,5725,65.155073
1,5726,104.556968
1,5727,94.364737
1,5728,228.702021
1,5729,105.928398
1,5730,120.561858
1,5731,67.749057
1,5732,188.761843
1,5733,122.793674
1,5734,383.435232
1,5735,87.803785
1,5736,426.878589
1,5737,292.814563
1,5738,247.465577
1,5739,123.775083
1,5740,137.642598
1,5741,67.370367
1,5742,283.544567
1,5743,267.122801
1,5744,265.911943
1,5745,321.654809
1,5746,147.438913
1,5747,65.168393
1,5748,297.241930
1,5749,538.953033
1,5750,578.366940
1,5751,447.408085
1,5752,520.860710
1,5753,278.422694
1,5754,64.045467
1,5755,275.325744
1,5756,136.479447
1,5757,254.292795
1,5758,185.613869
1,5759,286.799902
1,5760,220.694566
1,5761,90.613913
1,5762,208.852485
1,5763,94.357094
1,5764,202.789313
1,5765,347.970466
1,5766,137.727358
1,5767,417.699176
1,5768,110.221557
1,5769,296.501620
1,5770,538.411598
1,5771,220.374220
1,5772,244.739908
1,5773,229.628306
1,5774,152.310351
1,5775,178.503174
1,5776,65.167157
1,5777,131.583724
1,5778,180.629098
1,5779,499.208848
1,5780,180.802451
1,5781,421.693186
1,5782,169.958514
1,5783,67.659817
1,5784,183.249487
1,5785,151.935221
1,5786,65.222172
1,5787,209.318117
1,5788,65.240292
1,5789,87.130559
1,5790,64.924354
1,5791,98.067631
1,5792,176.604572
1,5793,207.986892
1,5794,230.804357
1,5795,190.944660
1,5796,212.415135
1,5797,67.187166
1,5798,295.941953
1,5799,105.909870
1,5800,128.149879
1,5801,64.875508
1,5802,200.593384
1,5803,62.758297
1,5804,179.762202
1,5805,107.103238
1,5806,64.882774
1,5807,140.208028
1,5808,100.088446
1,5809,172.617681
1,5810,190.561043
1,5811,179.202703
1,5812,252.772306
1,5813,234.951033
1,5814,64.997005
1,5815,106.367479
1,5816,112.367939
1,5817,162.786782
1,5818,221.094501
1,5819,97.104641
1,5820,66.347671
1,5821,254.834682
1,5822,64.058767
1,5823,323.518762
1,5824,166.647787
1,5825,112.134361
1,5826,161.191886
1,5827,387.717960
1,5828,64.396264
1,5829,156.043035
1,5830,66.811072
1,5831,156.350523
1,5832,64.809650
1,5833,161.668177
1,5834,165.122850
1,5835,198.833794
1,5836,155.382243
1,5837,115.212013
1,5838,252.227298
1,5839,355.089692
1,5840,244.079003
1,5841,281.083427
1,5842,240.040096
1,5843,96.800734
1,5844,104.918707
1,5845,86.897378
1,5846,110.165442
1,5847,134.328026
1,5848,65.127385
1,5849,70.296541
1,5850,187.982255
1,5851,92.205272
1,5852,88.764607
1,5853,65.067500
1,5854,1001.619525
1,5855,87.718947
1,5856,217.086298
1,5857,140.901210
1,5858,103.155765
1,5859,65.036703
1,5860,97.655286
1,5861,106.579272
1,5862,157.624778
1,5863,64.961925
1,5864,90.774514
1,5865,108.406087
1,5866,64.796268
1,5867,276.814998
1,5868,97.597252
1,5869,230.153878
1,5870,634.037029
1,5871,64.690093
1,5872,137.790274
1,5873,64.649178
1,5874,105.769513
1,5875,192.280905
1,5876,199.548237
1,5877,226.206666
1,5878,218.407455
1,5879,217.537244
1,5880,88.244824
1,5881,350.356835
1,5882,64.559378
1,5883,70.200299
1,5884,114.741066
1,5885,99.992516
1,5886,97.749147
1,5887,98.284204
1,5888,197.833644
1,5889,98.240973
1,5890,64.634081
1,5891,94.439739
1,5892,112.851875
1,5893,98.480516
1,5894,67.262622
1,5895,64.733986
1,5896,172.150108
1,5897,96.666784
1,5898,101.419677
1,5899,139.143739
1,5900,171.388160
1,5901,102.550735
1,5902,121.958919
1,5903,66.735953
1,5904,69.646658
1,5905,64.483091
1,5906,104.045930
1,5907,64.416805
1,5908,154.178622
1,5909,64.337736
1,5910,126.328022
1,5911,117.731026
1,5912,251.804419
1,5913,172.557184
1,5914,115.382366
1,5915,102.266520
1,5916,108.270974
1,5917,88.467086
1,5918,212.411379
1,5919,141.847124
1,5920,240.040600
1,5921,93.541199
1,5922,712.379516
1,5923,213.162930
1,5924,131.317254
1,5925,252.469325
1,5926,147.282810
1,5927,530.611918
1,5928,321.962575
1,5929,236.228938
1,5930,91.465273
1,5931,64.198696
1,5932,153.685777
1,5933,64.354483
1,5934,139.925101
1,5935,236.545020
1,5936,157.612085
1,5937,64.535779
1,5938,143.178810
1,5939,155.404510
1,5940,289.564878
1,5941,214.438741
1,5942,188.346367
1,5943,66.775373
1,5944,140.619914
1,5945,197.757882
1,5946,237.908935
1,5947,141.976286
1,5948,213.642891
1,5949,145.700048
1,5950,162.469712
1,5951,140.289413
1,5952,114.969231
1,5953,340.893565
1,5954,123.703625
1,5955,241.469824
1,5956,316.950640
1,5957,257.540134
1,5958,241.201686
1,5959,111.053438
1,5960,65.291586
1,5961,74.202011
1,5962,225.179396
1,5963,111.351652
1,5964,74.353928
1,5965,330.882984
1,5966,172.241574
1,5967,109.959026
1,5968,137.014985
1,5969,95.842295
1,5970,222.547934
1,5971,141.008005
1,5972,106.125242
1,5973,65.092646
1,5974,70.339314
1,5975,133.282107
1,5976,163.275567
1,5977,174.833641
1,5978,109.434967
1,5979,234.511727
1,5980,160.920978
1,5981,340.756113
1,5982,404.474051
1,5983,305.836003
1,5984,64.499223
1,5985,62.708580
1,5986,187.145093
1,5987,89.413699
1,5988,96.986595
1,5989,238.946981
1,5990,305.615033
1,5991,144.171009
1,5992,187.307354
1,5993,222.710193
1,5994,187.533707
1,5995,64.011557
1,5996,167.582647
1,5997,104.692118
1,5998,90.769855
1,5999,94.976620
1,6000,73.664436
1,6001,93.485667
1,6002,184.215393
1,6003,76.802910
1,6004,82.051288
1,6005,95.935347
1,6006,102.881606
1,6007,158.097739
1,6008,67.020924
1,6009,189.243103
1,6010,176.819019
1,6011,64.712668
1,6012,140.229844
1,6013,64.848487
1,6014,70.260729
1,6015,62.784153
1,6016,67.065933
1,6017,252.422969
1,6018,281.556419
1,6019,143.711513
1,6020,168.199532
1,6021,122.122545
1,6022,95.714606
1,6023,182.162417
1,6024,129.711722
1,6025,93.319276
1,6026,185.695708
1,6027,149.364631
1,6028,166.342906
1,6029,162.301547
1,6030,181.254101
1,6031,96.905268
1,6032,267.347976
1,6033,110.669521
1,6034,200.819698
1,6035,65.125822
1,6036,151.309183
1,6037,88.239753
1,6038,152.583468
1,6039,64.907390
1,6040,72.130170
1,6041,639.954878
1,6042,762.140799
1,6043,324.024868
1,6044,188.203100
1,6045,62.672711
1,6046,187.273144
1,6047,241.404796
1,6048,244.749416
1,6049,249.568701
1,6050,148.874695
1,6051,64.551156
1,6052,125.494984
1,6053,284.653957
1,6054,251.136971
1,6055,363.240017
1,6056,494.050483
1,6057,655.766301
1,6058,399.639592
1,6059,390.663874
1,6060,65.343914
1,6061,385.643140
1,6062,132.147768
1,6063,503.603412
1,6064,504.789492
1,6065,386.354606
1,6066,401.988549
1,6067,92.156426
1,6068,255.871554
1,6069,228.123887
1,6070,311.616024
1,6071,378.490013
1,6072,180.395145
1,6073,151.434481
1,6074,365.486931
1,6075,63.115875
1,6076,158.265890
1,6077,372.686892
1,6078,168.698732
1,6079,179.853854
1,6080,172.071617
1,6081,174.769014
1,6082,273.257401
1,6083,134.393985
1,6084,142.045692
1,6085,337.532888
1,6086,96.309378
1,6087,338.654643
1,6088,305.790500
1,6089,82.771642
1,6090,205.915614
1,6091,65.326044
1,6092,96.016494
1,6093,152.950832
1,6094,157.896978
1,6095,238.123107
1,6096,69.496900
1,6097,328.882431
1,6098,84.873239
1,6099,196.586983
1,6100,364.225655
1,6101,81.480549
1,6102,200.257525
1,6103,455.238820
1,6104,427.699701
1,6105,64.540496
1,6106,556.195528
1,6107,389.303202
1,6108,419.409993
1,6109,64.751569
1,6110,222.232732
1,6111,84.782598
1,6112,246.389906
1,6113,162.842553
1,6114,376.941440
1,6115,179.962990
1,6116,295.386324
1,6117,233.653703
1,6118,533.582262
1,6119,319.297269
1,6120,413.422987
1,6121,246.658127
1,6122,357.426462
1,6123,65.340005
1,6124,97.495787
1,6125,158.148878
1,6126,297.899258
1,6127,448.935393
1,6128,85.722561
1,6129,164.771801
1,6130,125.931252
1,6131,91.654811
1,6132,185.539592
1,6133,167.631760
1,6134,65.461012
1,6135,165.307078
1,6136,89.441366
1,6137,158.415795
1,6138,87.530231
1,6139,108.866023
1,6140,328.534335
1,6141,215.395497
1,6142,294.828474
1,6143,442.908126
1,6144,90.962555
1,6145,127.092893
1,6146,151.685388
1,6147,241.072890
1,6148,64.412508
1,6149,345.832175
1,6150,97.724982
1,6151,106.907042
1,6152,231.877588
1,6153,116.660480
1,6154,109.929947
1,6155,250.113137
1,6156,141.669108
1,6157,101.081189
1,6158,187.664561
1,6159,63.043554
1,6160,249.126879
1,6161,91.152819
1,6162,253.266869
1,6163,413.688964
1,6164,283.580814
1,6165,253.201749
1,6166,169.695012
1,6167,178.773818
1,6168,201.109835
1,6169,167.913125
1,6170,289.563778
1,6171,229.812077
1,6172,232.259504
1,6173,123.107215
1,6174,174.989905
1,6175,257.339823
1,6176,268.703038
1,6177,105.588422
1,6178,72.356769
1,6179,129.589346
1,6180,135.929975
1,6181,456.430370
1,6182,152.048782
1,6183,202.006280
1,6184,220.652317
1,6185,158.452100
1,6186,65.112659
1,6187,500.749858
1,6188,85.647398
1,6189,200.896559
1,6190,71.769525
1,6191,264.427257
1,6192,292.722104
1,6193,64.337834
1,6194,120.367727
1,6195,195.641442
1,6196,309.442183
1,6197,288.245169
1,6198,104.602204
1,6199,206.923984
1,6200,190.116978
1,6201,234.404440
1,6202,323.857348
1,6203,62.714955
1,6204,186.954733
1,6205,237.132448
1,6206,65.173094
1,6207,241.031048
1,6208,65.107170
1,6209,113.875526
1,6210,171.591421
1,6211,91.122078
1,6212,206.573875
1,6213,92.086304
1,6214,144.023916
1,6215,165.572788
1,6216,195.429281
1,6217,70.250928
1,6218,177.433764
1,6219,130.867680
1,6220,299.688053
1,6221,95.506735
1,6222,207.234005
1,6223,561.037603
1,6224,92.101676
1,6225,401.903006
1,6226,392.438022
1,6227,172.032148
1,6228,475.530834
1,6229,100.649159
1,6230,236.752316
1,6231,316.555320
1,6232,401.800994
1,6233,302.034969
1,6234,242.809983
1,6235,112.273275
1,6236,197.713172
1,6237,194.317997
1,6238,98.313133
1,6239,507.048130
1,6240,90.914797
1,6241,65.069655
1,6242,625.011023
1,6243,481.748652
1,6244,168.741377
1,6245,315.088597
1,6246,215.873744
1,6247,599.238943
1,6248,81.005892
1,6249,386.533244
1,6250,119.657226
1,6251,328.180774
1,6252,184.023578
1,6253,174.309334
1,6254,112.394391
1,6255,206.458635
1,6256,90.483466
1,6257,345.834357
1,6258,248.934700
1,6259,399.782721
1,6260,211.891413
1,6261,465.310180
1,6262,393.349754
1,6263,270.447279
1,6264,64.994745
1,6265,230.306309
1,6266,202.732969
1,6267,287.082180
1,6268,308.949486
1,6269,65.003475
1,6270,214.935764
1,6271,279.494833
1,6272,172.126214
1,6273,389.399466
1,6274,342.036243
1,6275,198.666434
1,6276,245.320531
1,6277,273.075653
1,6278,142.407688
1,6279,237.854770
1,6280,166.380235
1,6281,232.581867
1,6282,292.616918
1,6283,64.123108
1,6284,181.592377
1,6285,208.833956
1,6286,168.580190
1,6287,113.082145
1,6288,96.886407
1,6289,62.584075
1,6290,64.493799
1,6291,182.016160
1,6292,279.412069
1,6293,258.284613
1,6294,90.989886
1,6295,124.645249
1,6296,143.474474
1,6297,105.726444
1,6298,67.457349
1,6299,73.854961
1,6300,62.537926
1,6301,72.491134
1,6302,126.632340
1,6303,94.848924
1,6304,88.096277
1,6305,92.449271
1,6306,63.164104
1,6307,214.863268
1,6308,223.317401
1,6309,121.270340
1,6310,220.273033
1,6311,88.482682
1,6312,99.158520
1,6313,126.263397
1,6314,169.194543
1,6315,154.012639
1,6316,62.610590
1,6317,157.609077
1,6318,212.158927
1,6319,65.366334
1,6320,99.695489
1,6321,65.289868
1,6322,94.113696
1,6323,62.970981
1,6324,105.920474
1,6325,65.164396
1,6326,67.538926
1,6327,181.806045
1,6328,180.232940
1,6329,89.626885
1,6330,118.263512
1,6331,89.071302
1,6332,125.024947
1,6333,65.161837
1,6334,164.358744
1,6335,97.826032
1,6336,87.569032
1,6337,98.957823
1,6338,67.343054
1,6339,163.202604
1,6340,176.575683
1,6341,85.576209
1,6342,202.677622
1,6343,170.982848
1,6344,237.307734
1,6345,165.220086
1,6346,67.305883
1,6347,124.376717
1,6348,67.355313
1,6349,211.763977
1,6350,279.060790
1,6351,176.801552
1,6352,64.921350
1,6353,170.701263
1,6354,64.784493
1,6355,120.580637
1,6356,157.265140
1,6357,108.255987
1,6358,145.227482
1,6359,65.125893
1,6360,237.276030
1,6361,1523.679725
1,6362,219.339165
1,6363,91.438751
1,6364,102.547453
1,6365,101.893087
1,6366,139.064283
1,6367,252.834818
1,6368,64.599566
1,6369,71.491921
1,6370,112.320333
1,6371,295.041996
1,6372,253.400501
1,6373,270.399247
1,6374,277.857904
1,6375,130.166442
1,6376,277.309384
1,6377,306.381919
1,6378,85.820392
1,6379,232.846159
1,6380,310.339603
1,6381,62.510893
1,6382,289.066596
1,6383,351.549492
1,6384,62.471616
1,6385,318.523628
1,6386,647.656189
1,6387,430.739762
1,6388,304.070605
1,6389,176.741803
1,6390,100.515456
1,6391,211.459567
1,6392,106.387284
1,6393,254.838318
1,6394,207.740221
1,6395,274.136820
1,6396,257.152748
1,6397,411.837538
1,6398,171.860385
1,6399,73.886848
1,6400,181.590144
1,6401,65.082208
1,6402,182.789127
1,6403,101.351640
1,6404,65.259529
1,6405,72.394171
1,6406,65.146737
1,6407,97.781389
1,6408,136.385948
1,6409,95.471077
1,6410,100.334695
1,6411,92.269317
1,6412,137.030048
1,6413,98.432045
1,6414,271.562122
1,6415,65.215808
1,6416,263.016022
1,6417,239.395829
1,6418,63.013163
1,6419,101.850033
1,6420,113.756709
1,6421,86.595891
1,6422,110.827070
1,6423,101.096742
1,6424,167.162241
1,6425,111.963953
1,6426,151.843057
1,6427,163.824583
1,6428,67.363299
1,6429,92.977539
1,6430,182.124284
1,6431,200.932640
1,6432,102.036371
1,6433,64.937648
1,6434,97.698276
1,6435,82.447341
1,6436,134.994593
1,6437,152.104407
1,6438,64.962740
1,6439,102.680145
1,6440,64.753343
1,6441,92.393217
1,6442,64.986143
1,6443,291.518176
1,6444,64.787366
1,6445,67.198411
1,6446,172.916733
1,6447,176.413825
1,6448,213.003383
1,6449,236.040600
1,6450,64.943858
1,6451,229.810192
1,6452,144.579457
1,6453,325.465558
1,6454,330.371094
1,6455,465.421219
1,6456,466.122105
1,6457,560.760836
1,6458,65.139950
1,6459,370.311661
1,6460,65.318913
1,6461,394.485004
1,6462,94.782768
1,6463,304.140485
1,6464,186.197505
1,6465,458.008310
1,6466,65.529697
1,6467,265.350110
1,6468,317.071387
1,6469,66.613195
1,6470,698.170554
1,6471,1040.986585
1,6472,830.026942
1,6473,63.305647
1,6474,423.383382
1,6475,459.877067
1,6476,580.240055
1,6477,97.327514
1,6478,522.826142
1,6479,357.833251
1,6480,249.283882
1,6481,65.846107
1,6482,534.091592
1,6483,408.849000
1,6484,326.359596
1,6485,88.688920
1,6486,465.986475
1,6487,65.959165
1,6488,465.007185
1,6489,502.898245
1,6490,360.986123
1,6491,631.906446
1,6492,195.975239
1,6493,429.515982
1,6494,492.810871
1,6495,132.626997
1,6496,635.525433
1,6497,1062.808426
1,6498,626.239582
1,6499,676.791844
1,6500,411.481694
1,6501,202.697770
1,6502,349.830442
1,6503,191.374791
1,6504,181.146959
1,6505,247.862860
1,6506,197.132917
1,6507,178.857720
1,6508,375.141380
1,6509,215.204260
1,6510,133.877949
1,6511,412.383438
1,6512,363.588893
1,6513,232.983707
1,6514,359.870272
1,6515,469.429269
1,6516,290.535417
1,6517,153.473442
1,6518,187.218407
1,6519,95.043840
1,6520,451.071676
1,6521,64.956517
1,6522,488.400348
1,6523,119.577687
1,6524,162.350906
1,6525,65.447591
1,6526,370.619663
1,6527,103.445037
1,6528,180.293512
1,6529,144.220296
1,6530,288.447062
1,6531,951.419603
1,6532,739.905386
1,6533,102.306224
1,6534,916.325111
1,6535,150.170689
1,6536,152.303220
1,6537,191.666557
1,6538,557.071070
1,6539,204.190020
1,6540,851.757705
1,6541,117.163039
1,6542,529.092826
1,6543,281.044928
1,6544,387.397165
1,6545,265.037253
1,6546,196.521297
1,6547,124.405084
1,6548,699.240998
1,6549,355.279853
1,6550,698.148836
1,6551,197.111515
1,6552,168.768564
1,6553,335.834882
1,6554,423.102660
1,6555,140.604043
1,6556,229.518949
1,6557,436.640141
1,6558,63.159202
1,6559,420.837464
1,6560,292.967494
1,6561,377.602853
1,6562,252.079601
1,6563,204.184968
1,6564,346.902098
1,6565,327.812753
1,6566,169.101343
1,6567,603.987860
1,6568,140.913509
1,6569,242.738465
1,6570,576.741836
1,6571,114.469733
1,6572,336.162154
1,6573,518.838217
1,6574,615.181170
1,6575,566.635162
1,6576,311.848115
1,6577,343.889002
1,6578,88.130605
1,6579,329.791580
1,6580,458.123094
1,6581,84.915926
1,6582,531.651837
1,6583,64.960983
1,6584,553.415757
1,6585,226.181808
1,6586,452.879200
1,6587,65.255262
1,6588,218.494954
1,6589,266.303685
1,6590,628.279685
1,6591,399.986559
1,6592,386.147840
1,6593,108.691021
1,6594,558.317003
1,6595,122.371219
1,6596,714.829070
1,6597,595.178625
1,6598,184.790920
1,6599,148.332705
1,6600,316.682654
1,6601,277.609726
1,6602,354.516555
1,6603,65.706634
1,6604,421.784303
1,6605,636.702436
1,6606,116.097865
1,6607,149.571022
1,6608,322.998723
1,6609,63.359542
1,6610,743.676918
1,6611,621.201559
1,6612,65.749644
1,6613,946.333097
1,6614,736.768704
1,6615,478.515036
1,6616,177.422830
1,6617,213.361829
1,6618,311.607265
1,6619,408.715298
1,6620,525.934770
1,6621,186.955405
1,6622,729.740157
1,6623,745.682594
1,6624,182.003481
1,6625,656.988126
1,6626,486.360599
1,6627,160.365245
1,6628,404.147034
1,6629,363.399992
1,6630,167.796850
1,6631,317.212749
1,6632,200.084995
1,6633,399.631482
1,6634,65.484537
1,6635,651.684189
1,6636,377.276657
1,6637,261.312512
1,6638,471.061572
1,6639,196.567884
1,6640,467.587303
1,6641,352.269863
1,6642,63.023136
1,6643,289.189686
1,6644,521.333822
1,6645,119.944566
1,6646,330.968069
1,6647,276.380781
1,6648,356.365330
1,6649,204.715465
1,6650,136.530431
1,6651,418.715507
1,6652,506.950150
1,6653,509.506122
1,6654,319.092988
1,6655,410.413500
1,6656,287.720659
1,6657,284.872328
1,6658,538.752883
1,6659,417.006828
1,6660,135.846926
1,6661,342.314630
1,6662,243.792733
1,6663,89.835306
1,6664,203.656346
1,6665,130.635012
1,6666,178.206955
1,6667,321.662128
1,6668,373.514610
1,6669,67.690663
1,6670,344.532674
1,6671,301.108304
1,6672,439.207609
1,6673,255.098257
1,6674,101.128911
1,6675,450.481830
1,6676,168.526206
1,6677,575.846860
1,6678,84.145138
1,6679,461.364103
1,6680,476.730900
1,6681,205.206148
1,6682,212.644460
1,6683,245.448211
1,6684,65.486864
1,6685,324.902847
1,6686,282.915110
1,6687,194.528818
1,6688,459.099225
1,6689,638.213981
1,6690,249.179394
1,6691,556.981861
1,6692,449.218719
1,6693,341.846731
1,6694,446.225250
1,6695,152.489141
1,6696,417.405259
1,6697,265.097795
1,6698,531.422224
1,6699,63.281093
1,6700,566.988065
1,6701,340.868033
1,6702,65.930110
1,6703,243.492333
1,6704,115.448787
1,6705,397.544305
1,6706,409.262243
1,6707,253.248941
1,6708,161.652522
1,6709,189.571909
1,6710,175.377085
1,6711,349.622063
1,6712,448.966602
1,6713,472.988010
1,6714,579.255163
1,6715,442.158829
1,6716,197.758235
1,6717,333.648138
1,6718,158.214689
1,6719,137.071510
1,6720,246.422441
1,6721,220.524353
1,6722,492.787544
1,6723,527.757303
1,6724,457.643033
1,6725,133.922573
1,6726,495.037535
1,6727,256.084530
1,6728,131.750047
1,6729,245.012505
1,6730,740.357699
1,6731,159.412093
1,6732,615.521195
1,6733,119.356598
1,6734,532.448023
1,6735,165.330137
1,6736,595.651079
1,6737,415.874596
1,6738,274.762727
1,6739,182.751287
1,6740,387.729444
1,6741,307.044477
1,6742,372.203589
1,6743,441.871634
1,6744,231.381962
1,6745,599.094784
1,6746,140.163448
1,6747,551.421942
1,6748,467.816307
1,6749,151.871527
1,6750,299.089188
1,6751,345.321098
1,6752,430.541732
1,6753,220.137470
1,6754,796.501778
1,6755,564.501966
1,6756,121.300432
1,6757,91.097168
1,6758,383.187694
1,6759,126.151557
1,6760,70.693034
1,6761,432.683141
1,6762,99.733792
1,6763,184.690263
1,6764,218.188145
1,6765,256.640623
1,6766,287.672856
1,6767,513.757665
1,6768,64.785040
1,6769,85.823198
1,6770,603.409762
1,6771,536.281418
1,6772,127.309407
1,6773,453.169437
1,6774,64.997952
1,6775,452.922643
1,6776,453.416435
1,6777,65.464427
1,6778,166.536760
1,6779,91.014924
1,6780,217.586364
1,6781,234.527216
1,6782,65.510288
1,6783,376.104031
1,6784,255.377356
1,6785,263.442120
1,6786,65.426584
1,6787,302.691563
1,6788,480.587953
1,6789,539.019632
1,6790,306.104308
1,6791,270.816694
1,6792,749.789696
1,6793,136.471177
1,6794,64.418183
1,6795,134.555391
1,6796,285.391540
1,6797,403.427256
1,6798,64.695575
1,6799,403.631357
1,6800,530.061101
1,6801,532.138871
1,6802,176.769555
1,6803,290.297427
1,6804,85.397865
1,6805,221.753827
1,6806,415.120350
1,6807,94.131918
1,6808,318.935894
1,6809,186.209932
1,6810,520.809221
1,6811,263.105851
1,6812,433.016543
1,6813,227.920172
1,6814,271.320088
1,6815,375.421536
1,6816,63.508479
1,6817,176.286016
1,6818,217.901699
1,6819,385.344965
1,6820,88.777166
1,6821,512.189700
1,6822,65.698711
1,6823,521.178197
1,6824,97.977432
1,6825,84.718710
1,6826,402.396958
1,6827,238.101512
1,6828,125.079472
1,6829,167.340546
1,6830,559.274638
1,6831,123.739592
1,6832,457.793912
1,6833,266.462505
1,6834,82.294063
1,6835,344.358487
1,6836,99.440779
1,6837,157.982835
1,6838,457.407924
1,6839,81.580317
1,6840,63.075886
1,6841,577.101921
1,6842,100.090461
1,6843,289.898047
1,6844,146.123785
1,6845,65.223993
1,6846,273.540588
1,6847,268.980519
1,6848,266.433409
1,6849,207.619707
1,6850,265.856243
1,6851,360.262493
1,6852,110.998513
1,6853,712.302706
1,6854,493.801338
1,6855,278.411346
1,6856,232.626863
1,6857,201.539490
1,6858,308.834657
1,6859,124.994018
1,6860,205.284630
1,6861,233.483103
1,6862,379.439224
1,6863,279.962113
1,6864,167.393960
1,6865,401.904994
1,6866,127.152616
1,6867,261.279935
1,6868,85.206322
1,6869,98.147153
1,6870,181.258951
1,6871,136.608885
1,6872,73.973516
1,6873,62.252764
1,6874,115.664676
1,6875,64.657370
1,6876,137.471765
1,6877,62.701301
1,6878,165.062284
1,6879,114.465448
1,6880,221.855818
1,6881,137.644547
1,6882,123.467801
1,6883,396.345980
1,6884,282.415409
1,6885,364.961790
1,6886,321.103426
1,6887,454.838442
1,6888,65.293922
1,6889,632.601644
1,6890,467.380230
1,6891,198.525859
1,6892,99.498889
1,6893,314.828327
1,6894,63.274971
1,6895,405.385273
1,6896,257.439505
1,6897,530.044957
1,6898,302.591584
1,6899,65.415867
1,6900,435.643484
1,6901,360.068352
1,6902,106.474376
1,6903,236.411088
1,6904,107.909244
1,6905,101.932060
1,6906,497.950228
1,6907,122.596927
1,6908,153.498186
1,6909,497.018430
1,6910,142.448629
1,6911,337.367529
1,6912,166.799580
1,6913,159.994318
1,6914,394.305517
1,6915,363.861232
1,6916,217.946913
1,6917,407.973521
1,6918,281.409007
1,6919,144.468379
1,6920,442.327541
1,6921,480.804112
1,6922,176.441742
1,6923,163.965735
1,6924,265.985448
1,6925,212.582333
1,6926,421.114401
1,6927,65.290524
1,6928,258.611887
1,6929,88.636499
1,6930,63.152999
1,6931,317.212173
1,6932,114.842122
1,6933,227.414488
1,6934,274.363009
1,6935,152.196567
1,6936,190.065082
1,6937,147.340475
1,6938,180.524072
1,6939,152.086067
1,6940,152.714341
1,6941,177.292050
1,6942,736.213408
1,6943,225.650114
1,6944,292.816901
1,6945,412.656064
1,6946,763.271343
1,6947,117.978437
1,6948,64.384973
1,6949,103.308305
1,6950,88.879043
1,6951,281.401444
1,6952,157.222946
1,6953,241.516149
1,6954,132.990087
1,6955,297.170118
1,6956,64.740753
1,6957,217.304605
1,6958,145.085237
1,6959,62.932533
1,6960,741.600533
1,6961,201.860486
1,6962,286.049183
1,6963,420.498909
1,6964,189.708894
1,6965,100.630418
1,6966,65.123546
1,6967,160.446070
1,6968,172.702706
1,6969,63.075584
1,6970,230.871733
1,6971,319.932924
1,6972,195.110350
1,6973,217.913407
1,6974,157.094027
1,6975,369.375065
1,6976,199.693752
1,6977,223.820011
1,6978,95.680738
1,6979,293.989037
1,6980,118.323931
1,6981,140.217427
1,6982,227.894977
1,6983,182.250518
1,6984,309.425619
1,6985,164.671565
1,6986,124.277061
1,6987,102.598518
1,6988,369.627089
1,6989,270.710602
1,6990,261.185935
1,6991,321.139092
1,6992,536.291723
1,6993,62.895257
1,6994,507.371916
1,6995,65.167429
1,6996,204.626033
1,6997,248.529586
1,6998,96.541422
1,6999,136.927373
1,7000,248.652598
1,7001,307.745013
1,7002,170.618185
1,7003,244.051037
1,7004,637.932334
1,7005,553.207556
1,7006,146.759486
1,7007,64.391172
1,7008,222.968227
1,7009,223.016099
1,7010,127.545022
1,7011,443.618070
1,7012,305.903768
1,7013,170.927534
1,7014,355.633991
1,7015,104.909157
1,7016,184.945372
1,7017,267.018948
1,7018,523.495130
1,7019,235.648627
1,7020,106.636728
1,7021,435.236200
1,7022,65.016515
1,7023,297.255442
1,7024,354.229063
1,7025,391.747453
1,7026,124.996861
1,7027,303.802648
1,7028,320.644215
1,7029,105.210697
1,7030,126.076166
1,7031,301.440293
1,7032,404.060810
1,7033,104.260490
1,7034,254.437879
1,7035,235.566373
1,7036,138.222134
1,7037,135.676435
1,7038,139.809000
1,7039,392.643812
1,7040,96.087082
1,7041,171.402116
1,7042,278.082270
1,7043,359.999165
1,7044,344.661004
1,7045,194.479660
1,7046,199.609358
1,7047,274.877558
1,7048,302.978479
1,7049,123.544848
1,7050,205.174017
1,7051,141.939588
1,7052,131.537206
1,7053,214.296122
1,7054,163.546712
1,7055,168.020599
1,7056,65.304499
1,7057,485.254519
1,7058,333.614733
1,7059,416.505681
1,7060,233.755906
1,7061,389.797394
1,7062,284.632981
1,7063,324.890970
1,7064,193.188978
1,7065,587.516581
1,7066,266.228811
1,7067,523.232708
1,7068,394.404689
1,7069,237.757662
1,7070,155.560359
1,7071,372.389998
1,7072,597.612789
1,7073,529.137872
1,7074,202.246955
1,7075,234.527947
1,7076,161.807268
1,7077,393.192954
1,7078,233.243680
1,7079,168.159429
1,7080,267.817802
1,7081,106.767990
1,7082,348.088561
1,7083,201.162171
1,7084,444.155445
1,7085,219.239372
1,7086,665.470686
1,7087,303.288222
1,7088,62.813288
1,7089,168.846162
1,7090,239.797680
1,7091,639.964649
1,7092,198.416639
1,7093,294.048683
1,7094,181.703445
1,7095,317.466370
1,7096,158.842808
1,7097,235.030178
1,7098,319.868702
1,7099,144.779489
1,7100,567.562130
1,7101,290.714165
1,7102,309.419422
1,7103,65.392422
1,7104,200.299637
1,7105,331.622975
1,7106,88.515844
1,7107,92.086902
1,7108,647.599888
1,7109,526.227877
1,7110,62.190181
1,7111,412.771147
1,7112,125.410929
1,7113,258.726361
1,7114,65.221803
1,7115,442.897262
1,7116,509.555222
1,7117,65.606911
1,7118,553.966062
1,7119,616.634672
1,7120,254.874867
1,7121,385.432555
1,7122,65.352638
1,7123,431.208951
1,7124,193.637567
1,7125,90.547896
1,7126,146.745437
1,7127,263.269731
1,7128,249.000782
1,7129,602.319105
1,7130,436.860222
1,7131,372.268025
1,7132,172.559581
1,7133,664.492630
1,7134,113.607359
1,7135,359.901312
1,7136,122.924989
1,7137,132.426909
1,7138,259.360988
1,7139,127.610347
1,7140,65.529610
1,7141,476.344625
1,7142,154.680346
1,7143,255.566991
1,7144,1234.157355
1,7145,373.496854
1,7146,199.206816
1,7147,136.579383
1,7148,800.473409
1,7149,296.274307
1,7150,460.441415
1,7151,65.627029
1,7152,665.845182
1,7153,350.922502
1,7154,276.755691
1,7155,269.503683
1,7156,576.012361
1,7157,438.202705
1,7158,170.184679
1,7159,127.948392
1,7160,399.711542
1,7161,398.357513
1,7162,90.830635
1,7163,265.276772
1,7164,362.521258
1,7165,476.859432
1,7166,237.517487
1,7167,269.574048
1,7168,93.962867
1,7169,498.811870
1,7170,84.707038
1,7171,130.228210
1,7172,317.671155
1,7173,86.065580
1,7174,316.167356
1,7175,357.472805
1,7176,64.016609
1,7177,236.375064
1,7178,150.221770
1,7179,100.406729
1,7180,137.637226
1,7181,219.194186
1,7182,284.713780
1,7183,121.316201
1,7184,693.935788
1,7185,287.245298
1,7186,168.753178
1,7187,548.403062
1,7188,244.456201
1,7189,142.719936
1,7190,189.748587
1,7191,172.342612
1,7192,236.844745
1,7193,338.738216
1,7194,303.332970
1,7195,140.048680
1,7196,277.206190
1,7197,220.869666
1,7198,63.382455
1,7199,220.794117
1,7200,162.337994
1,7201,343.639200
1,7202,129.607301
1,7203,717.739238
1,7204,339.366143
1,7205,65.578381
1,7206,255.977635
1,7207,150.382966
1,7208,410.687342
1,7209,399.821513
1,7210,594.161862
1,7211,427.734563
1,7212,181.836389
1,7213,339.495498
1,7214,63.498763
1,7215,548.835479
1,7216,65.712308
1,7217,320.489116
1,7218,295.974195
1,7219,188.516475
1,7220,130.605047
1,7221,302.703781
1,7222,633.215611
1,7223,95.455900
1,7224,94.955959
1,7225,404.438056
1,7226,65.668557
1,7227,563.972205
1,7228,318.542090
1,7229,89.754833
1,7230,591.659522
1,7231,65.434343
1,7232,528.689531
1,7233,303.511703
1,7234,218.380422
1,7235,87.617576
1,7236,359.364623
1,7237,62.882267
1,7238,616.028078
1,7239,190.721130
1,7240,296.286527
1,7241,431.045926
1,7242,65.650186
1,7243,615.648822
1,7244,115.918987
1,7245,388.608074
1,7246,364.658195
1,7247,132.378625
1,7248,531.263422
1,7249,65.372134
1,7250,227.679773
1,7251,369.046731
1,7252,152.259138
1,7253,195.851224
1,7254,294.614810
1,7255,117.021681
1,7256,122.830553
1,7257,282.453662
1,7258,404.330844
1,7259,255.292808
1,7260,149.075314
1,7261,137.973135
1,7262,292.360109
1,7263,361.892470
1,7264,300.088828
1,7265,517.922023
1,7266,134.406097
1,7267,417.496934
1,7268,518.061789
1,7269,413.891722
1,7270,408.639064
1,7271,131.427398
1,7272,342.909053
1,7273,259.638926
1,7274,288.033485
1,7275,95.492529
1,7276,627.079951
1,7277,180.589759
1,7278,414.543302
1,7279,331.418298
1,7280,298.732537
1,7281,154.221866
1,7282,237.303908
1,7283,407.668640
1,7284,229.098406
1,7285,65.475732
1,7286,359.651300
1,7287,65.855844
1,7288,408.385959
1,7289,649.097143
1,7290,116.542938
1,7291,348.936316
1,7292,66.178932
1,7293,446.889086
1,7294,171.747605
1,7295,500.585719
1,7296,224.268642
1,7297,448.976857
1,7298,109.460511
1,7299,234.321176
1,7300,207.793059
1,7301,216.208205
1,7302,242.445422
1,7303,440.575771
1,7304,65.439412
1,7305,424.597446
1,7306,268.414652
1,7307,453.370275
1,7308,258.436656
1,7309,310.580452
1,7310,212.226989
1,7311,180.918444
1,7312,214.194805
1,7313,554.252735
1,7314,229.064863
1,7315,612.295335
1,7316,113.483816
1,7317,344.215881
1,7318,559.924692
1,7319,152.214420
1,7320,216.629065
1,7321,246.299706
1,7322,97.862945
1,7323,312.734343
1,7324,184.237240
1,7325,317.505540
1,7326,217.881714
1,7327,520.398072
1,7328,105.140231
1,7329,269.559462
1,7330,65.779591
1,7331,226.250613
1,7332,161.443940
1,7333,135.424376
1,7334,134.008460
1,7335,274.134677
1,7336,62.945386
1,7337,167.672364
1,7338,293.351623
1,7339,150.611316
1,7340,226.414763
1,7341,394.051626
1,7342,333.066490
1,7343,65.061497
1,7344,460.841196
1,7345,91.492559
1,7346,212.185910
1,7347,124.733966
1,7348,276.359921
1,7349,505.253986
1,7350,423.290073
1,7351,65.034078
1,7352,88.707862
1,7353,90.273691
1,7354,368.127180
1,7355,64.897609
1,7356,650.371205
1,7357,149.249755
1,7358,470.822711
1,7359,283.988544
1,7360,412.595551
1,7361,148.505798
1,7362,251.671588
1,7363,525.775457
1,7364,117.651309
1,7365,158.572162
1,7366,577.153118
1,7367,289.955892
1,7368,433.770116
1,7369,283.268420
1,7370,442.776421
1,7371,143.486482
1,7372,451.322055
1,7373,264.156238
1,7374,459.442234
1,7375,63.269695
1,7376,322.542185
1,7377,87.593426
1,7378,65.545125
1,7379,131.679308
1,7380,148.436991
1,7381,100.766777
1,7382,290.234895
1,7383,225.450253
1,7384,65.384084
1,7385,339.856510
1,7386,65.330617
1,7387,292.460660
1,7388,68.202389
1,7389,347.515520
1,7390,467.049422
1,7391,162.452254
1,7392,84.805082
1,7393,330.512757
1,7394,375.375489
1,7395,326.250893
1,7396,449.572787
1,7397,210.777435
1,7398,342.786662
1,7399,219.715565
1,7400,187.198808
1,7401,381.281251
1,7402,65.558281
1,7403,462.211836
1,7404,369.303765
1,7405,354.141335
1,7406,65.891418
1,7407,99.287968
1,7408,65.553249
1,7409,433.418839
1,7410,173.917909
1,7411,383.407712
1,7412,831.272853
1,7413,335.259190
1,7414,318.342863
1,7415,129.950501
1,7416,261.175422
1,7417,317.999259
1,7418,320.846418
1,7419,97.851814
1,7420,182.393443
1,7421,88.522138
1,7422,65.274701
1,7423,408.175149
1,7424,161.337629
1,7425,393.179747
1,7426,211.285879
1,7427,531.737111
1,7428,113.905959
1,7429,199.623761
1,7430,346.936246
1,7431,709.927127
1,7432,523.908245
1,7433,149.769384
1,7434,204.396607
1,7435,324.505453
1,7436,341.465557
1,7437,121.484053
1,7438,568.634452
1,7439,405.153618
1,7440,65.483504
1,7441,1205.972200
1,7442,159.002731
1,7443,229.816551
1,7444,736.841619
1,7445,410.438505
1,7446,466.528161
1,7447,64.961934
1,7448,388.232880
1,7449,272.406598
1,7450,358.462976
1,7451,164.648423
1,7452,168.044433
1,7453,240.165803
1,7454,340.917798
1,7455,435.236083
1,7456,278.288210
1,7457,99.993629
1,7458,188.284917
1,7459,157.266479
1,7460,194.983876
1,7461,143.819009
1,7462,274.698731
1,7463,105.738723
1,7464,229.147570
1,7465,129.847358
1,7466,171.143116
1,7467,65.093128
1,7468,204.708077
1,7469,218.584665
1,7470,65.399925
1,7471,484.754879
1,7472,208.166266
1,7473,169.928827
1,7474,431.262875
1,7475,84.304438
1,7476,437.453457
1,7477,362.017765
1,7478,229.498800
1,7479,353.624542
1,7480,100.370073
1,7481,198.643170
1,7482,161.005560
1,7483,536.104278
1,7484,421.229757
1,7485,228.303858
1,7486,96.168450
1,7487,188.768735
1,7488,179.920599
1,7489,234.762189
1,7490,127.990652
1,7491,130.965106
1,7492,165.577579
1,7493,135.258945
1,7494,63.390341
1,7495,295.961393
1,7496,187.444022
1,7497,185.846528
1,7498,149.583233
1,7499,277.578110
1,7500,219.974892
1,7501,146.970937
1,7502,63.255216
1,7503,340.909502
1,7504,146.699707
1,7505,635.679985
1,7506,91.885818
1,7507,304.201641
1,7508,65.250010
1,7509,96.945437
1,7510,331.893264
1,7511,245.659559
1,7512,65.352186
1,7513,151.742948
1,7514,92.969276
1,7515,172.228618
1,7516,140.990869
1,7517,67.825971
1,7518,116.527730
1,7519,272.293682
1,7520,234.614622
1,7521,86.893822
1,7522,343.348339
1,7523,248.489959
1,7524,566.808407
1,7525,93.831321
1,7526,847.109711
1,7527,151.401086
1,7528,563.218706
1,7529,114.250064
1,7530,189.486942
1,7531,166.423475
1,7532,389.154043
1,7533,128.221803
1,7534,110.647663
1,7535,416.657365
1,7536,141.079159
1,7537,414.964908
1,7538,105.344071
1,7539,224.693868
1,7540,370.804490
1,7541,163.249048
1,7542,69.459832
1,7543,62.207380
1,7544,390.881581
1,7545,119.183156
1,7546,216.023937
1,7547,194.611111
1,7548,251.783333
1,7549,195.334116
1,7550,196.736568
1,7551,108.865242
1,7552,128.405470
1,7553,247.145890
1,7554,65.256729
1,7555,253.791715
1,7556,173.632640
1,7557,209.646404
1,7558,228.176571
1,7559,430.054952
1,7560,160.423554
1,7561,238.536103
1,7562,170.781284
1,7563,261.231203
1,7564,162.349841
1,7565,94.312737
1,7566,129.065378
1,7567,121.815972
1,7568,95.691484
1,7569,63.252326
1,7570,267.505555
1,7571,65.529357
1,7572,121.143707
1,7573,344.624481
1,7574,63.218921
1,7575,361.292717
1,7576,174.216850
1,7577,214.804774
1,7578,91.458241
1,7579,72.747656
1,7580,122.882585
1,7581,299.387311
1,7582,134.545841
1,7583,177.058891
1,7584,282.836791
1,7585,131.891078
1,7586,63.965484
1,7587,173.151438
1,7588,111.270286
1,7589,154.255289
1,7590,127.072384
1,7591,203.255378
1,7592,133.455563
1,7593,114.346166
1,7594,166.799898
1,7595,175.919127
1,7596,157.057808
1,7597,73.158254
1,7598,135.479319
1,7599,375.944070
1,7600,65.244660
1,7601,221.946728
1,7602,65.197658
1,7603,260.335410
1,7604,124.542418
1,7605,128.780523
1,7606,65.152028
1,7607,153.438188
1,7608,152.873927
1,7609,227.168575
1,7610,65.155876
1,7611,136.766897
1,7612,128.874677
1,7613,229.591841
1,7614,139.926476
1,7615,173.682752
1,7616,67.751037
1,7617,179.676258
1,7618,102.035353
1,7619,347.734017
1,7620,114.805264
1,7621,405.635713
1,7622,294.610840
1,7623,277.520936
1,7624,123.926592
1,7625,160.595110
1,7626,67.372254
1,7627,271.372264
1,7628,293.239472
1,7629,300.045253
1,7630,293.728592
1,7631,124.009145
1,7632,65.169116
1,7633,263.436289
1,7634,511.927396
1,7635,582.569403
1,7636,396.118916
1,7637,459.431247
1,7638,277.075155
1,7639,64.045871
1,7640,274.399561
1,7641,136.667601
1,7642,252.414199
1,7643,202.744658
1,7644,328.714207
1,7645,239.487537
1,7646,90.674602
1,7647,239.217072
1,7648,94.433092
1,7649,229.484706
1,7650,373.744068
1,7651,137.917437
1,7652,435.352211
1,7653,110.337761
1,7654,323.321072
1,7655,557.724619
1,7656,247.390974
1,7657,262.437065
1,7658,258.218256
1,7659,152.539694
1,7660,200.053282
1,7661,65.167824
1,7662,156.944271
1,7663,217.743319
1,7664,485.095669
1,7665,203.139550
1,7666,415.686776
1,7667,168.668778
1,7668,67.661490
1,7669,204.939966
1,7670,170.284353
1,7671,65.222865
1,7672,230.945330
1,7673,65.240987
1,7674,110.200428
1,7675,64.925080
1,7676,128.473566
1,7677,212.018579
1,7678,236.793863
1,7679,252.775920
1,7680,219.702721
1,7681,234.504081
1,7682,67.188858
1,7683,296.583522
1,7684,136.873233
1,7685,181.641938
1,7686,64.876201
1,7687,242.916997
1,7688,62.758477
1,7689,228.051745
1,7690,146.630371
1,7691,64.883460
1,7692,176.471177
1,7693,125.147115
1,7694,199.502601
1,7695,217.624967
1,7696,244.098440
1,7697,269.753713
1,7698,264.222303
1,7699,64.997675
1,7700,106.468057
1,7701,150.839670
1,7702,137.281162
1,7703,212.009643
1,7704,97.178200
1,7705,66.348480
1,7706,247.280959
1,7707,64.059163
1,7708,282.174216
1,7709,164.934231
1,7710,112.242684
1,7711,161.431758
1,7712,344.879179
1,7713,64.396781
1,7714,175.836310
1,7715,66.812426
1,7716,176.015930
1,7717,64.810217
1,7718,181.605395
1,7719,193.297275
1,7720,235.133569
1,7721,155.575086
1,7722,137.038450
1,7723,285.052984
1,7724,381.933686
1,7725,266.991537
1,7726,312.707153
1,7727,278.420028
1,7728,134.528092
1,7729,141.584924
1,7730,112.825978
1,7731,152.909691
1,7732,199.070869
1,7733,65.128052
1,7734,70.299614
1,7735,208.262736
1,7736,121.890035
1,7737,110.585251
1,7738,65.068177
1,7739,935.555695
1,7740,114.899051
1,7741,239.074063
1,7742,164.071609
1,7743,137.320298
1,7744,65.037386
1,7745,130.381706
1,7746,139.326095
1,7747,249.887820
1,7748,64.962607
1,7749,124.210765
1,7750,145.796828
1,7751,64.796949
1,7752,265.153226
1,7753,97.680323
1,7754,184.286984
1,7755,515.745797
1,7756,64.690768
1,7757,205.576216
1,7758,64.649851
1,7759,141.367780
1,7760,218.299103
1,7761,224.018267
1,7762,247.879188
1,7763,249.059718
1,7764,236.582347
1,7765,88.292163
1,7766,322.450433
1,7767,64.560033
1,7768,70.203297
1,7769,165.167172
1,7770,131.295461
1,7771,131.011577
1,7772,98.368359
1,7773,221.782085
1,7774,127.756216
1,7775,64.634743
1,7776,121.805755
1,7777,122.490543
1,7778,125.853740
1,7779,67.264139
1,7780,64.734608
1,7781,208.597198
1,7782,128.856349
1,7783,138.435907
1,7784,156.546862
1,7785,197.875043
1,7786,137.607383
1,7787,172.579135
1,7788,66.737405
1,7789,69.649388
1,7790,64.483682
1,7791,144.279596
1,7792,64.417390
1,7793,183.567623
1,7794,64.338315
1,7795,105.079132
1,7796,167.985167
1,7797,281.681470
1,7798,240.554798
1,7799,161.524716
1,7800,140.891140
1,7801,145.657662
1,7802,117.077191
1,7803,260.198756
1,7804,169.971264
1,7805,232.470971
1,7806,97.706791
1,7807,658.725920
1,7808,306.823164
1,7809,197.650663
1,7810,394.148382
1,7811,121.002895
1,7812,419.353087
1,7813,291.167752
1,7814,228.572979
1,7815,113.288906
1,7816,64.199169
1,7817,171.516279
1,7818,64.354988
1,7819,159.027101
1,7820,265.812588
1,7821,157.840443
1,7822,64.536335
1,7823,143.368258
1,7824,155.627995
1,7825,318.640099
1,7826,239.298677
1,7827,187.920065
1,7828,66.776846
1,7829,114.458463
1,7830,194.621253
1,7831,325.529128
1,7832,223.854479
1,7833,276.272110
1,7834,167.688212
1,7835,193.083428
1,7836,164.776294
1,7837,115.091285
1,7838,369.409952
1,7839,146.720710
1,7840,264.509018
1,7841,281.248014
1,7842,251.238710
1,7843,294.401090
1,7844,147.736587
1,7845,65.292251
1,7846,74.209319
1,7847,261.081782
1,7848,111.465062
1,7849,74.361254
1,7850,314.187057
1,7851,230.541155
1,7852,145.565794
1,7853,207.650812
1,7854,95.916332
1,7855,249.700123
1,7856,177.051240
1,7857,137.981229
1,7858,65.093310
1,7859,70.342359
1,7860,133.448040
1,7861,186.356703
1,7862,206.915173
1,7863,109.550568
1,7864,283.758190
1,7865,159.858451
1,7866,403.872917
1,7867,492.623023
1,7868,381.000283
1,7869,64.499870
1,7870,62.708748
1,7871,244.023374
1,7872,89.476938
1,7873,101.674488
1,7874,213.379057
1,7875,284.917758
1,7876,164.200587
1,7877,207.706209
1,7878,248.151656
1,7879,222.805576
1,7880,64.011960
1,7881,192.628088
1,7882,139.603525
1,7883,119.738506
1,7884,122.519250
1,7885,73.669730
1,7886,122.098867
1,7887,184.535544
1,7888,76.812468
1,7889,82.067898
1,7890,122.052214
1,7891,102.968858
1,7892,181.294801
1,7893,67.022330
1,7894,209.251058
1,7895,199.534647
1,7896,64.713267
1,7897,171.163457
1,7898,64.849097
1,7899,70.263556
1,7900,62.784314
1,7901,67.067449
1,7902,281.856407
1,7903,286.009705
1,7904,164.390210
1,7905,199.939378
1,7906,122.256841
1,7907,129.510913
1,7908,208.415606
1,7909,145.920706
1,7910,93.382166
1,7911,184.683166
1,7912,148.176259
1,7913,196.499507
1,7914,185.634928
1,7915,202.805368
1,7916,96.985613
1,7917,295.158180
1,7918,110.791121
1,7919,233.776482
1,7920,65.126475
1,7921,173.442307
1,7922,88.290223
1,7923,172.762873
1,7924,64.908040
1,7925,72.135099
1,7926,764.553660
1,7927,799.140584
1,7928,350.312053
1,7929,218.408384
1,7930,62.672756
1,7931,218.002403
1,7932,282.466145
1,7933,285.549804
1,7934,246.388120
1,7935,167.863257
1,7936,64.551506
1,7937,146.740396
1,7938,304.035097
1,7939,215.592917
1,7940,342.428199
1,7941,498.975675
1,7942,679.853032
1,7943,391.284885
1,7944,341.944347
1,7945,65.344571
1,7946,359.181865
1,7947,132.287043
1,7948,764.217417
1,7949,549.412278
1,7950,380.902125
1,7951,447.253173
1,7952,98.295660
1,7953,272.769552
1,7954,256.592151
1,7955,359.749235
1,7956,435.448503
1,7957,201.559820
1,7958,151.649959
1,7959,421.643250
1,7960,63.116077
1,7961,191.091030
1,7962,442.081819
1,7963,188.801156
1,7964,209.246082
1,7965,209.289719
1,7966,200.494369
1,7967,308.572527
1,7968,133.941070
1,7969,164.946406
1,7970,368.858688
1,7971,96.383645
1,7972,347.261139
1,7973,338.447188
1,7974,103.694460
1,7975,239.685270
1,7976,65.326859
1,7977,126.777483
1,7978,177.049148
1,7979,193.039956
1,7980,258.634404
1,7981,69.500731
1,7982,305.095904
1,7983,109.907289
1,7984,218.046321
1,7985,339.454035
1,7986,81.524229
1,7987,164.727137
1,7988,413.775677
1,7989,340.641180
1,7990,64.541039
1,7991,559.705245
1,7992,390.360705
1,7993,410.629002
1,7994,64.752189
1,7995,192.760652
1,7996,108.565776
1,7997,279.999407
1,7998,190.746959
1,7999,357.800277
1,8000,179.326305
1,8001,291.938043
1,8002,255.447852
1,8003,568.747831
1,8004,298.622687
1,8005,493.546404
1,8006,277.400664
1,8007,374.339358
1,8008,65.340762
1,8009,126.829878
1,8010,187.089949
1,8011,338.338810
1,8012,502.779673
1,8013,110.042371
1,8014,186.936794
1,8015,104.928395
1,8016,91.710929
1,8017,157.688571
1,8018,195.809539
1,8019,65.461804
1,8020,189.443247
1,8021,118.230669
1,8022,187.704182
1,8023,114.174197
1,8024,108.977886
1,8025,355.435120
1,8026,241.999889
1,8027,311.553943
1,8028,442.895908
1,8029,91.025102
1,8030,127.244103
1,8031,183.736764
1,8032,302.023168
1,8033,64.412960
1,8034,342.661635
1,8035,97.809661
1,8036,107.015685
1,8037,247.730239
1,8038,116.790302
1,8039,110.033215
1,8040,279.467256
1,8041,161.958883
1,8042,130.778859
1,8043,225.713934
1,8044,63.043725
1,8045,289.895991
1,8046,97.058856
1,8047,283.763860
1,8048,489.070489
1,8049,309.574897
1,8050,248.088824
1,8051,201.028281
1,8052,209.068572
1,8053,229.634911
1,8054,219.260023
1,8055,376.575335
1,8056,280.256332
1,8057,259.245619
1,8058,123.257602
1,8059,173.951886
1,8060,254.689867
1,8061,255.358518
1,8062,105.692076
1,8063,72.362487
1,8064,185.409363
1,8065,162.746696
1,8066,477.074047
1,8067,187.734051
1,8068,226.681074
1,8069,245.316460
1,8070,180.865365
1,8071,65.113439
1,8072,371.198337
1,8073,110.145942
1,8074,220.945171
1,8075,71.775437
1,8076,211.948345
1,8077,240.945504
1,8078,64.338162
1,8079,120.495432
1,8080,195.939751
1,8081,260.153245
1,8082,247.110084
1,8083,104.700468
1,8084,205.871268
1,8085,190.441712
1,8086,234.864487
1,8087,367.977946
1,8088,62.715109
1,8089,214.522828
1,8090,280.233557
1,8091,65.173728
1,8092,229.834574
1,8093,65.107826
1,8094,114.000425
1,8095,177.306776
1,8096,91.191695
1,8097,206.952792
1,8098,124.093343
1,8099,161.702371
1,8100,184.348640
1,8101,193.404632
1,8102,70.254254
1,8103,177.722268
1,8104,131.038706
1,8105,285.031699
1,8106,95.583506
1,8107,227.818200
1,8108,478.333050
1,8109,92.170762
1,8110,442.726001
1,8111,424.415252
1,8112,196.044392
1,8113,503.293475
1,8114,100.739668
1,8115,257.910674
1,8116,382.144406
1,8117,460.502670
1,8118,288.745238
1,8119,202.576766
1,8120,112.385692
1,8121,224.006590
1,8122,219.700058
1,8123,98.397502
1,8124,538.367758
1,8125,90.980866
1,8126,65.070414
1,8127,562.782020
1,8128,431.972280
1,8129,194.833719
1,8130,337.803168
1,8131,237.915252
1,8132,698.137216
1,8133,99.961856
1,8134,338.341275
1,8135,119.793384
1,8136,288.054568
1,8137,212.373982
1,8138,194.281956
1,8139,153.898645
1,8140,246.478671
1,8141,112.665850
1,8142,337.804776
1,8143,245.086668
1,8144,393.998011
1,8145,209.599481
1,8146,373.641280
1,8147,396.011114
1,8148,277.028819
1,8149,64.995454
1,8150,255.604327
1,8151,230.920507
1,8152,306.268683
1,8153,303.272216
1,8154,65.004169
1,8155,233.752516
1,8156,279.340090
1,8157,190.277022
1,8158,392.768190
1,8159,381.688449
1,8160,231.096174
1,8161,271.776733
1,8162,301.160021
1,8163,116.369219
1,8164,287.969484
1,8165,188.431419
1,8166,239.219502
1,8167,258.596392
1,8168,64.123429
1,8169,178.643137
1,8170,237.760843
1,8171,199.359817
1,8172,113.191457
1,8173,96.969131
1,8174,62.584207
1,8175,64.494327
1,8176,180.287860
1,8177,306.821434
1,8178,238.039946
1,8179,91.056803
1,8180,147.433982
1,8181,116.330538
1,8182,105.818862
1,8183,67.458974
1,8184,73.862121
1,8185,62.538102
1,8186,72.496300
1,8187,126.792454
1,8188,94.911313
1,8189,115.455180
1,8190,118.739819
1,8191,63.164287
1,8192,233.472550
1,8193,239.184044
1,8194,131.883113
1,8195,181.866827
1,8196,116.020422
1,8197,99.236357
1,8198,144.690517
1,8199,187.197661
1,8200,171.074140
1,8201,62.610787
1,8202,157.844734
1,8203,235.882462
1,8204,65.367077
1,8205,137.424941
1,8206,65.290612
1,8207,128.266015
1,8208,62.971175
1,8209,141.520665
1,8210,65.165141
1,8211,67.540738
1,8212,207.801539
1,8213,202.571493
1,8214,118.952425
1,8215,118.390414
1,8216,117.681790
1,8217,146.234902
1,8218,65.162577
1,8219,189.784447
1,8220,105.208939
1,8221,114.391675
1,8222,125.797332
1,8223,67.344834
1,8224,195.168544
1,8225,207.124115
1,8226,90.161116
1,8227,225.598920
1,8228,194.993466
1,8229,265.012666
1,8230,201.664440
1,8231,67.307693
1,8232,194.810783
1,8233,67.357111
1,8234,238.500150
1,8235,322.880376
1,8236,203.512953
1,8237,64.922050
1,8238,200.449926
1,8239,64.785187
1,8240,175.837516
1,8241,199.179892
1,8242,116.806724
1,8243,225.156247
1,8244,65.126572
1,8245,261.623029
1,8246,1404.344178
1,8247,185.535207
1,8248,91.507856
1,8249,102.613104
1,8250,101.974195
1,8251,114.993463
1,8252,201.635011
1,8253,64.600060
1,8254,71.495848
1,8255,169.351077
1,8256,268.290702
1,8257,222.477306
1,8258,321.005447
1,8259,327.968772
1,8260,151.644847
1,8261,324.788966
1,8262,280.587622
1,8263,112.105865
1,8264,185.179372
1,8265,293.693952
1,8266,62.510893
1,8267,243.637236
1,8268,313.376370
1,8269,62.471744
1,8270,279.716064
1,8271,589.015662
1,8272,395.693494
1,8273,240.512879
1,8274,199.458405
1,8275,100.607157
1,8276,237.916277
1,8277,106.493714
1,8278,287.677483
1,8279,205.781475
1,8280,271.138023
1,8281,272.638535
1,8282,428.420788
1,8283,172.144537
1,8284,73.894037
1,8285,216.684716
1,8286,65.082875
1,8287,206.827634
1,8288,131.050355
1,8289,65.260211
1,8290,72.399256
1,8291,65.147426
1,8292,127.650933
1,8293,165.606350
1,8294,95.544872
1,8295,135.921556
1,8296,124.812669
1,8297,159.861196
1,8298,98.512963
1,8299,288.870269
1,8300,65.216518
1,8301,315.822389
1,8302,274.426003
1,8303,63.013349
1,8304,136.904282
1,8305,154.192192
1,8306,112.345808
1,8307,154.998037
1,8308,135.078371
1,8309,217.248944
1,8310,112.084631
1,8311,181.881081
1,8312,183.514384
1,8313,67.365022
1,8314,93.043758
1,8315,144.429290
1,8316,233.897714
1,8317,129.777855
1,8318,64.938351
1,8319,122.927810
1,8320,86.332845
1,8321,165.488796
1,8322,182.694586
1,8323,64.963433
1,8324,133.456360
1,8325,64.754033
1,8326,118.862469
1,8327,64.986828
1,8328,284.898048
1,8329,64.788046
1,8330,67.200057
1,8331,226.853469
1,8332,198.482577
1,8333,234.261179
1,8334,199.455384
1,8335,64.944163
1,8336,198.284488
1,8337,152.778097
1,8338,267.899473
1,8339,266.254954
1,8340,384.001914
1,8341,395.394976
1,8342,540.117961
1,8343,65.140530
1,8344,329.624833
1,8345,65.319532
1,8346,304.248479
1,8347,94.783750
1,8348,248.428002
1,8349,200.280423
1,8350,433.181431
1,8351,65.530402
1,8352,266.255061
1,8353,352.615504
1,8354,66.613966
1,8355,639.950906
1,8356,863.202899
1,8357,824.460984
1,8358,63.305846
1,8359,511.271454
1,8360,489.057876
1,8361,597.521708
1,8362,97.328697
1,8363,562.449190
1,8364,389.843887
1,8365,252.096486
1,8366,65.846909
1,8367,427.498451
1,8368,421.588804
1,8369,311.678254
1,8370,88.690145
1,8371,405.671076
1,8372,65.959980
1,8373,421.781755
1,8374,499.466815
1,8375,333.527332
1,8376,599.212592
1,8377,159.266619
1,8378,463.862875
1,8379,568.452756
1,8380,152.268991
1,8381,551.596965
1,8382,1001.527482
1,8383,566.460860
1,8384,668.683010
1,8385,420.513217
1,8386,149.873645
1,8387,276.677827
1,8388,195.918112
1,8389,269.861531
1,8390,264.806412
1,8391,238.359077
1,8392,134.267722
1,8393,334.143115
1,8394,235.403742
1,8395,147.907507
1,8396,369.050381
1,8397,331.250029
1,8398,179.230120
1,8399,320.941363
1,8400,415.781999
1,8401,252.728816
1,8402,159.902708
1,8403,158.643434
1,8404,95.046817
1,8405,337.026388
1,8406,64.957011
1,8407,428.161440
1,8408,119.579656
1,8409,138.573949
1,8410,65.448179
1,8411,418.566005
1,8412,103.445969
1,8413,139.760970
1,8414,151.072695
1,8415,246.555302
1,8416,797.288505
1,8417,694.014386
1,8418,102.307273
1,8419,774.733925
1,8420,169.106891
1,8421,153.673778
1,8422,214.859674
1,8423,524.995048
1,8424,191.642925
1,8425,795.139742
1,8426,97.297256
1,8427,471.154359
1,8428,221.938117
1,8429,436.048608
1,8430,188.261993
1,8431,171.018454
1,8432,103.797980
1,8433,644.768983
1,8434,251.950989
1,8435,591.994220
1,8436,189.377777
1,8437,187.558110
1,8438,321.016333
1,8439,396.483261
1,8440,111.746411
1,8441,237.328776
1,8442,395.629019
1,8443,63.159411
1,8444,362.320958
1,8445,277.550327
1,8446,323.994519
1,8447,277.327819
1,8448,150.799259
1,8449,349.454079
1,8450,326.974261
1,8451,186.756910
1,8452,618.465403
1,8453,146.715830
1,8454,180.211990
1,8455,512.612508
1,8456,95.540839
1,8457,331.333958
1,8458,508.811818
1,8459,721.591996
1,8460,450.169147
1,8461,370.346260
1,8462,363.683256
1,8463,92.902917
1,8464,258.083581
1,8465,382.566411
1,8466,108.650697
1,8467,564.398742
1,8468,64.961492
1,8469,620.415647
1,8470,234.585270
1,8471,436.611757
1,8472,65.255854
1,8473,233.172980
1,8474,217.032425
1,8475,664.992237
1,8476,442.967968
1,8477,409.014037
1,8478,92.949672
1,8479,556.053765
1,8480,102.659824
1,8481,571.891179
1,8482,519.047979
1,8483,181.445770
1,8484,125.469744
1,8485,257.999461
1,8486,238.537103
1,8487,364.194675
1,8488,65.707382
1,8489,414.675221
1,8490,643.591869
1,8491,97.546632
1,8492,178.300981
1,8493,333.825240
1,8494,63.359743
1,8495,716.745002
1,8496,662.617805
1,8497,65.750421
1,8498,977.899182
1,8499,824.756997
1,8500,501.551443
1,8501,183.277906
1,8502,173.158852
1,8503,385.538721
1,8504,452.292820
1,8505,550.521942
1,8506,140.308444
1,8507,677.951138
1,8508,734.564188
1,8509,148.001492
1,8510,636.771198
1,8511,440.852786
1,8512,126.093710
1,8513,406.562733
1,8514,416.583665
1,8515,220.672938
1,8516,240.150961
1,8517,206.698604
1,8518,398.420165
1,8519,65.485305
1,8520,594.624073
1,8521,353.032863
1,8522,215.631951
1,8523,493.167535
1,8524,173.214170
1,8525,527.085464
1,8526,241.812527
1,8527,63.023331
1,8528,348.098836
1,8529,571.419544
1,8530,98.954590
1,8531,355.843579
1,8532,216.170277
1,8533,302.470431
1,8534,151.142257
1,8535,118.912687
1,8536,420.596651
1,8537,512.314377
1,8538,492.897518
1,8539,224.326647
1,8540,414.674197
1,8541,204.522007
1,8542,304.786337
1,8543,506.132866
1,8544,394.760890
1,8545,120.297985
1,8546,358.904629
1,8547,219.140592
1,8548,95.338633
1,8549,185.494732
1,8550,105.523342
1,8551,224.267401
1,8552,399.902256
1,8553,411.652005
1,8554,67.692267
1,8555,428.162490
1,8556,350.950421
1,8557,513.351004
1,8558,323.955548
1,8559,141.813052
1,8560,488.698352
1,8561,207.931834
1,8562,624.001940
1,8563,84.145892
1,8564,511.564604
1,8565,515.067391
1,8566,241.436709
1,8567,203.143996
1,8568,232.408521
1,8569,65.487474
1,8570,347.744688
1,8571,352.538882
1,8572,144.886073
1,8573,482.787710
1,8574,686.382298
1,8575,265.445646
1,8576,685.156682
1,8577,431.226431
1,8578,308.965568
1,8579,419.971544
1,8580,124.158289
1,8581,360.441002
1,8582,196.850733
1,8583,501.673554
1,8584,63.281284
1,8585,516.325213
1,8586,298.605340
1,8587,65.930858
1,8588,258.765146
1,8589,115.449916
1,8590,350.451604
1,8591,345.072898
1,8592,239.894179
1,8593,169.970720
1,8594,193.518008
1,8595,155.389246
1,8596,384.032635
1,8597,414.220111
1,8598,459.925022
1,8599,591.242670
1,8600,530.878153
1,8601,198.742633
1,8602,363.743530
1,8603,212.865323
1,8604,170.982029
1,8605,254.545184
1,8606,164.512690
1,8607,528.246825
1,8608,484.052088
1,8609,446.380849
1,8610,106.748887
1,8611,539.892498
1,8612,295.129418
1,8613,106.263955
1,8614,264.793275
1,8615,739.926721
1,8616,136.497852
1,8617,601.335299
1,8618,98.553981
1,8619,498.156614
1,8620,139.250393
1,8621,522.492786
1,8622,430.360761
1,8623,306.894168
1,8624,175.854837
1,8625,392.698264
1,8626,316.001287
1,8627,437.236400
1,8628,472.772056
1,8629,259.028816
1,8630,548.551227
1,8631,111.305520
1,8632,522.718839
1,8633,434.980462
1,8634,137.068706
1,8635,265.110476
1,8636,391.491904
1,8637,517.453991
1,8638,160.575013
1,8639,1022.543080
1,8640,619.072353
1,8641,99.748217
1,8642,121.968971
1,8643,362.470713
1,8644,105.148471
1,8645,70.696066
1,8646,446.820861
1,8647,105.954777
1,8648,245.886399
1,8649,264.717515
1,8650,217.223520
1,8651,321.729674
1,8652,487.417952
1,8653,64.785442
1,8654,113.661126
1,8655,513.753686
1,8656,548.873285
1,8657,150.270479
1,8658,441.817224
1,8659,64.998502
1,8660,415.401962
1,8661,419.881746
1,8662,65.465024
1,8663,146.680330
1,8664,121.708244
1,8665,220.197774
1,8666,256.676985
1,8667,65.510942
1,8668,409.270640
1,8669,261.675330
1,8670,259.849271
1,8671,65.427272
1,8672,285.275302
1,8673,449.573268
1,8674,551.253268
1,8675,325.059762
1,8676,205.251211
1,8677,708.282157
1,8678,154.876425
1,8679,64.418445
1,8680,114.603032
1,8681,208.925219
1,8682,422.437744
1,8683,64.695999
1,8684,401.554433
1,8685,625.290653
1,8686,616.088653
1,8687,169.765511
1,8688,261.625535
1,8689,90.016018
1,8690,233.923037
1,8691,395.648884
1,8692,128.571730
1,8693,300.965574
1,8694,144.323068
1,8695,485.581541
1,8696,297.255166
1,8697,417.954647
1,8698,285.506593
1,8699,250.822888
1,8700,459.345730
1,8701,63.508660
1,8702,200.936092
1,8703,213.464210
1,8704,339.844463
1,8705,78.841918
1,8706,461.799426
1,8707,65.699419
1,8708,531.901566
1,8709,135.807046
1,8710,84.719796
1,8711,368.479411
1,8712,301.296944
1,8713,129.737829
1,8714,178.309491
1,8715,558.806403
1,8716,103.412258
1,8717,432.960168
1,8718,256.557234
1,8719,82.295171
1,8720,323.047349
1,8721,99.441879
1,8722,194.020707
1,8723,439.663970
1,8724,81.581426
1,8725,63.076076
1,8726,468.920174
1,8727,86.595545
1,8728,253.073277
1,8729,128.508921
1,8730,65.224720
1,8731,339.813535
1,8732,314.206956
1,8733,317.645843
1,8734,228.879442
1,8735,272.014906
1,8736,369.679389
1,8737,93.381024
1,8738,718.047851
1,8739,482.318075
1,8740,210.691903
1,8741,265.374229
1,8742,244.074564
1,8743,395.401411
1,8744,124.996560
1,8745,220.572011
1,8746,172.401037
1,8747,451.405122
1,8748,318.983485
1,8749,179.962683
1,8750,390.713298
1,8751,102.414138
1,8752,238.838804
1,8753,85.207344
1,8754,98.149622
1,8755,196.468988
1,8756,151.418033
1,8757,73.980982
1,8758,62.252764
1,8759,115.667582
1,8760,64.657678
1,8761,137.476084
1,8762,62.701301
1,8763,165.066744
1,8764,114.466106
1,8765,181.009280
1,8766,120.964725
1,8767,123.468553
1,8768,389.445974
1,8769,311.152106
1,8770,460.845836
1,8771,378.712651
1,8772,471.276621
1,8773,65.294517
1,8774,699.101950
1,8775,505.413658
1,8776,196.235656
1,8777,99.501219
1,8778,326.863483
1,8779,63.275141
1,8780,423.584783
1,8781,191.326980
1,8782,526.181421
1,8783,376.159577
1,8784,65.416548
1,8785,421.029735
1,8786,397.604629
1,8787,155.363710
1,8788,252.345764
1,8789,91.416000
1,8790,144.934916
1,8791,440.990217
1,8792,149.005733
1,8793,130.821729
1,8794,455.090188
1,8795,176.883661
1,8796,318.127027
1,8797,166.802086
1,8798,136.340800
1,8799,362.613289
1,8800,393.656688
1,8801,175.981155
1,8802,386.569785
1,8803,289.827049
1,8804,127.415147
1,8805,461.732371
1,8806,433.674689
1,8807,189.177485
1,8808,206.224980
1,8809,239.752328
1,8810,236.603787
1,8811,442.287898
1,8812,65.291233
1,8813,257.223228
1,8814,116.832165
1,8815,63.153183
1,8816,278.854237
1,8817,95.725632
1,8818,197.392037
1,8819,248.635063
1,8820,194.064990
1,8821,230.947734
1,8822,175.298375
1,8823,211.443288
1,8824,184.050141
1,8825,182.992191
1,8826,146.451931
1,8827,703.996324
1,8828,207.451959
1,8829,243.713580
1,8830,458.904887
1,8831,800.963782
1,8832,141.030259
1,8833,64.385224
1,8834,134.938174
1,8835,88.879558
1,8836,311.688849
1,8837,169.236416
1,8838,277.062621
1,8839,162.076905
1,8840,293.047121
1,8841,64.741249
1,8842,201.122820
1,8843,175.611661
1,8844,62.932675
1,8845,515.894308
1,8846,159.978179
1,8847,206.253962
1,8848,318.866585
1,8849,148.543548
1,8850,100.634669
1,8851,65.124167
1,8852,167.500523
1,8853,217.745701
1,8854,63.075751
1,8855,216.630803
1,8856,289.597630
1,8857,145.093274
1,8858,220.598219
1,8859,121.680898
1,8860,397.504930
1,8861,183.192579
1,8862,313.961689
1,8863,128.338307
1,8864,303.450022
1,8865,137.794491
1,8866,180.546094
1,8867,255.019110
1,8868,139.621587
1,8869,288.812221
1,8870,135.064563
1,8871,130.898304
1,8872,102.601080
1,8873,264.927172
1,8874,282.451352
1,8875,196.570432
1,8876,334.623565
1,8877,619.203971
1,8878,62.895439
1,8879,456.710386
1,8880,65.168129
1,8881,154.236691
1,8882,236.488923
1,8883,133.835776
1,8884,108.442392
1,8885,265.267037
1,8886,320.908116
1,8887,132.779339
1,8888,234.266062
1,8889,619.924948
1,8890,566.563780
1,8891,146.765347
1,8892,64.391418
1,8893,202.722582
1,8894,223.016562
1,8895,127.545588
1,8896,415.223995
1,8897,305.972159
1,8898,176.157672
1,8899,362.760196
1,8900,104.912503
1,8901,190.064342
1,8902,248.532877
1,8903,497.291328
1,8904,206.561192
1,8905,144.474370
1,8906,443.378164
1,8907,65.017096
1,8908,287.340817
1,8909,322.598396
1,8910,396.427424
1,8911,154.081749
1,8912,261.908914
1,8913,361.084540
1,8914,105.211652
1,8915,177.819784
1,8916,295.389632
1,8917,417.763544
1,8918,104.261517
1,8919,192.072749
1,8920,223.871567
1,8921,165.886084
1,8922,108.504195
1,8923,125.756353
1,8924,435.868288
1,8925,132.846214
1,8926,141.231860
1,8927,344.673753
1,8928,528.389344
1,8929,496.786957
1,8930,251.900090
1,8931,158.208704
1,8932,232.121707
1,8933,332.030473
1,8934,142.985296
1,8935,250.334924
1,8936,170.843292
1,8937,131.541898
1,8938,291.933605
1,8939,274.136553
1,8940,215.548206
1,8941,65.305182
1,8942,382.176885
1,8943,356.384687
1,8944,422.301485
1,8945,294.289535
1,8946,409.616365
1,8947,209.353026
1,8948,325.105044
1,8949,143.920724
1,8950,530.393172
1,8951,250.935897
1,8952,490.470495
1,8953,479.663710
1,8954,197.669929
1,8955,194.122546
1,8956,330.743745
1,8957,667.902388
1,8958,469.113756
1,8959,213.916821
1,8960,274.106190
1,8961,171.283221
1,8962,362.267938
1,8963,168.628468
1,8964,229.030471
1,8965,275.302782
1,8966,90.649329
1,8967,322.074694
1,8968,148.898793
1,8969,418.795234
1,8970,160.050886
1,8971,671.911548
1,8972,334.418132
1,8973,62.813447
1,8974,176.224697
1,8975,324.309718
1,8976,1026.113346
1,8977,174.887833
1,8978,365.723087
1,8979,169.232915
1,8980,303.358905
1,8981,166.552291
1,8982,261.854723
1,8983,363.329095
1,8984,154.310269
1,8985,468.524231
1,8986,265.618300
1,8987,355.985000
1,8988,65.392987
1,8989,262.864906
1,8990,323.069640
1,8991,116.589623
1,8992,92.145416
1,8993,589.918908
1,8994,551.089545
1,8995,62.190181
1,8996,386.868164
1,8997,154.144559
1,8998,275.005281
1,8999,65.222351
1,9000,362.594196
1,9001,467.933318
1,9002,65.607580
1,9003,702.819394
1,9004,657.262454
1,9005,246.650219
1,9006,347.908375
1,9007,65.353390
1,9008,383.983846
1,9009,183.790688
1,9010,120.527843
1,9011,138.362554
1,9012,225.456676
1,9013,264.527852
1,9014,510.775664
1,9015,445.559901
1,9016,344.571016
1,9017,149.892209
1,9018,567.071319
1,9019,113.608685
1,9020,302.310375
1,9021,154.687384
1,9022,147.321026
1,9023,253.567647
1,9024,133.578559
1,9025,65.530532
1,9026,432.608140
1,9027,160.932241
1,9028,218.783294
1,9029,1281.776927
1,9030,328.376849
1,9031,210.489581
1,9032,112.063642
1,9033,835.396211
1,9034,298.721469
1,9035,462.472719
1,9036,65.627973
1,9037,725.916343
1,9038,289.459291
1,9039,222.779536
1,9040,212.228435
1,9041,470.500384
1,9042,429.461349
1,9043,195.014317
1,9044,169.782064
1,9045,427.252822
1,9046,368.818599
1,9047,121.346024
1,9048,267.898253
1,9049,329.840712
1,9050,470.962655
1,9051,222.918396
1,9052,290.665494
1,9053,100.351440
1,9054,507.920738
1,9055,84.708426
1,9056,160.383524
1,9057,358.094817
1,9058,110.871593
1,9059,310.125399
1,9060,512.102022
1,9061,64.016859
1,9062,263.482020
1,9063,171.990004
1,9064,88.086996
1,9065,186.534591
1,9066,225.946404
1,9067,294.066484
1,9068,149.509466
1,9069,774.639625
1,9070,392.633072
1,9071,131.092919
1,9072,508.893589
1,9073,254.418930
1,9074,171.802229
1,9075,145.057605
1,9076,217.013024
1,9077,243.411052
1,9078,336.081658
1,9079,292.986018
1,9080,155.701063
1,9081,268.660253
1,9082,218.219507
1,9083,63.382676
1,9084,223.244431
1,9085,189.817970
1,9086,335.385125
1,9087,163.869361
1,9088,608.861237
1,9089,289.229031
1,9090,65.579274
1,9091,252.444419
1,9092,119.699887
1,9093,371.685979
1,9094,365.443759
1,9095,562.050911
1,9096,390.026529
1,9097,181.302204
1,9098,304.862780
1,9099,63.499002
1,9100,554.453126
1,9101,65.713230
1,9102,302.358843
1,9103,286.289956
1,9104,254.360331
1,9105,204.643962
1,9106,314.660011
1,9107,549.230857
1,9108,102.190806
1,9109,132.606406
1,9110,363.788614
1,9111,65.669477
1,9112,462.753755
1,9113,301.642703
1,9114,119.021307
1,9115,539.363214
1,9116,65.435255
1,9117,493.190790
1,9118,265.822828
1,9119,194.740122
1,9120,87.620893
1,9121,299.315118
1,9122,62.882507
1,9123,499.251079
1,9124,148.221064
1,9125,254.528615
1,9126,368.341422
1,9127,65.651070
1,9128,547.343814
1,9129,135.973933
1,9130,292.556028
1,9131,325.221120
1,9132,109.959190
1,9133,542.925056
1,9134,65.372994
1,9135,254.858637
1,9136,349.197668
1,9137,177.414305
1,9138,227.602101
1,9139,280.639691
1,9140,117.024699
1,9141,158.517710
1,9142,263.727787
1,9143,319.308826
1,9144,220.085374
1,9145,134.844914
1,9146,112.717703
1,9147,237.067903
1,9148,293.014825
1,9149,225.845007
1,9150,353.798974
1,9151,171.702950
1,9152,361.223259
1,9153,488.505061
1,9154,380.164718
1,9155,371.045593
1,9156,116.434711
1,9157,284.571410
1,9158,256.883401
1,9159,287.111820
1,9160,95.493788
1,9161,500.749043
1,9162,196.888524
1,9163,390.668357
1,9164,312.548935
1,9165,250.412511
1,9166,136.233159
1,9167,225.039229
1,9168,414.379293
1,9169,252.894044
1,9170,65.476620
1,9171,336.362964
1,9172,65.856737
1,9173,416.373587
1,9174,552.542677
1,9175,116.544275
1,9176,440.530812
1,9177,66.179871
1,9178,426.221739
1,9179,171.160729
1,9180,392.686554
1,9181,168.574240
1,9182,448.737236
1,9183,109.461859
1,9184,224.648538
1,9185,221.344786
1,9186,236.199283
1,9187,180.707077
1,9188,402.512006
1,9189,65.440308
1,9190,413.528993
1,9191,235.783223
1,9192,427.487822
1,9193,269.890494
1,9194,266.134190
1,9195,178.517203
1,9196,148.643797
1,9197,246.493160
1,9198,490.194450
1,9199,229.065951
1,9200,619.970749
1,9201,113.485112
1,9202,331.512849
1,9203,542.869251
1,9204,185.936960
1,9205,180.166015
1,9206,206.428025
1,9207,87.373390
1,9208,327.611636
1,9209,155.622869
1,9210,320.671009
1,9211,243.395782
1,9212,493.902201
1,9213,105.141473
1,9214,264.164648
1,9215,65.780448
1,9216,168.507689
1,9217,208.066070
1,9218,111.278013
1,9219,154.533564
1,9220,270.382419
1,9221,62.945594
1,9222,164.507650
1,9223,272.196496
1,9224,163.819644
1,9225,180.709464
1,9226,357.680561
1,9227,315.810178
1,9228,65.062267
1,9229,390.842290
1,9230,125.574956
1,9231,195.081832
1,9232,195.560570
1,9233,239.176094
1,9234,459.717587
1,9235,407.162445
1,9236,65.034814
1,9237,93.404086
1,9238,90.276358
1,9239,485.170421
1,9240,64.898327
1,9241,697.726480
1,9242,120.052125
1,9243,487.135805
1,9244,265.855723
1,9245,534.592800
1,9246,148.508412
1,9247,312.672763
1,9248,433.676078
1,9249,157.621009
1,9250,194.613431
1,9251,490.031804
1,9252,288.376056
1,9253,387.784978
1,9254,280.597254
1,9255,385.326150
1,9256,116.383099
1,9257,426.045296
1,9258,216.203626
1,9259,430.665448
1,9260,63.269883
1,9261,296.612945
1,9262,114.183402
1,9263,65.545886
1,9264,174.546143
1,9265,119.855470
1,9266,142.164297
1,9267,259.567933
1,9268,223.709174
1,9269,65.384903
1,9270,278.983471
1,9271,65.331449
1,9272,293.505514
1,9273,68.204491
1,9274,328.960852
1,9275,494.680371
1,9276,193.315422
1,9277,89.115685
1,9278,352.511112
1,9279,396.406472
1,9280,313.060234
1,9281,423.035649
1,9282,171.847983
1,9283,333.411280
1,9284,180.416654
1,9285,162.319851
1,9286,365.610730
1,9287,65.559164
1,9288,392.355199
1,9289,347.929289
1,9290,380.972977
1,9291,65.892301
1,9292,129.811941
1,9293,65.554131
1,9294,379.844798
1,9295,199.915834
1,9296,356.295495
1,9297,920.533317
1,9298,364.754546
1,9299,308.000742
1,9300,129.951791
1,9301,261.152047
1,9302,331.648512
1,9303,450.069140
1,9304,97.853115
1,9305,214.703579
1,9306,88.528126
1,9307,65.275559
1,9308,316.314661
1,9309,127.065188
1,9310,364.294831
1,9311,205.222653
1,9312,449.516610
1,9313,96.104676
1,9314,215.152493
1,9315,316.895923
1,9316,598.835955
1,9317,443.975655
1,9318,157.198083
1,9319,194.754570
1,9320,310.555642
1,9321,330.461907
1,9322,121.486980
1,9323,485.780704
1,9324,351.047651
1,9325,65.484305
1,9326,1116.143835
1,9327,196.648801
1,9328,203.956071
1,9329,644.069993
1,9330,365.207189
1,9331,475.785203
1,9332,64.962707
1,9333,406.108728
1,9334,267.663107
1,9335,395.137032
1,9336,145.060870
1,9337,155.786600
1,9338,240.024940
1,9339,409.499240
1,9340,449.610272
1,9341,331.078829
1,9342,141.569032
1,9343,206.796466
1,9344,157.267253
1,9345,206.622697
1,9346,175.403206
1,9347,285.751822
1,9348,105.739671
1,9349,218.092634
1,9350,116.916226
1,9351,183.584566
1,9352,65.093833
1,9353,167.466750
1,9354,266.531878
1,9355,65.400669
1,9356,461.771762
1,9357,181.808622
1,9358,150.469583
1,9359,363.046475
1,9360,109.466220
1,9361,356.285975
1,9362,313.138048
1,9363,239.183370
1,9364,369.964033
1,9365,135.528387
1,9366,210.147197
1,9367,144.142426
1,9368,497.395749
1,9369,391.016793
1,9370,232.611349
1,9371,96.169728
1,9372,219.443780
1,9373,150.148011
1,9374,208.186798
1,9375,145.461836
1,9376,108.297266
1,9377,199.133187
1,9378,170.241471
1,9379,63.390566
1,9380,346.936533
1,9381,220.988191
1,9382,143.354401
1,9383,144.259161
1,9384,221.836551
1,9385,190.830062
1,9386,146.976740
1,9387,63.255440
1,9388,282.209107
1,9389,125.336219
1,9390,508.412673
1,9391,91.887109
1,9392,261.772028
1,9393,65.250863
1,9394,134.418423
1,9395,319.885184
1,9396,186.004299
1,9397,65.353030
1,9398,120.835476
1,9399,99.203866
1,9400,144.702106
1,9401,125.814770
1,9402,67.827992
1,9403,126.765126
1,9404,278.622974
1,9405,223.318868
1,9406,86.895062
1,9407,375.244377
1,9408,232.163914
1,9409,552.543333
1,9410,93.832536
1,9411,764.123873
1,9412,156.559279
1,9413,571.295243
1,9414,114.251246
1,9415,172.900230
1,9416,152.579414
1,9417,540.416653
1,9418,158.200963
1,9419,93.217722
1,9420,429.868381
1,9421,115.702586
1,9422,428.500541
1,9423,92.230300
1,9424,249.563750
