subtaskID,datapointID,answer
1,0,214.591494
1,1,114.681780
1,2,114.681780
1,3,114.681780
1,4,114.681780
1,5,114.681780
1,6,114.681780
1,7,114.681780
1,8,114.681780
1,9,114.681780
1,10,305.342817
1,11,114.681780
1,12,114.681780
1,13,114.681780
1,14,114.681780
1,15,114.681780
1,16,114.681780
1,17,114.681780
1,18,227.912789
1,19,304.510236
1,20,114.681780
1,21,114.681780
1,22,114.681780
1,23,114.681780
1,24,274.537322
1,25,228.745370
1,26,114.681780
1,27,208.763427
1,28,114.681780
1,29,114.681780
1,30,255.387960
1,31,114.681780
1,32,114.681780
1,33,114.681780
1,34,114.681780
1,35,114.681780
1,36,114.681780
1,37,114.681780
1,38,114.681780
1,39,114.681780
1,40,114.681780
1,41,247.062151
1,42,114.681780
1,43,114.681780
1,44,341.976379
1,45,114.681780
1,46,114.681780
1,47,114.681780
1,48,114.681780
1,49,220.419561
1,50,211.261170
1,51,114.681780
1,52,114.681780
1,53,114.681780
1,54,492.267721
1,55,114.681780
1,56,264.546351
1,57,114.681780
1,58,114.681780
1,59,331.152827
1,60,114.681780
1,61,114.681780
1,62,114.681780
1,63,114.681780
1,64,114.681780
1,65,114.681780
1,66,114.681780
1,67,114.681780
1,68,114.681780
1,69,258.718284
1,70,114.681780
1,71,114.681780
1,72,114.681780
1,73,114.681780
1,74,114.681780
1,75,114.681780
1,76,114.681780
1,77,114.681780
1,78,114.681780
1,79,256.220541
1,80,114.681780
1,81,329.487665
1,82,114.681780
1,83,512.266759
1,84,114.681780
1,85,252.057637
1,86,114.681780
1,87,269.541837
1,88,308.673141
1,89,374.447036
1,90,235.406018
1,91,114.681780
1,92,114.681780
1,93,271.206998
1,94,114.681780
1,95,114.681780
1,96,114.681780
1,97,385.270588
1,98,282.030551
1,99,114.681780
1,100,245.396989
1,101,114.681780
1,102,321.161855
1,103,114.681780
1,104,114.681780
1,105,114.681780
1,106,114.681780
1,107,114.681780
1,108,114.681780
1,109,114.681780
1,110,456.479969
1,111,114.681780
1,112,582.789683
1,113,114.681780
1,114,114.681780
1,115,240.401503
1,116,114.681780
1,117,114.681780
1,118,114.681780
1,119,114.681780
1,120,114.681780
1,121,114.681780
1,122,114.681780
1,123,114.681780
1,124,416.908664
1,125,114.681780
1,126,257.053122
1,127,251.225056
1,128,114.681780
1,129,114.681780
1,130,114.681780
1,131,114.681780
1,132,114.681780
1,133,114.681780
1,134,114.681780
1,135,114.681780
1,136,114.681780
1,137,341.976379
1,138,114.681780
1,139,249.559894
1,140,114.681780
1,141,223.749884
1,142,114.681780
1,143,114.681780
1,144,114.681780
1,145,114.681780
1,146,114.681780
1,147,408.582855
1,148,114.681780
1,149,284.528294
1,150,114.681780
1,151,114.681780
1,152,220.419561
1,153,114.681780
1,154,114.681780
1,155,114.681780
1,156,236.238599
1,157,325.324760
1,158,269.541837
1,159,114.681780
1,160,114.681780
1,161,114.681780
1,162,114.681780
1,163,114.681780
1,164,114.681780
1,165,114.681780
1,166,114.681780
1,167,114.681780
1,168,275.369903
1,169,286.193455
1,170,114.681780
1,171,114.681780
1,172,389.433493
1,173,114.681780
1,174,114.681780
1,175,114.681780
1,176,114.681780
1,177,114.681780
1,178,114.681780
1,179,114.681780
1,180,524.897731
1,181,114.681780
1,182,114.681780
1,183,240.401503
1,184,410.248017
1,185,114.681780
1,186,249.559894
1,187,237.903760
1,188,114.681780
1,189,114.681780
1,190,114.681780
1,191,114.681780
1,192,114.681780
1,193,114.681780
1,194,114.681780
1,195,236.238599
1,196,114.681780
1,197,114.681780
1,198,114.681780
1,199,114.681780
1,200,114.681780
1,201,256.220541
1,202,114.681780
1,203,114.681780
1,204,114.681780
1,205,114.681780
1,206,114.681780
1,207,114.681780
1,208,114.681780
1,209,114.681780
1,210,114.681780
1,211,114.681780
1,212,114.681780
1,213,114.681780
1,214,114.681780
1,215,211.261170
1,216,114.681780
1,217,114.681780
1,218,114.681780
1,219,114.681780
1,220,114.681780
1,221,114.681780
1,222,114.681780
1,223,114.681780
1,224,114.681780
1,225,114.681780
1,226,114.681780
1,227,114.681780
1,228,114.681780
1,229,114.681780
1,230,114.681780
1,231,114.681780
1,232,114.681780
1,233,114.681780
1,234,114.681780
1,235,114.681780
1,236,114.681780
1,237,321.161855
1,238,114.681780
1,239,114.681780
1,240,114.681780
1,241,288.691198
1,242,114.681780
1,243,114.681780
1,244,114.681780
1,245,114.681780
1,246,114.681780
1,247,114.681780
1,248,114.681780
1,249,114.681780
1,250,114.681780
1,251,114.681780
1,252,114.681780
1,253,294.519265
1,254,114.681780
1,255,114.681780
1,256,114.681780
1,257,346.139284
1,258,212.926332
1,259,114.681780
1,260,114.681780
1,261,114.681780
1,262,114.681780
1,263,452.709645
1,264,256.220541
1,265,114.681780
1,266,203.767942
1,267,114.681780
1,268,114.681780
1,269,114.681780
1,270,114.681780
1,271,114.681780
1,272,114.681780
1,273,114.681780
1,274,114.681780
1,275,114.681780
1,276,114.681780
1,277,114.681780
1,278,114.681780
1,279,114.681780
1,280,114.681780
1,281,114.681780
1,282,114.681780
1,283,114.681780
1,284,114.681780
1,285,234.573437
1,286,255.387960
1,287,336.980893
1,288,114.681780
1,289,114.681780
1,290,114.681780
1,291,224.582465
1,292,114.681780
1,293,114.681780
1,294,114.681780
1,295,267.044094
1,296,251.225056
1,297,114.681780
1,298,539.633864
1,299,114.681780
1,300,404.419950
1,301,114.681780
1,302,114.681780
1,303,114.681780
1,304,114.681780
1,305,114.681780
1,306,114.681780
1,307,114.681780
1,308,114.681780
1,309,114.681780
1,310,114.681780
1,311,114.681780
1,312,114.681780
1,313,114.681780
1,314,114.681780
1,315,114.681780
1,316,114.681780
1,317,114.681780
1,318,114.681780
1,319,114.681780
1,320,114.681780
1,321,114.681780
1,322,380.275103
1,323,114.681780
1,324,598.578397
1,325,229.577951
1,326,852.250406
1,327,1580.636422
1,328,768.043930
1,329,114.681780
1,330,114.681780
1,331,283.695713
1,332,114.681780
1,333,214.591494
1,334,114.681780
1,335,114.681780
1,336,114.681780
1,337,114.681780
1,338,114.681780
1,339,114.681780
1,340,114.681780
1,341,114.681780
1,342,114.681780
1,343,114.681780
1,344,114.681780
1,345,114.681780
1,346,114.681780
1,347,114.681780
1,348,114.681780
1,349,114.681780
1,350,114.681780
1,351,114.681780
1,352,114.681780
1,353,114.681780
1,354,114.681780
1,355,114.681780
1,356,114.681780
1,357,217.921818
1,358,114.681780
1,359,114.681780
1,360,114.681780
1,361,114.681780
1,362,114.681780
1,363,114.681780
1,364,114.681780
1,365,114.681780
1,366,114.681780
1,367,114.681780
1,368,114.681780
1,369,114.681780
1,370,114.681780
1,371,229.577951
1,372,236.238599
1,373,114.681780
1,374,114.681780
1,375,114.681780
1,376,114.681780
1,377,114.681780
1,378,114.681780
1,379,114.681780
1,380,114.681780
1,381,114.681780
1,382,114.681780
1,383,114.681780
1,384,114.681780
1,385,114.681780
1,386,224.582465
1,387,114.681780
1,388,388.600912
1,389,114.681780
1,390,114.681780
1,391,114.681780
1,392,242.899246
1,393,114.681780
1,394,114.681780
1,395,114.681780
1,396,114.681780
1,397,114.681780
1,398,114.681780
1,399,282.030551
1,400,366.953807
1,401,969.086891
1,402,1150.130814
1,403,362.790903
1,404,114.681780
1,405,114.681780
1,406,114.681780
1,407,114.681780
1,408,114.681780
1,409,860.671053
1,410,720.677787
1,411,1152.235976
1,412,246.229570
1,413,242.899246
1,414,114.681780
1,415,114.681780
1,416,114.681780
1,417,114.681780
1,418,114.681780
1,419,1051.188205
1,420,114.681780
1,421,114.681780
1,422,616.472273
1,423,114.681780
1,424,114.681780
1,425,114.681780
1,426,114.681780
1,427,244.564408
1,428,253.722798
1,429,114.681780
1,430,519.634826
1,431,114.681780
1,432,719.625206
1,433,336.148312
1,434,114.681780
1,435,114.681780
1,436,114.681780
1,437,114.681780
1,438,114.681780
1,439,259.550865
1,440,264.546351
1,441,114.681780
1,442,114.681780
1,443,114.681780
1,444,114.681780
1,445,114.681780
1,446,114.681780
1,447,114.681780
1,448,659.628092
1,449,200.437618
1,450,114.681780
1,451,252.890218
1,452,222.084722
1,453,234.573437
1,454,114.681780
1,455,114.681780
1,456,114.681780
1,457,114.681780
1,458,114.681780
1,459,114.681780
1,460,320.329274
1,461,471.216102
1,462,231.243113
1,463,1278.545690
1,464,114.681780
1,465,114.681780
1,466,114.681780
1,467,114.681780
1,468,114.681780
1,469,114.681780
1,470,400.257045
1,471,419.406407
1,472,755.412958
1,473,114.681780
1,474,114.681780
1,475,114.681780
1,476,114.681780
1,477,114.681780
1,478,114.681780
1,479,114.681780
1,480,114.681780
1,481,114.681780
1,482,283.695713
1,483,114.681780
1,484,114.681780
1,485,354.465093
1,486,114.681780
1,487,302.012493
1,488,277.867646
1,489,114.681780
1,490,114.681780
1,491,114.681780
1,492,114.681780
1,493,114.681780
1,494,457.532550
1,495,114.681780
1,496,114.681780
1,497,292.854103
1,498,114.681780
1,499,114.681780
1,500,212.926332
1,501,114.681780
1,502,114.681780
1,503,114.681780
1,504,114.681780
1,505,114.681780
1,506,241.234084
1,507,262.048608
1,508,287.858617
1,509,463.848036
1,510,114.681780
1,511,114.681780
1,512,114.681780
1,513,114.681780
1,514,248.727313
1,515,334.483150
1,516,114.681780
1,517,256.220541
1,518,114.681780
1,519,229.577951
1,520,389.433493
1,521,114.681780
1,522,114.681780
1,523,114.681780
1,524,114.681780
1,525,247.894732
1,526,498.583207
1,527,114.681780
1,528,262.881189
1,529,251.225056
1,530,114.681780
1,531,114.681780
1,532,267.044094
1,533,114.681780
1,534,114.681780
1,535,114.681780
1,536,114.681780
1,537,114.681780
1,538,114.681780
1,539,114.681780
1,540,114.681780
1,541,216.256656
1,542,114.681780
1,543,114.681780
1,544,238.736341
1,545,114.681780
1,546,114.681780
1,547,114.681780
1,548,114.681780
1,549,114.681780
1,550,114.681780
1,551,114.681780
1,552,114.681780
1,553,114.681780
1,554,114.681780
1,555,378.609941
1,556,114.681780
1,557,114.681780
1,558,114.681780
1,559,114.681780
1,560,114.681780
1,561,321.161855
1,562,114.681780
1,563,114.681780
1,564,114.681780
1,565,114.681780
1,566,114.681780
1,567,114.681780
1,568,114.681780
1,569,114.681780
1,570,598.578397
1,571,621.735178
1,572,114.681780
1,573,537.528702
1,574,114.681780
1,575,310.338303
1,576,114.681780
1,577,114.681780
1,578,114.681780
1,579,114.681780
1,580,114.681780
1,581,114.681780
1,582,114.681780
1,583,114.681780
1,584,441.053512
1,585,114.681780
1,586,114.681780
1,587,305.342817
1,588,258.718284
1,589,114.681780
1,590,374.447036
1,591,114.681780
1,592,241.234084
1,593,114.681780
1,594,114.681780
1,595,114.681780
1,596,114.681780
1,597,114.681780
1,598,114.681780
1,599,114.681780
1,600,114.681780
1,601,114.681780
1,602,299.514751
1,603,114.681780
1,604,114.681780
1,605,114.681780
1,606,249.559894
1,607,245.396989
1,608,252.890218
1,609,114.681780
1,610,243.731827
1,611,202.102780
1,612,356.962836
1,613,285.360875
1,614,114.681780
1,615,247.894732
1,616,114.681780
1,617,114.681780
1,618,382.772845
1,619,326.157341
1,620,114.681780
1,621,386.935750
1,622,306.175398
1,623,114.681780
1,624,618.577435
1,625,114.681780
1,626,114.681780
1,627,114.681780
1,628,114.681780
1,629,114.681780
1,630,114.681780
1,631,114.681780
1,632,114.681780
1,633,114.681780
1,634,114.681780
1,635,114.681780
1,636,292.021522
1,637,408.582855
1,638,114.681780
1,639,114.681780
1,640,114.681780
1,641,114.681780
1,642,114.681780
1,643,114.681780
1,644,114.681780
1,645,114.681780
1,646,114.681780
1,647,114.681780
1,648,114.681780
1,649,114.681780
1,650,114.681780
1,651,114.681780
1,652,277.035065
1,653,393.596398
1,654,341.976379
1,655,114.681780
1,656,114.681780
1,657,114.681780
1,658,114.681780
1,659,114.681780
1,660,114.681780
1,661,114.681780
1,662,114.681780
1,663,114.681780
1,664,114.681780
1,665,114.681780
1,666,114.681780
1,667,114.681780
1,668,114.681780
1,669,114.681780
1,670,114.681780
1,671,114.681780
1,672,114.681780
1,673,114.681780
1,674,114.681780
1,675,114.681780
1,676,114.681780
1,677,114.681780
1,678,114.681780
1,679,114.681780
1,680,272.872160
1,681,114.681780
1,682,114.681780
1,683,114.681780
1,684,296.184427
1,685,114.681780
1,686,212.926332
1,687,251.225056
1,688,114.681780
1,689,262.881189
1,690,256.220541
1,691,114.681780
1,692,114.681780
1,693,114.681780
1,694,244.564408
1,695,232.908275
1,696,205.433103
1,697,114.681780
1,698,114.681780
1,699,114.681780
1,700,114.681780
1,701,244.564408
1,702,297.849589
1,703,114.681780
1,704,114.681780
1,705,305.342817
1,706,278.700227
1,707,114.681780
1,708,114.681780
1,709,114.681780
1,710,114.681780
1,711,114.681780
1,712,114.681780
1,713,114.681780
1,714,114.681780
1,715,114.681780
1,716,114.681780
1,717,114.681780
1,718,114.681780
1,719,114.681780
1,720,114.681780
1,721,474.373845
1,722,114.681780
1,723,114.681780
1,724,114.681780
1,725,114.681780
1,726,114.681780
1,727,114.681780
1,728,114.681780
1,729,114.681780
1,730,114.681780
1,731,578.579359
1,732,441.886093
1,733,114.681780
1,734,114.681780
1,735,114.681780
1,736,114.681780
1,737,114.681780
1,738,114.681780
1,739,316.998951
1,740,423.569312
1,741,342.808960
1,742,697.521006
1,743,114.681780
1,744,114.681780
1,745,114.681780
1,746,114.681780
1,747,114.681780
1,748,114.681780
1,749,114.681780
1,750,114.681780
1,751,114.681780
1,752,114.681780
1,753,227.080208
1,754,114.681780
1,755,114.681780
1,756,114.681780
1,757,272.039579
1,758,114.681780
1,759,233.740856
1,760,114.681780
1,761,114.681780
1,762,114.681780
1,763,114.681780
1,764,114.681780
1,765,114.681780
1,766,114.681780
1,767,114.681780
1,768,114.681780
1,769,114.681780
1,770,114.681780
1,771,266.211513
1,772,114.681780
1,773,114.681780
1,774,114.681780
1,775,114.681780
1,776,114.681780
1,777,114.681780
1,778,114.681780
1,779,114.681780
1,780,197.939875
1,781,114.681780
1,782,114.681780
1,783,114.681780
1,784,114.681780
1,785,114.681780
1,786,114.681780
1,787,114.681780
1,788,114.681780
1,789,114.681780
1,790,114.681780
1,791,114.681780
1,792,114.681780
1,793,239.568922
1,794,114.681780
1,795,114.681780
1,796,216.256656
1,797,114.681780
1,798,114.681780
1,799,114.681780
1,800,114.681780
1,801,114.681780
1,802,114.681780
1,803,114.681780
1,804,441.886093
1,805,229.577951
1,806,262.881189
1,807,114.681780
1,808,733.308758
1,809,339.478636
1,810,114.681780
1,811,277.867646
1,812,114.681780
1,813,114.681780
1,814,361.125741
1,815,371.949293
1,816,114.681780
1,817,114.681780
1,818,256.220541
1,819,114.681780
1,820,283.695713
1,821,114.681780
1,822,436.890607
1,823,218.754399
1,824,243.731827
1,825,114.681780
1,826,381.940265
1,827,114.681780
1,828,384.438007
1,829,114.681780
1,830,114.681780
1,831,114.681780
1,832,114.681780
1,833,114.681780
1,834,202.935361
1,835,734.361339
1,836,114.681780
1,837,932.246558
1,838,257.053122
1,839,114.681780
1,840,114.681780
1,841,114.681780
1,842,234.573437
1,843,247.062151
1,844,243.731827
1,845,457.532550
1,846,443.551255
1,847,114.681780
1,848,277.035065
1,849,324.492179
1,850,884.880415
1,851,217.921818
1,852,404.419950
1,853,252.890218
1,854,382.772845
1,855,114.681780
1,856,114.681780
1,857,632.260987
1,858,114.681780
1,859,388.600912
1,860,325.324760
1,861,114.681780
1,862,114.681780
1,863,114.681780
1,864,114.681780
1,865,114.681780
1,866,114.681780
1,867,114.681780
1,868,114.681780
1,869,438.555769
1,870,114.681780
1,871,114.681780
1,872,408.582855
1,873,114.681780
1,874,114.681780
1,875,114.681780
1,876,312.836046
1,877,217.921818
1,878,114.681780
1,879,114.681780
1,880,114.681780
1,881,114.681780
1,882,114.681780
1,883,114.681780
1,884,114.681780
1,885,114.681780
1,886,114.681780
1,887,114.681780
1,888,114.681780
1,889,114.681780
1,890,114.681780
1,891,114.681780
1,892,114.681780
1,893,241.234084
1,894,250.392475
1,895,242.066665
1,896,114.681780
1,897,114.681780
1,898,114.681780
1,899,114.681780
1,900,114.681780
1,901,114.681780
1,902,114.681780
1,903,114.681780
1,904,114.681780
1,905,114.681780
1,906,273.704741
1,907,242.899246
1,908,260.383446
1,909,114.681780
1,910,114.681780
1,911,114.681780
1,912,114.681780
1,913,114.681780
1,914,114.681780
1,915,114.681780
1,916,114.681780
1,917,114.681780
1,918,114.681780
1,919,114.681780
1,920,114.681780
1,921,114.681780
1,922,114.681780
1,923,114.681780
1,924,114.681780
1,925,114.681780
1,926,114.681780
1,927,114.681780
1,928,114.681780
1,929,114.681780
1,930,114.681780
1,931,114.681780
1,932,114.681780
1,933,390.266074
1,934,114.681780
1,935,321.161855
1,936,307.007979
1,937,114.681780
1,938,114.681780
1,939,114.681780
1,940,114.681780
1,941,114.681780
1,942,114.681780
1,943,255.387960
1,944,371.116712
1,945,248.727313
1,946,114.681780
1,947,310.338303
1,948,313.668627
1,949,114.681780
1,950,114.681780
1,951,114.681780
1,952,114.681780
1,953,114.681780
1,954,235.406018
1,955,114.681780
1,956,114.681780
1,957,114.681780
1,958,114.681780
1,959,243.731827
1,960,114.681780
1,961,114.681780
1,962,242.899246
1,963,431.062541
1,964,229.577951
1,965,114.681780
1,966,114.681780
1,967,114.681780
1,968,612.261949
1,969,114.681780
1,970,114.681780
1,971,114.681780
1,972,114.681780
1,973,413.578341
1,974,457.532550
1,975,114.681780
1,976,877.512348
1,977,114.681780
1,978,248.727313
1,979,114.681780
1,980,220.419561
1,981,114.681780
1,982,114.681780
1,983,114.681780
1,984,114.681780
1,985,114.681780
1,986,114.681780
1,987,114.681780
1,988,114.681780
1,989,114.681780
1,990,114.681780
1,991,114.681780
1,992,343.641541
1,993,114.681780
1,994,249.559894
1,995,114.681780
1,996,114.681780
1,997,114.681780
1,998,114.681780
1,999,114.681780
1,1000,429.397379
1,1001,114.681780
1,1002,238.736341
1,1003,257.885703
1,1004,114.681780
1,1005,114.681780
1,1006,114.681780
1,1007,114.681780
1,1008,114.681780
1,1009,114.681780
1,1010,114.681780
1,1011,114.681780
1,1012,283.695713
1,1013,114.681780
1,1014,114.681780
1,1015,114.681780
1,1016,114.681780
1,1017,331.985408
1,1018,114.681780
1,1019,114.681780
1,1020,341.143798
1,1021,114.681780
1,1022,114.681780
1,1023,114.681780
1,1024,114.681780
1,1025,114.681780
1,1026,239.568922
1,1027,114.681780
1,1028,114.681780
1,1029,114.681780
1,1030,114.681780
1,1031,247.062151
1,1032,114.681780
1,1033,293.686684
1,1034,438.555769
1,1035,453.542226
1,1036,114.681780
1,1037,216.256656
1,1038,114.681780
1,1039,1203.812442
1,1040,114.681780
1,1041,1362.752166
1,1042,114.681780
1,1043,958.561081
1,1044,302.845074
1,1045,114.681780
1,1046,114.681780
1,1047,114.681780
1,1048,114.681780
1,1049,114.681780
1,1050,114.681780
1,1051,114.681780
1,1052,114.681780
1,1053,114.681780
1,1054,114.681780
1,1055,114.681780
1,1056,114.681780
1,1057,273.704741
1,1058,114.681780
1,1059,114.681780
1,1060,114.681780
1,1061,114.681780
1,1062,114.681780
1,1063,114.681780
1,1064,242.899246
1,1065,114.681780
1,1066,114.681780
1,1067,114.681780
1,1068,114.681780
1,1069,114.681780
1,1070,114.681780
1,1071,114.681780
1,1072,114.681780
1,1073,114.681780
1,1074,114.681780
1,1075,220.419561
1,1076,114.681780
1,1077,207.930846
1,1078,114.681780
1,1079,114.681780
1,1080,114.681780
1,1081,230.410532
1,1082,114.681780
1,1083,114.681780
1,1084,114.681780
1,1085,114.681780
1,1086,114.681780
1,1087,114.681780
1,1088,114.681780
1,1089,114.681780
1,1090,391.931236
1,1091,114.681780
1,1092,114.681780
1,1093,114.681780
1,1094,471.216102
1,1095,229.577951
1,1096,114.681780
1,1097,114.681780
1,1098,114.681780
1,1099,114.681780
1,1100,114.681780
1,1101,114.681780
1,1102,271.206998
1,1103,417.741245
1,1104,114.681780
1,1105,246.229570
1,1106,114.681780
1,1107,114.681780
1,1108,114.681780
1,1109,114.681780
1,1110,114.681780
1,1111,114.681780
1,1112,114.681780
1,1113,114.681780
1,1114,114.681780
1,1115,114.681780
1,1116,217.089237
1,1117,207.098265
1,1118,114.681780
1,1119,291.188941
1,1120,114.681780
1,1121,114.681780
1,1122,114.681780
1,1123,284.528294
1,1124,114.681780
1,1125,114.681780
1,1126,114.681780
1,1127,114.681780
1,1128,376.112198
1,1129,262.048608
1,1130,114.681780
1,1131,272.039579
1,1132,114.681780
1,1133,318.664112
1,1134,114.681780
1,1135,688.047778
1,1136,114.681780
1,1137,230.410532
1,1138,114.681780
1,1139,114.681780
1,1140,114.681780
1,1141,114.681780
1,1142,114.681780
1,1143,114.681780
1,1144,114.681780
1,1145,114.681780
1,1146,114.681780
1,1147,114.681780
1,1148,114.681780
1,1149,114.681780
1,1150,114.681780
1,1151,114.681780
1,1152,114.681780
1,1153,114.681780
1,1154,114.681780
1,1155,114.681780
1,1156,114.681780
1,1157,114.681780
1,1158,114.681780
1,1159,114.681780
1,1160,114.681780
1,1161,114.681780
1,1162,114.681780
1,1163,114.681780
1,1164,232.075694
1,1165,114.681780
1,1166,236.238599
1,1167,114.681780
1,1168,749.097473
1,1169,437.723188
1,1170,114.681780
1,1171,114.681780
1,1172,114.681780
1,1173,114.681780
1,1174,114.681780
1,1175,114.681780
1,1176,114.681780
1,1177,114.681780
1,1178,114.681780
1,1179,114.681780
1,1180,371.949293
1,1181,246.229570
1,1182,114.681780
1,1183,234.573437
1,1184,114.681780
1,1185,114.681780
1,1186,114.681780
1,1187,114.681780
1,1188,114.681780
1,1189,114.681780
1,1190,335.315731
1,1191,114.681780
1,1192,114.681780
1,1193,114.681780
1,1194,114.681780
1,1195,240.401503
1,1196,114.681780
1,1197,114.681780
1,1198,114.681780
1,1199,249.559894
1,1200,114.681780
1,1201,114.681780
1,1202,114.681780
1,1203,336.148312
1,1204,740.676825
1,1205,114.681780
1,1206,114.681780
1,1207,328.655084
1,1208,307.840560
1,1209,511.214178
1,1210,114.681780
1,1211,993.296253
1,1212,226.247627
1,1213,552.264835
1,1214,114.681780
1,1215,326.989922
1,1216,114.681780
1,1217,259.550865
1,1218,114.681780
1,1219,114.681780
1,1220,576.474197
1,1221,114.681780
1,1222,715.414882
1,1223,114.681780
1,1224,286.193455
1,1225,114.681780
1,1226,114.681780
1,1227,114.681780
1,1228,292.021522
1,1229,266.211513
1,1230,284.528294
1,1231,371.116712
1,1232,539.633864
1,1233,381.940265
1,1234,114.681780
1,1235,306.175398
1,1236,114.681780
1,1237,114.681780
1,1238,114.681780
1,1239,251.225056
1,1240,114.681780
1,1241,341.976379
1,1242,114.681780
1,1243,233.740856
1,1244,284.528294
1,1245,114.681780
1,1246,235.406018
1,1247,114.681780
1,1248,265.378932
1,1249,114.681780
1,1250,410.248017
1,1251,819.620396
1,1252,524.897731
1,1253,114.681780
1,1254,503.846112
1,1255,298.682170
1,1256,232.075694
1,1257,114.681780
1,1258,409.415436
1,1259,372.781874
1,1260,249.559894
1,1261,114.681780
1,1262,326.157341
1,1263,114.681780
1,1264,243.731827
1,1265,238.736341
1,1266,277.035065
1,1267,216.256656
1,1268,114.681780
1,1269,114.681780
1,1270,320.329274
1,1271,114.681780
1,1272,281.197970
1,1273,444.383836
1,1274,353.632512
1,1275,738.571663
1,1276,284.528294
1,1277,114.681780
1,1278,249.559894
1,1279,114.681780
1,1280,114.681780
1,1281,239.568922
1,1282,284.528294
1,1283,114.681780
1,1284,114.681780
1,1285,114.681780
1,1286,114.681780
1,1287,114.681780
1,1288,114.681780
1,1289,114.681780
1,1290,300.347332
1,1291,347.804446
1,1292,114.681780
1,1293,114.681780
1,1294,114.681780
1,1295,114.681780
1,1296,114.681780
1,1297,114.681780
1,1298,416.908664
1,1299,114.681780
1,1300,114.681780
1,1301,114.681780
1,1302,478.584169
1,1303,114.681780
1,1304,114.681780
1,1305,262.881189
1,1306,114.681780
1,1307,272.039579
1,1308,1306.965375
1,1309,114.681780
1,1310,510.161597
1,1311,542.791607
1,1312,114.681780
1,1313,114.681780
1,1314,821.725558
1,1315,114.681780
1,1316,570.158711
1,1317,114.681780
1,1318,407.750274
1,1319,114.681780
1,1320,896.458805
1,1321,114.681780
1,1322,250.392475
1,1323,114.681780
1,1324,241.234084
1,1325,114.681780
1,1326,114.681780
1,1327,114.681780
1,1328,114.681780
1,1329,278.700227
1,1330,380.275103
1,1331,114.681780
1,1332,114.681780
1,1333,250.392475
1,1334,114.681780
1,1335,287.858617
1,1336,114.681780
1,1337,114.681780
1,1338,206.265684
1,1339,114.681780
1,1340,309.505722
1,1341,304.510236
1,1342,114.681780
1,1343,424.401893
1,1344,114.681780
1,1345,114.681780
1,1346,344.474122
1,1347,114.681780
1,1348,252.890218
1,1349,247.894732
1,1350,276.202484
1,1351,114.681780
1,1352,254.555379
1,1353,343.641541
1,1354,217.921818
1,1355,245.396989
1,1356,677.521968
1,1357,114.681780
1,1358,961.718824
1,1359,114.681780
1,1360,881.722672
1,1361,376.944779
1,1362,252.057637
1,1363,114.681780
1,1364,114.681780
1,1365,114.681780
1,1366,114.681780
1,1367,938.562043
1,1368,740.676825
1,1369,114.681780
1,1370,723.835530
1,1371,114.681780
1,1372,114.681780
1,1373,237.903760
1,1374,321.994436
1,1375,114.681780
1,1376,262.048608
1,1377,390.266074
1,1378,656.470349
1,1379,114.681780
1,1380,791.200711
1,1381,958.561081
1,1382,114.681780
1,1383,114.681780
1,1384,591.210330
1,1385,114.681780
1,1386,1254.336328
1,1387,1505.903175
1,1388,114.681780
1,1389,2450.068285
1,1390,2493.224104
1,1391,821.725558
1,1392,114.681780
1,1393,203.767942
1,1394,741.729406
1,1395,857.513310
1,1396,657.522930
1,1397,114.681780
1,1398,864.881377
1,1399,278.700227
1,1400,114.681780
1,1401,341.143798
1,1402,379.442522
1,1403,114.681780
1,1404,488.057397
1,1405,495.425464
1,1406,378.609941
1,1407,238.736341
1,1408,114.681780
1,1409,571.211292
1,1410,114.681780
1,1411,685.942616
1,1412,692.258101
1,1413,258.718284
1,1414,358.627998
1,1415,114.681780
1,1416,712.257139
1,1417,114.681780
1,1418,114.681780
1,1419,779.622320
1,1420,431.062541
1,1421,114.681780
1,1422,289.523779
1,1423,114.681780
1,1424,361.125741
1,1425,114.681780
1,1426,114.681780
1,1427,304.510236
1,1428,519.634826
1,1429,510.161597
1,1430,114.681780
1,1431,341.143798
1,1432,114.681780
1,1433,296.184427
1,1434,325.324760
1,1435,114.681780
1,1436,114.681780
1,1437,404.419950
1,1438,114.681780
1,1439,233.740856
1,1440,114.681780
1,1441,114.681780
1,1442,246.229570
1,1443,257.885703
1,1444,114.681780
1,1445,114.681780
1,1446,114.681780
1,1447,563.843226
1,1448,237.903760
1,1449,114.681780
1,1450,114.681780
1,1451,1578.531260
1,1452,276.202484
1,1453,615.419692
1,1454,114.681780
1,1455,1043.820138
1,1456,1025.926262
1,1457,277.035065
1,1458,228.745370
1,1459,310.338303
1,1460,114.681780
1,1461,426.899636
1,1462,798.568777
1,1463,114.681780
1,1464,652.260025
1,1465,843.829758
1,1466,340.311217
1,1467,2233.236610
1,1468,246.229570
1,1469,255.387960
1,1470,451.044483
1,1471,114.681780
1,1472,421.904150
1,1473,114.681780
1,1474,1389.066689
1,1475,114.681780
1,1476,716.467463
1,1477,445.216417
1,1478,114.681780
1,1479,445.216417
1,1480,114.681780
1,1481,289.523779
1,1482,114.681780
1,1483,252.057637
1,1484,294.519265
1,1485,114.681780
1,1486,290.356360
1,1487,563.843226
1,1488,247.894732
1,1489,622.787759
1,1490,834.356529
1,1491,361.958322
1,1492,216.256656
1,1493,447.714159
1,1494,331.985408
1,1495,114.681780
1,1496,114.681780
1,1497,114.681780
1,1498,635.418730
1,1499,247.894732
1,1500,266.211513
1,1501,114.681780
1,1502,594.368073
1,1503,369.451550
1,1504,114.681780
1,1505,565.948388
1,1506,421.071569
1,1507,114.681780
1,1508,650.154863
1,1509,114.681780
1,1510,114.681780
1,1511,211.261170
1,1512,558.580321
1,1513,287.858617
1,1514,114.681780
1,1515,269.541837
1,1516,114.681780
1,1517,297.017008
1,1518,554.369997
1,1519,360.293160
1,1520,114.681780
1,1521,369.451550
1,1522,114.681780
1,1523,290.356360
1,1524,307.007979
1,1525,114.681780
1,1526,307.840560
1,1527,344.474122
1,1528,401.089626
1,1529,114.681780
1,1530,718.572625
1,1531,396.094141
1,1532,114.681780
1,1533,114.681780
1,1534,307.007979
1,1535,114.681780
1,1536,114.681780
1,1537,794.358453
1,1538,247.894732
1,1539,114.681780
1,1540,248.727313
1,1541,114.681780
1,1542,297.017008
1,1543,114.681780
1,1544,114.681780
1,1545,114.681780
1,1546,114.681780
1,1547,589.105168
1,1548,114.681780
1,1549,655.417768
1,1550,114.681780
1,1551,114.681780
1,1552,114.681780
1,1553,114.681780
1,1554,114.681780
1,1555,114.681780
1,1556,114.681780
1,1557,114.681780
1,1558,114.681780
1,1559,294.519265
1,1560,257.885703
1,1561,326.157341
1,1562,114.681780
1,1563,114.681780
1,1564,114.681780
1,1565,383.605426
1,1566,518.582245
1,1567,219.586980
1,1568,1010.137548
1,1569,114.681780
1,1570,114.681780
1,1571,114.681780
1,1572,114.681780
1,1573,686.995197
1,1574,114.681780
1,1575,881.722672
1,1576,2261.656296
1,1577,1942.724268
1,1578,373.614455
1,1579,114.681780
1,1580,214.591494
1,1581,114.681780
1,1582,348.637027
1,1583,114.681780
1,1584,114.681780
1,1585,114.681780
1,1586,284.528294
1,1587,499.635788
1,1588,1168.024690
1,1589,575.421616
1,1590,565.948388
1,1591,114.681780
1,1592,114.681780
1,1593,114.681780
1,1594,234.573437
1,1595,277.035065
1,1596,114.681780
1,1597,114.681780
1,1598,114.681780
1,1599,889.090739
1,1600,114.681780
1,1601,114.681780
1,1602,375.279617
1,1603,675.416806
1,1604,215.424075
1,1605,351.967350
1,1606,445.216417
1,1607,114.681780
1,1608,373.614455
1,1609,114.681780
1,1610,114.681780
1,1611,114.681780
1,1612,114.681780
1,1613,114.681780
1,1614,262.048608
1,1615,114.681780
1,1616,114.681780
1,1617,114.681780
1,1618,114.681780
1,1619,292.854103
1,1620,114.681780
1,1621,114.681780
1,1622,427.732217
1,1623,419.406407
1,1624,223.749884
1,1625,114.681780
1,1626,114.681780
1,1627,335.315731
1,1628,114.681780
1,1629,771.201673
1,1630,426.067055
1,1631,114.681780
1,1632,278.700227
1,1633,282.030551
1,1634,267.876675
1,1635,114.681780
1,1636,365.288646
1,1637,114.681780
1,1638,332.817989
1,1639,114.681780
1,1640,114.681780
1,1641,535.423540
1,1642,114.681780
1,1643,114.681780
1,1644,114.681780
1,1645,114.681780
1,1646,114.681780
1,1647,431.895121
1,1648,114.681780
1,1649,114.681780
1,1650,114.681780
1,1651,114.681780
1,1652,114.681780
1,1653,114.681780
1,1654,114.681780
1,1655,114.681780
1,1656,114.681780
1,1657,114.681780
1,1658,114.681780
1,1659,366.953807
1,1660,274.537322
1,1661,241.234084
1,1662,663.838416
1,1663,741.729406
1,1664,114.681780
1,1665,1138.552424
1,1666,899.616548
1,1667,114.681780
1,1668,114.681780
1,1669,114.681780
1,1670,114.681780
1,1671,114.681780
1,1672,114.681780
1,1673,114.681780
1,1674,274.537322
1,1675,114.681780
1,1676,832.251368
1,1677,417.741245
1,1678,114.681780
1,1679,394.428979
1,1680,114.681780
1,1681,114.681780
1,1682,114.681780
1,1683,114.681780
1,1684,114.681780
1,1685,114.681780
1,1686,114.681780
1,1687,114.681780
1,1688,114.681780
1,1689,114.681780
1,1690,114.681780
1,1691,371.949293
1,1692,114.681780
1,1693,331.985408
1,1694,114.681780
1,1695,114.681780
1,1696,114.681780
1,1697,114.681780
1,1698,390.266074
1,1699,252.890218
1,1700,114.681780
1,1701,262.881189
1,1702,346.971865
1,1703,114.681780
1,1704,114.681780
1,1705,114.681780
1,1706,114.681780
1,1707,114.681780
1,1708,114.681780
1,1709,114.681780
1,1710,114.681780
1,1711,232.908275
1,1712,366.121227
1,1713,114.681780
1,1714,279.532808
1,1715,255.387960
1,1716,277.035065
1,1717,114.681780
1,1718,1132.236938
1,1719,241.234084
1,1720,370.284131
1,1721,377.777360
1,1722,1230.126966
1,1723,114.681780
1,1724,114.681780
1,1725,114.681780
1,1726,114.681780
1,1727,114.681780
1,1728,114.681780
1,1729,114.681780
1,1730,114.681780
1,1731,378.609941
1,1732,114.681780
1,1733,336.148312
1,1734,114.681780
1,1735,114.681780
1,1736,114.681780
1,1737,114.681780
1,1738,114.681780
1,1739,114.681780
1,1740,114.681780
1,1741,114.681780
1,1742,114.681780
1,1743,267.044094
1,1744,232.075694
1,1745,114.681780
1,1746,114.681780
1,1747,114.681780
1,1748,114.681780
1,1749,114.681780
1,1750,114.681780
1,1751,114.681780
1,1752,114.681780
1,1753,362.790903
1,1754,114.681780
1,1755,316.166370
1,1756,114.681780
1,1757,114.681780
1,1758,114.681780
1,1759,114.681780
1,1760,114.681780
1,1761,114.681780
1,1762,257.885703
1,1763,114.681780
1,1764,114.681780
1,1765,368.618969
1,1766,114.681780
1,1767,290.356360
1,1768,227.080208
1,1769,114.681780
1,1770,114.681780
1,1771,114.681780
1,1772,114.681780
1,1773,236.238599
1,1774,114.681780
1,1775,114.681780
1,1776,297.849589
1,1777,114.681780
1,1778,114.681780
1,1779,114.681780
1,1780,114.681780
1,1781,114.681780
1,1782,114.681780
1,1783,114.681780
1,1784,114.681780
1,1785,114.681780
1,1786,114.681780
1,1787,244.564408
1,1788,114.681780
1,1789,114.681780
1,1790,114.681780
1,1791,114.681780
1,1792,114.681780
1,1793,114.681780
1,1794,273.704741
1,1795,374.447036
1,1796,114.681780
1,1797,222.084722
1,1798,114.681780
1,1799,114.681780
1,1800,114.681780
1,1801,114.681780
1,1802,114.681780
1,1803,114.681780
1,1804,114.681780
1,1805,114.681780
1,1806,114.681780
1,1807,452.709645
1,1808,114.681780
1,1809,114.681780
1,1810,114.681780
1,1811,114.681780
1,1812,114.681780
1,1813,114.681780
1,1814,114.681780
1,1815,114.681780
1,1816,114.681780
1,1817,114.681780
1,1818,239.568922
1,1819,447.714159
1,1820,229.577951
1,1821,260.383446
1,1822,114.681780
1,1823,244.564408
1,1824,249.559894
1,1825,114.681780
1,1826,265.378932
1,1827,114.681780
1,1828,114.681780
1,1829,246.229570
1,1830,114.681780
1,1831,258.718284
1,1832,114.681780
1,1833,114.681780
1,1834,114.681780
1,1835,114.681780
1,1836,114.681780
1,1837,239.568922
1,1838,114.681780
1,1839,276.202484
1,1840,114.681780
1,1841,314.501208
1,1842,242.899246
1,1843,287.858617
1,1844,401.922207
1,1845,114.681780
1,1846,114.681780
1,1847,114.681780
1,1848,114.681780
1,1849,114.681780
1,1850,114.681780
1,1851,237.903760
1,1852,114.681780
1,1853,114.681780
1,1854,114.681780
1,1855,114.681780
1,1856,114.681780
1,1857,114.681780
1,1858,114.681780
1,1859,114.681780
1,1860,338.646055
1,1861,114.681780
1,1862,114.681780
1,1863,114.681780
1,1864,114.681780
1,1865,114.681780
1,1866,114.681780
1,1867,227.080208
1,1868,114.681780
1,1869,320.329274
1,1870,114.681780
1,1871,278.700227
1,1872,114.681780
1,1873,262.048608
1,1874,355.297674
1,1875,114.681780
1,1876,114.681780
1,1877,282.863132
1,1878,357.795417
1,1879,114.681780
1,1880,287.858617
1,1881,253.722798
1,1882,114.681780
1,1883,114.681780
1,1884,633.313568
1,1885,542.791607
1,1886,114.681780
1,1887,410.248017
1,1888,274.537322
1,1889,271.206998
1,1890,114.681780
1,1891,297.017008
1,1892,582.789683
1,1893,114.681780
1,1894,371.949293
1,1895,396.926722
1,1896,114.681780
1,1897,351.967350
1,1898,114.681780
1,1899,315.333789
1,1900,252.057637
1,1901,114.681780
1,1902,114.681780
1,1903,602.788721
1,1904,602.788721
1,1905,440.220931
1,1906,439.388350
1,1907,623.840340
1,1908,337.813474
1,1909,831.198787
1,1910,383.605426
1,1911,492.267721
1,1912,282.030551
1,1913,114.681780
1,1914,336.148312
1,1915,280.365389
1,1916,114.681780
1,1917,291.188941
1,1918,114.681780
1,1919,114.681780
1,1920,2045.877201
1,1921,402.754788
1,1922,348.637027
1,1923,114.681780
1,1924,1803.783583
1,1925,462.795455
1,1926,444.383836
1,1927,114.681780
1,1928,861.723634
1,1929,393.596398
1,1930,398.591884
1,1931,326.157341
1,1932,594.368073
1,1933,114.681780
1,1934,114.681780
1,1935,114.681780
1,1936,636.471311
1,1937,114.681780
1,1938,114.681780
1,1939,114.681780
1,1940,114.681780
1,1941,114.681780
1,1942,114.681780
1,1943,114.681780
1,1944,114.681780
1,1945,356.130255
1,1946,224.582465
1,1947,330.320246
1,1948,346.971865
1,1949,114.681780
1,1950,331.152827
1,1951,254.555379
1,1952,114.681780
1,1953,1038.557233
1,1954,457.532550
1,1955,114.681780
1,1956,240.401503
1,1957,287.026036
1,1958,690.152940
1,1959,293.686684
1,1960,1618.529336
1,1961,935.404301
1,1962,114.681780
1,1963,869.091701
1,1964,282.863132
1,1965,403.587369
1,1966,114.681780
1,1967,242.066665
1,1968,431.062541
1,1969,594.368073
1,1970,434.392864
1,1971,114.681780
1,1972,393.596398
1,1973,114.681780
1,1974,114.681780
1,1975,114.681780
1,1976,496.478045
1,1977,457.532550
1,1978,291.188941
1,1979,885.932996
1,1980,412.745760
1,1981,114.681780
1,1982,114.681780
1,1983,114.681780
1,1984,549.107092
1,1985,310.338303
1,1986,901.721710
1,1987,986.980767
1,1988,114.681780
1,1989,446.048998
1,1990,114.681780
1,1991,1366.962489
1,1992,114.681780
1,1993,584.894845
1,1994,344.474122
1,1995,428.564798
1,1996,114.681780
1,1997,878.564929
1,1998,1062.766595
1,1999,114.681780
1,2000,114.681780
1,2001,786.990387
1,2002,114.681780
1,2003,277.867646
1,2004,492.267721
1,2005,114.681780
1,2006,1497.482527
1,2007,114.681780
1,2008,1368.015070
1,2009,869.091701
1,2010,557.527740
1,2011,226.247627
1,2012,818.567815
1,2013,114.681780
1,2014,553.317416
1,2015,114.681780
1,2016,789.095549
1,2017,356.962836
1,2018,114.681780
1,2019,1704.840974
1,2020,114.681780
1,2021,426.067055
1,2022,390.266074
1,2023,114.681780
1,2024,1036.452072
1,2025,114.681780
1,2026,406.085112
1,2027,492.267721
1,2028,477.531588
1,2029,722.782949
1,2030,326.989922
1,2031,377.777360
1,2032,266.211513
1,2033,275.369903
1,2034,310.338303
1,2035,114.681780
1,2036,114.681780
1,2037,114.681780
1,2038,114.681780
1,2039,273.704741
1,2040,265.378932
1,2041,114.681780
1,2042,292.021522
1,2043,533.318378
1,2044,479.636750
1,2045,402.754788
1,2046,460.690293
1,2047,263.713770
1,2048,800.673939
1,2049,676.469387
1,2050,266.211513
1,2051,282.030551
1,2052,282.863132
1,2053,114.681780
1,2054,379.442522
1,2055,472.268683
1,2056,671.206482
1,2057,347.804446
1,2058,321.994436
1,2059,518.582245
1,2060,406.917693
1,2061,114.681780
1,2062,114.681780
1,2063,114.681780
1,2064,290.356360
1,2065,453.542226
1,2066,400.257045
1,2067,547.001931
1,2068,114.681780
1,2069,495.425464
1,2070,114.681780
1,2071,638.576473
1,2072,114.681780
1,2073,762.781025
1,2074,361.958322
1,2075,250.392475
1,2076,284.528294
1,2077,478.584169
1,2078,114.681780
1,2079,580.684521
1,2080,114.681780
1,2081,533.318378
1,2082,736.466501
1,2083,1554.321898
1,2084,314.501208
1,2085,545.949350
1,2086,416.076083
1,2087,221.252142
1,2088,261.216027
1,2089,944.877529
1,2090,1185.918566
1,2091,1675.368707
1,2092,383.605426
1,2093,536.476121
1,2094,1752.207116
1,2095,422.736731
1,2096,352.799931
1,2097,498.583207
1,2098,114.681780
1,2099,618.577435
1,2100,347.804446
1,2101,824.883301
1,2102,944.877529
1,2103,1299.597309
1,2104,339.478636
1,2105,503.846112
1,2106,114.681780
1,2107,114.681780
1,2108,206.265684
1,2109,114.681780
1,2110,114.681780
1,2111,114.681780
1,2112,114.681780
1,2113,114.681780
1,2114,391.098655
1,2115,203.767942
1,2116,272.039579
1,2117,386.935750
1,2118,484.899655
1,2119,114.681780
1,2120,399.424464
1,2121,114.681780
1,2122,389.433493
1,2123,114.681780
1,2124,312.836046
1,2125,254.555379
1,2126,114.681780
1,2127,114.681780
1,2128,114.681780
1,2129,242.899246
1,2130,293.686684
1,2131,114.681780
1,2132,633.313568
1,2133,114.681780
1,2134,357.795417
1,2135,114.681780
1,2136,260.383446
1,2137,580.684521
1,2138,898.563967
1,2139,383.605426
1,2140,221.252142
1,2141,436.058026
1,2142,1153.288557
1,2143,485.952236
1,2144,846.987501
1,2145,502.793531
1,2146,494.372883
1,2147,114.681780
1,2148,1201.707280
1,2149,463.848036
1,2150,1306.965375
1,2151,114.681780
1,2152,412.745760
1,2153,114.681780
1,2154,114.681780
1,2155,114.681780
1,2156,114.681780
1,2157,114.681780
1,2158,304.510236
1,2159,114.681780
1,2160,114.681780
1,2161,748.044892
1,2162,114.681780
1,2163,442.718674
1,2164,114.681780
1,2165,682.784873
1,2166,952.245596
1,2167,518.582245
1,2168,114.681780
1,2169,1044.872719
1,2170,1043.820138
1,2171,926.983653
1,2172,924.878491
1,2173,294.519265
1,2174,742.781987
1,2175,333.650570
1,2176,359.460579
1,2177,815.410072
1,2178,114.681780
1,2179,342.808960
1,2180,978.560119
1,2181,716.467463
1,2182,114.681780
1,2183,114.681780
1,2184,114.681780
1,2185,642.786797
1,2186,261.216027
1,2187,672.259063
1,2188,2360.598905
1,2189,352.799931
1,2190,553.317416
1,2191,483.847074
1,2192,594.368073
1,2193,531.213216
1,2194,570.158711
1,2195,296.184427
1,2196,449.379321
1,2197,216.256656
1,2198,114.681780
1,2199,585.947426
1,2200,114.681780
1,2201,817.515234
1,2202,379.442522
1,2203,722.782949
1,2204,114.681780
1,2205,309.505722
1,2206,579.631940
1,2207,1060.661433
1,2208,685.942616
1,2209,114.681780
1,2210,414.410922
1,2211,859.618472
1,2212,726.993273
1,2213,418.573826
1,2214,521.739988
1,2215,564.895807
1,2216,114.681780
1,2217,4395.237878
1,2218,443.551255
1,2219,114.681780
1,2220,694.363263
1,2221,601.736140
1,2222,752.255215
1,2223,114.681780
1,2224,524.897731
1,2225,392.763817
1,2226,321.994436
1,2227,351.967350
1,2228,252.057637
1,2229,444.383836
1,2230,578.579359
1,2231,652.260025
1,2232,1136.447262
1,2233,114.681780
1,2234,302.012493
1,2235,677.521968
1,2236,247.894732
1,2237,376.944779
1,2238,690.152940
1,2239,341.976379
1,2240,114.681780
1,2241,286.193455
1,2242,114.681780
1,2243,114.681780
1,2244,291.188941
1,2245,114.681780
1,2246,114.681780
1,2247,114.681780
1,2248,451.044483
1,2249,351.134769
1,2250,328.655084
1,2251,114.681780
1,2252,114.681780
1,2253,114.681780
1,2254,544.896769
1,2255,114.681780
1,2256,114.681780
1,2257,114.681780
1,2258,401.089626
1,2259,509.109016
1,2260,341.976379
1,2261,114.681780
1,2262,287.026036
1,2263,222.084722
1,2264,276.202484
1,2265,669.101321
1,2266,114.681780
1,2267,114.681780
1,2268,458.585131
1,2269,292.854103
1,2270,114.681780
1,2271,483.847074
1,2272,250.392475
1,2273,114.681780
1,2274,249.559894
1,2275,427.732217
1,2276,460.690293
1,2277,564.895807
1,2278,114.681780
1,2279,781.727482
1,2280,257.053122
1,2281,1108.027576
1,2282,265.378932
1,2283,832.251368
1,2284,114.681780
1,2285,114.681780
1,2286,213.758913
1,2287,114.681780
1,2288,114.681780
1,2289,114.681780
1,2290,114.681780
1,2291,265.378932
1,2292,300.347332
1,2293,114.681780
1,2294,114.681780
1,2295,251.225056
1,2296,216.256656
1,2297,237.071180
1,2298,458.585131
1,2299,500.688369
1,2300,934.351720
1,2301,275.369903
1,2302,1043.820138
1,2303,467.005778
1,2304,277.867646
1,2305,389.433493
1,2306,114.681780
1,2307,426.899636
1,2308,336.980893
1,2309,308.673141
1,2310,114.681780
1,2311,257.053122
1,2312,114.681780
1,2313,652.260025
1,2314,114.681780
1,2315,114.681780
1,2316,428.564798
1,2317,114.681780
1,2318,455.427388
1,2319,307.840560
1,2320,316.998951
1,2321,242.899246
1,2322,549.107092
1,2323,391.098655
1,2324,570.158711
1,2325,114.681780
1,2326,843.829758
1,2327,114.681780
1,2328,490.162559
1,2329,280.365389
1,2330,270.374417
1,2331,114.681780
1,2332,895.406224
1,2333,114.681780
1,2334,114.681780
1,2335,543.844188
1,2336,114.681780
1,2337,1089.081119
1,2338,1963.775887
1,2339,1425.907022
1,2340,114.681780
1,2341,974.349796
1,2342,636.471311
1,2343,1061.714014
1,2344,292.854103
1,2345,906.984615
1,2346,745.939730
1,2347,398.591884
1,2348,114.681780
1,2349,440.220931
1,2350,592.262911
1,2351,332.817989
1,2352,244.564408
1,2353,298.682170
1,2354,114.681780
1,2355,576.474197
1,2356,1032.241748
1,2357,344.474122
1,2358,642.786797
1,2359,262.048608
1,2360,1645.896441
1,2361,1572.215774
1,2362,114.681780
1,2363,1035.399491
1,2364,2571.115094
1,2365,1332.227318
1,2366,1720.629688
1,2367,482.794493
1,2368,114.681780
1,2369,212.926332
1,2370,403.587369
1,2371,114.681780
1,2372,356.962836
1,2373,401.089626
1,2374,114.681780
1,2375,376.112198
1,2376,437.723188
1,2377,114.681780
1,2378,666.996159
1,2379,514.371921
1,2380,251.225056
1,2381,263.713770
1,2382,1081.713052
1,2383,750.150054
1,2384,114.681780
1,2385,285.360875
1,2386,257.053122
1,2387,387.768331
1,2388,114.681780
1,2389,956.455919
1,2390,405.252531
1,2391,271.206998
1,2392,114.681780
1,2393,626.998083
1,2394,329.487665
1,2395,114.681780
1,2396,349.469608
1,2397,686.995197
1,2398,2653.216408
1,2399,1319.596347
1,2400,322.827017
1,2401,2095.348506
1,2402,114.681780
1,2403,114.681780
1,2404,738.571663
1,2405,1206.970185
1,2406,775.411996
1,2407,2540.590247
1,2408,114.681780
1,2409,441.886093
1,2410,365.288646
1,2411,114.681780
1,2412,114.681780
1,2413,114.681780
1,2414,114.681780
1,2415,1116.448224
1,2416,230.410532
1,2417,1034.346910
1,2418,114.681780
1,2419,114.681780
1,2420,114.681780
1,2421,114.681780
1,2422,114.681780
1,2423,343.641541
1,2424,358.627998
1,2425,114.681780
1,2426,281.197970
1,2427,114.681780
1,2428,114.681780
1,2429,114.681780
1,2430,114.681780
1,2431,114.681780
1,2432,114.681780
1,2433,114.681780
1,2434,114.681780
1,2435,114.681780
1,2436,114.681780
1,2437,361.125741
1,2438,114.681780
1,2439,327.822503
1,2440,341.143798
1,2441,442.718674
1,2442,114.681780
1,2443,114.681780
1,2444,114.681780
1,2445,114.681780
1,2446,114.681780
1,2447,114.681780
1,2448,114.681780
1,2449,114.681780
1,2450,114.681780
1,2451,353.632512
1,2452,114.681780
1,2453,302.845074
1,2454,114.681780
1,2455,306.175398
1,2456,366.953807
1,2457,431.062541
1,2458,700.678749
1,2459,312.003465
1,2460,114.681780
1,2461,287.026036
1,2462,114.681780
1,2463,503.846112
1,2464,906.984615
1,2465,311.170884
1,2466,242.899246
1,2467,235.406018
1,2468,114.681780
1,2469,257.885703
1,2470,114.681780
1,2471,252.890218
1,2472,639.629054
1,2473,114.681780
1,2474,416.076083
1,2475,114.681780
1,2476,114.681780
1,2477,332.817989
1,2478,114.681780
1,2479,114.681780
1,2480,404.419950
1,2481,426.067055
1,2482,284.528294
1,2483,114.681780
1,2484,114.681780
1,2485,489.109978
1,2486,902.774291
1,2487,652.260025
1,2488,114.681780
1,2489,785.937806
1,2490,946.982691
1,2491,216.256656
1,2492,766.991349
1,2493,456.479969
1,2494,114.681780
1,2495,576.474197
1,2496,372.781874
1,2497,114.681780
1,2498,114.681780
1,2499,222.084722
1,2500,264.546351
1,2501,114.681780
1,2502,700.678749
1,2503,419.406407
1,2504,114.681780
1,2505,751.202635
1,2506,114.681780
1,2507,1709.051298
1,2508,114.681780
1,2509,114.681780
1,2510,404.419950
1,2511,343.641541
1,2512,114.681780
1,2513,252.057637
1,2514,331.985408
1,2515,316.166370
1,2516,114.681780
1,2517,267.876675
1,2518,1251.178585
1,2519,1032.241748
1,2520,499.635788
1,2521,114.681780
1,2522,555.422578
1,2523,114.681780
1,2524,426.899636
1,2525,562.790645
1,2526,340.311217
1,2527,255.387960
1,2528,381.107684
1,2529,114.681780
1,2530,114.681780
1,2531,114.681780
1,2532,114.681780
1,2533,314.501208
1,2534,392.763817
1,2535,744.887149
1,2536,114.681780
1,2537,414.410922
1,2538,783.832644
1,2539,1939.566525
1,2540,845.934920
1,2541,114.681780
1,2542,505.951274
1,2543,318.664112
1,2544,1904.831354
1,2545,222.917303
1,2546,903.826872
1,2547,895.406224
1,2548,533.318378
1,2549,508.056435
1,2550,491.215140
1,2551,114.681780
1,2552,424.401893
1,2553,328.655084
1,2554,114.681780
1,2555,1136.447262
1,2556,1947.987173
1,2557,356.962836
1,2558,511.214178
1,2559,1249.073423
1,2560,301.179913
1,2561,394.428979
1,2562,114.681780
1,2563,547.001931
1,2564,114.681780
1,2565,114.681780
1,2566,114.681780
1,2567,1057.503691
1,2568,262.048608
1,2569,114.681780
1,2570,698.573587
1,2571,395.261560
1,2572,860.671053
1,2573,1176.445338
1,2574,683.837454
1,2575,378.609941
1,2576,114.681780
1,2577,114.681780
1,2578,736.466501
1,2579,457.532550
1,2580,808.042006
1,2581,903.826872
1,2582,1289.071499
1,2583,114.681780
1,2584,779.622320
1,2585,114.681780
1,2586,308.673141
1,2587,429.397379
1,2588,114.681780
1,2589,992.243672
1,2590,1221.706318
1,2591,570.158711
1,2592,114.681780
1,2593,2102.716572
1,2594,114.681780
1,2595,114.681780
1,2596,620.682597
1,2597,2349.020514
1,2598,269.541837
1,2599,998.559157
1,2600,114.681780
1,2601,379.442522
1,2602,114.681780
1,2603,442.718674
1,2604,1566.952870
1,2605,1293.281823
1,2606,364.456065
1,2607,1776.416478
1,2608,741.729406
1,2609,1194.339214
1,2610,984.875605
1,2611,992.243672
1,2612,1008.032386
1,2613,114.681780
1,2614,114.681780
1,2615,114.681780
1,2616,384.438007
1,2617,463.848036
1,2618,636.471311
1,2619,430.229960
1,2620,114.681780
1,2621,1842.729078
1,2622,1183.813404
1,2623,114.681780
1,2624,114.681780
1,2625,388.600912
1,2626,114.681780
1,2627,114.681780
1,2628,732.256177
1,2629,114.681780
1,2630,231.243113
1,2631,576.474197
1,2632,513.319340
1,2633,488.057397
1,2634,935.404301
1,2635,114.681780
1,2636,114.681780
1,2637,749.097473
1,2638,356.962836
1,2639,114.681780
1,2640,691.205520
1,2641,114.681780
1,2642,778.569739
1,2643,1253.283747
1,2644,114.681780
1,2645,355.297674
1,2646,114.681780
1,2647,402.754788
1,2648,208.763427
1,2649,114.681780
1,2650,432.727702
1,2651,392.763817
1,2652,220.419561
1,2653,114.681780
1,2654,114.681780
1,2655,1195.391795
1,2656,114.681780
1,2657,354.465093
1,2658,114.681780
1,2659,295.351846
1,2660,361.958322
1,2661,114.681780
1,2662,114.681780
1,2663,114.681780
1,2664,114.681780
1,2665,114.681780
1,2666,114.681780
1,2667,114.681780
1,2668,250.392475
1,2669,114.681780
1,2670,444.383836
1,2671,114.681780
1,2672,478.584169
1,2673,473.321264
1,2674,114.681780
1,2675,630.155825
1,2676,114.681780
1,2677,371.949293
1,2678,260.383446
1,2679,114.681780
1,2680,297.017008
1,2681,114.681780
1,2682,256.220541
1,2683,114.681780
1,2684,289.523779
1,2685,114.681780
1,2686,283.695713
1,2687,114.681780
1,2688,695.415844
1,2689,114.681780
1,2690,114.681780
1,2691,114.681780
1,2692,225.415046
1,2693,314.501208
1,2694,240.401503
1,2695,304.510236
1,2696,391.931236
1,2697,833.303949
1,2698,114.681780
1,2699,581.737102
1,2700,270.374417
1,2701,210.428589
1,2702,768.043930
1,2703,307.007979
1,2704,459.637712
1,2705,455.427388
1,2706,207.930846
1,2707,114.681780
1,2708,399.424464
1,2709,114.681780
1,2710,403.587369
1,2711,266.211513
1,2712,114.681780
1,2713,326.989922
1,2714,334.483150
1,2715,368.618969
1,2716,307.840560
1,2717,421.904150
1,2718,451.044483
1,2719,114.681780
1,2720,589.105168
1,2721,869.091701
1,2722,254.555379
1,2723,679.627130
1,2724,427.732217
1,2725,387.768331
1,2726,436.890607
1,2727,114.681780
1,2728,114.681780
1,2729,615.419692
1,2730,114.681780
1,2731,275.369903
1,2732,446.881579
1,2733,114.681780
1,2734,272.872160
1,2735,228.745370
1,2736,287.858617
1,2737,292.021522
1,2738,114.681780
1,2739,114.681780
1,2740,114.681780
1,2741,366.121227
1,2742,114.681780
1,2743,460.690293
1,2744,114.681780
1,2745,683.837454
1,2746,393.596398
1,2747,341.976379
1,2748,272.872160
1,2749,444.383836
1,2750,408.582855
1,2751,733.308758
1,2752,362.790903
1,2753,846.987501
1,2754,719.625206
1,2755,114.681780
1,2756,879.617510
1,2757,880.670091
1,2758,371.116712
1,2759,291.188941
1,2760,1177.497919
1,2761,114.681780
1,2762,1612.213850
1,2763,227.080208
1,2764,1101.712090
1,2765,932.246558
1,2766,114.681780
1,2767,691.205520
1,2768,446.881579
1,2769,114.681780
1,2770,114.681780
1,2771,114.681780
1,2772,114.681780
1,2773,713.309720
1,2774,310.338303
1,2775,289.523779
1,2776,1260.651814
1,2777,382.772845
1,2778,539.633864
1,2779,726.993273
1,2780,261.216027
1,2781,734.361339
1,2782,698.573587
1,2783,307.007979
1,2784,436.890607
1,2785,823.830720
1,2786,309.505722
1,2787,1075.397567
1,2788,1226.969223
1,2789,334.483150
1,2790,274.537322
1,2791,114.681780
1,2792,114.681780
1,2793,242.066665
1,2794,114.681780
1,2795,474.373845
1,2796,114.681780
1,2797,114.681780
1,2798,114.681780
1,2799,114.681780
1,2800,114.681780
1,2801,244.564408
1,2802,247.894732
1,2803,297.849589
1,2804,114.681780
1,2805,114.681780
1,2806,114.681780
1,2807,114.681780
1,2808,214.591494
1,2809,446.048998
1,2810,493.320302
1,2811,114.681780
1,2812,381.940265
1,2813,1079.607890
1,2814,239.568922
1,2815,114.681780
1,2816,114.681780
1,2817,251.225056
1,2818,251.225056
1,2819,114.681780
1,2820,255.387960
1,2821,330.320246
1,2822,114.681780
1,2823,114.681780
1,2824,283.695713
1,2825,354.465093
1,2826,114.681780
1,2827,329.487665
1,2828,222.084722
1,2829,114.681780
1,2830,399.424464
1,2831,114.681780
1,2832,282.030551
1,2833,114.681780
1,2834,371.116712
1,2835,336.980893
1,2836,114.681780
1,2837,379.442522
1,2838,371.116712
1,2839,114.681780
1,2840,114.681780
1,2841,114.681780
1,2842,556.475159
1,2843,114.681780
1,2844,242.899246
1,2845,114.681780
1,2846,364.456065
1,2847,247.894732
1,2848,315.333789
1,2849,330.320246
1,2850,114.681780
1,2851,379.442522
1,2852,239.568922
1,2853,247.894732
1,2854,310.338303
1,2855,285.360875
1,2856,966.981729
1,2857,269.541837
1,2858,648.049702
1,2859,1157.498881
1,2860,114.681780
1,2861,497.530626
1,2862,114.681780
1,2863,114.681780
1,2864,114.681780
1,2865,114.681780
1,2866,114.681780
1,2867,297.849589
1,2868,285.360875
1,2869,114.681780
1,2870,114.681780
1,2871,347.804446
1,2872,114.681780
1,2873,521.739988
1,2874,114.681780
1,2875,682.784873
1,2876,1151.183395
1,2877,467.005778
1,2878,1789.047450
1,2879,592.262911
1,2880,267.876675
1,2881,1134.342100
1,2882,312.003465
1,2883,114.681780
1,2884,432.727702
1,2885,1473.273165
1,2886,114.681780
1,2887,114.681780
1,2888,661.733254
1,2889,114.681780
1,2890,298.682170
1,2891,579.631940
1,2892,511.214178
1,2893,311.170884
1,2894,114.681780
1,2895,423.569312
1,2896,341.143798
1,2897,209.596008
1,2898,114.681780
1,2899,631.208406
1,2900,331.985408
1,2901,217.921818
1,2902,262.048608
1,2903,345.306703
1,2904,114.681780
1,2905,308.673141
1,2906,311.170884
1,2907,114.681780
1,2908,281.197970
1,2909,309.505722
1,2910,549.107092
1,2911,247.894732
1,2912,323.659598
1,2913,248.727313
1,2914,302.845074
1,2915,482.794493
1,2916,114.681780
1,2917,431.062541
1,2918,406.917693
1,2919,456.479969
1,2920,353.632512
1,2921,114.681780
1,2922,248.727313
1,2923,114.681780
1,2924,240.401503
1,2925,381.107684
1,2926,270.374417
1,2927,463.848036
1,2928,114.681780
1,2929,245.396989
1,2930,637.523892
1,2931,114.681780
1,2932,591.210330
1,2933,114.681780
1,2934,1499.587689
1,2935,976.454957
1,2936,510.161597
1,2937,355.297674
1,2938,252.890218
1,2939,1315.386023
1,2940,713.309720
1,2941,237.903760
1,2942,292.854103
1,2943,114.681780
1,2944,396.926722
1,2945,114.681780
1,2946,293.686684
1,2947,444.383836
1,2948,114.681780
1,2949,740.676825
1,2950,114.681780
1,2951,452.709645
1,2952,114.681780
1,2953,1632.212888
1,2954,372.781874
1,2955,114.681780
1,2956,248.727313
1,2957,114.681780
1,2958,252.057637
1,2959,114.681780
1,2960,222.084722
1,2961,114.681780
1,2962,395.261560
1,2963,114.681780
1,2964,390.266074
1,2965,602.788721
1,2966,114.681780
1,2967,740.676825
1,2968,114.681780
1,2969,374.447036
1,2970,114.681780
1,2971,114.681780
1,2972,243.731827
1,2973,114.681780
1,2974,237.071180
1,2975,270.374417
1,2976,553.317416
1,2977,250.392475
1,2978,114.681780
1,2979,114.681780
1,2980,431.895121
1,2981,114.681780
1,2982,114.681780
1,2983,287.858617
1,2984,114.681780
1,2985,321.161855
1,2986,114.681780
1,2987,114.681780
1,2988,114.681780
1,2989,114.681780
1,2990,114.681780
1,2991,345.306703
1,2992,314.501208
1,2993,341.143798
1,2994,114.681780
1,2995,447.714159
1,2996,291.188941
1,2997,331.985408
1,2998,335.315731
1,2999,857.513310
1,3000,296.184427
1,3001,114.681780
1,3002,455.427388
1,3003,220.419561
1,3004,283.695713
1,3005,114.681780
1,3006,307.840560
1,3007,114.681780
1,3008,114.681780
1,3009,426.899636
1,3010,114.681780
1,3011,1175.392757
1,3012,794.358453
1,3013,401.922207
1,3014,260.383446
1,3015,114.681780
1,3016,114.681780
1,3017,558.580321
1,3018,114.681780
1,3019,323.659598
1,3020,437.723188
1,3021,272.872160
1,3022,114.681780
1,3023,356.130255
1,3024,371.116712
1,3025,386.935750
1,3026,257.885703
1,3027,382.772845
1,3028,114.681780
1,3029,114.681780
1,3030,114.681780
1,3031,289.523779
1,3032,288.691198
1,3033,114.681780
1,3034,251.225056
1,3035,473.321264
1,3036,114.681780
1,3037,248.727313
1,3038,114.681780
1,3039,416.076083
1,3040,114.681780
1,3041,114.681780
1,3042,114.681780
1,3043,229.577951
1,3044,234.573437
1,3045,303.677655
1,3046,114.681780
1,3047,114.681780
1,3048,114.681780
1,3049,114.681780
1,3050,114.681780
1,3051,114.681780
1,3052,114.681780
1,3053,114.681780
1,3054,114.681780
1,3055,114.681780
1,3056,114.681780
1,3057,463.848036
1,3058,550.159673
1,3059,262.881189
1,3060,443.551255
1,3061,114.681780
1,3062,114.681780
1,3063,114.681780
1,3064,114.681780
1,3065,114.681780
1,3066,114.681780
1,3067,202.935361
1,3068,114.681780
1,3069,533.318378
1,3070,2718.476427
1,3071,2041.666877
1,3072,1593.267393
1,3073,1275.387947
1,3074,1035.399491
1,3075,114.681780
1,3076,1100.659509
1,3077,538.581283
1,3078,724.888111
1,3079,565.948388
1,3080,888.038158
1,3081,833.303949
1,3082,246.229570
1,3083,524.897731
1,3084,282.863132
1,3085,560.685483
1,3086,608.051626
1,3087,542.791607
1,3088,972.244634
1,3089,369.451550
1,3090,1242.757937
1,3091,2671.110284
1,3092,596.473235
1,3093,942.772367
1,3094,718.572625
1,3095,643.839378
1,3096,484.899655
1,3097,114.681780
1,3098,216.256656
1,3099,308.673141
1,3100,1024.873681
1,3101,473.321264
1,3102,956.455919
1,3103,425.234474
1,3104,114.681780
1,3105,498.583207
1,3106,330.320246
1,3107,114.681780
1,3108,665.943578
1,3109,114.681780
1,3110,114.681780
1,3111,114.681780
1,3112,114.681780
1,3113,114.681780
1,3114,517.529664
1,3115,421.071569
1,3116,415.243502
1,3117,428.564798
1,3118,114.681780
1,3119,441.886093
1,3120,114.681780
1,3121,114.681780
1,3122,114.681780
1,3123,114.681780
1,3124,114.681780
1,3125,114.681780
1,3126,114.681780
1,3127,114.681780
1,3128,114.681780
1,3129,114.681780
1,3130,349.469608
1,3131,426.899636
1,3132,114.681780
1,3133,439.388350
1,3134,298.682170
1,3135,114.681780
1,3136,331.985408
1,3137,114.681780
1,3138,242.899246
1,3139,247.894732
1,3140,274.537322
1,3141,114.681780
1,3142,312.836046
1,3143,114.681780
1,3144,578.579359
1,3145,296.184427
1,3146,335.315731
1,3147,616.472273
1,3148,698.573587
1,3149,114.681780
1,3150,350.302189
1,3151,114.681780
1,3152,326.989922
1,3153,114.681780
1,3154,356.130255
1,3155,330.320246
1,3156,114.681780
1,3157,593.315492
1,3158,199.605037
1,3159,411.913179
1,3160,793.305872
1,3161,846.987501
1,3162,584.894845
1,3163,336.148312
1,3164,114.681780
1,3165,114.681780
1,3166,114.681780
1,3167,114.681780
1,3168,114.681780
1,3169,114.681780
1,3170,114.681780
1,3171,248.727313
1,3172,114.681780
1,3173,114.681780
1,3174,114.681780
1,3175,826.988463
1,3176,114.681780
1,3177,337.813474
1,3178,257.885703
1,3179,114.681780
1,3180,114.681780
1,3181,114.681780
1,3182,114.681780
1,3183,114.681780
1,3184,114.681780
1,3185,114.681780
1,3186,114.681780
1,3187,114.681780
1,3188,605.946464
1,3189,297.849589
1,3190,280.365389
1,3191,363.623484
1,3192,114.681780
1,3193,114.681780
1,3194,114.681780
1,3195,114.681780
1,3196,497.530626
1,3197,569.106130
1,3198,785.937806
1,3199,584.894845
1,3200,803.831682
1,3201,203.767942
1,3202,653.312606
1,3203,114.681780
1,3204,114.681780
1,3205,114.681780
1,3206,114.681780
1,3207,114.681780
1,3208,300.347332
1,3209,529.108054
1,3210,114.681780
1,3211,114.681780
1,3212,114.681780
1,3213,114.681780
1,3214,114.681780
1,3215,114.681780
1,3216,114.681780
1,3217,114.681780
1,3218,114.681780
1,3219,114.681780
1,3220,282.863132
1,3221,343.641541
1,3222,114.681780
1,3223,114.681780
1,3224,114.681780
1,3225,114.681780
1,3226,114.681780
1,3227,114.681780
1,3228,114.681780
1,3229,114.681780
1,3230,114.681780
1,3231,114.681780
1,3232,114.681780
1,3233,312.836046
1,3234,114.681780
1,3235,114.681780
1,3236,114.681780
1,3237,114.681780
1,3238,114.681780
1,3239,114.681780
1,3240,114.681780
1,3241,114.681780
1,3242,114.681780
1,3243,801.726520
1,3244,278.700227
1,3245,114.681780
1,3246,253.722798
1,3247,114.681780
1,3248,977.507538
1,3249,114.681780
1,3250,114.681780
1,3251,114.681780
1,3252,114.681780
1,3253,336.980893
1,3254,114.681780
1,3255,262.048608
1,3256,711.204558
1,3257,601.736140
1,3258,114.681780
1,3259,479.636750
1,3260,587.000007
1,3261,805.936844
1,3262,308.673141
1,3263,305.342817
1,3264,114.681780
1,3265,114.681780
1,3266,274.537322
1,3267,245.396989
1,3268,114.681780
1,3269,337.813474
1,3270,256.220541
1,3271,114.681780
1,3272,114.681780
1,3273,377.777360
1,3274,456.479969
1,3275,219.586980
1,3276,307.840560
1,3277,986.980767
1,3278,340.311217
1,3279,428.564798
1,3280,114.681780
1,3281,114.681780
1,3282,114.681780
1,3283,501.740950
1,3284,359.460579
1,3285,114.681780
1,3286,386.935750
1,3287,225.415046
1,3288,114.681780
1,3289,114.681780
1,3290,274.537322
1,3291,633.313568
1,3292,204.600523
1,3293,114.681780
1,3294,114.681780
1,3295,114.681780
1,3296,447.714159
1,3297,317.831532
1,3298,114.681780
1,3299,367.786388
1,3300,114.681780
1,3301,425.234474
1,3302,236.238599
1,3303,114.681780
1,3304,114.681780
1,3305,114.681780
1,3306,114.681780
1,3307,114.681780
1,3308,254.555379
1,3309,114.681780
1,3310,114.681780
1,3311,615.419692
1,3312,304.510236
1,3313,510.161597
1,3314,708.046816
1,3315,361.958322
1,3316,114.681780
1,3317,371.949293
1,3318,114.681780
1,3319,114.681780
1,3320,114.681780
1,3321,114.681780
1,3322,114.681780
1,3323,873.302025
1,3324,114.681780
1,3325,114.681780
1,3326,114.681780
1,3327,299.514751
1,3328,347.804446
1,3329,114.681780
1,3330,551.212254
1,3331,417.741245
1,3332,114.681780
1,3333,114.681780
1,3334,114.681780
1,3335,114.681780
1,3336,114.681780
1,3337,114.681780
1,3338,853.302987
1,3339,786.990387
1,3340,262.048608
1,3341,283.695713
1,3342,391.098655
1,3343,114.681780
1,3344,405.252531
1,3345,220.419561
1,3346,244.564408
1,3347,525.950312
1,3348,290.356360
1,3349,277.035065
1,3350,341.143798
1,3351,463.848036
1,3352,292.021522
1,3353,922.773329
1,3354,382.772845
1,3355,435.225445
1,3356,114.681780
1,3357,306.175398
1,3358,217.089237
1,3359,295.351846
1,3360,114.681780
1,3361,114.681780
1,3362,1766.943250
1,3363,2756.369341
1,3364,223.749884
1,3365,380.275103
1,3366,114.681780
1,3367,350.302189
1,3368,331.985408
1,3369,578.579359
1,3370,265.378932
1,3371,309.505722
1,3372,114.681780
1,3373,228.745370
1,3374,458.585131
1,3375,236.238599
1,3376,426.067055
1,3377,394.428979
1,3378,839.619434
1,3379,617.524854
1,3380,589.105168
1,3381,114.681780
1,3382,430.229960
1,3383,441.053512
1,3384,677.521968
1,3385,753.307796
1,3386,818.567815
1,3387,401.922207
1,3388,114.681780
1,3389,685.942616
1,3390,654.365187
1,3391,942.772367
1,3392,1246.968261
1,3393,457.532550
1,3394,580.684521
1,3395,287.026036
1,3396,114.681780
1,3397,273.704741
1,3398,337.813474
1,3399,369.451550
1,3400,327.822503
1,3401,287.858617
1,3402,344.474122
1,3403,537.528702
1,3404,237.071180
1,3405,272.039579
1,3406,435.225445
1,3407,273.704741
1,3408,114.681780
1,3409,527.002893
1,3410,114.681780
1,3411,415.243502
1,3412,114.681780
1,3413,114.681780
1,3414,305.342817
1,3415,114.681780
1,3416,470.163521
1,3417,114.681780
1,3418,616.472273
1,3419,114.681780
1,3420,570.158711
1,3421,650.154863
1,3422,212.093751
1,3423,308.673141
1,3424,657.522930
1,3425,570.158711
1,3426,114.681780
1,3427,1293.281823
1,3428,648.049702
1,3429,1255.388909
1,3430,114.681780
1,3431,483.847074
1,3432,114.681780
1,3433,693.310682
1,3434,303.677655
1,3435,403.587369
1,3436,295.351846
1,3437,665.943578
1,3438,513.319340
1,3439,775.411996
1,3440,799.621358
1,3441,1155.393719
1,3442,741.729406
1,3443,547.001931
1,3444,114.681780
1,3445,114.681780
1,3446,114.681780
1,3447,332.817989
1,3448,557.527740
1,3449,114.681780
1,3450,363.623484
1,3451,114.681780
1,3452,219.586980
1,3453,315.333789
1,3454,326.157341
1,3455,114.681780
1,3456,312.003465
1,3457,114.681780
1,3458,114.681780
1,3459,114.681780
1,3460,359.460579
1,3461,737.519082
1,3462,620.682597
1,3463,797.516196
1,3464,1566.952870
1,3465,252.890218
1,3466,439.388350
1,3467,249.559894
1,3468,409.415436
1,3469,114.681780
1,3470,1038.557233
1,3471,302.012493
1,3472,353.632512
1,3473,385.270588
1,3474,395.261560
1,3475,277.867646
1,3476,534.370959
1,3477,302.845074
1,3478,114.681780
1,3479,323.659598
1,3480,114.681780
1,3481,673.311644
1,3482,114.681780
1,3483,416.076083
1,3484,780.674901
1,3485,358.627998
1,3486,414.410922
1,3487,297.017008
1,3488,328.655084
1,3489,477.531588
1,3490,114.681780
1,3491,261.216027
1,3492,407.750274
1,3493,390.266074
1,3494,441.053512
1,3495,457.532550
1,3496,629.103245
1,3497,376.944779
1,3498,341.976379
1,3499,114.681780
1,3500,114.681780
1,3501,114.681780
1,3502,1346.963451
1,3503,257.885703
1,3504,242.066665
1,3505,340.311217
1,3506,343.641541
1,3507,114.681780
1,3508,114.681780
1,3509,114.681780
1,3510,604.893883
1,3511,114.681780
1,3512,351.134769
1,3513,532.265797
1,3514,114.681780
1,3515,380.275103
1,3516,837.514272
1,3517,460.690293
1,3518,710.151978
1,3519,328.655084
1,3520,677.521968
1,3521,830.146206
1,3522,1125.921452
1,3523,1078.555309
1,3524,114.681780
1,3525,426.067055
1,3526,503.846112
1,3527,114.681780
1,3528,114.681780
1,3529,114.681780
1,3530,387.768331
1,3531,231.243113
1,3532,270.374417
1,3533,1010.137548
1,3534,114.681780
1,3535,307.840560
1,3536,425.234474
1,3537,438.555769
1,3538,114.681780
1,3539,765.938768
1,3540,492.267721
1,3541,473.321264
1,3542,283.695713
1,3543,720.677787
1,3544,553.317416
1,3545,267.044094
1,3546,552.264835
1,3547,563.843226
1,3548,400.257045
1,3549,1290.124080
1,3550,313.668627
1,3551,350.302189
1,3552,754.360377
1,3553,1399.592499
1,3554,562.790645
1,3555,420.238988
1,3556,300.347332
1,3557,530.160635
1,3558,471.216102
1,3559,300.347332
1,3560,1096.449186
1,3561,260.383446
1,3562,114.681780
1,3563,583.842264
1,3564,487.004816
1,3565,356.962836
1,3566,681.732292
1,3567,695.415844
1,3568,1837.466173
1,3569,114.681780
1,3570,542.791607
1,3571,406.917693
1,3572,304.510236
1,3573,381.107684
1,3574,461.742874
1,3575,114.681780
1,3576,371.116712
1,3577,114.681780
1,3578,352.799931
1,3579,273.704741
1,3580,524.897731
1,3581,114.681780
1,3582,555.422578
1,3583,442.718674
1,3584,316.998951
1,3585,114.681780
1,3586,396.094141
1,3587,300.347332
1,3588,549.107092
1,3589,114.681780
1,3590,114.681780
1,3591,362.790903
1,3592,594.368073
1,3593,411.913179
1,3594,684.890035
1,3595,677.521968
1,3596,428.564798
1,3597,300.347332
1,3598,473.321264
1,3599,114.681780
1,3600,114.681780
1,3601,114.681780
1,3602,276.202484
1,3603,272.872160
1,3604,114.681780
1,3605,114.681780
1,3606,540.686445
1,3607,300.347332
1,3608,331.152827
1,3609,297.849589
1,3610,114.681780
1,3611,114.681780
1,3612,401.089626
1,3613,375.279617
1,3614,114.681780
1,3615,262.881189
1,3616,207.930846
1,3617,114.681780
1,3618,276.202484
1,3619,114.681780
1,3620,114.681780
1,3621,114.681780
1,3622,114.681780
1,3623,463.848036
1,3624,218.754399
1,3625,114.681780
1,3626,114.681780
1,3627,114.681780
1,3628,324.492179
1,3629,312.003465
1,3630,114.681780
1,3631,325.324760
1,3632,114.681780
1,3633,276.202484
1,3634,242.066665
1,3635,416.908664
1,3636,311.170884
1,3637,114.681780
1,3638,616.472273
1,3639,690.152940
1,3640,114.681780
1,3641,114.681780
1,3642,114.681780
1,3643,114.681780
1,3644,114.681780
1,3645,114.681780
1,3646,114.681780
1,3647,114.681780
1,3648,409.415436
1,3649,429.397379
1,3650,114.681780
1,3651,371.949293
1,3652,114.681780
1,3653,201.270199
1,3654,114.681780
1,3655,333.650570
1,3656,114.681780
1,3657,114.681780
1,3658,114.681780
1,3659,114.681780
1,3660,114.681780
1,3661,349.469608
1,3662,114.681780
1,3663,280.365389
1,3664,359.460579
1,3665,375.279617
1,3666,114.681780
1,3667,114.681780
1,3668,114.681780
1,3669,114.681780
1,3670,287.858617
1,3671,470.163521
1,3672,238.736341
1,3673,114.681780
1,3674,309.505722
1,3675,114.681780
1,3676,114.681780
1,3677,114.681780
1,3678,114.681780
1,3679,114.681780
1,3680,114.681780
1,3681,333.650570
1,3682,2041.666877
1,3683,380.275103
1,3684,268.709256
1,3685,241.234084
1,3686,284.528294
1,3687,114.681780
1,3688,285.360875
1,3689,114.681780
1,3690,114.681780
1,3691,114.681780
1,3692,313.668627
1,3693,722.782949
1,3694,646.997121
1,3695,689.100359
1,3696,240.401503
1,3697,238.736341
1,3698,485.952236
1,3699,114.681780
1,3700,268.709256
1,3701,675.416806
1,3702,114.681780
1,3703,644.891959
1,3704,1178.550500
1,3705,114.681780
1,3706,971.192053
1,3707,1790.100031
1,3708,1026.978843
1,3709,376.112198
1,3710,411.080598
1,3711,316.998951
1,3712,625.945502
1,3713,348.637027
1,3714,781.727482
1,3715,450.211902
1,3716,636.471311
1,3717,459.637712
1,3718,698.573587
1,3719,782.780063
1,3720,114.681780
1,3721,321.994436
1,3722,114.681780
1,3723,423.569312
1,3724,114.681780
1,3725,114.681780
1,3726,114.681780
1,3727,114.681780
1,3728,114.681780
1,3729,114.681780
1,3730,273.704741
1,3731,114.681780
1,3732,114.681780
1,3733,114.681780
1,3734,288.691198
1,3735,830.146206
1,3736,114.681780
1,3737,595.420654
1,3738,628.050664
1,3739,114.681780
1,3740,114.681780
1,3741,114.681780
1,3742,114.681780
1,3743,114.681780
1,3744,114.681780
1,3745,225.415046
1,3746,378.609941
1,3747,114.681780
1,3748,375.279617
1,3749,114.681780
1,3750,257.053122
1,3751,114.681780
1,3752,406.085112
1,3753,114.681780
1,3754,114.681780
1,3755,114.681780
1,3756,114.681780
1,3757,217.089237
1,3758,237.903760
1,3759,114.681780
1,3760,114.681780
1,3761,114.681780
1,3762,114.681780
1,3763,114.681780
1,3764,382.772845
1,3765,114.681780
1,3766,114.681780
1,3767,245.396989
1,3768,393.596398
1,3769,346.971865
1,3770,114.681780
1,3771,114.681780
1,3772,114.681780
1,3773,114.681780
1,3774,419.406407
1,3775,511.214178
1,3776,519.634826
1,3777,494.372883
1,3778,446.048998
1,3779,114.681780
1,3780,374.447036
1,3781,114.681780
1,3782,776.464577
1,3783,114.681780
1,3784,525.950312
1,3785,114.681780
1,3786,346.139284
1,3787,114.681780
1,3788,309.505722
1,3789,114.681780
1,3790,114.681780
1,3791,858.565891
1,3792,1050.135624
1,3793,896.458805
1,3794,114.681780
1,3795,319.496693
1,3796,114.681780
1,3797,536.476121
1,3798,114.681780
1,3799,114.681780
1,3800,114.681780
1,3801,114.681780
1,3802,114.681780
1,3803,702.783911
1,3804,650.154863
1,3805,366.121227
1,3806,114.681780
1,3807,444.383836
1,3808,114.681780
1,3809,603.841302
1,3810,469.110940
1,3811,252.890218
1,3812,427.732217
1,3813,229.577951
1,3814,342.808960
1,3815,114.681780
1,3816,244.564408
1,3817,1029.084005
1,3818,584.894845
1,3819,675.416806
1,3820,437.723188
1,3821,114.681780
1,3822,618.577435
1,3823,292.854103
1,3824,269.541837
1,3825,204.600523
1,3826,361.125741
1,3827,114.681780
1,3828,525.950312
1,3829,256.220541
1,3830,277.867646
1,3831,259.550865
1,3832,327.822503
1,3833,114.681780
1,3834,629.103245
1,3835,282.030551
1,3836,114.681780
1,3837,114.681780
1,3838,114.681780
1,3839,114.681780
1,3840,114.681780
1,3841,232.908275
1,3842,114.681780
1,3843,331.152827
1,3844,114.681780
1,3845,114.681780
1,3846,114.681780
1,3847,114.681780
1,3848,114.681780
1,3849,114.681780
1,3850,114.681780
1,3851,311.170884
1,3852,839.619434
1,3853,422.736731
1,3854,114.681780
1,3855,366.121227
1,3856,114.681780
1,3857,114.681780
1,3858,114.681780
1,3859,234.573437
1,3860,226.247627
1,3861,274.537322
1,3862,291.188941
1,3863,114.681780
1,3864,441.053512
1,3865,286.193455
1,3866,888.038158
1,3867,114.681780
1,3868,297.849589
1,3869,114.681780
1,3870,1186.971147
1,3871,1163.814366
1,3872,114.681780
1,3873,309.505722
1,3874,352.799931
1,3875,114.681780
1,3876,371.116712
1,3877,114.681780
1,3878,382.772845
1,3879,114.681780
1,3880,412.745760
1,3881,281.197970
1,3882,382.772845
1,3883,114.681780
1,3884,624.892921
1,3885,114.681780
1,3886,257.885703
1,3887,319.496693
1,3888,114.681780
1,3889,296.184427
1,3890,404.419950
1,3891,324.492179
1,3892,282.863132
1,3893,477.531588
1,3894,432.727702
1,3895,475.426426
1,3896,206.681975
1,3897,114.681780
1,3898,114.681780
1,3899,114.681780
1,3900,114.681780
1,3901,660.680673
1,3902,114.681780
1,3903,485.952236
1,3904,114.681780
1,3905,264.546351
1,3906,114.681780
1,3907,114.681780
1,3908,114.681780
1,3909,114.681780
1,3910,307.840560
1,3911,854.355567
1,3912,287.858617
1,3913,284.528294
1,3914,254.555379
1,3915,683.837454
1,3916,114.681780
1,3917,909.089777
1,3918,704.889073
1,3919,229.577951
1,3920,317.831532
1,3921,309.505722
1,3922,324.492179
1,3923,276.202484
1,3924,114.681780
1,3925,354.465093
1,3926,289.523779
1,3927,279.532808
1,3928,114.681780
1,3929,362.790903
1,3930,114.681780
1,3931,654.365187
1,3932,458.585131
1,3933,114.681780
1,3934,608.051626
1,3935,391.098655
1,3936,434.392864
1,3937,114.681780
1,3938,296.184427
1,3939,114.681780
1,3940,244.564408
1,3941,322.827017
1,3942,549.107092
1,3943,114.681780
1,3944,483.847074
1,3945,114.681780
1,3946,458.585131
1,3947,331.152827
1,3948,246.229570
1,3949,601.736140
1,3950,458.585131
1,3951,114.681780
1,3952,709.099397
1,3953,379.442522
1,3954,426.067055
1,3955,114.681780
1,3956,421.071569
1,3957,341.143798
1,3958,246.229570
1,3959,742.781987
1,3960,523.845150
1,3961,114.681780
1,3962,1266.967299
1,3963,114.681780
1,3964,114.681780
1,3965,685.942616
1,3966,301.179913
1,3967,284.528294
1,3968,473.321264
1,3969,197.939875
1,3970,626.998083
1,3971,271.206998
1,3972,114.681780
1,3973,694.363263
1,3974,694.363263
1,3975,835.409110
1,3976,266.211513
1,3977,734.361339
1,3978,114.681780
1,3979,402.754788
1,3980,757.518120
1,3981,252.890218
1,3982,316.166370
1,3983,664.890997
1,3984,114.681780
1,3985,488.057397
1,3986,337.813474
1,3987,114.681780
1,3988,371.116712
1,3989,519.634826
1,3990,114.681780
1,3991,469.110940
1,3992,114.681780
1,3993,114.681780
1,3994,114.681780
1,3995,114.681780
1,3996,279.532808
1,3997,114.681780
1,3998,384.438007
1,3999,114.681780
1,4000,324.492179
1,4001,382.772845
1,4002,114.681780
1,4003,246.229570
1,4004,311.170884
1,4005,114.681780
1,4006,412.745760
1,4007,114.681780
1,4008,582.789683
1,4009,409.415436
1,4010,114.681780
1,4011,114.681780
1,4012,114.681780
1,4013,256.220541
1,4014,114.681780
1,4015,940.667205
1,4016,114.681780
1,4017,386.103169
1,4018,114.681780
1,4019,359.460579
1,4020,114.681780
1,4021,114.681780
1,4022,114.681780
1,4023,114.681780
1,4024,114.681780
1,4025,114.681780
1,4026,114.681780
1,4027,374.447036
1,4028,114.681780
1,4029,114.681780
1,4030,411.080598
1,4031,364.456065
1,4032,114.681780
1,4033,677.521968
1,4034,376.112198
1,4035,244.564408
1,4036,281.197970
1,4037,406.085112
1,4038,269.541837
1,4039,114.681780
1,4040,114.681780
1,4041,397.759303
1,4042,324.492179
1,4043,311.170884
1,4044,114.681780
1,4045,475.426426
1,4046,356.130255
1,4047,114.681780
1,4048,359.460579
1,4049,341.143798
1,4050,114.681780
1,4051,595.420654
1,4052,114.681780
1,4053,399.424464
1,4054,299.514751
1,4055,820.672977
1,4056,386.103169
1,4057,114.681780
1,4058,307.840560
1,4059,114.681780
1,4060,239.568922
1,4061,286.193455
1,4062,346.139284
1,4063,114.681780
1,4064,521.739988
1,4065,114.681780
1,4066,479.636750
1,4067,371.116712
1,4068,114.681780
1,4069,269.541837
1,4070,246.229570
1,4071,356.130255
1,4072,114.681780
1,4073,114.681780
1,4074,694.363263
1,4075,114.681780
1,4076,339.478636
1,4077,306.175398
1,4078,114.681780
1,4079,282.863132
1,4080,114.681780
1,4081,114.681780
1,4082,449.795612
1,4083,114.681780
1,4084,172.962446
1,4085,114.681780
1,4086,114.681780
1,4087,114.681780
1,4088,114.681780
1,4089,114.681780
1,4090,114.681780
1,4091,1109.080157
1,4092,561.738064
1,4093,224.582465
1,4094,336.148312
1,4095,114.681780
1,4096,406.085112
1,4097,347.804446
1,4098,114.681780
1,4099,291.188941
1,4100,114.681780
1,4101,332.817989
1,4102,419.406407
1,4103,114.681780
1,4104,244.564408
1,4105,114.681780
1,4106,114.681780
1,4107,114.681780
1,4108,296.184427
1,4109,412.745760
1,4110,444.383836
1,4111,114.681780
1,4112,816.462653
1,4113,630.682116
1,4114,114.681780
1,4115,114.681780
1,4116,114.681780
1,4117,424.401893
1,4118,397.759303
1,4119,114.681780
1,4120,341.143798
1,4121,289.523779
1,4122,114.681780
1,4123,114.681780
1,4124,399.424464
1,4125,114.681780
1,4126,307.840560
1,4127,344.474122
1,4128,114.681780
1,4129,366.121227
1,4130,114.681780
1,4131,662.785835
1,4132,114.681780
1,4133,114.681780
1,4134,114.681780
1,4135,271.206998
1,4136,287.858617
1,4137,114.681780
1,4138,244.564408
1,4139,114.681780
1,4140,485.952236
1,4141,202.935361
1,4142,610.156787
1,4143,114.681780
1,4144,366.121227
1,4145,114.681780
1,4146,114.681780
1,4147,326.157341
1,4148,114.681780
1,4149,114.681780
1,4150,114.681780
1,4151,446.048998
1,4152,114.681780
1,4153,399.424464
1,4154,327.822503
1,4155,114.681780
1,4156,309.505722
1,4157,114.681780
1,4158,114.681780
1,4159,751.202635
1,4160,114.681780
1,4161,114.681780
1,4162,641.734216
1,4163,234.573437
1,4164,302.845074
1,4165,114.681780
1,4166,114.681780
1,4167,236.238599
1,4168,264.546351
1,4169,324.492179
1,4170,314.501208
1,4171,262.881189
1,4172,261.216027
1,4173,271.206998
1,4174,319.496693
1,4175,114.681780
1,4176,407.750274
1,4177,114.681780
1,4178,114.681780
1,4179,309.505722
1,4180,114.681780
1,4181,114.681780
1,4182,460.690293
1,4183,114.681780
1,4184,114.681780
1,4185,266.211513
1,4186,114.681780
1,4187,334.483150
1,4188,259.550865
1,4189,114.681780
1,4190,114.681780
1,4191,274.537322
1,4192,114.681780
1,4193,114.681780
1,4194,114.681780
1,4195,114.681780
1,4196,114.681780
1,4197,114.681780
1,4198,114.681780
1,4199,114.681780
1,4200,114.681780
1,4201,483.847074
1,4202,262.881189
1,4203,114.681780
1,4204,362.790903
1,4205,259.550865
1,4206,222.917303
1,4207,114.681780
1,4208,269.541837
1,4209,114.681780
1,4210,114.681780
1,4211,114.681780
1,4212,341.143798
1,4213,114.681780
1,4214,114.681780
1,4215,114.681780
1,4216,326.157341
1,4217,768.043930
1,4218,446.048998
1,4219,114.681780
1,4220,114.681780
1,4221,114.681780
1,4222,114.681780
1,4223,114.681780
1,4224,114.681780
1,4225,261.216027
1,4226,114.681780
1,4227,281.197970
1,4228,114.681780
1,4229,316.166370
1,4230,622.787759
1,4231,114.681780
1,4232,396.094141
1,4233,114.681780
1,4234,114.681780
1,4235,509.109016
1,4236,114.681780
1,4237,282.863132
1,4238,387.768331
1,4239,114.681780
1,4240,266.211513
1,4241,114.681780
1,4242,572.263873
1,4243,114.681780
1,4244,114.681780
1,4245,414.410922
1,4246,114.681780
1,4247,394.428979
1,4248,114.681780
1,4249,241.234084
1,4250,114.681780
1,4251,114.681780
1,4252,540.686445
1,4253,284.528294
1,4254,626.998083
1,4255,671.206482
1,4256,114.681780
1,4257,114.681780
1,4258,257.885703
1,4259,261.216027
1,4260,185.034870
1,4261,186.700032
1,4262,164.636637
1,4263,575.421616
1,4264,219.586980
1,4265,242.482956
1,4266,379.858812
1,4267,809.620877
1,4268,114.681780
1,4269,114.681780
1,4270,114.681780
1,4271,114.681780
1,4272,511.214178
1,4273,304.510236
1,4274,384.438007
1,4275,114.681780
1,4276,114.681780
1,4277,114.681780
1,4278,349.469608
1,4279,114.681780
1,4280,114.681780
1,4281,1237.495033
1,4282,267.876675
1,4283,622.787759
1,4284,369.451550
1,4285,488.057397
1,4286,114.681780
1,4287,114.681780
1,4288,114.681780
1,4289,114.681780
1,4290,114.681780
1,4291,414.410922
1,4292,114.681780
1,4293,587.000007
1,4294,114.681780
1,4295,429.397379
1,4296,114.681780
1,4297,507.003854
1,4298,114.681780
1,4299,114.681780
1,4300,454.374807
1,4301,114.681780
1,4302,114.681780
1,4303,114.681780
1,4304,312.836046
1,4305,114.681780
1,4306,377.777360
1,4307,114.681780
1,4308,114.681780
1,4309,1201.707280
1,4310,114.681780
1,4311,751.202635
1,4312,114.681780
1,4313,114.681780
1,4314,114.681780
1,4315,114.681780
1,4316,114.681780
1,4317,312.836046
1,4318,114.681780
1,4319,114.681780
1,4320,367.786388
1,4321,359.460579
1,4322,252.890218
1,4323,242.899246
1,4324,364.456065
1,4325,261.216027
1,4326,421.904150
1,4327,114.681780
1,4328,114.681780
1,4329,294.519265
1,4330,114.681780
1,4331,114.681780
1,4332,421.071569
1,4333,114.681780
1,4334,302.845074
1,4335,114.681780
1,4336,114.681780
1,4337,114.681780
1,4338,114.681780
1,4339,312.836046
1,4340,237.903760
1,4341,114.681780
1,4342,114.681780
1,4343,114.681780
1,4344,241.234084
1,4345,271.206998
1,4346,517.529664
1,4347,114.681780
1,4348,281.197970
1,4349,114.681780
1,4350,114.681780
1,4351,114.681780
1,4352,114.681780
1,4353,114.681780
1,4354,114.681780
1,4355,451.044483
1,4356,114.681780
1,4357,114.681780
1,4358,356.130255
1,4359,239.568922
1,4360,528.055473
1,4361,114.681780
1,4362,382.772845
1,4363,351.134769
1,4364,114.681780
1,4365,372.781874
1,4366,114.681780
1,4367,490.162559
1,4368,257.885703
1,4369,114.681780
1,4370,216.256656
1,4371,114.681780
1,4372,114.681780
1,4373,114.681780
1,4374,114.681780
1,4375,114.681780
1,4376,114.681780
1,4377,114.681780
1,4378,669.101321
1,4379,114.681780
1,4380,1056.451110
1,4381,237.903760
1,4382,928.036234
1,4383,871.196863
1,4384,441.053512
1,4385,578.579359
1,4386,287.858617
1,4387,618.577435
1,4388,342.808960
1,4389,242.899246
1,4390,475.426426
1,4391,114.681780
1,4392,1026.978843
1,4393,114.681780
1,4394,1104.869833
1,4395,367.786388
1,4396,114.681780
1,4397,342.808960
1,4398,114.681780
1,4399,751.202635
1,4400,114.681780
1,4401,426.067055
1,4402,257.885703
1,4403,114.681780
1,4404,612.261949
1,4405,361.125741
1,4406,690.152940
1,4407,114.681780
1,4408,114.681780
1,4409,114.681780
1,4410,272.872160
1,4411,356.130255
1,4412,114.681780
1,4413,311.170884
1,4414,114.681780
1,4415,442.718674
1,4416,359.460579
1,4417,339.478636
1,4418,276.202484
1,4419,114.681780
1,4420,299.514751
1,4421,702.783911
1,4422,253.306508
1,4423,366.121227
1,4424,114.681780
1,4425,201.270199
1,4426,285.360875
1,4427,114.681780
1,4428,114.681780
1,4429,495.425464
1,4430,336.980893
1,4431,182.537127
1,4432,114.681780
1,4433,114.681780
1,4434,408.999145
1,4435,114.681780
1,4436,193.776970
1,4437,201.270199
1,4438,215.840365
1,4439,197.939875
1,4440,188.781485
1,4441,114.681780
1,4442,114.681780
1,4443,182.120837
1,4444,114.681780
1,4445,282.030551
1,4446,182.953418
1,4447,231.243113
1,4448,241.234084
1,4449,376.112198
1,4450,198.772456
1,4451,263.297479
1,4452,170.464704
1,4453,186.700032
1,4454,194.609551
1,4455,114.681780
1,4456,114.681780
1,4457,161.722604
1,4458,114.681780
1,4459,114.681780
1,4460,257.469413
1,4461,114.681780
1,4462,114.681780
1,4463,341.143798
1,4464,114.681780
1,4465,258.301994
1,4466,114.681780
1,4467,204.184232
1,4468,114.681780
1,4469,114.681780
1,4470,114.681780
1,4471,282.863132
1,4472,114.681780
1,4473,180.455675
1,4474,296.184427
1,4475,165.469218
1,4476,114.681780
1,4477,184.618580
1,4478,114.681780
1,4479,167.550670
1,4480,162.971475
1,4481,197.107294
1,4482,114.681780
1,4483,114.681780
1,4484,114.681780
1,4485,194.609551
1,4486,189.614065
1,4487,114.681780
1,4488,175.460189
1,4489,381.523974
1,4490,114.681780
1,4491,251.225056
1,4492,114.681780
1,4493,268.709256
1,4494,114.681780
1,4495,114.681780
1,4496,114.681780
1,4497,172.129866
1,4498,174.627608
1,4499,254.555379
1,4500,114.681780
1,4501,114.681780
1,4502,114.681780
1,4503,212.510042
1,4504,114.681780
1,4505,114.681780
1,4506,114.681780
1,4507,175.876480
1,4508,114.681780
1,4509,284.112003
1,4510,114.681780
1,4511,369.867841
1,4512,279.532808
1,4513,253.722798
1,4514,114.681780
1,4515,167.134380
1,4516,114.681780
1,4517,272.039579
1,4518,277.451356
1,4519,287.858617
1,4520,252.473927
1,4521,158.808570
1,4522,114.681780
1,4523,272.039579
1,4524,183.369708
1,4525,356.962836
1,4526,241.650375
1,4527,394.428979
1,4528,198.356165
1,4529,114.681780
1,4530,180.039385
1,4531,114.681780
1,4532,217.921818
1,4533,168.383251
1,4534,246.645860
1,4535,173.378737
1,4536,114.681780
1,4537,210.428589
1,4538,114.681780
1,4539,198.772456
1,4540,377.777360
1,4541,114.681780
1,4542,404.836241
1,4543,114.681780
1,4544,198.356165
1,4545,239.568922
1,4546,199.605037
1,4547,169.632123
1,4548,204.600523
1,4549,114.681780
1,4550,182.537127
1,4551,114.681780
1,4552,165.469218
1,4553,211.677461
1,4554,386.103169
1,4555,185.034870
1,4556,308.673141
1,4557,182.953418
1,4558,114.681780
1,4559,182.953418
1,4560,172.546156
1,4561,114.681780
1,4562,182.537127
1,4563,114.681780
1,4564,114.681780
1,4565,114.681780
1,4566,114.681780
1,4567,193.360680
1,4568,205.433103
1,4569,255.804251
1,4570,205.433103
1,4571,242.482956
1,4572,114.681780
1,4573,299.931041
1,4574,114.681780
1,4575,114.681780
1,4576,114.681780
1,4577,205.433103
1,4578,114.681780
1,4579,199.605037
1,4580,114.681780
1,4581,114.681780
1,4582,167.550670
1,4583,114.681780
1,4584,199.605037
1,4585,200.021327
1,4586,175.460189
1,4587,280.365389
1,4588,284.112003
1,4589,114.681780
1,4590,114.681780
1,4591,114.681780
1,4592,177.125351
1,4593,245.396989
1,4594,114.681780
1,4595,114.681780
1,4596,271.206998
1,4597,114.681780
1,4598,292.437813
1,4599,200.437618
1,4600,114.681780
1,4601,114.681780
1,4602,350.302189
1,4603,114.681780
1,4604,177.125351
1,4605,114.681780
1,4606,176.709061
1,4607,114.681780
1,4608,177.541642
1,4609,203.767942
1,4610,171.297285
1,4611,114.681780
1,4612,157.143408
1,4613,285.360875
1,4614,356.546546
1,4615,186.283742
1,4616,286.193455
1,4617,287.026036
1,4618,114.681780
1,4619,114.681780
1,4620,114.681780
1,4621,114.681780
1,4622,114.681780
1,4623,114.681780
1,4624,114.681780
1,4625,242.482956
1,4626,114.681780
1,4627,114.681780
1,4628,114.681780
1,4629,919.089296
1,4630,114.681780
1,4631,259.550865
1,4632,186.283742
1,4633,114.681780
1,4634,114.681780
1,4635,114.681780
1,4636,114.681780
1,4637,114.681780
1,4638,114.681780
1,4639,114.681780
1,4640,114.681780
1,4641,114.681780
1,4642,238.736341
1,4643,114.681780
1,4644,197.523584
1,4645,321.994436
1,4646,114.681780
1,4647,114.681780
1,4648,114.681780
1,4649,114.681780
1,4650,196.691004
1,4651,191.695518
1,4652,182.537127
1,4653,211.261170
1,4654,174.211318
1,4655,114.681780
1,4656,299.931041
1,4657,114.681780
1,4658,114.681780
1,4659,114.681780
1,4660,114.681780
1,4661,114.681780
1,4662,114.681780
1,4663,190.030356
1,4664,114.681780
1,4665,114.681780
1,4666,114.681780
1,4667,114.681780
1,4668,114.681780
1,4669,114.681780
1,4670,114.681780
1,4671,201.686489
1,4672,114.681780
1,4673,114.681780
1,4674,169.632123
1,4675,198.356165
1,4676,114.681780
1,4677,114.681780
1,4678,114.681780
1,4679,114.681780
1,4680,114.681780
1,4681,114.681780
1,4682,114.681780
1,4683,181.288256
1,4684,114.681780
1,4685,114.681780
1,4686,114.681780
1,4687,309.922013
1,4688,163.804056
1,4689,114.681780
1,4690,114.681780
1,4691,114.681780
1,4692,114.681780
1,4693,216.256656
1,4694,182.953418
1,4695,208.347137
1,4696,114.681780
1,4697,711.204558
1,4698,196.691004
1,4699,114.681780
1,4700,184.202289
1,4701,114.681780
1,4702,387.352041
1,4703,212.093751
1,4704,202.519070
1,4705,114.681780
1,4706,114.681780
1,4707,170.880994
1,4708,114.681780
1,4709,175.043899
1,4710,206.681975
1,4711,114.681780
1,4712,114.681780
1,4713,114.681780
1,4714,114.681780
1,4715,269.958127
1,4716,268.292965
1,4717,210.012299
1,4718,114.681780
1,4719,114.681780
1,4720,230.826822
1,4721,234.989727
1,4722,114.681780
1,4723,226.247627
1,4724,184.202289
1,4725,189.197775
1,4726,172.129866
1,4727,114.681780
1,4728,376.944779
1,4729,167.134380
1,4730,276.202484
1,4731,202.935361
1,4732,267.460384
1,4733,271.623289
1,4734,114.681780
1,4735,114.681780
1,4736,114.681780
1,4737,227.912789
1,4738,114.681780
1,4739,114.681780
1,4740,329.071374
1,4741,170.048413
1,4742,114.681780
1,4743,114.681780
1,4744,114.681780
1,4745,200.021327
1,4746,159.641151
1,4747,114.681780
1,4748,114.681780
1,4749,114.681780
1,4750,114.681780
1,4751,187.532613
1,4752,177.125351
1,4753,114.681780
1,4754,203.767942
1,4755,172.129866
1,4756,300.763622
1,4757,212.510042
1,4758,266.211513
1,4759,114.681780
1,4760,114.681780
1,4761,199.188746
1,4762,114.681780
1,4763,114.681780
1,4764,174.627608
1,4765,267.460384
1,4766,177.957932
1,4767,178.790513
1,4768,194.609551
1,4769,226.247627
1,4770,114.681780
1,4771,193.776970
1,4772,114.681780
1,4773,114.681780
1,4774,114.681780
1,4775,114.681780
1,4776,114.681780
1,4777,114.681780
1,4778,114.681780
1,4779,114.681780
1,4780,114.681780
1,4781,114.681780
1,4782,187.948904
1,4783,114.681780
1,4784,177.541642
1,4785,186.283742
1,4786,114.681780
1,4787,166.301799
1,4788,114.681780
1,4789,114.681780
1,4790,114.681780
1,4791,114.681780
1,4792,207.098265
1,4793,228.329080
1,4794,180.039385
1,4795,199.188746
1,4796,114.681780
1,4797,114.681780
1,4798,197.523584
1,4799,165.885508
1,4800,114.681780
1,4801,172.129866
1,4802,175.460189
1,4803,195.858423
1,4804,188.365194
1,4805,182.537127
1,4806,114.681780
1,4807,201.686489
1,4808,114.681780
1,4809,218.754399
1,4810,114.681780
1,4811,184.618580
1,4812,114.681780
1,4813,178.374223
1,4814,114.681780
1,4815,114.681780
1,4816,596.473235
1,4817,477.531588
1,4818,319.080403
1,4819,210.012299
1,4820,114.681780
1,4821,211.677461
1,4822,287.442327
1,4823,243.315537
1,4824,269.541837
1,4825,174.627608
1,4826,114.681780
1,4827,171.713575
1,4828,290.356360
1,4829,259.134575
1,4830,343.225250
1,4831,373.198165
1,4832,620.682597
1,4833,340.727508
1,4834,341.143798
1,4835,114.681780
1,4836,379.442522
1,4837,114.681780
1,4838,372.781874
1,4839,575.421616
1,4840,389.849784
1,4841,321.578146
1,4842,114.681780
1,4843,235.822308
1,4844,204.184232
1,4845,266.211513
1,4846,293.686684
1,4847,181.288256
1,4848,114.681780
1,4849,289.940070
1,4850,114.681780
1,4851,194.193261
1,4852,417.324955
1,4853,177.957932
1,4854,207.514556
1,4855,201.270199
1,4856,195.858423
1,4857,295.351846
1,4858,175.876480
1,4859,187.116323
1,4860,374.030746
1,4861,114.681780
1,4862,268.292965
1,4863,335.732022
1,4864,114.681780
1,4865,221.252142
1,4866,114.681780
1,4867,114.681780
1,4868,190.862937
1,4869,187.116323
1,4870,259.134575
1,4871,114.681780
1,4872,288.274908
1,4873,114.681780
1,4874,182.120837
1,4875,322.410727
1,4876,114.681780
1,4877,201.686489
1,4878,453.958517
1,4879,368.618969
1,4880,114.681780
1,4881,418.573826
1,4882,344.474122
1,4883,264.546351
1,4884,114.681780
1,4885,187.116323
1,4886,114.681780
1,4887,220.419561
1,4888,202.935361
1,4889,380.691393
1,4890,205.016813
1,4891,291.188941
1,4892,245.396989
1,4893,490.688850
1,4894,249.976184
1,4895,367.370098
1,4896,211.261170
1,4897,351.134769
1,4898,114.681780
1,4899,114.681780
1,4900,164.220347
1,4901,346.139284
1,4902,494.899174
1,4903,114.681780
1,4904,184.618580
1,4905,114.681780
1,4906,114.681780
1,4907,182.953418
1,4908,203.767942
1,4909,114.681780
1,4910,190.862937
1,4911,114.681780
1,4912,182.537127
1,4913,114.681780
1,4914,114.681780
1,4915,326.989922
1,4916,198.356165
1,4917,266.627803
1,4918,259.550865
1,4919,114.681780
1,4920,114.681780
1,4921,182.120837
1,4922,262.048608
1,4923,114.681780
1,4924,285.777165
1,4925,114.681780
1,4926,114.681780
1,4927,259.550865
1,4928,114.681780
1,4929,114.681780
1,4930,259.550865
1,4931,178.790513
1,4932,114.681780
1,4933,219.170689
1,4934,114.681780
1,4935,243.315537
1,4936,114.681780
1,4937,289.523779
1,4938,445.216417
1,4939,311.587174
1,4940,240.401503
1,4941,205.849394
1,4942,210.428589
1,4943,204.600523
1,4944,181.704546
1,4945,297.849589
1,4946,261.216027
1,4947,275.369903
1,4948,114.681780
1,4949,172.129866
1,4950,252.057637
1,4951,267.044094
1,4952,114.681780
1,4953,114.681780
1,4954,114.681780
1,4955,180.039385
1,4956,378.193650
1,4957,186.283742
1,4958,252.473927
1,4959,265.378932
1,4960,185.451161
1,4961,114.681780
1,4962,190.862937
1,4963,114.681780
1,4964,177.541642
1,4965,114.681780
1,4966,232.908275
1,4967,241.650375
1,4968,114.681780
1,4969,114.681780
1,4970,114.681780
1,4971,283.695713
1,4972,215.840365
1,4973,114.681780
1,4974,176.709061
1,4975,114.681780
1,4976,114.681780
1,4977,253.306508
1,4978,114.681780
1,4979,201.686489
1,4980,250.808765
1,4981,114.681780
1,4982,198.356165
1,4983,114.681780
1,4984,114.681780
1,4985,172.962446
1,4986,114.681780
1,4987,114.681780
1,4988,114.681780
1,4989,170.464704
1,4990,173.795027
1,4991,217.921818
1,4992,114.681780
1,4993,114.681780
1,4994,114.681780
1,4995,282.863132
1,4996,114.681780
1,4997,179.206804
1,4998,432.311412
1,4999,114.681780
1,5000,462.269164
1,5001,436.058026
1,5002,190.446646
1,5003,417.324955
1,5004,114.681780
1,5005,285.777165
1,5006,321.994436
1,5007,299.098460
1,5008,276.618775
1,5009,213.342622
1,5010,114.681780
1,5011,197.523584
1,5012,194.609551
1,5013,114.681780
1,5014,437.306898
1,5015,114.681780
1,5016,114.681780
1,5017,481.741912
1,5018,388.600912
1,5019,197.107294
1,5020,324.492179
1,5021,183.785999
1,5022,503.846112
1,5023,114.681780
1,5024,347.804446
1,5025,114.681780
1,5026,274.121032
1,5027,204.184232
1,5028,177.541642
1,5029,114.681780
1,5030,241.234084
1,5031,114.681780
1,5032,315.333789
1,5033,272.455870
1,5034,387.352041
1,5035,194.193261
1,5036,391.931236
1,5037,368.202679
1,5038,265.795222
1,5039,114.681780
1,5040,263.297479
1,5041,250.392475
1,5042,304.093946
1,5043,298.265879
1,5044,114.681780
1,5045,244.980699
1,5046,251.225056
1,5047,171.713575
1,5048,334.899441
1,5049,352.383641
1,5050,217.089237
1,5051,284.528294
1,5052,305.342817
1,5053,114.681780
1,5054,204.184232
1,5055,161.722604
1,5056,260.799737
1,5057,254.971670
1,5058,114.681780
1,5059,181.704546
1,5060,205.849394
1,5061,207.514556
1,5062,114.681780
1,5063,114.681780
1,5064,114.681780
1,5065,114.681780
1,5066,203.351651
1,5067,335.315731
1,5068,194.609551
1,5069,114.681780
1,5070,161.306313
1,5071,114.681780
1,5072,114.681780
1,5073,114.681780
1,5074,114.681780
1,5075,114.681780
1,5076,114.681780
1,5077,114.681780
1,5078,114.681780
1,5079,114.681780
1,5080,114.681780
1,5081,114.681780
1,5082,259.967156
1,5083,257.885703
1,5084,114.681780
1,5085,208.763427
1,5086,114.681780
1,5087,114.681780
1,5088,172.962446
1,5089,171.297285
1,5090,168.383251
1,5091,114.681780
1,5092,114.681780
1,5093,189.197775
1,5094,114.681780
1,5095,114.681780
1,5096,114.681780
1,5097,114.681780
1,5098,114.681780
1,5099,114.681780
1,5100,114.681780
1,5101,114.681780
1,5102,196.691004
1,5103,185.034870
1,5104,114.681780
1,5105,114.681780
1,5106,114.681780
1,5107,157.975989
1,5108,114.681780
1,5109,195.025842
1,5110,114.681780
1,5111,114.681780
1,5112,114.681780
1,5113,114.681780
1,5114,189.197775
1,5115,211.261170
1,5116,114.681780
1,5117,259.967156
1,5118,190.446646
1,5119,281.197970
1,5120,185.451161
1,5121,114.681780
1,5122,114.681780
1,5123,114.681780
1,5124,266.211513
1,5125,316.166370
1,5126,222.084722
1,5127,114.681780
1,5128,208.763427
1,5129,114.681780
1,5130,114.681780
1,5131,179.623094
1,5132,114.681780
1,5133,114.681780
1,5134,114.681780
1,5135,293.270394
1,5136,1474.852037
1,5137,197.523584
1,5138,114.681780
1,5139,114.681780
1,5140,114.681780
1,5141,114.681780
1,5142,200.021327
1,5143,114.681780
1,5144,114.681780
1,5145,114.681780
1,5146,287.858617
1,5147,190.862937
1,5148,274.537322
1,5149,272.872160
1,5150,177.541642
1,5151,297.017008
1,5152,284.944584
1,5153,114.681780
1,5154,191.695518
1,5155,262.048608
1,5156,114.681780
1,5157,226.247627
1,5158,209.179718
1,5159,114.681780
1,5160,210.428589
1,5161,471.216102
1,5162,356.546546
1,5163,245.396989
1,5164,186.283742
1,5165,114.681780
1,5166,197.939875
1,5167,114.681780
1,5168,217.921818
1,5169,215.840365
1,5170,269.125546
1,5171,284.944584
1,5172,450.211902
1,5173,114.681780
1,5174,114.681780
1,5175,218.338108
1,5176,114.681780
1,5177,190.446646
1,5178,114.681780
1,5179,114.681780
1,5180,114.681780
1,5181,114.681780
1,5182,114.681780
1,5183,170.880994
1,5184,114.681780
1,5185,114.681780
1,5186,114.681780
1,5187,163.804056
1,5188,114.681780
1,5189,232.075694
1,5190,114.681780
1,5191,281.614260
1,5192,224.998756
1,5193,114.681780
1,5194,114.681780
1,5195,114.681780
1,5196,114.681780
1,5197,114.681780
1,5198,114.681780
1,5199,170.048413
1,5200,114.681780
1,5201,187.532613
1,5202,176.709061
1,5203,114.681780
1,5204,114.681780
1,5205,114.681780
1,5206,218.754399
1,5207,114.681780
1,5208,114.681780
1,5209,114.681780
1,5210,114.681780
1,5211,165.885508
1,5212,176.292770
1,5213,114.681780
1,5214,114.681780
1,5215,114.681780
1,5216,114.681780
1,5217,114.681780
1,5218,294.102974
1,5219,114.681780
1,5220,114.681780
1,5221,180.039385
1,5222,184.202289
1,5223,248.311022
1,5224,114.681780
1,5225,114.681780
1,5226,114.681780
1,5227,114.681780
1,5228,114.681780
1,5229,114.681780
1,5230,898.563967
1,5231,888.038158
1,5232,114.681780
1,5233,612.261949
1,5234,451.044483
1,5235,256.220541
1,5236,511.214178
1,5237,114.681780
1,5238,446.048998
1,5239,294.519265
1,5240,114.681780
1,5241,256.220541
1,5242,114.681780
1,5243,316.166370
1,5244,936.456881
1,5245,490.162559
1,5246,292.854103
1,5247,114.681780
1,5248,451.044483
1,5249,114.681780
1,5250,316.166370
1,5251,114.681780
1,5252,114.681780
1,5253,114.681780
1,5254,114.681780
1,5255,114.681780
1,5256,436.058026
1,5257,114.681780
1,5258,578.579359
1,5259,1488.009298
1,5260,938.562043
1,5261,307.840560
1,5262,114.681780
1,5263,639.629054
1,5264,114.681780
1,5265,114.681780
1,5266,114.681780
1,5267,114.681780
1,5268,282.863132
1,5269,259.550865
1,5270,309.505722
1,5271,728.045854
1,5272,570.158711
1,5273,252.890218
1,5274,114.681780
1,5275,114.681780
1,5276,614.367111
1,5277,114.681780
1,5278,281.197970
1,5279,317.831532
1,5280,296.184427
1,5281,232.908275
1,5282,114.681780
1,5283,114.681780
1,5284,589.105168
1,5285,114.681780
1,5286,114.681780
1,5287,114.681780
1,5288,114.681780
1,5289,312.836046
1,5290,337.813474
1,5291,114.681780
1,5292,114.681780
1,5293,114.681780
1,5294,114.681780
1,5295,114.681780
1,5296,114.681780
1,5297,114.681780
1,5298,114.681780
1,5299,359.460579
1,5300,114.681780
1,5301,286.193455
1,5302,601.736140
1,5303,239.568922
1,5304,114.681780
1,5305,212.926332
1,5306,114.681780
1,5307,114.681780
1,5308,417.741245
1,5309,229.577951
1,5310,257.885703
1,5311,314.501208
1,5312,286.193455
1,5313,114.681780
1,5314,291.188941
1,5315,114.681780
1,5316,391.098655
1,5317,114.681780
1,5318,696.468425
1,5319,326.157341
1,5320,114.681780
1,5321,114.681780
1,5322,236.238599
1,5323,411.080598
1,5324,407.750274
1,5325,595.420654
1,5326,540.686445
1,5327,114.681780
1,5328,381.107684
1,5329,114.681780
1,5330,446.048998
1,5331,114.681780
1,5332,114.681780
1,5333,114.681780
1,5334,114.681780
1,5335,114.681780
1,5336,114.681780
1,5337,511.214178
1,5338,114.681780
1,5339,114.681780
1,5340,334.483150
1,5341,114.681780
1,5342,222.917303
1,5343,327.822503
1,5344,114.681780
1,5345,432.727702
1,5346,114.681780
1,5347,204.600523
1,5348,114.681780
1,5349,114.681780
1,5350,114.681780
1,5351,257.885703
1,5352,114.681780
1,5353,725.940692
1,5354,114.681780
1,5355,284.528294
1,5356,301.179913
1,5357,114.681780
1,5358,833.303949
1,5359,201.270199
1,5360,740.676825
1,5361,361.125741
1,5362,114.681780
1,5363,542.791607
1,5364,114.681780
1,5365,221.252142
1,5366,114.681780
1,5367,114.681780
1,5368,114.681780
1,5369,114.681780
1,5370,114.681780
1,5371,114.681780
1,5372,114.681780
1,5373,114.681780
1,5374,114.681780
1,5375,296.184427
1,5376,114.681780
1,5377,374.447036
1,5378,538.581283
1,5379,561.738064
1,5380,1580.636422
1,5381,114.681780
1,5382,841.724596
1,5383,620.682597
1,5384,525.950312
1,5385,354.465093
1,5386,247.894732
1,5387,327.822503
1,5388,364.456065
1,5389,287.858617
1,5390,114.681780
1,5391,326.157341
1,5392,309.505722
1,5393,114.681780
1,5394,291.188941
1,5395,217.921818
1,5396,274.537322
1,5397,114.681780
1,5398,572.263873
1,5399,311.170884
1,5400,114.681780
1,5401,479.636750
1,5402,114.681780
1,5403,436.058026
1,5404,502.793531
1,5405,114.681780
1,5406,114.681780
1,5407,114.681780
1,5408,326.157341
1,5409,389.433493
1,5410,369.451550
1,5411,114.681780
1,5412,439.388350
1,5413,114.681780
1,5414,321.161855
1,5415,114.681780
1,5416,279.532808
1,5417,287.858617
1,5418,446.048998
1,5419,114.681780
1,5420,249.559894
1,5421,114.681780
1,5422,114.681780
1,5423,114.681780
1,5424,436.058026
1,5425,414.410922
1,5426,114.681780
1,5427,322.827017
1,5428,553.317416
1,5429,114.681780
1,5430,419.406407
1,5431,114.681780
1,5432,114.681780
1,5433,404.419950
1,5434,114.681780
1,5435,114.681780
1,5436,289.523779
1,5437,207.930846
1,5438,256.220541
1,5439,252.890218
1,5440,114.681780
1,5441,114.681780
1,5442,316.166370
1,5443,114.681780
1,5444,458.585131
1,5445,114.681780
1,5446,289.523779
1,5447,114.681780
1,5448,114.681780
1,5449,246.229570
1,5450,261.216027
1,5451,114.681780
1,5452,114.681780
1,5453,114.681780
1,5454,114.681780
1,5455,114.681780
1,5456,114.681780
1,5457,427.732217
1,5458,114.681780
1,5459,334.483150
1,5460,114.681780
1,5461,321.161855
1,5462,114.681780
1,5463,114.681780
1,5464,354.465093
1,5465,327.822503
1,5466,114.681780
1,5467,114.681780
1,5468,114.681780
1,5469,114.681780
1,5470,114.681780
1,5471,500.688369
1,5472,114.681780
1,5473,437.723188
1,5474,114.681780
1,5475,346.139284
1,5476,114.681780
1,5477,114.681780
1,5478,361.125741
1,5479,114.681780
1,5480,114.681780
1,5481,685.942616
1,5482,262.881189
1,5483,359.460579
1,5484,114.681780
1,5485,114.681780
1,5486,114.681780
1,5487,424.401893
1,5488,336.148312
1,5489,114.681780
1,5490,114.681780
1,5491,411.080598
1,5492,114.681780
1,5493,114.681780
1,5494,114.681780
1,5495,114.681780
1,5496,114.681780
1,5497,261.216027
1,5498,279.532808
1,5499,114.681780
1,5500,416.076083
1,5501,114.681780
1,5502,326.157341
1,5503,114.681780
1,5504,236.238599
1,5505,366.121227
1,5506,114.681780
1,5507,114.681780
1,5508,342.808960
1,5509,460.690293
1,5510,254.555379
1,5511,434.392864
1,5512,114.681780
1,5513,317.831532
1,5514,114.681780
1,5515,114.681780
1,5516,277.867646
1,5517,114.681780
1,5518,820.672977
1,5519,587.000007
1,5520,114.681780
1,5521,114.681780
1,5522,114.681780
1,5523,114.681780
1,5524,304.510236
1,5525,216.256656
1,5526,456.479969
1,5527,406.085112
1,5528,114.681780
1,5529,589.105168
1,5530,114.681780
1,5531,389.433493
1,5532,114.681780
1,5533,114.681780
1,5534,114.681780
1,5535,114.681780
1,5536,114.681780
1,5537,114.681780
1,5538,595.420654
1,5539,207.930846
1,5540,442.718674
1,5541,379.442522
1,5542,688.047778
1,5543,272.872160
1,5544,114.681780
1,5545,441.053512
1,5546,1104.869833
1,5547,831.198787
1,5548,114.681780
1,5549,272.872160
1,5550,473.321264
1,5551,114.681780
1,5552,114.681780
1,5553,337.813474
1,5554,114.681780
1,5555,114.681780
1,5556,427.732217
1,5557,114.681780
1,5558,114.681780
1,5559,637.523892
1,5560,287.858617
1,5561,291.188941
1,5562,114.681780
1,5563,114.681780
1,5564,246.229570
1,5565,264.546351
1,5566,114.681780
1,5567,271.206998
1,5568,114.681780
1,5569,114.681780
1,5570,114.681780
1,5571,114.681780
1,5572,114.681780
1,5573,289.523779
1,5574,114.681780
1,5575,341.143798
1,5576,114.681780
1,5577,354.465093
1,5578,114.681780
1,5579,572.263873
1,5580,229.577951
1,5581,329.487665
1,5582,114.681780
1,5583,446.048998
1,5584,389.433493
1,5585,114.681780
1,5586,936.456881
1,5587,114.681780
1,5588,114.681780
1,5589,936.456881
1,5590,114.681780
1,5591,587.000007
1,5592,311.170884
1,5593,306.175398
1,5594,426.067055
1,5595,114.681780
1,5596,351.134769
1,5597,264.546351
1,5598,490.162559
1,5599,114.681780
1,5600,525.950312
1,5601,114.681780
1,5602,287.858617
1,5603,379.442522
1,5604,351.134769
1,5605,219.586980
1,5606,114.681780
1,5607,114.681780
1,5608,114.681780
1,5609,114.681780
1,5610,281.197970
1,5611,217.921818
1,5612,502.793531
1,5613,211.261170
1,5614,652.260025
1,5615,374.447036
1,5616,114.681780
1,5617,114.681780
1,5618,685.942616
1,5619,304.510236
1,5620,1572.215774
1,5621,114.681780
1,5622,502.793531
1,5623,114.681780
1,5624,114.681780
1,5625,384.438007
1,5626,334.483150
1,5627,114.681780
1,5628,389.433493
1,5629,114.681780
1,5630,359.460579
1,5631,249.559894
1,5632,114.681780
1,5633,114.681780
1,5634,114.681780
1,5635,254.555379
1,5636,114.681780
1,5637,513.319340
1,5638,114.681780
1,5639,399.424464
1,5640,114.681780
1,5641,359.460579
1,5642,114.681780
1,5643,402.754788
1,5644,114.681780
1,5645,349.469608
1,5646,237.903760
1,5647,404.419950
1,5648,114.681780
1,5649,269.541837
1,5650,426.067055
1,5651,114.681780
1,5652,256.220541
1,5653,231.243113
1,5654,114.681780
1,5655,311.170884
1,5656,333.650570
1,5657,114.681780
1,5658,114.681780
1,5659,419.406407
1,5660,114.681780
1,5661,339.478636
1,5662,114.681780
1,5663,392.763817
1,5664,114.681780
1,5665,114.681780
1,5666,114.681780
1,5667,114.681780
1,5668,504.898693
1,5669,114.681780
1,5670,310.338303
1,5671,114.681780
1,5672,251.225056
1,5673,254.555379
1,5674,254.555379
1,5675,282.863132
1,5676,263.713770
1,5677,114.681780
1,5678,114.681780
1,5679,114.681780
1,5680,114.681780
1,5681,114.681780
1,5682,114.681780
1,5683,114.681780
1,5684,114.681780
1,5685,242.899246
1,5686,114.681780
1,5687,114.681780
1,5688,271.206998
1,5689,114.681780
1,5690,257.053122
1,5691,114.681780
1,5692,114.681780
1,5693,114.681780
1,5694,114.681780
1,5695,114.681780
1,5696,114.681780
1,5697,114.681780
1,5698,114.681780
1,5699,114.681780
1,5700,216.256656
1,5701,114.681780
1,5702,254.555379
1,5703,114.681780
1,5704,114.681780
1,5705,114.681780
1,5706,114.681780
1,5707,114.681780
1,5708,114.681780
1,5709,114.681780
1,5710,114.681780
1,5711,114.681780
1,5712,114.681780
1,5713,236.238599
1,5714,114.681780
1,5715,114.681780
1,5716,279.532808
1,5717,114.681780
1,5718,287.858617
1,5719,114.681780
1,5720,114.681780
1,5721,114.681780
1,5722,114.681780
1,5723,114.681780
1,5724,114.681780
1,5725,114.681780
1,5726,114.681780
1,5727,114.681780
1,5728,317.831532
1,5729,114.681780
1,5730,114.681780
1,5731,114.681780
1,5732,307.007979
1,5733,255.387960
1,5734,584.894845
1,5735,114.681780
1,5736,410.248017
1,5737,253.722798
1,5738,114.681780
1,5739,114.681780
1,5740,114.681780
1,5741,114.681780
1,5742,356.962836
1,5743,246.229570
1,5744,204.600523
1,5745,462.795455
1,5746,239.568922
1,5747,114.681780
1,5748,272.872160
1,5749,252.057637
1,5750,316.166370
1,5751,368.618969
1,5752,403.587369
1,5753,114.681780
1,5754,114.681780
1,5755,114.681780
1,5756,114.681780
1,5757,114.681780
1,5758,114.681780
1,5759,114.681780
1,5760,114.681780
1,5761,114.681780
1,5762,114.681780
1,5763,114.681780
1,5764,114.681780
1,5765,114.681780
1,5766,114.681780
1,5767,114.681780
1,5768,114.681780
1,5769,114.681780
1,5770,114.681780
1,5771,114.681780
1,5772,114.681780
1,5773,114.681780
1,5774,114.681780
1,5775,114.681780
1,5776,114.681780
1,5777,114.681780
1,5778,114.681780
1,5779,355.297674
1,5780,114.681780
1,5781,319.496693
1,5782,114.681780
1,5783,114.681780
1,5784,114.681780
1,5785,114.681780
1,5786,114.681780
1,5787,114.681780
1,5788,114.681780
1,5789,114.681780
1,5790,114.681780
1,5791,114.681780
1,5792,114.681780
1,5793,114.681780
1,5794,114.681780
1,5795,114.681780
1,5796,114.681780
1,5797,114.681780
1,5798,274.537322
1,5799,114.681780
1,5800,114.681780
1,5801,114.681780
1,5802,114.681780
1,5803,114.681780
1,5804,114.681780
1,5805,114.681780
1,5806,114.681780
1,5807,114.681780
1,5808,114.681780
1,5809,114.681780
1,5810,114.681780
1,5811,114.681780
1,5812,114.681780
1,5813,114.681780
1,5814,114.681780
1,5815,114.681780
1,5816,114.681780
1,5817,239.568922
1,5818,262.048608
1,5819,114.681780
1,5820,114.681780
1,5821,272.039579
1,5822,114.681780
1,5823,309.505722
1,5824,114.681780
1,5825,114.681780
1,5826,114.681780
1,5827,311.170884
1,5828,114.681780
1,5829,114.681780
1,5830,114.681780
1,5831,114.681780
1,5832,114.681780
1,5833,114.681780
1,5834,114.681780
1,5835,114.681780
1,5836,114.681780
1,5837,114.681780
1,5838,114.681780
1,5839,114.681780
1,5840,114.681780
1,5841,114.681780
1,5842,114.681780
1,5843,114.681780
1,5844,114.681780
1,5845,114.681780
1,5846,114.681780
1,5847,114.681780
1,5848,114.681780
1,5849,114.681780
1,5850,114.681780
1,5851,114.681780
1,5852,114.681780
1,5853,114.681780
1,5854,1337.490223
1,5855,114.681780
1,5856,114.681780
1,5857,114.681780
1,5858,114.681780
1,5859,114.681780
1,5860,114.681780
1,5861,114.681780
1,5862,114.681780
1,5863,114.681780
1,5864,114.681780
1,5865,114.681780
1,5866,114.681780
1,5867,255.387960
1,5868,114.681780
1,5869,361.958322
1,5870,1181.708242
1,5871,114.681780
1,5872,114.681780
1,5873,114.681780
1,5874,114.681780
1,5875,114.681780
1,5876,114.681780
1,5877,114.681780
1,5878,114.681780
1,5879,114.681780
1,5880,114.681780
1,5881,353.632512
1,5882,114.681780
1,5883,114.681780
1,5884,114.681780
1,5885,114.681780
1,5886,114.681780
1,5887,114.681780
1,5888,114.681780
1,5889,114.681780
1,5890,114.681780
1,5891,114.681780
1,5892,114.681780
1,5893,114.681780
1,5894,114.681780
1,5895,114.681780
1,5896,114.681780
1,5897,114.681780
1,5898,114.681780
1,5899,114.681780
1,5900,114.681780
1,5901,114.681780
1,5902,114.681780
1,5903,114.681780
1,5904,114.681780
1,5905,114.681780
1,5906,114.681780
1,5907,114.681780
1,5908,114.681780
1,5909,114.681780
1,5910,258.718284
1,5911,114.681780
1,5912,114.681780
1,5913,114.681780
1,5914,114.681780
1,5915,114.681780
1,5916,114.681780
1,5917,114.681780
1,5918,114.681780
1,5919,114.681780
1,5920,366.121227
1,5921,114.681780
1,5922,822.778139
1,5923,114.681780
1,5924,114.681780
1,5925,114.681780
1,5926,292.854103
1,5927,714.362301
1,5928,552.264835
1,5929,354.465093
1,5930,114.681780
1,5931,114.681780
1,5932,114.681780
1,5933,114.681780
1,5934,114.681780
1,5935,114.681780
1,5936,114.681780
1,5937,114.681780
1,5938,114.681780
1,5939,114.681780
1,5940,114.681780
1,5941,114.681780
1,5942,114.681780
1,5943,114.681780
1,5944,292.021522
1,5945,224.582465
1,5946,114.681780
1,5947,114.681780
1,5948,114.681780
1,5949,114.681780
1,5950,114.681780
1,5951,114.681780
1,5952,114.681780
1,5953,114.681780
1,5954,114.681780
1,5955,114.681780
1,5956,291.188941
1,5957,265.378932
1,5958,114.681780
1,5959,114.681780
1,5960,114.681780
1,5961,114.681780
1,5962,114.681780
1,5963,114.681780
1,5964,114.681780
1,5965,347.804446
1,5966,114.681780
1,5967,114.681780
1,5968,114.681780
1,5969,114.681780
1,5970,114.681780
1,5971,114.681780
1,5972,114.681780
1,5973,114.681780
1,5974,114.681780
1,5975,114.681780
1,5976,114.681780
1,5977,114.681780
1,5978,114.681780
1,5979,114.681780
1,5980,114.681780
1,5981,114.681780
1,5982,114.681780
1,5983,114.681780
1,5984,114.681780
1,5985,114.681780
1,5986,114.681780
1,5987,114.681780
1,5988,114.681780
1,5989,416.076083
1,5990,305.342817
1,5991,114.681780
1,5992,114.681780
1,5993,114.681780
1,5994,114.681780
1,5995,114.681780
1,5996,114.681780
1,5997,114.681780
1,5998,114.681780
1,5999,114.681780
1,6000,114.681780
1,6001,114.681780
1,6002,114.681780
1,6003,114.681780
1,6004,114.681780
1,6005,114.681780
1,6006,114.681780
1,6007,114.681780
1,6008,114.681780
1,6009,114.681780
1,6010,114.681780
1,6011,114.681780
1,6012,114.681780
1,6013,114.681780
1,6014,114.681780
1,6015,114.681780
1,6016,114.681780
1,6017,114.681780
1,6018,202.102780
1,6019,114.681780
1,6020,114.681780
1,6021,114.681780
1,6022,114.681780
1,6023,114.681780
1,6024,114.681780
1,6025,114.681780
1,6026,114.681780
1,6027,114.681780
1,6028,114.681780
1,6029,114.681780
1,6030,114.681780
1,6031,114.681780
1,6032,114.681780
1,6033,114.681780
1,6034,114.681780
1,6035,114.681780
1,6036,114.681780
1,6037,114.681780
1,6038,114.681780
1,6039,114.681780
1,6040,114.681780
1,6041,114.681780
1,6042,326.989922
1,6043,255.387960
1,6044,114.681780
1,6045,114.681780
1,6046,114.681780
1,6047,114.681780
1,6048,114.681780
1,6049,273.704741
1,6050,114.681780
1,6051,114.681780
1,6052,114.681780
1,6053,214.591494
1,6054,297.017008
1,6055,319.496693
1,6056,351.967350
1,6057,303.677655
1,6058,318.664112
1,6059,446.881579
1,6060,114.681780
1,6061,418.573826
1,6062,114.681780
1,6063,114.681780
1,6064,114.681780
1,6065,114.681780
1,6066,114.681780
1,6067,114.681780
1,6068,114.681780
1,6069,114.681780
1,6070,114.681780
1,6071,114.681780
1,6072,114.681780
1,6073,114.681780
1,6074,114.681780
1,6075,114.681780
1,6076,114.681780
1,6077,114.681780
1,6078,114.681780
1,6079,114.681780
1,6080,114.681780
1,6081,114.681780
1,6082,114.681780
1,6083,114.681780
1,6084,114.681780
1,6085,114.681780
1,6086,114.681780
1,6087,295.351846
1,6088,114.681780
1,6089,114.681780
1,6090,114.681780
1,6091,114.681780
1,6092,114.681780
1,6093,114.681780
1,6094,114.681780
1,6095,114.681780
1,6096,114.681780
1,6097,331.985408
1,6098,114.681780
1,6099,114.681780
1,6100,364.456065
1,6101,114.681780
1,6102,288.691198
1,6103,292.854103
1,6104,558.580321
1,6105,114.681780
1,6106,388.600912
1,6107,326.157341
1,6108,286.193455
1,6109,114.681780
1,6110,259.550865
1,6111,114.681780
1,6112,114.681780
1,6113,114.681780
1,6114,399.424464
1,6115,114.681780
1,6116,114.681780
1,6117,114.681780
1,6118,114.681780
1,6119,290.356360
1,6120,114.681780
1,6121,114.681780
1,6122,274.537322
1,6123,114.681780
1,6124,114.681780
1,6125,114.681780
1,6126,114.681780
1,6127,114.681780
1,6128,114.681780
1,6129,114.681780
1,6130,257.053122
1,6131,114.681780
1,6132,251.225056
1,6133,114.681780
1,6134,114.681780
1,6135,114.681780
1,6136,114.681780
1,6137,114.681780
1,6138,114.681780
1,6139,114.681780
1,6140,114.681780
1,6141,114.681780
1,6142,114.681780
1,6143,241.234084
1,6144,114.681780
1,6145,114.681780
1,6146,114.681780
1,6147,114.681780
1,6148,114.681780
1,6149,114.681780
1,6150,114.681780
1,6151,114.681780
1,6152,114.681780
1,6153,114.681780
1,6154,114.681780
1,6155,114.681780
1,6156,114.681780
1,6157,114.681780
1,6158,114.681780
1,6159,114.681780
1,6160,114.681780
1,6161,114.681780
1,6162,114.681780
1,6163,114.681780
1,6164,114.681780
1,6165,238.736341
1,6166,114.681780
1,6167,114.681780
1,6168,114.681780
1,6169,114.681780
1,6170,114.681780
1,6171,114.681780
1,6172,114.681780
1,6173,114.681780
1,6174,114.681780
1,6175,114.681780
1,6176,284.528294
1,6177,114.681780
1,6178,114.681780
1,6179,114.681780
1,6180,114.681780
1,6181,114.681780
1,6182,114.681780
1,6183,114.681780
1,6184,114.681780
1,6185,114.681780
1,6186,114.681780
1,6187,1121.711128
1,6188,114.681780
1,6189,114.681780
1,6190,114.681780
1,6191,379.442522
1,6192,368.618969
1,6193,114.681780
1,6194,114.681780
1,6195,114.681780
1,6196,351.134769
1,6197,316.998951
1,6198,114.681780
1,6199,114.681780
1,6200,114.681780
1,6201,114.681780
1,6202,114.681780
1,6203,114.681780
1,6204,114.681780
1,6205,114.681780
1,6206,114.681780
1,6207,369.451550
1,6208,114.681780
1,6209,114.681780
1,6210,114.681780
1,6211,114.681780
1,6212,114.681780
1,6213,114.681780
1,6214,114.681780
1,6215,114.681780
1,6216,114.681780
1,6217,114.681780
1,6218,114.681780
1,6219,114.681780
1,6220,302.012493
1,6221,114.681780
1,6222,114.681780
1,6223,824.883301
1,6224,114.681780
1,6225,114.681780
1,6226,114.681780
1,6227,114.681780
1,6228,114.681780
1,6229,114.681780
1,6230,114.681780
1,6231,114.681780
1,6232,114.681780
1,6233,292.854103
1,6234,312.003465
1,6235,114.681780
1,6236,114.681780
1,6237,114.681780
1,6238,114.681780
1,6239,222.917303
1,6240,114.681780
1,6241,114.681780
1,6242,799.621358
1,6243,578.579359
1,6244,114.681780
1,6245,114.681780
1,6246,114.681780
1,6247,114.681780
1,6248,114.681780
1,6249,451.044483
1,6250,114.681780
1,6251,451.877064
1,6252,114.681780
1,6253,114.681780
1,6254,114.681780
1,6255,114.681780
1,6256,114.681780
1,6257,331.152827
1,6258,271.206998
1,6259,368.618969
1,6260,300.347332
1,6261,595.420654
1,6262,345.306703
1,6263,236.238599
1,6264,114.681780
1,6265,114.681780
1,6266,114.681780
1,6267,114.681780
1,6268,351.134769
1,6269,114.681780
1,6270,114.681780
1,6271,234.573437
1,6272,114.681780
1,6273,258.718284
1,6274,114.681780
1,6275,114.681780
1,6276,114.681780
1,6277,114.681780
1,6278,291.188941
1,6279,114.681780
1,6280,208.763427
1,6281,245.396989
1,6282,415.243502
1,6283,114.681780
1,6284,277.867646
1,6285,114.681780
1,6286,114.681780
1,6287,114.681780
1,6288,114.681780
1,6289,114.681780
1,6290,114.681780
1,6291,114.681780
1,6292,114.681780
1,6293,422.736731
1,6294,114.681780
1,6295,114.681780
1,6296,298.682170
1,6297,114.681780
1,6298,114.681780
1,6299,114.681780
1,6300,114.681780
1,6301,114.681780
1,6302,114.681780
1,6303,114.681780
1,6304,114.681780
1,6305,114.681780
1,6306,114.681780
1,6307,114.681780
1,6308,114.681780
1,6309,114.681780
1,6310,302.845074
1,6311,114.681780
1,6312,114.681780
1,6313,114.681780
1,6314,114.681780
1,6315,114.681780
1,6316,114.681780
1,6317,114.681780
1,6318,114.681780
1,6319,114.681780
1,6320,114.681780
1,6321,114.681780
1,6322,114.681780
1,6323,114.681780
1,6324,114.681780
1,6325,114.681780
1,6326,114.681780
1,6327,114.681780
1,6328,114.681780
1,6329,114.681780
1,6330,114.681780
1,6331,114.681780
1,6332,114.681780
1,6333,114.681780
1,6334,114.681780
1,6335,114.681780
1,6336,114.681780
1,6337,114.681780
1,6338,114.681780
1,6339,114.681780
1,6340,114.681780
1,6341,114.681780
1,6342,114.681780
1,6343,114.681780
1,6344,114.681780
1,6345,114.681780
1,6346,114.681780
1,6347,114.681780
1,6348,114.681780
1,6349,114.681780
1,6350,114.681780
1,6351,114.681780
1,6352,114.681780
1,6353,114.681780
1,6354,114.681780
1,6355,114.681780
1,6356,114.681780
1,6357,114.681780
1,6358,114.681780
1,6359,114.681780
1,6360,114.681780
1,6361,1732.208078
1,6362,280.365389
1,6363,114.681780
1,6364,114.681780
1,6365,114.681780
1,6366,277.867646
1,6367,396.094141
1,6368,114.681780
1,6369,114.681780
1,6370,114.681780
1,6371,376.944779
1,6372,267.044094
1,6373,114.681780
1,6374,114.681780
1,6375,114.681780
1,6376,114.681780
1,6377,334.483150
1,6378,114.681780
1,6379,378.609941
1,6380,289.523779
1,6381,114.681780
1,6382,337.813474
1,6383,303.677655
1,6384,114.681780
1,6385,306.175398
1,6386,382.772845
1,6387,271.206998
1,6388,445.216417
1,6389,114.681780
1,6390,114.681780
1,6391,114.681780
1,6392,114.681780
1,6393,114.681780
1,6394,114.681780
1,6395,114.681780
1,6396,114.681780
1,6397,114.681780
1,6398,114.681780
1,6399,114.681780
1,6400,114.681780
1,6401,114.681780
1,6402,114.681780
1,6403,114.681780
1,6404,114.681780
1,6405,114.681780
1,6406,114.681780
1,6407,114.681780
1,6408,114.681780
1,6409,114.681780
1,6410,114.681780
1,6411,114.681780
1,6412,114.681780
1,6413,114.681780
1,6414,114.681780
1,6415,114.681780
1,6416,114.681780
1,6417,114.681780
1,6418,114.681780
1,6419,114.681780
1,6420,114.681780
1,6421,114.681780
1,6422,114.681780
1,6423,114.681780
1,6424,114.681780
1,6425,114.681780
1,6426,114.681780
1,6427,114.681780
1,6428,114.681780
1,6429,114.681780
1,6430,370.284131
1,6431,114.681780
1,6432,114.681780
1,6433,114.681780
1,6434,114.681780
1,6435,114.681780
1,6436,114.681780
1,6437,114.681780
1,6438,114.681780
1,6439,114.681780
1,6440,114.681780
1,6441,114.681780
1,6442,114.681780
1,6443,289.523779
1,6444,114.681780
1,6445,114.681780
1,6446,114.681780
1,6447,114.681780
1,6448,114.681780
1,6449,361.958322
1,6450,114.681780
1,6451,327.822503
1,6452,114.681780
1,6453,319.496693
1,6454,308.673141
1,6455,447.714159
1,6456,437.723188
1,6457,571.211292
1,6458,114.681780
1,6459,252.057637
1,6460,114.681780
1,6461,273.704741
1,6462,114.681780
1,6463,232.908275
1,6464,294.519265
1,6465,371.949293
1,6466,114.681780
1,6467,287.026036
1,6468,295.351846
1,6469,114.681780
1,6470,550.159673
1,6471,1191.181471
1,6472,598.578397
1,6473,114.681780
1,6474,114.681780
1,6475,395.261560
1,6476,306.175398
1,6477,114.681780
1,6478,520.687407
1,6479,323.659598
1,6480,301.179913
1,6481,114.681780
1,6482,537.528702
1,6483,114.681780
1,6484,295.351846
1,6485,114.681780
1,6486,560.685483
1,6487,114.681780
1,6488,383.605426
1,6489,328.655084
1,6490,448.546740
1,6491,810.147168
1,6492,275.369903
1,6493,114.681780
1,6494,272.039579
1,6495,114.681780
1,6496,381.940265
1,6497,1019.610776
1,6498,421.071569
1,6499,354.465093
1,6500,543.844188
1,6501,114.681780
1,6502,532.265797
1,6503,114.681780
1,6504,114.681780
1,6505,114.681780
1,6506,114.681780
1,6507,114.681780
1,6508,538.581283
1,6509,114.681780
1,6510,114.681780
1,6511,478.584169
1,6512,574.369035
1,6513,114.681780
1,6514,450.211902
1,6515,575.421616
1,6516,370.284131
1,6517,265.378932
1,6518,307.840560
1,6519,114.681780
1,6520,885.932996
1,6521,114.681780
1,6522,451.877064
1,6523,114.681780
1,6524,275.369903
1,6525,114.681780
1,6526,292.021522
1,6527,114.681780
1,6528,388.600912
1,6529,114.681780
1,6530,248.727313
1,6531,789.095549
1,6532,519.634826
1,6533,114.681780
1,6534,1144.867909
1,6535,114.681780
1,6536,256.220541
1,6537,114.681780
1,6538,436.890607
1,6539,114.681780
1,6540,755.412958
1,6541,114.681780
1,6542,903.826872
1,6543,266.211513
1,6544,256.220541
1,6545,114.681780
1,6546,329.487665
1,6547,114.681780
1,6548,1121.711128
1,6549,114.681780
1,6550,499.635788
1,6551,350.302189
1,6552,114.681780
1,6553,373.614455
1,6554,742.781987
1,6555,114.681780
1,6556,310.338303
1,6557,516.477083
1,6558,114.681780
1,6559,510.161597
1,6560,406.085112
1,6561,565.948388
1,6562,358.627998
1,6563,114.681780
1,6564,548.054511
1,6565,406.085112
1,6566,114.681780
1,6567,1053.293367
1,6568,114.681780
1,6569,316.998951
1,6570,895.406224
1,6571,114.681780
1,6572,235.406018
1,6573,608.051626
1,6574,511.214178
1,6575,1273.282785
1,6576,400.257045
1,6577,495.425464
1,6578,114.681780
1,6579,689.100359
1,6580,404.419950
1,6581,114.681780
1,6582,393.596398
1,6583,114.681780
1,6584,473.321264
1,6585,295.351846
1,6586,766.991349
1,6587,114.681780
1,6588,292.854103
1,6589,301.179913
1,6590,448.546740
1,6591,114.681780
1,6592,275.369903
1,6593,114.681780
1,6594,385.270588
1,6595,247.894732
1,6596,973.297215
1,6597,518.582245
1,6598,114.681780
1,6599,114.681780
1,6600,409.415436
1,6601,305.342817
1,6602,283.695713
1,6603,114.681780
1,6604,344.474122
1,6605,614.367111
1,6606,114.681780
1,6607,114.681780
1,6608,238.736341
1,6609,114.681780
1,6610,662.785835
1,6611,413.578341
1,6612,114.681780
1,6613,656.470349
1,6614,273.704741
1,6615,315.333789
1,6616,307.840560
1,6617,276.202484
1,6618,114.681780
1,6619,114.681780
1,6620,409.415436
1,6621,114.681780
1,6622,1083.818214
1,6623,862.776215
1,6624,344.474122
1,6625,738.571663
1,6626,609.104206
1,6627,246.229570
1,6628,114.681780
1,6629,114.681780
1,6630,114.681780
1,6631,262.881189
1,6632,114.681780
1,6633,302.012493
1,6634,114.681780
1,6635,721.730368
1,6636,271.206998
1,6637,368.618969
1,6638,114.681780
1,6639,114.681780
1,6640,114.681780
1,6641,114.681780
1,6642,114.681780
1,6643,114.681780
1,6644,295.351846
1,6645,114.681780
1,6646,319.496693
1,6647,252.057637
1,6648,502.793531
1,6649,114.681780
1,6650,114.681780
1,6651,349.469608
1,6652,114.681780
1,6653,297.849589
1,6654,267.876675
1,6655,393.596398
1,6656,250.392475
1,6657,293.686684
1,6658,609.104206
1,6659,279.532808
1,6660,114.681780
1,6661,246.229570
1,6662,114.681780
1,6663,114.681780
1,6664,114.681780
1,6665,114.681780
1,6666,114.681780
1,6667,114.681780
1,6668,114.681780
1,6669,114.681780
1,6670,114.681780
1,6671,114.681780
1,6672,114.681780
1,6673,114.681780
1,6674,114.681780
1,6675,114.681780
1,6676,114.681780
1,6677,114.681780
1,6678,114.681780
1,6679,114.681780
1,6680,114.681780
1,6681,114.681780
1,6682,114.681780
1,6683,114.681780
1,6684,114.681780
1,6685,114.681780
1,6686,114.681780
1,6687,114.681780
1,6688,114.681780
1,6689,342.808960
1,6690,264.546351
1,6691,114.681780
1,6692,371.116712
1,6693,573.316454
1,6694,114.681780
1,6695,306.175398
1,6696,389.433493
1,6697,608.051626
1,6698,469.110940
1,6699,114.681780
1,6700,673.311644
1,6701,516.477083
1,6702,114.681780
1,6703,114.681780
1,6704,114.681780
1,6705,496.478045
1,6706,351.134769
1,6707,247.894732
1,6708,114.681780
1,6709,114.681780
1,6710,114.681780
1,6711,232.075694
1,6712,324.492179
1,6713,312.003465
1,6714,479.636750
1,6715,114.681780
1,6716,114.681780
1,6717,114.681780
1,6718,114.681780
1,6719,114.681780
1,6720,114.681780
1,6721,333.650570
1,6722,267.044094
1,6723,685.942616
1,6724,363.623484
1,6725,114.681780
1,6726,114.681780
1,6727,114.681780
1,6728,114.681780
1,6729,114.681780
1,6730,292.854103
1,6731,269.541837
1,6732,500.688369
1,6733,114.681780
1,6734,461.742874
1,6735,114.681780
1,6736,1028.031424
1,6737,114.681780
1,6738,114.681780
1,6739,114.681780
1,6740,114.681780
1,6741,114.681780
1,6742,114.681780
1,6743,114.681780
1,6744,114.681780
1,6745,562.790645
1,6746,114.681780
1,6747,1081.713052
1,6748,751.202635
1,6749,114.681780
1,6750,221.252142
1,6751,300.347332
1,6752,413.578341
1,6753,114.681780
1,6754,411.080598
1,6755,350.302189
1,6756,114.681780
1,6757,114.681780
1,6758,421.071569
1,6759,257.053122
1,6760,114.681780
1,6761,114.681780
1,6762,114.681780
1,6763,114.681780
1,6764,114.681780
1,6765,381.107684
1,6766,267.044094
1,6767,760.675863
1,6768,114.681780
1,6769,114.681780
1,6770,411.080598
1,6771,396.094141
1,6772,114.681780
1,6773,329.487665
1,6774,114.681780
1,6775,440.220931
1,6776,358.627998
1,6777,114.681780
1,6778,114.681780
1,6779,114.681780
1,6780,114.681780
1,6781,114.681780
1,6782,114.681780
1,6783,346.139284
1,6784,295.351846
1,6785,346.139284
1,6786,114.681780
1,6787,417.741245
1,6788,366.121227
1,6789,638.576473
1,6790,308.673141
1,6791,114.681780
1,6792,823.830720
1,6793,114.681780
1,6794,114.681780
1,6795,249.559894
1,6796,396.094141
1,6797,307.007979
1,6798,114.681780
1,6799,350.302189
1,6800,114.681780
1,6801,298.682170
1,6802,242.899246
1,6803,229.577951
1,6804,114.681780
1,6805,114.681780
1,6806,402.754788
1,6807,114.681780
1,6808,251.225056
1,6809,397.759303
1,6810,468.058359
1,6811,249.559894
1,6812,510.161597
1,6813,114.681780
1,6814,267.876675
1,6815,352.799931
1,6816,114.681780
1,6817,114.681780
1,6818,356.962836
1,6819,377.777360
1,6820,114.681780
1,6821,484.899655
1,6822,114.681780
1,6823,520.687407
1,6824,114.681780
1,6825,114.681780
1,6826,476.479007
1,6827,114.681780
1,6828,114.681780
1,6829,114.681780
1,6830,427.732217
1,6831,252.057637
1,6832,405.252531
1,6833,267.044094
1,6834,114.681780
1,6835,303.677655
1,6836,114.681780
1,6837,114.681780
1,6838,257.885703
1,6839,114.681780
1,6840,114.681780
1,6841,815.410072
1,6842,114.681780
1,6843,276.202484
1,6844,233.740856
1,6845,114.681780
1,6846,114.681780
1,6847,114.681780
1,6848,114.681780
1,6849,114.681780
1,6850,246.229570
1,6851,318.664112
1,6852,114.681780
1,6853,840.672015
1,6854,596.473235
1,6855,349.469608
1,6856,114.681780
1,6857,114.681780
1,6858,114.681780
1,6859,114.681780
1,6860,251.225056
1,6861,265.378932
1,6862,326.989922
1,6863,425.234474
1,6864,114.681780
1,6865,493.320302
1,6866,114.681780
1,6867,331.152827
1,6868,114.681780
1,6869,114.681780
1,6870,114.681780
1,6871,114.681780
1,6872,114.681780
1,6873,114.681780
1,6874,114.681780
1,6875,114.681780
1,6876,114.681780
1,6877,114.681780
1,6878,114.681780
1,6879,114.681780
1,6880,114.681780
1,6881,114.681780
1,6882,114.681780
1,6883,366.121227
1,6884,114.681780
1,6885,307.840560
1,6886,114.681780
1,6887,313.668627
1,6888,114.681780
1,6889,537.528702
1,6890,321.994436
1,6891,114.681780
1,6892,114.681780
1,6893,237.071180
1,6894,114.681780
1,6895,114.681780
1,6896,114.681780
1,6897,415.243502
1,6898,114.681780
1,6899,114.681780
1,6900,412.745760
1,6901,361.958322
1,6902,114.681780
1,6903,294.519265
1,6904,114.681780
1,6905,114.681780
1,6906,709.099397
1,6907,114.681780
1,6908,114.681780
1,6909,282.863132
1,6910,114.681780
1,6911,285.360875
1,6912,114.681780
1,6913,274.537322
1,6914,282.863132
1,6915,333.650570
1,6916,270.374417
1,6917,366.953807
1,6918,254.555379
1,6919,114.681780
1,6920,473.321264
1,6921,301.179913
1,6922,114.681780
1,6923,114.681780
1,6924,286.193455
1,6925,282.030551
1,6926,379.442522
1,6927,114.681780
1,6928,229.577951
1,6929,114.681780
1,6930,114.681780
1,6931,321.994436
1,6932,114.681780
1,6933,114.681780
1,6934,114.681780
1,6935,114.681780
1,6936,114.681780
1,6937,114.681780
1,6938,114.681780
1,6939,114.681780
1,6940,114.681780
1,6941,285.360875
1,6942,706.994235
1,6943,197.939875
1,6944,429.397379
1,6945,289.523779
1,6946,274.537322
1,6947,114.681780
1,6948,114.681780
1,6949,114.681780
1,6950,114.681780
1,6951,114.681780
1,6952,114.681780
1,6953,114.681780
1,6954,114.681780
1,6955,433.560283
1,6956,114.681780
1,6957,114.681780
1,6958,114.681780
1,6959,114.681780
1,6960,1034.346910
1,6961,281.197970
1,6962,294.519265
1,6963,649.102283
1,6964,114.681780
1,6965,114.681780
1,6966,114.681780
1,6967,114.681780
1,6968,114.681780
1,6969,114.681780
1,6970,114.681780
1,6971,520.687407
1,6972,114.681780
1,6973,361.958322
1,6974,114.681780
1,6975,446.881579
1,6976,114.681780
1,6977,114.681780
1,6978,114.681780
1,6979,114.681780
1,6980,114.681780
1,6981,114.681780
1,6982,278.700227
1,6983,252.057637
1,6984,471.216102
1,6985,114.681780
1,6986,114.681780
1,6987,114.681780
1,6988,114.681780
1,6989,114.681780
1,6990,114.681780
1,6991,321.994436
1,6992,479.636750
1,6993,114.681780
1,6994,932.246558
1,6995,114.681780
1,6996,304.510236
1,6997,396.926722
1,6998,114.681780
1,6999,114.681780
1,7000,114.681780
1,7001,356.130255
1,7002,272.872160
1,7003,258.718284
1,7004,1108.027576
1,7005,801.726520
1,7006,114.681780
1,7007,114.681780
1,7008,114.681780
1,7009,114.681780
1,7010,114.681780
1,7011,114.681780
1,7012,381.940265
1,7013,114.681780
1,7014,316.166370
1,7015,114.681780
1,7016,323.659598
1,7017,392.763817
1,7018,401.922207
1,7019,298.682170
1,7020,114.681780
1,7021,564.895807
1,7022,114.681780
1,7023,386.935750
1,7024,416.908664
1,7025,269.541837
1,7026,114.681780
1,7027,477.531588
1,7028,385.270588
1,7029,114.681780
1,7030,114.681780
1,7031,420.238988
1,7032,527.002893
1,7033,114.681780
1,7034,280.365389
1,7035,379.442522
1,7036,114.681780
1,7037,114.681780
1,7038,114.681780
1,7039,270.374417
1,7040,114.681780
1,7041,114.681780
1,7042,114.681780
1,7043,114.681780
1,7044,114.681780
1,7045,114.681780
1,7046,114.681780
1,7047,335.315731
1,7048,307.840560
1,7049,114.681780
1,7050,114.681780
1,7051,114.681780
1,7052,114.681780
1,7053,114.681780
1,7054,114.681780
1,7055,114.681780
1,7056,114.681780
1,7057,640.681635
1,7058,455.427388
1,7059,114.681780
1,7060,114.681780
1,7061,114.681780
1,7062,114.681780
1,7063,114.681780
1,7064,114.681780
1,7065,875.407186
1,7066,114.681780
1,7067,370.284131
1,7068,114.681780
1,7069,114.681780
1,7070,114.681780
1,7071,114.681780
1,7072,634.366149
1,7073,249.559894
1,7074,114.681780
1,7075,237.903760
1,7076,114.681780
1,7077,679.627130
1,7078,114.681780
1,7079,114.681780
1,7080,114.681780
1,7081,114.681780
1,7082,451.044483
1,7083,114.681780
1,7084,460.690293
1,7085,114.681780
1,7086,811.199749
1,7087,390.266074
1,7088,114.681780
1,7089,114.681780
1,7090,114.681780
1,7091,458.585131
1,7092,252.057637
1,7093,296.184427
1,7094,114.681780
1,7095,262.048608
1,7096,114.681780
1,7097,114.681780
1,7098,244.564408
1,7099,114.681780
1,7100,610.156787
1,7101,389.433493
1,7102,114.681780
1,7103,114.681780
1,7104,114.681780
1,7105,379.442522
1,7106,114.681780
1,7107,114.681780
1,7108,832.251368
1,7109,810.147168
1,7110,114.681780
1,7111,679.627130
1,7112,114.681780
1,7113,365.288646
1,7114,114.681780
1,7115,357.795417
1,7116,325.324760
1,7117,114.681780
1,7118,325.324760
1,7119,630.155825
1,7120,322.827017
1,7121,334.483150
1,7122,114.681780
1,7123,356.962836
1,7124,114.681780
1,7125,114.681780
1,7126,114.681780
1,7127,370.284131
1,7128,114.681780
1,7129,520.687407
1,7130,297.017008
1,7131,396.094141
1,7132,267.876675
1,7133,917.510424
1,7134,114.681780
1,7135,403.587369
1,7136,114.681780
1,7137,114.681780
1,7138,352.799931
1,7139,114.681780
1,7140,114.681780
1,7141,552.264835
1,7142,265.378932
1,7143,114.681780
1,7144,836.461691
1,7145,114.681780
1,7146,114.681780
1,7147,280.365389
1,7148,567.000969
1,7149,366.953807
1,7150,532.265797
1,7151,114.681780
1,7152,680.679711
1,7153,446.881579
1,7154,369.451550
1,7155,353.632512
1,7156,688.047778
1,7157,439.388350
1,7158,114.681780
1,7159,114.681780
1,7160,385.270588
1,7161,311.170884
1,7162,114.681780
1,7163,291.188941
1,7164,485.952236
1,7165,525.950312
1,7166,307.840560
1,7167,341.143798
1,7168,114.681780
1,7169,382.772845
1,7170,114.681780
1,7171,114.681780
1,7172,271.206998
1,7173,114.681780
1,7174,262.881189
1,7175,114.681780
1,7176,114.681780
1,7177,114.681780
1,7178,114.681780
1,7179,197.939875
1,7180,114.681780
1,7181,318.664112
1,7182,309.505722
1,7183,114.681780
1,7184,416.076083
1,7185,114.681780
1,7186,238.736341
1,7187,396.926722
1,7188,261.216027
1,7189,114.681780
1,7190,341.976379
1,7191,114.681780
1,7192,265.378932
1,7193,230.410532
1,7194,357.795417
1,7195,114.681780
1,7196,251.225056
1,7197,260.383446
1,7198,114.681780
1,7199,254.555379
1,7200,114.681780
1,7201,293.686684
1,7202,114.681780
1,7203,931.193977
1,7204,421.904150
1,7205,114.681780
1,7206,457.532550
1,7207,229.577951
1,7208,409.415436
1,7209,436.890607
1,7210,517.529664
1,7211,272.039579
1,7212,324.492179
1,7213,353.632512
1,7214,114.681780
1,7215,366.953807
1,7216,114.681780
1,7217,441.053512
1,7218,452.709645
1,7219,114.681780
1,7220,114.681780
1,7221,237.903760
1,7222,718.572625
1,7223,114.681780
1,7224,114.681780
1,7225,414.410922
1,7226,114.681780
1,7227,1191.181471
1,7228,307.007979
1,7229,114.681780
1,7230,531.213216
1,7231,114.681780
1,7232,597.525816
1,7233,369.451550
1,7234,274.537322
1,7235,114.681780
1,7236,411.913179
1,7237,114.681780
1,7238,809.094587
1,7239,401.922207
1,7240,267.876675
1,7241,698.573587
1,7242,114.681780
1,7243,302.845074
1,7244,114.681780
1,7245,333.650570
1,7246,432.727702
1,7247,266.211513
1,7248,267.044094
1,7249,114.681780
1,7250,114.681780
1,7251,500.688369
1,7252,114.681780
1,7253,114.681780
1,7254,455.427388
1,7255,114.681780
1,7256,114.681780
1,7257,467.005778
1,7258,806.989425
1,7259,432.727702
1,7260,114.681780
1,7261,285.360875
1,7262,351.967350
1,7263,333.650570
1,7264,293.686684
1,7265,290.356360
1,7266,114.681780
1,7267,222.084722
1,7268,511.214178
1,7269,360.293160
1,7270,498.583207
1,7271,114.681780
1,7272,346.971865
1,7273,114.681780
1,7274,285.360875
1,7275,114.681780
1,7276,1270.125042
1,7277,114.681780
1,7278,600.683559
1,7279,326.157341
1,7280,362.790903
1,7281,114.681780
1,7282,373.614455
1,7283,114.681780
1,7284,114.681780
1,7285,114.681780
1,7286,405.252531
1,7287,114.681780
1,7288,318.664112
1,7289,899.616548
1,7290,114.681780
1,7291,114.681780
1,7292,114.681780
1,7293,513.319340
1,7294,114.681780
1,7295,743.834568
1,7296,500.688369
1,7297,350.302189
1,7298,114.681780
1,7299,232.908275
1,7300,281.197970
1,7301,114.681780
1,7302,400.257045
1,7303,446.048998
1,7304,114.681780
1,7305,548.054511
1,7306,335.315731
1,7307,361.125741
1,7308,365.288646
1,7309,212.926332
1,7310,114.681780
1,7311,332.817989
1,7312,114.681780
1,7313,547.001931
1,7314,114.681780
1,7315,331.152827
1,7316,114.681780
1,7317,465.953197
1,7318,321.161855
1,7319,114.681780
1,7320,361.125741
1,7321,251.225056
1,7322,114.681780
1,7323,269.541837
1,7324,202.935361
1,7325,328.655084
1,7326,114.681780
1,7327,425.234474
1,7328,114.681780
1,7329,114.681780
1,7330,114.681780
1,7331,371.949293
1,7332,114.681780
1,7333,277.867646
1,7334,114.681780
1,7335,302.012493
1,7336,114.681780
1,7337,284.528294
1,7338,435.225445
1,7339,208.763427
1,7340,423.569312
1,7341,666.996159
1,7342,269.541837
1,7343,114.681780
1,7344,725.940692
1,7345,114.681780
1,7346,114.681780
1,7347,114.681780
1,7348,421.904150
1,7349,677.521968
1,7350,518.582245
1,7351,114.681780
1,7352,114.681780
1,7353,114.681780
1,7354,114.681780
1,7355,114.681780
1,7356,324.492179
1,7357,312.003465
1,7358,270.374417
1,7359,482.794493
1,7360,332.817989
1,7361,114.681780
1,7362,114.681780
1,7363,902.774291
1,7364,114.681780
1,7365,114.681780
1,7366,508.056435
1,7367,282.863132
1,7368,432.727702
1,7369,381.107684
1,7370,820.672977
1,7371,297.849589
1,7372,260.383446
1,7373,270.374417
1,7374,537.528702
1,7375,114.681780
1,7376,296.184427
1,7377,114.681780
1,7378,114.681780
1,7379,114.681780
1,7380,307.840560
1,7381,114.681780
1,7382,398.591884
1,7383,273.704741
1,7384,114.681780
1,7385,297.017008
1,7386,114.681780
1,7387,243.731827
1,7388,114.681780
1,7389,393.596398
1,7390,321.161855
1,7391,114.681780
1,7392,114.681780
1,7393,114.681780
1,7394,114.681780
1,7395,268.709256
1,7396,342.808960
1,7397,377.777360
1,7398,285.360875
1,7399,380.275103
1,7400,282.863132
1,7401,358.627998
1,7402,114.681780
1,7403,416.908664
1,7404,114.681780
1,7405,307.007979
1,7406,114.681780
1,7407,114.681780
1,7408,114.681780
1,7409,442.718674
1,7410,114.681780
1,7411,297.017008
1,7412,532.265797
1,7413,478.584169
1,7414,114.681780
1,7415,114.681780
1,7416,114.681780
1,7417,340.311217
1,7418,114.681780
1,7419,114.681780
1,7420,114.681780
1,7421,114.681780
1,7422,114.681780
1,7423,392.763817
1,7424,275.369903
1,7425,287.858617
1,7426,114.681780
1,7427,514.371921
1,7428,114.681780
1,7429,265.378932
1,7430,279.532808
1,7431,536.476121
1,7432,396.094141
1,7433,256.220541
1,7434,114.681780
1,7435,114.681780
1,7436,430.229960
1,7437,114.681780
1,7438,875.407186
1,7439,714.362301
1,7440,114.681780
1,7441,1034.346910
1,7442,114.681780
1,7443,371.116712
1,7444,984.875605
1,7445,533.318378
1,7446,426.899636
1,7447,114.681780
1,7448,451.877064
1,7449,301.179913
1,7450,233.740856
1,7451,247.062151
1,7452,114.681780
1,7453,306.175398
1,7454,341.976379
1,7455,601.736140
1,7456,114.681780
1,7457,114.681780
1,7458,114.681780
1,7459,114.681780
1,7460,114.681780
1,7461,114.681780
1,7462,114.681780
1,7463,114.681780
1,7464,114.681780
1,7465,114.681780
1,7466,114.681780
1,7467,114.681780
1,7468,114.681780
1,7469,114.681780
1,7470,114.681780
1,7471,372.781874
1,7472,292.854103
1,7473,246.229570
1,7474,280.365389
1,7475,114.681780
1,7476,605.946464
1,7477,595.420654
1,7478,114.681780
1,7479,316.166370
1,7480,114.681780
1,7481,114.681780
1,7482,114.681780
1,7483,439.388350
1,7484,657.522930
1,7485,114.681780
1,7486,114.681780
1,7487,114.681780
1,7488,114.681780
1,7489,114.681780
1,7490,114.681780
1,7491,267.876675
1,7492,114.681780
1,7493,114.681780
1,7494,114.681780
1,7495,114.681780
1,7496,114.681780
1,7497,114.681780
1,7498,114.681780
1,7499,114.681780
1,7500,114.681780
1,7501,114.681780
1,7502,114.681780
1,7503,114.681780
1,7504,114.681780
1,7505,114.681780
1,7506,114.681780
1,7507,114.681780
1,7508,114.681780
1,7509,114.681780
1,7510,332.817989
1,7511,351.134769
1,7512,114.681780
1,7513,114.681780
1,7514,114.681780
1,7515,114.681780
1,7516,114.681780
1,7517,114.681780
1,7518,114.681780
1,7519,248.727313
1,7520,286.193455
1,7521,114.681780
1,7522,114.681780
1,7523,285.360875
1,7524,459.637712
1,7525,114.681780
1,7526,1076.450148
1,7527,114.681780
1,7528,622.787759
1,7529,114.681780
1,7530,114.681780
1,7531,114.681780
1,7532,114.681780
1,7533,114.681780
1,7534,114.681780
1,7535,301.179913
1,7536,286.193455
1,7537,272.872160
1,7538,114.681780
1,7539,292.021522
1,7540,362.790903
1,7541,114.681780
1,7542,114.681780
1,7543,114.681780
1,7544,398.591884
1,7545,252.890218
1,7546,272.872160
1,7547,297.017008
1,7548,316.998951
1,7549,281.197970
1,7550,262.881189
1,7551,231.243113
1,7552,268.709256
1,7553,249.559894
1,7554,114.681780
1,7555,253.722798
1,7556,251.225056
1,7557,211.261170
1,7558,266.211513
1,7559,500.688369
1,7560,114.681780
1,7561,262.881189
1,7562,226.247627
1,7563,258.718284
1,7564,114.681780
1,7565,114.681780
1,7566,114.681780
1,7567,114.681780
1,7568,114.681780
1,7569,114.681780
1,7570,259.550865
1,7571,114.681780
1,7572,242.899246
1,7573,411.080598
1,7574,114.681780
1,7575,259.550865
1,7576,114.681780
1,7577,293.686684
1,7578,114.681780
1,7579,114.681780
1,7580,260.383446
1,7581,318.664112
1,7582,277.035065
1,7583,246.229570
1,7584,250.392475
1,7585,114.681780
1,7586,114.681780
1,7587,114.681780
1,7588,114.681780
1,7589,114.681780
1,7590,114.681780
1,7591,279.532808
1,7592,267.044094
1,7593,238.736341
1,7594,114.681780
1,7595,274.537322
1,7596,114.681780
1,7597,114.681780
1,7598,114.681780
1,7599,431.895121
1,7600,114.681780
1,7601,253.722798
1,7602,114.681780
1,7603,249.559894
1,7604,252.057637
1,7605,254.555379
1,7606,114.681780
1,7607,249.559894
1,7608,240.401503
1,7609,250.392475
1,7610,114.681780
1,7611,264.546351
1,7612,275.369903
1,7613,310.338303
1,7614,272.872160
1,7615,361.958322
1,7616,114.681780
1,7617,237.071180
1,7618,114.681780
1,7619,312.003465
1,7620,240.401503
1,7621,307.007979
1,7622,305.342817
1,7623,244.564408
1,7624,114.681780
1,7625,219.586980
1,7626,114.681780
1,7627,274.537322
1,7628,371.116712
1,7629,371.116712
1,7630,269.541837
1,7631,114.681780
1,7632,114.681780
1,7633,114.681780
1,7634,114.681780
1,7635,397.759303
1,7636,114.681780
1,7637,114.681780
1,7638,114.681780
1,7639,114.681780
1,7640,114.681780
1,7641,114.681780
1,7642,114.681780
1,7643,222.084722
1,7644,378.609941
1,7645,232.075694
1,7646,114.681780
1,7647,306.175398
1,7648,114.681780
1,7649,282.863132
1,7650,299.514751
1,7651,114.681780
1,7652,253.722798
1,7653,114.681780
1,7654,282.030551
1,7655,238.736341
1,7656,284.528294
1,7657,224.582465
1,7658,294.519265
1,7659,114.681780
1,7660,250.392475
1,7661,114.681780
1,7662,259.550865
1,7663,338.646055
1,7664,291.188941
1,7665,255.387960
1,7666,297.849589
1,7667,114.681780
1,7668,114.681780
1,7669,251.225056
1,7670,230.410532
1,7671,114.681780
1,7672,250.392475
1,7673,114.681780
1,7674,222.084722
1,7675,114.681780
1,7676,256.220541
1,7677,272.039579
1,7678,296.184427
1,7679,262.048608
1,7680,296.184427
1,7681,261.216027
1,7682,114.681780
1,7683,325.324760
1,7684,258.718284
1,7685,363.623484
1,7686,114.681780
1,7687,296.184427
1,7688,114.681780
1,7689,347.804446
1,7690,298.682170
1,7691,114.681780
1,7692,288.691198
1,7693,231.243113
1,7694,284.528294
1,7695,285.360875
1,7696,422.736731
1,7697,235.406018
1,7698,307.007979
1,7699,114.681780
1,7700,114.681780
1,7701,293.686684
1,7702,114.681780
1,7703,242.899246
1,7704,114.681780
1,7705,114.681780
1,7706,270.374417
1,7707,114.681780
1,7708,114.681780
1,7709,114.681780
1,7710,114.681780
1,7711,114.681780
1,7712,114.681780
1,7713,114.681780
1,7714,239.568922
1,7715,114.681780
1,7716,238.736341
1,7717,114.681780
1,7718,240.401503
1,7719,292.854103
1,7720,227.912789
1,7721,114.681780
1,7722,238.736341
1,7723,330.320246
1,7724,302.845074
1,7725,257.885703
1,7726,322.827017
1,7727,357.795417
1,7728,290.356360
1,7729,285.360875
1,7730,235.406018
1,7731,313.668627
1,7732,416.076083
1,7733,114.681780
1,7734,114.681780
1,7735,250.392475
1,7736,252.890218
1,7737,216.256656
1,7738,114.681780
1,7739,1011.190129
1,7740,241.234084
1,7741,262.881189
1,7742,260.383446
1,7743,273.704741
1,7744,114.681780
1,7745,267.044094
1,7746,267.044094
1,7747,568.053549
1,7748,114.681780
1,7749,270.374417
1,7750,288.691198
1,7751,114.681780
1,7752,222.084722
1,7753,114.681780
1,7754,114.681780
1,7755,280.365389
1,7756,114.681780
1,7757,430.229960
1,7758,114.681780
1,7759,280.365389
1,7760,278.700227
1,7761,268.709256
1,7762,250.392475
1,7763,307.840560
1,7764,233.740856
1,7765,114.681780
1,7766,246.229570
1,7767,114.681780
1,7768,114.681780
1,7769,349.469608
1,7770,260.383446
1,7771,269.541837
1,7772,114.681780
1,7773,265.378932
1,7774,252.057637
1,7775,114.681780
1,7776,242.066665
1,7777,114.681780
1,7778,242.066665
1,7779,114.681780
1,7780,114.681780
1,7781,292.854103
1,7782,264.546351
1,7783,287.026036
1,7784,224.582465
1,7785,282.030551
1,7786,277.867646
1,7787,350.302189
1,7788,114.681780
1,7789,114.681780
1,7790,114.681780
1,7791,302.012493
1,7792,114.681780
1,7793,247.894732
1,7794,114.681780
1,7795,114.681780
1,7796,348.637027
1,7797,307.007979
1,7798,436.058026
1,7799,329.487665
1,7800,294.519265
1,7801,288.691198
1,7802,247.894732
1,7803,317.831532
1,7804,251.225056
1,7805,302.012493
1,7806,114.681780
1,7807,620.682597
1,7808,631.208406
1,7809,423.569312
1,7810,904.879453
1,7811,114.681780
1,7812,114.681780
1,7813,309.505722
1,7814,290.356360
1,7815,216.256656
1,7816,114.681780
1,7817,227.080208
1,7818,114.681780
1,7819,235.406018
1,7820,298.682170
1,7821,114.681780
1,7822,114.681780
1,7823,114.681780
1,7824,114.681780
1,7825,305.342817
1,7826,281.197970
1,7827,114.681780
1,7828,114.681780
1,7829,114.681780
1,7830,237.071180
1,7831,591.210330
1,7832,507.003854
1,7833,468.058359
1,7834,253.722798
1,7835,263.713770
1,7836,229.577951
1,7837,114.681780
1,7838,297.849589
1,7839,249.559894
1,7840,244.564408
1,7841,114.681780
1,7842,269.541837
1,7843,445.216417
1,7844,285.360875
1,7845,114.681780
1,7846,114.681780
1,7847,341.143798
1,7848,114.681780
1,7849,114.681780
1,7850,310.338303
1,7851,415.243502
1,7852,280.365389
1,7853,443.551255
1,7854,114.681780
1,7855,285.360875
1,7856,306.175398
1,7857,262.881189
1,7858,114.681780
1,7859,114.681780
1,7860,114.681780
1,7861,260.383446
1,7862,239.568922
1,7863,114.681780
1,7864,292.854103
1,7865,114.681780
1,7866,365.288646
1,7867,310.338303
1,7868,417.741245
1,7869,114.681780
1,7870,114.681780
1,7871,387.768331
1,7872,114.681780
1,7873,114.681780
1,7874,234.573437
1,7875,229.577951
1,7876,241.234084
1,7877,242.899246
1,7878,274.537322
1,7879,337.813474
1,7880,114.681780
1,7881,272.872160
1,7882,277.035065
1,7883,249.559894
1,7884,242.899246
1,7885,114.681780
1,7886,247.894732
1,7887,114.681780
1,7888,114.681780
1,7889,114.681780
1,7890,236.238599
1,7891,114.681780
1,7892,261.216027
1,7893,114.681780
1,7894,240.401503
1,7895,257.885703
1,7896,114.681780
1,7897,263.713770
1,7898,114.681780
1,7899,114.681780
1,7900,114.681780
1,7901,114.681780
1,7902,299.514751
1,7903,254.555379
1,7904,245.396989
1,7905,307.007979
1,7906,114.681780
1,7907,272.039579
1,7908,280.365389
1,7909,217.089237
1,7910,114.681780
1,7911,114.681780
1,7912,114.681780
1,7913,297.849589
1,7914,262.048608
1,7915,250.392475
1,7916,114.681780
1,7917,288.691198
1,7918,114.681780
1,7919,322.827017
1,7920,114.681780
1,7921,254.555379
1,7922,114.681780
1,7923,242.066665
1,7924,114.681780
1,7925,114.681780
1,7926,1029.084005
1,7927,661.733254
1,7928,382.772845
1,7929,305.342817
1,7930,114.681780
1,7931,308.673141
1,7932,369.451550
1,7933,371.949293
1,7934,291.188941
1,7935,234.573437
1,7936,114.681780
1,7937,243.731827
1,7938,366.121227
1,7939,114.681780
1,7940,224.582465
1,7941,275.369903
1,7942,412.745760
1,7943,281.197970
1,7944,235.406018
1,7945,114.681780
1,7946,340.311217
1,7947,114.681780
1,7948,1732.208078
1,7949,409.415436
1,7950,114.681780
1,7951,241.234084
1,7952,114.681780
1,7953,228.745370
1,7954,293.686684
1,7955,417.741245
1,7956,477.531588
1,7957,247.894732
1,7958,114.681780
1,7959,292.854103
1,7960,114.681780
1,7961,309.505722
1,7962,508.056435
1,7963,241.234084
1,7964,300.347332
1,7965,333.650570
1,7966,277.035065
1,7967,346.139284
1,7968,114.681780
1,7969,259.550865
1,7970,312.836046
1,7971,114.681780
1,7972,241.234084
1,7973,335.315731
1,7974,212.093751
1,7975,327.822503
1,7976,114.681780
1,7977,257.885703
1,7978,267.044094
1,7979,285.360875
1,7980,253.722798
1,7981,114.681780
1,7982,244.564408
1,7983,231.243113
1,7984,249.559894
1,7985,280.365389
1,7986,114.681780
1,7987,114.681780
1,7988,114.681780
1,7989,114.681780
1,7990,114.681780
1,7991,448.546740
1,7992,362.790903
1,7993,242.899246
1,7994,114.681780
1,7995,114.681780
1,7996,225.415046
1,7997,326.157341
1,7998,291.188941
1,7999,361.958322
1,8000,114.681780
1,8001,114.681780
1,8002,259.550865
1,8003,257.885703
1,8004,209.596008
1,8005,663.838416
1,8006,307.840560
1,8007,427.732217
1,8008,114.681780
1,8009,251.225056
1,8010,213.758913
1,8011,359.460579
1,8012,436.890607
1,8013,227.912789
1,8014,254.555379
1,8015,114.681780
1,8016,114.681780
1,8017,114.681780
1,8018,292.854103
1,8019,114.681780
1,8020,267.044094
1,8021,248.727313
1,8022,250.392475
1,8023,238.736341
1,8024,114.681780
1,8025,299.514751
1,8026,282.030551
1,8027,231.243113
1,8028,240.401503
1,8029,114.681780
1,8030,114.681780
1,8031,299.514751
1,8032,481.741912
1,8033,114.681780
1,8034,114.681780
1,8035,114.681780
1,8036,114.681780
1,8037,226.247627
1,8038,114.681780
1,8039,114.681780
1,8040,306.175398
1,8041,242.899246
1,8042,252.890218
1,8043,346.971865
1,8044,114.681780
1,8045,371.949293
1,8046,114.681780
1,8047,316.998951
1,8048,641.734216
1,8049,264.546351
1,8050,242.066665
1,8051,308.673141
1,8052,306.175398
1,8053,294.519265
1,8054,360.293160
1,8055,599.630978
1,8056,426.899636
1,8057,294.519265
1,8058,114.681780
1,8059,114.681780
1,8060,114.681780
1,8061,249.559894
1,8062,114.681780
1,8063,114.681780
1,8064,374.447036
1,8065,245.396989
1,8066,267.044094
1,8067,318.664112
1,8068,270.374417
1,8069,279.532808
1,8070,256.220541
1,8071,114.681780
1,8072,114.681780
1,8073,228.745370
1,8074,240.401503
1,8075,114.681780
1,8076,114.681780
1,8077,114.681780
1,8078,114.681780
1,8079,114.681780
1,8080,114.681780
1,8081,114.681780
1,8082,114.681780
1,8083,114.681780
1,8084,114.681780
1,8085,114.681780
1,8086,114.681780
1,8087,391.931236
1,8088,114.681780
1,8089,288.691198
1,8090,386.935750
1,8091,114.681780
1,8092,282.030551
1,8093,114.681780
1,8094,114.681780
1,8095,114.681780
1,8096,114.681780
1,8097,114.681780
1,8098,263.713770
1,8099,226.247627
1,8100,232.908275
1,8101,114.681780
1,8102,114.681780
1,8103,114.681780
1,8104,114.681780
1,8105,263.713770
1,8106,114.681780
1,8107,243.731827
1,8108,331.985408
1,8109,114.681780
1,8110,389.433493
1,8111,331.152827
1,8112,266.211513
1,8113,314.501208
1,8114,114.681780
1,8115,261.216027
1,8116,549.107092
1,8117,491.215140
1,8118,260.383446
1,8119,114.681780
1,8120,114.681780
1,8121,280.365389
1,8122,274.537322
1,8123,114.681780
1,8124,433.560283
1,8125,114.681780
1,8126,114.681780
1,8127,395.261560
1,8128,297.017008
1,8129,279.532808
1,8130,274.537322
1,8131,252.890218
1,8132,822.778139
1,8133,202.935361
1,8134,244.564408
1,8135,114.681780
1,8136,243.731827
1,8137,293.686684
1,8138,240.401503
1,8139,307.840560
1,8140,367.786388
1,8141,217.921818
1,8142,292.021522
1,8143,287.858617
1,8144,406.085112
1,8145,273.704741
1,8146,114.681780
1,8147,391.098655
1,8148,278.700227
1,8149,114.681780
1,8150,282.863132
1,8151,298.682170
1,8152,251.225056
1,8153,311.170884
1,8154,114.681780
1,8155,242.066665
1,8156,267.876675
1,8157,228.745370
1,8158,287.026036
1,8159,378.609941
1,8160,319.496693
1,8161,268.709256
1,8162,304.510236
1,8163,114.681780
1,8164,293.686684
1,8165,307.007979
1,8166,312.836046
1,8167,237.071180
1,8168,114.681780
1,8169,248.727313
1,8170,297.017008
1,8171,307.007979
1,8172,114.681780
1,8173,114.681780
1,8174,114.681780
1,8175,114.681780
1,8176,114.681780
1,8177,295.351846
1,8178,274.537322
1,8179,114.681780
1,8180,245.396989
1,8181,114.681780
1,8182,114.681780
1,8183,114.681780
1,8184,114.681780
1,8185,114.681780
1,8186,114.681780
1,8187,114.681780
1,8188,114.681780
1,8189,242.066665
1,8190,237.071180
1,8191,114.681780
1,8192,242.899246
1,8193,203.767942
1,8194,114.681780
1,8195,114.681780
1,8196,242.899246
1,8197,114.681780
1,8198,231.243113
1,8199,227.912789
1,8200,222.084722
1,8201,114.681780
1,8202,114.681780
1,8203,263.713770
1,8204,114.681780
1,8205,290.356360
1,8206,114.681780
1,8207,273.704741
1,8208,114.681780
1,8209,280.365389
1,8210,114.681780
1,8211,114.681780
1,8212,278.700227
1,8213,255.387960
1,8214,251.225056
1,8215,114.681780
1,8216,247.894732
1,8217,236.238599
1,8218,114.681780
1,8219,275.369903
1,8220,114.681780
1,8221,239.568922
1,8222,239.568922
1,8223,114.681780
1,8224,263.713770
1,8225,307.840560
1,8226,114.681780
1,8227,268.709256
1,8228,266.211513
1,8229,299.514751
1,8230,291.188941
1,8231,114.681780
1,8232,442.718674
1,8233,114.681780
1,8234,291.188941
1,8235,399.424464
1,8236,276.202484
1,8237,114.681780
1,8238,302.845074
1,8239,114.681780
1,8240,371.949293
1,8241,316.166370
1,8242,114.681780
1,8243,495.425464
1,8244,114.681780
1,8245,281.197970
1,8246,1217.495995
1,8247,114.681780
1,8248,114.681780
1,8249,114.681780
1,8250,114.681780
1,8251,114.681780
1,8252,114.681780
1,8253,114.681780
1,8254,114.681780
1,8255,380.275103
1,8256,262.048608
1,8257,114.681780
1,8258,434.392864
1,8259,431.062541
1,8260,247.894732
1,8261,355.297674
1,8262,235.406018
1,8263,237.071180
1,8264,114.681780
1,8265,234.573437
1,8266,114.681780
1,8267,114.681780
1,8268,114.681780
1,8269,114.681780
1,8270,114.681780
1,8271,114.681780
1,8272,114.681780
1,8273,114.681780
1,8274,257.885703
1,8275,114.681780
1,8276,281.197970
1,8277,114.681780
1,8278,321.161855
1,8279,114.681780
1,8280,114.681780
1,8281,227.080208
1,8282,253.722798
1,8283,114.681780
1,8284,114.681780
1,8285,332.817989
1,8286,114.681780
1,8287,266.211513
1,8288,252.890218
1,8289,114.681780
1,8290,114.681780
1,8291,114.681780
1,8292,253.722798
1,8293,256.220541
1,8294,114.681780
1,8295,280.365389
1,8296,266.211513
1,8297,212.926332
1,8298,114.681780
1,8299,230.410532
1,8300,114.681780
1,8301,448.546740
1,8302,335.315731
1,8303,114.681780
1,8304,277.867646
1,8305,302.845074
1,8306,234.573437
1,8307,320.329274
1,8308,272.872160
1,8309,376.944779
1,8310,114.681780
1,8311,260.383446
1,8312,238.736341
1,8313,114.681780
1,8314,114.681780
1,8315,114.681780
1,8316,322.827017
1,8317,243.731827
1,8318,114.681780
1,8319,232.075694
1,8320,114.681780
1,8321,283.695713
1,8322,289.523779
1,8323,114.681780
1,8324,257.885703
1,8325,114.681780
1,8326,237.903760
1,8327,114.681780
1,8328,298.682170
1,8329,114.681780
1,8330,114.681780
1,8331,400.257045
1,8332,253.722798
1,8333,257.053122
1,8334,114.681780
1,8335,114.681780
1,8336,114.681780
1,8337,114.681780
1,8338,114.681780
1,8339,114.681780
1,8340,114.681780
1,8341,114.681780
1,8342,432.727702
1,8343,114.681780
1,8344,114.681780
1,8345,114.681780
1,8346,114.681780
1,8347,114.681780
1,8348,114.681780
1,8349,304.510236
1,8350,248.727313
1,8351,114.681780
1,8352,314.501208
1,8353,368.618969
1,8354,114.681780
1,8355,448.546740
1,8356,346.139284
1,8357,802.779101
1,8358,114.681780
1,8359,598.578397
1,8360,309.505722
1,8361,454.374807
1,8362,114.681780
1,8363,497.530626
1,8364,368.618969
1,8365,231.243113
1,8366,114.681780
1,8367,114.681780
1,8368,377.777360
1,8369,273.704741
1,8370,114.681780
1,8371,252.890218
1,8372,114.681780
1,8373,311.170884
1,8374,403.587369
1,8375,254.555379
1,8376,553.317416
1,8377,114.681780
1,8378,394.428979
1,8379,552.264835
1,8380,274.537322
1,8381,287.858617
1,8382,553.317416
1,8383,265.378932
1,8384,290.356360
1,8385,403.587369
1,8386,114.681780
1,8387,114.681780
1,8388,217.089237
1,8389,608.051626
1,8390,296.184427
1,8391,270.374417
1,8392,114.681780
1,8393,277.867646
1,8394,294.519265
1,8395,256.220541
1,8396,272.039579
1,8397,263.713770
1,8398,114.681780
1,8399,212.093751
1,8400,114.681780
1,8401,114.681780
1,8402,248.727313
1,8403,114.681780
1,8404,114.681780
1,8405,114.681780
1,8406,114.681780
1,8407,114.681780
1,8408,114.681780
1,8409,114.681780
1,8410,114.681780
1,8411,383.605426
1,8412,114.681780
1,8413,114.681780
1,8414,114.681780
1,8415,114.681780
1,8416,114.681780
1,8417,114.681780
1,8418,114.681780
1,8419,114.681780
1,8420,114.681780
1,8421,218.754399
1,8422,222.917303
1,8423,114.681780
1,8424,114.681780
1,8425,240.401503
1,8426,114.681780
1,8427,261.216027
1,8428,114.681780
1,8429,381.107684
1,8430,114.681780
1,8431,114.681780
1,8432,114.681780
1,8433,431.895121
1,8434,114.681780
1,8435,349.469608
1,8436,241.234084
1,8437,304.510236
1,8438,313.668627
1,8439,325.324760
1,8440,114.681780
1,8441,286.193455
1,8442,302.845074
1,8443,114.681780
1,8444,225.415046
1,8445,331.152827
1,8446,300.347332
1,8447,381.107684
1,8448,114.681780
1,8449,370.284131
1,8450,346.139284
1,8451,304.510236
1,8452,736.466501
1,8453,237.071180
1,8454,114.681780
1,8455,351.134769
1,8456,114.681780
1,8457,333.650570
1,8458,542.791607
1,8459,1179.603081
1,8460,298.682170
1,8461,580.684521
1,8462,414.410922
1,8463,114.681780
1,8464,114.681780
1,8465,114.681780
1,8466,225.415046
1,8467,501.740950
1,8468,114.681780
1,8469,644.891959
1,8470,222.084722
1,8471,414.410922
1,8472,114.681780
1,8473,306.175398
1,8474,114.681780
1,8475,965.929148
1,8476,250.392475
1,8477,299.514751
1,8478,114.681780
1,8479,445.216417
1,8480,114.681780
1,8481,331.985408
1,8482,283.695713
1,8483,114.681780
1,8484,114.681780
1,8485,114.681780
1,8486,114.681780
1,8487,253.722798
1,8488,114.681780
1,8489,235.406018
1,8490,401.922207
1,8491,114.681780
1,8492,248.727313
1,8493,284.528294
1,8494,114.681780
1,8495,389.433493
1,8496,442.718674
1,8497,114.681780
1,8498,437.723188
1,8499,360.293160
1,8500,392.763817
1,8501,275.369903
1,8502,114.681780
1,8503,337.813474
1,8504,244.564408
1,8505,434.392864
1,8506,114.681780
1,8507,308.673141
1,8508,733.308758
1,8509,114.681780
1,8510,563.843226
1,8511,277.867646
1,8512,114.681780
1,8513,286.193455
1,8514,464.900617
1,8515,304.510236
1,8516,114.681780
1,8517,284.528294
1,8518,308.673141
1,8519,114.681780
1,8520,277.035065
1,8521,114.681780
1,8522,114.681780
1,8523,464.900617
1,8524,212.926332
1,8525,275.369903
1,8526,114.681780
1,8527,114.681780
1,8528,261.216027
1,8529,738.571663
1,8530,114.681780
1,8531,423.569312
1,8532,114.681780
1,8533,114.681780
1,8534,114.681780
1,8535,114.681780
1,8536,244.564408
1,8537,332.817989
1,8538,358.627998
1,8539,114.681780
1,8540,357.795417
1,8541,114.681780
1,8542,292.021522
1,8543,386.935750
1,8544,428.564798
1,8545,114.681780
1,8546,326.157341
1,8547,265.378932
1,8548,114.681780
1,8549,222.084722
1,8550,114.681780
1,8551,301.179913
1,8552,617.524854
1,8553,509.109016
1,8554,114.681780
1,8555,751.202635
1,8556,255.387960
1,8557,434.392864
1,8558,436.058026
1,8559,304.510236
1,8560,114.681780
1,8561,263.713770
1,8562,380.275103
1,8563,114.681780
1,8564,285.360875
1,8565,263.713770
1,8566,248.727313
1,8567,114.681780
1,8568,114.681780
1,8569,114.681780
1,8570,310.338303
1,8571,307.840560
1,8572,114.681780
1,8573,272.872160
1,8574,357.795417
1,8575,245.396989
1,8576,336.980893
1,8577,253.722798
1,8578,230.410532
1,8579,299.514751
1,8580,114.681780
1,8581,114.681780
1,8582,114.681780
1,8583,114.681780
1,8584,114.681780
1,8585,114.681780
1,8586,114.681780
1,8587,114.681780
1,8588,114.681780
1,8589,114.681780
1,8590,114.681780
1,8591,114.681780
1,8592,114.681780
1,8593,114.681780
1,8594,288.691198
1,8595,114.681780
1,8596,264.546351
1,8597,339.478636
1,8598,225.415046
1,8599,349.469608
1,8600,591.210330
1,8601,250.392475
1,8602,264.546351
1,8603,322.827017
1,8604,272.872160
1,8605,301.179913
1,8606,114.681780
1,8607,384.438007
1,8608,242.899246
1,8609,387.768331
1,8610,114.681780
1,8611,227.080208
1,8612,370.284131
1,8613,114.681780
1,8614,114.681780
1,8615,406.085112
1,8616,114.681780
1,8617,351.134769
1,8618,114.681780
1,8619,541.739026
1,8620,114.681780
1,8621,230.410532
1,8622,246.229570
1,8623,264.546351
1,8624,114.681780
1,8625,227.912789
1,8626,238.736341
1,8627,327.822503
1,8628,411.913179
1,8629,243.731827
1,8630,306.175398
1,8631,114.681780
1,8632,537.528702
1,8633,397.759303
1,8634,114.681780
1,8635,114.681780
1,8636,408.582855
1,8637,720.677787
1,8638,114.681780
1,8639,1468.010260
1,8640,624.892921
1,8641,114.681780
1,8642,258.718284
1,8643,276.202484
1,8644,114.681780
1,8645,114.681780
1,8646,225.415046
1,8647,114.681780
1,8648,430.229960
1,8649,302.845074
1,8650,114.681780
1,8651,339.478636
1,8652,393.596398
1,8653,114.681780
1,8654,244.564408
1,8655,351.134769
1,8656,504.898693
1,8657,279.532808
1,8658,218.754399
1,8659,114.681780
1,8660,316.998951
1,8661,248.727313
1,8662,114.681780
1,8663,114.681780
1,8664,257.885703
1,8665,241.234084
1,8666,377.777360
1,8667,114.681780
1,8668,459.637712
1,8669,237.903760
1,8670,212.093751
1,8671,114.681780
1,8672,337.813474
1,8673,299.514751
1,8674,665.943578
1,8675,252.890218
1,8676,114.681780
1,8677,441.053512
1,8678,200.437618
1,8679,114.681780
1,8680,114.681780
1,8681,114.681780
1,8682,371.949293
1,8683,114.681780
1,8684,240.401503
1,8685,270.374417
1,8686,307.007979
1,8687,114.681780
1,8688,209.596008
1,8689,114.681780
1,8690,272.872160
1,8691,292.854103
1,8692,275.369903
1,8693,257.053122
1,8694,114.681780
1,8695,420.238988
1,8696,286.193455
1,8697,114.681780
1,8698,289.523779
1,8699,114.681780
1,8700,842.777177
1,8701,114.681780
1,8702,297.849589
1,8703,235.406018
1,8704,240.401503
1,8705,114.681780
1,8706,373.614455
1,8707,114.681780
1,8708,420.238988
1,8709,291.188941
1,8710,114.681780
1,8711,257.885703
1,8712,298.682170
1,8713,114.681780
1,8714,114.681780
1,8715,431.062541
1,8716,114.681780
1,8717,292.854103
1,8718,285.360875
1,8719,114.681780
1,8720,247.894732
1,8721,114.681780
1,8722,282.863132
1,8723,400.257045
1,8724,114.681780
1,8725,114.681780
1,8726,297.017008
1,8727,114.681780
1,8728,114.681780
1,8729,114.681780
1,8730,114.681780
1,8731,420.238988
1,8732,338.646055
1,8733,440.220931
1,8734,318.664112
1,8735,312.003465
1,8736,328.655084
1,8737,114.681780
1,8738,597.525816
1,8739,306.175398
1,8740,114.681780
1,8741,232.075694
1,8742,277.035065
1,8743,622.787759
1,8744,114.681780
1,8745,226.247627
1,8746,114.681780
1,8747,575.421616
1,8748,525.950312
1,8749,252.890218
1,8750,231.243113
1,8751,114.681780
1,8752,235.406018
1,8753,114.681780
1,8754,114.681780
1,8755,269.541837
1,8756,114.681780
1,8757,114.681780
1,8758,114.681780
1,8759,114.681780
1,8760,114.681780
1,8761,114.681780
1,8762,114.681780
1,8763,114.681780
1,8764,114.681780
1,8765,114.681780
1,8766,114.681780
1,8767,114.681780
1,8768,331.985408
1,8769,290.356360
1,8770,796.463615
1,8771,274.537322
1,8772,287.858617
1,8773,114.681780
1,8774,531.213216
1,8775,286.193455
1,8776,222.917303
1,8777,114.681780
1,8778,255.387960
1,8779,114.681780
1,8780,310.338303
1,8781,114.681780
1,8782,483.847074
1,8783,423.569312
1,8784,114.681780
1,8785,114.681780
1,8786,395.261560
1,8787,342.808960
1,8788,252.890218
1,8789,114.681780
1,8790,315.333789
1,8791,309.505722
1,8792,237.903760
1,8793,114.681780
1,8794,282.863132
1,8795,275.369903
1,8796,290.356360
1,8797,114.681780
1,8798,114.681780
1,8799,283.695713
1,8800,349.469608
1,8801,114.681780
1,8802,285.360875
1,8803,250.392475
1,8804,114.681780
1,8805,450.211902
1,8806,250.392475
1,8807,114.681780
1,8808,282.030551
1,8809,267.876675
1,8810,310.338303
1,8811,502.793531
1,8812,114.681780
1,8813,253.722798
1,8814,246.229570
1,8815,114.681780
1,8816,292.854103
1,8817,114.681780
1,8818,224.582465
1,8819,262.881189
1,8820,284.528294
1,8821,251.225056
1,8822,320.329274
1,8823,300.347332
1,8824,270.374417
1,8825,258.718284
1,8826,114.681780
1,8827,376.112198
1,8828,114.681780
1,8829,114.681780
1,8830,554.369997
1,8831,539.633864
1,8832,222.084722
1,8833,114.681780
1,8834,262.048608
1,8835,114.681780
1,8836,458.585131
1,8837,270.374417
1,8838,421.904150
1,8839,250.392475
1,8840,258.718284
1,8841,114.681780
1,8842,114.681780
1,8843,257.053122
1,8844,114.681780
1,8845,114.681780
1,8846,114.681780
1,8847,114.681780
1,8848,114.681780
1,8849,114.681780
1,8850,114.681780
1,8851,114.681780
1,8852,114.681780
1,8853,299.514751
1,8854,114.681780
1,8855,205.433103
1,8856,243.731827
1,8857,114.681780
1,8858,297.849589
1,8859,114.681780
1,8860,480.689331
1,8861,237.903760
1,8862,489.109978
1,8863,267.044094
1,8864,293.686684
1,8865,205.433103
1,8866,302.845074
1,8867,354.465093
1,8868,114.681780
1,8869,262.048608
1,8870,114.681780
1,8871,114.681780
1,8872,114.681780
1,8873,114.681780
1,8874,114.681780
1,8875,114.681780
1,8876,282.863132
1,8877,797.516196
1,8878,114.681780
1,8879,373.614455
1,8880,114.681780
1,8881,114.681780
1,8882,227.080208
1,8883,288.691198
1,8884,114.681780
1,8885,281.197970
1,8886,415.243502
1,8887,114.681780
1,8888,299.514751
1,8889,763.833606
1,8890,843.829758
1,8891,114.681780
1,8892,114.681780
1,8893,114.681780
1,8894,114.681780
1,8895,114.681780
1,8896,114.681780
1,8897,299.514751
1,8898,237.903760
1,8899,287.026036
1,8900,114.681780
1,8901,282.863132
1,8902,220.419561
1,8903,260.383446
1,8904,114.681780
1,8905,291.188941
1,8906,424.401893
1,8907,114.681780
1,8908,322.827017
1,8909,257.885703
1,8910,447.714159
1,8911,250.392475
1,8912,253.722798
1,8913,499.635788
1,8914,114.681780
1,8915,356.130255
1,8916,224.582465
1,8917,452.709645
1,8918,114.681780
1,8919,114.681780
1,8920,242.899246
1,8921,243.731827
1,8922,114.681780
1,8923,114.681780
1,8924,679.627130
1,8925,286.193455
1,8926,114.681780
1,8927,540.686445
1,8928,928.036234
1,8929,1062.766595
1,8930,351.134769
1,8931,114.681780
1,8932,114.681780
1,8933,354.465093
1,8934,258.718284
1,8935,292.854103
1,8936,249.559894
1,8937,114.681780
1,8938,448.546740
1,8939,677.521968
1,8940,305.342817
1,8941,114.681780
1,8942,237.071180
1,8943,456.479969
1,8944,600.683559
1,8945,463.848036
1,8946,581.737102
1,8947,114.681780
1,8948,252.057637
1,8949,114.681780
1,8950,360.293160
1,8951,262.048608
1,8952,220.419561
1,8953,534.370959
1,8954,114.681780
1,8955,294.519265
1,8956,336.148312
1,8957,860.671053
1,8958,376.112198
1,8959,302.012493
1,8960,357.795417
1,8961,278.700227
1,8962,327.822503
1,8963,114.681780
1,8964,398.591884
1,8965,312.836046
1,8966,114.681780
1,8967,225.415046
1,8968,114.681780
1,8969,315.333789
1,8970,114.681780
1,8971,605.946464
1,8972,450.211902
1,8973,114.681780
1,8974,232.075694
1,8975,683.837454
1,8976,2573.220256
1,8977,202.935361
1,8978,550.159673
1,8979,228.745370
1,8980,243.731827
1,8981,268.709256
1,8982,292.854103
1,8983,355.297674
1,8984,256.220541
1,8985,252.890218
1,8986,223.749884
1,8987,411.913179
1,8988,114.681780
1,8989,414.410922
1,8990,316.998951
1,8991,245.396989
1,8992,114.681780
1,8993,377.777360
1,8994,713.309720
1,8995,114.681780
1,8996,329.487665
1,8997,248.727313
1,8998,363.623484
1,8999,114.681780
1,9000,270.374417
1,9001,423.569312
1,9002,114.681780
1,9003,1395.382175
1,9004,816.462653
1,9005,269.541837
1,9006,261.216027
1,9007,114.681780
1,9008,114.681780
1,9009,114.681780
1,9010,254.555379
1,9011,114.681780
1,9012,114.681780
1,9013,292.854103
1,9014,282.863132
1,9015,418.573826
1,9016,272.872160
1,9017,114.681780
1,9018,292.854103
1,9019,114.681780
1,9020,114.681780
1,9021,262.881189
1,9022,114.681780
1,9023,229.577951
1,9024,114.681780
1,9025,114.681780
1,9026,309.505722
1,9027,247.894732
1,9028,114.681780
1,9029,1626.949984
1,9030,282.863132
1,9031,268.709256
1,9032,114.681780
1,9033,926.983653
1,9034,281.197970
1,9035,280.365389
1,9036,114.681780
1,9037,637.523892
1,9038,114.681780
1,9039,114.681780
1,9040,114.681780
1,9041,276.202484
1,9042,510.161597
1,9043,274.537322
1,9044,282.030551
1,9045,356.130255
1,9046,286.193455
1,9047,257.053122
1,9048,301.179913
1,9049,275.369903
1,9050,309.505722
1,9051,219.586980
1,9052,307.007979
1,9053,114.681780
1,9054,535.423540
1,9055,114.681780
1,9056,255.387960
1,9057,307.840560
1,9058,230.410532
1,9059,233.740856
1,9060,1028.031424
1,9061,114.681780
1,9062,241.234084
1,9063,216.256656
1,9064,114.681780
1,9065,342.808960
1,9066,287.026036
1,9067,292.854103
1,9068,246.229570
1,9069,838.566853
1,9070,646.997121
1,9071,114.681780
1,9072,301.179913
1,9073,327.822503
1,9074,250.392475
1,9075,114.681780
1,9076,280.365389
1,9077,227.080208
1,9078,341.143798
1,9079,294.519265
1,9080,262.881189
1,9081,273.704741
1,9082,292.854103
1,9083,114.681780
1,9084,315.333789
1,9085,242.899246
1,9086,344.474122
1,9087,274.537322
1,9088,379.442522
1,9089,203.767942
1,9090,114.681780
1,9091,334.483150
1,9092,114.681780
1,9093,264.546351
1,9094,301.179913
1,9095,442.718674
1,9096,261.216027
1,9097,257.053122
1,9098,257.885703
1,9099,114.681780
1,9100,497.530626
1,9101,114.681780
1,9102,255.387960
1,9103,302.845074
1,9104,421.904150
1,9105,461.742874
1,9106,221.252142
1,9107,275.369903
1,9108,114.681780
1,9109,290.356360
1,9110,247.062151
1,9111,114.681780
1,9112,336.148312
1,9113,280.365389
1,9114,251.225056
1,9115,313.668627
1,9116,114.681780
1,9117,308.673141
1,9118,114.681780
1,9119,114.681780
1,9120,114.681780
1,9121,114.681780
1,9122,114.681780
1,9123,288.691198
1,9124,114.681780
1,9125,114.681780
1,9126,287.858617
1,9127,114.681780
1,9128,260.383446
1,9129,253.722798
1,9130,114.681780
1,9131,279.532808
1,9132,114.681780
1,9133,429.397379
1,9134,114.681780
1,9135,252.890218
1,9136,240.401503
1,9137,232.075694
1,9138,262.881189
1,9139,284.528294
1,9140,114.681780
1,9141,281.197970
1,9142,268.709256
1,9143,114.681780
1,9144,114.681780
1,9145,114.681780
1,9146,114.681780
1,9147,114.681780
1,9148,114.681780
1,9149,114.681780
1,9150,114.681780
1,9151,288.691198
1,9152,264.546351
1,9153,498.583207
1,9154,308.673141
1,9155,323.659598
1,9156,114.681780
1,9157,114.681780
1,9158,232.908275
1,9159,291.188941
1,9160,114.681780
1,9161,316.166370
1,9162,265.378932
1,9163,249.559894
1,9164,240.401503
1,9165,114.681780
1,9166,114.681780
1,9167,236.238599
1,9168,272.872160
1,9169,328.655084
1,9170,114.681780
1,9171,395.261560
1,9172,114.681780
1,9173,396.926722
1,9174,266.211513
1,9175,114.681780
1,9176,396.926722
1,9177,114.681780
1,9178,366.953807
1,9179,256.220541
1,9180,114.681780
1,9181,114.681780
1,9182,446.048998
1,9183,114.681780
1,9184,259.550865
1,9185,292.854103
1,9186,294.519265
1,9187,114.681780
1,9188,339.478636
1,9189,114.681780
1,9190,419.406407
1,9191,114.681780
1,9192,114.681780
1,9193,341.143798
1,9194,114.681780
1,9195,114.681780
1,9196,114.681780
1,9197,374.447036
1,9198,319.496693
1,9199,114.681780
1,9200,391.931236
1,9201,114.681780
1,9202,269.541837
1,9203,298.682170
1,9204,272.039579
1,9205,114.681780
1,9206,114.681780
1,9207,114.681780
1,9208,365.288646
1,9209,114.681780
1,9210,277.035065
1,9211,233.740856
1,9212,274.537322
1,9213,114.681780
1,9214,269.541837
1,9215,114.681780
1,9216,114.681780
1,9217,285.360875
1,9218,114.681780
1,9219,279.532808
1,9220,254.555379
1,9221,114.681780
1,9222,217.089237
1,9223,237.071180
1,9224,241.234084
1,9225,114.681780
1,9226,268.709256
1,9227,305.342817
1,9228,114.681780
1,9229,286.193455
1,9230,273.704741
1,9231,114.681780
1,9232,445.216417
1,9233,114.681780
1,9234,314.501208
1,9235,347.804446
1,9236,114.681780
1,9237,114.681780
1,9238,114.681780
1,9239,461.742874
1,9240,114.681780
1,9241,450.211902
1,9242,114.681780
1,9243,308.673141
1,9244,239.568922
1,9245,1089.081119
1,9246,114.681780
1,9247,399.424464
1,9248,293.686684
1,9249,301.179913
1,9250,282.863132
1,9251,246.229570
1,9252,301.179913
1,9253,247.894732
1,9254,286.193455
1,9255,281.197970
1,9256,114.681780
1,9257,225.415046
1,9258,114.681780
1,9259,260.383446
1,9260,114.681780
1,9261,274.537322
1,9262,238.736341
1,9263,114.681780
1,9264,287.026036
1,9265,114.681780
1,9266,307.840560
1,9267,244.564408
1,9268,302.845074
1,9269,114.681780
1,9270,114.681780
1,9271,114.681780
1,9272,319.496693
1,9273,114.681780
1,9274,284.528294
1,9275,505.951274
1,9276,258.718284
1,9277,114.681780
1,9278,336.980893
1,9279,393.596398
1,9280,232.908275
1,9281,291.188941
1,9282,114.681780
1,9283,295.351846
1,9284,114.681780
1,9285,114.681780
1,9286,295.351846
1,9287,114.681780
1,9288,327.822503
1,9289,247.894732
1,9290,312.836046
1,9291,114.681780
1,9292,257.053122
1,9293,114.681780
1,9294,114.681780
1,9295,264.546351
1,9296,292.854103
1,9297,1094.344024
1,9298,512.266759
1,9299,300.347332
1,9300,114.681780
1,9301,258.718284
1,9302,300.347332
1,9303,704.889073
1,9304,114.681780
1,9305,237.071180
1,9306,114.681780
1,9307,114.681780
1,9308,114.681780
1,9309,114.681780
1,9310,271.206998
1,9311,225.415046
1,9312,272.872160
1,9313,114.681780
1,9314,291.188941
1,9315,259.550865
1,9316,300.347332
1,9317,250.392475
1,9318,247.062151
1,9319,114.681780
1,9320,235.406018
1,9321,281.197970
1,9322,114.681780
1,9323,272.872160
1,9324,238.736341
1,9325,114.681780
1,9326,409.415436
1,9327,290.356360
1,9328,114.681780
1,9329,427.732217
1,9330,272.039579
1,9331,431.895121
1,9332,114.681780
1,9333,386.935750
1,9334,290.356360
1,9335,333.650570
1,9336,114.681780
1,9337,114.681780
1,9338,246.229570
1,9339,628.050664
1,9340,508.056435
1,9341,361.125741
1,9342,308.673141
1,9343,292.854103
1,9344,114.681780
1,9345,287.858617
1,9346,262.048608
1,9347,292.021522
1,9348,114.681780
1,9349,290.356360
1,9350,114.681780
1,9351,285.360875
1,9352,114.681780
1,9353,114.681780
1,9354,490.162559
1,9355,114.681780
1,9356,592.262911
1,9357,114.681780
1,9358,114.681780
1,9359,288.691198
1,9360,232.075694
1,9361,286.193455
1,9362,301.179913
1,9363,260.383446
1,9364,471.216102
1,9365,278.700227
1,9366,266.211513
1,9367,114.681780
1,9368,227.912789
1,9369,249.559894
1,9370,342.808960
1,9371,114.681780
1,9372,348.637027
1,9373,114.681780
1,9374,114.681780
1,9375,251.225056
1,9376,114.681780
1,9377,271.206998
1,9378,277.867646
1,9379,114.681780
1,9380,384.438007
1,9381,297.017008
1,9382,114.681780
1,9383,114.681780
1,9384,114.681780
1,9385,114.681780
1,9386,114.681780
1,9387,114.681780
1,9388,114.681780
1,9389,114.681780
1,9390,114.681780
1,9391,114.681780
1,9392,114.681780
1,9393,114.681780
1,9394,289.523779
1,9395,323.659598
1,9396,114.681780
1,9397,114.681780
1,9398,114.681780
1,9399,114.681780
1,9400,114.681780
1,9401,114.681780
1,9402,114.681780
1,9403,114.681780
1,9404,114.681780
1,9405,253.722798
1,9406,114.681780
1,9407,420.238988
1,9408,114.681780
1,9409,351.967350
1,9410,114.681780
1,9411,265.378932
1,9412,114.681780
1,9413,562.790645
1,9414,114.681780
1,9415,114.681780
1,9416,114.681780
1,9417,1070.134662
1,9418,254.555379
1,9419,114.681780
1,9420,374.447036
1,9421,114.681780
1,9422,243.731827
1,9423,114.681780
1,9424,316.166370
