subtaskID,datapointID,answer
1,0,272.652132
1,1,108.663331
1,2,59.159853
1,3,63.892110
1,4,188.359697
1,5,74.389566
1,6,110.342506
1,7,98.690197
1,8,125.152404
1,9,97.542494
1,10,193.120390
1,11,73.654627
1,12,73.831259
1,13,124.239191
1,14,61.902364
1,15,139.311009
1,16,95.352696
1,17,118.842035
1,18,223.850252
1,19,343.150078
1,20,107.812010
1,21,130.210792
1,22,88.267597
1,23,122.523244
1,24,175.239514
1,25,127.915993
1,26,80.072157
1,27,128.797973
1,28,71.730817
1,29,63.210208
1,30,257.235676
1,31,61.724660
1,32,69.674394
1,33,156.182136
1,34,63.232035
1,35,166.987610
1,36,97.663640
1,37,105.338714
1,38,70.399163
1,39,57.024300
1,40,74.561330
1,41,259.334395
1,42,72.703943
1,43,92.222318
1,44,322.106803
1,45,92.717343
1,46,62.744481
1,47,98.004268
1,48,76.916686
1,49,147.427729
1,50,134.206278
1,51,102.341505
1,52,69.976473
1,53,72.664217
1,54,271.046062
1,55,101.257212
1,56,168.327577
1,57,56.755911
1,58,95.722810
1,59,346.878161
1,60,61.910591
1,61,124.069782
1,62,61.941276
1,63,135.103749
1,64,70.615746
1,65,68.718973
1,66,61.971049
1,67,89.554355
1,68,88.450190
1,69,243.739929
1,70,61.968505
1,71,66.983252
1,72,75.820791
1,73,114.028836
1,74,67.794352
1,75,76.490034
1,76,60.276609
1,77,106.272348
1,78,79.696900
1,79,291.915090
1,80,72.938868
1,81,365.641805
1,82,145.345174
1,83,426.848566
1,84,81.375743
1,85,155.115389
1,86,60.523753
1,87,277.699606
1,88,302.148247
1,89,350.098681
1,90,254.206949
1,91,90.358017
1,92,61.959654
1,93,274.985495
1,94,207.183249
1,95,239.797384
1,96,180.091209
1,97,436.370495
1,98,215.652006
1,99,62.692430
1,100,193.314508
1,101,86.654606
1,102,224.095500
1,103,101.682502
1,104,143.387211
1,105,119.863316
1,106,68.425742
1,107,114.717954
1,108,72.405400
1,109,114.233563
1,110,436.729951
1,111,86.423860
1,112,536.901903
1,113,77.232271
1,114,147.257664
1,115,336.221629
1,116,108.427294
1,117,116.345371
1,118,123.304495
1,119,90.912388
1,120,106.486794
1,121,61.960357
1,122,86.241347
1,123,104.968362
1,124,458.800866
1,125,105.397414
1,126,310.039369
1,127,172.647570
1,128,60.334313
1,129,105.625419
1,130,89.803478
1,131,61.924477
1,132,111.483589
1,133,61.912648
1,134,69.627445
1,135,62.119040
1,136,69.489786
1,137,215.091009
1,138,110.251461
1,139,243.534718
1,140,105.748725
1,141,228.054488
1,142,60.643034
1,143,148.195397
1,144,64.913030
1,145,71.894608
1,146,62.150880
1,147,256.766728
1,148,63.532649
1,149,189.968524
1,150,72.297372
1,151,62.146121
1,152,145.141778
1,153,63.077496
1,154,101.472751
1,155,103.686428
1,156,161.627436
1,157,305.116477
1,158,257.854185
1,159,62.071487
1,160,73.180761
1,161,67.860937
1,162,94.608438
1,163,119.598934
1,164,69.152585
1,165,61.189639
1,166,128.780473
1,167,62.683727
1,168,290.371067
1,169,184.106788
1,170,70.007446
1,171,81.384021
1,172,391.760024
1,173,62.463538
1,174,94.308474
1,175,60.888022
1,176,89.699445
1,177,62.193655
1,178,92.005114
1,179,106.348422
1,180,302.977490
1,181,81.931313
1,182,86.432797
1,183,245.376726
1,184,408.655413
1,185,116.935489
1,186,259.160135
1,187,244.073436
1,188,77.301092
1,189,70.992728
1,190,72.506749
1,191,73.368379
1,192,78.599278
1,193,61.986330
1,194,58.614923
1,195,221.547566
1,196,72.626359
1,197,67.369728
1,198,62.025461
1,199,423.657319
1,200,73.164660
1,201,245.552887
1,202,95.873467
1,203,69.756809
1,204,62.045584
1,205,71.971757
1,206,66.175222
1,207,89.673736
1,208,62.094421
1,209,77.139986
1,210,69.412012
1,211,62.202607
1,212,130.993325
1,213,72.918431
1,214,113.443285
1,215,325.774323
1,216,62.271940
1,217,79.246011
1,218,62.298655
1,219,69.420337
1,220,110.658421
1,221,111.812633
1,222,117.093037
1,223,117.475040
1,224,118.511471
1,225,62.533158
1,226,157.381787
1,227,62.357271
1,228,58.677639
1,229,77.712415
1,230,69.090713
1,231,72.421911
1,232,72.907827
1,233,106.058916
1,234,68.528473
1,235,62.308494
1,236,68.957399
1,237,178.380871
1,238,66.329931
1,239,60.593424
1,240,62.243172
1,241,187.480468
1,242,72.104582
1,243,73.607808
1,244,87.473727
1,245,100.244108
1,246,71.002461
1,247,73.190752
1,248,60.937265
1,249,59.038713
1,250,62.406973
1,251,74.964004
1,252,62.450252
1,253,186.061592
1,254,62.501880
1,255,78.700536
1,256,75.598552
1,257,328.716555
1,258,147.410973
1,259,73.206327
1,260,74.589905
1,261,69.494121
1,262,74.040761
1,263,289.285146
1,264,168.078856
1,265,122.237457
1,266,107.114054
1,267,310.583108
1,268,124.897406
1,269,82.078598
1,270,134.215979
1,271,78.456748
1,272,212.989133
1,273,136.978667
1,274,115.433300
1,275,65.610880
1,276,62.592487
1,277,88.490005
1,278,62.490804
1,279,87.678195
1,280,119.464619
1,281,81.628570
1,282,62.372495
1,283,74.133387
1,284,81.027989
1,285,260.681055
1,286,248.619845
1,287,211.654774
1,288,60.911560
1,289,82.472621
1,290,117.792260
1,291,238.843822
1,292,89.966747
1,293,120.231861
1,294,90.271510
1,295,167.422802
1,296,156.816192
1,297,75.594448
1,298,479.289498
1,299,90.572318
1,300,361.071579
1,301,135.457898
1,302,127.571275
1,303,132.053506
1,304,67.011862
1,305,61.879089
1,306,56.072263
1,307,114.976459
1,308,74.744557
1,309,55.973082
1,310,153.107562
1,311,95.055779
1,312,66.697170
1,313,82.471272
1,314,69.977751
1,315,112.443766
1,316,85.298711
1,317,65.623478
1,318,62.009014
1,319,58.586935
1,320,75.911413
1,321,92.307856
1,322,230.525214
1,323,77.453565
1,324,347.524076
1,325,158.788612
1,326,653.169146
1,327,818.890743
1,328,449.787121
1,329,62.396542
1,330,63.565097
1,331,192.577536
1,332,70.668043
1,333,112.554682
1,334,115.416818
1,335,146.053909
1,336,94.692328
1,337,101.271761
1,338,118.307935
1,339,115.389630
1,340,62.714574
1,341,103.990485
1,342,69.412919
1,343,72.879684
1,344,68.773930
1,345,56.419558
1,346,70.768079
1,347,101.887604
1,348,54.377872
1,349,50.963471
1,350,66.790030
1,351,69.764446
1,352,101.248427
1,353,60.751067
1,354,104.650850
1,355,99.961286
1,356,62.257053
1,357,137.744368
1,358,62.168372
1,359,58.637848
1,360,63.515728
1,361,60.721879
1,362,129.119432
1,363,134.518706
1,364,89.236191
1,365,97.271890
1,366,73.266914
1,367,74.258827
1,368,103.345503
1,369,79.677229
1,370,66.371481
1,371,157.659246
1,372,148.777566
1,373,94.125679
1,374,97.679792
1,375,101.779040
1,376,72.347968
1,377,124.678251
1,378,79.275587
1,379,113.537670
1,380,61.987325
1,381,95.697901
1,382,64.868802
1,383,87.956338
1,384,62.129977
1,385,57.420889
1,386,402.685420
1,387,318.604740
1,388,378.813000
1,389,105.100976
1,390,63.588206
1,391,101.799509
1,392,249.510937
1,393,125.286915
1,394,128.133615
1,395,89.819700
1,396,62.362067
1,397,91.629845
1,398,139.345591
1,399,270.013204
1,400,371.550030
1,401,774.641557
1,402,966.558769
1,403,381.909432
1,404,172.972634
1,405,61.844901
1,406,178.871758
1,407,75.507993
1,408,245.472555
1,409,747.257167
1,410,469.566251
1,411,846.821903
1,412,138.342097
1,413,244.354725
1,414,115.075556
1,415,150.571134
1,416,171.247757
1,417,100.466772
1,418,82.738860
1,419,773.175458
1,420,63.299158
1,421,100.516135
1,422,552.917137
1,423,90.119305
1,424,99.355371
1,425,101.750810
1,426,96.197936
1,427,261.577884
1,428,161.848192
1,429,97.766519
1,430,465.266262
1,431,69.527592
1,432,567.727577
1,433,335.414084
1,434,70.424205
1,435,108.754564
1,436,61.856867
1,437,71.166709
1,438,99.511726
1,439,168.644887
1,440,259.920377
1,441,59.138591
1,442,152.824049
1,443,72.974531
1,444,106.176893
1,445,168.029132
1,446,68.399236
1,447,110.741870
1,448,586.949460
1,449,273.111875
1,450,62.369391
1,451,367.270821
1,452,286.914443
1,453,290.776431
1,454,62.231686
1,455,108.804446
1,456,71.840359
1,457,121.649003
1,458,102.496672
1,459,177.278875
1,460,201.497202
1,461,322.816059
1,462,234.488122
1,463,980.063427
1,464,145.729578
1,465,195.211995
1,466,120.802529
1,467,164.444441
1,468,61.847640
1,469,68.840777
1,470,245.261262
1,471,393.446374
1,472,657.481590
1,473,71.738797
1,474,96.991858
1,475,78.305099
1,476,63.084097
1,477,99.363279
1,478,103.985620
1,479,61.768678
1,480,92.653723
1,481,73.575768
1,482,176.595614
1,483,72.776341
1,484,76.365752
1,485,355.493925
1,486,114.003713
1,487,300.519836
1,488,337.475345
1,489,69.364690
1,490,78.481057
1,491,93.745934
1,492,131.275929
1,493,62.452808
1,494,331.719451
1,495,73.564775
1,496,76.622276
1,497,269.836241
1,498,77.555570
1,499,61.403814
1,500,225.295878
1,501,96.703595
1,502,66.849938
1,503,107.677019
1,504,63.346335
1,505,135.514111
1,506,135.427550
1,507,263.898911
1,508,354.704461
1,509,412.521964
1,510,116.594542
1,511,101.603985
1,512,102.537526
1,513,108.517990
1,514,167.580962
1,515,333.462930
1,516,127.957360
1,517,257.581915
1,518,81.374017
1,519,155.164362
1,520,271.095147
1,521,129.993916
1,522,75.439687
1,523,57.274383
1,524,73.178929
1,525,163.641992
1,526,494.808055
1,527,100.537402
1,528,243.354225
1,529,244.869527
1,530,98.278884
1,531,61.996161
1,532,258.047471
1,533,71.958426
1,534,104.505747
1,535,57.658276
1,536,124.414361
1,537,134.063331
1,538,62.501343
1,539,72.512858
1,540,89.586083
1,541,242.721227
1,542,131.076897
1,543,73.748416
1,544,173.167784
1,545,92.071021
1,546,104.222536
1,547,150.991337
1,548,63.560908
1,549,107.216760
1,550,125.909298
1,551,61.956418
1,552,114.864440
1,553,61.999515
1,554,78.058416
1,555,224.657243
1,556,72.326339
1,557,106.254148
1,558,74.919574
1,559,89.342402
1,560,98.541426
1,561,222.194124
1,562,58.645190
1,563,91.444048
1,564,83.897160
1,565,142.010565
1,566,71.801225
1,567,117.736395
1,568,231.003996
1,569,71.103879
1,570,550.839451
1,571,553.195761
1,572,103.369193
1,573,529.294470
1,574,73.700272
1,575,293.838560
1,576,166.175649
1,577,181.528691
1,578,146.107507
1,579,116.334720
1,580,63.813794
1,581,112.309774
1,582,104.029160
1,583,72.889250
1,584,484.581927
1,585,70.710593
1,586,62.024209
1,587,419.272929
1,588,330.549845
1,589,103.294673
1,590,368.452336
1,591,112.305141
1,592,389.814466
1,593,69.700432
1,594,175.420648
1,595,77.643643
1,596,145.912938
1,597,103.275441
1,598,101.990247
1,599,70.734794
1,600,116.744571
1,601,66.595235
1,602,316.506680
1,603,129.509638
1,604,180.660229
1,605,103.374385
1,606,311.694351
1,607,299.222167
1,608,257.610607
1,609,62.073039
1,610,241.445261
1,611,203.179353
1,612,339.710038
1,613,291.074105
1,614,62.067308
1,615,233.792680
1,616,133.753696
1,617,90.289086
1,618,391.287073
1,619,339.080879
1,620,112.433541
1,621,349.706264
1,622,303.875130
1,623,80.977701
1,624,356.981090
1,625,90.955698
1,626,130.942421
1,627,140.158594
1,628,62.641566
1,629,104.186173
1,630,113.251978
1,631,103.226693
1,632,68.662544
1,633,73.382161
1,634,63.646247
1,635,62.399862
1,636,197.781078
1,637,385.719452
1,638,121.536203
1,639,71.099277
1,640,84.754477
1,641,83.229529
1,642,63.841620
1,643,60.466452
1,644,56.298640
1,645,63.676565
1,646,57.185592
1,647,82.721389
1,648,60.862929
1,649,73.088891
1,650,69.229164
1,651,63.267626
1,652,259.533813
1,653,348.246348
1,654,187.771503
1,655,108.985735
1,656,73.007257
1,657,68.108713
1,658,91.402321
1,659,92.722548
1,660,81.773613
1,661,63.629148
1,662,83.675459
1,663,118.347335
1,664,61.830418
1,665,75.413706
1,666,61.880361
1,667,75.643317
1,668,63.393774
1,669,69.324683
1,670,61.962309
1,671,60.413527
1,672,103.640195
1,673,98.781469
1,674,73.966370
1,675,72.431253
1,676,73.646761
1,677,80.155344
1,678,61.963970
1,679,100.388233
1,680,153.678904
1,681,72.921464
1,682,65.510594
1,683,60.541392
1,684,187.754692
1,685,108.275503
1,686,118.840252
1,687,241.710960
1,688,96.917228
1,689,261.019933
1,690,162.050274
1,691,60.565724
1,692,90.525373
1,693,60.533417
1,694,238.171260
1,695,257.097208
1,696,196.464850
1,697,62.120954
1,698,103.092284
1,699,62.210324
1,700,78.513631
1,701,161.687437
1,702,164.723995
1,703,85.984883
1,704,61.987329
1,705,293.117874
1,706,780.484277
1,707,105.974541
1,708,71.827794
1,709,59.796686
1,710,67.782405
1,711,77.923719
1,712,113.981503
1,713,62.330722
1,714,57.835836
1,715,85.596894
1,716,148.814509
1,717,126.002266
1,718,143.158089
1,719,142.794882
1,720,93.788405
1,721,415.937256
1,722,147.182492
1,723,73.550267
1,724,113.874557
1,725,143.987822
1,726,63.693888
1,727,133.797444
1,728,146.891249
1,729,63.719545
1,730,141.083438
1,731,605.276326
1,732,443.345534
1,733,133.728533
1,734,98.847886
1,735,74.371243
1,736,116.951626
1,737,76.085726
1,738,126.364302
1,739,212.412294
1,740,292.322314
1,741,321.500135
1,742,605.124025
1,743,97.408148
1,744,56.277871
1,745,108.109721
1,746,62.015837
1,747,100.450490
1,748,66.674960
1,749,61.900057
1,750,57.248765
1,751,61.973737
1,752,69.164744
1,753,147.063523
1,754,70.074352
1,755,72.952359
1,756,75.311979
1,757,167.101309
1,758,70.769825
1,759,244.678179
1,760,61.928665
1,761,146.523669
1,762,120.861042
1,763,63.366208
1,764,71.456416
1,765,68.826889
1,766,72.533177
1,767,74.296689
1,768,70.924539
1,769,90.534812
1,770,77.700784
1,771,172.394871
1,772,93.292021
1,773,60.528063
1,774,68.781813
1,775,86.183760
1,776,108.374703
1,777,64.365924
1,778,62.110315
1,779,64.796269
1,780,110.173899
1,781,89.267568
1,782,87.098995
1,783,62.093911
1,784,66.838616
1,785,62.230658
1,786,69.436270
1,787,62.078609
1,788,138.878237
1,789,62.208420
1,790,60.635603
1,791,98.994938
1,792,94.335292
1,793,229.147759
1,794,188.708406
1,795,63.903343
1,796,254.314249
1,797,78.126411
1,798,112.653640
1,799,61.924443
1,800,248.934010
1,801,266.141576
1,802,61.673162
1,803,277.648218
1,804,532.170848
1,805,239.596819
1,806,325.367045
1,807,61.839383
1,808,625.341610
1,809,234.127798
1,810,74.039507
1,811,181.443692
1,812,113.328474
1,813,138.507888
1,814,501.232733
1,815,416.941057
1,816,158.411772
1,817,91.242082
1,818,388.583434
1,819,77.493557
1,820,308.574965
1,821,83.956204
1,822,248.277312
1,823,213.222443
1,824,142.469806
1,825,61.724121
1,826,425.928068
1,827,90.089434
1,828,304.098444
1,829,576.503801
1,830,232.245374
1,831,123.642920
1,832,80.517372
1,833,342.856255
1,834,212.895470
1,835,592.393803
1,836,61.660539
1,837,779.750678
1,838,278.325684
1,839,131.313162
1,840,136.913776
1,841,267.448744
1,842,332.118318
1,843,175.552713
1,844,147.470905
1,845,421.430968
1,846,468.470930
1,847,74.366989
1,848,279.613155
1,849,342.262127
1,850,712.582304
1,851,215.082521
1,852,264.069702
1,853,141.915818
1,854,459.851567
1,855,68.479574
1,856,86.121501
1,857,500.869292
1,858,72.020429
1,859,372.740321
1,860,364.984036
1,861,62.710986
1,862,116.652253
1,863,87.243377
1,864,71.706632
1,865,83.435656
1,866,107.172628
1,867,124.037613
1,868,83.639191
1,869,549.560970
1,870,144.038752
1,871,111.156665
1,872,492.252211
1,873,125.260679
1,874,89.788938
1,875,109.003483
1,876,189.885808
1,877,208.902143
1,878,174.469219
1,879,140.601909
1,880,100.229684
1,881,138.035290
1,882,122.169890
1,883,63.125093
1,884,126.494928
1,885,90.198104
1,886,167.347118
1,887,83.590501
1,888,305.102854
1,889,158.219494
1,890,61.692216
1,891,117.035446
1,892,99.735638
1,893,315.557407
1,894,309.566071
1,895,383.087451
1,896,212.404836
1,897,97.491634
1,898,169.981201
1,899,63.049168
1,900,239.605038
1,901,61.604803
1,902,130.180455
1,903,123.123462
1,904,99.431012
1,905,90.023795
1,906,267.199753
1,907,382.352909
1,908,146.295202
1,909,78.494254
1,910,178.411558
1,911,61.633372
1,912,216.120841
1,913,155.528159
1,914,73.875459
1,915,246.895475
1,916,61.786321
1,917,199.256548
1,918,123.697257
1,919,98.707497
1,920,66.874429
1,921,153.707153
1,922,63.451797
1,923,275.251343
1,924,92.993541
1,925,144.675847
1,926,184.654636
1,927,61.645302
1,928,294.845765
1,929,91.646442
1,930,216.074345
1,931,171.410525
1,932,77.695815
1,933,465.869938
1,934,61.826851
1,935,292.027358
1,936,303.951312
1,937,91.923575
1,938,103.779536
1,939,118.183588
1,940,74.244927
1,941,84.994304
1,942,117.419537
1,943,218.753054
1,944,246.178702
1,945,174.945329
1,946,81.571629
1,947,249.813812
1,948,351.127666
1,949,173.839988
1,950,327.680157
1,951,83.505778
1,952,231.656527
1,953,244.364720
1,954,315.391357
1,955,183.501459
1,956,97.670597
1,957,164.120408
1,958,148.641779
1,959,259.587166
1,960,71.511394
1,961,237.285057
1,962,186.357978
1,963,400.903170
1,964,260.928786
1,965,137.652243
1,966,108.099901
1,967,112.693467
1,968,563.691923
1,969,127.978537
1,970,61.759246
1,971,184.172438
1,972,61.511008
1,973,432.199603
1,974,537.651601
1,975,78.496160
1,976,493.476614
1,977,61.300085
1,978,314.632156
1,979,130.339256
1,980,311.013257
1,981,106.136340
1,982,203.174487
1,983,76.406018
1,984,133.408136
1,985,100.645143
1,986,128.495903
1,987,127.252045
1,988,201.838823
1,989,61.782982
1,990,176.575631
1,991,114.759274
1,992,281.197462
1,993,115.811178
1,994,289.908859
1,995,137.676613
1,996,90.897777
1,997,126.161112
1,998,240.510358
1,999,115.925966
1,1000,515.084818
1,1001,77.574186
1,1002,259.701421
1,1003,370.066303
1,1004,91.386026
1,1005,101.784270
1,1006,132.461156
1,1007,77.604644
1,1008,151.081782
1,1009,114.635880
1,1010,125.686022
1,1011,114.206846
1,1012,357.033092
1,1013,75.285344
1,1014,162.716374
1,1015,61.560737
1,1016,127.344489
1,1017,205.399648
1,1018,80.288395
1,1019,102.954715
1,1020,318.549397
1,1021,63.410515
1,1022,82.871771
1,1023,112.748287
1,1024,84.741431
1,1025,105.792994
1,1026,267.113300
1,1027,175.006421
1,1028,62.029557
1,1029,194.042245
1,1030,77.344262
1,1031,190.647856
1,1032,90.782122
1,1033,207.602885
1,1034,460.530353
1,1035,448.169882
1,1036,62.047400
1,1037,119.172896
1,1038,68.059205
1,1039,644.268030
1,1040,62.136494
1,1041,1074.555922
1,1042,84.690574
1,1043,776.279235
1,1044,221.605138
1,1045,210.778596
1,1046,84.629980
1,1047,119.693583
1,1048,215.980297
1,1049,84.584020
1,1050,91.787616
1,1051,268.816669
1,1052,142.308691
1,1053,184.966777
1,1054,125.793022
1,1055,162.290169
1,1056,82.885007
1,1057,347.482915
1,1058,142.009481
1,1059,171.667926
1,1060,63.198673
1,1061,167.911579
1,1062,72.727896
1,1063,61.713685
1,1064,145.467427
1,1065,83.583648
1,1066,78.283334
1,1067,144.717735
1,1068,123.814803
1,1069,61.818969
1,1070,174.167601
1,1071,61.853915
1,1072,147.724306
1,1073,59.980770
1,1074,161.586134
1,1075,310.623021
1,1076,96.419745
1,1077,115.769667
1,1078,166.191418
1,1079,194.583328
1,1080,156.883238
1,1081,321.006450
1,1082,101.931343
1,1083,165.013620
1,1084,103.939220
1,1085,91.387375
1,1086,162.987972
1,1087,61.705323
1,1088,254.934510
1,1089,199.284736
1,1090,363.909396
1,1091,61.487755
1,1092,68.859730
1,1093,61.708609
1,1094,458.397560
1,1095,219.383940
1,1096,187.637547
1,1097,338.533951
1,1098,147.512782
1,1099,184.997367
1,1100,83.315519
1,1101,151.456180
1,1102,263.354581
1,1103,297.435687
1,1104,72.452951
1,1105,163.192242
1,1106,64.536234
1,1107,61.890483
1,1108,204.208264
1,1109,99.370972
1,1110,188.081430
1,1111,140.679469
1,1112,246.944512
1,1113,92.882301
1,1114,103.780837
1,1115,178.922383
1,1116,449.818817
1,1117,358.178515
1,1118,89.521917
1,1119,212.479174
1,1120,173.821212
1,1121,137.210668
1,1122,78.483806
1,1123,369.198560
1,1124,154.843247
1,1125,61.754005
1,1126,436.944625
1,1127,94.354863
1,1128,242.145049
1,1129,438.873677
1,1130,175.706830
1,1131,328.847373
1,1132,62.094588
1,1133,321.086859
1,1134,136.959560
1,1135,562.166946
1,1136,90.700564
1,1137,163.669439
1,1138,107.820890
1,1139,145.886025
1,1140,165.174222
1,1141,127.439994
1,1142,78.957920
1,1143,120.273618
1,1144,92.329022
1,1145,125.863248
1,1146,86.793123
1,1147,148.868311
1,1148,75.331932
1,1149,162.604475
1,1150,95.379540
1,1151,112.952158
1,1152,62.008775
1,1153,133.248587
1,1154,146.162958
1,1155,61.808483
1,1156,267.503294
1,1157,97.682197
1,1158,86.789451
1,1159,247.263809
1,1160,73.509743
1,1161,211.235445
1,1162,161.861357
1,1163,132.591894
1,1164,282.743725
1,1165,72.580315
1,1166,186.509443
1,1167,109.050672
1,1168,674.059125
1,1169,413.595344
1,1170,159.372865
1,1171,71.946108
1,1172,116.725083
1,1173,120.381634
1,1174,134.360745
1,1175,90.532031
1,1176,79.269746
1,1177,88.644092
1,1178,80.886767
1,1179,63.119950
1,1180,356.606893
1,1181,231.014231
1,1182,133.098917
1,1183,154.480689
1,1184,174.986350
1,1185,124.399451
1,1186,83.446896
1,1187,63.208199
1,1188,194.259021
1,1189,108.984929
1,1190,496.231050
1,1191,70.946515
1,1192,167.787166
1,1193,61.906597
1,1194,77.026111
1,1195,282.356055
1,1196,124.378598
1,1197,61.839851
1,1198,114.410925
1,1199,140.184712
1,1200,115.581028
1,1201,98.513712
1,1202,60.226456
1,1203,186.681746
1,1204,407.953515
1,1205,120.602284
1,1206,69.241655
1,1207,377.532358
1,1208,213.421549
1,1209,538.832828
1,1210,71.428065
1,1211,889.389254
1,1212,146.693981
1,1213,564.418938
1,1214,78.095475
1,1215,225.638438
1,1216,99.491717
1,1217,332.592024
1,1218,83.467540
1,1219,93.686117
1,1220,533.004925
1,1221,79.875349
1,1222,590.950214
1,1223,81.964717
1,1224,191.429162
1,1225,102.721440
1,1226,62.105510
1,1227,98.050220
1,1228,170.708478
1,1229,293.790332
1,1230,321.557993
1,1231,419.603956
1,1232,522.505550
1,1233,453.323063
1,1234,61.977962
1,1235,334.332833
1,1236,61.861157
1,1237,209.831173
1,1238,71.682370
1,1239,288.259368
1,1240,92.599119
1,1241,380.025582
1,1242,61.723656
1,1243,252.775341
1,1244,274.041106
1,1245,61.016156
1,1246,433.782312
1,1247,440.144122
1,1248,511.577856
1,1249,63.175215
1,1250,429.083804
1,1251,641.056426
1,1252,568.396893
1,1253,72.211078
1,1254,488.634530
1,1255,299.352538
1,1256,222.799178
1,1257,61.517194
1,1258,483.782775
1,1259,428.617197
1,1260,282.893768
1,1261,69.383556
1,1262,377.443492
1,1263,61.443381
1,1264,349.612300
1,1265,338.684776
1,1266,298.586028
1,1267,352.679894
1,1268,111.185927
1,1269,196.626041
1,1270,358.600241
1,1271,102.172884
1,1272,471.601552
1,1273,680.846994
1,1274,482.669871
1,1275,708.146629
1,1276,301.513541
1,1277,158.409372
1,1278,271.744533
1,1279,112.640954
1,1280,116.409326
1,1281,260.864615
1,1282,179.345760
1,1283,144.914487
1,1284,154.946018
1,1285,122.231302
1,1286,103.547897
1,1287,182.282936
1,1288,136.613091
1,1289,165.878784
1,1290,309.786970
1,1291,282.488457
1,1292,115.966312
1,1293,91.045912
1,1294,88.207961
1,1295,67.426945
1,1296,172.730356
1,1297,62.097599
1,1298,434.757443
1,1299,77.391292
1,1300,89.174987
1,1301,61.777057
1,1302,423.068422
1,1303,74.639818
1,1304,94.553230
1,1305,157.421207
1,1306,138.703294
1,1307,525.164457
1,1308,1046.760508
1,1309,74.215727
1,1310,630.643906
1,1311,299.157268
1,1312,82.086035
1,1313,100.519129
1,1314,685.754617
1,1315,119.512638
1,1316,644.868833
1,1317,98.017686
1,1318,412.810792
1,1319,154.035996
1,1320,687.855116
1,1321,202.246174
1,1322,157.723722
1,1323,95.936759
1,1324,348.313905
1,1325,257.395390
1,1326,348.228065
1,1327,94.455196
1,1328,110.498631
1,1329,298.520212
1,1330,284.784700
1,1331,114.413806
1,1332,106.924453
1,1333,310.715710
1,1334,63.270875
1,1335,335.339383
1,1336,138.319513
1,1337,170.788393
1,1338,155.986058
1,1339,159.419706
1,1340,232.495969
1,1341,308.809690
1,1342,114.236383
1,1343,369.083655
1,1344,109.561820
1,1345,140.539459
1,1346,410.324132
1,1347,96.474123
1,1348,309.552556
1,1349,345.395714
1,1350,418.288509
1,1351,197.510101
1,1352,203.216243
1,1353,251.405386
1,1354,120.736962
1,1355,189.281760
1,1356,495.265945
1,1357,71.746506
1,1358,800.943858
1,1359,62.094711
1,1360,736.467138
1,1361,237.331947
1,1362,286.330655
1,1363,61.902676
1,1364,104.762172
1,1365,124.915697
1,1366,296.816621
1,1367,723.026062
1,1368,598.994958
1,1369,89.021451
1,1370,690.758188
1,1371,77.019055
1,1372,325.429226
1,1373,381.755811
1,1374,212.025096
1,1375,110.719481
1,1376,273.281717
1,1377,278.420148
1,1378,537.833816
1,1379,61.608182
1,1380,645.605328
1,1381,795.857970
1,1382,94.092364
1,1383,87.172661
1,1384,508.664562
1,1385,63.140019
1,1386,1042.652981
1,1387,1132.953496
1,1388,61.580145
1,1389,1799.025624
1,1390,1740.876813
1,1391,691.736810
1,1392,97.573800
1,1393,164.398295
1,1394,417.072030
1,1395,667.280345
1,1396,599.185946
1,1397,146.892714
1,1398,744.470357
1,1399,447.940756
1,1400,93.893130
1,1401,461.881277
1,1402,415.058217
1,1403,103.731151
1,1404,495.079804
1,1405,485.438401
1,1406,222.471535
1,1407,258.985728
1,1408,132.512553
1,1409,527.902231
1,1410,61.753268
1,1411,655.879203
1,1412,570.950598
1,1413,188.981485
1,1414,445.991487
1,1415,152.817873
1,1416,459.001452
1,1417,264.176664
1,1418,63.359713
1,1419,423.724492
1,1420,518.606056
1,1421,100.164180
1,1422,309.640252
1,1423,156.890269
1,1424,339.552422
1,1425,159.733702
1,1426,104.313316
1,1427,319.664007
1,1428,556.742465
1,1429,551.363528
1,1430,210.707332
1,1431,362.330013
1,1432,192.610598
1,1433,271.992051
1,1434,398.229387
1,1435,230.814546
1,1436,95.311435
1,1437,392.429756
1,1438,176.984473
1,1439,130.927132
1,1440,138.853932
1,1441,107.713718
1,1442,155.442658
1,1443,298.333490
1,1444,194.188546
1,1445,60.314037
1,1446,189.200861
1,1447,346.598277
1,1448,236.724520
1,1449,117.696149
1,1450,77.364770
1,1451,842.488884
1,1452,176.193450
1,1453,609.456679
1,1454,68.553277
1,1455,812.324379
1,1456,807.482345
1,1457,184.527699
1,1458,166.397429
1,1459,226.695802
1,1460,61.751452
1,1461,414.984226
1,1462,435.151750
1,1463,152.515036
1,1464,590.611302
1,1465,719.063944
1,1466,301.805415
1,1467,1138.209432
1,1468,313.248114
1,1469,263.448674
1,1470,525.367646
1,1471,80.291826
1,1472,425.653682
1,1473,112.886535
1,1474,784.355624
1,1475,63.191237
1,1476,476.310951
1,1477,297.009028
1,1478,61.462229
1,1479,275.175959
1,1480,78.334422
1,1481,232.622391
1,1482,192.995737
1,1483,181.129119
1,1484,173.780565
1,1485,133.944338
1,1486,214.594592
1,1487,464.886178
1,1488,353.015659
1,1489,568.660970
1,1490,706.551954
1,1491,400.274090
1,1492,191.345374
1,1493,412.295081
1,1494,199.142417
1,1495,81.452226
1,1496,149.288357
1,1497,129.884840
1,1498,580.086080
1,1499,306.289729
1,1500,341.509544
1,1501,112.831466
1,1502,417.589223
1,1503,268.850946
1,1504,108.306711
1,1505,332.948016
1,1506,568.261556
1,1507,88.509833
1,1508,631.750999
1,1509,99.887658
1,1510,272.635559
1,1511,173.223417
1,1512,521.896454
1,1513,334.767154
1,1514,131.695640
1,1515,189.176706
1,1516,185.365001
1,1517,313.392598
1,1518,366.632218
1,1519,416.666709
1,1520,114.013443
1,1521,461.346706
1,1522,114.701372
1,1523,282.162244
1,1524,346.335558
1,1525,104.830232
1,1526,310.273165
1,1527,332.674905
1,1528,395.864385
1,1529,170.799102
1,1530,726.930411
1,1531,461.581623
1,1532,101.260095
1,1533,74.533319
1,1534,324.472643
1,1535,78.160797
1,1536,58.355898
1,1537,661.638993
1,1538,134.595761
1,1539,92.185651
1,1540,172.928032
1,1541,109.505044
1,1542,279.596050
1,1543,181.579636
1,1544,62.209416
1,1545,75.076232
1,1546,319.773722
1,1547,593.058028
1,1548,98.741993
1,1549,577.977113
1,1550,62.070642
1,1551,198.474641
1,1552,194.725523
1,1553,61.766080
1,1554,107.981023
1,1555,74.416312
1,1556,125.427966
1,1557,142.667190
1,1558,61.736238
1,1559,318.207388
1,1560,240.199219
1,1561,281.135896
1,1562,61.790965
1,1563,143.844219
1,1564,208.110048
1,1565,452.124579
1,1566,431.998135
1,1567,250.975377
1,1568,906.089116
1,1569,76.371042
1,1570,62.448745
1,1571,69.738960
1,1572,151.739192
1,1573,587.504573
1,1574,62.267887
1,1575,697.136253
1,1576,1161.408892
1,1577,1320.411978
1,1578,224.555545
1,1579,150.428287
1,1580,120.141153
1,1581,131.668594
1,1582,375.965112
1,1583,75.962840
1,1584,162.836561
1,1585,94.294863
1,1586,393.226566
1,1587,413.595337
1,1588,629.885328
1,1589,334.635110
1,1590,355.497332
1,1591,179.175013
1,1592,63.042713
1,1593,109.117523
1,1594,167.950362
1,1595,331.073040
1,1596,81.547347
1,1597,242.891992
1,1598,61.613281
1,1599,737.690386
1,1600,76.692998
1,1601,68.617419
1,1602,393.898817
1,1603,376.464015
1,1604,128.122348
1,1605,213.420546
1,1606,502.559611
1,1607,77.763541
1,1608,408.530954
1,1609,137.317549
1,1610,67.572269
1,1611,161.675769
1,1612,73.313019
1,1613,96.109750
1,1614,369.759155
1,1615,67.600286
1,1616,63.325254
1,1617,254.586515
1,1618,86.709944
1,1619,292.993107
1,1620,82.521483
1,1621,61.923351
1,1622,384.703142
1,1623,376.001448
1,1624,251.484103
1,1625,123.885772
1,1626,135.772121
1,1627,337.831876
1,1628,94.117339
1,1629,720.960701
1,1630,425.538482
1,1631,155.862205
1,1632,184.745775
1,1633,180.704918
1,1634,291.288537
1,1635,79.402300
1,1636,226.134229
1,1637,148.060039
1,1638,336.454353
1,1639,125.060402
1,1640,111.807698
1,1641,462.712105
1,1642,108.665944
1,1643,129.033850
1,1644,68.882990
1,1645,70.802093
1,1646,112.396273
1,1647,241.998896
1,1648,56.221790
1,1649,63.862470
1,1650,73.087042
1,1651,62.292619
1,1652,75.197823
1,1653,63.569534
1,1654,88.120151
1,1655,78.683770
1,1656,143.498588
1,1657,101.160229
1,1658,81.709476
1,1659,394.936604
1,1660,284.172114
1,1661,295.942029
1,1662,402.715001
1,1663,625.320591
1,1664,61.877434
1,1665,892.557345
1,1666,695.544680
1,1667,131.848864
1,1668,70.503093
1,1669,135.748955
1,1670,63.195193
1,1671,183.874983
1,1672,189.265005
1,1673,231.882515
1,1674,210.345235
1,1675,61.797951
1,1676,491.077687
1,1677,384.184884
1,1678,81.720745
1,1679,249.136922
1,1680,92.171777
1,1681,79.057418
1,1682,193.884423
1,1683,84.018144
1,1684,114.861763
1,1685,239.554296
1,1686,91.432980
1,1687,170.402353
1,1688,92.964737
1,1689,88.634734
1,1690,198.173592
1,1691,354.992506
1,1692,123.891962
1,1693,361.522771
1,1694,114.480962
1,1695,104.450247
1,1696,169.696927
1,1697,230.168573
1,1698,224.817450
1,1699,158.545339
1,1700,148.608236
1,1701,177.540103
1,1702,382.287510
1,1703,61.879865
1,1704,121.944953
1,1705,73.581751
1,1706,63.274878
1,1707,177.283814
1,1708,96.891237
1,1709,167.430917
1,1710,181.269320
1,1711,147.775750
1,1712,220.217868
1,1713,107.232827
1,1714,200.586424
1,1715,165.557548
1,1716,178.882984
1,1717,93.246031
1,1718,963.192770
1,1719,238.785723
1,1720,270.464817
1,1721,407.340178
1,1722,1063.245167
1,1723,71.392040
1,1724,62.470412
1,1725,67.231454
1,1726,70.426295
1,1727,167.533193
1,1728,109.045126
1,1729,141.411012
1,1730,83.298061
1,1731,254.087585
1,1732,62.238518
1,1733,243.638047
1,1734,81.022677
1,1735,63.418789
1,1736,359.331571
1,1737,117.816267
1,1738,176.062077
1,1739,175.253499
1,1740,125.963875
1,1741,68.161510
1,1742,61.988753
1,1743,153.643223
1,1744,152.498242
1,1745,63.325408
1,1746,137.684471
1,1747,121.397907
1,1748,153.456340
1,1749,97.085174
1,1750,126.762631
1,1751,141.727449
1,1752,150.610680
1,1753,233.421329
1,1754,73.248839
1,1755,337.720134
1,1756,69.239708
1,1757,86.698693
1,1758,107.193109
1,1759,118.151726
1,1760,118.090041
1,1761,123.242253
1,1762,149.062193
1,1763,71.837528
1,1764,262.281693
1,1765,239.911882
1,1766,188.979614
1,1767,283.948170
1,1768,307.765916
1,1769,63.443206
1,1770,174.386597
1,1771,61.960240
1,1772,124.177771
1,1773,163.248397
1,1774,77.118933
1,1775,115.492725
1,1776,298.895030
1,1777,144.926106
1,1778,106.197237
1,1779,138.777731
1,1780,243.894842
1,1781,239.725613
1,1782,77.655618
1,1783,62.466353
1,1784,121.583419
1,1785,115.037688
1,1786,82.549665
1,1787,273.709145
1,1788,126.501928
1,1789,119.643399
1,1790,140.827960
1,1791,70.621966
1,1792,100.419743
1,1793,117.008729
1,1794,356.578098
1,1795,257.522074
1,1796,71.052790
1,1797,265.216485
1,1798,62.058577
1,1799,142.641478
1,1800,160.501622
1,1801,199.907207
1,1802,85.154990
1,1803,141.553881
1,1804,132.756168
1,1805,75.530792
1,1806,88.296631
1,1807,292.025205
1,1808,150.397029
1,1809,74.545448
1,1810,155.075595
1,1811,106.983160
1,1812,81.154159
1,1813,111.686982
1,1814,96.781814
1,1815,207.830972
1,1816,76.903826
1,1817,128.128166
1,1818,275.240472
1,1819,326.578330
1,1820,305.171791
1,1821,166.787351
1,1822,143.644079
1,1823,246.926227
1,1824,245.189745
1,1825,93.636562
1,1826,170.277050
1,1827,90.711885
1,1828,78.490457
1,1829,168.950124
1,1830,103.497511
1,1831,160.326339
1,1832,61.870689
1,1833,228.597476
1,1834,137.344619
1,1835,276.806581
1,1836,132.771252
1,1837,312.980745
1,1838,207.082298
1,1839,308.878253
1,1840,152.069023
1,1841,392.009982
1,1842,238.746190
1,1843,364.475404
1,1844,399.900620
1,1845,157.904146
1,1846,82.017579
1,1847,245.352091
1,1848,218.513610
1,1849,301.834539
1,1850,132.832541
1,1851,220.229722
1,1852,122.940645
1,1853,144.784250
1,1854,180.074305
1,1855,84.323311
1,1856,151.584586
1,1857,91.595905
1,1858,131.593440
1,1859,157.430425
1,1860,378.555824
1,1861,170.064487
1,1862,231.866224
1,1863,128.932572
1,1864,63.496697
1,1865,104.582369
1,1866,150.502506
1,1867,391.594612
1,1868,125.013227
1,1869,301.638074
1,1870,139.345131
1,1871,304.058634
1,1872,121.508403
1,1873,261.025860
1,1874,321.599880
1,1875,112.280866
1,1876,256.364719
1,1877,280.018080
1,1878,356.233554
1,1879,61.813046
1,1880,193.270632
1,1881,277.512156
1,1882,73.497025
1,1883,65.860224
1,1884,635.093992
1,1885,452.926995
1,1886,63.903343
1,1887,424.867451
1,1888,193.732177
1,1889,209.248159
1,1890,61.924200
1,1891,329.930133
1,1892,596.433858
1,1893,61.672865
1,1894,440.470556
1,1895,469.196808
1,1896,94.354206
1,1897,370.522171
1,1898,61.839049
1,1899,348.113936
1,1900,193.528247
1,1901,70.315483
1,1902,76.031333
1,1903,444.517824
1,1904,450.178761
1,1905,497.497617
1,1906,468.505829
1,1907,590.729361
1,1908,249.360661
1,1909,809.310640
1,1910,277.984934
1,1911,491.339501
1,1912,204.772445
1,1913,80.623665
1,1914,330.466790
1,1915,198.842364
1,1916,61.723713
1,1917,326.583760
1,1918,78.444564
1,1919,100.286413
1,1920,1912.578497
1,1921,337.861147
1,1922,265.980337
1,1923,71.613371
1,1924,1625.479419
1,1925,455.889962
1,1926,475.124058
1,1927,61.660121
1,1928,856.676805
1,1929,395.696619
1,1930,308.288365
1,1931,253.509189
1,1932,612.352496
1,1933,128.994286
1,1934,82.397445
1,1935,75.870181
1,1936,618.460798
1,1937,122.993878
1,1938,70.576442
1,1939,97.964036
1,1940,112.226885
1,1941,140.314742
1,1942,83.598328
1,1943,96.012598
1,1944,70.006529
1,1945,402.205074
1,1946,150.410590
1,1947,243.139364
1,1948,363.716487
1,1949,68.939191
1,1950,340.914662
1,1951,292.892129
1,1952,62.710876
1,1953,731.755725
1,1954,339.656856
1,1955,67.232270
1,1956,171.089942
1,1957,220.109662
1,1958,509.368230
1,1959,213.588687
1,1960,1470.911042
1,1961,686.488847
1,1962,79.644265
1,1963,836.308666
1,1964,278.699462
1,1965,301.565361
1,1966,82.558134
1,1967,177.341096
1,1968,420.175545
1,1969,573.020695
1,1970,432.745501
1,1971,75.538365
1,1972,386.035263
1,1973,84.744893
1,1974,63.124995
1,1975,88.065106
1,1976,364.870521
1,1977,459.946087
1,1978,210.924392
1,1979,866.206301
1,1980,415.114547
1,1981,61.691820
1,1982,92.793738
1,1983,75.951624
1,1984,555.773554
1,1985,331.376963
1,1986,864.947444
1,1987,901.684550
1,1988,82.426442
1,1989,452.268130
1,1990,63.049062
1,1991,1226.027605
1,1992,61.604395
1,1993,443.703029
1,1994,271.260129
1,1995,325.271018
1,1996,80.824413
1,1997,791.580248
1,1998,994.313066
1,1999,70.487050
1,2000,73.817079
1,2001,731.621405
1,2002,61.632965
1,2003,325.374082
1,2004,484.706905
1,2005,70.240078
1,2006,1333.302965
1,2007,61.785917
1,2008,1214.201767
1,2009,622.470094
1,2010,406.030957
1,2011,150.046014
1,2012,598.698968
1,2013,63.451691
1,2014,583.493076
1,2015,77.555886
1,2016,574.375677
1,2017,378.700644
1,2018,61.644910
1,2019,1507.424281
1,2020,75.401078
1,2021,354.447408
1,2022,399.641963
1,2023,69.550860
1,2024,964.152757
1,2025,61.826470
1,2026,398.746102
1,2027,491.507726
1,2028,355.711087
1,2029,519.689635
1,2030,253.634933
1,2031,270.390259
1,2032,193.529572
1,2033,214.318896
1,2034,258.156362
1,2035,95.658254
1,2036,78.906907
1,2037,72.399614
1,2038,97.623214
1,2039,287.961309
1,2040,215.058011
1,2041,135.710267
1,2042,211.083792
1,2043,536.884201
1,2044,514.024140
1,2045,423.127798
1,2046,474.659298
1,2047,189.478404
1,2048,591.256436
1,2049,501.217962
1,2050,270.681895
1,2051,196.272146
1,2052,333.381488
1,2053,87.410599
1,2054,395.829557
1,2055,470.753412
1,2056,497.868224
1,2057,258.742300
1,2058,250.101500
1,2059,532.205822
1,2060,311.691794
1,2061,61.758853
1,2062,108.974238
1,2063,61.510612
1,2064,319.359060
1,2065,513.719269
1,2066,291.402722
1,2067,444.086150
1,2068,61.299670
1,2069,513.015123
1,2070,86.769012
1,2071,631.284535
1,2072,85.908163
1,2073,721.803955
1,2074,260.757772
1,2075,248.033057
1,2076,213.575434
1,2077,367.359784
1,2078,86.816095
1,2079,575.395658
1,2080,61.782585
1,2081,534.986778
1,2082,531.756780
1,2083,1093.748098
1,2084,245.284624
1,2085,530.985516
1,2086,318.958793
1,2087,158.624070
1,2088,198.342759
1,2089,881.993330
1,2090,826.436617
1,2091,1493.278308
1,2092,278.065576
1,2093,530.448969
1,2094,1539.254655
1,2095,316.863575
1,2096,266.065441
1,2097,379.448198
1,2098,64.093595
1,2099,588.597601
1,2100,263.669912
1,2101,595.196341
1,2102,670.504090
1,2103,1163.903872
1,2104,242.876945
1,2105,392.888650
1,2106,61.560358
1,2107,88.191457
1,2108,156.068842
1,2109,71.518778
1,2110,79.509186
1,2111,94.992221
1,2112,63.410423
1,2113,71.006815
1,2114,298.304615
1,2115,142.729157
1,2116,206.511534
1,2117,401.515671
1,2118,485.809003
1,2119,62.029216
1,2120,421.807889
1,2121,73.110476
1,2122,296.689225
1,2123,81.981090
1,2124,245.679200
1,2125,292.092704
1,2126,121.851056
1,2127,62.047074
1,2128,66.323841
1,2129,163.645365
1,2130,271.696288
1,2131,62.136176
1,2132,687.902378
1,2133,74.086917
1,2134,407.035943
1,2135,100.912390
1,2136,307.213748
1,2137,414.250183
1,2138,643.342777
1,2139,417.406562
1,2140,159.069049
1,2141,326.909369
1,2142,1061.035432
1,2143,476.354937
1,2144,780.384714
1,2145,389.905799
1,2146,403.685690
1,2147,73.041943
1,2148,1079.102152
1,2149,360.402287
1,2150,935.715914
1,2151,63.198590
1,2152,417.383040
1,2153,69.425043
1,2154,61.713348
1,2155,74.166749
1,2156,73.203561
1,2157,73.140584
1,2158,310.083423
1,2159,86.374993
1,2160,61.818607
1,2161,558.291894
1,2162,61.853546
1,2163,439.119278
1,2164,59.979840
1,2165,647.600304
1,2166,884.988887
1,2167,383.911927
1,2168,67.253182
1,2169,751.436429
1,2170,761.721050
1,2171,837.592447
1,2172,860.788750
1,2173,221.868756
1,2174,691.353523
1,2175,252.917127
1,2176,264.835523
1,2177,747.888342
1,2178,61.704932
1,2179,382.935327
1,2180,714.489505
1,2181,673.627965
1,2182,61.487364
1,2183,65.068143
1,2184,61.708218
1,2185,628.629319
1,2186,256.112253
1,2187,639.283285
1,2188,2080.995445
1,2189,295.498504
1,2190,431.260355
1,2191,353.953910
1,2192,448.336895
1,2193,512.432245
1,2194,453.031025
1,2195,207.766104
1,2196,341.015905
1,2197,140.258112
1,2198,61.890102
1,2199,460.798916
1,2200,77.227058
1,2201,755.572230
1,2202,296.766338
1,2203,702.898929
1,2204,69.964893
1,2205,236.229695
1,2206,562.104374
1,2207,1012.745881
1,2208,681.149648
1,2209,78.391440
1,2210,321.182131
1,2211,626.979183
1,2212,540.140510
1,2213,305.046479
1,2214,549.378851
1,2215,445.577377
1,2216,61.753650
1,2217,3743.869310
1,2218,334.864153
1,2219,92.336881
1,2220,719.012233
1,2221,585.721266
1,2222,717.843900
1,2223,62.094245
1,2224,524.648529
1,2225,390.955636
1,2226,347.557182
1,2227,260.490086
1,2228,183.192780
1,2229,339.822752
1,2230,453.119738
1,2231,509.722107
1,2232,801.616702
1,2233,73.793004
1,2234,229.861450
1,2235,482.894183
1,2236,187.759988
1,2237,278.394930
1,2238,510.196939
1,2239,244.785899
1,2240,95.208672
1,2241,206.600098
1,2242,77.288997
1,2243,62.008463
1,2244,216.830977
1,2245,96.564589
1,2246,61.808154
1,2247,137.235748
1,2248,338.877677
1,2249,255.999235
1,2250,357.143692
1,2251,70.384364
1,2252,117.529169
1,2253,104.162262
1,2254,409.911324
1,2255,106.217559
1,2256,68.213114
1,2257,84.972841
1,2258,300.868184
1,2259,548.361558
1,2260,366.410120
1,2261,95.888069
1,2262,200.431227
1,2263,165.482384
1,2264,202.441940
1,2265,486.658231
1,2266,71.698434
1,2267,71.036866
1,2268,340.214731
1,2269,209.372995
1,2270,63.119851
1,2271,483.860712
1,2272,244.720076
1,2273,78.334815
1,2274,178.661372
1,2275,336.493570
1,2276,343.734157
1,2277,403.131935
1,2278,63.208099
1,2279,577.509156
1,2280,187.626441
1,2281,859.940485
1,2282,183.292731
1,2283,603.023504
1,2284,61.906219
1,2285,72.371060
1,2286,229.407989
1,2287,79.796815
1,2288,61.839477
1,2289,74.606758
1,2290,70.008304
1,2291,192.466270
1,2292,217.391235
1,2293,60.225561
1,2294,71.448585
1,2295,207.945937
1,2296,210.271978
1,2297,160.483435
1,2298,484.176803
1,2299,385.009767
1,2300,888.791281
1,2301,191.223016
1,2302,1024.517998
1,2303,349.348468
1,2304,335.890581
1,2305,282.932222
1,2306,81.149431
1,2307,314.405899
1,2308,373.627563
1,2309,224.368312
1,2310,71.252082
1,2311,291.230054
1,2312,70.656923
1,2313,640.632597
1,2314,65.076857
1,2315,87.290474
1,2316,323.445932
1,2317,62.105375
1,2318,340.465336
1,2319,222.440137
1,2320,320.193153
1,2321,254.763556
1,2322,556.079904
1,2323,417.146350
1,2324,592.576759
1,2325,61.977705
1,2326,774.177194
1,2327,61.860882
1,2328,391.916333
1,2329,195.201789
1,2330,273.114830
1,2331,77.876396
1,2332,830.128923
1,2333,61.723344
1,2334,97.589850
1,2335,524.316066
1,2336,61.015815
1,2337,1031.069120
1,2338,1780.471198
1,2339,1332.602733
1,2340,63.175127
1,2341,901.867075
1,2342,631.272720
1,2343,996.090727
1,2344,205.041355
1,2345,859.775401
1,2346,695.639422
1,2347,391.669795
1,2348,61.516839
1,2349,477.846741
1,2350,592.900730
1,2351,340.668952
1,2352,166.211789
1,2353,325.114275
1,2354,61.443020
1,2355,587.115798
1,2356,950.078982
1,2357,356.447760
1,2358,658.607582
1,2359,195.770868
1,2360,1158.900409
1,2361,1381.908984
1,2362,79.101578
1,2363,985.835772
1,2364,2282.040413
1,2365,1216.047444
1,2366,1536.701363
1,2367,492.413230
1,2368,90.384648
1,2369,220.475766
1,2370,302.866484
1,2371,91.104492
1,2372,358.127975
1,2373,300.350234
1,2374,87.503903
1,2375,380.419816
1,2376,334.643166
1,2377,78.793236
1,2378,639.631172
1,2379,400.336356
1,2380,198.449116
1,2381,272.463218
1,2382,786.314809
1,2383,539.888174
1,2384,79.379367
1,2385,205.068401
1,2386,173.565191
1,2387,322.597482
1,2388,62.097380
1,2389,880.317471
1,2390,294.022150
1,2391,197.232935
1,2392,61.776797
1,2393,604.957630
1,2394,234.782633
1,2395,79.835043
1,2396,255.350672
1,2397,501.345551
1,2398,2307.571130
1,2399,1233.550889
1,2400,229.392560
1,2401,1860.205548
1,2402,86.010505
1,2403,71.704801
1,2404,527.210816
1,2405,1100.725098
1,2406,556.128989
1,2407,2213.434343
1,2408,72.447802
1,2409,471.809000
1,2410,285.439687
1,2411,124.268399
1,2412,103.345255
1,2413,75.549861
1,2414,69.399896
1,2415,1040.154729
1,2416,210.531959
1,2417,986.822768
1,2418,78.417471
1,2419,77.221247
1,2420,100.527042
1,2421,110.383730
1,2422,77.265312
1,2423,262.538019
1,2424,377.598095
1,2425,63.270782
1,2426,301.306721
1,2427,92.756790
1,2428,103.969734
1,2429,88.119442
1,2430,90.671330
1,2431,102.048428
1,2432,103.673043
1,2433,79.511735
1,2434,147.205298
1,2435,80.010029
1,2436,87.689920
1,2437,402.956122
1,2438,72.110321
1,2439,346.500463
1,2440,380.718165
1,2441,515.764718
1,2442,126.067139
1,2443,103.409395
1,2444,104.311936
1,2445,67.022180
1,2446,93.040504
1,2447,130.649327
1,2448,68.798392
1,2449,155.094494
1,2450,62.094486
1,2451,414.578002
1,2452,88.298250
1,2453,325.150713
1,2454,61.902414
1,2455,232.851738
1,2456,274.959723
1,2457,489.959875
1,2458,684.786314
1,2459,339.582523
1,2460,68.757780
1,2461,348.623078
1,2462,69.860130
1,2463,563.656026
1,2464,861.605182
1,2465,233.999726
1,2466,176.879384
1,2467,237.480716
1,2468,94.374703
1,2469,279.850981
1,2470,61.607850
1,2471,288.120117
1,2472,666.743274
1,2473,70.210215
1,2474,308.304073
1,2475,115.491806
1,2476,63.139930
1,2477,426.659045
1,2478,172.828603
1,2479,61.579801
1,2480,563.903355
1,2481,553.375326
1,2482,329.203872
1,2483,82.915915
1,2484,83.068730
1,2485,391.741083
1,2486,839.522465
1,2487,658.425663
1,2488,86.828287
1,2489,791.459367
1,2490,929.163863
1,2491,157.271387
1,2492,770.725136
1,2493,488.685611
1,2494,77.605205
1,2495,576.423487
1,2496,402.265884
1,2497,80.090175
1,2498,108.071085
1,2499,169.708202
1,2500,298.378419
1,2501,61.752928
1,2502,710.059872
1,2503,437.079714
1,2504,81.290673
1,2505,729.710536
1,2506,93.032418
1,2507,1210.628810
1,2508,121.856085
1,2509,63.359626
1,2510,324.649969
1,2511,401.258375
1,2512,73.146987
1,2513,270.180179
1,2514,260.130434
1,2515,320.629992
1,2516,90.744157
1,2517,195.848483
1,2518,1106.553448
1,2519,959.724383
1,2520,536.016081
1,2521,109.605949
1,2522,556.143890
1,2523,104.027050
1,2524,420.630153
1,2525,579.693442
1,2526,368.413738
1,2527,180.186730
1,2528,394.011667
1,2529,99.639835
1,2530,68.981683
1,2531,82.921586
1,2532,75.389722
1,2533,231.001996
1,2534,406.979853
1,2535,564.507457
1,2536,60.313327
1,2537,346.505628
1,2538,581.583132
1,2539,1351.388638
1,2540,607.435087
1,2541,72.310692
1,2542,447.526036
1,2543,240.259011
1,2544,1672.091130
1,2545,149.243151
1,2546,863.493267
1,2547,853.949072
1,2548,397.910476
1,2549,373.234995
1,2550,371.873761
1,2551,61.751182
1,2552,434.580166
1,2553,270.154404
1,2554,88.591180
1,2555,1036.068146
1,2556,1712.368956
1,2557,356.642989
1,2558,483.864714
1,2559,1118.579958
1,2560,311.521327
1,2561,432.839117
1,2562,69.997549
1,2563,544.706435
1,2564,88.100110
1,2565,148.015413
1,2566,63.191152
1,2567,793.461185
1,2568,213.960880
1,2569,61.461898
1,2570,508.785829
1,2571,287.516510
1,2572,630.359939
1,2573,849.927721
1,2574,498.493234
1,2575,276.967615
1,2576,86.373406
1,2577,87.004786
1,2578,689.958776
1,2579,489.124298
1,2580,772.005786
1,2581,868.922334
1,2582,1157.678647
1,2583,92.667162
1,2584,720.661057
1,2585,80.534681
1,2586,221.865167
1,2587,337.949891
1,2588,87.724270
1,2589,927.005400
1,2590,1096.173102
1,2591,571.755090
1,2592,77.854379
1,2593,1467.516039
1,2594,94.029391
1,2595,75.500219
1,2596,467.395059
1,2597,2052.938738
1,2598,195.639139
1,2599,948.901335
1,2600,73.111685
1,2601,428.009887
1,2602,83.652199
1,2603,483.365824
1,2604,1363.643050
1,2605,906.573773
1,2606,276.723509
1,2607,1241.226753
1,2608,688.095885
1,2609,862.280197
1,2610,909.110443
1,2611,699.914583
1,2612,948.359943
1,2613,77.552944
1,2614,134.955959
1,2615,121.099369
1,2616,286.885960
1,2617,457.156358
1,2618,611.807960
1,2619,458.757834
1,2620,94.090537
1,2621,1681.399542
1,2622,1089.376697
1,2623,73.519287
1,2624,70.698486
1,2625,398.845586
1,2626,70.509927
1,2627,58.354556
1,2628,706.704880
1,2629,65.281901
1,2630,162.252942
1,2631,426.853821
1,2632,383.870794
1,2633,479.646836
1,2634,700.345644
1,2635,62.209238
1,2636,71.618361
1,2637,748.928421
1,2638,408.431613
1,2639,78.432406
1,2640,677.426902
1,2641,62.070399
1,2642,732.418953
1,2643,1111.802740
1,2644,61.765816
1,2645,261.796687
1,2646,70.603655
1,2647,305.224364
1,2648,161.664700
1,2649,61.735948
1,2650,448.039283
1,2651,385.457903
1,2652,214.921759
1,2653,61.790661
1,2654,95.312389
1,2655,1069.608087
1,2656,143.181692
1,2657,365.050213
1,2658,105.686046
1,2659,389.297046
1,2660,258.399956
1,2661,62.448629
1,2662,62.481143
1,2663,91.740240
1,2664,125.334441
1,2665,62.267699
1,2666,132.032362
1,2667,173.660454
1,2668,326.874990
1,2669,82.938412
1,2670,436.422521
1,2671,68.159333
1,2672,367.007971
1,2673,490.612933
1,2674,71.684668
1,2675,597.220548
1,2676,79.083793
1,2677,411.462651
1,2678,271.673311
1,2679,127.855272
1,2680,239.344654
1,2681,101.912884
1,2682,284.283443
1,2683,63.042633
1,2684,215.774056
1,2685,89.336302
1,2686,303.537346
1,2687,68.762544
1,2688,685.158943
1,2689,61.612967
1,2690,147.982938
1,2691,71.993619
1,2692,151.169280
1,2693,342.167317
1,2694,197.558492
1,2695,217.225732
1,2696,296.655420
1,2697,806.146518
1,2698,70.380885
1,2699,582.203602
1,2700,267.115565
1,2701,138.951352
1,2702,708.961833
1,2703,216.695807
1,2704,347.992342
1,2705,487.691018
1,2706,137.117249
1,2707,63.325170
1,2708,440.583905
1,2709,69.341572
1,2710,400.617388
1,2711,189.089841
1,2712,61.923029
1,2713,335.354309
1,2714,337.624645
1,2715,372.330037
1,2716,233.514242
1,2717,416.956570
1,2718,458.726385
1,2719,71.442131
1,2720,641.441926
1,2721,817.655916
1,2722,205.072117
1,2723,489.688013
1,2724,322.696306
1,2725,397.010849
1,2726,319.622066
1,2727,85.428801
1,2728,90.029409
1,2729,603.123951
1,2730,97.821937
1,2731,205.972770
1,2732,465.105125
1,2733,76.824739
1,2734,268.941536
1,2735,153.917727
1,2736,199.907415
1,2737,217.326037
1,2738,76.938613
1,2739,56.218484
1,2740,63.862470
1,2741,260.541866
1,2742,62.292483
1,2743,332.177715
1,2744,63.569534
1,2745,482.658207
1,2746,286.624546
1,2747,260.365236
1,2748,197.625436
1,2749,327.516987
1,2750,435.402079
1,2751,679.173834
1,2752,395.688462
1,2753,636.320366
1,2754,706.126657
1,2755,61.877170
1,2756,872.706991
1,2757,833.393593
1,2758,287.342086
1,2759,202.091400
1,2760,832.087059
1,2761,63.195118
1,2762,1129.098236
1,2763,187.916222
1,2764,1009.664871
1,2765,672.373193
1,2766,61.797650
1,2767,542.024174
1,2768,459.937444
1,2769,75.646871
1,2770,90.228921
1,2771,70.943898
1,2772,73.715148
1,2773,684.140686
1,2774,226.603713
1,2775,216.023681
1,2776,1131.882302
1,2777,287.025929
1,2778,527.776931
1,2779,514.663122
1,2780,189.288532
1,2781,693.251405
1,2782,662.782739
1,2783,234.545871
1,2784,451.743660
1,2785,587.476465
1,2786,227.744865
1,2787,786.429351
1,2788,1101.645175
1,2789,245.283202
1,2790,201.354539
1,2791,91.883337
1,2792,86.225873
1,2793,271.778547
1,2794,61.879552
1,2795,453.814745
1,2796,70.079413
1,2797,63.274797
1,2798,102.292805
1,2799,72.286277
1,2800,95.514444
1,2801,200.103273
1,2802,181.053066
1,2803,222.308920
1,2804,81.012559
1,2805,88.643089
1,2806,78.009624
1,2807,80.140985
1,2808,151.318950
1,2809,537.087155
1,2810,475.656308
1,2811,102.040257
1,2812,411.527251
1,2813,1061.431218
1,2814,161.618460
1,2815,62.470301
1,2816,63.310335
1,2817,172.220589
1,2818,204.470937
1,2819,77.399993
1,2820,199.044900
1,2821,240.448575
1,2822,95.771863
1,2823,62.238298
1,2824,220.397325
1,2825,255.995823
1,2826,63.418722
1,2827,330.998960
1,2828,166.746637
1,2829,97.887999
1,2830,324.052505
1,2831,72.883358
1,2832,192.920937
1,2833,61.988478
1,2834,265.534276
1,2835,252.225903
1,2836,63.325334
1,2837,289.234542
1,2838,288.038650
1,2839,89.050035
1,2840,78.908262
1,2841,81.171513
1,2842,432.434144
1,2843,92.089751
1,2844,190.151272
1,2845,69.192168
1,2846,374.235600
1,2847,166.130708
1,2848,231.280651
1,2849,252.758701
1,2850,82.064022
1,2851,292.551016
1,2852,178.236524
1,2853,173.863759
1,2854,217.702613
1,2855,254.702760
1,2856,681.867050
1,2857,221.219014
1,2858,611.781190
1,2859,1060.040993
1,2860,63.443125
1,2861,411.485615
1,2862,61.959930
1,2863,85.271608
1,2864,81.812499
1,2865,72.486062
1,2866,78.827111
1,2867,300.254493
1,2868,291.340752
1,2869,79.122207
1,2870,89.928763
1,2871,407.004823
1,2872,144.945868
1,2873,370.585624
1,2874,62.466244
1,2875,490.300169
1,2876,803.710576
1,2877,343.255888
1,2878,1254.258438
1,2879,446.588723
1,2880,203.314845
1,2881,805.444968
1,2882,217.728177
1,2883,84.712616
1,2884,336.365788
1,2885,1307.629464
1,2886,94.625096
1,2887,66.353050
1,2888,638.117311
1,2889,62.058320
1,2890,303.997548
1,2891,560.763074
1,2892,517.510841
1,2893,228.028992
1,2894,94.479377
1,2895,338.506993
1,2896,244.364010
1,2897,152.629390
1,2898,96.768309
1,2899,485.465561
1,2900,236.550448
1,2901,174.415697
1,2902,199.205338
1,2903,249.654415
1,2904,76.709565
1,2905,223.314121
1,2906,339.573184
1,2907,72.337461
1,2908,213.435549
1,2909,323.590733
1,2910,449.788675
1,2911,288.916576
1,2912,240.484084
1,2913,190.270749
1,2914,298.016353
1,2915,472.235512
1,2916,75.087037
1,2917,322.995017
1,2918,304.993500
1,2919,332.987075
1,2920,269.772358
1,2921,89.753477
1,2922,180.241165
1,2923,61.870387
1,2924,270.703179
1,2925,308.586619
1,2926,262.565612
1,2927,364.524630
1,2928,132.630751
1,2929,207.571980
1,2930,603.598899
1,2931,88.627591
1,2932,609.990185
1,2933,100.078732
1,2934,1324.233023
1,2935,892.045010
1,2936,393.475274
1,2937,256.615558
1,2938,227.682744
1,2939,973.265728
1,2940,712.595809
1,2941,183.045047
1,2942,286.217433
1,2943,85.526265
1,2944,321.676757
1,2945,96.852820
1,2946,210.225326
1,2947,347.009527
1,2948,70.850519
1,2949,543.291598
1,2950,90.129487
1,2951,478.309385
1,2952,93.838410
1,2953,1183.506577
1,2954,297.613453
1,2955,63.496626
1,2956,178.471474
1,2957,101.651797
1,2958,365.216105
1,2959,86.817311
1,2960,235.359086
1,2961,88.787285
1,2962,403.070190
1,2963,84.842491
1,2964,385.854164
1,2965,570.699325
1,2966,81.736861
1,2967,721.389718
1,2968,95.046483
1,2969,382.212094
1,2970,61.812796
1,2971,82.643463
1,2972,255.142393
1,2973,70.016771
1,2974,157.101599
1,2975,333.429705
1,2976,547.886052
1,2977,188.244892
1,2978,59.159108
1,2979,63.892110
1,2980,446.633850
1,2981,70.709803
1,2982,82.585591
1,2983,210.400573
1,2984,90.162316
1,2985,234.985104
1,2986,79.235565
1,2987,70.551333
1,2988,69.730122
1,2989,90.468985
1,2990,61.902056
1,2991,344.270728
1,2992,230.798205
1,2993,331.576311
1,2994,85.711580
1,2995,466.112250
1,2996,218.184423
1,2997,327.700455
1,2998,241.702721
1,2999,613.287255
1,3000,215.797524
1,3001,68.568998
1,3002,333.953931
1,3003,151.859656
1,3004,197.734434
1,3005,63.210113
1,3006,306.484720
1,3007,61.724292
1,3008,66.259818
1,3009,426.718276
1,3010,63.231938
1,3011,1040.573160
1,3012,561.773154
1,3013,301.758113
1,3014,179.022096
1,3015,57.021512
1,3016,70.681989
1,3017,533.791444
1,3018,68.380869
1,3019,234.989229
1,3020,432.835162
1,3021,197.835758
1,3022,62.744381
1,3023,260.350210
1,3024,268.099833
1,3025,287.726908
1,3026,183.720478
1,3027,285.885002
1,3028,65.918962
1,3029,69.361235
1,3030,78.686201
1,3031,215.772364
1,3032,209.221144
1,3033,56.753163
1,3034,182.181514
1,3035,479.657891
1,3036,61.910224
1,3037,244.920481
1,3038,61.940910
1,3039,409.422311
1,3040,66.957443
1,3041,64.993747
1,3042,61.970688
1,3043,163.298147
1,3044,165.799649
1,3045,294.302194
1,3046,61.968149
1,3047,62.990912
1,3048,71.542422
1,3049,83.722545
1,3050,63.580698
1,3051,69.907804
1,3052,60.275732
1,3053,83.813972
1,3054,72.136076
1,3055,109.967599
1,3056,69.591570
1,3057,482.170507
1,3058,528.382502
1,3059,268.384163
1,3060,326.567207
1,3061,73.244465
1,3062,60.522917
1,3063,99.862192
1,3064,99.162667
1,3065,101.208193
1,3066,97.923559
1,3067,143.048569
1,3068,61.959334
1,3069,510.956692
1,3070,1866.214696
1,3071,1768.479609
1,3072,1117.065178
1,3073,1144.917410
1,3074,733.584848
1,3075,62.692251
1,3076,773.709163
1,3077,389.789188
1,3078,523.731186
1,3079,412.276161
1,3080,642.470135
1,3081,597.812536
1,3082,166.495894
1,3083,391.837919
1,3084,197.788444
1,3085,415.993541
1,3086,589.845033
1,3087,392.208030
1,3088,896.823590
1,3089,267.174028
1,3090,878.383798
1,3091,2268.012552
1,3092,432.556427
1,3093,663.869900
1,3094,523.370058
1,3095,460.290131
1,3096,364.306779
1,3097,61.960062
1,3098,150.752249
1,3099,229.583439
1,3100,949.248062
1,3101,355.893495
1,3102,874.172760
1,3103,323.242498
1,3104,60.333572
1,3105,371.432919
1,3106,239.103205
1,3107,61.924170
1,3108,482.436044
1,3109,61.912339
1,3110,66.767525
1,3111,62.118719
1,3112,65.720469
1,3113,81.235721
1,3114,383.641743
1,3115,409.770793
1,3116,311.853100
1,3117,421.545250
1,3118,60.642285
1,3119,440.807975
1,3120,61.075101
1,3121,65.269379
1,3122,62.150573
1,3123,85.860022
1,3124,63.532569
1,3125,83.085672
1,3126,67.397967
1,3127,62.145817
1,3128,77.833788
1,3129,59.970236
1,3130,259.691207
1,3131,319.553018
1,3132,81.376553
1,3133,431.897338
1,3134,290.289485
1,3135,62.071191
1,3136,235.187387
1,3137,63.093900
1,3138,174.439774
1,3139,241.744624
1,3140,188.327701
1,3141,61.189281
1,3142,306.551637
1,3143,62.683552
1,3144,554.018014
1,3145,217.756770
1,3146,234.494858
1,3147,433.487952
1,3148,660.402282
1,3149,62.463309
1,3150,257.600330
1,3151,60.887422
1,3152,235.691064
1,3153,62.193404
1,3154,259.558619
1,3155,249.465732
1,3156,85.969895
1,3157,419.481999
1,3158,140.290317
1,3159,403.455144
1,3160,741.105568
1,3161,601.147619
1,3162,551.794846
1,3163,332.169902
1,3164,72.623683
1,3165,66.447775
1,3166,69.292484
1,3167,68.070235
1,3168,70.578551
1,3169,61.986035
1,3170,58.613563
1,3171,238.462278
1,3172,68.946359
1,3173,64.664507
1,3174,62.025161
1,3175,877.615951
1,3176,69.795216
1,3177,328.720213
1,3178,188.383476
1,3179,65.521900
1,3180,62.045282
1,3181,67.914722
1,3182,62.116449
1,3183,78.243615
1,3184,62.094119
1,3185,72.994717
1,3186,64.778049
1,3187,62.202306
1,3188,564.759456
1,3189,209.474804
1,3190,211.674495
1,3191,406.120455
1,3192,62.271641
1,3193,70.849917
1,3194,62.298357
1,3195,65.008021
1,3196,373.123898
1,3197,420.157882
1,3198,563.565189
1,3199,432.201111
1,3200,577.759953
1,3201,128.944194
1,3202,614.304025
1,3203,62.356981
1,3204,58.676311
1,3205,71.461357
1,3206,65.210309
1,3207,68.298414
1,3208,211.326467
1,3209,389.533914
1,3210,64.869566
1,3211,62.308201
1,3212,65.564812
1,3213,70.944395
1,3214,62.936355
1,3215,60.592752
1,3216,62.242897
1,3217,79.592522
1,3218,68.114082
1,3219,69.018900
1,3220,201.969306
1,3221,254.364709
1,3222,66.656922
1,3223,66.918618
1,3224,60.936622
1,3225,59.037504
1,3226,62.406712
1,3227,69.976142
1,3228,62.449993
1,3229,79.293825
1,3230,62.501623
1,3231,70.960306
1,3232,69.370119
1,3233,316.329085
1,3234,80.623278
1,3235,67.487330
1,3236,69.801534
1,3237,64.860335
1,3238,70.494002
1,3239,93.271431
1,3240,80.910010
1,3241,90.168094
1,3242,60.758238
1,3243,803.680897
1,3244,222.537786
1,3245,73.855246
1,3246,209.290782
1,3247,68.879281
1,3248,727.872752
1,3249,95.243868
1,3250,85.138409
1,3251,62.905082
1,3252,62.592277
1,3253,243.085054
1,3254,62.490580
1,3255,185.583421
1,3256,514.514347
1,3257,424.503989
1,3258,62.372249
1,3259,342.286897
1,3260,414.629041
1,3261,738.588737
1,3262,303.401903
1,3263,224.313442
1,3264,60.910908
1,3265,72.942956
1,3266,269.108174
1,3267,253.691766
1,3268,79.814612
1,3269,261.100234
1,3270,182.017697
1,3271,73.382225
1,3272,74.389349
1,3273,271.743255
1,3274,468.063136
1,3275,157.591527
1,3276,309.241449
1,3277,699.954336
1,3278,331.960701
1,3279,334.543678
1,3280,62.466090
1,3281,61.878794
1,3282,56.069027
1,3283,374.348847
1,3284,257.236397
1,3285,55.969837
1,3286,386.598889
1,3287,161.595942
1,3288,62.284359
1,3289,73.718948
1,3290,189.152683
1,3291,459.682558
1,3292,140.723949
1,3293,61.675061
1,3294,62.008720
1,3295,58.585587
1,3296,324.203536
1,3297,229.327499
1,3298,79.955679
1,3299,266.154218
1,3300,93.754842
1,3301,322.215489
1,3302,263.520313
1,3303,138.880375
1,3304,111.200251
1,3305,62.396256
1,3306,63.565022
1,3307,85.124035
1,3308,174.946142
1,3309,60.615719
1,3310,87.344527
1,3311,580.662924
1,3312,223.678905
1,3313,374.806800
1,3314,513.564584
1,3315,277.643052
1,3316,62.714396
1,3317,280.124274
1,3318,65.089371
1,3319,69.288467
1,3320,65.359477
1,3321,56.417214
1,3322,67.220933
1,3323,615.683638
1,3324,54.373640
1,3325,50.956116
1,3326,63.552180
1,3327,207.561034
1,3328,260.534777
1,3329,60.750445
1,3330,404.306756
1,3331,311.720642
1,3332,62.256788
1,3333,72.581195
1,3334,62.168101
1,3335,58.636596
1,3336,63.515656
1,3337,60.721208
1,3338,613.526202
1,3339,712.654713
1,3340,186.151833
1,3341,205.914550
1,3342,279.346078
1,3343,70.069027
1,3344,303.567179
1,3345,148.358254
1,3346,163.199015
1,3347,385.671738
1,3348,207.691047
1,3349,198.528096
1,3350,251.917020
1,3351,347.182338
1,3352,204.559135
1,3353,653.790908
1,3354,279.149299
1,3355,331.902809
1,3356,61.987036
1,3357,224.606273
1,3358,141.212455
1,3359,210.029657
1,3360,62.129689
1,3361,57.418706
1,3362,1576.612706
1,3363,2378.040107
1,3364,242.190528
1,3365,284.187598
1,3366,63.588206
1,3367,258.214095
1,3368,329.806111
1,3369,430.164808
1,3370,261.202876
1,3371,223.189556
1,3372,62.361912
1,3373,164.968674
1,3374,450.246224
1,3375,234.192768
1,3376,436.534781
1,3377,441.240393
1,3378,850.346987
1,3379,603.692767
1,3380,569.884051
1,3381,61.844610
1,3382,440.937839
1,3383,318.801044
1,3384,571.655502
1,3385,749.007874
1,3386,622.269539
1,3387,437.477484
1,3388,69.897726
1,3389,629.355907
1,3390,474.806988
1,3391,680.552692
1,3392,887.714253
1,3393,342.391804
1,3394,412.367030
1,3395,318.634248
1,3396,63.299069
1,3397,202.367418
1,3398,371.914609
1,3399,267.519343
1,3400,239.867677
1,3401,212.487674
1,3402,251.432524
1,3403,519.081782
1,3404,171.883438
1,3405,200.730557
1,3406,444.991914
1,3407,188.081551
1,3408,112.741078
1,3409,514.888818
1,3410,67.830560
1,3411,311.727326
1,3412,61.856506
1,3413,67.353342
1,3414,226.562770
1,3415,78.229902
1,3416,458.052526
1,3417,59.136895
1,3418,583.738038
1,3419,69.871205
1,3420,416.924023
1,3421,618.123213
1,3422,141.020419
1,3423,233.415136
1,3424,644.438780
1,3425,561.351975
1,3426,62.369151
1,3427,1174.261343
1,3428,628.859691
1,3429,1112.413226
1,3430,62.231412
1,3431,361.164224
1,3432,68.892103
1,3433,502.941999
1,3434,225.915045
1,3435,414.717944
1,3436,216.095292
1,3437,499.717137
1,3438,491.310188
1,3439,771.359430
1,3440,727.365821
1,3441,840.608514
1,3442,534.231283
1,3443,531.384321
1,3444,61.847305
1,3445,65.204294
1,3446,86.853772
1,3447,341.140259
1,3448,577.996125
1,3449,68.723994
1,3450,268.731264
1,3451,70.654078
1,3452,141.288091
1,3453,231.724377
1,3454,243.999048
1,3455,61.768328
1,3456,224.668113
1,3457,70.006789
1,3458,75.209983
1,3459,69.473372
1,3460,258.858145
1,3461,687.949221
1,3462,453.596546
1,3463,726.448291
1,3464,1374.202665
1,3465,172.401136
1,3466,320.567977
1,3467,179.610697
1,3468,320.016082
1,3469,62.452608
1,3470,749.375473
1,3471,213.225003
1,3472,254.769472
1,3473,372.325723
1,3474,286.740878
1,3475,183.051141
1,3476,508.435698
1,3477,224.283950
1,3478,63.168460
1,3479,242.158617
1,3480,63.346259
1,3481,500.059670
1,3482,69.582483
1,3483,410.269231
1,3484,744.760553
1,3485,361.747000
1,3486,396.286341
1,3487,219.169297
1,3488,243.093899
1,3489,357.621105
1,3490,81.586929
1,3491,275.892533
1,3492,316.921735
1,3493,386.619795
1,3494,324.703070
1,3495,342.175895
1,3496,470.571793
1,3497,368.166622
1,3498,244.896017
1,3499,57.271851
1,3500,66.266589
1,3501,81.382793
1,3502,1197.552930
1,3503,191.497087
1,3504,233.178363
1,3505,332.625389
1,3506,254.955758
1,3507,61.995816
1,3508,121.073501
1,3509,68.921465
1,3510,437.942992
1,3511,57.655657
1,3512,269.311460
1,3513,403.218665
1,3514,62.501198
1,3515,270.522419
1,3516,580.746935
1,3517,455.501299
1,3518,518.307058
1,3519,233.272287
1,3520,491.215265
1,3521,578.699062
1,3522,776.938899
1,3523,768.778971
1,3524,63.560839
1,3525,322.133583
1,3526,382.447958
1,3527,61.956137
1,3528,84.589724
1,3529,61.999224
1,3530,281.657193
1,3531,165.778002
1,3532,188.398546
1,3533,706.174989
1,3534,70.951583
1,3535,222.294904
1,3536,318.362236
1,3537,341.265796
1,3538,58.643717
1,3539,537.663789
1,3540,359.507962
1,3541,463.302766
1,3542,197.804862
1,3543,523.742628
1,3544,570.772837
1,3545,184.692759
1,3546,563.723409
1,3547,567.163593
1,3548,301.268379
1,3549,1157.884210
1,3550,222.050843
1,3551,346.549514
1,3552,567.437238
1,3553,993.078582
1,3554,538.444429
1,3555,319.240625
1,3556,202.221855
1,3557,395.086689
1,3558,351.385461
1,3559,211.307811
1,3560,1008.282859
1,3561,179.333586
1,3562,62.023873
1,3563,611.069388
1,3564,505.592550
1,3565,267.594983
1,3566,644.292899
1,3567,501.578277
1,3568,1622.432415
1,3569,67.350632
1,3570,534.893050
1,3571,295.519624
1,3572,306.547694
1,3573,284.175612
1,3574,347.141869
1,3575,65.591654
1,3576,282.859991
1,3577,63.844912
1,3578,362.475808
1,3579,270.155273
1,3580,521.308247
1,3581,77.631223
1,3582,549.174852
1,3583,457.670001
1,3584,315.828471
1,3585,62.072725
1,3586,386.840345
1,3587,290.089382
1,3588,527.933599
1,3589,97.543573
1,3590,62.067001
1,3591,348.859504
1,3592,556.870125
1,3593,300.584910
1,3594,655.043915
1,3595,639.535724
1,3596,326.162224
1,3597,301.423647
1,3598,467.531724
1,3599,71.492650
1,3600,94.896757
1,3601,73.964010
1,3602,276.337533
1,3603,276.177717
1,3604,62.641424
1,3605,82.138940
1,3606,401.115113
1,3607,223.078039
1,3608,230.045081
1,3609,209.938664
1,3610,63.646247
1,3611,62.399628
1,3612,306.191248
1,3613,384.026424
1,3614,89.142682
1,3615,181.584584
1,3616,144.038264
1,3617,73.341982
1,3618,184.251301
1,3619,60.465733
1,3620,56.295470
1,3621,63.676487
1,3622,57.183304
1,3623,341.570483
1,3624,138.443534
1,3625,69.697277
1,3626,65.969917
1,3627,63.267545
1,3628,315.970416
1,3629,311.719364
1,3630,69.500306
1,3631,242.280457
1,3632,69.593467
1,3633,188.523964
1,3634,174.823904
1,3635,306.827926
1,3636,217.615588
1,3637,63.629060
1,3638,435.824557
1,3639,503.326313
1,3640,61.830090
1,3641,70.736214
1,3642,61.880032
1,3643,71.409293
1,3644,63.393688
1,3645,64.912252
1,3646,61.961979
1,3647,60.412725
1,3648,307.130467
1,3649,319.478090
1,3650,70.330897
1,3651,264.231960
1,3652,70.099954
1,3653,135.198127
1,3654,61.963642
1,3655,247.719795
1,3656,71.371490
1,3657,69.596342
1,3658,62.183072
1,3659,60.540603
1,3660,78.552253
1,3661,264.185834
1,3662,67.724207
1,3663,274.537744
1,3664,264.397828
1,3665,370.357301
1,3666,73.453374
1,3667,60.564922
1,3668,81.790189
1,3669,60.532621
1,3670,281.217476
1,3671,466.332015
1,3672,228.155447
1,3673,62.120644
1,3674,229.701484
1,3675,62.210016
1,3676,71.664738
1,3677,79.335750
1,3678,69.417889
1,3679,76.081098
1,3680,61.987028
1,3681,332.198370
1,3682,1934.462717
1,3683,283.029048
1,3684,186.658431
1,3685,154.116727
1,3686,194.405283
1,3687,69.152620
1,3688,213.698422
1,3689,62.330503
1,3690,57.834097
1,3691,78.524838
1,3692,319.575541
1,3693,527.086745
1,3694,485.472136
1,3695,511.910567
1,3696,174.862174
1,3697,246.963961
1,3698,477.031008
1,3699,70.291769
1,3700,203.368906
1,3701,626.666861
1,3702,63.693888
1,3703,477.507335
1,3704,830.401135
1,3705,63.719545
1,3706,693.887388
1,3707,1579.265810
1,3708,931.794621
1,3709,291.928032
1,3710,305.640707
1,3711,225.204956
1,3712,459.933026
1,3713,250.508286
1,3714,563.756581
1,3715,342.636602
1,3716,476.474964
1,3717,453.334760
1,3718,679.427505
1,3719,554.230564
1,3720,56.274688
1,3721,241.846164
1,3722,62.015541
1,3723,315.730224
1,3724,62.993362
1,3725,61.899755
1,3726,57.246513
1,3727,61.973431
1,3728,65.461900
1,3729,76.672332
1,3730,188.628492
1,3731,68.540717
1,3732,71.277482
1,3733,75.493959
1,3734,200.497220
1,3735,748.886249
1,3736,61.928351
1,3737,455.091940
1,3738,460.251705
1,3739,63.366126
1,3740,67.111023
1,3741,63.816504
1,3742,69.341065
1,3743,68.821265
1,3744,66.712085
1,3745,158.092712
1,3746,274.470988
1,3747,79.119310
1,3748,275.287154
1,3749,60.527299
1,3750,174.921227
1,3751,72.441098
1,3752,305.013138
1,3753,60.926641
1,3754,62.110004
1,3755,61.668130
1,3756,66.855458
1,3757,153.697020
1,3758,165.382757
1,3759,62.093604
1,3760,63.023666
1,3761,62.230353
1,3762,66.154874
1,3763,62.078306
1,3764,377.002522
1,3765,62.208119
1,3766,60.634874
1,3767,179.381390
1,3768,288.502662
1,3769,334.458835
1,3770,89.498680
1,3771,62.104612
1,3772,86.724805
1,3773,95.347785
1,3774,255.309977
1,3775,296.936752
1,3776,336.044183
1,3777,337.113516
1,3778,482.696508
1,3779,61.976255
1,3780,261.804617
1,3781,61.859334
1,3782,384.375168
1,3783,71.896922
1,3784,291.864835
1,3785,115.367103
1,3786,346.518018
1,3787,61.721581
1,3788,302.130737
1,3789,251.756787
1,3790,61.013886
1,3791,666.069931
1,3792,756.289869
1,3793,838.374716
1,3794,63.174628
1,3795,478.409734
1,3796,304.037911
1,3797,562.975067
1,3798,72.441877
1,3799,367.822917
1,3800,267.058072
1,3801,182.765669
1,3802,61.514833
1,3803,413.861002
1,3804,520.290616
1,3805,324.984501
1,3806,69.549752
1,3807,375.379057
1,3808,61.440982
1,3809,468.947892
1,3810,466.290839
1,3811,273.606089
1,3812,507.146798
1,3813,137.876802
1,3814,316.874137
1,3815,375.642500
1,3816,169.692568
1,3817,665.747942
1,3818,724.474345
1,3819,532.902319
1,3820,506.563985
1,3821,279.100171
1,3822,302.900816
1,3823,193.529060
1,3824,178.294758
1,3825,223.567898
1,3826,325.729453
1,3827,134.073595
1,3828,266.864001
1,3829,263.176564
1,3830,203.842292
1,3831,172.521867
1,3832,313.515476
1,3833,138.750796
1,3834,313.110590
1,3835,263.797253
1,3836,160.182034
1,3837,102.627536
1,3838,105.847914
1,3839,77.766818
1,3840,67.605285
1,3841,171.863773
1,3842,62.096144
1,3843,269.452166
1,3844,77.773197
1,3845,80.523805
1,3846,61.775328
1,3847,290.250957
1,3848,74.920603
1,3849,79.456152
1,3850,94.539652
1,3851,192.434964
1,3852,566.782166
1,3853,452.991675
1,3854,74.487230
1,3855,388.232148
1,3856,124.522012
1,3857,92.196257
1,3858,119.937962
1,3859,281.114143
1,3860,154.653470
1,3861,438.262789
1,3862,152.328934
1,3863,247.372398
1,3864,246.400337
1,3865,397.983839
1,3866,412.321965
1,3867,87.953400
1,3868,152.283653
1,3869,338.043755
1,3870,543.146912
1,3871,725.488396
1,3872,103.245082
1,3873,203.111605
1,3874,328.297829
1,3875,176.266488
1,3876,193.319816
1,3877,125.989996
1,3878,356.373333
1,3879,63.270261
1,3880,339.399514
1,3881,210.694891
1,3882,261.509533
1,3883,149.308893
1,3884,305.448360
1,3885,170.511683
1,3886,303.537412
1,3887,209.940534
1,3888,288.340700
1,3889,186.507493
1,3890,218.520109
1,3891,380.109087
1,3892,148.223252
1,3893,407.386772
1,3894,486.521053
1,3895,748.939762
1,3896,202.555391
1,3897,203.610125
1,3898,184.917406
1,3899,76.720326
1,3900,104.632418
1,3901,407.007433
1,3902,90.832943
1,3903,572.557405
1,3904,62.093211
1,3905,519.043534
1,3906,134.039930
1,3907,277.772040
1,3908,61.900932
1,3909,128.191096
1,3910,174.312779
1,3911,790.683931
1,3912,372.832593
1,3913,356.947896
1,3914,132.055697
1,3915,613.406105
1,3916,69.676410
1,3917,609.895799
1,3918,513.594488
1,3919,159.243645
1,3920,173.398158
1,3921,198.424694
1,3922,214.925821
1,3923,319.901883
1,3924,61.605979
1,3925,371.099988
1,3926,464.953426
1,3927,144.811456
1,3928,110.667546
1,3929,363.509101
1,3930,63.139429
1,3931,657.868494
1,3932,606.061557
1,3933,61.577859
1,3934,824.169241
1,3935,678.066106
1,3936,486.711072
1,3937,114.624880
1,3938,173.346788
1,3939,213.519031
1,3940,343.139511
1,3941,451.649097
1,3942,274.475677
1,3943,348.331754
1,3944,630.144785
1,3945,81.359593
1,3946,553.677502
1,3947,352.662202
1,3948,136.958785
1,3949,471.909010
1,3950,489.329591
1,3951,142.599434
1,3952,364.440067
1,3953,243.387021
1,3954,415.021379
1,3955,61.751008
1,3956,450.316421
1,3957,276.583518
1,3958,153.898833
1,3959,601.669510
1,3960,291.190548
1,3961,252.034551
1,3962,570.134634
1,3963,63.359139
1,3964,194.204208
1,3965,684.615825
1,3966,157.549899
1,3967,354.740049
1,3968,258.717369
1,3969,164.937552
1,3970,306.275082
1,3971,152.679668
1,3972,238.170127
1,3973,558.866583
1,3974,556.313945
1,3975,399.522093
1,3976,342.576115
1,3977,357.797392
1,3978,214.861219
1,3979,430.706439
1,3980,544.850403
1,3981,138.011814
1,3982,345.615506
1,3983,358.719024
1,3984,80.167192
1,3985,270.038366
1,3986,176.372446
1,3987,131.709184
1,3988,459.115509
1,3989,382.643016
1,3990,60.309316
1,3991,399.961916
1,3992,189.923154
1,3993,241.525766
1,3994,173.951286
1,3995,110.083788
1,3996,350.648001
1,3997,133.284920
1,3998,501.288597
1,3999,68.692041
1,4000,434.452942
1,4001,448.637867
1,4002,138.938269
1,4003,158.707314
1,4004,204.188351
1,4005,61.749655
1,4006,385.685209
1,4007,206.825270
1,4008,288.296788
1,4009,430.472689
1,4010,390.091773
1,4011,202.292120
1,4012,407.089788
1,4013,313.298661
1,4014,195.010715
1,4015,610.024967
1,4016,69.721695
1,4017,277.578470
1,4018,87.441355
1,4019,362.109978
1,4020,63.190673
1,4021,209.798662
1,4022,134.757391
1,4023,61.460029
1,4024,134.948294
1,4025,78.704407
1,4026,138.327649
1,4027,261.155192
1,4028,115.902560
1,4029,97.419764
1,4030,255.128141
1,4031,216.557578
1,4032,251.050188
1,4033,502.329662
1,4034,382.972101
1,4035,410.646203
1,4036,465.605131
1,4037,261.102207
1,4038,309.985654
1,4039,142.339603
1,4040,108.954338
1,4041,268.950197
1,4042,182.374773
1,4043,430.191254
1,4044,243.040634
1,4045,443.820347
1,4046,187.128754
1,4047,244.086546
1,4048,279.483343
1,4049,177.989862
1,4050,151.139217
1,4051,618.068503
1,4052,80.176670
1,4053,476.141059
1,4054,156.760973
1,4055,631.020280
1,4056,215.567285
1,4057,257.038545
1,4058,336.910044
1,4059,158.914151
1,4060,161.914227
1,4061,259.665474
1,4062,317.953713
1,4063,226.058168
1,4064,497.682638
1,4065,137.316351
1,4066,460.824351
1,4067,193.607819
1,4068,230.747149
1,4069,345.970572
1,4070,145.664771
1,4071,232.332835
1,4072,287.842920
1,4073,402.216368
1,4074,333.736858
1,4075,794.215768
1,4076,520.057596
1,4077,160.183314
1,4078,99.359675
1,4079,299.590859
1,4080,70.307334
1,4081,58.346974
1,4082,424.841330
1,4083,77.776237
1,4084,164.565682
1,4085,148.742575
1,4086,95.322616
1,4087,240.685357
1,4088,198.457535
1,4089,62.208233
1,4090,97.465220
1,4091,688.601574
1,4092,570.661700
1,4093,160.975501
1,4094,360.993325
1,4095,62.069024
1,4096,371.934496
1,4097,330.695854
1,4098,61.764323
1,4099,162.602861
1,4100,99.099360
1,4101,214.701751
1,4102,281.833930
1,4103,61.734310
1,4104,359.287114
1,4105,186.991120
1,4106,173.496367
1,4107,61.788942
1,4108,221.370990
1,4109,381.889299
1,4110,547.166711
1,4111,231.362255
1,4112,398.906499
1,4113,649.472502
1,4114,91.431094
1,4115,62.447972
1,4116,62.292825
1,4117,231.491917
1,4118,430.857481
1,4119,62.266638
1,4120,374.618078
1,4121,462.030566
1,4122,424.082463
1,4123,107.094350
1,4124,294.301466
1,4125,77.545501
1,4126,218.845163
1,4127,351.653562
1,4128,103.659975
1,4129,312.677713
1,4130,78.689824
1,4131,538.400642
1,4132,237.345385
1,4133,212.234017
1,4134,179.369094
1,4135,212.764160
1,4136,482.053833
1,4137,63.042180
1,4138,180.866110
1,4139,124.293430
1,4140,374.509697
1,4141,108.704047
1,4142,489.360474
1,4143,61.611196
1,4144,476.307333
1,4145,107.116395
1,4146,68.758606
1,4147,330.979033
1,4148,188.966991
1,4149,85.415908
1,4150,112.624492
1,4151,498.806472
1,4152,70.191265
1,4153,385.671830
1,4154,284.226445
1,4155,67.693623
1,4156,288.036063
1,4157,73.563057
1,4158,125.558289
1,4159,556.087544
1,4160,67.718349
1,4161,63.324693
1,4162,465.107000
1,4163,123.599740
1,4164,204.785702
1,4165,76.151592
1,4166,61.921210
1,4167,340.130992
1,4168,315.784295
1,4169,366.807190
1,4170,220.743539
1,4171,273.718968
1,4172,313.549665
1,4173,142.280018
1,4174,544.506701
1,4175,279.102602
1,4176,233.285337
1,4177,135.693464
1,4178,137.701635
1,4179,428.030704
1,4180,79.826743
1,4181,130.969328
1,4182,245.814943
1,4183,348.382282
1,4184,176.267418
1,4185,182.464514
1,4186,236.436430
1,4187,176.302215
1,4188,233.403597
1,4189,69.028749
1,4190,71.023014
1,4191,188.493051
1,4192,106.738460
1,4193,56.199810
1,4194,63.862470
1,4195,73.413140
1,4196,62.291712
1,4197,75.649984
1,4198,63.569534
1,4199,88.822956
1,4200,79.052497
1,4201,255.473629
1,4202,146.969723
1,4203,82.147993
1,4204,381.119369
1,4205,294.615533
1,4206,462.172885
1,4207,215.714336
1,4208,370.402281
1,4209,61.875680
1,4210,463.664368
1,4211,313.541900
1,4212,220.530580
1,4213,70.728838
1,4214,154.521251
1,4215,63.194694
1,4216,284.489279
1,4217,370.289363
1,4218,479.984359
1,4219,196.388613
1,4220,61.795948
1,4221,198.061452
1,4222,285.853636
1,4223,121.042761
1,4224,143.735484
1,4225,137.260106
1,4226,113.643154
1,4227,314.155765
1,4228,105.514032
1,4229,177.092449
1,4230,467.295485
1,4231,119.485792
1,4232,339.489353
1,4233,93.719834
1,4234,80.015503
1,4235,396.453463
1,4236,270.152880
1,4237,167.314823
1,4238,359.906108
1,4239,130.957880
1,4240,151.332598
1,4241,209.090884
1,4242,431.371886
1,4243,107.555986
1,4244,128.647813
1,4245,257.719628
1,4246,138.830644
1,4247,448.079938
1,4248,61.877779
1,4249,233.108471
1,4250,96.255113
1,4251,63.274339
1,4252,322.044645
1,4253,149.153173
1,4254,332.909987
1,4255,364.268081
1,4256,126.812466
1,4257,136.734535
1,4258,186.740822
1,4259,207.395250
1,4260,154.033664
1,4261,156.643241
1,4262,99.324622
1,4263,612.978061
1,4264,161.168419
1,4265,183.465566
1,4266,470.960237
1,4267,800.633406
1,4268,90.036792
1,4269,62.469673
1,4270,92.608887
1,4271,70.603166
1,4272,345.136971
1,4273,194.274964
1,4274,277.493325
1,4275,106.968332
1,4276,148.738777
1,4277,62.237056
1,4278,221.683512
1,4279,105.844135
1,4280,63.418367
1,4281,612.311548
1,4282,155.920040
1,4283,311.644701
1,4284,226.700409
1,4285,238.611317
1,4286,68.370173
1,4287,61.986924
1,4288,88.959190
1,4289,134.576873
1,4290,63.324915
1,4291,245.869942
1,4292,122.247025
1,4293,290.262800
1,4294,114.949349
1,4295,223.602937
1,4296,186.001574
1,4297,289.186894
1,4298,191.021540
1,4299,99.505454
1,4300,383.274167
1,4301,85.005775
1,4302,119.387121
1,4303,139.745542
1,4304,171.553512
1,4305,124.250758
1,4306,204.363782
1,4307,88.172702
1,4308,72.088533
1,4309,552.280052
1,4310,132.640263
1,4311,365.962863
1,4312,225.829312
1,4313,442.995154
1,4314,63.442669
1,4315,179.717627
1,4316,61.958181
1,4317,174.688204
1,4318,115.112718
1,4319,107.111976
1,4320,193.376868
1,4321,321.907521
1,4322,310.792862
1,4323,136.932094
1,4324,239.511258
1,4325,483.769958
1,4326,417.474544
1,4327,78.118729
1,4328,62.465631
1,4329,177.541426
1,4330,116.291938
1,4331,83.016287
1,4332,314.650073
1,4333,144.202611
1,4334,198.985586
1,4335,160.555221
1,4336,70.873339
1,4337,117.892104
1,4338,120.318409
1,4339,358.118460
1,4340,174.553567
1,4341,101.452553
1,4342,288.025644
1,4343,62.056868
1,4344,269.926428
1,4345,272.240894
1,4346,459.927061
1,4347,108.805365
1,4348,196.968796
1,4349,182.910397
1,4350,75.827315
1,4351,130.040499
1,4352,149.906600
1,4353,187.292788
1,4354,74.829392
1,4355,249.581578
1,4356,114.670102
1,4357,103.685204
1,4358,185.982070
1,4359,135.460509
1,4360,540.221504
1,4361,106.466395
1,4362,210.844918
1,4363,418.738654
1,4364,311.413546
1,4365,617.871710
1,4366,145.623152
1,4367,257.055170
1,4368,171.213897
1,4369,238.556992
1,4370,149.714159
1,4371,137.082856
1,4372,114.348258
1,4373,78.937185
1,4374,170.654012
1,4375,192.467240
1,4376,131.906263
1,4377,61.868680
1,4378,430.697892
1,4379,177.719598
1,4380,617.579501
1,4381,230.990093
1,4382,564.317852
1,4383,413.239292
1,4384,360.111625
1,4385,286.825896
1,4386,374.128277
1,4387,353.934493
1,4388,353.870463
1,4389,409.411894
1,4390,268.073639
1,4391,113.281842
1,4392,532.499370
1,4393,310.582545
1,4394,688.723984
1,4395,243.158064
1,4396,225.589890
1,4397,221.410154
1,4398,153.223629
1,4399,356.846472
1,4400,133.420365
1,4401,281.941949
1,4402,135.659782
1,4403,132.829929
1,4404,300.385561
1,4405,370.471462
1,4406,331.977798
1,4407,279.351348
1,4408,171.883097
1,4409,63.496227
1,4410,173.632907
1,4411,314.616518
1,4412,1058.704433
1,4413,193.116831
1,4414,315.228391
1,4415,259.946963
1,4416,317.326683
1,4417,217.231183
1,4418,284.773676
1,4419,253.851562
1,4420,193.553427
1,4421,476.012722
1,4422,243.417542
1,4423,391.693298
1,4424,61.811383
1,4425,197.657323
1,4426,303.078161
1,4427,96.022581
1,4428,66.005646
1,4429,508.647118
1,4430,358.903167
1,4431,117.651025
1,4432,59.154900
1,4433,63.892110
1,4434,392.961129
1,4435,98.206718
1,4436,149.508200
1,4437,156.962055
1,4438,175.779064
1,4439,152.103372
1,4440,160.148432
1,4441,93.742600
1,4442,100.369758
1,4443,147.255471
1,4444,61.900319
1,4445,258.487038
1,4446,140.147505
1,4447,210.308351
1,4448,240.095482
1,4449,435.392360
1,4450,124.649365
1,4451,249.479416
1,4452,124.907564
1,4453,170.402379
1,4454,131.899158
1,4455,79.280829
1,4456,80.512198
1,4457,103.286343
1,4458,71.943950
1,4459,63.209576
1,4460,260.068476
1,4461,61.722212
1,4462,91.753484
1,4463,352.508587
1,4464,63.231391
1,4465,284.854939
1,4466,98.485991
1,4467,164.083376
1,4468,70.581625
1,4469,57.005763
1,4470,99.668370
1,4471,303.846004
1,4472,100.666907
1,4473,135.375009
1,4474,287.528842
1,4475,102.950540
1,4476,62.743813
1,4477,112.074611
1,4478,77.246033
1,4479,118.967365
1,4480,108.070006
1,4481,156.452519
1,4482,96.206890
1,4483,94.040542
1,4484,113.405388
1,4485,153.635813
1,4486,127.698620
1,4487,56.737642
1,4488,107.902418
1,4489,410.789581
1,4490,61.908146
1,4491,235.333462
1,4492,61.938844
1,4493,249.978573
1,4494,94.273543
1,4495,92.796875
1,4496,61.968650
1,4497,130.624159
1,4498,128.709921
1,4499,247.401124
1,4500,61.966141
1,4501,92.746558
1,4502,103.510894
1,4503,166.590004
1,4504,94.991776
1,4505,119.052148
1,4506,60.270780
1,4507,135.594739
1,4508,71.937792
1,4509,303.710040
1,4510,94.602517
1,4511,365.540028
1,4512,285.736995
1,4513,279.609985
1,4514,81.803737
1,4515,130.730896
1,4516,60.518199
1,4517,275.226000
1,4518,318.218835
1,4519,331.213891
1,4520,259.066848
1,4521,97.166329
1,4522,61.957527
1,4523,190.930177
1,4524,223.949582
1,4525,437.848848
1,4526,206.882960
1,4527,311.925889
1,4528,171.114956
1,4529,62.691240
1,4530,158.802052
1,4531,87.190371
1,4532,168.526276
1,4533,137.273169
1,4534,230.410178
1,4535,159.028805
1,4536,68.587690
1,4537,177.698271
1,4538,72.618381
1,4539,169.658210
1,4540,375.056892
1,4541,86.963856
1,4542,402.631108
1,4543,77.560164
1,4544,203.204102
1,4545,345.259051
1,4546,164.384983
1,4547,153.168531
1,4548,182.707685
1,4549,91.564538
1,4550,151.237576
1,4551,61.958394
1,4552,126.951943
1,4553,173.638034
1,4554,406.143424
1,4555,151.760050
1,4556,337.950999
1,4557,135.852426
1,4558,60.329388
1,4559,150.657146
1,4560,127.811202
1,4561,61.922436
1,4562,156.423017
1,4563,61.910599
1,4564,88.129946
1,4565,62.116904
1,4566,93.859823
1,4567,169.456524
1,4568,169.940585
1,4569,257.567048
1,4570,165.323217
1,4571,253.622613
1,4572,60.638053
1,4573,300.813823
1,4574,89.659174
1,4575,114.711358
1,4576,62.148840
1,4577,190.596807
1,4578,63.532120
1,4579,183.823954
1,4580,103.975393
1,4581,62.144102
1,4582,146.310438
1,4583,83.099948
1,4584,157.164973
1,4585,159.737009
1,4586,181.523826
1,4587,270.518684
1,4588,284.354239
1,4589,62.069516
1,4590,73.454960
1,4591,98.635074
1,4592,107.106349
1,4593,226.130950
1,4594,69.351679
1,4595,61.187258
1,4596,252.674589
1,4597,62.682563
1,4598,208.065092
1,4599,137.597100
1,4600,70.274186
1,4601,81.937128
1,4602,257.114372
1,4603,62.462018
1,4604,135.345083
1,4605,60.884035
1,4606,130.409045
1,4607,62.191984
1,4608,133.304104
1,4609,164.755097
1,4610,171.229291
1,4611,82.504770
1,4612,120.990890
1,4613,298.770858
1,4614,370.051246
1,4615,164.502664
1,4616,304.671647
1,4617,309.339232
1,4618,107.574683
1,4619,100.376631
1,4620,93.309964
1,4621,107.630528
1,4622,130.477814
1,4623,61.984369
1,4624,58.605877
1,4625,235.252573
1,4626,96.438129
1,4627,84.861614
1,4628,62.023468
1,4629,905.552005
1,4630,94.972201
1,4631,256.839739
1,4632,143.204789
1,4633,97.129078
1,4634,62.043576
1,4635,98.216370
1,4636,92.367620
1,4637,163.647407
1,4638,62.092413
1,4639,103.971953
1,4640,99.346109
1,4641,62.200604
1,4642,228.706940
1,4643,73.150734
1,4644,125.504562
1,4645,339.471466
1,4646,62.269952
1,4647,133.552878
1,4648,62.296676
1,4649,97.931512
1,4650,164.654092
1,4651,162.627037
1,4652,162.170050
1,4653,181.061290
1,4654,158.185529
1,4655,62.625661
1,4656,277.289168
1,4657,62.355343
1,4658,58.668811
1,4659,118.154802
1,4660,94.170158
1,4661,99.097759
1,4662,73.143558
1,4663,155.721261
1,4664,92.172764
1,4665,62.306547
1,4666,90.889779
1,4667,90.333454
1,4668,88.243457
1,4669,60.588959
1,4670,62.241343
1,4671,170.726724
1,4672,97.920116
1,4673,103.297622
1,4674,123.528652
1,4675,155.116632
1,4676,99.096615
1,4677,113.739902
1,4678,60.932991
1,4679,59.030674
1,4680,62.405233
1,4681,107.237137
1,4682,62.448530
1,4683,152.829527
1,4684,62.500176
1,4685,70.755688
1,4686,115.881259
1,4687,316.130996
1,4688,175.966663
1,4689,110.190339
1,4690,105.572236
1,4691,99.438409
1,4692,96.996798
1,4693,211.414237
1,4694,152.277960
1,4695,169.473422
1,4696,69.095428
1,4697,649.130986
1,4698,233.000899
1,4699,135.288979
1,4700,275.695571
1,4701,68.615994
1,4702,267.766809
1,4703,177.497320
1,4704,159.510329
1,4705,83.094768
1,4706,62.591094
1,4707,125.414507
1,4708,62.489317
1,4709,127.232585
1,4710,180.195978
1,4711,82.215371
1,4712,62.370860
1,4713,74.569946
1,4714,81.596922
1,4715,304.398463
1,4716,269.709576
1,4717,146.416766
1,4718,60.907224
1,4719,72.690127
1,4720,219.845324
1,4721,370.138879
1,4722,155.663782
1,4723,215.243007
1,4724,135.790201
1,4725,151.008320
1,4726,136.052451
1,4727,75.930105
1,4728,375.907555
1,4729,130.097297
1,4730,279.707555
1,4731,153.883809
1,4732,250.389768
1,4733,237.705419
1,4734,96.353115
1,4735,61.877132
1,4736,56.050750
1,4737,189.296012
1,4738,75.055588
1,4739,55.951514
1,4740,305.105986
1,4741,163.964835
1,4742,95.186840
1,4743,139.095222
1,4744,70.175810
1,4745,168.726211
1,4746,132.214988
1,4747,91.090427
1,4748,62.007059
1,4749,58.577972
1,4750,76.326948
1,4751,140.052902
1,4752,157.969549
1,4753,77.779524
1,4754,212.088530
1,4755,127.891104
1,4756,392.929178
1,4757,341.269831
1,4758,295.249236
1,4759,62.394638
1,4760,63.564602
1,4761,193.549100
1,4762,70.843861
1,4763,69.956847
1,4764,137.899503
1,4765,252.585216
1,4766,136.222194
1,4767,143.537300
1,4768,171.177234
1,4769,188.507283
1,4770,62.713388
1,4771,155.930384
1,4772,97.357429
1,4773,96.120116
1,4774,90.855466
1,4775,56.403972
1,4776,93.716062
1,4777,102.801485
1,4778,54.349733
1,4779,50.914574
1,4780,87.711801
1,4781,69.991907
1,4782,149.355048
1,4783,60.746927
1,4784,146.204802
1,4785,147.056226
1,4786,62.255289
1,4787,135.261391
1,4788,62.166575
1,4789,58.629527
1,4790,63.515253
1,4791,60.717416
1,4792,190.302297
1,4793,243.928116
1,4794,132.046001
1,4795,156.605392
1,4796,73.610335
1,4797,101.371338
1,4798,157.756280
1,4799,113.174438
1,4800,66.524482
1,4801,126.863562
1,4802,115.858947
1,4803,150.835909
1,4804,146.035573
1,4805,146.495197
1,4806,72.572684
1,4807,182.378814
1,4808,79.622184
1,4809,181.844115
1,4810,61.985404
1,4811,141.569682
1,4812,64.985765
1,4813,129.703376
1,4814,62.128063
1,4815,57.406378
1,4816,776.011710
1,4817,638.858899
1,4818,362.392295
1,4819,167.589014
1,4820,63.588129
1,4821,165.320760
1,4822,316.045954
1,4823,209.704462
1,4824,258.900034
1,4825,129.171126
1,4826,62.361035
1,4827,131.573003
1,4828,307.028841
1,4829,173.662267
1,4830,315.470852
1,4831,430.694448
1,4832,654.079930
1,4833,348.312548
1,4834,296.437707
1,4835,61.842965
1,4836,353.381779
1,4837,75.899597
1,4838,578.421646
1,4839,578.103229
1,4840,315.589488
1,4841,396.648708
1,4842,82.252868
1,4843,244.626295
1,4844,174.102470
1,4845,250.407431
1,4846,289.379830
1,4847,144.348388
1,4848,83.307427
1,4849,382.754672
1,4850,63.298565
1,4851,158.761719
1,4852,496.491942
1,4853,131.662380
1,4854,160.138765
1,4855,166.334560
1,4856,149.399392
1,4857,321.368347
1,4858,121.560246
1,4859,145.232588
1,4860,376.277709
1,4861,69.723231
1,4862,310.623720
1,4863,347.354194
1,4864,87.208981
1,4865,178.614408
1,4866,61.854469
1,4867,95.830180
1,4868,149.461540
1,4869,158.550823
1,4870,262.843195
1,4871,59.127313
1,4872,269.702450
1,4873,93.061972
1,4874,150.738134
1,4875,306.609985
1,4876,68.520750
1,4877,128.179083
1,4878,339.623559
1,4879,247.796262
1,4880,62.367793
1,4881,485.895761
1,4882,370.133048
1,4883,301.306965
1,4884,62.229861
1,4885,123.566908
1,4886,90.921721
1,4887,191.305551
1,4888,160.318153
1,4889,361.005458
1,4890,141.807597
1,4891,227.291489
1,4892,255.820313
1,4893,524.173717
1,4894,240.702538
1,4895,363.809784
1,4896,184.540153
1,4897,369.804319
1,4898,61.845412
1,4899,92.347718
1,4900,155.827430
1,4901,365.850054
1,4902,530.985123
1,4903,91.249905
1,4904,142.928971
1,4905,70.450982
1,4906,63.193445
1,4907,113.092410
1,4908,162.377985
1,4909,61.766346
1,4910,142.549773
1,4911,96.674199
1,4912,148.742118
1,4913,94.152884
1,4914,76.679618
1,4915,340.807499
1,4916,169.203926
1,4917,274.936350
1,4918,321.832171
1,4919,69.537969
1,4920,78.900714
1,4921,146.517726
1,4922,239.234013
1,4923,62.451478
1,4924,239.509890
1,4925,73.803205
1,4926,76.929250
1,4927,245.389569
1,4928,77.915731
1,4929,61.546813
1,4930,279.087241
1,4931,138.777320
1,4932,90.628269
1,4933,180.113095
1,4934,63.345829
1,4935,220.130427
1,4936,81.468318
1,4937,300.462081
1,4938,531.605531
1,4939,313.958599
1,4940,222.688647
1,4941,163.308388
1,4942,165.251121
1,4943,167.625064
1,4944,173.349647
1,4945,418.905969
1,4946,227.223537
1,4947,285.259250
1,4948,81.798483
1,4949,124.290022
1,4950,196.871147
1,4951,244.449859
1,4952,75.730245
1,4953,57.257550
1,4954,117.851060
1,4955,149.492065
1,4956,399.698396
1,4957,157.912848
1,4958,250.934070
1,4959,267.042579
1,4960,144.741292
1,4961,61.993866
1,4962,168.529230
1,4963,91.613162
1,4964,146.096722
1,4965,57.640869
1,4966,146.502356
1,4967,159.630767
1,4968,62.500378
1,4969,72.844018
1,4970,90.353396
1,4971,191.671915
1,4972,151.754148
1,4973,74.019655
1,4974,140.054430
1,4975,92.917978
1,4976,105.345336
1,4977,242.573858
1,4978,63.560453
1,4979,164.381582
1,4980,215.192440
1,4981,61.954551
1,4982,155.365628
1,4983,61.997582
1,4984,78.410828
1,4985,130.164439
1,4986,72.524406
1,4987,107.326192
1,4988,100.601255
1,4989,125.970156
1,4990,137.508390
1,4991,166.367632
1,4992,58.635398
1,4993,92.224496
1,4994,84.381328
1,4995,265.622869
1,4996,72.014468
1,4997,160.578130
1,4998,400.703009
1,4999,71.295430
1,5000,476.747765
1,5001,437.901222
1,5002,153.167953
1,5003,444.792688
1,5004,73.953201
1,5005,279.334843
1,5006,302.221451
1,5007,303.393848
1,5008,267.222661
1,5009,136.194461
1,5010,63.991414
1,5011,166.882963
1,5012,156.599342
1,5013,73.124544
1,5014,494.299167
1,5015,70.893396
1,5016,62.021974
1,5017,481.445167
1,5018,368.252728
1,5019,157.381384
1,5020,331.655786
1,5021,158.083890
1,5022,668.328604
1,5023,84.907103
1,5024,303.986934
1,5025,78.018266
1,5026,251.108921
1,5027,161.985876
1,5028,143.449494
1,5029,103.964581
1,5030,199.620770
1,5031,84.363010
1,5032,316.906600
1,5033,260.102708
1,5034,384.155564
1,5035,144.920055
1,5036,261.584573
1,5037,384.257148
1,5038,271.827411
1,5039,62.070949
1,5040,268.855924
1,5041,257.798358
1,5042,298.793326
1,5043,300.379852
1,5044,62.065264
1,5045,238.211043
1,5046,252.992156
1,5047,127.823587
1,5048,349.089051
1,5049,378.085905
1,5050,179.643328
1,5051,290.351210
1,5052,313.742216
1,5053,71.240670
1,5054,215.072953
1,5055,133.377662
1,5056,268.428643
1,5057,239.117024
1,5058,62.640622
1,5059,138.918600
1,5060,173.237363
1,5061,165.173937
1,5062,68.917958
1,5063,73.615179
1,5064,63.645953
1,5065,62.398306
1,5066,149.837523
1,5067,338.432142
1,5068,156.666883
1,5069,71.285981
1,5070,121.743309
1,5071,73.079456
1,5072,64.003916
1,5073,60.461669
1,5074,56.277562
1,5075,63.676046
1,5076,57.170383
1,5077,83.174743
1,5078,60.955169
1,5079,95.039870
1,5080,90.307841
1,5081,63.267087
1,5082,250.924284
1,5083,253.195341
1,5084,90.825821
1,5085,127.816148
1,5086,95.101575
1,5087,68.302416
1,5088,129.593208
1,5089,130.020887
1,5090,116.978054
1,5091,63.628568
1,5092,84.277337
1,5093,167.670983
1,5094,61.828232
1,5095,105.682044
1,5096,61.878170
1,5097,103.046672
1,5098,63.393202
1,5099,97.830990
1,5100,61.960113
1,5101,60.408194
1,5102,157.509199
1,5103,145.061256
1,5104,97.495500
1,5105,72.745470
1,5106,96.601800
1,5107,114.509144
1,5108,61.961790
1,5109,153.086426
1,5110,86.230338
1,5111,94.441769
1,5112,86.986692
1,5113,60.536149
1,5114,158.940883
1,5115,171.590022
1,5116,76.949970
1,5117,258.256179
1,5118,146.634225
1,5119,288.158782
1,5120,153.808631
1,5121,60.560394
1,5122,147.057171
1,5123,60.528125
1,5124,268.838838
1,5125,349.610528
1,5126,232.151983
1,5127,62.118893
1,5128,164.715639
1,5129,62.208280
1,5130,122.818444
1,5131,160.990466
1,5132,86.614034
1,5133,150.068942
1,5134,61.985330
1,5135,291.200883
1,5136,1312.856751
1,5137,122.644147
1,5138,72.023145
1,5139,59.904378
1,5140,67.988351
1,5141,68.914262
1,5142,124.918946
1,5143,62.329267
1,5144,57.824277
1,5145,131.367931
1,5146,269.086005
1,5147,141.783635
1,5148,248.109576
1,5149,246.694963
1,5150,136.257554
1,5151,340.349812
1,5152,259.470926
1,5153,94.642276
1,5154,123.218190
1,5155,251.564189
1,5156,63.693888
1,5157,156.469333
1,5158,166.690011
1,5159,63.719407
1,5160,160.991893
1,5161,397.402900
1,5162,280.916581
1,5163,156.029749
1,5164,145.927739
1,5165,74.629278
1,5166,171.905288
1,5167,76.385800
1,5168,194.509336
1,5169,157.709981
1,5170,208.789882
1,5171,274.603108
1,5172,427.461154
1,5173,98.217634
1,5174,56.256706
1,5175,177.864678
1,5176,62.013873
1,5177,150.257763
1,5178,90.450581
1,5179,61.898050
1,5180,57.233795
1,5181,61.971706
1,5182,93.104455
1,5183,140.821609
1,5184,70.271015
1,5185,101.492401
1,5186,101.424112
1,5187,132.039117
1,5188,70.985738
1,5189,250.206830
1,5190,61.926574
1,5191,256.046663
1,5192,193.426604
1,5193,63.365662
1,5194,99.556647
1,5195,101.186242
1,5196,93.192644
1,5197,109.714853
1,5198,98.163840
1,5199,152.824194
1,5200,78.040689
1,5201,155.301792
1,5202,134.063615
1,5203,60.522988
1,5204,68.956542
1,5205,72.053009
1,5206,176.610485
1,5207,86.538543
1,5208,62.108246
1,5209,84.983139
1,5210,74.673296
1,5211,134.277070
1,5212,136.293128
1,5213,62.091869
1,5214,91.462812
1,5215,62.228628
1,5216,90.658648
1,5217,62.076593
1,5218,279.127477
1,5219,62.206418
1,5220,60.630757
1,5221,168.447596
1,5222,140.008012
1,5223,245.104228
1,5224,248.826820
1,5225,63.903343
1,5226,241.207522
1,5227,101.429286
1,5228,141.911639
1,5229,61.922831
1,5230,535.087635
1,5231,611.690211
1,5232,61.671191
1,5233,846.872998
1,5234,638.279546
1,5235,256.911040
1,5236,393.637165
1,5237,61.837166
1,5238,335.238185
1,5239,193.804304
1,5240,98.147668
1,5241,155.409606
1,5242,99.836137
1,5243,231.815650
1,5244,611.798221
1,5245,473.637338
1,5246,283.315088
1,5247,83.090527
1,5248,430.044837
1,5249,77.847127
1,5250,223.185363
1,5251,109.719441
1,5252,110.910175
1,5253,177.829390
1,5254,87.653493
1,5255,61.721408
1,5256,407.334439
1,5257,104.744492
1,5258,323.828299
1,5259,1407.951469
1,5260,486.761224
1,5261,209.923404
1,5262,71.383591
1,5263,767.956752
1,5264,205.236924
1,5265,281.372647
1,5266,61.657760
1,5267,478.598279
1,5268,196.507687
1,5269,162.183171
1,5270,183.961057
1,5271,498.907076
1,5272,514.280650
1,5273,189.178712
1,5274,121.280997
1,5275,283.785349
1,5276,459.717726
1,5277,98.905105
1,5278,288.585894
1,5279,313.618090
1,5280,389.525466
1,5281,215.086732
1,5282,161.142651
1,5283,82.991078
1,5284,566.622108
1,5285,68.618863
1,5286,110.657637
1,5287,266.824660
1,5288,91.965949
1,5289,300.297357
1,5290,597.925894
1,5291,62.710250
1,5292,139.583201
1,5293,105.203344
1,5294,67.118129
1,5295,122.902555
1,5296,125.861065
1,5297,144.704563
1,5298,106.548541
1,5299,647.726908
1,5300,229.860350
1,5301,157.094805
1,5302,503.899624
1,5303,260.717533
1,5304,113.564108
1,5305,126.708903
1,5306,134.084963
1,5307,178.077350
1,5308,371.643759
1,5309,255.847338
1,5310,169.824409
1,5311,277.655373
1,5312,197.572481
1,5313,63.124443
1,5314,207.664553
1,5315,112.786246
1,5316,353.815623
1,5317,111.370130
1,5318,557.066787
1,5319,266.842991
1,5320,61.689586
1,5321,136.045338
1,5322,130.805975
1,5323,367.345756
1,5324,366.034725
1,5325,545.088813
1,5326,411.151605
1,5327,110.466538
1,5328,318.882386
1,5329,63.048463
1,5330,495.743987
1,5331,61.602089
1,5332,136.998762
1,5333,137.186411
1,5334,152.775112
1,5335,149.575055
1,5336,201.978183
1,5337,450.629601
1,5338,84.175976
1,5339,108.776401
1,5340,306.033260
1,5341,61.630665
1,5342,306.670154
1,5343,298.742520
1,5344,97.409010
1,5345,424.814286
1,5346,61.783636
1,5347,301.380429
1,5348,110.537847
1,5349,90.432843
1,5350,67.010838
1,5351,182.193181
1,5352,63.451092
1,5353,505.897918
1,5354,77.149061
1,5355,189.301819
1,5356,303.447123
1,5357,61.642701
1,5358,568.789152
1,5359,142.255378
1,5360,378.608852
1,5361,317.522695
1,5362,69.335921
1,5363,530.594527
1,5364,61.824320
1,5365,248.083048
1,5366,210.714253
1,5367,112.636921
1,5368,130.074885
1,5369,128.916933
1,5370,74.586752
1,5371,113.895940
1,5372,124.868959
1,5373,124.872213
1,5374,119.320255
1,5375,173.643532
1,5376,72.164132
1,5377,233.233354
1,5378,313.872340
1,5379,294.813189
1,5380,702.826690
1,5381,113.721924
1,5382,508.818818
1,5383,535.787964
1,5384,419.894485
1,5385,340.445408
1,5386,138.854869
1,5387,217.726367
1,5388,246.567613
1,5389,287.950186
1,5390,71.727486
1,5391,348.871756
1,5392,217.613429
1,5393,230.154852
1,5394,278.714042
1,5395,156.423451
1,5396,157.595204
1,5397,119.647124
1,5398,466.082479
1,5399,225.646331
1,5400,61.756631
1,5401,327.108189
1,5402,61.508377
1,5403,438.386044
1,5404,455.964893
1,5405,78.872553
1,5406,250.485446
1,5407,61.297322
1,5408,367.468270
1,5409,239.279100
1,5410,265.692424
1,5411,85.398863
1,5412,438.363970
1,5413,76.729952
1,5414,270.860432
1,5415,122.383211
1,5416,210.694926
1,5417,164.785564
1,5418,395.165776
1,5419,61.780342
1,5420,333.716918
1,5421,103.331842
1,5422,171.691194
1,5423,141.277128
1,5424,272.999602
1,5425,230.296159
1,5426,79.005274
1,5427,235.102992
1,5428,450.087215
1,5429,117.217162
1,5430,505.147651
1,5431,77.927822
1,5432,220.628666
1,5433,429.334311
1,5434,118.914077
1,5435,88.506962
1,5436,179.227842
1,5437,106.281363
1,5438,305.152749
1,5439,152.608420
1,5440,142.655649
1,5441,135.737269
1,5442,357.026071
1,5443,75.578943
1,5444,295.457899
1,5445,61.558216
1,5446,166.962234
1,5447,142.292361
1,5448,71.293015
1,5449,171.847928
1,5450,264.458199
1,5451,63.409903
1,5452,91.097704
1,5453,116.398808
1,5454,101.471355
1,5455,88.972677
1,5456,218.255441
1,5457,360.062149
1,5458,62.027290
1,5459,321.326417
1,5460,104.756149
1,5461,198.089415
1,5462,147.757122
1,5463,114.597045
1,5464,377.170854
1,5465,367.842418
1,5466,62.045233
1,5467,75.861738
1,5468,68.219457
1,5469,296.457070
1,5470,62.134379
1,5471,638.708829
1,5472,73.813902
1,5473,475.278898
1,5474,142.947229
1,5475,608.927781
1,5476,85.216799
1,5477,169.720105
1,5478,346.452309
1,5479,116.871119
1,5480,121.199835
1,5481,487.849370
1,5482,274.403299
1,5483,319.564324
1,5484,141.170733
1,5485,156.742136
1,5486,72.788999
1,5487,378.206196
1,5488,202.031613
1,5489,175.822680
1,5490,63.198121
1,5491,335.162285
1,5492,94.109364
1,5493,61.711445
1,5494,120.486415
1,5495,72.936067
1,5496,111.576957
1,5497,249.273391
1,5498,198.175376
1,5499,61.816559
1,5500,257.626914
1,5501,61.851463
1,5502,307.976241
1,5503,59.974583
1,5504,273.605607
1,5505,451.227287
1,5506,121.770263
1,5507,76.012145
1,5508,275.811423
1,5509,349.827066
1,5510,263.059032
1,5511,400.315295
1,5512,87.665043
1,5513,312.057439
1,5514,89.587329
1,5515,82.423301
1,5516,293.716238
1,5517,61.702724
1,5518,540.114536
1,5519,360.057032
1,5520,255.020049
1,5521,61.485155
1,5522,93.372575
1,5523,61.706011
1,5524,254.282902
1,5525,234.277177
1,5526,375.530512
1,5527,754.881310
1,5528,194.494489
1,5529,354.833316
1,5530,83.799264
1,5531,261.413959
1,5532,222.118193
1,5533,261.486943
1,5534,72.687935
1,5535,128.639582
1,5536,64.652277
1,5537,61.887954
1,5538,328.291791
1,5539,119.207040
1,5540,364.730828
1,5541,241.587726
1,5542,474.057726
1,5543,141.550864
1,5544,126.155707
1,5545,351.094973
1,5546,699.647592
1,5547,534.678246
1,5548,104.538870
1,5549,186.304017
1,5550,304.637308
1,5551,149.239265
1,5552,78.882058
1,5553,353.811605
1,5554,146.704117
1,5555,61.751647
1,5556,631.559851
1,5557,125.070164
1,5558,116.553303
1,5559,570.534786
1,5560,292.159203
1,5561,384.330316
1,5562,62.092310
1,5563,275.799144
1,5564,258.906964
1,5565,355.968562
1,5566,83.715490
1,5567,162.651294
1,5568,120.355756
1,5569,216.160743
1,5570,206.517400
1,5571,171.147237
1,5572,112.396550
1,5573,205.026120
1,5574,93.030397
1,5575,225.557760
1,5576,112.533837
1,5577,253.908205
1,5578,75.629601
1,5579,326.091518
1,5580,130.957619
1,5581,208.408113
1,5582,62.006701
1,5583,235.401022
1,5584,294.124846
1,5585,61.806292
1,5586,561.417271
1,5587,88.294165
1,5588,79.835935
1,5589,554.413403
1,5590,93.745473
1,5591,352.109913
1,5592,229.500782
1,5593,217.172180
1,5594,422.535005
1,5595,100.837129
1,5596,233.517959
1,5597,155.543953
1,5598,451.387909
1,5599,236.305178
1,5600,320.624430
1,5601,72.168850
1,5602,210.440374
1,5603,202.038225
1,5604,207.792891
1,5605,146.318765
1,5606,70.824638
1,5607,116.051401
1,5608,109.225878
1,5609,63.119288
1,5610,347.452852
1,5611,247.873833
1,5612,249.366030
1,5613,133.246391
1,5614,328.047891
1,5615,204.711399
1,5616,84.012543
1,5617,63.207538
1,5618,355.930706
1,5619,167.582433
1,5620,783.577273
1,5621,71.140260
1,5622,284.937555
1,5623,61.904085
1,5624,107.161980
1,5625,351.537220
1,5626,178.853562
1,5627,61.837364
1,5628,198.938301
1,5629,82.680130
1,5630,191.074770
1,5631,140.254079
1,5632,60.220504
1,5633,92.249071
1,5634,159.360013
1,5635,232.441225
1,5636,69.397870
1,5637,476.679898
1,5638,122.166262
1,5639,454.839176
1,5640,71.635349
1,5641,490.288418
1,5642,99.595859
1,5643,523.218760
1,5644,78.457349
1,5645,207.312813
1,5646,137.792708
1,5647,640.529082
1,5648,107.827104
1,5649,141.336080
1,5650,441.854757
1,5651,70.415137
1,5652,332.875955
1,5653,117.816892
1,5654,143.213244
1,5655,341.191479
1,5656,219.947474
1,5657,59.156685
1,5658,63.892110
1,5659,419.213686
1,5660,70.520170
1,5661,219.936070
1,5662,93.951683
1,5663,260.551571
1,5664,93.288657
1,5665,97.194269
1,5666,70.392619
1,5667,69.515562
1,5668,312.955803
1,5669,61.901056
1,5670,294.711852
1,5671,91.920727
1,5672,235.805287
1,5673,238.608359
1,5674,326.343491
1,5675,193.438837
1,5676,258.141193
1,5677,85.523433
1,5678,119.604845
1,5679,98.587392
1,5680,72.952560
1,5681,80.580524
1,5682,83.681164
1,5683,71.977398
1,5684,63.209804
1,5685,251.218438
1,5686,61.723094
1,5687,66.075020
1,5688,298.620886
1,5689,63.231623
1,5690,291.777077
1,5691,98.609928
1,5692,100.865430
1,5693,70.610577
1,5694,57.012444
1,5695,70.481042
1,5696,197.445707
1,5697,68.148593
1,5698,88.922944
1,5699,200.850962
1,5700,144.506095
1,5701,62.744054
1,5702,169.318916
1,5703,77.296758
1,5704,96.959516
1,5705,87.948251
1,5706,98.232612
1,5707,65.694647
1,5708,69.190440
1,5709,92.905392
1,5710,97.160375
1,5711,96.470208
1,5712,56.744226
1,5713,157.622299
1,5714,244.070300
1,5715,61.909027
1,5716,257.853584
1,5717,61.939721
1,5718,276.777980
1,5719,66.760009
1,5720,64.786945
1,5721,61.969514
1,5722,86.030634
1,5723,85.189351
1,5724,170.212224
1,5725,61.966993
1,5726,62.749179
1,5727,71.320644
1,5728,211.616958
1,5729,63.326579
1,5730,69.531432
1,5731,60.272880
1,5732,200.413129
1,5733,151.009895
1,5734,448.409531
1,5735,69.418656
1,5736,414.983413
1,5737,270.394996
1,5738,191.376777
1,5739,81.868995
1,5740,86.041272
1,5741,60.520200
1,5742,322.097868
1,5743,262.494534
1,5744,247.220732
1,5745,370.602459
1,5746,153.848680
1,5747,61.958294
1,5748,280.694298
1,5749,280.517773
1,5750,412.054920
1,5751,310.977023
1,5752,457.114474
1,5753,136.356443
1,5754,62.691669
1,5755,131.694370
1,5756,87.271428
1,5757,125.556098
1,5758,99.388159
1,5759,137.222930
1,5760,117.649129
1,5761,68.614532
1,5762,110.078491
1,5763,72.651400
1,5764,110.282946
1,5765,253.356063
1,5766,87.045655
1,5767,289.814939
1,5768,77.610373
1,5769,144.222128
1,5770,275.668514
1,5771,104.432797
1,5772,114.448293
1,5773,119.232560
1,5774,91.663090
1,5775,103.331214
1,5776,61.959101
1,5777,82.399489
1,5778,99.104696
1,5779,424.803255
1,5780,102.087152
1,5781,351.217439
1,5782,107.423089
1,5783,60.331163
1,5784,102.459416
1,5785,86.950057
1,5786,61.923171
1,5787,108.543019
1,5788,61.911337
1,5789,66.617579
1,5790,62.117674
1,5791,65.514247
1,5792,101.245261
1,5793,105.856740
1,5794,176.224958
1,5795,101.225037
1,5796,175.589907
1,5797,60.639848
1,5798,286.981149
1,5799,60.834458
1,5800,64.870364
1,5801,62.149575
1,5802,110.159743
1,5803,63.532310
1,5804,101.700545
1,5805,67.125820
1,5806,62.144830
1,5807,89.393295
1,5808,59.775253
1,5809,97.175093
1,5810,99.468967
1,5811,94.472973
1,5812,192.450805
1,5813,181.076215
1,5814,62.070226
1,5815,73.498623
1,5816,62.803639
1,5817,158.186013
1,5818,243.719125
1,5819,69.383925
1,5820,61.188116
1,5821,262.172442
1,5822,62.682983
1,5823,315.786977
1,5824,101.851421
1,5825,70.321543
1,5826,82.032638
1,5827,352.650730
1,5828,62.462565
1,5829,91.245566
1,5830,60.885472
1,5831,86.607156
1,5832,62.192587
1,5833,88.915969
1,5834,101.811779
1,5835,109.288029
1,5836,82.586117
1,5837,83.149201
1,5838,187.900999
1,5839,252.106709
1,5840,113.994694
1,5841,196.128592
1,5842,187.712056
1,5843,72.381240
1,5844,66.195608
1,5845,69.126781
1,5846,67.777444
1,5847,70.115809
1,5848,61.985076
1,5849,58.609137
1,5850,160.720630
1,5851,68.753683
1,5852,64.519244
1,5853,62.024186
1,5854,1114.012735
1,5855,69.621370
1,5856,174.349245
1,5857,92.111259
1,5858,65.284672
1,5859,62.044299
1,5860,67.698539
1,5861,61.870348
1,5862,77.586163
1,5863,62.093137
1,5864,72.781551
1,5865,64.507253
1,5866,62.201326
1,5867,251.485526
1,5868,73.186804
1,5869,239.131026
1,5870,777.398825
1,5871,62.270668
1,5872,70.358861
1,5873,62.297389
1,5874,64.756110
1,5875,106.742521
1,5876,108.257247
1,5877,114.306240
1,5878,112.860700
1,5879,116.212540
1,5880,62.649103
1,5881,338.713825
1,5882,62.356038
1,5883,58.671992
1,5884,71.123343
1,5885,64.993654
1,5886,68.079160
1,5887,73.180082
1,5888,102.527394
1,5889,64.664503
1,5890,62.307249
1,5891,65.379376
1,5892,78.880841
1,5893,62.740374
1,5894,60.590568
1,5895,62.242002
1,5896,98.747146
1,5897,67.902201
1,5898,68.775413
1,5899,84.716626
1,5900,96.007956
1,5901,66.416349
1,5902,66.556722
1,5903,60.934532
1,5904,59.033571
1,5905,62.405860
1,5906,69.711754
1,5907,62.449150
1,5908,95.767660
1,5909,62.500790
1,5910,151.700129
1,5911,69.023314
1,5912,205.546135
1,5913,91.104212
1,5914,67.169144
1,5915,69.548110
1,5916,64.595494
1,5917,70.311223
1,5918,120.851114
1,5919,96.158095
1,5920,244.560009
1,5921,64.165632
1,5922,763.134969
1,5923,111.812623
1,5924,73.407887
1,5925,115.051962
1,5926,168.749243
1,5927,498.256045
1,5928,343.049234
1,5929,232.172757
1,5930,62.755458
1,5931,62.591596
1,5932,85.733267
1,5933,62.489853
1,5934,84.592555
1,5935,115.249118
1,5936,82.308281
1,5937,62.371449
1,5938,74.646924
1,5939,81.687732
1,5940,205.416977
1,5941,179.098363
1,5942,104.933649
1,5943,60.908787
1,5944,172.351110
1,5945,220.361724
1,5946,175.655377
1,5947,79.262269
1,5948,110.889058
1,5949,86.675672
1,5950,89.904023
1,5951,87.874764
1,5952,75.982772
1,5953,251.293440
1,5954,87.030212
1,5955,194.147658
1,5956,226.205245
1,5957,256.924311
1,5958,123.471462
1,5959,62.189059
1,5960,61.877837
1,5961,56.058503
1,5962,109.320448
1,5963,75.104630
1,5964,55.959287
1,5965,334.850484
1,5966,86.835492
1,5967,62.019969
1,5968,73.222110
1,5969,70.208355
1,5970,108.481902
1,5971,80.111857
1,5972,61.430336
1,5973,62.007764
1,5974,58.581202
1,5975,76.396562
1,5976,88.601897
1,5977,99.110270
1,5978,77.829475
1,5979,123.967006
1,5980,103.978610
1,5981,237.292884
1,5982,200.361183
1,5983,155.537594
1,5984,62.395324
1,5985,63.564780
1,5986,103.590080
1,5987,70.871454
1,5988,64.434968
1,5989,264.899188
1,5990,297.157157
1,5991,91.523196
1,5992,98.299701
1,5993,114.765829
1,5994,109.674696
1,5995,62.713815
1,5996,100.058829
1,5997,64.870520
1,5998,69.101915
1,5999,65.176051
1,6000,56.409589
1,6001,67.033624
1,6002,102.939087
1,6003,54.359874
1,6004,50.932196
1,6005,63.371456
1,6006,70.030244
1,6007,97.599548
1,6008,60.748419
1,6009,101.841477
1,6010,96.494640
1,6011,62.255925
1,6012,83.881354
1,6013,62.167222
1,6014,58.632526
1,6015,63.515424
1,6016,60.719024
1,6017,125.078798
1,6018,225.389142
1,6019,85.875591
1,6020,92.234899
1,6021,73.667908
1,6022,69.849826
1,6023,99.246107
1,6024,77.011639
1,6025,66.553064
1,6026,102.971045
1,6027,90.538172
1,6028,89.323127
1,6029,93.988607
1,6030,98.588461
1,6031,72.607584
1,6032,120.984744
1,6033,79.674724
1,6034,108.326865
1,6035,61.986097
1,6036,92.163806
1,6037,65.009330
1,6038,84.721694
1,6039,62.128753
1,6040,57.411607
1,6041,390.731276
1,6042,515.519721
1,6043,297.966058
1,6044,100.271554
1,6045,63.588206
1,6046,96.827817
1,6047,189.553619
1,6048,118.873565
1,6049,261.420117
1,6050,86.831152
1,6051,62.361407
1,6052,88.272061
1,6053,244.780022
1,6054,277.850067
1,6055,347.009469
1,6056,428.506549
1,6057,532.656920
1,6058,357.911059
1,6059,409.625330
1,6060,61.843663
1,6061,405.319745
1,6062,75.958933
1,6063,208.607268
1,6064,366.244705
1,6065,200.888583
1,6066,272.114415
1,6067,74.954206
1,6068,178.987844
1,6069,110.916359
1,6070,143.386335
1,6071,162.940700
1,6072,97.326618
1,6073,83.396687
1,6074,247.591052
1,6075,63.298779
1,6076,95.408496
1,6077,282.656445
1,6078,86.994270
1,6079,94.566080
1,6080,95.984860
1,6081,92.069294
1,6082,202.945694
1,6083,95.123384
1,6084,94.052091
1,6085,247.065173
1,6086,69.755999
1,6087,314.408241
1,6088,223.319587
1,6089,67.696671
1,6090,103.341345
1,6091,61.855333
1,6092,67.148444
1,6093,95.639243
1,6094,94.147730
1,6095,183.516327
1,6096,59.131377
1,6097,320.959623
1,6098,69.712197
1,6099,103.139691
1,6100,358.187354
1,6101,68.539875
1,6102,199.354610
1,6103,400.039264
1,6104,480.391666
1,6105,62.368369
1,6106,466.151520
1,6107,359.560869
1,6108,323.715489
1,6109,62.230519
1,6110,182.870303
1,6111,68.740244
1,6112,116.644039
1,6113,97.961211
1,6114,393.610283
1,6115,102.776706
1,6116,153.739848
1,6117,177.694129
1,6118,361.344592
1,6119,286.713915
1,6120,182.710250
1,6121,116.359149
1,6122,310.157684
1,6123,61.846215
1,6124,65.003872
1,6125,104.955572
1,6126,226.560674
1,6127,323.436766
1,6128,68.568282
1,6129,93.535658
1,6130,150.460011
1,6131,63.220901
1,6132,168.956356
1,6133,99.436692
1,6134,61.767186
1,6135,88.747924
1,6136,69.822235
1,6137,91.419873
1,6138,69.302698
1,6139,76.727977
1,6140,230.727918
1,6141,110.133450
1,6142,201.435151
1,6143,318.197622
1,6144,69.565293
1,6145,78.965622
1,6146,88.861695
1,6147,121.807105
1,6148,62.451957
1,6149,168.267330
1,6150,73.839920
1,6151,76.976224
1,6152,175.131687
1,6153,77.971679
1,6154,61.597039
1,6155,182.179965
1,6156,93.488541
1,6157,62.956886
1,6158,101.616829
1,6159,63.346011
1,6160,129.272316
1,6161,74.446809
1,6162,193.082976
1,6163,288.629969
1,6164,213.298603
1,6165,228.144035
1,6166,96.560712
1,6167,97.609702
1,6168,104.124440
1,6169,96.190483
1,6170,208.358509
1,6171,119.844355
1,6172,188.598470
1,6173,81.863254
1,6174,100.387965
1,6175,139.639617
1,6176,269.577137
1,6177,75.775105
1,6178,57.263617
1,6179,65.845252
1,6180,95.893516
1,6181,288.182829
1,6182,95.142357
1,6183,165.981904
1,6184,177.664734
1,6185,94.753624
1,6186,61.994693
1,6187,636.277773
1,6188,68.764677
1,6189,101.743351
1,6190,57.647142
1,6191,259.093804
1,6192,263.515756
1,6193,62.500726
1,6194,72.898974
1,6195,90.468374
1,6196,327.073877
1,6197,234.585379
1,6198,74.062284
1,6199,114.273662
1,6200,93.045212
1,6201,105.514688
1,6202,144.691451
1,6203,63.560617
1,6204,102.928887
1,6205,119.023220
1,6206,61.955224
1,6207,239.399816
1,6208,61.998278
1,6209,78.464748
1,6210,97.710196
1,6211,72.554559
1,6212,107.486847
1,6213,70.746373
1,6214,86.574617
1,6215,95.775450
1,6216,123.342673
1,6217,58.638927
1,6218,92.342794
1,6219,84.454920
1,6220,293.219154
1,6221,72.047885
1,6222,115.060165
1,6223,645.101590
1,6224,71.325562
1,6225,301.000681
1,6226,288.345306
1,6227,99.657391
1,6228,306.278821
1,6229,73.992460
1,6230,191.404451
1,6231,155.733591
1,6232,173.144905
1,6233,291.708984
1,6234,216.931700
1,6235,64.043920
1,6236,108.387252
1,6237,100.164468
1,6238,73.161188
1,6239,370.417766
1,6240,70.922247
1,6241,62.022779
1,6242,673.097106
1,6243,507.294998
1,6244,99.154486
1,6245,230.468749
1,6246,109.325164
1,6247,358.159162
1,6248,67.229491
1,6249,415.117664
1,6250,78.076826
1,6251,371.711874
1,6252,98.766576
1,6253,99.073509
1,6254,65.290584
1,6255,110.203084
1,6256,63.691283
1,6257,335.778763
1,6258,262.178759
1,6259,381.527020
1,6260,193.082078
1,6261,506.892221
1,6262,369.348743
1,6263,250.948873
1,6264,62.071702
1,6265,178.853170
1,6266,165.458145
1,6267,210.037042
1,6268,325.809049
1,6269,62.066001
1,6270,166.004174
1,6271,244.803169
1,6272,87.573576
1,6273,322.316943
1,6274,235.816125
1,6275,107.302717
1,6276,195.393560
1,6277,206.916572
1,6278,170.433905
1,6279,125.779027
1,6280,133.315383
1,6281,247.643080
1,6282,343.944289
1,6283,62.640962
1,6284,183.240558
1,6285,108.857278
1,6286,98.246152
1,6287,68.966016
1,6288,73.651052
1,6289,63.646093
1,6290,62.398867
1,6291,112.891597
1,6292,225.935076
1,6293,273.290561
1,6294,71.315129
1,6295,81.296808
1,6296,176.483800
1,6297,64.047702
1,6298,60.463393
1,6299,56.285159
1,6300,63.676233
1,6301,57.175864
1,6302,83.243698
1,6303,60.987541
1,6304,69.522246
1,6305,65.795494
1,6306,63.267281
1,6307,174.998225
1,6308,186.255769
1,6309,78.227993
1,6310,204.789014
1,6311,69.417195
1,6312,68.337166
1,6313,88.414580
1,6314,90.059079
1,6315,79.075318
1,6316,63.628777
1,6317,84.372544
1,6318,115.083657
1,6319,61.829020
1,6320,70.490696
1,6321,61.878960
1,6322,71.189983
1,6323,63.393408
1,6324,64.657518
1,6325,61.960905
1,6326,60.410116
1,6327,99.589401
1,6328,95.388354
1,6329,70.142995
1,6330,72.800151
1,6331,69.916614
1,6332,76.924508
1,6333,61.962576
1,6334,96.327188
1,6335,77.453270
1,6336,69.424664
1,6337,61.986727
1,6338,60.538039
1,6339,96.208643
1,6340,103.353952
1,6341,71.499394
1,6342,173.707791
1,6343,93.124633
1,6344,188.503494
1,6345,88.958237
1,6346,60.562315
1,6347,81.328766
1,6348,60.530032
1,6349,175.189594
1,6350,208.653707
1,6351,151.683379
1,6352,62.119636
1,6353,98.241794
1,6354,62.209016
1,6355,71.286853
1,6356,93.539861
1,6357,76.455770
1,6358,75.518557
1,6359,61.986050
1,6360,194.884929
1,6361,1575.315404
1,6362,190.407854
1,6363,72.053128
1,6364,59.936979
1,6365,68.024311
1,6366,160.623494
1,6367,256.930760
1,6368,62.329791
1,6369,57.828443
1,6370,78.154670
1,6371,338.809223
1,6372,204.191349
1,6373,135.171275
1,6374,134.940392
1,6375,90.339601
1,6376,205.628726
1,6377,316.063119
1,6378,70.124767
1,6379,247.983273
1,6380,285.934107
1,6381,63.693888
1,6382,247.798585
1,6383,244.148507
1,6384,63.719539
1,6385,239.443886
1,6386,513.869371
1,6387,350.404744
1,6388,301.813009
1,6389,95.366612
1,6390,74.669010
1,6391,113.127521
1,6392,76.431831
1,6393,121.622282
1,6394,115.567319
1,6395,144.439998
1,6396,198.261446
1,6397,303.089318
1,6398,98.339642
1,6399,56.264334
1,6400,102.453781
1,6401,62.014581
1,6402,96.756684
1,6403,62.780256
1,6404,61.898773
1,6405,57.239190
1,6406,61.972438
1,6407,65.259268
1,6408,89.020438
1,6409,70.303487
1,6410,68.305550
1,6411,71.068770
1,6412,88.588764
1,6413,71.021228
1,6414,184.886187
1,6415,61.927328
1,6416,138.096037
1,6417,115.521702
1,6418,63.365859
1,6419,66.873972
1,6420,63.517021
1,6421,69.176373
1,6422,68.523797
1,6423,66.482098
1,6424,83.376641
1,6425,78.092805
1,6426,95.398435
1,6427,90.269713
1,6428,60.524817
1,6429,68.985857
1,6430,215.709450
1,6431,103.097354
1,6432,60.712684
1,6433,62.108992
1,6434,61.483564
1,6435,70.054298
1,6436,84.756775
1,6437,82.438451
1,6438,62.092605
1,6439,62.796461
1,6440,62.229360
1,6441,65.979409
1,6442,62.077320
1,6443,284.771653
1,6444,62.207140
1,6445,60.632504
1,6446,91.254852
1,6447,90.922399
1,6448,167.134649
1,6449,228.535645
1,6450,62.104936
1,6451,206.583971
1,6452,85.551769
1,6453,354.181189
1,6454,379.277804
1,6455,493.852577
1,6456,483.159188
1,6457,551.518706
1,6458,61.976870
1,6459,325.908365
1,6460,61.859991
1,6461,291.770989
1,6462,71.931474
1,6463,332.140403
1,6464,178.419603
1,6465,399.240622
1,6466,61.722329
1,6467,291.729882
1,6468,217.198240
1,6469,61.014704
1,6470,687.077779
1,6471,1106.854095
1,6472,762.031778
1,6473,63.174840
1,6474,258.095965
1,6475,323.179829
1,6476,464.204138
1,6477,72.479125
1,6478,396.194396
1,6479,247.641831
1,6480,207.810899
1,6481,61.515684
1,6482,597.326879
1,6483,341.644786
1,6484,327.655213
1,6485,69.577116
1,6486,513.258197
1,6487,61.441847
1,6488,483.563708
1,6489,424.403802
1,6490,381.610963
1,6491,659.194320
1,6492,193.009124
1,6493,191.149456
1,6494,262.559577
1,6495,97.878496
1,6496,645.182390
1,6497,944.419069
1,6498,574.739133
1,6499,502.845044
1,6500,360.078534
1,6501,159.032414
1,6502,418.644361
1,6503,110.403258
1,6504,103.609796
1,6505,219.245467
1,6506,93.530040
1,6507,145.441481
1,6508,411.467073
1,6509,117.893272
1,6510,99.785440
1,6511,428.995267
1,6512,353.230907
1,6513,166.724968
1,6514,384.560182
1,6515,393.345112
1,6516,246.401519
1,6517,163.685078
1,6518,186.358761
1,6519,67.636371
1,6520,525.035520
1,6521,62.096668
1,6522,446.762160
1,6523,77.834157
1,6524,170.860036
1,6525,61.775951
1,6526,237.510872
1,6527,74.965328
1,6528,233.396816
1,6529,86.368424
1,6530,207.685740
1,6531,862.759702
1,6532,612.786138
1,6533,74.530621
1,6534,884.962956
1,6535,101.797248
1,6536,150.900434
1,6537,98.367399
1,6538,444.840625
1,6539,120.598031
1,6540,682.588093
1,6541,98.251738
1,6542,545.444779
1,6543,231.639333
1,6544,315.151715
1,6545,203.150068
1,6546,201.165986
1,6547,96.172983
1,6548,684.013189
1,6549,258.798490
1,6550,740.740317
1,6551,210.321130
1,6552,105.424736
1,6553,359.375720
1,6554,441.056799
1,6555,114.754258
1,6556,201.638212
1,6557,464.225768
1,6558,63.270482
1,6559,468.820987
1,6560,280.126492
1,6561,383.059122
1,6562,227.984528
1,6563,160.049365
1,6564,341.096845
1,6565,349.918912
1,6566,109.183860
1,6567,627.234953
1,6568,106.382852
1,6569,243.464211
1,6570,649.418583
1,6571,96.697001
1,6572,340.300620
1,6573,545.031295
1,6574,550.969430
1,6575,708.587063
1,6576,268.312004
1,6577,321.336924
1,6578,70.993982
1,6579,392.574591
1,6580,389.951671
1,6581,68.653168
1,6582,494.120413
1,6583,62.093752
1,6584,469.649114
1,6585,199.521757
1,6586,459.097602
1,6587,61.901561
1,6588,190.002375
1,6589,220.026054
1,6590,604.380850
1,6591,259.666964
1,6592,324.024210
1,6593,89.204402
1,6594,541.128204
1,6595,144.539192
1,6596,878.171742
1,6597,601.721722
1,6598,112.585531
1,6599,111.184239
1,6600,360.994804
1,6601,242.533969
1,6602,314.112553
1,6603,61.606773
1,6604,391.500842
1,6605,557.308264
1,6606,94.308193
1,6607,83.877163
1,6608,313.114177
1,6609,63.139641
1,6610,724.020954
1,6611,536.200993
1,6612,61.578683
1,6613,815.127077
1,6614,520.138625
1,6615,414.678386
1,6616,190.988496
1,6617,203.577471
1,6618,137.434562
1,6619,240.895058
1,6620,439.830661
1,6621,147.443115
1,6622,695.838724
1,6623,738.933761
1,6624,210.521506
1,6625,657.665485
1,6626,513.334527
1,6627,170.583029
1,6628,329.028101
1,6629,290.271339
1,6630,89.955420
1,6631,275.051656
1,6632,128.274660
1,6633,384.264921
1,6634,61.751822
1,6635,640.399606
1,6636,336.670291
1,6637,248.378366
1,6638,377.972551
1,6639,150.594596
1,6640,189.819417
1,6641,265.472844
1,6642,63.359346
1,6643,131.800579
1,6644,478.187112
1,6645,100.411602
1,6646,320.044804
1,6647,227.316214
1,6648,381.939028
1,6649,160.365644
1,6650,104.754624
1,6651,281.233683
1,6652,382.719908
1,6653,476.825561
1,6654,289.208677
1,6655,374.445823
1,6656,262.143970
1,6657,208.506782
1,6658,544.603577
1,6659,443.992158
1,6660,95.701235
1,6661,297.572194
1,6662,173.436525
1,6663,73.562998
1,6664,136.318917
1,6665,108.010097
1,6666,87.105724
1,6667,238.328129
1,6668,184.843572
1,6669,60.311018
1,6670,174.018762
1,6671,138.200459
1,6672,170.877065
1,6673,109.676558
1,6674,72.058760
1,6675,229.303809
1,6676,94.512941
1,6677,333.475400
1,6678,68.714643
1,6679,295.071852
1,6680,310.924854
1,6681,103.158907
1,6682,112.165050
1,6683,133.224370
1,6684,61.750303
1,6685,257.258462
1,6686,134.231248
1,6687,153.100864
1,6688,304.622663
1,6689,358.917297
1,6690,195.229589
1,6691,254.753699
1,6692,379.569021
1,6693,358.041120
1,6694,426.516967
1,6695,177.342991
1,6696,411.076717
1,6697,346.676885
1,6698,428.079981
1,6699,63.190876
1,6700,474.270846
1,6701,334.989680
1,6702,61.460822
1,6703,116.714383
1,6704,78.763027
1,6705,338.378446
1,6706,314.667869
1,6707,183.256400
1,6708,87.504001
1,6709,129.466718
1,6710,130.286666
1,6711,207.204848
1,6712,463.097696
1,6713,393.891317
1,6714,472.896404
1,6715,255.137585
1,6716,139.000459
1,6717,215.096309
1,6718,88.600991
1,6719,77.309793
1,6720,144.927795
1,6721,241.152873
1,6722,358.621056
1,6723,456.362304
1,6724,426.733417
1,6725,113.153189
1,6726,196.734463
1,6727,139.223991
1,6728,108.607362
1,6729,127.496333
1,6730,530.793849
1,6731,167.237380
1,6732,537.253218
1,6733,100.132856
1,6734,591.123010
1,6735,127.052194
1,6736,619.445649
1,6737,253.597810
1,6738,129.094092
1,6739,115.111836
1,6740,184.711337
1,6741,232.460428
1,6742,160.289864
1,6743,318.563994
1,6744,111.613246
1,6745,574.463283
1,6746,115.042007
1,6747,621.489589
1,6748,535.268077
1,6749,105.417313
1,6750,281.150859
1,6751,237.234209
1,6752,312.319401
1,6753,171.501424
1,6754,444.046910
1,6755,421.547547
1,6756,101.514325
1,6757,70.508528
1,6758,378.572577
1,6759,150.316131
1,6760,58.350190
1,6761,306.766661
1,6762,70.393097
1,6763,83.547821
1,6764,103.705553
1,6765,245.138962
1,6766,200.855122
1,6767,474.731084
1,6768,62.208659
1,6769,71.448699
1,6770,661.686297
1,6771,503.165793
1,6772,94.282300
1,6773,387.609229
1,6774,62.069607
1,6775,442.631591
1,6776,388.397436
1,6777,61.764956
1,6778,108.577871
1,6779,70.414934
1,6780,122.593506
1,6781,135.828011
1,6782,61.735005
1,6783,330.424126
1,6784,204.739277
1,6785,226.032361
1,6786,61.789671
1,6787,291.413637
1,6788,416.382150
1,6789,570.696390
1,6790,237.040095
1,6791,201.262049
1,6792,783.612970
1,6793,74.313803
1,6794,62.448251
1,6795,138.081042
1,6796,294.774880
1,6797,375.674962
1,6798,62.267088
1,6799,393.886735
1,6800,267.315835
1,6801,334.958152
1,6802,164.788459
1,6803,288.524979
1,6804,72.003484
1,6805,128.049394
1,6806,404.297153
1,6807,71.472697
1,6808,304.537721
1,6809,237.778696
1,6810,548.644690
1,6811,197.656902
1,6812,378.518990
1,6813,120.222407
1,6814,227.167670
1,6815,342.794938
1,6816,63.042372
1,6817,104.424197
1,6818,229.617339
1,6819,421.587600
1,6820,81.664961
1,6821,541.810959
1,6822,61.611947
1,6823,511.278105
1,6824,71.760054
1,6825,68.781968
1,6826,436.695131
1,6827,123.588265
1,6828,79.867541
1,6829,99.518832
1,6830,494.219080
1,6831,147.393631
1,6832,432.491931
1,6833,278.434723
1,6834,67.713960
1,6835,319.622299
1,6836,73.603188
1,6837,91.935723
1,6838,444.834137
1,6839,67.738181
1,6840,63.324895
1,6841,699.963275
1,6842,86.868449
1,6843,291.567233
1,6844,143.092868
1,6845,61.921982
1,6846,189.652926
1,6847,194.190265
1,6848,209.489072
1,6849,118.719035
1,6850,253.514031
1,6851,315.559164
1,6852,94.324827
1,6853,680.414681
1,6854,416.135256
1,6855,275.474880
1,6856,103.167796
1,6857,95.963001
1,6858,212.738089
1,6859,79.894461
1,6860,171.462773
1,6861,224.902729
1,6862,258.322597
1,6863,271.405559
1,6864,108.388391
1,6865,349.015422
1,6866,108.958939
1,6867,291.090251
1,6868,69.052741
1,6869,71.059982
1,6870,108.539265
1,6871,89.141721
1,6872,56.207731
1,6873,63.862470
1,6874,73.466283
1,6875,62.292039
1,6876,75.722626
1,6877,63.569534
1,6878,88.932564
1,6879,79.110624
1,6880,144.319711
1,6881,101.597130
1,6882,82.216986
1,6883,394.755031
1,6884,200.467555
1,6885,312.879256
1,6886,155.780002
1,6887,365.295680
1,6888,61.876312
1,6889,459.105966
1,6890,297.092788
1,6891,129.517075
1,6892,70.766401
1,6893,195.297932
1,6894,63.194874
1,6895,180.689771
1,6896,190.222204
1,6897,469.040699
1,6898,125.739644
1,6899,61.796670
1,6900,330.264485
1,6901,270.963234
1,6902,75.343802
1,6903,201.611788
1,6904,92.365948
1,6905,73.449222
1,6906,528.298400
1,6907,80.870755
1,6908,115.397155
1,6909,439.997155
1,6910,87.350290
1,6911,334.043079
1,6912,93.837540
1,6913,169.881798
1,6914,380.273757
1,6915,259.738660
1,6916,203.324210
1,6917,391.183879
1,6918,182.486896
1,6919,104.947534
1,6920,341.354954
1,6921,432.732314
1,6922,92.325865
1,6923,87.498218
1,6924,231.626696
1,6925,185.472423
1,6926,403.451822
1,6927,61.878531
1,6928,228.785196
1,6929,69.905966
1,6930,63.274533
1,6931,277.902189
1,6932,97.116540
1,6933,164.985614
1,6934,177.997515
1,6935,86.261288
1,6936,95.484993
1,6937,101.673065
1,6938,116.165118
1,6939,93.493800
1,6940,96.722920
1,6941,179.962967
1,6942,718.671071
1,6943,216.636694
1,6944,307.004590
1,6945,358.605131
1,6946,595.455047
1,6947,68.567118
1,6948,62.469940
1,6949,63.122750
1,6950,70.631406
1,6951,158.680606
1,6952,104.937275
1,6953,133.402458
1,6954,79.828034
1,6955,284.466320
1,6956,62.237583
1,6957,137.502178
1,6958,77.379142
1,6959,63.418518
1,6960,784.497058
1,6961,202.585223
1,6962,267.840222
1,6963,429.005576
1,6964,126.425280
1,6965,68.407030
1,6966,61.987583
1,6967,80.570511
1,6968,91.088457
1,6969,63.325093
1,6970,135.932537
1,6971,316.848954
1,6972,154.046556
1,6973,217.247167
1,6974,127.180778
1,6975,300.556683
1,6976,147.670382
1,6977,103.746461
1,6978,68.988102
1,6979,262.542325
1,6980,66.868407
1,6981,81.736730
1,6982,183.935419
1,6983,188.047001
1,6984,293.192754
1,6985,123.782972
1,6986,80.258894
1,6987,72.130120
1,6988,263.789885
1,6989,118.671341
1,6990,189.986154
1,6991,239.297007
1,6992,372.142878
1,6993,63.442863
1,6994,538.852344
1,6995,61.958923
1,6996,220.659951
1,6997,244.510926
1,6998,72.255981
1,6999,115.829978
1,7000,218.208977
1,7001,313.353200
1,7002,186.549352
1,7003,206.929725
1,7004,733.809518
1,7005,543.151640
1,7006,78.200694
1,7007,62.465891
1,7008,122.543562
1,7009,116.487702
1,7010,83.089553
1,7011,213.860976
1,7012,257.465391
1,7013,116.683696
1,7014,239.420292
1,7015,70.915672
1,7016,201.644176
1,7017,255.484492
1,7018,432.644010
1,7019,225.796490
1,7020,66.104730
1,7021,373.746410
1,7022,62.057484
1,7023,327.107308
1,7024,368.055207
1,7025,371.648508
1,7026,81.660289
1,7027,319.320395
1,7028,259.822736
1,7029,75.874488
1,7030,81.691939
1,7031,280.892819
1,7032,342.855765
1,7033,74.874683
1,7034,239.662893
1,7035,237.811311
1,7036,77.884093
1,7037,112.007755
1,7038,97.239343
1,7039,376.108085
1,7040,72.110786
1,7041,128.740882
1,7042,225.318911
1,7043,146.677923
1,7044,254.374659
1,7045,90.231671
1,7046,144.338547
1,7047,299.158449
1,7048,218.458606
1,7049,89.744513
1,7050,93.101229
1,7051,87.388127
1,7052,79.009215
1,7053,96.532941
1,7054,89.038531
1,7055,85.764747
1,7056,61.869404
1,7057,604.011119
1,7058,300.767847
1,7059,265.369999
1,7060,123.752125
1,7061,241.258840
1,7062,208.177510
1,7063,259.417638
1,7064,152.650418
1,7065,636.617904
1,7066,173.460478
1,7067,421.325141
1,7068,221.454333
1,7069,158.977095
1,7070,77.314042
1,7071,240.416482
1,7072,451.160088
1,7073,556.695730
1,7074,128.115781
1,7075,165.515890
1,7076,118.659452
1,7077,401.717489
1,7078,180.835917
1,7079,76.598343
1,7080,146.935099
1,7081,91.785807
1,7082,299.793470
1,7083,158.047073
1,7084,445.752023
1,7085,170.762479
1,7086,546.455972
1,7087,259.599072
1,7088,63.496396
1,7089,101.694435
1,7090,136.221170
1,7091,406.717848
1,7092,192.440834
1,7093,216.275343
1,7094,136.591563
1,7095,312.098975
1,7096,117.502348
1,7097,188.339460
1,7098,192.010273
1,7099,108.571558
1,7100,627.039581
1,7101,329.775609
1,7102,233.063891
1,7103,61.811982
1,7104,101.510236
1,7105,345.416283
1,7106,69.837458
1,7107,66.032155
1,7108,703.753366
1,7109,494.938922
1,7110,63.903343
1,7111,416.196116
1,7112,74.613737
1,7113,232.922011
1,7114,61.923412
1,7115,530.035182
1,7116,526.299641
1,7117,61.671901
1,7118,473.115147
1,7119,605.083486
1,7120,290.619981
1,7121,406.740153
1,7122,61.837965
1,7123,429.521298
1,7124,126.265987
1,7125,70.130718
1,7126,103.000372
1,7127,243.585547
1,7128,134.485930
1,7129,671.179261
1,7130,398.347997
1,7131,359.071876
1,7132,169.230787
1,7133,724.444513
1,7134,77.903351
1,7135,380.513145
1,7136,80.067272
1,7137,93.035785
1,7138,233.262659
1,7139,80.532197
1,7140,61.722386
1,7141,517.665337
1,7142,162.749550
1,7143,174.705450
1,7144,1128.937670
1,7145,228.946015
1,7146,119.942083
1,7147,164.495232
1,7148,671.113305
1,7149,249.445187
1,7150,384.446991
1,7151,61.658762
1,7152,516.506499
1,7153,383.560856
1,7154,261.047115
1,7155,258.607091
1,7156,674.306406
1,7157,489.438521
1,7158,107.478969
1,7159,80.606036
1,7160,295.057409
1,7161,429.671419
1,7162,70.387984
1,7163,286.639373
1,7164,420.517159
1,7165,480.791278
1,7166,263.234170
1,7167,233.832829
1,7168,75.324893
1,7169,489.513260
1,7170,68.642284
1,7171,82.515639
1,7172,225.080571
1,7173,68.786180
1,7174,298.815551
1,7175,244.097289
1,7176,62.710516
1,7177,114.391878
1,7178,84.925236
1,7179,113.906673
1,7180,77.234943
1,7181,206.007893
1,7182,218.608339
1,7183,80.234117
1,7184,514.340749
1,7185,131.400619
1,7186,174.264161
1,7187,520.740417
1,7188,245.505156
1,7189,86.436566
1,7190,224.344742
1,7191,89.941896
1,7192,185.414740
1,7193,313.018420
1,7194,309.065514
1,7195,96.271093
1,7196,269.099078
1,7197,191.241172
1,7198,63.124677
1,7199,192.008675
1,7200,87.176407
1,7201,332.597579
1,7202,79.385780
1,7203,807.173712
1,7204,380.028229
1,7205,61.690534
1,7206,284.326209
1,7207,158.133469
1,7208,432.862497
1,7209,432.614235
1,7210,578.462970
1,7211,394.726570
1,7212,199.857733
1,7213,366.180206
1,7214,63.048718
1,7215,451.902716
1,7216,61.603067
1,7217,292.324599
1,7218,289.515722
1,7219,91.291654
1,7220,80.354537
1,7221,193.108450
1,7222,654.106933
1,7223,76.094072
1,7224,73.586049
1,7225,397.242587
1,7226,61.631640
1,7227,741.413221
1,7228,317.377902
1,7229,70.059433
1,7230,541.245775
1,7231,61.784604
1,7232,473.736912
1,7233,253.822881
1,7234,180.361601
1,7235,67.036047
1,7236,305.501673
1,7237,63.451346
1,7238,732.956248
1,7239,238.580579
1,7240,223.492066
1,7241,517.236838
1,7242,61.643638
1,7243,541.926374
1,7244,87.876377
1,7245,328.298497
1,7246,403.198194
1,7247,154.495129
1,7248,425.505746
1,7249,61.825232
1,7250,170.390108
1,7251,334.744342
1,7252,89.192315
1,7253,100.495558
1,7254,286.318189
1,7255,74.642332
1,7256,80.570868
1,7257,290.574522
1,7258,467.861203
1,7259,283.838069
1,7260,110.601315
1,7261,168.082720
1,7262,276.156241
1,7263,406.113663
1,7264,265.364444
1,7265,422.707690
1,7266,78.903249
1,7267,433.234411
1,7268,552.434268
1,7269,429.216994
1,7270,441.575054
1,7271,98.072439
1,7272,283.109099
1,7273,146.463171
1,7274,287.727343
1,7275,71.762548
1,7276,818.263294
1,7277,120.627337
1,7278,388.393149
1,7279,321.593553
1,7280,264.343475
1,7281,108.667444
1,7282,240.856835
1,7283,325.461810
1,7284,122.663196
1,7285,61.757573
1,7286,324.047007
1,7287,61.509325
1,7288,388.573255
1,7289,735.554128
1,7290,78.932288
1,7291,156.617104
1,7292,61.298318
1,7293,455.616548
1,7294,126.747005
1,7295,584.866155
1,7296,296.880583
1,7297,403.797807
1,7298,76.781642
1,7299,256.681897
1,7300,180.310088
1,7301,124.234551
1,7302,272.225857
1,7303,455.873290
1,7304,61.781294
1,7305,432.149467
1,7306,227.449280
1,7307,297.649119
1,7308,236.793893
1,7309,310.965239
1,7310,138.534323
1,7311,201.619259
1,7312,119.358979
1,7313,559.137840
1,7314,117.398433
1,7315,463.780537
1,7316,77.984036
1,7317,321.674063
1,7318,432.238081
1,7319,87.453835
1,7320,227.058609
1,7321,202.477110
1,7322,77.719333
1,7323,278.132592
1,7324,159.908978
1,7325,230.490076
1,7326,112.033655
1,7327,438.396424
1,7328,75.625894
1,7329,159.420903
1,7330,61.559125
1,7331,257.978138
1,7332,96.066952
1,7333,163.000690
1,7334,98.522858
1,7335,285.550411
1,7336,63.410124
1,7337,166.055519
1,7338,272.098362
1,7339,129.016056
1,7340,262.600562
1,7341,409.382441
1,7342,336.162217
1,7343,62.028107
1,7344,545.590686
1,7345,72.901829
1,7346,127.549117
1,7347,81.537370
1,7348,277.369176
1,7349,549.862377
1,7350,454.020111
1,7351,62.046014
1,7352,70.229364
1,7353,68.247500
1,7354,173.966089
1,7355,62.135141
1,7356,515.878458
1,7357,184.705971
1,7358,403.942793
1,7359,311.030942
1,7360,369.924427
1,7361,85.309389
1,7362,112.798334
1,7363,648.439713
1,7364,79.534183
1,7365,87.573546
1,7366,595.588942
1,7367,279.007327
1,7368,417.775308
1,7369,256.620733
1,7370,481.291549
1,7371,175.726335
1,7372,371.922585
1,7373,221.752135
1,7374,374.726007
1,7375,63.198320
1,7376,340.166694
1,7377,69.261426
1,7378,61.712253
1,7379,78.859437
1,7380,181.488667
1,7381,72.884495
1,7382,341.094390
1,7383,199.360302
1,7384,61.817427
1,7385,267.885354
1,7386,61.852347
1,7387,276.021322
1,7388,59.976813
1,7389,350.084989
1,7390,382.593534
1,7391,92.994070
1,7392,70.840165
1,7393,161.531199
1,7394,188.493268
1,7395,287.317643
1,7396,415.956681
1,7397,235.561225
1,7398,313.902868
1,7399,238.896099
1,7400,176.993209
1,7401,341.447304
1,7402,61.703661
1,7403,554.186516
1,7404,197.311471
1,7405,242.772815
1,7406,61.486092
1,7407,64.864561
1,7408,61.706947
1,7409,425.007903
1,7410,157.682867
1,7411,368.640940
1,7412,611.919701
1,7413,318.984401
1,7414,181.024687
1,7415,83.875466
1,7416,148.477409
1,7417,240.124096
1,7418,136.988262
1,7419,72.725937
1,7420,96.892663
1,7421,64.677599
1,7422,61.888865
1,7423,346.456353
1,7424,180.941679
1,7425,362.696098
1,7426,138.341682
1,7427,573.675457
1,7428,93.088739
1,7429,175.527163
1,7430,349.070543
1,7431,751.624735
1,7432,561.441576
1,7433,157.563706
1,7434,128.107720
1,7435,171.925486
1,7436,293.332920
1,7437,78.946038
1,7438,645.972007
1,7439,429.744345
1,7440,61.752497
1,7441,944.273144
1,7442,89.943873
1,7443,246.167185
1,7444,822.909679
1,7445,436.675998
1,7446,407.007150
1,7447,62.093131
1,7448,320.187612
1,7449,279.956238
1,7450,291.017740
1,7451,158.161158
1,7452,108.313478
1,7453,201.690134
1,7454,248.405888
1,7455,386.561266
1,7456,121.930490
1,7457,73.536740
1,7458,115.807630
1,7459,93.140106
1,7460,121.518820
1,7461,83.067241
1,7462,145.025059
1,7463,75.676945
1,7464,158.259691
1,7465,95.791469
1,7466,108.438788
1,7467,62.007449
1,7468,133.940923
1,7469,136.225592
1,7470,61.807082
1,7471,391.023034
1,7472,188.498769
1,7473,153.815634
1,7474,492.554949
1,7475,70.230983
1,7476,444.444929
1,7477,385.584160
1,7478,129.399206
1,7479,355.416413
1,7480,67.987830
1,7481,124.002208
1,7482,109.688259
1,7483,517.098227
1,7484,420.797541
1,7485,153.510712
1,7486,72.204952
1,7487,110.557002
1,7488,120.968193
1,7489,135.459285
1,7490,86.840713
1,7491,156.917534
1,7492,84.766044
1,7493,76.578574
1,7494,63.119527
1,7495,208.730108
1,7496,157.532114
1,7497,133.586966
1,7498,97.038719
1,7499,176.119967
1,7500,125.228358
1,7501,84.102189
1,7502,63.207776
1,7503,195.888920
1,7504,109.453014
1,7505,388.473383
1,7506,71.171923
1,7507,169.274647
1,7508,61.904990
1,7509,72.139429
1,7510,354.161961
1,7511,244.455789
1,7512,61.838260
1,7513,114.769693
1,7514,75.198570
1,7515,116.123860
1,7516,98.970861
1,7517,60.222649
1,7518,79.968704
1,7519,203.323071
1,7520,258.318662
1,7521,69.423718
1,7522,299.456006
1,7523,207.451156
1,7524,503.083190
1,7525,71.669015
1,7526,843.666483
1,7527,93.479548
1,7528,568.710324
1,7529,78.514754
1,7530,123.634467
1,7531,100.112487
1,7532,267.648095
1,7533,79.848717
1,7534,93.891222
1,7535,383.676352
1,7536,166.803821
1,7537,324.709816
1,7538,82.111867
1,7539,193.015704
1,7540,353.685597
1,7541,115.464589
1,7542,59.155586
1,7543,63.892110
1,7544,394.067488
1,7545,142.389116
1,7546,193.581953
1,7547,176.030227
1,7548,230.917901
1,7549,167.617467
1,7550,174.519899
1,7551,131.004813
1,7552,149.609715
1,7553,209.348151
1,7554,61.900602
1,7555,263.335741
1,7556,152.867373
1,7557,213.728402
1,7558,247.607979
1,7559,411.377499
1,7560,108.486846
1,7561,249.134929
1,7562,135.291654
1,7563,183.759779
1,7564,96.144577
1,7565,79.600627
1,7566,80.476241
1,7567,82.244273
1,7568,71.927226
1,7569,63.209663
1,7570,255.688368
1,7571,61.722551
1,7572,132.744298
1,7573,338.691783
1,7574,63.231480
1,7575,284.113841
1,7576,98.421030
1,7577,180.750409
1,7578,70.567328
1,7579,57.008332
1,7580,146.246342
1,7581,226.771344
1,7582,152.569813
1,7583,147.625972
1,7584,195.769993
1,7585,93.183453
1,7586,62.743905
1,7587,98.618090
1,7588,77.220070
1,7589,95.298903
1,7590,86.464259
1,7591,171.803501
1,7592,144.917469
1,7593,133.698558
1,7594,114.446809
1,7595,168.534094
1,7596,94.178636
1,7597,56.740173
1,7598,96.219111
1,7599,304.131905
1,7600,61.908485
1,7601,244.311080
1,7602,61.939181
1,7603,253.128182
1,7604,138.191987
1,7605,137.515209
1,7606,61.968982
1,7607,147.721841
1,7608,141.748757
1,7609,174.273686
1,7610,61.966469
1,7611,140.663762
1,7612,154.879543
1,7613,211.340217
1,7614,145.570594
1,7615,198.107141
1,7616,60.271587
1,7617,172.088545
1,7618,90.280692
1,7619,394.592330
1,7620,134.792790
1,7621,370.068284
1,7622,280.387431
1,7623,206.780287
1,7624,81.770046
1,7625,140.914474
1,7626,60.518968
1,7627,302.662356
1,7628,320.646308
1,7629,315.834639
1,7630,327.834830
1,7631,93.460480
1,7632,61.957822
1,7633,198.517951
1,7634,210.454648
1,7635,429.009177
1,7636,182.336767
1,7637,306.038946
1,7638,133.592450
1,7639,62.691405
1,7640,129.452898
1,7641,87.148546
1,7642,122.286840
1,7643,147.242643
1,7644,254.937881
1,7645,169.910378
1,7646,68.574896
1,7647,195.517135
1,7648,72.601766
1,7649,185.302492
1,7650,253.089422
1,7651,86.921516
1,7652,262.397736
1,7653,77.534481
1,7654,218.702958
1,7655,276.981663
1,7656,180.157852
1,7657,163.305967
1,7658,199.422495
1,7659,91.513308
1,7660,163.861056
1,7661,61.958666
1,7662,150.261068
1,7663,201.298414
1,7664,383.595037
1,7665,164.849178
1,7666,339.739588
1,7667,105.292142
1,7668,60.330070
1,7669,163.355277
1,7670,138.585787
1,7671,61.922718
1,7672,169.022505
1,7673,61.910883
1,7674,122.465450
1,7675,62.117200
1,7676,139.109747
1,7677,184.796128
1,7678,186.820326
1,7679,185.354627
1,7680,182.220568
1,7681,187.260635
1,7682,60.638743
1,7683,295.501001
1,7684,135.715084
1,7685,194.303120
1,7686,62.149123
1,7687,208.383317
1,7688,63.532193
1,7689,220.387784
1,7690,162.800351
1,7691,62.144382
1,7692,178.300333
1,7693,120.371239
1,7694,172.986248
1,7695,175.620908
1,7696,252.841675
1,7697,183.909439
1,7698,205.298197
1,7699,62.069789
1,7700,73.432937
1,7701,155.869090
1,7702,95.104119
1,7703,230.750964
1,7704,69.335884
1,7705,61.187588
1,7706,252.379838
1,7707,62.682724
1,7708,218.116555
1,7709,99.235822
1,7710,70.250797
1,7711,81.875979
1,7712,241.805836
1,7713,62.462228
1,7714,146.972766
1,7715,60.884588
1,7716,141.960172
1,7717,62.192216
1,7718,145.006854
1,7719,181.357703
1,7720,182.930964
1,7721,82.460173
1,7722,141.416378
1,7723,222.095625
1,7724,257.974634
1,7725,177.753988
1,7726,226.632453
1,7727,235.516185
1,7728,163.733932
1,7729,154.942968
1,7730,131.903250
1,7731,171.245965
1,7732,226.833489
1,7733,61.984641
1,7734,58.607130
1,7735,167.534556
1,7736,140.621272
1,7737,117.334894
1,7738,62.023744
1,7739,1022.741188
1,7740,135.428572
1,7741,183.074096
1,7742,157.351321
1,7743,147.969702
1,7744,62.043854
1,7745,146.924983
1,7746,141.083467
1,7747,300.988382
1,7748,62.092691
1,7749,153.743313
1,7750,154.980335
1,7751,62.200882
1,7752,231.446210
1,7753,73.132551
1,7754,120.221449
1,7755,563.741720
1,7756,62.270228
1,7757,234.434453
1,7758,62.296950
1,7759,150.902585
1,7760,179.915869
1,7761,176.949369
1,7762,174.756135
1,7763,199.026852
1,7764,169.224511
1,7765,62.618187
1,7766,286.818906
1,7767,62.355610
1,7768,58.670034
1,7769,193.213111
1,7770,140.751953
1,7771,148.604718
1,7772,73.125121
1,7773,169.729387
1,7774,136.093079
1,7775,62.306817
1,7776,131.614886
1,7777,90.913735
1,7778,128.971176
1,7779,60.589577
1,7780,62.241596
1,7781,188.796051
1,7782,145.830084
1,7783,158.393634
1,7784,133.766333
1,7785,170.705985
1,7786,151.267375
1,7787,189.069444
1,7788,60.933584
1,7789,59.031788
1,7790,62.405474
1,7791,167.123757
1,7792,62.448768
1,7793,165.767853
1,7794,62.500412
1,7795,89.533057
1,7796,190.675665
1,7797,225.595819
1,7798,256.750345
1,7799,178.863181
1,7800,163.063436
1,7801,155.071224
1,7802,139.582308
1,7803,231.323214
1,7804,165.415615
1,7805,219.736425
1,7806,69.352689
1,7807,666.704760
1,7808,349.155549
1,7809,234.034311
1,7810,468.665690
1,7811,91.845775
1,7812,215.287376
1,7813,250.039869
1,7814,207.151740
1,7815,115.569156
1,7816,62.591287
1,7817,135.876935
1,7818,62.489523
1,7819,138.482753
1,7820,197.284974
1,7821,82.159142
1,7822,62.371087
1,7823,74.523196
1,7824,81.541776
1,7825,231.363217
1,7826,194.385393
1,7827,103.868670
1,7828,60.907825
1,7829,95.809837
1,7830,218.342345
1,7831,346.673151
1,7832,277.562657
1,7833,276.756318
1,7834,148.750198
1,7835,165.361757
1,7836,147.164302
1,7837,75.903060
1,7838,254.315509
1,7839,149.457449
1,7840,196.423483
1,7841,136.823977
1,7842,249.559111
1,7843,272.272333
1,7844,150.925361
1,7845,61.877403
1,7846,56.053730
1,7847,210.365528
1,7848,75.030563
1,7849,55.954502
1,7850,308.000002
1,7851,234.971206
1,7852,148.160892
1,7853,244.232077
1,7854,70.160002
1,7855,184.576199
1,7856,173.069749
1,7857,138.476624
1,7858,62.007330
1,7859,58.579214
1,7860,76.288192
1,7861,153.624159
1,7862,170.387019
1,7863,77.753977
1,7864,230.027836
1,7865,102.170647
1,7866,315.409911
1,7867,363.045178
1,7868,325.224044
1,7869,62.394902
1,7870,63.564671
1,7871,243.073048
1,7872,70.830153
1,7873,70.241647
1,7874,188.383138
1,7875,259.248059
1,7876,148.011455
1,7877,155.462176
1,7878,186.027371
1,7879,209.300787
1,7880,62.713552
1,7881,170.663623
1,7882,149.266676
1,7883,139.238288
1,7884,131.845941
1,7885,56.406132
1,7886,136.302687
1,7887,102.729999
1,7888,54.353632
1,7889,50.921349
1,7890,126.574694
1,7891,69.973261
1,7892,163.003793
1,7893,60.747501
1,7894,157.886164
1,7895,160.382532
1,7896,62.255533
1,7897,159.831686
1,7898,62.166824
1,7899,58.630679
1,7900,63.515318
1,7901,60.718034
1,7902,207.464019
1,7903,238.607413
1,7904,144.228384
1,7905,179.809967
1,7906,73.580200
1,7907,151.675890
1,7908,173.181372
1,7909,122.721986
1,7910,66.511991
1,7911,101.130436
1,7912,88.667360
1,7913,172.621473
1,7914,159.761518
1,7915,159.117546
1,7916,72.555111
1,7917,198.480070
1,7918,79.595309
1,7919,201.226436
1,7920,61.985671
1,7921,154.601353
1,7922,64.976368
1,7923,141.569796
1,7924,62.128328
1,7925,57.408388
1,7926,644.557365
1,7927,609.376775
1,7928,350.632449
1,7929,185.356543
1,7930,63.588176
1,7931,183.401376
1,7932,243.575536
1,7933,233.654460
1,7934,262.631942
1,7935,140.337742
1,7936,62.361178
1,7937,146.995929
1,7938,292.259331
1,7939,194.865825
1,7940,292.422391
1,7941,411.739655
1,7942,538.184745
1,7943,333.506109
1,7944,315.652474
1,7945,61.843233
1,7946,359.986873
1,7947,75.867974
1,7948,897.674675
1,7949,387.483587
1,7950,192.465856
1,7951,292.514858
1,7952,82.621322
1,7953,177.038407
1,7954,190.728072
1,7955,278.551365
1,7956,322.549784
1,7957,156.735103
1,7958,83.255960
1,7959,300.830331
1,7960,63.298647
1,7961,185.028330
1,7962,379.986608
1,7963,143.434955
1,7964,177.435909
1,7965,197.113185
1,7966,164.518509
1,7967,242.234968
1,7968,94.232172
1,7969,158.734492
1,7970,257.937383
1,7971,69.707495
1,7972,316.881489
1,7973,248.782056
1,7974,118.350055
1,7975,198.456197
1,7976,61.854801
1,7977,141.611513
1,7978,163.658742
1,7979,180.735346
1,7980,188.068065
1,7981,59.128875
1,7982,277.395111
1,7983,130.324260
1,7984,163.271121
1,7985,313.900598
1,7986,68.511347
1,7987,111.455643
1,7988,272.212452
1,7989,295.669315
1,7990,62.368014
1,7991,479.489556
1,7992,366.315000
1,7993,305.152532
1,7994,62.230114
1,7995,109.620566
1,7996,126.321161
1,7997,210.948099
1,7998,176.768096
1,7999,363.774809
1,8000,101.475462
1,8001,148.304922
1,8002,187.929027
1,8003,345.299455
1,8004,247.845342
1,8005,409.541935
1,8006,202.466343
1,8007,354.686301
1,8008,61.845721
1,8009,136.001030
1,8010,165.868492
1,8011,266.008121
1,8012,373.973287
1,8013,127.447907
1,8014,155.952392
1,8015,89.011385
1,8016,63.184251
1,8017,99.963879
1,8018,178.980426
1,8019,61.766669
1,8020,156.742702
1,8021,139.526013
1,8022,161.898123
1,8023,133.810869
1,8024,76.654920
1,8025,241.519263
1,8026,184.754734
1,8027,193.872038
1,8028,313.402251
1,8029,69.524443
1,8030,78.866868
1,8031,175.059093
1,8032,288.002533
1,8033,62.451662
1,8034,162.886697
1,8035,73.784617
1,8036,76.905270
1,8037,166.927112
1,8038,77.886893
1,8039,61.529595
1,8040,210.836714
1,8041,150.722255
1,8042,134.816045
1,8043,207.040484
1,8044,63.345899
1,8045,244.073636
1,8046,81.822809
1,8047,220.218550
1,8048,415.539033
1,8049,217.438361
1,8050,221.988366
1,8051,184.028248
1,8052,183.093953
1,8053,184.356743
1,8054,221.906449
1,8055,368.169770
1,8056,260.651430
1,8057,208.466634
1,8058,81.765037
1,8059,98.563996
1,8060,135.387498
1,8061,247.291922
1,8062,75.707409
1,8063,57.259882
1,8064,200.904071
1,8065,162.062021
1,8066,272.612723
1,8067,190.689859
1,8068,181.390418
1,8069,192.804701
1,8070,157.923600
1,8071,61.994184
1,8072,247.643219
1,8073,128.077299
1,8074,157.761486
1,8075,57.643281
1,8076,127.448905
1,8077,135.193837
1,8078,62.500512
1,8079,72.815571
1,8080,90.273551
1,8081,218.803054
1,8082,132.272527
1,8083,73.998107
1,8084,112.259864
1,8085,92.833131
1,8086,105.214234
1,8087,268.288588
1,8088,63.560516
1,8089,180.582332
1,8090,240.540015
1,8091,61.954809
1,8092,204.201996
1,8093,61.997850
1,8094,78.383178
1,8095,104.520143
1,8096,72.509092
1,8097,107.239380
1,8098,148.243736
1,8099,136.359893
1,8100,148.505572
1,8101,120.168801
1,8102,58.636755
1,8103,92.154374
1,8104,84.343224
1,8105,268.722134
1,8106,71.997746
1,8107,172.559289
1,8108,488.348586
1,8109,71.280442
1,8110,326.308035
1,8111,292.638787
1,8112,167.275409
1,8113,304.094010
1,8114,73.933350
1,8115,193.628917
1,8116,340.829263
1,8117,337.565544
1,8118,269.786410
1,8119,117.219423
1,8120,63.970501
1,8121,182.296244
1,8122,171.464805
1,8123,73.106088
1,8124,422.808326
1,8125,70.879098
1,8126,62.022283
1,8127,552.859368
1,8128,408.185450
1,8129,172.737106
1,8130,230.299421
1,8131,170.907158
1,8132,548.813143
1,8133,113.120430
1,8134,322.705651
1,8135,77.987902
1,8136,303.391895
1,8137,178.655263
1,8138,155.141273
1,8139,165.720856
1,8140,223.205152
1,8141,117.370136
1,8142,318.859293
1,8143,261.280987
1,8144,379.826438
1,8145,183.975640
1,8146,308.324501
1,8147,379.595569
1,8148,264.053701
1,8149,62.071239
1,8150,195.965818
1,8151,192.721183
1,8152,203.585809
1,8153,318.954822
1,8154,62.065547
1,8155,168.287972
1,8156,249.428261
1,8157,138.423442
1,8158,318.603634
1,8159,277.585752
1,8160,198.715722
1,8161,206.416340
1,8162,224.816878
1,8163,94.251878
1,8164,233.134650
1,8165,185.830218
1,8166,269.921873
1,8167,287.514391
1,8168,62.640753
1,8169,172.700821
1,8170,190.200242
1,8171,184.607687
1,8172,68.894625
1,8173,73.597025
1,8174,63.646007
1,8175,62.398521
1,8176,110.158720
1,8177,235.037792
1,8178,211.750713
1,8179,71.271425
1,8180,142.413002
1,8181,97.067669
1,8182,63.987345
1,8183,60.462332
1,8184,56.280483
1,8185,63.676118
1,8186,57.172490
1,8187,83.139129
1,8188,60.946796
1,8189,135.762401
1,8190,129.435029
1,8191,63.267161
1,8192,174.413106
1,8193,172.823972
1,8194,91.472269
1,8195,109.731087
1,8196,136.090279
1,8197,68.286331
1,8198,140.457070
1,8199,140.547707
1,8200,126.975053
1,8201,63.628648
1,8202,84.218639
1,8203,181.517148
1,8204,61.828535
1,8205,161.842021
1,8206,61.878473
1,8207,153.882990
1,8208,63.393281
1,8209,150.802737
1,8210,61.960417
1,8211,60.408933
1,8212,172.777577
1,8213,158.149430
1,8214,141.145738
1,8215,72.717272
1,8216,139.187449
1,8217,133.761064
1,8218,61.962092
1,8219,168.056717
1,8220,86.673035
1,8221,134.365869
1,8222,126.916917
1,8223,60.536876
1,8224,173.369839
1,8225,189.587914
1,8226,77.225528
1,8227,185.057048
1,8228,160.743713
1,8229,209.403718
1,8230,178.616534
1,8231,60.561132
1,8232,251.920775
1,8233,60.528858
1,8234,195.740123
1,8235,268.007805
1,8236,176.962641
1,8237,62.119179
1,8238,182.251919
1,8239,62.208563
1,8240,205.064276
1,8241,196.371072
1,8242,87.129911
1,8243,269.045119
1,8244,61.985607
1,8245,204.706557
1,8246,1348.999728
1,8247,106.697330
1,8248,72.007996
1,8249,59.894103
1,8250,67.971340
1,8251,90.189433
1,8252,122.929753
1,8253,62.329468
1,8254,57.825879
1,8255,216.270853
1,8256,293.642055
1,8257,127.104959
1,8258,277.875087
1,8259,276.136927
1,8260,150.371481
1,8261,262.365759
1,8262,268.280059
1,8263,133.767617
1,8264,122.746364
1,8265,256.261821
1,8266,63.693888
1,8267,135.000388
1,8268,148.406759
1,8269,63.719456
1,8270,142.521699
1,8271,348.631715
1,8272,250.126723
1,8273,139.917082
1,8274,159.253869
1,8275,74.609120
1,8276,187.387562
1,8277,76.362323
1,8278,213.683282
1,8279,112.441055
1,8280,139.672388
1,8281,184.875219
1,8282,265.833397
1,8283,98.154065
1,8284,56.259638
1,8285,200.645920
1,8286,62.014145
1,8287,164.357550
1,8288,134.638732
1,8289,61.898328
1,8290,57.235869
1,8291,61.971987
1,8292,137.555904
1,8293,160.942697
1,8294,70.255292
1,8295,154.459475
1,8296,149.865049
1,8297,141.653340
1,8298,70.968382
1,8299,184.490590
1,8300,61.926864
1,8301,287.143727
1,8302,213.932561
1,8303,63.365738
1,8304,151.726565
1,8305,161.346944
1,8306,131.519813
1,8307,175.458346
1,8308,148.736856
1,8309,211.588737
1,8310,78.013991
1,8311,169.327473
1,8312,145.606798
1,8313,60.523691
1,8314,68.942610
1,8315,105.381637
1,8316,195.991511
1,8317,127.802431
1,8318,62.108533
1,8319,122.517684
1,8320,74.906961
1,8321,165.115617
1,8322,164.281887
1,8323,62.092152
1,8324,137.249586
1,8325,62.228910
1,8326,130.051960
1,8327,62.076873
1,8328,277.746320
1,8329,62.206696
1,8330,60.631429
1,8331,230.136070
1,8332,152.944293
1,8333,175.615654
1,8334,121.878684
1,8335,62.104737
1,8336,114.644802
1,8337,95.938545
1,8338,210.876650
1,8339,212.798548
1,8340,293.606216
1,8341,301.026928
1,8342,513.980732
1,8343,61.976491
1,8344,216.430236
1,8345,61.859586
1,8346,135.325070
1,8347,71.930833
1,8348,178.145934
1,8349,199.613828
1,8350,342.010660
1,8351,61.721869
1,8352,295.338957
1,8353,343.399040
1,8354,61.014201
1,8355,538.407498
1,8356,710.190915
1,8357,748.202649
1,8358,63.174710
1,8359,417.507049
1,8360,423.235200
1,8361,483.479030
1,8362,72.478353
1,8363,550.256899
1,8364,367.802457
1,8365,258.050447
1,8366,61.515160
1,8367,328.024897
1,8368,299.334222
1,8369,289.888082
1,8370,69.576316
1,8371,379.919497
1,8372,61.441314
1,8373,372.116904
1,8374,411.440263
1,8375,336.404699
1,8376,622.823535
1,8377,106.746516
1,8378,302.991977
1,8379,486.046033
1,8380,161.883762
1,8381,403.317262
1,8382,834.254388
1,8383,412.833467
1,8384,459.554822
1,8385,448.719429
1,8386,89.719114
1,8387,269.231777
1,8388,140.816340
1,8389,330.340117
1,8390,210.155131
1,8391,184.480394
1,8392,86.948205
1,8393,350.144583
1,8394,187.365289
1,8395,152.049018
1,8396,352.111657
1,8397,243.299719
1,8398,96.178049
1,8399,308.372959
1,8400,217.991036
1,8401,136.146596
1,8402,168.430955
1,8403,103.042026
1,8404,67.634426
1,8405,207.272270
1,8406,62.096346
1,8407,307.899097
1,8408,77.832871
1,8409,101.552747
1,8410,61.775568
1,8411,383.412724
1,8412,74.964719
1,8413,115.251778
1,8414,95.047830
1,8415,120.835934
1,8416,490.566498
1,8417,468.489185
1,8418,74.529936
1,8419,591.772390
1,8420,125.790217
1,8421,143.995189
1,8422,154.684504
1,8423,359.698413
1,8424,104.127811
1,8425,572.865629
1,8426,72.204272
1,8427,491.592809
1,8428,118.087653
1,8429,403.029034
1,8430,102.358581
1,8431,116.460322
1,8432,69.137153
1,8433,667.767491
1,8434,123.074664
1,8435,456.346885
1,8436,174.533705
1,8437,175.419833
1,8438,329.577245
1,8439,318.787960
1,8440,76.909116
1,8441,206.483664
1,8442,384.023493
1,8443,63.270346
1,8444,341.800258
1,8445,242.463773
1,8446,255.162303
1,8447,266.744413
1,8448,89.998445
1,8449,307.025909
1,8450,362.595154
1,8451,177.710777
1,8452,589.199969
1,8453,143.277048
1,8454,113.431322
1,8455,540.955134
1,8456,71.878304
1,8457,312.645246
1,8458,545.937983
1,8459,834.534752
1,8460,351.210795
1,8461,382.007731
1,8462,330.148860
1,8463,77.041138
1,8464,173.644401
1,8465,217.522216
1,8466,126.265700
1,8467,547.185360
1,8468,62.093419
1,8469,635.765208
1,8470,192.842080
1,8471,506.853896
1,8472,61.901174
1,8473,212.786520
1,8474,111.039473
1,8475,693.925891
1,8476,286.419965
1,8477,357.270396
1,8478,68.562135
1,8479,504.245583
1,8480,87.082325
1,8481,557.587631
1,8482,412.366667
1,8483,107.771070
1,8484,81.204146
1,8485,232.574869
1,8486,145.469374
1,8487,320.411398
1,8488,61.606284
1,8489,353.439786
1,8490,578.984925
1,8491,69.979107
1,8492,153.619698
1,8493,314.194874
1,8494,63.139510
1,8495,631.025423
1,8496,592.447133
1,8497,61.578176
1,8498,823.138124
1,8499,640.869331
1,8500,442.701712
1,8501,191.282838
1,8502,112.339857
1,8503,286.804644
1,8504,275.460053
1,8505,496.805000
1,8506,86.243809
1,8507,654.668063
1,8508,755.900127
1,8509,111.408301
1,8510,638.073132
1,8511,424.283014
1,8512,94.432229
1,8513,258.290602
1,8514,349.833478
1,8515,204.187040
1,8516,138.507351
1,8517,177.566938
1,8518,360.349580
1,8519,61.751321
1,8520,512.204272
1,8521,253.459079
1,8522,127.847958
1,8523,354.339358
1,8524,143.467837
1,8525,305.317069
1,8526,120.415672
1,8527,63.359218
1,8528,243.067335
1,8529,576.431164
1,8530,72.889564
1,8531,384.182401
1,8532,115.699745
1,8533,276.652957
1,8534,90.069050
1,8535,81.656528
1,8536,330.923048
1,8537,313.037122
1,8538,401.741066
1,8539,128.490487
1,8540,395.565330
1,8541,120.772036
1,8542,295.940302
1,8543,485.836274
1,8544,372.395485
1,8545,75.301436
1,8546,324.895812
1,8547,177.125851
1,8548,80.536883
1,8549,138.106411
1,8550,75.081073
1,8551,191.839179
1,8552,376.392900
1,8553,326.299916
1,8554,60.309970
1,8555,421.744326
1,8556,236.390720
1,8557,344.486861
1,8558,276.900541
1,8559,170.825738
1,8560,276.993228
1,8561,181.515438
1,8562,384.325501
1,8563,68.714150
1,8564,333.783138
1,8565,317.389183
1,8566,182.413854
1,8567,99.412202
1,8568,115.668390
1,8569,61.749904
1,8570,249.138007
1,8571,270.615255
1,8572,87.968020
1,8573,288.908683
1,8574,501.555665
1,8575,268.064306
1,8576,485.896434
1,8577,349.801860
1,8578,349.215971
1,8579,270.787519
1,8580,94.745952
1,8581,271.116934
1,8582,147.730105
1,8583,300.214194
1,8584,63.190751
1,8585,279.369525
1,8586,186.654083
1,8587,61.460334
1,8588,136.079140
1,8589,78.762290
1,8590,187.729227
1,8591,174.325186
1,8592,133.841986
1,8593,98.034401
1,8594,176.255308
1,8595,103.714685
1,8596,309.660448
1,8597,362.591452
1,8598,343.444239
1,8599,503.043471
1,8600,421.866075
1,8601,172.556426
1,8602,232.529349
1,8603,209.629093
1,8604,159.610992
1,8605,200.179567
1,8606,115.744116
1,8607,426.796392
1,8608,427.390354
1,8609,397.339805
1,8610,77.521435
1,8611,281.634293
1,8612,250.989133
1,8613,75.186612
1,8614,152.563577
1,8615,505.229690
1,8616,100.443606
1,8617,500.551696
1,8618,72.856585
1,8619,504.370432
1,8620,92.652372
1,8621,531.580464
1,8622,239.248882
1,8623,207.059935
1,8624,105.752067
1,8625,218.311676
1,8626,201.895098
1,8627,295.720219
1,8628,327.443592
1,8629,178.764794
1,8630,459.018312
1,8631,77.197058
1,8632,479.049993
1,8633,498.620928
1,8634,86.002744
1,8635,185.396490
1,8636,386.507762
1,8637,578.110784
1,8638,93.336240
1,8639,1052.118627
1,8640,558.427230
1,8641,73.255095
1,8642,145.448950
1,8643,342.956920
1,8644,88.867655
1,8645,58.348211
1,8646,259.386831
1,8647,78.154629
1,8648,239.042656
1,8649,209.453916
1,8650,130.221514
1,8651,319.499607
1,8652,365.907544
1,8653,62.208397
1,8654,139.025184
1,8655,414.294804
1,8656,517.179226
1,8657,163.835802
1,8658,344.381301
1,8659,62.069249
1,8660,370.255132
1,8661,320.516404
1,8662,61.764566
1,8663,82.524297
1,8664,144.922196
1,8665,156.221457
1,8666,227.707938
1,8667,61.734577
1,8668,420.014795
1,8669,261.368680
1,8670,260.908818
1,8671,61.789222
1,8672,249.987263
1,8673,351.236475
1,8674,623.003678
1,8675,312.727490
1,8676,114.977644
1,8677,679.895984
1,8678,118.915233
1,8679,62.448079
1,8680,79.902419
1,8681,127.669880
1,8682,398.365653
1,8683,62.266811
1,8684,365.674280
1,8685,436.507004
1,8686,516.838646
1,8687,124.653597
1,8688,214.263459
1,8689,77.855710
1,8690,181.846731
1,8691,363.526966
1,8692,155.077395
1,8693,260.923130
1,8694,115.682952
1,8695,458.774831
1,8696,304.135931
1,8697,265.226512
1,8698,236.706608
1,8699,163.056276
1,8700,568.449695
1,8701,63.042254
1,8702,180.551045
1,8703,194.954534
1,8704,310.036161
1,8705,68.642767
1,8706,427.548248
1,8707,61.611485
1,8708,531.837827
1,8709,163.595689
1,8710,68.781259
1,8711,368.695742
1,8712,249.476989
1,8713,85.767413
1,8714,113.417326
1,8715,490.705751
1,8716,88.141210
1,8717,373.486880
1,8718,258.569507
1,8719,67.713236
1,8720,277.544871
1,8721,73.602470
1,8722,179.444274
1,8723,374.053927
1,8724,67.737457
1,8725,63.324771
1,8726,466.597132
1,8727,69.176599
1,8728,199.531604
1,8729,91.739360
1,8730,61.921507
1,8731,298.129810
1,8732,250.201154
1,8733,286.727077
1,8734,195.341822
1,8735,274.420556
1,8736,341.023287
1,8737,71.226565
1,8738,725.967203
1,8739,451.023216
1,8740,130.954229
1,8741,173.850881
1,8742,190.234611
1,8743,374.245487
1,8744,79.892801
1,8745,185.298143
1,8746,109.031221
1,8747,476.291509
1,8748,343.633130
1,8749,157.934610
1,8750,371.396207
1,8751,76.522443
1,8752,252.652296
1,8753,69.052073
1,8754,71.058370
1,8755,165.514334
1,8756,107.626853
1,8757,56.202855
1,8758,63.862470
1,8759,73.464385
1,8760,62.291838
1,8761,75.719805
1,8762,63.569534
1,8763,88.929651
1,8764,79.110195
1,8765,90.744186
1,8766,79.727128
1,8767,82.216495
1,8768,378.161124
1,8769,224.551537
1,8770,559.762579
1,8771,268.562059
1,8772,388.485620
1,8773,61.875923
1,8774,656.293833
1,8775,406.445488
1,8776,152.411620
1,8777,70.764880
1,8778,215.725624
1,8779,63.194763
1,8780,251.237008
1,8781,103.450309
1,8782,473.061942
1,8783,295.830508
1,8784,61.796226
1,8785,239.127987
1,8786,402.680470
1,8787,194.039418
1,8788,212.344905
1,8789,70.742222
1,8790,177.848300
1,8791,437.032063
1,8792,144.982782
1,8793,85.663387
1,8794,327.045678
1,8795,170.958111
1,8796,289.384062
1,8797,93.835904
1,8798,100.933457
1,8799,298.575985
1,8800,371.816015
1,8801,111.352259
1,8802,339.656669
1,8803,192.747701
1,8804,82.585145
1,8805,363.484590
1,8806,312.340346
1,8807,108.469995
1,8808,182.661736
1,8809,193.095532
1,8810,223.772061
1,8811,456.558711
1,8812,61.878068
1,8813,230.659491
1,8814,138.348267
1,8815,63.274413
1,8816,220.951801
1,8817,72.052232
1,8818,151.872005
1,8819,179.635877
1,8820,181.555564
1,8821,181.258446
1,8822,187.537164
1,8823,200.798234
1,8824,172.353118
1,8825,170.540675
1,8826,98.949943
1,8827,624.873246
1,8828,168.522180
1,8829,167.352626
1,8830,462.300726
1,8831,619.938439
1,8832,124.426776
1,8833,62.469776
1,8834,139.766989
1,8835,70.631069
1,8836,280.349397
1,8837,157.923405
1,8838,253.399273
1,8839,150.436959
1,8840,237.335706
1,8841,62.237258
1,8842,115.822292
1,8843,151.445678
1,8844,63.418425
1,8845,272.641901
1,8846,108.157599
1,8847,120.459474
1,8848,175.589733
1,8849,72.321709
1,8850,68.404254
1,8851,61.987177
1,8852,89.487469
1,8853,194.130607
1,8854,63.324983
1,8855,138.890100
1,8856,214.833591
1,8857,88.421927
1,8858,205.882925
1,8859,80.732472
1,8860,344.830542
1,8861,155.505085
1,8862,309.327654
1,8863,148.259513
1,8864,225.279665
1,8865,114.072444
1,8866,179.636415
1,8867,237.947789
1,8868,99.552251
1,8869,217.581567
1,8870,84.954722
1,8871,88.645851
1,8872,72.128447
1,8873,126.384581
1,8874,133.543826
1,8875,105.181597
1,8876,314.761100
1,8877,646.960705
1,8878,63.442744
1,8879,358.299414
1,8880,61.958466
1,8881,109.540938
1,8882,188.365175
1,8883,162.792013
1,8884,78.477718
1,8885,205.293999
1,8886,364.658076
1,8887,99.398547
1,8888,204.095458
1,8889,778.826379
1,8890,571.400179
1,8891,78.196867
1,8892,62.465731
1,8893,96.007924
1,8894,116.487400
1,8895,83.089184
1,8896,176.198023
1,8897,238.359830
1,8898,153.028791
1,8899,242.184991
1,8900,70.913487
1,8901,199.015080
1,8902,190.558428
1,8903,379.743754
1,8904,143.465708
1,8905,157.935122
1,8906,466.198554
1,8907,62.057105
1,8908,326.788996
1,8909,316.590245
1,8910,376.282725
1,8911,152.270475
1,8912,212.659708
1,8913,338.479524
1,8914,75.873864
1,8915,207.319056
1,8916,226.092741
1,8917,347.423292
1,8918,74.874012
1,8919,118.557837
1,8920,190.325543
1,8921,145.024476
1,8922,76.375056
1,8923,78.807357
1,8924,475.248078
1,8925,161.347190
1,8926,89.176103
1,8927,337.423124
1,8928,546.188122
1,8929,581.814621
1,8930,221.785898
1,8931,90.020524
1,8932,205.076362
1,8933,332.212967
1,8934,149.694807
1,8935,194.624667
1,8936,157.566916
1,8937,79.006151
1,8938,277.945139
1,8939,357.643139
1,8940,193.397178
1,8941,61.868958
1,8942,371.031314
1,8943,331.502892
1,8944,381.901680
1,8945,286.212195
1,8946,372.278276
1,8947,109.354482
1,8948,202.618880
1,8949,88.009254
1,8950,548.152883
1,8951,188.318289
1,8952,346.526063
1,8953,377.646224
1,8954,106.378516
1,8955,170.870142
1,8956,238.613065
1,8957,595.366727
1,8958,368.135796
1,8959,188.227000
1,8960,297.287944
1,8961,170.333109
1,8962,289.158873
1,8963,96.031170
1,8964,224.300424
1,8965,204.041361
1,8966,70.653701
1,8967,212.312632
1,8968,89.471941
1,8969,395.783554
1,8970,93.089315
1,8971,518.181514
1,8972,315.312199
1,8973,63.496292
1,8974,139.414667
1,8975,371.776666
1,8976,1451.312798
1,8977,150.111000
1,8978,428.421865
1,8979,147.527023
1,8980,270.781790
1,8981,164.469221
1,8982,207.389859
1,8983,327.758194
1,8984,154.938161
1,8985,396.974162
1,8986,283.088867
1,8987,289.486772
1,8988,61.811613
1,8989,254.779653
1,8990,337.163820
1,8991,137.809636
1,8992,65.993939
1,8993,582.110303
1,8994,513.245620
1,8995,63.903343
1,8996,435.181881
1,8997,144.353875
1,8998,254.349642
1,8999,61.923055
1,9000,316.957972
1,9001,402.536560
1,9002,61.671464
1,9003,846.879014
1,9004,725.414856
1,9005,279.824034
1,9006,308.967386
1,9007,61.837473
1,9008,291.949267
1,9009,112.892684
1,9010,142.904976
1,9011,91.669118
1,9012,133.334839
1,9013,197.443048
1,9014,424.878028
1,9015,403.500674
1,9016,313.124909
1,9017,103.154912
1,9018,529.796784
1,9019,77.902485
1,9020,252.549456
1,9021,157.174685
1,9022,111.908840
1,9023,269.327238
1,9024,88.089299
1,9025,61.721784
1,9026,421.125915
1,9027,167.061542
1,9028,125.855146
1,9029,1247.866360
1,9030,209.690240
1,9031,171.569720
1,9032,93.033054
1,9033,778.730183
1,9034,308.004703
1,9035,434.388649
1,9036,61.658145
1,9037,719.827115
1,9038,254.718518
1,9039,129.764759
1,9040,126.787197
1,9041,432.828969
1,9042,471.334855
1,9043,178.006086
1,9044,175.234564
1,9045,403.029262
1,9046,333.688647
1,9047,144.461726
1,9048,294.361490
1,9049,359.615306
1,9050,464.140045
1,9051,237.219966
1,9052,253.201526
1,9053,83.420388
1,9054,501.186886
1,9055,68.641378
1,9056,155.725092
1,9057,343.722071
1,9058,128.997447
1,9059,274.211290
1,9060,574.943826
1,9061,62.710352
1,9062,180.246852
1,9063,137.775115
1,9064,77.996204
1,9065,195.925313
1,9066,207.698147
1,9067,227.283519
1,9068,148.677986
1,9069,722.021254
1,9070,387.460610
1,9071,95.447493
1,9072,408.512047
1,9073,278.839730
1,9074,157.048446
1,9075,111.811528
1,9076,187.752231
1,9077,241.344298
1,9078,300.835345
1,9079,305.001681
1,9080,152.240752
1,9081,251.475414
1,9082,195.772333
1,9083,63.124533
1,9084,210.023912
1,9085,153.887216
1,9086,315.717729
1,9087,162.556841
1,9088,579.797180
1,9089,280.706638
1,9090,61.689951
1,9091,251.100560
1,9092,90.639126
1,9093,347.071082
1,9094,360.846917
1,9095,506.552847
1,9096,295.552726
1,9097,183.439606
1,9098,293.112065
1,9099,63.048561
1,9100,474.339328
1,9101,61.602465
1,9102,224.759942
1,9103,241.615499
1,9104,251.138350
1,9105,260.136489
1,9106,255.943010
1,9107,473.078019
1,9108,84.628504
1,9109,164.988971
1,9110,319.441184
1,9111,61.631040
1,9112,584.945787
1,9113,285.223255
1,9114,141.100752
1,9115,434.628110
1,9116,61.784008
1,9117,430.798493
1,9118,143.930636
1,9119,111.404627
1,9120,67.033881
1,9121,156.136145
1,9122,63.451190
1,9123,473.124989
1,9124,114.687494
1,9125,132.334936
1,9126,411.747039
1,9127,61.643061
1,9128,350.812138
1,9129,147.440152
1,9130,150.260237
1,9131,328.912970
1,9132,89.136456
1,9133,431.902005
1,9134,61.824670
1,9135,190.585358
1,9136,348.077586
1,9137,150.275004
1,9138,177.610493
1,9139,227.807648
1,9140,74.640361
1,9141,167.209017
1,9142,219.886670
1,9143,206.214918
1,9144,161.680342
1,9145,91.667348
1,9146,94.466244
1,9147,146.930442
1,9148,227.986456
1,9149,125.473419
1,9150,156.598065
1,9151,169.437649
1,9152,267.763769
1,9153,492.147888
1,9154,344.327008
1,9155,378.742053
1,9156,78.413741
1,9157,151.450141
1,9158,171.104520
1,9159,287.458774
1,9160,71.761726
1,9161,598.636002
1,9162,177.793025
1,9163,394.367741
1,9164,283.050907
1,9165,142.086877
1,9166,85.075363
1,9167,192.422387
1,9168,261.396447
1,9169,204.962772
1,9170,61.756993
1,9171,291.590393
1,9172,61.508741
1,9173,395.353324
1,9174,528.392232
1,9175,78.931414
1,9176,343.050384
1,9177,61.297705
1,9178,428.446701
1,9179,159.842415
1,9180,360.043884
1,9181,134.571277
1,9182,409.755114
1,9183,76.780762
1,9184,233.934007
1,9185,201.188092
1,9186,193.474547
1,9187,123.490874
1,9188,380.140387
1,9189,61.780708
1,9190,444.714604
1,9191,132.276177
1,9192,204.765032
1,9193,246.530152
1,9194,186.948173
1,9195,94.286736
1,9196,107.531836
1,9197,223.763512
1,9198,418.215341
1,9199,117.397722
1,9200,472.316387
1,9201,77.983190
1,9202,352.842411
1,9203,386.881159
1,9204,169.328076
1,9205,120.761426
1,9206,117.774989
1,9207,63.954767
1,9208,323.347363
1,9209,101.448336
1,9210,222.651332
1,9211,173.981400
1,9212,386.382897
1,9213,75.625083
1,9214,189.358671
1,9215,61.558565
1,9216,121.210820
1,9217,197.600749
1,9218,92.615966
1,9219,164.881597
1,9220,276.856465
1,9221,63.409988
1,9222,146.067600
1,9223,197.492193
1,9224,154.277395
1,9225,129.372127
1,9226,401.126219
1,9227,292.505697
1,9228,62.027604
1,9229,421.208564
1,9230,155.640501
1,9231,104.822191
1,9232,253.522194
1,9233,155.343611
1,9234,461.707793
1,9235,427.503200
1,9236,62.045533
1,9237,76.178408
1,9238,68.245758
1,9239,412.688263
1,9240,62.134672
1,9241,580.381584
1,9242,99.598070
1,9243,403.486219
1,9244,230.823887
1,9245,688.100489
1,9246,85.307682
1,9247,260.965152
1,9248,479.902960
1,9249,176.568853
1,9250,175.079878
1,9251,387.425759
1,9252,285.392397
1,9253,327.559297
1,9254,230.948308
1,9255,292.375620
1,9256,96.723284
1,9257,299.317721
1,9258,121.910031
1,9259,275.654288
1,9260,63.198197
1,9261,279.618323
1,9262,133.804858
1,9263,61.711756
1,9264,176.037666
1,9265,98.176209
1,9266,173.384474
1,9267,290.512733
1,9268,204.333951
1,9269,61.816893
1,9270,144.745252
1,9271,61.851803
1,9272,280.135071
1,9273,59.975440
1,9274,329.909133
1,9275,453.750449
1,9276,167.940132
1,9277,76.302030
1,9278,243.507376
1,9279,282.713564
1,9280,264.421759
1,9281,351.701355
1,9282,122.083552
1,9283,298.167628
1,9284,124.341026
1,9285,104.449553
1,9286,321.340705
1,9287,61.703084
1,9288,375.985089
1,9289,200.936704
1,9290,343.410794
1,9291,61.485515
1,9292,138.932697
1,9293,61.706371
1,9294,302.034715
1,9295,180.263170
1,9296,302.254462
1,9297,866.845970
1,9298,364.792198
1,9299,211.709370
1,9300,83.874624
1,9301,182.853979
1,9302,319.110569
1,9303,437.249944
1,9304,72.725087
1,9305,168.277455
1,9306,64.673688
1,9307,61.888304
1,9308,159.851272
1,9309,97.873696
1,9310,291.740156
1,9311,156.882574
1,9312,379.039879
1,9313,69.742381
1,9314,202.366264
1,9315,274.680098
1,9316,455.770503
1,9317,349.105039
1,9318,165.392613
1,9319,115.099963
1,9320,182.334798
1,9321,243.869750
1,9322,78.944126
1,9323,490.509413
1,9324,257.767613
1,9325,61.751974
1,9326,788.137683
1,9327,181.349653
1,9328,150.876181
1,9329,636.521391
1,9330,362.709433
1,9331,447.132394
1,9332,62.092626
1,9333,419.945783
1,9334,281.869579
1,9335,356.401220
1,9336,101.062975
1,9337,91.987320
1,9338,187.539102
1,9339,399.073963
1,9340,390.336641
1,9341,250.172173
1,9342,174.470271
1,9343,182.705669
1,9344,93.139601
1,9345,178.195037
1,9346,159.741308
1,9347,201.887410
1,9348,75.676326
1,9349,185.758229
1,9350,78.835803
1,9351,165.518539
1,9352,62.006989
1,9353,85.005311
1,9354,287.149174
1,9355,61.806596
1,9356,404.009268
1,9357,111.646065
1,9358,97.073217
1,9359,299.453456
1,9360,131.309352
1,9361,265.234769
1,9362,258.962855
1,9363,176.941484
1,9364,392.299130
1,9365,153.322185
1,9366,175.054588
1,9367,87.569848
1,9368,402.566688
1,9369,414.878931
1,9370,213.707725
1,9371,72.204117
1,9372,206.710912
1,9373,81.879958
1,9374,100.541174
1,9375,142.393328
1,9376,90.841965
1,9377,166.199581
1,9378,161.478008
1,9379,63.119380
1,9380,280.186002
1,9381,197.419077
1,9382,77.773003
1,9383,89.806325
1,9384,102.821959
1,9385,86.834525
1,9386,84.098399
1,9387,63.207630
1,9388,118.633244
1,9389,81.438657
1,9390,211.542313
1,9391,71.171080
1,9392,113.419857
1,9393,61.904433
1,9394,163.108523
1,9395,326.602775
1,9396,109.987022
1,9397,61.837709
1,9398,74.213869
1,9399,83.099020
1,9400,79.986276
1,9401,79.063819
1,9402,60.221329
1,9403,92.940819
1,9404,178.673405
1,9405,241.996364
1,9406,69.422908
1,9407,313.103548
1,9408,145.148360
1,9409,468.238616
1,9410,71.668221
1,9411,673.399780
1,9412,100.013715
1,9413,603.825569
1,9414,78.513982
1,9415,101.406107
1,9416,81.912404
1,9417,590.448473
1,9418,152.623489
1,9419,71.038602
1,9420,394.422223
1,9421,92.826898
1,9422,337.891020
1,9423,64.907352
1,9424,231.403824
